code,name_uz,name_ru,name_en,name_uz_cyrillic,period,year,value
1700,O‘zbekiston Respublikasi,Республика Узбекистан,Republic of Uzbekistan,Ўзбекистон Республикаси,2010,2010,12.9
1735,Qoraqalpog‘iston Respublikasi,Республика Каракалпакстан,Republic of Karakalpakstan,Қорақалпоғистон Республикаси,2010,2010,0.0
1735401,Nukus shahri,Город Нукус,Nukus city,Нукус шаҳри,2010,2010,0.0
1735204,Amudaryo tumani,Амударьинский район,Amudarya district,Aмударё тумани,2010,2010,0.0
1735207,Beruniy tumani,Берунийский район,Beruniy district,Беруний тумани,2010,2010,0.0
1735209,Bo‘zatov tumani,Бозатауский район,Bozatau district,Бўзатов тумани,2010,2010,0.0
1735211,Qorao‘zak tumani,Караузякский район,Karauzak district,Қораўзак тумани,2010,2010,0.0
1735212,Kegeyli tumani,Кегейлийский район,Kegeyli district,Кегейли тумани,2010,2010,0.0
1735215,Qo‘ng‘irot tumani,Кунградский район,Kungrad district,Қўнғирот тумани,2010,2010,0.0
1735218,Qanliko‘l tumani,Канлыкульский район,Kanlykul district,Қанликўл тумани,2010,2010,0.0
1735222,Mo‘ynoq tumani,Муйнакский район,Muynak district,Мўйноқ тумани,2010,2010,0.0
1735225,Nukus tumani,Нукусский район,Nukus district,Нукус тумани,2010,2010,0.0
1735228,Taxiatosh tumani,Тахиаташский район,Takhiatash district,Тахиатош тумани,2010,2010,0.0
1735230,Taxtako‘pir tumani,Тахтакупырский район,Takhtakupyr district,Тахтакўпир тумани,2010,2010,0.0
1735233,To‘rtko‘l tumani,Турткульский район,Turtkul district,Тўрткўл тумани,2010,2010,0.0
1735236,Xo‘jayli tumani,Ходжейлийский район,Khojeyli district,Хўжайли тумани,2010,2010,0.0
1735240,Chimboy tumani,Чимбайский район,Chimbay district,Чимбой тумани,2010,2010,0.0
1735243,Shumanay tumani,Шуманайский район,Shumanai district,Шуманай тумани,2010,2010,0.0
1735250,Ellikkala tumani,Элликкалинский район,Ellikkala district,Елликкала тумани,2010,2010,0.0
1703,Andijon viloyati,Андижанская область,Andijan region,Aндижон вилояти,2010,2010,0.0
1703401,Andijon shahri,Город Андижан,Andijan city,Aндижон шаҳри,2010,2010,0.0
1703408,Xonobod shahri,Город Ханабад,Khanabadcity,Хонобод шаҳри,2010,2010,0.0
1703202,Oltinko‘l tumani,Алтынкульский район,Altynkul district,Олтинкўл тумани,2010,2010,0.0
1703203,Andijon tumani,Андижанский район,Andijan district,Aндижон тумани,2010,2010,0.0
1703206,Baliqchi tumani,Балыкчинский район,Balykchi district,Балиқчи тумани,2010,2010,0.0
1703209,Bo‘ston tumani,Бустонский район,Bustan district,Бўстон тумани,2010,2010,0.0
1703210,Buloqboshi tumani,Булакбашинский район,Bulakbashi district,Булоқбоши тумани,2010,2010,0.0
1703211,Jalaquduq tumani,Жалакудукский район,Jalаquduk district,Жалақудуқ тумани,2010,2010,0.0
1703214,Izboskan tumani,Избасканский район,Izbaskan district,Избоскан тумани,2010,2010,0.0
1703217,Ulug‘nor tumani,Улугноpский район,Ulugnor district,Улуғнор тумани,2010,2010,0.0
1703220,Qo‘rg‘ontepa tumani,Кургантепинский район,Kurgantepa district,Қўрғонтепа тумани,2010,2010,0.0
1703224,Asaka tumani,Асакинский район,Asaka district,Aсака тумани,2010,2010,0.0
1703227,Marxamat tumani,Мархаматский район,Markhamat district,Мархамат тумани,2010,2010,0.0
1703230,Shaxrixon tumani,Шахриханский район,Shakhrikhan district,Шахрихон тумани,2010,2010,0.0
1703232,Paxtaobod tumani,Пахтаабадский район,Pakhtaabad district,Пахтаобод тумани,2010,2010,0.0
1703236,Xo‘jaobod tumani,Ходжаабадский район,Khojaabad district,Хўжаобод тумани,2010,2010,0.0
1706,Buxoro viloyati,Бухарская область,Bukhara region,Бухоро вилояти,2010,2010,0.0
1706401,Buxoro shahri,Город Бухара,Bukhara city,Бухоро шаҳри,2010,2010,0.0
1706403,Kogon shahri,Город Каган,Kagan city,Когон шаҳри,2010,2010,0.0
1706204,Olot tumani,Алатский район,Alat district,Олот тумани,2010,2010,0.0
1706207,Buxoro tumani,Бухарский район,Bukhara district,Бухоро тумани,2010,2010,0.0
1706212,Vobkent tumani,Вабкентский район,Vobkent district,Вобкент тумани,2010,2010,0.0
1706215,G‘ijduvon tumani,Гиждуванский район,Gijduvan district,Ғиждувон тумани,2010,2010,0.0
1706219,Kogon tumani,Каганский район,Kagan district,Когон тумани,2010,2010,0.0
1706230,Qorako‘l tumani,Каракульский район,Karakul district,Қоракўл тумани,2010,2010,0.0
1706232,Qorovulbozor tumani,Караулбазарский район,Qorovulbozor district,Қоровулбозор тумани,2010,2010,0.0
1706240,Peshku tumani,Пешкунский район,Peshkun district,Пешку тумани,2010,2010,0.0
1706242,Romitan tumani,Ромитанский район,Romitan district,Ромитан тумани,2010,2010,0.0
1706246,Jondor tumani,Жондоpский район,Jondor district,Жондор тумани,2010,2010,0.0
1706258,Shofirkon tumani,Шафирканский район,Shafirkan district,Шофиркон тумани,2010,2010,0.0
1708,Jizzax viloyati,Джизакская область,Jizzakh region,Жиззах вилояти,2010,2010,0.3
1708401,Jizzax shahri,Город Джизак,Jizzakh city,Жиззах шаҳри,2010,2010,0.0
1708201,Arnasoy tumani,Арнасайский район,Arnasay district,Aрнасой тумани,2010,2010,0.0
1708204,Baxmal tumani,Бахмальский район,Bakhmal district,Бахмал тумани,2010,2010,0.3
1708209,G‘allaorol tumani,Галляаральский район,Gallaaral district,Ғаллаорол тумани,2010,2010,0.0
1708212,Sharof Rashidov tumani,Шароф-Рашидовский район,Sharof Rashidov district,Шароф Рашидов тумани,2010,2010,0.0
1708215,Do‘stlik tumani,Дустликский район,Dustlik district,Дўстлик тумани,2010,2010,0.0
1708218,Zomin tumani,Зааминский район,Zomin district,Зомин тумани,2010,2010,0.0
1708220,Zarbdor tumani,Зарбдарский район,Zarbdar district,Зарбдор тумани,2010,2010,0.0
1708223,Mirzacho‘l tumani,Мирзачульский район,Mirzachul district,Мирзачўл тумани,2010,2010,0.0
1708225,Zafarobod tumani,Зафарабадский район,Zafarabad district,Зафаробод тумани,2010,2010,0.0
1708228,Paxtakor tumani,Пахтакорский район,Pakhtakor district,Пахтакор тумани,2010,2010,0.0
1708235,Forish tumani,Фаришский район,Farish district,Фориш тумани,2010,2010,0.0
1708237,Yangiobod tumani,Янгиободский район,Yangiabad district,Янгиобод тумани,2010,2010,0.0
1710,Qashqadaryo viloyati,Кашкадарьинская область,Kashkadarya region,Қашқадарё вилояти,2010,2010,0.7
1710401,Qarshi shahri,Город Карши,Karshi city,Қарши шаҳри,2010,2010,0.0
1710405,Shahrisabz shahri,Город Шахрисабз,Shakhrisabz city,Шаҳрисабз шаҳри,2010,2010,0.0
1710240,Ko‘kdala tumani,Кукдалинский район,Kukdala district,Кўкдала тумани,2010,2010,0.0
1710207,G‘uzor tumani,Гузарский район,Gissar district,Ғузор тумани,2010,2010,0.0
1710212,Dehqonobod tumani,Дехканабадский район,Dehkanabad district,Деҳқонобод тумани,2010,2010,0.0
1710220,Qamashi tumani,Камашинский район,Kamashi district,Қамаши тумани,2010,2010,0.0
1710224,Qarshi tumani,Каршинский район,Karshi district,Қарши тумани,2010,2010,0.0
1710229,Koson tumani,Касанский район,Kasan district,Косон тумани,2010,2010,0.0
1710232,Kitob tumani,Китабский район,Kitab district,Китоб тумани,2010,2010,0.0
1710233,Mirishkor tumani,Миришкорский район,Mirishkor district,Миришкор тумани,2010,2010,0.0
1710234,Muborak tumani,Мубарекский район,Mubarek district,Муборак тумани,2010,2010,0.0
1710235,Nishon tumani,Нишанский район,Nishon district,Нишон тумани,2010,2010,0.0
1710237,Kasbi tumani,Касбинский район,Kasbi district,Касби тумани,2010,2010,0.0
1710242,Chiroqchi tumani,Чиракчинский район,Chirakchi district,Чироқчи тумани,2010,2010,0.4
1710245,Shahrisabz tumani,Шахрисабзский район,Shakhrisabz district,Шаҳрисабз тумани,2010,2010,0.3
1710250,Yakkabog‘ tumani,Яккабагский район,Yakkabag district,Яккабоғ тумани,2010,2010,0.0
1712,Navoiy viloyati,Навоийская область,Navoi region,Навоий вилояти,2010,2010,0.0
1712401,Navoiy shahri,Город Навои,Navoi city,Навоий шаҳри,2010,2010,0.0
1712408,Zarafshon shahri,Город Заpафшан,Zarafshan city,Зарафшон шаҳри,2010,2010,0.0
1712412,G‘ozg‘on shahri,Город Газган,Gazgan city,Ғозғон шаҳри,2010,2010,0.0
1712211,Konimex tumani,Канимехский район,Kanimekh district,Конимех тумани,2010,2010,0.0
1712216,Qiziltepa tumani,Кызылтепинский район,Kyzyltepa district,Қизилтепа тумани,2010,2010,0.0
1712230,Navbahor tumani,Навбахорский район,Navbahor district,Навбаҳор тумани,2010,2010,0.0
1712234,Karmana tumani,Карманинский район,Karmana district,Кармана тумани,2010,2010,0.0
1712238,Nurota tumani,Нуратинский район,Nurota district,Нурота тумани,2010,2010,0.0
1712244,Tomdi tumani,Тамдынский район,Tomdy district,Томди тумани,2010,2010,0.0
1712248,Uchquduq tumani,Учкудукский район,Uchkuduk district,Учқудуқ тумани,2010,2010,0.0
1712251,Xatirchi tumani,Хатырчинский район,Khatyrchi district,Хатирчи тумани,2010,2010,0.0
1714,Namangan viloyati,Наманганская область,Namangan region,Наманган вилояти,2010,2010,11.0
1714401,Namangan shahri,Город Наманган,Namangan city,Наманган шаҳри,2010,2010,11.0
1714204,Mingbuloq tumani,Мингбулакский район,Mingbulak district,Мингбулоқ тумани,2010,2010,0.0
1714207,Kosonsoy tumani,Касансайский район,Kasansay district,Косонсой тумани,2010,2010,0.0
1714212,Namangan tumani,Наманганский район,Namangan district,Наманган тумани,2010,2010,0.0
1714216,Norin tumani,Нарынский район,Naryn district,Норин тумани,2010,2010,0.0
1714219,Pop tumani,Папский район,Pop district,Поп тумани,2010,2010,0.0
1714224,To‘raqo‘rg‘on tumani,Туракурганский район,Turakurgan district,Тўрақўрғон тумани,2010,2010,0.0
1714229,Uychi tumani,Уйчинский район,Uychi district,Уйчи тумани,2010,2010,0.0
1714234,Uchqo‘rg‘on tumani,Учкурганский район,Uchkurgan district,Учқўрғон тумани,2010,2010,0.0
1714236,Chortoq tumani,Чартакский район,Chartak district,Чортоқ тумани,2010,2010,0.0
1714237,Chust tumani,Чустский район,Chust district,Чуст тумани,2010,2010,0.0
1714242,Yangiqo‘rg‘on tumani,Янгикурганский район,Yangikurgan district,Янгиқўрғон тумани,2010,2010,0.0
1718,Samarqand viloyati,Самаркандская область,Samarkand region,Самарқанд вилояти,2010,2010,0.0
1718401,Samarqand shahri,Город Самарканд,Samarkand city,Самарқанд шаҳри,2010,2010,0.0
1718406,Kattaqo'rg'on shahar,Город Каттакурган,Kattaqo'rg'on city,Каттақўрғон шаҳар,2010,2010,0.0
1718203,Oqdaryo tumani,Акдарьинский район,Akdarya district,Оқдарё тумани,2010,2010,0.0
1718206,Bulung‘ur tumani,Булунгурский район,Bulungur district,Булунғур тумани,2010,2010,0.0
1718209,Jomboy tumani,Джамбайский район,Jomboy district,Жомбой тумани,2010,2010,0.0
1718212,Ishtixon tumani,Иштыханский район,Ishtykhan district,Иштихон тумани,2010,2010,0.0
1718215,Kattaqo‘rg‘on tumani,Каттакурганский район,Kattakurgan district,Каттақўрғон тумани,2010,2010,0.0
1718216,Qo‘shrabot tumani,Кошрабадский район,Koshrabad district,Қўшработ тумани,2010,2010,0.0
1718218,Narpay tumani,Нарпайский район,Narpai district,Нарпай тумани,2010,2010,0.0
1718224,Payariq tumani,Пайарыкский район,Payaryk district,Паяриқ тумани,2010,2010,0.0
1718227,Pastdarg‘om tumani,Пастдаргомский район,Pastdargom district,Пастдарғом тумани,2010,2010,0.0
1718230,Paxtachi tumani,Пахтачийский район,Pakhtachi district,Пахтачи тумани,2010,2010,0.0
1718233,Samarqand tumani,Самаркандский район,Samarkand district,Самарқанд тумани,2010,2010,0.0
1718235,Nurobod tumani,Нурабадский район,Nurabad district,Нуробод тумани,2010,2010,0.0
1718236,Urgut tumani,Ургутский район,Urgut district,Ургут тумани,2010,2010,0.0
1718238,Tayloq tumani,Тайлякский район,Tailak district,Тайлоқ тумани,2010,2010,0.0
1722,Surxondaryo viloyati,Сурхандарьинская область,Surkhandarya region,Сурхондарё вилояти,2010,2010,0.6
1722401,Termiz shahri,Город Термез,Termiz city,Термиз шаҳри,2010,2010,0.0
1722201,Oltinsoy tumani,Алтынсайский район,Altynsay district,Олтинсой тумани,2010,2010,0.0
1722202,Angor tumani,Ангорский район,Angor district,Aнгор тумани,2010,2010,0.0
1722203,Bandixon tumani,Бандихонский район,Bandykhan district,Бандихон тумани,2010,2010,0.0
1722204,Boysun tumani,Байсунский район,Baysun district,Бойсун тумани,2010,2010,0.0
1722207,Muzrabot tumani,Музрабадский район,Muzrabad district,Музработ тумани,2010,2010,0.0
1722210,Denov tumani,Денауский район,Denau district,Денов тумани,2010,2010,0.3
1722212,Jarqo‘rg‘on tumani,Джаркурганский район,Jarkurgan district,Жарқўрғон тумани,2010,2010,0.3
1722214,Qumqo‘rg‘on tumani,Кумкурганский район,Kumkurgan district,Қумқўрғон тумани,2010,2010,0.0
1722215,Qiziriq tumani,Кизирикский район,Kizirik district,Қизириқ тумани,2010,2010,0.0
1722217,Sariosiyo tumani,Сариасийский район,Sariosia district,Сариосиё тумани,2010,2010,0.0
1722220,Termiz tumani,Термезский район,Termiz district,Термиз тумани,2010,2010,0.0
1722221,Uzun tumani,Узунский район,Uzun district,Узун тумани,2010,2010,0.0
1722223,Sherobod tumani,Шерабадский район,Sherabad district,Шеробод тумани,2010,2010,0.0
1722226,Sho‘rchi tumani,Шурчинский район,Shurchi district,Шўрчи тумани,2010,2010,0.0
1724,Sirdaryo viloyati,Сырдарьинская область,Syrdarya region,Сирдарё вилояти,2010,2010,0.0
1724401,Guliston shahri,Город Гулистан,Gulistan city,Гулистон шаҳри,2010,2010,0.0
1724410,Shirin shahri,Город Ширин,Shirin city,Ширин шаҳри,2010,2010,0.0
1724413,Yangiyer shahri,Город Янгиер,Yangier city,Янгийер шаҳри,2010,2010,0.0
1724206,Oqoltin tumani,Акалтынский район,Akaltyn district,Оқолтин тумани,2010,2010,0.0
1724212,Boyovut tumani,Баяутский район,Bayaut district,Боёвут тумани,2010,2010,0.0
1724216,Sayxunobod tumani,Сайхунабадский район,Saykhunabad district,Сайхунобод тумани,2010,2010,0.0
1724220,Guliston tumani,Гулистанский район,Gulistan district,Гулистон тумани,2010,2010,0.0
1724226,Sardoba tumani,Сардобский район,Sardoba district,Сардоба тумани,2010,2010,0.0
1724228,Mirzaobod tumani,Мирзаабадский район,Mirzaabad district,Мирзаобод тумани,2010,2010,0.0
1724231,Sirdaryo tumani,Сырдарьинский район,Syrdarya district,Сирдарё тумани,2010,2010,0.0
1724235,Xovos tumani,Хавасский район,Khovos district,Ховос тумани,2010,2010,0.0
1727,Toshkent viloyati,Ташкентская область,Tashkent region,Тошкент вилояти,2010,2010,0.3
1727401,Nurafshon shahri,Город Нурафшон,Nurafshan city,Нурафшон шаҳри,2010,2010,0.0
1727404,Olmaliq shahri,Город Алмалык,Almalyk city,Олмалиқ шаҳри,2010,2010,0.0
1727407,Angren shahri,Город Ангрен,Angren city,Aнгрен шаҳри,2010,2010,0.0
1727413,Bekobod shahri,Город Бекабад,Bekabad city,Бекобод шаҳри,2010,2010,0.0
1727419,Chirchiq shahri,Город Чиpчик,Chirchik city,Чирчиқ шаҳри,2010,2010,0.0
1727415,Ohangaron shahri,Город Ахангаран,Akhangaran city,Оҳангарон шаҳри,2010,2010,0.0
1727424,Yangiyo‘lshahri,Город Янгиюль,Yangiyul city,Янгийўлшаҳри,2010,2010,0.0
1727206,Oqqo‘rg‘on tumani,Аккурганский район,Akkurgan district,Оққўрғон тумани,2010,2010,0.0
1727212,Ohangaron tumani,Ахангаранский район,Akhangaran district,Оҳангарон тумани,2010,2010,0.0
1727220,Bekobod tumani,Бекабадский район,Bekabad district,Бекобод тумани,2010,2010,0.0
1727224,Bo‘stonliq tumani,Бостанлыкский район,Bostanlyk district,Бўстонлиқ тумани,2010,2010,0.0
1727228,Bo‘ka tumani,Букинский район,Buka district,Бўка тумани,2010,2010,0.0
1727233,Quyichirchiq tumani,Куйичирчикский район,Kuyichirchik district,Қуйичирчиқ тумани,2010,2010,0.0
1727237,Zangiota tumani,Зангиатинский район,Zangiata district,Зангиота тумани,2010,2010,0.0
1727239,Yuqorichirchiq tumani,Юкоричирчикский район,Yukorichirchik district,Юқоричирчиқ тумани,2010,2010,0.0
1727248,Qibray tumani,Кибрайский район,Kibray district,Қибрай тумани,2010,2010,0.0
1727249,Parkent tumani,Паркентский район,Parkent district,Паркент тумани,2010,2010,0.3
1727250,Piskent tumani,Пскентский район,Piskent district,Пискент тумани,2010,2010,0.0
1727253,O‘rtachirchiq tumani,Уртачирчикский район,Urtachirchik district,Ўртачирчиқ тумани,2010,2010,0.0
1727256,Chinoz tumani,Чиназский район,Chinaz district,Чиноз тумани,2010,2010,0.0
1727259,Yangiyo‘l tumani,Янгиюльский район,Yangiyul district,Янгийўл тумани,2010,2010,0.0
1727265,Toshkent tumani,Ташкентский район,Tashkent district,Тошкент тумани,2010,2010,0.0
1730,Farg‘ona viloyati,Ферганская область,Fergana region,Фарғона вилояти,2010,2010,0.0
1730401,Farg‘ona shahri,Город Фергана,Fergana city,Фарғона шаҳри,2010,2010,0.0
1730405,Qo‘qon shahri,Город Коканд,Kokand city,Қўқон шаҳри,2010,2010,0.0
1730408,Quvasoy shahri,Город Кувасай,Kuvasay city,Қувасой шаҳри,2010,2010,0.0
1730412,Marg‘ilon shahri,Город Маpгилан,Margilan city,Марғилон шаҳри,2010,2010,0.0
1730203,Oltiariq tumani,Алтыарыкский район,Altyaryk district,Олтиариқ тумани,2010,2010,0.0
1730206,Qo‘shtepa tumani,Куштепинский район,Kushtepa district,Қўштепа тумани,2010,2010,0.0
1730209,Bog‘dod tumani,Багдадский район,Baghdad district,Боғдод тумани,2010,2010,0.0
1730212,Buvayda tumani,Бувайдинский район,Buvayda district,Бувайда тумани,2010,2010,0.0
1730215,Beshariq tumani,Бешарыкский район,Besharik district,Бешариқ тумани,2010,2010,0.0
1730218,Quva tumani,Кувинский район,Kuva district,Қува тумани,2010,2010,0.0
1730221,Uchko‘prik tumani,Учкуприкский район,Uchkuprik district,Учкўприк тумани,2010,2010,0.0
1730224,Rishton tumani,Риштанский район,Rishtan district,Риштон тумани,2010,2010,0.0
1730226,So‘x tumani,Сохский район,Sokh district,Сўх тумани,2010,2010,0.0
1730227,Toshloq tumani,Ташлакский район,Tashlak district,Тошлоқ тумани,2010,2010,0.0
1730230,O‘zbekiston tumani,Узбекистанский район,Uzbekistan district,Ўзбекистон тумани,2010,2010,0.0
1730233,Farg‘ona tumani,Ферганский район,Fergana district,Фарғона тумани,2010,2010,0.0
1730236,Dang‘ara tumani,Дангаринский район,Dangara district,Данғара тумани,2010,2010,0.0
1730238,Furqat tumani,Фуркатский район,Furkat district,Фурқат тумани,2010,2010,0.0
1730242,Yozyovon tumani,Язъяванский район,Yazyavan district,Ёзёвон тумани,2010,2010,0.0
1733,Xorazm viloyati,Хорезмская область,Khorezm region,Хоразм вилояти,2010,2010,0.0
1733401,Urganch shahri,Город Ургенч,Urgench city,Урганч шаҳри,2010,2010,0.0
1733406,Xiva shahri,Город Хива,Khiva city,Хива шаҳри,2010,2010,0.0
1733204,Bog‘ot tumani,Багатский район,Bagat district,Боғот тумани,2010,2010,0.0
1733208,Gurlan tumani,Гурленский район,Gurlan district,Гурлан тумани,2010,2010,0.0
1733212,Qo‘shko‘pir tumani,Кошкупырский район,Kushkupyr district,Қўшкўпир тумани,2010,2010,0.0
1733217,Urganch tumani,Ургенчский район,Urgench district,Урганч тумани,2010,2010,0.0
1733220,Xazorasp tumani,Хазараспский район,Khazarasp district,Хазорасп тумани,2010,2010,0.0
1733221,Tuproqqal’a tumani,Тупроккалинский район,Tuprakkala district,Тупроққалъа тумани,2010,2010,0.0
1733223,Xonqa tumani,Ханкинский район,Khanka district,Хонқа тумани,2010,2010,0.0
1733226,Xiva tumani,Хивинский район,Khiva district,Хива тумани,2010,2010,0.0
1733230,Shovot tumani,Шаватский район,Shavat district,Шовот тумани,2010,2010,0.0
1733233,Yangiariq tumani,Янгиарыкский район,Yangiaryk district,Янгиариқ тумани,2010,2010,0.0
1733236,Yangibozor tumani,Янгибазарский район,Yangibazar district,Янгибозор тумани,2010,2010,0.0
1726,Toshkent shahri,город Ташкент,Tashkent city,Тошкент шаҳри,2010,2010,0.0
1726262,Uchtepa tumani,Учтепинский район,Uchtepa district,Учтепа тумани,2010,2010,0.0
1726264,Bektemir tumani,Бектемирский район,Bektemir district,Бектемир тумани,2010,2010,0.0
1726266,Yunusobod tumani,Юнусабадский район,Yunusabad district,Юнусобод тумани,2010,2010,0.0
1726269,Mirzo Ulug‘bek tumani,Мирзо Улугбекский район,Mirzo Ulugbek district,Мирзо Улуғбек тумани,2010,2010,0.0
1726273,Mirobod tumani,Мирабадский район,Mirabad district,Миробод тумани,2010,2010,0.0
1726277,Shayxontoxur tumani,Шайхантахурский район,Shaykhantakhur district,Шайхонтохур тумани,2010,2010,0.0
1726280,Olmazor tumani,Алмазарский район,Almazar district,Олмазор тумани,2010,2010,0.0
1726283,Sirg‘ali tumani,Сергелийский район,Sergeli district,Сирғали тумани,2010,2010,0.0
1726287,Yakkasaroy tumani,Яккасарайский район,Yakkasaray district,Яккасарой тумани,2010,2010,0.0
1726290,Yashnobod tumani,Яшнободский район,Yashnabad district,Яшнобод тумани,2010,2010,0.0
1726292,Yangihayot tumani,Янгихаётский район,Yangikhayot district,Янгиҳаёт тумани,2010,2010,0.0
1726294,Chilonzor tumani,Чиланзарский район,Chilanzar district,Чилонзор тумани,2010,2010,0.0
1700,O‘zbekiston Respublikasi,Республика Узбекистан,Republic of Uzbekistan,Ўзбекистон Республикаси,2011,2011,46.9
1735,Qoraqalpog‘iston Respublikasi,Республика Каракалпакстан,Republic of Karakalpakstan,Қорақалпоғистон Республикаси,2011,2011,2.8
1735401,Nukus shahri,Город Нукус,Nukus city,Нукус шаҳри,2011,2011,1.0
1735204,Amudaryo tumani,Амударьинский район,Amudarya district,Aмударё тумани,2011,2011,0.8
1735207,Beruniy tumani,Берунийский район,Beruniy district,Беруний тумани,2011,2011,0.1
1735209,Bo‘zatov tumani,Бозатауский район,Bozatau district,Бўзатов тумани,2011,2011,0.0
1735211,Qorao‘zak tumani,Караузякский район,Karauzak district,Қораўзак тумани,2011,2011,0.0
1735212,Kegeyli tumani,Кегейлийский район,Kegeyli district,Кегейли тумани,2011,2011,0.1
1735215,Qo‘ng‘irot tumani,Кунградский район,Kungrad district,Қўнғирот тумани,2011,2011,0.0
1735218,Qanliko‘l tumani,Канлыкульский район,Kanlykul district,Қанликўл тумани,2011,2011,0.0
1735222,Mo‘ynoq tumani,Муйнакский район,Muynak district,Мўйноқ тумани,2011,2011,0.0
1735225,Nukus tumani,Нукусский район,Nukus district,Нукус тумани,2011,2011,0.0
1735228,Taxiatosh tumani,Тахиаташский район,Takhiatash district,Тахиатош тумани,2011,2011,0.0
1735230,Taxtako‘pir tumani,Тахтакупырский район,Takhtakupyr district,Тахтакўпир тумани,2011,2011,0.0
1735233,To‘rtko‘l tumani,Турткульский район,Turtkul district,Тўрткўл тумани,2011,2011,0.1
1735236,Xo‘jayli tumani,Ходжейлийский район,Khojeyli district,Хўжайли тумани,2011,2011,0.5
1735240,Chimboy tumani,Чимбайский район,Chimbay district,Чимбой тумани,2011,2011,0.1
1735243,Shumanay tumani,Шуманайский район,Shumanai district,Шуманай тумани,2011,2011,0.0
1735250,Ellikkala tumani,Элликкалинский район,Ellikkala district,Елликкала тумани,2011,2011,0.0
1703,Andijon viloyati,Андижанская область,Andijan region,Aндижон вилояти,2011,2011,4.2
1703401,Andijon shahri,Город Андижан,Andijan city,Aндижон шаҳри,2011,2011,0.0
1703408,Xonobod shahri,Город Ханабад,Khanabadcity,Хонобод шаҳри,2011,2011,0.0
1703202,Oltinko‘l tumani,Алтынкульский район,Altynkul district,Олтинкўл тумани,2011,2011,0.8
1703203,Andijon tumani,Андижанский район,Andijan district,Aндижон тумани,2011,2011,0.0
1703206,Baliqchi tumani,Балыкчинский район,Balykchi district,Балиқчи тумани,2011,2011,0.3
1703209,Bo‘ston tumani,Бустонский район,Bustan district,Бўстон тумани,2011,2011,0.0
1703210,Buloqboshi tumani,Булакбашинский район,Bulakbashi district,Булоқбоши тумани,2011,2011,0.3
1703211,Jalaquduq tumani,Жалакудукский район,Jalаquduk district,Жалақудуқ тумани,2011,2011,0.3
1703214,Izboskan tumani,Избасканский район,Izbaskan district,Избоскан тумани,2011,2011,0.3
1703217,Ulug‘nor tumani,Улугноpский район,Ulugnor district,Улуғнор тумани,2011,2011,0.0
1703220,Qo‘rg‘ontepa tumani,Кургантепинский район,Kurgantepa district,Қўрғонтепа тумани,2011,2011,0.2
1703224,Asaka tumani,Асакинский район,Asaka district,Aсака тумани,2011,2011,0.7
1703227,Marxamat tumani,Мархаматский район,Markhamat district,Мархамат тумани,2011,2011,0.0
1703230,Shaxrixon tumani,Шахриханский район,Shakhrikhan district,Шахрихон тумани,2011,2011,0.5
1703232,Paxtaobod tumani,Пахтаабадский район,Pakhtaabad district,Пахтаобод тумани,2011,2011,0.4
1703236,Xo‘jaobod tumani,Ходжаабадский район,Khojaabad district,Хўжаобод тумани,2011,2011,0.3
1706,Buxoro viloyati,Бухарская область,Bukhara region,Бухоро вилояти,2011,2011,3.1
1706401,Buxoro shahri,Город Бухара,Bukhara city,Бухоро шаҳри,2011,2011,0.0
1706403,Kogon shahri,Город Каган,Kagan city,Когон шаҳри,2011,2011,0.0
1706204,Olot tumani,Алатский район,Alat district,Олот тумани,2011,2011,0.0
1706207,Buxoro tumani,Бухарский район,Bukhara district,Бухоро тумани,2011,2011,0.2
1706212,Vobkent tumani,Вабкентский район,Vobkent district,Вобкент тумани,2011,2011,0.1
1706215,G‘ijduvon tumani,Гиждуванский район,Gijduvan district,Ғиждувон тумани,2011,2011,0.4
1706219,Kogon tumani,Каганский район,Kagan district,Когон тумани,2011,2011,0.4
1706230,Qorako‘l tumani,Каракульский район,Karakul district,Қоракўл тумани,2011,2011,0.4
1706232,Qorovulbozor tumani,Караулбазарский район,Qorovulbozor district,Қоровулбозор тумани,2011,2011,0.0
1706240,Peshku tumani,Пешкунский район,Peshkun district,Пешку тумани,2011,2011,0.4
1706242,Romitan tumani,Ромитанский район,Romitan district,Ромитан тумани,2011,2011,0.2
1706246,Jondor tumani,Жондоpский район,Jondor district,Жондор тумани,2011,2011,0.3
1706258,Shofirkon tumani,Шафирканский район,Shafirkan district,Шофиркон тумани,2011,2011,0.7
1708,Jizzax viloyati,Джизакская область,Jizzakh region,Жиззах вилояти,2011,2011,1.3
1708401,Jizzax shahri,Город Джизак,Jizzakh city,Жиззах шаҳри,2011,2011,0.0
1708201,Arnasoy tumani,Арнасайский район,Arnasay district,Aрнасой тумани,2011,2011,0.0
1708204,Baxmal tumani,Бахмальский район,Bakhmal district,Бахмал тумани,2011,2011,0.2
1708209,G‘allaorol tumani,Галляаральский район,Gallaaral district,Ғаллаорол тумани,2011,2011,0.2
1708212,Sharof Rashidov tumani,Шароф-Рашидовский район,Sharof Rashidov district,Шароф Рашидов тумани,2011,2011,0.4
1708215,Do‘stlik tumani,Дустликский район,Dustlik district,Дўстлик тумани,2011,2011,0.1
1708218,Zomin tumani,Зааминский район,Zomin district,Зомин тумани,2011,2011,0.0
1708220,Zarbdor tumani,Зарбдарский район,Zarbdar district,Зарбдор тумани,2011,2011,0.2
1708223,Mirzacho‘l tumani,Мирзачульский район,Mirzachul district,Мирзачўл тумани,2011,2011,0.0
1708225,Zafarobod tumani,Зафарабадский район,Zafarabad district,Зафаробод тумани,2011,2011,0.0
1708228,Paxtakor tumani,Пахтакорский район,Pakhtakor district,Пахтакор тумани,2011,2011,0.0
1708235,Forish tumani,Фаришский район,Farish district,Фориш тумани,2011,2011,0.1
1708237,Yangiobod tumani,Янгиободский район,Yangiabad district,Янгиобод тумани,2011,2011,0.1
1710,Qashqadaryo viloyati,Кашкадарьинская область,Kashkadarya region,Қашқадарё вилояти,2011,2011,6.2
1710401,Qarshi shahri,Город Карши,Karshi city,Қарши шаҳри,2011,2011,0.7
1710405,Shahrisabz shahri,Город Шахрисабз,Shakhrisabz city,Шаҳрисабз шаҳри,2011,2011,0.0
1710240,Ko‘kdala tumani,Кукдалинский район,Kukdala district,Кўкдала тумани,2011,2011,0.0
1710207,G‘uzor tumani,Гузарский район,Gissar district,Ғузор тумани,2011,2011,0.0
1710212,Dehqonobod tumani,Дехканабадский район,Dehkanabad district,Деҳқонобод тумани,2011,2011,0.8
1710220,Qamashi tumani,Камашинский район,Kamashi district,Қамаши тумани,2011,2011,0.1
1710224,Qarshi tumani,Каршинский район,Karshi district,Қарши тумани,2011,2011,0.5
1710229,Koson tumani,Касанский район,Kasan district,Косон тумани,2011,2011,0.8
1710232,Kitob tumani,Китабский район,Kitab district,Китоб тумани,2011,2011,1.0
1710233,Mirishkor tumani,Миришкорский район,Mirishkor district,Миришкор тумани,2011,2011,0.0
1710234,Muborak tumani,Мубарекский район,Mubarek district,Муборак тумани,2011,2011,0.0
1710235,Nishon tumani,Нишанский район,Nishon district,Нишон тумани,2011,2011,0.0
1710237,Kasbi tumani,Касбинский район,Kasbi district,Касби тумани,2011,2011,0.0
1710242,Chiroqchi tumani,Чиракчинский район,Chirakchi district,Чироқчи тумани,2011,2011,1.6
1710245,Shahrisabz tumani,Шахрисабзский район,Shakhrisabz district,Шаҳрисабз тумани,2011,2011,0.5
1710250,Yakkabog‘ tumani,Яккабагский район,Yakkabag district,Яккабоғ тумани,2011,2011,0.3
1712,Navoiy viloyati,Навоийская область,Navoi region,Навоий вилояти,2011,2011,2.3
1712401,Navoiy shahri,Город Навои,Navoi city,Навоий шаҳри,2011,2011,0.8
1712408,Zarafshon shahri,Город Заpафшан,Zarafshan city,Зарафшон шаҳри,2011,2011,0.0
1712412,G‘ozg‘on shahri,Город Газган,Gazgan city,Ғозғон шаҳри,2011,2011,0.0
1712211,Konimex tumani,Канимехский район,Kanimekh district,Конимех тумани,2011,2011,0.0
1712216,Qiziltepa tumani,Кызылтепинский район,Kyzyltepa district,Қизилтепа тумани,2011,2011,0.0
1712230,Navbahor tumani,Навбахорский район,Navbahor district,Навбаҳор тумани,2011,2011,0.2
1712234,Karmana tumani,Карманинский район,Karmana district,Кармана тумани,2011,2011,0.2
1712238,Nurota tumani,Нуратинский район,Nurota district,Нурота тумани,2011,2011,1.0
1712244,Tomdi tumani,Тамдынский район,Tomdy district,Томди тумани,2011,2011,0.0
1712248,Uchquduq tumani,Учкудукский район,Uchkuduk district,Учқудуқ тумани,2011,2011,0.0
1712251,Xatirchi tumani,Хатырчинский район,Khatyrchi district,Хатирчи тумани,2011,2011,0.1
1714,Namangan viloyati,Наманганская область,Namangan region,Наманган вилояти,2011,2011,3.5
1714401,Namangan shahri,Город Наманган,Namangan city,Наманган шаҳри,2011,2011,1.3
1714204,Mingbuloq tumani,Мингбулакский район,Mingbulak district,Мингбулоқ тумани,2011,2011,0.2
1714207,Kosonsoy tumani,Касансайский район,Kasansay district,Косонсой тумани,2011,2011,0.0
1714212,Namangan tumani,Наманганский район,Namangan district,Наманган тумани,2011,2011,0.1
1714216,Norin tumani,Нарынский район,Naryn district,Норин тумани,2011,2011,0.4
1714219,Pop tumani,Папский район,Pop district,Поп тумани,2011,2011,1.0
1714224,To‘raqo‘rg‘on tumani,Туракурганский район,Turakurgan district,Тўрақўрғон тумани,2011,2011,0.0
1714229,Uychi tumani,Уйчинский район,Uychi district,Уйчи тумани,2011,2011,0.0
1714234,Uchqo‘rg‘on tumani,Учкурганский район,Uchkurgan district,Учқўрғон тумани,2011,2011,0.0
1714236,Chortoq tumani,Чартакский район,Chartak district,Чортоқ тумани,2011,2011,0.0
1714237,Chust tumani,Чустский район,Chust district,Чуст тумани,2011,2011,0.5
1714242,Yangiqo‘rg‘on tumani,Янгикурганский район,Yangikurgan district,Янгиқўрғон тумани,2011,2011,0.0
1718,Samarqand viloyati,Самаркандская область,Samarkand region,Самарқанд вилояти,2011,2011,11.6
1718401,Samarqand shahri,Город Самарканд,Samarkand city,Самарқанд шаҳри,2011,2011,0.0
1718406,Kattaqo'rg'on shahar,Город Каттакурган,Kattaqo'rg'on city,Каттақўрғон шаҳар,2011,2011,0.0
1718203,Oqdaryo tumani,Акдарьинский район,Akdarya district,Оқдарё тумани,2011,2011,0.5
1718206,Bulung‘ur tumani,Булунгурский район,Bulungur district,Булунғур тумани,2011,2011,0.7
1718209,Jomboy tumani,Джамбайский район,Jomboy district,Жомбой тумани,2011,2011,0.2
1718212,Ishtixon tumani,Иштыханский район,Ishtykhan district,Иштихон тумани,2011,2011,0.8
1718215,Kattaqo‘rg‘on tumani,Каттакурганский район,Kattakurgan district,Каттақўрғон тумани,2011,2011,0.6
1718216,Qo‘shrabot tumani,Кошрабадский район,Koshrabad district,Қўшработ тумани,2011,2011,0.5
1718218,Narpay tumani,Нарпайский район,Narpai district,Нарпай тумани,2011,2011,0.5
1718224,Payariq tumani,Пайарыкский район,Payaryk district,Паяриқ тумани,2011,2011,1.8
1718227,Pastdarg‘om tumani,Пастдаргомский район,Pastdargom district,Пастдарғом тумани,2011,2011,1.0
1718230,Paxtachi tumani,Пахтачийский район,Pakhtachi district,Пахтачи тумани,2011,2011,0.2
1718233,Samarqand tumani,Самаркандский район,Samarkand district,Самарқанд тумани,2011,2011,1.5
1718235,Nurobod tumani,Нурабадский район,Nurabad district,Нуробод тумани,2011,2011,0.3
1718236,Urgut tumani,Ургутский район,Urgut district,Ургут тумани,2011,2011,2.2
1718238,Tayloq tumani,Тайлякский район,Tailak district,Тайлоқ тумани,2011,2011,0.8
1722,Surxondaryo viloyati,Сурхандарьинская область,Surkhandarya region,Сурхондарё вилояти,2011,2011,3.7
1722401,Termiz shahri,Город Термез,Termiz city,Термиз шаҳри,2011,2011,0.0
1722201,Oltinsoy tumani,Алтынсайский район,Altynsay district,Олтинсой тумани,2011,2011,0.0
1722202,Angor tumani,Ангорский район,Angor district,Aнгор тумани,2011,2011,0.1
1722203,Bandixon tumani,Бандихонский район,Bandykhan district,Бандихон тумани,2011,2011,0.0
1722204,Boysun tumani,Байсунский район,Baysun district,Бойсун тумани,2011,2011,0.4
1722207,Muzrabot tumani,Музрабадский район,Muzrabad district,Музработ тумани,2011,2011,0.0
1722210,Denov tumani,Денауский район,Denau district,Денов тумани,2011,2011,0.7
1722212,Jarqo‘rg‘on tumani,Джаркурганский район,Jarkurgan district,Жарқўрғон тумани,2011,2011,0.0
1722214,Qumqo‘rg‘on tumani,Кумкурганский район,Kumkurgan district,Қумқўрғон тумани,2011,2011,1.2
1722215,Qiziriq tumani,Кизирикский район,Kizirik district,Қизириқ тумани,2011,2011,0.0
1722217,Sariosiyo tumani,Сариасийский район,Sariosia district,Сариосиё тумани,2011,2011,0.7
1722220,Termiz tumani,Термезский район,Termiz district,Термиз тумани,2011,2011,0.2
1722221,Uzun tumani,Узунский район,Uzun district,Узун тумани,2011,2011,0.2
1722223,Sherobod tumani,Шерабадский район,Sherabad district,Шеробод тумани,2011,2011,0.3
1722226,Sho‘rchi tumani,Шурчинский район,Shurchi district,Шўрчи тумани,2011,2011,0.0
1724,Sirdaryo viloyati,Сырдарьинская область,Syrdarya region,Сирдарё вилояти,2011,2011,0.4
1724401,Guliston shahri,Город Гулистан,Gulistan city,Гулистон шаҳри,2011,2011,0.0
1724410,Shirin shahri,Город Ширин,Shirin city,Ширин шаҳри,2011,2011,0.0
1724413,Yangiyer shahri,Город Янгиер,Yangier city,Янгийер шаҳри,2011,2011,0.0
1724206,Oqoltin tumani,Акалтынский район,Akaltyn district,Оқолтин тумани,2011,2011,0.0
1724212,Boyovut tumani,Баяутский район,Bayaut district,Боёвут тумани,2011,2011,0.0
1724216,Sayxunobod tumani,Сайхунабадский район,Saykhunabad district,Сайхунобод тумани,2011,2011,0.0
1724220,Guliston tumani,Гулистанский район,Gulistan district,Гулистон тумани,2011,2011,0.1
1724226,Sardoba tumani,Сардобский район,Sardoba district,Сардоба тумани,2011,2011,0.0
1724228,Mirzaobod tumani,Мирзаабадский район,Mirzaabad district,Мирзаобод тумани,2011,2011,0.1
1724231,Sirdaryo tumani,Сырдарьинский район,Syrdarya district,Сирдарё тумани,2011,2011,0.2
1724235,Xovos tumani,Хавасский район,Khovos district,Ховос тумани,2011,2011,0.0
1727,Toshkent viloyati,Ташкентская область,Tashkent region,Тошкент вилояти,2011,2011,1.5
1727401,Nurafshon shahri,Город Нурафшон,Nurafshan city,Нурафшон шаҳри,2011,2011,0.0
1727404,Olmaliq shahri,Город Алмалык,Almalyk city,Олмалиқ шаҳри,2011,2011,0.0
1727407,Angren shahri,Город Ангрен,Angren city,Aнгрен шаҳри,2011,2011,0.3
1727413,Bekobod shahri,Город Бекабад,Bekabad city,Бекобод шаҳри,2011,2011,0.0
1727419,Chirchiq shahri,Город Чиpчик,Chirchik city,Чирчиқ шаҳри,2011,2011,0.0
1727415,Ohangaron shahri,Город Ахангаран,Akhangaran city,Оҳангарон шаҳри,2011,2011,0.0
1727424,Yangiyo‘lshahri,Город Янгиюль,Yangiyul city,Янгийўлшаҳри,2011,2011,0.0
1727206,Oqqo‘rg‘on tumani,Аккурганский район,Akkurgan district,Оққўрғон тумани,2011,2011,0.1
1727212,Ohangaron tumani,Ахангаранский район,Akhangaran district,Оҳангарон тумани,2011,2011,0.0
1727220,Bekobod tumani,Бекабадский район,Bekabad district,Бекобод тумани,2011,2011,0.0
1727224,Bo‘stonliq tumani,Бостанлыкский район,Bostanlyk district,Бўстонлиқ тумани,2011,2011,0.0
1727228,Bo‘ka tumani,Букинский район,Buka district,Бўка тумани,2011,2011,0.0
1727233,Quyichirchiq tumani,Куйичирчикский район,Kuyichirchik district,Қуйичирчиқ тумани,2011,2011,0.0
1727237,Zangiota tumani,Зангиатинский район,Zangiata district,Зангиота тумани,2011,2011,0.0
1727239,Yuqorichirchiq tumani,Юкоричирчикский район,Yukorichirchik district,Юқоричирчиқ тумани,2011,2011,0.0
1727248,Qibray tumani,Кибрайский район,Kibray district,Қибрай тумани,2011,2011,0.3
1727249,Parkent tumani,Паркентский район,Parkent district,Паркент тумани,2011,2011,0.0
1727250,Piskent tumani,Пскентский район,Piskent district,Пискент тумани,2011,2011,0.0
1727253,O‘rtachirchiq tumani,Уртачирчикский район,Urtachirchik district,Ўртачирчиқ тумани,2011,2011,0.5
1727256,Chinoz tumani,Чиназский район,Chinaz district,Чиноз тумани,2011,2011,0.3
1727259,Yangiyo‘l tumani,Янгиюльский район,Yangiyul district,Янгийўл тумани,2011,2011,0.0
1727265,Toshkent tumani,Ташкентский район,Tashkent district,Тошкент тумани,2011,2011,0.0
1730,Farg‘ona viloyati,Ферганская область,Fergana region,Фарғона вилояти,2011,2011,2.3
1730401,Farg‘ona shahri,Город Фергана,Fergana city,Фарғона шаҳри,2011,2011,0.0
1730405,Qo‘qon shahri,Город Коканд,Kokand city,Қўқон шаҳри,2011,2011,0.8
1730408,Quvasoy shahri,Город Кувасай,Kuvasay city,Қувасой шаҳри,2011,2011,0.0
1730412,Marg‘ilon shahri,Город Маpгилан,Margilan city,Марғилон шаҳри,2011,2011,0.0
1730203,Oltiariq tumani,Алтыарыкский район,Altyaryk district,Олтиариқ тумани,2011,2011,0.0
1730206,Qo‘shtepa tumani,Куштепинский район,Kushtepa district,Қўштепа тумани,2011,2011,0.7
1730209,Bog‘dod tumani,Багдадский район,Baghdad district,Боғдод тумани,2011,2011,0.0
1730212,Buvayda tumani,Бувайдинский район,Buvayda district,Бувайда тумани,2011,2011,0.0
1730215,Beshariq tumani,Бешарыкский район,Besharik district,Бешариқ тумани,2011,2011,0.0
1730218,Quva tumani,Кувинский район,Kuva district,Қува тумани,2011,2011,0.0
1730221,Uchko‘prik tumani,Учкуприкский район,Uchkuprik district,Учкўприк тумани,2011,2011,0.0
1730224,Rishton tumani,Риштанский район,Rishtan district,Риштон тумани,2011,2011,0.1
1730226,So‘x tumani,Сохский район,Sokh district,Сўх тумани,2011,2011,0.0
1730227,Toshloq tumani,Ташлакский район,Tashlak district,Тошлоқ тумани,2011,2011,0.4
1730230,O‘zbekiston tumani,Узбекистанский район,Uzbekistan district,Ўзбекистон тумани,2011,2011,0.3
1730233,Farg‘ona tumani,Ферганский район,Fergana district,Фарғона тумани,2011,2011,0.0
1730236,Dang‘ara tumani,Дангаринский район,Dangara district,Данғара тумани,2011,2011,0.0
1730238,Furqat tumani,Фуркатский район,Furkat district,Фурқат тумани,2011,2011,0.0
1730242,Yozyovon tumani,Язъяванский район,Yazyavan district,Ёзёвон тумани,2011,2011,0.0
1733,Xorazm viloyati,Хорезмская область,Khorezm region,Хоразм вилояти,2011,2011,2.4
1733401,Urganch shahri,Город Ургенч,Urgench city,Урганч шаҳри,2011,2011,0.0
1733406,Xiva shahri,Город Хива,Khiva city,Хива шаҳри,2011,2011,0.0
1733204,Bog‘ot tumani,Багатский район,Bagat district,Боғот тумани,2011,2011,0.0
1733208,Gurlan tumani,Гурленский район,Gurlan district,Гурлан тумани,2011,2011,0.9
1733212,Qo‘shko‘pir tumani,Кошкупырский район,Kushkupyr district,Қўшкўпир тумани,2011,2011,0.2
1733217,Urganch tumani,Ургенчский район,Urgench district,Урганч тумани,2011,2011,0.0
1733220,Xazorasp tumani,Хазараспский район,Khazarasp district,Хазорасп тумани,2011,2011,0.3
1733221,Tuproqqal’a tumani,Тупроккалинский район,Tuprakkala district,Тупроққалъа тумани,2011,2011,0.0
1733223,Xonqa tumani,Ханкинский район,Khanka district,Хонқа тумани,2011,2011,0.9
1733226,Xiva tumani,Хивинский район,Khiva district,Хива тумани,2011,2011,0.0
1733230,Shovot tumani,Шаватский район,Shavat district,Шовот тумани,2011,2011,0.0
1733233,Yangiariq tumani,Янгиарыкский район,Yangiaryk district,Янгиариқ тумани,2011,2011,0.1
1733236,Yangibozor tumani,Янгибазарский район,Yangibazar district,Янгибозор тумани,2011,2011,0.0
1726,Toshkent shahri,город Ташкент,Tashkent city,Тошкент шаҳри,2011,2011,1.6
1726262,Uchtepa tumani,Учтепинский район,Uchtepa district,Учтепа тумани,2011,2011,0.0
1726264,Bektemir tumani,Бектемирский район,Bektemir district,Бектемир тумани,2011,2011,0.0
1726266,Yunusobod tumani,Юнусабадский район,Yunusabad district,Юнусобод тумани,2011,2011,0.0
1726269,Mirzo Ulug‘bek tumani,Мирзо Улугбекский район,Mirzo Ulugbek district,Мирзо Улуғбек тумани,2011,2011,0.0
1726273,Mirobod tumani,Мирабадский район,Mirabad district,Миробод тумани,2011,2011,0.0
1726277,Shayxontoxur tumani,Шайхантахурский район,Shaykhantakhur district,Шайхонтохур тумани,2011,2011,0.0
1726280,Olmazor tumani,Алмазарский район,Almazar district,Олмазор тумани,2011,2011,1.6
1726283,Sirg‘ali tumani,Сергелийский район,Sergeli district,Сирғали тумани,2011,2011,0.0
1726287,Yakkasaroy tumani,Яккасарайский район,Yakkasaray district,Яккасарой тумани,2011,2011,0.0
1726290,Yashnobod tumani,Яшнободский район,Yashnabad district,Яшнобод тумани,2011,2011,0.0
1726292,Yangihayot tumani,Янгихаётский район,Yangikhayot district,Янгиҳаёт тумани,2011,2011,0.0
1726294,Chilonzor tumani,Чиланзарский район,Chilanzar district,Чилонзор тумани,2011,2011,0.0
1700,O‘zbekiston Respublikasi,Республика Узбекистан,Republic of Uzbekistan,Ўзбекистон Республикаси,2012,2012,68.9
1735,Qoraqalpog‘iston Respublikasi,Республика Каракалпакстан,Republic of Karakalpakstan,Қорақалпоғистон Республикаси,2012,2012,6.0
1735401,Nukus shahri,Город Нукус,Nukus city,Нукус шаҳри,2012,2012,1.5
1735204,Amudaryo tumani,Амударьинский район,Amudarya district,Aмударё тумани,2012,2012,0.2
1735207,Beruniy tumani,Берунийский район,Beruniy district,Беруний тумани,2012,2012,0.5
1735209,Bo‘zatov tumani,Бозатауский район,Bozatau district,Бўзатов тумани,2012,2012,0.0
1735211,Qorao‘zak tumani,Караузякский район,Karauzak district,Қораўзак тумани,2012,2012,0.0
1735212,Kegeyli tumani,Кегейлийский район,Kegeyli district,Кегейли тумани,2012,2012,0.1
1735215,Qo‘ng‘irot tumani,Кунградский район,Kungrad district,Қўнғирот тумани,2012,2012,0.0
1735218,Qanliko‘l tumani,Канлыкульский район,Kanlykul district,Қанликўл тумани,2012,2012,0.3
1735222,Mo‘ynoq tumani,Муйнакский район,Muynak district,Мўйноқ тумани,2012,2012,0.0
1735225,Nukus tumani,Нукусский район,Nukus district,Нукус тумани,2012,2012,0.0
1735228,Taxiatosh tumani,Тахиаташский район,Takhiatash district,Тахиатош тумани,2012,2012,0.0
1735230,Taxtako‘pir tumani,Тахтакупырский район,Takhtakupyr district,Тахтакўпир тумани,2012,2012,0.0
1735233,To‘rtko‘l tumani,Турткульский район,Turtkul district,Тўрткўл тумани,2012,2012,1.5
1735236,Xo‘jayli tumani,Ходжейлийский район,Khojeyli district,Хўжайли тумани,2012,2012,1.2
1735240,Chimboy tumani,Чимбайский район,Chimbay district,Чимбой тумани,2012,2012,0.0
1735243,Shumanay tumani,Шуманайский район,Shumanai district,Шуманай тумани,2012,2012,0.0
1735250,Ellikkala tumani,Элликкалинский район,Ellikkala district,Елликкала тумани,2012,2012,0.8
1703,Andijon viloyati,Андижанская область,Andijan region,Aндижон вилояти,2012,2012,6.1
1703401,Andijon shahri,Город Андижан,Andijan city,Aндижон шаҳри,2012,2012,0.0
1703408,Xonobod shahri,Город Ханабад,Khanabadcity,Хонобод шаҳри,2012,2012,0.0
1703202,Oltinko‘l tumani,Алтынкульский район,Altynkul district,Олтинкўл тумани,2012,2012,0.0
1703203,Andijon tumani,Андижанский район,Andijan district,Aндижон тумани,2012,2012,0.7
1703206,Baliqchi tumani,Балыкчинский район,Balykchi district,Балиқчи тумани,2012,2012,0.5
1703209,Bo‘ston tumani,Бустонский район,Bustan district,Бўстон тумани,2012,2012,0.0
1703210,Buloqboshi tumani,Булакбашинский район,Bulakbashi district,Булоқбоши тумани,2012,2012,0.4
1703211,Jalaquduq tumani,Жалакудукский район,Jalаquduk district,Жалақудуқ тумани,2012,2012,0.4
1703214,Izboskan tumani,Избасканский район,Izbaskan district,Избоскан тумани,2012,2012,0.6
1703217,Ulug‘nor tumani,Улугноpский район,Ulugnor district,Улуғнор тумани,2012,2012,0.0
1703220,Qo‘rg‘ontepa tumani,Кургантепинский район,Kurgantepa district,Қўрғонтепа тумани,2012,2012,0.3
1703224,Asaka tumani,Асакинский район,Asaka district,Aсака тумани,2012,2012,0.0
1703227,Marxamat tumani,Мархаматский район,Markhamat district,Мархамат тумани,2012,2012,0.5
1703230,Shaxrixon tumani,Шахриханский район,Shakhrikhan district,Шахрихон тумани,2012,2012,1.9
1703232,Paxtaobod tumani,Пахтаабадский район,Pakhtaabad district,Пахтаобод тумани,2012,2012,0.8
1703236,Xo‘jaobod tumani,Ходжаабадский район,Khojaabad district,Хўжаобод тумани,2012,2012,0.0
1706,Buxoro viloyati,Бухарская область,Bukhara region,Бухоро вилояти,2012,2012,4.1
1706401,Buxoro shahri,Город Бухара,Bukhara city,Бухоро шаҳри,2012,2012,0.0
1706403,Kogon shahri,Город Каган,Kagan city,Когон шаҳри,2012,2012,0.3
1706204,Olot tumani,Алатский район,Alat district,Олот тумани,2012,2012,0.3
1706207,Buxoro tumani,Бухарский район,Bukhara district,Бухоро тумани,2012,2012,0.6
1706212,Vobkent tumani,Вабкентский район,Vobkent district,Вобкент тумани,2012,2012,0.0
1706215,G‘ijduvon tumani,Гиждуванский район,Gijduvan district,Ғиждувон тумани,2012,2012,1.0
1706219,Kogon tumani,Каганский район,Kagan district,Когон тумани,2012,2012,0.2
1706230,Qorako‘l tumani,Каракульский район,Karakul district,Қоракўл тумани,2012,2012,0.3
1706232,Qorovulbozor tumani,Караулбазарский район,Qorovulbozor district,Қоровулбозор тумани,2012,2012,0.0
1706240,Peshku tumani,Пешкунский район,Peshkun district,Пешку тумани,2012,2012,0.2
1706242,Romitan tumani,Ромитанский район,Romitan district,Ромитан тумани,2012,2012,0.2
1706246,Jondor tumani,Жондоpский район,Jondor district,Жондор тумани,2012,2012,0.5
1706258,Shofirkon tumani,Шафирканский район,Shafirkan district,Шофиркон тумани,2012,2012,0.5
1708,Jizzax viloyati,Джизакская область,Jizzakh region,Жиззах вилояти,2012,2012,1.4
1708401,Jizzax shahri,Город Джизак,Jizzakh city,Жиззах шаҳри,2012,2012,0.0
1708201,Arnasoy tumani,Арнасайский район,Arnasay district,Aрнасой тумани,2012,2012,0.0
1708204,Baxmal tumani,Бахмальский район,Bakhmal district,Бахмал тумани,2012,2012,0.0
1708209,G‘allaorol tumani,Галляаральский район,Gallaaral district,Ғаллаорол тумани,2012,2012,0.5
1708212,Sharof Rashidov tumani,Шароф-Рашидовский район,Sharof Rashidov district,Шароф Рашидов тумани,2012,2012,0.5
1708215,Do‘stlik tumani,Дустликский район,Dustlik district,Дўстлик тумани,2012,2012,0.0
1708218,Zomin tumani,Зааминский район,Zomin district,Зомин тумани,2012,2012,0.0
1708220,Zarbdor tumani,Зарбдарский район,Zarbdar district,Зарбдор тумани,2012,2012,0.0
1708223,Mirzacho‘l tumani,Мирзачульский район,Mirzachul district,Мирзачўл тумани,2012,2012,0.0
1708225,Zafarobod tumani,Зафарабадский район,Zafarabad district,Зафаробод тумани,2012,2012,0.2
1708228,Paxtakor tumani,Пахтакорский район,Pakhtakor district,Пахтакор тумани,2012,2012,0.0
1708235,Forish tumani,Фаришский район,Farish district,Фориш тумани,2012,2012,0.3
1708237,Yangiobod tumani,Янгиободский район,Yangiabad district,Янгиобод тумани,2012,2012,0.0
1710,Qashqadaryo viloyati,Кашкадарьинская область,Kashkadarya region,Қашқадарё вилояти,2012,2012,11.6
1710401,Qarshi shahri,Город Карши,Karshi city,Қарши шаҳри,2012,2012,0.7
1710405,Shahrisabz shahri,Город Шахрисабз,Shakhrisabz city,Шаҳрисабз шаҳри,2012,2012,0.0
1710240,Ko‘kdala tumani,Кукдалинский район,Kukdala district,Кўкдала тумани,2012,2012,0.0
1710207,G‘uzor tumani,Гузарский район,Gissar district,Ғузор тумани,2012,2012,0.4
1710212,Dehqonobod tumani,Дехканабадский район,Dehkanabad district,Деҳқонобод тумани,2012,2012,0.4
1710220,Qamashi tumani,Камашинский район,Kamashi district,Қамаши тумани,2012,2012,0.4
1710224,Qarshi tumani,Каршинский район,Karshi district,Қарши тумани,2012,2012,1.4
1710229,Koson tumani,Касанский район,Kasan district,Косон тумани,2012,2012,2.2
1710232,Kitob tumani,Китабский район,Kitab district,Китоб тумани,2012,2012,0.8
1710233,Mirishkor tumani,Миришкорский район,Mirishkor district,Миришкор тумани,2012,2012,0.0
1710234,Muborak tumani,Мубарекский район,Mubarek district,Муборак тумани,2012,2012,0.0
1710235,Nishon tumani,Нишанский район,Nishon district,Нишон тумани,2012,2012,0.0
1710237,Kasbi tumani,Касбинский район,Kasbi district,Касби тумани,2012,2012,0.2
1710242,Chiroqchi tumani,Чиракчинский район,Chirakchi district,Чироқчи тумани,2012,2012,3.6
1710245,Shahrisabz tumani,Шахрисабзский район,Shakhrisabz district,Шаҳрисабз тумани,2012,2012,0.5
1710250,Yakkabog‘ tumani,Яккабагский район,Yakkabag district,Яккабоғ тумани,2012,2012,1.1
1712,Navoiy viloyati,Навоийская область,Navoi region,Навоий вилояти,2012,2012,1.7
1712401,Navoiy shahri,Город Навои,Navoi city,Навоий шаҳри,2012,2012,0.0
1712408,Zarafshon shahri,Город Заpафшан,Zarafshan city,Зарафшон шаҳри,2012,2012,0.0
1712412,G‘ozg‘on shahri,Город Газган,Gazgan city,Ғозғон шаҳри,2012,2012,0.0
1712211,Konimex tumani,Канимехский район,Kanimekh district,Конимех тумани,2012,2012,0.0
1712216,Qiziltepa tumani,Кызылтепинский район,Kyzyltepa district,Қизилтепа тумани,2012,2012,0.1
1712230,Navbahor tumani,Навбахорский район,Navbahor district,Навбаҳор тумани,2012,2012,0.0
1712234,Karmana tumani,Карманинский район,Karmana district,Кармана тумани,2012,2012,0.2
1712238,Nurota tumani,Нуратинский район,Nurota district,Нурота тумани,2012,2012,0.6
1712244,Tomdi tumani,Тамдынский район,Tomdy district,Томди тумани,2012,2012,0.1
1712248,Uchquduq tumani,Учкудукский район,Uchkuduk district,Учқудуқ тумани,2012,2012,0.0
1712251,Xatirchi tumani,Хатырчинский район,Khatyrchi district,Хатирчи тумани,2012,2012,0.7
1714,Namangan viloyati,Наманганская область,Namangan region,Наманган вилояти,2012,2012,4.0
1714401,Namangan shahri,Город Наманган,Namangan city,Наманган шаҳри,2012,2012,0.0
1714204,Mingbuloq tumani,Мингбулакский район,Mingbulak district,Мингбулоқ тумани,2012,2012,0.6
1714207,Kosonsoy tumani,Касансайский район,Kasansay district,Косонсой тумани,2012,2012,0.3
1714212,Namangan tumani,Наманганский район,Namangan district,Наманган тумани,2012,2012,0.0
1714216,Norin tumani,Нарынский район,Naryn district,Норин тумани,2012,2012,0.0
1714219,Pop tumani,Папский район,Pop district,Поп тумани,2012,2012,0.8
1714224,To‘raqo‘rg‘on tumani,Туракурганский район,Turakurgan district,Тўрақўрғон тумани,2012,2012,0.1
1714229,Uychi tumani,Уйчинский район,Uychi district,Уйчи тумани,2012,2012,0.8
1714234,Uchqo‘rg‘on tumani,Учкурганский район,Uchkurgan district,Учқўрғон тумани,2012,2012,0.0
1714236,Chortoq tumani,Чартакский район,Chartak district,Чортоқ тумани,2012,2012,0.0
1714237,Chust tumani,Чустский район,Chust district,Чуст тумани,2012,2012,1.4
1714242,Yangiqo‘rg‘on tumani,Янгикурганский район,Yangikurgan district,Янгиқўрғон тумани,2012,2012,0.0
1718,Samarqand viloyati,Самаркандская область,Samarkand region,Самарқанд вилояти,2012,2012,13.4
1718401,Samarqand shahri,Город Самарканд,Samarkand city,Самарқанд шаҳри,2012,2012,0.5
1718406,Kattaqo'rg'on shahar,Город Каттакурган,Kattaqo'rg'on city,Каттақўрғон шаҳар,2012,2012,2.1
1718203,Oqdaryo tumani,Акдарьинский район,Akdarya district,Оқдарё тумани,2012,2012,0.6
1718206,Bulung‘ur tumani,Булунгурский район,Bulungur district,Булунғур тумани,2012,2012,0.5
1718209,Jomboy tumani,Джамбайский район,Jomboy district,Жомбой тумани,2012,2012,0.3
1718212,Ishtixon tumani,Иштыханский район,Ishtykhan district,Иштихон тумани,2012,2012,1.0
1718215,Kattaqo‘rg‘on tumani,Каттакурганский район,Kattakurgan district,Каттақўрғон тумани,2012,2012,0.6
1718216,Qo‘shrabot tumani,Кошрабадский район,Koshrabad district,Қўшработ тумани,2012,2012,0.5
1718218,Narpay tumani,Нарпайский район,Narpai district,Нарпай тумани,2012,2012,0.7
1718224,Payariq tumani,Пайарыкский район,Payaryk district,Паяриқ тумани,2012,2012,2.1
1718227,Pastdarg‘om tumani,Пастдаргомский район,Pastdargom district,Пастдарғом тумани,2012,2012,1.2
1718230,Paxtachi tumani,Пахтачийский район,Pakhtachi district,Пахтачи тумани,2012,2012,0.0
1718233,Samarqand tumani,Самаркандский район,Samarkand district,Самарқанд тумани,2012,2012,0.6
1718235,Nurobod tumani,Нурабадский район,Nurabad district,Нуробод тумани,2012,2012,0.8
1718236,Urgut tumani,Ургутский район,Urgut district,Ургут тумани,2012,2012,0.8
1718238,Tayloq tumani,Тайлякский район,Tailak district,Тайлоқ тумани,2012,2012,1.1
1722,Surxondaryo viloyati,Сурхандарьинская область,Surkhandarya region,Сурхондарё вилояти,2012,2012,2.8
1722401,Termiz shahri,Город Термез,Termiz city,Термиз шаҳри,2012,2012,0.0
1722201,Oltinsoy tumani,Алтынсайский район,Altynsay district,Олтинсой тумани,2012,2012,0.1
1722202,Angor tumani,Ангорский район,Angor district,Aнгор тумани,2012,2012,0.0
1722203,Bandixon tumani,Бандихонский район,Bandykhan district,Бандихон тумани,2012,2012,0.0
1722204,Boysun tumani,Байсунский район,Baysun district,Бойсун тумани,2012,2012,0.1
1722207,Muzrabot tumani,Музрабадский район,Muzrabad district,Музработ тумани,2012,2012,0.0
1722210,Denov tumani,Денауский район,Denau district,Денов тумани,2012,2012,0.0
1722212,Jarqo‘rg‘on tumani,Джаркурганский район,Jarkurgan district,Жарқўрғон тумани,2012,2012,0.1
1722214,Qumqo‘rg‘on tumani,Кумкурганский район,Kumkurgan district,Қумқўрғон тумани,2012,2012,0.3
1722215,Qiziriq tumani,Кизирикский район,Kizirik district,Қизириқ тумани,2012,2012,0.6
1722217,Sariosiyo tumani,Сариасийский район,Sariosia district,Сариосиё тумани,2012,2012,0.2
1722220,Termiz tumani,Термезский район,Termiz district,Термиз тумани,2012,2012,0.0
1722221,Uzun tumani,Узунский район,Uzun district,Узун тумани,2012,2012,0.0
1722223,Sherobod tumani,Шерабадский район,Sherabad district,Шеробод тумани,2012,2012,0.6
1722226,Sho‘rchi tumani,Шурчинский район,Shurchi district,Шўрчи тумани,2012,2012,0.7
1724,Sirdaryo viloyati,Сырдарьинская область,Syrdarya region,Сирдарё вилояти,2012,2012,1.5
1724401,Guliston shahri,Город Гулистан,Gulistan city,Гулистон шаҳри,2012,2012,0.0
1724410,Shirin shahri,Город Ширин,Shirin city,Ширин шаҳри,2012,2012,0.0
1724413,Yangiyer shahri,Город Янгиер,Yangier city,Янгийер шаҳри,2012,2012,0.0
1724206,Oqoltin tumani,Акалтынский район,Akaltyn district,Оқолтин тумани,2012,2012,0.0
1724212,Boyovut tumani,Баяутский район,Bayaut district,Боёвут тумани,2012,2012,0.8
1724216,Sayxunobod tumani,Сайхунабадский район,Saykhunabad district,Сайхунобод тумани,2012,2012,0.0
1724220,Guliston tumani,Гулистанский район,Gulistan district,Гулистон тумани,2012,2012,0.0
1724226,Sardoba tumani,Сардобский район,Sardoba district,Сардоба тумани,2012,2012,0.0
1724228,Mirzaobod tumani,Мирзаабадский район,Mirzaabad district,Мирзаобод тумани,2012,2012,0.0
1724231,Sirdaryo tumani,Сырдарьинский район,Syrdarya district,Сирдарё тумани,2012,2012,0.5
1724235,Xovos tumani,Хавасский район,Khovos district,Ховос тумани,2012,2012,0.2
1727,Toshkent viloyati,Ташкентская область,Tashkent region,Тошкент вилояти,2012,2012,1.8
1727401,Nurafshon shahri,Город Нурафшон,Nurafshan city,Нурафшон шаҳри,2012,2012,0.0
1727404,Olmaliq shahri,Город Алмалык,Almalyk city,Олмалиқ шаҳри,2012,2012,0.0
1727407,Angren shahri,Город Ангрен,Angren city,Aнгрен шаҳри,2012,2012,0.0
1727413,Bekobod shahri,Город Бекабад,Bekabad city,Бекобод шаҳри,2012,2012,0.0
1727419,Chirchiq shahri,Город Чиpчик,Chirchik city,Чирчиқ шаҳри,2012,2012,0.0
1727415,Ohangaron shahri,Город Ахангаран,Akhangaran city,Оҳангарон шаҳри,2012,2012,0.0
1727424,Yangiyo‘lshahri,Город Янгиюль,Yangiyul city,Янгийўлшаҳри,2012,2012,0.0
1727206,Oqqo‘rg‘on tumani,Аккурганский район,Akkurgan district,Оққўрғон тумани,2012,2012,0.0
1727212,Ohangaron tumani,Ахангаранский район,Akhangaran district,Оҳангарон тумани,2012,2012,0.0
1727220,Bekobod tumani,Бекабадский район,Bekabad district,Бекобод тумани,2012,2012,0.0
1727224,Bo‘stonliq tumani,Бостанлыкский район,Bostanlyk district,Бўстонлиқ тумани,2012,2012,0.1
1727228,Bo‘ka tumani,Букинский район,Buka district,Бўка тумани,2012,2012,0.0
1727233,Quyichirchiq tumani,Куйичирчикский район,Kuyichirchik district,Қуйичирчиқ тумани,2012,2012,0.0
1727237,Zangiota tumani,Зангиатинский район,Zangiata district,Зангиота тумани,2012,2012,0.0
1727239,Yuqorichirchiq tumani,Юкоричирчикский район,Yukorichirchik district,Юқоричирчиқ тумани,2012,2012,0.0
1727248,Qibray tumani,Кибрайский район,Kibray district,Қибрай тумани,2012,2012,0.3
1727249,Parkent tumani,Паркентский район,Parkent district,Паркент тумани,2012,2012,0.3
1727250,Piskent tumani,Пскентский район,Piskent district,Пискент тумани,2012,2012,0.5
1727253,O‘rtachirchiq tumani,Уртачирчикский район,Urtachirchik district,Ўртачирчиқ тумани,2012,2012,0.4
1727256,Chinoz tumani,Чиназский район,Chinaz district,Чиноз тумани,2012,2012,0.0
1727259,Yangiyo‘l tumani,Янгиюльский район,Yangiyul district,Янгийўл тумани,2012,2012,0.4
1727265,Toshkent tumani,Ташкентский район,Tashkent district,Тошкент тумани,2012,2012,0.0
1730,Farg‘ona viloyati,Ферганская область,Fergana region,Фарғона вилояти,2012,2012,3.7
1730401,Farg‘ona shahri,Город Фергана,Fergana city,Фарғона шаҳри,2012,2012,0.0
1730405,Qo‘qon shahri,Город Коканд,Kokand city,Қўқон шаҳри,2012,2012,0.0
1730408,Quvasoy shahri,Город Кувасай,Kuvasay city,Қувасой шаҳри,2012,2012,0.0
1730412,Marg‘ilon shahri,Город Маpгилан,Margilan city,Марғилон шаҳри,2012,2012,0.0
1730203,Oltiariq tumani,Алтыарыкский район,Altyaryk district,Олтиариқ тумани,2012,2012,0.0
1730206,Qo‘shtepa tumani,Куштепинский район,Kushtepa district,Қўштепа тумани,2012,2012,0.9
1730209,Bog‘dod tumani,Багдадский район,Baghdad district,Боғдод тумани,2012,2012,0.6
1730212,Buvayda tumani,Бувайдинский район,Buvayda district,Бувайда тумани,2012,2012,0.1
1730215,Beshariq tumani,Бешарыкский район,Besharik district,Бешариқ тумани,2012,2012,0.0
1730218,Quva tumani,Кувинский район,Kuva district,Қува тумани,2012,2012,0.6
1730221,Uchko‘prik tumani,Учкуприкский район,Uchkuprik district,Учкўприк тумани,2012,2012,0.0
1730224,Rishton tumani,Риштанский район,Rishtan district,Риштон тумани,2012,2012,0.5
1730226,So‘x tumani,Сохский район,Sokh district,Сўх тумани,2012,2012,0.2
1730227,Toshloq tumani,Ташлакский район,Tashlak district,Тошлоқ тумани,2012,2012,0.3
1730230,O‘zbekiston tumani,Узбекистанский район,Uzbekistan district,Ўзбекистон тумани,2012,2012,0.5
1730233,Farg‘ona tumani,Ферганский район,Fergana district,Фарғона тумани,2012,2012,0.0
1730236,Dang‘ara tumani,Дангаринский район,Dangara district,Данғара тумани,2012,2012,0.0
1730238,Furqat tumani,Фуркатский район,Furkat district,Фурқат тумани,2012,2012,0.0
1730242,Yozyovon tumani,Язъяванский район,Yazyavan district,Ёзёвон тумани,2012,2012,0.0
1733,Xorazm viloyati,Хорезмская область,Khorezm region,Хоразм вилояти,2012,2012,2.1
1733401,Urganch shahri,Город Ургенч,Urgench city,Урганч шаҳри,2012,2012,0.0
1733406,Xiva shahri,Город Хива,Khiva city,Хива шаҳри,2012,2012,0.0
1733204,Bog‘ot tumani,Багатский район,Bagat district,Боғот тумани,2012,2012,0.6
1733208,Gurlan tumani,Гурленский район,Gurlan district,Гурлан тумани,2012,2012,0.0
1733212,Qo‘shko‘pir tumani,Кошкупырский район,Kushkupyr district,Қўшкўпир тумани,2012,2012,0.2
1733217,Urganch tumani,Ургенчский район,Urgench district,Урганч тумани,2012,2012,0.0
1733220,Xazorasp tumani,Хазараспский район,Khazarasp district,Хазорасп тумани,2012,2012,0.7
1733221,Tuproqqal’a tumani,Тупроккалинский район,Tuprakkala district,Тупроққалъа тумани,2012,2012,0.0
1733223,Xonqa tumani,Ханкинский район,Khanka district,Хонқа тумани,2012,2012,0.0
1733226,Xiva tumani,Хивинский район,Khiva district,Хива тумани,2012,2012,0.5
1733230,Shovot tumani,Шаватский район,Shavat district,Шовот тумани,2012,2012,0.1
1733233,Yangiariq tumani,Янгиарыкский район,Yangiaryk district,Янгиариқ тумани,2012,2012,0.0
1733236,Yangibozor tumani,Янгибазарский район,Yangibazar district,Янгибозор тумани,2012,2012,0.0
1726,Toshkent shahri,город Ташкент,Tashkent city,Тошкент шаҳри,2012,2012,8.7
1726262,Uchtepa tumani,Учтепинский район,Uchtepa district,Учтепа тумани,2012,2012,1.0
1726264,Bektemir tumani,Бектемирский район,Bektemir district,Бектемир тумани,2012,2012,0.0
1726266,Yunusobod tumani,Юнусабадский район,Yunusabad district,Юнусобод тумани,2012,2012,2.7
1726269,Mirzo Ulug‘bek tumani,Мирзо Улугбекский район,Mirzo Ulugbek district,Мирзо Улуғбек тумани,2012,2012,0.0
1726273,Mirobod tumani,Мирабадский район,Mirabad district,Миробод тумани,2012,2012,0.0
1726277,Shayxontoxur tumani,Шайхантахурский район,Shaykhantakhur district,Шайхонтохур тумани,2012,2012,0.0
1726280,Olmazor tumani,Алмазарский район,Almazar district,Олмазор тумани,2012,2012,3.5
1726283,Sirg‘ali tumani,Сергелийский район,Sergeli district,Сирғали тумани,2012,2012,1.6
1726287,Yakkasaroy tumani,Яккасарайский район,Yakkasaray district,Яккасарой тумани,2012,2012,0.0
1726290,Yashnobod tumani,Яшнободский район,Yashnabad district,Яшнобод тумани,2012,2012,0.0
1726292,Yangihayot tumani,Янгихаётский район,Yangikhayot district,Янгиҳаёт тумани,2012,2012,0.0
1726294,Chilonzor tumani,Чиланзарский район,Chilanzar district,Чилонзор тумани,2012,2012,0.0
1700,O‘zbekiston Respublikasi,Республика Узбекистан,Republic of Uzbekistan,Ўзбекистон Республикаси,2013,2013,61.7
1735,Qoraqalpog‘iston Respublikasi,Республика Каракалпакстан,Republic of Karakalpakstan,Қорақалпоғистон Республикаси,2013,2013,1.1
1735401,Nukus shahri,Город Нукус,Nukus city,Нукус шаҳри,2013,2013,0.0
1735204,Amudaryo tumani,Амударьинский район,Amudarya district,Aмударё тумани,2013,2013,0.6
1735207,Beruniy tumani,Берунийский район,Beruniy district,Беруний тумани,2013,2013,0.0
1735209,Bo‘zatov tumani,Бозатауский район,Bozatau district,Бўзатов тумани,2013,2013,0.0
1735211,Qorao‘zak tumani,Караузякский район,Karauzak district,Қораўзак тумани,2013,2013,0.0
1735212,Kegeyli tumani,Кегейлийский район,Kegeyli district,Кегейли тумани,2013,2013,0.0
1735215,Qo‘ng‘irot tumani,Кунградский район,Kungrad district,Қўнғирот тумани,2013,2013,0.1
1735218,Qanliko‘l tumani,Канлыкульский район,Kanlykul district,Қанликўл тумани,2013,2013,0.0
1735222,Mo‘ynoq tumani,Муйнакский район,Muynak district,Мўйноқ тумани,2013,2013,0.0
1735225,Nukus tumani,Нукусский район,Nukus district,Нукус тумани,2013,2013,0.0
1735228,Taxiatosh tumani,Тахиаташский район,Takhiatash district,Тахиатош тумани,2013,2013,0.0
1735230,Taxtako‘pir tumani,Тахтакупырский район,Takhtakupyr district,Тахтакўпир тумани,2013,2013,0.0
1735233,To‘rtko‘l tumani,Турткульский район,Turtkul district,Тўрткўл тумани,2013,2013,0.2
1735236,Xo‘jayli tumani,Ходжейлийский район,Khojeyli district,Хўжайли тумани,2013,2013,0.0
1735240,Chimboy tumani,Чимбайский район,Chimbay district,Чимбой тумани,2013,2013,0.0
1735243,Shumanay tumani,Шуманайский район,Shumanai district,Шуманай тумани,2013,2013,0.0
1735250,Ellikkala tumani,Элликкалинский район,Ellikkala district,Елликкала тумани,2013,2013,0.1
1703,Andijon viloyati,Андижанская область,Andijan region,Aндижон вилояти,2013,2013,1.5
1703401,Andijon shahri,Город Андижан,Andijan city,Aндижон шаҳри,2013,2013,0.0
1703408,Xonobod shahri,Город Ханабад,Khanabadcity,Хонобод шаҳри,2013,2013,0.0
1703202,Oltinko‘l tumani,Алтынкульский район,Altynkul district,Олтинкўл тумани,2013,2013,0.0
1703203,Andijon tumani,Андижанский район,Andijan district,Aндижон тумани,2013,2013,0.0
1703206,Baliqchi tumani,Балыкчинский район,Balykchi district,Балиқчи тумани,2013,2013,0.4
1703209,Bo‘ston tumani,Бустонский район,Bustan district,Бўстон тумани,2013,2013,0.0
1703210,Buloqboshi tumani,Булакбашинский район,Bulakbashi district,Булоқбоши тумани,2013,2013,0.0
1703211,Jalaquduq tumani,Жалакудукский район,Jalаquduk district,Жалақудуқ тумани,2013,2013,0.0
1703214,Izboskan tumani,Избасканский район,Izbaskan district,Избоскан тумани,2013,2013,0.0
1703217,Ulug‘nor tumani,Улугноpский район,Ulugnor district,Улуғнор тумани,2013,2013,0.0
1703220,Qo‘rg‘ontepa tumani,Кургантепинский район,Kurgantepa district,Қўрғонтепа тумани,2013,2013,0.2
1703224,Asaka tumani,Асакинский район,Asaka district,Aсака тумани,2013,2013,0.0
1703227,Marxamat tumani,Мархаматский район,Markhamat district,Мархамат тумани,2013,2013,0.3
1703230,Shaxrixon tumani,Шахриханский район,Shakhrikhan district,Шахрихон тумани,2013,2013,0.0
1703232,Paxtaobod tumani,Пахтаабадский район,Pakhtaabad district,Пахтаобод тумани,2013,2013,0.2
1703236,Xo‘jaobod tumani,Ходжаабадский район,Khojaabad district,Хўжаобод тумани,2013,2013,0.4
1706,Buxoro viloyati,Бухарская область,Bukhara region,Бухоро вилояти,2013,2013,7.7
1706401,Buxoro shahri,Город Бухара,Bukhara city,Бухоро шаҳри,2013,2013,0.7
1706403,Kogon shahri,Город Каган,Kagan city,Когон шаҳри,2013,2013,0.0
1706204,Olot tumani,Алатский район,Alat district,Олот тумани,2013,2013,0.6
1706207,Buxoro tumani,Бухарский район,Bukhara district,Бухоро тумани,2013,2013,0.8
1706212,Vobkent tumani,Вабкентский район,Vobkent district,Вобкент тумани,2013,2013,0.0
1706215,G‘ijduvon tumani,Гиждуванский район,Gijduvan district,Ғиждувон тумани,2013,2013,1.8
1706219,Kogon tumani,Каганский район,Kagan district,Когон тумани,2013,2013,0.2
1706230,Qorako‘l tumani,Каракульский район,Karakul district,Қоракўл тумани,2013,2013,0.5
1706232,Qorovulbozor tumani,Караулбазарский район,Qorovulbozor district,Қоровулбозор тумани,2013,2013,0.0
1706240,Peshku tumani,Пешкунский район,Peshkun district,Пешку тумани,2013,2013,0.3
1706242,Romitan tumani,Ромитанский район,Romitan district,Ромитан тумани,2013,2013,0.3
1706246,Jondor tumani,Жондоpский район,Jondor district,Жондор тумани,2013,2013,1.2
1706258,Shofirkon tumani,Шафирканский район,Shafirkan district,Шофиркон тумани,2013,2013,1.3
1708,Jizzax viloyati,Джизакская область,Jizzakh region,Жиззах вилояти,2013,2013,1.4
1708401,Jizzax shahri,Город Джизак,Jizzakh city,Жиззах шаҳри,2013,2013,0.0
1708201,Arnasoy tumani,Арнасайский район,Arnasay district,Aрнасой тумани,2013,2013,0.0
1708204,Baxmal tumani,Бахмальский район,Bakhmal district,Бахмал тумани,2013,2013,0.1
1708209,G‘allaorol tumani,Галляаральский район,Gallaaral district,Ғаллаорол тумани,2013,2013,0.8
1708212,Sharof Rashidov tumani,Шароф-Рашидовский район,Sharof Rashidov district,Шароф Рашидов тумани,2013,2013,0.2
1708215,Do‘stlik tumani,Дустликский район,Dustlik district,Дўстлик тумани,2013,2013,0.0
1708218,Zomin tumani,Зааминский район,Zomin district,Зомин тумани,2013,2013,0.2
1708220,Zarbdor tumani,Зарбдарский район,Zarbdar district,Зарбдор тумани,2013,2013,0.0
1708223,Mirzacho‘l tumani,Мирзачульский район,Mirzachul district,Мирзачўл тумани,2013,2013,0.0
1708225,Zafarobod tumani,Зафарабадский район,Zafarabad district,Зафаробод тумани,2013,2013,0.0
1708228,Paxtakor tumani,Пахтакорский район,Pakhtakor district,Пахтакор тумани,2013,2013,0.0
1708235,Forish tumani,Фаришский район,Farish district,Фориш тумани,2013,2013,0.1
1708237,Yangiobod tumani,Янгиободский район,Yangiabad district,Янгиобод тумани,2013,2013,0.0
1710,Qashqadaryo viloyati,Кашкадарьинская область,Kashkadarya region,Қашқадарё вилояти,2013,2013,11.5
1710401,Qarshi shahri,Город Карши,Karshi city,Қарши шаҳри,2013,2013,0.0
1710405,Shahrisabz shahri,Город Шахрисабз,Shakhrisabz city,Шаҳрисабз шаҳри,2013,2013,0.0
1710240,Ko‘kdala tumani,Кукдалинский район,Kukdala district,Кўкдала тумани,2013,2013,0.0
1710207,G‘uzor tumani,Гузарский район,Gissar district,Ғузор тумани,2013,2013,0.2
1710212,Dehqonobod tumani,Дехканабадский район,Dehkanabad district,Деҳқонобод тумани,2013,2013,1.8
1710220,Qamashi tumani,Камашинский район,Kamashi district,Қамаши тумани,2013,2013,0.3
1710224,Qarshi tumani,Каршинский район,Karshi district,Қарши тумани,2013,2013,0.8
1710229,Koson tumani,Касанский район,Kasan district,Косон тумани,2013,2013,1.3
1710232,Kitob tumani,Китабский район,Kitab district,Китоб тумани,2013,2013,1.5
1710233,Mirishkor tumani,Миришкорский район,Mirishkor district,Миришкор тумани,2013,2013,0.1
1710234,Muborak tumani,Мубарекский район,Mubarek district,Муборак тумани,2013,2013,0.0
1710235,Nishon tumani,Нишанский район,Nishon district,Нишон тумани,2013,2013,0.0
1710237,Kasbi tumani,Касбинский район,Kasbi district,Касби тумани,2013,2013,0.0
1710242,Chiroqchi tumani,Чиракчинский район,Chirakchi district,Чироқчи тумани,2013,2013,1.9
1710245,Shahrisabz tumani,Шахрисабзский район,Shakhrisabz district,Шаҳрисабз тумани,2013,2013,1.6
1710250,Yakkabog‘ tumani,Яккабагский район,Yakkabag district,Яккабоғ тумани,2013,2013,2.0
1712,Navoiy viloyati,Навоийская область,Navoi region,Навоий вилояти,2013,2013,1.2
1712401,Navoiy shahri,Город Навои,Navoi city,Навоий шаҳри,2013,2013,0.0
1712408,Zarafshon shahri,Город Заpафшан,Zarafshan city,Зарафшон шаҳри,2013,2013,0.0
1712412,G‘ozg‘on shahri,Город Газган,Gazgan city,Ғозғон шаҳри,2013,2013,0.0
1712211,Konimex tumani,Канимехский район,Kanimekh district,Конимех тумани,2013,2013,0.1
1712216,Qiziltepa tumani,Кызылтепинский район,Kyzyltepa district,Қизилтепа тумани,2013,2013,0.1
1712230,Navbahor tumani,Навбахорский район,Navbahor district,Навбаҳор тумани,2013,2013,0.3
1712234,Karmana tumani,Карманинский район,Karmana district,Кармана тумани,2013,2013,0.0
1712238,Nurota tumani,Нуратинский район,Nurota district,Нурота тумани,2013,2013,0.1
1712244,Tomdi tumani,Тамдынский район,Tomdy district,Томди тумани,2013,2013,0.0
1712248,Uchquduq tumani,Учкудукский район,Uchkuduk district,Учқудуқ тумани,2013,2013,0.0
1712251,Xatirchi tumani,Хатырчинский район,Khatyrchi district,Хатирчи тумани,2013,2013,0.6
1714,Namangan viloyati,Наманганская область,Namangan region,Наманган вилояти,2013,2013,3.5
1714401,Namangan shahri,Город Наманган,Namangan city,Наманган шаҳри,2013,2013,0.0
1714204,Mingbuloq tumani,Мингбулакский район,Mingbulak district,Мингбулоқ тумани,2013,2013,0.0
1714207,Kosonsoy tumani,Касансайский район,Kasansay district,Косонсой тумани,2013,2013,0.4
1714212,Namangan tumani,Наманганский район,Namangan district,Наманган тумани,2013,2013,0.3
1714216,Norin tumani,Нарынский район,Naryn district,Норин тумани,2013,2013,0.4
1714219,Pop tumani,Папский район,Pop district,Поп тумани,2013,2013,0.0
1714224,To‘raqo‘rg‘on tumani,Туракурганский район,Turakurgan district,Тўрақўрғон тумани,2013,2013,0.0
1714229,Uychi tumani,Уйчинский район,Uychi district,Уйчи тумани,2013,2013,0.6
1714234,Uchqo‘rg‘on tumani,Учкурганский район,Uchkurgan district,Учқўрғон тумани,2013,2013,0.0
1714236,Chortoq tumani,Чартакский район,Chartak district,Чортоқ тумани,2013,2013,0.0
1714237,Chust tumani,Чустский район,Chust district,Чуст тумани,2013,2013,1.3
1714242,Yangiqo‘rg‘on tumani,Янгикурганский район,Yangikurgan district,Янгиқўрғон тумани,2013,2013,0.5
1718,Samarqand viloyati,Самаркандская область,Samarkand region,Самарқанд вилояти,2013,2013,12.1
1718401,Samarqand shahri,Город Самарканд,Samarkand city,Самарқанд шаҳри,2013,2013,1.1
1718406,Kattaqo'rg'on shahar,Город Каттакурган,Kattaqo'rg'on city,Каттақўрғон шаҳар,2013,2013,0.0
1718203,Oqdaryo tumani,Акдарьинский район,Akdarya district,Оқдарё тумани,2013,2013,0.6
1718206,Bulung‘ur tumani,Булунгурский район,Bulungur district,Булунғур тумани,2013,2013,1.1
1718209,Jomboy tumani,Джамбайский район,Jomboy district,Жомбой тумани,2013,2013,0.3
1718212,Ishtixon tumani,Иштыханский район,Ishtykhan district,Иштихон тумани,2013,2013,1.3
1718215,Kattaqo‘rg‘on tumani,Каттакурганский район,Kattakurgan district,Каттақўрғон тумани,2013,2013,0.9
1718216,Qo‘shrabot tumani,Кошрабадский район,Koshrabad district,Қўшработ тумани,2013,2013,1.4
1718218,Narpay tumani,Нарпайский район,Narpai district,Нарпай тумани,2013,2013,0.5
1718224,Payariq tumani,Пайарыкский район,Payaryk district,Паяриқ тумани,2013,2013,1.0
1718227,Pastdarg‘om tumani,Пастдаргомский район,Pastdargom district,Пастдарғом тумани,2013,2013,0.7
1718230,Paxtachi tumani,Пахтачийский район,Pakhtachi district,Пахтачи тумани,2013,2013,0.0
1718233,Samarqand tumani,Самаркандский район,Samarkand district,Самарқанд тумани,2013,2013,0.2
1718235,Nurobod tumani,Нурабадский район,Nurabad district,Нуробод тумани,2013,2013,0.9
1718236,Urgut tumani,Ургутский район,Urgut district,Ургут тумани,2013,2013,1.1
1718238,Tayloq tumani,Тайлякский район,Tailak district,Тайлоқ тумани,2013,2013,1.0
1722,Surxondaryo viloyati,Сурхандарьинская область,Surkhandarya region,Сурхондарё вилояти,2013,2013,7.2
1722401,Termiz shahri,Город Термез,Termiz city,Термиз шаҳри,2013,2013,0.0
1722201,Oltinsoy tumani,Алтынсайский район,Altynsay district,Олтинсой тумани,2013,2013,0.0
1722202,Angor tumani,Ангорский район,Angor district,Aнгор тумани,2013,2013,0.0
1722203,Bandixon tumani,Бандихонский район,Bandykhan district,Бандихон тумани,2013,2013,0.0
1722204,Boysun tumani,Байсунский район,Baysun district,Бойсун тумани,2013,2013,1.4
1722207,Muzrabot tumani,Музрабадский район,Muzrabad district,Музработ тумани,2013,2013,0.0
1722210,Denov tumani,Денауский район,Denau district,Денов тумани,2013,2013,0.0
1722212,Jarqo‘rg‘on tumani,Джаркурганский район,Jarkurgan district,Жарқўрғон тумани,2013,2013,1.5
1722214,Qumqo‘rg‘on tumani,Кумкурганский район,Kumkurgan district,Қумқўрғон тумани,2013,2013,0.5
1722215,Qiziriq tumani,Кизирикский район,Kizirik district,Қизириқ тумани,2013,2013,0.4
1722217,Sariosiyo tumani,Сариасийский район,Sariosia district,Сариосиё тумани,2013,2013,1.3
1722220,Termiz tumani,Термезский район,Termiz district,Термиз тумани,2013,2013,0.5
1722221,Uzun tumani,Узунский район,Uzun district,Узун тумани,2013,2013,0.2
1722223,Sherobod tumani,Шерабадский район,Sherabad district,Шеробод тумани,2013,2013,0.9
1722226,Sho‘rchi tumani,Шурчинский район,Shurchi district,Шўрчи тумани,2013,2013,0.6
1724,Sirdaryo viloyati,Сырдарьинская область,Syrdarya region,Сирдарё вилояти,2013,2013,1.3
1724401,Guliston shahri,Город Гулистан,Gulistan city,Гулистон шаҳри,2013,2013,0.0
1724410,Shirin shahri,Город Ширин,Shirin city,Ширин шаҳри,2013,2013,0.0
1724413,Yangiyer shahri,Город Янгиер,Yangier city,Янгийер шаҳри,2013,2013,0.0
1724206,Oqoltin tumani,Акалтынский район,Akaltyn district,Оқолтин тумани,2013,2013,0.0
1724212,Boyovut tumani,Баяутский район,Bayaut district,Боёвут тумани,2013,2013,0.0
1724216,Sayxunobod tumani,Сайхунабадский район,Saykhunabad district,Сайхунобод тумани,2013,2013,0.0
1724220,Guliston tumani,Гулистанский район,Gulistan district,Гулистон тумани,2013,2013,0.1
1724226,Sardoba tumani,Сардобский район,Sardoba district,Сардоба тумани,2013,2013,0.6
1724228,Mirzaobod tumani,Мирзаабадский район,Mirzaabad district,Мирзаобод тумани,2013,2013,0.3
1724231,Sirdaryo tumani,Сырдарьинский район,Syrdarya district,Сирдарё тумани,2013,2013,0.3
1724235,Xovos tumani,Хавасский район,Khovos district,Ховос тумани,2013,2013,0.0
1727,Toshkent viloyati,Ташкентская область,Tashkent region,Тошкент вилояти,2013,2013,2.7
1727401,Nurafshon shahri,Город Нурафшон,Nurafshan city,Нурафшон шаҳри,2013,2013,0.0
1727404,Olmaliq shahri,Город Алмалык,Almalyk city,Олмалиқ шаҳри,2013,2013,0.0
1727407,Angren shahri,Город Ангрен,Angren city,Aнгрен шаҳри,2013,2013,0.3
1727413,Bekobod shahri,Город Бекабад,Bekabad city,Бекобод шаҳри,2013,2013,0.0
1727419,Chirchiq shahri,Город Чиpчик,Chirchik city,Чирчиқ шаҳри,2013,2013,0.0
1727415,Ohangaron shahri,Город Ахангаран,Akhangaran city,Оҳангарон шаҳри,2013,2013,0.0
1727424,Yangiyo‘lshahri,Город Янгиюль,Yangiyul city,Янгийўлшаҳри,2013,2013,0.0
1727206,Oqqo‘rg‘on tumani,Аккурганский район,Akkurgan district,Оққўрғон тумани,2013,2013,0.7
1727212,Ohangaron tumani,Ахангаранский район,Akhangaran district,Оҳангарон тумани,2013,2013,0.3
1727220,Bekobod tumani,Бекабадский район,Bekabad district,Бекобод тумани,2013,2013,0.3
1727224,Bo‘stonliq tumani,Бостанлыкский район,Bostanlyk district,Бўстонлиқ тумани,2013,2013,0.5
1727228,Bo‘ka tumani,Букинский район,Buka district,Бўка тумани,2013,2013,0.0
1727233,Quyichirchiq tumani,Куйичирчикский район,Kuyichirchik district,Қуйичирчиқ тумани,2013,2013,0.1
1727237,Zangiota tumani,Зангиатинский район,Zangiata district,Зангиота тумани,2013,2013,0.0
1727239,Yuqorichirchiq tumani,Юкоричирчикский район,Yukorichirchik district,Юқоричирчиқ тумани,2013,2013,0.0
1727248,Qibray tumani,Кибрайский район,Kibray district,Қибрай тумани,2013,2013,0.1
1727249,Parkent tumani,Паркентский район,Parkent district,Паркент тумани,2013,2013,0.5
1727250,Piskent tumani,Пскентский район,Piskent district,Пискент тумани,2013,2013,0.0
1727253,O‘rtachirchiq tumani,Уртачирчикский район,Urtachirchik district,Ўртачирчиқ тумани,2013,2013,0.0
1727256,Chinoz tumani,Чиназский район,Chinaz district,Чиноз тумани,2013,2013,0.0
1727259,Yangiyo‘l tumani,Янгиюльский район,Yangiyul district,Янгийўл тумани,2013,2013,0.0
1727265,Toshkent tumani,Ташкентский район,Tashkent district,Тошкент тумани,2013,2013,0.0
1730,Farg‘ona viloyati,Ферганская область,Fergana region,Фарғона вилояти,2013,2013,3.0
1730401,Farg‘ona shahri,Город Фергана,Fergana city,Фарғона шаҳри,2013,2013,0.0
1730405,Qo‘qon shahri,Город Коканд,Kokand city,Қўқон шаҳри,2013,2013,0.0
1730408,Quvasoy shahri,Город Кувасай,Kuvasay city,Қувасой шаҳри,2013,2013,0.0
1730412,Marg‘ilon shahri,Город Маpгилан,Margilan city,Марғилон шаҳри,2013,2013,0.0
1730203,Oltiariq tumani,Алтыарыкский район,Altyaryk district,Олтиариқ тумани,2013,2013,0.0
1730206,Qo‘shtepa tumani,Куштепинский район,Kushtepa district,Қўштепа тумани,2013,2013,0.6
1730209,Bog‘dod tumani,Багдадский район,Baghdad district,Боғдод тумани,2013,2013,0.0
1730212,Buvayda tumani,Бувайдинский район,Buvayda district,Бувайда тумани,2013,2013,0.0
1730215,Beshariq tumani,Бешарыкский район,Besharik district,Бешариқ тумани,2013,2013,1.3
1730218,Quva tumani,Кувинский район,Kuva district,Қува тумани,2013,2013,0.0
1730221,Uchko‘prik tumani,Учкуприкский район,Uchkuprik district,Учкўприк тумани,2013,2013,0.3
1730224,Rishton tumani,Риштанский район,Rishtan district,Риштон тумани,2013,2013,0.0
1730226,So‘x tumani,Сохский район,Sokh district,Сўх тумани,2013,2013,0.2
1730227,Toshloq tumani,Ташлакский район,Tashlak district,Тошлоқ тумани,2013,2013,0.0
1730230,O‘zbekiston tumani,Узбекистанский район,Uzbekistan district,Ўзбекистон тумани,2013,2013,0.0
1730233,Farg‘ona tumani,Ферганский район,Fergana district,Фарғона тумани,2013,2013,0.0
1730236,Dang‘ara tumani,Дангаринский район,Dangara district,Данғара тумани,2013,2013,0.0
1730238,Furqat tumani,Фуркатский район,Furkat district,Фурқат тумани,2013,2013,0.6
1730242,Yozyovon tumani,Язъяванский район,Yazyavan district,Ёзёвон тумани,2013,2013,0.0
1733,Xorazm viloyati,Хорезмская область,Khorezm region,Хоразм вилояти,2013,2013,2.4
1733401,Urganch shahri,Город Ургенч,Urgench city,Урганч шаҳри,2013,2013,0.0
1733406,Xiva shahri,Город Хива,Khiva city,Хива шаҳри,2013,2013,0.0
1733204,Bog‘ot tumani,Багатский район,Bagat district,Боғот тумани,2013,2013,0.5
1733208,Gurlan tumani,Гурленский район,Gurlan district,Гурлан тумани,2013,2013,0.0
1733212,Qo‘shko‘pir tumani,Кошкупырский район,Kushkupyr district,Қўшкўпир тумани,2013,2013,0.0
1733217,Urganch tumani,Ургенчский район,Urgench district,Урганч тумани,2013,2013,0.0
1733220,Xazorasp tumani,Хазараспский район,Khazarasp district,Хазорасп тумани,2013,2013,0.6
1733221,Tuproqqal’a tumani,Тупроккалинский район,Tuprakkala district,Тупроққалъа тумани,2013,2013,0.0
1733223,Xonqa tumani,Ханкинский район,Khanka district,Хонқа тумани,2013,2013,0.0
1733226,Xiva tumani,Хивинский район,Khiva district,Хива тумани,2013,2013,0.4
1733230,Shovot tumani,Шаватский район,Shavat district,Шовот тумани,2013,2013,0.9
1733233,Yangiariq tumani,Янгиарыкский район,Yangiaryk district,Янгиариқ тумани,2013,2013,0.0
1733236,Yangibozor tumani,Янгибазарский район,Yangibazar district,Янгибозор тумани,2013,2013,0.0
1726,Toshkent shahri,город Ташкент,Tashkent city,Тошкент шаҳри,2013,2013,5.1
1726262,Uchtepa tumani,Учтепинский район,Uchtepa district,Учтепа тумани,2013,2013,0.0
1726264,Bektemir tumani,Бектемирский район,Bektemir district,Бектемир тумани,2013,2013,0.6
1726266,Yunusobod tumani,Юнусабадский район,Yunusabad district,Юнусобод тумани,2013,2013,1.8
1726269,Mirzo Ulug‘bek tumani,Мирзо Улугбекский район,Mirzo Ulugbek district,Мирзо Улуғбек тумани,2013,2013,1.2
1726273,Mirobod tumani,Мирабадский район,Mirabad district,Миробод тумани,2013,2013,0.0
1726277,Shayxontoxur tumani,Шайхантахурский район,Shaykhantakhur district,Шайхонтохур тумани,2013,2013,0.6
1726280,Olmazor tumani,Алмазарский район,Almazar district,Олмазор тумани,2013,2013,0.0
1726283,Sirg‘ali tumani,Сергелийский район,Sergeli district,Сирғали тумани,2013,2013,0.9
1726287,Yakkasaroy tumani,Яккасарайский район,Yakkasaray district,Яккасарой тумани,2013,2013,0.0
1726290,Yashnobod tumani,Яшнободский район,Yashnabad district,Яшнобод тумани,2013,2013,0.0
1726292,Yangihayot tumani,Янгихаётский район,Yangikhayot district,Янгиҳаёт тумани,2013,2013,0.0
1726294,Chilonzor tumani,Чиланзарский район,Chilanzar district,Чилонзор тумани,2013,2013,0.0
1700,O‘zbekiston Respublikasi,Республика Узбекистан,Republic of Uzbekistan,Ўзбекистон Республикаси,2014,2014,61.5
1735,Qoraqalpog‘iston Respublikasi,Республика Каракалпакстан,Republic of Karakalpakstan,Қорақалпоғистон Республикаси,2014,2014,2.4
1735401,Nukus shahri,Город Нукус,Nukus city,Нукус шаҳри,2014,2014,0.0
1735204,Amudaryo tumani,Амударьинский район,Amudarya district,Aмударё тумани,2014,2014,0.2
1735207,Beruniy tumani,Берунийский район,Beruniy district,Беруний тумани,2014,2014,0.5
1735209,Bo‘zatov tumani,Бозатауский район,Bozatau district,Бўзатов тумани,2014,2014,0.0
1735211,Qorao‘zak tumani,Караузякский район,Karauzak district,Қораўзак тумани,2014,2014,0.1
1735212,Kegeyli tumani,Кегейлийский район,Kegeyli district,Кегейли тумани,2014,2014,0.0
1735215,Qo‘ng‘irot tumani,Кунградский район,Kungrad district,Қўнғирот тумани,2014,2014,0.7
1735218,Qanliko‘l tumani,Канлыкульский район,Kanlykul district,Қанликўл тумани,2014,2014,0.4
1735222,Mo‘ynoq tumani,Муйнакский район,Muynak district,Мўйноқ тумани,2014,2014,0.0
1735225,Nukus tumani,Нукусский район,Nukus district,Нукус тумани,2014,2014,0.0
1735228,Taxiatosh tumani,Тахиаташский район,Takhiatash district,Тахиатош тумани,2014,2014,0.0
1735230,Taxtako‘pir tumani,Тахтакупырский район,Takhtakupyr district,Тахтакўпир тумани,2014,2014,0.0
1735233,To‘rtko‘l tumani,Турткульский район,Turtkul district,Тўрткўл тумани,2014,2014,0.3
1735236,Xo‘jayli tumani,Ходжейлийский район,Khojeyli district,Хўжайли тумани,2014,2014,0.0
1735240,Chimboy tumani,Чимбайский район,Chimbay district,Чимбой тумани,2014,2014,0.0
1735243,Shumanay tumani,Шуманайский район,Shumanai district,Шуманай тумани,2014,2014,0.0
1735250,Ellikkala tumani,Элликкалинский район,Ellikkala district,Елликкала тумани,2014,2014,0.2
1703,Andijon viloyati,Андижанская область,Andijan region,Aндижон вилояти,2014,2014,5.1
1703401,Andijon shahri,Город Андижан,Andijan city,Aндижон шаҳри,2014,2014,0.0
1703408,Xonobod shahri,Город Ханабад,Khanabadcity,Хонобод шаҳри,2014,2014,0.0
1703202,Oltinko‘l tumani,Алтынкульский район,Altynkul district,Олтинкўл тумани,2014,2014,0.5
1703203,Andijon tumani,Андижанский район,Andijan district,Aндижон тумани,2014,2014,0.3
1703206,Baliqchi tumani,Балыкчинский район,Balykchi district,Балиқчи тумани,2014,2014,0.0
1703209,Bo‘ston tumani,Бустонский район,Bustan district,Бўстон тумани,2014,2014,0.3
1703210,Buloqboshi tumani,Булакбашинский район,Bulakbashi district,Булоқбоши тумани,2014,2014,0.0
1703211,Jalaquduq tumani,Жалакудукский район,Jalаquduk district,Жалақудуқ тумани,2014,2014,0.5
1703214,Izboskan tumani,Избасканский район,Izbaskan district,Избоскан тумани,2014,2014,2.0
1703217,Ulug‘nor tumani,Улугноpский район,Ulugnor district,Улуғнор тумани,2014,2014,0.2
1703220,Qo‘rg‘ontepa tumani,Кургантепинский район,Kurgantepa district,Қўрғонтепа тумани,2014,2014,0.5
1703224,Asaka tumani,Асакинский район,Asaka district,Aсака тумани,2014,2014,0.5
1703227,Marxamat tumani,Мархаматский район,Markhamat district,Мархамат тумани,2014,2014,0.0
1703230,Shaxrixon tumani,Шахриханский район,Shakhrikhan district,Шахрихон тумани,2014,2014,0.0
1703232,Paxtaobod tumani,Пахтаабадский район,Pakhtaabad district,Пахтаобод тумани,2014,2014,0.0
1703236,Xo‘jaobod tumani,Ходжаабадский район,Khojaabad district,Хўжаобод тумани,2014,2014,0.2
1706,Buxoro viloyati,Бухарская область,Bukhara region,Бухоро вилояти,2014,2014,4.6
1706401,Buxoro shahri,Город Бухара,Bukhara city,Бухоро шаҳри,2014,2014,0.6
1706403,Kogon shahri,Город Каган,Kagan city,Когон шаҳри,2014,2014,0.0
1706204,Olot tumani,Алатский район,Alat district,Олот тумани,2014,2014,0.2
1706207,Buxoro tumani,Бухарский район,Bukhara district,Бухоро тумани,2014,2014,0.4
1706212,Vobkent tumani,Вабкентский район,Vobkent district,Вобкент тумани,2014,2014,0.0
1706215,G‘ijduvon tumani,Гиждуванский район,Gijduvan district,Ғиждувон тумани,2014,2014,0.4
1706219,Kogon tumani,Каганский район,Kagan district,Когон тумани,2014,2014,0.3
1706230,Qorako‘l tumani,Каракульский район,Karakul district,Қоракўл тумани,2014,2014,0.8
1706232,Qorovulbozor tumani,Караулбазарский район,Qorovulbozor district,Қоровулбозор тумани,2014,2014,0.0
1706240,Peshku tumani,Пешкунский район,Peshkun district,Пешку тумани,2014,2014,0.4
1706242,Romitan tumani,Ромитанский район,Romitan district,Ромитан тумани,2014,2014,0.5
1706246,Jondor tumani,Жондоpский район,Jondor district,Жондор тумани,2014,2014,0.5
1706258,Shofirkon tumani,Шафирканский район,Shafirkan district,Шофиркон тумани,2014,2014,0.5
1708,Jizzax viloyati,Джизакская область,Jizzakh region,Жиззах вилояти,2014,2014,3.5
1708401,Jizzax shahri,Город Джизак,Jizzakh city,Жиззах шаҳри,2014,2014,0.8
1708201,Arnasoy tumani,Арнасайский район,Arnasay district,Aрнасой тумани,2014,2014,0.0
1708204,Baxmal tumani,Бахмальский район,Bakhmal district,Бахмал тумани,2014,2014,0.6
1708209,G‘allaorol tumani,Галляаральский район,Gallaaral district,Ғаллаорол тумани,2014,2014,1.3
1708212,Sharof Rashidov tumani,Шароф-Рашидовский район,Sharof Rashidov district,Шароф Рашидов тумани,2014,2014,0.5
1708215,Do‘stlik tumani,Дустликский район,Dustlik district,Дўстлик тумани,2014,2014,0.0
1708218,Zomin tumani,Зааминский район,Zomin district,Зомин тумани,2014,2014,0.0
1708220,Zarbdor tumani,Зарбдарский район,Zarbdar district,Зарбдор тумани,2014,2014,0.0
1708223,Mirzacho‘l tumani,Мирзачульский район,Mirzachul district,Мирзачўл тумани,2014,2014,0.0
1708225,Zafarobod tumani,Зафарабадский район,Zafarabad district,Зафаробод тумани,2014,2014,0.0
1708228,Paxtakor tumani,Пахтакорский район,Pakhtakor district,Пахтакор тумани,2014,2014,0.0
1708235,Forish tumani,Фаришский район,Farish district,Фориш тумани,2014,2014,0.3
1708237,Yangiobod tumani,Янгиободский район,Yangiabad district,Янгиобод тумани,2014,2014,0.0
1710,Qashqadaryo viloyati,Кашкадарьинская область,Kashkadarya region,Қашқадарё вилояти,2014,2014,9.2
1710401,Qarshi shahri,Город Карши,Karshi city,Қарши шаҳри,2014,2014,0.3
1710405,Shahrisabz shahri,Город Шахрисабз,Shakhrisabz city,Шаҳрисабз шаҳри,2014,2014,0.0
1710240,Ko‘kdala tumani,Кукдалинский район,Kukdala district,Кўкдала тумани,2014,2014,0.0
1710207,G‘uzor tumani,Гузарский район,Gissar district,Ғузор тумани,2014,2014,0.9
1710212,Dehqonobod tumani,Дехканабадский район,Dehkanabad district,Деҳқонобод тумани,2014,2014,1.1
1710220,Qamashi tumani,Камашинский район,Kamashi district,Қамаши тумани,2014,2014,0.8
1710224,Qarshi tumani,Каршинский район,Karshi district,Қарши тумани,2014,2014,0.2
1710229,Koson tumani,Касанский район,Kasan district,Косон тумани,2014,2014,0.1
1710232,Kitob tumani,Китабский район,Kitab district,Китоб тумани,2014,2014,0.0
1710233,Mirishkor tumani,Миришкорский район,Mirishkor district,Миришкор тумани,2014,2014,0.0
1710234,Muborak tumani,Мубарекский район,Mubarek district,Муборак тумани,2014,2014,0.0
1710235,Nishon tumani,Нишанский район,Nishon district,Нишон тумани,2014,2014,0.0
1710237,Kasbi tumani,Касбинский район,Kasbi district,Касби тумани,2014,2014,0.6
1710242,Chiroqchi tumani,Чиракчинский район,Chirakchi district,Чироқчи тумани,2014,2014,1.4
1710245,Shahrisabz tumani,Шахрисабзский район,Shakhrisabz district,Шаҳрисабз тумани,2014,2014,2.1
1710250,Yakkabog‘ tumani,Яккабагский район,Yakkabag district,Яккабоғ тумани,2014,2014,1.5
1712,Navoiy viloyati,Навоийская область,Navoi region,Навоий вилояти,2014,2014,2.2
1712401,Navoiy shahri,Город Навои,Navoi city,Навоий шаҳри,2014,2014,0.0
1712408,Zarafshon shahri,Город Заpафшан,Zarafshan city,Зарафшон шаҳри,2014,2014,0.0
1712412,G‘ozg‘on shahri,Город Газган,Gazgan city,Ғозғон шаҳри,2014,2014,0.0
1712211,Konimex tumani,Канимехский район,Kanimekh district,Конимех тумани,2014,2014,0.1
1712216,Qiziltepa tumani,Кызылтепинский район,Kyzyltepa district,Қизилтепа тумани,2014,2014,0.2
1712230,Navbahor tumani,Навбахорский район,Navbahor district,Навбаҳор тумани,2014,2014,0.8
1712234,Karmana tumani,Карманинский район,Karmana district,Кармана тумани,2014,2014,0.0
1712238,Nurota tumani,Нуратинский район,Nurota district,Нурота тумани,2014,2014,0.6
1712244,Tomdi tumani,Тамдынский район,Tomdy district,Томди тумани,2014,2014,0.0
1712248,Uchquduq tumani,Учкудукский район,Uchkuduk district,Учқудуқ тумани,2014,2014,0.0
1712251,Xatirchi tumani,Хатырчинский район,Khatyrchi district,Хатирчи тумани,2014,2014,0.6
1714,Namangan viloyati,Наманганская область,Namangan region,Наманган вилояти,2014,2014,4.3
1714401,Namangan shahri,Город Наманган,Namangan city,Наманган шаҳри,2014,2014,0.0
1714204,Mingbuloq tumani,Мингбулакский район,Mingbulak district,Мингбулоқ тумани,2014,2014,0.0
1714207,Kosonsoy tumani,Касансайский район,Kasansay district,Косонсой тумани,2014,2014,0.0
1714212,Namangan tumani,Наманганский район,Namangan district,Наманган тумани,2014,2014,0.4
1714216,Norin tumani,Нарынский район,Naryn district,Норин тумани,2014,2014,0.0
1714219,Pop tumani,Папский район,Pop district,Поп тумани,2014,2014,0.2
1714224,To‘raqo‘rg‘on tumani,Туракурганский район,Turakurgan district,Тўрақўрғон тумани,2014,2014,0.7
1714229,Uychi tumani,Уйчинский район,Uychi district,Уйчи тумани,2014,2014,0.4
1714234,Uchqo‘rg‘on tumani,Учкурганский район,Uchkurgan district,Учқўрғон тумани,2014,2014,0.4
1714236,Chortoq tumani,Чартакский район,Chartak district,Чортоқ тумани,2014,2014,0.0
1714237,Chust tumani,Чустский район,Chust district,Чуст тумани,2014,2014,0.4
1714242,Yangiqo‘rg‘on tumani,Янгикурганский район,Yangikurgan district,Янгиқўрғон тумани,2014,2014,1.7
1718,Samarqand viloyati,Самаркандская область,Samarkand region,Самарқанд вилояти,2014,2014,11.2
1718401,Samarqand shahri,Город Самарканд,Samarkand city,Самарқанд шаҳри,2014,2014,0.0
1718406,Kattaqo'rg'on shahar,Город Каттакурган,Kattaqo'rg'on city,Каттақўрғон шаҳар,2014,2014,0.0
1718203,Oqdaryo tumani,Акдарьинский район,Akdarya district,Оқдарё тумани,2014,2014,1.0
1718206,Bulung‘ur tumani,Булунгурский район,Bulungur district,Булунғур тумани,2014,2014,2.6
1718209,Jomboy tumani,Джамбайский район,Jomboy district,Жомбой тумани,2014,2014,0.1
1718212,Ishtixon tumani,Иштыханский район,Ishtykhan district,Иштихон тумани,2014,2014,0.5
1718215,Kattaqo‘rg‘on tumani,Каттакурганский район,Kattakurgan district,Каттақўрғон тумани,2014,2014,1.0
1718216,Qo‘shrabot tumani,Кошрабадский район,Koshrabad district,Қўшработ тумани,2014,2014,0.8
1718218,Narpay tumani,Нарпайский район,Narpai district,Нарпай тумани,2014,2014,0.7
1718224,Payariq tumani,Пайарыкский район,Payaryk district,Паяриқ тумани,2014,2014,0.5
1718227,Pastdarg‘om tumani,Пастдаргомский район,Pastdargom district,Пастдарғом тумани,2014,2014,0.6
1718230,Paxtachi tumani,Пахтачийский район,Pakhtachi district,Пахтачи тумани,2014,2014,0.3
1718233,Samarqand tumani,Самаркандский район,Samarkand district,Самарқанд тумани,2014,2014,0.5
1718235,Nurobod tumani,Нурабадский район,Nurabad district,Нуробод тумани,2014,2014,0.6
1718236,Urgut tumani,Ургутский район,Urgut district,Ургут тумани,2014,2014,1.2
1718238,Tayloq tumani,Тайлякский район,Tailak district,Тайлоқ тумани,2014,2014,0.8
1722,Surxondaryo viloyati,Сурхандарьинская область,Surkhandarya region,Сурхондарё вилояти,2014,2014,4.1
1722401,Termiz shahri,Город Термез,Termiz city,Термиз шаҳри,2014,2014,0.0
1722201,Oltinsoy tumani,Алтынсайский район,Altynsay district,Олтинсой тумани,2014,2014,0.3
1722202,Angor tumani,Ангорский район,Angor district,Aнгор тумани,2014,2014,0.0
1722203,Bandixon tumani,Бандихонский район,Bandykhan district,Бандихон тумани,2014,2014,0.0
1722204,Boysun tumani,Байсунский район,Baysun district,Бойсун тумани,2014,2014,0.3
1722207,Muzrabot tumani,Музрабадский район,Muzrabad district,Музработ тумани,2014,2014,0.4
1722210,Denov tumani,Денауский район,Denau district,Денов тумани,2014,2014,1.0
1722212,Jarqo‘rg‘on tumani,Джаркурганский район,Jarkurgan district,Жарқўрғон тумани,2014,2014,0.0
1722214,Qumqo‘rg‘on tumani,Кумкурганский район,Kumkurgan district,Қумқўрғон тумани,2014,2014,0.0
1722215,Qiziriq tumani,Кизирикский район,Kizirik district,Қизириқ тумани,2014,2014,0.1
1722217,Sariosiyo tumani,Сариасийский район,Sariosia district,Сариосиё тумани,2014,2014,0.1
1722220,Termiz tumani,Термезский район,Termiz district,Термиз тумани,2014,2014,0.2
1722221,Uzun tumani,Узунский район,Uzun district,Узун тумани,2014,2014,0.3
1722223,Sherobod tumani,Шерабадский район,Sherabad district,Шеробод тумани,2014,2014,0.6
1722226,Sho‘rchi tumani,Шурчинский район,Shurchi district,Шўрчи тумани,2014,2014,0.7
1724,Sirdaryo viloyati,Сырдарьинская область,Syrdarya region,Сирдарё вилояти,2014,2014,1.6
1724401,Guliston shahri,Город Гулистан,Gulistan city,Гулистон шаҳри,2014,2014,0.0
1724410,Shirin shahri,Город Ширин,Shirin city,Ширин шаҳри,2014,2014,0.0
1724413,Yangiyer shahri,Город Янгиер,Yangier city,Янгийер шаҳри,2014,2014,0.0
1724206,Oqoltin tumani,Акалтынский район,Akaltyn district,Оқолтин тумани,2014,2014,0.0
1724212,Boyovut tumani,Баяутский район,Bayaut district,Боёвут тумани,2014,2014,0.3
1724216,Sayxunobod tumani,Сайхунабадский район,Saykhunabad district,Сайхунобод тумани,2014,2014,0.3
1724220,Guliston tumani,Гулистанский район,Gulistan district,Гулистон тумани,2014,2014,0.8
1724226,Sardoba tumani,Сардобский район,Sardoba district,Сардоба тумани,2014,2014,0.0
1724228,Mirzaobod tumani,Мирзаабадский район,Mirzaabad district,Мирзаобод тумани,2014,2014,0.2
1724231,Sirdaryo tumani,Сырдарьинский район,Syrdarya district,Сирдарё тумани,2014,2014,0.0
1724235,Xovos tumani,Хавасский район,Khovos district,Ховос тумани,2014,2014,0.0
1727,Toshkent viloyati,Ташкентская область,Tashkent region,Тошкент вилояти,2014,2014,3.2
1727401,Nurafshon shahri,Город Нурафшон,Nurafshan city,Нурафшон шаҳри,2014,2014,0.0
1727404,Olmaliq shahri,Город Алмалык,Almalyk city,Олмалиқ шаҳри,2014,2014,0.0
1727407,Angren shahri,Город Ангрен,Angren city,Aнгрен шаҳри,2014,2014,0.0
1727413,Bekobod shahri,Город Бекабад,Bekabad city,Бекобод шаҳри,2014,2014,0.0
1727419,Chirchiq shahri,Город Чиpчик,Chirchik city,Чирчиқ шаҳри,2014,2014,0.0
1727415,Ohangaron shahri,Город Ахангаран,Akhangaran city,Оҳангарон шаҳри,2014,2014,0.0
1727424,Yangiyo‘lshahri,Город Янгиюль,Yangiyul city,Янгийўлшаҳри,2014,2014,0.0
1727206,Oqqo‘rg‘on tumani,Аккурганский район,Akkurgan district,Оққўрғон тумани,2014,2014,0.6
1727212,Ohangaron tumani,Ахангаранский район,Akhangaran district,Оҳангарон тумани,2014,2014,0.3
1727220,Bekobod tumani,Бекабадский район,Bekabad district,Бекобод тумани,2014,2014,0.0
1727224,Bo‘stonliq tumani,Бостанлыкский район,Bostanlyk district,Бўстонлиқ тумани,2014,2014,0.1
1727228,Bo‘ka tumani,Букинский район,Buka district,Бўка тумани,2014,2014,0.0
1727233,Quyichirchiq tumani,Куйичирчикский район,Kuyichirchik district,Қуйичирчиқ тумани,2014,2014,0.0
1727237,Zangiota tumani,Зангиатинский район,Zangiata district,Зангиота тумани,2014,2014,0.3
1727239,Yuqorichirchiq tumani,Юкоричирчикский район,Yukorichirchik district,Юқоричирчиқ тумани,2014,2014,0.0
1727248,Qibray tumani,Кибрайский район,Kibray district,Қибрай тумани,2014,2014,0.0
1727249,Parkent tumani,Паркентский район,Parkent district,Паркент тумани,2014,2014,0.2
1727250,Piskent tumani,Пскентский район,Piskent district,Пискент тумани,2014,2014,0.5
1727253,O‘rtachirchiq tumani,Уртачирчикский район,Urtachirchik district,Ўртачирчиқ тумани,2014,2014,0.5
1727256,Chinoz tumani,Чиназский район,Chinaz district,Чиноз тумани,2014,2014,0.2
1727259,Yangiyo‘l tumani,Янгиюльский район,Yangiyul district,Янгийўл тумани,2014,2014,0.4
1727265,Toshkent tumani,Ташкентский район,Tashkent district,Тошкент тумани,2014,2014,0.0
1730,Farg‘ona viloyati,Ферганская область,Fergana region,Фарғона вилояти,2014,2014,5.4
1730401,Farg‘ona shahri,Город Фергана,Fergana city,Фарғона шаҳри,2014,2014,0.0
1730405,Qo‘qon shahri,Город Коканд,Kokand city,Қўқон шаҳри,2014,2014,0.2
1730408,Quvasoy shahri,Город Кувасай,Kuvasay city,Қувасой шаҳри,2014,2014,0.8
1730412,Marg‘ilon shahri,Город Маpгилан,Margilan city,Марғилон шаҳри,2014,2014,0.5
1730203,Oltiariq tumani,Алтыарыкский район,Altyaryk district,Олтиариқ тумани,2014,2014,0.0
1730206,Qo‘shtepa tumani,Куштепинский район,Kushtepa district,Қўштепа тумани,2014,2014,0.1
1730209,Bog‘dod tumani,Багдадский район,Baghdad district,Боғдод тумани,2014,2014,0.0
1730212,Buvayda tumani,Бувайдинский район,Buvayda district,Бувайда тумани,2014,2014,0.0
1730215,Beshariq tumani,Бешарыкский район,Besharik district,Бешариқ тумани,2014,2014,1.6
1730218,Quva tumani,Кувинский район,Kuva district,Қува тумани,2014,2014,0.0
1730221,Uchko‘prik tumani,Учкуприкский район,Uchkuprik district,Учкўприк тумани,2014,2014,0.2
1730224,Rishton tumani,Риштанский район,Rishtan district,Риштон тумани,2014,2014,0.0
1730226,So‘x tumani,Сохский район,Sokh district,Сўх тумани,2014,2014,0.0
1730227,Toshloq tumani,Ташлакский район,Tashlak district,Тошлоқ тумани,2014,2014,0.7
1730230,O‘zbekiston tumani,Узбекистанский район,Uzbekistan district,Ўзбекистон тумани,2014,2014,0.8
1730233,Farg‘ona tumani,Ферганский район,Fergana district,Фарғона тумани,2014,2014,0.0
1730236,Dang‘ara tumani,Дангаринский район,Dangara district,Данғара тумани,2014,2014,0.0
1730238,Furqat tumani,Фуркатский район,Furkat district,Фурқат тумани,2014,2014,0.2
1730242,Yozyovon tumani,Язъяванский район,Yazyavan district,Ёзёвон тумани,2014,2014,0.0
1733,Xorazm viloyati,Хорезмская область,Khorezm region,Хоразм вилояти,2014,2014,3.1
1733401,Urganch shahri,Город Ургенч,Urgench city,Урганч шаҳри,2014,2014,0.6
1733406,Xiva shahri,Город Хива,Khiva city,Хива шаҳри,2014,2014,0.0
1733204,Bog‘ot tumani,Багатский район,Bagat district,Боғот тумани,2014,2014,0.8
1733208,Gurlan tumani,Гурленский район,Gurlan district,Гурлан тумани,2014,2014,0.0
1733212,Qo‘shko‘pir tumani,Кошкупырский район,Kushkupyr district,Қўшкўпир тумани,2014,2014,0.6
1733217,Urganch tumani,Ургенчский район,Urgench district,Урганч тумани,2014,2014,0.0
1733220,Xazorasp tumani,Хазараспский район,Khazarasp district,Хазорасп тумани,2014,2014,0.0
1733221,Tuproqqal’a tumani,Тупроккалинский район,Tuprakkala district,Тупроққалъа тумани,2014,2014,0.0
1733223,Xonqa tumani,Ханкинский район,Khanka district,Хонқа тумани,2014,2014,0.7
1733226,Xiva tumani,Хивинский район,Khiva district,Хива тумани,2014,2014,0.0
1733230,Shovot tumani,Шаватский район,Shavat district,Шовот тумани,2014,2014,0.0
1733233,Yangiariq tumani,Янгиарыкский район,Yangiaryk district,Янгиариқ тумани,2014,2014,0.4
1733236,Yangibozor tumani,Янгибазарский район,Yangibazar district,Янгибозор тумани,2014,2014,0.0
1726,Toshkent shahri,город Ташкент,Tashkent city,Тошкент шаҳри,2014,2014,1.6
1726262,Uchtepa tumani,Учтепинский район,Uchtepa district,Учтепа тумани,2014,2014,0.0
1726264,Bektemir tumani,Бектемирский район,Bektemir district,Бектемир тумани,2014,2014,0.2
1726266,Yunusobod tumani,Юнусабадский район,Yunusabad district,Юнусобод тумани,2014,2014,0.0
1726269,Mirzo Ulug‘bek tumani,Мирзо Улугбекский район,Mirzo Ulugbek district,Мирзо Улуғбек тумани,2014,2014,0.0
1726273,Mirobod tumani,Мирабадский район,Mirabad district,Миробод тумани,2014,2014,0.0
1726277,Shayxontoxur tumani,Шайхантахурский район,Shaykhantakhur district,Шайхонтохур тумани,2014,2014,1.2
1726280,Olmazor tumani,Алмазарский район,Almazar district,Олмазор тумани,2014,2014,0.0
1726283,Sirg‘ali tumani,Сергелийский район,Sergeli district,Сирғали тумани,2014,2014,0.0
1726287,Yakkasaroy tumani,Яккасарайский район,Yakkasaray district,Яккасарой тумани,2014,2014,0.0
1726290,Yashnobod tumani,Яшнободский район,Yashnabad district,Яшнобод тумани,2014,2014,0.3
1726292,Yangihayot tumani,Янгихаётский район,Yangikhayot district,Янгиҳаёт тумани,2014,2014,0.0
1726294,Chilonzor tumani,Чиланзарский район,Chilanzar district,Чилонзор тумани,2014,2014,0.0
1700,O‘zbekiston Respublikasi,Республика Узбекистан,Republic of Uzbekistan,Ўзбекистон Республикаси,2015,2015,57.9
1735,Qoraqalpog‘iston Respublikasi,Республика Каракалпакстан,Republic of Karakalpakstan,Қорақалпоғистон Республикаси,2015,2015,2.6
1735401,Nukus shahri,Город Нукус,Nukus city,Нукус шаҳри,2015,2015,0.2
1735204,Amudaryo tumani,Амударьинский район,Amudarya district,Aмударё тумани,2015,2015,0.0
1735207,Beruniy tumani,Берунийский район,Beruniy district,Беруний тумани,2015,2015,0.0
1735209,Bo‘zatov tumani,Бозатауский район,Bozatau district,Бўзатов тумани,2015,2015,0.0
1735211,Qorao‘zak tumani,Караузякский район,Karauzak district,Қораўзак тумани,2015,2015,0.0
1735212,Kegeyli tumani,Кегейлийский район,Kegeyli district,Кегейли тумани,2015,2015,0.0
1735215,Qo‘ng‘irot tumani,Кунградский район,Kungrad district,Қўнғирот тумани,2015,2015,0.2
1735218,Qanliko‘l tumani,Канлыкульский район,Kanlykul district,Қанликўл тумани,2015,2015,0.0
1735222,Mo‘ynoq tumani,Муйнакский район,Muynak district,Мўйноқ тумани,2015,2015,0.0
1735225,Nukus tumani,Нукусский район,Nukus district,Нукус тумани,2015,2015,0.0
1735228,Taxiatosh tumani,Тахиаташский район,Takhiatash district,Тахиатош тумани,2015,2015,0.0
1735230,Taxtako‘pir tumani,Тахтакупырский район,Takhtakupyr district,Тахтакўпир тумани,2015,2015,0.0
1735233,To‘rtko‘l tumani,Турткульский район,Turtkul district,Тўрткўл тумани,2015,2015,1.1
1735236,Xo‘jayli tumani,Ходжейлийский район,Khojeyli district,Хўжайли тумани,2015,2015,0.3
1735240,Chimboy tumani,Чимбайский район,Chimbay district,Чимбой тумани,2015,2015,0.0
1735243,Shumanay tumani,Шуманайский район,Shumanai district,Шуманай тумани,2015,2015,0.0
1735250,Ellikkala tumani,Элликкалинский район,Ellikkala district,Елликкала тумани,2015,2015,0.7
1703,Andijon viloyati,Андижанская область,Andijan region,Aндижон вилояти,2015,2015,4.4
1703401,Andijon shahri,Город Андижан,Andijan city,Aндижон шаҳри,2015,2015,1.1
1703408,Xonobod shahri,Город Ханабад,Khanabadcity,Хонобод шаҳри,2015,2015,0.3
1703202,Oltinko‘l tumani,Алтынкульский район,Altynkul district,Олтинкўл тумани,2015,2015,0.0
1703203,Andijon tumani,Андижанский район,Andijan district,Aндижон тумани,2015,2015,0.7
1703206,Baliqchi tumani,Балыкчинский район,Balykchi district,Балиқчи тумани,2015,2015,0.2
1703209,Bo‘ston tumani,Бустонский район,Bustan district,Бўстон тумани,2015,2015,0.0
1703210,Buloqboshi tumani,Булакбашинский район,Bulakbashi district,Булоқбоши тумани,2015,2015,0.7
1703211,Jalaquduq tumani,Жалакудукский район,Jalаquduk district,Жалақудуқ тумани,2015,2015,0.6
1703214,Izboskan tumani,Избасканский район,Izbaskan district,Избоскан тумани,2015,2015,0.0
1703217,Ulug‘nor tumani,Улугноpский район,Ulugnor district,Улуғнор тумани,2015,2015,0.0
1703220,Qo‘rg‘ontepa tumani,Кургантепинский район,Kurgantepa district,Қўрғонтепа тумани,2015,2015,0.0
1703224,Asaka tumani,Асакинский район,Asaka district,Aсака тумани,2015,2015,0.0
1703227,Marxamat tumani,Мархаматский район,Markhamat district,Мархамат тумани,2015,2015,0.0
1703230,Shaxrixon tumani,Шахриханский район,Shakhrikhan district,Шахрихон тумани,2015,2015,0.4
1703232,Paxtaobod tumani,Пахтаабадский район,Pakhtaabad district,Пахтаобод тумани,2015,2015,0.0
1703236,Xo‘jaobod tumani,Ходжаабадский район,Khojaabad district,Хўжаобод тумани,2015,2015,0.3
1706,Buxoro viloyati,Бухарская область,Bukhara region,Бухоро вилояти,2015,2015,6.0
1706401,Buxoro shahri,Город Бухара,Bukhara city,Бухоро шаҳри,2015,2015,0.0
1706403,Kogon shahri,Город Каган,Kagan city,Когон шаҳри,2015,2015,0.0
1706204,Olot tumani,Алатский район,Alat district,Олот тумани,2015,2015,0.3
1706207,Buxoro tumani,Бухарский район,Bukhara district,Бухоро тумани,2015,2015,1.1
1706212,Vobkent tumani,Вабкентский район,Vobkent district,Вобкент тумани,2015,2015,0.0
1706215,G‘ijduvon tumani,Гиждуванский район,Gijduvan district,Ғиждувон тумани,2015,2015,2.6
1706219,Kogon tumani,Каганский район,Kagan district,Когон тумани,2015,2015,0.0
1706230,Qorako‘l tumani,Каракульский район,Karakul district,Қоракўл тумани,2015,2015,0.5
1706232,Qorovulbozor tumani,Караулбазарский район,Qorovulbozor district,Қоровулбозор тумани,2015,2015,0.0
1706240,Peshku tumani,Пешкунский район,Peshkun district,Пешку тумани,2015,2015,0.3
1706242,Romitan tumani,Ромитанский район,Romitan district,Ромитан тумани,2015,2015,0.3
1706246,Jondor tumani,Жондоpский район,Jondor district,Жондор тумани,2015,2015,0.6
1706258,Shofirkon tumani,Шафирканский район,Shafirkan district,Шофиркон тумани,2015,2015,0.3
1708,Jizzax viloyati,Джизакская область,Jizzakh region,Жиззах вилояти,2015,2015,1.7
1708401,Jizzax shahri,Город Джизак,Jizzakh city,Жиззах шаҳри,2015,2015,0.3
1708201,Arnasoy tumani,Арнасайский район,Arnasay district,Aрнасой тумани,2015,2015,0.0
1708204,Baxmal tumani,Бахмальский район,Bakhmal district,Бахмал тумани,2015,2015,0.2
1708209,G‘allaorol tumani,Галляаральский район,Gallaaral district,Ғаллаорол тумани,2015,2015,0.4
1708212,Sharof Rashidov tumani,Шароф-Рашидовский район,Sharof Rashidov district,Шароф Рашидов тумани,2015,2015,0.4
1708215,Do‘stlik tumani,Дустликский район,Dustlik district,Дўстлик тумани,2015,2015,0.3
1708218,Zomin tumani,Зааминский район,Zomin district,Зомин тумани,2015,2015,0.0
1708220,Zarbdor tumani,Зарбдарский район,Zarbdar district,Зарбдор тумани,2015,2015,0.0
1708223,Mirzacho‘l tumani,Мирзачульский район,Mirzachul district,Мирзачўл тумани,2015,2015,0.0
1708225,Zafarobod tumani,Зафарабадский район,Zafarabad district,Зафаробод тумани,2015,2015,0.0
1708228,Paxtakor tumani,Пахтакорский район,Pakhtakor district,Пахтакор тумани,2015,2015,0.0
1708235,Forish tumani,Фаришский район,Farish district,Фориш тумани,2015,2015,0.2
1708237,Yangiobod tumani,Янгиободский район,Yangiabad district,Янгиобод тумани,2015,2015,0.0
1710,Qashqadaryo viloyati,Кашкадарьинская область,Kashkadarya region,Қашқадарё вилояти,2015,2015,9.0
1710401,Qarshi shahri,Город Карши,Karshi city,Қарши шаҳри,2015,2015,0.2
1710405,Shahrisabz shahri,Город Шахрисабз,Shakhrisabz city,Шаҳрисабз шаҳри,2015,2015,0.0
1710240,Ko‘kdala tumani,Кукдалинский район,Kukdala district,Кўкдала тумани,2015,2015,0.0
1710207,G‘uzor tumani,Гузарский район,Gissar district,Ғузор тумани,2015,2015,0.2
1710212,Dehqonobod tumani,Дехканабадский район,Dehkanabad district,Деҳқонобод тумани,2015,2015,0.7
1710220,Qamashi tumani,Камашинский район,Kamashi district,Қамаши тумани,2015,2015,0.3
1710224,Qarshi tumani,Каршинский район,Karshi district,Қарши тумани,2015,2015,0.0
1710229,Koson tumani,Касанский район,Kasan district,Косон тумани,2015,2015,0.0
1710232,Kitob tumani,Китабский район,Kitab district,Китоб тумани,2015,2015,0.7
1710233,Mirishkor tumani,Миришкорский район,Mirishkor district,Миришкор тумани,2015,2015,0.0
1710234,Muborak tumani,Мубарекский район,Mubarek district,Муборак тумани,2015,2015,0.4
1710235,Nishon tumani,Нишанский район,Nishon district,Нишон тумани,2015,2015,0.2
1710237,Kasbi tumani,Касбинский район,Kasbi district,Касби тумани,2015,2015,0.8
1710242,Chiroqchi tumani,Чиракчинский район,Chirakchi district,Чироқчи тумани,2015,2015,3.0
1710245,Shahrisabz tumani,Шахрисабзский район,Shakhrisabz district,Шаҳрисабз тумани,2015,2015,1.4
1710250,Yakkabog‘ tumani,Яккабагский район,Yakkabag district,Яккабоғ тумани,2015,2015,1.1
1712,Navoiy viloyati,Навоийская область,Navoi region,Навоий вилояти,2015,2015,2.1
1712401,Navoiy shahri,Город Навои,Navoi city,Навоий шаҳри,2015,2015,0.2
1712408,Zarafshon shahri,Город Заpафшан,Zarafshan city,Зарафшон шаҳри,2015,2015,0.0
1712412,G‘ozg‘on shahri,Город Газган,Gazgan city,Ғозғон шаҳри,2015,2015,0.0
1712211,Konimex tumani,Канимехский район,Kanimekh district,Конимех тумани,2015,2015,0.1
1712216,Qiziltepa tumani,Кызылтепинский район,Kyzyltepa district,Қизилтепа тумани,2015,2015,0.0
1712230,Navbahor tumani,Навбахорский район,Navbahor district,Навбаҳор тумани,2015,2015,0.0
1712234,Karmana tumani,Карманинский район,Karmana district,Кармана тумани,2015,2015,0.4
1712238,Nurota tumani,Нуратинский район,Nurota district,Нурота тумани,2015,2015,0.4
1712244,Tomdi tumani,Тамдынский район,Tomdy district,Томди тумани,2015,2015,0.0
1712248,Uchquduq tumani,Учкудукский район,Uchkuduk district,Учқудуқ тумани,2015,2015,0.0
1712251,Xatirchi tumani,Хатырчинский район,Khatyrchi district,Хатирчи тумани,2015,2015,1.0
1714,Namangan viloyati,Наманганская область,Namangan region,Наманган вилояти,2015,2015,3.3
1714401,Namangan shahri,Город Наманган,Namangan city,Наманган шаҳри,2015,2015,0.0
1714204,Mingbuloq tumani,Мингбулакский район,Mingbulak district,Мингбулоқ тумани,2015,2015,0.0
1714207,Kosonsoy tumani,Касансайский район,Kasansay district,Косонсой тумани,2015,2015,0.0
1714212,Namangan tumani,Наманганский район,Namangan district,Наманган тумани,2015,2015,1.0
1714216,Norin tumani,Нарынский район,Naryn district,Норин тумани,2015,2015,0.4
1714219,Pop tumani,Папский район,Pop district,Поп тумани,2015,2015,0.3
1714224,To‘raqo‘rg‘on tumani,Туракурганский район,Turakurgan district,Тўрақўрғон тумани,2015,2015,0.0
1714229,Uychi tumani,Уйчинский район,Uychi district,Уйчи тумани,2015,2015,0.6
1714234,Uchqo‘rg‘on tumani,Учкурганский район,Uchkurgan district,Учқўрғон тумани,2015,2015,0.7
1714236,Chortoq tumani,Чартакский район,Chartak district,Чортоқ тумани,2015,2015,0.0
1714237,Chust tumani,Чустский район,Chust district,Чуст тумани,2015,2015,0.2
1714242,Yangiqo‘rg‘on tumani,Янгикурганский район,Yangikurgan district,Янгиқўрғон тумани,2015,2015,0.1
1718,Samarqand viloyati,Самаркандская область,Samarkand region,Самарқанд вилояти,2015,2015,10.4
1718401,Samarqand shahri,Город Самарканд,Samarkand city,Самарқанд шаҳри,2015,2015,0.6
1718406,Kattaqo'rg'on shahar,Город Каттакурган,Kattaqo'rg'on city,Каттақўрғон шаҳар,2015,2015,0.0
1718203,Oqdaryo tumani,Акдарьинский район,Akdarya district,Оқдарё тумани,2015,2015,0.2
1718206,Bulung‘ur tumani,Булунгурский район,Bulungur district,Булунғур тумани,2015,2015,0.8
1718209,Jomboy tumani,Джамбайский район,Jomboy district,Жомбой тумани,2015,2015,0.0
1718212,Ishtixon tumani,Иштыханский район,Ishtykhan district,Иштихон тумани,2015,2015,1.2
1718215,Kattaqo‘rg‘on tumani,Каттакурганский район,Kattakurgan district,Каттақўрғон тумани,2015,2015,1.0
1718216,Qo‘shrabot tumani,Кошрабадский район,Koshrabad district,Қўшработ тумани,2015,2015,2.5
1718218,Narpay tumani,Нарпайский район,Narpai district,Нарпай тумани,2015,2015,0.2
1718224,Payariq tumani,Пайарыкский район,Payaryk district,Паяриқ тумани,2015,2015,0.7
1718227,Pastdarg‘om tumani,Пастдаргомский район,Pastdargom district,Пастдарғом тумани,2015,2015,0.9
1718230,Paxtachi tumani,Пахтачийский район,Pakhtachi district,Пахтачи тумани,2015,2015,0.4
1718233,Samarqand tumani,Самаркандский район,Samarkand district,Самарқанд тумани,2015,2015,0.0
1718235,Nurobod tumani,Нурабадский район,Nurabad district,Нуробод тумани,2015,2015,0.8
1718236,Urgut tumani,Ургутский район,Urgut district,Ургут тумани,2015,2015,1.0
1718238,Tayloq tumani,Тайлякский район,Tailak district,Тайлоқ тумани,2015,2015,0.1
1722,Surxondaryo viloyati,Сурхандарьинская область,Surkhandarya region,Сурхондарё вилояти,2015,2015,2.2
1722401,Termiz shahri,Город Термез,Termiz city,Термиз шаҳри,2015,2015,0.0
1722201,Oltinsoy tumani,Алтынсайский район,Altynsay district,Олтинсой тумани,2015,2015,0.0
1722202,Angor tumani,Ангорский район,Angor district,Aнгор тумани,2015,2015,0.3
1722203,Bandixon tumani,Бандихонский район,Bandykhan district,Бандихон тумани,2015,2015,0.0
1722204,Boysun tumani,Байсунский район,Baysun district,Бойсун тумани,2015,2015,0.2
1722207,Muzrabot tumani,Музрабадский район,Muzrabad district,Музработ тумани,2015,2015,0.1
1722210,Denov tumani,Денауский район,Denau district,Денов тумани,2015,2015,0.1
1722212,Jarqo‘rg‘on tumani,Джаркурганский район,Jarkurgan district,Жарқўрғон тумани,2015,2015,0.0
1722214,Qumqo‘rg‘on tumani,Кумкурганский район,Kumkurgan district,Қумқўрғон тумани,2015,2015,0.3
1722215,Qiziriq tumani,Кизирикский район,Kizirik district,Қизириқ тумани,2015,2015,0.3
1722217,Sariosiyo tumani,Сариасийский район,Sariosia district,Сариосиё тумани,2015,2015,0.2
1722220,Termiz tumani,Термезский район,Termiz district,Термиз тумани,2015,2015,0.0
1722221,Uzun tumani,Узунский район,Uzun district,Узун тумани,2015,2015,0.2
1722223,Sherobod tumani,Шерабадский район,Sherabad district,Шеробод тумани,2015,2015,0.4
1722226,Sho‘rchi tumani,Шурчинский район,Shurchi district,Шўрчи тумани,2015,2015,0.1
1724,Sirdaryo viloyati,Сырдарьинская область,Syrdarya region,Сирдарё вилояти,2015,2015,0.7
1724401,Guliston shahri,Город Гулистан,Gulistan city,Гулистон шаҳри,2015,2015,0.0
1724410,Shirin shahri,Город Ширин,Shirin city,Ширин шаҳри,2015,2015,0.0
1724413,Yangiyer shahri,Город Янгиер,Yangier city,Янгийер шаҳри,2015,2015,0.0
1724206,Oqoltin tumani,Акалтынский район,Akaltyn district,Оқолтин тумани,2015,2015,0.0
1724212,Boyovut tumani,Баяутский район,Bayaut district,Боёвут тумани,2015,2015,0.6
1724216,Sayxunobod tumani,Сайхунабадский район,Saykhunabad district,Сайхунобод тумани,2015,2015,0.0
1724220,Guliston tumani,Гулистанский район,Gulistan district,Гулистон тумани,2015,2015,0.0
1724226,Sardoba tumani,Сардобский район,Sardoba district,Сардоба тумани,2015,2015,0.1
1724228,Mirzaobod tumani,Мирзаабадский район,Mirzaabad district,Мирзаобод тумани,2015,2015,0.0
1724231,Sirdaryo tumani,Сырдарьинский район,Syrdarya district,Сирдарё тумани,2015,2015,0.0
1724235,Xovos tumani,Хавасский район,Khovos district,Ховос тумани,2015,2015,0.0
1727,Toshkent viloyati,Ташкентская область,Tashkent region,Тошкент вилояти,2015,2015,6.8
1727401,Nurafshon shahri,Город Нурафшон,Nurafshan city,Нурафшон шаҳри,2015,2015,0.0
1727404,Olmaliq shahri,Город Алмалык,Almalyk city,Олмалиқ шаҳри,2015,2015,0.0
1727407,Angren shahri,Город Ангрен,Angren city,Aнгрен шаҳри,2015,2015,0.0
1727413,Bekobod shahri,Город Бекабад,Bekabad city,Бекобод шаҳри,2015,2015,0.1
1727419,Chirchiq shahri,Город Чиpчик,Chirchik city,Чирчиқ шаҳри,2015,2015,0.0
1727415,Ohangaron shahri,Город Ахангаран,Akhangaran city,Оҳангарон шаҳри,2015,2015,0.0
1727424,Yangiyo‘lshahri,Город Янгиюль,Yangiyul city,Янгийўлшаҳри,2015,2015,0.0
1727206,Oqqo‘rg‘on tumani,Аккурганский район,Akkurgan district,Оққўрғон тумани,2015,2015,0.1
1727212,Ohangaron tumani,Ахангаранский район,Akhangaran district,Оҳангарон тумани,2015,2015,0.7
1727220,Bekobod tumani,Бекабадский район,Bekabad district,Бекобод тумани,2015,2015,1.3
1727224,Bo‘stonliq tumani,Бостанлыкский район,Bostanlyk district,Бўстонлиқ тумани,2015,2015,0.2
1727228,Bo‘ka tumani,Букинский район,Buka district,Бўка тумани,2015,2015,0.0
1727233,Quyichirchiq tumani,Куйичирчикский район,Kuyichirchik district,Қуйичирчиқ тумани,2015,2015,0.3
1727237,Zangiota tumani,Зангиатинский район,Zangiata district,Зангиота тумани,2015,2015,0.8
1727239,Yuqorichirchiq tumani,Юкоричирчикский район,Yukorichirchik district,Юқоричирчиқ тумани,2015,2015,0.2
1727248,Qibray tumani,Кибрайский район,Kibray district,Қибрай тумани,2015,2015,0.5
1727249,Parkent tumani,Паркентский район,Parkent district,Паркент тумани,2015,2015,0.8
1727250,Piskent tumani,Пскентский район,Piskent district,Пискент тумани,2015,2015,0.0
1727253,O‘rtachirchiq tumani,Уртачирчикский район,Urtachirchik district,Ўртачирчиқ тумани,2015,2015,0.7
1727256,Chinoz tumani,Чиназский район,Chinaz district,Чиноз тумани,2015,2015,0.0
1727259,Yangiyo‘l tumani,Янгиюльский район,Yangiyul district,Янгийўл тумани,2015,2015,1.2
1727265,Toshkent tumani,Ташкентский район,Tashkent district,Тошкент тумани,2015,2015,0.0
1730,Farg‘ona viloyati,Ферганская область,Fergana region,Фарғона вилояти,2015,2015,4.1
1730401,Farg‘ona shahri,Город Фергана,Fergana city,Фарғона шаҳри,2015,2015,0.2
1730405,Qo‘qon shahri,Город Коканд,Kokand city,Қўқон шаҳри,2015,2015,0.0
1730408,Quvasoy shahri,Город Кувасай,Kuvasay city,Қувасой шаҳри,2015,2015,0.3
1730412,Marg‘ilon shahri,Город Маpгилан,Margilan city,Марғилон шаҳри,2015,2015,0.0
1730203,Oltiariq tumani,Алтыарыкский район,Altyaryk district,Олтиариқ тумани,2015,2015,0.0
1730206,Qo‘shtepa tumani,Куштепинский район,Kushtepa district,Қўштепа тумани,2015,2015,0.6
1730209,Bog‘dod tumani,Багдадский район,Baghdad district,Боғдод тумани,2015,2015,0.3
1730212,Buvayda tumani,Бувайдинский район,Buvayda district,Бувайда тумани,2015,2015,0.4
1730215,Beshariq tumani,Бешарыкский район,Besharik district,Бешариқ тумани,2015,2015,0.9
1730218,Quva tumani,Кувинский район,Kuva district,Қува тумани,2015,2015,0.9
1730221,Uchko‘prik tumani,Учкуприкский район,Uchkuprik district,Учкўприк тумани,2015,2015,0.0
1730224,Rishton tumani,Риштанский район,Rishtan district,Риштон тумани,2015,2015,0.0
1730226,So‘x tumani,Сохский район,Sokh district,Сўх тумани,2015,2015,0.2
1730227,Toshloq tumani,Ташлакский район,Tashlak district,Тошлоқ тумани,2015,2015,0.0
1730230,O‘zbekiston tumani,Узбекистанский район,Uzbekistan district,Ўзбекистон тумани,2015,2015,0.4
1730233,Farg‘ona tumani,Ферганский район,Fergana district,Фарғона тумани,2015,2015,0.0
1730236,Dang‘ara tumani,Дангаринский район,Dangara district,Данғара тумани,2015,2015,0.0
1730238,Furqat tumani,Фуркатский район,Furkat district,Фурқат тумани,2015,2015,0.0
1730242,Yozyovon tumani,Язъяванский район,Yazyavan district,Ёзёвон тумани,2015,2015,0.0
1733,Xorazm viloyati,Хорезмская область,Khorezm region,Хоразм вилояти,2015,2015,2.6
1733401,Urganch shahri,Город Ургенч,Urgench city,Урганч шаҳри,2015,2015,0.0
1733406,Xiva shahri,Город Хива,Khiva city,Хива шаҳри,2015,2015,0.0
1733204,Bog‘ot tumani,Багатский район,Bagat district,Боғот тумани,2015,2015,0.3
1733208,Gurlan tumani,Гурленский район,Gurlan district,Гурлан тумани,2015,2015,0.6
1733212,Qo‘shko‘pir tumani,Кошкупырский район,Kushkupyr district,Қўшкўпир тумани,2015,2015,0.5
1733217,Urganch tumani,Ургенчский район,Urgench district,Урганч тумани,2015,2015,0.0
1733220,Xazorasp tumani,Хазараспский район,Khazarasp district,Хазорасп тумани,2015,2015,0.6
1733221,Tuproqqal’a tumani,Тупроккалинский район,Tuprakkala district,Тупроққалъа тумани,2015,2015,0.0
1733223,Xonqa tumani,Ханкинский район,Khanka district,Хонқа тумани,2015,2015,0.2
1733226,Xiva tumani,Хивинский район,Khiva district,Хива тумани,2015,2015,0.2
1733230,Shovot tumani,Шаватский район,Shavat district,Шовот тумани,2015,2015,0.0
1733233,Yangiariq tumani,Янгиарыкский район,Yangiaryk district,Янгиариқ тумани,2015,2015,0.0
1733236,Yangibozor tumani,Янгибазарский район,Yangibazar district,Янгибозор тумани,2015,2015,0.2
1726,Toshkent shahri,город Ташкент,Tashkent city,Тошкент шаҳри,2015,2015,2.0
1726262,Uchtepa tumani,Учтепинский район,Uchtepa district,Учтепа тумани,2015,2015,0.0
1726264,Bektemir tumani,Бектемирский район,Bektemir district,Бектемир тумани,2015,2015,0.0
1726266,Yunusobod tumani,Юнусабадский район,Yunusabad district,Юнусобод тумани,2015,2015,0.0
1726269,Mirzo Ulug‘bek tumani,Мирзо Улугбекский район,Mirzo Ulugbek district,Мирзо Улуғбек тумани,2015,2015,0.3
1726273,Mirobod tumani,Мирабадский район,Mirabad district,Миробод тумани,2015,2015,0.0
1726277,Shayxontoxur tumani,Шайхантахурский район,Shaykhantakhur district,Шайхонтохур тумани,2015,2015,0.0
1726280,Olmazor tumani,Алмазарский район,Almazar district,Олмазор тумани,2015,2015,1.5
1726283,Sirg‘ali tumani,Сергелийский район,Sergeli district,Сирғали тумани,2015,2015,0.0
1726287,Yakkasaroy tumani,Яккасарайский район,Yakkasaray district,Яккасарой тумани,2015,2015,0.0
1726290,Yashnobod tumani,Яшнободский район,Yashnabad district,Яшнобод тумани,2015,2015,0.3
1726292,Yangihayot tumani,Янгихаётский район,Yangikhayot district,Янгиҳаёт тумани,2015,2015,0.0
1726294,Chilonzor tumani,Чиланзарский район,Chilanzar district,Чилонзор тумани,2015,2015,0.0
1700,O‘zbekiston Respublikasi,Республика Узбекистан,Republic of Uzbekistan,Ўзбекистон Республикаси,2016,2016,88.9
1735,Qoraqalpog‘iston Respublikasi,Республика Каракалпакстан,Republic of Karakalpakstan,Қорақалпоғистон Республикаси,2016,2016,4.8
1735401,Nukus shahri,Город Нукус,Nukus city,Нукус шаҳри,2016,2016,1.5
1735204,Amudaryo tumani,Амударьинский район,Amudarya district,Aмударё тумани,2016,2016,0.3
1735207,Beruniy tumani,Берунийский район,Beruniy district,Беруний тумани,2016,2016,0.0
1735209,Bo‘zatov tumani,Бозатауский район,Bozatau district,Бўзатов тумани,2016,2016,0.0
1735211,Qorao‘zak tumani,Караузякский район,Karauzak district,Қораўзак тумани,2016,2016,0.1
1735212,Kegeyli tumani,Кегейлийский район,Kegeyli district,Кегейли тумани,2016,2016,0.0
1735215,Qo‘ng‘irot tumani,Кунградский район,Kungrad district,Қўнғирот тумани,2016,2016,0.7
1735218,Qanliko‘l tumani,Канлыкульский район,Kanlykul district,Қанликўл тумани,2016,2016,0.1
1735222,Mo‘ynoq tumani,Муйнакский район,Muynak district,Мўйноқ тумани,2016,2016,0.0
1735225,Nukus tumani,Нукусский район,Nukus district,Нукус тумани,2016,2016,0.2
1735228,Taxiatosh tumani,Тахиаташский район,Takhiatash district,Тахиатош тумани,2016,2016,0.0
1735230,Taxtako‘pir tumani,Тахтакупырский район,Takhtakupyr district,Тахтакўпир тумани,2016,2016,0.0
1735233,To‘rtko‘l tumani,Турткульский район,Turtkul district,Тўрткўл тумани,2016,2016,0.3
1735236,Xo‘jayli tumani,Ходжейлийский район,Khojeyli district,Хўжайли тумани,2016,2016,0.0
1735240,Chimboy tumani,Чимбайский район,Chimbay district,Чимбой тумани,2016,2016,0.4
1735243,Shumanay tumani,Шуманайский район,Shumanai district,Шуманай тумани,2016,2016,0.0
1735250,Ellikkala tumani,Элликкалинский район,Ellikkala district,Елликкала тумани,2016,2016,1.2
1703,Andijon viloyati,Андижанская область,Andijan region,Aндижон вилояти,2016,2016,4.1
1703401,Andijon shahri,Город Андижан,Andijan city,Aндижон шаҳри,2016,2016,0.9
1703408,Xonobod shahri,Город Ханабад,Khanabadcity,Хонобод шаҳри,2016,2016,0.0
1703202,Oltinko‘l tumani,Алтынкульский район,Altynkul district,Олтинкўл тумани,2016,2016,0.2
1703203,Andijon tumani,Андижанский район,Andijan district,Aндижон тумани,2016,2016,0.5
1703206,Baliqchi tumani,Балыкчинский район,Balykchi district,Балиқчи тумани,2016,2016,0.0
1703209,Bo‘ston tumani,Бустонский район,Bustan district,Бўстон тумани,2016,2016,0.0
1703210,Buloqboshi tumani,Булакбашинский район,Bulakbashi district,Булоқбоши тумани,2016,2016,0.0
1703211,Jalaquduq tumani,Жалакудукский район,Jalаquduk district,Жалақудуқ тумани,2016,2016,1.5
1703214,Izboskan tumani,Избасканский район,Izbaskan district,Избоскан тумани,2016,2016,0.6
1703217,Ulug‘nor tumani,Улугноpский район,Ulugnor district,Улуғнор тумани,2016,2016,0.0
1703220,Qo‘rg‘ontepa tumani,Кургантепинский район,Kurgantepa district,Қўрғонтепа тумани,2016,2016,0.0
1703224,Asaka tumani,Асакинский район,Asaka district,Aсака тумани,2016,2016,0.4
1703227,Marxamat tumani,Мархаматский район,Markhamat district,Мархамат тумани,2016,2016,0.0
1703230,Shaxrixon tumani,Шахриханский район,Shakhrikhan district,Шахрихон тумани,2016,2016,0.0
1703232,Paxtaobod tumani,Пахтаабадский район,Pakhtaabad district,Пахтаобод тумани,2016,2016,0.0
1703236,Xo‘jaobod tumani,Ходжаабадский район,Khojaabad district,Хўжаобод тумани,2016,2016,0.0
1706,Buxoro viloyati,Бухарская область,Bukhara region,Бухоро вилояти,2016,2016,10.7
1706401,Buxoro shahri,Город Бухара,Bukhara city,Бухоро шаҳри,2016,2016,1.5
1706403,Kogon shahri,Город Каган,Kagan city,Когон шаҳри,2016,2016,0.0
1706204,Olot tumani,Алатский район,Alat district,Олот тумани,2016,2016,1.5
1706207,Buxoro tumani,Бухарский район,Bukhara district,Бухоро тумани,2016,2016,0.4
1706212,Vobkent tumani,Вабкентский район,Vobkent district,Вобкент тумани,2016,2016,0.0
1706215,G‘ijduvon tumani,Гиждуванский район,Gijduvan district,Ғиждувон тумани,2016,2016,1.1
1706219,Kogon tumani,Каганский район,Kagan district,Когон тумани,2016,2016,0.0
1706230,Qorako‘l tumani,Каракульский район,Karakul district,Қоракўл тумани,2016,2016,2.7
1706232,Qorovulbozor tumani,Караулбазарский район,Qorovulbozor district,Қоровулбозор тумани,2016,2016,0.0
1706240,Peshku tumani,Пешкунский район,Peshkun district,Пешку тумани,2016,2016,1.0
1706242,Romitan tumani,Ромитанский район,Romitan district,Ромитан тумани,2016,2016,1.2
1706246,Jondor tumani,Жондоpский район,Jondor district,Жондор тумани,2016,2016,0.5
1706258,Shofirkon tumani,Шафирканский район,Shafirkan district,Шофиркон тумани,2016,2016,0.8
1708,Jizzax viloyati,Джизакская область,Jizzakh region,Жиззах вилояти,2016,2016,2.9
1708401,Jizzax shahri,Город Джизак,Jizzakh city,Жиззах шаҳри,2016,2016,1.0
1708201,Arnasoy tumani,Арнасайский район,Arnasay district,Aрнасой тумани,2016,2016,0.0
1708204,Baxmal tumani,Бахмальский район,Bakhmal district,Бахмал тумани,2016,2016,0.6
1708209,G‘allaorol tumani,Галляаральский район,Gallaaral district,Ғаллаорол тумани,2016,2016,0.9
1708212,Sharof Rashidov tumani,Шароф-Рашидовский район,Sharof Rashidov district,Шароф Рашидов тумани,2016,2016,0.0
1708215,Do‘stlik tumani,Дустликский район,Dustlik district,Дўстлик тумани,2016,2016,0.0
1708218,Zomin tumani,Зааминский район,Zomin district,Зомин тумани,2016,2016,0.4
1708220,Zarbdor tumani,Зарбдарский район,Zarbdar district,Зарбдор тумани,2016,2016,0.0
1708223,Mirzacho‘l tumani,Мирзачульский район,Mirzachul district,Мирзачўл тумани,2016,2016,0.0
1708225,Zafarobod tumani,Зафарабадский район,Zafarabad district,Зафаробод тумани,2016,2016,0.0
1708228,Paxtakor tumani,Пахтакорский район,Pakhtakor district,Пахтакор тумани,2016,2016,0.0
1708235,Forish tumani,Фаришский район,Farish district,Фориш тумани,2016,2016,0.0
1708237,Yangiobod tumani,Янгиободский район,Yangiabad district,Янгиобод тумани,2016,2016,0.0
1710,Qashqadaryo viloyati,Кашкадарьинская область,Kashkadarya region,Қашқадарё вилояти,2016,2016,6.9
1710401,Qarshi shahri,Город Карши,Karshi city,Қарши шаҳри,2016,2016,0.0
1710405,Shahrisabz shahri,Город Шахрисабз,Shakhrisabz city,Шаҳрисабз шаҳри,2016,2016,0.0
1710240,Ko‘kdala tumani,Кукдалинский район,Kukdala district,Кўкдала тумани,2016,2016,0.0
1710207,G‘uzor tumani,Гузарский район,Gissar district,Ғузор тумани,2016,2016,0.1
1710212,Dehqonobod tumani,Дехканабадский район,Dehkanabad district,Деҳқонобод тумани,2016,2016,0.5
1710220,Qamashi tumani,Камашинский район,Kamashi district,Қамаши тумани,2016,2016,0.3
1710224,Qarshi tumani,Каршинский район,Karshi district,Қарши тумани,2016,2016,0.5
1710229,Koson tumani,Касанский район,Kasan district,Косон тумани,2016,2016,0.2
1710232,Kitob tumani,Китабский район,Kitab district,Китоб тумани,2016,2016,0.4
1710233,Mirishkor tumani,Миришкорский район,Mirishkor district,Миришкор тумани,2016,2016,0.3
1710234,Muborak tumani,Мубарекский район,Mubarek district,Муборак тумани,2016,2016,0.0
1710235,Nishon tumani,Нишанский район,Nishon district,Нишон тумани,2016,2016,0.0
1710237,Kasbi tumani,Касбинский район,Kasbi district,Касби тумани,2016,2016,0.2
1710242,Chiroqchi tumani,Чиракчинский район,Chirakchi district,Чироқчи тумани,2016,2016,3.1
1710245,Shahrisabz tumani,Шахрисабзский район,Shakhrisabz district,Шаҳрисабз тумани,2016,2016,0.6
1710250,Yakkabog‘ tumani,Яккабагский район,Yakkabag district,Яккабоғ тумани,2016,2016,0.9
1712,Navoiy viloyati,Навоийская область,Navoi region,Навоий вилояти,2016,2016,4.8
1712401,Navoiy shahri,Город Навои,Navoi city,Навоий шаҳри,2016,2016,0.0
1712408,Zarafshon shahri,Город Заpафшан,Zarafshan city,Зарафшон шаҳри,2016,2016,0.0
1712412,G‘ozg‘on shahri,Город Газган,Gazgan city,Ғозғон шаҳри,2016,2016,0.0
1712211,Konimex tumani,Канимехский район,Kanimekh district,Конимех тумани,2016,2016,0.0
1712216,Qiziltepa tumani,Кызылтепинский район,Kyzyltepa district,Қизилтепа тумани,2016,2016,0.0
1712230,Navbahor tumani,Навбахорский район,Navbahor district,Навбаҳор тумани,2016,2016,1.3
1712234,Karmana tumani,Карманинский район,Karmana district,Кармана тумани,2016,2016,2.6
1712238,Nurota tumani,Нуратинский район,Nurota district,Нурота тумани,2016,2016,0.5
1712244,Tomdi tumani,Тамдынский район,Tomdy district,Томди тумани,2016,2016,0.0
1712248,Uchquduq tumani,Учкудукский район,Uchkuduk district,Учқудуқ тумани,2016,2016,0.0
1712251,Xatirchi tumani,Хатырчинский район,Khatyrchi district,Хатирчи тумани,2016,2016,0.4
1714,Namangan viloyati,Наманганская область,Namangan region,Наманган вилояти,2016,2016,5.7
1714401,Namangan shahri,Город Наманган,Namangan city,Наманган шаҳри,2016,2016,3.7
1714204,Mingbuloq tumani,Мингбулакский район,Mingbulak district,Мингбулоқ тумани,2016,2016,0.0
1714207,Kosonsoy tumani,Касансайский район,Kasansay district,Косонсой тумани,2016,2016,0.3
1714212,Namangan tumani,Наманганский район,Namangan district,Наманган тумани,2016,2016,0.0
1714216,Norin tumani,Нарынский район,Naryn district,Норин тумани,2016,2016,0.5
1714219,Pop tumani,Папский район,Pop district,Поп тумани,2016,2016,0.5
1714224,To‘raqo‘rg‘on tumani,Туракурганский район,Turakurgan district,Тўрақўрғон тумани,2016,2016,0.0
1714229,Uychi tumani,Уйчинский район,Uychi district,Уйчи тумани,2016,2016,0.2
1714234,Uchqo‘rg‘on tumani,Учкурганский район,Uchkurgan district,Учқўрғон тумани,2016,2016,0.0
1714236,Chortoq tumani,Чартакский район,Chartak district,Чортоқ тумани,2016,2016,0.1
1714237,Chust tumani,Чустский район,Chust district,Чуст тумани,2016,2016,0.3
1714242,Yangiqo‘rg‘on tumani,Янгикурганский район,Yangikurgan district,Янгиқўрғон тумани,2016,2016,0.2
1718,Samarqand viloyati,Самаркандская область,Samarkand region,Самарқанд вилояти,2016,2016,15.8
1718401,Samarqand shahri,Город Самарканд,Samarkand city,Самарқанд шаҳри,2016,2016,0.6
1718406,Kattaqo'rg'on shahar,Город Каттакурган,Kattaqo'rg'on city,Каттақўрғон шаҳар,2016,2016,1.7
1718203,Oqdaryo tumani,Акдарьинский район,Akdarya district,Оқдарё тумани,2016,2016,0.8
1718206,Bulung‘ur tumani,Булунгурский район,Bulungur district,Булунғур тумани,2016,2016,1.5
1718209,Jomboy tumani,Джамбайский район,Jomboy district,Жомбой тумани,2016,2016,0.2
1718212,Ishtixon tumani,Иштыханский район,Ishtykhan district,Иштихон тумани,2016,2016,1.8
1718215,Kattaqo‘rg‘on tumani,Каттакурганский район,Kattakurgan district,Каттақўрғон тумани,2016,2016,0.9
1718216,Qo‘shrabot tumani,Кошрабадский район,Koshrabad district,Қўшработ тумани,2016,2016,0.7
1718218,Narpay tumani,Нарпайский район,Narpai district,Нарпай тумани,2016,2016,0.0
1718224,Payariq tumani,Пайарыкский район,Payaryk district,Паяриқ тумани,2016,2016,0.5
1718227,Pastdarg‘om tumani,Пастдаргомский район,Pastdargom district,Пастдарғом тумани,2016,2016,2.5
1718230,Paxtachi tumani,Пахтачийский район,Pakhtachi district,Пахтачи тумани,2016,2016,0.4
1718233,Samarqand tumani,Самаркандский район,Samarkand district,Самарқанд тумани,2016,2016,1.1
1718235,Nurobod tumani,Нурабадский район,Nurabad district,Нуробод тумани,2016,2016,0.8
1718236,Urgut tumani,Ургутский район,Urgut district,Ургут тумани,2016,2016,1.8
1718238,Tayloq tumani,Тайлякский район,Tailak district,Тайлоқ тумани,2016,2016,0.5
1722,Surxondaryo viloyati,Сурхандарьинская область,Surkhandarya region,Сурхондарё вилояти,2016,2016,9.0
1722401,Termiz shahri,Город Термез,Termiz city,Термиз шаҳри,2016,2016,2.6
1722201,Oltinsoy tumani,Алтынсайский район,Altynsay district,Олтинсой тумани,2016,2016,1.3
1722202,Angor tumani,Ангорский район,Angor district,Aнгор тумани,2016,2016,0.2
1722203,Bandixon tumani,Бандихонский район,Bandykhan district,Бандихон тумани,2016,2016,0.0
1722204,Boysun tumani,Байсунский район,Baysun district,Бойсун тумани,2016,2016,0.5
1722207,Muzrabot tumani,Музрабадский район,Muzrabad district,Музработ тумани,2016,2016,0.0
1722210,Denov tumani,Денауский район,Denau district,Денов тумани,2016,2016,1.2
1722212,Jarqo‘rg‘on tumani,Джаркурганский район,Jarkurgan district,Жарқўрғон тумани,2016,2016,0.5
1722214,Qumqo‘rg‘on tumani,Кумкурганский район,Kumkurgan district,Қумқўрғон тумани,2016,2016,0.4
1722215,Qiziriq tumani,Кизирикский район,Kizirik district,Қизириқ тумани,2016,2016,0.2
1722217,Sariosiyo tumani,Сариасийский район,Sariosia district,Сариосиё тумани,2016,2016,0.4
1722220,Termiz tumani,Термезский район,Termiz district,Термиз тумани,2016,2016,0.1
1722221,Uzun tumani,Узунский район,Uzun district,Узун тумани,2016,2016,0.9
1722223,Sherobod tumani,Шерабадский район,Sherabad district,Шеробод тумани,2016,2016,0.2
1722226,Sho‘rchi tumani,Шурчинский район,Shurchi district,Шўрчи тумани,2016,2016,0.7
1724,Sirdaryo viloyati,Сырдарьинская область,Syrdarya region,Сирдарё вилояти,2016,2016,1.3
1724401,Guliston shahri,Город Гулистан,Gulistan city,Гулистон шаҳри,2016,2016,0.0
1724410,Shirin shahri,Город Ширин,Shirin city,Ширин шаҳри,2016,2016,0.0
1724413,Yangiyer shahri,Город Янгиер,Yangier city,Янгийер шаҳри,2016,2016,0.9
1724206,Oqoltin tumani,Акалтынский район,Akaltyn district,Оқолтин тумани,2016,2016,0.0
1724212,Boyovut tumani,Баяутский район,Bayaut district,Боёвут тумани,2016,2016,0.0
1724216,Sayxunobod tumani,Сайхунабадский район,Saykhunabad district,Сайхунобод тумани,2016,2016,0.0
1724220,Guliston tumani,Гулистанский район,Gulistan district,Гулистон тумани,2016,2016,0.0
1724226,Sardoba tumani,Сардобский район,Sardoba district,Сардоба тумани,2016,2016,0.0
1724228,Mirzaobod tumani,Мирзаабадский район,Mirzaabad district,Мирзаобод тумани,2016,2016,0.4
1724231,Sirdaryo tumani,Сырдарьинский район,Syrdarya district,Сирдарё тумани,2016,2016,0.0
1724235,Xovos tumani,Хавасский район,Khovos district,Ховос тумани,2016,2016,0.0
1727,Toshkent viloyati,Ташкентская область,Tashkent region,Тошкент вилояти,2016,2016,6.6
1727401,Nurafshon shahri,Город Нурафшон,Nurafshan city,Нурафшон шаҳри,2016,2016,0.0
1727404,Olmaliq shahri,Город Алмалык,Almalyk city,Олмалиқ шаҳри,2016,2016,0.3
1727407,Angren shahri,Город Ангрен,Angren city,Aнгрен шаҳри,2016,2016,0.0
1727413,Bekobod shahri,Город Бекабад,Bekabad city,Бекобод шаҳри,2016,2016,0.0
1727419,Chirchiq shahri,Город Чиpчик,Chirchik city,Чирчиқ шаҳри,2016,2016,0.0
1727415,Ohangaron shahri,Город Ахангаран,Akhangaran city,Оҳангарон шаҳри,2016,2016,0.0
1727424,Yangiyo‘lshahri,Город Янгиюль,Yangiyul city,Янгийўлшаҳри,2016,2016,0.0
1727206,Oqqo‘rg‘on tumani,Аккурганский район,Akkurgan district,Оққўрғон тумани,2016,2016,1.0
1727212,Ohangaron tumani,Ахангаранский район,Akhangaran district,Оҳангарон тумани,2016,2016,1.3
1727220,Bekobod tumani,Бекабадский район,Bekabad district,Бекобод тумани,2016,2016,0.0
1727224,Bo‘stonliq tumani,Бостанлыкский район,Bostanlyk district,Бўстонлиқ тумани,2016,2016,0.7
1727228,Bo‘ka tumani,Букинский район,Buka district,Бўка тумани,2016,2016,0.5
1727233,Quyichirchiq tumani,Куйичирчикский район,Kuyichirchik district,Қуйичирчиқ тумани,2016,2016,0.1
1727237,Zangiota tumani,Зангиатинский район,Zangiata district,Зангиота тумани,2016,2016,0.5
1727239,Yuqorichirchiq tumani,Юкоричирчикский район,Yukorichirchik district,Юқоричирчиқ тумани,2016,2016,0.7
1727248,Qibray tumani,Кибрайский район,Kibray district,Қибрай тумани,2016,2016,0.0
1727249,Parkent tumani,Паркентский район,Parkent district,Паркент тумани,2016,2016,0.2
1727250,Piskent tumani,Пскентский район,Piskent district,Пискент тумани,2016,2016,0.1
1727253,O‘rtachirchiq tumani,Уртачирчикский район,Urtachirchik district,Ўртачирчиқ тумани,2016,2016,0.1
1727256,Chinoz tumani,Чиназский район,Chinaz district,Чиноз тумани,2016,2016,0.0
1727259,Yangiyo‘l tumani,Янгиюльский район,Yangiyul district,Янгийўл тумани,2016,2016,1.0
1727265,Toshkent tumani,Ташкентский район,Tashkent district,Тошкент тумани,2016,2016,0.0
1730,Farg‘ona viloyati,Ферганская область,Fergana region,Фарғона вилояти,2016,2016,7.0
1730401,Farg‘ona shahri,Город Фергана,Fergana city,Фарғона шаҳри,2016,2016,1.3
1730405,Qo‘qon shahri,Город Коканд,Kokand city,Қўқон шаҳри,2016,2016,1.2
1730408,Quvasoy shahri,Город Кувасай,Kuvasay city,Қувасой шаҳри,2016,2016,0.0
1730412,Marg‘ilon shahri,Город Маpгилан,Margilan city,Марғилон шаҳри,2016,2016,0.0
1730203,Oltiariq tumani,Алтыарыкский район,Altyaryk district,Олтиариқ тумани,2016,2016,0.0
1730206,Qo‘shtepa tumani,Куштепинский район,Kushtepa district,Қўштепа тумани,2016,2016,0.2
1730209,Bog‘dod tumani,Багдадский район,Baghdad district,Боғдод тумани,2016,2016,1.3
1730212,Buvayda tumani,Бувайдинский район,Buvayda district,Бувайда тумани,2016,2016,0.0
1730215,Beshariq tumani,Бешарыкский район,Besharik district,Бешариқ тумани,2016,2016,0.8
1730218,Quva tumani,Кувинский район,Kuva district,Қува тумани,2016,2016,0.0
1730221,Uchko‘prik tumani,Учкуприкский район,Uchkuprik district,Учкўприк тумани,2016,2016,0.0
1730224,Rishton tumani,Риштанский район,Rishtan district,Риштон тумани,2016,2016,0.0
1730226,So‘x tumani,Сохский район,Sokh district,Сўх тумани,2016,2016,0.0
1730227,Toshloq tumani,Ташлакский район,Tashlak district,Тошлоқ тумани,2016,2016,0.7
1730230,O‘zbekiston tumani,Узбекистанский район,Uzbekistan district,Ўзбекистон тумани,2016,2016,0.4
1730233,Farg‘ona tumani,Ферганский район,Fergana district,Фарғона тумани,2016,2016,0.4
1730236,Dang‘ara tumani,Дангаринский район,Dangara district,Данғара тумани,2016,2016,0.0
1730238,Furqat tumani,Фуркатский район,Furkat district,Фурқат тумани,2016,2016,0.8
1730242,Yozyovon tumani,Язъяванский район,Yazyavan district,Ёзёвон тумани,2016,2016,0.0
1733,Xorazm viloyati,Хорезмская область,Khorezm region,Хоразм вилояти,2016,2016,7.9
1733401,Urganch shahri,Город Ургенч,Urgench city,Урганч шаҳри,2016,2016,1.0
1733406,Xiva shahri,Город Хива,Khiva city,Хива шаҳри,2016,2016,0.0
1733204,Bog‘ot tumani,Багатский район,Bagat district,Боғот тумани,2016,2016,0.8
1733208,Gurlan tumani,Гурленский район,Gurlan district,Гурлан тумани,2016,2016,0.0
1733212,Qo‘shko‘pir tumani,Кошкупырский район,Kushkupyr district,Қўшкўпир тумани,2016,2016,0.2
1733217,Urganch tumani,Ургенчский район,Urgench district,Урганч тумани,2016,2016,1.2
1733220,Xazorasp tumani,Хазараспский район,Khazarasp district,Хазорасп тумани,2016,2016,1.2
1733221,Tuproqqal’a tumani,Тупроккалинский район,Tuprakkala district,Тупроққалъа тумани,2016,2016,0.0
1733223,Xonqa tumani,Ханкинский район,Khanka district,Хонқа тумани,2016,2016,1.6
1733226,Xiva tumani,Хивинский район,Khiva district,Хива тумани,2016,2016,1.8
1733230,Shovot tumani,Шаватский район,Shavat district,Шовот тумани,2016,2016,0.0
1733233,Yangiariq tumani,Янгиарыкский район,Yangiaryk district,Янгиариқ тумани,2016,2016,0.0
1733236,Yangibozor tumani,Янгибазарский район,Yangibazar district,Янгибозор тумани,2016,2016,0.0
1726,Toshkent shahri,город Ташкент,Tashkent city,Тошкент шаҳри,2016,2016,1.5
1726262,Uchtepa tumani,Учтепинский район,Uchtepa district,Учтепа тумани,2016,2016,0.0
1726264,Bektemir tumani,Бектемирский район,Bektemir district,Бектемир тумани,2016,2016,0.0
1726266,Yunusobod tumani,Юнусабадский район,Yunusabad district,Юнусобод тумани,2016,2016,0.0
1726269,Mirzo Ulug‘bek tumani,Мирзо Улугбекский район,Mirzo Ulugbek district,Мирзо Улуғбек тумани,2016,2016,0.2
1726273,Mirobod tumani,Мирабадский район,Mirabad district,Миробод тумани,2016,2016,0.2
1726277,Shayxontoxur tumani,Шайхантахурский район,Shaykhantakhur district,Шайхонтохур тумани,2016,2016,0.0
1726280,Olmazor tumani,Алмазарский район,Almazar district,Олмазор тумани,2016,2016,0.4
1726283,Sirg‘ali tumani,Сергелийский район,Sergeli district,Сирғали тумани,2016,2016,0.0
1726287,Yakkasaroy tumani,Яккасарайский район,Yakkasaray district,Яккасарой тумани,2016,2016,0.0
1726290,Yashnobod tumani,Яшнободский район,Yashnabad district,Яшнобод тумани,2016,2016,0.2
1726292,Yangihayot tumani,Янгихаётский район,Yangikhayot district,Янгиҳаёт тумани,2016,2016,0.0
1726294,Chilonzor tumani,Чиланзарский район,Chilanzar district,Чилонзор тумани,2016,2016,0.5
1700,O‘zbekiston Respublikasi,Республика Узбекистан,Republic of Uzbekistan,Ўзбекистон Республикаси,2017,2017,94.5
1735,Qoraqalpog‘iston Respublikasi,Республика Каракалпакстан,Republic of Karakalpakstan,Қорақалпоғистон Республикаси,2017,2017,5.3
1735401,Nukus shahri,Город Нукус,Nukus city,Нукус шаҳри,2017,2017,0.2
1735204,Amudaryo tumani,Амударьинский район,Amudarya district,Aмударё тумани,2017,2017,0.4
1735207,Beruniy tumani,Берунийский район,Beruniy district,Беруний тумани,2017,2017,0.8
1735209,Bo‘zatov tumani,Бозатауский район,Bozatau district,Бўзатов тумани,2017,2017,0.0
1735211,Qorao‘zak tumani,Караузякский район,Karauzak district,Қораўзак тумани,2017,2017,0.0
1735212,Kegeyli tumani,Кегейлийский район,Kegeyli district,Кегейли тумани,2017,2017,1.4
1735215,Qo‘ng‘irot tumani,Кунградский район,Kungrad district,Қўнғирот тумани,2017,2017,0.0
1735218,Qanliko‘l tumani,Канлыкульский район,Kanlykul district,Қанликўл тумани,2017,2017,0.0
1735222,Mo‘ynoq tumani,Муйнакский район,Muynak district,Мўйноқ тумани,2017,2017,0.0
1735225,Nukus tumani,Нукусский район,Nukus district,Нукус тумани,2017,2017,0.5
1735228,Taxiatosh tumani,Тахиаташский район,Takhiatash district,Тахиатош тумани,2017,2017,0.0
1735230,Taxtako‘pir tumani,Тахтакупырский район,Takhtakupyr district,Тахтакўпир тумани,2017,2017,0.0
1735233,To‘rtko‘l tumani,Турткульский район,Turtkul district,Тўрткўл тумани,2017,2017,0.4
1735236,Xo‘jayli tumani,Ходжейлийский район,Khojeyli district,Хўжайли тумани,2017,2017,0.8
1735240,Chimboy tumani,Чимбайский район,Chimbay district,Чимбой тумани,2017,2017,0.3
1735243,Shumanay tumani,Шуманайский район,Shumanai district,Шуманай тумани,2017,2017,0.2
1735250,Ellikkala tumani,Элликкалинский район,Ellikkala district,Елликкала тумани,2017,2017,0.3
1703,Andijon viloyati,Андижанская область,Andijan region,Aндижон вилояти,2017,2017,4.5
1703401,Andijon shahri,Город Андижан,Andijan city,Aндижон шаҳри,2017,2017,1.1
1703408,Xonobod shahri,Город Ханабад,Khanabadcity,Хонобод шаҳри,2017,2017,0.0
1703202,Oltinko‘l tumani,Алтынкульский район,Altynkul district,Олтинкўл тумани,2017,2017,0.8
1703203,Andijon tumani,Андижанский район,Andijan district,Aндижон тумани,2017,2017,0.4
1703206,Baliqchi tumani,Балыкчинский район,Balykchi district,Балиқчи тумани,2017,2017,0.2
1703209,Bo‘ston tumani,Бустонский район,Bustan district,Бўстон тумани,2017,2017,0.0
1703210,Buloqboshi tumani,Булакбашинский район,Bulakbashi district,Булоқбоши тумани,2017,2017,0.0
1703211,Jalaquduq tumani,Жалакудукский район,Jalаquduk district,Жалақудуқ тумани,2017,2017,0.2
1703214,Izboskan tumani,Избасканский район,Izbaskan district,Избоскан тумани,2017,2017,0.8
1703217,Ulug‘nor tumani,Улугноpский район,Ulugnor district,Улуғнор тумани,2017,2017,0.0
1703220,Qo‘rg‘ontepa tumani,Кургантепинский район,Kurgantepa district,Қўрғонтепа тумани,2017,2017,0.5
1703224,Asaka tumani,Асакинский район,Asaka district,Aсака тумани,2017,2017,0.3
1703227,Marxamat tumani,Мархаматский район,Markhamat district,Мархамат тумани,2017,2017,0.0
1703230,Shaxrixon tumani,Шахриханский район,Shakhrikhan district,Шахрихон тумани,2017,2017,0.0
1703232,Paxtaobod tumani,Пахтаабадский район,Pakhtaabad district,Пахтаобод тумани,2017,2017,0.2
1703236,Xo‘jaobod tumani,Ходжаабадский район,Khojaabad district,Хўжаобод тумани,2017,2017,0.0
1706,Buxoro viloyati,Бухарская область,Bukhara region,Бухоро вилояти,2017,2017,11.1
1706401,Buxoro shahri,Город Бухара,Bukhara city,Бухоро шаҳри,2017,2017,1.5
1706403,Kogon shahri,Город Каган,Kagan city,Когон шаҳри,2017,2017,0.6
1706204,Olot tumani,Алатский район,Alat district,Олот тумани,2017,2017,0.1
1706207,Buxoro tumani,Бухарский район,Bukhara district,Бухоро тумани,2017,2017,0.4
1706212,Vobkent tumani,Вабкентский район,Vobkent district,Вобкент тумани,2017,2017,0.0
1706215,G‘ijduvon tumani,Гиждуванский район,Gijduvan district,Ғиждувон тумани,2017,2017,4.6
1706219,Kogon tumani,Каганский район,Kagan district,Когон тумани,2017,2017,0.0
1706230,Qorako‘l tumani,Каракульский район,Karakul district,Қоракўл тумани,2017,2017,0.6
1706232,Qorovulbozor tumani,Караулбазарский район,Qorovulbozor district,Қоровулбозор тумани,2017,2017,0.0
1706240,Peshku tumani,Пешкунский район,Peshkun district,Пешку тумани,2017,2017,0.5
1706242,Romitan tumani,Ромитанский район,Romitan district,Ромитан тумани,2017,2017,0.9
1706246,Jondor tumani,Жондоpский район,Jondor district,Жондор тумани,2017,2017,1.8
1706258,Shofirkon tumani,Шафирканский район,Shafirkan district,Шофиркон тумани,2017,2017,0.1
1708,Jizzax viloyati,Джизакская область,Jizzakh region,Жиззах вилояти,2017,2017,2.2
1708401,Jizzax shahri,Город Джизак,Jizzakh city,Жиззах шаҳри,2017,2017,0.2
1708201,Arnasoy tumani,Арнасайский район,Arnasay district,Aрнасой тумани,2017,2017,0.0
1708204,Baxmal tumani,Бахмальский район,Bakhmal district,Бахмал тумани,2017,2017,0.9
1708209,G‘allaorol tumani,Галляаральский район,Gallaaral district,Ғаллаорол тумани,2017,2017,0.2
1708212,Sharof Rashidov tumani,Шароф-Рашидовский район,Sharof Rashidov district,Шароф Рашидов тумани,2017,2017,0.1
1708215,Do‘stlik tumani,Дустликский район,Dustlik district,Дўстлик тумани,2017,2017,0.0
1708218,Zomin tumani,Зааминский район,Zomin district,Зомин тумани,2017,2017,0.6
1708220,Zarbdor tumani,Зарбдарский район,Zarbdar district,Зарбдор тумани,2017,2017,0.0
1708223,Mirzacho‘l tumani,Мирзачульский район,Mirzachul district,Мирзачўл тумани,2017,2017,0.0
1708225,Zafarobod tumani,Зафарабадский район,Zafarabad district,Зафаробод тумани,2017,2017,0.0
1708228,Paxtakor tumani,Пахтакорский район,Pakhtakor district,Пахтакор тумани,2017,2017,0.1
1708235,Forish tumani,Фаришский район,Farish district,Фориш тумани,2017,2017,0.0
1708237,Yangiobod tumani,Янгиободский район,Yangiabad district,Янгиобод тумани,2017,2017,0.0
1710,Qashqadaryo viloyati,Кашкадарьинская область,Kashkadarya region,Қашқадарё вилояти,2017,2017,10.9
1710401,Qarshi shahri,Город Карши,Karshi city,Қарши шаҳри,2017,2017,0.2
1710405,Shahrisabz shahri,Город Шахрисабз,Shakhrisabz city,Шаҳрисабз шаҳри,2017,2017,0.0
1710240,Ko‘kdala tumani,Кукдалинский район,Kukdala district,Кўкдала тумани,2017,2017,0.0
1710207,G‘uzor tumani,Гузарский район,Gissar district,Ғузор тумани,2017,2017,0.6
1710212,Dehqonobod tumani,Дехканабадский район,Dehkanabad district,Деҳқонобод тумани,2017,2017,0.6
1710220,Qamashi tumani,Камашинский район,Kamashi district,Қамаши тумани,2017,2017,0.4
1710224,Qarshi tumani,Каршинский район,Karshi district,Қарши тумани,2017,2017,1.4
1710229,Koson tumani,Касанский район,Kasan district,Косон тумани,2017,2017,0.5
1710232,Kitob tumani,Китабский район,Kitab district,Китоб тумани,2017,2017,0.9
1710233,Mirishkor tumani,Миришкорский район,Mirishkor district,Миришкор тумани,2017,2017,0.0
1710234,Muborak tumani,Мубарекский район,Mubarek district,Муборак тумани,2017,2017,1.1
1710235,Nishon tumani,Нишанский район,Nishon district,Нишон тумани,2017,2017,0.3
1710237,Kasbi tumani,Касбинский район,Kasbi district,Касби тумани,2017,2017,0.4
1710242,Chiroqchi tumani,Чиракчинский район,Chirakchi district,Чироқчи тумани,2017,2017,0.4
1710245,Shahrisabz tumani,Шахрисабзский район,Shakhrisabz district,Шаҳрисабз тумани,2017,2017,3.1
1710250,Yakkabog‘ tumani,Яккабагский район,Yakkabag district,Яккабоғ тумани,2017,2017,1.1
1712,Navoiy viloyati,Навоийская область,Navoi region,Навоий вилояти,2017,2017,2.8
1712401,Navoiy shahri,Город Навои,Navoi city,Навоий шаҳри,2017,2017,0.7
1712408,Zarafshon shahri,Город Заpафшан,Zarafshan city,Зарафшон шаҳри,2017,2017,0.0
1712412,G‘ozg‘on shahri,Город Газган,Gazgan city,Ғозғон шаҳри,2017,2017,0.0
1712211,Konimex tumani,Канимехский район,Kanimekh district,Конимех тумани,2017,2017,0.0
1712216,Qiziltepa tumani,Кызылтепинский район,Kyzyltepa district,Қизилтепа тумани,2017,2017,0.2
1712230,Navbahor tumani,Навбахорский район,Navbahor district,Навбаҳор тумани,2017,2017,0.1
1712234,Karmana tumani,Карманинский район,Karmana district,Кармана тумани,2017,2017,0.3
1712238,Nurota tumani,Нуратинский район,Nurota district,Нурота тумани,2017,2017,0.6
1712244,Tomdi tumani,Тамдынский район,Tomdy district,Томди тумани,2017,2017,0.1
1712248,Uchquduq tumani,Учкудукский район,Uchkuduk district,Учқудуқ тумани,2017,2017,0.0
1712251,Xatirchi tumani,Хатырчинский район,Khatyrchi district,Хатирчи тумани,2017,2017,0.8
1714,Namangan viloyati,Наманганская область,Namangan region,Наманган вилояти,2017,2017,6.1
1714401,Namangan shahri,Город Наманган,Namangan city,Наманган шаҳри,2017,2017,3.5
1714204,Mingbuloq tumani,Мингбулакский район,Mingbulak district,Мингбулоқ тумани,2017,2017,0.2
1714207,Kosonsoy tumani,Касансайский район,Kasansay district,Косонсой тумани,2017,2017,0.4
1714212,Namangan tumani,Наманганский район,Namangan district,Наманган тумани,2017,2017,0.2
1714216,Norin tumani,Нарынский район,Naryn district,Норин тумани,2017,2017,0.4
1714219,Pop tumani,Папский район,Pop district,Поп тумани,2017,2017,0.0
1714224,To‘raqo‘rg‘on tumani,Туракурганский район,Turakurgan district,Тўрақўрғон тумани,2017,2017,0.4
1714229,Uychi tumani,Уйчинский район,Uychi district,Уйчи тумани,2017,2017,0.0
1714234,Uchqo‘rg‘on tumani,Учкурганский район,Uchkurgan district,Учқўрғон тумани,2017,2017,0.0
1714236,Chortoq tumani,Чартакский район,Chartak district,Чортоқ тумани,2017,2017,0.5
1714237,Chust tumani,Чустский район,Chust district,Чуст тумани,2017,2017,0.3
1714242,Yangiqo‘rg‘on tumani,Янгикурганский район,Yangikurgan district,Янгиқўрғон тумани,2017,2017,0.2
1718,Samarqand viloyati,Самаркандская область,Samarkand region,Самарқанд вилояти,2017,2017,13.5
1718401,Samarqand shahri,Город Самарканд,Samarkand city,Самарқанд шаҳри,2017,2017,0.5
1718406,Kattaqo'rg'on shahar,Город Каттакурган,Kattaqo'rg'on city,Каттақўрғон шаҳар,2017,2017,0.0
1718203,Oqdaryo tumani,Акдарьинский район,Akdarya district,Оқдарё тумани,2017,2017,0.3
1718206,Bulung‘ur tumani,Булунгурский район,Bulungur district,Булунғур тумани,2017,2017,0.7
1718209,Jomboy tumani,Джамбайский район,Jomboy district,Жомбой тумани,2017,2017,0.0
1718212,Ishtixon tumani,Иштыханский район,Ishtykhan district,Иштихон тумани,2017,2017,1.0
1718215,Kattaqo‘rg‘on tumani,Каттакурганский район,Kattakurgan district,Каттақўрғон тумани,2017,2017,0.5
1718216,Qo‘shrabot tumani,Кошрабадский район,Koshrabad district,Қўшработ тумани,2017,2017,1.6
1718218,Narpay tumani,Нарпайский район,Narpai district,Нарпай тумани,2017,2017,0.7
1718224,Payariq tumani,Пайарыкский район,Payaryk district,Паяриқ тумани,2017,2017,1.4
1718227,Pastdarg‘om tumani,Пастдаргомский район,Pastdargom district,Пастдарғом тумани,2017,2017,1.4
1718230,Paxtachi tumani,Пахтачийский район,Pakhtachi district,Пахтачи тумани,2017,2017,0.0
1718233,Samarqand tumani,Самаркандский район,Samarkand district,Самарқанд тумани,2017,2017,1.6
1718235,Nurobod tumani,Нурабадский район,Nurabad district,Нуробод тумани,2017,2017,0.8
1718236,Urgut tumani,Ургутский район,Urgut district,Ургут тумани,2017,2017,1.5
1718238,Tayloq tumani,Тайлякский район,Tailak district,Тайлоқ тумани,2017,2017,1.5
1722,Surxondaryo viloyati,Сурхандарьинская область,Surkhandarya region,Сурхондарё вилояти,2017,2017,7.3
1722401,Termiz shahri,Город Термез,Termiz city,Термиз шаҳри,2017,2017,0.0
1722201,Oltinsoy tumani,Алтынсайский район,Altynsay district,Олтинсой тумани,2017,2017,0.4
1722202,Angor tumani,Ангорский район,Angor district,Aнгор тумани,2017,2017,0.4
1722203,Bandixon tumani,Бандихонский район,Bandykhan district,Бандихон тумани,2017,2017,0.0
1722204,Boysun tumani,Байсунский район,Baysun district,Бойсун тумани,2017,2017,0.2
1722207,Muzrabot tumani,Музрабадский район,Muzrabad district,Музработ тумани,2017,2017,1.4
1722210,Denov tumani,Денауский район,Denau district,Денов тумани,2017,2017,2.0
1722212,Jarqo‘rg‘on tumani,Джаркурганский район,Jarkurgan district,Жарқўрғон тумани,2017,2017,0.5
1722214,Qumqo‘rg‘on tumani,Кумкурганский район,Kumkurgan district,Қумқўрғон тумани,2017,2017,0.2
1722215,Qiziriq tumani,Кизирикский район,Kizirik district,Қизириқ тумани,2017,2017,0.2
1722217,Sariosiyo tumani,Сариасийский район,Sariosia district,Сариосиё тумани,2017,2017,0.4
1722220,Termiz tumani,Термезский район,Termiz district,Термиз тумани,2017,2017,0.0
1722221,Uzun tumani,Узунский район,Uzun district,Узун тумани,2017,2017,0.5
1722223,Sherobod tumani,Шерабадский район,Sherabad district,Шеробод тумани,2017,2017,0.5
1722226,Sho‘rchi tumani,Шурчинский район,Shurchi district,Шўрчи тумани,2017,2017,0.6
1724,Sirdaryo viloyati,Сырдарьинская область,Syrdarya region,Сирдарё вилояти,2017,2017,3.1
1724401,Guliston shahri,Город Гулистан,Gulistan city,Гулистон шаҳри,2017,2017,0.3
1724410,Shirin shahri,Город Ширин,Shirin city,Ширин шаҳри,2017,2017,1.4
1724413,Yangiyer shahri,Город Янгиер,Yangier city,Янгийер шаҳри,2017,2017,0.0
1724206,Oqoltin tumani,Акалтынский район,Akaltyn district,Оқолтин тумани,2017,2017,0.0
1724212,Boyovut tumani,Баяутский район,Bayaut district,Боёвут тумани,2017,2017,0.1
1724216,Sayxunobod tumani,Сайхунабадский район,Saykhunabad district,Сайхунобод тумани,2017,2017,0.0
1724220,Guliston tumani,Гулистанский район,Gulistan district,Гулистон тумани,2017,2017,0.0
1724226,Sardoba tumani,Сардобский район,Sardoba district,Сардоба тумани,2017,2017,0.6
1724228,Mirzaobod tumani,Мирзаабадский район,Mirzaabad district,Мирзаобод тумани,2017,2017,0.0
1724231,Sirdaryo tumani,Сырдарьинский район,Syrdarya district,Сирдарё тумани,2017,2017,0.7
1724235,Xovos tumani,Хавасский район,Khovos district,Ховос тумани,2017,2017,0.0
1727,Toshkent viloyati,Ташкентская область,Tashkent region,Тошкент вилояти,2017,2017,8.0
1727401,Nurafshon shahri,Город Нурафшон,Nurafshan city,Нурафшон шаҳри,2017,2017,0.0
1727404,Olmaliq shahri,Город Алмалык,Almalyk city,Олмалиқ шаҳри,2017,2017,0.0
1727407,Angren shahri,Город Ангрен,Angren city,Aнгрен шаҳри,2017,2017,0.1
1727413,Bekobod shahri,Город Бекабад,Bekabad city,Бекобод шаҳри,2017,2017,0.0
1727419,Chirchiq shahri,Город Чиpчик,Chirchik city,Чирчиқ шаҳри,2017,2017,0.0
1727415,Ohangaron shahri,Город Ахангаран,Akhangaran city,Оҳангарон шаҳри,2017,2017,0.0
1727424,Yangiyo‘lshahri,Город Янгиюль,Yangiyul city,Янгийўлшаҳри,2017,2017,0.7
1727206,Oqqo‘rg‘on tumani,Аккурганский район,Akkurgan district,Оққўрғон тумани,2017,2017,0.7
1727212,Ohangaron tumani,Ахангаранский район,Akhangaran district,Оҳангарон тумани,2017,2017,0.5
1727220,Bekobod tumani,Бекабадский район,Bekabad district,Бекобод тумани,2017,2017,0.1
1727224,Bo‘stonliq tumani,Бостанлыкский район,Bostanlyk district,Бўстонлиқ тумани,2017,2017,0.1
1727228,Bo‘ka tumani,Букинский район,Buka district,Бўка тумани,2017,2017,0.2
1727233,Quyichirchiq tumani,Куйичирчикский район,Kuyichirchik district,Қуйичирчиқ тумани,2017,2017,0.3
1727237,Zangiota tumani,Зангиатинский район,Zangiata district,Зангиота тумани,2017,2017,0.1
1727239,Yuqorichirchiq tumani,Юкоричирчикский район,Yukorichirchik district,Юқоричирчиқ тумани,2017,2017,0.3
1727248,Qibray tumani,Кибрайский район,Kibray district,Қибрай тумани,2017,2017,0.9
1727249,Parkent tumani,Паркентский район,Parkent district,Паркент тумани,2017,2017,0.4
1727250,Piskent tumani,Пскентский район,Piskent district,Пискент тумани,2017,2017,0.3
1727253,O‘rtachirchiq tumani,Уртачирчикский район,Urtachirchik district,Ўртачирчиқ тумани,2017,2017,0.7
1727256,Chinoz tumani,Чиназский район,Chinaz district,Чиноз тумани,2017,2017,0.1
1727259,Yangiyo‘l tumani,Янгиюльский район,Yangiyul district,Янгийўл тумани,2017,2017,2.2
1727265,Toshkent tumani,Ташкентский район,Tashkent district,Тошкент тумани,2017,2017,0.1
1730,Farg‘ona viloyati,Ферганская область,Fergana region,Фарғона вилояти,2017,2017,5.6
1730401,Farg‘ona shahri,Город Фергана,Fergana city,Фарғона шаҳри,2017,2017,0.0
1730405,Qo‘qon shahri,Город Коканд,Kokand city,Қўқон шаҳри,2017,2017,0.0
1730408,Quvasoy shahri,Город Кувасай,Kuvasay city,Қувасой шаҳри,2017,2017,0.0
1730412,Marg‘ilon shahri,Город Маpгилан,Margilan city,Марғилон шаҳри,2017,2017,1.3
1730203,Oltiariq tumani,Алтыарыкский район,Altyaryk district,Олтиариқ тумани,2017,2017,0.3
1730206,Qo‘shtepa tumani,Куштепинский район,Kushtepa district,Қўштепа тумани,2017,2017,1.0
1730209,Bog‘dod tumani,Багдадский район,Baghdad district,Боғдод тумани,2017,2017,0.4
1730212,Buvayda tumani,Бувайдинский район,Buvayda district,Бувайда тумани,2017,2017,0.0
1730215,Beshariq tumani,Бешарыкский район,Besharik district,Бешариқ тумани,2017,2017,0.0
1730218,Quva tumani,Кувинский район,Kuva district,Қува тумани,2017,2017,0.3
1730221,Uchko‘prik tumani,Учкуприкский район,Uchkuprik district,Учкўприк тумани,2017,2017,0.4
1730224,Rishton tumani,Риштанский район,Rishtan district,Риштон тумани,2017,2017,0.0
1730226,So‘x tumani,Сохский район,Sokh district,Сўх тумани,2017,2017,0.1
1730227,Toshloq tumani,Ташлакский район,Tashlak district,Тошлоқ тумани,2017,2017,0.4
1730230,O‘zbekiston tumani,Узбекистанский район,Uzbekistan district,Ўзбекистон тумани,2017,2017,0.0
1730233,Farg‘ona tumani,Ферганский район,Fergana district,Фарғона тумани,2017,2017,0.3
1730236,Dang‘ara tumani,Дангаринский район,Dangara district,Данғара тумани,2017,2017,0.7
1730238,Furqat tumani,Фуркатский район,Furkat district,Фурқат тумани,2017,2017,0.0
1730242,Yozyovon tumani,Язъяванский район,Yazyavan district,Ёзёвон тумани,2017,2017,0.5
1733,Xorazm viloyati,Хорезмская область,Khorezm region,Хоразм вилояти,2017,2017,9.3
1733401,Urganch shahri,Город Ургенч,Urgench city,Урганч шаҳри,2017,2017,0.3
1733406,Xiva shahri,Город Хива,Khiva city,Хива шаҳри,2017,2017,0.0
1733204,Bog‘ot tumani,Багатский район,Bagat district,Боғот тумани,2017,2017,0.2
1733208,Gurlan tumani,Гурленский район,Gurlan district,Гурлан тумани,2017,2017,0.1
1733212,Qo‘shko‘pir tumani,Кошкупырский район,Kushkupyr district,Қўшкўпир тумани,2017,2017,1.8
1733217,Urganch tumani,Ургенчский район,Urgench district,Урганч тумани,2017,2017,0.5
1733220,Xazorasp tumani,Хазараспский район,Khazarasp district,Хазорасп тумани,2017,2017,2.3
1733221,Tuproqqal’a tumani,Тупроккалинский район,Tuprakkala district,Тупроққалъа тумани,2017,2017,0.0
1733223,Xonqa tumani,Ханкинский район,Khanka district,Хонқа тумани,2017,2017,0.4
1733226,Xiva tumani,Хивинский район,Khiva district,Хива тумани,2017,2017,1.5
1733230,Shovot tumani,Шаватский район,Shavat district,Шовот тумани,2017,2017,1.9
1733233,Yangiariq tumani,Янгиарыкский район,Yangiaryk district,Янгиариқ тумани,2017,2017,0.3
1733236,Yangibozor tumani,Янгибазарский район,Yangibazar district,Янгибозор тумани,2017,2017,0.0
1726,Toshkent shahri,город Ташкент,Tashkent city,Тошкент шаҳри,2017,2017,4.8
1726262,Uchtepa tumani,Учтепинский район,Uchtepa district,Учтепа тумани,2017,2017,0.0
1726264,Bektemir tumani,Бектемирский район,Bektemir district,Бектемир тумани,2017,2017,0.5
1726266,Yunusobod tumani,Юнусабадский район,Yunusabad district,Юнусобод тумани,2017,2017,1.0
1726269,Mirzo Ulug‘bek tumani,Мирзо Улугбекский район,Mirzo Ulugbek district,Мирзо Улуғбек тумани,2017,2017,1.8
1726273,Mirobod tumani,Мирабадский район,Mirabad district,Миробод тумани,2017,2017,0.0
1726277,Shayxontoxur tumani,Шайхантахурский район,Shaykhantakhur district,Шайхонтохур тумани,2017,2017,0.0
1726280,Olmazor tumani,Алмазарский район,Almazar district,Олмазор тумани,2017,2017,1.2
1726283,Sirg‘ali tumani,Сергелийский район,Sergeli district,Сирғали тумани,2017,2017,0.0
1726287,Yakkasaroy tumani,Яккасарайский район,Yakkasaray district,Яккасарой тумани,2017,2017,0.0
1726290,Yashnobod tumani,Яшнободский район,Yashnabad district,Яшнобод тумани,2017,2017,0.4
1726292,Yangihayot tumani,Янгихаётский район,Yangikhayot district,Янгиҳаёт тумани,2017,2017,0.0
1726294,Chilonzor tumani,Чиланзарский район,Chilanzar district,Чилонзор тумани,2017,2017,0.0
1700,O‘zbekiston Respublikasi,Республика Узбекистан,Republic of Uzbekistan,Ўзбекистон Республикаси,2018,2018,80.4
1735,Qoraqalpog‘iston Respublikasi,Республика Каракалпакстан,Republic of Karakalpakstan,Қорақалпоғистон Республикаси,2018,2018,4.3
1735401,Nukus shahri,Город Нукус,Nukus city,Нукус шаҳри,2018,2018,0.5
1735204,Amudaryo tumani,Амударьинский район,Amudarya district,Aмударё тумани,2018,2018,0.1
1735207,Beruniy tumani,Берунийский район,Beruniy district,Беруний тумани,2018,2018,0.1
1735209,Bo‘zatov tumani,Бозатауский район,Bozatau district,Бўзатов тумани,2018,2018,0.0
1735211,Qorao‘zak tumani,Караузякский район,Karauzak district,Қораўзак тумани,2018,2018,0.1
1735212,Kegeyli tumani,Кегейлийский район,Kegeyli district,Кегейли тумани,2018,2018,0.4
1735215,Qo‘ng‘irot tumani,Кунградский район,Kungrad district,Қўнғирот тумани,2018,2018,0.0
1735218,Qanliko‘l tumani,Канлыкульский район,Kanlykul district,Қанликўл тумани,2018,2018,0.2
1735222,Mo‘ynoq tumani,Муйнакский район,Muynak district,Мўйноқ тумани,2018,2018,0.8
1735225,Nukus tumani,Нукусский район,Nukus district,Нукус тумани,2018,2018,0.5
1735228,Taxiatosh tumani,Тахиаташский район,Takhiatash district,Тахиатош тумани,2018,2018,0.2
1735230,Taxtako‘pir tumani,Тахтакупырский район,Takhtakupyr district,Тахтакўпир тумани,2018,2018,0.1
1735233,To‘rtko‘l tumani,Турткульский район,Turtkul district,Тўрткўл тумани,2018,2018,0.7
1735236,Xo‘jayli tumani,Ходжейлийский район,Khojeyli district,Хўжайли тумани,2018,2018,0.0
1735240,Chimboy tumani,Чимбайский район,Chimbay district,Чимбой тумани,2018,2018,0.0
1735243,Shumanay tumani,Шуманайский район,Shumanai district,Шуманай тумани,2018,2018,0.0
1735250,Ellikkala tumani,Элликкалинский район,Ellikkala district,Елликкала тумани,2018,2018,0.5
1703,Andijon viloyati,Андижанская область,Andijan region,Aндижон вилояти,2018,2018,9.2
1703401,Andijon shahri,Город Андижан,Andijan city,Aндижон шаҳри,2018,2018,1.9
1703408,Xonobod shahri,Город Ханабад,Khanabadcity,Хонобод шаҳри,2018,2018,0.0
1703202,Oltinko‘l tumani,Алтынкульский район,Altynkul district,Олтинкўл тумани,2018,2018,0.6
1703203,Andijon tumani,Андижанский район,Andijan district,Aндижон тумани,2018,2018,0.2
1703206,Baliqchi tumani,Балыкчинский район,Balykchi district,Балиқчи тумани,2018,2018,0.5
1703209,Bo‘ston tumani,Бустонский район,Bustan district,Бўстон тумани,2018,2018,0.0
1703210,Buloqboshi tumani,Булакбашинский район,Bulakbashi district,Булоқбоши тумани,2018,2018,0.0
1703211,Jalaquduq tumani,Жалакудукский район,Jalаquduk district,Жалақудуқ тумани,2018,2018,0.5
1703214,Izboskan tumani,Избасканский район,Izbaskan district,Избоскан тумани,2018,2018,0.7
1703217,Ulug‘nor tumani,Улугноpский район,Ulugnor district,Улуғнор тумани,2018,2018,0.1
1703220,Qo‘rg‘ontepa tumani,Кургантепинский район,Kurgantepa district,Қўрғонтепа тумани,2018,2018,0.6
1703224,Asaka tumani,Асакинский район,Asaka district,Aсака тумани,2018,2018,0.6
1703227,Marxamat tumani,Мархаматский район,Markhamat district,Мархамат тумани,2018,2018,1.5
1703230,Shaxrixon tumani,Шахриханский район,Shakhrikhan district,Шахрихон тумани,2018,2018,0.9
1703232,Paxtaobod tumani,Пахтаабадский район,Pakhtaabad district,Пахтаобод тумани,2018,2018,0.3
1703236,Xo‘jaobod tumani,Ходжаабадский район,Khojaabad district,Хўжаобод тумани,2018,2018,0.7
1706,Buxoro viloyati,Бухарская область,Bukhara region,Бухоро вилояти,2018,2018,7.2
1706401,Buxoro shahri,Город Бухара,Bukhara city,Бухоро шаҳри,2018,2018,1.5
1706403,Kogon shahri,Город Каган,Kagan city,Когон шаҳри,2018,2018,0.9
1706204,Olot tumani,Алатский район,Alat district,Олот тумани,2018,2018,0.0
1706207,Buxoro tumani,Бухарский район,Bukhara district,Бухоро тумани,2018,2018,0.2
1706212,Vobkent tumani,Вабкентский район,Vobkent district,Вобкент тумани,2018,2018,0.4
1706215,G‘ijduvon tumani,Гиждуванский район,Gijduvan district,Ғиждувон тумани,2018,2018,0.3
1706219,Kogon tumani,Каганский район,Kagan district,Когон тумани,2018,2018,0.6
1706230,Qorako‘l tumani,Каракульский район,Karakul district,Қоракўл тумани,2018,2018,0.4
1706232,Qorovulbozor tumani,Караулбазарский район,Qorovulbozor district,Қоровулбозор тумани,2018,2018,0.0
1706240,Peshku tumani,Пешкунский район,Peshkun district,Пешку тумани,2018,2018,0.9
1706242,Romitan tumani,Ромитанский район,Romitan district,Ромитан тумани,2018,2018,1.3
1706246,Jondor tumani,Жондоpский район,Jondor district,Жондор тумани,2018,2018,0.6
1706258,Shofirkon tumani,Шафирканский район,Shafirkan district,Шофиркон тумани,2018,2018,0.1
1708,Jizzax viloyati,Джизакская область,Jizzakh region,Жиззах вилояти,2018,2018,2.7
1708401,Jizzax shahri,Город Джизак,Jizzakh city,Жиззах шаҳри,2018,2018,0.0
1708201,Arnasoy tumani,Арнасайский район,Arnasay district,Aрнасой тумани,2018,2018,0.0
1708204,Baxmal tumani,Бахмальский район,Bakhmal district,Бахмал тумани,2018,2018,1.6
1708209,G‘allaorol tumani,Галляаральский район,Gallaaral district,Ғаллаорол тумани,2018,2018,0.0
1708212,Sharof Rashidov tumani,Шароф-Рашидовский район,Sharof Rashidov district,Шароф Рашидов тумани,2018,2018,0.2
1708215,Do‘stlik tumani,Дустликский район,Dustlik district,Дўстлик тумани,2018,2018,0.0
1708218,Zomin tumani,Зааминский район,Zomin district,Зомин тумани,2018,2018,0.1
1708220,Zarbdor tumani,Зарбдарский район,Zarbdar district,Зарбдор тумани,2018,2018,0.3
1708223,Mirzacho‘l tumani,Мирзачульский район,Mirzachul district,Мирзачўл тумани,2018,2018,0.0
1708225,Zafarobod tumani,Зафарабадский район,Zafarabad district,Зафаробод тумани,2018,2018,0.0
1708228,Paxtakor tumani,Пахтакорский район,Pakhtakor district,Пахтакор тумани,2018,2018,0.0
1708235,Forish tumani,Фаришский район,Farish district,Фориш тумани,2018,2018,0.4
1708237,Yangiobod tumani,Янгиободский район,Yangiabad district,Янгиобод тумани,2018,2018,0.0
1710,Qashqadaryo viloyati,Кашкадарьинская область,Kashkadarya region,Қашқадарё вилояти,2018,2018,10.4
1710401,Qarshi shahri,Город Карши,Karshi city,Қарши шаҳри,2018,2018,1.7
1710405,Shahrisabz shahri,Город Шахрисабз,Shakhrisabz city,Шаҳрисабз шаҳри,2018,2018,0.0
1710240,Ko‘kdala tumani,Кукдалинский район,Kukdala district,Кўкдала тумани,2018,2018,0.0
1710207,G‘uzor tumani,Гузарский район,Gissar district,Ғузор тумани,2018,2018,0.1
1710212,Dehqonobod tumani,Дехканабадский район,Dehkanabad district,Деҳқонобод тумани,2018,2018,0.7
1710220,Qamashi tumani,Камашинский район,Kamashi district,Қамаши тумани,2018,2018,1.0
1710224,Qarshi tumani,Каршинский район,Karshi district,Қарши тумани,2018,2018,1.2
1710229,Koson tumani,Касанский район,Kasan district,Косон тумани,2018,2018,1.1
1710232,Kitob tumani,Китабский район,Kitab district,Китоб тумани,2018,2018,0.9
1710233,Mirishkor tumani,Миришкорский район,Mirishkor district,Миришкор тумани,2018,2018,0.4
1710234,Muborak tumani,Мубарекский район,Mubarek district,Муборак тумани,2018,2018,0.6
1710235,Nishon tumani,Нишанский район,Nishon district,Нишон тумани,2018,2018,0.0
1710237,Kasbi tumani,Касбинский район,Kasbi district,Касби тумани,2018,2018,0.2
1710242,Chiroqchi tumani,Чиракчинский район,Chirakchi district,Чироқчи тумани,2018,2018,0.0
1710245,Shahrisabz tumani,Шахрисабзский район,Shakhrisabz district,Шаҳрисабз тумани,2018,2018,1.5
1710250,Yakkabog‘ tumani,Яккабагский район,Yakkabag district,Яккабоғ тумани,2018,2018,1.0
1712,Navoiy viloyati,Навоийская область,Navoi region,Навоий вилояти,2018,2018,3.7
1712401,Navoiy shahri,Город Навои,Navoi city,Навоий шаҳри,2018,2018,0.0
1712408,Zarafshon shahri,Город Заpафшан,Zarafshan city,Зарафшон шаҳри,2018,2018,0.0
1712412,G‘ozg‘on shahri,Город Газган,Gazgan city,Ғозғон шаҳри,2018,2018,0.0
1712211,Konimex tumani,Канимехский район,Kanimekh district,Конимех тумани,2018,2018,0.0
1712216,Qiziltepa tumani,Кызылтепинский район,Kyzyltepa district,Қизилтепа тумани,2018,2018,0.6
1712230,Navbahor tumani,Навбахорский район,Navbahor district,Навбаҳор тумани,2018,2018,0.0
1712234,Karmana tumani,Карманинский район,Karmana district,Кармана тумани,2018,2018,1.6
1712238,Nurota tumani,Нуратинский район,Nurota district,Нурота тумани,2018,2018,0.6
1712244,Tomdi tumani,Тамдынский район,Tomdy district,Томди тумани,2018,2018,0.0
1712248,Uchquduq tumani,Учкудукский район,Uchkuduk district,Учқудуқ тумани,2018,2018,0.2
1712251,Xatirchi tumani,Хатырчинский район,Khatyrchi district,Хатирчи тумани,2018,2018,0.7
1714,Namangan viloyati,Наманганская область,Namangan region,Наманган вилояти,2018,2018,3.0
1714401,Namangan shahri,Город Наманган,Namangan city,Наманган шаҳри,2018,2018,1.3
1714204,Mingbuloq tumani,Мингбулакский район,Mingbulak district,Мингбулоқ тумани,2018,2018,0.0
1714207,Kosonsoy tumani,Касансайский район,Kasansay district,Косонсой тумани,2018,2018,0.4
1714212,Namangan tumani,Наманганский район,Namangan district,Наманган тумани,2018,2018,0.6
1714216,Norin tumani,Нарынский район,Naryn district,Норин тумани,2018,2018,0.0
1714219,Pop tumani,Папский район,Pop district,Поп тумани,2018,2018,0.4
1714224,To‘raqo‘rg‘on tumani,Туракурганский район,Turakurgan district,Тўрақўрғон тумани,2018,2018,0.0
1714229,Uychi tumani,Уйчинский район,Uychi district,Уйчи тумани,2018,2018,0.0
1714234,Uchqo‘rg‘on tumani,Учкурганский район,Uchkurgan district,Учқўрғон тумани,2018,2018,0.3
1714236,Chortoq tumani,Чартакский район,Chartak district,Чортоқ тумани,2018,2018,0.0
1714237,Chust tumani,Чустский район,Chust district,Чуст тумани,2018,2018,0.0
1714242,Yangiqo‘rg‘on tumani,Янгикурганский район,Yangikurgan district,Янгиқўрғон тумани,2018,2018,0.0
1718,Samarqand viloyati,Самаркандская область,Samarkand region,Самарқанд вилояти,2018,2018,10.0
1718401,Samarqand shahri,Город Самарканд,Samarkand city,Самарқанд шаҳри,2018,2018,0.5
1718406,Kattaqo'rg'on shahar,Город Каттакурган,Kattaqo'rg'on city,Каттақўрғон шаҳар,2018,2018,0.0
1718203,Oqdaryo tumani,Акдарьинский район,Akdarya district,Оқдарё тумани,2018,2018,1.0
1718206,Bulung‘ur tumani,Булунгурский район,Bulungur district,Булунғур тумани,2018,2018,0.6
1718209,Jomboy tumani,Джамбайский район,Jomboy district,Жомбой тумани,2018,2018,0.2
1718212,Ishtixon tumani,Иштыханский район,Ishtykhan district,Иштихон тумани,2018,2018,0.7
1718215,Kattaqo‘rg‘on tumani,Каттакурганский район,Kattakurgan district,Каттақўрғон тумани,2018,2018,0.9
1718216,Qo‘shrabot tumani,Кошрабадский район,Koshrabad district,Қўшработ тумани,2018,2018,0.5
1718218,Narpay tumani,Нарпайский район,Narpai district,Нарпай тумани,2018,2018,0.2
1718224,Payariq tumani,Пайарыкский район,Payaryk district,Паяриқ тумани,2018,2018,0.2
1718227,Pastdarg‘om tumani,Пастдаргомский район,Pastdargom district,Пастдарғом тумани,2018,2018,2.2
1718230,Paxtachi tumani,Пахтачийский район,Pakhtachi district,Пахтачи тумани,2018,2018,0.3
1718233,Samarqand tumani,Самаркандский район,Samarkand district,Самарқанд тумани,2018,2018,0.6
1718235,Nurobod tumani,Нурабадский район,Nurabad district,Нуробод тумани,2018,2018,0.6
1718236,Urgut tumani,Ургутский район,Urgut district,Ургут тумани,2018,2018,1.5
1718238,Tayloq tumani,Тайлякский район,Tailak district,Тайлоқ тумани,2018,2018,0.0
1722,Surxondaryo viloyati,Сурхандарьинская область,Surkhandarya region,Сурхондарё вилояти,2018,2018,5.6
1722401,Termiz shahri,Город Термез,Termiz city,Термиз шаҳри,2018,2018,0.3
1722201,Oltinsoy tumani,Алтынсайский район,Altynsay district,Олтинсой тумани,2018,2018,0.3
1722202,Angor tumani,Ангорский район,Angor district,Aнгор тумани,2018,2018,0.1
1722203,Bandixon tumani,Бандихонский район,Bandykhan district,Бандихон тумани,2018,2018,0.0
1722204,Boysun tumani,Байсунский район,Baysun district,Бойсун тумани,2018,2018,0.2
1722207,Muzrabot tumani,Музрабадский район,Muzrabad district,Музработ тумани,2018,2018,0.1
1722210,Denov tumani,Денауский район,Denau district,Денов тумани,2018,2018,0.3
1722212,Jarqo‘rg‘on tumani,Джаркурганский район,Jarkurgan district,Жарқўрғон тумани,2018,2018,0.5
1722214,Qumqo‘rg‘on tumani,Кумкурганский район,Kumkurgan district,Қумқўрғон тумани,2018,2018,0.3
1722215,Qiziriq tumani,Кизирикский район,Kizirik district,Қизириқ тумани,2018,2018,1.3
1722217,Sariosiyo tumani,Сариасийский район,Sariosia district,Сариосиё тумани,2018,2018,0.5
1722220,Termiz tumani,Термезский район,Termiz district,Термиз тумани,2018,2018,0.5
1722221,Uzun tumani,Узунский район,Uzun district,Узун тумани,2018,2018,0.4
1722223,Sherobod tumani,Шерабадский район,Sherabad district,Шеробод тумани,2018,2018,0.4
1722226,Sho‘rchi tumani,Шурчинский район,Shurchi district,Шўрчи тумани,2018,2018,0.5
1724,Sirdaryo viloyati,Сырдарьинская область,Syrdarya region,Сирдарё вилояти,2018,2018,1.1
1724401,Guliston shahri,Город Гулистан,Gulistan city,Гулистон шаҳри,2018,2018,0.0
1724410,Shirin shahri,Город Ширин,Shirin city,Ширин шаҳри,2018,2018,0.0
1724413,Yangiyer shahri,Город Янгиер,Yangier city,Янгийер шаҳри,2018,2018,0.0
1724206,Oqoltin tumani,Акалтынский район,Akaltyn district,Оқолтин тумани,2018,2018,0.2
1724212,Boyovut tumani,Баяутский район,Bayaut district,Боёвут тумани,2018,2018,0.5
1724216,Sayxunobod tumani,Сайхунабадский район,Saykhunabad district,Сайхунобод тумани,2018,2018,0.0
1724220,Guliston tumani,Гулистанский район,Gulistan district,Гулистон тумани,2018,2018,0.1
1724226,Sardoba tumani,Сардобский район,Sardoba district,Сардоба тумани,2018,2018,0.0
1724228,Mirzaobod tumani,Мирзаабадский район,Mirzaabad district,Мирзаобод тумани,2018,2018,0.0
1724231,Sirdaryo tumani,Сырдарьинский район,Syrdarya district,Сирдарё тумани,2018,2018,0.2
1724235,Xovos tumani,Хавасский район,Khovos district,Ховос тумани,2018,2018,0.1
1727,Toshkent viloyati,Ташкентская область,Tashkent region,Тошкент вилояти,2018,2018,4.8
1727401,Nurafshon shahri,Город Нурафшон,Nurafshan city,Нурафшон шаҳри,2018,2018,0.0
1727404,Olmaliq shahri,Город Алмалык,Almalyk city,Олмалиқ шаҳри,2018,2018,0.0
1727407,Angren shahri,Город Ангрен,Angren city,Aнгрен шаҳри,2018,2018,0.0
1727413,Bekobod shahri,Город Бекабад,Bekabad city,Бекобод шаҳри,2018,2018,0.5
1727419,Chirchiq shahri,Город Чиpчик,Chirchik city,Чирчиқ шаҳри,2018,2018,0.0
1727415,Ohangaron shahri,Город Ахангаран,Akhangaran city,Оҳангарон шаҳри,2018,2018,0.0
1727424,Yangiyo‘lshahri,Город Янгиюль,Yangiyul city,Янгийўлшаҳри,2018,2018,0.0
1727206,Oqqo‘rg‘on tumani,Аккурганский район,Akkurgan district,Оққўрғон тумани,2018,2018,0.5
1727212,Ohangaron tumani,Ахангаранский район,Akhangaran district,Оҳангарон тумани,2018,2018,0.4
1727220,Bekobod tumani,Бекабадский район,Bekabad district,Бекобод тумани,2018,2018,0.5
1727224,Bo‘stonliq tumani,Бостанлыкский район,Bostanlyk district,Бўстонлиқ тумани,2018,2018,0.0
1727228,Bo‘ka tumani,Букинский район,Buka district,Бўка тумани,2018,2018,0.0
1727233,Quyichirchiq tumani,Куйичирчикский район,Kuyichirchik district,Қуйичирчиқ тумани,2018,2018,0.2
1727237,Zangiota tumani,Зангиатинский район,Zangiata district,Зангиота тумани,2018,2018,0.1
1727239,Yuqorichirchiq tumani,Юкоричирчикский район,Yukorichirchik district,Юқоричирчиқ тумани,2018,2018,0.3
1727248,Qibray tumani,Кибрайский район,Kibray district,Қибрай тумани,2018,2018,0.8
1727249,Parkent tumani,Паркентский район,Parkent district,Паркент тумани,2018,2018,0.8
1727250,Piskent tumani,Пскентский район,Piskent district,Пискент тумани,2018,2018,0.0
1727253,O‘rtachirchiq tumani,Уртачирчикский район,Urtachirchik district,Ўртачирчиқ тумани,2018,2018,0.1
1727256,Chinoz tumani,Чиназский район,Chinaz district,Чиноз тумани,2018,2018,0.3
1727259,Yangiyo‘l tumani,Янгиюльский район,Yangiyul district,Янгийўл тумани,2018,2018,0.3
1727265,Toshkent tumani,Ташкентский район,Tashkent district,Тошкент тумани,2018,2018,0.0
1730,Farg‘ona viloyati,Ферганская область,Fergana region,Фарғона вилояти,2018,2018,5.4
1730401,Farg‘ona shahri,Город Фергана,Fergana city,Фарғона шаҳри,2018,2018,0.6
1730405,Qo‘qon shahri,Город Коканд,Kokand city,Қўқон шаҳри,2018,2018,0.5
1730408,Quvasoy shahri,Город Кувасай,Kuvasay city,Қувасой шаҳри,2018,2018,0.0
1730412,Marg‘ilon shahri,Город Маpгилан,Margilan city,Марғилон шаҳри,2018,2018,1.2
1730203,Oltiariq tumani,Алтыарыкский район,Altyaryk district,Олтиариқ тумани,2018,2018,0.0
1730206,Qo‘shtepa tumani,Куштепинский район,Kushtepa district,Қўштепа тумани,2018,2018,0.0
1730209,Bog‘dod tumani,Багдадский район,Baghdad district,Боғдод тумани,2018,2018,0.5
1730212,Buvayda tumani,Бувайдинский район,Buvayda district,Бувайда тумани,2018,2018,0.2
1730215,Beshariq tumani,Бешарыкский район,Besharik district,Бешариқ тумани,2018,2018,0.4
1730218,Quva tumani,Кувинский район,Kuva district,Қува тумани,2018,2018,0.3
1730221,Uchko‘prik tumani,Учкуприкский район,Uchkuprik district,Учкўприк тумани,2018,2018,0.4
1730224,Rishton tumani,Риштанский район,Rishtan district,Риштон тумани,2018,2018,0.2
1730226,So‘x tumani,Сохский район,Sokh district,Сўх тумани,2018,2018,0.4
1730227,Toshloq tumani,Ташлакский район,Tashlak district,Тошлоқ тумани,2018,2018,0.2
1730230,O‘zbekiston tumani,Узбекистанский район,Uzbekistan district,Ўзбекистон тумани,2018,2018,0.0
1730233,Farg‘ona tumani,Ферганский район,Fergana district,Фарғона тумани,2018,2018,0.0
1730236,Dang‘ara tumani,Дангаринский район,Dangara district,Данғара тумани,2018,2018,0.4
1730238,Furqat tumani,Фуркатский район,Furkat district,Фурқат тумани,2018,2018,0.2
1730242,Yozyovon tumani,Язъяванский район,Yazyavan district,Ёзёвон тумани,2018,2018,0.0
1733,Xorazm viloyati,Хорезмская область,Khorezm region,Хоразм вилояти,2018,2018,6.8
1733401,Urganch shahri,Город Ургенч,Urgench city,Урганч шаҳри,2018,2018,1.2
1733406,Xiva shahri,Город Хива,Khiva city,Хива шаҳри,2018,2018,0.0
1733204,Bog‘ot tumani,Багатский район,Bagat district,Боғот тумани,2018,2018,0.6
1733208,Gurlan tumani,Гурленский район,Gurlan district,Гурлан тумани,2018,2018,0.1
1733212,Qo‘shko‘pir tumani,Кошкупырский район,Kushkupyr district,Қўшкўпир тумани,2018,2018,0.1
1733217,Urganch tumani,Ургенчский район,Urgench district,Урганч тумани,2018,2018,0.5
1733220,Xazorasp tumani,Хазараспский район,Khazarasp district,Хазорасп тумани,2018,2018,0.6
1733221,Tuproqqal’a tumani,Тупроккалинский район,Tuprakkala district,Тупроққалъа тумани,2018,2018,0.0
1733223,Xonqa tumani,Ханкинский район,Khanka district,Хонқа тумани,2018,2018,1.2
1733226,Xiva tumani,Хивинский район,Khiva district,Хива тумани,2018,2018,1.8
1733230,Shovot tumani,Шаватский район,Shavat district,Шовот тумани,2018,2018,0.1
1733233,Yangiariq tumani,Янгиарыкский район,Yangiaryk district,Янгиариқ тумани,2018,2018,0.4
1733236,Yangibozor tumani,Янгибазарский район,Yangibazar district,Янгибозор тумани,2018,2018,0.1
1726,Toshkent shahri,город Ташкент,Tashkent city,Тошкент шаҳри,2018,2018,6.2
1726262,Uchtepa tumani,Учтепинский район,Uchtepa district,Учтепа тумани,2018,2018,1.2
1726264,Bektemir tumani,Бектемирский район,Bektemir district,Бектемир тумани,2018,2018,0.0
1726266,Yunusobod tumani,Юнусабадский район,Yunusabad district,Юнусобод тумани,2018,2018,1.6
1726269,Mirzo Ulug‘bek tumani,Мирзо Улугбекский район,Mirzo Ulugbek district,Мирзо Улуғбек тумани,2018,2018,1.0
1726273,Mirobod tumani,Мирабадский район,Mirabad district,Миробод тумани,2018,2018,0.0
1726277,Shayxontoxur tumani,Шайхантахурский район,Shaykhantakhur district,Шайхонтохур тумани,2018,2018,0.0
1726280,Olmazor tumani,Алмазарский район,Almazar district,Олмазор тумани,2018,2018,0.0
1726283,Sirg‘ali tumani,Сергелийский район,Sergeli district,Сирғали тумани,2018,2018,0.0
1726287,Yakkasaroy tumani,Яккасарайский район,Yakkasaray district,Яккасарой тумани,2018,2018,0.0
1726290,Yashnobod tumani,Яшнободский район,Yashnabad district,Яшнобод тумани,2018,2018,0.4
1726292,Yangihayot tumani,Янгихаётский район,Yangikhayot district,Янгиҳаёт тумани,2018,2018,0.0
1726294,Chilonzor tumani,Чиланзарский район,Chilanzar district,Чилонзор тумани,2018,2018,2.0
1700,O‘zbekiston Respublikasi,Республика Узбекистан,Republic of Uzbekistan,Ўзбекистон Республикаси,2019,2019,114.1
1735,Qoraqalpog‘iston Respublikasi,Республика Каракалпакстан,Republic of Karakalpakstan,Қорақалпоғистон Республикаси,2019,2019,11.8
1735401,Nukus shahri,Город Нукус,Nukus city,Нукус шаҳри,2019,2019,1.3
1735204,Amudaryo tumani,Амударьинский район,Amudarya district,Aмударё тумани,2019,2019,1.7
1735207,Beruniy tumani,Берунийский район,Beruniy district,Беруний тумани,2019,2019,1.3
1735209,Bo‘zatov tumani,Бозатауский район,Bozatau district,Бўзатов тумани,2019,2019,0.0
1735211,Qorao‘zak tumani,Караузякский район,Karauzak district,Қораўзак тумани,2019,2019,0.5
1735212,Kegeyli tumani,Кегейлийский район,Kegeyli district,Кегейли тумани,2019,2019,0.0
1735215,Qo‘ng‘irot tumani,Кунградский район,Kungrad district,Қўнғирот тумани,2019,2019,0.9
1735218,Qanliko‘l tumani,Канлыкульский район,Kanlykul district,Қанликўл тумани,2019,2019,1.1
1735222,Mo‘ynoq tumani,Муйнакский район,Muynak district,Мўйноқ тумани,2019,2019,0.5
1735225,Nukus tumani,Нукусский район,Nukus district,Нукус тумани,2019,2019,0.8
1735228,Taxiatosh tumani,Тахиаташский район,Takhiatash district,Тахиатош тумани,2019,2019,0.1
1735230,Taxtako‘pir tumani,Тахтакупырский район,Takhtakupyr district,Тахтакўпир тумани,2019,2019,0.0
1735233,To‘rtko‘l tumani,Турткульский район,Turtkul district,Тўрткўл тумани,2019,2019,1.1
1735236,Xo‘jayli tumani,Ходжейлийский район,Khojeyli district,Хўжайли тумани,2019,2019,0.5
1735240,Chimboy tumani,Чимбайский район,Chimbay district,Чимбой тумани,2019,2019,0.7
1735243,Shumanay tumani,Шуманайский район,Shumanai district,Шуманай тумани,2019,2019,0.2
1735250,Ellikkala tumani,Элликкалинский район,Ellikkala district,Елликкала тумани,2019,2019,0.8
1703,Andijon viloyati,Андижанская область,Andijan region,Aндижон вилояти,2019,2019,9.2
1703401,Andijon shahri,Город Андижан,Andijan city,Aндижон шаҳри,2019,2019,0.0
1703408,Xonobod shahri,Город Ханабад,Khanabadcity,Хонобод шаҳри,2019,2019,0.0
1703202,Oltinko‘l tumani,Алтынкульский район,Altynkul district,Олтинкўл тумани,2019,2019,1.1
1703203,Andijon tumani,Андижанский район,Andijan district,Aндижон тумани,2019,2019,1.6
1703206,Baliqchi tumani,Балыкчинский район,Balykchi district,Балиқчи тумани,2019,2019,0.2
1703209,Bo‘ston tumani,Бустонский район,Bustan district,Бўстон тумани,2019,2019,0.0
1703210,Buloqboshi tumani,Булакбашинский район,Bulakbashi district,Булоқбоши тумани,2019,2019,0.4
1703211,Jalaquduq tumani,Жалакудукский район,Jalаquduk district,Жалақудуқ тумани,2019,2019,1.0
1703214,Izboskan tumani,Избасканский район,Izbaskan district,Избоскан тумани,2019,2019,0.0
1703217,Ulug‘nor tumani,Улугноpский район,Ulugnor district,Улуғнор тумани,2019,2019,0.0
1703220,Qo‘rg‘ontepa tumani,Кургантепинский район,Kurgantepa district,Қўрғонтепа тумани,2019,2019,0.8
1703224,Asaka tumani,Асакинский район,Asaka district,Aсака тумани,2019,2019,1.7
1703227,Marxamat tumani,Мархаматский район,Markhamat district,Мархамат тумани,2019,2019,0.6
1703230,Shaxrixon tumani,Шахриханский район,Shakhrikhan district,Шахрихон тумани,2019,2019,0.9
1703232,Paxtaobod tumani,Пахтаабадский район,Pakhtaabad district,Пахтаобод тумани,2019,2019,0.0
1703236,Xo‘jaobod tumani,Ходжаабадский район,Khojaabad district,Хўжаобод тумани,2019,2019,0.9
1706,Buxoro viloyati,Бухарская область,Bukhara region,Бухоро вилояти,2019,2019,9.5
1706401,Buxoro shahri,Город Бухара,Bukhara city,Бухоро шаҳри,2019,2019,2.4
1706403,Kogon shahri,Город Каган,Kagan city,Когон шаҳри,2019,2019,0.0
1706204,Olot tumani,Алатский район,Alat district,Олот тумани,2019,2019,0.4
1706207,Buxoro tumani,Бухарский район,Bukhara district,Бухоро тумани,2019,2019,0.8
1706212,Vobkent tumani,Вабкентский район,Vobkent district,Вобкент тумани,2019,2019,0.6
1706215,G‘ijduvon tumani,Гиждуванский район,Gijduvan district,Ғиждувон тумани,2019,2019,1.3
1706219,Kogon tumani,Каганский район,Kagan district,Когон тумани,2019,2019,0.5
1706230,Qorako‘l tumani,Каракульский район,Karakul district,Қоракўл тумани,2019,2019,0.5
1706232,Qorovulbozor tumani,Караулбазарский район,Qorovulbozor district,Қоровулбозор тумани,2019,2019,0.1
1706240,Peshku tumani,Пешкунский район,Peshkun district,Пешку тумани,2019,2019,0.2
1706242,Romitan tumani,Ромитанский район,Romitan district,Ромитан тумани,2019,2019,2.0
1706246,Jondor tumani,Жондоpский район,Jondor district,Жондор тумани,2019,2019,0.4
1706258,Shofirkon tumani,Шафирканский район,Shafirkan district,Шофиркон тумани,2019,2019,0.3
1708,Jizzax viloyati,Джизакская область,Jizzakh region,Жиззах вилояти,2019,2019,8.7
1708401,Jizzax shahri,Город Джизак,Jizzakh city,Жиззах шаҳри,2019,2019,0.3
1708201,Arnasoy tumani,Арнасайский район,Arnasay district,Aрнасой тумани,2019,2019,0.0
1708204,Baxmal tumani,Бахмальский район,Bakhmal district,Бахмал тумани,2019,2019,1.6
1708209,G‘allaorol tumani,Галляаральский район,Gallaaral district,Ғаллаорол тумани,2019,2019,0.4
1708212,Sharof Rashidov tumani,Шароф-Рашидовский район,Sharof Rashidov district,Шароф Рашидов тумани,2019,2019,0.2
1708215,Do‘stlik tumani,Дустликский район,Dustlik district,Дўстлик тумани,2019,2019,0.6
1708218,Zomin tumani,Зааминский район,Zomin district,Зомин тумани,2019,2019,2.5
1708220,Zarbdor tumani,Зарбдарский район,Zarbdar district,Зарбдор тумани,2019,2019,0.2
1708223,Mirzacho‘l tumani,Мирзачульский район,Mirzachul district,Мирзачўл тумани,2019,2019,0.1
1708225,Zafarobod tumani,Зафарабадский район,Zafarabad district,Зафаробод тумани,2019,2019,1.3
1708228,Paxtakor tumani,Пахтакорский район,Pakhtakor district,Пахтакор тумани,2019,2019,0.8
1708235,Forish tumani,Фаришский район,Farish district,Фориш тумани,2019,2019,0.3
1708237,Yangiobod tumani,Янгиободский район,Yangiabad district,Янгиобод тумани,2019,2019,0.3
1710,Qashqadaryo viloyati,Кашкадарьинская область,Kashkadarya region,Қашқадарё вилояти,2019,2019,11.0
1710401,Qarshi shahri,Город Карши,Karshi city,Қарши шаҳри,2019,2019,2.1
1710405,Shahrisabz shahri,Город Шахрисабз,Shakhrisabz city,Шаҳрисабз шаҳри,2019,2019,0.4
1710240,Ko‘kdala tumani,Кукдалинский район,Kukdala district,Кўкдала тумани,2019,2019,0.0
1710207,G‘uzor tumani,Гузарский район,Gissar district,Ғузор тумани,2019,2019,0.2
1710212,Dehqonobod tumani,Дехканабадский район,Dehkanabad district,Деҳқонобод тумани,2019,2019,0.4
1710220,Qamashi tumani,Камашинский район,Kamashi district,Қамаши тумани,2019,2019,0.5
1710224,Qarshi tumani,Каршинский район,Karshi district,Қарши тумани,2019,2019,0.7
1710229,Koson tumani,Касанский район,Kasan district,Косон тумани,2019,2019,0.0
1710232,Kitob tumani,Китабский район,Kitab district,Китоб тумани,2019,2019,2.6
1710233,Mirishkor tumani,Миришкорский район,Mirishkor district,Миришкор тумани,2019,2019,0.0
1710234,Muborak tumani,Мубарекский район,Mubarek district,Муборак тумани,2019,2019,0.0
1710235,Nishon tumani,Нишанский район,Nishon district,Нишон тумани,2019,2019,0.2
1710237,Kasbi tumani,Касбинский район,Kasbi district,Касби тумани,2019,2019,0.4
1710242,Chiroqchi tumani,Чиракчинский район,Chirakchi district,Чироқчи тумани,2019,2019,2.1
1710245,Shahrisabz tumani,Шахрисабзский район,Shakhrisabz district,Шаҳрисабз тумани,2019,2019,0.9
1710250,Yakkabog‘ tumani,Яккабагский район,Yakkabag district,Яккабоғ тумани,2019,2019,0.3
1712,Navoiy viloyati,Навоийская область,Navoi region,Навоий вилояти,2019,2019,3.8
1712401,Navoiy shahri,Город Навои,Navoi city,Навоий шаҳри,2019,2019,0.3
1712408,Zarafshon shahri,Город Заpафшан,Zarafshan city,Зарафшон шаҳри,2019,2019,0.0
1712412,G‘ozg‘on shahri,Город Газган,Gazgan city,Ғозғон шаҳри,2019,2019,0.0
1712211,Konimex tumani,Канимехский район,Kanimekh district,Конимех тумани,2019,2019,0.4
1712216,Qiziltepa tumani,Кызылтепинский район,Kyzyltepa district,Қизилтепа тумани,2019,2019,1.2
1712230,Navbahor tumani,Навбахорский район,Navbahor district,Навбаҳор тумани,2019,2019,0.5
1712234,Karmana tumani,Карманинский район,Karmana district,Кармана тумани,2019,2019,0.7
1712238,Nurota tumani,Нуратинский район,Nurota district,Нурота тумани,2019,2019,0.1
1712244,Tomdi tumani,Тамдынский район,Tomdy district,Томди тумани,2019,2019,0.1
1712248,Uchquduq tumani,Учкудукский район,Uchkuduk district,Учқудуқ тумани,2019,2019,0.4
1712251,Xatirchi tumani,Хатырчинский район,Khatyrchi district,Хатирчи тумани,2019,2019,0.0
1714,Namangan viloyati,Наманганская область,Namangan region,Наманган вилояти,2019,2019,3.3
1714401,Namangan shahri,Город Наманган,Namangan city,Наманган шаҳри,2019,2019,0.0
1714204,Mingbuloq tumani,Мингбулакский район,Mingbulak district,Мингбулоқ тумани,2019,2019,0.0
1714207,Kosonsoy tumani,Касансайский район,Kasansay district,Косонсой тумани,2019,2019,1.1
1714212,Namangan tumani,Наманганский район,Namangan district,Наманган тумани,2019,2019,0.0
1714216,Norin tumani,Нарынский район,Naryn district,Норин тумани,2019,2019,0.0
1714219,Pop tumani,Папский район,Pop district,Поп тумани,2019,2019,0.2
1714224,To‘raqo‘rg‘on tumani,Туракурганский район,Turakurgan district,Тўрақўрғон тумани,2019,2019,1.3
1714229,Uychi tumani,Уйчинский район,Uychi district,Уйчи тумани,2019,2019,0.5
1714234,Uchqo‘rg‘on tumani,Учкурганский район,Uchkurgan district,Учқўрғон тумани,2019,2019,0.2
1714236,Chortoq tumani,Чартакский район,Chartak district,Чортоқ тумани,2019,2019,0.0
1714237,Chust tumani,Чустский район,Chust district,Чуст тумани,2019,2019,0.0
1714242,Yangiqo‘rg‘on tumani,Янгикурганский район,Yangikurgan district,Янгиқўрғон тумани,2019,2019,0.0
1718,Samarqand viloyati,Самаркандская область,Samarkand region,Самарқанд вилояти,2019,2019,13.1
1718401,Samarqand shahri,Город Самарканд,Samarkand city,Самарқанд шаҳри,2019,2019,3.1
1718406,Kattaqo'rg'on shahar,Город Каттакурган,Kattaqo'rg'on city,Каттақўрғон шаҳар,2019,2019,0.0
1718203,Oqdaryo tumani,Акдарьинский район,Akdarya district,Оқдарё тумани,2019,2019,0.3
1718206,Bulung‘ur tumani,Булунгурский район,Bulungur district,Булунғур тумани,2019,2019,0.2
1718209,Jomboy tumani,Джамбайский район,Jomboy district,Жомбой тумани,2019,2019,0.3
1718212,Ishtixon tumani,Иштыханский район,Ishtykhan district,Иштихон тумани,2019,2019,0.4
1718215,Kattaqo‘rg‘on tumani,Каттакурганский район,Kattakurgan district,Каттақўрғон тумани,2019,2019,1.1
1718216,Qo‘shrabot tumani,Кошрабадский район,Koshrabad district,Қўшработ тумани,2019,2019,1.5
1718218,Narpay tumani,Нарпайский район,Narpai district,Нарпай тумани,2019,2019,0.7
1718224,Payariq tumani,Пайарыкский район,Payaryk district,Паяриқ тумани,2019,2019,0.7
1718227,Pastdarg‘om tumani,Пастдаргомский район,Pastdargom district,Пастдарғом тумани,2019,2019,1.3
1718230,Paxtachi tumani,Пахтачийский район,Pakhtachi district,Пахтачи тумани,2019,2019,0.2
1718233,Samarqand tumani,Самаркандский район,Samarkand district,Самарқанд тумани,2019,2019,1.0
1718235,Nurobod tumani,Нурабадский район,Nurabad district,Нуробод тумани,2019,2019,0.4
1718236,Urgut tumani,Ургутский район,Urgut district,Ургут тумани,2019,2019,1.5
1718238,Tayloq tumani,Тайлякский район,Tailak district,Тайлоқ тумани,2019,2019,0.6
1722,Surxondaryo viloyati,Сурхандарьинская область,Surkhandarya region,Сурхондарё вилояти,2019,2019,7.2
1722401,Termiz shahri,Город Термез,Termiz city,Термиз шаҳри,2019,2019,0.0
1722201,Oltinsoy tumani,Алтынсайский район,Altynsay district,Олтинсой тумани,2019,2019,0.4
1722202,Angor tumani,Ангорский район,Angor district,Aнгор тумани,2019,2019,0.5
1722203,Bandixon tumani,Бандихонский район,Bandykhan district,Бандихон тумани,2019,2019,0.0
1722204,Boysun tumani,Байсунский район,Baysun district,Бойсун тумани,2019,2019,0.2
1722207,Muzrabot tumani,Музрабадский район,Muzrabad district,Музработ тумани,2019,2019,0.4
1722210,Denov tumani,Денауский район,Denau district,Денов тумани,2019,2019,1.2
1722212,Jarqo‘rg‘on tumani,Джаркурганский район,Jarkurgan district,Жарқўрғон тумани,2019,2019,0.4
1722214,Qumqo‘rg‘on tumani,Кумкурганский район,Kumkurgan district,Қумқўрғон тумани,2019,2019,0.4
1722215,Qiziriq tumani,Кизирикский район,Kizirik district,Қизириқ тумани,2019,2019,0.5
1722217,Sariosiyo tumani,Сариасийский район,Sariosia district,Сариосиё тумани,2019,2019,0.5
1722220,Termiz tumani,Термезский район,Termiz district,Термиз тумани,2019,2019,0.8
1722221,Uzun tumani,Узунский район,Uzun district,Узун тумани,2019,2019,0.6
1722223,Sherobod tumani,Шерабадский район,Sherabad district,Шеробод тумани,2019,2019,0.5
1722226,Sho‘rchi tumani,Шурчинский район,Shurchi district,Шўрчи тумани,2019,2019,0.8
1724,Sirdaryo viloyati,Сырдарьинская область,Syrdarya region,Сирдарё вилояти,2019,2019,1.3
1724401,Guliston shahri,Город Гулистан,Gulistan city,Гулистон шаҳри,2019,2019,0.0
1724410,Shirin shahri,Город Ширин,Shirin city,Ширин шаҳри,2019,2019,0.0
1724413,Yangiyer shahri,Город Янгиер,Yangier city,Янгийер шаҳри,2019,2019,0.3
1724206,Oqoltin tumani,Акалтынский район,Akaltyn district,Оқолтин тумани,2019,2019,0.1
1724212,Boyovut tumani,Баяутский район,Bayaut district,Боёвут тумани,2019,2019,0.1
1724216,Sayxunobod tumani,Сайхунабадский район,Saykhunabad district,Сайхунобод тумани,2019,2019,0.0
1724220,Guliston tumani,Гулистанский район,Gulistan district,Гулистон тумани,2019,2019,0.0
1724226,Sardoba tumani,Сардобский район,Sardoba district,Сардоба тумани,2019,2019,0.0
1724228,Mirzaobod tumani,Мирзаабадский район,Mirzaabad district,Мирзаобод тумани,2019,2019,0.5
1724231,Sirdaryo tumani,Сырдарьинский район,Syrdarya district,Сирдарё тумани,2019,2019,0.0
1724235,Xovos tumani,Хавасский район,Khovos district,Ховос тумани,2019,2019,0.3
1727,Toshkent viloyati,Ташкентская область,Tashkent region,Тошкент вилояти,2019,2019,13.0
1727401,Nurafshon shahri,Город Нурафшон,Nurafshan city,Нурафшон шаҳри,2019,2019,0.0
1727404,Olmaliq shahri,Город Алмалык,Almalyk city,Олмалиқ шаҳри,2019,2019,0.0
1727407,Angren shahri,Город Ангрен,Angren city,Aнгрен шаҳри,2019,2019,0.0
1727413,Bekobod shahri,Город Бекабад,Bekabad city,Бекобод шаҳри,2019,2019,1.4
1727419,Chirchiq shahri,Город Чиpчик,Chirchik city,Чирчиқ шаҳри,2019,2019,0.0
1727415,Ohangaron shahri,Город Ахангаран,Akhangaran city,Оҳангарон шаҳри,2019,2019,0.0
1727424,Yangiyo‘lshahri,Город Янгиюль,Yangiyul city,Янгийўлшаҳри,2019,2019,0.0
1727206,Oqqo‘rg‘on tumani,Аккурганский район,Akkurgan district,Оққўрғон тумани,2019,2019,1.2
1727212,Ohangaron tumani,Ахангаранский район,Akhangaran district,Оҳангарон тумани,2019,2019,1.2
1727220,Bekobod tumani,Бекабадский район,Bekabad district,Бекобод тумани,2019,2019,1.3
1727224,Bo‘stonliq tumani,Бостанлыкский район,Bostanlyk district,Бўстонлиқ тумани,2019,2019,0.0
1727228,Bo‘ka tumani,Букинский район,Buka district,Бўка тумани,2019,2019,0.0
1727233,Quyichirchiq tumani,Куйичирчикский район,Kuyichirchik district,Қуйичирчиқ тумани,2019,2019,0.6
1727237,Zangiota tumani,Зангиатинский район,Zangiata district,Зангиота тумани,2019,2019,0.4
1727239,Yuqorichirchiq tumani,Юкоричирчикский район,Yukorichirchik district,Юқоричирчиқ тумани,2019,2019,0.7
1727248,Qibray tumani,Кибрайский район,Kibray district,Қибрай тумани,2019,2019,2.3
1727249,Parkent tumani,Паркентский район,Parkent district,Паркент тумани,2019,2019,2.0
1727250,Piskent tumani,Пскентский район,Piskent district,Пискент тумани,2019,2019,0.0
1727253,O‘rtachirchiq tumani,Уртачирчикский район,Urtachirchik district,Ўртачирчиқ тумани,2019,2019,0.2
1727256,Chinoz tumani,Чиназский район,Chinaz district,Чиноз тумани,2019,2019,0.8
1727259,Yangiyo‘l tumani,Янгиюльский район,Yangiyul district,Янгийўл тумани,2019,2019,0.9
1727265,Toshkent tumani,Ташкентский район,Tashkent district,Тошкент тумани,2019,2019,0.0
1730,Farg‘ona viloyati,Ферганская область,Fergana region,Фарғона вилояти,2019,2019,6.1
1730401,Farg‘ona shahri,Город Фергана,Fergana city,Фарғона шаҳри,2019,2019,0.4
1730405,Qo‘qon shahri,Город Коканд,Kokand city,Қўқон шаҳри,2019,2019,0.2
1730408,Quvasoy shahri,Город Кувасай,Kuvasay city,Қувасой шаҳри,2019,2019,0.0
1730412,Marg‘ilon shahri,Город Маpгилан,Margilan city,Марғилон шаҳри,2019,2019,0.0
1730203,Oltiariq tumani,Алтыарыкский район,Altyaryk district,Олтиариқ тумани,2019,2019,0.0
1730206,Qo‘shtepa tumani,Куштепинский район,Kushtepa district,Қўштепа тумани,2019,2019,0.0
1730209,Bog‘dod tumani,Багдадский район,Baghdad district,Боғдод тумани,2019,2019,0.1
1730212,Buvayda tumani,Бувайдинский район,Buvayda district,Бувайда тумани,2019,2019,0.2
1730215,Beshariq tumani,Бешарыкский район,Besharik district,Бешариқ тумани,2019,2019,0.9
1730218,Quva tumani,Кувинский район,Kuva district,Қува тумани,2019,2019,1.1
1730221,Uchko‘prik tumani,Учкуприкский район,Uchkuprik district,Учкўприк тумани,2019,2019,0.0
1730224,Rishton tumani,Риштанский район,Rishtan district,Риштон тумани,2019,2019,0.5
1730226,So‘x tumani,Сохский район,Sokh district,Сўх тумани,2019,2019,0.7
1730227,Toshloq tumani,Ташлакский район,Tashlak district,Тошлоқ тумани,2019,2019,0.0
1730230,O‘zbekiston tumani,Узбекистанский район,Uzbekistan district,Ўзбекистон тумани,2019,2019,0.8
1730233,Farg‘ona tumani,Ферганский район,Fergana district,Фарғона тумани,2019,2019,0.1
1730236,Dang‘ara tumani,Дангаринский район,Dangara district,Данғара тумани,2019,2019,0.3
1730238,Furqat tumani,Фуркатский район,Furkat district,Фурқат тумани,2019,2019,0.8
1730242,Yozyovon tumani,Язъяванский район,Yazyavan district,Ёзёвон тумани,2019,2019,0.0
1733,Xorazm viloyati,Хорезмская область,Khorezm region,Хоразм вилояти,2019,2019,9.9
1733401,Urganch shahri,Город Ургенч,Urgench city,Урганч шаҳри,2019,2019,1.1
1733406,Xiva shahri,Город Хива,Khiva city,Хива шаҳри,2019,2019,0.5
1733204,Bog‘ot tumani,Багатский район,Bagat district,Боғот тумани,2019,2019,0.6
1733208,Gurlan tumani,Гурленский район,Gurlan district,Гурлан тумани,2019,2019,1.5
1733212,Qo‘shko‘pir tumani,Кошкупырский район,Kushkupyr district,Қўшкўпир тумани,2019,2019,0.0
1733217,Urganch tumani,Ургенчский район,Urgench district,Урганч тумани,2019,2019,1.3
1733220,Xazorasp tumani,Хазараспский район,Khazarasp district,Хазорасп тумани,2019,2019,1.0
1733221,Tuproqqal’a tumani,Тупроккалинский район,Tuprakkala district,Тупроққалъа тумани,2019,2019,0.0
1733223,Xonqa tumani,Ханкинский район,Khanka district,Хонқа тумани,2019,2019,0.2
1733226,Xiva tumani,Хивинский район,Khiva district,Хива тумани,2019,2019,1.7
1733230,Shovot tumani,Шаватский район,Shavat district,Шовот тумани,2019,2019,0.7
1733233,Yangiariq tumani,Янгиарыкский район,Yangiaryk district,Янгиариқ тумани,2019,2019,0.8
1733236,Yangibozor tumani,Янгибазарский район,Yangibazar district,Янгибозор тумани,2019,2019,0.5
1726,Toshkent shahri,город Ташкент,Tashkent city,Тошкент шаҳри,2019,2019,6.2
1726262,Uchtepa tumani,Учтепинский район,Uchtepa district,Учтепа тумани,2019,2019,1.0
1726264,Bektemir tumani,Бектемирский район,Bektemir district,Бектемир тумани,2019,2019,0.0
1726266,Yunusobod tumani,Юнусабадский район,Yunusabad district,Юнусобод тумани,2019,2019,2.0
1726269,Mirzo Ulug‘bek tumani,Мирзо Улугбекский район,Mirzo Ulugbek district,Мирзо Улуғбек тумани,2019,2019,1.0
1726273,Mirobod tumani,Мирабадский район,Mirabad district,Миробод тумани,2019,2019,0.0
1726277,Shayxontoxur tumani,Шайхантахурский район,Shaykhantakhur district,Шайхонтохур тумани,2019,2019,1.3
1726280,Olmazor tumani,Алмазарский район,Almazar district,Олмазор тумани,2019,2019,0.0
1726283,Sirg‘ali tumani,Сергелийский район,Sergeli district,Сирғали тумани,2019,2019,0.7
1726287,Yakkasaroy tumani,Яккасарайский район,Yakkasaray district,Яккасарой тумани,2019,2019,0.2
1726290,Yashnobod tumani,Яшнободский район,Yashnabad district,Яшнобод тумани,2019,2019,0.0
1726292,Yangihayot tumani,Янгихаётский район,Yangikhayot district,Янгиҳаёт тумани,2019,2019,0.0
1726294,Chilonzor tumani,Чиланзарский район,Chilanzar district,Чилонзор тумани,2019,2019,0.0
1700,O‘zbekiston Respublikasi,Республика Узбекистан,Republic of Uzbekistan,Ўзбекистон Республикаси,2020,2020,119.3
1735,Qoraqalpog‘iston Respublikasi,Республика Каракалпакстан,Republic of Karakalpakstan,Қорақалпоғистон Республикаси,2020,2020,6.3
1735401,Nukus shahri,Город Нукус,Nukus city,Нукус шаҳри,2020,2020,1.0
1735204,Amudaryo tumani,Амударьинский район,Amudarya district,Aмударё тумани,2020,2020,0.4
1735207,Beruniy tumani,Берунийский район,Beruniy district,Беруний тумани,2020,2020,0.0
1735209,Bo‘zatov tumani,Бозатауский район,Bozatau district,Бўзатов тумани,2020,2020,0.3
1735211,Qorao‘zak tumani,Караузякский район,Karauzak district,Қораўзак тумани,2020,2020,0.2
1735212,Kegeyli tumani,Кегейлийский район,Kegeyli district,Кегейли тумани,2020,2020,0.0
1735215,Qo‘ng‘irot tumani,Кунградский район,Kungrad district,Қўнғирот тумани,2020,2020,1.0
1735218,Qanliko‘l tumani,Канлыкульский район,Kanlykul district,Қанликўл тумани,2020,2020,0.0
1735222,Mo‘ynoq tumani,Муйнакский район,Muynak district,Мўйноқ тумани,2020,2020,0.2
1735225,Nukus tumani,Нукусский район,Nukus district,Нукус тумани,2020,2020,0.0
1735228,Taxiatosh tumani,Тахиаташский район,Takhiatash district,Тахиатош тумани,2020,2020,0.5
1735230,Taxtako‘pir tumani,Тахтакупырский район,Takhtakupyr district,Тахтакўпир тумани,2020,2020,2.0
1735233,To‘rtko‘l tumani,Турткульский район,Turtkul district,Тўрткўл тумани,2020,2020,0.3
1735236,Xo‘jayli tumani,Ходжейлийский район,Khojeyli district,Хўжайли тумани,2020,2020,0.0
1735240,Chimboy tumani,Чимбайский район,Chimbay district,Чимбой тумани,2020,2020,0.4
1735243,Shumanay tumani,Шуманайский район,Shumanai district,Шуманай тумани,2020,2020,0.0
1735250,Ellikkala tumani,Элликкалинский район,Ellikkala district,Елликкала тумани,2020,2020,0.0
1703,Andijon viloyati,Андижанская область,Andijan region,Aндижон вилояти,2020,2020,9.9
1703401,Andijon shahri,Город Андижан,Andijan city,Aндижон шаҳри,2020,2020,1.6
1703408,Xonobod shahri,Город Ханабад,Khanabadcity,Хонобод шаҳри,2020,2020,0.0
1703202,Oltinko‘l tumani,Алтынкульский район,Altynkul district,Олтинкўл тумани,2020,2020,0.3
1703203,Andijon tumani,Андижанский район,Andijan district,Aндижон тумани,2020,2020,0.0
1703206,Baliqchi tumani,Балыкчинский район,Balykchi district,Балиқчи тумани,2020,2020,0.0
1703209,Bo‘ston tumani,Бустонский район,Bustan district,Бўстон тумани,2020,2020,0.6
1703210,Buloqboshi tumani,Булакбашинский район,Bulakbashi district,Булоқбоши тумани,2020,2020,0.0
1703211,Jalaquduq tumani,Жалакудукский район,Jalаquduk district,Жалақудуқ тумани,2020,2020,0.6
1703214,Izboskan tumani,Избасканский район,Izbaskan district,Избоскан тумани,2020,2020,1.7
1703217,Ulug‘nor tumani,Улугноpский район,Ulugnor district,Улуғнор тумани,2020,2020,0.6
1703220,Qo‘rg‘ontepa tumani,Кургантепинский район,Kurgantepa district,Қўрғонтепа тумани,2020,2020,1.0
1703224,Asaka tumani,Асакинский район,Asaka district,Aсака тумани,2020,2020,0.9
1703227,Marxamat tumani,Мархаматский район,Markhamat district,Мархамат тумани,2020,2020,0.0
1703230,Shaxrixon tumani,Шахриханский район,Shakhrikhan district,Шахрихон тумани,2020,2020,0.2
1703232,Paxtaobod tumani,Пахтаабадский район,Pakhtaabad district,Пахтаобод тумани,2020,2020,1.5
1703236,Xo‘jaobod tumani,Ходжаабадский район,Khojaabad district,Хўжаобод тумани,2020,2020,1.1
1706,Buxoro viloyati,Бухарская область,Bukhara region,Бухоро вилояти,2020,2020,3.9
1706401,Buxoro shahri,Город Бухара,Bukhara city,Бухоро шаҳри,2020,2020,0.8
1706403,Kogon shahri,Город Каган,Kagan city,Когон шаҳри,2020,2020,0.0
1706204,Olot tumani,Алатский район,Alat district,Олот тумани,2020,2020,0.4
1706207,Buxoro tumani,Бухарский район,Bukhara district,Бухоро тумани,2020,2020,0.5
1706212,Vobkent tumani,Вабкентский район,Vobkent district,Вобкент тумани,2020,2020,0.0
1706215,G‘ijduvon tumani,Гиждуванский район,Gijduvan district,Ғиждувон тумани,2020,2020,0.4
1706219,Kogon tumani,Каганский район,Kagan district,Когон тумани,2020,2020,0.0
1706230,Qorako‘l tumani,Каракульский район,Karakul district,Қоракўл тумани,2020,2020,0.0
1706232,Qorovulbozor tumani,Караулбазарский район,Qorovulbozor district,Қоровулбозор тумани,2020,2020,0.0
1706240,Peshku tumani,Пешкунский район,Peshkun district,Пешку тумани,2020,2020,1.2
1706242,Romitan tumani,Ромитанский район,Romitan district,Ромитан тумани,2020,2020,0.2
1706246,Jondor tumani,Жондоpский район,Jondor district,Жондор тумани,2020,2020,0.4
1706258,Shofirkon tumani,Шафирканский район,Shafirkan district,Шофиркон тумани,2020,2020,0.0
1708,Jizzax viloyati,Джизакская область,Jizzakh region,Жиззах вилояти,2020,2020,4.1
1708401,Jizzax shahri,Город Джизак,Jizzakh city,Жиззах шаҳри,2020,2020,0.5
1708201,Arnasoy tumani,Арнасайский район,Arnasay district,Aрнасой тумани,2020,2020,0.1
1708204,Baxmal tumani,Бахмальский район,Bakhmal district,Бахмал тумани,2020,2020,0.6
1708209,G‘allaorol tumani,Галляаральский район,Gallaaral district,Ғаллаорол тумани,2020,2020,0.3
1708212,Sharof Rashidov tumani,Шароф-Рашидовский район,Sharof Rashidov district,Шароф Рашидов тумани,2020,2020,0.2
1708215,Do‘stlik tumani,Дустликский район,Dustlik district,Дўстлик тумани,2020,2020,0.2
1708218,Zomin tumani,Зааминский район,Zomin district,Зомин тумани,2020,2020,1.1
1708220,Zarbdor tumani,Зарбдарский район,Zarbdar district,Зарбдор тумани,2020,2020,0.0
1708223,Mirzacho‘l tumani,Мирзачульский район,Mirzachul district,Мирзачўл тумани,2020,2020,0.0
1708225,Zafarobod tumani,Зафарабадский район,Zafarabad district,Зафаробод тумани,2020,2020,0.0
1708228,Paxtakor tumani,Пахтакорский район,Pakhtakor district,Пахтакор тумани,2020,2020,1.0
1708235,Forish tumani,Фаришский район,Farish district,Фориш тумани,2020,2020,0.0
1708237,Yangiobod tumani,Янгиободский район,Yangiabad district,Янгиобод тумани,2020,2020,0.1
1710,Qashqadaryo viloyati,Кашкадарьинская область,Kashkadarya region,Қашқадарё вилояти,2020,2020,15.1
1710401,Qarshi shahri,Город Карши,Karshi city,Қарши шаҳри,2020,2020,1.5
1710405,Shahrisabz shahri,Город Шахрисабз,Shakhrisabz city,Шаҳрисабз шаҳри,2020,2020,0.2
1710240,Ko‘kdala tumani,Кукдалинский район,Kukdala district,Кўкдала тумани,2020,2020,0.0
1710207,G‘uzor tumani,Гузарский район,Gissar district,Ғузор тумани,2020,2020,2.2
1710212,Dehqonobod tumani,Дехканабадский район,Dehkanabad district,Деҳқонобод тумани,2020,2020,0.8
1710220,Qamashi tumani,Камашинский район,Kamashi district,Қамаши тумани,2020,2020,1.6
1710224,Qarshi tumani,Каршинский район,Karshi district,Қарши тумани,2020,2020,1.1
1710229,Koson tumani,Касанский район,Kasan district,Косон тумани,2020,2020,1.2
1710232,Kitob tumani,Китабский район,Kitab district,Китоб тумани,2020,2020,0.7
1710233,Mirishkor tumani,Миришкорский район,Mirishkor district,Миришкор тумани,2020,2020,0.1
1710234,Muborak tumani,Мубарекский район,Mubarek district,Муборак тумани,2020,2020,0.0
1710235,Nishon tumani,Нишанский район,Nishon district,Нишон тумани,2020,2020,0.4
1710237,Kasbi tumani,Касбинский район,Kasbi district,Касби тумани,2020,2020,0.9
1710242,Chiroqchi tumani,Чиракчинский район,Chirakchi district,Чироқчи тумани,2020,2020,2.4
1710245,Shahrisabz tumani,Шахрисабзский район,Shakhrisabz district,Шаҳрисабз тумани,2020,2020,1.1
1710250,Yakkabog‘ tumani,Яккабагский район,Yakkabag district,Яккабоғ тумани,2020,2020,0.9
1712,Navoiy viloyati,Навоийская область,Navoi region,Навоий вилояти,2020,2020,3.9
1712401,Navoiy shahri,Город Навои,Navoi city,Навоий шаҳри,2020,2020,1.3
1712408,Zarafshon shahri,Город Заpафшан,Zarafshan city,Зарафшон шаҳри,2020,2020,1.0
1712412,G‘ozg‘on shahri,Город Газган,Gazgan city,Ғозғон шаҳри,2020,2020,0.0
1712211,Konimex tumani,Канимехский район,Kanimekh district,Конимех тумани,2020,2020,0.0
1712216,Qiziltepa tumani,Кызылтепинский район,Kyzyltepa district,Қизилтепа тумани,2020,2020,0.0
1712230,Navbahor tumani,Навбахорский район,Navbahor district,Навбаҳор тумани,2020,2020,0.5
1712234,Karmana tumani,Карманинский район,Karmana district,Кармана тумани,2020,2020,0.2
1712238,Nurota tumani,Нуратинский район,Nurota district,Нурота тумани,2020,2020,0.2
1712244,Tomdi tumani,Тамдынский район,Tomdy district,Томди тумани,2020,2020,0.1
1712248,Uchquduq tumani,Учкудукский район,Uchkuduk district,Учқудуқ тумани,2020,2020,0.0
1712251,Xatirchi tumani,Хатырчинский район,Khatyrchi district,Хатирчи тумани,2020,2020,0.6
1714,Namangan viloyati,Наманганская область,Namangan region,Наманган вилояти,2020,2020,9.9
1714401,Namangan shahri,Город Наманган,Namangan city,Наманган шаҳри,2020,2020,2.2
1714204,Mingbuloq tumani,Мингбулакский район,Mingbulak district,Мингбулоқ тумани,2020,2020,0.0
1714207,Kosonsoy tumani,Касансайский район,Kasansay district,Косонсой тумани,2020,2020,1.1
1714212,Namangan tumani,Наманганский район,Namangan district,Наманган тумани,2020,2020,1.1
1714216,Norin tumani,Нарынский район,Naryn district,Норин тумани,2020,2020,1.0
1714219,Pop tumani,Папский район,Pop district,Поп тумани,2020,2020,1.2
1714224,To‘raqo‘rg‘on tumani,Туракурганский район,Turakurgan district,Тўрақўрғон тумани,2020,2020,0.5
1714229,Uychi tumani,Уйчинский район,Uychi district,Уйчи тумани,2020,2020,0.6
1714234,Uchqo‘rg‘on tumani,Учкурганский район,Uchkurgan district,Учқўрғон тумани,2020,2020,0.0
1714236,Chortoq tumani,Чартакский район,Chartak district,Чортоқ тумани,2020,2020,0.7
1714237,Chust tumani,Чустский район,Chust district,Чуст тумани,2020,2020,1.0
1714242,Yangiqo‘rg‘on tumani,Янгикурганский район,Yangikurgan district,Янгиқўрғон тумани,2020,2020,0.6
1718,Samarqand viloyati,Самаркандская область,Samarkand region,Самарқанд вилояти,2020,2020,7.0
1718401,Samarqand shahri,Город Самарканд,Samarkand city,Самарқанд шаҳри,2020,2020,1.7
1718406,Kattaqo'rg'on shahar,Город Каттакурган,Kattaqo'rg'on city,Каттақўрғон шаҳар,2020,2020,0.0
1718203,Oqdaryo tumani,Акдарьинский район,Akdarya district,Оқдарё тумани,2020,2020,0.1
1718206,Bulung‘ur tumani,Булунгурский район,Bulungur district,Булунғур тумани,2020,2020,0.3
1718209,Jomboy tumani,Джамбайский район,Jomboy district,Жомбой тумани,2020,2020,0.0
1718212,Ishtixon tumani,Иштыханский район,Ishtykhan district,Иштихон тумани,2020,2020,0.8
1718215,Kattaqo‘rg‘on tumani,Каттакурганский район,Kattakurgan district,Каттақўрғон тумани,2020,2020,0.7
1718216,Qo‘shrabot tumani,Кошрабадский район,Koshrabad district,Қўшработ тумани,2020,2020,0.0
1718218,Narpay tumani,Нарпайский район,Narpai district,Нарпай тумани,2020,2020,0.2
1718224,Payariq tumani,Пайарыкский район,Payaryk district,Паяриқ тумани,2020,2020,0.7
1718227,Pastdarg‘om tumani,Пастдаргомский район,Pastdargom district,Пастдарғом тумани,2020,2020,0.1
1718230,Paxtachi tumani,Пахтачийский район,Pakhtachi district,Пахтачи тумани,2020,2020,1.5
1718233,Samarqand tumani,Самаркандский район,Samarkand district,Самарқанд тумани,2020,2020,0.0
1718235,Nurobod tumani,Нурабадский район,Nurabad district,Нуробод тумани,2020,2020,0.0
1718236,Urgut tumani,Ургутский район,Urgut district,Ургут тумани,2020,2020,0.6
1718238,Tayloq tumani,Тайлякский район,Tailak district,Тайлоқ тумани,2020,2020,0.4
1722,Surxondaryo viloyati,Сурхандарьинская область,Surkhandarya region,Сурхондарё вилояти,2020,2020,11.9
1722401,Termiz shahri,Город Термез,Termiz city,Термиз шаҳри,2020,2020,0.0
1722201,Oltinsoy tumani,Алтынсайский район,Altynsay district,Олтинсой тумани,2020,2020,0.3
1722202,Angor tumani,Ангорский район,Angor district,Aнгор тумани,2020,2020,0.2
1722203,Bandixon tumani,Бандихонский район,Bandykhan district,Бандихон тумани,2020,2020,0.0
1722204,Boysun tumani,Байсунский район,Baysun district,Бойсун тумани,2020,2020,0.4
1722207,Muzrabot tumani,Музрабадский район,Muzrabad district,Музработ тумани,2020,2020,0.6
1722210,Denov tumani,Денауский район,Denau district,Денов тумани,2020,2020,2.4
1722212,Jarqo‘rg‘on tumani,Джаркурганский район,Jarkurgan district,Жарқўрғон тумани,2020,2020,0.3
1722214,Qumqo‘rg‘on tumani,Кумкурганский район,Kumkurgan district,Қумқўрғон тумани,2020,2020,1.5
1722215,Qiziriq tumani,Кизирикский район,Kizirik district,Қизириқ тумани,2020,2020,1.4
1722217,Sariosiyo tumani,Сариасийский район,Sariosia district,Сариосиё тумани,2020,2020,1.6
1722220,Termiz tumani,Термезский район,Termiz district,Термиз тумани,2020,2020,0.4
1722221,Uzun tumani,Узунский район,Uzun district,Узун тумани,2020,2020,0.5
1722223,Sherobod tumani,Шерабадский район,Sherabad district,Шеробод тумани,2020,2020,1.2
1722226,Sho‘rchi tumani,Шурчинский район,Shurchi district,Шўрчи тумани,2020,2020,1.2
1724,Sirdaryo viloyati,Сырдарьинская область,Syrdarya region,Сирдарё вилояти,2020,2020,3.4
1724401,Guliston shahri,Город Гулистан,Gulistan city,Гулистон шаҳри,2020,2020,0.6
1724410,Shirin shahri,Город Ширин,Shirin city,Ширин шаҳри,2020,2020,0.0
1724413,Yangiyer shahri,Город Янгиер,Yangier city,Янгийер шаҳри,2020,2020,0.0
1724206,Oqoltin tumani,Акалтынский район,Akaltyn district,Оқолтин тумани,2020,2020,0.2
1724212,Boyovut tumani,Баяутский район,Bayaut district,Боёвут тумани,2020,2020,1.0
1724216,Sayxunobod tumani,Сайхунабадский район,Saykhunabad district,Сайхунобод тумани,2020,2020,0.0
1724220,Guliston tumani,Гулистанский район,Gulistan district,Гулистон тумани,2020,2020,0.3
1724226,Sardoba tumani,Сардобский район,Sardoba district,Сардоба тумани,2020,2020,0.5
1724228,Mirzaobod tumani,Мирзаабадский район,Mirzaabad district,Мирзаобод тумани,2020,2020,0.3
1724231,Sirdaryo tumani,Сырдарьинский район,Syrdarya district,Сирдарё тумани,2020,2020,0.5
1724235,Xovos tumani,Хавасский район,Khovos district,Ховос тумани,2020,2020,0.0
1727,Toshkent viloyati,Ташкентская область,Tashkent region,Тошкент вилояти,2020,2020,4.8
1727401,Nurafshon shahri,Город Нурафшон,Nurafshan city,Нурафшон шаҳри,2020,2020,0.0
1727404,Olmaliq shahri,Город Алмалык,Almalyk city,Олмалиқ шаҳри,2020,2020,0.0
1727407,Angren shahri,Город Ангрен,Angren city,Aнгрен шаҳри,2020,2020,0.6
1727413,Bekobod shahri,Город Бекабад,Bekabad city,Бекобод шаҳри,2020,2020,0.0
1727419,Chirchiq shahri,Город Чиpчик,Chirchik city,Чирчиқ шаҳри,2020,2020,0.0
1727415,Ohangaron shahri,Город Ахангаран,Akhangaran city,Оҳангарон шаҳри,2020,2020,0.0
1727424,Yangiyo‘lshahri,Город Янгиюль,Yangiyul city,Янгийўлшаҳри,2020,2020,0.6
1727206,Oqqo‘rg‘on tumani,Аккурганский район,Akkurgan district,Оққўрғон тумани,2020,2020,0.1
1727212,Ohangaron tumani,Ахангаранский район,Akhangaran district,Оҳангарон тумани,2020,2020,0.0
1727220,Bekobod tumani,Бекабадский район,Bekabad district,Бекобод тумани,2020,2020,0.0
1727224,Bo‘stonliq tumani,Бостанлыкский район,Bostanlyk district,Бўстонлиқ тумани,2020,2020,0.0
1727228,Bo‘ka tumani,Букинский район,Buka district,Бўка тумани,2020,2020,0.5
1727233,Quyichirchiq tumani,Куйичирчикский район,Kuyichirchik district,Қуйичирчиқ тумани,2020,2020,0.5
1727237,Zangiota tumani,Зангиатинский район,Zangiata district,Зангиота тумани,2020,2020,0.3
1727239,Yuqorichirchiq tumani,Юкоричирчикский район,Yukorichirchik district,Юқоричирчиқ тумани,2020,2020,0.0
1727248,Qibray tumani,Кибрайский район,Kibray district,Қибрай тумани,2020,2020,0.0
1727249,Parkent tumani,Паркентский район,Parkent district,Паркент тумани,2020,2020,0.0
1727250,Piskent tumani,Пскентский район,Piskent district,Пискент тумани,2020,2020,1.1
1727253,O‘rtachirchiq tumani,Уртачирчикский район,Urtachirchik district,Ўртачирчиқ тумани,2020,2020,0.0
1727256,Chinoz tumani,Чиназский район,Chinaz district,Чиноз тумани,2020,2020,0.0
1727259,Yangiyo‘l tumani,Янгиюльский район,Yangiyul district,Янгийўл тумани,2020,2020,0.0
1727265,Toshkent tumani,Ташкентский район,Tashkent district,Тошкент тумани,2020,2020,1.1
1730,Farg‘ona viloyati,Ферганская область,Fergana region,Фарғона вилояти,2020,2020,6.0
1730401,Farg‘ona shahri,Город Фергана,Fergana city,Фарғона шаҳри,2020,2020,1.1
1730405,Qo‘qon shahri,Город Коканд,Kokand city,Қўқон шаҳри,2020,2020,0.4
1730408,Quvasoy shahri,Город Кувасай,Kuvasay city,Қувасой шаҳри,2020,2020,0.0
1730412,Marg‘ilon shahri,Город Маpгилан,Margilan city,Марғилон шаҳри,2020,2020,0.0
1730203,Oltiariq tumani,Алтыарыкский район,Altyaryk district,Олтиариқ тумани,2020,2020,0.0
1730206,Qo‘shtepa tumani,Куштепинский район,Kushtepa district,Қўштепа тумани,2020,2020,0.4
1730209,Bog‘dod tumani,Багдадский район,Baghdad district,Боғдод тумани,2020,2020,0.9
1730212,Buvayda tumani,Бувайдинский район,Buvayda district,Бувайда тумани,2020,2020,0.0
1730215,Beshariq tumani,Бешарыкский район,Besharik district,Бешариқ тумани,2020,2020,0.4
1730218,Quva tumani,Кувинский район,Kuva district,Қува тумани,2020,2020,0.0
1730221,Uchko‘prik tumani,Учкуприкский район,Uchkuprik district,Учкўприк тумани,2020,2020,0.1
1730224,Rishton tumani,Риштанский район,Rishtan district,Риштон тумани,2020,2020,0.0
1730226,So‘x tumani,Сохский район,Sokh district,Сўх тумани,2020,2020,0.3
1730227,Toshloq tumani,Ташлакский район,Tashlak district,Тошлоқ тумани,2020,2020,0.3
1730230,O‘zbekiston tumani,Узбекистанский район,Uzbekistan district,Ўзбекистон тумани,2020,2020,0.7
1730233,Farg‘ona tumani,Ферганский район,Fergana district,Фарғона тумани,2020,2020,1.1
1730236,Dang‘ara tumani,Дангаринский район,Dangara district,Данғара тумани,2020,2020,0.0
1730238,Furqat tumani,Фуркатский район,Furkat district,Фурқат тумани,2020,2020,0.0
1730242,Yozyovon tumani,Язъяванский район,Yazyavan district,Ёзёвон тумани,2020,2020,0.3
1733,Xorazm viloyati,Хорезмская область,Khorezm region,Хоразм вилояти,2020,2020,12.1
1733401,Urganch shahri,Город Ургенч,Urgench city,Урганч шаҳри,2020,2020,2.8
1733406,Xiva shahri,Город Хива,Khiva city,Хива шаҳри,2020,2020,1.5
1733204,Bog‘ot tumani,Багатский район,Bagat district,Боғот тумани,2020,2020,0.6
1733208,Gurlan tumani,Гурленский район,Gurlan district,Гурлан тумани,2020,2020,0.6
1733212,Qo‘shko‘pir tumani,Кошкупырский район,Kushkupyr district,Қўшкўпир тумани,2020,2020,0.8
1733217,Urganch tumani,Ургенчский район,Urgench district,Урганч тумани,2020,2020,0.8
1733220,Xazorasp tumani,Хазараспский район,Khazarasp district,Хазорасп тумани,2020,2020,1.6
1733221,Tuproqqal’a tumani,Тупроккалинский район,Tuprakkala district,Тупроққалъа тумани,2020,2020,0.5
1733223,Xonqa tumani,Ханкинский район,Khanka district,Хонқа тумани,2020,2020,0.9
1733226,Xiva tumani,Хивинский район,Khiva district,Хива тумани,2020,2020,0.3
1733230,Shovot tumani,Шаватский район,Shavat district,Шовот тумани,2020,2020,0.1
1733233,Yangiariq tumani,Янгиарыкский район,Yangiaryk district,Янгиариқ тумани,2020,2020,0.8
1733236,Yangibozor tumani,Янгибазарский район,Yangibazar district,Янгибозор тумани,2020,2020,0.7
1726,Toshkent shahri,город Ташкент,Tashkent city,Тошкент шаҳри,2020,2020,21.1
1726262,Uchtepa tumani,Учтепинский район,Uchtepa district,Учтепа тумани,2020,2020,4.0
1726264,Bektemir tumani,Бектемирский район,Bektemir district,Бектемир тумани,2020,2020,0.8
1726266,Yunusobod tumani,Юнусабадский район,Yunusabad district,Юнусобод тумани,2020,2020,1.1
1726269,Mirzo Ulug‘bek tumani,Мирзо Улугбекский район,Mirzo Ulugbek district,Мирзо Улуғбек тумани,2020,2020,2.1
1726273,Mirobod tumani,Мирабадский район,Mirabad district,Миробод тумани,2020,2020,0.3
1726277,Shayxontoxur tumani,Шайхантахурский район,Shaykhantakhur district,Шайхонтохур тумани,2020,2020,1.0
1726280,Olmazor tumani,Алмазарский район,Almazar district,Олмазор тумани,2020,2020,1.3
1726283,Sirg‘ali tumani,Сергелийский район,Sergeli district,Сирғали тумани,2020,2020,7.1
1726287,Yakkasaroy tumani,Яккасарайский район,Yakkasaray district,Яккасарой тумани,2020,2020,0.6
1726290,Yashnobod tumani,Яшнободский район,Yashnabad district,Яшнобод тумани,2020,2020,1.3
1726292,Yangihayot tumani,Янгихаётский район,Yangikhayot district,Янгиҳаёт тумани,2020,2020,0.0
1726294,Chilonzor tumani,Чиланзарский район,Chilanzar district,Чилонзор тумани,2020,2020,1.6
1700,O‘zbekiston Respublikasi,Республика Узбекистан,Republic of Uzbekistan,Ўзбекистон Республикаси,2021,2021,154.3
1735,Qoraqalpog‘iston Respublikasi,Республика Каракалпакстан,Republic of Karakalpakstan,Қорақалпоғистон Республикаси,2021,2021,10.7
1735401,Nukus shahri,Город Нукус,Nukus city,Нукус шаҳри,2021,2021,0.9
1735204,Amudaryo tumani,Амударьинский район,Amudarya district,Aмударё тумани,2021,2021,1.7
1735207,Beruniy tumani,Берунийский район,Beruniy district,Беруний тумани,2021,2021,0.2
1735209,Bo‘zatov tumani,Бозатауский район,Bozatau district,Бўзатов тумани,2021,2021,0.3
1735211,Qorao‘zak tumani,Караузякский район,Karauzak district,Қораўзак тумани,2021,2021,0.3
1735212,Kegeyli tumani,Кегейлийский район,Kegeyli district,Кегейли тумани,2021,2021,0.2
1735215,Qo‘ng‘irot tumani,Кунградский район,Kungrad district,Қўнғирот тумани,2021,2021,1.1
1735218,Qanliko‘l tumani,Канлыкульский район,Kanlykul district,Қанликўл тумани,2021,2021,0.0
1735222,Mo‘ynoq tumani,Муйнакский район,Muynak district,Мўйноқ тумани,2021,2021,0.3
1735225,Nukus tumani,Нукусский район,Nukus district,Нукус тумани,2021,2021,0.5
1735228,Taxiatosh tumani,Тахиаташский район,Takhiatash district,Тахиатош тумани,2021,2021,0.1
1735230,Taxtako‘pir tumani,Тахтакупырский район,Takhtakupyr district,Тахтакўпир тумани,2021,2021,0.0
1735233,To‘rtko‘l tumani,Турткульский район,Turtkul district,Тўрткўл тумани,2021,2021,0.7
1735236,Xo‘jayli tumani,Ходжейлийский район,Khojeyli district,Хўжайли тумани,2021,2021,2.4
1735240,Chimboy tumani,Чимбайский район,Chimbay district,Чимбой тумани,2021,2021,1.4
1735243,Shumanay tumani,Шуманайский район,Shumanai district,Шуманай тумани,2021,2021,0.0
1735250,Ellikkala tumani,Элликкалинский район,Ellikkala district,Елликкала тумани,2021,2021,0.7
1703,Andijon viloyati,Андижанская область,Andijan region,Aндижон вилояти,2021,2021,13.5
1703401,Andijon shahri,Город Андижан,Andijan city,Aндижон шаҳри,2021,2021,1.0
1703408,Xonobod shahri,Город Ханабад,Khanabadcity,Хонобод шаҳри,2021,2021,0.0
1703202,Oltinko‘l tumani,Алтынкульский район,Altynkul district,Олтинкўл тумани,2021,2021,0.8
1703203,Andijon tumani,Андижанский район,Andijan district,Aндижон тумани,2021,2021,0.6
1703206,Baliqchi tumani,Балыкчинский район,Balykchi district,Балиқчи тумани,2021,2021,1.0
1703209,Bo‘ston tumani,Бустонский район,Bustan district,Бўстон тумани,2021,2021,0.5
1703210,Buloqboshi tumani,Булакбашинский район,Bulakbashi district,Булоқбоши тумани,2021,2021,0.5
1703211,Jalaquduq tumani,Жалакудукский район,Jalаquduk district,Жалақудуқ тумани,2021,2021,0.3
1703214,Izboskan tumani,Избасканский район,Izbaskan district,Избоскан тумани,2021,2021,1.6
1703217,Ulug‘nor tumani,Улугноpский район,Ulugnor district,Улуғнор тумани,2021,2021,0.0
1703220,Qo‘rg‘ontepa tumani,Кургантепинский район,Kurgantepa district,Қўрғонтепа тумани,2021,2021,1.2
1703224,Asaka tumani,Асакинский район,Asaka district,Aсака тумани,2021,2021,0.4
1703227,Marxamat tumani,Мархаматский район,Markhamat district,Мархамат тумани,2021,2021,0.4
1703230,Shaxrixon tumani,Шахриханский район,Shakhrikhan district,Шахрихон тумани,2021,2021,3.7
1703232,Paxtaobod tumani,Пахтаабадский район,Pakhtaabad district,Пахтаобод тумани,2021,2021,1.0
1703236,Xo‘jaobod tumani,Ходжаабадский район,Khojaabad district,Хўжаобод тумани,2021,2021,0.4
1706,Buxoro viloyati,Бухарская область,Bukhara region,Бухоро вилояти,2021,2021,10.6
1706401,Buxoro shahri,Город Бухара,Bukhara city,Бухоро шаҳри,2021,2021,1.3
1706403,Kogon shahri,Город Каган,Kagan city,Когон шаҳри,2021,2021,0.7
1706204,Olot tumani,Алатский район,Alat district,Олот тумани,2021,2021,1.1
1706207,Buxoro tumani,Бухарский район,Bukhara district,Бухоро тумани,2021,2021,0.7
1706212,Vobkent tumani,Вабкентский район,Vobkent district,Вобкент тумани,2021,2021,0.0
1706215,G‘ijduvon tumani,Гиждуванский район,Gijduvan district,Ғиждувон тумани,2021,2021,1.6
1706219,Kogon tumani,Каганский район,Kagan district,Когон тумани,2021,2021,1.1
1706230,Qorako‘l tumani,Каракульский район,Karakul district,Қоракўл тумани,2021,2021,2.1
1706232,Qorovulbozor tumani,Караулбазарский район,Qorovulbozor district,Қоровулбозор тумани,2021,2021,0.0
1706240,Peshku tumani,Пешкунский район,Peshkun district,Пешку тумани,2021,2021,0.5
1706242,Romitan tumani,Ромитанский район,Romitan district,Ромитан тумани,2021,2021,0.2
1706246,Jondor tumani,Жондоpский район,Jondor district,Жондор тумани,2021,2021,1.3
1706258,Shofirkon tumani,Шафирканский район,Shafirkan district,Шофиркон тумани,2021,2021,0.0
1708,Jizzax viloyati,Джизакская область,Jizzakh region,Жиззах вилояти,2021,2021,3.5
1708401,Jizzax shahri,Город Джизак,Jizzakh city,Жиззах шаҳри,2021,2021,0.0
1708201,Arnasoy tumani,Арнасайский район,Arnasay district,Aрнасой тумани,2021,2021,0.0
1708204,Baxmal tumani,Бахмальский район,Bakhmal district,Бахмал тумани,2021,2021,0.5
1708209,G‘allaorol tumani,Галляаральский район,Gallaaral district,Ғаллаорол тумани,2021,2021,0.2
1708212,Sharof Rashidov tumani,Шароф-Рашидовский район,Sharof Rashidov district,Шароф Рашидов тумани,2021,2021,1.2
1708215,Do‘stlik tumani,Дустликский район,Dustlik district,Дўстлик тумани,2021,2021,0.0
1708218,Zomin tumani,Зааминский район,Zomin district,Зомин тумани,2021,2021,1.5
1708220,Zarbdor tumani,Зарбдарский район,Zarbdar district,Зарбдор тумани,2021,2021,0.0
1708223,Mirzacho‘l tumani,Мирзачульский район,Mirzachul district,Мирзачўл тумани,2021,2021,0.0
1708225,Zafarobod tumani,Зафарабадский район,Zafarabad district,Зафаробод тумани,2021,2021,0.0
1708228,Paxtakor tumani,Пахтакорский район,Pakhtakor district,Пахтакор тумани,2021,2021,0.0
1708235,Forish tumani,Фаришский район,Farish district,Фориш тумани,2021,2021,0.0
1708237,Yangiobod tumani,Янгиободский район,Yangiabad district,Янгиобод тумани,2021,2021,0.0
1710,Qashqadaryo viloyati,Кашкадарьинская область,Kashkadarya region,Қашқадарё вилояти,2021,2021,18.6
1710401,Qarshi shahri,Город Карши,Karshi city,Қарши шаҳри,2021,2021,1.3
1710405,Shahrisabz shahri,Город Шахрисабз,Shakhrisabz city,Шаҳрисабз шаҳри,2021,2021,0.4
1710240,Ko‘kdala tumani,Кукдалинский район,Kukdala district,Кўкдала тумани,2021,2021,0.0
1710207,G‘uzor tumani,Гузарский район,Gissar district,Ғузор тумани,2021,2021,1.7
1710212,Dehqonobod tumani,Дехканабадский район,Dehkanabad district,Деҳқонобод тумани,2021,2021,1.2
1710220,Qamashi tumani,Камашинский район,Kamashi district,Қамаши тумани,2021,2021,1.4
1710224,Qarshi tumani,Каршинский район,Karshi district,Қарши тумани,2021,2021,0.8
1710229,Koson tumani,Касанский район,Kasan district,Косон тумани,2021,2021,1.3
1710232,Kitob tumani,Китабский район,Kitab district,Китоб тумани,2021,2021,1.0
1710233,Mirishkor tumani,Миришкорский район,Mirishkor district,Миришкор тумани,2021,2021,0.0
1710234,Muborak tumani,Мубарекский район,Mubarek district,Муборак тумани,2021,2021,0.2
1710235,Nishon tumani,Нишанский район,Nishon district,Нишон тумани,2021,2021,1.6
1710237,Kasbi tumani,Касбинский район,Kasbi district,Касби тумани,2021,2021,0.9
1710242,Chiroqchi tumani,Чиракчинский район,Chirakchi district,Чироқчи тумани,2021,2021,5.0
1710245,Shahrisabz tumani,Шахрисабзский район,Shakhrisabz district,Шаҳрисабз тумани,2021,2021,1.9
1710250,Yakkabog‘ tumani,Яккабагский район,Yakkabag district,Яккабоғ тумани,2021,2021,0.1
1712,Navoiy viloyati,Навоийская область,Navoi region,Навоий вилояти,2021,2021,3.5
1712401,Navoiy shahri,Город Навои,Navoi city,Навоий шаҳри,2021,2021,0.2
1712408,Zarafshon shahri,Город Заpафшан,Zarafshan city,Зарафшон шаҳри,2021,2021,0.0
1712412,G‘ozg‘on shahri,Город Газган,Gazgan city,Ғозғон шаҳри,2021,2021,0.2
1712211,Konimex tumani,Канимехский район,Kanimekh district,Конимех тумани,2021,2021,0.1
1712216,Qiziltepa tumani,Кызылтепинский район,Kyzyltepa district,Қизилтепа тумани,2021,2021,0.7
1712230,Navbahor tumani,Навбахорский район,Navbahor district,Навбаҳор тумани,2021,2021,0.1
1712234,Karmana tumani,Карманинский район,Karmana district,Кармана тумани,2021,2021,0.2
1712238,Nurota tumani,Нуратинский район,Nurota district,Нурота тумани,2021,2021,0.2
1712244,Tomdi tumani,Тамдынский район,Tomdy district,Томди тумани,2021,2021,0.0
1712248,Uchquduq tumani,Учкудукский район,Uchkuduk district,Учқудуқ тумани,2021,2021,0.9
1712251,Xatirchi tumani,Хатырчинский район,Khatyrchi district,Хатирчи тумани,2021,2021,0.9
1714,Namangan viloyati,Наманганская область,Namangan region,Наманган вилояти,2021,2021,11.8
1714401,Namangan shahri,Город Наманган,Namangan city,Наманган шаҳри,2021,2021,3.8
1714204,Mingbuloq tumani,Мингбулакский район,Mingbulak district,Мингбулоқ тумани,2021,2021,0.6
1714207,Kosonsoy tumani,Касансайский район,Kasansay district,Косонсой тумани,2021,2021,0.0
1714212,Namangan tumani,Наманганский район,Namangan district,Наманган тумани,2021,2021,0.3
1714216,Norin tumani,Нарынский район,Naryn district,Норин тумани,2021,2021,0.4
1714219,Pop tumani,Папский район,Pop district,Поп тумани,2021,2021,1.0
1714224,To‘raqo‘rg‘on tumani,Туракурганский район,Turakurgan district,Тўрақўрғон тумани,2021,2021,1.1
1714229,Uychi tumani,Уйчинский район,Uychi district,Уйчи тумани,2021,2021,0.3
1714234,Uchqo‘rg‘on tumani,Учкурганский район,Uchkurgan district,Учқўрғон тумани,2021,2021,2.0
1714236,Chortoq tumani,Чартакский район,Chartak district,Чортоқ тумани,2021,2021,1.4
1714237,Chust tumani,Чустский район,Chust district,Чуст тумани,2021,2021,0.5
1714242,Yangiqo‘rg‘on tumani,Янгикурганский район,Yangikurgan district,Янгиқўрғон тумани,2021,2021,0.3
1718,Samarqand viloyati,Самаркандская область,Samarkand region,Самарқанд вилояти,2021,2021,20.0
1718401,Samarqand shahri,Город Самарканд,Samarkand city,Самарқанд шаҳри,2021,2021,1.6
1718406,Kattaqo'rg'on shahar,Город Каттакурган,Kattaqo'rg'on city,Каттақўрғон шаҳар,2021,2021,0.0
1718203,Oqdaryo tumani,Акдарьинский район,Akdarya district,Оқдарё тумани,2021,2021,1.1
1718206,Bulung‘ur tumani,Булунгурский район,Bulungur district,Булунғур тумани,2021,2021,0.5
1718209,Jomboy tumani,Джамбайский район,Jomboy district,Жомбой тумани,2021,2021,0.2
1718212,Ishtixon tumani,Иштыханский район,Ishtykhan district,Иштихон тумани,2021,2021,1.1
1718215,Kattaqo‘rg‘on tumani,Каттакурганский район,Kattakurgan district,Каттақўрғон тумани,2021,2021,0.8
1718216,Qo‘shrabot tumani,Кошрабадский район,Koshrabad district,Қўшработ тумани,2021,2021,2.1
1718218,Narpay tumani,Нарпайский район,Narpai district,Нарпай тумани,2021,2021,0.0
1718224,Payariq tumani,Пайарыкский район,Payaryk district,Паяриқ тумани,2021,2021,0.9
1718227,Pastdarg‘om tumani,Пастдаргомский район,Pastdargom district,Пастдарғом тумани,2021,2021,3.0
1718230,Paxtachi tumani,Пахтачийский район,Pakhtachi district,Пахтачи тумани,2021,2021,2.0
1718233,Samarqand tumani,Самаркандский район,Samarkand district,Самарқанд тумани,2021,2021,2.2
1718235,Nurobod tumani,Нурабадский район,Nurabad district,Нуробод тумани,2021,2021,3.0
1718236,Urgut tumani,Ургутский район,Urgut district,Ургут тумани,2021,2021,0.4
1718238,Tayloq tumani,Тайлякский район,Tailak district,Тайлоқ тумани,2021,2021,1.1
1722,Surxondaryo viloyati,Сурхандарьинская область,Surkhandarya region,Сурхондарё вилояти,2021,2021,16.9
1722401,Termiz shahri,Город Термез,Termiz city,Термиз шаҳри,2021,2021,2.1
1722201,Oltinsoy tumani,Алтынсайский район,Altynsay district,Олтинсой тумани,2021,2021,1.9
1722202,Angor tumani,Ангорский район,Angor district,Aнгор тумани,2021,2021,1.6
1722203,Bandixon tumani,Бандихонский район,Bandykhan district,Бандихон тумани,2021,2021,0.7
1722204,Boysun tumani,Байсунский район,Baysun district,Бойсун тумани,2021,2021,0.6
1722207,Muzrabot tumani,Музрабадский район,Muzrabad district,Музработ тумани,2021,2021,0.9
1722210,Denov tumani,Денауский район,Denau district,Денов тумани,2021,2021,3.1
1722212,Jarqo‘rg‘on tumani,Джаркурганский район,Jarkurgan district,Жарқўрғон тумани,2021,2021,1.1
1722214,Qumqo‘rg‘on tumani,Кумкурганский район,Kumkurgan district,Қумқўрғон тумани,2021,2021,0.2
1722215,Qiziriq tumani,Кизирикский район,Kizirik district,Қизириқ тумани,2021,2021,0.7
1722217,Sariosiyo tumani,Сариасийский район,Sariosia district,Сариосиё тумани,2021,2021,0.9
1722220,Termiz tumani,Термезский район,Termiz district,Термиз тумани,2021,2021,0.5
1722221,Uzun tumani,Узунский район,Uzun district,Узун тумани,2021,2021,1.7
1722223,Sherobod tumani,Шерабадский район,Sherabad district,Шеробод тумани,2021,2021,0.7
1722226,Sho‘rchi tumani,Шурчинский район,Shurchi district,Шўрчи тумани,2021,2021,0.2
1724,Sirdaryo viloyati,Сырдарьинская область,Syrdarya region,Сирдарё вилояти,2021,2021,1.9
1724401,Guliston shahri,Город Гулистан,Gulistan city,Гулистон шаҳри,2021,2021,0.2
1724410,Shirin shahri,Город Ширин,Shirin city,Ширин шаҳри,2021,2021,0.0
1724413,Yangiyer shahri,Город Янгиер,Yangier city,Янгийер шаҳри,2021,2021,0.0
1724206,Oqoltin tumani,Акалтынский район,Akaltyn district,Оқолтин тумани,2021,2021,0.0
1724212,Boyovut tumani,Баяутский район,Bayaut district,Боёвут тумани,2021,2021,0.7
1724216,Sayxunobod tumani,Сайхунабадский район,Saykhunabad district,Сайхунобод тумани,2021,2021,0.4
1724220,Guliston tumani,Гулистанский район,Gulistan district,Гулистон тумани,2021,2021,0.1
1724226,Sardoba tumani,Сардобский район,Sardoba district,Сардоба тумани,2021,2021,0.0
1724228,Mirzaobod tumani,Мирзаабадский район,Mirzaabad district,Мирзаобод тумани,2021,2021,0.0
1724231,Sirdaryo tumani,Сырдарьинский район,Syrdarya district,Сирдарё тумани,2021,2021,0.0
1724235,Xovos tumani,Хавасский район,Khovos district,Ховос тумани,2021,2021,0.5
1727,Toshkent viloyati,Ташкентская область,Tashkent region,Тошкент вилояти,2021,2021,9.7
1727401,Nurafshon shahri,Город Нурафшон,Nurafshan city,Нурафшон шаҳри,2021,2021,0.2
1727404,Olmaliq shahri,Город Алмалык,Almalyk city,Олмалиқ шаҳри,2021,2021,0.0
1727407,Angren shahri,Город Ангрен,Angren city,Aнгрен шаҳри,2021,2021,0.0
1727413,Bekobod shahri,Город Бекабад,Bekabad city,Бекобод шаҳри,2021,2021,0.1
1727419,Chirchiq shahri,Город Чиpчик,Chirchik city,Чирчиқ шаҳри,2021,2021,0.0
1727415,Ohangaron shahri,Город Ахангаран,Akhangaran city,Оҳангарон шаҳри,2021,2021,0.4
1727424,Yangiyo‘lshahri,Город Янгиюль,Yangiyul city,Янгийўлшаҳри,2021,2021,0.0
1727206,Oqqo‘rg‘on tumani,Аккурганский район,Akkurgan district,Оққўрғон тумани,2021,2021,0.5
1727212,Ohangaron tumani,Ахангаранский район,Akhangaran district,Оҳангарон тумани,2021,2021,2.6
1727220,Bekobod tumani,Бекабадский район,Bekabad district,Бекобод тумани,2021,2021,0.3
1727224,Bo‘stonliq tumani,Бостанлыкский район,Bostanlyk district,Бўстонлиқ тумани,2021,2021,0.6
1727228,Bo‘ka tumani,Букинский район,Buka district,Бўка тумани,2021,2021,0.2
1727233,Quyichirchiq tumani,Куйичирчикский район,Kuyichirchik district,Қуйичирчиқ тумани,2021,2021,0.7
1727237,Zangiota tumani,Зангиатинский район,Zangiata district,Зангиота тумани,2021,2021,0.7
1727239,Yuqorichirchiq tumani,Юкоричирчикский район,Yukorichirchik district,Юқоричирчиқ тумани,2021,2021,0.1
1727248,Qibray tumani,Кибрайский район,Kibray district,Қибрай тумани,2021,2021,0.5
1727249,Parkent tumani,Паркентский район,Parkent district,Паркент тумани,2021,2021,0.0
1727250,Piskent tumani,Пскентский район,Piskent district,Пискент тумани,2021,2021,0.3
1727253,O‘rtachirchiq tumani,Уртачирчикский район,Urtachirchik district,Ўртачирчиқ тумани,2021,2021,0.5
1727256,Chinoz tumani,Чиназский район,Chinaz district,Чиноз тумани,2021,2021,0.0
1727259,Yangiyo‘l tumani,Янгиюльский район,Yangiyul district,Янгийўл тумани,2021,2021,1.4
1727265,Toshkent tumani,Ташкентский район,Tashkent district,Тошкент тумани,2021,2021,0.6
1730,Farg‘ona viloyati,Ферганская область,Fergana region,Фарғона вилояти,2021,2021,13.6
1730401,Farg‘ona shahri,Город Фергана,Fergana city,Фарғона шаҳри,2021,2021,0.6
1730405,Qo‘qon shahri,Город Коканд,Kokand city,Қўқон шаҳри,2021,2021,0.7
1730408,Quvasoy shahri,Город Кувасай,Kuvasay city,Қувасой шаҳри,2021,2021,0.5
1730412,Marg‘ilon shahri,Город Маpгилан,Margilan city,Марғилон шаҳри,2021,2021,0.0
1730203,Oltiariq tumani,Алтыарыкский район,Altyaryk district,Олтиариқ тумани,2021,2021,0.9
1730206,Qo‘shtepa tumani,Куштепинский район,Kushtepa district,Қўштепа тумани,2021,2021,1.3
1730209,Bog‘dod tumani,Багдадский район,Baghdad district,Боғдод тумани,2021,2021,3.1
1730212,Buvayda tumani,Бувайдинский район,Buvayda district,Бувайда тумани,2021,2021,1.0
1730215,Beshariq tumani,Бешарыкский район,Besharik district,Бешариқ тумани,2021,2021,0.6
1730218,Quva tumani,Кувинский район,Kuva district,Қува тумани,2021,2021,0.3
1730221,Uchko‘prik tumani,Учкуприкский район,Uchkuprik district,Учкўприк тумани,2021,2021,0.5
1730224,Rishton tumani,Риштанский район,Rishtan district,Риштон тумани,2021,2021,0.0
1730226,So‘x tumani,Сохский район,Sokh district,Сўх тумани,2021,2021,1.7
1730227,Toshloq tumani,Ташлакский район,Tashlak district,Тошлоқ тумани,2021,2021,0.0
1730230,O‘zbekiston tumani,Узбекистанский район,Uzbekistan district,Ўзбекистон тумани,2021,2021,0.6
1730233,Farg‘ona tumani,Ферганский район,Fergana district,Фарғона тумани,2021,2021,0.0
1730236,Dang‘ara tumani,Дангаринский район,Dangara district,Данғара тумани,2021,2021,0.6
1730238,Furqat tumani,Фуркатский район,Furkat district,Фурқат тумани,2021,2021,0.9
1730242,Yozyovon tumani,Язъяванский район,Yazyavan district,Ёзёвон тумани,2021,2021,0.5
1733,Xorazm viloyati,Хорезмская область,Khorezm region,Хоразм вилояти,2021,2021,13.6
1733401,Urganch shahri,Город Ургенч,Urgench city,Урганч шаҳри,2021,2021,0.6
1733406,Xiva shahri,Город Хива,Khiva city,Хива шаҳри,2021,2021,0.7
1733204,Bog‘ot tumani,Багатский район,Bagat district,Боғот тумани,2021,2021,2.3
1733208,Gurlan tumani,Гурленский район,Gurlan district,Гурлан тумани,2021,2021,0.0
1733212,Qo‘shko‘pir tumani,Кошкупырский район,Kushkupyr district,Қўшкўпир тумани,2021,2021,0.8
1733217,Urganch tumani,Ургенчский район,Urgench district,Урганч тумани,2021,2021,1.1
1733220,Xazorasp tumani,Хазараспский район,Khazarasp district,Хазорасп тумани,2021,2021,3.2
1733221,Tuproqqal’a tumani,Тупроккалинский район,Tuprakkala district,Тупроққалъа тумани,2021,2021,0.3
1733223,Xonqa tumani,Ханкинский район,Khanka district,Хонқа тумани,2021,2021,0.3
1733226,Xiva tumani,Хивинский район,Khiva district,Хива тумани,2021,2021,1.2
1733230,Shovot tumani,Шаватский район,Shavat district,Шовот тумани,2021,2021,1.6
1733233,Yangiariq tumani,Янгиарыкский район,Yangiaryk district,Янгиариқ тумани,2021,2021,0.5
1733236,Yangibozor tumani,Янгибазарский район,Yangibazar district,Янгибозор тумани,2021,2021,1.1
1726,Toshkent shahri,город Ташкент,Tashkent city,Тошкент шаҳри,2021,2021,6.5
1726262,Uchtepa tumani,Учтепинский район,Uchtepa district,Учтепа тумани,2021,2021,0.5
1726264,Bektemir tumani,Бектемирский район,Bektemir district,Бектемир тумани,2021,2021,0.9
1726266,Yunusobod tumani,Юнусабадский район,Yunusabad district,Юнусобод тумани,2021,2021,0.6
1726269,Mirzo Ulug‘bek tumani,Мирзо Улугбекский район,Mirzo Ulugbek district,Мирзо Улуғбек тумани,2021,2021,0.0
1726273,Mirobod tumani,Мирабадский район,Mirabad district,Миробод тумани,2021,2021,0.6
1726277,Shayxontoxur tumani,Шайхантахурский район,Shaykhantakhur district,Шайхонтохур тумани,2021,2021,0.5
1726280,Olmazor tumani,Алмазарский район,Almazar district,Олмазор тумани,2021,2021,0.0
1726283,Sirg‘ali tumani,Сергелийский район,Sergeli district,Сирғали тумани,2021,2021,1.7
1726287,Yakkasaroy tumani,Яккасарайский район,Yakkasaray district,Яккасарой тумани,2021,2021,0.5
1726290,Yashnobod tumani,Яшнободский район,Yashnabad district,Яшнобод тумани,2021,2021,1.1
1726292,Yangihayot tumani,Янгихаётский район,Yangikhayot district,Янгиҳаёт тумани,2021,2021,0.0
1726294,Chilonzor tumani,Чиланзарский район,Chilanzar district,Чилонзор тумани,2021,2021,0.0
1700,O‘zbekiston Respublikasi,Республика Узбекистан,Republic of Uzbekistan,Ўзбекистон Республикаси,2022,2022,165.4
1735,Qoraqalpog‘iston Respublikasi,Республика Каракалпакстан,Republic of Karakalpakstan,Қорақалпоғистон Республикаси,2022,2022,14.9
1735401,Nukus shahri,Город Нукус,Nukus city,Нукус шаҳри,2022,2022,3.8
1735204,Amudaryo tumani,Амударьинский район,Amudarya district,Aмударё тумани,2022,2022,2.9
1735207,Beruniy tumani,Берунийский район,Beruniy district,Беруний тумани,2022,2022,0.9
1735209,Bo‘zatov tumani,Бозатауский район,Bozatau district,Бўзатов тумани,2022,2022,0.2
1735211,Qorao‘zak tumani,Караузякский район,Karauzak district,Қораўзак тумани,2022,2022,0.4
1735212,Kegeyli tumani,Кегейлийский район,Kegeyli district,Кегейли тумани,2022,2022,0.1
1735215,Qo‘ng‘irot tumani,Кунградский район,Kungrad district,Қўнғирот тумани,2022,2022,0.4
1735218,Qanliko‘l tumani,Канлыкульский район,Kanlykul district,Қанликўл тумани,2022,2022,0.2
1735222,Mo‘ynoq tumani,Муйнакский район,Muynak district,Мўйноқ тумани,2022,2022,0.0
1735225,Nukus tumani,Нукусский район,Nukus district,Нукус тумани,2022,2022,0.2
1735228,Taxiatosh tumani,Тахиаташский район,Takhiatash district,Тахиатош тумани,2022,2022,1.0
1735230,Taxtako‘pir tumani,Тахтакупырский район,Takhtakupyr district,Тахтакўпир тумани,2022,2022,0.0
1735233,To‘rtko‘l tumani,Турткульский район,Turtkul district,Тўрткўл тумани,2022,2022,2.8
1735236,Xo‘jayli tumani,Ходжейлийский район,Khojeyli district,Хўжайли тумани,2022,2022,0.7
1735240,Chimboy tumani,Чимбайский район,Chimbay district,Чимбой тумани,2022,2022,0.5
1735243,Shumanay tumani,Шуманайский район,Shumanai district,Шуманай тумани,2022,2022,0.3
1735250,Ellikkala tumani,Элликкалинский район,Ellikkala district,Елликкала тумани,2022,2022,0.5
1703,Andijon viloyati,Андижанская область,Andijan region,Aндижон вилояти,2022,2022,13.6
1703401,Andijon shahri,Город Андижан,Andijan city,Aндижон шаҳри,2022,2022,2.5
1703408,Xonobod shahri,Город Ханабад,Khanabadcity,Хонобод шаҳри,2022,2022,0.0
1703202,Oltinko‘l tumani,Алтынкульский район,Altynkul district,Олтинкўл тумани,2022,2022,0.4
1703203,Andijon tumani,Андижанский район,Andijan district,Aндижон тумани,2022,2022,0.3
1703206,Baliqchi tumani,Балыкчинский район,Balykchi district,Балиқчи тумани,2022,2022,1.8
1703209,Bo‘ston tumani,Бустонский район,Bustan district,Бўстон тумани,2022,2022,0.7
1703210,Buloqboshi tumani,Булакбашинский район,Bulakbashi district,Булоқбоши тумани,2022,2022,0.6
1703211,Jalaquduq tumani,Жалакудукский район,Jalаquduk district,Жалақудуқ тумани,2022,2022,0.4
1703214,Izboskan tumani,Избасканский район,Izbaskan district,Избоскан тумани,2022,2022,0.6
1703217,Ulug‘nor tumani,Улугноpский район,Ulugnor district,Улуғнор тумани,2022,2022,1.4
1703220,Qo‘rg‘ontepa tumani,Кургантепинский район,Kurgantepa district,Қўрғонтепа тумани,2022,2022,0.4
1703224,Asaka tumani,Асакинский район,Asaka district,Aсака тумани,2022,2022,1.1
1703227,Marxamat tumani,Мархаматский район,Markhamat district,Мархамат тумани,2022,2022,0.3
1703230,Shaxrixon tumani,Шахриханский район,Shakhrikhan district,Шахрихон тумани,2022,2022,1.5
1703232,Paxtaobod tumani,Пахтаабадский район,Pakhtaabad district,Пахтаобод тумани,2022,2022,0.6
1703236,Xo‘jaobod tumani,Ходжаабадский район,Khojaabad district,Хўжаобод тумани,2022,2022,0.8
1706,Buxoro viloyati,Бухарская область,Bukhara region,Бухоро вилояти,2022,2022,15.4
1706401,Buxoro shahri,Город Бухара,Bukhara city,Бухоро шаҳри,2022,2022,0.0
1706403,Kogon shahri,Город Каган,Kagan city,Когон шаҳри,2022,2022,0.0
1706204,Olot tumani,Алатский район,Alat district,Олот тумани,2022,2022,0.8
1706207,Buxoro tumani,Бухарский район,Bukhara district,Бухоро тумани,2022,2022,1.6
1706212,Vobkent tumani,Вабкентский район,Vobkent district,Вобкент тумани,2022,2022,1.3
1706215,G‘ijduvon tumani,Гиждуванский район,Gijduvan district,Ғиждувон тумани,2022,2022,1.4
1706219,Kogon tumani,Каганский район,Kagan district,Когон тумани,2022,2022,1.3
1706230,Qorako‘l tumani,Каракульский район,Karakul district,Қоракўл тумани,2022,2022,2.2
1706232,Qorovulbozor tumani,Караулбазарский район,Qorovulbozor district,Қоровулбозор тумани,2022,2022,0.9
1706240,Peshku tumani,Пешкунский район,Peshkun district,Пешку тумани,2022,2022,1.5
1706242,Romitan tumani,Ромитанский район,Romitan district,Ромитан тумани,2022,2022,1.4
1706246,Jondor tumani,Жондоpский район,Jondor district,Жондор тумани,2022,2022,1.1
1706258,Shofirkon tumani,Шафирканский район,Shafirkan district,Шофиркон тумани,2022,2022,1.9
1708,Jizzax viloyati,Джизакская область,Jizzakh region,Жиззах вилояти,2022,2022,8.0
1708401,Jizzax shahri,Город Джизак,Jizzakh city,Жиззах шаҳри,2022,2022,2.6
1708201,Arnasoy tumani,Арнасайский район,Arnasay district,Aрнасой тумани,2022,2022,0.0
1708204,Baxmal tumani,Бахмальский район,Bakhmal district,Бахмал тумани,2022,2022,0.8
1708209,G‘allaorol tumani,Галляаральский район,Gallaaral district,Ғаллаорол тумани,2022,2022,0.6
1708212,Sharof Rashidov tumani,Шароф-Рашидовский район,Sharof Rashidov district,Шароф Рашидов тумани,2022,2022,1.0
1708215,Do‘stlik tumani,Дустликский район,Dustlik district,Дўстлик тумани,2022,2022,0.0
1708218,Zomin tumani,Зааминский район,Zomin district,Зомин тумани,2022,2022,2.0
1708220,Zarbdor tumani,Зарбдарский район,Zarbdar district,Зарбдор тумани,2022,2022,0.2
1708223,Mirzacho‘l tumani,Мирзачульский район,Mirzachul district,Мирзачўл тумани,2022,2022,0.0
1708225,Zafarobod tumani,Зафарабадский район,Zafarabad district,Зафаробод тумани,2022,2022,0.0
1708228,Paxtakor tumani,Пахтакорский район,Pakhtakor district,Пахтакор тумани,2022,2022,0.0
1708235,Forish tumani,Фаришский район,Farish district,Фориш тумани,2022,2022,0.8
1708237,Yangiobod tumani,Янгиободский район,Yangiabad district,Янгиобод тумани,2022,2022,0.0
1710,Qashqadaryo viloyati,Кашкадарьинская область,Kashkadarya region,Қашқадарё вилояти,2022,2022,13.0
1710401,Qarshi shahri,Город Карши,Karshi city,Қарши шаҳри,2022,2022,0.0
1710405,Shahrisabz shahri,Город Шахрисабз,Shakhrisabz city,Шаҳрисабз шаҳри,2022,2022,0.5
1710240,Ko‘kdala tumani,Кукдалинский район,Kukdala district,Кўкдала тумани,2022,2022,0.0
1710207,G‘uzor tumani,Гузарский район,Gissar district,Ғузор тумани,2022,2022,1.8
1710212,Dehqonobod tumani,Дехканабадский район,Dehkanabad district,Деҳқонобод тумани,2022,2022,0.5
1710220,Qamashi tumani,Камашинский район,Kamashi district,Қамаши тумани,2022,2022,1.2
1710224,Qarshi tumani,Каршинский район,Karshi district,Қарши тумани,2022,2022,0.7
1710229,Koson tumani,Касанский район,Kasan district,Косон тумани,2022,2022,0.3
1710232,Kitob tumani,Китабский район,Kitab district,Китоб тумани,2022,2022,0.7
1710233,Mirishkor tumani,Миришкорский район,Mirishkor district,Миришкор тумани,2022,2022,0.0
1710234,Muborak tumani,Мубарекский район,Mubarek district,Муборак тумани,2022,2022,0.9
1710235,Nishon tumani,Нишанский район,Nishon district,Нишон тумани,2022,2022,0.8
1710237,Kasbi tumani,Касбинский район,Kasbi district,Касби тумани,2022,2022,1.7
1710242,Chiroqchi tumani,Чиракчинский район,Chirakchi district,Чироқчи тумани,2022,2022,1.2
1710245,Shahrisabz tumani,Шахрисабзский район,Shakhrisabz district,Шаҳрисабз тумани,2022,2022,1.3
1710250,Yakkabog‘ tumani,Яккабагский район,Yakkabag district,Яккабоғ тумани,2022,2022,1.4
1712,Navoiy viloyati,Навоийская область,Navoi region,Навоий вилояти,2022,2022,5.3
1712401,Navoiy shahri,Город Навои,Navoi city,Навоий шаҳри,2022,2022,1.3
1712408,Zarafshon shahri,Город Заpафшан,Zarafshan city,Зарафшон шаҳри,2022,2022,0.2
1712412,G‘ozg‘on shahri,Город Газган,Gazgan city,Ғозғон шаҳри,2022,2022,0.0
1712211,Konimex tumani,Канимехский район,Kanimekh district,Конимех тумани,2022,2022,0.5
1712216,Qiziltepa tumani,Кызылтепинский район,Kyzyltepa district,Қизилтепа тумани,2022,2022,1.0
1712230,Navbahor tumani,Навбахорский район,Navbahor district,Навбаҳор тумани,2022,2022,0.5
1712234,Karmana tumani,Карманинский район,Karmana district,Кармана тумани,2022,2022,0.7
1712238,Nurota tumani,Нуратинский район,Nurota district,Нурота тумани,2022,2022,0.4
1712244,Tomdi tumani,Тамдынский район,Tomdy district,Томди тумани,2022,2022,0.1
1712248,Uchquduq tumani,Учкудукский район,Uchkuduk district,Учқудуқ тумани,2022,2022,0.0
1712251,Xatirchi tumani,Хатырчинский район,Khatyrchi district,Хатирчи тумани,2022,2022,0.8
1714,Namangan viloyati,Наманганская область,Namangan region,Наманган вилояти,2022,2022,9.3
1714401,Namangan shahri,Город Наманган,Namangan city,Наманган шаҳри,2022,2022,3.3
1714204,Mingbuloq tumani,Мингбулакский район,Mingbulak district,Мингбулоқ тумани,2022,2022,0.9
1714207,Kosonsoy tumani,Касансайский район,Kasansay district,Косонсой тумани,2022,2022,0.4
1714212,Namangan tumani,Наманганский район,Namangan district,Наманган тумани,2022,2022,0.2
1714216,Norin tumani,Нарынский район,Naryn district,Норин тумани,2022,2022,0.3
1714219,Pop tumani,Папский район,Pop district,Поп тумани,2022,2022,1.3
1714224,To‘raqo‘rg‘on tumani,Туракурганский район,Turakurgan district,Тўрақўрғон тумани,2022,2022,0.3
1714229,Uychi tumani,Уйчинский район,Uychi district,Уйчи тумани,2022,2022,1.1
1714234,Uchqo‘rg‘on tumani,Учкурганский район,Uchkurgan district,Учқўрғон тумани,2022,2022,0.0
1714236,Chortoq tumani,Чартакский район,Chartak district,Чортоқ тумани,2022,2022,0.9
1714237,Chust tumani,Чустский район,Chust district,Чуст тумани,2022,2022,0.7
1714242,Yangiqo‘rg‘on tumani,Янгикурганский район,Yangikurgan district,Янгиқўрғон тумани,2022,2022,0.0
1718,Samarqand viloyati,Самаркандская область,Samarkand region,Самарқанд вилояти,2022,2022,12.9
1718401,Samarqand shahri,Город Самарканд,Samarkand city,Самарқанд шаҳри,2022,2022,0.0
1718406,Kattaqo'rg'on shahar,Город Каттакурган,Kattaqo'rg'on city,Каттақўрғон шаҳар,2022,2022,2.1
1718203,Oqdaryo tumani,Акдарьинский район,Akdarya district,Оқдарё тумани,2022,2022,0.0
1718206,Bulung‘ur tumani,Булунгурский район,Bulungur district,Булунғур тумани,2022,2022,0.3
1718209,Jomboy tumani,Джамбайский район,Jomboy district,Жомбой тумани,2022,2022,0.2
1718212,Ishtixon tumani,Иштыханский район,Ishtykhan district,Иштихон тумани,2022,2022,0.9
1718215,Kattaqo‘rg‘on tumani,Каттакурганский район,Kattakurgan district,Каттақўрғон тумани,2022,2022,0.2
1718216,Qo‘shrabot tumani,Кошрабадский район,Koshrabad district,Қўшработ тумани,2022,2022,0.5
1718218,Narpay tumani,Нарпайский район,Narpai district,Нарпай тумани,2022,2022,0.0
1718224,Payariq tumani,Пайарыкский район,Payaryk district,Паяриқ тумани,2022,2022,0.9
1718227,Pastdarg‘om tumani,Пастдаргомский район,Pastdargom district,Пастдарғом тумани,2022,2022,2.9
1718230,Paxtachi tumani,Пахтачийский район,Pakhtachi district,Пахтачи тумани,2022,2022,0.4
1718233,Samarqand tumani,Самаркандский район,Samarkand district,Самарқанд тумани,2022,2022,0.4
1718235,Nurobod tumani,Нурабадский район,Nurabad district,Нуробод тумани,2022,2022,0.0
1718236,Urgut tumani,Ургутский район,Urgut district,Ургут тумани,2022,2022,3.7
1718238,Tayloq tumani,Тайлякский район,Tailak district,Тайлоқ тумани,2022,2022,0.3
1722,Surxondaryo viloyati,Сурхандарьинская область,Surkhandarya region,Сурхондарё вилояти,2022,2022,22.4
1722401,Termiz shahri,Город Термез,Termiz city,Термиз шаҳри,2022,2022,1.4
1722201,Oltinsoy tumani,Алтынсайский район,Altynsay district,Олтинсой тумани,2022,2022,0.9
1722202,Angor tumani,Ангорский район,Angor district,Aнгор тумани,2022,2022,0.2
1722203,Bandixon tumani,Бандихонский район,Bandykhan district,Бандихон тумани,2022,2022,0.7
1722204,Boysun tumani,Байсунский район,Baysun district,Бойсун тумани,2022,2022,0.7
1722207,Muzrabot tumani,Музрабадский район,Muzrabad district,Музработ тумани,2022,2022,1.8
1722210,Denov tumani,Денауский район,Denau district,Денов тумани,2022,2022,5.2
1722212,Jarqo‘rg‘on tumani,Джаркурганский район,Jarkurgan district,Жарқўрғон тумани,2022,2022,0.4
1722214,Qumqo‘rg‘on tumani,Кумкурганский район,Kumkurgan district,Қумқўрғон тумани,2022,2022,1.3
1722215,Qiziriq tumani,Кизирикский район,Kizirik district,Қизириқ тумани,2022,2022,1.3
1722217,Sariosiyo tumani,Сариасийский район,Sariosia district,Сариосиё тумани,2022,2022,2.7
1722220,Termiz tumani,Термезский район,Termiz district,Термиз тумани,2022,2022,1.5
1722221,Uzun tumani,Узунский район,Uzun district,Узун тумани,2022,2022,1.6
1722223,Sherobod tumani,Шерабадский район,Sherabad district,Шеробод тумани,2022,2022,2.0
1722226,Sho‘rchi tumani,Шурчинский район,Shurchi district,Шўрчи тумани,2022,2022,0.7
1724,Sirdaryo viloyati,Сырдарьинская область,Syrdarya region,Сирдарё вилояти,2022,2022,2.7
1724401,Guliston shahri,Город Гулистан,Gulistan city,Гулистон шаҳри,2022,2022,0.3
1724410,Shirin shahri,Город Ширин,Shirin city,Ширин шаҳри,2022,2022,0.0
1724413,Yangiyer shahri,Город Янгиер,Yangier city,Янгийер шаҳри,2022,2022,0.0
1724206,Oqoltin tumani,Акалтынский район,Akaltyn district,Оқолтин тумани,2022,2022,0.0
1724212,Boyovut tumani,Баяутский район,Bayaut district,Боёвут тумани,2022,2022,0.7
1724216,Sayxunobod tumani,Сайхунабадский район,Saykhunabad district,Сайхунобод тумани,2022,2022,0.0
1724220,Guliston tumani,Гулистанский район,Gulistan district,Гулистон тумани,2022,2022,0.0
1724226,Sardoba tumani,Сардобский район,Sardoba district,Сардоба тумани,2022,2022,0.0
1724228,Mirzaobod tumani,Мирзаабадский район,Mirzaabad district,Мирзаобод тумани,2022,2022,1.5
1724231,Sirdaryo tumani,Сырдарьинский район,Syrdarya district,Сирдарё тумани,2022,2022,0.2
1724235,Xovos tumani,Хавасский район,Khovos district,Ховос тумани,2022,2022,0.0
1727,Toshkent viloyati,Ташкентская область,Tashkent region,Тошкент вилояти,2022,2022,14.5
1727401,Nurafshon shahri,Город Нурафшон,Nurafshan city,Нурафшон шаҳри,2022,2022,0.5
1727404,Olmaliq shahri,Город Алмалык,Almalyk city,Олмалиқ шаҳри,2022,2022,0.5
1727407,Angren shahri,Город Ангрен,Angren city,Aнгрен шаҳри,2022,2022,0.0
1727413,Bekobod shahri,Город Бекабад,Bekabad city,Бекобод шаҳри,2022,2022,1.3
1727419,Chirchiq shahri,Город Чиpчик,Chirchik city,Чирчиқ шаҳри,2022,2022,0.8
1727415,Ohangaron shahri,Город Ахангаран,Akhangaran city,Оҳангарон шаҳри,2022,2022,0.0
1727424,Yangiyo‘lshahri,Город Янгиюль,Yangiyul city,Янгийўлшаҳри,2022,2022,0.0
1727206,Oqqo‘rg‘on tumani,Аккурганский район,Akkurgan district,Оққўрғон тумани,2022,2022,0.8
1727212,Ohangaron tumani,Ахангаранский район,Akhangaran district,Оҳангарон тумани,2022,2022,1.7
1727220,Bekobod tumani,Бекабадский район,Bekabad district,Бекобод тумани,2022,2022,0.0
1727224,Bo‘stonliq tumani,Бостанлыкский район,Bostanlyk district,Бўстонлиқ тумани,2022,2022,0.0
1727228,Bo‘ka tumani,Букинский район,Buka district,Бўка тумани,2022,2022,0.8
1727233,Quyichirchiq tumani,Куйичирчикский район,Kuyichirchik district,Қуйичирчиқ тумани,2022,2022,1.3
1727237,Zangiota tumani,Зангиатинский район,Zangiata district,Зангиота тумани,2022,2022,0.0
1727239,Yuqorichirchiq tumani,Юкоричирчикский район,Yukorichirchik district,Юқоричирчиқ тумани,2022,2022,1.0
1727248,Qibray tumani,Кибрайский район,Kibray district,Қибрай тумани,2022,2022,0.8
1727249,Parkent tumani,Паркентский район,Parkent district,Паркент тумани,2022,2022,1.1
1727250,Piskent tumani,Пскентский район,Piskent district,Пискент тумани,2022,2022,0.0
1727253,O‘rtachirchiq tumani,Уртачирчикский район,Urtachirchik district,Ўртачирчиқ тумани,2022,2022,1.1
1727256,Chinoz tumani,Чиназский район,Chinaz district,Чиноз тумани,2022,2022,2.4
1727259,Yangiyo‘l tumani,Янгиюльский район,Yangiyul district,Янгийўл тумани,2022,2022,0.4
1727265,Toshkent tumani,Ташкентский район,Tashkent district,Тошкент тумани,2022,2022,0.1
1730,Farg‘ona viloyati,Ферганская область,Fergana region,Фарғона вилояти,2022,2022,16.6
1730401,Farg‘ona shahri,Город Фергана,Fergana city,Фарғона шаҳри,2022,2022,1.2
1730405,Qo‘qon shahri,Город Коканд,Kokand city,Қўқон шаҳри,2022,2022,0.0
1730408,Quvasoy shahri,Город Кувасай,Kuvasay city,Қувасой шаҳри,2022,2022,0.0
1730412,Marg‘ilon shahri,Город Маpгилан,Margilan city,Марғилон шаҳри,2022,2022,0.6
1730203,Oltiariq tumani,Алтыарыкский район,Altyaryk district,Олтиариқ тумани,2022,2022,0.0
1730206,Qo‘shtepa tumani,Куштепинский район,Kushtepa district,Қўштепа тумани,2022,2022,1.2
1730209,Bog‘dod tumani,Багдадский район,Baghdad district,Боғдод тумани,2022,2022,2.1
1730212,Buvayda tumani,Бувайдинский район,Buvayda district,Бувайда тумани,2022,2022,0.8
1730215,Beshariq tumani,Бешарыкский район,Besharik district,Бешариқ тумани,2022,2022,2.3
1730218,Quva tumani,Кувинский район,Kuva district,Қува тумани,2022,2022,1.3
1730221,Uchko‘prik tumani,Учкуприкский район,Uchkuprik district,Учкўприк тумани,2022,2022,1.3
1730224,Rishton tumani,Риштанский район,Rishtan district,Риштон тумани,2022,2022,0.4
1730226,So‘x tumani,Сохский район,Sokh district,Сўх тумани,2022,2022,0.3
1730227,Toshloq tumani,Ташлакский район,Tashlak district,Тошлоқ тумани,2022,2022,1.7
1730230,O‘zbekiston tumani,Узбекистанский район,Uzbekistan district,Ўзбекистон тумани,2022,2022,0.4
1730233,Farg‘ona tumani,Ферганский район,Fergana district,Фарғона тумани,2022,2022,1.9
1730236,Dang‘ara tumani,Дангаринский район,Dangara district,Данғара тумани,2022,2022,0.9
1730238,Furqat tumani,Фуркатский район,Furkat district,Фурқат тумани,2022,2022,0.0
1730242,Yozyovon tumani,Язъяванский район,Yazyavan district,Ёзёвон тумани,2022,2022,0.1
1733,Xorazm viloyati,Хорезмская область,Khorezm region,Хоразм вилояти,2022,2022,8.2
1733401,Urganch shahri,Город Ургенч,Urgench city,Урганч шаҳри,2022,2022,0.0
1733406,Xiva shahri,Город Хива,Khiva city,Хива шаҳри,2022,2022,0.4
1733204,Bog‘ot tumani,Багатский район,Bagat district,Боғот тумани,2022,2022,1.9
1733208,Gurlan tumani,Гурленский район,Gurlan district,Гурлан тумани,2022,2022,1.4
1733212,Qo‘shko‘pir tumani,Кошкупырский район,Kushkupyr district,Қўшкўпир тумани,2022,2022,0.8
1733217,Urganch tumani,Ургенчский район,Urgench district,Урганч тумани,2022,2022,1.1
1733220,Xazorasp tumani,Хазараспский район,Khazarasp district,Хазорасп тумани,2022,2022,1.1
1733221,Tuproqqal’a tumani,Тупроккалинский район,Tuprakkala district,Тупроққалъа тумани,2022,2022,0.0
1733223,Xonqa tumani,Ханкинский район,Khanka district,Хонқа тумани,2022,2022,0.7
1733226,Xiva tumani,Хивинский район,Khiva district,Хива тумани,2022,2022,0.4
1733230,Shovot tumani,Шаватский район,Shavat district,Шовот тумани,2022,2022,0.0
1733233,Yangiariq tumani,Янгиарыкский район,Yangiaryk district,Янгиариқ тумани,2022,2022,0.0
1733236,Yangibozor tumani,Янгибазарский район,Yangibazar district,Янгибозор тумани,2022,2022,0.5
1726,Toshkent shahri,город Ташкент,Tashkent city,Тошкент шаҳри,2022,2022,8.7
1726262,Uchtepa tumani,Учтепинский район,Uchtepa district,Учтепа тумани,2022,2022,1.3
1726264,Bektemir tumani,Бектемирский район,Bektemir district,Бектемир тумани,2022,2022,0.0
1726266,Yunusobod tumani,Юнусабадский район,Yunusabad district,Юнусобод тумани,2022,2022,0.9
1726269,Mirzo Ulug‘bek tumani,Мирзо Улугбекский район,Mirzo Ulugbek district,Мирзо Улуғбек тумани,2022,2022,3.2
1726273,Mirobod tumani,Мирабадский район,Mirabad district,Миробод тумани,2022,2022,2.9
1726277,Shayxontoxur tumani,Шайхантахурский район,Shaykhantakhur district,Шайхонтохур тумани,2022,2022,0.0
1726280,Olmazor tumani,Алмазарский район,Almazar district,Олмазор тумани,2022,2022,0.0
1726283,Sirg‘ali tumani,Сергелийский район,Sergeli district,Сирғали тумани,2022,2022,0.5
1726287,Yakkasaroy tumani,Яккасарайский район,Yakkasaray district,Яккасарой тумани,2022,2022,0.0
1726290,Yashnobod tumani,Яшнободский район,Yashnabad district,Яшнобод тумани,2022,2022,0.0
1726292,Yangihayot tumani,Янгихаётский район,Yangikhayot district,Янгиҳаёт тумани,2022,2022,0.0
1726294,Chilonzor tumani,Чиланзарский район,Chilanzar district,Чилонзор тумани,2022,2022,0.0
1700,O‘zbekiston Respublikasi,Республика Узбекистан,Republic of Uzbekistan,Ўзбекистон Республикаси,2023,2023,114.9
1735,Qoraqalpog‘iston Respublikasi,Республика Каракалпакстан,Republic of Karakalpakstan,Қорақалпоғистон Республикаси,2023,2023,5.6
1735401,Nukus shahri,Город Нукус,Nukus city,Нукус шаҳри,2023,2023,2.4
1735204,Amudaryo tumani,Амударьинский район,Amudarya district,Aмударё тумани,2023,2023,0.0
1735207,Beruniy tumani,Берунийский район,Beruniy district,Беруний тумани,2023,2023,0.0
1735209,Bo‘zatov tumani,Бозатауский район,Bozatau district,Бўзатов тумани,2023,2023,0.0
1735211,Qorao‘zak tumani,Караузякский район,Karauzak district,Қораўзак тумани,2023,2023,0.3
1735212,Kegeyli tumani,Кегейлийский район,Kegeyli district,Кегейли тумани,2023,2023,0.3
1735215,Qo‘ng‘irot tumani,Кунградский район,Kungrad district,Қўнғирот тумани,2023,2023,0.3
1735218,Qanliko‘l tumani,Канлыкульский район,Kanlykul district,Қанликўл тумани,2023,2023,0.3
1735222,Mo‘ynoq tumani,Муйнакский район,Muynak district,Мўйноқ тумани,2023,2023,0.0
1735225,Nukus tumani,Нукусский район,Nukus district,Нукус тумани,2023,2023,0.6
1735228,Taxiatosh tumani,Тахиаташский район,Takhiatash district,Тахиатош тумани,2023,2023,0.0
1735230,Taxtako‘pir tumani,Тахтакупырский район,Takhtakupyr district,Тахтакўпир тумани,2023,2023,0.0
1735233,To‘rtko‘l tumani,Турткульский район,Turtkul district,Тўрткўл тумани,2023,2023,0.6
1735236,Xo‘jayli tumani,Ходжейлийский район,Khojeyli district,Хўжайли тумани,2023,2023,0.3
1735240,Chimboy tumani,Чимбайский район,Chimbay district,Чимбой тумани,2023,2023,0.3
1735243,Shumanay tumani,Шуманайский район,Shumanai district,Шуманай тумани,2023,2023,0.0
1735250,Ellikkala tumani,Элликкалинский район,Ellikkala district,Елликкала тумани,2023,2023,0.2
1703,Andijon viloyati,Андижанская область,Andijan region,Aндижон вилояти,2023,2023,10.5
1703401,Andijon shahri,Город Андижан,Andijan city,Aндижон шаҳри,2023,2023,1.3
1703408,Xonobod shahri,Город Ханабад,Khanabadcity,Хонобод шаҳри,2023,2023,0.0
1703202,Oltinko‘l tumani,Алтынкульский район,Altynkul district,Олтинкўл тумани,2023,2023,1.0
1703203,Andijon tumani,Андижанский район,Andijan district,Aндижон тумани,2023,2023,0.5
1703206,Baliqchi tumani,Балыкчинский район,Balykchi district,Балиқчи тумани,2023,2023,0.4
1703209,Bo‘ston tumani,Бустонский район,Bustan district,Бўстон тумани,2023,2023,0.4
1703210,Buloqboshi tumani,Булакбашинский район,Bulakbashi district,Булоқбоши тумани,2023,2023,0.5
1703211,Jalaquduq tumani,Жалакудукский район,Jalаquduk district,Жалақудуқ тумани,2023,2023,1.5
1703214,Izboskan tumani,Избасканский район,Izbaskan district,Избоскан тумани,2023,2023,0.7
1703217,Ulug‘nor tumani,Улугноpский район,Ulugnor district,Улуғнор тумани,2023,2023,0.0
1703220,Qo‘rg‘ontepa tumani,Кургантепинский район,Kurgantepa district,Қўрғонтепа тумани,2023,2023,0.4
1703224,Asaka tumani,Асакинский район,Asaka district,Aсака тумани,2023,2023,1.0
1703227,Marxamat tumani,Мархаматский район,Markhamat district,Мархамат тумани,2023,2023,0.6
1703230,Shaxrixon tumani,Шахриханский район,Shakhrikhan district,Шахрихон тумани,2023,2023,1.0
1703232,Paxtaobod tumani,Пахтаабадский район,Pakhtaabad district,Пахтаобод тумани,2023,2023,0.5
1703236,Xo‘jaobod tumani,Ходжаабадский район,Khojaabad district,Хўжаобод тумани,2023,2023,0.7
1706,Buxoro viloyati,Бухарская область,Bukhara region,Бухоро вилояти,2023,2023,5.5
1706401,Buxoro shahri,Город Бухара,Bukhara city,Бухоро шаҳри,2023,2023,1.614
1706403,Kogon shahri,Город Каган,Kagan city,Когон шаҳри,2023,2023,0.0
1706204,Olot tumani,Алатский район,Alat district,Олот тумани,2023,2023,0.12
1706207,Buxoro tumani,Бухарский район,Bukhara district,Бухоро тумани,2023,2023,0.48
1706212,Vobkent tumani,Вабкентский район,Vobkent district,Вобкент тумани,2023,2023,1.064
1706215,G‘ijduvon tumani,Гиждуванский район,Gijduvan district,Ғиждувон тумани,2023,2023,0.66
1706219,Kogon tumani,Каганский район,Kagan district,Когон тумани,2023,2023,0.21
1706230,Qorako‘l tumani,Каракульский район,Karakul district,Қоракўл тумани,2023,2023,0.0
1706232,Qorovulbozor tumani,Караулбазарский район,Qorovulbozor district,Қоровулбозор тумани,2023,2023,0.0
1706240,Peshku tumani,Пешкунский район,Peshkun district,Пешку тумани,2023,2023,0.636
1706242,Romitan tumani,Ромитанский район,Romitan district,Ромитан тумани,2023,2023,0.21
1706246,Jondor tumani,Жондоpский район,Jondor district,Жондор тумани,2023,2023,0.42
1706258,Shofirkon tumani,Шафирканский район,Shafirkan district,Шофиркон тумани,2023,2023,0.06
1708,Jizzax viloyati,Джизакская область,Jizzakh region,Жиззах вилояти,2023,2023,5.8
1708401,Jizzax shahri,Город Джизак,Jizzakh city,Жиззах шаҳри,2023,2023,1.1
1708201,Arnasoy tumani,Арнасайский район,Arnasay district,Aрнасой тумани,2023,2023,0.1
1708204,Baxmal tumani,Бахмальский район,Bakhmal district,Бахмал тумани,2023,2023,0.7
1708209,G‘allaorol tumani,Галляаральский район,Gallaaral district,Ғаллаорол тумани,2023,2023,0.3
1708212,Sharof Rashidov tumani,Шароф-Рашидовский район,Sharof Rashidov district,Шароф Рашидов тумани,2023,2023,3.0
1708215,Do‘stlik tumani,Дустликский район,Dustlik district,Дўстлик тумани,2023,2023,0.0
1708218,Zomin tumani,Зааминский район,Zomin district,Зомин тумани,2023,2023,0.1
1708220,Zarbdor tumani,Зарбдарский район,Zarbdar district,Зарбдор тумани,2023,2023,0.0
1708223,Mirzacho‘l tumani,Мирзачульский район,Mirzachul district,Мирзачўл тумани,2023,2023,0.3
1708225,Zafarobod tumani,Зафарабадский район,Zafarabad district,Зафаробод тумани,2023,2023,0.0
1708228,Paxtakor tumani,Пахтакорский район,Pakhtakor district,Пахтакор тумани,2023,2023,0.0
1708235,Forish tumani,Фаришский район,Farish district,Фориш тумани,2023,2023,0.2
1708237,Yangiobod tumani,Янгиободский район,Yangiabad district,Янгиобод тумани,2023,2023,0.0
1710,Qashqadaryo viloyati,Кашкадарьинская область,Kashkadarya region,Қашқадарё вилояти,2023,2023,7.7
1710401,Qarshi shahri,Город Карши,Karshi city,Қарши шаҳри,2023,2023,0.9
1710405,Shahrisabz shahri,Город Шахрисабз,Shakhrisabz city,Шаҳрисабз шаҳри,2023,2023,0.0
1710240,Ko‘kdala tumani,Кукдалинский район,Kukdala district,Кўкдала тумани,2023,2023,0.3
1710207,G‘uzor tumani,Гузарский район,Gissar district,Ғузор тумани,2023,2023,0.2
1710212,Dehqonobod tumani,Дехканабадский район,Dehkanabad district,Деҳқонобод тумани,2023,2023,0.5
1710220,Qamashi tumani,Камашинский район,Kamashi district,Қамаши тумани,2023,2023,0.7
1710224,Qarshi tumani,Каршинский район,Karshi district,Қарши тумани,2023,2023,1.0
1710229,Koson tumani,Касанский район,Kasan district,Косон тумани,2023,2023,1.0
1710232,Kitob tumani,Китабский район,Kitab district,Китоб тумани,2023,2023,0.5
1710233,Mirishkor tumani,Миришкорский район,Mirishkor district,Миришкор тумани,2023,2023,0.0
1710234,Muborak tumani,Мубарекский район,Mubarek district,Муборак тумани,2023,2023,0.0
1710235,Nishon tumani,Нишанский район,Nishon district,Нишон тумани,2023,2023,0.2
1710237,Kasbi tumani,Касбинский район,Kasbi district,Касби тумани,2023,2023,0.2
1710242,Chiroqchi tumani,Чиракчинский район,Chirakchi district,Чироқчи тумани,2023,2023,0.9
1710245,Shahrisabz tumani,Шахрисабзский район,Shakhrisabz district,Шаҳрисабз тумани,2023,2023,0.7
1710250,Yakkabog‘ tumani,Яккабагский район,Yakkabag district,Яккабоғ тумани,2023,2023,0.6
1712,Navoiy viloyati,Навоийская область,Navoi region,Навоий вилояти,2023,2023,3.9
1712401,Navoiy shahri,Город Навои,Navoi city,Навоий шаҳри,2023,2023,1.7
1712408,Zarafshon shahri,Город Заpафшан,Zarafshan city,Зарафшон шаҳри,2023,2023,0.0
1712412,G‘ozg‘on shahri,Город Газган,Gazgan city,Ғозғон шаҳри,2023,2023,0.0
1712211,Konimex tumani,Канимехский район,Kanimekh district,Конимех тумани,2023,2023,0.8
1712216,Qiziltepa tumani,Кызылтепинский район,Kyzyltepa district,Қизилтепа тумани,2023,2023,0.0
1712230,Navbahor tumani,Навбахорский район,Navbahor district,Навбаҳор тумани,2023,2023,0.2
1712234,Karmana tumani,Карманинский район,Karmana district,Кармана тумани,2023,2023,0.2
1712238,Nurota tumani,Нуратинский район,Nurota district,Нурота тумани,2023,2023,0.2
1712244,Tomdi tumani,Тамдынский район,Tomdy district,Томди тумани,2023,2023,0.0
1712248,Uchquduq tumani,Учкудукский район,Uchkuduk district,Учқудуқ тумани,2023,2023,0.2
1712251,Xatirchi tumani,Хатырчинский район,Khatyrchi district,Хатирчи тумани,2023,2023,0.6
1714,Namangan viloyati,Наманганская область,Namangan region,Наманган вилояти,2023,2023,17.4
1714401,Namangan shahri,Город Наманган,Namangan city,Наманган шаҳри,2023,2023,3.4
1714204,Mingbuloq tumani,Мингбулакский район,Mingbulak district,Мингбулоқ тумани,2023,2023,0.9
1714207,Kosonsoy tumani,Касансайский район,Kasansay district,Косонсой тумани,2023,2023,1.1
1714212,Namangan tumani,Наманганский район,Namangan district,Наманган тумани,2023,2023,1.4
1714216,Norin tumani,Нарынский район,Naryn district,Норин тумани,2023,2023,1.3
1714219,Pop tumani,Папский район,Pop district,Поп тумани,2023,2023,0.8
1714224,To‘raqo‘rg‘on tumani,Туракурганский район,Turakurgan district,Тўрақўрғон тумани,2023,2023,1.7
1714229,Uychi tumani,Уйчинский район,Uychi district,Уйчи тумани,2023,2023,1.3
1714234,Uchqo‘rg‘on tumani,Учкурганский район,Uchkurgan district,Учқўрғон тумани,2023,2023,1.2
1714236,Chortoq tumani,Чартакский район,Chartak district,Чортоқ тумани,2023,2023,1.6
1714237,Chust tumani,Чустский район,Chust district,Чуст тумани,2023,2023,1.7
1714242,Yangiqo‘rg‘on tumani,Янгикурганский район,Yangikurgan district,Янгиқўрғон тумани,2023,2023,1.0
1718,Samarqand viloyati,Самаркандская область,Samarkand region,Самарқанд вилояти,2023,2023,9.0
1718401,Samarqand shahri,Город Самарканд,Samarkand city,Самарқанд шаҳри,2023,2023,0.2
1718406,Kattaqo'rg'on shahar,Город Каттакурган,Kattaqo'rg'on city,Каттақўрғон шаҳар,2023,2023,0.5
1718203,Oqdaryo tumani,Акдарьинский район,Akdarya district,Оқдарё тумани,2023,2023,0.1
1718206,Bulung‘ur tumani,Булунгурский район,Bulungur district,Булунғур тумани,2023,2023,0.3
1718209,Jomboy tumani,Джамбайский район,Jomboy district,Жомбой тумани,2023,2023,0.3
1718212,Ishtixon tumani,Иштыханский район,Ishtykhan district,Иштихон тумани,2023,2023,0.3
1718215,Kattaqo‘rg‘on tumani,Каттакурганский район,Kattakurgan district,Каттақўрғон тумани,2023,2023,0.3
1718216,Qo‘shrabot tumani,Кошрабадский район,Koshrabad district,Қўшработ тумани,2023,2023,0.5
1718218,Narpay tumani,Нарпайский район,Narpai district,Нарпай тумани,2023,2023,0.5
1718224,Payariq tumani,Пайарыкский район,Payaryk district,Паяриқ тумани,2023,2023,0.3
1718227,Pastdarg‘om tumani,Пастдаргомский район,Pastdargom district,Пастдарғом тумани,2023,2023,1.0
1718230,Paxtachi tumani,Пахтачийский район,Pakhtachi district,Пахтачи тумани,2023,2023,0.2
1718233,Samarqand tumani,Самаркандский район,Samarkand district,Самарқанд тумани,2023,2023,1.6
1718235,Nurobod tumani,Нурабадский район,Nurabad district,Нуробод тумани,2023,2023,0.2
1718236,Urgut tumani,Ургутский район,Urgut district,Ургут тумани,2023,2023,2.3
1718238,Tayloq tumani,Тайлякский район,Tailak district,Тайлоқ тумани,2023,2023,0.4
1722,Surxondaryo viloyati,Сурхандарьинская область,Surkhandarya region,Сурхондарё вилояти,2023,2023,9.0
1722401,Termiz shahri,Город Термез,Termiz city,Термиз шаҳри,2023,2023,0.3
1722201,Oltinsoy tumani,Алтынсайский район,Altynsay district,Олтинсой тумани,2023,2023,0.3
1722202,Angor tumani,Ангорский район,Angor district,Aнгор тумани,2023,2023,0.8
1722203,Bandixon tumani,Бандихонский район,Bandykhan district,Бандихон тумани,2023,2023,0.3
1722204,Boysun tumani,Байсунский район,Baysun district,Бойсун тумани,2023,2023,0.6
1722207,Muzrabot tumani,Музрабадский район,Muzrabad district,Музработ тумани,2023,2023,0.6
1722210,Denov tumani,Денауский район,Denau district,Денов тумани,2023,2023,1.0
1722212,Jarqo‘rg‘on tumani,Джаркурганский район,Jarkurgan district,Жарқўрғон тумани,2023,2023,0.8
1722214,Qumqo‘rg‘on tumani,Кумкурганский район,Kumkurgan district,Қумқўрғон тумани,2023,2023,1.4
1722215,Qiziriq tumani,Кизирикский район,Kizirik district,Қизириқ тумани,2023,2023,0.4
1722217,Sariosiyo tumani,Сариасийский район,Sariosia district,Сариосиё тумани,2023,2023,0.6
1722220,Termiz tumani,Термезский район,Termiz district,Термиз тумани,2023,2023,0.0
1722221,Uzun tumani,Узунский район,Uzun district,Узун тумани,2023,2023,0.1
1722223,Sherobod tumani,Шерабадский район,Sherabad district,Шеробод тумани,2023,2023,1.5
1722226,Sho‘rchi tumani,Шурчинский район,Shurchi district,Шўрчи тумани,2023,2023,0.3
1724,Sirdaryo viloyati,Сырдарьинская область,Syrdarya region,Сирдарё вилояти,2023,2023,1.1
1724401,Guliston shahri,Город Гулистан,Gulistan city,Гулистон шаҳри,2023,2023,0.2
1724410,Shirin shahri,Город Ширин,Shirin city,Ширин шаҳри,2023,2023,0.6
1724413,Yangiyer shahri,Город Янгиер,Yangier city,Янгийер шаҳри,2023,2023,0.0
1724206,Oqoltin tumani,Акалтынский район,Akaltyn district,Оқолтин тумани,2023,2023,0.0
1724212,Boyovut tumani,Баяутский район,Bayaut district,Боёвут тумани,2023,2023,0.3
1724216,Sayxunobod tumani,Сайхунабадский район,Saykhunabad district,Сайхунобод тумани,2023,2023,0.0
1724220,Guliston tumani,Гулистанский район,Gulistan district,Гулистон тумани,2023,2023,0.0
1724226,Sardoba tumani,Сардобский район,Sardoba district,Сардоба тумани,2023,2023,0.0
1724228,Mirzaobod tumani,Мирзаабадский район,Mirzaabad district,Мирзаобод тумани,2023,2023,0.0
1724231,Sirdaryo tumani,Сырдарьинский район,Syrdarya district,Сирдарё тумани,2023,2023,0.0
1724235,Xovos tumani,Хавасский район,Khovos district,Ховос тумани,2023,2023,0.0
1727,Toshkent viloyati,Ташкентская область,Tashkent region,Тошкент вилояти,2023,2023,13.9
1727401,Nurafshon shahri,Город Нурафшон,Nurafshan city,Нурафшон шаҳри,2023,2023,0.0
1727404,Olmaliq shahri,Город Алмалык,Almalyk city,Олмалиқ шаҳри,2023,2023,0.0
1727407,Angren shahri,Город Ангрен,Angren city,Aнгрен шаҳри,2023,2023,1.6
1727413,Bekobod shahri,Город Бекабад,Bekabad city,Бекобод шаҳри,2023,2023,0.0
1727419,Chirchiq shahri,Город Чиpчик,Chirchik city,Чирчиқ шаҳри,2023,2023,0.0
1727415,Ohangaron shahri,Город Ахангаран,Akhangaran city,Оҳангарон шаҳри,2023,2023,0.0
1727424,Yangiyo‘lshahri,Город Янгиюль,Yangiyul city,Янгийўлшаҳри,2023,2023,0.5
1727206,Oqqo‘rg‘on tumani,Аккурганский район,Akkurgan district,Оққўрғон тумани,2023,2023,1.2
1727212,Ohangaron tumani,Ахангаранский район,Akhangaran district,Оҳангарон тумани,2023,2023,0.0
1727220,Bekobod tumani,Бекабадский район,Bekabad district,Бекобод тумани,2023,2023,1.5
1727224,Bo‘stonliq tumani,Бостанлыкский район,Bostanlyk district,Бўстонлиқ тумани,2023,2023,0.7
1727228,Bo‘ka tumani,Букинский район,Buka district,Бўка тумани,2023,2023,0.9
1727233,Quyichirchiq tumani,Куйичирчикский район,Kuyichirchik district,Қуйичирчиқ тумани,2023,2023,1.2
1727237,Zangiota tumani,Зангиатинский район,Zangiata district,Зангиота тумани,2023,2023,0.9
1727239,Yuqorichirchiq tumani,Юкоричирчикский район,Yukorichirchik district,Юқоричирчиқ тумани,2023,2023,2.7
1727248,Qibray tumani,Кибрайский район,Kibray district,Қибрай тумани,2023,2023,0.0
1727249,Parkent tumani,Паркентский район,Parkent district,Паркент тумани,2023,2023,0.7
1727250,Piskent tumani,Пскентский район,Piskent district,Пискент тумани,2023,2023,0.2
1727253,O‘rtachirchiq tumani,Уртачирчикский район,Urtachirchik district,Ўртачирчиқ тумани,2023,2023,0.1
1727256,Chinoz tumani,Чиназский район,Chinaz district,Чиноз тумани,2023,2023,0.7
1727259,Yangiyo‘l tumani,Янгиюльский район,Yangiyul district,Янгийўл тумани,2023,2023,0.5
1727265,Toshkent tumani,Ташкентский район,Tashkent district,Тошкент тумани,2023,2023,0.5
1730,Farg‘ona viloyati,Ферганская область,Fergana region,Фарғона вилояти,2023,2023,11.2
1730401,Farg‘ona shahri,Город Фергана,Fergana city,Фарғона шаҳри,2023,2023,2.2
1730405,Qo‘qon shahri,Город Коканд,Kokand city,Қўқон шаҳри,2023,2023,0.8
1730408,Quvasoy shahri,Город Кувасай,Kuvasay city,Қувасой шаҳри,2023,2023,0.0
1730412,Marg‘ilon shahri,Город Маpгилан,Margilan city,Марғилон шаҳри,2023,2023,0.0
1730203,Oltiariq tumani,Алтыарыкский район,Altyaryk district,Олтиариқ тумани,2023,2023,0.0
1730206,Qo‘shtepa tumani,Куштепинский район,Kushtepa district,Қўштепа тумани,2023,2023,0.0
1730209,Bog‘dod tumani,Багдадский район,Baghdad district,Боғдод тумани,2023,2023,0.9
1730212,Buvayda tumani,Бувайдинский район,Buvayda district,Бувайда тумани,2023,2023,0.0
1730215,Beshariq tumani,Бешарыкский район,Besharik district,Бешариқ тумани,2023,2023,1.1
1730218,Quva tumani,Кувинский район,Kuva district,Қува тумани,2023,2023,0.0
1730221,Uchko‘prik tumani,Учкуприкский район,Uchkuprik district,Учкўприк тумани,2023,2023,0.7
1730224,Rishton tumani,Риштанский район,Rishtan district,Риштон тумани,2023,2023,0.3
1730226,So‘x tumani,Сохский район,Sokh district,Сўх тумани,2023,2023,1.2
1730227,Toshloq tumani,Ташлакский район,Tashlak district,Тошлоқ тумани,2023,2023,0.0
1730230,O‘zbekiston tumani,Узбекистанский район,Uzbekistan district,Ўзбекистон тумани,2023,2023,0.8
1730233,Farg‘ona tumani,Ферганский район,Fergana district,Фарғона тумани,2023,2023,1.0
1730236,Dang‘ara tumani,Дангаринский район,Dangara district,Данғара тумани,2023,2023,0.7
1730238,Furqat tumani,Фуркатский район,Furkat district,Фурқат тумани,2023,2023,0.5
1730242,Yozyovon tumani,Язъяванский район,Yazyavan district,Ёзёвон тумани,2023,2023,1.0
1733,Xorazm viloyati,Хорезмская область,Khorezm region,Хоразм вилояти,2023,2023,6.8
1733401,Urganch shahri,Город Ургенч,Urgench city,Урганч шаҳри,2023,2023,0.3
1733406,Xiva shahri,Город Хива,Khiva city,Хива шаҳри,2023,2023,0.3
1733204,Bog‘ot tumani,Багатский район,Bagat district,Боғот тумани,2023,2023,1.1
1733208,Gurlan tumani,Гурленский район,Gurlan district,Гурлан тумани,2023,2023,0.6
1733212,Qo‘shko‘pir tumani,Кошкупырский район,Kushkupyr district,Қўшкўпир тумани,2023,2023,1.3
1733217,Urganch tumani,Ургенчский район,Urgench district,Урганч тумани,2023,2023,0.2
1733220,Xazorasp tumani,Хазараспский район,Khazarasp district,Хазорасп тумани,2023,2023,0.9
1733221,Tuproqqal’a tumani,Тупроккалинский район,Tuprakkala district,Тупроққалъа тумани,2023,2023,0.4
1733223,Xonqa tumani,Ханкинский район,Khanka district,Хонқа тумани,2023,2023,0.2
1733226,Xiva tumani,Хивинский район,Khiva district,Хива тумани,2023,2023,1.0
1733230,Shovot tumani,Шаватский район,Shavat district,Шовот тумани,2023,2023,0.5
1733233,Yangiariq tumani,Янгиарыкский район,Yangiaryk district,Янгиариқ тумани,2023,2023,0.0
1733236,Yangibozor tumani,Янгибазарский район,Yangibazar district,Янгибозор тумани,2023,2023,0.0
1726,Toshkent shahri,город Ташкент,Tashkent city,Тошкент шаҳри,2023,2023,7.5
1726262,Uchtepa tumani,Учтепинский район,Uchtepa district,Учтепа тумани,2023,2023,0.0
1726264,Bektemir tumani,Бектемирский район,Bektemir district,Бектемир тумани,2023,2023,0.0
1726266,Yunusobod tumani,Юнусабадский район,Yunusabad district,Юнусобод тумани,2023,2023,0.7
1726269,Mirzo Ulug‘bek tumani,Мирзо Улугбекский район,Mirzo Ulugbek district,Мирзо Улуғбек тумани,2023,2023,0.9
1726273,Mirobod tumani,Мирабадский район,Mirabad district,Миробод тумани,2023,2023,1.2
1726277,Shayxontoxur tumani,Шайхантахурский район,Shaykhantakhur district,Шайхонтохур тумани,2023,2023,0.0
1726280,Olmazor tumani,Алмазарский район,Almazar district,Олмазор тумани,2023,2023,0.0
1726283,Sirg‘ali tumani,Сергелийский район,Sergeli district,Сирғали тумани,2023,2023,4.7
1726287,Yakkasaroy tumani,Яккасарайский район,Yakkasaray district,Яккасарой тумани,2023,2023,0.0
1726290,Yashnobod tumani,Яшнободский район,Yashnabad district,Яшнобод тумани,2023,2023,0.0
1726292,Yangihayot tumani,Янгихаётский район,Yangikhayot district,Янгиҳаёт тумани,2023,2023,0.0
1726294,Chilonzor tumani,Чиланзарский район,Chilanzar district,Чилонзор тумани,2023,2023,0.0
1700,O‘zbekiston Respublikasi,Республика Узбекистан,Republic of Uzbekistan,Ўзбекистон Республикаси,2024,2024,293.3
1735,Qoraqalpog‘iston Respublikasi,Республика Каракалпакстан,Republic of Karakalpakstan,Қорақалпоғистон Республикаси,2024,2024,12.8
1735401,Nukus shahri,Город Нукус,Nukus city,Нукус шаҳри,2024,2024,2.7
1735204,Amudaryo tumani,Амударьинский район,Amudarya district,Aмударё тумани,2024,2024,0.9
1735207,Beruniy tumani,Берунийский район,Beruniy district,Беруний тумани,2024,2024,1.1
1735209,Bo‘zatov tumani,Бозатауский район,Bozatau district,Бўзатов тумани,2024,2024,0.0
1735211,Qorao‘zak tumani,Караузякский район,Karauzak district,Қораўзак тумани,2024,2024,0.4
1735212,Kegeyli tumani,Кегейлийский район,Kegeyli district,Кегейли тумани,2024,2024,0.9
1735215,Qo‘ng‘irot tumani,Кунградский район,Kungrad district,Қўнғирот тумани,2024,2024,1.4
1735218,Qanliko‘l tumani,Канлыкульский район,Kanlykul district,Қанликўл тумани,2024,2024,0.0
1735222,Mo‘ynoq tumani,Муйнакский район,Muynak district,Мўйноқ тумани,2024,2024,0.0
1735225,Nukus tumani,Нукусский район,Nukus district,Нукус тумани,2024,2024,0.0
1735228,Taxiatosh tumani,Тахиаташский район,Takhiatash district,Тахиатош тумани,2024,2024,0.0
1735230,Taxtako‘pir tumani,Тахтакупырский район,Takhtakupyr district,Тахтакўпир тумани,2024,2024,0.1
1735233,To‘rtko‘l tumani,Турткульский район,Turtkul district,Тўрткўл тумани,2024,2024,2.8
1735236,Xo‘jayli tumani,Ходжейлийский район,Khojeyli district,Хўжайли тумани,2024,2024,0.5
1735240,Chimboy tumani,Чимбайский район,Chimbay district,Чимбой тумани,2024,2024,0.8
1735243,Shumanay tumani,Шуманайский район,Shumanai district,Шуманай тумани,2024,2024,0.0
1735250,Ellikkala tumani,Элликкалинский район,Ellikkala district,Елликкала тумани,2024,2024,1.2
1703,Andijon viloyati,Андижанская область,Andijan region,Aндижон вилояти,2024,2024,26.4
1703401,Andijon shahri,Город Андижан,Andijan city,Aндижон шаҳри,2024,2024,4.2
1703408,Xonobod shahri,Город Ханабад,Khanabadcity,Хонобод шаҳри,2024,2024,0.0
1703202,Oltinko‘l tumani,Алтынкульский район,Altynkul district,Олтинкўл тумани,2024,2024,1.9
1703203,Andijon tumani,Андижанский район,Andijan district,Aндижон тумани,2024,2024,1.4
1703206,Baliqchi tumani,Балыкчинский район,Balykchi district,Балиқчи тумани,2024,2024,1.6
1703209,Bo‘ston tumani,Бустонский район,Bustan district,Бўстон тумани,2024,2024,0.3
1703210,Buloqboshi tumani,Булакбашинский район,Bulakbashi district,Булоқбоши тумани,2024,2024,1.2
1703211,Jalaquduq tumani,Жалакудукский район,Jalаquduk district,Жалақудуқ тумани,2024,2024,1.7
1703214,Izboskan tumani,Избасканский район,Izbaskan district,Избоскан тумани,2024,2024,2.6
1703217,Ulug‘nor tumani,Улугноpский район,Ulugnor district,Улуғнор тумани,2024,2024,0.3
1703220,Qo‘rg‘ontepa tumani,Кургантепинский район,Kurgantepa district,Қўрғонтепа тумани,2024,2024,1.3
1703224,Asaka tumani,Асакинский район,Asaka district,Aсака тумани,2024,2024,3.6
1703227,Marxamat tumani,Мархаматский район,Markhamat district,Мархамат тумани,2024,2024,1.4
1703230,Shaxrixon tumani,Шахриханский район,Shakhrikhan district,Шахрихон тумани,2024,2024,1.5
1703232,Paxtaobod tumani,Пахтаабадский район,Pakhtaabad district,Пахтаобод тумани,2024,2024,1.1
1703236,Xo‘jaobod tumani,Ходжаабадский район,Khojaabad district,Хўжаобод тумани,2024,2024,2.3
1706,Buxoro viloyati,Бухарская область,Bukhara region,Бухоро вилояти,2024,2024,12.9
1706401,Buxoro shahri,Город Бухара,Bukhara city,Бухоро шаҳри,2024,2024,1.6
1706403,Kogon shahri,Город Каган,Kagan city,Когон шаҳри,2024,2024,0.0
1706204,Olot tumani,Алатский район,Alat district,Олот тумани,2024,2024,0.3
1706207,Buxoro tumani,Бухарский район,Bukhara district,Бухоро тумани,2024,2024,0.5
1706212,Vobkent tumani,Вабкентский район,Vobkent district,Вобкент тумани,2024,2024,0.2
1706215,G‘ijduvon tumani,Гиждуванский район,Gijduvan district,Ғиждувон тумани,2024,2024,2.7
1706219,Kogon tumani,Каганский район,Kagan district,Когон тумани,2024,2024,0.2
1706230,Qorako‘l tumani,Каракульский район,Karakul district,Қоракўл тумани,2024,2024,1.7
1706232,Qorovulbozor tumani,Караулбазарский район,Qorovulbozor district,Қоровулбозор тумани,2024,2024,0.2
1706240,Peshku tumani,Пешкунский район,Peshkun district,Пешку тумани,2024,2024,0.6
1706242,Romitan tumani,Ромитанский район,Romitan district,Ромитан тумани,2024,2024,1.7
1706246,Jondor tumani,Жондоpский район,Jondor district,Жондор тумани,2024,2024,2.3
1706258,Shofirkon tumani,Шафирканский район,Shafirkan district,Шофиркон тумани,2024,2024,0.9
1708,Jizzax viloyati,Джизакская область,Jizzakh region,Жиззах вилояти,2024,2024,9.9
1708401,Jizzax shahri,Город Джизак,Jizzakh city,Жиззах шаҳри,2024,2024,0.8
1708201,Arnasoy tumani,Арнасайский район,Arnasay district,Aрнасой тумани,2024,2024,0.0
1708204,Baxmal tumani,Бахмальский район,Bakhmal district,Бахмал тумани,2024,2024,1.6
1708209,G‘allaorol tumani,Галляаральский район,Gallaaral district,Ғаллаорол тумани,2024,2024,1.3
1708212,Sharof Rashidov tumani,Шароф-Рашидовский район,Sharof Rashidov district,Шароф Рашидов тумани,2024,2024,1.6
1708215,Do‘stlik tumani,Дустликский район,Dustlik district,Дўстлик тумани,2024,2024,0.5
1708218,Zomin tumani,Зааминский район,Zomin district,Зомин тумани,2024,2024,1.6
1708220,Zarbdor tumani,Зарбдарский район,Zarbdar district,Зарбдор тумани,2024,2024,0.5
1708223,Mirzacho‘l tumani,Мирзачульский район,Mirzachul district,Мирзачўл тумани,2024,2024,0.0
1708225,Zafarobod tumani,Зафарабадский район,Zafarabad district,Зафаробод тумани,2024,2024,0.0
1708228,Paxtakor tumani,Пахтакорский район,Pakhtakor district,Пахтакор тумани,2024,2024,1.7
1708235,Forish tumani,Фаришский район,Farish district,Фориш тумани,2024,2024,0.3
1708237,Yangiobod tumani,Янгиободский район,Yangiabad district,Янгиобод тумани,2024,2024,0.0
1710,Qashqadaryo viloyati,Кашкадарьинская область,Kashkadarya region,Қашқадарё вилояти,2024,2024,36.7
1710401,Qarshi shahri,Город Карши,Karshi city,Қарши шаҳри,2024,2024,4.8
1710405,Shahrisabz shahri,Город Шахрисабз,Shakhrisabz city,Шаҳрисабз шаҳри,2024,2024,0.7
1710240,Ko‘kdala tumani,Кукдалинский район,Kukdala district,Кўкдала тумани,2024,2024,0.7
1710207,G‘uzor tumani,Гузарский район,Gissar district,Ғузор тумани,2024,2024,1.4
1710212,Dehqonobod tumani,Дехканабадский район,Dehkanabad district,Деҳқонобод тумани,2024,2024,1.5
1710220,Qamashi tumani,Камашинский район,Kamashi district,Қамаши тумани,2024,2024,2.4
1710224,Qarshi tumani,Каршинский район,Karshi district,Қарши тумани,2024,2024,1.1
1710229,Koson tumani,Касанский район,Kasan district,Косон тумани,2024,2024,3.3
1710232,Kitob tumani,Китабский район,Kitab district,Китоб тумани,2024,2024,3.7
1710233,Mirishkor tumani,Миришкорский район,Mirishkor district,Миришкор тумани,2024,2024,0.7
1710234,Muborak tumani,Мубарекский район,Mubarek district,Муборак тумани,2024,2024,0.7
1710235,Nishon tumani,Нишанский район,Nishon district,Нишон тумани,2024,2024,1.2
1710237,Kasbi tumani,Касбинский район,Kasbi district,Касби тумани,2024,2024,0.7
1710242,Chiroqchi tumani,Чиракчинский район,Chirakchi district,Чироқчи тумани,2024,2024,7.5
1710245,Shahrisabz tumani,Шахрисабзский район,Shakhrisabz district,Шаҳрисабз тумани,2024,2024,3.7
1710250,Yakkabog‘ tumani,Яккабагский район,Yakkabag district,Яккабоғ тумани,2024,2024,2.6
1712,Navoiy viloyati,Навоийская область,Navoi region,Навоий вилояти,2024,2024,7.2
1712401,Navoiy shahri,Город Навои,Navoi city,Навоий шаҳри,2024,2024,1.4
1712408,Zarafshon shahri,Город Заpафшан,Zarafshan city,Зарафшон шаҳри,2024,2024,1.0
1712412,G‘ozg‘on shahri,Город Газган,Gazgan city,Ғозғон шаҳри,2024,2024,0.0
1712211,Konimex tumani,Канимехский район,Kanimekh district,Конимех тумани,2024,2024,0.0
1712216,Qiziltepa tumani,Кызылтепинский район,Kyzyltepa district,Қизилтепа тумани,2024,2024,0.5
1712230,Navbahor tumani,Навбахорский район,Navbahor district,Навбаҳор тумани,2024,2024,0.5
1712234,Karmana tumani,Карманинский район,Karmana district,Кармана тумани,2024,2024,1.0
1712238,Nurota tumani,Нуратинский район,Nurota district,Нурота тумани,2024,2024,0.0
1712244,Tomdi tumani,Тамдынский район,Tomdy district,Томди тумани,2024,2024,0.2
1712248,Uchquduq tumani,Учкудукский район,Uchkuduk district,Учқудуқ тумани,2024,2024,0.8
1712251,Xatirchi tumani,Хатырчинский район,Khatyrchi district,Хатирчи тумани,2024,2024,1.8
1714,Namangan viloyati,Наманганская область,Namangan region,Наманган вилояти,2024,2024,25.7
1714401,Namangan shahri,Город Наманган,Namangan city,Наманган шаҳри,2024,2024,2.5
1714204,Mingbuloq tumani,Мингбулакский район,Mingbulak district,Мингбулоқ тумани,2024,2024,1.6
1714207,Kosonsoy tumani,Касансайский район,Kasansay district,Косонсой тумани,2024,2024,1.8
1714212,Namangan tumani,Наманганский район,Namangan district,Наманган тумани,2024,2024,2.4
1714216,Norin tumani,Нарынский район,Naryn district,Норин тумани,2024,2024,2.0
1714219,Pop tumani,Папский район,Pop district,Поп тумани,2024,2024,1.6
1714224,To‘raqo‘rg‘on tumani,Туракурганский район,Turakurgan district,Тўрақўрғон тумани,2024,2024,2.1
1714229,Uychi tumani,Уйчинский район,Uychi district,Уйчи тумани,2024,2024,2.6
1714234,Uchqo‘rg‘on tumani,Учкурганский район,Uchkurgan district,Учқўрғон тумани,2024,2024,1.7
1714236,Chortoq tumani,Чартакский район,Chartak district,Чортоқ тумани,2024,2024,2.2
1714237,Chust tumani,Чустский район,Chust district,Чуст тумани,2024,2024,1.5
1714242,Yangiqo‘rg‘on tumani,Янгикурганский район,Yangikurgan district,Янгиқўрғон тумани,2024,2024,3.7
1718,Samarqand viloyati,Самаркандская область,Samarkand region,Самарқанд вилояти,2024,2024,32.4
1718401,Samarqand shahri,Город Самарканд,Samarkand city,Самарқанд шаҳри,2024,2024,5.8
1718406,Kattaqo'rg'on shahar,Город Каттакурган,Kattaqo'rg'on city,Каттақўрғон шаҳар,2024,2024,0.0
1718203,Oqdaryo tumani,Акдарьинский район,Akdarya district,Оқдарё тумани,2024,2024,0.2
1718206,Bulung‘ur tumani,Булунгурский район,Bulungur district,Булунғур тумани,2024,2024,1.4
1718209,Jomboy tumani,Джамбайский район,Jomboy district,Жомбой тумани,2024,2024,1.0
1718212,Ishtixon tumani,Иштыханский район,Ishtykhan district,Иштихон тумани,2024,2024,2.3
1718215,Kattaqo‘rg‘on tumani,Каттакурганский район,Kattakurgan district,Каттақўрғон тумани,2024,2024,1.4
1718216,Qo‘shrabot tumani,Кошрабадский район,Koshrabad district,Қўшработ тумани,2024,2024,1.8
1718218,Narpay tumani,Нарпайский район,Narpai district,Нарпай тумани,2024,2024,1.5
1718224,Payariq tumani,Пайарыкский район,Payaryk district,Паяриқ тумани,2024,2024,3.2
1718227,Pastdarg‘om tumani,Пастдаргомский район,Pastdargom district,Пастдарғом тумани,2024,2024,2.9
1718230,Paxtachi tumani,Пахтачийский район,Pakhtachi district,Пахтачи тумани,2024,2024,0.5
1718233,Samarqand tumani,Самаркандский район,Samarkand district,Самарқанд тумани,2024,2024,1.0
1718235,Nurobod tumani,Нурабадский район,Nurabad district,Нуробод тумани,2024,2024,1.5
1718236,Urgut tumani,Ургутский район,Urgut district,Ургут тумани,2024,2024,5.7
1718238,Tayloq tumani,Тайлякский район,Tailak district,Тайлоқ тумани,2024,2024,2.2
1722,Surxondaryo viloyati,Сурхандарьинская область,Surkhandarya region,Сурхондарё вилояти,2024,2024,30.3
1722401,Termiz shahri,Город Термез,Termiz city,Термиз шаҳри,2024,2024,1.3
1722201,Oltinsoy tumani,Алтынсайский район,Altynsay district,Олтинсой тумани,2024,2024,2.7
1722202,Angor tumani,Ангорский район,Angor district,Aнгор тумани,2024,2024,0.9
1722203,Bandixon tumani,Бандихонский район,Bandykhan district,Бандихон тумани,2024,2024,0.1
1722204,Boysun tumani,Байсунский район,Baysun district,Бойсун тумани,2024,2024,1.4
1722207,Muzrabot tumani,Музрабадский район,Muzrabad district,Музработ тумани,2024,2024,1.3
1722210,Denov tumani,Денауский район,Denau district,Денов тумани,2024,2024,3.7
1722212,Jarqo‘rg‘on tumani,Джаркурганский район,Jarkurgan district,Жарқўрғон тумани,2024,2024,1.4
1722214,Qumqo‘rg‘on tumani,Кумкурганский район,Kumkurgan district,Қумқўрғон тумани,2024,2024,3.5
1722215,Qiziriq tumani,Кизирикский район,Kizirik district,Қизириқ тумани,2024,2024,1.1
1722217,Sariosiyo tumani,Сариасийский район,Sariosia district,Сариосиё тумани,2024,2024,3.3
1722220,Termiz tumani,Термезский район,Termiz district,Термиз тумани,2024,2024,1.1
1722221,Uzun tumani,Узунский район,Uzun district,Узун тумани,2024,2024,1.9
1722223,Sherobod tumani,Шерабадский район,Sherabad district,Шеробод тумани,2024,2024,2.2
1722226,Sho‘rchi tumani,Шурчинский район,Shurchi district,Шўрчи тумани,2024,2024,4.4
1724,Sirdaryo viloyati,Сырдарьинская область,Syrdarya region,Сирдарё вилояти,2024,2024,7.0
1724401,Guliston shahri,Город Гулистан,Gulistan city,Гулистон шаҳри,2024,2024,1.3
1724410,Shirin shahri,Город Ширин,Shirin city,Ширин шаҳри,2024,2024,0.0
1724413,Yangiyer shahri,Город Янгиер,Yangier city,Янгийер шаҳри,2024,2024,1.0
1724206,Oqoltin tumani,Акалтынский район,Akaltyn district,Оқолтин тумани,2024,2024,0.0
1724212,Boyovut tumani,Баяутский район,Bayaut district,Боёвут тумани,2024,2024,1.0
1724216,Sayxunobod tumani,Сайхунабадский район,Saykhunabad district,Сайхунобод тумани,2024,2024,1.1
1724220,Guliston tumani,Гулистанский район,Gulistan district,Гулистон тумани,2024,2024,0.8
1724226,Sardoba tumani,Сардобский район,Sardoba district,Сардоба тумани,2024,2024,0.0
1724228,Mirzaobod tumani,Мирзаабадский район,Mirzaabad district,Мирзаобод тумани,2024,2024,1.2
1724231,Sirdaryo tumani,Сырдарьинский район,Syrdarya district,Сирдарё тумани,2024,2024,0.6
1724235,Xovos tumani,Хавасский район,Khovos district,Ховос тумани,2024,2024,0.0
1727,Toshkent viloyati,Ташкентская область,Tashkent region,Тошкент вилояти,2024,2024,23.6
1727401,Nurafshon shahri,Город Нурафшон,Nurafshan city,Нурафшон шаҳри,2024,2024,0.4
1727404,Olmaliq shahri,Город Алмалык,Almalyk city,Олмалиқ шаҳри,2024,2024,1.6
1727407,Angren shahri,Город Ангрен,Angren city,Aнгрен шаҳри,2024,2024,0.1
1727413,Bekobod shahri,Город Бекабад,Bekabad city,Бекобод шаҳри,2024,2024,1.9
1727419,Chirchiq shahri,Город Чиpчик,Chirchik city,Чирчиқ шаҳри,2024,2024,1.7
1727415,Ohangaron shahri,Город Ахангаран,Akhangaran city,Оҳангарон шаҳри,2024,2024,0.0
1727424,Yangiyo‘lshahri,Город Янгиюль,Yangiyul city,Янгийўлшаҳри,2024,2024,0.0
1727206,Oqqo‘rg‘on tumani,Аккурганский район,Akkurgan district,Оққўрғон тумани,2024,2024,1.9
1727212,Ohangaron tumani,Ахангаранский район,Akhangaran district,Оҳангарон тумани,2024,2024,1.3
1727220,Bekobod tumani,Бекабадский район,Bekabad district,Бекобод тумани,2024,2024,0.8
1727224,Bo‘stonliq tumani,Бостанлыкский район,Bostanlyk district,Бўстонлиқ тумани,2024,2024,1.2
1727228,Bo‘ka tumani,Букинский район,Buka district,Бўка тумани,2024,2024,1.1
1727233,Quyichirchiq tumani,Куйичирчикский район,Kuyichirchik district,Қуйичирчиқ тумани,2024,2024,0.6
1727237,Zangiota tumani,Зангиатинский район,Zangiata district,Зангиота тумани,2024,2024,1.2
1727239,Yuqorichirchiq tumani,Юкоричирчикский район,Yukorichirchik district,Юқоричирчиқ тумани,2024,2024,0.4
1727248,Qibray tumani,Кибрайский район,Kibray district,Қибрай тумани,2024,2024,0.2
1727249,Parkent tumani,Паркентский район,Parkent district,Паркент тумани,2024,2024,2.4
1727250,Piskent tumani,Пскентский район,Piskent district,Пискент тумани,2024,2024,0.0
1727253,O‘rtachirchiq tumani,Уртачирчикский район,Urtachirchik district,Ўртачирчиқ тумани,2024,2024,0.1
1727256,Chinoz tumani,Чиназский район,Chinaz district,Чиноз тумани,2024,2024,1.0
1727259,Yangiyo‘l tumani,Янгиюльский район,Yangiyul district,Янгийўл тумани,2024,2024,3.7
1727265,Toshkent tumani,Ташкентский район,Tashkent district,Тошкент тумани,2024,2024,2.0
1730,Farg‘ona viloyati,Ферганская область,Fergana region,Фарғона вилояти,2024,2024,32.5
1730401,Farg‘ona shahri,Город Фергана,Fergana city,Фарғона шаҳри,2024,2024,5.4
1730405,Qo‘qon shahri,Город Коканд,Kokand city,Қўқон шаҳри,2024,2024,5.7
1730408,Quvasoy shahri,Город Кувасай,Kuvasay city,Қувасой шаҳри,2024,2024,0.8
1730412,Marg‘ilon shahri,Город Маpгилан,Margilan city,Марғилон шаҳри,2024,2024,2.1
1730203,Oltiariq tumani,Алтыарыкский район,Altyaryk district,Олтиариқ тумани,2024,2024,2.0
1730206,Qo‘shtepa tumani,Куштепинский район,Kushtepa district,Қўштепа тумани,2024,2024,0.8
1730209,Bog‘dod tumani,Багдадский район,Baghdad district,Боғдод тумани,2024,2024,2.8
1730212,Buvayda tumani,Бувайдинский район,Buvayda district,Бувайда тумани,2024,2024,1.8
1730215,Beshariq tumani,Бешарыкский район,Besharik district,Бешариқ тумани,2024,2024,2.2
1730218,Quva tumani,Кувинский район,Kuva district,Қува тумани,2024,2024,1.9
1730221,Uchko‘prik tumani,Учкуприкский район,Uchkuprik district,Учкўприк тумани,2024,2024,1.0
1730224,Rishton tumani,Риштанский район,Rishtan district,Риштон тумани,2024,2024,0.7
1730226,So‘x tumani,Сохский район,Sokh district,Сўх тумани,2024,2024,0.8
1730227,Toshloq tumani,Ташлакский район,Tashlak district,Тошлоқ тумани,2024,2024,1.0
1730230,O‘zbekiston tumani,Узбекистанский район,Uzbekistan district,Ўзбекистон тумани,2024,2024,1.2
1730233,Farg‘ona tumani,Ферганский район,Fergana district,Фарғона тумани,2024,2024,0.7
1730236,Dang‘ara tumani,Дангаринский район,Dangara district,Данғара тумани,2024,2024,0.0
1730238,Furqat tumani,Фуркатский район,Furkat district,Фурқат тумани,2024,2024,0.3
1730242,Yozyovon tumani,Язъяванский район,Yazyavan district,Ёзёвон тумани,2024,2024,1.3
1733,Xorazm viloyati,Хорезмская область,Khorezm region,Хоразм вилояти,2024,2024,13.3
1733401,Urganch shahri,Город Ургенч,Urgench city,Урганч шаҳри,2024,2024,0.7
1733406,Xiva shahri,Город Хива,Khiva city,Хива шаҳри,2024,2024,0.3
1733204,Bog‘ot tumani,Багатский район,Bagat district,Боғот тумани,2024,2024,1.9
1733208,Gurlan tumani,Гурленский район,Gurlan district,Гурлан тумани,2024,2024,0.2
1733212,Qo‘shko‘pir tumani,Кошкупырский район,Kushkupyr district,Қўшкўпир тумани,2024,2024,1.1
1733217,Urganch tumani,Ургенчский район,Urgench district,Урганч тумани,2024,2024,1.9
1733220,Xazorasp tumani,Хазараспский район,Khazarasp district,Хазорасп тумани,2024,2024,1.1
1733221,Tuproqqal’a tumani,Тупроккалинский район,Tuprakkala district,Тупроққалъа тумани,2024,2024,0.4
1733223,Xonqa tumani,Ханкинский район,Khanka district,Хонқа тумани,2024,2024,1.8
1733226,Xiva tumani,Хивинский район,Khiva district,Хива тумани,2024,2024,1.1
1733230,Shovot tumani,Шаватский район,Shavat district,Шовот тумани,2024,2024,1.9
1733233,Yangiariq tumani,Янгиарыкский район,Yangiaryk district,Янгиариқ тумани,2024,2024,0.5
1733236,Yangibozor tumani,Янгибазарский район,Yangibazar district,Янгибозор тумани,2024,2024,0.4
1726,Toshkent shahri,город Ташкент,Tashkent city,Тошкент шаҳри,2024,2024,22.6
1726262,Uchtepa tumani,Учтепинский район,Uchtepa district,Учтепа тумани,2024,2024,0.4
1726264,Bektemir tumani,Бектемирский район,Bektemir district,Бектемир тумани,2024,2024,0.6
1726266,Yunusobod tumani,Юнусабадский район,Yunusabad district,Юнусобод тумани,2024,2024,1.1
1726269,Mirzo Ulug‘bek tumani,Мирзо Улугбекский район,Mirzo Ulugbek district,Мирзо Улуғбек тумани,2024,2024,2.9
1726273,Mirobod tumani,Мирабадский район,Mirabad district,Миробод тумани,2024,2024,0.0
1726277,Shayxontoxur tumani,Шайхантахурский район,Shaykhantakhur district,Шайхонтохур тумани,2024,2024,3.9
1726280,Olmazor tumani,Алмазарский район,Almazar district,Олмазор тумани,2024,2024,0.7
1726283,Sirg‘ali tumani,Сергелийский район,Sergeli district,Сирғали тумани,2024,2024,4.1
1726287,Yakkasaroy tumani,Яккасарайский район,Yakkasaray district,Яккасарой тумани,2024,2024,2.1
1726290,Yashnobod tumani,Яшнободский район,Yashnabad district,Яшнобод тумани,2024,2024,5.5
1726292,Yangihayot tumani,Янгихаётский район,Yangikhayot district,Янгиҳаёт тумани,2024,2024,0.0
1726294,Chilonzor tumani,Чиланзарский район,Chilanzar district,Чилонзор тумани,2024,2024,1.3
1700,O‘zbekiston Respublikasi,Республика Узбекистан,Republic of Uzbekistan,Ўзбекистон Республикаси,2025,2025,85.0
1735,Qoraqalpog‘iston Respublikasi,Республика Каракалпакстан,Republic of Karakalpakstan,Қорақалпоғистон Республикаси,2025,2025,7.0
1735401,Nukus shahri,Город Нукус,Nukus city,Нукус шаҳри,2025,2025,0.6
1735204,Amudaryo tumani,Амударьинский район,Amudarya district,Aмударё тумани,2025,2025,0.5
1735207,Beruniy tumani,Берунийский район,Beruniy district,Беруний тумани,2025,2025,0.5
1735209,Bo‘zatov tumani,Бозатауский район,Bozatau district,Бўзатов тумани,2025,2025,0.1
1735211,Qorao‘zak tumani,Караузякский район,Karauzak district,Қораўзак тумани,2025,2025,0.4
1735212,Kegeyli tumani,Кегейлийский район,Kegeyli district,Кегейли тумани,2025,2025,1.1
1735215,Qo‘ng‘irot tumani,Кунградский район,Kungrad district,Қўнғирот тумани,2025,2025,0.8
1735218,Qanliko‘l tumani,Канлыкульский район,Kanlykul district,Қанликўл тумани,2025,2025,0.0
1735222,Mo‘ynoq tumani,Муйнакский район,Muynak district,Мўйноқ тумани,2025,2025,0.1
1735225,Nukus tumani,Нукусский район,Nukus district,Нукус тумани,2025,2025,0.3
1735228,Taxiatosh tumani,Тахиаташский район,Takhiatash district,Тахиатош тумани,2025,2025,0.4
1735230,Taxtako‘pir tumani,Тахтакупырский район,Takhtakupyr district,Тахтакўпир тумани,2025,2025,0.0
1735233,To‘rtko‘l tumani,Турткульский район,Turtkul district,Тўрткўл тумани,2025,2025,0.7
1735236,Xo‘jayli tumani,Ходжейлийский район,Khojeyli district,Хўжайли тумани,2025,2025,0.0
1735240,Chimboy tumani,Чимбайский район,Chimbay district,Чимбой тумани,2025,2025,0.6
1735243,Shumanay tumani,Шуманайский район,Shumanai district,Шуманай тумани,2025,2025,0.2
1735250,Ellikkala tumani,Элликкалинский район,Ellikkala district,Елликкала тумани,2025,2025,0.7
1703,Andijon viloyati,Андижанская область,Andijan region,Aндижон вилояти,2025,2025,8.0
1703401,Andijon shahri,Город Андижан,Andijan city,Aндижон шаҳри,2025,2025,0.7
1703408,Xonobod shahri,Город Ханабад,Khanabadcity,Хонобод шаҳри,2025,2025,0.0
1703202,Oltinko‘l tumani,Алтынкульский район,Altynkul district,Олтинкўл тумани,2025,2025,0.0
1703203,Andijon tumani,Андижанский район,Andijan district,Aндижон тумани,2025,2025,0.0
1703206,Baliqchi tumani,Балыкчинский район,Balykchi district,Балиқчи тумани,2025,2025,0.0
1703209,Bo‘ston tumani,Бустонский район,Bustan district,Бўстон тумани,2025,2025,0.0
1703210,Buloqboshi tumani,Булакбашинский район,Bulakbashi district,Булоқбоши тумани,2025,2025,1.1
1703211,Jalaquduq tumani,Жалакудукский район,Jalаquduk district,Жалақудуқ тумани,2025,2025,2.1
1703214,Izboskan tumani,Избасканский район,Izbaskan district,Избоскан тумани,2025,2025,0.0
1703217,Ulug‘nor tumani,Улугноpский район,Ulugnor district,Улуғнор тумани,2025,2025,0.0
1703220,Qo‘rg‘ontepa tumani,Кургантепинский район,Kurgantepa district,Қўрғонтепа тумани,2025,2025,0.8
1703224,Asaka tumani,Асакинский район,Asaka district,Aсака тумани,2025,2025,1.6
1703227,Marxamat tumani,Мархаматский район,Markhamat district,Мархамат тумани,2025,2025,0.7
1703230,Shaxrixon tumani,Шахриханский район,Shakhrikhan district,Шахрихон тумани,2025,2025,0.9
1703232,Paxtaobod tumani,Пахтаабадский район,Pakhtaabad district,Пахтаобод тумани,2025,2025,0.1
1703236,Xo‘jaobod tumani,Ходжаабадский район,Khojaabad district,Хўжаобод тумани,2025,2025,0.0
1706,Buxoro viloyati,Бухарская область,Bukhara region,Бухоро вилояти,2025,2025,9.2
1706401,Buxoro shahri,Город Бухара,Bukhara city,Бухоро шаҳри,2025,2025,1.0
1706403,Kogon shahri,Город Каган,Kagan city,Когон шаҳри,2025,2025,0.1
1706204,Olot tumani,Алатский район,Alat district,Олот тумани,2025,2025,0.4
1706207,Buxoro tumani,Бухарский район,Bukhara district,Бухоро тумани,2025,2025,0.0
1706212,Vobkent tumani,Вабкентский район,Vobkent district,Вобкент тумани,2025,2025,0.9
1706215,G‘ijduvon tumani,Гиждуванский район,Gijduvan district,Ғиждувон тумани,2025,2025,1.8
1706219,Kogon tumani,Каганский район,Kagan district,Когон тумани,2025,2025,0.9
1706230,Qorako‘l tumani,Каракульский район,Karakul district,Қоракўл тумани,2025,2025,0.9
1706232,Qorovulbozor tumani,Караулбазарский район,Qorovulbozor district,Қоровулбозор тумани,2025,2025,0.0
1706240,Peshku tumani,Пешкунский район,Peshkun district,Пешку тумани,2025,2025,0.6
1706242,Romitan tumani,Ромитанский район,Romitan district,Ромитан тумани,2025,2025,0.9
1706246,Jondor tumani,Жондоpский район,Jondor district,Жондор тумани,2025,2025,1.4
1706258,Shofirkon tumani,Шафирканский район,Shafirkan district,Шофиркон тумани,2025,2025,0.3
1708,Jizzax viloyati,Джизакская область,Jizzakh region,Жиззах вилояти,2025,2025,6.4
1708401,Jizzax shahri,Город Джизак,Jizzakh city,Жиззах шаҳри,2025,2025,0.0
1708201,Arnasoy tumani,Арнасайский район,Arnasay district,Aрнасой тумани,2025,2025,0.0
1708204,Baxmal tumani,Бахмальский район,Bakhmal district,Бахмал тумани,2025,2025,0.8
1708209,G‘allaorol tumani,Галляаральский район,Gallaaral district,Ғаллаорол тумани,2025,2025,0.5
1708212,Sharof Rashidov tumani,Шароф-Рашидовский район,Sharof Rashidov district,Шароф Рашидов тумани,2025,2025,2.8
1708215,Do‘stlik tumani,Дустликский район,Dustlik district,Дўстлик тумани,2025,2025,0.0
1708218,Zomin tumani,Зааминский район,Zomin district,Зомин тумани,2025,2025,0.6
1708220,Zarbdor tumani,Зарбдарский район,Zarbdar district,Зарбдор тумани,2025,2025,0.3
1708223,Mirzacho‘l tumani,Мирзачульский район,Mirzachul district,Мирзачўл тумани,2025,2025,0.3
1708225,Zafarobod tumani,Зафарабадский район,Zafarabad district,Зафаробод тумани,2025,2025,0.3
1708228,Paxtakor tumani,Пахтакорский район,Pakhtakor district,Пахтакор тумани,2025,2025,0.5
1708235,Forish tumani,Фаришский район,Farish district,Фориш тумани,2025,2025,0.1
1708237,Yangiobod tumani,Янгиободский район,Yangiabad district,Янгиобод тумани,2025,2025,0.0
1710,Qashqadaryo viloyati,Кашкадарьинская область,Kashkadarya region,Қашқадарё вилояти,2025,2025,3.6
1710401,Qarshi shahri,Город Карши,Karshi city,Қарши шаҳри,2025,2025,0.0
1710405,Shahrisabz shahri,Город Шахрисабз,Shakhrisabz city,Шаҳрисабз шаҳри,2025,2025,0.8
1710240,Ko‘kdala tumani,Кукдалинский район,Kukdala district,Кўкдала тумани,2025,2025,0.5
1710207,G‘uzor tumani,Гузарский район,Gissar district,Ғузор тумани,2025,2025,0.0
1710212,Dehqonobod tumani,Дехканабадский район,Dehkanabad district,Деҳқонобод тумани,2025,2025,0.6
1710220,Qamashi tumani,Камашинский район,Kamashi district,Қамаши тумани,2025,2025,0.0
1710224,Qarshi tumani,Каршинский район,Karshi district,Қарши тумани,2025,2025,0.0
1710229,Koson tumani,Касанский район,Kasan district,Косон тумани,2025,2025,0.0
1710232,Kitob tumani,Китабский район,Kitab district,Китоб тумани,2025,2025,0.2
1710233,Mirishkor tumani,Миришкорский район,Mirishkor district,Миришкор тумани,2025,2025,0.0
1710234,Muborak tumani,Мубарекский район,Mubarek district,Муборак тумани,2025,2025,0.0
1710235,Nishon tumani,Нишанский район,Nishon district,Нишон тумани,2025,2025,0.0
1710237,Kasbi tumani,Касбинский район,Kasbi district,Касби тумани,2025,2025,0.3
1710242,Chiroqchi tumani,Чиракчинский район,Chirakchi district,Чироқчи тумани,2025,2025,0.3
1710245,Shahrisabz tumani,Шахрисабзский район,Shakhrisabz district,Шаҳрисабз тумани,2025,2025,0.2
1710250,Yakkabog‘ tumani,Яккабагский район,Yakkabag district,Яккабоғ тумани,2025,2025,0.7
1712,Navoiy viloyati,Навоийская область,Navoi region,Навоий вилояти,2025,2025,1.8
1712401,Navoiy shahri,Город Навои,Navoi city,Навоий шаҳри,2025,2025,0.0
1712408,Zarafshon shahri,Город Заpафшан,Zarafshan city,Зарафшон шаҳри,2025,2025,0.0
1712412,G‘ozg‘on shahri,Город Газган,Gazgan city,Ғозғон шаҳри,2025,2025,0.0
1712211,Konimex tumani,Канимехский район,Kanimekh district,Конимех тумани,2025,2025,0.1
1712216,Qiziltepa tumani,Кызылтепинский район,Kyzyltepa district,Қизилтепа тумани,2025,2025,0.6
1712230,Navbahor tumani,Навбахорский район,Navbahor district,Навбаҳор тумани,2025,2025,0.3
1712234,Karmana tumani,Карманинский район,Karmana district,Кармана тумани,2025,2025,0.0
1712238,Nurota tumani,Нуратинский район,Nurota district,Нурота тумани,2025,2025,0.1
1712244,Tomdi tumani,Тамдынский район,Tomdy district,Томди тумани,2025,2025,0.1
1712248,Uchquduq tumani,Учкудукский район,Uchkuduk district,Учқудуқ тумани,2025,2025,0.0
1712251,Xatirchi tumani,Хатырчинский район,Khatyrchi district,Хатирчи тумани,2025,2025,0.6
1714,Namangan viloyati,Наманганская область,Namangan region,Наманган вилояти,2025,2025,6.3
1714401,Namangan shahri,Город Наманган,Namangan city,Наманган шаҳри,2025,2025,2.2
1714204,Mingbuloq tumani,Мингбулакский район,Mingbulak district,Мингбулоқ тумани,2025,2025,0.3
1714207,Kosonsoy tumani,Касансайский район,Kasansay district,Косонсой тумани,2025,2025,0.3
1714212,Namangan tumani,Наманганский район,Namangan district,Наманган тумани,2025,2025,0.0
1714216,Norin tumani,Нарынский район,Naryn district,Норин тумани,2025,2025,0.0
1714219,Pop tumani,Папский район,Pop district,Поп тумани,2025,2025,0.9
1714224,To‘raqo‘rg‘on tumani,Туракурганский район,Turakurgan district,Тўрақўрғон тумани,2025,2025,1.6
1714229,Uychi tumani,Уйчинский район,Uychi district,Уйчи тумани,2025,2025,0.7
1714234,Uchqo‘rg‘on tumani,Учкурганский район,Uchkurgan district,Учқўрғон тумани,2025,2025,0.0
1714236,Chortoq tumani,Чартакский район,Chartak district,Чортоқ тумани,2025,2025,0.0
1714237,Chust tumani,Чустский район,Chust district,Чуст тумани,2025,2025,0.0
1714242,Yangiqo‘rg‘on tumani,Янгикурганский район,Yangikurgan district,Янгиқўрғон тумани,2025,2025,0.4
1718,Samarqand viloyati,Самаркандская область,Samarkand region,Самарқанд вилояти,2025,2025,10.4
1718401,Samarqand shahri,Город Самарканд,Samarkand city,Самарқанд шаҳри,2025,2025,0.3
1718406,Kattaqo'rg'on shahar,Город Каттакурган,Kattaqo'rg'on city,Каттақўрғон шаҳар,2025,2025,0.0
1718203,Oqdaryo tumani,Акдарьинский район,Akdarya district,Оқдарё тумани,2025,2025,0.4
1718206,Bulung‘ur tumani,Булунгурский район,Bulungur district,Булунғур тумани,2025,2025,0.6
1718209,Jomboy tumani,Джамбайский район,Jomboy district,Жомбой тумани,2025,2025,0.4
1718212,Ishtixon tumani,Иштыханский район,Ishtykhan district,Иштихон тумани,2025,2025,0.7
1718215,Kattaqo‘rg‘on tumani,Каттакурганский район,Kattakurgan district,Каттақўрғон тумани,2025,2025,0.1
1718216,Qo‘shrabot tumani,Кошрабадский район,Koshrabad district,Қўшработ тумани,2025,2025,0.2
1718218,Narpay tumani,Нарпайский район,Narpai district,Нарпай тумани,2025,2025,1.4
1718224,Payariq tumani,Пайарыкский район,Payaryk district,Паяриқ тумани,2025,2025,0.3
1718227,Pastdarg‘om tumani,Пастдаргомский район,Pastdargom district,Пастдарғом тумани,2025,2025,2.4
1718230,Paxtachi tumani,Пахтачийский район,Pakhtachi district,Пахтачи тумани,2025,2025,0.2
1718233,Samarqand tumani,Самаркандский район,Samarkand district,Самарқанд тумани,2025,2025,1.0
1718235,Nurobod tumani,Нурабадский район,Nurabad district,Нуробод тумани,2025,2025,0.3
1718236,Urgut tumani,Ургутский район,Urgut district,Ургут тумани,2025,2025,0.9
1718238,Tayloq tumani,Тайлякский район,Tailak district,Тайлоқ тумани,2025,2025,1.2
1722,Surxondaryo viloyati,Сурхандарьинская область,Surkhandarya region,Сурхондарё вилояти,2025,2025,8.4
1722401,Termiz shahri,Город Термез,Termiz city,Термиз шаҳри,2025,2025,0.0
1722201,Oltinsoy tumani,Алтынсайский район,Altynsay district,Олтинсой тумани,2025,2025,0.1
1722202,Angor tumani,Ангорский район,Angor district,Aнгор тумани,2025,2025,1.8
1722203,Bandixon tumani,Бандихонский район,Bandykhan district,Бандихон тумани,2025,2025,0.3
1722204,Boysun tumani,Байсунский район,Baysun district,Бойсун тумани,2025,2025,1.4
1722207,Muzrabot tumani,Музрабадский район,Muzrabad district,Музработ тумани,2025,2025,0.0
1722210,Denov tumani,Денауский район,Denau district,Денов тумани,2025,2025,0.0
1722212,Jarqo‘rg‘on tumani,Джаркурганский район,Jarkurgan district,Жарқўрғон тумани,2025,2025,0.7
1722214,Qumqo‘rg‘on tumani,Кумкурганский район,Kumkurgan district,Қумқўрғон тумани,2025,2025,1.9
1722215,Qiziriq tumani,Кизирикский район,Kizirik district,Қизириқ тумани,2025,2025,0.2
1722217,Sariosiyo tumani,Сариасийский район,Sariosia district,Сариосиё тумани,2025,2025,0.0
1722220,Termiz tumani,Термезский район,Termiz district,Термиз тумани,2025,2025,0.0
1722221,Uzun tumani,Узунский район,Uzun district,Узун тумани,2025,2025,0.3
1722223,Sherobod tumani,Шерабадский район,Sherabad district,Шеробод тумани,2025,2025,0.9
1722226,Sho‘rchi tumani,Шурчинский район,Shurchi district,Шўрчи тумани,2025,2025,0.8
1724,Sirdaryo viloyati,Сырдарьинская область,Syrdarya region,Сирдарё вилояти,2025,2025,4.4
1724401,Guliston shahri,Город Гулистан,Gulistan city,Гулистон шаҳри,2025,2025,0.0
1724410,Shirin shahri,Город Ширин,Shirin city,Ширин шаҳри,2025,2025,0.0
1724413,Yangiyer shahri,Город Янгиер,Yangier city,Янгийер шаҳри,2025,2025,0.0
1724206,Oqoltin tumani,Акалтынский район,Akaltyn district,Оқолтин тумани,2025,2025,0.0
1724212,Boyovut tumani,Баяутский район,Bayaut district,Боёвут тумани,2025,2025,0.0
1724216,Sayxunobod tumani,Сайхунабадский район,Saykhunabad district,Сайхунобод тумани,2025,2025,1.1
1724220,Guliston tumani,Гулистанский район,Gulistan district,Гулистон тумани,2025,2025,0.3
1724226,Sardoba tumani,Сардобский район,Sardoba district,Сардоба тумани,2025,2025,0.3
1724228,Mirzaobod tumani,Мирзаабадский район,Mirzaabad district,Мирзаобод тумани,2025,2025,0.0
1724231,Sirdaryo tumani,Сырдарьинский район,Syrdarya district,Сирдарё тумани,2025,2025,2.1
1724235,Xovos tumani,Хавасский район,Khovos district,Ховос тумани,2025,2025,0.6
1727,Toshkent viloyati,Ташкентская область,Tashkent region,Тошкент вилояти,2025,2025,0.3
1727401,Nurafshon shahri,Город Нурафшон,Nurafshan city,Нурафшон шаҳри,2025,2025,0.0
1727404,Olmaliq shahri,Город Алмалык,Almalyk city,Олмалиқ шаҳри,2025,2025,0.0
1727407,Angren shahri,Город Ангрен,Angren city,Aнгрен шаҳри,2025,2025,0.0
1727413,Bekobod shahri,Город Бекабад,Bekabad city,Бекобод шаҳри,2025,2025,0.0
1727419,Chirchiq shahri,Город Чиpчик,Chirchik city,Чирчиқ шаҳри,2025,2025,0.0
1727415,Ohangaron shahri,Город Ахангаран,Akhangaran city,Оҳангарон шаҳри,2025,2025,0.0
1727424,Yangiyo‘lshahri,Город Янгиюль,Yangiyul city,Янгийўлшаҳри,2025,2025,0.0
1727206,Oqqo‘rg‘on tumani,Аккурганский район,Akkurgan district,Оққўрғон тумани,2025,2025,0.0
1727212,Ohangaron tumani,Ахангаранский район,Akhangaran district,Оҳангарон тумани,2025,2025,0.3
1727220,Bekobod tumani,Бекабадский район,Bekabad district,Бекобод тумани,2025,2025,0.0
1727224,Bo‘stonliq tumani,Бостанлыкский район,Bostanlyk district,Бўстонлиқ тумани,2025,2025,0.0
1727228,Bo‘ka tumani,Букинский район,Buka district,Бўка тумани,2025,2025,0.0
1727233,Quyichirchiq tumani,Куйичирчикский район,Kuyichirchik district,Қуйичирчиқ тумани,2025,2025,0.0
1727237,Zangiota tumani,Зангиатинский район,Zangiata district,Зангиота тумани,2025,2025,0.0
1727239,Yuqorichirchiq tumani,Юкоричирчикский район,Yukorichirchik district,Юқоричирчиқ тумани,2025,2025,0.0
1727248,Qibray tumani,Кибрайский район,Kibray district,Қибрай тумани,2025,2025,0.0
1727249,Parkent tumani,Паркентский район,Parkent district,Паркент тумани,2025,2025,0.0
1727250,Piskent tumani,Пскентский район,Piskent district,Пискент тумани,2025,2025,0.0
1727253,O‘rtachirchiq tumani,Уртачирчикский район,Urtachirchik district,Ўртачирчиқ тумани,2025,2025,0.0
1727256,Chinoz tumani,Чиназский район,Chinaz district,Чиноз тумани,2025,2025,0.0
1727259,Yangiyo‘l tumani,Янгиюльский район,Yangiyul district,Янгийўл тумани,2025,2025,0.0
1727265,Toshkent tumani,Ташкентский район,Tashkent district,Тошкент тумани,2025,2025,0.0
1730,Farg‘ona viloyati,Ферганская область,Fergana region,Фарғона вилояти,2025,2025,0.0
1730401,Farg‘ona shahri,Город Фергана,Fergana city,Фарғона шаҳри,2025,2025,0.0
1730405,Qo‘qon shahri,Город Коканд,Kokand city,Қўқон шаҳри,2025,2025,0.0
1730408,Quvasoy shahri,Город Кувасай,Kuvasay city,Қувасой шаҳри,2025,2025,0.0
1730412,Marg‘ilon shahri,Город Маpгилан,Margilan city,Марғилон шаҳри,2025,2025,0.0
1730203,Oltiariq tumani,Алтыарыкский район,Altyaryk district,Олтиариқ тумани,2025,2025,0.0
1730206,Qo‘shtepa tumani,Куштепинский район,Kushtepa district,Қўштепа тумани,2025,2025,0.0
1730209,Bog‘dod tumani,Багдадский район,Baghdad district,Боғдод тумани,2025,2025,0.0
1730212,Buvayda tumani,Бувайдинский район,Buvayda district,Бувайда тумани,2025,2025,0.0
1730215,Beshariq tumani,Бешарыкский район,Besharik district,Бешариқ тумани,2025,2025,0.0
1730218,Quva tumani,Кувинский район,Kuva district,Қува тумани,2025,2025,0.0
1730221,Uchko‘prik tumani,Учкуприкский район,Uchkuprik district,Учкўприк тумани,2025,2025,0.0
1730224,Rishton tumani,Риштанский район,Rishtan district,Риштон тумани,2025,2025,0.0
1730226,So‘x tumani,Сохский район,Sokh district,Сўх тумани,2025,2025,0.0
1730227,Toshloq tumani,Ташлакский район,Tashlak district,Тошлоқ тумани,2025,2025,0.0
1730230,O‘zbekiston tumani,Узбекистанский район,Uzbekistan district,Ўзбекистон тумани,2025,2025,0.0
1730233,Farg‘ona tumani,Ферганский район,Fergana district,Фарғона тумани,2025,2025,0.0
1730236,Dang‘ara tumani,Дангаринский район,Dangara district,Данғара тумани,2025,2025,0.0
1730238,Furqat tumani,Фуркатский район,Furkat district,Фурқат тумани,2025,2025,0.0
1730242,Yozyovon tumani,Язъяванский район,Yazyavan district,Ёзёвон тумани,2025,2025,0.0
1733,Xorazm viloyati,Хорезмская область,Khorezm region,Хоразм вилояти,2025,2025,8.4
1733401,Urganch shahri,Город Ургенч,Urgench city,Урганч шаҳри,2025,2025,3.3
1733406,Xiva shahri,Город Хива,Khiva city,Хива шаҳри,2025,2025,0.7
1733204,Bog‘ot tumani,Багатский район,Bagat district,Боғот тумани,2025,2025,0.0
1733208,Gurlan tumani,Гурленский район,Gurlan district,Гурлан тумани,2025,2025,0.0
1733212,Qo‘shko‘pir tumani,Кошкупырский район,Kushkupyr district,Қўшкўпир тумани,2025,2025,0.0
1733217,Urganch tumani,Ургенчский район,Urgench district,Урганч тумани,2025,2025,0.7
1733220,Xazorasp tumani,Хазараспский район,Khazarasp district,Хазорасп тумани,2025,2025,1.0
1733221,Tuproqqal’a tumani,Тупроккалинский район,Tuprakkala district,Тупроққалъа тумани,2025,2025,0.0
1733223,Xonqa tumani,Ханкинский район,Khanka district,Хонқа тумани,2025,2025,0.0
1733226,Xiva tumani,Хивинский район,Khiva district,Хива тумани,2025,2025,1.1
1733230,Shovot tumani,Шаватский район,Shavat district,Шовот тумани,2025,2025,1.2
1733233,Yangiariq tumani,Янгиарыкский район,Yangiaryk district,Янгиариқ тумани,2025,2025,0.4
1733236,Yangibozor tumani,Янгибазарский район,Yangibazar district,Янгибозор тумани,2025,2025,0.0
1726,Toshkent shahri,город Ташкент,Tashkent city,Тошкент шаҳри,2025,2025,10.9
1726262,Uchtepa tumani,Учтепинский район,Uchtepa district,Учтепа тумани,2025,2025,0.7
1726264,Bektemir tumani,Бектемирский район,Bektemir district,Бектемир тумани,2025,2025,3.2
1726266,Yunusobod tumani,Юнусабадский район,Yunusabad district,Юнусобод тумани,2025,2025,0.0
1726269,Mirzo Ulug‘bek tumani,Мирзо Улугбекский район,Mirzo Ulugbek district,Мирзо Улуғбек тумани,2025,2025,0.0
1726273,Mirobod tumani,Мирабадский район,Mirabad district,Миробод тумани,2025,2025,0.0
1726277,Shayxontoxur tumani,Шайхантахурский район,Shaykhantakhur district,Шайхонтохур тумани,2025,2025,1.9
1726280,Olmazor tumani,Алмазарский район,Almazar district,Олмазор тумани,2025,2025,2.0
1726283,Sirg‘ali tumani,Сергелийский район,Sergeli district,Сирғали тумани,2025,2025,1.4
1726287,Yakkasaroy tumani,Яккасарайский район,Yakkasaray district,Яккасарой тумани,2025,2025,0.0
1726290,Yashnobod tumani,Яшнободский район,Yashnabad district,Яшнобод тумани,2025,2025,1.7
1726292,Yangihayot tumani,Янгихаётский район,Yangikhayot district,Янгиҳаёт тумани,2025,2025,0.0
1726294,Chilonzor tumani,Чиланзарский район,Chilanzar district,Чилонзор тумани,2025,2025,0.0
