code,name_uz,name_ru,name_en,name_uz_cyrillic,period,frequency,year,value
1,Yig‘ma indeks,Сводный индекс,Cumulative index,Йиғма индекс,2021-01,monthly,2021,101.0
1.02,Oziq-ovqat mahsulotlari,Продукты питания,Food products,Озиқ-овқат маҳсулотлари,2021-01,monthly,2021,101.24
1.03,Nooziq-ovqat mahsulotlari,Непродовольственные товары,Non-food products,Ноозиқ-овқат маҳсулотлари,2021-01,monthly,2021,100.46
1.04,Xizmatlar,Услуги,Services,Хизматлар,2021-01,monthly,2021,101.39
01,Oziq-ovqat mahsulotlari va spirtsiz ichimliklar,Продукты питания и безалкогольные напитки,Food and non-alcoholic drinks,Озиқ-овқат маҳсулотлари ва спиртсиз ичимликлар,2021-01,monthly,2021,101.27
02,"Spirtli ichimliklar, tamaki mahsulotlari","Алкогольные напитки, табачные изделия","Alcoholic drinks, tobacco products","Спиртли ичимликлар, тамаки маҳсулотлари",2021-01,monthly,2021,100.6
03,Kiyim va poyafzal,Одежда и обувь,Clothes and footwear,Кийим ва пояфзал,2021-01,monthly,2021,100.44
04,"Turar joy xizmatlari, suv, elektr, gaz va boshqa yonilg'i turlari","Жилищные услуги, вода, электричество, газ и другие виды топлива","Housing services, water, electricity, gas and other fuels","Турар жой хизматлари, сув, електр, газ ва бошқа ёнилғи турлари",2021-01,monthly,2021,102.27
05,"Uy-ro'zg'or asboblari, maishiy texnika va turar joylarga kundalik xizmat ko'rsatish","Предметы домащнего обихода, бытовая техника и текущее обслуживание жилья","Household items, appliances and routine home maintenance","Уй-рўзғор асбоблари, маиший техника ва турар жойларга кундалик хизмат кўрсатиш",2021-01,monthly,2021,100.46
06,Sog'liqni saqlash,Здравоохранение,Health care,Соғлиқни сақлаш,2021-01,monthly,2021,100.78
07,Transport,Транспорт,Transport,Транспорт,2021-01,monthly,2021,100.5
08,Axborot va aloqa,Информация и связь,Information and communication,Aхборот ва алоқа,2021-01,monthly,2021,100.14
09,"Dam olish, sport va madaniyat","Отдых, Спорт и культура","Recreation, sports and culture","Дам олиш, спорт ва маданият",2021-01,monthly,2021,100.51
10,Ta'lim sohasidagi xizmatlar,Услуги в области образования,Services in the field of education,Таълим соҳасидаги хизматлар,2021-01,monthly,2021,100.11
11,Restoranlar va mehmonxonalar xizmatlari,Рестораны и гостиничное обслуживание,Restaurants and hotel services,Ресторанлар ва меҳмонхоналар хизматлари,2021-01,monthly,2021,101.52
12,Sug'urtalash va moliyaviy xizmatlar,Страхование и финансовые услуги,Insurance and financial services,Суғурталаш ва молиявий хизматлар,2021-01,monthly,2021,100.01
13,"Maishiy tovarlar va xizmatlar, ijtimoiy himoya va turli tovarlar va xizmatlar","Бытовые товары и услуги, социальная защита и разные товары и услуги","Household goods and services, social protection and miscellaneous goods and services","Маиший товарлар ва хизматлар, ижтимоий ҳимоя ва турли товарлар ва хизматлар",2021-01,monthly,2021,100.63
1,Yig‘ma indeks,Сводный индекс,Cumulative index,Йиғма индекс,2021-02,monthly,2021,100.64
1.02,Oziq-ovqat mahsulotlari,Продукты питания,Food products,Озиқ-овқат маҳсулотлари,2021-02,monthly,2021,100.57
1.03,Nooziq-ovqat mahsulotlari,Непродовольственные товары,Non-food products,Ноозиқ-овқат маҳсулотлари,2021-02,monthly,2021,100.59
1.04,Xizmatlar,Услуги,Services,Хизматлар,2021-02,monthly,2021,100.83
01,Oziq-ovqat mahsulotlari va spirtsiz ichimliklar,Продукты питания и безалкогольные напитки,Food and non-alcoholic drinks,Озиқ-овқат маҳсулотлари ва спиртсиз ичимликлар,2021-02,monthly,2021,100.54
02,"Spirtli ichimliklar, tamaki mahsulotlari","Алкогольные напитки, табачные изделия","Alcoholic drinks, tobacco products","Спиртли ичимликлар, тамаки маҳсулотлари",2021-02,monthly,2021,102.03
03,Kiyim va poyafzal,Одежда и обувь,Clothes and footwear,Кийим ва пояфзал,2021-02,monthly,2021,100.26
04,"Turar joy xizmatlari, suv, elektr, gaz va boshqa yonilg'i turlari","Жилищные услуги, вода, электричество, газ и другие виды топлива","Housing services, water, electricity, gas and other fuels","Турар жой хизматлари, сув, електр, газ ва бошқа ёнилғи турлари",2021-02,monthly,2021,100.34
05,"Uy-ro'zg'or asboblari, maishiy texnika va turar joylarga kundalik xizmat ko'rsatish","Предметы домащнего обихода, бытовая техника и текущее обслуживание жилья","Household items, appliances and routine home maintenance","Уй-рўзғор асбоблари, маиший техника ва турар жойларга кундалик хизмат кўрсатиш",2021-02,monthly,2021,100.61
06,Sog'liqni saqlash,Здравоохранение,Health care,Соғлиқни сақлаш,2021-02,monthly,2021,100.97
07,Transport,Транспорт,Transport,Транспорт,2021-02,monthly,2021,101.02
08,Axborot va aloqa,Информация и связь,Information and communication,Aхборот ва алоқа,2021-02,monthly,2021,100.35
09,"Dam olish, sport va madaniyat","Отдых, Спорт и культура","Recreation, sports and culture","Дам олиш, спорт ва маданият",2021-02,monthly,2021,101.25
10,Ta'lim sohasidagi xizmatlar,Услуги в области образования,Services in the field of education,Таълим соҳасидаги хизматлар,2021-02,monthly,2021,100.49
11,Restoranlar va mehmonxonalar xizmatlari,Рестораны и гостиничное обслуживание,Restaurants and hotel services,Ресторанлар ва меҳмонхоналар хизматлари,2021-02,monthly,2021,101.11
12,Sug'urtalash va moliyaviy xizmatlar,Страхование и финансовые услуги,Insurance and financial services,Суғурталаш ва молиявий хизматлар,2021-02,monthly,2021,100.65
13,"Maishiy tovarlar va xizmatlar, ijtimoiy himoya va turli tovarlar va xizmatlar","Бытовые товары и услуги, социальная защита и разные товары и услуги","Household goods and services, social protection and miscellaneous goods and services","Маиший товарлар ва хизматлар, ижтимоий ҳимоя ва турли товарлар ва хизматлар",2021-02,monthly,2021,101.5
1,Yig‘ma indeks,Сводный индекс,Cumulative index,Йиғма индекс,2021-03,monthly,2021,100.84
1.02,Oziq-ovqat mahsulotlari,Продукты питания,Food products,Озиқ-овқат маҳсулотлари,2021-03,monthly,2021,101.22
1.03,Nooziq-ovqat mahsulotlari,Непродовольственные товары,Non-food products,Ноозиқ-овқат маҳсулотлари,2021-03,monthly,2021,100.64
1.04,Xizmatlar,Услуги,Services,Хизматлар,2021-03,monthly,2021,100.43
01,Oziq-ovqat mahsulotlari va spirtsiz ichimliklar,Продукты питания и безалкогольные напитки,Food and non-alcoholic drinks,Озиқ-овқат маҳсулотлари ва спиртсиз ичимликлар,2021-03,monthly,2021,101.24
02,"Spirtli ichimliklar, tamaki mahsulotlari","Алкогольные напитки, табачные изделия","Alcoholic drinks, tobacco products","Спиртли ичимликлар, тамаки маҳсулотлари",2021-03,monthly,2021,100.84
03,Kiyim va poyafzal,Одежда и обувь,Clothes and footwear,Кийим ва пояфзал,2021-03,monthly,2021,100.33
04,"Turar joy xizmatlari, suv, elektr, gaz va boshqa yonilg'i turlari","Жилищные услуги, вода, электричество, газ и другие виды топлива","Housing services, water, electricity, gas and other fuels","Турар жой хизматлари, сув, електр, газ ва бошқа ёнилғи турлари",2021-03,monthly,2021,100.38
05,"Uy-ro'zg'or asboblari, maishiy texnika va turar joylarga kundalik xizmat ko'rsatish","Предметы домащнего обихода, бытовая техника и текущее обслуживание жилья","Household items, appliances and routine home maintenance","Уй-рўзғор асбоблари, маиший техника ва турар жойларга кундалик хизмат кўрсатиш",2021-03,monthly,2021,100.78
06,Sog'liqni saqlash,Здравоохранение,Health care,Соғлиқни сақлаш,2021-03,monthly,2021,100.93
07,Transport,Транспорт,Transport,Транспорт,2021-03,monthly,2021,100.51
08,Axborot va aloqa,Информация и связь,Information and communication,Aхборот ва алоқа,2021-03,monthly,2021,100.36
09,"Dam olish, sport va madaniyat","Отдых, Спорт и культура","Recreation, sports and culture","Дам олиш, спорт ва маданият",2021-03,monthly,2021,100.58
10,Ta'lim sohasidagi xizmatlar,Услуги в области образования,Services in the field of education,Таълим соҳасидаги хизматлар,2021-03,monthly,2021,100.18
11,Restoranlar va mehmonxonalar xizmatlari,Рестораны и гостиничное обслуживание,Restaurants and hotel services,Ресторанлар ва меҳмонхоналар хизматлари,2021-03,monthly,2021,100.82
12,Sug'urtalash va moliyaviy xizmatlar,Страхование и финансовые услуги,Insurance and financial services,Суғурталаш ва молиявий хизматлар,2021-03,monthly,2021,99.98
13,"Maishiy tovarlar va xizmatlar, ijtimoiy himoya va turli tovarlar va xizmatlar","Бытовые товары и услуги, социальная защита и разные товары и услуги","Household goods and services, social protection and miscellaneous goods and services","Маиший товарлар ва хизматлар, ижтимоий ҳимоя ва турли товарлар ва хизматлар",2021-03,monthly,2021,101.14
1,Yig‘ma indeks,Сводный индекс,Cumulative index,Йиғма индекс,2021-04,monthly,2021,101.53
1.02,Oziq-ovqat mahsulotlari,Продукты питания,Food products,Озиқ-овқат маҳсулотлари,2021-04,monthly,2021,103.01
1.03,Nooziq-ovqat mahsulotlari,Непродовольственные товары,Non-food products,Ноозиқ-овқат маҳсулотлари,2021-04,monthly,2021,100.39
1.04,Xizmatlar,Услуги,Services,Хизматлар,2021-04,monthly,2021,100.49
01,Oziq-ovqat mahsulotlari va spirtsiz ichimliklar,Продукты питания и безалкогольные напитки,Food and non-alcoholic drinks,Озиқ-овқат маҳсулотлари ва спиртсиз ичимликлар,2021-04,monthly,2021,103.12
02,"Spirtli ichimliklar, tamaki mahsulotlari","Алкогольные напитки, табачные изделия","Alcoholic drinks, tobacco products","Спиртли ичимликлар, тамаки маҳсулотлари",2021-04,monthly,2021,101.11
03,Kiyim va poyafzal,Одежда и обувь,Clothes and footwear,Кийим ва пояфзал,2021-04,monthly,2021,100.23
04,"Turar joy xizmatlari, suv, elektr, gaz va boshqa yonilg'i turlari","Жилищные услуги, вода, электричество, газ и другие виды топлива","Housing services, water, electricity, gas and other fuels","Турар жой хизматлари, сув, електр, газ ва бошқа ёнилғи турлари",2021-04,monthly,2021,100.18
05,"Uy-ro'zg'or asboblari, maishiy texnika va turar joylarga kundalik xizmat ko'rsatish","Предметы домащнего обихода, бытовая техника и текущее обслуживание жилья","Household items, appliances and routine home maintenance","Уй-рўзғор асбоблари, маиший техника ва турар жойларга кундалик хизмат кўрсатиш",2021-04,monthly,2021,100.54
06,Sog'liqni saqlash,Здравоохранение,Health care,Соғлиқни сақлаш,2021-04,monthly,2021,100.86
07,Transport,Транспорт,Transport,Транспорт,2021-04,monthly,2021,100.65
08,Axborot va aloqa,Информация и связь,Information and communication,Aхборот ва алоқа,2021-04,monthly,2021,100.2
09,"Dam olish, sport va madaniyat","Отдых, Спорт и культура","Recreation, sports and culture","Дам олиш, спорт ва маданият",2021-04,monthly,2021,100.57
10,Ta'lim sohasidagi xizmatlar,Услуги в области образования,Services in the field of education,Таълим соҳасидаги хизматлар,2021-04,monthly,2021,100.17
11,Restoranlar va mehmonxonalar xizmatlari,Рестораны и гостиничное обслуживание,Restaurants and hotel services,Ресторанлар ва меҳмонхоналар хизматлари,2021-04,monthly,2021,101.05
12,Sug'urtalash va moliyaviy xizmatlar,Страхование и финансовые услуги,Insurance and financial services,Суғурталаш ва молиявий хизматлар,2021-04,monthly,2021,99.95
13,"Maishiy tovarlar va xizmatlar, ijtimoiy himoya va turli tovarlar va xizmatlar","Бытовые товары и услуги, социальная защита и разные товары и услуги","Household goods and services, social protection and miscellaneous goods and services","Маиший товарлар ва хизматлар, ижтимоий ҳимоя ва турли товарлар ва хизматлар",2021-04,monthly,2021,100.68
1,Yig‘ma indeks,Сводный индекс,Cumulative index,Йиғма индекс,2021-05,monthly,2021,100.5
1.02,Oziq-ovqat mahsulotlari,Продукты питания,Food products,Озиқ-овқат маҳсулотлари,2021-05,monthly,2021,100.48
1.03,Nooziq-ovqat mahsulotlari,Непродовольственные товары,Non-food products,Ноозиқ-овқат маҳсулотлари,2021-05,monthly,2021,100.39
1.04,Xizmatlar,Услуги,Services,Хизматлар,2021-05,monthly,2021,100.71
01,Oziq-ovqat mahsulotlari va spirtsiz ichimliklar,Продукты питания и безалкогольные напитки,Food and non-alcoholic drinks,Озиқ-овқат маҳсулотлари ва спиртсиз ичимликлар,2021-05,monthly,2021,100.49
02,"Spirtli ichimliklar, tamaki mahsulotlari","Алкогольные напитки, табачные изделия","Alcoholic drinks, tobacco products","Спиртли ичимликлар, тамаки маҳсулотлари",2021-05,monthly,2021,100.32
03,Kiyim va poyafzal,Одежда и обувь,Clothes and footwear,Кийим ва пояфзал,2021-05,monthly,2021,100.24
04,"Turar joy xizmatlari, suv, elektr, gaz va boshqa yonilg'i turlari","Жилищные услуги, вода, электричество, газ и другие виды топлива","Housing services, water, electricity, gas and other fuels","Турар жой хизматлари, сув, електр, газ ва бошқа ёнилғи турлари",2021-05,monthly,2021,100.01
05,"Uy-ro'zg'or asboblari, maishiy texnika va turar joylarga kundalik xizmat ko'rsatish","Предметы домащнего обихода, бытовая техника и текущее обслуживание жилья","Household items, appliances and routine home maintenance","Уй-рўзғор асбоблари, маиший техника ва турар жойларга кундалик хизмат кўрсатиш",2021-05,monthly,2021,100.31
06,Sog'liqni saqlash,Здравоохранение,Health care,Соғлиқни сақлаш,2021-05,monthly,2021,100.59
07,Transport,Транспорт,Transport,Транспорт,2021-05,monthly,2021,101.05
08,Axborot va aloqa,Информация и связь,Information and communication,Aхборот ва алоқа,2021-05,monthly,2021,100.13
09,"Dam olish, sport va madaniyat","Отдых, Спорт и культура","Recreation, sports and culture","Дам олиш, спорт ва маданият",2021-05,monthly,2021,100.2
10,Ta'lim sohasidagi xizmatlar,Услуги в области образования,Services in the field of education,Таълим соҳасидаги хизматлар,2021-05,monthly,2021,103.79
11,Restoranlar va mehmonxonalar xizmatlari,Рестораны и гостиничное обслуживание,Restaurants and hotel services,Ресторанлар ва меҳмонхоналар хизматлари,2021-05,monthly,2021,100.35
12,Sug'urtalash va moliyaviy xizmatlar,Страхование и финансовые услуги,Insurance and financial services,Суғурталаш ва молиявий хизматлар,2021-05,monthly,2021,100.08
13,"Maishiy tovarlar va xizmatlar, ijtimoiy himoya va turli tovarlar va xizmatlar","Бытовые товары и услуги, социальная защита и разные товары и услуги","Household goods and services, social protection and miscellaneous goods and services","Маиший товарлар ва хизматлар, ижтимоий ҳимоя ва турли товарлар ва хизматлар",2021-05,monthly,2021,100.55
1,Yig‘ma indeks,Сводный индекс,Cumulative index,Йиғма индекс,2021-06,monthly,2021,99.81
1.02,Oziq-ovqat mahsulotlari,Продукты питания,Food products,Озиқ-овқат маҳсулотлари,2021-06,monthly,2021,99.05
1.03,Nooziq-ovqat mahsulotlari,Непродовольственные товары,Non-food products,Ноозиқ-овқат маҳсулотлари,2021-06,monthly,2021,100.5
1.04,Xizmatlar,Услуги,Services,Хизматлар,2021-06,monthly,2021,100.23
01,Oziq-ovqat mahsulotlari va spirtsiz ichimliklar,Продукты питания и безалкогольные напитки,Food and non-alcoholic drinks,Озиқ-овқат маҳсулотлари ва спиртсиз ичимликлар,2021-06,monthly,2021,98.98
02,"Spirtli ichimliklar, tamaki mahsulotlari","Алкогольные напитки, табачные изделия","Alcoholic drinks, tobacco products","Спиртли ичимликлар, тамаки маҳсулотлари",2021-06,monthly,2021,100.75
03,Kiyim va poyafzal,Одежда и обувь,Clothes and footwear,Кийим ва пояфзал,2021-06,monthly,2021,100.15
04,"Turar joy xizmatlari, suv, elektr, gaz va boshqa yonilg'i turlari","Жилищные услуги, вода, электричество, газ и другие виды топлива","Housing services, water, electricity, gas and other fuels","Турар жой хизматлари, сув, електр, газ ва бошқа ёнилғи турлари",2021-06,monthly,2021,100.23
05,"Uy-ro'zg'or asboblari, maishiy texnika va turar joylarga kundalik xizmat ko'rsatish","Предметы домащнего обихода, бытовая техника и текущее обслуживание жилья","Household items, appliances and routine home maintenance","Уй-рўзғор асбоблари, маиший техника ва турар жойларга кундалик хизмат кўрсатиш",2021-06,monthly,2021,100.7
06,Sog'liqni saqlash,Здравоохранение,Health care,Соғлиқни сақлаш,2021-06,monthly,2021,100.38
07,Transport,Транспорт,Transport,Транспорт,2021-06,monthly,2021,100.68
08,Axborot va aloqa,Информация и связь,Information and communication,Aхборот ва алоқа,2021-06,monthly,2021,100.28
09,"Dam olish, sport va madaniyat","Отдых, Спорт и культура","Recreation, sports and culture","Дам олиш, спорт ва маданият",2021-06,monthly,2021,100.5
10,Ta'lim sohasidagi xizmatlar,Услуги в области образования,Services in the field of education,Таълим соҳасидаги хизматлар,2021-06,monthly,2021,100.1
11,Restoranlar va mehmonxonalar xizmatlari,Рестораны и гостиничное обслуживание,Restaurants and hotel services,Ресторанлар ва меҳмонхоналар хизматлари,2021-06,monthly,2021,100.39
12,Sug'urtalash va moliyaviy xizmatlar,Страхование и финансовые услуги,Insurance and financial services,Суғурталаш ва молиявий хизматлар,2021-06,monthly,2021,100.08
13,"Maishiy tovarlar va xizmatlar, ijtimoiy himoya va turli tovarlar va xizmatlar","Бытовые товары и услуги, социальная защита и разные товары и услуги","Household goods and services, social protection and miscellaneous goods and services","Маиший товарлар ва хизматлар, ижтимоий ҳимоя ва турли товарлар ва хизматлар",2021-06,monthly,2021,100.47
1,Yig‘ma indeks,Сводный индекс,Cumulative index,Йиғма индекс,2021-07,monthly,2021,99.83
1.02,Oziq-ovqat mahsulotlari,Продукты питания,Food products,Озиқ-овқат маҳсулотлари,2021-07,monthly,2021,99.09
1.03,Nooziq-ovqat mahsulotlari,Непродовольственные товары,Non-food products,Ноозиқ-овқат маҳсулотлари,2021-07,monthly,2021,100.53
1.04,Xizmatlar,Услуги,Services,Хизматлар,2021-07,monthly,2021,100.15
01,Oziq-ovqat mahsulotlari va spirtsiz ichimliklar,Продукты питания и безалкогольные напитки,Food and non-alcoholic drinks,Озиқ-овқат маҳсулотлари ва спиртсиз ичимликлар,2021-07,monthly,2021,99.01
02,"Spirtli ichimliklar, tamaki mahsulotlari","Алкогольные напитки, табачные изделия","Alcoholic drinks, tobacco products","Спиртли ичимликлар, тамаки маҳсулотлари",2021-07,monthly,2021,100.31
03,Kiyim va poyafzal,Одежда и обувь,Clothes and footwear,Кийим ва пояфзал,2021-07,monthly,2021,100.23
04,"Turar joy xizmatlari, suv, elektr, gaz va boshqa yonilg'i turlari","Жилищные услуги, вода, электричество, газ и другие виды топлива","Housing services, water, electricity, gas and other fuels","Турар жой хизматлари, сув, електр, газ ва бошқа ёнилғи турлари",2021-07,monthly,2021,100.12
05,"Uy-ro'zg'or asboblari, maishiy texnika va turar joylarga kundalik xizmat ko'rsatish","Предметы домащнего обихода, бытовая техника и текущее обслуживание жилья","Household items, appliances and routine home maintenance","Уй-рўзғор асбоблари, маиший техника ва турар жойларга кундалик хизмат кўрсатиш",2021-07,monthly,2021,100.64
06,Sog'liqni saqlash,Здравоохранение,Health care,Соғлиқни сақлаш,2021-07,monthly,2021,100.35
07,Transport,Транспорт,Transport,Транспорт,2021-07,monthly,2021,100.83
08,Axborot va aloqa,Информация и связь,Information and communication,Aхборот ва алоқа,2021-07,monthly,2021,100.33
09,"Dam olish, sport va madaniyat","Отдых, Спорт и культура","Recreation, sports and culture","Дам олиш, спорт ва маданият",2021-07,monthly,2021,100.44
10,Ta'lim sohasidagi xizmatlar,Услуги в области образования,Services in the field of education,Таълим соҳасидаги хизматлар,2021-07,monthly,2021,100.08
11,Restoranlar va mehmonxonalar xizmatlari,Рестораны и гостиничное обслуживание,Restaurants and hotel services,Ресторанлар ва меҳмонхоналар хизматлари,2021-07,monthly,2021,100.66
12,Sug'urtalash va moliyaviy xizmatlar,Страхование и финансовые услуги,Insurance and financial services,Суғурталаш ва молиявий хизматлар,2021-07,monthly,2021,99.41
13,"Maishiy tovarlar va xizmatlar, ijtimoiy himoya va turli tovarlar va xizmatlar","Бытовые товары и услуги, социальная защита и разные товары и услуги","Household goods and services, social protection and miscellaneous goods and services","Маиший товарлар ва хизматлар, ижтимоий ҳимоя ва турли товарлар ва хизматлар",2021-07,monthly,2021,100.43
1,Yig‘ma indeks,Сводный индекс,Cumulative index,Йиғма индекс,2021-08,monthly,2021,100.54
1.02,Oziq-ovqat mahsulotlari,Продукты питания,Food products,Озиқ-овқат маҳсулотлари,2021-08,monthly,2021,100.68
1.03,Nooziq-ovqat mahsulotlari,Непродовольственные товары,Non-food products,Ноозиқ-овқат маҳсулотлари,2021-08,monthly,2021,100.6
1.04,Xizmatlar,Услуги,Services,Хизматлар,2021-08,monthly,2021,100.19
01,Oziq-ovqat mahsulotlari va spirtsiz ichimliklar,Продукты питания и безалкогольные напитки,Food and non-alcoholic drinks,Озиқ-овқат маҳсулотлари ва спиртсиз ичимликлар,2021-08,monthly,2021,100.66
02,"Spirtli ichimliklar, tamaki mahsulotlari","Алкогольные напитки, табачные изделия","Alcoholic drinks, tobacco products","Спиртли ичимликлар, тамаки маҳсулотлари",2021-08,monthly,2021,100.4
03,Kiyim va poyafzal,Одежда и обувь,Clothes and footwear,Кийим ва пояфзал,2021-08,monthly,2021,100.26
04,"Turar joy xizmatlari, suv, elektr, gaz va boshqa yonilg'i turlari","Жилищные услуги, вода, электричество, газ и другие виды топлива","Housing services, water, electricity, gas and other fuels","Турар жой хизматлари, сув, електр, газ ва бошқа ёнилғи турлари",2021-08,monthly,2021,100.14
05,"Uy-ro'zg'or asboblari, maishiy texnika va turar joylarga kundalik xizmat ko'rsatish","Предметы домащнего обихода, бытовая техника и текущее обслуживание жилья","Household items, appliances and routine home maintenance","Уй-рўзғор асбоблари, маиший техника ва турар жойларга кундалик хизмат кўрсатиш",2021-08,monthly,2021,100.42
06,Sog'liqni saqlash,Здравоохранение,Health care,Соғлиқни сақлаш,2021-08,monthly,2021,100.31
07,Transport,Транспорт,Transport,Транспорт,2021-08,monthly,2021,101.4
08,Axborot va aloqa,Информация и связь,Information and communication,Aхборот ва алоқа,2021-08,monthly,2021,100.18
09,"Dam olish, sport va madaniyat","Отдых, Спорт и культура","Recreation, sports and culture","Дам олиш, спорт ва маданият",2021-08,monthly,2021,100.42
10,Ta'lim sohasidagi xizmatlar,Услуги в области образования,Services in the field of education,Таълим соҳасидаги хизматлар,2021-08,monthly,2021,100.09
11,Restoranlar va mehmonxonalar xizmatlari,Рестораны и гостиничное обслуживание,Restaurants and hotel services,Ресторанлар ва меҳмонхоналар хизматлари,2021-08,monthly,2021,101.26
12,Sug'urtalash va moliyaviy xizmatlar,Страхование и финансовые услуги,Insurance and financial services,Суғурталаш ва молиявий хизматлар,2021-08,monthly,2021,100.02
13,"Maishiy tovarlar va xizmatlar, ijtimoiy himoya va turli tovarlar va xizmatlar","Бытовые товары и услуги, социальная защита и разные товары и услуги","Household goods and services, social protection and miscellaneous goods and services","Маиший товарлар ва хизматлар, ижтимоий ҳимоя ва турли товарлар ва хизматлар",2021-08,monthly,2021,100.44
1,Yig‘ma indeks,Сводный индекс,Cumulative index,Йиғма индекс,2021-09,monthly,2021,101.09
1.02,Oziq-ovqat mahsulotlari,Продукты питания,Food products,Озиқ-овқат маҳсулотлари,2021-09,monthly,2021,101.18
1.03,Nooziq-ovqat mahsulotlari,Непродовольственные товары,Non-food products,Ноозиқ-овқат маҳсулотлари,2021-09,monthly,2021,100.68
1.04,Xizmatlar,Услуги,Services,Хизматлар,2021-09,monthly,2021,101.54
01,Oziq-ovqat mahsulotlari va spirtsiz ichimliklar,Продукты питания и безалкогольные напитки,Food and non-alcoholic drinks,Озиқ-овқат маҳсулотлари ва спиртсиз ичимликлар,2021-09,monthly,2021,101.15
02,"Spirtli ichimliklar, tamaki mahsulotlari","Алкогольные напитки, табачные изделия","Alcoholic drinks, tobacco products","Спиртли ичимликлар, тамаки маҳсулотлари",2021-09,monthly,2021,101.4
03,Kiyim va poyafzal,Одежда и обувь,Clothes and footwear,Кийим ва пояфзал,2021-09,monthly,2021,100.47
04,"Turar joy xizmatlari, suv, elektr, gaz va boshqa yonilg'i turlari","Жилищные услуги, вода, электричество, газ и другие виды топлива","Housing services, water, electricity, gas and other fuels","Турар жой хизматлари, сув, електр, газ ва бошқа ёнилғи турлари",2021-09,monthly,2021,100.36
05,"Uy-ro'zg'or asboblari, maishiy texnika va turar joylarga kundalik xizmat ko'rsatish","Предметы домащнего обихода, бытовая техника и текущее обслуживание жилья","Household items, appliances and routine home maintenance","Уй-рўзғор асбоблари, маиший техника ва турар жойларга кундалик хизмат кўрсатиш",2021-09,monthly,2021,100.86
06,Sog'liqni saqlash,Здравоохранение,Health care,Соғлиқни сақлаш,2021-09,monthly,2021,100.8
07,Transport,Транспорт,Transport,Транспорт,2021-09,monthly,2021,101.11
08,Axborot va aloqa,Информация и связь,Information and communication,Aхборот ва алоқа,2021-09,monthly,2021,100.39
09,"Dam olish, sport va madaniyat","Отдых, Спорт и культура","Recreation, sports and culture","Дам олиш, спорт ва маданият",2021-09,monthly,2021,102.56
10,Ta'lim sohasidagi xizmatlar,Услуги в области образования,Services in the field of education,Таълим соҳасидаги хизматлар,2021-09,monthly,2021,105.65
11,Restoranlar va mehmonxonalar xizmatlari,Рестораны и гостиничное обслуживание,Restaurants and hotel services,Ресторанлар ва меҳмонхоналар хизматлари,2021-09,monthly,2021,101.64
12,Sug'urtalash va moliyaviy xizmatlar,Страхование и финансовые услуги,Insurance and financial services,Суғурталаш ва молиявий хизматлар,2021-09,monthly,2021,100.02
13,"Maishiy tovarlar va xizmatlar, ijtimoiy himoya va turli tovarlar va xizmatlar","Бытовые товары и услуги, социальная защита и разные товары и услуги","Household goods and services, social protection and miscellaneous goods and services","Маиший товарлар ва хизматлар, ижтимоий ҳимоя ва турли товарлар ва хизматлар",2021-09,monthly,2021,101.69
1,Yig‘ma indeks,Сводный индекс,Cumulative index,Йиғма индекс,2021-10,monthly,2021,101.31
1.02,Oziq-ovqat mahsulotlari,Продукты питания,Food products,Озиқ-овқат маҳсулотлари,2021-10,monthly,2021,101.93
1.03,Nooziq-ovqat mahsulotlari,Непродовольственные товары,Non-food products,Ноозиқ-овқат маҳсулотлари,2021-10,monthly,2021,101.12
1.04,Xizmatlar,Услуги,Services,Хизматлар,2021-10,monthly,2021,100.45
01,Oziq-ovqat mahsulotlari va spirtsiz ichimliklar,Продукты питания и безалкогольные напитки,Food and non-alcoholic drinks,Озиқ-овқат маҳсулотлари ва спиртсиз ичимликлар,2021-10,monthly,2021,101.99
02,"Spirtli ichimliklar, tamaki mahsulotlari","Алкогольные напитки, табачные изделия","Alcoholic drinks, tobacco products","Спиртли ичимликлар, тамаки маҳсулотлари",2021-10,monthly,2021,100.89
03,Kiyim va poyafzal,Одежда и обувь,Clothes and footwear,Кийим ва пояфзал,2021-10,monthly,2021,100.77
04,"Turar joy xizmatlari, suv, elektr, gaz va boshqa yonilg'i turlari","Жилищные услуги, вода, электричество, газ и другие виды топлива","Housing services, water, electricity, gas and other fuels","Турар жой хизматлари, сув, електр, газ ва бошқа ёнилғи турлари",2021-10,monthly,2021,100.23
05,"Uy-ro'zg'or asboblari, maishiy texnika va turar joylarga kundalik xizmat ko'rsatish","Предметы домащнего обихода, бытовая техника и текущее обслуживание жилья","Household items, appliances and routine home maintenance","Уй-рўзғор асбоблари, маиший техника ва турар жойларга кундалик хизмат кўрсатиш",2021-10,monthly,2021,100.63
06,Sog'liqni saqlash,Здравоохранение,Health care,Соғлиқни сақлаш,2021-10,monthly,2021,100.96
07,Transport,Транспорт,Transport,Транспорт,2021-10,monthly,2021,102.47
08,Axborot va aloqa,Информация и связь,Information and communication,Aхборот ва алоқа,2021-10,monthly,2021,100.15
09,"Dam olish, sport va madaniyat","Отдых, Спорт и культура","Recreation, sports and culture","Дам олиш, спорт ва маданият",2021-10,monthly,2021,100.4
10,Ta'lim sohasidagi xizmatlar,Услуги в области образования,Services in the field of education,Таълим соҳасидаги хизматлар,2021-10,monthly,2021,99.91
11,Restoranlar va mehmonxonalar xizmatlari,Рестораны и гостиничное обслуживание,Restaurants and hotel services,Ресторанлар ва меҳмонхоналар хизматлари,2021-10,monthly,2021,100.88
12,Sug'urtalash va moliyaviy xizmatlar,Страхование и финансовые услуги,Insurance and financial services,Суғурталаш ва молиявий хизматлар,2021-10,monthly,2021,100.03
13,"Maishiy tovarlar va xizmatlar, ijtimoiy himoya va turli tovarlar va xizmatlar","Бытовые товары и услуги, социальная защита и разные товары и услуги","Household goods and services, social protection and miscellaneous goods and services","Маиший товарлар ва хизматлар, ижтимоий ҳимоя ва турли товарлар ва хизматлар",2021-10,monthly,2021,101.02
1,Yig‘ma indeks,Сводный индекс,Cumulative index,Йиғма индекс,2021-11,monthly,2021,101.22
1.02,Oziq-ovqat mahsulotlari,Продукты питания,Food products,Озиқ-овқат маҳсулотлари,2021-11,monthly,2021,101.91
1.03,Nooziq-ovqat mahsulotlari,Непродовольственные товары,Non-food products,Ноозиқ-овқат маҳсулотлари,2021-11,monthly,2021,100.84
1.04,Xizmatlar,Услуги,Services,Хизматлар,2021-11,monthly,2021,100.53
01,Oziq-ovqat mahsulotlari va spirtsiz ichimliklar,Продукты питания и безалкогольные напитки,Food and non-alcoholic drinks,Озиқ-овқат маҳсулотлари ва спиртсиз ичимликлар,2021-11,monthly,2021,101.89
02,"Spirtli ichimliklar, tamaki mahsulotlari","Алкогольные напитки, табачные изделия","Alcoholic drinks, tobacco products","Спиртли ичимликлар, тамаки маҳсулотлари",2021-11,monthly,2021,100.97
03,Kiyim va poyafzal,Одежда и обувь,Clothes and footwear,Кийим ва пояфзал,2021-11,monthly,2021,100.76
04,"Turar joy xizmatlari, suv, elektr, gaz va boshqa yonilg'i turlari","Жилищные услуги, вода, электричество, газ и другие виды топлива","Housing services, water, electricity, gas and other fuels","Турар жой хизматлари, сув, електр, газ ва бошқа ёнилғи турлари",2021-11,monthly,2021,100.12
05,"Uy-ro'zg'or asboblari, maishiy texnika va turar joylarga kundalik xizmat ko'rsatish","Предметы домащнего обихода, бытовая техника и текущее обслуживание жилья","Household items, appliances and routine home maintenance","Уй-рўзғор асбоблари, маиший техника ва турар жойларга кундалик хизмат кўрсатиш",2021-11,monthly,2021,100.56
06,Sog'liqni saqlash,Здравоохранение,Health care,Соғлиқни сақлаш,2021-11,monthly,2021,100.38
07,Transport,Транспорт,Transport,Транспорт,2021-11,monthly,2021,102.28
08,Axborot va aloqa,Информация и связь,Information and communication,Aхборот ва алоқа,2021-11,monthly,2021,100.15
09,"Dam olish, sport va madaniyat","Отдых, Спорт и культура","Recreation, sports and culture","Дам олиш, спорт ва маданият",2021-11,monthly,2021,100.45
10,Ta'lim sohasidagi xizmatlar,Услуги в области образования,Services in the field of education,Таълим соҳасидаги хизматлар,2021-11,monthly,2021,100.25
11,Restoranlar va mehmonxonalar xizmatlari,Рестораны и гостиничное обслуживание,Restaurants and hotel services,Ресторанлар ва меҳмонхоналар хизматлари,2021-11,monthly,2021,102.45
12,Sug'urtalash va moliyaviy xizmatlar,Страхование и финансовые услуги,Insurance and financial services,Суғурталаш ва молиявий хизматлар,2021-11,monthly,2021,100.03
13,"Maishiy tovarlar va xizmatlar, ijtimoiy himoya va turli tovarlar va xizmatlar","Бытовые товары и услуги, социальная защита и разные товары и услуги","Household goods and services, social protection and miscellaneous goods and services","Маиший товарлар ва хизматлар, ижтимоий ҳимоя ва турли товарлар ва хизматлар",2021-11,monthly,2021,100.57
1,Yig‘ma indeks,Сводный индекс,Cumulative index,Йиғма индекс,2021-12,monthly,2021,101.26
1.02,Oziq-ovqat mahsulotlari,Продукты питания,Food products,Озиқ-овқат маҳсулотлари,2021-12,monthly,2021,102.03
1.03,Nooziq-ovqat mahsulotlari,Непродовольственные товары,Non-food products,Ноозиқ-овқат маҳсулотлари,2021-12,monthly,2021,100.78
1.04,Xizmatlar,Услуги,Services,Хизматлар,2021-12,monthly,2021,100.53
01,Oziq-ovqat mahsulotlari va spirtsiz ichimliklar,Продукты питания и безалкогольные напитки,Food and non-alcoholic drinks,Озиқ-овқат маҳсулотлари ва спиртсиз ичимликлар,2021-12,monthly,2021,102.06
02,"Spirtli ichimliklar, tamaki mahsulotlari","Алкогольные напитки, табачные изделия","Alcoholic drinks, tobacco products","Спиртли ичимликлар, тамаки маҳсулотлари",2021-12,monthly,2021,100.77
03,Kiyim va poyafzal,Одежда и обувь,Clothes and footwear,Кийим ва пояфзал,2021-12,monthly,2021,101.22
04,"Turar joy xizmatlari, suv, elektr, gaz va boshqa yonilg'i turlari","Жилищные услуги, вода, электричество, газ и другие виды топлива","Housing services, water, electricity, gas and other fuels","Турар жой хизматлари, сув, електр, газ ва бошқа ёнилғи турлари",2021-12,monthly,2021,100.41
05,"Uy-ro'zg'or asboblari, maishiy texnika va turar joylarga kundalik xizmat ko'rsatish","Предметы домащнего обихода, бытовая техника и текущее обслуживание жилья","Household items, appliances and routine home maintenance","Уй-рўзғор асбоблари, маиший техника ва турар жойларга кундалик хизмат кўрсатиш",2021-12,monthly,2021,100.75
06,Sog'liqni saqlash,Здравоохранение,Health care,Соғлиқни сақлаш,2021-12,monthly,2021,100.88
07,Transport,Транспорт,Transport,Транспорт,2021-12,monthly,2021,100.11
08,Axborot va aloqa,Информация и связь,Information and communication,Aхборот ва алоқа,2021-12,monthly,2021,100.22
09,"Dam olish, sport va madaniyat","Отдых, Спорт и культура","Recreation, sports and culture","Дам олиш, спорт ва маданият",2021-12,monthly,2021,100.87
10,Ta'lim sohasidagi xizmatlar,Услуги в области образования,Services in the field of education,Таълим соҳасидаги хизматлар,2021-12,monthly,2021,100.34
11,Restoranlar va mehmonxonalar xizmatlari,Рестораны и гостиничное обслуживание,Restaurants and hotel services,Ресторанлар ва меҳмонхоналар хизматлари,2021-12,monthly,2021,101.66
12,Sug'urtalash va moliyaviy xizmatlar,Страхование и финансовые услуги,Insurance and financial services,Суғурталаш ва молиявий хизматлар,2021-12,monthly,2021,100.13
13,"Maishiy tovarlar va xizmatlar, ijtimoiy himoya va turli tovarlar va xizmatlar","Бытовые товары и услуги, социальная защита и разные товары и услуги","Household goods and services, social protection and miscellaneous goods and services","Маиший товарлар ва хизматлар, ижтимоий ҳимоя ва турли товарлар ва хизматлар",2021-12,monthly,2021,101.13
1,Yig‘ma indeks,Сводный индекс,Cumulative index,Йиғма индекс,2022-01,monthly,2022,100.87
1.02,Oziq-ovqat mahsulotlari,Продукты питания,Food products,Озиқ-овқат маҳсулотлари,2022-01,monthly,2022,101.28
1.03,Nooziq-ovqat mahsulotlari,Непродовольственные товары,Non-food products,Ноозиқ-овқат маҳсулотлари,2022-01,monthly,2022,100.5
1.04,Xizmatlar,Услуги,Services,Хизматлар,2022-01,monthly,2022,100.66
01,Oziq-ovqat mahsulotlari va spirtsiz ichimliklar,Продукты питания и безалкогольные напитки,Food and non-alcoholic drinks,Озиқ-овқат маҳсулотлари ва спиртсиз ичимликлар,2022-01,monthly,2022,101.26
02,"Spirtli ichimliklar, tamaki mahsulotlari","Алкогольные напитки, табачные изделия","Alcoholic drinks, tobacco products","Спиртли ичимликлар, тамаки маҳсулотлари",2022-01,monthly,2022,100.8
03,Kiyim va poyafzal,Одежда и обувь,Clothes and footwear,Кийим ва пояфзал,2022-01,monthly,2022,100.85
04,"Turar joy xizmatlari, suv, elektr, gaz va boshqa yonilg'i turlari","Жилищные услуги, вода, электричество, газ и другие виды топлива","Housing services, water, electricity, gas and other fuels","Турар жой хизматлари, сув, електр, газ ва бошқа ёнилғи турлари",2022-01,monthly,2022,100.29
05,"Uy-ro'zg'or asboblari, maishiy texnika va turar joylarga kundalik xizmat ko'rsatish","Предметы домащнего обихода, бытовая техника и текущее обслуживание жилья","Household items, appliances and routine home maintenance","Уй-рўзғор асбоблари, маиший техника ва турар жойларга кундалик хизмат кўрсатиш",2022-01,monthly,2022,100.82
06,Sog'liqni saqlash,Здравоохранение,Health care,Соғлиқни сақлаш,2022-01,monthly,2022,101.18
07,Transport,Транспорт,Transport,Транспорт,2022-01,monthly,2022,99.55
08,Axborot va aloqa,Информация и связь,Information and communication,Aхборот ва алоқа,2022-01,monthly,2022,100.2
09,"Dam olish, sport va madaniyat","Отдых, Спорт и культура","Recreation, sports and culture","Дам олиш, спорт ва маданият",2022-01,monthly,2022,101.53
10,Ta'lim sohasidagi xizmatlar,Услуги в области образования,Services in the field of education,Таълим соҳасидаги хизматлар,2022-01,monthly,2022,100.18
11,Restoranlar va mehmonxonalar xizmatlari,Рестораны и гостиничное обслуживание,Restaurants and hotel services,Ресторанлар ва меҳмонхоналар хизматлари,2022-01,monthly,2022,102.3
12,Sug'urtalash va moliyaviy xizmatlar,Страхование и финансовые услуги,Insurance and financial services,Суғурталаш ва молиявий хизматлар,2022-01,monthly,2022,100.01
13,"Maishiy tovarlar va xizmatlar, ijtimoiy himoya va turli tovarlar va xizmatlar","Бытовые товары и услуги, социальная защита и разные товары и услуги","Household goods and services, social protection and miscellaneous goods and services","Маиший товарлар ва хизматлар, ижтимоий ҳимоя ва турли товарлар ва хизматлар",2022-01,monthly,2022,100.78
1,Yig‘ma indeks,Сводный индекс,Cumulative index,Йиғма индекс,2022-02,monthly,2022,100.51
1.02,Oziq-ovqat mahsulotlari,Продукты питания,Food products,Озиқ-овқат маҳсулотлари,2022-02,monthly,2022,100.57
1.03,Nooziq-ovqat mahsulotlari,Непродовольственные товары,Non-food products,Ноозиқ-овқат маҳсулотлари,2022-02,monthly,2022,100.47
1.04,Xizmatlar,Услуги,Services,Хизматлар,2022-02,monthly,2022,100.46
01,Oziq-ovqat mahsulotlari va spirtsiz ichimliklar,Продукты питания и безалкогольные напитки,Food and non-alcoholic drinks,Озиқ-овқат маҳсулотлари ва спиртсиз ичимликлар,2022-02,monthly,2022,100.58
02,"Spirtli ichimliklar, tamaki mahsulotlari","Алкогольные напитки, табачные изделия","Alcoholic drinks, tobacco products","Спиртли ичимликлар, тамаки маҳсулотлари",2022-02,monthly,2022,100.52
03,Kiyim va poyafzal,Одежда и обувь,Clothes and footwear,Кийим ва пояфзал,2022-02,monthly,2022,100.76
04,"Turar joy xizmatlari, suv, elektr, gaz va boshqa yonilg'i turlari","Жилищные услуги, вода, электричество, газ и другие виды топлива","Housing services, water, electricity, gas and other fuels","Турар жой хизматлари, сув, електр, газ ва бошқа ёнилғи турлари",2022-02,monthly,2022,100.16
05,"Uy-ro'zg'or asboblari, maishiy texnika va turar joylarga kundalik xizmat ko'rsatish","Предметы домащнего обихода, бытовая техника и текущее обслуживание жилья","Household items, appliances and routine home maintenance","Уй-рўзғор асбоблари, маиший техника ва турар жойларга кундалик хизмат кўрсатиш",2022-02,monthly,2022,100.73
06,Sog'liqni saqlash,Здравоохранение,Health care,Соғлиқни сақлаш,2022-02,monthly,2022,100.59
07,Transport,Транспорт,Transport,Транспорт,2022-02,monthly,2022,100.04
08,Axborot va aloqa,Информация и связь,Information and communication,Aхборот ва алоқа,2022-02,monthly,2022,100.13
09,"Dam olish, sport va madaniyat","Отдых, Спорт и культура","Recreation, sports and culture","Дам олиш, спорт ва маданият",2022-02,monthly,2022,100.83
10,Ta'lim sohasidagi xizmatlar,Услуги в области образования,Services in the field of education,Таълим соҳасидаги хизматлар,2022-02,monthly,2022,100.21
11,Restoranlar va mehmonxonalar xizmatlari,Рестораны и гостиничное обслуживание,Restaurants and hotel services,Ресторанлар ва меҳмонхоналар хизматлари,2022-02,monthly,2022,100.39
12,Sug'urtalash va moliyaviy xizmatlar,Страхование и финансовые услуги,Insurance and financial services,Суғурталаш ва молиявий хизматлар,2022-02,monthly,2022,99.99
13,"Maishiy tovarlar va xizmatlar, ijtimoiy himoya va turli tovarlar va xizmatlar","Бытовые товары и услуги, социальная защита и разные товары и услуги","Household goods and services, social protection and miscellaneous goods and services","Маиший товарлар ва хизматлар, ижтимоий ҳимоя ва турли товарлар ва хизматлар",2022-02,monthly,2022,100.79
1,Yig‘ma indeks,Сводный индекс,Cumulative index,Йиғма индекс,2022-03,monthly,2022,101.53
1.02,Oziq-ovqat mahsulotlari,Продукты питания,Food products,Озиқ-овқат маҳсулотлари,2022-03,monthly,2022,102.46
1.03,Nooziq-ovqat mahsulotlari,Непродовольственные товары,Non-food products,Ноозиқ-овқат маҳсулотлари,2022-03,monthly,2022,101.14
1.04,Xizmatlar,Услуги,Services,Хизматлар,2022-03,monthly,2022,100.39
01,Oziq-ovqat mahsulotlari va spirtsiz ichimliklar,Продукты питания и безалкогольные напитки,Food and non-alcoholic drinks,Озиқ-овқат маҳсулотлари ва спиртсиз ичимликлар,2022-03,monthly,2022,102.53
02,"Spirtli ichimliklar, tamaki mahsulotlari","Алкогольные напитки, табачные изделия","Alcoholic drinks, tobacco products","Спиртли ичимликлар, тамаки маҳсулотлари",2022-03,monthly,2022,100.75
03,Kiyim va poyafzal,Одежда и обувь,Clothes and footwear,Кийим ва пояфзал,2022-03,monthly,2022,100.13
04,"Turar joy xizmatlari, suv, elektr, gaz va boshqa yonilg'i turlari","Жилищные услуги, вода, электричество, газ и другие виды топлива","Housing services, water, electricity, gas and other fuels","Турар жой хизматлари, сув, електр, газ ва бошқа ёнилғи турлари",2022-03,monthly,2022,100.43
05,"Uy-ro'zg'or asboblari, maishiy texnika va turar joylarga kundalik xizmat ko'rsatish","Предметы домащнего обихода, бытовая техника и текущее обслуживание жилья","Household items, appliances and routine home maintenance","Уй-рўзғор асбоблари, маиший техника ва турар жойларга кундалик хизмат кўрсатиш",2022-03,monthly,2022,101.33
06,Sog'liqni saqlash,Здравоохранение,Health care,Соғлиқни сақлаш,2022-03,monthly,2022,101.29
07,Transport,Транспорт,Transport,Транспорт,2022-03,monthly,2022,101.91
08,Axborot va aloqa,Информация и связь,Information and communication,Aхборот ва алоқа,2022-03,monthly,2022,100.64
09,"Dam olish, sport va madaniyat","Отдых, Спорт и культура","Recreation, sports and culture","Дам олиш, спорт ва маданият",2022-03,monthly,2022,100.47
10,Ta'lim sohasidagi xizmatlar,Услуги в области образования,Services in the field of education,Таълим соҳасидаги хизматлар,2022-03,monthly,2022,100.14
11,Restoranlar va mehmonxonalar xizmatlari,Рестораны и гостиничное обслуживание,Restaurants and hotel services,Ресторанлар ва меҳмонхоналар хизматлари,2022-03,monthly,2022,101.33
12,Sug'urtalash va moliyaviy xizmatlar,Страхование и финансовые услуги,Insurance and financial services,Суғурталаш ва молиявий хизматлар,2022-03,monthly,2022,100.72
13,"Maishiy tovarlar va xizmatlar, ijtimoiy himoya va turli tovarlar va xizmatlar","Бытовые товары и услуги, социальная защита и разные товары и услуги","Household goods and services, social protection and miscellaneous goods and services","Маиший товарлар ва хизматлар, ижтимоий ҳимоя ва турли товарлар ва хизматлар",2022-03,monthly,2022,101.11
1,Yig‘ma indeks,Сводный индекс,Cumulative index,Йиғма индекс,2022-04,monthly,2022,101.47
1.02,Oziq-ovqat mahsulotlari,Продукты питания,Food products,Озиқ-овқат маҳсулотлари,2022-04,monthly,2022,102.05
1.03,Nooziq-ovqat mahsulotlari,Непродовольственные товары,Non-food products,Ноозиқ-овқат маҳсулотлари,2022-04,monthly,2022,101.4
1.04,Xizmatlar,Услуги,Services,Хизматлар,2022-04,monthly,2022,100.47
01,Oziq-ovqat mahsulotlari va spirtsiz ichimliklar,Продукты питания и безалкогольные напитки,Food and non-alcoholic drinks,Озиқ-овқат маҳсулотлари ва спиртсиз ичимликлар,2022-04,monthly,2022,102.07
02,"Spirtli ichimliklar, tamaki mahsulotlari","Алкогольные напитки, табачные изделия","Alcoholic drinks, tobacco products","Спиртли ичимликлар, тамаки маҳсулотлари",2022-04,monthly,2022,100.82
03,Kiyim va poyafzal,Одежда и обувь,Clothes and footwear,Кийим ва пояфзал,2022-04,monthly,2022,101.06
04,"Turar joy xizmatlari, suv, elektr, gaz va boshqa yonilg'i turlari","Жилищные услуги, вода, электричество, газ и другие виды топлива","Housing services, water, electricity, gas and other fuels","Турар жой хизматлари, сув, електр, газ ва бошқа ёнилғи турлари",2022-04,monthly,2022,100.49
05,"Uy-ro'zg'or asboblari, maishiy texnika va turar joylarga kundalik xizmat ko'rsatish","Предметы домащнего обихода, бытовая техника и текущее обслуживание жилья","Household items, appliances and routine home maintenance","Уй-рўзғор асбоблари, маиший техника ва турар жойларга кундалик хизмат кўрсатиш",2022-04,monthly,2022,101.4
06,Sog'liqni saqlash,Здравоохранение,Health care,Соғлиқни сақлаш,2022-04,monthly,2022,100.94
07,Transport,Транспорт,Transport,Транспорт,2022-04,monthly,2022,100.83
08,Axborot va aloqa,Информация и связь,Information and communication,Aхборот ва алоқа,2022-04,monthly,2022,100.29
09,"Dam olish, sport va madaniyat","Отдых, Спорт и культура","Recreation, sports and culture","Дам олиш, спорт ва маданият",2022-04,monthly,2022,103.8
10,Ta'lim sohasidagi xizmatlar,Услуги в области образования,Services in the field of education,Таълим соҳасидаги хизматлар,2022-04,monthly,2022,100.09
11,Restoranlar va mehmonxonalar xizmatlari,Рестораны и гостиничное обслуживание,Restaurants and hotel services,Ресторанлар ва меҳмонхоналар хизматлари,2022-04,monthly,2022,101.9
12,Sug'urtalash va moliyaviy xizmatlar,Страхование и финансовые услуги,Insurance and financial services,Суғурталаш ва молиявий хизматлар,2022-04,monthly,2022,100.7
13,"Maishiy tovarlar va xizmatlar, ijtimoiy himoya va turli tovarlar va xizmatlar","Бытовые товары и услуги, социальная защита и разные товары и услуги","Household goods and services, social protection and miscellaneous goods and services","Маиший товарлар ва хизматлар, ижтимоий ҳимоя ва турли товарлар ва хизматлар",2022-04,monthly,2022,101.53
1,Yig‘ma indeks,Сводный индекс,Cumulative index,Йиғма индекс,2022-05,monthly,2022,101.03
1.02,Oziq-ovqat mahsulotlari,Продукты питания,Food products,Озиқ-овқат маҳсулотлари,2022-05,monthly,2022,101.16
1.03,Nooziq-ovqat mahsulotlari,Непродовольственные товары,Non-food products,Ноозиқ-овқат маҳсулотлари,2022-05,monthly,2022,101.27
1.04,Xizmatlar,Услуги,Services,Хизматлар,2022-05,monthly,2022,100.41
01,Oziq-ovqat mahsulotlari va spirtsiz ichimliklar,Продукты питания и безалкогольные напитки,Food and non-alcoholic drinks,Озиқ-овқат маҳсулотлари ва спиртсиз ичимликлар,2022-05,monthly,2022,101.12
02,"Spirtli ichimliklar, tamaki mahsulotlari","Алкогольные напитки, табачные изделия","Alcoholic drinks, tobacco products","Спиртли ичимликлар, тамаки маҳсулотлари",2022-05,monthly,2022,101.11
03,Kiyim va poyafzal,Одежда и обувь,Clothes and footwear,Кийим ва пояфзал,2022-05,monthly,2022,101.18
04,"Turar joy xizmatlari, suv, elektr, gaz va boshqa yonilg'i turlari","Жилищные услуги, вода, электричество, газ и другие виды топлива","Housing services, water, electricity, gas and other fuels","Турар жой хизматлари, сув, електр, газ ва бошқа ёнилғи турлари",2022-05,monthly,2022,100.47
05,"Uy-ro'zg'or asboblari, maishiy texnika va turar joylarga kundalik xizmat ko'rsatish","Предметы домащнего обихода, бытовая техника и текущее обслуживание жилья","Household items, appliances and routine home maintenance","Уй-рўзғор асбоблари, маиший техника ва турар жойларга кундалик хизмат кўрсатиш",2022-05,monthly,2022,101.56
06,Sog'liqni saqlash,Здравоохранение,Health care,Соғлиқни сақлаш,2022-05,monthly,2022,101.66
07,Transport,Транспорт,Transport,Транспорт,2022-05,monthly,2022,100.25
08,Axborot va aloqa,Информация и связь,Information and communication,Aхборот ва алоқа,2022-05,monthly,2022,100.33
09,"Dam olish, sport va madaniyat","Отдых, Спорт и культура","Recreation, sports and culture","Дам олиш, спорт ва маданият",2022-05,monthly,2022,100.52
10,Ta'lim sohasidagi xizmatlar,Услуги в области образования,Services in the field of education,Таълим соҳасидаги хизматлар,2022-05,monthly,2022,100.3
11,Restoranlar va mehmonxonalar xizmatlari,Рестораны и гостиничное обслуживание,Restaurants and hotel services,Ресторанлар ва меҳмонхоналар хизматлари,2022-05,monthly,2022,101.87
12,Sug'urtalash va moliyaviy xizmatlar,Страхование и финансовые услуги,Insurance and financial services,Суғурталаш ва молиявий хизматлар,2022-05,monthly,2022,99.82
13,"Maishiy tovarlar va xizmatlar, ijtimoiy himoya va turli tovarlar va xizmatlar","Бытовые товары и услуги, социальная защита и разные товары и услуги","Household goods and services, social protection and miscellaneous goods and services","Маиший товарлар ва хизматлар, ижтимоий ҳимоя ва турли товарлар ва хизматлар",2022-05,monthly,2022,101.72
1,Yig‘ma indeks,Сводный индекс,Cumulative index,Йиғма индекс,2022-06,monthly,2022,100.94
1.02,Oziq-ovqat mahsulotlari,Продукты питания,Food products,Озиқ-овқат маҳсулотлари,2022-06,monthly,2022,101.05
1.03,Nooziq-ovqat mahsulotlari,Непродовольственные товары,Non-food products,Ноозиқ-овқат маҳсулотлари,2022-06,monthly,2022,100.88
1.04,Xizmatlar,Услуги,Services,Хизматлар,2022-06,monthly,2022,100.83
01,Oziq-ovqat mahsulotlari va spirtsiz ichimliklar,Продукты питания и безалкогольные напитки,Food and non-alcoholic drinks,Озиқ-овқат маҳсулотлари ва спиртсиз ичимликлар,2022-06,monthly,2022,101.09
02,"Spirtli ichimliklar, tamaki mahsulotlari","Алкогольные напитки, табачные изделия","Alcoholic drinks, tobacco products","Спиртли ичимликлар, тамаки маҳсулотлари",2022-06,monthly,2022,100.43
03,Kiyim va poyafzal,Одежда и обувь,Clothes and footwear,Кийим ва пояфзал,2022-06,monthly,2022,100.68
04,"Turar joy xizmatlari, suv, elektr, gaz va boshqa yonilg'i turlari","Жилищные услуги, вода, электричество, газ и другие виды топлива","Housing services, water, electricity, gas and other fuels","Турар жой хизматлари, сув, електр, газ ва бошқа ёнилғи турлари",2022-06,monthly,2022,100.48
05,"Uy-ro'zg'or asboblari, maishiy texnika va turar joylarga kundalik xizmat ko'rsatish","Предметы домащнего обихода, бытовая техника и текущее обслуживание жилья","Household items, appliances and routine home maintenance","Уй-рўзғор асбоблари, маиший техника ва турар жойларга кундалик хизмат кўрсатиш",2022-06,monthly,2022,101.09
06,Sog'liqni saqlash,Здравоохранение,Health care,Соғлиқни сақлаш,2022-06,monthly,2022,101.02
07,Transport,Транспорт,Transport,Транспорт,2022-06,monthly,2022,100.96
08,Axborot va aloqa,Информация и связь,Information and communication,Aхборот ва алоқа,2022-06,monthly,2022,100.22
09,"Dam olish, sport va madaniyat","Отдых, Спорт и культура","Recreation, sports and culture","Дам олиш, спорт ва маданият",2022-06,monthly,2022,101.52
10,Ta'lim sohasidagi xizmatlar,Услуги в области образования,Services in the field of education,Таълим соҳасидаги хизматлар,2022-06,monthly,2022,100.38
11,Restoranlar va mehmonxonalar xizmatlari,Рестораны и гостиничное обслуживание,Restaurants and hotel services,Ресторанлар ва меҳмонхоналар хизматлари,2022-06,monthly,2022,100.76
12,Sug'urtalash va moliyaviy xizmatlar,Страхование и финансовые услуги,Insurance and financial services,Суғурталаш ва молиявий хизматлар,2022-06,monthly,2022,99.78
13,"Maishiy tovarlar va xizmatlar, ijtimoiy himoya va turli tovarlar va xizmatlar","Бытовые товары и услуги, социальная защита и разные товары и услуги","Household goods and services, social protection and miscellaneous goods and services","Маиший товарлар ва хизматлар, ижтимоий ҳимоя ва турли товарлар ва хизматлар",2022-06,monthly,2022,101.83
1,Yig‘ma indeks,Сводный индекс,Cumulative index,Йиғма индекс,2022-07,monthly,2022,99.92
1.02,Oziq-ovqat mahsulotlari,Продукты питания,Food products,Озиқ-овқат маҳсулотлари,2022-07,monthly,2022,98.95
1.03,Nooziq-ovqat mahsulotlari,Непродовольственные товары,Non-food products,Ноозиқ-овқат маҳсулотлари,2022-07,monthly,2022,100.91
1.04,Xizmatlar,Услуги,Services,Хизматлар,2022-07,monthly,2022,100.28
01,Oziq-ovqat mahsulotlari va spirtsiz ichimliklar,Продукты питания и безалкогольные напитки,Food and non-alcoholic drinks,Озиқ-овқат маҳсулотлари ва спиртсиз ичимликлар,2022-07,monthly,2022,98.85
02,"Spirtli ichimliklar, tamaki mahsulotlari","Алкогольные напитки, табачные изделия","Alcoholic drinks, tobacco products","Спиртли ичимликлар, тамаки маҳсулотлари",2022-07,monthly,2022,100.35
03,Kiyim va poyafzal,Одежда и обувь,Clothes and footwear,Кийим ва пояфзал,2022-07,monthly,2022,100.28
04,"Turar joy xizmatlari, suv, elektr, gaz va boshqa yonilg'i turlari","Жилищные услуги, вода, электричество, газ и другие виды топлива","Housing services, water, electricity, gas and other fuels","Турар жой хизматлари, сув, електр, газ ва бошқа ёнилғи турлари",2022-07,monthly,2022,100.3
05,"Uy-ro'zg'or asboblari, maishiy texnika va turar joylarga kundalik xizmat ko'rsatish","Предметы домащнего обихода, бытовая техника и текущее обслуживание жилья","Household items, appliances and routine home maintenance","Уй-рўзғор асбоблари, маиший техника ва турар жойларга кундалик хизмат кўрсатиш",2022-07,monthly,2022,100.7
06,Sog'liqni saqlash,Здравоохранение,Health care,Соғлиқни сақлаш,2022-07,monthly,2022,100.46
07,Transport,Транспорт,Transport,Транспорт,2022-07,monthly,2022,102.15
08,Axborot va aloqa,Информация и связь,Information and communication,Aхборот ва алоқа,2022-07,monthly,2022,100.13
09,"Dam olish, sport va madaniyat","Отдых, Спорт и культура","Recreation, sports and culture","Дам олиш, спорт ва маданият",2022-07,monthly,2022,100.41
10,Ta'lim sohasidagi xizmatlar,Услуги в области образования,Services in the field of education,Таълим соҳасидаги хизматлар,2022-07,monthly,2022,100.11
11,Restoranlar va mehmonxonalar xizmatlari,Рестораны и гостиничное обслуживание,Restaurants and hotel services,Ресторанлар ва меҳмонхоналар хизматлари,2022-07,monthly,2022,100.78
12,Sug'urtalash va moliyaviy xizmatlar,Страхование и финансовые услуги,Insurance and financial services,Суғурталаш ва молиявий хизматлар,2022-07,monthly,2022,102.92
13,"Maishiy tovarlar va xizmatlar, ijtimoiy himoya va turli tovarlar va xizmatlar","Бытовые товары и услуги, социальная защита и разные товары и услуги","Household goods and services, social protection and miscellaneous goods and services","Маиший товарлар ва хизматлар, ижтимоий ҳимоя ва турли товарлар ва хизматлар",2022-07,monthly,2022,100.67
1,Yig‘ma indeks,Сводный индекс,Cumulative index,Йиғма индекс,2022-08,monthly,2022,100.52
1.02,Oziq-ovqat mahsulotlari,Продукты питания,Food products,Озиқ-овқат маҳсулотлари,2022-08,monthly,2022,100.69
1.03,Nooziq-ovqat mahsulotlari,Непродовольственные товары,Non-food products,Ноозиқ-овқат маҳсулотлари,2022-08,monthly,2022,100.4
1.04,Xizmatlar,Услуги,Services,Хизматлар,2022-08,monthly,2022,100.39
01,Oziq-ovqat mahsulotlari va spirtsiz ichimliklar,Продукты питания и безалкогольные напитки,Food and non-alcoholic drinks,Озиқ-овқат маҳсулотлари ва спиртсиз ичимликлар,2022-08,monthly,2022,100.61
02,"Spirtli ichimliklar, tamaki mahsulotlari","Алкогольные напитки, табачные изделия","Alcoholic drinks, tobacco products","Спиртли ичимликлар, тамаки маҳсулотлари",2022-08,monthly,2022,101.49
03,Kiyim va poyafzal,Одежда и обувь,Clothes and footwear,Кийим ва пояфзал,2022-08,monthly,2022,100.32
04,"Turar joy xizmatlari, suv, elektr, gaz va boshqa yonilg'i turlari","Жилищные услуги, вода, электричество, газ и другие виды топлива","Housing services, water, electricity, gas and other fuels","Турар жой хизматлари, сув, електр, газ ва бошқа ёнилғи турлари",2022-08,monthly,2022,100.18
05,"Uy-ro'zg'or asboblari, maishiy texnika va turar joylarga kundalik xizmat ko'rsatish","Предметы домащнего обихода, бытовая техника и текущее обслуживание жилья","Household items, appliances and routine home maintenance","Уй-рўзғор асбоблари, маиший техника ва турар жойларга кундалик хизмат кўрсатиш",2022-08,monthly,2022,100.6
06,Sog'liqni saqlash,Здравоохранение,Health care,Соғлиқни сақлаш,2022-08,monthly,2022,100.66
07,Transport,Транспорт,Transport,Транспорт,2022-08,monthly,2022,100.14
08,Axborot va aloqa,Информация и связь,Information and communication,Aхборот ва алоқа,2022-08,monthly,2022,100.07
09,"Dam olish, sport va madaniyat","Отдых, Спорт и культура","Recreation, sports and culture","Дам олиш, спорт ва маданият",2022-08,monthly,2022,100.86
10,Ta'lim sohasidagi xizmatlar,Услуги в области образования,Services in the field of education,Таълим соҳасидаги хизматлар,2022-08,monthly,2022,100.33
11,Restoranlar va mehmonxonalar xizmatlari,Рестораны и гостиничное обслуживание,Restaurants and hotel services,Ресторанлар ва меҳмонхоналар хизматлари,2022-08,monthly,2022,102.02
12,Sug'urtalash va moliyaviy xizmatlar,Страхование и финансовые услуги,Insurance and financial services,Суғурталаш ва молиявий хизматлар,2022-08,monthly,2022,99.96
13,"Maishiy tovarlar va xizmatlar, ijtimoiy himoya va turli tovarlar va xizmatlar","Бытовые товары и услуги, социальная защита и разные товары и услуги","Household goods and services, social protection and miscellaneous goods and services","Маиший товарлар ва хизматлар, ижтимоий ҳимоя ва турли товарлар ва хизматлар",2022-08,monthly,2022,100.88
1,Yig‘ma indeks,Сводный индекс,Cumulative index,Йиғма индекс,2022-09,monthly,2022,101.03
1.02,Oziq-ovqat mahsulotlari,Продукты питания,Food products,Озиқ-овқат маҳсулотлари,2022-09,monthly,2022,101.39
1.03,Nooziq-ovqat mahsulotlari,Непродовольственные товары,Non-food products,Ноозиқ-овқат маҳсулотлари,2022-09,monthly,2022,100.7
1.04,Xizmatlar,Услуги,Services,Хизматлар,2022-09,monthly,2022,100.84
01,Oziq-ovqat mahsulotlari va spirtsiz ichimliklar,Продукты питания и безалкогольные напитки,Food and non-alcoholic drinks,Озиқ-овқат маҳсулотлари ва спиртсиз ичимликлар,2022-09,monthly,2022,101.32
02,"Spirtli ichimliklar, tamaki mahsulotlari","Алкогольные напитки, табачные изделия","Alcoholic drinks, tobacco products","Спиртли ичимликлар, тамаки маҳсулотлари",2022-09,monthly,2022,101.01
03,Kiyim va poyafzal,Одежда и обувь,Clothes and footwear,Кийим ва пояфзал,2022-09,monthly,2022,100.69
04,"Turar joy xizmatlari, suv, elektr, gaz va boshqa yonilg'i turlari","Жилищные услуги, вода, электричество, газ и другие виды топлива","Housing services, water, electricity, gas and other fuels","Турар жой хизматлари, сув, електр, газ ва бошқа ёнилғи турлари",2022-09,monthly,2022,100.46
05,"Uy-ro'zg'or asboblari, maishiy texnika va turar joylarga kundalik xizmat ko'rsatish","Предметы домащнего обихода, бытовая техника и текущее обслуживание жилья","Household items, appliances and routine home maintenance","Уй-рўзғор асбоблари, маиший техника ва турар жойларга кундалик хизмат кўрсатиш",2022-09,monthly,2022,100.79
06,Sog'liqni saqlash,Здравоохранение,Health care,Соғлиқни сақлаш,2022-09,monthly,2022,102.14
07,Transport,Транспорт,Transport,Транспорт,2022-09,monthly,2022,100.3
08,Axborot va aloqa,Информация и связь,Information and communication,Aхборот ва алоқа,2022-09,monthly,2022,100.2
09,"Dam olish, sport va madaniyat","Отдых, Спорт и культура","Recreation, sports and culture","Дам олиш, спорт ва маданият",2022-09,monthly,2022,100.79
10,Ta'lim sohasidagi xizmatlar,Услуги в области образования,Services in the field of education,Таълим соҳасидаги хизматлар,2022-09,monthly,2022,100.26
11,Restoranlar va mehmonxonalar xizmatlari,Рестораны и гостиничное обслуживание,Restaurants and hotel services,Ресторанлар ва меҳмонхоналар хизматлари,2022-09,monthly,2022,102.89
12,Sug'urtalash va moliyaviy xizmatlar,Страхование и финансовые услуги,Insurance and financial services,Суғурталаш ва молиявий хизматлар,2022-09,monthly,2022,100.02
13,"Maishiy tovarlar va xizmatlar, ijtimoiy himoya va turli tovarlar va xizmatlar","Бытовые товары и услуги, социальная защита и разные товары и услуги","Household goods and services, social protection and miscellaneous goods and services","Маиший товарлар ва хизматлар, ижтимоий ҳимоя ва турли товарлар ва хизматлар",2022-09,monthly,2022,101.17
1,Yig‘ma indeks,Сводный индекс,Cumulative index,Йиғма индекс,2022-10,monthly,2022,101.24
1.02,Oziq-ovqat mahsulotlari,Продукты питания,Food products,Озиқ-овқат маҳсулотлари,2022-10,monthly,2022,101.38
1.03,Nooziq-ovqat mahsulotlari,Непродовольственные товары,Non-food products,Ноозиқ-овқат маҳсулотлари,2022-10,monthly,2022,100.93
1.04,Xizmatlar,Услуги,Services,Хизматлар,2022-10,monthly,2022,101.46
01,Oziq-ovqat mahsulotlari va spirtsiz ichimliklar,Продукты питания и безалкогольные напитки,Food and non-alcoholic drinks,Озиқ-овқат маҳсулотлари ва спиртсиз ичимликлар,2022-10,monthly,2022,101.33
02,"Spirtli ichimliklar, tamaki mahsulotlari","Алкогольные напитки, табачные изделия","Alcoholic drinks, tobacco products","Спиртли ичимликлар, тамаки маҳсулотлари",2022-10,monthly,2022,100.77
03,Kiyim va poyafzal,Одежда и обувь,Clothes and footwear,Кийим ва пояфзал,2022-10,monthly,2022,101.04
04,"Turar joy xizmatlari, suv, elektr, gaz va boshqa yonilg'i turlari","Жилищные услуги, вода, электричество, газ и другие виды топлива","Housing services, water, electricity, gas and other fuels","Турар жой хизматлари, сув, електр, газ ва бошқа ёнилғи турлари",2022-10,monthly,2022,101.18
05,"Uy-ro'zg'or asboblari, maishiy texnika va turar joylarga kundalik xizmat ko'rsatish","Предметы домащнего обихода, бытовая техника и текущее обслуживание жилья","Household items, appliances and routine home maintenance","Уй-рўзғор асбоблари, маиший техника ва турар жойларга кундалик хизмат кўрсатиш",2022-10,monthly,2022,101.23
06,Sog'liqni saqlash,Здравоохранение,Health care,Соғлиқни сақлаш,2022-10,monthly,2022,102.81
07,Transport,Транспорт,Transport,Транспорт,2022-10,monthly,2022,100.36
08,Axborot va aloqa,Информация и связь,Information and communication,Aхборот ва алоқа,2022-10,monthly,2022,98.85
09,"Dam olish, sport va madaniyat","Отдых, Спорт и культура","Recreation, sports and culture","Дам олиш, спорт ва маданият",2022-10,monthly,2022,101.56
10,Ta'lim sohasidagi xizmatlar,Услуги в области образования,Services in the field of education,Таълим соҳасидаги хизматлар,2022-10,monthly,2022,101.33
11,Restoranlar va mehmonxonalar xizmatlari,Рестораны и гостиничное обслуживание,Restaurants and hotel services,Ресторанлар ва меҳмонхоналар хизматлари,2022-10,monthly,2022,102.83
12,Sug'urtalash va moliyaviy xizmatlar,Страхование и финансовые услуги,Insurance and financial services,Суғурталаш ва молиявий хизматлар,2022-10,monthly,2022,100.21
13,"Maishiy tovarlar va xizmatlar, ijtimoiy himoya va turli tovarlar va xizmatlar","Бытовые товары и услуги, социальная защита и разные товары и услуги","Household goods and services, social protection and miscellaneous goods and services","Маиший товарлар ва хизматлар, ижтимоий ҳимоя ва турли товарлар ва хизматлар",2022-10,monthly,2022,101.46
1,Yig‘ma indeks,Сводный индекс,Cumulative index,Йиғма индекс,2022-11,monthly,2022,101.34
1.02,Oziq-ovqat mahsulotlari,Продукты питания,Food products,Озиқ-овқат маҳсулотлари,2022-11,monthly,2022,101.98
1.03,Nooziq-ovqat mahsulotlari,Непродовольственные товары,Non-food products,Ноозиқ-овқат маҳсулотлари,2022-11,monthly,2022,100.89
1.04,Xizmatlar,Услуги,Services,Хизматлар,2022-11,monthly,2022,100.8
01,Oziq-ovqat mahsulotlari va spirtsiz ichimliklar,Продукты питания и безалкогольные напитки,Food and non-alcoholic drinks,Озиқ-овқат маҳсулотлари ва спиртсиз ичимликлар,2022-11,monthly,2022,101.99
02,"Spirtli ichimliklar, tamaki mahsulotlari","Алкогольные напитки, табачные изделия","Alcoholic drinks, tobacco products","Спиртли ичимликлар, тамаки маҳсулотлари",2022-11,monthly,2022,101.42
03,Kiyim va poyafzal,Одежда и обувь,Clothes and footwear,Кийим ва пояфзал,2022-11,monthly,2022,101.06
04,"Turar joy xizmatlari, suv, elektr, gaz va boshqa yonilg'i turlari","Жилищные услуги, вода, электричество, газ и другие виды топлива","Housing services, water, electricity, gas and other fuels","Турар жой хизматлари, сув, електр, газ ва бошқа ёнилғи турлари",2022-11,monthly,2022,100.4
05,"Uy-ro'zg'or asboblari, maishiy texnika va turar joylarga kundalik xizmat ko'rsatish","Предметы домащнего обихода, бытовая техника и текущее обслуживание жилья","Household items, appliances and routine home maintenance","Уй-рўзғор асбоблари, маиший техника ва турар жойларга кундалик хизмат кўрсатиш",2022-11,monthly,2022,100.98
06,Sog'liqni saqlash,Здравоохранение,Health care,Соғлиқни сақлаш,2022-11,monthly,2022,101.29
07,Transport,Транспорт,Transport,Транспорт,2022-11,monthly,2022,100.64
08,Axborot va aloqa,Информация и связь,Information and communication,Aхборот ва алоқа,2022-11,monthly,2022,100.47
09,"Dam olish, sport va madaniyat","Отдых, Спорт и культура","Recreation, sports and culture","Дам олиш, спорт ва маданият",2022-11,monthly,2022,100.76
10,Ta'lim sohasidagi xizmatlar,Услуги в области образования,Services in the field of education,Таълим соҳасидаги хизматлар,2022-11,monthly,2022,100.28
11,Restoranlar va mehmonxonalar xizmatlari,Рестораны и гостиничное обслуживание,Restaurants and hotel services,Ресторанлар ва меҳмонхоналар хизматлари,2022-11,monthly,2022,101.79
12,Sug'urtalash va moliyaviy xizmatlar,Страхование и финансовые услуги,Insurance and financial services,Суғурталаш ва молиявий хизматлар,2022-11,monthly,2022,100.09
13,"Maishiy tovarlar va xizmatlar, ijtimoiy himoya va turli tovarlar va xizmatlar","Бытовые товары и услуги, социальная защита и разные товары и услуги","Household goods and services, social protection and miscellaneous goods and services","Маиший товарлар ва хизматлар, ижтимоий ҳимоя ва турли товарлар ва хизматлар",2022-11,monthly,2022,101.52
1,Yig‘ma indeks,Сводный индекс,Cumulative index,Йиғма индекс,2022-12,monthly,2022,101.23
1.02,Oziq-ovqat mahsulotlari,Продукты питания,Food products,Озиқ-овқат маҳсулотлари,2022-12,monthly,2022,101.69
1.03,Nooziq-ovqat mahsulotlari,Непродовольственные товары,Non-food products,Ноозиқ-овқат маҳсулотлари,2022-12,monthly,2022,100.77
1.04,Xizmatlar,Услуги,Services,Хизматлар,2022-12,monthly,2022,101.06
01,Oziq-ovqat mahsulotlari va spirtsiz ichimliklar,Продукты питания и безалкогольные напитки,Food and non-alcoholic drinks,Озиқ-овқат маҳсулотлари ва спиртсиз ичимликлар,2022-12,monthly,2022,101.66
02,"Spirtli ichimliklar, tamaki mahsulotlari","Алкогольные напитки, табачные изделия","Alcoholic drinks, tobacco products","Спиртли ичимликлар, тамаки маҳсулотлари",2022-12,monthly,2022,100.78
03,Kiyim va poyafzal,Одежда и обувь,Clothes and footwear,Кийим ва пояфзал,2022-12,monthly,2022,100.99
04,"Turar joy xizmatlari, suv, elektr, gaz va boshqa yonilg'i turlari","Жилищные услуги, вода, электричество, газ и другие виды топлива","Housing services, water, electricity, gas and other fuels","Турар жой хизматлари, сув, електр, газ ва бошқа ёнилғи турлари",2022-12,monthly,2022,100.18
05,"Uy-ro'zg'or asboblari, maishiy texnika va turar joylarga kundalik xizmat ko'rsatish","Предметы домащнего обихода, бытовая техника и текущее обслуживание жилья","Household items, appliances and routine home maintenance","Уй-рўзғор асбоблари, маиший техника ва турар жойларга кундалик хизмат кўрсатиш",2022-12,monthly,2022,101.0
06,Sog'liqni saqlash,Здравоохранение,Health care,Соғлиқни сақлаш,2022-12,monthly,2022,101.52
07,Transport,Транспорт,Transport,Транспорт,2022-12,monthly,2022,102.21
08,Axborot va aloqa,Информация и связь,Information and communication,Aхборот ва алоқа,2022-12,monthly,2022,100.19
09,"Dam olish, sport va madaniyat","Отдых, Спорт и культура","Recreation, sports and culture","Дам олиш, спорт ва маданият",2022-12,monthly,2022,100.53
10,Ta'lim sohasidagi xizmatlar,Услуги в области образования,Services in the field of education,Таълим соҳасидаги хизматлар,2022-12,monthly,2022,100.4
11,Restoranlar va mehmonxonalar xizmatlari,Рестораны и гостиничное обслуживание,Restaurants and hotel services,Ресторанлар ва меҳмонхоналар хизматлари,2022-12,monthly,2022,102.53
12,Sug'urtalash va moliyaviy xizmatlar,Страхование и финансовые услуги,Insurance and financial services,Суғурталаш ва молиявий хизматлар,2022-12,monthly,2022,100.08
13,"Maishiy tovarlar va xizmatlar, ijtimoiy himoya va turli tovarlar va xizmatlar","Бытовые товары и услуги, социальная защита и разные товары и услуги","Household goods and services, social protection and miscellaneous goods and services","Маиший товарлар ва хизматлар, ижтимоий ҳимоя ва турли товарлар ва хизматлар",2022-12,monthly,2022,99.7
1,Yig‘ma indeks,Сводный индекс,Cumulative index,Йиғма индекс,2023-01,monthly,2023,100.82
1.02,Oziq-ovqat mahsulotlari,Продукты питания,Food products,Озиқ-овқат маҳсулотлари,2023-01,monthly,2023,101.04
1.03,Nooziq-ovqat mahsulotlari,Непродовольственные товары,Non-food products,Ноозиқ-овқат маҳсулотлари,2023-01,monthly,2023,100.63
1.04,Xizmatlar,Услуги,Services,Хизматлар,2023-01,monthly,2023,100.68
01,Oziq-ovqat mahsulotlari va spirtsiz ichimliklar,Продукты питания и безалкогольные напитки,Food and non-alcoholic drinks,Озиқ-овқат маҳсулотлари ва спиртсиз ичимликлар,2023-01,monthly,2023,101.1
02,"Spirtli ichimliklar, tamaki mahsulotlari","Алкогольные напитки, табачные изделия","Alcoholic drinks, tobacco products","Спиртли ичимликлар, тамаки маҳсулотлари",2023-01,monthly,2023,100.25
03,Kiyim va poyafzal,Одежда и обувь,Clothes and footwear,Кийим ва пояфзал,2023-01,monthly,2023,100.87
04,"Turar joy xizmatlari, suv, elektr, gaz va boshqa yonilg'i turlari","Жилищные услуги, вода, электричество, газ и другие виды топлива","Housing services, water, electricity, gas and other fuels","Турар жой хизматлари, сув, електр, газ ва бошқа ёнилғи турлари",2023-01,monthly,2023,100.18
05,"Uy-ro'zg'or asboblari, maishiy texnika va turar joylarga kundalik xizmat ko'rsatish","Предметы домащнего обихода, бытовая техника и текущее обслуживание жилья","Household items, appliances and routine home maintenance","Уй-рўзғор асбоблари, маиший техника ва турар жойларга кундалик хизмат кўрсатиш",2023-01,monthly,2023,100.58
06,Sog'liqni saqlash,Здравоохранение,Health care,Соғлиқни сақлаш,2023-01,monthly,2023,100.97
07,Transport,Транспорт,Transport,Транспорт,2023-01,monthly,2023,100.74
08,Axborot va aloqa,Информация и связь,Information and communication,Aхборот ва алоқа,2023-01,monthly,2023,100.07
09,"Dam olish, sport va madaniyat","Отдых, Спорт и культура","Recreation, sports and culture","Дам олиш, спорт ва маданият",2023-01,monthly,2023,101.12
10,Ta'lim sohasidagi xizmatlar,Услуги в области образования,Services in the field of education,Таълим соҳасидаги хизматлар,2023-01,monthly,2023,100.17
11,Restoranlar va mehmonxonalar xizmatlari,Рестораны и гостиничное обслуживание,Restaurants and hotel services,Ресторанлар ва меҳмонхоналар хизматлари,2023-01,monthly,2023,100.96
12,Sug'urtalash va moliyaviy xizmatlar,Страхование и финансовые услуги,Insurance and financial services,Суғурталаш ва молиявий хизматлар,2023-01,monthly,2023,100.05
13,"Maishiy tovarlar va xizmatlar, ijtimoiy himoya va turli tovarlar va xizmatlar","Бытовые товары и услуги, социальная защита и разные товары и услуги","Household goods and services, social protection and miscellaneous goods and services","Маиший товарлар ва хизматлар, ижтимоий ҳимоя ва турли товарлар ва хизматлар",2023-01,monthly,2023,100.83
1,Yig‘ma indeks,Сводный индекс,Cumulative index,Йиғма индекс,2023-02,monthly,2023,100.54
1.02,Oziq-ovqat mahsulotlari,Продукты питания,Food products,Озиқ-овқат маҳсулотлари,2023-02,monthly,2023,100.72
1.03,Nooziq-ovqat mahsulotlari,Непродовольственные товары,Non-food products,Ноозиқ-овқат маҳсулотлари,2023-02,monthly,2023,100.33
1.04,Xizmatlar,Услуги,Services,Хизматлар,2023-02,monthly,2023,100.53
01,Oziq-ovqat mahsulotlari va spirtsiz ichimliklar,Продукты питания и безалкогольные напитки,Food and non-alcoholic drinks,Озиқ-овқат маҳсулотлари ва спиртсиз ичимликлар,2023-02,monthly,2023,100.76
02,"Spirtli ichimliklar, tamaki mahsulotlari","Алкогольные напитки, табачные изделия","Alcoholic drinks, tobacco products","Спиртли ичимликлар, тамаки маҳсулотлари",2023-02,monthly,2023,100.28
03,Kiyim va poyafzal,Одежда и обувь,Clothes and footwear,Кийим ва пояфзал,2023-02,monthly,2023,99.91
04,"Turar joy xizmatlari, suv, elektr, gaz va boshqa yonilg'i turlari","Жилищные услуги, вода, электричество, газ и другие виды топлива","Housing services, water, electricity, gas and other fuels","Турар жой хизматлари, сув, електр, газ ва бошқа ёнилғи турлари",2023-02,monthly,2023,99.98
05,"Uy-ro'zg'or asboblari, maishiy texnika va turar joylarga kundalik xizmat ko'rsatish","Предметы домащнего обихода, бытовая техника и текущее обслуживание жилья","Household items, appliances and routine home maintenance","Уй-рўзғор асбоблари, маиший техника ва турар жойларга кундалик хизмат кўрсатиш",2023-02,monthly,2023,100.19
06,Sog'liqni saqlash,Здравоохранение,Health care,Соғлиқни сақлаш,2023-02,monthly,2023,100.44
07,Transport,Транспорт,Transport,Транспорт,2023-02,monthly,2023,101.99
08,Axborot va aloqa,Информация и связь,Information and communication,Aхборот ва алоқа,2023-02,monthly,2023,100.13
09,"Dam olish, sport va madaniyat","Отдых, Спорт и культура","Recreation, sports and culture","Дам олиш, спорт ва маданият",2023-02,monthly,2023,100.63
10,Ta'lim sohasidagi xizmatlar,Услуги в области образования,Services in the field of education,Таълим соҳасидаги хизматлар,2023-02,monthly,2023,99.56
11,Restoranlar va mehmonxonalar xizmatlari,Рестораны и гостиничное обслуживание,Restaurants and hotel services,Ресторанлар ва меҳмонхоналар хизматлари,2023-02,monthly,2023,100.21
12,Sug'urtalash va moliyaviy xizmatlar,Страхование и финансовые услуги,Insurance and financial services,Суғурталаш ва молиявий хизматлар,2023-02,monthly,2023,100.06
13,"Maishiy tovarlar va xizmatlar, ijtimoiy himoya va turli tovarlar va xizmatlar","Бытовые товары и услуги, социальная защита и разные товары и услуги","Household goods and services, social protection and miscellaneous goods and services","Маиший товарлар ва хизматлар, ижтимоий ҳимоя ва турли товарлар ва хизматлар",2023-02,monthly,2023,100.62
1,Yig‘ma indeks,Сводный индекс,Cumulative index,Йиғма индекс,2023-03,monthly,2023,101.01
1.02,Oziq-ovqat mahsulotlari,Продукты питания,Food products,Озиқ-овқат маҳсулотлари,2023-03,monthly,2023,101.63
1.03,Nooziq-ovqat mahsulotlari,Непродовольственные товары,Non-food products,Ноозиқ-овқат маҳсулотлари,2023-03,monthly,2023,100.67
1.04,Xizmatlar,Услуги,Services,Хизматлар,2023-03,monthly,2023,100.38
01,Oziq-ovqat mahsulotlari va spirtsiz ichimliklar,Продукты питания и безалкогольные напитки,Food and non-alcoholic drinks,Озиқ-овқат маҳсулотлари ва спиртсиз ичимликлар,2023-03,monthly,2023,101.58
02,"Spirtli ichimliklar, tamaki mahsulotlari","Алкогольные напитки, табачные изделия","Alcoholic drinks, tobacco products","Спиртли ичимликлар, тамаки маҳсулотлари",2023-03,monthly,2023,101.31
03,Kiyim va poyafzal,Одежда и обувь,Clothes and footwear,Кийим ва пояфзал,2023-03,monthly,2023,100.14
04,"Turar joy xizmatlari, suv, elektr, gaz va boshqa yonilg'i turlari","Жилищные услуги, вода, электричество, газ и другие виды топлива","Housing services, water, electricity, gas and other fuels","Турар жой хизматлари, сув, електр, газ ва бошқа ёнилғи турлари",2023-03,monthly,2023,100.56
05,"Uy-ro'zg'or asboblari, maishiy texnika va turar joylarga kundalik xizmat ko'rsatish","Предметы домащнего обихода, бытовая техника и текущее обслуживание жилья","Household items, appliances and routine home maintenance","Уй-рўзғор асбоблари, маиший техника ва турар жойларга кундалик хизмат кўрсатиш",2023-03,monthly,2023,100.93
06,Sog'liqni saqlash,Здравоохранение,Health care,Соғлиқни сақлаш,2023-03,monthly,2023,101.26
07,Transport,Транспорт,Transport,Транспорт,2023-03,monthly,2023,100.14
08,Axborot va aloqa,Информация и связь,Information and communication,Aхборот ва алоқа,2023-03,monthly,2023,100.21
09,"Dam olish, sport va madaniyat","Отдых, Спорт и культура","Recreation, sports and culture","Дам олиш, спорт ва маданият",2023-03,monthly,2023,100.89
10,Ta'lim sohasidagi xizmatlar,Услуги в области образования,Services in the field of education,Таълим соҳасидаги хизматлар,2023-03,monthly,2023,99.74
11,Restoranlar va mehmonxonalar xizmatlari,Рестораны и гостиничное обслуживание,Restaurants and hotel services,Ресторанлар ва меҳмонхоналар хизматлари,2023-03,monthly,2023,102.76
12,Sug'urtalash va moliyaviy xizmatlar,Страхование и финансовые услуги,Insurance and financial services,Суғурталаш ва молиявий хизматлар,2023-03,monthly,2023,100.09
13,"Maishiy tovarlar va xizmatlar, ijtimoiy himoya va turli tovarlar va xizmatlar","Бытовые товары и услуги, социальная защита и разные товары и услуги","Household goods and services, social protection and miscellaneous goods and services","Маиший товарлар ва хизматлар, ижтимоий ҳимоя ва турли товарлар ва хизматлар",2023-03,monthly,2023,101.28
1,Yig‘ma indeks,Сводный индекс,Cumulative index,Йиғма индекс,2023-04,monthly,2023,100.83
1.02,Oziq-ovqat mahsulotlari,Продукты питания,Food products,Озиқ-овқат маҳсулотлари,2023-04,monthly,2023,101.24
1.03,Nooziq-ovqat mahsulotlari,Непродовольственные товары,Non-food products,Ноозиқ-овқат маҳсулотлари,2023-04,monthly,2023,100.54
1.04,Xizmatlar,Услуги,Services,Хизматлар,2023-04,monthly,2023,100.52
01,Oziq-ovqat mahsulotlari va spirtsiz ichimliklar,Продукты питания и безалкогольные напитки,Food and non-alcoholic drinks,Озиқ-овқат маҳсулотлари ва спиртсиз ичимликлар,2023-04,monthly,2023,101.26
02,"Spirtli ichimliklar, tamaki mahsulotlari","Алкогольные напитки, табачные изделия","Alcoholic drinks, tobacco products","Спиртли ичимликлар, тамаки маҳсулотлари",2023-04,monthly,2023,101.01
03,Kiyim va poyafzal,Одежда и обувь,Clothes and footwear,Кийим ва пояфзал,2023-04,monthly,2023,100.44
04,"Turar joy xizmatlari, suv, elektr, gaz va boshqa yonilg'i turlari","Жилищные услуги, вода, электричество, газ и другие виды топлива","Housing services, water, electricity, gas and other fuels","Турар жой хизматлари, сув, електр, газ ва бошқа ёнилғи турлари",2023-04,monthly,2023,100.84
05,"Uy-ro'zg'or asboblari, maishiy texnika va turar joylarga kundalik xizmat ko'rsatish","Предметы домащнего обихода, бытовая техника и текущее обслуживание жилья","Household items, appliances and routine home maintenance","Уй-рўзғор асбоблари, маиший техника ва турар жойларга кундалик хизмат кўрсатиш",2023-04,monthly,2023,100.81
06,Sog'liqni saqlash,Здравоохранение,Health care,Соғлиқни сақлаш,2023-04,monthly,2023,101.27
07,Transport,Транспорт,Transport,Транспорт,2023-04,monthly,2023,99.57
08,Axborot va aloqa,Информация и связь,Information and communication,Aхборот ва алоқа,2023-04,monthly,2023,100.07
09,"Dam olish, sport va madaniyat","Отдых, Спорт и культура","Recreation, sports and culture","Дам олиш, спорт ва маданият",2023-04,monthly,2023,101.05
10,Ta'lim sohasidagi xizmatlar,Услуги в области образования,Services in the field of education,Таълим соҳасидаги хизматлар,2023-04,monthly,2023,100.08
11,Restoranlar va mehmonxonalar xizmatlari,Рестораны и гостиничное обслуживание,Restaurants and hotel services,Ресторанлар ва меҳмонхоналар хизматлари,2023-04,monthly,2023,100.8
12,Sug'urtalash va moliyaviy xizmatlar,Страхование и финансовые услуги,Insurance and financial services,Суғурталаш ва молиявий хизматлар,2023-04,monthly,2023,99.97
13,"Maishiy tovarlar va xizmatlar, ijtimoiy himoya va turli tovarlar va xizmatlar","Бытовые товары и услуги, социальная защита и разные товары и услуги","Household goods and services, social protection and miscellaneous goods and services","Маиший товарлар ва хизматлар, ижтимоий ҳимоя ва турли товарлар ва хизматлар",2023-04,monthly,2023,100.68
1,Yig‘ma indeks,Сводный индекс,Cumulative index,Йиғма индекс,2023-05,monthly,2023,100.49
1.02,Oziq-ovqat mahsulotlari,Продукты питания,Food products,Озиқ-овқат маҳсулотлари,2023-05,monthly,2023,100.51
1.03,Nooziq-ovqat mahsulotlari,Непродовольственные товары,Non-food products,Ноозиқ-овқат маҳсулотлари,2023-05,monthly,2023,100.45
1.04,Xizmatlar,Услуги,Services,Хизматлар,2023-05,monthly,2023,100.53
01,Oziq-ovqat mahsulotlari va spirtsiz ichimliklar,Продукты питания и безалкогольные напитки,Food and non-alcoholic drinks,Озиқ-овқат маҳсулотлари ва спиртсиз ичимликлар,2023-05,monthly,2023,100.4
02,"Spirtli ichimliklar, tamaki mahsulotlari","Алкогольные напитки, табачные изделия","Alcoholic drinks, tobacco products","Спиртли ичимликлар, тамаки маҳсулотлари",2023-05,monthly,2023,100.89
03,Kiyim va poyafzal,Одежда и обувь,Clothes and footwear,Кийим ва пояфзал,2023-05,monthly,2023,100.44
04,"Turar joy xizmatlari, suv, elektr, gaz va boshqa yonilg'i turlari","Жилищные услуги, вода, электричество, газ и другие виды топлива","Housing services, water, electricity, gas and other fuels","Турар жой хизматлари, сув, електр, газ ва бошқа ёнилғи турлари",2023-05,monthly,2023,100.13
05,"Uy-ro'zg'or asboblari, maishiy texnika va turar joylarga kundalik xizmat ko'rsatish","Предметы домащнего обихода, бытовая техника и текущее обслуживание жилья","Household items, appliances and routine home maintenance","Уй-рўзғор асбоблари, маиший техника ва турар жойларга кундалик хизмат кўрсатиш",2023-05,monthly,2023,100.51
06,Sog'liqni saqlash,Здравоохранение,Health care,Соғлиқни сақлаш,2023-05,monthly,2023,101.17
07,Transport,Транспорт,Transport,Транспорт,2023-05,monthly,2023,100.25
08,Axborot va aloqa,Информация и связь,Information and communication,Aхборот ва алоқа,2023-05,monthly,2023,99.96
09,"Dam olish, sport va madaniyat","Отдых, Спорт и культура","Recreation, sports and culture","Дам олиш, спорт ва маданият",2023-05,monthly,2023,100.91
10,Ta'lim sohasidagi xizmatlar,Услуги в области образования,Services in the field of education,Таълим соҳасидаги хизматлар,2023-05,monthly,2023,100.37
11,Restoranlar va mehmonxonalar xizmatlari,Рестораны и гостиничное обслуживание,Restaurants and hotel services,Ресторанлар ва меҳмонхоналар хизматлари,2023-05,monthly,2023,102.84
12,Sug'urtalash va moliyaviy xizmatlar,Страхование и финансовые услуги,Insurance and financial services,Суғурталаш ва молиявий хизматлар,2023-05,monthly,2023,100.01
13,"Maishiy tovarlar va xizmatlar, ijtimoiy himoya va turli tovarlar va xizmatlar","Бытовые товары и услуги, социальная защита и разные товары и услуги","Household goods and services, social protection and miscellaneous goods and services","Маиший товарлар ва хизматлар, ижтимоий ҳимоя ва турли товарлар ва хизматлар",2023-05,monthly,2023,100.92
1,Yig‘ma indeks,Сводный индекс,Cumulative index,Йиғма индекс,2023-06,monthly,2023,99.71
1.02,Oziq-ovqat mahsulotlari,Продукты питания,Food products,Озиқ-овқат маҳсулотлари,2023-06,monthly,2023,98.89
1.03,Nooziq-ovqat mahsulotlari,Непродовольственные товары,Non-food products,Ноозиқ-овқат маҳсулотлари,2023-06,monthly,2023,100.4
1.04,Xizmatlar,Услуги,Services,Хизматлар,2023-06,monthly,2023,100.22
01,Oziq-ovqat mahsulotlari va spirtsiz ichimliklar,Продукты питания и безалкогольные напитки,Food and non-alcoholic drinks,Озиқ-овқат маҳсулотлари ва спиртсиз ичимликлар,2023-06,monthly,2023,98.64
02,"Spirtli ichimliklar, tamaki mahsulotlari","Алкогольные напитки, табачные изделия","Alcoholic drinks, tobacco products","Спиртли ичимликлар, тамаки маҳсулотлари",2023-06,monthly,2023,101.84
03,Kiyim va poyafzal,Одежда и обувь,Clothes and footwear,Кийим ва пояфзал,2023-06,monthly,2023,100.26
04,"Turar joy xizmatlari, suv, elektr, gaz va boshqa yonilg'i turlari","Жилищные услуги, вода, электричество, газ и другие виды топлива","Housing services, water, electricity, gas and other fuels","Турар жой хизматлари, сув, електр, газ ва бошқа ёнилғи турлари",2023-06,monthly,2023,100.18
05,"Uy-ro'zg'or asboblari, maishiy texnika va turar joylarga kundalik xizmat ko'rsatish","Предметы домащнего обихода, бытовая техника и текущее обслуживание жилья","Household items, appliances and routine home maintenance","Уй-рўзғор асбоблари, маиший техника ва турар жойларга кундалик хизмат кўрсатиш",2023-06,monthly,2023,100.46
06,Sog'liqni saqlash,Здравоохранение,Health care,Соғлиқни сақлаш,2023-06,monthly,2023,100.47
07,Transport,Транспорт,Transport,Транспорт,2023-06,monthly,2023,100.46
08,Axborot va aloqa,Информация и связь,Information and communication,Aхборот ва алоқа,2023-06,monthly,2023,99.08
09,"Dam olish, sport va madaniyat","Отдых, Спорт и культура","Recreation, sports and culture","Дам олиш, спорт ва маданият",2023-06,monthly,2023,100.98
10,Ta'lim sohasidagi xizmatlar,Услуги в области образования,Services in the field of education,Таълим соҳасидаги хизматлар,2023-06,monthly,2023,100.18
11,Restoranlar va mehmonxonalar xizmatlari,Рестораны и гостиничное обслуживание,Restaurants and hotel services,Ресторанлар ва меҳмонхоналар хизматлари,2023-06,monthly,2023,103.18
12,Sug'urtalash va moliyaviy xizmatlar,Страхование и финансовые услуги,Insurance and financial services,Суғурталаш ва молиявий хизматлар,2023-06,monthly,2023,100.82
13,"Maishiy tovarlar va xizmatlar, ijtimoiy himoya va turli tovarlar va xizmatlar","Бытовые товары и услуги, социальная защита и разные товары и услуги","Household goods and services, social protection and miscellaneous goods and services","Маиший товарлар ва хизматлар, ижтимоий ҳимоя ва турли товарлар ва хизматлар",2023-06,monthly,2023,100.71
1,Yig‘ma indeks,Сводный индекс,Cumulative index,Йиғма индекс,2023-07,monthly,2023,99.84
1.02,Oziq-ovqat mahsulotlari,Продукты питания,Food products,Озиқ-овқат маҳсулотлари,2023-07,monthly,2023,99.1
1.03,Nooziq-ovqat mahsulotlari,Непродовольственные товары,Non-food products,Ноозиқ-овқат маҳсулотлари,2023-07,monthly,2023,100.34
1.04,Xizmatlar,Услуги,Services,Хизматлар,2023-07,monthly,2023,100.48
01,Oziq-ovqat mahsulotlari va spirtsiz ichimliklar,Продукты питания и безалкогольные напитки,Food and non-alcoholic drinks,Озиқ-овқат маҳсулотлари ва спиртсиз ичимликлар,2023-07,monthly,2023,99.01
02,"Spirtli ichimliklar, tamaki mahsulotlari","Алкогольные напитки, табачные изделия","Alcoholic drinks, tobacco products","Спиртли ичимликлар, тамаки маҳсулотлари",2023-07,monthly,2023,100.45
03,Kiyim va poyafzal,Одежда и обувь,Clothes and footwear,Кийим ва пояфзал,2023-07,monthly,2023,100.2
04,"Turar joy xizmatlari, suv, elektr, gaz va boshqa yonilg'i turlari","Жилищные услуги, вода, электричество, газ и другие виды топлива","Housing services, water, electricity, gas and other fuels","Турар жой хизматлари, сув, електр, газ ва бошқа ёнилғи турлари",2023-07,monthly,2023,100.53
05,"Uy-ro'zg'or asboblari, maishiy texnika va turar joylarga kundalik xizmat ko'rsatish","Предметы домащнего обихода, бытовая техника и текущее обслуживание жилья","Household items, appliances and routine home maintenance","Уй-рўзғор асбоблари, маиший техника ва турар жойларга кундалик хизмат кўрсатиш",2023-07,monthly,2023,100.34
06,Sog'liqni saqlash,Здравоохранение,Health care,Соғлиқни сақлаш,2023-07,monthly,2023,100.47
07,Transport,Транспорт,Transport,Транспорт,2023-07,monthly,2023,100.81
08,Axborot va aloqa,Информация и связь,Information and communication,Aхборот ва алоқа,2023-07,monthly,2023,99.97
09,"Dam olish, sport va madaniyat","Отдых, Спорт и культура","Recreation, sports and culture","Дам олиш, спорт ва маданият",2023-07,monthly,2023,100.31
10,Ta'lim sohasidagi xizmatlar,Услуги в области образования,Services in the field of education,Таълим соҳасидаги хизматлар,2023-07,monthly,2023,100.06
11,Restoranlar va mehmonxonalar xizmatlari,Рестораны и гостиничное обслуживание,Restaurants and hotel services,Ресторанлар ва меҳмонхоналар хизматлари,2023-07,monthly,2023,100.61
12,Sug'urtalash va moliyaviy xizmatlar,Страхование и финансовые услуги,Insurance and financial services,Суғурталаш ва молиявий хизматлар,2023-07,monthly,2023,100.11
13,"Maishiy tovarlar va xizmatlar, ijtimoiy himoya va turli tovarlar va xizmatlar","Бытовые товары и услуги, социальная защита и разные товары и услуги","Household goods and services, social protection and miscellaneous goods and services","Маиший товарлар ва хизматлар, ижтимоий ҳимоя ва турли товарлар ва хизматлар",2023-07,monthly,2023,100.33
1,Yig‘ma indeks,Сводный индекс,Cumulative index,Йиғма индекс,2023-08,monthly,2023,100.54
1.02,Oziq-ovqat mahsulotlari,Продукты питания,Food products,Озиқ-овқат маҳсулотлари,2023-08,monthly,2023,100.57
1.03,Nooziq-ovqat mahsulotlari,Непродовольственные товары,Non-food products,Ноозиқ-овқат маҳсулотлари,2023-08,monthly,2023,100.4
1.04,Xizmatlar,Услуги,Services,Хизматлар,2023-08,monthly,2023,100.68
01,Oziq-ovqat mahsulotlari va spirtsiz ichimliklar,Продукты питания и безалкогольные напитки,Food and non-alcoholic drinks,Озиқ-овқат маҳсулотлари ва спиртсиз ичимликлар,2023-08,monthly,2023,100.55
02,"Spirtli ichimliklar, tamaki mahsulotlari","Алкогольные напитки, табачные изделия","Alcoholic drinks, tobacco products","Спиртли ичимликлар, тамаки маҳсулотлари",2023-08,monthly,2023,100.58
03,Kiyim va poyafzal,Одежда и обувь,Clothes and footwear,Кийим ва пояфзал,2023-08,monthly,2023,100.13
04,"Turar joy xizmatlari, suv, elektr, gaz va boshqa yonilg'i turlari","Жилищные услуги, вода, электричество, газ и другие виды топлива","Housing services, water, electricity, gas and other fuels","Турар жой хизматлари, сув, електр, газ ва бошқа ёнилғи турлари",2023-08,monthly,2023,100.64
05,"Uy-ro'zg'or asboblari, maishiy texnika va turar joylarga kundalik xizmat ko'rsatish","Предметы домащнего обихода, бытовая техника и текущее обслуживание жилья","Household items, appliances and routine home maintenance","Уй-рўзғор асбоблари, маиший техника ва турар жойларга кундалик хизмат кўрсатиш",2023-08,monthly,2023,100.23
06,Sog'liqni saqlash,Здравоохранение,Health care,Соғлиқни сақлаш,2023-08,monthly,2023,100.3
07,Transport,Транспорт,Transport,Транспорт,2023-08,monthly,2023,101.46
08,Axborot va aloqa,Информация и связь,Information and communication,Aхборот ва алоқа,2023-08,monthly,2023,100.08
09,"Dam olish, sport va madaniyat","Отдых, Спорт и культура","Recreation, sports and culture","Дам олиш, спорт ва маданият",2023-08,monthly,2023,100.37
10,Ta'lim sohasidagi xizmatlar,Услуги в области образования,Services in the field of education,Таълим соҳасидаги хизматлар,2023-08,monthly,2023,99.97
11,Restoranlar va mehmonxonalar xizmatlari,Рестораны и гостиничное обслуживание,Restaurants and hotel services,Ресторанлар ва меҳмонхоналар хизматлари,2023-08,monthly,2023,101.0
12,Sug'urtalash va moliyaviy xizmatlar,Страхование и финансовые услуги,Insurance and financial services,Суғурталаш ва молиявий хизматлар,2023-08,monthly,2023,100.82
13,"Maishiy tovarlar va xizmatlar, ijtimoiy himoya va turli tovarlar va xizmatlar","Бытовые товары и услуги, социальная защита и разные товары и услуги","Household goods and services, social protection and miscellaneous goods and services","Маиший товарлар ва хизматлар, ижтимоий ҳимоя ва турли товарлар ва хизматлар",2023-08,monthly,2023,100.8
1,Yig‘ma indeks,Сводный индекс,Cumulative index,Йиғма индекс,2023-09,monthly,2023,101.24
1.02,Oziq-ovqat mahsulotlari,Продукты питания,Food products,Озиқ-овқат маҳсулотлари,2023-09,monthly,2023,101.81
1.03,Nooziq-ovqat mahsulotlari,Непродовольственные товары,Non-food products,Ноозиқ-овқат маҳсулотлари,2023-09,monthly,2023,100.98
1.04,Xizmatlar,Услуги,Services,Хизматлар,2023-09,monthly,2023,100.59
01,Oziq-ovqat mahsulotlari va spirtsiz ichimliklar,Продукты питания и безалкогольные напитки,Food and non-alcoholic drinks,Озиқ-овқат маҳсулотлари ва спиртсиз ичимликлар,2023-09,monthly,2023,101.9
02,"Spirtli ichimliklar, tamaki mahsulotlari","Алкогольные напитки, табачные изделия","Alcoholic drinks, tobacco products","Спиртли ичимликлар, тамаки маҳсулотлари",2023-09,monthly,2023,100.85
03,Kiyim va poyafzal,Одежда и обувь,Clothes and footwear,Кийим ва пояфзал,2023-09,monthly,2023,100.86
04,"Turar joy xizmatlari, suv, elektr, gaz va boshqa yonilg'i turlari","Жилищные услуги, вода, электричество, газ и другие виды топлива","Housing services, water, electricity, gas and other fuels","Турар жой хизматлари, сув, електр, газ ва бошқа ёнилғи турлари",2023-09,monthly,2023,100.45
05,"Uy-ro'zg'or asboblari, maishiy texnika va turar joylarga kundalik xizmat ko'rsatish","Предметы домащнего обихода, бытовая техника и текущее обслуживание жилья","Household items, appliances and routine home maintenance","Уй-рўзғор асбоблари, маиший техника ва турар жойларга кундалик хизмат кўрсатиш",2023-09,monthly,2023,100.96
06,Sog'liqni saqlash,Здравоохранение,Health care,Соғлиқни сақлаш,2023-09,monthly,2023,101.0
07,Transport,Транспорт,Transport,Транспорт,2023-09,monthly,2023,101.14
08,Axborot va aloqa,Информация и связь,Information and communication,Aхборот ва алоқа,2023-09,monthly,2023,100.22
09,"Dam olish, sport va madaniyat","Отдых, Спорт и культура","Recreation, sports and culture","Дам олиш, спорт ва маданият",2023-09,monthly,2023,100.74
10,Ta'lim sohasidagi xizmatlar,Услуги в области образования,Services in the field of education,Таълим соҳасидаги хизматлар,2023-09,monthly,2023,100.55
11,Restoranlar va mehmonxonalar xizmatlari,Рестораны и гостиничное обслуживание,Restaurants and hotel services,Ресторанлар ва меҳмонхоналар хизматлари,2023-09,monthly,2023,100.53
12,Sug'urtalash va moliyaviy xizmatlar,Страхование и финансовые услуги,Insurance and financial services,Суғурталаш ва молиявий хизматлар,2023-09,monthly,2023,100.6
13,"Maishiy tovarlar va xizmatlar, ijtimoiy himoya va turli tovarlar va xizmatlar","Бытовые товары и услуги, социальная защита и разные товары и услуги","Household goods and services, social protection and miscellaneous goods and services","Маиший товарлар ва хизматлар, ижтимоий ҳимоя ва турли товарлар ва хизматлар",2023-09,monthly,2023,101.12
1,Yig‘ma indeks,Сводный индекс,Cumulative index,Йиғма индекс,2023-10,monthly,2023,101.04
1.02,Oziq-ovqat mahsulotlari,Продукты питания,Food products,Озиқ-овқат маҳсулотлари,2023-10,monthly,2023,101.25
1.03,Nooziq-ovqat mahsulotlari,Непродовольственные товары,Non-food products,Ноозиқ-овқат маҳсулотлари,2023-10,monthly,2023,101.0
1.04,Xizmatlar,Услуги,Services,Хизматлар,2023-10,monthly,2023,100.74
01,Oziq-ovqat mahsulotlari va spirtsiz ichimliklar,Продукты питания и безалкогольные напитки,Food and non-alcoholic drinks,Озиқ-овқат маҳсулотлари ва спиртсиз ичимликлар,2023-10,monthly,2023,101.17
02,"Spirtli ichimliklar, tamaki mahsulotlari","Алкогольные напитки, табачные изделия","Alcoholic drinks, tobacco products","Спиртли ичимликлар, тамаки маҳсулотлари",2023-10,monthly,2023,100.88
03,Kiyim va poyafzal,Одежда и обувь,Clothes and footwear,Кийим ва пояфзал,2023-10,monthly,2023,100.69
04,"Turar joy xizmatlari, suv, elektr, gaz va boshqa yonilg'i turlari","Жилищные услуги, вода, электричество, газ и другие виды топлива","Housing services, water, electricity, gas and other fuels","Турар жой хизматлари, сув, електр, газ ва бошқа ёнилғи турлари",2023-10,monthly,2023,100.47
05,"Uy-ro'zg'or asboblari, maishiy texnika va turar joylarga kundalik xizmat ko'rsatish","Предметы домащнего обихода, бытовая техника и текущее обслуживание жилья","Household items, appliances and routine home maintenance","Уй-рўзғор асбоблари, маиший техника ва турар жойларга кундалик хизмат кўрсатиш",2023-10,monthly,2023,100.63
06,Sog'liqni saqlash,Здравоохранение,Health care,Соғлиқни сақлаш,2023-10,monthly,2023,100.72
07,Transport,Транспорт,Transport,Транспорт,2023-10,monthly,2023,103.49
08,Axborot va aloqa,Информация и связь,Information and communication,Aхборот ва алоқа,2023-10,monthly,2023,98.03
09,"Dam olish, sport va madaniyat","Отдых, Спорт и культура","Recreation, sports and culture","Дам олиш, спорт ва маданият",2023-10,monthly,2023,100.56
10,Ta'lim sohasidagi xizmatlar,Услуги в области образования,Services in the field of education,Таълим соҳасидаги хизматлар,2023-10,monthly,2023,100.62
11,Restoranlar va mehmonxonalar xizmatlari,Рестораны и гостиничное обслуживание,Restaurants and hotel services,Ресторанлар ва меҳмонхоналар хизматлари,2023-10,monthly,2023,102.65
12,Sug'urtalash va moliyaviy xizmatlar,Страхование и финансовые услуги,Insurance and financial services,Суғурталаш ва молиявий хизматлар,2023-10,monthly,2023,100.25
13,"Maishiy tovarlar va xizmatlar, ijtimoiy himoya va turli tovarlar va xizmatlar","Бытовые товары и услуги, социальная защита и разные товары и услуги","Household goods and services, social protection and miscellaneous goods and services","Маиший товарлар ва хизматлар, ижтимоий ҳимоя ва турли товарлар ва хизматлар",2023-10,monthly,2023,100.71
1,Yig‘ma indeks,Сводный индекс,Cumulative index,Йиғма индекс,2023-11,monthly,2023,101.13
1.02,Oziq-ovqat mahsulotlari,Продукты питания,Food products,Озиқ-овқат маҳсулотлари,2023-11,monthly,2023,101.25
1.03,Nooziq-ovqat mahsulotlari,Непродовольственные товары,Non-food products,Ноозиқ-овқат маҳсулотлари,2023-11,monthly,2023,100.71
1.04,Xizmatlar,Услуги,Services,Хизматлар,2023-11,monthly,2023,101.54
01,Oziq-ovqat mahsulotlari va spirtsiz ichimliklar,Продукты питания и безалкогольные напитки,Food and non-alcoholic drinks,Озиқ-овқат маҳсулотлари ва спиртсиз ичимликлар,2023-11,monthly,2023,101.19
02,"Spirtli ichimliklar, tamaki mahsulotlari","Алкогольные напитки, табачные изделия","Alcoholic drinks, tobacco products","Спиртли ичимликлар, тамаки маҳсулотлари",2023-11,monthly,2023,100.68
03,Kiyim va poyafzal,Одежда и обувь,Clothes and footwear,Кийим ва пояфзал,2023-11,monthly,2023,100.67
04,"Turar joy xizmatlari, suv, elektr, gaz va boshqa yonilg'i turlari","Жилищные услуги, вода, электричество, газ и другие виды топлива","Housing services, water, electricity, gas and other fuels","Турар жой хизматлари, сув, електр, газ ва бошқа ёнилғи турлари",2023-11,monthly,2023,101.14
05,"Uy-ro'zg'or asboblari, maishiy texnika va turar joylarga kundalik xizmat ko'rsatish","Предметы домащнего обихода, бытовая техника и текущее обслуживание жилья","Household items, appliances and routine home maintenance","Уй-рўзғор асбоблари, маиший техника ва турар жойларга кундалик хизмат кўрсатиш",2023-11,monthly,2023,100.4
06,Sog'liqni saqlash,Здравоохранение,Health care,Соғлиқни сақлаш,2023-11,monthly,2023,100.52
07,Transport,Транспорт,Transport,Транспорт,2023-11,monthly,2023,102.56
08,Axborot va aloqa,Информация и связь,Information and communication,Aхборот ва алоқа,2023-11,monthly,2023,101.36
09,"Dam olish, sport va madaniyat","Отдых, Спорт и культура","Recreation, sports and culture","Дам олиш, спорт ва маданият",2023-11,monthly,2023,101.14
10,Ta'lim sohasidagi xizmatlar,Услуги в области образования,Services in the field of education,Таълим соҳасидаги хизматлар,2023-11,monthly,2023,100.2
11,Restoranlar va mehmonxonalar xizmatlari,Рестораны и гостиничное обслуживание,Restaurants and hotel services,Ресторанлар ва меҳмонхоналар хизматлари,2023-11,monthly,2023,102.59
12,Sug'urtalash va moliyaviy xizmatlar,Страхование и финансовые услуги,Insurance and financial services,Суғурталаш ва молиявий хизматлар,2023-11,monthly,2023,100.81
13,"Maishiy tovarlar va xizmatlar, ijtimoiy himoya va turli tovarlar va xizmatlar","Бытовые товары и услуги, социальная защита и разные товары и услуги","Household goods and services, social protection and miscellaneous goods and services","Маиший товарлар ва хизматлар, ижтимоий ҳимоя ва турли товарлар ва хизматлар",2023-11,monthly,2023,100.84
1,Yig‘ma indeks,Сводный индекс,Cumulative index,Йиғма индекс,2023-12,monthly,2023,101.24
1.02,Oziq-ovqat mahsulotlari,Продукты питания,Food products,Озиқ-овқат маҳсулотлари,2023-12,monthly,2023,101.31
1.03,Nooziq-ovqat mahsulotlari,Непродовольственные товары,Non-food products,Ноозиқ-овқат маҳсулотлари,2023-12,monthly,2023,101.0
1.04,Xizmatlar,Услуги,Services,Хизматлар,2023-12,monthly,2023,101.49
01,Oziq-ovqat mahsulotlari va spirtsiz ichimliklar,Продукты питания и безалкогольные напитки,Food and non-alcoholic drinks,Озиқ-овқат маҳсулотлари ва спиртсиз ичимликлар,2023-12,monthly,2023,101.38
02,"Spirtli ichimliklar, tamaki mahsulotlari","Алкогольные напитки, табачные изделия","Alcoholic drinks, tobacco products","Спиртли ичимликлар, тамаки маҳсулотлари",2023-12,monthly,2023,100.94
03,Kiyim va poyafzal,Одежда и обувь,Clothes and footwear,Кийим ва пояфзал,2023-12,monthly,2023,101.43
04,"Turar joy xizmatlari, suv, elektr, gaz va boshqa yonilg'i turlari","Жилищные услуги, вода, электричество, газ и другие виды топлива","Housing services, water, electricity, gas and other fuels","Турар жой хизматлари, сув, електр, газ ва бошқа ёнилғи турлари",2023-12,monthly,2023,101.1
05,"Uy-ro'zg'or asboblari, maishiy texnika va turar joylarga kundalik xizmat ko'rsatish","Предметы домащнего обихода, бытовая техника и текущее обслуживание жилья","Household items, appliances and routine home maintenance","Уй-рўзғор асбоблари, маиший техника ва турар жойларга кундалик хизмат кўрсатиш",2023-12,monthly,2023,101.36
06,Sog'liqni saqlash,Здравоохранение,Health care,Соғлиқни сақлаш,2023-12,monthly,2023,100.75
07,Transport,Транспорт,Transport,Транспорт,2023-12,monthly,2023,101.64
08,Axborot va aloqa,Информация и связь,Information and communication,Aхборот ва алоқа,2023-12,monthly,2023,100.59
09,"Dam olish, sport va madaniyat","Отдых, Спорт и культура","Recreation, sports and culture","Дам олиш, спорт ва маданият",2023-12,monthly,2023,100.92
10,Ta'lim sohasidagi xizmatlar,Услуги в области образования,Services in the field of education,Таълим соҳасидаги хизматлар,2023-12,monthly,2023,101.01
11,Restoranlar va mehmonxonalar xizmatlari,Рестораны и гостиничное обслуживание,Restaurants and hotel services,Ресторанлар ва меҳмонхоналар хизматлари,2023-12,monthly,2023,100.03
12,Sug'urtalash va moliyaviy xizmatlar,Страхование и финансовые услуги,Insurance and financial services,Суғурталаш ва молиявий хизматлар,2023-12,monthly,2023,100.1
13,"Maishiy tovarlar va xizmatlar, ijtimoiy himoya va turli tovarlar va xizmatlar","Бытовые товары и услуги, социальная защита и разные товары и услуги","Household goods and services, social protection and miscellaneous goods and services","Маиший товарлар ва хизматлар, ижтимоий ҳимоя ва турли товарлар ва хизматлар",2023-12,monthly,2023,101.23
1,Yig‘ma indeks,Сводный индекс,Cumulative index,Йиғма индекс,2024-01,monthly,2024,100.64
1.02,Oziq-ovqat mahsulotlari,Продукты питания,Food products,Озиқ-овқат маҳсулотлари,2024-01,monthly,2024,100.68
1.03,Nooziq-ovqat mahsulotlari,Непродовольственные товары,Non-food products,Ноозиқ-овқат маҳсулотлари,2024-01,monthly,2024,100.41
1.04,Xizmatlar,Услуги,Services,Хизматлар,2024-01,monthly,2024,100.88
01,Oziq-ovqat mahsulotlari va spirtsiz ichimliklar,Продукты питания и безалкогольные напитки,Food and non-alcoholic drinks,Озиқ-овқат маҳсулотлари ва спиртсиз ичимликлар,2024-01,monthly,2024,100.69
02,"Spirtli ichimliklar, tamaki mahsulotlari","Алкогольные напитки, табачные изделия","Alcoholic drinks, tobacco products","Спиртли ичимликлар, тамаки маҳсулотлари",2024-01,monthly,2024,100.54
03,Kiyim va poyafzal,Одежда и обувь,Clothes and footwear,Кийим ва пояфзал,2024-01,monthly,2024,100.15
04,"Turar joy xizmatlari, suv, elektr, gaz va boshqa yonilg'i turlari","Жилищные услуги, вода, электричество, газ и другие виды топлива","Housing services, water, electricity, gas and other fuels","Турар жой хизматлари, сув, електр, газ ва бошқа ёнилғи турлари",2024-01,monthly,2024,100.86
05,"Uy-ro'zg'or asboblari, maishiy texnika va turar joylarga kundalik xizmat ko'rsatish","Предметы домащнего обихода, бытовая техника и текущее обслуживание жилья","Household items, appliances and routine home maintenance","Уй-рўзғор асбоблари, маиший техника ва турар жойларга кундалик хизмат кўрсатиш",2024-01,monthly,2024,100.19
06,Sog'liqni saqlash,Здравоохранение,Health care,Соғлиқни сақлаш,2024-01,monthly,2024,100.54
07,Transport,Транспорт,Transport,Транспорт,2024-01,monthly,2024,101.19
08,Axborot va aloqa,Информация и связь,Information and communication,Aхборот ва алоқа,2024-01,monthly,2024,100.0
09,"Dam olish, sport va madaniyat","Отдых, Спорт и культура","Recreation, sports and culture","Дам олиш, спорт ва маданият",2024-01,monthly,2024,100.99
10,Ta'lim sohasidagi xizmatlar,Услуги в области образования,Services in the field of education,Таълим соҳасидаги хизматлар,2024-01,monthly,2024,100.29
11,Restoranlar va mehmonxonalar xizmatlari,Рестораны и гостиничное обслуживание,Restaurants and hotel services,Ресторанлар ва меҳмонхоналар хизматлари,2024-01,monthly,2024,101.5
12,Sug'urtalash va moliyaviy xizmatlar,Страхование и финансовые услуги,Insurance and financial services,Суғурталаш ва молиявий хизматлар,2024-01,monthly,2024,100.16
13,"Maishiy tovarlar va xizmatlar, ijtimoiy himoya va turli tovarlar va xizmatlar","Бытовые товары и услуги, социальная защита и разные товары и услуги","Household goods and services, social protection and miscellaneous goods and services","Маиший товарлар ва хизматлар, ижтимоий ҳимоя ва турли товарлар ва хизматлар",2024-01,monthly,2024,100.39
1,Yig‘ma indeks,Сводный индекс,Cumulative index,Йиғма индекс,2024-02,monthly,2024,100.32
1.02,Oziq-ovqat mahsulotlari,Продукты питания,Food products,Озиқ-овқат маҳсулотлари,2024-02,monthly,2024,100.21
1.03,Nooziq-ovqat mahsulotlari,Непродовольственные товары,Non-food products,Ноозиқ-овқат маҳсулотлари,2024-02,monthly,2024,100.23
1.04,Xizmatlar,Услуги,Services,Хизматлар,2024-02,monthly,2024,100.68
01,Oziq-ovqat mahsulotlari va spirtsiz ichimliklar,Продукты питания и безалкогольные напитки,Food and non-alcoholic drinks,Озиқ-овқат маҳсулотлари ва спиртсиз ичимликлар,2024-02,monthly,2024,100.19
02,"Spirtli ichimliklar, tamaki mahsulotlari","Алкогольные напитки, табачные изделия","Alcoholic drinks, tobacco products","Спиртли ичимликлар, тамаки маҳсулотлари",2024-02,monthly,2024,100.98
03,Kiyim va poyafzal,Одежда и обувь,Clothes and footwear,Кийим ва пояфзал,2024-02,monthly,2024,100.36
04,"Turar joy xizmatlari, suv, elektr, gaz va boshqa yonilg'i turlari","Жилищные услуги, вода, электричество, газ и другие виды топлива","Housing services, water, electricity, gas and other fuels","Турар жой хизматлари, сув, електр, газ ва бошқа ёнилғи турлари",2024-02,monthly,2024,100.71
05,"Uy-ro'zg'or asboblari, maishiy texnika va turar joylarga kundalik xizmat ko'rsatish","Предметы домащнего обихода, бытовая техника и текущее обслуживание жилья","Household items, appliances and routine home maintenance","Уй-рўзғор асбоблари, маиший техника ва турар жойларга кундалик хизмат кўрсатиш",2024-02,monthly,2024,100.09
06,Sog'liqni saqlash,Здравоохранение,Health care,Соғлиқни сақлаш,2024-02,monthly,2024,100.79
07,Transport,Транспорт,Transport,Транспорт,2024-02,monthly,2024,100.45
08,Axborot va aloqa,Информация и связь,Information and communication,Aхборот ва алоқа,2024-02,monthly,2024,99.92
09,"Dam olish, sport va madaniyat","Отдых, Спорт и культура","Recreation, sports and culture","Дам олиш, спорт ва маданият",2024-02,monthly,2024,100.4
10,Ta'lim sohasidagi xizmatlar,Услуги в области образования,Services in the field of education,Таълим соҳасидаги хизматлар,2024-02,monthly,2024,100.31
11,Restoranlar va mehmonxonalar xizmatlari,Рестораны и гостиничное обслуживание,Restaurants and hotel services,Ресторанлар ва меҳмонхоналар хизматлари,2024-02,monthly,2024,100.37
12,Sug'urtalash va moliyaviy xizmatlar,Страхование и финансовые услуги,Insurance and financial services,Суғурталаш ва молиявий хизматлар,2024-02,monthly,2024,99.83
13,"Maishiy tovarlar va xizmatlar, ijtimoiy himoya va turli tovarlar va xizmatlar","Бытовые товары и услуги, социальная защита и разные товары и услуги","Household goods and services, social protection and miscellaneous goods and services","Маиший товарлар ва хизматлар, ижтимоий ҳимоя ва турли товарлар ва хизматлар",2024-02,monthly,2024,100.09
1,Yig‘ma indeks,Сводный индекс,Cumulative index,Йиғма индекс,2024-03,monthly,2024,100.67
1.02,Oziq-ovqat mahsulotlari,Продукты питания,Food products,Озиқ-овқат маҳсулотлари,2024-03,monthly,2024,100.78
1.03,Nooziq-ovqat mahsulotlari,Непродовольственные товары,Non-food products,Ноозиқ-овқат маҳсулотлари,2024-03,monthly,2024,100.48
1.04,Xizmatlar,Услуги,Services,Хизматлар,2024-03,monthly,2024,100.73
01,Oziq-ovqat mahsulotlari va spirtsiz ichimliklar,Продукты питания и безалкогольные напитки,Food and non-alcoholic drinks,Озиқ-овқат маҳсулотлари ва спиртсиз ичимликлар,2024-03,monthly,2024,100.79
02,"Spirtli ichimliklar, tamaki mahsulotlari","Алкогольные напитки, табачные изделия","Alcoholic drinks, tobacco products","Спиртли ичимликлар, тамаки маҳсулотлари",2024-03,monthly,2024,100.62
03,Kiyim va poyafzal,Одежда и обувь,Clothes and footwear,Кийим ва пояфзал,2024-03,monthly,2024,100.39
04,"Turar joy xizmatlari, suv, elektr, gaz va boshqa yonilg'i turlari","Жилищные услуги, вода, электричество, газ и другие виды топлива","Housing services, water, electricity, gas and other fuels","Турар жой хизматлари, сув, електр, газ ва бошқа ёнилғи турлари",2024-03,monthly,2024,100.56
05,"Uy-ro'zg'or asboblari, maishiy texnika va turar joylarga kundalik xizmat ko'rsatish","Предметы домащнего обихода, бытовая техника и текущее обслуживание жилья","Household items, appliances and routine home maintenance","Уй-рўзғор асбоблари, маиший техника ва турар жойларга кундалик хизмат кўрсатиш",2024-03,monthly,2024,100.32
06,Sog'liqni saqlash,Здравоохранение,Health care,Соғлиқни сақлаш,2024-03,monthly,2024,101.81
07,Transport,Транспорт,Transport,Транспорт,2024-03,monthly,2024,100.54
08,Axborot va aloqa,Информация и связь,Information and communication,Aхборот ва алоқа,2024-03,monthly,2024,100.13
09,"Dam olish, sport va madaniyat","Отдых, Спорт и культура","Recreation, sports and culture","Дам олиш, спорт ва маданият",2024-03,monthly,2024,100.72
10,Ta'lim sohasidagi xizmatlar,Услуги в области образования,Services in the field of education,Таълим соҳасидаги хизматлар,2024-03,monthly,2024,100.03
11,Restoranlar va mehmonxonalar xizmatlari,Рестораны и гостиничное обслуживание,Restaurants and hotel services,Ресторанлар ва меҳмонхоналар хизматлари,2024-03,monthly,2024,100.49
12,Sug'urtalash va moliyaviy xizmatlar,Страхование и финансовые услуги,Insurance and financial services,Суғурталаш ва молиявий хизматлар,2024-03,monthly,2024,100.02
13,"Maishiy tovarlar va xizmatlar, ijtimoiy himoya va turli tovarlar va xizmatlar","Бытовые товары и услуги, социальная защита и разные товары и услуги","Household goods and services, social protection and miscellaneous goods and services","Маиший товарлар ва хизматлар, ижтимоий ҳимоя ва турли товарлар ва хизматлар",2024-03,monthly,2024,100.72
1,Yig‘ma indeks,Сводный индекс,Cumulative index,Йиғма индекс,2024-04,monthly,2024,100.93
1.02,Oziq-ovqat mahsulotlari,Продукты питания,Food products,Озиқ-овқат маҳсулотлари,2024-04,monthly,2024,100.43
1.03,Nooziq-ovqat mahsulotlari,Непродовольственные товары,Non-food products,Ноозиқ-овқат маҳсулотлари,2024-04,monthly,2024,101.0
1.04,Xizmatlar,Услуги,Services,Хизматлар,2024-04,monthly,2024,101.77
01,Oziq-ovqat mahsulotlari va spirtsiz ichimliklar,Продукты питания и безалкогольные напитки,Food and non-alcoholic drinks,Озиқ-овқат маҳсулотлари ва спиртсиз ичимликлар,2024-04,monthly,2024,100.4
02,"Spirtli ichimliklar, tamaki mahsulotlari","Алкогольные напитки, табачные изделия","Alcoholic drinks, tobacco products","Спиртли ичимликлар, тамаки маҳсулотлари",2024-04,monthly,2024,100.91
03,Kiyim va poyafzal,Одежда и обувь,Clothes and footwear,Кийим ва пояфзал,2024-04,monthly,2024,100.02
04,"Turar joy xizmatlari, suv, elektr, gaz va boshqa yonilg'i turlari","Жилищные услуги, вода, электричество, газ и другие виды топлива","Housing services, water, electricity, gas and other fuels","Турар жой хизматлари, сув, електр, газ ва бошқа ёнилғи турлари",2024-04,monthly,2024,102.83
05,"Uy-ro'zg'or asboblari, maishiy texnika va turar joylarga kundalik xizmat ko'rsatish","Предметы домащнего обихода, бытовая техника и текущее обслуживание жилья","Household items, appliances and routine home maintenance","Уй-рўзғор асбоблари, маиший техника ва турар жойларга кундалик хизмат кўрсатиш",2024-04,monthly,2024,100.3
06,Sog'liqni saqlash,Здравоохранение,Health care,Соғлиқни сақлаш,2024-04,monthly,2024,106.88
07,Transport,Транспорт,Transport,Транспорт,2024-04,monthly,2024,100.18
08,Axborot va aloqa,Информация и связь,Information and communication,Aхборот ва алоқа,2024-04,monthly,2024,97.83
09,"Dam olish, sport va madaniyat","Отдых, Спорт и культура","Recreation, sports and culture","Дам олиш, спорт ва маданият",2024-04,monthly,2024,100.52
10,Ta'lim sohasidagi xizmatlar,Услуги в области образования,Services in the field of education,Таълим соҳасидаги хизматлар,2024-04,monthly,2024,100.15
11,Restoranlar va mehmonxonalar xizmatlari,Рестораны и гостиничное обслуживание,Restaurants and hotel services,Ресторанлар ва меҳмонхоналар хизматлари,2024-04,monthly,2024,100.83
12,Sug'urtalash va moliyaviy xizmatlar,Страхование и финансовые услуги,Insurance and financial services,Суғурталаш ва молиявий хизматлар,2024-04,monthly,2024,100.23
13,"Maishiy tovarlar va xizmatlar, ijtimoiy himoya va turli tovarlar va xizmatlar","Бытовые товары и услуги, социальная защита и разные товары и услуги","Household goods and services, social protection and miscellaneous goods and services","Маиший товарлар ва хизматлар, ижтимоий ҳимоя ва турли товарлар ва хизматлар",2024-04,monthly,2024,100.39
1,Yig‘ma indeks,Сводный индекс,Cumulative index,Йиғма индекс,2024-05,monthly,2024,102.8
1.02,Oziq-ovqat mahsulotlari,Продукты питания,Food products,Озиқ-овқат маҳсулотлари,2024-05,monthly,2024,97.95
1.03,Nooziq-ovqat mahsulotlari,Непродовольственные товары,Non-food products,Ноозиқ-овқат маҳсулотлари,2024-05,monthly,2024,100.32
1.04,Xizmatlar,Услуги,Services,Хизматлар,2024-05,monthly,2024,115.22
01,Oziq-ovqat mahsulotlari va spirtsiz ichimliklar,Продукты питания и безалкогольные напитки,Food and non-alcoholic drinks,Озиқ-овқат маҳсулотлари ва спиртсиз ичимликлар,2024-05,monthly,2024,97.81
02,"Spirtli ichimliklar, tamaki mahsulotlari","Алкогольные напитки, табачные изделия","Alcoholic drinks, tobacco products","Спиртли ичимликлар, тамаки маҳсулотлари",2024-05,monthly,2024,100.82
03,Kiyim va poyafzal,Одежда и обувь,Clothes and footwear,Кийим ва пояфзал,2024-05,monthly,2024,100.27
04,"Turar joy xizmatlari, suv, elektr, gaz va boshqa yonilg'i turlari","Жилищные услуги, вода, электричество, газ и другие виды топлива","Housing services, water, electricity, gas and other fuels","Турар жой хизматлари, сув, електр, газ ва бошқа ёнилғи турлари",2024-05,monthly,2024,128.51
05,"Uy-ro'zg'or asboblari, maishiy texnika va turar joylarga kundalik xizmat ko'rsatish","Предметы домащнего обихода, бытовая техника и текущее обслуживание жилья","Household items, appliances and routine home maintenance","Уй-рўзғор асбоблари, маиший техника ва турар жойларга кундалик хизмат кўрсатиш",2024-05,monthly,2024,100.41
06,Sog'liqni saqlash,Здравоохранение,Health care,Соғлиқни сақлаш,2024-05,monthly,2024,101.16
07,Transport,Транспорт,Transport,Транспорт,2024-05,monthly,2024,100.17
08,Axborot va aloqa,Информация и связь,Information and communication,Aхборот ва алоқа,2024-05,monthly,2024,100.14
09,"Dam olish, sport va madaniyat","Отдых, Спорт и культура","Recreation, sports and culture","Дам олиш, спорт ва маданият",2024-05,monthly,2024,100.28
10,Ta'lim sohasidagi xizmatlar,Услуги в области образования,Services in the field of education,Таълим соҳасидаги хизматлар,2024-05,monthly,2024,100.25
11,Restoranlar va mehmonxonalar xizmatlari,Рестораны и гостиничное обслуживание,Restaurants and hotel services,Ресторанлар ва меҳмонхоналар хизматлари,2024-05,monthly,2024,100.64
12,Sug'urtalash va moliyaviy xizmatlar,Страхование и финансовые услуги,Insurance and financial services,Суғурталаш ва молиявий хизматлар,2024-05,monthly,2024,100.65
13,"Maishiy tovarlar va xizmatlar, ijtimoiy himoya va turli tovarlar va xizmatlar","Бытовые товары и услуги, социальная защита и разные товары и услуги","Household goods and services, social protection and miscellaneous goods and services","Маиший товарлар ва хизматлар, ижтимоий ҳимоя ва турли товарлар ва хизматлар",2024-05,monthly,2024,100.74
1,Yig‘ma indeks,Сводный индекс,Cumulative index,Йиғма индекс,2024-06,monthly,2024,99.76
1.02,Oziq-ovqat mahsulotlari,Продукты питания,Food products,Озиқ-овқат маҳсулотлари,2024-06,monthly,2024,98.23
1.03,Nooziq-ovqat mahsulotlari,Непродовольственные товары,Non-food products,Ноозиқ-овқат маҳсулотлари,2024-06,monthly,2024,100.79
1.04,Xizmatlar,Услуги,Services,Хизматлар,2024-06,monthly,2024,100.92
01,Oziq-ovqat mahsulotlari va spirtsiz ichimliklar,Продукты питания и безалкогольные напитки,Food and non-alcoholic drinks,Озиқ-овқат маҳсулотлари ва спиртсиз ичимликлар,2024-06,monthly,2024,98.1
02,"Spirtli ichimliklar, tamaki mahsulotlari","Алкогольные напитки, табачные изделия","Alcoholic drinks, tobacco products","Спиртли ичимликлар, тамаки маҳсулотлари",2024-06,monthly,2024,100.67
03,Kiyim va poyafzal,Одежда и обувь,Clothes and footwear,Кийим ва пояфзал,2024-06,monthly,2024,100.23
04,"Turar joy xizmatlari, suv, elektr, gaz va boshqa yonilg'i turlari","Жилищные услуги, вода, электричество, газ и другие виды топлива","Housing services, water, electricity, gas and other fuels","Турар жой хизматлари, сув, електр, газ ва бошқа ёнилғи турлари",2024-06,monthly,2024,100.18
05,"Uy-ro'zg'or asboblari, maishiy texnika va turar joylarga kundalik xizmat ko'rsatish","Предметы домащнего обихода, бытовая техника и текущее обслуживание жилья","Household items, appliances and routine home maintenance","Уй-рўзғор асбоблари, маиший техника ва турар жойларга кундалик хизмат кўрсатиш",2024-06,monthly,2024,100.24
06,Sog'liqni saqlash,Здравоохранение,Health care,Соғлиқни сақлаш,2024-06,monthly,2024,101.63
07,Transport,Транспорт,Transport,Транспорт,2024-06,monthly,2024,102.19
08,Axborot va aloqa,Информация и связь,Information and communication,Aхборот ва алоқа,2024-06,monthly,2024,100.09
09,"Dam olish, sport va madaniyat","Отдых, Спорт и культура","Recreation, sports and culture","Дам олиш, спорт ва маданият",2024-06,monthly,2024,100.52
10,Ta'lim sohasidagi xizmatlar,Услуги в области образования,Services in the field of education,Таълим соҳасидаги хизматлар,2024-06,monthly,2024,102.91
11,Restoranlar va mehmonxonalar xizmatlari,Рестораны и гостиничное обслуживание,Restaurants and hotel services,Ресторанлар ва меҳмонхоналар хизматлари,2024-06,monthly,2024,100.65
12,Sug'urtalash va moliyaviy xizmatlar,Страхование и финансовые услуги,Insurance and financial services,Суғурталаш ва молиявий хизматлар,2024-06,monthly,2024,99.99
13,"Maishiy tovarlar va xizmatlar, ijtimoiy himoya va turli tovarlar va xizmatlar","Бытовые товары и услуги, социальная защита и разные товары и услуги","Household goods and services, social protection and miscellaneous goods and services","Маиший товарлар ва хизматлар, ижтимоий ҳимоя ва турли товарлар ва хизматлар",2024-06,monthly,2024,100.53
1,Yig‘ma indeks,Сводный индекс,Cumulative index,Йиғма индекс,2024-07,monthly,2024,99.72
1.02,Oziq-ovqat mahsulotlari,Продукты питания,Food products,Озиқ-овқат маҳсулотлари,2024-07,monthly,2024,98.46
1.03,Nooziq-ovqat mahsulotlari,Непродовольственные товары,Non-food products,Ноозиқ-овқат маҳсулотлари,2024-07,monthly,2024,100.66
1.04,Xizmatlar,Услуги,Services,Хизматлар,2024-07,monthly,2024,100.52
01,Oziq-ovqat mahsulotlari va spirtsiz ichimliklar,Продукты питания и безалкогольные напитки,Food and non-alcoholic drinks,Озиқ-овқат маҳсулотлари ва спиртсиз ичимликлар,2024-07,monthly,2024,98.33
02,"Spirtli ichimliklar, tamaki mahsulotlari","Алкогольные напитки, табачные изделия","Alcoholic drinks, tobacco products","Спиртли ичимликлар, тамаки маҳсулотлари",2024-07,monthly,2024,101.22
03,Kiyim va poyafzal,Одежда и обувь,Clothes and footwear,Кийим ва пояфзал,2024-07,monthly,2024,100.53
04,"Turar joy xizmatlari, suv, elektr, gaz va boshqa yonilg'i turlari","Жилищные услуги, вода, электричество, газ и другие виды топлива","Housing services, water, electricity, gas and other fuels","Турар жой хизматлари, сув, електр, газ ва бошқа ёнилғи турлари",2024-07,monthly,2024,100.43
05,"Uy-ro'zg'or asboblari, maishiy texnika va turar joylarga kundalik xizmat ko'rsatish","Предметы домащнего обихода, бытовая техника и текущее обслуживание жилья","Household items, appliances and routine home maintenance","Уй-рўзғор асбоблари, маиший техника ва турар жойларга кундалик хизмат кўрсатиш",2024-07,monthly,2024,100.62
06,Sog'liqni saqlash,Здравоохранение,Health care,Соғлиқни сақлаш,2024-07,monthly,2024,101.63
07,Transport,Транспорт,Transport,Транспорт,2024-07,monthly,2024,100.24
08,Axborot va aloqa,Информация и связь,Information and communication,Aхборот ва алоқа,2024-07,monthly,2024,100.09
09,"Dam olish, sport va madaniyat","Отдых, Спорт и культура","Recreation, sports and culture","Дам олиш, спорт ва маданият",2024-07,monthly,2024,100.82
10,Ta'lim sohasidagi xizmatlar,Услуги в области образования,Services in the field of education,Таълим соҳасидаги хизматлар,2024-07,monthly,2024,100.16
11,Restoranlar va mehmonxonalar xizmatlari,Рестораны и гостиничное обслуживание,Restaurants and hotel services,Ресторанлар ва меҳмонхоналар хизматлари,2024-07,monthly,2024,100.66
12,Sug'urtalash va moliyaviy xizmatlar,Страхование и финансовые услуги,Insurance and financial services,Суғурталаш ва молиявий хизматлар,2024-07,monthly,2024,100.8
13,"Maishiy tovarlar va xizmatlar, ijtimoiy himoya va turli tovarlar va xizmatlar","Бытовые товары и услуги, социальная защита и разные товары и услуги","Household goods and services, social protection and miscellaneous goods and services","Маиший товарлар ва хизматлар, ижтимоий ҳимоя ва турли товарлар ва хизматлар",2024-07,monthly,2024,101.19
1,Yig‘ma indeks,Сводный индекс,Cumulative index,Йиғма индекс,2024-08,monthly,2024,100.53
1.02,Oziq-ovqat mahsulotlari,Продукты питания,Food products,Озиқ-овқат маҳсулотлари,2024-08,monthly,2024,100.48
1.03,Nooziq-ovqat mahsulotlari,Непродовольственные товары,Non-food products,Ноозиқ-овқат маҳсулотлари,2024-08,monthly,2024,100.71
1.04,Xizmatlar,Услуги,Services,Хизматлар,2024-08,monthly,2024,100.4
01,Oziq-ovqat mahsulotlari va spirtsiz ichimliklar,Продукты питания и безалкогольные напитки,Food and non-alcoholic drinks,Озиқ-овқат маҳсулотлари ва спиртсиз ичимликлар,2024-08,monthly,2024,100.44
02,"Spirtli ichimliklar, tamaki mahsulotlari","Алкогольные напитки, табачные изделия","Alcoholic drinks, tobacco products","Спиртли ичимликлар, тамаки маҳсулотлари",2024-08,monthly,2024,100.82
03,Kiyim va poyafzal,Одежда и обувь,Clothes and footwear,Кийим ва пояфзал,2024-08,monthly,2024,100.22
04,"Turar joy xizmatlari, suv, elektr, gaz va boshqa yonilg'i turlari","Жилищные услуги, вода, электричество, газ и другие виды топлива","Housing services, water, electricity, gas and other fuels","Турар жой хизматлари, сув, електр, газ ва бошқа ёнилғи турлари",2024-08,monthly,2024,100.17
05,"Uy-ro'zg'or asboblari, maishiy texnika va turar joylarga kundalik xizmat ko'rsatish","Предметы домащнего обихода, бытовая техника и текущее обслуживание жилья","Household items, appliances and routine home maintenance","Уй-рўзғор асбоблари, маиший техника ва турар жойларга кундалик хизмат кўрсатиш",2024-08,monthly,2024,100.49
06,Sog'liqni saqlash,Здравоохранение,Health care,Соғлиқни сақлаш,2024-08,monthly,2024,100.66
07,Transport,Транспорт,Transport,Транспорт,2024-08,monthly,2024,101.49
08,Axborot va aloqa,Информация и связь,Information and communication,Aхборот ва алоқа,2024-08,monthly,2024,100.68
09,"Dam olish, sport va madaniyat","Отдых, Спорт и культура","Recreation, sports and culture","Дам олиш, спорт ва маданият",2024-08,monthly,2024,100.43
10,Ta'lim sohasidagi xizmatlar,Услуги в области образования,Services in the field of education,Таълим соҳасидаги хизматлар,2024-08,monthly,2024,100.48
11,Restoranlar va mehmonxonalar xizmatlari,Рестораны и гостиничное обслуживание,Restaurants and hotel services,Ресторанлар ва меҳмонхоналар хизматлари,2024-08,monthly,2024,101.33
12,Sug'urtalash va moliyaviy xizmatlar,Страхование и финансовые услуги,Insurance and financial services,Суғурталаш ва молиявий хизматлар,2024-08,monthly,2024,99.98
13,"Maishiy tovarlar va xizmatlar, ijtimoiy himoya va turli tovarlar va xizmatlar","Бытовые товары и услуги, социальная защита и разные товары и услуги","Household goods and services, social protection and miscellaneous goods and services","Маиший товарлар ва хизматлар, ижтимоий ҳимоя ва турли товарлар ва хизматлар",2024-08,monthly,2024,100.73
1,Yig‘ma indeks,Сводный индекс,Cumulative index,Йиғма индекс,2024-09,monthly,2024,101.23
1.02,Oziq-ovqat mahsulotlari,Продукты питания,Food products,Озиқ-овқат маҳсулотлари,2024-09,monthly,2024,101.43
1.03,Nooziq-ovqat mahsulotlari,Непродовольственные товары,Non-food products,Ноозиқ-овқат маҳсулотлари,2024-09,monthly,2024,100.8
1.04,Xizmatlar,Услуги,Services,Хизматлар,2024-09,monthly,2024,101.46
01,Oziq-ovqat mahsulotlari va spirtsiz ichimliklar,Продукты питания и безалкогольные напитки,Food and non-alcoholic drinks,Озиқ-овқат маҳсулотлари ва спиртсиз ичимликлар,2024-09,monthly,2024,101.4
02,"Spirtli ichimliklar, tamaki mahsulotlari","Алкогольные напитки, табачные изделия","Alcoholic drinks, tobacco products","Спиртли ичимликлар, тамаки маҳсулотлари",2024-09,monthly,2024,100.95
03,Kiyim va poyafzal,Одежда и обувь,Clothes and footwear,Кийим ва пояфзал,2024-09,monthly,2024,100.41
04,"Turar joy xizmatlari, suv, elektr, gaz va boshqa yonilg'i turlari","Жилищные услуги, вода, электричество, газ и другие виды топлива","Housing services, water, electricity, gas and other fuels","Турар жой хизматлари, сув, електр, газ ва бошқа ёнилғи турлари",2024-09,monthly,2024,100.47
05,"Uy-ro'zg'or asboblari, maishiy texnika va turar joylarga kundalik xizmat ko'rsatish","Предметы домащнего обихода, бытовая техника и текущее обслуживание жилья","Household items, appliances and routine home maintenance","Уй-рўзғор асбоблари, маиший техника ва турар жойларга кундалик хизмат кўрсатиш",2024-09,monthly,2024,100.72
06,Sog'liqni saqlash,Здравоохранение,Health care,Соғлиқни сақлаш,2024-09,monthly,2024,101.33
07,Transport,Транспорт,Transport,Транспорт,2024-09,monthly,2024,101.03
08,Axborot va aloqa,Информация и связь,Information and communication,Aхборот ва алоқа,2024-09,monthly,2024,100.14
09,"Dam olish, sport va madaniyat","Отдых, Спорт и культура","Recreation, sports and culture","Дам олиш, спорт ва маданият",2024-09,monthly,2024,101.15
10,Ta'lim sohasidagi xizmatlar,Услуги в области образования,Services in the field of education,Таълим соҳасидаги хизматлар,2024-09,monthly,2024,107.55
11,Restoranlar va mehmonxonalar xizmatlari,Рестораны и гостиничное обслуживание,Restaurants and hotel services,Ресторанлар ва меҳмонхоналар хизматлари,2024-09,monthly,2024,102.2
12,Sug'urtalash va moliyaviy xizmatlar,Страхование и финансовые услуги,Insurance and financial services,Суғурталаш ва молиявий хизматлар,2024-09,monthly,2024,100.12
13,"Maishiy tovarlar va xizmatlar, ijtimoiy himoya va turli tovarlar va xizmatlar","Бытовые товары и услуги, социальная защита и разные товары и услуги","Household goods and services, social protection and miscellaneous goods and services","Маиший товарлар ва хизматлар, ижтимоий ҳимоя ва турли товарлар ва хизматлар",2024-09,monthly,2024,100.99
1,Yig‘ma indeks,Сводный индекс,Cumulative index,Йиғма индекс,2024-10,monthly,2024,100.84
1.02,Oziq-ovqat mahsulotlari,Продукты питания,Food products,Озиқ-овқат маҳсулотлари,2024-10,monthly,2024,101.05
1.03,Nooziq-ovqat mahsulotlari,Непродовольственные товары,Non-food products,Ноозиқ-овқат маҳсулотлари,2024-10,monthly,2024,100.65
1.04,Xizmatlar,Услуги,Services,Хизматлар,2024-10,monthly,2024,100.76
01,Oziq-ovqat mahsulotlari va spirtsiz ichimliklar,Продукты питания и безалкогольные напитки,Food and non-alcoholic drinks,Озиқ-овқат маҳсулотлари ва спиртсиз ичимликлар,2024-10,monthly,2024,101.04
02,"Spirtli ichimliklar, tamaki mahsulotlari","Алкогольные напитки, табачные изделия","Alcoholic drinks, tobacco products","Спиртли ичимликлар, тамаки маҳсулотлари",2024-10,monthly,2024,101.35
03,Kiyim va poyafzal,Одежда и обувь,Clothes and footwear,Кийим ва пояфзал,2024-10,monthly,2024,100.53
04,"Turar joy xizmatlari, suv, elektr, gaz va boshqa yonilg'i turlari","Жилищные услуги, вода, электричество, газ и другие виды топлива","Housing services, water, electricity, gas and other fuels","Турар жой хизматлари, сув, електр, газ ва бошқа ёнилғи турлари",2024-10,monthly,2024,100.26
05,"Uy-ro'zg'or asboblari, maishiy texnika va turar joylarga kundalik xizmat ko'rsatish","Предметы домащнего обихода, бытовая техника и текущее обслуживание жилья","Household items, appliances and routine home maintenance","Уй-рўзғор асбоблари, маиший техника ва турар жойларга кундалик хизмат кўрсатиш",2024-10,monthly,2024,100.59
06,Sog'liqni saqlash,Здравоохранение,Health care,Соғлиқни сақлаш,2024-10,monthly,2024,101.16
07,Transport,Транспорт,Transport,Транспорт,2024-10,monthly,2024,100.58
08,Axborot va aloqa,Информация и связь,Information and communication,Aхборот ва алоқа,2024-10,monthly,2024,101.71
09,"Dam olish, sport va madaniyat","Отдых, Спорт и культура","Recreation, sports and culture","Дам олиш, спорт ва маданият",2024-10,monthly,2024,101.08
10,Ta'lim sohasidagi xizmatlar,Услуги в области образования,Services in the field of education,Таълим соҳасидаги хизматлар,2024-10,monthly,2024,100.66
11,Restoranlar va mehmonxonalar xizmatlari,Рестораны и гостиничное обслуживание,Restaurants and hotel services,Ресторанлар ва меҳмонхоналар хизматлари,2024-10,monthly,2024,101.14
12,Sug'urtalash va moliyaviy xizmatlar,Страхование и финансовые услуги,Insurance and financial services,Суғурталаш ва молиявий хизматлар,2024-10,monthly,2024,100.14
13,"Maishiy tovarlar va xizmatlar, ijtimoiy himoya va turli tovarlar va xizmatlar","Бытовые товары и услуги, социальная защита и разные товары и услуги","Household goods and services, social protection and miscellaneous goods and services","Маиший товарлар ва хизматлар, ижтимоий ҳимоя ва турли товарлар ва хизматлар",2024-10,monthly,2024,101.55
1,Yig‘ma indeks,Сводный индекс,Cumulative index,Йиғма индекс,2024-11,monthly,2024,100.93
1.02,Oziq-ovqat mahsulotlari,Продукты питания,Food products,Озиқ-овқат маҳсулотлари,2024-11,monthly,2024,101.02
1.03,Nooziq-ovqat mahsulotlari,Непродовольственные товары,Non-food products,Ноозиқ-овқат маҳсулотлари,2024-11,monthly,2024,100.96
1.04,Xizmatlar,Услуги,Services,Хизматлар,2024-11,monthly,2024,100.77
01,Oziq-ovqat mahsulotlari va spirtsiz ichimliklar,Продукты питания и безалкогольные напитки,Food and non-alcoholic drinks,Озиқ-овқат маҳсулотлари ва спиртсиз ичимликлар,2024-11,monthly,2024,101.02
02,"Spirtli ichimliklar, tamaki mahsulotlari","Алкогольные напитки, табачные изделия","Alcoholic drinks, tobacco products","Спиртли ичимликлар, тамаки маҳсулотлари",2024-11,monthly,2024,100.96
03,Kiyim va poyafzal,Одежда и обувь,Clothes and footwear,Кийим ва пояфзал,2024-11,monthly,2024,101.17
04,"Turar joy xizmatlari, suv, elektr, gaz va boshqa yonilg'i turlari","Жилищные услуги, вода, электричество, газ и другие виды топлива","Housing services, water, electricity, gas and other fuels","Турар жой хизматлари, сув, електр, газ ва бошқа ёнилғи турлари",2024-11,monthly,2024,100.65
05,"Uy-ro'zg'or asboblari, maishiy texnika va turar joylarga kundalik xizmat ko'rsatish","Предметы домащнего обихода, бытовая техника и текущее обслуживание жилья","Household items, appliances and routine home maintenance","Уй-рўзғор асбоблари, маиший техника ва турар жойларга кундалик хизмат кўрсатиш",2024-11,monthly,2024,100.76
06,Sog'liqni saqlash,Здравоохранение,Health care,Соғлиқни сақлаш,2024-11,monthly,2024,100.77
07,Transport,Транспорт,Transport,Транспорт,2024-11,monthly,2024,101.45
08,Axborot va aloqa,Информация и связь,Information and communication,Aхборот ва алоқа,2024-11,monthly,2024,99.89
09,"Dam olish, sport va madaniyat","Отдых, Спорт и культура","Recreation, sports and culture","Дам олиш, спорт ва маданият",2024-11,monthly,2024,100.81
10,Ta'lim sohasidagi xizmatlar,Услуги в области образования,Services in the field of education,Таълим соҳасидаги хизматлар,2024-11,monthly,2024,100.31
11,Restoranlar va mehmonxonalar xizmatlari,Рестораны и гостиничное обслуживание,Restaurants and hotel services,Ресторанлар ва меҳмонхоналар хизматлари,2024-11,monthly,2024,101.16
12,Sug'urtalash va moliyaviy xizmatlar,Страхование и финансовые услуги,Insurance and financial services,Суғурталаш ва молиявий хизматлар,2024-11,monthly,2024,100.03
13,"Maishiy tovarlar va xizmatlar, ijtimoiy himoya va turli tovarlar va xizmatlar","Бытовые товары и услуги, социальная защита и разные товары и услуги","Household goods and services, social protection and miscellaneous goods and services","Маиший товарлар ва хизматлар, ижтимоий ҳимоя ва турли товарлар ва хизматлар",2024-11,monthly,2024,101.14
1,Yig‘ma indeks,Сводный индекс,Cumulative index,Йиғма индекс,2024-12,monthly,2024,101.04
1.02,Oziq-ovqat mahsulotlari,Продукты питания,Food products,Озиқ-овқат маҳсулотлари,2024-12,monthly,2024,101.76
1.03,Nooziq-ovqat mahsulotlari,Непродовольственные товары,Non-food products,Ноозиқ-овқат маҳсулотлари,2024-12,monthly,2024,100.44
1.04,Xizmatlar,Услуги,Services,Хизматлар,2024-12,monthly,2024,100.67
01,Oziq-ovqat mahsulotlari va spirtsiz ichimliklar,Продукты питания и безалкогольные напитки,Food and non-alcoholic drinks,Озиқ-овқат маҳсулотлари ва спиртсиз ичимликлар,2024-12,monthly,2024,101.83
02,"Spirtli ichimliklar, tamaki mahsulotlari","Алкогольные напитки, табачные изделия","Alcoholic drinks, tobacco products","Спиртли ичимликлар, тамаки маҳсулотлари",2024-12,monthly,2024,100.49
03,Kiyim va poyafzal,Одежда и обувь,Clothes and footwear,Кийим ва пояфзал,2024-12,monthly,2024,100.69
04,"Turar joy xizmatlari, suv, elektr, gaz va boshqa yonilg'i turlari","Жилищные услуги, вода, электричество, газ и другие виды топлива","Housing services, water, electricity, gas and other fuels","Турар жой хизматлари, сув, електр, газ ва бошқа ёнилғи турлари",2024-12,monthly,2024,100.16
05,"Uy-ro'zg'or asboblari, maishiy texnika va turar joylarga kundalik xizmat ko'rsatish","Предметы домащнего обихода, бытовая техника и текущее обслуживание жилья","Household items, appliances and routine home maintenance","Уй-рўзғор асбоблари, маиший техника ва турар жойларга кундалик хизмат кўрсатиш",2024-12,monthly,2024,100.63
06,Sog'liqni saqlash,Здравоохранение,Health care,Соғлиқни сақлаш,2024-12,monthly,2024,100.71
07,Transport,Транспорт,Transport,Транспорт,2024-12,monthly,2024,100.8
08,Axborot va aloqa,Информация и связь,Information and communication,Aхборот ва алоқа,2024-12,monthly,2024,100.11
09,"Dam olish, sport va madaniyat","Отдых, Спорт и культура","Recreation, sports and culture","Дам олиш, спорт ва маданият",2024-12,monthly,2024,100.63
10,Ta'lim sohasidagi xizmatlar,Услуги в области образования,Services in the field of education,Таълим соҳасидаги хизматлар,2024-12,monthly,2024,100.36
11,Restoranlar va mehmonxonalar xizmatlari,Рестораны и гостиничное обслуживание,Restaurants and hotel services,Ресторанлар ва меҳмонхоналар хизматлари,2024-12,monthly,2024,100.62
12,Sug'urtalash va moliyaviy xizmatlar,Страхование и финансовые услуги,Insurance and financial services,Суғурталаш ва молиявий хизматлар,2024-12,monthly,2024,100.19
13,"Maishiy tovarlar va xizmatlar, ijtimoiy himoya va turli tovarlar va xizmatlar","Бытовые товары и услуги, социальная защита и разные товары и услуги","Household goods and services, social protection and miscellaneous goods and services","Маиший товарлар ва хизматлар, ижтимоий ҳимоя ва турли товарлар ва хизматлар",2024-12,monthly,2024,101.07
1,Yig‘ma indeks,Сводный индекс,Cumulative index,Йиғма индекс,2025-01,monthly,2025,100.72
1.02,Oziq-ovqat mahsulotlari,Продукты питания,Food products,Озиқ-овқат маҳсулотлари,2025-01,monthly,2025,100.82
1.03,Nooziq-ovqat mahsulotlari,Непродовольственные товары,Non-food products,Ноозиқ-овқат маҳсулотлари,2025-01,monthly,2025,100.34
1.04,Xizmatlar,Услуги,Services,Хизматлар,2025-01,monthly,2025,101.07
01,Oziq-ovqat mahsulotlari va spirtsiz ichimliklar,Продукты питания и безалкогольные напитки,Food and non-alcoholic drinks,Озиқ-овқат маҳсулотлари ва спиртсиз ичимликлар,2025-01,monthly,2025,100.83
02,"Spirtli ichimliklar, tamaki mahsulotlari","Алкогольные напитки, табачные изделия","Alcoholic drinks, tobacco products","Спиртли ичимликлар, тамаки маҳсулотлари",2025-01,monthly,2025,100.51
03,Kiyim va poyafzal,Одежда и обувь,Clothes and footwear,Кийим ва пояфзал,2025-01,monthly,2025,100.34
04,"Turar joy xizmatlari, suv, elektr, gaz va boshqa yonilg'i turlari","Жилищные услуги, вода, электричество, газ и другие виды топлива","Housing services, water, electricity, gas and other fuels","Турар жой хизматлари, сув, електр, газ ва бошқа ёнилғи турлари",2025-01,monthly,2025,100.29
05,"Uy-ro'zg'or asboblari, maishiy texnika va turar joylarga kundalik xizmat ko'rsatish","Предметы домащнего обихода, бытовая техника и текущее обслуживание жилья","Household items, appliances and routine home maintenance","Уй-рўзғор асбоблари, маиший техника ва турар жойларга кундалик хизмат кўрсатиш",2025-01,monthly,2025,100.45
06,Sog'liqni saqlash,Здравоохранение,Health care,Соғлиқни сақлаш,2025-01,monthly,2025,100.94
07,Transport,Транспорт,Transport,Транспорт,2025-01,monthly,2025,100.21
08,Axborot va aloqa,Информация и связь,Information and communication,Aхборот ва алоқа,2025-01,monthly,2025,100.05
09,"Dam olish, sport va madaniyat","Отдых, Спорт и культура","Recreation, sports and culture","Дам олиш, спорт ва маданият",2025-01,monthly,2025,100.83
10,Ta'lim sohasidagi xizmatlar,Услуги в области образования,Services in the field of education,Таълим соҳасидаги хизматлар,2025-01,monthly,2025,103.49
11,Restoranlar va mehmonxonalar xizmatlari,Рестораны и гостиничное обслуживание,Restaurants and hotel services,Ресторанлар ва меҳмонхоналар хизматлари,2025-01,monthly,2025,100.86
12,Sug'urtalash va moliyaviy xizmatlar,Страхование и финансовые услуги,Insurance and financial services,Суғурталаш ва молиявий хизматлар,2025-01,monthly,2025,100.26
13,"Maishiy tovarlar va xizmatlar, ijtimoiy himoya va turli tovarlar va xizmatlar","Бытовые товары и услуги, социальная защита и разные товары и услуги","Household goods and services, social protection and miscellaneous goods and services","Маиший товарлар ва хизматлар, ижтимоий ҳимоя ва турли товарлар ва хизматлар",2025-01,monthly,2025,101.15
1,Yig‘ma indeks,Сводный индекс,Cumulative index,Йиғма индекс,2025-02,monthly,2025,100.54
1.02,Oziq-ovqat mahsulotlari,Продукты питания,Food products,Озиқ-овқат маҳсулотлари,2025-02,monthly,2025,100.57
1.03,Nooziq-ovqat mahsulotlari,Непродовольственные товары,Non-food products,Ноозиқ-овқат маҳсулотлари,2025-02,monthly,2025,100.29
1.04,Xizmatlar,Услуги,Services,Хизматлар,2025-02,monthly,2025,100.82
01,Oziq-ovqat mahsulotlari va spirtsiz ichimliklar,Продукты питания и безалкогольные напитки,Food and non-alcoholic drinks,Озиқ-овқат маҳсулотлари ва спиртсиз ичимликлар,2025-02,monthly,2025,100.57
02,"Spirtli ichimliklar, tamaki mahsulotlari","Алкогольные напитки, табачные изделия","Alcoholic drinks, tobacco products","Спиртли ичимликлар, тамаки маҳсулотлари",2025-02,monthly,2025,100.48
03,Kiyim va poyafzal,Одежда и обувь,Clothes and footwear,Кийим ва пояфзал,2025-02,monthly,2025,100.24
04,"Turar joy xizmatlari, suv, elektr, gaz va boshqa yonilg'i turlari","Жилищные услуги, вода, электричество, газ и другие виды топлива","Housing services, water, electricity, gas and other fuels","Турар жой хизматлари, сув, електр, газ ва бошқа ёнилғи турлари",2025-02,monthly,2025,100.08
05,"Uy-ro'zg'or asboblari, maishiy texnika va turar joylarga kundalik xizmat ko'rsatish","Предметы домащнего обихода, бытовая техника и текущее обслуживание жилья","Household items, appliances and routine home maintenance","Уй-рўзғор асбоблари, маиший техника ва турар жойларга кундалик хизмат кўрсатиш",2025-02,monthly,2025,100.22
06,Sog'liqni saqlash,Здравоохранение,Health care,Соғлиқни сақлаш,2025-02,monthly,2025,100.63
07,Transport,Транспорт,Transport,Транспорт,2025-02,monthly,2025,101.6
08,Axborot va aloqa,Информация и связь,Information and communication,Aхборот ва алоқа,2025-02,monthly,2025,100.26
09,"Dam olish, sport va madaniyat","Отдых, Спорт и культура","Recreation, sports and culture","Дам олиш, спорт ва маданият",2025-02,monthly,2025,100.45
10,Ta'lim sohasidagi xizmatlar,Услуги в области образования,Services in the field of education,Таълим соҳасидаги хизматлар,2025-02,monthly,2025,100.14
11,Restoranlar va mehmonxonalar xizmatlari,Рестораны и гостиничное обслуживание,Restaurants and hotel services,Ресторанлар ва меҳмонхоналар хизматлари,2025-02,monthly,2025,100.6
12,Sug'urtalash va moliyaviy xizmatlar,Страхование и финансовые услуги,Insurance and financial services,Суғурталаш ва молиявий хизматлар,2025-02,monthly,2025,100.04
13,"Maishiy tovarlar va xizmatlar, ijtimoiy himoya va turli tovarlar va xizmatlar","Бытовые товары и услуги, социальная защита и разные товары и услуги","Household goods and services, social protection and miscellaneous goods and services","Маиший товарлар ва хизматлар, ижтимоий ҳимоя ва турли товарлар ва хизматлар",2025-02,monthly,2025,100.79
1,Yig‘ma indeks,Сводный индекс,Cumulative index,Йиғма индекс,2025-03,monthly,2025,100.86
1.02,Oziq-ovqat mahsulotlari,Продукты питания,Food products,Озиқ-овқат маҳсулотлари,2025-03,monthly,2025,101.45
1.03,Nooziq-ovqat mahsulotlari,Непродовольственные товары,Non-food products,Ноозиқ-овқат маҳсулотлари,2025-03,monthly,2025,100.15
1.04,Xizmatlar,Услуги,Services,Хизматлар,2025-03,monthly,2025,100.7
01,Oziq-ovqat mahsulotlari va spirtsiz ichimliklar,Продукты питания и безалкогольные напитки,Food and non-alcoholic drinks,Озиқ-овқат маҳсулотлари ва спиртсиз ичимликлар,2025-03,monthly,2025,101.48
02,"Spirtli ichimliklar, tamaki mahsulotlari","Алкогольные напитки, табачные изделия","Alcoholic drinks, tobacco products","Спиртли ичимликлар, тамаки маҳсулотлари",2025-03,monthly,2025,100.23
03,Kiyim va poyafzal,Одежда и обувь,Clothes and footwear,Кийим ва пояфзал,2025-03,monthly,2025,100.18
04,"Turar joy xizmatlari, suv, elektr, gaz va boshqa yonilg'i turlari","Жилищные услуги, вода, электричество, газ и другие виды топлива","Housing services, water, electricity, gas and other fuels","Турар жой хизматлари, сув, електр, газ ва бошқа ёнилғи турлари",2025-03,monthly,2025,100.25
05,"Uy-ro'zg'or asboblari, maishiy texnika va turar joylarga kundalik xizmat ko'rsatish","Предметы домащнего обихода, бытовая техника и текущее обслуживание жилья","Household items, appliances and routine home maintenance","Уй-рўзғор асбоблари, маиший техника ва турар жойларга кундалик хизмат кўрсатиш",2025-03,monthly,2025,100.25
06,Sog'liqni saqlash,Здравоохранение,Health care,Соғлиқни сақлаш,2025-03,monthly,2025,100.13
07,Transport,Транспорт,Transport,Транспорт,2025-03,monthly,2025,100.43
08,Axborot va aloqa,Информация и связь,Information and communication,Aхборот ва алоқа,2025-03,monthly,2025,101.84
09,"Dam olish, sport va madaniyat","Отдых, Спорт и культура","Recreation, sports and culture","Дам олиш, спорт ва маданият",2025-03,monthly,2025,100.35
10,Ta'lim sohasidagi xizmatlar,Услуги в области образования,Services in the field of education,Таълим соҳасидаги хизматлар,2025-03,monthly,2025,100.0
11,Restoranlar va mehmonxonalar xizmatlari,Рестораны и гостиничное обслуживание,Restaurants and hotel services,Ресторанлар ва меҳмонхоналар хизматлари,2025-03,monthly,2025,100.98
12,Sug'urtalash va moliyaviy xizmatlar,Страхование и финансовые услуги,Insurance and financial services,Суғурталаш ва молиявий хизматлар,2025-03,monthly,2025,99.77
13,"Maishiy tovarlar va xizmatlar, ijtimoiy himoya va turli tovarlar va xizmatlar","Бытовые товары и услуги, социальная защита и разные товары и услуги","Household goods and services, social protection and miscellaneous goods and services","Маиший товарлар ва хизматлар, ижтимоий ҳимоя ва турли товарлар ва хизматлар",2025-03,monthly,2025,100.89
1,Yig‘ma indeks,Сводный индекс,Cumulative index,Йиғма индекс,2025-04,monthly,2025,100.7
1.02,Oziq-ovqat mahsulotlari,Продукты питания,Food products,Озиқ-овқат маҳсулотлари,2025-04,monthly,2025,100.75
1.03,Nooziq-ovqat mahsulotlari,Непродовольственные товары,Non-food products,Ноозиқ-овқат маҳсулотлари,2025-04,monthly,2025,100.41
1.04,Xizmatlar,Услуги,Services,Хизматлар,2025-04,monthly,2025,101.0
01,Oziq-ovqat mahsulotlari va spirtsiz ichimliklar,Продукты питания и безалкогольные напитки,Food and non-alcoholic drinks,Озиқ-овқат маҳсулотлари ва спиртсиз ичимликлар,2025-04,monthly,2025,100.74
02,"Spirtli ichimliklar, tamaki mahsulotlari","Алкогольные напитки, табачные изделия","Alcoholic drinks, tobacco products","Спиртли ичимликлар, тамаки маҳсулотлари",2025-04,monthly,2025,101.0
03,Kiyim va poyafzal,Одежда и обувь,Clothes and footwear,Кийим ва пояфзал,2025-04,monthly,2025,100.24
04,"Turar joy xizmatlari, suv, elektr, gaz va boshqa yonilg'i turlari","Жилищные услуги, вода, электричество, газ и другие виды топлива","Housing services, water, electricity, gas and other fuels","Турар жой хизматлари, сув, електр, газ ва бошқа ёнилғи турлари",2025-04,monthly,2025,100.61
05,"Uy-ro'zg'or asboblari, maishiy texnika va turar joylarga kundalik xizmat ko'rsatish","Предметы домащнего обихода, бытовая техника и текущее обслуживание жилья","Household items, appliances and routine home maintenance","Уй-рўзғор асбоблари, маиший техника ва турар жойларга кундалик хизмат кўрсатиш",2025-04,monthly,2025,100.3
06,Sog'liqni saqlash,Здравоохранение,Health care,Соғлиқни сақлаш,2025-04,monthly,2025,101.34
07,Transport,Транспорт,Transport,Транспорт,2025-04,monthly,2025,100.99
08,Axborot va aloqa,Информация и связь,Information and communication,Aхборот ва алоқа,2025-04,monthly,2025,101.4
09,"Dam olish, sport va madaniyat","Отдых, Спорт и культура","Recreation, sports and culture","Дам олиш, спорт ва маданият",2025-04,monthly,2025,100.49
10,Ta'lim sohasidagi xizmatlar,Услуги в области образования,Services in the field of education,Таълим соҳасидаги хизматлар,2025-04,monthly,2025,100.04
11,Restoranlar va mehmonxonalar xizmatlari,Рестораны и гостиничное обслуживание,Restaurants and hotel services,Ресторанлар ва меҳмонхоналар хизматлари,2025-04,monthly,2025,100.95
12,Sug'urtalash va moliyaviy xizmatlar,Страхование и финансовые услуги,Insurance and financial services,Суғурталаш ва молиявий хизматлар,2025-04,monthly,2025,100.05
13,"Maishiy tovarlar va xizmatlar, ijtimoiy himoya va turli tovarlar va xizmatlar","Бытовые товары и услуги, социальная защита и разные товары и услуги","Household goods and services, social protection and miscellaneous goods and services","Маиший товарлар ва хизматлар, ижтимоий ҳимоя ва турли товарлар ва хизматлар",2025-04,monthly,2025,100.62
1,Yig‘ma indeks,Сводный индекс,Cumulative index,Йиғма индекс,2025-05,monthly,2025,101.52
1.02,Oziq-ovqat mahsulotlari,Продукты питания,Food products,Озиқ-овқат маҳсулотлари,2025-05,monthly,2025,99.2
1.03,Nooziq-ovqat mahsulotlari,Непродовольственные товары,Non-food products,Ноозиқ-овқат маҳсулотлари,2025-05,monthly,2025,101.68
1.04,Xizmatlar,Услуги,Services,Хизматлар,2025-05,monthly,2025,105.91
01,Oziq-ovqat mahsulotlari va spirtsiz ichimliklar,Продукты питания и безалкогольные напитки,Food and non-alcoholic drinks,Озиқ-овқат маҳсулотлари ва спиртсиз ичимликлар,2025-05,monthly,2025,99.11
02,"Spirtli ichimliklar, tamaki mahsulotlari","Алкогольные напитки, табачные изделия","Alcoholic drinks, tobacco products","Спиртли ичимликлар, тамаки маҳсулотлари",2025-05,monthly,2025,101.08
03,Kiyim va poyafzal,Одежда и обувь,Clothes and footwear,Кийим ва пояфзал,2025-05,monthly,2025,100.05
04,"Turar joy xizmatlari, suv, elektr, gaz va boshqa yonilg'i turlari","Жилищные услуги, вода, электричество, газ и другие виды топлива","Housing services, water, electricity, gas and other fuels","Турар жой хизматлари, сув, електр, газ ва бошқа ёнилғи турлари",2025-05,monthly,2025,110.67
05,"Uy-ro'zg'or asboblari, maishiy texnika va turar joylarga kundalik xizmat ko'rsatish","Предметы домащнего обихода, бытовая техника и текущее обслуживание жилья","Household items, appliances and routine home maintenance","Уй-рўзғор асбоблари, маиший техника ва турар жойларга кундалик хизмат кўрсатиш",2025-05,monthly,2025,100.13
06,Sog'liqni saqlash,Здравоохранение,Health care,Соғлиқни сақлаш,2025-05,monthly,2025,100.29
07,Transport,Транспорт,Transport,Транспорт,2025-05,monthly,2025,105.24
08,Axborot va aloqa,Информация и связь,Information and communication,Aхборот ва алоқа,2025-05,monthly,2025,101.6
09,"Dam olish, sport va madaniyat","Отдых, Спорт и культура","Recreation, sports and culture","Дам олиш, спорт ва маданият",2025-05,monthly,2025,100.66
10,Ta'lim sohasidagi xizmatlar,Услуги в области образования,Services in the field of education,Таълим соҳасидаги хизматлар,2025-05,monthly,2025,100.03
11,Restoranlar va mehmonxonalar xizmatlari,Рестораны и гостиничное обслуживание,Restaurants and hotel services,Ресторанлар ва меҳмонхоналар хизматлари,2025-05,monthly,2025,101.0
12,Sug'urtalash va moliyaviy xizmatlar,Страхование и финансовые услуги,Insurance and financial services,Суғурталаш ва молиявий хизматлар,2025-05,monthly,2025,100.03
13,"Maishiy tovarlar va xizmatlar, ijtimoiy himoya va turli tovarlar va xizmatlar","Бытовые товары и услуги, социальная защита и разные товары и услуги","Household goods and services, social protection and miscellaneous goods and services","Маиший товарлар ва хизматлар, ижтимоий ҳимоя ва турли товарлар ва хизматлар",2025-05,monthly,2025,100.79
1,Yig‘ma indeks,Сводный индекс,Cumulative index,Йиғма индекс,2025-06,monthly,2025,99.77
1.02,Oziq-ovqat mahsulotlari,Продукты питания,Food products,Озиқ-овқат маҳсулотлари,2025-06,monthly,2025,98.92
1.03,Nooziq-ovqat mahsulotlari,Непродовольственные товары,Non-food products,Ноозиқ-овқат маҳсулотлари,2025-06,monthly,2025,100.19
1.04,Xizmatlar,Услуги,Services,Хизматлар,2025-06,monthly,2025,100.8
01,Oziq-ovqat mahsulotlari va spirtsiz ichimliklar,Продукты питания и безалкогольные напитки,Food and non-alcoholic drinks,Озиқ-овқат маҳсулотлари ва спиртсиз ичимликлар,2025-06,monthly,2025,98.83
02,"Spirtli ichimliklar, tamaki mahsulotlari","Алкогольные напитки, табачные изделия","Alcoholic drinks, tobacco products","Спиртли ичимликлар, тамаки маҳсулотлари",2025-06,monthly,2025,100.25
03,Kiyim va poyafzal,Одежда и обувь,Clothes and footwear,Кийим ва пояфзал,2025-06,monthly,2025,100.17
04,"Turar joy xizmatlari, suv, elektr, gaz va boshqa yonilg'i turlari","Жилищные услуги, вода, электричество, газ и другие виды топлива","Housing services, water, electricity, gas and other fuels","Турар жой хизматлари, сув, електр, газ ва бошқа ёнилғи турлари",2025-06,monthly,2025,101.03
05,"Uy-ro'zg'or asboblari, maishiy texnika va turar joylarga kundalik xizmat ko'rsatish","Предметы домащнего обихода, бытовая техника и текущее обслуживание жилья","Household items, appliances and routine home maintenance","Уй-рўзғор асбоблари, маиший техника ва турар жойларга кундалик хизмат кўрсатиш",2025-06,monthly,2025,100.14
06,Sog'liqni saqlash,Здравоохранение,Health care,Соғлиқни сақлаш,2025-06,monthly,2025,100.66
07,Transport,Транспорт,Transport,Транспорт,2025-06,monthly,2025,100.28
08,Axborot va aloqa,Информация и связь,Information and communication,Aхборот ва алоқа,2025-06,monthly,2025,100.02
09,"Dam olish, sport va madaniyat","Отдых, Спорт и культура","Recreation, sports and culture","Дам олиш, спорт ва маданият",2025-06,monthly,2025,100.4
10,Ta'lim sohasidagi xizmatlar,Услуги в области образования,Services in the field of education,Таълим соҳасидаги хизматлар,2025-06,monthly,2025,100.16
11,Restoranlar va mehmonxonalar xizmatlari,Рестораны и гостиничное обслуживание,Restaurants and hotel services,Ресторанлар ва меҳмонхоналар хизматлари,2025-06,monthly,2025,100.88
12,Sug'urtalash va moliyaviy xizmatlar,Страхование и финансовые услуги,Insurance and financial services,Суғурталаш ва молиявий хизматлар,2025-06,monthly,2025,99.22
13,"Maishiy tovarlar va xizmatlar, ijtimoiy himoya va turli tovarlar va xizmatlar","Бытовые товары и услуги, социальная защита и разные товары и услуги","Household goods and services, social protection and miscellaneous goods and services","Маиший товарлар ва хизматлар, ижтимоий ҳимоя ва турли товарлар ва хизматлар",2025-06,monthly,2025,100.51
1,Yig‘ma indeks,Сводный индекс,Cumulative index,Йиғма индекс,2025-07,monthly,2025,99.83
1.02,Oziq-ovqat mahsulotlari,Продукты питания,Food products,Озиқ-овқат маҳсулотлари,2025-07,monthly,2025,98.96
1.03,Nooziq-ovqat mahsulotlari,Непродовольственные товары,Non-food products,Ноозиқ-овқат маҳсулотлари,2025-07,monthly,2025,100.23
1.04,Xizmatlar,Услуги,Services,Хизматлар,2025-07,monthly,2025,100.92
01,Oziq-ovqat mahsulotlari va spirtsiz ichimliklar,Продукты питания и безалкогольные напитки,Food and non-alcoholic drinks,Озиқ-овқат маҳсулотлари ва спиртсиз ичимликлар,2025-07,monthly,2025,98.88
02,"Spirtli ichimliklar, tamaki mahsulotlari","Алкогольные напитки, табачные изделия","Alcoholic drinks, tobacco products","Спиртли ичимликлар, тамаки маҳсулотлари",2025-07,monthly,2025,100.26
03,Kiyim va poyafzal,Одежда и обувь,Clothes and footwear,Кийим ва пояфзал,2025-07,monthly,2025,100.09
04,"Turar joy xizmatlari, suv, elektr, gaz va boshqa yonilg'i turlari","Жилищные услуги, вода, электричество, газ и другие виды топлива","Housing services, water, electricity, gas and other fuels","Турар жой хизматлари, сув, електр, газ ва бошқа ёнилғи турлари",2025-07,monthly,2025,101.4
05,"Uy-ro'zg'or asboblari, maishiy texnika va turar joylarga kundalik xizmat ko'rsatish","Предметы домащнего обихода, бытовая техника и текущее обслуживание жилья","Household items, appliances and routine home maintenance","Уй-рўзғор асбоблари, маиший техника ва турар жойларга кундалик хизмат кўрсатиш",2025-07,monthly,2025,100.08
06,Sog'liqni saqlash,Здравоохранение,Health care,Соғлиқни сақлаш,2025-07,monthly,2025,100.18
07,Transport,Транспорт,Transport,Транспорт,2025-07,monthly,2025,100.5
08,Axborot va aloqa,Информация и связь,Information and communication,Aхборот ва алоқа,2025-07,monthly,2025,100.18
09,"Dam olish, sport va madaniyat","Отдых, Спорт и культура","Recreation, sports and culture","Дам олиш, спорт ва маданият",2025-07,monthly,2025,100.47
10,Ta'lim sohasidagi xizmatlar,Услуги в области образования,Services in the field of education,Таълим соҳасидаги хизматлар,2025-07,monthly,2025,100.11
11,Restoranlar va mehmonxonalar xizmatlari,Рестораны и гостиничное обслуживание,Restaurants and hotel services,Ресторанлар ва меҳмонхоналар хизматлари,2025-07,monthly,2025,100.52
12,Sug'urtalash va moliyaviy xizmatlar,Страхование и финансовые услуги,Insurance and financial services,Суғурталаш ва молиявий хизматлар,2025-07,monthly,2025,100.56
13,"Maishiy tovarlar va xizmatlar, ijtimoiy himoya va turli tovarlar va xizmatlar","Бытовые товары и услуги, социальная защита и разные товары и услуги","Household goods and services, social protection and miscellaneous goods and services","Маиший товарлар ва хизматлар, ижтимоий ҳимоя ва турли товарлар ва хизматлар",2025-07,monthly,2025,100.45
1,Yig‘ma indeks,Сводный индекс,Cumulative index,Йиғма индекс,2025-08,monthly,2025,100.44
1.02,Oziq-ovqat mahsulotlari,Продукты питания,Food products,Озиқ-овқат маҳсулотлари,2025-08,monthly,2025,100.61
1.03,Nooziq-ovqat mahsulotlari,Непродовольственные товары,Non-food products,Ноозиқ-овқат маҳсулотлари,2025-08,monthly,2025,100.29
1.04,Xizmatlar,Услуги,Services,Хизматлар,2025-08,monthly,2025,100.33
01,Oziq-ovqat mahsulotlari va spirtsiz ichimliklar,Продукты питания и безалкогольные напитки,Food and non-alcoholic drinks,Озиқ-овқат маҳсулотлари ва спиртсиз ичимликлар,2025-08,monthly,2025,100.61
02,"Spirtli ichimliklar, tamaki mahsulotlari","Алкогольные напитки, табачные изделия","Alcoholic drinks, tobacco products","Спиртли ичимликлар, тамаки маҳсулотлари",2025-08,monthly,2025,100.42
03,Kiyim va poyafzal,Одежда и обувь,Clothes and footwear,Кийим ва пояфзал,2025-08,monthly,2025,100.13
04,"Turar joy xizmatlari, suv, elektr, gaz va boshqa yonilg'i turlari","Жилищные услуги, вода, электричество, газ и другие виды топлива","Housing services, water, electricity, gas and other fuels","Турар жой хизматлари, сув, електр, газ ва бошқа ёнилғи турлари",2025-08,monthly,2025,100.3
05,"Uy-ro'zg'or asboblari, maishiy texnika va turar joylarga kundalik xizmat ko'rsatish","Предметы домащнего обихода, бытовая техника и текущее обслуживание жилья","Household items, appliances and routine home maintenance","Уй-рўзғор асбоблари, маиший техника ва турар жойларга кундалик хизмат кўрсатиш",2025-08,monthly,2025,100.12
06,Sog'liqni saqlash,Здравоохранение,Health care,Соғлиқни сақлаш,2025-08,monthly,2025,100.27
07,Transport,Транспорт,Transport,Транспорт,2025-08,monthly,2025,100.43
08,Axborot va aloqa,Информация и связь,Information and communication,Aхборот ва алоқа,2025-08,monthly,2025,100.1
09,"Dam olish, sport va madaniyat","Отдых, Спорт и культура","Recreation, sports and culture","Дам олиш, спорт ва маданият",2025-08,monthly,2025,100.86
10,Ta'lim sohasidagi xizmatlar,Услуги в области образования,Services in the field of education,Таълим соҳасидаги хизматлар,2025-08,monthly,2025,100.17
11,Restoranlar va mehmonxonalar xizmatlari,Рестораны и гостиничное обслуживание,Restaurants and hotel services,Ресторанлар ва меҳмонхоналар хизматлари,2025-08,monthly,2025,100.69
12,Sug'urtalash va moliyaviy xizmatlar,Страхование и финансовые услуги,Insurance and financial services,Суғурталаш ва молиявий хизматлар,2025-08,monthly,2025,100.21
13,"Maishiy tovarlar va xizmatlar, ijtimoiy himoya va turli tovarlar va xizmatlar","Бытовые товары и услуги, социальная защита и разные товары и услуги","Household goods and services, social protection and miscellaneous goods and services","Маиший товарлар ва хизматлар, ижтимоий ҳимоя ва турли товарлар ва хизматлар",2025-08,monthly,2025,100.76
1,Yig‘ma indeks,Сводный индекс,Cumulative index,Йиғма индекс,2025-09,monthly,2025,100.56
1.02,Oziq-ovqat mahsulotlari,Продукты питания,Food products,Озиқ-овқат маҳсулотлари,2025-09,monthly,2025,100.86
1.03,Nooziq-ovqat mahsulotlari,Непродовольственные товары,Non-food products,Ноозиқ-овқат маҳсулотлари,2025-09,monthly,2025,100.32
1.04,Xizmatlar,Услуги,Services,Хизматлар,2025-09,monthly,2025,100.34
01,Oziq-ovqat mahsulotlari va spirtsiz ichimliklar,Продукты питания и безалкогольные напитки,Food and non-alcoholic drinks,Озиқ-овқат маҳсулотлари ва спиртсиз ичимликлар,2025-09,monthly,2025,100.89
02,"Spirtli ichimliklar, tamaki mahsulotlari","Алкогольные напитки, табачные изделия","Alcoholic drinks, tobacco products","Спиртли ичимликлар, тамаки маҳсулотлари",2025-09,monthly,2025,100.52
03,Kiyim va poyafzal,Одежда и обувь,Clothes and footwear,Кийим ва пояфзал,2025-09,monthly,2025,100.17
04,"Turar joy xizmatlari, suv, elektr, gaz va boshqa yonilg'i turlari","Жилищные услуги, вода, электричество, газ и другие виды топлива","Housing services, water, electricity, gas and other fuels","Турар жой хизматлари, сув, електр, газ ва бошқа ёнилғи турлари",2025-09,monthly,2025,100.38
05,"Uy-ro'zg'or asboblari, maishiy texnika va turar joylarga kundalik xizmat ko'rsatish","Предметы домащнего обихода, бытовая техника и текущее обслуживание жилья","Household items, appliances and routine home maintenance","Уй-рўзғор асбоблари, маиший техника ва турар жойларга кундалик хизмат кўрсатиш",2025-09,monthly,2025,100.15
06,Sog'liqni saqlash,Здравоохранение,Health care,Соғлиқни сақлаш,2025-09,monthly,2025,100.24
07,Transport,Транспорт,Transport,Транспорт,2025-09,monthly,2025,100.49
08,Axborot va aloqa,Информация и связь,Information and communication,Aхборот ва алоқа,2025-09,monthly,2025,100.31
09,"Dam olish, sport va madaniyat","Отдых, Спорт и культура","Recreation, sports and culture","Дам олиш, спорт ва маданият",2025-09,monthly,2025,100.37
10,Ta'lim sohasidagi xizmatlar,Услуги в области образования,Services in the field of education,Таълим соҳасидаги хизматлар,2025-09,monthly,2025,100.29
11,Restoranlar va mehmonxonalar xizmatlari,Рестораны и гостиничное обслуживание,Restaurants and hotel services,Ресторанлар ва меҳмонхоналар хизматлари,2025-09,monthly,2025,100.39
12,Sug'urtalash va moliyaviy xizmatlar,Страхование и финансовые услуги,Insurance and financial services,Суғурталаш ва молиявий хизматлар,2025-09,monthly,2025,99.56
13,"Maishiy tovarlar va xizmatlar, ijtimoiy himoya va turli tovarlar va xizmatlar","Бытовые товары и услуги, социальная защита и разные товары и услуги","Household goods and services, social protection and miscellaneous goods and services","Маиший товарлар ва хизматлар, ижтимоий ҳимоя ва турли товарлар ва хизматлар",2025-09,monthly,2025,100.48
1,Yig‘ma indeks,Сводный индекс,Cumulative index,Йиғма индекс,2025-10,monthly,2025,100.58
1.02,Oziq-ovqat mahsulotlari,Продукты питания,Food products,Озиқ-овқат маҳсулотлари,2025-10,monthly,2025,100.87
1.03,Nooziq-ovqat mahsulotlari,Непродовольственные товары,Non-food products,Ноозиқ-овқат маҳсулотлари,2025-10,monthly,2025,100.38
1.04,Xizmatlar,Услуги,Services,Хизматлар,2025-10,monthly,2025,100.29
01,Oziq-ovqat mahsulotlari va spirtsiz ichimliklar,Продукты питания и безалкогольные напитки,Food and non-alcoholic drinks,Озиқ-овқат маҳсулотлари ва спиртсиз ичимликлар,2025-10,monthly,2025,100.89
02,"Spirtli ichimliklar, tamaki mahsulotlari","Алкогольные напитки, табачные изделия","Alcoholic drinks, tobacco products","Спиртли ичимликлар, тамаки маҳсулотлари",2025-10,monthly,2025,100.45
03,Kiyim va poyafzal,Одежда и обувь,Clothes and footwear,Кийим ва пояфзал,2025-10,monthly,2025,100.22
04,"Turar joy xizmatlari, suv, elektr, gaz va boshqa yonilg'i turlari","Жилищные услуги, вода, электричество, газ и другие виды топлива","Housing services, water, electricity, gas and other fuels","Турар жой хизматлари, сув, електр, газ ва бошқа ёнилғи турлари",2025-10,monthly,2025,100.5
05,"Uy-ro'zg'or asboblari, maishiy texnika va turar joylarga kundalik xizmat ko'rsatish","Предметы домащнего обихода, бытовая техника и текущее обслуживание жилья","Household items, appliances and routine home maintenance","Уй-рўзғор асбоблари, маиший техника ва турар жойларга кундалик хизмат кўрсатиш",2025-10,monthly,2025,100.06
06,Sog'liqni saqlash,Здравоохранение,Health care,Соғлиқни сақлаш,2025-10,monthly,2025,100.34
07,Transport,Транспорт,Transport,Транспорт,2025-10,monthly,2025,100.25
08,Axborot va aloqa,Информация и связь,Information and communication,Aхборот ва алоқа,2025-10,monthly,2025,100.01
09,"Dam olish, sport va madaniyat","Отдых, Спорт и культура","Recreation, sports and culture","Дам олиш, спорт ва маданият",2025-10,monthly,2025,100.21
10,Ta'lim sohasidagi xizmatlar,Услуги в области образования,Services in the field of education,Таълим соҳасидаги хизматлар,2025-10,monthly,2025,100.27
11,Restoranlar va mehmonxonalar xizmatlari,Рестораны и гостиничное обслуживание,Restaurants and hotel services,Ресторанлар ва меҳмонхоналар хизматлари,2025-10,monthly,2025,100.51
12,Sug'urtalash va moliyaviy xizmatlar,Страхование и финансовые услуги,Insurance and financial services,Суғурталаш ва молиявий хизматлар,2025-10,monthly,2025,99.72
13,"Maishiy tovarlar va xizmatlar, ijtimoiy himoya va turli tovarlar va xizmatlar","Бытовые товары и услуги, социальная защита и разные товары и услуги","Household goods and services, social protection and miscellaneous goods and services","Маиший товарлар ва хизматлар, ижтимоий ҳимоя ва турли товарлар ва хизматлар",2025-10,monthly,2025,100.96
1,Yig‘ma indeks,Сводный индекс,Cumulative index,Йиғма индекс,2025-11,monthly,2025,100.66
1.02,Oziq-ovqat mahsulotlari,Продукты питания,Food products,Озиқ-овқат маҳсулотлари,2025-11,monthly,2025,100.98
1.03,Nooziq-ovqat mahsulotlari,Непродовольственные товары,Non-food products,Ноозиқ-овқат маҳсулотлари,2025-11,monthly,2025,100.47
1.04,Xizmatlar,Услуги,Services,Хизматлар,2025-11,monthly,2025,100.33
01,Oziq-ovqat mahsulotlari va spirtsiz ichimliklar,Продукты питания и безалкогольные напитки,Food and non-alcoholic drinks,Озиқ-овқат маҳсулотлари ва спиртсиз ичимликлар,2025-11,monthly,2025,101.0
02,"Spirtli ichimliklar, tamaki mahsulotlari","Алкогольные напитки, табачные изделия","Alcoholic drinks, tobacco products","Спиртли ичимликлар, тамаки маҳсулотлари",2025-11,monthly,2025,100.49
03,Kiyim va poyafzal,Одежда и обувь,Clothes and footwear,Кийим ва пояфзал,2025-11,monthly,2025,100.7
04,"Turar joy xizmatlari, suv, elektr, gaz va boshqa yonilg'i turlari","Жилищные услуги, вода, электричество, газ и другие виды топлива","Housing services, water, electricity, gas and other fuels","Турар жой хизматлари, сув, електр, газ ва бошқа ёнилғи турлари",2025-11,monthly,2025,100.56
05,"Uy-ro'zg'or asboblari, maishiy texnika va turar joylarga kundalik xizmat ko'rsatish","Предметы домащнего обихода, бытовая техника и текущее обслуживание жилья","Household items, appliances and routine home maintenance","Уй-рўзғор асбоблари, маиший техника ва турар жойларга кундалик хизмат кўрсатиш",2025-11,monthly,2025,100.24
06,Sog'liqni saqlash,Здравоохранение,Health care,Соғлиқни сақлаш,2025-11,monthly,2025,100.25
07,Transport,Транспорт,Transport,Транспорт,2025-11,monthly,2025,100.38
08,Axborot va aloqa,Информация и связь,Information and communication,Aхборот ва алоқа,2025-11,monthly,2025,100.18
09,"Dam olish, sport va madaniyat","Отдых, Спорт и культура","Recreation, sports and culture","Дам олиш, спорт ва маданият",2025-11,monthly,2025,100.24
10,Ta'lim sohasidagi xizmatlar,Услуги в области образования,Services in the field of education,Таълим соҳасидаги хизматлар,2025-11,monthly,2025,100.15
11,Restoranlar va mehmonxonalar xizmatlari,Рестораны и гостиничное обслуживание,Restaurants and hotel services,Ресторанлар ва меҳмонхоналар хизматлари,2025-11,monthly,2025,100.52
12,Sug'urtalash va moliyaviy xizmatlar,Страхование и финансовые услуги,Insurance and financial services,Суғурталаш ва молиявий хизматлар,2025-11,monthly,2025,99.43
13,"Maishiy tovarlar va xizmatlar, ijtimoiy himoya va turli tovarlar va xizmatlar","Бытовые товары и услуги, социальная защита и разные товары и услуги","Household goods and services, social protection and miscellaneous goods and services","Маиший товарлар ва хизматлар, ижтимоий ҳимоя ва турли товарлар ва хизматлар",2025-11,monthly,2025,100.23
1,Yig‘ma indeks,Сводный индекс,Cumulative index,Йиғма индекс,2025-12,monthly,2025,100.89
1.02,Oziq-ovqat mahsulotlari,Продукты питания,Food products,Озиқ-овқат маҳсулотлари,2025-12,monthly,2025,101.45
1.03,Nooziq-ovqat mahsulotlari,Непродовольственные товары,Non-food products,Ноозиқ-овқат маҳсулотлари,2025-12,monthly,2025,100.27
1.04,Xizmatlar,Услуги,Services,Хизматлар,2025-12,monthly,2025,100.66
01,Oziq-ovqat mahsulotlari va spirtsiz ichimliklar,Продукты питания и безалкогольные напитки,Food and non-alcoholic drinks,Озиқ-овқат маҳсулотлари ва спиртсиз ичимликлар,2025-12,monthly,2025,101.51
02,"Spirtli ichimliklar, tamaki mahsulotlari","Алкогольные напитки, табачные изделия","Alcoholic drinks, tobacco products","Спиртли ичимликлар, тамаки маҳсулотлари",2025-12,monthly,2025,100.27
03,Kiyim va poyafzal,Одежда и обувь,Clothes and footwear,Кийим ва пояфзал,2025-12,monthly,2025,100.15
04,"Turar joy xizmatlari, suv, elektr, gaz va boshqa yonilg'i turlari","Жилищные услуги, вода, электричество, газ и другие виды топлива","Housing services, water, electricity, gas and other fuels","Турар жой хизматлари, сув, електр, газ ва бошқа ёнилғи турлари",2025-12,monthly,2025,100.3
05,"Uy-ro'zg'or asboblari, maishiy texnika va turar joylarga kundalik xizmat ko'rsatish","Предметы домащнего обихода, бытовая техника и текущее обслуживание жилья","Household items, appliances and routine home maintenance","Уй-рўзғор асбоблари, маиший техника ва турар жойларга кундалик хизмат кўрсатиш",2025-12,monthly,2025,100.12
06,Sog'liqni saqlash,Здравоохранение,Health care,Соғлиқни сақлаш,2025-12,monthly,2025,100.21
07,Transport,Транспорт,Transport,Транспорт,2025-12,monthly,2025,100.71
08,Axborot va aloqa,Информация и связь,Information and communication,Aхборот ва алоқа,2025-12,monthly,2025,102.72
09,"Dam olish, sport va madaniyat","Отдых, Спорт и культура","Recreation, sports and culture","Дам олиш, спорт ва маданият",2025-12,monthly,2025,100.28
10,Ta'lim sohasidagi xizmatlar,Услуги в области образования,Services in the field of education,Таълим соҳасидаги хизматлар,2025-12,monthly,2025,100.19
11,Restoranlar va mehmonxonalar xizmatlari,Рестораны и гостиничное обслуживание,Restaurants and hotel services,Ресторанлар ва меҳмонхоналар хизматлари,2025-12,monthly,2025,100.4
12,Sug'urtalash va moliyaviy xizmatlar,Страхование и финансовые услуги,Insurance and financial services,Суғурталаш ва молиявий хизматлар,2025-12,monthly,2025,100.84
13,"Maishiy tovarlar va xizmatlar, ijtimoiy himoya va turli tovarlar va xizmatlar","Бытовые товары и услуги, социальная защита и разные товары и услуги","Household goods and services, social protection and miscellaneous goods and services","Маиший товарлар ва хизматлар, ижтимоий ҳимоя ва турли товарлар ва хизматлар",2025-12,monthly,2025,100.31
1,Yig‘ma indeks,Сводный индекс,Cumulative index,Йиғма индекс,2026-01,monthly,2026,100.7
1.02,Oziq-ovqat mahsulotlari,Продукты питания,Food products,Озиқ-овқат маҳсулотлари,2026-01,monthly,2026,100.8
1.03,Nooziq-ovqat mahsulotlari,Непродовольственные товары,Non-food products,Ноозиқ-овқат маҳсулотлари,2026-01,monthly,2026,100.4
1.04,Xizmatlar,Услуги,Services,Хизматлар,2026-01,monthly,2026,100.8
01,Oziq-ovqat mahsulotlari va spirtsiz ichimliklar,Продукты питания и безалкогольные напитки,Food and non-alcoholic drinks,Озиқ-овқат маҳсулотлари ва спиртсиз ичимликлар,2026-01,monthly,2026,100.8
02,"Spirtli ichimliklar, tamaki mahsulotlari","Алкогольные напитки, табачные изделия","Alcoholic drinks, tobacco products","Спиртли ичимликлар, тамаки маҳсулотлари",2026-01,monthly,2026,100.4
03,Kiyim va poyafzal,Одежда и обувь,Clothes and footwear,Кийим ва пояфзал,2026-01,monthly,2026,100.2
04,"Turar joy xizmatlari, suv, elektr, gaz va boshqa yonilg'i turlari","Жилищные услуги, вода, электричество, газ и другие виды топлива","Housing services, water, electricity, gas and other fuels","Турар жой хизматлари, сув, електр, газ ва бошқа ёнилғи турлари",2026-01,monthly,2026,100.2
05,"Uy-ro'zg'or asboblari, maishiy texnika va turar joylarga kundalik xizmat ko'rsatish","Предметы домащнего обихода, бытовая техника и текущее обслуживание жилья","Household items, appliances and routine home maintenance","Уй-рўзғор асбоблари, маиший техника ва турар жойларга кундалик хизмат кўрсатиш",2026-01,monthly,2026,100.4
06,Sog'liqni saqlash,Здравоохранение,Health care,Соғлиқни сақлаш,2026-01,monthly,2026,100.5
07,Transport,Транспорт,Transport,Транспорт,2026-01,monthly,2026,100.3
08,Axborot va aloqa,Информация и связь,Information and communication,Aхборот ва алоқа,2026-01,monthly,2026,101.1
09,"Dam olish, sport va madaniyat","Отдых, Спорт и культура","Recreation, sports and culture","Дам олиш, спорт ва маданият",2026-01,monthly,2026,100.5
10,Ta'lim sohasidagi xizmatlar,Услуги в области образования,Services in the field of education,Таълим соҳасидаги хизматлар,2026-01,monthly,2026,100.1
11,Restoranlar va mehmonxonalar xizmatlari,Рестораны и гостиничное обслуживание,Restaurants and hotel services,Ресторанлар ва меҳмонхоналар хизматлари,2026-01,monthly,2026,100.7
12,Sug'urtalash va moliyaviy xizmatlar,Страхование и финансовые услуги,Insurance and financial services,Суғурталаш ва молиявий хизматлар,2026-01,monthly,2026,140.8
13,"Maishiy tovarlar va xizmatlar, ijtimoiy himoya va turli tovarlar va xizmatlar","Бытовые товары и услуги, социальная защита и разные товары и услуги","Household goods and services, social protection and miscellaneous goods and services","Маиший товарлар ва хизматлар, ижтимоий ҳимоя ва турли товарлар ва хизматлар",2026-01,monthly,2026,101.1
1,Yig‘ma indeks,Сводный индекс,Cumulative index,Йиғма индекс,2026-02,monthly,2026,100.6
1.02,Oziq-ovqat mahsulotlari,Продукты питания,Food products,Озиқ-овқат маҳсулотлари,2026-02,monthly,2026,100.9
1.03,Nooziq-ovqat mahsulotlari,Непродовольственные товары,Non-food products,Ноозиқ-овқат маҳсулотлари,2026-02,monthly,2026,100.2
1.04,Xizmatlar,Услуги,Services,Хизматлар,2026-02,monthly,2026,100.6
01,Oziq-ovqat mahsulotlari va spirtsiz ichimliklar,Продукты питания и безалкогольные напитки,Food and non-alcoholic drinks,Озиқ-овқат маҳсулотлари ва спиртсиз ичимликлар,2026-02,monthly,2026,101.0
02,"Spirtli ichimliklar, tamaki mahsulotlari","Алкогольные напитки, табачные изделия","Alcoholic drinks, tobacco products","Спиртли ичимликлар, тамаки маҳсулотлари",2026-02,monthly,2026,100.3
03,Kiyim va poyafzal,Одежда и обувь,Clothes and footwear,Кийим ва пояфзал,2026-02,monthly,2026,100.2
04,"Turar joy xizmatlari, suv, elektr, gaz va boshqa yonilg'i turlari","Жилищные услуги, вода, электричество, газ и другие виды топлива","Housing services, water, electricity, gas and other fuels","Турар жой хизматлари, сув, електр, газ ва бошқа ёнилғи турлари",2026-02,monthly,2026,100.5
05,"Uy-ro'zg'or asboblari, maishiy texnika va turar joylarga kundalik xizmat ko'rsatish","Предметы домащнего обихода, бытовая техника и текущее обслуживание жилья","Household items, appliances and routine home maintenance","Уй-рўзғор асбоблари, маиший техника ва турар жойларга кундалик хизмат кўрсатиш",2026-02,monthly,2026,100.4
06,Sog'liqni saqlash,Здравоохранение,Health care,Соғлиқни сақлаш,2026-02,monthly,2026,100.6
07,Transport,Транспорт,Transport,Транспорт,2026-02,monthly,2026,100.5
08,Axborot va aloqa,Информация и связь,Information and communication,Aхборот ва алоқа,2026-02,monthly,2026,100.2
09,"Dam olish, sport va madaniyat","Отдых, Спорт и культура","Recreation, sports and culture","Дам олиш, спорт ва маданият",2026-02,monthly,2026,100.2
10,Ta'lim sohasidagi xizmatlar,Услуги в области образования,Services in the field of education,Таълим соҳасидаги хизматлар,2026-02,monthly,2026,100.1
11,Restoranlar va mehmonxonalar xizmatlari,Рестораны и гостиничное обслуживание,Restaurants and hotel services,Ресторанлар ва меҳмонхоналар хизматлари,2026-02,monthly,2026,100.6
12,Sug'urtalash va moliyaviy xizmatlar,Страхование и финансовые услуги,Insurance and financial services,Суғурталаш ва молиявий хизматлар,2026-02,monthly,2026,100.3
13,"Maishiy tovarlar va xizmatlar, ijtimoiy himoya va turli tovarlar va xizmatlar","Бытовые товары и услуги, социальная защита и разные товары и услуги","Household goods and services, social protection and miscellaneous goods and services","Маиший товарлар ва хизматлар, ижтимоий ҳимоя ва турли товарлар ва хизматлар",2026-02,monthly,2026,100.6
1,Yig‘ma indeks,Сводный индекс,Cumulative index,Йиғма индекс,2026-03,monthly,2026,100.6
1.02,Oziq-ovqat mahsulotlari,Продукты питания,Food products,Озиқ-овқат маҳсулотлари,2026-03,monthly,2026,101.2
1.03,Nooziq-ovqat mahsulotlari,Непродовольственные товары,Non-food products,Ноозиқ-овқат маҳсулотлари,2026-03,monthly,2026,100.3
1.04,Xizmatlar,Услуги,Services,Хизматлар,2026-03,monthly,2026,100.2
01,Oziq-ovqat mahsulotlari va spirtsiz ichimliklar,Продукты питания и безалкогольные напитки,Food and non-alcoholic drinks,Озиқ-овқат маҳсулотлари ва спиртсиз ичимликлар,2026-03,monthly,2026,101.2
02,"Spirtli ichimliklar, tamaki mahsulotlari","Алкогольные напитки, табачные изделия","Alcoholic drinks, tobacco products","Спиртли ичимликлар, тамаки маҳсулотлари",2026-03,monthly,2026,100.3
03,Kiyim va poyafzal,Одежда и обувь,Clothes and footwear,Кийим ва пояфзал,2026-03,monthly,2026,100.3
04,"Turar joy xizmatlari, suv, elektr, gaz va boshqa yonilg'i turlari","Жилищные услуги, вода, электричество, газ и другие виды топлива","Housing services, water, electricity, gas and other fuels","Турар жой хизматлари, сув, електр, газ ва бошқа ёнилғи турлари",2026-03,monthly,2026,100.3
05,"Uy-ro'zg'or asboblari, maishiy texnika va turar joylarga kundalik xizmat ko'rsatish","Предметы домащнего обихода, бытовая техника и текущее обслуживание жилья","Household items, appliances and routine home maintenance","Уй-рўзғор асбоблари, маиший техника ва турар жойларга кундалик хизмат кўрсатиш",2026-03,monthly,2026,100.3
06,Sog'liqni saqlash,Здравоохранение,Health care,Соғлиқни сақлаш,2026-03,monthly,2026,100.6
07,Transport,Транспорт,Transport,Транспорт,2026-03,monthly,2026,99.8
08,Axborot va aloqa,Информация и связь,Information and communication,Aхборот ва алоқа,2026-03,monthly,2026,99.9
09,"Dam olish, sport va madaniyat","Отдых, Спорт и культура","Recreation, sports and culture","Дам олиш, спорт ва маданият",2026-03,monthly,2026,100.2
10,Ta'lim sohasidagi xizmatlar,Услуги в области образования,Services in the field of education,Таълим соҳасидаги хизматлар,2026-03,monthly,2026,100.1
11,Restoranlar va mehmonxonalar xizmatlari,Рестораны и гостиничное обслуживание,Restaurants and hotel services,Ресторанлар ва меҳмонхоналар хизматлари,2026-03,monthly,2026,100.8
12,Sug'urtalash va moliyaviy xizmatlar,Страхование и финансовые услуги,Insurance and financial services,Суғурталаш ва молиявий хизматлар,2026-03,monthly,2026,99.8
13,"Maishiy tovarlar va xizmatlar, ijtimoiy himoya va turli tovarlar va xizmatlar","Бытовые товары и услуги, социальная защита и разные товары и услуги","Household goods and services, social protection and miscellaneous goods and services","Маиший товарлар ва хизматлар, ижтимоий ҳимоя ва турли товарлар ва хизматлар",2026-03,monthly,2026,100.5
1,Yig‘ma indeks,Сводный индекс,Cumulative index,Йиғма индекс,2026-04,monthly,2026,100.6
1.02,Oziq-ovqat mahsulotlari,Продукты питания,Food products,Озиқ-овқат маҳсулотлари,2026-04,monthly,2026,101.0
1.03,Nooziq-ovqat mahsulotlari,Непродовольственные товары,Non-food products,Ноозиқ-овқат маҳсулотлари,2026-04,monthly,2026,100.3
1.04,Xizmatlar,Услуги,Services,Хизматлар,2026-04,monthly,2026,100.4
01,Oziq-ovqat mahsulotlari va spirtsiz ichimliklar,Продукты питания и безалкогольные напитки,Food and non-alcoholic drinks,Озиқ-овқат маҳсулотлари ва спиртсиз ичимликлар,2026-04,monthly,2026,100.9
02,"Spirtli ichimliklar, tamaki mahsulotlari","Алкогольные напитки, табачные изделия","Alcoholic drinks, tobacco products","Спиртли ичимликлар, тамаки маҳсулотлари",2026-04,monthly,2026,101.7
03,Kiyim va poyafzal,Одежда и обувь,Clothes and footwear,Кийим ва пояфзал,2026-04,monthly,2026,100.2
04,"Turar joy xizmatlari, suv, elektr, gaz va boshqa yonilg'i turlari","Жилищные услуги, вода, электричество, газ и другие виды топлива","Housing services, water, electricity, gas and other fuels","Турар жой хизматлари, сув, електр, газ ва бошқа ёнилғи турлари",2026-04,monthly,2026,100.4
05,"Uy-ro'zg'or asboblari, maishiy texnika va turar joylarga kundalik xizmat ko'rsatish","Предметы домащнего обихода, бытовая техника и текущее обслуживание жилья","Household items, appliances and routine home maintenance","Уй-рўзғор асбоблари, маиший техника ва турар жойларга кундалик хизмат кўрсатиш",2026-04,monthly,2026,100.2
06,Sog'liqni saqlash,Здравоохранение,Health care,Соғлиқни сақлаш,2026-04,monthly,2026,100.2
07,Transport,Транспорт,Transport,Транспорт,2026-04,monthly,2026,100.5
08,Axborot va aloqa,Информация и связь,Information and communication,Aхборот ва алоқа,2026-04,monthly,2026,100.0
09,"Dam olish, sport va madaniyat","Отдых, Спорт и культура","Recreation, sports and culture","Дам олиш, спорт ва маданият",2026-04,monthly,2026,100.2
10,Ta'lim sohasidagi xizmatlar,Услуги в области образования,Services in the field of education,Таълим соҳасидаги хизматлар,2026-04,monthly,2026,100.0
11,Restoranlar va mehmonxonalar xizmatlari,Рестораны и гостиничное обслуживание,Restaurants and hotel services,Ресторанлар ва меҳмонхоналар хизматлари,2026-04,monthly,2026,101.3
12,Sug'urtalash va moliyaviy xizmatlar,Страхование и финансовые услуги,Insurance and financial services,Суғурталаш ва молиявий хизматлар,2026-04,monthly,2026,101.0
13,"Maishiy tovarlar va xizmatlar, ijtimoiy himoya va turli tovarlar va xizmatlar","Бытовые товары и услуги, социальная защита и разные товары и услуги","Household goods and services, social protection and miscellaneous goods and services","Маиший товарлар ва хизматлар, ижтимоий ҳимоя ва турли товарлар ва хизматлар",2026-04,monthly,2026,100.8
1,Yig‘ma indeks,Сводный индекс,Cumulative index,Йиғма индекс,2026-05,monthly,2026,100.2
1.02,Oziq-ovqat mahsulotlari,Продукты питания,Food products,Озиқ-овқат маҳсулотлари,2026-05,monthly,2026,100.0
1.03,Nooziq-ovqat mahsulotlari,Непродовольственные товары,Non-food products,Ноозиқ-овқат маҳсулотлари,2026-05,monthly,2026,100.3
1.04,Xizmatlar,Услуги,Services,Хизматлар,2026-05,monthly,2026,100.4
01,Oziq-ovqat mahsulotlari va spirtsiz ichimliklar,Продукты питания и безалкогольные напитки,Food and non-alcoholic drinks,Озиқ-овқат маҳсулотлари ва спиртсиз ичимликлар,2026-05,monthly,2026,99.9
02,"Spirtli ichimliklar, tamaki mahsulotlari","Алкогольные напитки, табачные изделия","Alcoholic drinks, tobacco products","Спиртли ичимликлар, тамаки маҳсулотлари",2026-05,monthly,2026,100.6
03,Kiyim va poyafzal,Одежда и обувь,Clothes and footwear,Кийим ва пояфзал,2026-05,monthly,2026,100.4
04,"Turar joy xizmatlari, suv, elektr, gaz va boshqa yonilg'i turlari","Жилищные услуги, вода, электричество, газ и другие виды топлива","Housing services, water, electricity, gas and other fuels","Турар жой хизматлари, сув, електр, газ ва бошқа ёнилғи турлари",2026-05,monthly,2026,100.4
05,"Uy-ro'zg'or asboblari, maishiy texnika va turar joylarga kundalik xizmat ko'rsatish","Предметы домащнего обихода, бытовая техника и текущее обслуживание жилья","Household items, appliances and routine home maintenance","Уй-рўзғор асбоблари, маиший техника ва турар жойларга кундалик хизмат кўрсатиш",2026-05,monthly,2026,100.4
06,Sog'liqni saqlash,Здравоохранение,Health care,Соғлиқни сақлаш,2026-05,monthly,2026,100.0
07,Transport,Транспорт,Transport,Транспорт,2026-05,monthly,2026,100.4
08,Axborot va aloqa,Информация и связь,Information and communication,Aхборот ва алоқа,2026-05,monthly,2026,100.1
09,"Dam olish, sport va madaniyat","Отдых, Спорт и культура","Recreation, sports and culture","Дам олиш, спорт ва маданият",2026-05,monthly,2026,100.4
10,Ta'lim sohasidagi xizmatlar,Услуги в области образования,Services in the field of education,Таълим соҳасидаги хизматлар,2026-05,monthly,2026,100.1
11,Restoranlar va mehmonxonalar xizmatlari,Рестораны и гостиничное обслуживание,Restaurants and hotel services,Ресторанлар ва меҳмонхоналар хизматлари,2026-05,monthly,2026,100.6
12,Sug'urtalash va moliyaviy xizmatlar,Страхование и финансовые услуги,Insurance and financial services,Суғурталаш ва молиявий хизматлар,2026-05,monthly,2026,100.1
13,"Maishiy tovarlar va xizmatlar, ijtimoiy himoya va turli tovarlar va xizmatlar","Бытовые товары и услуги, социальная защита и разные товары и услуги","Household goods and services, social protection and miscellaneous goods and services","Маиший товарлар ва хизматлар, ижтимоий ҳимоя ва турли товарлар ва хизматлар",2026-05,monthly,2026,100.5
1,Yig‘ma indeks,Сводный индекс,Cumulative index,Йиғма индекс,2026-06,monthly,2026,100.6
1.02,Oziq-ovqat mahsulotlari,Продукты питания,Food products,Озиқ-овқат маҳсулотлари,2026-06,monthly,2026,98.6
1.03,Nooziq-ovqat mahsulotlari,Непродовольственные товары,Non-food products,Ноозиқ-овқат маҳсулотлари,2026-06,monthly,2026,102.3
1.04,Xizmatlar,Услуги,Services,Хизматлар,2026-06,monthly,2026,101.8
01,Oziq-ovqat mahsulotlari va spirtsiz ichimliklar,Продукты питания и безалкогольные напитки,Food and non-alcoholic drinks,Озиқ-овқат маҳсулотлари ва спиртсиз ичимликлар,2026-06,monthly,2026,98.5
02,"Spirtli ichimliklar, tamaki mahsulotlari","Алкогольные напитки, табачные изделия","Alcoholic drinks, tobacco products","Спиртли ичимликлар, тамаки маҳсулотлари",2026-06,monthly,2026,100.4
03,Kiyim va poyafzal,Одежда и обувь,Clothes and footwear,Кийим ва пояфзал,2026-06,monthly,2026,100.2
04,"Turar joy xizmatlari, suv, elektr, gaz va boshqa yonilg'i turlari","Жилищные услуги, вода, электричество, газ и другие виды топлива","Housing services, water, electricity, gas and other fuels","Турар жой хизматлари, сув, електр, газ ва бошқа ёнилғи турлари",2026-06,monthly,2026,107.8
05,"Uy-ro'zg'or asboblari, maishiy texnika va turar joylarga kundalik xizmat ko'rsatish","Предметы домащнего обихода, бытовая техника и текущее обслуживание жилья","Household items, appliances and routine home maintenance","Уй-рўзғор асбоблари, маиший техника ва турар жойларга кундалик хизмат кўрсатиш",2026-06,monthly,2026,100.2
06,Sog'liqni saqlash,Здравоохранение,Health care,Соғлиқни сақлаш,2026-06,monthly,2026,100.2
07,Transport,Транспорт,Transport,Транспорт,2026-06,monthly,2026,102.4
08,Axborot va aloqa,Информация и связь,Information and communication,Aхборот ва алоқа,2026-06,monthly,2026,100.3
09,"Dam olish, sport va madaniyat","Отдых, Спорт и культура","Recreation, sports and culture","Дам олиш, спорт ва маданият",2026-06,monthly,2026,100.3
10,Ta'lim sohasidagi xizmatlar,Услуги в области образования,Services in the field of education,Таълим соҳасидаги хизматлар,2026-06,monthly,2026,100.0
11,Restoranlar va mehmonxonalar xizmatlari,Рестораны и гостиничное обслуживание,Restaurants and hotel services,Ресторанлар ва меҳмонхоналар хизматлари,2026-06,monthly,2026,100.5
12,Sug'urtalash va moliyaviy xizmatlar,Страхование и финансовые услуги,Insurance and financial services,Суғурталаш ва молиявий хизматлар,2026-06,monthly,2026,100.8
13,"Maishiy tovarlar va xizmatlar, ijtimoiy himoya va turli tovarlar va xizmatlar","Бытовые товары и услуги, социальная защита и разные товары и услуги","Household goods and services, social protection and miscellaneous goods and services","Маиший товарлар ва хизматлар, ижтимоий ҳимоя ва турли товарлар ва хизматлар",2026-06,monthly,2026,100.4
1,Yig‘ma indeks,Сводный индекс,Cumulative index,Йиғма индекс,2026-07,monthly,2026,99.9
1.02,Oziq-ovqat mahsulotlari,Продукты питания,Food products,Озиқ-овқат маҳсулотлари,2026-07,monthly,2026,99.1
1.03,Nooziq-ovqat mahsulotlari,Непродовольственные товары,Non-food products,Ноозиқ-овқат маҳсулотлари,2026-07,monthly,2026,100.3
1.04,Xizmatlar,Услуги,Services,Хизматлар,2026-07,monthly,2026,100.5
01,Oziq-ovqat mahsulotlari va spirtsiz ichimliklar,Продукты питания и безалкогольные напитки,Food and non-alcoholic drinks,Озиқ-овқат маҳсулотлари ва спиртсиз ичимликлар,2026-07,monthly,2026,99.0
02,"Spirtli ichimliklar, tamaki mahsulotlari","Алкогольные напитки, табачные изделия","Alcoholic drinks, tobacco products","Спиртли ичимликлар, тамаки маҳсулотлари",2026-07,monthly,2026,100.7
03,Kiyim va poyafzal,Одежда и обувь,Clothes and footwear,Кийим ва пояфзал,2026-07,monthly,2026,100.1
04,"Turar joy xizmatlari, suv, elektr, gaz va boshqa yonilg'i turlari","Жилищные услуги, вода, электричество, газ и другие виды топлива","Housing services, water, electricity, gas and other fuels","Турар жой хизматлари, сув, електр, газ ва бошқа ёнилғи турлари",2026-07,monthly,2026,100.3
05,"Uy-ro'zg'or asboblari, maishiy texnika va turar joylarga kundalik xizmat ko'rsatish","Предметы домащнего обихода, бытовая техника и текущее обслуживание жилья","Household items, appliances and routine home maintenance","Уй-рўзғор асбоблари, маиший техника ва турар жойларга кундалик хизмат кўрсатиш",2026-07,monthly,2026,100.2
06,Sog'liqni saqlash,Здравоохранение,Health care,Соғлиқни сақлаш,2026-07,monthly,2026,100.3
07,Transport,Транспорт,Transport,Транспорт,2026-07,monthly,2026,100.8
08,Axborot va aloqa,Информация и связь,Information and communication,Aхборот ва алоқа,2026-07,monthly,2026,101.1
09,"Dam olish, sport va madaniyat","Отдых, Спорт и культура","Recreation, sports and culture","Дам олиш, спорт ва маданият",2026-07,monthly,2026,100.3
10,Ta'lim sohasidagi xizmatlar,Услуги в области образования,Services in the field of education,Таълим соҳасидаги хизматлар,2026-07,monthly,2026,100.1
11,Restoranlar va mehmonxonalar xizmatlari,Рестораны и гостиничное обслуживание,Restaurants and hotel services,Ресторанлар ва меҳмонхоналар хизматлари,2026-07,monthly,2026,100.3
12,Sug'urtalash va moliyaviy xizmatlar,Страхование и финансовые услуги,Insurance and financial services,Суғурталаш ва молиявий хизматлар,2026-07,monthly,2026,100.3
13,"Maishiy tovarlar va xizmatlar, ijtimoiy himoya va turli tovarlar va xizmatlar","Бытовые товары и услуги, социальная защита и разные товары и услуги","Household goods and services, social protection and miscellaneous goods and services","Маиший товарлар ва хизматлар, ижтимоий ҳимоя ва турли товарлар ва хизматлар",2026-07,monthly,2026,100.4
1,Yig‘ma indeks,Сводный индекс,Cumulative index,Йиғма индекс,2026-08,monthly,2026,100.2
1.02,Oziq-ovqat mahsulotlari,Продукты питания,Food products,Озиқ-овқат маҳсулотлари,2026-08,monthly,2026,100.4
1.03,Nooziq-ovqat mahsulotlari,Непродовольственные товары,Non-food products,Ноозиқ-овқат маҳсулотлари,2026-08,monthly,2026,100.2
1.04,Xizmatlar,Услуги,Services,Хизматлар,2026-08,monthly,2026,100.1
01,Oziq-ovqat mahsulotlari va spirtsiz ichimliklar,Продукты питания и безалкогольные напитки,Food and non-alcoholic drinks,Озиқ-овқат маҳсулотлари ва спиртсиз ичимликлар,2026-08,monthly,2026,100.4
02,"Spirtli ichimliklar, tamaki mahsulotlari","Алкогольные напитки, табачные изделия","Alcoholic drinks, tobacco products","Спиртли ичимликлар, тамаки маҳсулотлари",2026-08,monthly,2026,100.6
03,Kiyim va poyafzal,Одежда и обувь,Clothes and footwear,Кийим ва пояфзал,2026-08,monthly,2026,100.1
04,"Turar joy xizmatlari, suv, elektr, gaz va boshqa yonilg'i turlari","Жилищные услуги, вода, электричество, газ и другие виды топлива","Housing services, water, electricity, gas and other fuels","Турар жой хизматлари, сув, електр, газ ва бошқа ёнилғи турлари",2026-08,monthly,2026,100.0
05,"Uy-ro'zg'or asboblari, maishiy texnika va turar joylarga kundalik xizmat ko'rsatish","Предметы домащнего обихода, бытовая техника и текущее обслуживание жилья","Household items, appliances and routine home maintenance","Уй-рўзғор асбоблари, маиший техника ва турар жойларга кундалик хизмат кўрсатиш",2026-08,monthly,2026,100.1
06,Sog'liqni saqlash,Здравоохранение,Health care,Соғлиқни сақлаш,2026-08,monthly,2026,99.9
07,Transport,Транспорт,Transport,Транспорт,2026-08,monthly,2026,100.4
08,Axborot va aloqa,Информация и связь,Information and communication,Aхборот ва алоқа,2026-08,monthly,2026,99.9
09,"Dam olish, sport va madaniyat","Отдых, Спорт и культура","Recreation, sports and culture","Дам олиш, спорт ва маданият",2026-08,monthly,2026,100.2
10,Ta'lim sohasidagi xizmatlar,Услуги в области образования,Services in the field of education,Таълим соҳасидаги хизматлар,2026-08,monthly,2026,100.1
11,Restoranlar va mehmonxonalar xizmatlari,Рестораны и гостиничное обслуживание,Restaurants and hotel services,Ресторанлар ва меҳмонхоналар хизматлари,2026-08,monthly,2026,100.3
12,Sug'urtalash va moliyaviy xizmatlar,Страхование и финансовые услуги,Insurance and financial services,Суғурталаш ва молиявий хизматлар,2026-08,monthly,2026,99.8
13,"Maishiy tovarlar va xizmatlar, ijtimoiy himoya va turli tovarlar va xizmatlar","Бытовые товары и услуги, социальная защита и разные товары и услуги","Household goods and services, social protection and miscellaneous goods and services","Маиший товарлар ва хизматлар, ижтимоий ҳимоя ва турли товарлар ва хизматлар",2026-08,monthly,2026,100.2
1,Yig‘ma indeks,Сводный индекс,Cumulative index,Йиғма индекс,2026-09,monthly,2026,100.7
1.02,Oziq-ovqat mahsulotlari,Продукты питания,Food products,Озиқ-овқат маҳсулотлари,2026-09,monthly,2026,101.0
1.03,Nooziq-ovqat mahsulotlari,Непродовольственные товары,Non-food products,Ноозиқ-овқат маҳсулотлари,2026-09,monthly,2026,100.3
1.04,Xizmatlar,Услуги,Services,Хизматлар,2026-09,monthly,2026,100.9
01,Oziq-ovqat mahsulotlari va spirtsiz ichimliklar,Продукты питания и безалкогольные напитки,Food and non-alcoholic drinks,Озиқ-овқат маҳсулотлари ва спиртсиз ичимликлар,2026-09,monthly,2026,101.0
02,"Spirtli ichimliklar, tamaki mahsulotlari","Алкогольные напитки, табачные изделия","Alcoholic drinks, tobacco products","Спиртли ичимликлар, тамаки маҳсулотлари",2026-09,monthly,2026,100.3
03,Kiyim va poyafzal,Одежда и обувь,Clothes and footwear,Кийим ва пояфзал,2026-09,monthly,2026,100.2
04,"Turar joy xizmatlari, suv, elektr, gaz va boshqa yonilg'i turlari","Жилищные услуги, вода, электричество, газ и другие виды топлива","Housing services, water, electricity, gas and other fuels","Турар жой хизматлари, сув, електр, газ ва бошқа ёнилғи турлари",2026-09,monthly,2026,100.3
05,"Uy-ro'zg'or asboblari, maishiy texnika va turar joylarga kundalik xizmat ko'rsatish","Предметы домащнего обихода, бытовая техника и текущее обслуживание жилья","Household items, appliances and routine home maintenance","Уй-рўзғор асбоблари, маиший техника ва турар жойларга кундалик хизмат кўрсатиш",2026-09,monthly,2026,100.3
06,Sog'liqni saqlash,Здравоохранение,Health care,Соғлиқни сақлаш,2026-09,monthly,2026,100.2
07,Transport,Транспорт,Transport,Транспорт,2026-09,monthly,2026,100.5
08,Axborot va aloqa,Информация и связь,Information and communication,Aхборот ва алоқа,2026-09,monthly,2026,100.2
09,"Dam olish, sport va madaniyat","Отдых, Спорт и культура","Recreation, sports and culture","Дам олиш, спорт ва маданият",2026-09,monthly,2026,100.4
10,Ta'lim sohasidagi xizmatlar,Услуги в области образования,Services in the field of education,Таълим соҳасидаги хизматлар,2026-09,monthly,2026,104.2
11,Restoranlar va mehmonxonalar xizmatlari,Рестораны и гостиничное обслуживание,Restaurants and hotel services,Ресторанлар ва меҳмонхоналар хизматлари,2026-09,monthly,2026,100.7
12,Sug'urtalash va moliyaviy xizmatlar,Страхование и финансовые услуги,Insurance and financial services,Суғурталаш ва молиявий хизматлар,2026-09,monthly,2026,100.1
13,"Maishiy tovarlar va xizmatlar, ijtimoiy himoya va turli tovarlar va xizmatlar","Бытовые товары и услуги, социальная защита и разные товары и услуги","Household goods and services, social protection and miscellaneous goods and services","Маиший товарлар ва хизматлар, ижтимоий ҳимоя ва турли товарлар ва хизматлар",2026-09,monthly,2026,100.5
