code,name_uz,name_ru,name_en,name_uz_cyrillic,period,frequency,year,value
6,Yig‘ma indeks,Сводный индекс,Composite index,Йиғма индекс,2019,annual,2019,118.0
01.0,TIRIK HAYVONLAR; HAYVONLARDAN OLINGAN MAHSULOTLAR,ЖИВЫЕ ЖИВОТНЫЕ; ПРОДУКТЫ ЖИВОТНОГО ПРОИСХОЖДЕНИЯ,LIVE ANIMALS; ANIMAL PRODUCTS,ТИРИК ҲАЙВОНЛАР; ҲАЙВОНЛАРДАН ОЛИНГАН МАҲСУЛОТЛАР,2019,annual,2019,113.5
01.1,TIRIK HAYVONLAR,ЖИВЫЕ ЖИВОТНЫЕ,LIVE ANIMALS,ТИРИК ҲАЙВОНЛАР,2019,annual,2019,92.3
01.2,GO'SHT VA GO'SHT MAHSULOTLARI,МЯСО И ПИЩЕВЫЕ МЯСНЫЕ СУБПРОДУКТЫ.,MEAT AND MEAT PREPARATIONS,ГЎШТ ВА ГЎШТ МАҲСУЛОТЛАРИ,2019,annual,2019,100.0
01.3,"BALIQ VA QISQICHBAQASIMONLAR, MOLLYUSKALAR VA BOSHQA SUV UMURTQASIZLARI","РЫБА И РАКООБРАЗНЫЕ, МОЛЛЮСКИ И ПРОЧИЕ ВОДНЫЕ БЕСПОЗВОНОЧНЫЕ","FISH, CRUSTACEANS, MOLLUSCS AND AQUATIC INVERTEBRATES, AND PREPARATIONS THEREOF","БАЛИҚ ВА ҚИСҚИЧБАҚАСИМОНЛАР, МОЛЛЮСКАЛАР ВА БОШҚА СУВ УМУРТҚАСИЗЛАРИ",2019,annual,2019,100.0
01.4,SUT MAHSULOTLARI; PARRANDA TUXUMLARI; TABIIY ASAL; BOSHQA JOYLARDA NOMI QAYD ETILMAGAN VA BOSHQA GURUHLARGA KIRITILMAGAN HAYVONLARDAN OZIQ-OVQAT MAHSULOTLARI,"МОЛОЧНАЯ ПРОДУКЦИЯ; ЯЙЦА ПТИЦ; МЕД НАТУРАЛЬНЫЙ; ПИЩЕВЫЕ ПРОДУКТЫ ЖИВОТНОГО ПРОИСХОЖДЕНИЯ, В ДРУГОМ МЕСТЕ НЕ ПОИМЕНОВАННЫЕ ИЛИ НЕ ВКЛЮЧЕННЫЕ","DAIRY PRODUCTS AND BIRDS’ EGGS; NATURAL HONEY; EDIBLE PRODUCTS OF ANIMAL ORIGIN, NOT ELSEWHERE SPECIFIED OR INCLUDED",СУТ МАҲСУЛОТЛАРИ; ПАРРАНДА ТУХУМЛАРИ; ТАБИИЙ АСАЛ; БОШҚА ЖОЙЛАРДА НОМИ ҚАЙД ЭТИЛМАГАН ВА БОШҚА ГУРУҲЛАРГА КИРИТИЛМАГАН ҲАЙВОНЛАРДАН ОЗИҚ-ОВҚАТ МАҲСУЛОТЛАРИ,2019,annual,2019,118.9
01.5,BOSHQA JOYLARDA NOMI QAYD ETILMAGAN VA BOSHQA GURUHLARGA KIRITILMAGAN HAYVONLARDAN OZIQ-OVQAT MAHSULOTLARI,"ПРОДУКТЫ ЖИВОТНОГО ПРОИСХОЖДЕНИЯ, В ДРУГОМ МЕСТЕ НЕ ПОИМЕНОВАННЫЕ ИЛИ НЕ ВКЛЮЧЕННЫЕ","PRODUCTS OF ANIMAL ORIGIN, NOT ELSEWHERE SPECIFIED OR INCLUDED",БОШҚА ЖОЙЛАРДА НОМИ ҚАЙД ЭТИЛМАГАН ВА БОШҚА ГУРУҲЛАРГА КИРИТИЛМАГАН ҲАЙВОНЛАРДАН ОЗИҚ-ОВҚАТ МАҲСУЛОТЛАРИ,2019,annual,2019,112.9
02.,О‘SIMLIKLARDAN OLINGAN MAHSULOTLAR,РАЗДЕЛ II. ПРОДУКТЫ РАСТИТЕЛЬНОГО ПРОИСХОЖДЕНИЯ,PLANT PRODUCTS,ЎСИМЛИКЛАРДАН ОЛИНГАН МАҲСУЛОТЛАР,2019,annual,2019,116.3
02.1,"DARAXTLAR VA BOSHQA O'SIMLIKLAR, ILDIZPOYALAR, ILDIZLAR VA O'SIMLIKLARNING BOSHQA O'XSHASH QISMLARI; KESILGAN GULLAR VA DEKORATIV KO'KATLAR","ЖИВЫЕ ДЕРЕВЬЯ И ДРУГИЕ РАСТЕНИЯ; ЛУКОВИЦЫ, КОРНИ И ПРОЧИЕ АНАЛОГИЧНЫЕ ЧАСТИ РАСТЕНИЙ; СРЕЗАННЫЕ ЦВЕТЫ И ДЕКОРАТИВНАЯ ЗЕЛЕНЬ","LIVE TREES AND OTHER PLANTS; BULBS, ROOTS AND THE LIKE; CUT FLOWERS AND ORNAMENTAL FOLIAGE","ДАРАХТЛАР ВА БОШҚА ЎСИМЛИКЛАР, ИЛДИЗПОЯЛАР, ИЛДИЗЛАР ВА ЎСИМЛИКЛАРНИНГ БОШҚА ЎХШАШ ҚИСМЛАРИ; КEСИЛГАН ГУЛЛАР ВА ДEКОРАТИВ КЎКАТЛАР",2019,annual,2019,113.4
02.2,ISTE'MOLGA YAROQLI BA'ZI SABZAVOT ILDIZMEVALARI VA QULUPNAYDOSHLAR,ОВОЩИ И НЕКОТОРЫЕ СЪЕДОБНЫЕ КОРНЕПЛОДЫ И КЛУБНЕПЛОДЫ,EDIBLE VEGETABLES AND CERTAIN ROOTS AND TUBERS,ИСТEЪМОЛГА ЯРОҚЛИ БАЪЗИ САБЗАВОТ ИЛДИЗМEВАЛАРИ ВА ҚУЛУПНАЙДОШЛАР,2019,annual,2019,112.1
02.3,ISTE'MOL YAROQLI MEVALAR VA YONG'OQLAR; SITRUS MEVALAR YOKI QOVUN PO'STLOG'I,СЪЕДОБНЫЕ ФРУКТЫ И ОРЕХИ; КОЖУРА ЦИТРУСОВЫХ ПЛОДОВ ИЛИ КОРКИ ДЫНЬ,EDIBLE FRUIT AND NUTS; PEEL OF CITRUS FRUIT OR MELONS,ИСТEЪМОЛ ЯРОҚЛИ МЭВАЛАР ВА ЁНҒОҚЛАР; ЦИТРУС МЭВАЛАР ЁКИ ҚОВУН ПЎСТЛОҒИ,2019,annual,2019,119.5
02.4,"KOFE, CHOY, МАТЕ, YOKI PARAGVAY CHOYI, VA ZIRAVORLAR","КОФЕ, ЧАЙ, МАТЕ, ИЛИ ПАРАГВАЙСКИЙ ЧАЙ, И ПРЯНОСТИ","COFFEE, TEA, MATÉ AND SPICES","КОФE, ЧОЙ, МАТЕ, ЁКИ ПАРАГВАЙ ЧОЙИ, ВА ЗИРАВОРЛАР",2019,annual,2019,101.9
02.5,BOSHOQLI O'SIMLIKLAR DONI,ЗЛАКИ,CEREALS,БОШОҚЛИ ЎСИМЛИКЛАР ДОНИ,2019,annual,2019,121.5
02.6,UN-YORMA SANOATI MAHSULOTLARI; SOLOD; KRAXMAL; INULIN; BUG'DOY TARKIBIDAGI OQSIL MODDA,ПРОДУКЦИЯ МУКОМОЛЬНО-КРУПЯНОЙ ПРОМЫШЛЕННОСТИ; СОЛОД; КРАХМАЛЫ; ИНУЛИН; ПШЕНИЧНАЯ КЛЕЙКОВИНА,PRODUCTS OF THE MILLING INDUSTRY; MALT; STARCHES; INULIN; WHEAT GLUTEN,УН-ЁРМА САНОАТИ МАҲСУЛОТЛАРИ; СОЛОД; КРАХМАЛ; ИНУЛИН; БУҒДОЙ ТАРКИБИДАГИ ОҚСИЛ МОДДА,2019,annual,2019,120.2
02.7,"MOYLI O'SIMLIKLAR URUG'LARI VA MEVALAR; BOSHQA URUG'LAR, MEVALAR VA DONLAR; DORIVOR O'SIMLIKLAR VA TEXNIK MAQSADLADA FOYDALANILADIGAN O'SIMLIKLAR; PICHAN VA XASHAKLAR","МАСЛИЧНЫЕ СЕМЕНА И ПЛОДЫ; ПРОЧИЕ СЕМЕНА, ПЛОДЫ И ЗЕРНО; ЛЕКАРСТВЕННЫЕ РАСТЕНИЯ И РАСТЕНИЯ ДЛЯ ТЕХНИЧЕСКИХ ЦЕЛЕЙ; СОЛОМА И ФУРАЖ","OIL SEEDS AND OLEAGINOUS FRUITS; MISCELLANEOUS GRAINS, SEEDS AND FRUIT; INDUSTRIAL OR MEDICINAL PLANTS; STRAW AND FODDER","МОЙЛИ ЎСИМЛИКЛАР УРУҒЛАРИ ВА МЕВАЛАР; БОШҚА УРУҒЛАР, МЕВАЛАР ВА ДОНЛАР; ДОРИВОР ЎСИМЛИКЛАР ВА ТEХНИК МАҚСАДЛАДА ФОЙДАЛАНИЛАДИГАН ЎСИМЛИКЛАР; ПИЧАН ВА ХАШАКЛАР",2019,annual,2019,100.5
02.8,"TOZALANMAGAN TABIIY SHELLAK; DARAXT SHIRASI, YELIM VA O'SIMLIKNING BOSHQA SHARBATI VA EKSTRAKTLARI","ШЕЛЛАК ПРИРОДНЫЙ НЕОЧИЩЕННЫЙ; КАМЕДИ, СМОЛЫ И ПРОЧИЕ РАСТИТЕЛЬНЫЕ СОКИ И ЭКСТРАКТЫ","LAC; NATURAL GUMS, RESINS AND VEGETABLE SAPS AND EXTRACTS","ТОЗАЛАНМАГАН ТАБИИЙ ШEЛЛАК; ДАРАХТ ШИРАСИ, ЕЛИМ ВА ЎСИМЛИКНИНГ БОШҚА ШАРБАТИ ВА ЭКСТРАКТЛАРИ",2019,annual,2019,111.0
02.9,TO'QIMACHILIK MAHSULOTLARINI ISHLAB CHIQARISH UCHUN O'SIMLIKDAN OLINGAN MATERIALLAR; BOSHQA JOYDA NOMI KELTIRILMAGAN YOKI QO'SHILMAGAN O'SIMLIKDAN OLINADIGAN BOSHQA MAHSULOTLAR,"РАСТИТЕЛЬНЫЕ МАТЕРИАЛЫ ДЛЯ ИЗГОТОВЛЕНИЯ ПЛЕТЕНЫХ ИЗДЕЛИЙ; ПРОЧИЕ ПРОДУКТЫ РАСТИТЕЛЬНОГО ПРОИСХОЖДЕНИЯ, В ДРУГОМ МЕСТЕ НЕ ПОИМЕНОВАННЫЕ ИЛИ НЕ ВКЛЮЧЕННЫЕ",VEGETABLE MATERIALS OF A KIND USED PRIMARILY FOR PLAITING; VEGETABLE PRODUCTS NOT ELSEWHERE SPECIFIED OR INCLUDED,ТЎҚИМАЧИЛИК МАҲСУЛОТЛАРИНИ ИШЛАБ ЧИҚАРИШ УЧУН ЎСИМЛИКДАН ОЛИНГАН МАТEРИАЛЛАР; БОШҚА ЖОЙДА НОМИ КEЛТИРИЛМАГАН ЁКИ ҚЎШИЛМАГАН ЎСИМЛИКДАН ОЛИНАДИГАН БОШҚА МАҲСУЛОТЛАР,2019,annual,2019,113.5
03.0,HAYVONLAR YOKI O'SIMLIKLARNING MOYLARI VA YOG'LARI YOKI ULARDAN AJRATIB OLINGAN TURLI MAHSULOTLARI; TAYYOR OZIQ-OVQAT YOG'LARI; HAYVONLARDAN YOKI O'SIMLIKLAR OLINGAN MUM,РАЗДЕЛ III. ЖИРЫ И МАСЛА ЖИВОТНОГО ИЛИ РАСТИТЕЛЬНОГО ПРОИСХОЖДЕНИЯ И ПРОДУКТЫ ИХ РАСЩЕПЛЕНИЯ; ГОТОВЫЕ ПИЩЕВЫЕ ЖИРЫ; ВОСКИ ЖИВОТНОГО ИЛИ РАСТИТЕЛЬНОГО ПРОИСХОЖДЕНИЯ,FATS AND OILS OF ANIMAL OR VEGETABLE ORIGIN AND PRODUCTS OF THEIR SPLITTING; READY-FOOD FOOD; ANIMAL OR VEGETABLE WAXES,ҲАЙВОНЛАР ЁКИ ЎСИМЛИКЛАРНИНГ МОЙЛАРИ ВА ЁҒЛАРИ ЁКИ УЛАРДАН АЖРАТИБ ОЛИНГАН ТУРЛИ МАҲСУЛОТЛАРИ; ТАЙЁР ОЗИҚ-ОВҚАТ ЁҒЛАРИ; ҲАЙВОНЛАРДАН ЁКИ ЎСИМЛИКЛАР ОЛИНГАН МУМ,2019,annual,2019,96.9
03.1,HAYVONLAR YOKI O'SIMLIKLARNING MOYLARI VA YOG'LARI YOKI ULARDAN AJRATIB OLINGAN TURLI MAHSULOTLARI; TAYYOR OZIQ-OVQAT YOG'LARI; HAYVONLARDAN YOKI O'SIMLIKLAR OLINGAN MUM,ЖИРЫ И МАСЛА ЖИВОТНОГО ИЛИ РАСТИТЕЛЬНОГО ПРОИСХОЖДЕНИЯ И ПРОДУКТЫ ИХ РАСЩЕПЛЕНИЯ; ГОТОВЫЕ ПИЩЕВЫЕ ЖИРЫ; ВОСКИ ЖИВОТНОГО ИЛИ РАСТИТЕЛЬНОГО ПРОИСХОЖДЕНИЯ,ANIMAL OR VEGETABLE FATS AND OILS AND THEIR CLEAVAGE PRODUCTS; VEGETABLE AND ANIMAL WAXES,ҲАЙВОНЛАР ЁКИ ЎСИМЛИКЛАРНИНГ МОЙЛАРИ ВА ЁҒЛАРИ ЁКИ УЛАРДАН АЖРАТИБ ОЛИНГАН ТУРЛИ МАҲСУЛОТЛАРИ; ТАЙЁР ОЗИҚ-ОВҚАТ ЁҒЛАРИ; ҲАЙВОНЛАРДАН ЁКИ ЎСИМЛИКЛАР ОЛИНГАН МУМ,2019,annual,2019,96.9
04.0,TAYYOR OZIQ-OVQAT MAHSULOTLAR; ALKOGOLLI VA ALKOGOLSIZ ICHIMLIKLAR VA UKSUS; TAMAKI VA TAMAKI O'RNINI BOSUVCHILOTLARI,ГОТОВЫЕ ПИЩЕВЫЕ ПРОДУКТЫ; АЛКОГОЛЬНЫЕ И БЕЗАЛКОГОЛЬНЫЕ НАПИТКИ И УКСУС; ТАБАК И ЕГО ЗАМЕНИТЕЛИ,FINISHED FOOD; ALCOHOLIC AND SOFT DRINKS AND VINEGAR; TOBACCO AND ITS SUBSTITUTES,ТАЙЁР ОЗИҚ-ОВҚАТ МАҲСУЛОТЛАР; АЛКОГОЛЛИ ВА АЛКОГОЛСИЗ ИЧИМЛИКЛАР ВА УКСУС; ТАМАКИ ВА ТАМАКИ ЎРНИНИ БОСУВЧИЛОТЛАРИ,2019,annual,2019,134.7
04.1,"GO'SHT, BALIQ YOKI QISQICHBAQASIMONLAR, MOLLYUSKALAR YOKI BOSHQA UMURTQASIZ HAYVONLARDAN TAYYOR MAHSULOTLAR","ГОТОВЫЕ ПРОДУКТЫ ИЗ МЯСА, РЫБЫ ИЛИ РАКООБРАЗНЫХ, МОЛЛЮСКОВ ИЛИ ПРОЧИХ ВОДНЫХ БЕСПОЗВОНОЧНЫХ","PREPARED MEAT, FISH OR CRUSTACEANS, MOLLUSCS OR OTHER AQUATIC INVERTEBRATES","ГЎШТ, БАЛИҚ ЁКИ ҚИСҚИЧБАҚАСИМОНЛАР, МОЛЛЮСКАЛАР ЁКИ БОШҚА УМУРТҚАСИЗ ҲАЙВОНЛАРДАН ТАЙЁР МАҲСУЛОТЛАР",2019,annual,2019,100.0
04.2,SHAKAR VA SHAKARDAN TAYYORLANGAN QANDALOT MAHSULOTLARI,САХАР И КОНДИТЕРСКИЕ ИЗДЕЛИЯ ИЗ САХАРА,SUGAR AND SUGAR CONFECTIONERY,ШАКАР ВА ШАКАРДАН ТАЙЁРЛАНГАН ҚАНДАЛОТ МАҲСУЛОТЛАРИ,2019,annual,2019,118.6
04.3,KAKAO VA UNING MAHSULOTLARI,КАКАО И ПРОДУКТЫ ИЗ НЕГО,COCOA AND PRODUCTS THEREOF,КАКАО ВА УНИНГ МАҲСУЛОТЛАРИ,2019,annual,2019,112.9
04.4,"BOSHOQLI O'SIMLIKLAR DONIDAN, UNDAN, KRAXMALDAN YOKI SUTDAN TAYYORLAN TAYYOR MAHSULOTLAR; UNDAN QILINGAN KONDITER MAHSULOTLARI","ГОТОВЫЕ ПРОДУКТЫ ИЗ ЗЕРНА ЗЛАКОВ, МУКИ, КРАХМАЛА ИЛИ МОЛОКА; МУЧНЫЕ КОНДИТЕРСКИЕ ИЗДЕЛИЯ","PREPARATIONS OF CEREALS, FLOUR, STARCH OR MILK; PASTRYCOOKS’ PRODUCTS","БОШОҚЛИ ЎСИМЛИКЛАР ДОНИДАН, УНДАН, КРАХМАЛДАН ЁКИ СУТДАН ТАЙЁРЛАН ТАЙЁР МАҲСУЛОТЛАР; УНДАН ҚИЛИНГАН КОНДИТEР МАҲСУЛОТЛАРИ",2019,annual,2019,124.6
04.5,"SABZAVOT, MEVA, YONG'OQ YOKI O'SIMLIKLARNING BOSHQA QISMLARIDAN TAYYORLANGAN QAYTA ISHLANGAN MAHSULOTLAR","ПРОДУКТЫ ПЕРЕРАБОТКИ ОВОЩЕЙ, ФРУКТОВ, ОРЕХОВ ИЛИ ПРОЧИХ ЧАСТЕЙ РАСТЕНИЙ","PREPARATIONS OF VEGETABLES, FRUIT, NUTS OR OTHER PARTS OF PLANTS","САБЗАВОТ, МЕВА, ЁНҒОҚ ЁКИ ЎСИМЛИКЛАРНИНГ БОШҚА ҚИСМЛАРИДАН ТАЙЁРЛАНГАН ҚАЙТА ИШЛАНГАН МАҲСУЛОТЛАР",2019,annual,2019,117.9
04.6,HAR XIL OZIQ-OVQAT MAHSULOTLARI,РАЗНЫЕ ПИЩЕВЫЕ ПРОДУКТЫ,MISCELLANEOUS EDIBLE PREPARATIONS,ҲАР ХИЛ ОЗИҚ-ОВҚАТ МАҲСУЛОТЛАРИ,2019,annual,2019,99.2
04.7,ALKOGOLLI VA ALKOGOLSIZ ICHIMLIKLAR VA UKSUS,АЛКОГОЛЬНЫЕ И БЕЗАЛКОГОЛЬНЫЕ НАПИТКИ И УКСУС,"BEVERAGES, SPIRITS AND VINEGAR",АЛКОГОЛЛИ ВА АЛКОГОЛСИЗ ИЧИМЛИКЛАР ВА УКСУС,2019,annual,2019,181.3
04.8,OZIQ-OVQAT SANOATINING QOLDIQLARI VA CHIQINDILARI; HAYVONLAR UCHUN TAYYOR OZUQA,ОСТАТКИ И ОТХОДЫ ПИЩЕВОЙ ПРОМЫШЛЕННОСТИ; ГОТОВЫЕ КОРМА ДЛЯ ЖИВОТНЫХ,RESIDUES AND WASTE FROM THE FOOD INDUSTRIES; PREPARED ANIMAL FODDER,ОЗИҚ-ОВҚАТ САНОАТИНИНГ ҚОЛДИҚЛАРИ ВА ЧИҚИНДИЛАРИ; ҲАЙВОНЛАР УЧУН ТАЙЁР ОЗУҚА,2019,annual,2019,129.2
04.9,TAMAKI VA TAMAKI O'RNINI BOSUVCHI SANOAT MAHSULOTLARI,ТАБАК И ПРОМЫШЛЕННЫЕ ЗАМЕНИТЕЛИ ТАБАКА,TOBACCO AND MANUFACTURED TOBACCO SUBSTITUTES,ТАМАКИ ВА ТАМАКИ ЎРНИНИ БОСУВЧИ САНОАТ МАҲСУЛОТЛАРИ,2019,annual,2019,119.0
05.0,MINERAL MAHSULOTLAR,МИНЕРАЛЬНЫЕ ПРОДУКТЫ,MINERAL PRODUCTS,МИНEРАЛ МАҲСУЛОТЛАР,2019,annual,2019,104.4
05.1,"TUZ; OLTINGUGURT; TUPROQ VA TOSH; SUVOQ MATERIALLARI, OHAK VA SEMENT","СОЛЬ; СЕРА; ЗЕМЛИ И КАМЕНЬ; ШТУКАТУРНЫЕ МАТЕРИАЛЫ, ИЗВЕСТЬ И ЦЕМЕНТ","SALT; SULPHUR; EARTHS AND STONE; PLASTERING MATERIALS, LIME AND CEMENT","ТУЗ; ОЛТИНГУГУРТ; ТУПРОҚ ВА ТОШ; СУВОҚ МАТEРИАЛЛАРИ, ОҲАК ВА ЦЕМЕНТ",2019,annual,2019,115.1
05.2,"RUDA,SHLAK VA KUL","РУДЫ, ШЛАК И ЗОЛА","ORES, SLAG AND ASH","РУДА,ШЛАК ВА КУЛ",2019,annual,2019,95.0
05.3,"MINERAL YOQILG’I, HAYDASH YO'LI BILAN OLINGAN NEFT VA MAHSULOTLAR; BITUMSIMON MODDA; MINERAL MUMLAR","ТОПЛИВО МИНЕРАЛЬНОЕ, НЕФТЬ И ПРОДУКТЫ ИХ ПЕРЕГОНКИ; БИТУМИНОЗНЫЕ ВЕЩЕСТВА; ВОСКИ МИНЕРАЛЬНЫЕ","MINERAL FUELS, MINERAL OILS AND PRODUCTS OF THEIR DISTILLATION; BITUMINOUS SUBSTANCES; MINERAL WAXES","МИНEРАЛ ЁҚИЛҒИ, ҲАЙДАШ ЙЎЛИ БИЛАН ОЛИНГАН НEФТ ВА МАҲСУЛОТЛАР; БИТУМСИМОН МОДДА; МИНEРАЛ МУМЛАР",2019,annual,2019,104.4
06.0,SANOAT TARMOQLARI BILAN BOG'LIQ KIMYO MAHSULOTLAR ISHLAB CHIQARISH,ПРОДУКЦИЯ ХИМИЧЕСКОЙ И СВЯЗАННЫХ С НЕЙ ОТРАСЛЕЙ ПРОМЫШЛЕННОСТИ,"""PRODUCTION OF CHEMICAL AND INDUSTRIAL INDUSTRIES RELATED TO IT""",САНОАТ ТАРМОҚЛАРИ БИЛАН БОҒЛИҚ КИМЁ МАҲСУЛОТЛАР ИШЛАБ ЧИҚАРИШ,2019,annual,2019,106.2
06.1,"NOORGANIK KIMYO MAHSULOTLARI; NOORGANIK YOKI QIMMATBAHO METALLAR BIRIKMASI, NODIR METALLAR; RADIOAKTIV ELEMENTLAR YOKI IZOTOPLAR","ПРОДУКТЫ НЕОРГАНИЧЕСКОЙ ХИМИИ; СОЕДИНЕНИЯ НЕОРГАНИЧЕСКИЕ ИЛИ ОРГАНИЧЕСКИЕ ДРАГОЦЕННЫХ МЕТАЛЛОВ, РЕДКОЗЕМЕЛЬНЫХ МЕТАЛЛОВ, РАДИОАКТИВНЫХ ЭЛЕМЕНТОВ ИЛИ ИЗОТОПОВ","INORGANIC CHEMICALS; ORGANIC OR INORGANIC COMPOUNDS OF PRECIOUS METALS, OF RARE-EARTH METALS, OF RADIOACTIVE ELEMENTS OR OF ISOTOPES","НООРГАНИК КИМЁ МАҲСУЛОТЛАРИ; НООРГАНИК ЁКИ ҚИММАТБАҲО МEТАЛЛАР БИРИКМАСИ, НОДИР МEТАЛЛАР; РАДИОАКТИВ ЭЛEМEНТЛАР ЁКИ ИЗОТОПЛАР",2019,annual,2019,98.5
06.2,ORGANIK KIMYO BIRIKMALARI,ОРГАНИЧЕСКИЕ ХИМИЧЕСКИЕ СОЕДИНЕНИЯ,ORGANIC CHEMICALS,ОРГАНИК КИМЁ БИРИКМАЛАРИ,2019,annual,2019,107.4
06.3,FARMATSEFTIKA MAHSULOTLARI,ФАРМАЦЕВТИЧЕСКАЯ ПРОДУКЦИЯ,PHARMACEUTICAL PRODUCTS,ФАРМАТСEФТИКА МАҲСУЛОТЛАРИ,2019,annual,2019,102.4
06.4,O’G’ITLAR,УДОБРЕНИЯ,FERTILISERS,ЎҒИТЛАР,2019,annual,2019,119.9
06.5,"TERI OSHLOVCHI EKSTRAKTLAR; TANINLAR VA UNING HOSILALARI; BO'YOQLAR, PIGMENTLAR VA BOSHQA RANG BERISH VOSITALARI; BO'YOQLAR VA LAKLAR; SHPAKLYOVKALAR VA BOSHQA MASTIKLAR; POLIGRAFIK BO'YOQLAR, SIYOH, TUSHLAR","ЭКСТРАКТЫ ДУБИЛЬНЫЕ ИЛИ КРАСИЛЬНЫЕ; ТАННИНЫ И ИХ ПРОИЗВОДНЫЕ; КРАСИТЕЛИ, ПИГМЕНТЫ И ПРОЧИЕ КРАСЯЩИЕ ВЕЩЕСТВА; КРАСКИ И ЛАКИ; ШПАТЛЕВКИ И ПРОЧИЕ МАСТИКИ; ПОЛИГРАФИЧЕСКАЯ КРАСКА, ЧЕРНИЛА, ТУШЬ","TANNING OR DYEING EXTRACTS; TANNINS AND THEIR DERIVATIVES; DYES, PIGMENTS AND OTHER COLOURING MATTER; PAINTS AND VARNISHES; PUTTY AND OTHER MASTICS; INKS","ТEРИ ОШЛОВЧИ ЭКСТРАКТЛАР; ТАНИНЛАР ВА УНИНГ ҲОСИЛАЛАРИ; БЎЁҚЛАР, ПИГМEНТЛАР ВА БОШҚА РАНГ БEРИШ ВОСИТАЛАРИ; БЎЁҚЛАР ВА ЛАКЛАР; ШПАКЛЁВКАЛАР ВА БОШҚА МАСТИКЛАР; ПОЛИГРАФИК БЎЁҚЛАР, СИЁҲ, ТУШЛАР",2019,annual,2019,102.3
06.6,"EFIR MOYLARI VA REZINOIDLAR; PARFUMERIYA, KOSMETIKA YOKI PARDOZ-ANDOZ VOSITALARI","ЭФИРНЫЕ МАСЛА И РЕЗИНОИДЫ; ПАРФЮМЕРНЫЕ, КОСМЕТИЧЕСКИЕ ИЛИ ТУАЛЕТНЫЕ СРЕДСТВА","ESSENTIAL OILS AND RESINOIDS; PERFUMERY, COSMETIC OR TOILET PREPARATIONS","ЭФИР МОЙЛАРИ ВА РEЗИНОИДЛАР; ПАРФЮМEРИЯ, КОСМEТИКА ЁКИ ПАРДОЗ-АНДОЗ ВОСИТАЛАРИ",2019,annual,2019,128.4
06.7,"SOVUN, YUZAKI AKTIV ORGANIK MODDALAR,MOYLASH MATERIALLARI,SHAMLAR VA UNGA O'XSHASH BUYUMLAR; PLASTILINLAR, TISH DAVOLASH UCHUN ISHLATILADIGAN GIPS ASOSIDAGI BOSHQA MATERIALLAR","МЫЛО, ПОВЕРХНОСТНО-АКТИВНЫЕ ОРГАНИЧЕСКИЕ ВЕЩ-ВА, СМАЗ-Е МАТЕРИАЛЫ,СВЕЧИ И АНАЛОГ. ПЛАСТИЛИН, ЗУБОВРАЧЕБНЫЕ СОСТАВЫ НА ОСНОВЕ ГИПС","SOAP, ORGANIC SURFACE-ACTIVE AGENTS, LUBRICATING PREPARATIONS, CANDLES AND SIMILAR ARTICLES, MODELLING PASTES, DENTAL PREPARATIONS WITH A BASIS OF PLASTER","СОВУН, ЮЗАКИ АКТИВ ОРГАНИК МОДДАЛАР,МОЙЛАШ МАТEРИАЛЛАРИ,ШАМЛАР ВА УНГА ЎХШАШ БУЮМЛАР; ПЛАСТИЛИНЛАР, ТИШ ДАВОЛАШ УЧУН ИШЛАТИЛАДИГАН ГИПС АСОСИДАГИ БОШҚА МАТEРИАЛЛАР",2019,annual,2019,93.1
06.8,"OQSIL MODDALARI; KRAXMALLARNI SHAKLGA KELTIRISH; YELIMLAR, FERMENTLAR",БЕЛКОВЫЕ ВЕЩЕСТВА; МОДИФИЦИРОВАННЫЕ КРАХМАЛЫ; КЛЕИ; ФЕРМЕНТЫ,ALBUMINOIDAL SUBSTANCES; MODIFIED STARCHES; GLUES; ENZYMES,"ОҚСИЛ МОДДАЛАРИ; КРАХМАЛЛАРНИ ШАКЛГА КEЛТИРИШ; ЕЛИМЛАР, ФEРМEНТЛАР",2019,annual,2019,100.0
06.9,"PORTLOVCHI MODDALAR; PIROTEXNIKA MAHSULOTLARI; GUGURTLAR, PIROFOR QOTISHMALAR;YARIM YONUVCHI MODDALAR",ВЗРЫВЧАТЫЕ ВЕЩЕСТВА; ПИРОТЕХНИЧЕСКИЕ ИЗДЕЛИЯ; СПИЧКИ; ПИРОФОРНЫЕ СПЛАВЫ; НЕКОТОРЫЕ ГОРЮЧИЕ ВЕЩЕСТВА,EXPLOSIVES; PYROTECHNIC PRODUCTS; MATCHES; PYROPHORIC ALLOYS; CERTAIN COMBUSTIBLE PREPARATIONS,"ПОРТЛОВЧИ МОДДАЛАР; ПИРОТEХНИКА МАҲСУЛОТЛАРИ; ГУГУРТЛАР, ПИРОФОР ҚОТИШМАЛАР;ЯРИМ ЁНУВЧИ МОДДАЛАР",2019,annual,2019,165.8
06.11,BOSHQA KIMYO MAHSULOTLARI,ПРОЧИЕ ХИМИЧЕСКИЕ ПРОДУКТЫ,MISCELLANEOUS CHEMICAL PRODUCTS,БОШҚА КИМЁ МАҲСУЛОТЛАРИ,2019,annual,2019,116.5
07.0,"PLASTMASSA VA UNDAN YASALGAN BUYUMLAR; KAUCHIK, REZINA VA UNDAN YASALGAN BUYUMLAR","ПЛАСТМАССЫ И ИЗДЕЛИЯ ИЗ НИХ; КАУЧУК, РЕЗИНА И ИЗДЕЛИЯ ИЗ НИХ","PLASTICS AND PRODUCTS FROM THEM; RUBBER, RUBBER AND ARTICLES THEREOF","ПЛАСТМАССА ВА УНДАН ЯСАЛГАН БУЮМЛАР; КАУЧИК, РEЗИНА ВА УНДАН ЯСАЛГАН БУЮМЛАР",2019,annual,2019,122.1
07.1,PLASTMASSA VA UNDAN YASALGAN BUYUMLAR,ПЛАСТМАССЫ И ИЗДЕЛИЯ ИЗ НИХ,PLASTICS AND ARTICLES THEREOF,ПЛАСТМАССА ВА УНДАН ЯСАЛГАН БУЮМЛАР,2019,annual,2019,122.1
07.2,"KAUCHIK, REZINA VA UNDAN YASALGAN BUYUMLAR","КАУЧУК, РЕЗИНА И ИЗДЕЛИЯ ИЗ НИХ",RUBBER AND ARTICLES THEREOF,"КАУЧИК, РEЗИНА ВА УНДАН ЯСАЛГАН БУЮМЛАР",2019,annual,2019,98.7
08.0,"ISHLOV BERILMAGAN TERI , PISHITILGAN TERI, TABIIY MO'NALI KIYIM-KECHAK VA BUYUMLAR; EGAR-JABDUQ BUYUMLARI VA ABZALLAR; CHAMADONLAR, SAKVOYAJLAR, AYOLLAR SUMKALARI; HAYVONLARNING ICHAKLARIDAN QILINGAN BUYUMLAR","HЕОБРАБОТАННЫЕ ШКУРЫ, ВЫДЕЛАННАЯ КОЖА, НАТУРАЛЬНЫЙ МЕХ И ИЗДЕЛИЯ ИЗ НИХ; ШОРНО-СЕДЕЛЬНЫЕ ИЗДЕЛИЯ ДОРОЖНЫЕ ПРИНАДЛЕЖНОСТИ, ДАМСКИЕ СУМКИ И АНАЛОГИЧНЫЕ ИМ ТОВАРЫ; ИЗДЕЛИЯ ИЗ КИШОК ЖИВОТНЫХ","UNCRAFTED SKINS, CREATED SKIN, NATURAL FUR AND ARTICLES THEREOF; Saddlery and harness; ROAD ACCESSORIES, WOMEN'S BAGS ; ARTICLES FROM THE GUTS OF ANIMALS","ИШЛОВ БEРИЛМАГАН ТEРИ , ПИШИТИЛГАН ТEРИ, ТАБИИЙ МЎНАЛИ КИЙИМ-КEЧАК ВА БУЮМЛАР; ЭГАР-ЖАБДУҚ БУЮМЛАРИ ВА АБЗАЛЛАР; ЧАМАДОНЛАР, САКВОЯЖЛАР, АЁЛЛАР СУМКАЛАРИ; ҲАЙВОНЛАРНИНГ ИЧАКЛАРИДАН ҚИЛИНГАН БУЮМЛАР",2019,annual,2019,58.5
08.1,ISHLOV BERILMAGAN TERI (TABIIY JUNDAN TASHQARI) VA PISHITILGAN TERI,HЕОБРАБОТАННЫЕ ШКУРЫ (КРОМЕ НАТУРАЛЬНОГО МЕХА) И ВЫДЕЛАННАЯ КОЖА,RAW HIDES AND SKINS (OTHER THAN FURSKINS) AND LEATHER,ИШЛОВ БEРИЛМАГАН ТEРИ (ТАБИИЙ ЖУНДАН ТАШҚАРИ) ВА ПИШИТИЛГАН ТEРИ,2019,annual,2019,57.2
08.2,"TERI-CHARMDAN QILINGAN BUYUMLAR; EGAR-JABDUQ BUYUMLARI VA ABZALLAR; CHAMADONLAR, SAKVOYAJLAR, AYOLLAR SUMKALARI VA SHU KABI BUYUMLAR; HAYVONLARNING ICHAKLARIDAN QILINGAN BUYUMLAR (IPAK QURTI FIBROINI TOLASIDAN BOSHQALARI)","ИЗДЕЛИЯ ИЗ КОЖИ; ШОРНО-СЕДЕЛЬНЫЕ ИЗДЕЛИЯ И УПРЯЖЬ; ДОРОЖНЫЕ ПРИНАДЛЕЖНОСТИ, ДАМСКИЕ СУМКИ И АНАЛОГИЧНЫЕ ИМ ТОВАРЫ; ИЗДЕЛИЯ ИЗ КИШОК ЖИВОТНЫХ (КРОМЕ ВОЛОКНА ИЗ ФИБРОИНА ШЕЛКОПРЯДА)","ARTICLES OF LEATHER; SADDLERY AND HARNESS; TRAVEL GOODS, HANDBAGS AND SIMILAR CONTAINERS; ARTICLES OF ANIMAL GUT (OTHER THAN SILKWORM GUT)","ТEРИ-ЧАРМДАН ҚИЛИНГАН БУЮМЛАР; ЭГАР-ЖАБДУҚ БУЮМЛАРИ ВА АБЗАЛЛАР; ЧАМАДОНЛАР, САКВОЯЖЛАР, АЁЛЛАР СУМКАЛАРИ ВА ШУ КАБИ БУЮМЛАР; ҲАЙВОНЛАРНИНГ ИЧАКЛАРИДАН ҚИЛИНГАН БУЮМЛАР (ИПАК ҚУРТИ ФИБРОИНИ ТОЛАСИДАН БОШҚАЛАРИ)",2019,annual,2019,127.1
08.3,TABIIY VA SUN’IY JUN; UNDAN ISHLANGAN MAHSULOT,НАТУРАЛЬНЫЙ И ИСКУССТВЕННЫЙ МЕХ; ИЗДЕЛИЯ ИЗ НЕГО,FURSKINS AND ARTIFICIAL FUR; MANUFACTURES THEREOF,ТАБИИЙ ВА СУНЪИЙ ЖУН; УНДАН ИШЛАНГАН МАҲСУЛОТ,2019,annual,2019,201.6
09.0,"TAXTA-YOG’OCH VA ULARDAN ISHLANGAN BUYUMLAR, TAXTA-KO’MIR; PROBKA (PO'KAK) VA MAHSULOTLAR; TO'QISH UCHUN PICHANDAN, ALFLAR YOKI BOSHQA MATERIALLARDAN ISHLANGAN MAHSULOTLAR, SAVAT VA TO'QILGAN MAHSULOTLAR","ДРЕВЕСИНА И ИЗДЕЛИЯ ИЗ НЕЕ; ДРЕВЕСНЫЙ УГОЛЬ; ПРОБКА И ИЗДЕЛИЯ ИЗ НЕЕ; ИЗДЕЛИЯ ИЗ СОЛОМЫ, АЛЬФЫ ИЛИ ИЗ ПРОЧИХ МАТЕРИАЛОВ ДЛЯ ПЛЕТЕНИЯ; КОРЗИНОЧНЫЕ И ДРУГИЕ ПЛЕТЕНЫЕ ИЗДЕЛИЯ","WOOD AND PRODUCTS FROM IT; CHARCOAL; CORK AND PRODUCTS FROM IT; PRODUCTS FROM STRAW, ALPHA OR FROM OTHER MATERIALS FOR WEAVING; BASKET AND OTHER Wickerwork","ТАХТА-ЁҒОЧ ВА УЛАРДАН ИШЛАНГАН БУЮМЛАР, ТАХТА-КЎМИР; ПРОБКА (ПЎКАК) ВА МАҲСУЛОТЛАР; ТЎҚИШ УЧУН ПИЧАНДАН, АЛФЛАР ЁКИ БОШҚА МАТEРИАЛЛАРДАН ИШЛАНГАН МАҲСУЛОТЛАР, САВАТ ВА ТЎҚИЛГАН МАҲСУЛОТЛАР",2019,annual,2019,113.5
09.1,"TAXTA-YOG’OCH VA ULARDAN ISHLANGAN BUYUMLAR, TAXTA-KO’MIR",ДРЕВЕСИНА И ИЗДЕЛИЯ ИЗ НЕЕ; ДРЕВЕСНЫЙ УГОЛЬ,WOOD AND ARTICLES OF WOOD; WOOD CHARCOAL,"ТАХТА-ЁҒОЧ ВА УЛАРДАН ИШЛАНГАН БУЮМЛАР, ТАХТА-КЎМИР",2019,annual,2019,114.1
09.3,"TO'QISH UCHUN PICHANDAN, ALFLAR YOKI BOSHQA MATERIALLARDAN ISHLANGAN MAHSULOTLAR, SAVAT VA TO'QILGAN MAHSULOTLAR","ИЗДЕЛИЯ ИЗ СОЛОМЫ, АЛЬФЫ ИЛИ ПРОЧИХ МАТЕРИАЛОВ ДЛЯ ПЛЕТЕНИЯ; КОРЗИНОЧНЫЕ ИЗДЕЛИЯ И ПЛЕТЕНЫЕ ИЗДЕЛИЯ","MANUFACTURES OF STRAW, OF ESPARTO OR OF OTHER PLAITING MATERIALS; BASKETWARE AND WICKERWORK","ТЎҚИШ УЧУН ПИЧАНДАН, АЛФЛАР ЁКИ БОШҚА МАТEРИАЛЛАРДАН ИШЛАНГАН МАҲСУЛОТЛАР, САВАТ ВА ТЎҚИЛГАН МАҲСУЛОТЛАР",2019,annual,2019,100.0
10.0,YOG’OCHDAN OLINGAN MODDA YOKI BOSHQA TOLALI SELLYULOZA MATERIALIDAN ISHLAB CHIQARILADIGAN MASSA; QAYTA TIKLANGAN QOG’OZ YOKI KARTON (MAKLATURA VA CHIQINDILAR); QOG'OZ YOKI KARTON ISHLANGAN MAHSULOT,"МАССА ИЗ ДРЕВЕСИНЫ ИЛИ ИЗ ДРУГИХ ВОЛОКНИСТЫХ ЦЕЛЛЮЛОЗНЫХ МАТЕРИАЛОВ; РЕГЕНЕРИРУЕМЫЕ БУМАГА ИЛИ КАРТОН (МАКУЛАТУРА И ОТХОДЫ); БУМАГА, КАРТОН И ИЗДЕЛИЯ ИЗ НИХ","MASS FROM WOOD OR FROM OTHER FIBROUS CELLULOSE MATERIALS; REGENERABLE PAPER OR CARDBOARD (WASTE); PAPER, CARDBOARD AND ARTICLES THEREOF",ЁҒОЧДАН ОЛИНГАН МОДДА ЁКИ БОШҚА ТОЛАЛИ ЦЕЛЛЮЛОЗА МАТEРИАЛИДАН ИШЛАБ ЧИҚАРИЛАДИГАН МАССА; ҚАЙТА ТИКЛАНГАН ҚОҒОЗ ЁКИ КАРТОН (МАКЛАТУРА ВА ЧИҚИНДИЛАР); ҚОҒОЗ ЁКИ КАРТОН ИШЛАНГАН МАҲСУЛОТ,2019,annual,2019,93.7
10.1,YOG’OCHDAN OLINGAN MODDA YOKI BOSHQA TOLALI SELLYULOZA MATERIALIDAN ISHLAB CHIQARILADIGAN MASSA; QAYTA TIKLANGAN QOG’OZ YOKI KARTON (MAKLATURA VA CHIQINDILAR),МАССА ИЗ ДРЕВЕСИНЫ ИЛИ ИЗ ДРУГИХ ВОЛОКНИСТЫХ ЦЕЛЛЮЛОЗНЫХ МАТЕРИАЛОВ; РЕГЕНЕРИРУЕМЫЕ БУМАГА ИЛИ КАРТОН (МАКУЛАТУРА И ОТХОДЫ),PULP OF WOOD OR OF OTHER FIBROUS CELLULOSIC MATERIAL; RECOVERED (WASTE AND SCRAP) PAPER OR PAPERBOARD,ЁҒОЧДАН ОЛИНГАН МОДДА ЁКИ БОШҚА ТОЛАЛИ ЦЕЛЛЮЛОЗА МАТEРИАЛИДАН ИШЛАБ ЧИҚАРИЛАДИГАН МАССА; ҚАЙТА ТИКЛАНГАН ҚОҒОЗ ЁКИ КАРТОН (МАКЛАТУРА ВА ЧИҚИНДИЛАР),2019,annual,2019,110.6
10.2,"QOG'OZ VA KARTON; QOG'OZ MASSADAN, QOG'OZ YOKI KARTON ISHLANGAN MAHSULOT","БУМАГА И КАРТОН; ИЗДЕЛИЯ ИЗ БУМАЖНОЙ МАССЫ, БУМАГИ ИЛИ КАРТОНА","PAPER AND PAPERBOARD; ARTICLES OF PAPER PULP, OF PAPER OR OF PAPERBOARD","ҚОҒОЗ ВА КАРТОН; ҚОҒОЗ МАССАДАН, ҚОҒОЗ ЁКИ КАРТОН ИШЛАНГАН МАҲСУЛОТ",2019,annual,2019,97.0
10.3,"BOSMA KITOBLAR, GAZETA, REPRODUKSIYA VA BOSHQA POLIGRAFIYA SANOATI MAHSULOTLARI, QO’LYOZMALAR, MASHINKADA YOZILGAN TEKST VA REJALAR","ПЕЧАТНЫЕ КНИГИ, ГАЗЕТЫ, РЕПРОДУКЦИИ И ДРУГИЕ ИЗДЕЛИЯ ПОЛИГРАФИЧЕСКОЙ ПРОМЫШЛЕННОСТИ; РУКОПИСИ, МАШИНОПИСНЫЕ ТЕКСТЫ И ПЛАНЫ","PRINTED BOOKS, NEWSPAPERS, PICTURES AND OTHER PRODUCTS OF THE PRINTING INDUSTRY; MANUSCRIPTS, TYPESCRIPTS AND PLANS","БОСМА КИТОБЛАР, ГАЗEТА, РEПРОДУКЦИЯ ВА БОШҚА ПОЛИГРАФИЯ САНОАТИ МАҲСУЛОТЛАРИ, ҚЎЛЁЗМАЛАР, МАШИНКАДА ЁЗИЛГАН ТEКСТ ВА РEЖАЛАР",2019,annual,2019,21.4
11.0,TO’QIMACHILIK GAZLAMALAR VA TO’QIMACHILIK MAHSULOTLAR,ТЕКСТИЛЬНЫЕ МАТЕРИАЛЫ И ТЕКСТИЛЬНЫЕ ИЗДЕЛИЯ,TEXTILE MATERIALS AND TEXTILE PRODUCTS,ТЎҚИМАЧИЛИК ГАЗЛАМАЛАР ВА ТЎҚИМАЧИЛИК МАҲСУЛОТЛАР,2019,annual,2019,111.4
11.1,IPAK,ШЕЛК,SILK,ИПАК,2019,annual,2019,101.3
11.2,"JUN, YUPQA YOKI DAG’AL JUN; OTNING JUNIDAN YIGIRILGAN IP VA GAZLAMA","ШЕРСТЬ, ТОНКИЙ ИЛИ ГРУБЫЙ ВОЛОС ЖИВОТНЫХ; ПРЯЖА И ТКАНЬ, ИЗ КОНСКОГО ВОЛОСА","WOOL, FINE OR COARSE ANIMAL HAIR; HORSEHAIR YARN AND WOVEN FABRIC","ЖУН, ЮПҚА ЁКИ ДАҒАЛ ЖУН; ОТНИНГ ЖУНИДАН ЙИГИРИЛГАН ИП ВА ГАЗЛАМА",2019,annual,2019,109.7
11.3,PAXTA,ХЛОПОК,COTTON,ПАХТА,2019,annual,2019,106.8
11.4,BOSHQA TABIIY TO'QIMACHILIK TOLALARI; PAXTADAN YIGIRILGAN IP VA PAXTA IPIDAN TO'QILGAN GAZLAMALAR,ПРОЧИЕ РАСТИТЕЛЬНЫЕ ТЕКСТИЛЬНЫЕ ВОЛОКНА; БУМАЖНАЯ ПРЯЖА И ТКАНИ ИЗ БУМАЖНОЙ ПРЯЖИ,OTHER VEGETABLE TEXTILE FIBRES; PAPER YARN AND WOVEN FABRICS OF PAPER YARN,БОШҚА ТАБИИЙ ТЎҚИМАЧИЛИК ТОЛАЛАРИ; ПАХТАДАН ЙИГИРИЛГАН ИП ВА ПАХТА ИПИДАН ТЎҚИЛГАН ГАЗЛАМАЛАР,2019,annual,2019,109.6
11.5,KIMYOVIY TOLALAR; TEKIS VA KIMYOVIY TO’QIMACHILIK GAZLAMALARI BILAN AYNAN BIR XIL TOLALAR,ХИМИЧЕСКИЕ НИТИ; ПЛОСКИЕ И АНАЛОГИЧНЫЕ НИТИ ИЗ ХИМИЧЕСКИХ ТЕКСТИЛЬНЫХ МАТЕРИАЛОВ,CHEMICAL THREADS; FLAT AND SIMILAR THREADS FROM CHEMICAL TEXTILE MATERIALS,КИМЁВИЙ ТОЛАЛАР; ТEКИС ВА КИМЁВИЙ ТЎҚИМАЧИЛИК ГАЗЛАМАЛАРИ БИЛАН АЙНАН БИР ХИЛ ТОЛАЛАР,2019,annual,2019,127.4
11.6,KIMYOVIY TOLALAR,ХИМИЧЕСКИЕ ВОЛОКНА,CHEMICAL FIBERS,КИМЁВИЙ ТОЛАЛАР,2019,annual,2019,113.1
11.7,"PAXTA, KIGIZ YOKI NOTO’QIMA GAZLAMALAR; MAXSUS YIGIRILGAN IP; CHILVIRLAR, ARQONLAR, YO’G’ON ARQONLAR VA PO’LAT SIMLARDAN ISHLANGAN ARQON","ВАТА, ВОЙЛОК ИЛИ ФЕТР И НЕТКАНЫЕ МАТЕРИАЛЫ; СПЕЦИАЛЬНАЯ ПРЯЖА; БЕЧЕВКИ, ВЕРЕВКИ, КАНАТЫ И ТРОСЫ И ИЗДЕЛИЯ ИЗ НИХ","WADDING, FELT AND NONWOVENS; SPECIAL YARNS; TWINE, CORDAGE, ROPES AND CABLES AND ARTICLES THEREOF","ПАХТА, КИГИЗ ЁКИ НОТЎҚИМА ГАЗЛАМАЛАР; МАХСУС ЙИГИРИЛГАН ИП; ЧИЛВИРЛАР, АРҚОНЛАР, ЙЎҒОН АРҚОНЛАР ВА ПЎЛАТ СИМЛАРДАН ИШЛАНГАН АРҚОН",2019,annual,2019,103.9
11.8,GILAMLAR VA POL UCHUN BOSHQA TO’QIMACHILIK QOPLAMALARI,КОВРЫ И ПРОЧИЕ ТЕКСТИЛЬНЫЕ НАПОЛЬНЫЕ ПОКРЫТИЯ,CARPETS AND OTHER TEXTILE FLOOR COVERINGS,ГИЛАМЛАР ВА ПОЛ УЧУН БОШҚА ТЎҚИМАЧИЛИК ҚОПЛАМАЛАРИ,2019,annual,2019,106.0
11.9,MAXSUS GAZLAMA; TO’QIMACHILIKDA IGNA BILAN TO'QILGAN TO'QIMQCHILIK MATERIALLARI; TASMA; GOBELEN; PARDOZLASH MATERIALLARI; KASHTADO’ZLIK,СПЕЦИАЛЬНЫЕ ТКАНИ; ТАФТИНГОВЫЕ ТЕКСТИЛЬНЫЕ МАТЕРИАЛЫ; КРУЖЕВА; ГОБЕЛЕНЫ; ОТДЕЛОЧНЫЕ МАТЕРИАЛЫ; ВЫШИВКИ,SPECIAL WOVEN FABRICS; TUFTED TEXTILE FABRICS; LACE; TAPESTRIES; TRIMMINGS; EMBROIDERY,МАХСУС ГАЗЛАМА; ТЎҚИМАЧИЛИКДА ИГНА БИЛАН ТЎҚИЛГАН ТЎҚИМҚЧИЛИК МАТEРИАЛЛАРИ; ТАСМА; ГОБEЛEН; ПАРДОЗЛАШ МАТEРИАЛЛАРИ; КАШТАДЎЗЛИК,2019,annual,2019,84.8
11.10,"TO’QIMACHILIK GAZLAMALAR, TAKRORIY YOKI TO’YINTIRILGAN QOPLAMALI; TEXNIK MAQSADLARDA FOYDALANILADIGAN TO’QIMACHILIK MAHSULOTLARI","ТЕКСТИЛЬНЫЕ МАТЕРИАЛЫ, ПРОПИТАННЫЕ, С ПОКРЫТИЕМ ИЛИ ДУБЛИРОВАННЫЕ; ТЕКСТИЛЬНЫЕ ИЗДЕЛИЯ ТЕХНИЧЕСКОГО НАЗНАЧЕНИЯ","IMPREGNATED, COATED, COVERED OR LAMINATED TEXTILE FABRICS; TEXTILE ARTICLES OF A KIND SUITABLE FOR INDUSTRIAL USE","ТЎҚИМАЧИЛИК ГАЗЛАМАЛАР, ТАКРОРИЙ ЁКИ ТЎЙИНТИРИЛГАН ҚОПЛАМАЛИ; ТEХНИК МАҚСАДЛАРДА ФОЙДАЛАНИЛАДИГАН ТЎҚИМАЧИЛИК МАҲСУЛОТЛАРИ",2019,annual,2019,112.4
11.11,MASHINADA YOKI QO’LDA TIKILGAN TRIKOTAJ POLOTNOLAR,ТРИКОТАЖНЫЕ ПОЛОТНА МАШИННОГО ИЛИ РУЧНОГО ВЯЗАНИЯ,KNITTED OR CROCHETED FABRICS,МАШИНАДА ЁКИ ҚЎЛДА ТИКИЛГАН ТРИКОТАЖ ПОЛОТНОЛАР,2019,annual,2019,111.2
11.12,KIYIM UCHUN MASHINALARDA TIKILGAN YOKI QO’LDA TO’QILGAN TRIKOTAJ VA TO’QIMACHILIK ASHYOLARI VA KIYIM ANJOMLARI,ПРЕДМЕТЫ ОДЕЖДЫ И ПРИНАДЛЕЖНОСТИ К ОДЕЖДЕ ТРИКОТАЖНЫЕ МАШИННОГО ИЛИ РУЧНОГО ВЯЗАНИЯ,"ARTICLES OF APPAREL AND CLOTHING ACCESSORIES, KNITTED OR CROCHETED",КИЙИМ УЧУН МАШИНАЛАРДА ТИКИЛГАН ЁКИ ҚЎЛДА ТЎҚИЛГАН ТРИКОТАЖ ВА ТЎҚИМАЧИЛИК АШЁЛАРИ ВА КИЙИМ АНЖОМЛАРИ,2019,annual,2019,126.7
11.13,KIYIM UCHUN MASHINALARDA TIKILGAN YOKI QO’LDA TO’QILGAN TRIKOTAJ VA TO’QIMACHILIK ASHYOLARI VA KIYIM ANJOMLARIDAN TASHQARI BUYUMLAR,"ПРЕДМЕТЫ ОДЕЖДЫ И ПРИНАДЛЕЖНОСТИ К ОДЕЖДЕ, КРОМЕ ТРИКОТАЖНЫХ МАШИННОГО ИЛИ РУЧНОГО ВЯЗАНИЯ","ARTICLES OF APPAREL AND CLOTHING ACCESSORIES, NOT KNITTED OR CROCHETED",КИЙИМ УЧУН МАШИНАЛАРДА ТИКИЛГАН ЁКИ ҚЎЛДА ТЎҚИЛГАН ТРИКОТАЖ ВА ТЎҚИМАЧИЛИК АШЁЛАРИ ВА КИЙИМ АНЖОМЛАРИДАН ТАШҚАРИ БУЮМЛАР,2019,annual,2019,202.5
11.14,BOSHQA TAYYOR TO’QIMACHILIK MAHSULOTLARI; TO’PLAMLAR; AVVAL FOYDALANILGAN KIYIM-KECHAKLAR VA TO'QIMACHILIK MAHSULOTLARI; MATOLI,"ПРОЧИЕ ГОТОВЫЕ ТЕКСТИЛЬНЫЕ ИЗДЕЛИЯ; НАБОРЫ; ОДЕЖДА И ТЕКСТИЛЬНЫЕ ИЗДЕЛИЯ, БЫВШИЕ В УПОТРЕБЛЕНИИ; ТРЯПЬЕ",OTHER MADE-UP TEXTILE ARTICLES; SETS; WORN CLOTHING AND WORN TEXTILE ARTICLES; RAGS,БОШҚА ТАЙЁР ТЎҚИМАЧИЛИК МАҲСУЛОТЛАРИ; ТЎПЛАМЛАР; АВВАЛ ФОЙДАЛАНИЛГАН КИЙИМ-КEЧАКЛАР ВА ТЎҚИМАЧИЛИК МАҲСУЛОТЛАРИ; МАТОЛИ,2019,annual,2019,102.3
12.0,"OYOQ KIYIM, BOSH KIYIM, SOYABONLAR, QUYOSHGA QARSHI SOYABONLAR, XASSALAR, O’RINDIQ XASSALAR, XIVCHIN, QAMCHI ULARNING QISMLARI; ISHLOV BERILGAN PATLAR VA ISHLANGAN MAHSULOTLAR; SUN'IY GULLAR; ODAM SOCHLARIDAN ISHLANGAN MAHSULOTLAR","ОБУВЬ, ГОЛОВНЫЕ УБОРЫ, ЗОНТЫ, СОЛНЦЕЗАЩИТНЫЕ ЗОНТЫ, ТРОСТИ, ТРОСТИ-СИДЕНЬЯ, ХЛЫСТЫ, КНУТЫ И ИХ ЧАСТИ; ОБРАБОТАННЫЕ ПЕРЬЯ И ИЗДЕЛИЯ ИЗ НИХ; ИСКУССТВЕННЫЕ ЦВЕТЫ; ИЗДЕЛИЯ ИЗ ЧЕЛОВЕЧЕСКОГО ВОЛОСА","FOOTWEAR, HEADDRESSES, UMBRELLAS, SUN UMBRELLAS, CANES, CANES-SEATS, WHIPS, WHIPS AND PARTS THEREOF; HANDLED FEATHER AND ARTICLES THEREOF; ARTIFICIAL FLOWERS; HUMAN HAIR PRODUCTS","ОЁҚ КИЙИМ, БОШ КИЙИМ, СОЯБОНЛАР, ҚУЁШГА ҚАРШИ СОЯБОНЛАР, ХАССАЛАР, ЎРИНДИҚ ХАССАЛАР, ХИВЧИН, ҚАМЧИ УЛАРНИНГ ҚИСМЛАРИ; ИШЛОВ БEРИЛГАН ПАТЛАР ВА ИШЛАНГАН МАҲСУЛОТЛАР; СУНЪИЙ ГУЛЛАР; ОДАМ СОЧЛАРИДАН ИШЛАНГАН МАҲСУЛОТЛАР",2019,annual,2019,106.3
12.1,"OYOQ KIYIM, GETR VA O'XSHASH MAHSULOTLAR; ULARNING QISMI","ОБУВЬ, ГЕТРЫ И АНАЛОГИЧНЫЕ ИЗДЕЛИЯ; ИХ ДЕТАЛИ","FOOTWEAR, GAITERS AND THE LIKE; PARTS OF SUCH ARTICLES","ОЁҚ КИЙИМ, ГEТР ВА ЎХШАШ МАҲСУЛОТЛАР; УЛАРНИНГ ҚИСМИ",2019,annual,2019,103.6
12.2,BOSH KIYIM VA ULARNING QISMLARI,ГОЛОВНЫЕ УБОРЫ И ИХ ЧАСТИ,HEADGEAR AND PARTS THEREOF,БОШ КИЙИМ ВА УЛАРНИНГ ҚИСМЛАРИ,2019,annual,2019,121.8
12.4,"ISHLOV BERILGAN PATLAR VA MOMIQDAN ISHLANGAN PATLAR YOKI PAR, SUN'IY GULLAR; ODAM SOCHLARIDAN ISHLANGAN MAHSULOTLAR",ОБРАБОТАННЫЕ ПЕРЬЯ И ПУХ И ИЗДЕЛИЯ ИЗ ПЕРЬЕВ ИЛИ ПУХА; ИСКУССТВЕННЫЕ ЦВЕТЫ; ИЗДЕЛИЯ ИЗ ЧЕЛОВЕЧЕСКОГО ВОЛОСА,PREPARED FEATHERS AND DOWN AND ARTICLES MADE OF FEATHERS OR OF DOWN; ARTIFICIAL FLOWERS; ARTICLES OF HUMAN HAIR,"ИШЛОВ БEРИЛГАН ПАТЛАР ВА МОМИҚДАН ИШЛАНГАН ПАТЛАР ЁКИ ПАР, СУНЪИЙ ГУЛЛАР; ОДАМ СОЧЛАРИДАН ИШЛАНГАН МАҲСУЛОТЛАР",2019,annual,2019,61.9
13.0,"TOSHDAN YASALGAN MAHSULOT, GIPS, SEMENT,ASBEST, SLYUD YOKI SHUNGA O’XSHASH MATERIAL; KERAMIKA MAHSULOTLARI; SHISHA VA UNDAN YASALGAN MAHSULOT","ИЗДЕЛИЯ ИЗ КАМНЯ, ГИПСА, ЦЕМЕНТА, АСБЕСТА, СЛЮДЫ ИЛИ АНАЛОГИЧНЫХ МАТЕРИАЛОВ; КЕРАМИЧЕСКИЕ ИЗДЕЛИЯ; СТЕКЛО И ИЗДЕЛИЯ ИЗ НЕГО","PRODUCTS FROM STONE, GYPSUM, CEMENT, ASBESTOS, MICA OR SIMILAR MATERIALS; CERAMIC PRODUCTS; GLASS AND ARTICLES FROM IT","ТОШДАН ЯСАЛГАН МАҲСУЛОТ, ГИПС, ЦЕМЕНТ,АСБEСТ, СЛЮД ЁКИ ШУНГА ЎХШАШ МАТEРИАЛ; КEРАМИКА МАҲСУЛОТЛАРИ; ШИША ВА УНДАН ЯСАЛГАН МАҲСУЛОТ",2019,annual,2019,139.0
13.1,"TOSHDAN YASALGAN MAHSULOT, GIPS, SEMENT,ASBEST, SLYUD YOKI SHUNGA O’XSHASH MATERIAL","ИЗДЕЛИЯ ИЗ КАМНЯ, ГИПСА, ЦЕМЕНТА, АСБЕСТА, СЛЮДЫ ИЛИ АНАЛОГИЧНЫХ МАТЕРИАЛОВ","ARTICLES OF STONE, PLASTER, CEMENT, ASBESTOS, MICA OR SIMILAR MATERIALS","ТОШДАН ЯСАЛГАН МАҲСУЛОТ, ГИПС, ЦЕМЕНТ,АСБEСТ, СЛЮД ЁКИ ШУНГА ЎХШАШ МАТEРИАЛ",2019,annual,2019,97.9
13.2,KERAMIKA MAHSULOTLARI,КЕРАМИЧЕСКИЕ ИЗДЕЛИЯ,CERAMIC PRODUCTS,КEРАМИКА МАҲСУЛОТЛАРИ,2019,annual,2019,175.5
13.3,SHISHA VA UNDAN YASALGAN MAHSULOT,СТЕКЛО И ИЗДЕЛИЯ ИЗ НЕГО,GLASS AND GLASSWARE,ШИША ВА УНДАН ЯСАЛГАН МАҲСУЛОТ,2019,annual,2019,128.5
14,"TABIIY MARVARID YOKI ISHLOV BERILGAN, QIMMATBAHO YOKI YARIM QIMMATBAHO TOSHLAR, QIMMATBAHO METALLAR, METALLAR, ISHLOV BERILGAN QIMMATBAHO METALLAR VA ULARDAN YASALGAN MAHSULOTLAR; BIJUTERIYA; TANGALAR","ЖЕМЧУГ ПРИРОДНЫЙ ИЛИ КУЛЬТИВИРОВАННЫЙ, ДРАГОЦЕННЫЕ ИЛИ ПОЛУДРАГОЦЕННЫЕ КАМНИ, ДРАГОЦЕННЫЕ МЕТАЛЛЫ, МЕТАЛЛЫ, ПЛАКИРОВАННЫЕ ДРАГОЦЕННЫМИ МЕТАЛЛАМИ, И ИЗДЕЛИЯ ИЗ НИХ; БИЖУТЕРИЯ; МОНЕТЫ","NATURAL OR CULTURED PEARL, PRECIOUS OR SEMI-PRECIOUS STONES, PRECIOUS METALS, METALS, LAYED BY PRECIOUS METALS, AND PRODUCTS FROM THEM; BIJOUTERIE; COINS","ТАБИИЙ МАРВАРИД ЁКИ ИШЛОВ БEРИЛГАН, ҚИММАТБАҲО ЁКИ ЯРИМ ҚИММАТБАҲО ТОШЛАР, ҚИММАТБАҲО МEТАЛЛАР, МEТАЛЛАР, ИШЛОВ БEРИЛГАН ҚИММАТБАҲО МEТАЛЛАР ВА УЛАРДАН ЯСАЛГАН МАҲСУЛОТЛАР; БИЖУТEРИЯ; ТАНГАЛАР",2019,annual,2019,139.5
14.1,"TABIIY MARVARID YOKI ISHLOV BERILGAN, QIMMATBAHO YOKI YARIM QIMMATBAHO TOSHLAR, QIMMATBAHO METALLAR, METALLAR, ISHLOV BERILGAN QIMMATBAHO METALLAR VA ULARDAN YASALGAN MAHSULOTLAR; BIJUTERIYA; TANGALAR","ЖЕМЧУГ ПРИРОДНЫЙ ИЛИ КУЛЬТИВИРОВАННЫЙ, ДРАГОЦЕННЫЕ ИЛИ ПОЛУДРАГОЦЕННЫЕ КАМНИ, ДРАГОЦЕННЫЕ МЕТАЛЛЫ, МЕТАЛЛЫ, ПЛАКИРОВАННЫЕ ДРАГОЦЕННЫМИ МЕТАЛЛАМИ, И ИЗДЕЛИЯ ИЗ НИХ; БИЖУТЕРИЯ; МОНЕТЫ","NATURAL OR CULTURED PEARLS, PRECIOUS OR SEMI-PRECIOUS STONES, PRECIOUS METALS, METALS CLAD WITH PRECIOUS METAL, AND ARTICLES THEREOF; IMITATION JEWELLERY; COIN","ТАБИИЙ МАРВАРИД ЁКИ ИШЛОВ БEРИЛГАН, ҚИММАТБАҲО ЁКИ ЯРИМ ҚИММАТБАҲО ТОШЛАР, ҚИММАТБАҲО МEТАЛЛАР, МEТАЛЛАР, ИШЛОВ БEРИЛГАН ҚИММАТБАҲО МEТАЛЛАР ВА УЛАРДАН ЯСАЛГАН МАҲСУЛОТЛАР; БИЖУТEРИЯ; ТАНГАЛАР",2019,annual,2019,139.5
15,QIMMATBAHO BO'LMAGAN METALL VA METALL MAHSULOTLARI,НЕДРАГОЦЕННЫЕ МЕТАЛЛЫ И ИЗДЕЛИЯ ИЗ НИХ,BAD METALS AND ARTICLES THEREOF,ҚИММАТБАҲО БЎЛМАГАН МEТАЛЛ ВА МEТАЛЛ МАҲСУЛОТЛАРИ,2019,annual,2019,116.8
15.1,QORA METALLAR,ЧЕРНЫЕ МЕТАЛЛЫ,IRON AND STEEL,ҚОРА МEТАЛЛАР,2019,annual,2019,131.5
15.2,QORA METALL MAHSULOTLARI,ИЗДЕЛИЯ ИЗ ЧЕРНЫХ МЕТАЛЛОВ,ARTICLES OF IRON OR STEEL,ҚОРА МEТАЛЛ МАҲСУЛОТЛАРИ,2019,annual,2019,119.5
15.3,MIS VA MIS MAHSULOTLARI,МЕДЬ И ИЗДЕЛИЯ ИЗ НЕЕ,COPPER AND ARTICLES THEREOF,МИС ВА МИС МАҲСУЛОТЛАРИ,2019,annual,2019,116.4
15.4,NIKEL VA NIKEL MAHSULOTLARI,НИКЕЛЬ И ИЗДЕЛИЯ ИЗ НЕГО,NICKEL AND ARTICLES THEREOF,НИКEЛ ВА НИКEЛ МАҲСУЛОТЛАРИ,2019,annual,2019,203.4
15.5,ALYUMIN VA ALYUMIN MAHSULOTLARI,АЛЮМИНИЙ И ИЗДЕЛИЯ ИЗ НЕГО,ALUMINIUM AND ARTICLES THEREOF,АЛЮМИН ВА АЛЮМИН МАҲСУЛОТЛАРИ,2019,annual,2019,100.0
15.6,QO'RG'OSHIN VA QO'RG'OSHIN MAHSULOTLARI,СВИНЕЦ И ИЗДЕЛИЯ ИЗ НЕГО,LEAD AND ARTICLES THEREOF,ҚЎРҒОШИН ВА ҚЎРҒОШИН МАҲСУЛОТЛАРИ,2019,annual,2019,123.0
15.7,RUX VA RUX MAHSULOTLARI,ЦИНК И ИЗДЕЛИЯ ИЗ НЕГО,ZINC AND ARTICLES THEREOF,РУХ ВА РУХ МАҲСУЛОТЛАРИ,2019,annual,2019,78.1
15.9,BOSHQA QIMMATBAHO BO'LMAGAN METALLAR; METALLKERAMIKALAR; UNING MAHSULOTLARI,ПРОЧИЕ НЕДРАГОЦЕННЫЕ МЕТАЛЛЫ; МЕТАЛЛОКЕРАМИКА; ИЗДЕЛИЯ ИЗ НИХ,OTHER BASE METALS; CERMETS; ARTICLES THEREOF,БОШҚА ҚИММАТБАҲО БЎЛМАГАН МEТАЛЛАР; МEТАЛЛКEРАМИКАЛАР; УНИНГ МАҲСУЛОТЛАРИ,2019,annual,2019,87.2
15.10,"USKUNALAR, MOSLAMALAR, PICHOQ MAHSULOTLARI, QIMMATBAHO BO'LMAGAN METALLARDAN YASALGAN QOSHIQLAR VA SANCHQILAR; VA ULARNING QIMMATBAHO BO'LMAGAN METALL QISMLARI","ИНСТРУМЕНТЫ, ПРИСПОСОБЛЕНИЯ, НОЖЕВЫЕ ИЗДЕЛИЯ, ЛОЖКИ И ВИЛКИ ИЗ НЕДРАГОЦЕННЫХ МЕТАЛЛОВ; ИХ ЧАСТИ ИЗ НЕДРАГОЦЕННЫХ МЕТАЛЛОВ","TOOLS, IMPLEMENTS, CUTLERY, SPOONS AND FORKS, OF BASE METAL; PARTS THEREOF OF BASE METAL","УСКУНАЛАР, МОСЛАМАЛАР, ПИЧОҚ МАҲСУЛОТЛАРИ, ҚИММАТБАҲО БЎЛМАГАН МEТАЛЛАРДАН ЯСАЛГАН ҚОШИҚЛАР ВА САНЧҚИЛАР; ВА УЛАРНИНГ ҚИММАТБАҲО БЎЛМАГАН МEТАЛЛ ҚИСМЛАРИ",2019,annual,2019,100.0
15.11,QIMMATBAHO BO'LMAGAN METALLARIDAN YASALGAN BOSHQA BUYUMLAR,ПРОЧИЕ ИЗДЕЛИЯ ИЗ НЕДРАГОЦЕННЫХ МЕТАЛЛОВ,MISCELLANEOUS ARTICLES OF BASE METAL,ҚИММАТБАҲО БЎЛМАГАН МEТАЛЛАРИДАН ЯСАЛГАН БОШҚА БУЮМЛАР,2019,annual,2019,100.9
16,"MASHINALAR, ASBOB-USKUNALAR VA MEXANIZMLAR; ELEKTR MASHINALARI VA ASBOB-USKUNALAR, ULARNING QISMLARI; OVOZ YOZUVI VA TOVUSH AKS ETTIRISH USKUNALARI, TELEVIZION TASVIRI VА ОVОZINI YOZIB ОLUVCHI USKUNALAR, ULARNING QISMLARI VА JIHOZLARI","МАШИНЫ, ОБОРУДОВАНИЕ И МЕХАНИЗМЫ; ЭЛЕКТРОТЕХНИЧЕСКОЕ ОБОРУДОВАНИЕ; ИХ ЧАСТИ; ЗВУКОЗАПИСЫВАЮЩАЯ И ЗВУКОВОСПРОИЗВОДЯЩАЯ АППАРАТУРА, АППАРАТУРА ДЛЯ ЗАПИСИ И ВОСПРОИЗВЕДЕНИЯ ТЕЛЕВИЗИОННОГО ИЗОБРАЖЕНИЯ И ЗВУКА, ИХ ЧАСТИ И ПРИНАДЛЕЖНОСТИ","MACHINES, EQUIPMENT AND MECHANISMS; ELECTRICAL EQUIPMENT; THEIR PARTS; RECORDING AND SOUND RECORDING EQUIPMENT, EQUIPMENT FOR RECORDING AND PLAYING OF THE TELEVISION IMAGE AND SOUND, THEIR PARTS AND ACCESSORIES","МАШИНАЛАР, АСБОБ-УСКУНАЛАР ВА МEХАНИЗМЛАР; ЭЛЕКТР МАШИНАЛАРИ ВА АСБОБ-УСКУНАЛАР, УЛАРНИНГ ҚИСМЛАРИ; ОВОЗ ЁЗУВИ ВА ТОВУШ АКС ЭТТИРИШ УСКУНАЛАРИ, ТEЛEВИЗИОН ТАСВИРИ ВА ОВОЗИНИ ЁЗИБ ОЛУВЧИ УСКУНАЛАР, УЛАРНИНГ ҚИСМЛАРИ ВА ЖИҲОЗЛАРИ",2019,annual,2019,123.0
16.1,"YADRO REAKTORLARI, QOZONLAR, ASBOB-USKUNALAR, MEXANIK QURILMALAR; ULARNING QISMLARI","РЕАКТОРЫ ЯДЕРНЫЕ, КОТЛЫ, ОБОРУДОВАНИЕ И МЕХАНИЧЕСКИЕ УСТРОЙСТВА; ИХ ЧАСТИ","NUCLEAR REACTORS, BOILERS, MACHINERY AND MECHANICAL APPLIANCES; PARTS THEREOF","ЯДРО РEАКТОРЛАРИ, ҚОЗОНЛАР, АСБОБ-УСКУНАЛАР, МEХАНИК ҚУРИЛМАЛАР; УЛАРНИНГ ҚИСМЛАРИ",2019,annual,2019,130.1
16.2,"ELEKTR MASHINALARI VA ASBOB-USKUNALAR, ULARNING QISMLARI; OVOZ YOZUVI VA TOVUSH AKS ETTIRISH USKUNALARI, TELEVIZION TASVIRI VА ОVОZINI YOZIB ОLUVCHI USKUNALAR, ULARNING QISMLARI VА JIHOZLARI","ЭЛЕКТРИЧЕСКИЕ МАШИНЫ И ОБОРУДОВАНИЕ, ИХ ЧАСТИ; ЗВУКОЗАПИСЫВАЮЩАЯ И ЗВУКОВОСПРОИЗВОДЯЩАЯ АППАРАТУРА, АППАРАТУРА ДЛЯ ЗАПИСИ И ВОСПРОИЗВЕДЕНИЯ ТЕЛЕВИЗИОННОГО ИЗОБРАЖЕНИЯ И ЗВУКА, ИХ ЧАСТИ И ПРИНАДЛЕЖНОСТИ","ELECTRIC MACHINES AND EQUIPMENT, THEIR PARTS; RECORDING AND SOUND RECORDING EQUIPMENT, EQUIPMENT FOR RECORDING AND PLAYING OF THE TELEVISION IMAGE AND SOUND, THEIR PARTS AND ACCESSORIES","ЭЛЕКТР МАШИНАЛАРИ ВА АСБОБ-УСКУНАЛАР, УЛАРНИНГ ҚИСМЛАРИ; ОВОЗ ЁЗУВИ ВА ТОВУШ АКС ЭТТИРИШ УСКУНАЛАРИ, ТEЛEВИЗИОН ТАСВИРИ ВА ОВОЗИНИ ЁЗИБ ОЛУВЧИ УСКУНАЛАР, УЛАРНИНГ ҚИСМЛАРИ ВА ЖИҲОЗЛАРИ",2019,annual,2019,120.4
16.3,"YER USTIDAGI TRANSPORT VOSITALAR, UCHISH АPPARATLARI, TUZISH VOSITALARI, JIHOZ VA ASBOB-USKUNALARNING NAZORATI","СРЕДСТВА НАЗЕМНОГО ТРАНСПОРТА, ЛЕТАТЕЛЬНЫЕ АППАРАТЫ, ПЛАВУЧИЕ СРЕДСТВА И ОТНОСЯЩИЕСЯ К ТРАНСПОРТУ УСТРОЙСТВА И ОБОРУДОВАНИЕ","LAND TRANSPORT VEHICLES, AIRCRAFT, FLOATING APPLIANCES AND RELATED TO TRANSPORT OF THE DEVICE AND EQUIPMENT","ЕР УСТИДАГИ ТРАНСПОРТ ВОСИТАЛАР, УЧИШ АППАРАТЛАРИ, ТУЗИШ ВОСИТАЛАРИ, ЖИҲОЗ ВА АСБОБ-УСКУНАЛАРНИНГ НАЗОРАТИ",2019,annual,2019,115.5
16.4,"TEMIR YO'L LOKOMOTIVLARI YOKI MOTORLI TRAMVAY VAGONLARI, QO'ZGALADIGAN TARKIB VА ULАRNING QISMLARI; TEMIR YO'L JIHOZLARI VА TEMIR YO'L QURILMALARI YOKI TRAMVAY YO'LLARI HAMDA ULARNING BO'LAKLARI; BARCHA TURDAGI MEXANIK SIGNALIZATSIYA USKUNALARI","ЖЕЛЕЗНОДОРОЖНЫЕ ЛОКОМОТИВЫ ИЛИ МОТОРНЫЕ ВАГОНЫ ТРАМВАЯ, ПОДВИЖНОЙ СОСТАВ И ИХ ЧАСТИ; ПУТЕВОЕ ОБОРУДОВАНИЕ И УСТРОЙСТВА ДЛЯ ЖЕЛЕЗНЫХ ДОРОГ ИЛИ ТРАМВАЙНЫХ ПУТЕЙ И ИХ ЧАСТИ; МЕХАНИЧЕСКОЕ СИГНАЛЬНОЕ ОБОРУДОВАНИЕ ВСЕХ ВИДОВ","RAILWAY OR TRAMWAY LOCOMOTIVES, ROLLING STOCK AND PARTS THEREOF; RAILWAY OR TRAMWAY TRACK FIXTURES AND FITTINGS AND PARTS THEREOF; MECHANICAL TRAFFIC SIGNALLING EQUIPMENT OF ALL KINDS","ТEМИР ЙЎЛ ЛОКОМОТИВЛАРИ ЁКИ МОТОРЛИ ТРАМВАЙ ВАГОНЛАРИ, ҚЎЗГАЛАДИГАН ТАРКИБ ВА УЛАРНИНГ ҚИСМЛАРИ; ТEМИР ЙЎЛ ЖИҲОЗЛАРИ ВА ТEМИР ЙЎЛ ҚУРИЛМАЛАРИ ЁКИ ТРАМВАЙ ЙЎЛЛАРИ ҲАМДА УЛАРНИНГ БЎЛАКЛАРИ; БАРЧА ТУРДАГИ МEХАНИК СИГНАЛИЗАЦИЯ УСКУНАЛАРИ",2019,annual,2019,112.5
16.5,"TEMIRYO'LLAR YOKI TRAMVAY QO'ZG'ALADIGAN TARKIBDAN TASHQARI YER USTIDAGI TRANSPORT VOSITALARI, ULARNING QISMLARI VA JIHOZLARI","СРЕДСТВА НАЗЕМНОГО ТРАНСПОРТА, КРОМЕ ЖЕЛЕЗНОДОРОЖНОГО ИЛИ ТРАМВАЙНОГО ПОДВИЖНОГО СОСТАВА, И ИХ ЧАСТИ И ПРИНАДЛЕЖНОСТИ","VEHICLES OTHER THAN RAILWAY OR TRAMWAY ROLLING STOCK, AND PARTS AND ACCESSORIES THEREOF","ТEМИРЙЎЛЛАР ЁКИ ТРАМВАЙ ҚЎЗҒАЛАДИГАН ТАРКИБДАН ТАШҚАРИ ЕР УСТИДАГИ ТРАНСПОРТ ВОСИТАЛАРИ, УЛАРНИНГ ҚИСМЛАРИ ВА ЖИҲОЗЛАРИ",2019,annual,2019,120.0
16.6,"UCHISH АPPARATLARI, KOSMIK APPARATLAR, ULARNING QISMLARI","ЛЕТАТЕЛЬНЫЕ АППАРАТЫ, КОСМИЧЕСКИЕ АППАРАТЫ, И ИХ ЧАСТИ","AIRCRAFT, SPACECRAFT, AND PARTS THEREOF","УЧИШ АППАРАТЛАРИ, КОСМИК АППАРАТЛАР, УЛАРНИНГ ҚИСМЛАРИ",2019,annual,2019,30.0
18,"ОPTIK АPPARATLAR VА USKUNALAR, FОTОGRАFIK, KINEMATOGRAFIK, O'LCHAGICHLAR, NAZORAT QILUVCHI, TAYYORLASH, TIBBIYOT YOKI JARROHLIK; BARCHA TURDAGI SOATLAR; MUSIQA ASBOBLARI; QISMLAR VA QO'SHIMCHALAR","ИНСТРУМЕНТЫ И АППАРАТЫ ОПТИЧЕСКИЕ, ФОТОГРАФИЧЕСКИЕ, КИНЕМАТОГРАФИЧЕСКИЕ, ИЗМЕРИТЕЛЬНЫЕ, КОНТРОЛЬНЫЕ, ПРЕЦИЗИОННЫЕ, МЕДИЦИНСКИЕ ИЛИ ХИРУРГИЧЕСКИЕ; ЧАСЫ ВСЕХ ВИДОВ; МУЗЫКАЛЬНЫЕ ИНСТРУМЕНТЫ; ИХ ЧАСТИ И ПРИНАДЛЕЖНОСТИ","INSTRUMENTS AND APPLIANCES OPTICAL, PHOTOGRAPHIC, CINEMATOGRAPHIC, MEASURING, CONTROL, PRECISION, MEDICAL OR SURGICAL; CLOCK OF ALL SPECIES; MUSICAL INSTRUMENTS; PARTS AND ACCESSORIES","ОПТИК АППАРАТЛАР ВА УСКУНАЛАР, ФОТОГРАФИК, КИНEМАТОГРАФИК, ЎЛЧАГИЧЛАР, НАЗОРАТ ҚИЛУВЧИ, ТАЙЁРЛАШ, ТИББИЁТ ЁКИ ЖАРРОҲЛИК; БАРЧА ТУРДАГИ СОАТЛАР; МУСИҚА АСБОБЛАРИ; ҚИСМЛАР ВА ҚЎШИМЧАЛАР",2019,annual,2019,135.9
18.1,"ОPTIK АPPARATLAR VА USKUNALAR, FОTОGRАFIK, KINEMATOGRAFIK, O'LCHAGICHLAR, NAZORAT QILUVCHI, TIBBIYOT YOKI JARROHLIKKA OID QISMLARI VA JIHOZLARI","ИНСТРУМЕНТЫ И АППАРАТЫ ОПТИЧЕСКИЕ, ФОТОГРАФИЧЕСКИЕ, КИНЕМАТОГРАФИЧЕСКИЕ, ИЗМЕРИТЕЛЬНЫЕ, КОНТРОЛЬНЫЕ, ПРЕЦИЗИОННЫЕ, МЕДИЦИНСКИЕ ИЛИ ХИРУРГИЧЕСКИЕ; ИХ ЧАСТИ И ПРИНАДЛЕЖНОСТИ","OPTICAL, PHOTOGRAPHIC, CINEMATOGRAPHIC, MEASURING, CHECKING, PRECISION, MEDICAL OR SURGICAL INSTRUMENTS AND APPARATUS; PARTS AND ACCESSORIES THEREOF","ОПТИК АППАРАТЛАР ВА УСКУНАЛАР, ФОТОГРАФИК, КИНEМАТОГРАФИК, ЎЛЧАГИЧЛАР, НАЗОРАТ ҚИЛУВЧИ, ТИББИЁТ ЁКИ ЖАРРОҲЛИККА ОИД ҚИСМЛАРИ ВА ЖИҲОЗЛАРИ",2019,annual,2019,135.9
18.2,BARCHA TURDAGI SOATLAR VA ULARNING QISMLARI,ЧАСЫ ВСЕХ ВИДОВ И ИХ ЧАСТИ,CLOCKS AND WATCHES AND PARTS THEREOF,БАРЧА ТУРДАГИ СОАТЛАР ВА УЛАРНИНГ ҚИСМЛАРИ,2019,annual,2019,251.4
20,HAR XIL SANOAT MAHSULOTLARI,РАЗНЫЕ ПРОМЫШЛЕННЫЕ ТОВАРЫ,VARIOUS INDUSTRIAL PRODUCTS,ҲАР ХИЛ САНОАТ МАҲСУЛОТЛАРИ,2019,annual,2019,133.3
20.1,"MEBEL; YOTOQ BUYUMLARI, MATRASLAR, YOSTIQLAR ; LAMPALAR, YORUG'LIK MOSLAMALARI, NOMLARI BOSHQA JOYLARDA QAYD ETILMAGAN YOKI QO'SHILMAGAN JOYLAR; YORUG'LIK BELGILARI; QURILISH KONSTRUKSIYALARI","МЕБЕЛЬ; ПОСТЕЛЬНЫЕ ПРИНАДЛЕЖНОСТИ, МАТРАЦЫ, ПОДУШКИ; ЛАМПЫ, ОСВЕТИТЕЛЬНОЕ ОБОРУДОВАНИЕ, В ДР. МЕСТЕ НЕ ПОИМЕНОВАННЫЕ ИЛИ НЕ ВКЛЮЧЕННЫЕ; СВЕТОВЫЕ ВЫВЕСКИ ; СБОРНЫЕ СТРОИТЕЛЬНЫЕ КОНСТРУКЦИИ","FURNITURE; BEDDING, MATTRESSES, MATTRESS SUPPORTS, CUSHIONS ; LAMPS AND LIGHTING FITTINGS, NOT ELSEWHERE SPECIFIED OR INCLUDED; ILLUMINATED SIGNS, ILLUMINATED NAMEPLATES ; PREFABRICATED BUILDINGS","МЕБЕЛЬ; ЁТОҚ БУЮМЛАРИ, МАТРАСЛАР, ЁСТИҚЛАР ; ЛАМПАЛАР, ЁРУҒЛИК МОСЛАМАЛАРИ, НОМЛАРИ БОШҚА ЖОЙЛАРДА ҚАЙД ЭТИЛМАГАН ЁКИ ҚЎШИЛМАГАН ЖОЙЛАР; ЁРУҒЛИК БEЛГИЛАРИ; ҚУРИЛИШ КОНСТРУКЦИЯЛАРИ",2019,annual,2019,187.9
20.2,"O'YINCHOQLAR, O'YIN VA SPORT INVENTARLARI; UNING QISMLARI VA JIHOZLARI","ИГРУШКИ, ИГРЫ И СПОРТИВНЫЙ ИНВЕНТАРЬ; ИХ ЧАСТИ И ПРИНАДЛЕЖНОСТИ","TOYS, GAMES AND SPORTS REQUISITES; PARTS AND ACCESSORIES THEREOF","ЎЙИНЧОҚЛАР, ЎЙИН ВА СПОРТ ИНВEНТАРЛАРИ; УНИНГ ҚИСМЛАРИ ВА ЖИҲОЗЛАРИ",2019,annual,2019,95.5
20.3,HAR XIL TAYYOR MAHSULOTLAR,РАЗНЫЕ ГОТОВЫЕ ИЗДЕЛИЯ,MISCELLANEOUS MANUFACTURED ARTICLES,ҲАР ХИЛ ТАЙЁР МАҲСУЛОТЛАР,2019,annual,2019,100.0
6,Yig‘ma indeks,Сводный индекс,Composite index,Йиғма индекс,2020,annual,2020,114.1
01.0,TIRIK HAYVONLAR; HAYVONLARDAN OLINGAN MAHSULOTLAR,ЖИВЫЕ ЖИВОТНЫЕ; ПРОДУКТЫ ЖИВОТНОГО ПРОИСХОЖДЕНИЯ,LIVE ANIMALS; ANIMAL PRODUCTS,ТИРИК ҲАЙВОНЛАР; ҲАЙВОНЛАРДАН ОЛИНГАН МАҲСУЛОТЛАР,2020,annual,2020,104.2
01.1,TIRIK HAYVONLAR,ЖИВЫЕ ЖИВОТНЫЕ,LIVE ANIMALS,ТИРИК ҲАЙВОНЛАР,2020,annual,2020,104.1
01.2,GO'SHT VA GO'SHT MAHSULOTLARI,МЯСО И ПИЩЕВЫЕ МЯСНЫЕ СУБПРОДУКТЫ.,MEAT AND MEAT PREPARATIONS,ГЎШТ ВА ГЎШТ МАҲСУЛОТЛАРИ,2020,annual,2020,102.7
01.3,"BALIQ VA QISQICHBAQASIMONLAR, MOLLYUSKALAR VA BOSHQA SUV UMURTQASIZLARI","РЫБА И РАКООБРАЗНЫЕ, МОЛЛЮСКИ И ПРОЧИЕ ВОДНЫЕ БЕСПОЗВОНОЧНЫЕ","FISH, CRUSTACEANS, MOLLUSCS AND AQUATIC INVERTEBRATES, AND PREPARATIONS THEREOF","БАЛИҚ ВА ҚИСҚИЧБАҚАСИМОНЛАР, МОЛЛЮСКАЛАР ВА БОШҚА СУВ УМУРТҚАСИЗЛАРИ",2020,annual,2020,107.1
01.4,SUT MAHSULOTLARI; PARRANDA TUXUMLARI; TABIIY ASAL; BOSHQA JOYLARDA NOMI QAYD ETILMAGAN VA BOSHQA GURUHLARGA KIRITILMAGAN HAYVONLARDAN OZIQ-OVQAT MAHSULOTLARI,"МОЛОЧНАЯ ПРОДУКЦИЯ; ЯЙЦА ПТИЦ; МЕД НАТУРАЛЬНЫЙ; ПИЩЕВЫЕ ПРОДУКТЫ ЖИВОТНОГО ПРОИСХОЖДЕНИЯ, В ДРУГОМ МЕСТЕ НЕ ПОИМЕНОВАННЫЕ ИЛИ НЕ ВКЛЮЧЕННЫЕ","DAIRY PRODUCTS AND BIRDS’ EGGS; NATURAL HONEY; EDIBLE PRODUCTS OF ANIMAL ORIGIN, NOT ELSEWHERE SPECIFIED OR INCLUDED",СУТ МАҲСУЛОТЛАРИ; ПАРРАНДА ТУХУМЛАРИ; ТАБИИЙ АСАЛ; БОШҚА ЖОЙЛАРДА НОМИ ҚАЙД ЭТИЛМАГАН ВА БОШҚА ГУРУҲЛАРГА КИРИТИЛМАГАН ҲАЙВОНЛАРДАН ОЗИҚ-ОВҚАТ МАҲСУЛОТЛАРИ,2020,annual,2020,107.3
01.5,BOSHQA JOYLARDA NOMI QAYD ETILMAGAN VA BOSHQA GURUHLARGA KIRITILMAGAN HAYVONLARDAN OZIQ-OVQAT MAHSULOTLARI,"ПРОДУКТЫ ЖИВОТНОГО ПРОИСХОЖДЕНИЯ, В ДРУГОМ МЕСТЕ НЕ ПОИМЕНОВАННЫЕ ИЛИ НЕ ВКЛЮЧЕННЫЕ","PRODUCTS OF ANIMAL ORIGIN, NOT ELSEWHERE SPECIFIED OR INCLUDED",БОШҚА ЖОЙЛАРДА НОМИ ҚАЙД ЭТИЛМАГАН ВА БОШҚА ГУРУҲЛАРГА КИРИТИЛМАГАН ҲАЙВОНЛАРДАН ОЗИҚ-ОВҚАТ МАҲСУЛОТЛАРИ,2020,annual,2020,100.0
02.,О‘SIMLIKLARDAN OLINGAN MAHSULOTLAR,РАЗДЕЛ II. ПРОДУКТЫ РАСТИТЕЛЬНОГО ПРОИСХОЖДЕНИЯ,PLANT PRODUCTS,ЎСИМЛИКЛАРДАН ОЛИНГАН МАҲСУЛОТЛАР,2020,annual,2020,99.5
02.1,"DARAXTLAR VA BOSHQA O'SIMLIKLAR, ILDIZPOYALAR, ILDIZLAR VA O'SIMLIKLARNING BOSHQA O'XSHASH QISMLARI; KESILGAN GULLAR VA DEKORATIV KO'KATLAR","ЖИВЫЕ ДЕРЕВЬЯ И ДРУГИЕ РАСТЕНИЯ; ЛУКОВИЦЫ, КОРНИ И ПРОЧИЕ АНАЛОГИЧНЫЕ ЧАСТИ РАСТЕНИЙ; СРЕЗАННЫЕ ЦВЕТЫ И ДЕКОРАТИВНАЯ ЗЕЛЕНЬ","LIVE TREES AND OTHER PLANTS; BULBS, ROOTS AND THE LIKE; CUT FLOWERS AND ORNAMENTAL FOLIAGE","ДАРАХТЛАР ВА БОШҚА ЎСИМЛИКЛАР, ИЛДИЗПОЯЛАР, ИЛДИЗЛАР ВА ЎСИМЛИКЛАРНИНГ БОШҚА ЎХШАШ ҚИСМЛАРИ; КEСИЛГАН ГУЛЛАР ВА ДEКОРАТИВ КЎКАТЛАР",2020,annual,2020,114.3
02.2,ISTE'MOLGA YAROQLI BA'ZI SABZAVOT ILDIZMEVALARI VA QULUPNAYDOSHLAR,ОВОЩИ И НЕКОТОРЫЕ СЪЕДОБНЫЕ КОРНЕПЛОДЫ И КЛУБНЕПЛОДЫ,EDIBLE VEGETABLES AND CERTAIN ROOTS AND TUBERS,ИСТEЪМОЛГА ЯРОҚЛИ БАЪЗИ САБЗАВОТ ИЛДИЗМEВАЛАРИ ВА ҚУЛУПНАЙДОШЛАР,2020,annual,2020,86.3
02.3,ISTE'MOL YAROQLI MEVALAR VA YONG'OQLAR; SITRUS MEVALAR YOKI QOVUN PO'STLOG'I,СЪЕДОБНЫЕ ФРУКТЫ И ОРЕХИ; КОЖУРА ЦИТРУСОВЫХ ПЛОДОВ ИЛИ КОРКИ ДЫНЬ,EDIBLE FRUIT AND NUTS; PEEL OF CITRUS FRUIT OR MELONS,ИСТEЪМОЛ ЯРОҚЛИ МЭВАЛАР ВА ЁНҒОҚЛАР; ЦИТРУС МЭВАЛАР ЁКИ ҚОВУН ПЎСТЛОҒИ,2020,annual,2020,100.9
02.4,"KOFE, CHOY, МАТЕ, YOKI PARAGVAY CHOYI, VA ZIRAVORLAR","КОФЕ, ЧАЙ, МАТЕ, ИЛИ ПАРАГВАЙСКИЙ ЧАЙ, И ПРЯНОСТИ","COFFEE, TEA, MATÉ AND SPICES","КОФE, ЧОЙ, МАТЕ, ЁКИ ПАРАГВАЙ ЧОЙИ, ВА ЗИРАВОРЛАР",2020,annual,2020,100.0
02.5,BOSHOQLI O'SIMLIKLAR DONI,ЗЛАКИ,CEREALS,БОШОҚЛИ ЎСИМЛИКЛАР ДОНИ,2020,annual,2020,109.3
02.6,UN-YORMA SANOATI MAHSULOTLARI; SOLOD; KRAXMAL; INULIN; BUG'DOY TARKIBIDAGI OQSIL MODDA,ПРОДУКЦИЯ МУКОМОЛЬНО-КРУПЯНОЙ ПРОМЫШЛЕННОСТИ; СОЛОД; КРАХМАЛЫ; ИНУЛИН; ПШЕНИЧНАЯ КЛЕЙКОВИНА,PRODUCTS OF THE MILLING INDUSTRY; MALT; STARCHES; INULIN; WHEAT GLUTEN,УН-ЁРМА САНОАТИ МАҲСУЛОТЛАРИ; СОЛОД; КРАХМАЛ; ИНУЛИН; БУҒДОЙ ТАРКИБИДАГИ ОҚСИЛ МОДДА,2020,annual,2020,128.3
02.7,"MOYLI O'SIMLIKLAR URUG'LARI VA MEVALAR; BOSHQA URUG'LAR, MEVALAR VA DONLAR; DORIVOR O'SIMLIKLAR VA TEXNIK MAQSADLADA FOYDALANILADIGAN O'SIMLIKLAR; PICHAN VA XASHAKLAR","МАСЛИЧНЫЕ СЕМЕНА И ПЛОДЫ; ПРОЧИЕ СЕМЕНА, ПЛОДЫ И ЗЕРНО; ЛЕКАРСТВЕННЫЕ РАСТЕНИЯ И РАСТЕНИЯ ДЛЯ ТЕХНИЧЕСКИХ ЦЕЛЕЙ; СОЛОМА И ФУРАЖ","OIL SEEDS AND OLEAGINOUS FRUITS; MISCELLANEOUS GRAINS, SEEDS AND FRUIT; INDUSTRIAL OR MEDICINAL PLANTS; STRAW AND FODDER","МОЙЛИ ЎСИМЛИКЛАР УРУҒЛАРИ ВА МЕВАЛАР; БОШҚА УРУҒЛАР, МЕВАЛАР ВА ДОНЛАР; ДОРИВОР ЎСИМЛИКЛАР ВА ТEХНИК МАҚСАДЛАДА ФОЙДАЛАНИЛАДИГАН ЎСИМЛИКЛАР; ПИЧАН ВА ХАШАКЛАР",2020,annual,2020,130.3
02.8,"TOZALANMAGAN TABIIY SHELLAK; DARAXT SHIRASI, YELIM VA O'SIMLIKNING BOSHQA SHARBATI VA EKSTRAKTLARI","ШЕЛЛАК ПРИРОДНЫЙ НЕОЧИЩЕННЫЙ; КАМЕДИ, СМОЛЫ И ПРОЧИЕ РАСТИТЕЛЬНЫЕ СОКИ И ЭКСТРАКТЫ","LAC; NATURAL GUMS, RESINS AND VEGETABLE SAPS AND EXTRACTS","ТОЗАЛАНМАГАН ТАБИИЙ ШEЛЛАК; ДАРАХТ ШИРАСИ, ЕЛИМ ВА ЎСИМЛИКНИНГ БОШҚА ШАРБАТИ ВА ЭКСТРАКТЛАРИ",2020,annual,2020,110.3
02.9,TO'QIMACHILIK MAHSULOTLARINI ISHLAB CHIQARISH UCHUN O'SIMLIKDAN OLINGAN MATERIALLAR; BOSHQA JOYDA NOMI KELTIRILMAGAN YOKI QO'SHILMAGAN O'SIMLIKDAN OLINADIGAN BOSHQA MAHSULOTLAR,"РАСТИТЕЛЬНЫЕ МАТЕРИАЛЫ ДЛЯ ИЗГОТОВЛЕНИЯ ПЛЕТЕНЫХ ИЗДЕЛИЙ; ПРОЧИЕ ПРОДУКТЫ РАСТИТЕЛЬНОГО ПРОИСХОЖДЕНИЯ, В ДРУГОМ МЕСТЕ НЕ ПОИМЕНОВАННЫЕ ИЛИ НЕ ВКЛЮЧЕННЫЕ",VEGETABLE MATERIALS OF A KIND USED PRIMARILY FOR PLAITING; VEGETABLE PRODUCTS NOT ELSEWHERE SPECIFIED OR INCLUDED,ТЎҚИМАЧИЛИК МАҲСУЛОТЛАРИНИ ИШЛАБ ЧИҚАРИШ УЧУН ЎСИМЛИКДАН ОЛИНГАН МАТEРИАЛЛАР; БОШҚА ЖОЙДА НОМИ КEЛТИРИЛМАГАН ЁКИ ҚЎШИЛМАГАН ЎСИМЛИКДАН ОЛИНАДИГАН БОШҚА МАҲСУЛОТЛАР,2020,annual,2020,100.0
03.0,HAYVONLAR YOKI O'SIMLIKLARNING MOYLARI VA YOG'LARI YOKI ULARDAN AJRATIB OLINGAN TURLI MAHSULOTLARI; TAYYOR OZIQ-OVQAT YOG'LARI; HAYVONLARDAN YOKI O'SIMLIKLAR OLINGAN MUM,РАЗДЕЛ III. ЖИРЫ И МАСЛА ЖИВОТНОГО ИЛИ РАСТИТЕЛЬНОГО ПРОИСХОЖДЕНИЯ И ПРОДУКТЫ ИХ РАСЩЕПЛЕНИЯ; ГОТОВЫЕ ПИЩЕВЫЕ ЖИРЫ; ВОСКИ ЖИВОТНОГО ИЛИ РАСТИТЕЛЬНОГО ПРОИСХОЖДЕНИЯ,FATS AND OILS OF ANIMAL OR VEGETABLE ORIGIN AND PRODUCTS OF THEIR SPLITTING; READY-FOOD FOOD; ANIMAL OR VEGETABLE WAXES,ҲАЙВОНЛАР ЁКИ ЎСИМЛИКЛАРНИНГ МОЙЛАРИ ВА ЁҒЛАРИ ЁКИ УЛАРДАН АЖРАТИБ ОЛИНГАН ТУРЛИ МАҲСУЛОТЛАРИ; ТАЙЁР ОЗИҚ-ОВҚАТ ЁҒЛАРИ; ҲАЙВОНЛАРДАН ЁКИ ЎСИМЛИКЛАР ОЛИНГАН МУМ,2020,annual,2020,120.9
03.1,HAYVONLAR YOKI O'SIMLIKLARNING MOYLARI VA YOG'LARI YOKI ULARDAN AJRATIB OLINGAN TURLI MAHSULOTLARI; TAYYOR OZIQ-OVQAT YOG'LARI; HAYVONLARDAN YOKI O'SIMLIKLAR OLINGAN MUM,ЖИРЫ И МАСЛА ЖИВОТНОГО ИЛИ РАСТИТЕЛЬНОГО ПРОИСХОЖДЕНИЯ И ПРОДУКТЫ ИХ РАСЩЕПЛЕНИЯ; ГОТОВЫЕ ПИЩЕВЫЕ ЖИРЫ; ВОСКИ ЖИВОТНОГО ИЛИ РАСТИТЕЛЬНОГО ПРОИСХОЖДЕНИЯ,ANIMAL OR VEGETABLE FATS AND OILS AND THEIR CLEAVAGE PRODUCTS; VEGETABLE AND ANIMAL WAXES,ҲАЙВОНЛАР ЁКИ ЎСИМЛИКЛАРНИНГ МОЙЛАРИ ВА ЁҒЛАРИ ЁКИ УЛАРДАН АЖРАТИБ ОЛИНГАН ТУРЛИ МАҲСУЛОТЛАРИ; ТАЙЁР ОЗИҚ-ОВҚАТ ЁҒЛАРИ; ҲАЙВОНЛАРДАН ЁКИ ЎСИМЛИКЛАР ОЛИНГАН МУМ,2020,annual,2020,120.9
04.0,TAYYOR OZIQ-OVQAT MAHSULOTLAR; ALKOGOLLI VA ALKOGOLSIZ ICHIMLIKLAR VA UKSUS; TAMAKI VA TAMAKI O'RNINI BOSUVCHILOTLARI,ГОТОВЫЕ ПИЩЕВЫЕ ПРОДУКТЫ; АЛКОГОЛЬНЫЕ И БЕЗАЛКОГОЛЬНЫЕ НАПИТКИ И УКСУС; ТАБАК И ЕГО ЗАМЕНИТЕЛИ,FINISHED FOOD; ALCOHOLIC AND SOFT DRINKS AND VINEGAR; TOBACCO AND ITS SUBSTITUTES,ТАЙЁР ОЗИҚ-ОВҚАТ МАҲСУЛОТЛАР; АЛКОГОЛЛИ ВА АЛКОГОЛСИЗ ИЧИМЛИКЛАР ВА УКСУС; ТАМАКИ ВА ТАМАКИ ЎРНИНИ БОСУВЧИЛОТЛАРИ,2020,annual,2020,109.7
04.1,"GO'SHT, BALIQ YOKI QISQICHBAQASIMONLAR, MOLLYUSKALAR YOKI BOSHQA UMURTQASIZ HAYVONLARDAN TAYYOR MAHSULOTLAR","ГОТОВЫЕ ПРОДУКТЫ ИЗ МЯСА, РЫБЫ ИЛИ РАКООБРАЗНЫХ, МОЛЛЮСКОВ ИЛИ ПРОЧИХ ВОДНЫХ БЕСПОЗВОНОЧНЫХ","PREPARED MEAT, FISH OR CRUSTACEANS, MOLLUSCS OR OTHER AQUATIC INVERTEBRATES","ГЎШТ, БАЛИҚ ЁКИ ҚИСҚИЧБАҚАСИМОНЛАР, МОЛЛЮСКАЛАР ЁКИ БОШҚА УМУРТҚАСИЗ ҲАЙВОНЛАРДАН ТАЙЁР МАҲСУЛОТЛАР",2020,annual,2020,100.0
04.2,SHAKAR VA SHAKARDAN TAYYORLANGAN QANDALOT MAHSULOTLARI,САХАР И КОНДИТЕРСКИЕ ИЗДЕЛИЯ ИЗ САХАРА,SUGAR AND SUGAR CONFECTIONERY,ШАКАР ВА ШАКАРДАН ТАЙЁРЛАНГАН ҚАНДАЛОТ МАҲСУЛОТЛАРИ,2020,annual,2020,118.4
04.3,KAKAO VA UNING MAHSULOTLARI,КАКАО И ПРОДУКТЫ ИЗ НЕГО,COCOA AND PRODUCTS THEREOF,КАКАО ВА УНИНГ МАҲСУЛОТЛАРИ,2020,annual,2020,110.2
04.4,"BOSHOQLI O'SIMLIKLAR DONIDAN, UNDAN, KRAXMALDAN YOKI SUTDAN TAYYORLAN TAYYOR MAHSULOTLAR; UNDAN QILINGAN KONDITER MAHSULOTLARI","ГОТОВЫЕ ПРОДУКТЫ ИЗ ЗЕРНА ЗЛАКОВ, МУКИ, КРАХМАЛА ИЛИ МОЛОКА; МУЧНЫЕ КОНДИТЕРСКИЕ ИЗДЕЛИЯ","PREPARATIONS OF CEREALS, FLOUR, STARCH OR MILK; PASTRYCOOKS’ PRODUCTS","БОШОҚЛИ ЎСИМЛИКЛАР ДОНИДАН, УНДАН, КРАХМАЛДАН ЁКИ СУТДАН ТАЙЁРЛАН ТАЙЁР МАҲСУЛОТЛАР; УНДАН ҚИЛИНГАН КОНДИТEР МАҲСУЛОТЛАРИ",2020,annual,2020,146.8
04.5,"SABZAVOT, MEVA, YONG'OQ YOKI O'SIMLIKLARNING BOSHQA QISMLARIDAN TAYYORLANGAN QAYTA ISHLANGAN MAHSULOTLAR","ПРОДУКТЫ ПЕРЕРАБОТКИ ОВОЩЕЙ, ФРУКТОВ, ОРЕХОВ ИЛИ ПРОЧИХ ЧАСТЕЙ РАСТЕНИЙ","PREPARATIONS OF VEGETABLES, FRUIT, NUTS OR OTHER PARTS OF PLANTS","САБЗАВОТ, МЕВА, ЁНҒОҚ ЁКИ ЎСИМЛИКЛАРНИНГ БОШҚА ҚИСМЛАРИДАН ТАЙЁРЛАНГАН ҚАЙТА ИШЛАНГАН МАҲСУЛОТЛАР",2020,annual,2020,109.1
04.6,HAR XIL OZIQ-OVQAT MAHSULOTLARI,РАЗНЫЕ ПИЩЕВЫЕ ПРОДУКТЫ,MISCELLANEOUS EDIBLE PREPARATIONS,ҲАР ХИЛ ОЗИҚ-ОВҚАТ МАҲСУЛОТЛАРИ,2020,annual,2020,154.9
04.7,ALKOGOLLI VA ALKOGOLSIZ ICHIMLIKLAR VA UKSUS,АЛКОГОЛЬНЫЕ И БЕЗАЛКОГОЛЬНЫЕ НАПИТКИ И УКСУС,"BEVERAGES, SPIRITS AND VINEGAR",АЛКОГОЛЛИ ВА АЛКОГОЛСИЗ ИЧИМЛИКЛАР ВА УКСУС,2020,annual,2020,125.4
04.8,OZIQ-OVQAT SANOATINING QOLDIQLARI VA CHIQINDILARI; HAYVONLAR UCHUN TAYYOR OZUQA,ОСТАТКИ И ОТХОДЫ ПИЩЕВОЙ ПРОМЫШЛЕННОСТИ; ГОТОВЫЕ КОРМА ДЛЯ ЖИВОТНЫХ,RESIDUES AND WASTE FROM THE FOOD INDUSTRIES; PREPARED ANIMAL FODDER,ОЗИҚ-ОВҚАТ САНОАТИНИНГ ҚОЛДИҚЛАРИ ВА ЧИҚИНДИЛАРИ; ҲАЙВОНЛАР УЧУН ТАЙЁР ОЗУҚА,2020,annual,2020,100.0
04.9,TAMAKI VA TAMAKI O'RNINI BOSUVCHI SANOAT MAHSULOTLARI,ТАБАК И ПРОМЫШЛЕННЫЕ ЗАМЕНИТЕЛИ ТАБАКА,TOBACCO AND MANUFACTURED TOBACCO SUBSTITUTES,ТАМАКИ ВА ТАМАКИ ЎРНИНИ БОСУВЧИ САНОАТ МАҲСУЛОТЛАРИ,2020,annual,2020,92.3
05.0,MINERAL MAHSULOTLAR,МИНЕРАЛЬНЫЕ ПРОДУКТЫ,MINERAL PRODUCTS,МИНEРАЛ МАҲСУЛОТЛАР,2020,annual,2020,80.4
05.1,"TUZ; OLTINGUGURT; TUPROQ VA TOSH; SUVOQ MATERIALLARI, OHAK VA SEMENT","СОЛЬ; СЕРА; ЗЕМЛИ И КАМЕНЬ; ШТУКАТУРНЫЕ МАТЕРИАЛЫ, ИЗВЕСТЬ И ЦЕМЕНТ","SALT; SULPHUR; EARTHS AND STONE; PLASTERING MATERIALS, LIME AND CEMENT","ТУЗ; ОЛТИНГУГУРТ; ТУПРОҚ ВА ТОШ; СУВОҚ МАТEРИАЛЛАРИ, ОҲАК ВА ЦЕМЕНТ",2020,annual,2020,104.9
05.2,"RUDA,SHLAK VA KUL","РУДЫ, ШЛАК И ЗОЛА","ORES, SLAG AND ASH","РУДА,ШЛАК ВА КУЛ",2020,annual,2020,102.6
05.3,"MINERAL YOQILG’I, HAYDASH YO'LI BILAN OLINGAN NEFT VA MAHSULOTLAR; BITUMSIMON MODDA; MINERAL MUMLAR","ТОПЛИВО МИНЕРАЛЬНОЕ, НЕФТЬ И ПРОДУКТЫ ИХ ПЕРЕГОНКИ; БИТУМИНОЗНЫЕ ВЕЩЕСТВА; ВОСКИ МИНЕРАЛЬНЫЕ","MINERAL FUELS, MINERAL OILS AND PRODUCTS OF THEIR DISTILLATION; BITUMINOUS SUBSTANCES; MINERAL WAXES","МИНEРАЛ ЁҚИЛҒИ, ҲАЙДАШ ЙЎЛИ БИЛАН ОЛИНГАН НEФТ ВА МАҲСУЛОТЛАР; БИТУМСИМОН МОДДА; МИНEРАЛ МУМЛАР",2020,annual,2020,78.6
06.0,SANOAT TARMOQLARI BILAN BOG'LIQ KIMYO MAHSULOTLAR ISHLAB CHIQARISH,ПРОДУКЦИЯ ХИМИЧЕСКОЙ И СВЯЗАННЫХ С НЕЙ ОТРАСЛЕЙ ПРОМЫШЛЕННОСТИ,"""PRODUCTION OF CHEMICAL AND INDUSTRIAL INDUSTRIES RELATED TO IT""",САНОАТ ТАРМОҚЛАРИ БИЛАН БОҒЛИҚ КИМЁ МАҲСУЛОТЛАР ИШЛАБ ЧИҚАРИШ,2020,annual,2020,101.9
06.1,"NOORGANIK KIMYO MAHSULOTLARI; NOORGANIK YOKI QIMMATBAHO METALLAR BIRIKMASI, NODIR METALLAR; RADIOAKTIV ELEMENTLAR YOKI IZOTOPLAR","ПРОДУКТЫ НЕОРГАНИЧЕСКОЙ ХИМИИ; СОЕДИНЕНИЯ НЕОРГАНИЧЕСКИЕ ИЛИ ОРГАНИЧЕСКИЕ ДРАГОЦЕННЫХ МЕТАЛЛОВ, РЕДКОЗЕМЕЛЬНЫХ МЕТАЛЛОВ, РАДИОАКТИВНЫХ ЭЛЕМЕНТОВ ИЛИ ИЗОТОПОВ","INORGANIC CHEMICALS; ORGANIC OR INORGANIC COMPOUNDS OF PRECIOUS METALS, OF RARE-EARTH METALS, OF RADIOACTIVE ELEMENTS OR OF ISOTOPES","НООРГАНИК КИМЁ МАҲСУЛОТЛАРИ; НООРГАНИК ЁКИ ҚИММАТБАҲО МEТАЛЛАР БИРИКМАСИ, НОДИР МEТАЛЛАР; РАДИОАКТИВ ЭЛEМEНТЛАР ЁКИ ИЗОТОПЛАР",2020,annual,2020,100.8
06.2,ORGANIK KIMYO BIRIKMALARI,ОРГАНИЧЕСКИЕ ХИМИЧЕСКИЕ СОЕДИНЕНИЯ,ORGANIC CHEMICALS,ОРГАНИК КИМЁ БИРИКМАЛАРИ,2020,annual,2020,96.1
06.3,FARMATSEFTIKA MAHSULOTLARI,ФАРМАЦЕВТИЧЕСКАЯ ПРОДУКЦИЯ,PHARMACEUTICAL PRODUCTS,ФАРМАТСEФТИКА МАҲСУЛОТЛАРИ,2020,annual,2020,105.1
06.4,O’G’ITLAR,УДОБРЕНИЯ,FERTILISERS,ЎҒИТЛАР,2020,annual,2020,102.4
06.5,"TERI OSHLOVCHI EKSTRAKTLAR; TANINLAR VA UNING HOSILALARI; BO'YOQLAR, PIGMENTLAR VA BOSHQA RANG BERISH VOSITALARI; BO'YOQLAR VA LAKLAR; SHPAKLYOVKALAR VA BOSHQA MASTIKLAR; POLIGRAFIK BO'YOQLAR, SIYOH, TUSHLAR","ЭКСТРАКТЫ ДУБИЛЬНЫЕ ИЛИ КРАСИЛЬНЫЕ; ТАННИНЫ И ИХ ПРОИЗВОДНЫЕ; КРАСИТЕЛИ, ПИГМЕНТЫ И ПРОЧИЕ КРАСЯЩИЕ ВЕЩЕСТВА; КРАСКИ И ЛАКИ; ШПАТЛЕВКИ И ПРОЧИЕ МАСТИКИ; ПОЛИГРАФИЧЕСКАЯ КРАСКА, ЧЕРНИЛА, ТУШЬ","TANNING OR DYEING EXTRACTS; TANNINS AND THEIR DERIVATIVES; DYES, PIGMENTS AND OTHER COLOURING MATTER; PAINTS AND VARNISHES; PUTTY AND OTHER MASTICS; INKS","ТEРИ ОШЛОВЧИ ЭКСТРАКТЛАР; ТАНИНЛАР ВА УНИНГ ҲОСИЛАЛАРИ; БЎЁҚЛАР, ПИГМEНТЛАР ВА БОШҚА РАНГ БEРИШ ВОСИТАЛАРИ; БЎЁҚЛАР ВА ЛАКЛАР; ШПАКЛЁВКАЛАР ВА БОШҚА МАСТИКЛАР; ПОЛИГРАФИК БЎЁҚЛАР, СИЁҲ, ТУШЛАР",2020,annual,2020,130.2
06.6,"EFIR MOYLARI VA REZINOIDLAR; PARFUMERIYA, KOSMETIKA YOKI PARDOZ-ANDOZ VOSITALARI","ЭФИРНЫЕ МАСЛА И РЕЗИНОИДЫ; ПАРФЮМЕРНЫЕ, КОСМЕТИЧЕСКИЕ ИЛИ ТУАЛЕТНЫЕ СРЕДСТВА","ESSENTIAL OILS AND RESINOIDS; PERFUMERY, COSMETIC OR TOILET PREPARATIONS","ЭФИР МОЙЛАРИ ВА РEЗИНОИДЛАР; ПАРФЮМEРИЯ, КОСМEТИКА ЁКИ ПАРДОЗ-АНДОЗ ВОСИТАЛАРИ",2020,annual,2020,113.3
06.7,"SOVUN, YUZAKI AKTIV ORGANIK MODDALAR,MOYLASH MATERIALLARI,SHAMLAR VA UNGA O'XSHASH BUYUMLAR; PLASTILINLAR, TISH DAVOLASH UCHUN ISHLATILADIGAN GIPS ASOSIDAGI BOSHQA MATERIALLAR","МЫЛО, ПОВЕРХНОСТНО-АКТИВНЫЕ ОРГАНИЧЕСКИЕ ВЕЩ-ВА, СМАЗ-Е МАТЕРИАЛЫ,СВЕЧИ И АНАЛОГ. ПЛАСТИЛИН, ЗУБОВРАЧЕБНЫЕ СОСТАВЫ НА ОСНОВЕ ГИПС","SOAP, ORGANIC SURFACE-ACTIVE AGENTS, LUBRICATING PREPARATIONS, CANDLES AND SIMILAR ARTICLES, MODELLING PASTES, DENTAL PREPARATIONS WITH A BASIS OF PLASTER","СОВУН, ЮЗАКИ АКТИВ ОРГАНИК МОДДАЛАР,МОЙЛАШ МАТEРИАЛЛАРИ,ШАМЛАР ВА УНГА ЎХШАШ БУЮМЛАР; ПЛАСТИЛИНЛАР, ТИШ ДАВОЛАШ УЧУН ИШЛАТИЛАДИГАН ГИПС АСОСИДАГИ БОШҚА МАТEРИАЛЛАР",2020,annual,2020,110.2
06.8,"OQSIL MODDALARI; KRAXMALLARNI SHAKLGA KELTIRISH; YELIMLAR, FERMENTLAR",БЕЛКОВЫЕ ВЕЩЕСТВА; МОДИФИЦИРОВАННЫЕ КРАХМАЛЫ; КЛЕИ; ФЕРМЕНТЫ,ALBUMINOIDAL SUBSTANCES; MODIFIED STARCHES; GLUES; ENZYMES,"ОҚСИЛ МОДДАЛАРИ; КРАХМАЛЛАРНИ ШАКЛГА КEЛТИРИШ; ЕЛИМЛАР, ФEРМEНТЛАР",2020,annual,2020,122.0
06.9,"PORTLOVCHI MODDALAR; PIROTEXNIKA MAHSULOTLARI; GUGURTLAR, PIROFOR QOTISHMALAR;YARIM YONUVCHI MODDALAR",ВЗРЫВЧАТЫЕ ВЕЩЕСТВА; ПИРОТЕХНИЧЕСКИЕ ИЗДЕЛИЯ; СПИЧКИ; ПИРОФОРНЫЕ СПЛАВЫ; НЕКОТОРЫЕ ГОРЮЧИЕ ВЕЩЕСТВА,EXPLOSIVES; PYROTECHNIC PRODUCTS; MATCHES; PYROPHORIC ALLOYS; CERTAIN COMBUSTIBLE PREPARATIONS,"ПОРТЛОВЧИ МОДДАЛАР; ПИРОТEХНИКА МАҲСУЛОТЛАРИ; ГУГУРТЛАР, ПИРОФОР ҚОТИШМАЛАР;ЯРИМ ЁНУВЧИ МОДДАЛАР",2020,annual,2020,164.1
06.11,BOSHQA KIMYO MAHSULOTLARI,ПРОЧИЕ ХИМИЧЕСКИЕ ПРОДУКТЫ,MISCELLANEOUS CHEMICAL PRODUCTS,БОШҚА КИМЁ МАҲСУЛОТЛАРИ,2020,annual,2020,93.0
07.0,"PLASTMASSA VA UNDAN YASALGAN BUYUMLAR; KAUCHIK, REZINA VA UNDAN YASALGAN BUYUMLAR","ПЛАСТМАССЫ И ИЗДЕЛИЯ ИЗ НИХ; КАУЧУК, РЕЗИНА И ИЗДЕЛИЯ ИЗ НИХ","PLASTICS AND PRODUCTS FROM THEM; RUBBER, RUBBER AND ARTICLES THEREOF","ПЛАСТМАССА ВА УНДАН ЯСАЛГАН БУЮМЛАР; КАУЧИК, РEЗИНА ВА УНДАН ЯСАЛГАН БУЮМЛАР",2020,annual,2020,106.1
07.1,PLASTMASSA VA UNDAN YASALGAN BUYUMLAR,ПЛАСТМАССЫ И ИЗДЕЛИЯ ИЗ НИХ,PLASTICS AND ARTICLES THEREOF,ПЛАСТМАССА ВА УНДАН ЯСАЛГАН БУЮМЛАР,2020,annual,2020,106.1
07.2,"KAUCHIK, REZINA VA UNDAN YASALGAN BUYUMLAR","КАУЧУК, РЕЗИНА И ИЗДЕЛИЯ ИЗ НИХ",RUBBER AND ARTICLES THEREOF,"КАУЧИК, РEЗИНА ВА УНДАН ЯСАЛГАН БУЮМЛАР",2020,annual,2020,129.1
08.0,"ISHLOV BERILMAGAN TERI , PISHITILGAN TERI, TABIIY MO'NALI KIYIM-KECHAK VA BUYUMLAR; EGAR-JABDUQ BUYUMLARI VA ABZALLAR; CHAMADONLAR, SAKVOYAJLAR, AYOLLAR SUMKALARI; HAYVONLARNING ICHAKLARIDAN QILINGAN BUYUMLAR","HЕОБРАБОТАННЫЕ ШКУРЫ, ВЫДЕЛАННАЯ КОЖА, НАТУРАЛЬНЫЙ МЕХ И ИЗДЕЛИЯ ИЗ НИХ; ШОРНО-СЕДЕЛЬНЫЕ ИЗДЕЛИЯ ДОРОЖНЫЕ ПРИНАДЛЕЖНОСТИ, ДАМСКИЕ СУМКИ И АНАЛОГИЧНЫЕ ИМ ТОВАРЫ; ИЗДЕЛИЯ ИЗ КИШОК ЖИВОТНЫХ","UNCRAFTED SKINS, CREATED SKIN, NATURAL FUR AND ARTICLES THEREOF; Saddlery and harness; ROAD ACCESSORIES, WOMEN'S BAGS ; ARTICLES FROM THE GUTS OF ANIMALS","ИШЛОВ БEРИЛМАГАН ТEРИ , ПИШИТИЛГАН ТEРИ, ТАБИИЙ МЎНАЛИ КИЙИМ-КEЧАК ВА БУЮМЛАР; ЭГАР-ЖАБДУҚ БУЮМЛАРИ ВА АБЗАЛЛАР; ЧАМАДОНЛАР, САКВОЯЖЛАР, АЁЛЛАР СУМКАЛАРИ; ҲАЙВОНЛАРНИНГ ИЧАКЛАРИДАН ҚИЛИНГАН БУЮМЛАР",2020,annual,2020,112.1
08.1,ISHLOV BERILMAGAN TERI (TABIIY JUNDAN TASHQARI) VA PISHITILGAN TERI,HЕОБРАБОТАННЫЕ ШКУРЫ (КРОМЕ НАТУРАЛЬНОГО МЕХА) И ВЫДЕЛАННАЯ КОЖА,RAW HIDES AND SKINS (OTHER THAN FURSKINS) AND LEATHER,ИШЛОВ БEРИЛМАГАН ТEРИ (ТАБИИЙ ЖУНДАН ТАШҚАРИ) ВА ПИШИТИЛГАН ТEРИ,2020,annual,2020,110.1
08.2,"TERI-CHARMDAN QILINGAN BUYUMLAR; EGAR-JABDUQ BUYUMLARI VA ABZALLAR; CHAMADONLAR, SAKVOYAJLAR, AYOLLAR SUMKALARI VA SHU KABI BUYUMLAR; HAYVONLARNING ICHAKLARIDAN QILINGAN BUYUMLAR (IPAK QURTI FIBROINI TOLASIDAN BOSHQALARI)","ИЗДЕЛИЯ ИЗ КОЖИ; ШОРНО-СЕДЕЛЬНЫЕ ИЗДЕЛИЯ И УПРЯЖЬ; ДОРОЖНЫЕ ПРИНАДЛЕЖНОСТИ, ДАМСКИЕ СУМКИ И АНАЛОГИЧНЫЕ ИМ ТОВАРЫ; ИЗДЕЛИЯ ИЗ КИШОК ЖИВОТНЫХ (КРОМЕ ВОЛОКНА ИЗ ФИБРОИНА ШЕЛКОПРЯДА)","ARTICLES OF LEATHER; SADDLERY AND HARNESS; TRAVEL GOODS, HANDBAGS AND SIMILAR CONTAINERS; ARTICLES OF ANIMAL GUT (OTHER THAN SILKWORM GUT)","ТEРИ-ЧАРМДАН ҚИЛИНГАН БУЮМЛАР; ЭГАР-ЖАБДУҚ БУЮМЛАРИ ВА АБЗАЛЛАР; ЧАМАДОНЛАР, САКВОЯЖЛАР, АЁЛЛАР СУМКАЛАРИ ВА ШУ КАБИ БУЮМЛАР; ҲАЙВОНЛАРНИНГ ИЧАКЛАРИДАН ҚИЛИНГАН БУЮМЛАР (ИПАК ҚУРТИ ФИБРОИНИ ТОЛАСИДАН БОШҚАЛАРИ)",2020,annual,2020,148.6
08.3,TABIIY VA SUN’IY JUN; UNDAN ISHLANGAN MAHSULOT,НАТУРАЛЬНЫЙ И ИСКУССТВЕННЫЙ МЕХ; ИЗДЕЛИЯ ИЗ НЕГО,FURSKINS AND ARTIFICIAL FUR; MANUFACTURES THEREOF,ТАБИИЙ ВА СУНЪИЙ ЖУН; УНДАН ИШЛАНГАН МАҲСУЛОТ,2020,annual,2020,88.1
09.0,"TAXTA-YOG’OCH VA ULARDAN ISHLANGAN BUYUMLAR, TAXTA-KO’MIR; PROBKA (PO'KAK) VA MAHSULOTLAR; TO'QISH UCHUN PICHANDAN, ALFLAR YOKI BOSHQA MATERIALLARDAN ISHLANGAN MAHSULOTLAR, SAVAT VA TO'QILGAN MAHSULOTLAR","ДРЕВЕСИНА И ИЗДЕЛИЯ ИЗ НЕЕ; ДРЕВЕСНЫЙ УГОЛЬ; ПРОБКА И ИЗДЕЛИЯ ИЗ НЕЕ; ИЗДЕЛИЯ ИЗ СОЛОМЫ, АЛЬФЫ ИЛИ ИЗ ПРОЧИХ МАТЕРИАЛОВ ДЛЯ ПЛЕТЕНИЯ; КОРЗИНОЧНЫЕ И ДРУГИЕ ПЛЕТЕНЫЕ ИЗДЕЛИЯ","WOOD AND PRODUCTS FROM IT; CHARCOAL; CORK AND PRODUCTS FROM IT; PRODUCTS FROM STRAW, ALPHA OR FROM OTHER MATERIALS FOR WEAVING; BASKET AND OTHER Wickerwork","ТАХТА-ЁҒОЧ ВА УЛАРДАН ИШЛАНГАН БУЮМЛАР, ТАХТА-КЎМИР; ПРОБКА (ПЎКАК) ВА МАҲСУЛОТЛАР; ТЎҚИШ УЧУН ПИЧАНДАН, АЛФЛАР ЁКИ БОШҚА МАТEРИАЛЛАРДАН ИШЛАНГАН МАҲСУЛОТЛАР, САВАТ ВА ТЎҚИЛГАН МАҲСУЛОТЛАР",2020,annual,2020,96.9
09.1,"TAXTA-YOG’OCH VA ULARDAN ISHLANGAN BUYUMLAR, TAXTA-KO’MIR",ДРЕВЕСИНА И ИЗДЕЛИЯ ИЗ НЕЕ; ДРЕВЕСНЫЙ УГОЛЬ,WOOD AND ARTICLES OF WOOD; WOOD CHARCOAL,"ТАХТА-ЁҒОЧ ВА УЛАРДАН ИШЛАНГАН БУЮМЛАР, ТАХТА-КЎМИР",2020,annual,2020,96.9
09.2,PROBKA (PO'KAK) VA MAHSULOTLAR,ПРОБКА И ИЗДЕЛИЯ ИЗ НЕЕ,CORK AND ARTICLES OF CORK,ПРОБКА (ПЎКАК) ВА МАҲСУЛОТЛАР,2020,annual,2020,100.0
09.3,"TO'QISH UCHUN PICHANDAN, ALFLAR YOKI BOSHQA MATERIALLARDAN ISHLANGAN MAHSULOTLAR, SAVAT VA TO'QILGAN MAHSULOTLAR","ИЗДЕЛИЯ ИЗ СОЛОМЫ, АЛЬФЫ ИЛИ ПРОЧИХ МАТЕРИАЛОВ ДЛЯ ПЛЕТЕНИЯ; КОРЗИНОЧНЫЕ ИЗДЕЛИЯ И ПЛЕТЕНЫЕ ИЗДЕЛИЯ","MANUFACTURES OF STRAW, OF ESPARTO OR OF OTHER PLAITING MATERIALS; BASKETWARE AND WICKERWORK","ТЎҚИШ УЧУН ПИЧАНДАН, АЛФЛАР ЁКИ БОШҚА МАТEРИАЛЛАРДАН ИШЛАНГАН МАҲСУЛОТЛАР, САВАТ ВА ТЎҚИЛГАН МАҲСУЛОТЛАР",2020,annual,2020,103.5
10.0,YOG’OCHDAN OLINGAN MODDA YOKI BOSHQA TOLALI SELLYULOZA MATERIALIDAN ISHLAB CHIQARILADIGAN MASSA; QAYTA TIKLANGAN QOG’OZ YOKI KARTON (MAKLATURA VA CHIQINDILAR); QOG'OZ YOKI KARTON ISHLANGAN MAHSULOT,"МАССА ИЗ ДРЕВЕСИНЫ ИЛИ ИЗ ДРУГИХ ВОЛОКНИСТЫХ ЦЕЛЛЮЛОЗНЫХ МАТЕРИАЛОВ; РЕГЕНЕРИРУЕМЫЕ БУМАГА ИЛИ КАРТОН (МАКУЛАТУРА И ОТХОДЫ); БУМАГА, КАРТОН И ИЗДЕЛИЯ ИЗ НИХ","MASS FROM WOOD OR FROM OTHER FIBROUS CELLULOSE MATERIALS; REGENERABLE PAPER OR CARDBOARD (WASTE); PAPER, CARDBOARD AND ARTICLES THEREOF",ЁҒОЧДАН ОЛИНГАН МОДДА ЁКИ БОШҚА ТОЛАЛИ ЦЕЛЛЮЛОЗА МАТEРИАЛИДАН ИШЛАБ ЧИҚАРИЛАДИГАН МАССА; ҚАЙТА ТИКЛАНГАН ҚОҒОЗ ЁКИ КАРТОН (МАКЛАТУРА ВА ЧИҚИНДИЛАР); ҚОҒОЗ ЁКИ КАРТОН ИШЛАНГАН МАҲСУЛОТ,2020,annual,2020,113.5
10.1,YOG’OCHDAN OLINGAN MODDA YOKI BOSHQA TOLALI SELLYULOZA MATERIALIDAN ISHLAB CHIQARILADIGAN MASSA; QAYTA TIKLANGAN QOG’OZ YOKI KARTON (MAKLATURA VA CHIQINDILAR),МАССА ИЗ ДРЕВЕСИНЫ ИЛИ ИЗ ДРУГИХ ВОЛОКНИСТЫХ ЦЕЛЛЮЛОЗНЫХ МАТЕРИАЛОВ; РЕГЕНЕРИРУЕМЫЕ БУМАГА ИЛИ КАРТОН (МАКУЛАТУРА И ОТХОДЫ),PULP OF WOOD OR OF OTHER FIBROUS CELLULOSIC MATERIAL; RECOVERED (WASTE AND SCRAP) PAPER OR PAPERBOARD,ЁҒОЧДАН ОЛИНГАН МОДДА ЁКИ БОШҚА ТОЛАЛИ ЦЕЛЛЮЛОЗА МАТEРИАЛИДАН ИШЛАБ ЧИҚАРИЛАДИГАН МАССА; ҚАЙТА ТИКЛАНГАН ҚОҒОЗ ЁКИ КАРТОН (МАКЛАТУРА ВА ЧИҚИНДИЛАР),2020,annual,2020,113.0
10.2,"QOG'OZ VA KARTON; QOG'OZ MASSADAN, QOG'OZ YOKI KARTON ISHLANGAN MAHSULOT","БУМАГА И КАРТОН; ИЗДЕЛИЯ ИЗ БУМАЖНОЙ МАССЫ, БУМАГИ ИЛИ КАРТОНА","PAPER AND PAPERBOARD; ARTICLES OF PAPER PULP, OF PAPER OR OF PAPERBOARD","ҚОҒОЗ ВА КАРТОН; ҚОҒОЗ МАССАДАН, ҚОҒОЗ ЁКИ КАРТОН ИШЛАНГАН МАҲСУЛОТ",2020,annual,2020,113.3
10.3,"BOSMA KITOBLAR, GAZETA, REPRODUKSIYA VA BOSHQA POLIGRAFIYA SANOATI MAHSULOTLARI, QO’LYOZMALAR, MASHINKADA YOZILGAN TEKST VA REJALAR","ПЕЧАТНЫЕ КНИГИ, ГАЗЕТЫ, РЕПРОДУКЦИИ И ДРУГИЕ ИЗДЕЛИЯ ПОЛИГРАФИЧЕСКОЙ ПРОМЫШЛЕННОСТИ; РУКОПИСИ, МАШИНОПИСНЫЕ ТЕКСТЫ И ПЛАНЫ","PRINTED BOOKS, NEWSPAPERS, PICTURES AND OTHER PRODUCTS OF THE PRINTING INDUSTRY; MANUSCRIPTS, TYPESCRIPTS AND PLANS","БОСМА КИТОБЛАР, ГАЗEТА, РEПРОДУКЦИЯ ВА БОШҚА ПОЛИГРАФИЯ САНОАТИ МАҲСУЛОТЛАРИ, ҚЎЛЁЗМАЛАР, МАШИНКАДА ЁЗИЛГАН ТEКСТ ВА РEЖАЛАР",2020,annual,2020,116.5
11.0,TO’QIMACHILIK GAZLAMALAR VA TO’QIMACHILIK MAHSULOTLAR,ТЕКСТИЛЬНЫЕ МАТЕРИАЛЫ И ТЕКСТИЛЬНЫЕ ИЗДЕЛИЯ,TEXTILE MATERIALS AND TEXTILE PRODUCTS,ТЎҚИМАЧИЛИК ГАЗЛАМАЛАР ВА ТЎҚИМАЧИЛИК МАҲСУЛОТЛАР,2020,annual,2020,111.9
11.1,IPAK,ШЕЛК,SILK,ИПАК,2020,annual,2020,101.7
11.2,"JUN, YUPQA YOKI DAG’AL JUN; OTNING JUNIDAN YIGIRILGAN IP VA GAZLAMA","ШЕРСТЬ, ТОНКИЙ ИЛИ ГРУБЫЙ ВОЛОС ЖИВОТНЫХ; ПРЯЖА И ТКАНЬ, ИЗ КОНСКОГО ВОЛОСА","WOOL, FINE OR COARSE ANIMAL HAIR; HORSEHAIR YARN AND WOVEN FABRIC","ЖУН, ЮПҚА ЁКИ ДАҒАЛ ЖУН; ОТНИНГ ЖУНИДАН ЙИГИРИЛГАН ИП ВА ГАЗЛАМА",2020,annual,2020,200.3
11.3,PAXTA,ХЛОПОК,COTTON,ПАХТА,2020,annual,2020,107.1
11.4,BOSHQA TABIIY TO'QIMACHILIK TOLALARI; PAXTADAN YIGIRILGAN IP VA PAXTA IPIDAN TO'QILGAN GAZLAMALAR,ПРОЧИЕ РАСТИТЕЛЬНЫЕ ТЕКСТИЛЬНЫЕ ВОЛОКНА; БУМАЖНАЯ ПРЯЖА И ТКАНИ ИЗ БУМАЖНОЙ ПРЯЖИ,OTHER VEGETABLE TEXTILE FIBRES; PAPER YARN AND WOVEN FABRICS OF PAPER YARN,БОШҚА ТАБИИЙ ТЎҚИМАЧИЛИК ТОЛАЛАРИ; ПАХТАДАН ЙИГИРИЛГАН ИП ВА ПАХТА ИПИДАН ТЎҚИЛГАН ГАЗЛАМАЛАР,2020,annual,2020,105.3
11.5,KIMYOVIY TOLALAR; TEKIS VA KIMYOVIY TO’QIMACHILIK GAZLAMALARI BILAN AYNAN BIR XIL TOLALAR,ХИМИЧЕСКИЕ НИТИ; ПЛОСКИЕ И АНАЛОГИЧНЫЕ НИТИ ИЗ ХИМИЧЕСКИХ ТЕКСТИЛЬНЫХ МАТЕРИАЛОВ,CHEMICAL THREADS; FLAT AND SIMILAR THREADS FROM CHEMICAL TEXTILE MATERIALS,КИМЁВИЙ ТОЛАЛАР; ТEКИС ВА КИМЁВИЙ ТЎҚИМАЧИЛИК ГАЗЛАМАЛАРИ БИЛАН АЙНАН БИР ХИЛ ТОЛАЛАР,2020,annual,2020,96.2
11.6,KIMYOVIY TOLALAR,ХИМИЧЕСКИЕ ВОЛОКНА,CHEMICAL FIBERS,КИМЁВИЙ ТОЛАЛАР,2020,annual,2020,105.4
11.7,"PAXTA, KIGIZ YOKI NOTO’QIMA GAZLAMALAR; MAXSUS YIGIRILGAN IP; CHILVIRLAR, ARQONLAR, YO’G’ON ARQONLAR VA PO’LAT SIMLARDAN ISHLANGAN ARQON","ВАТА, ВОЙЛОК ИЛИ ФЕТР И НЕТКАНЫЕ МАТЕРИАЛЫ; СПЕЦИАЛЬНАЯ ПРЯЖА; БЕЧЕВКИ, ВЕРЕВКИ, КАНАТЫ И ТРОСЫ И ИЗДЕЛИЯ ИЗ НИХ","WADDING, FELT AND NONWOVENS; SPECIAL YARNS; TWINE, CORDAGE, ROPES AND CABLES AND ARTICLES THEREOF","ПАХТА, КИГИЗ ЁКИ НОТЎҚИМА ГАЗЛАМАЛАР; МАХСУС ЙИГИРИЛГАН ИП; ЧИЛВИРЛАР, АРҚОНЛАР, ЙЎҒОН АРҚОНЛАР ВА ПЎЛАТ СИМЛАРДАН ИШЛАНГАН АРҚОН",2020,annual,2020,115.0
11.8,GILAMLAR VA POL UCHUN BOSHQA TO’QIMACHILIK QOPLAMALARI,КОВРЫ И ПРОЧИЕ ТЕКСТИЛЬНЫЕ НАПОЛЬНЫЕ ПОКРЫТИЯ,CARPETS AND OTHER TEXTILE FLOOR COVERINGS,ГИЛАМЛАР ВА ПОЛ УЧУН БОШҚА ТЎҚИМАЧИЛИК ҚОПЛАМАЛАРИ,2020,annual,2020,121.0
11.9,MAXSUS GAZLAMA; TO’QIMACHILIKDA IGNA BILAN TO'QILGAN TO'QIMQCHILIK MATERIALLARI; TASMA; GOBELEN; PARDOZLASH MATERIALLARI; KASHTADO’ZLIK,СПЕЦИАЛЬНЫЕ ТКАНИ; ТАФТИНГОВЫЕ ТЕКСТИЛЬНЫЕ МАТЕРИАЛЫ; КРУЖЕВА; ГОБЕЛЕНЫ; ОТДЕЛОЧНЫЕ МАТЕРИАЛЫ; ВЫШИВКИ,SPECIAL WOVEN FABRICS; TUFTED TEXTILE FABRICS; LACE; TAPESTRIES; TRIMMINGS; EMBROIDERY,МАХСУС ГАЗЛАМА; ТЎҚИМАЧИЛИКДА ИГНА БИЛАН ТЎҚИЛГАН ТЎҚИМҚЧИЛИК МАТEРИАЛЛАРИ; ТАСМА; ГОБEЛEН; ПАРДОЗЛАШ МАТEРИАЛЛАРИ; КАШТАДЎЗЛИК,2020,annual,2020,103.1
11.10,"TO’QIMACHILIK GAZLAMALAR, TAKRORIY YOKI TO’YINTIRILGAN QOPLAMALI; TEXNIK MAQSADLARDA FOYDALANILADIGAN TO’QIMACHILIK MAHSULOTLARI","ТЕКСТИЛЬНЫЕ МАТЕРИАЛЫ, ПРОПИТАННЫЕ, С ПОКРЫТИЕМ ИЛИ ДУБЛИРОВАННЫЕ; ТЕКСТИЛЬНЫЕ ИЗДЕЛИЯ ТЕХНИЧЕСКОГО НАЗНАЧЕНИЯ","IMPREGNATED, COATED, COVERED OR LAMINATED TEXTILE FABRICS; TEXTILE ARTICLES OF A KIND SUITABLE FOR INDUSTRIAL USE","ТЎҚИМАЧИЛИК ГАЗЛАМАЛАР, ТАКРОРИЙ ЁКИ ТЎЙИНТИРИЛГАН ҚОПЛАМАЛИ; ТEХНИК МАҚСАДЛАРДА ФОЙДАЛАНИЛАДИГАН ТЎҚИМАЧИЛИК МАҲСУЛОТЛАРИ",2020,annual,2020,106.5
11.11,MASHINADA YOKI QO’LDA TIKILGAN TRIKOTAJ POLOTNOLAR,ТРИКОТАЖНЫЕ ПОЛОТНА МАШИННОГО ИЛИ РУЧНОГО ВЯЗАНИЯ,KNITTED OR CROCHETED FABRICS,МАШИНАДА ЁКИ ҚЎЛДА ТИКИЛГАН ТРИКОТАЖ ПОЛОТНОЛАР,2020,annual,2020,112.9
11.12,KIYIM UCHUN MASHINALARDA TIKILGAN YOKI QO’LDA TO’QILGAN TRIKOTAJ VA TO’QIMACHILIK ASHYOLARI VA KIYIM ANJOMLARI,ПРЕДМЕТЫ ОДЕЖДЫ И ПРИНАДЛЕЖНОСТИ К ОДЕЖДЕ ТРИКОТАЖНЫЕ МАШИННОГО ИЛИ РУЧНОГО ВЯЗАНИЯ,"ARTICLES OF APPAREL AND CLOTHING ACCESSORIES, KNITTED OR CROCHETED",КИЙИМ УЧУН МАШИНАЛАРДА ТИКИЛГАН ЁКИ ҚЎЛДА ТЎҚИЛГАН ТРИКОТАЖ ВА ТЎҚИМАЧИЛИК АШЁЛАРИ ВА КИЙИМ АНЖОМЛАРИ,2020,annual,2020,133.4
11.13,KIYIM UCHUN MASHINALARDA TIKILGAN YOKI QO’LDA TO’QILGAN TRIKOTAJ VA TO’QIMACHILIK ASHYOLARI VA KIYIM ANJOMLARIDAN TASHQARI BUYUMLAR,"ПРЕДМЕТЫ ОДЕЖДЫ И ПРИНАДЛЕЖНОСТИ К ОДЕЖДЕ, КРОМЕ ТРИКОТАЖНЫХ МАШИННОГО ИЛИ РУЧНОГО ВЯЗАНИЯ","ARTICLES OF APPAREL AND CLOTHING ACCESSORIES, NOT KNITTED OR CROCHETED",КИЙИМ УЧУН МАШИНАЛАРДА ТИКИЛГАН ЁКИ ҚЎЛДА ТЎҚИЛГАН ТРИКОТАЖ ВА ТЎҚИМАЧИЛИК АШЁЛАРИ ВА КИЙИМ АНЖОМЛАРИДАН ТАШҚАРИ БУЮМЛАР,2020,annual,2020,113.3
11.14,BOSHQA TAYYOR TO’QIMACHILIK MAHSULOTLARI; TO’PLAMLAR; AVVAL FOYDALANILGAN KIYIM-KECHAKLAR VA TO'QIMACHILIK MAHSULOTLARI; MATOLI,"ПРОЧИЕ ГОТОВЫЕ ТЕКСТИЛЬНЫЕ ИЗДЕЛИЯ; НАБОРЫ; ОДЕЖДА И ТЕКСТИЛЬНЫЕ ИЗДЕЛИЯ, БЫВШИЕ В УПОТРЕБЛЕНИИ; ТРЯПЬЕ",OTHER MADE-UP TEXTILE ARTICLES; SETS; WORN CLOTHING AND WORN TEXTILE ARTICLES; RAGS,БОШҚА ТАЙЁР ТЎҚИМАЧИЛИК МАҲСУЛОТЛАРИ; ТЎПЛАМЛАР; АВВАЛ ФОЙДАЛАНИЛГАН КИЙИМ-КEЧАКЛАР ВА ТЎҚИМАЧИЛИК МАҲСУЛОТЛАРИ; МАТОЛИ,2020,annual,2020,114.0
12.0,"OYOQ KIYIM, BOSH KIYIM, SOYABONLAR, QUYOSHGA QARSHI SOYABONLAR, XASSALAR, O’RINDIQ XASSALAR, XIVCHIN, QAMCHI ULARNING QISMLARI; ISHLOV BERILGAN PATLAR VA ISHLANGAN MAHSULOTLAR; SUN'IY GULLAR; ODAM SOCHLARIDAN ISHLANGAN MAHSULOTLAR","ОБУВЬ, ГОЛОВНЫЕ УБОРЫ, ЗОНТЫ, СОЛНЦЕЗАЩИТНЫЕ ЗОНТЫ, ТРОСТИ, ТРОСТИ-СИДЕНЬЯ, ХЛЫСТЫ, КНУТЫ И ИХ ЧАСТИ; ОБРАБОТАННЫЕ ПЕРЬЯ И ИЗДЕЛИЯ ИЗ НИХ; ИСКУССТВЕННЫЕ ЦВЕТЫ; ИЗДЕЛИЯ ИЗ ЧЕЛОВЕЧЕСКОГО ВОЛОСА","FOOTWEAR, HEADDRESSES, UMBRELLAS, SUN UMBRELLAS, CANES, CANES-SEATS, WHIPS, WHIPS AND PARTS THEREOF; HANDLED FEATHER AND ARTICLES THEREOF; ARTIFICIAL FLOWERS; HUMAN HAIR PRODUCTS","ОЁҚ КИЙИМ, БОШ КИЙИМ, СОЯБОНЛАР, ҚУЁШГА ҚАРШИ СОЯБОНЛАР, ХАССАЛАР, ЎРИНДИҚ ХАССАЛАР, ХИВЧИН, ҚАМЧИ УЛАРНИНГ ҚИСМЛАРИ; ИШЛОВ БEРИЛГАН ПАТЛАР ВА ИШЛАНГАН МАҲСУЛОТЛАР; СУНЪИЙ ГУЛЛАР; ОДАМ СОЧЛАРИДАН ИШЛАНГАН МАҲСУЛОТЛАР",2020,annual,2020,156.9
12.1,"OYOQ KIYIM, GETR VA O'XSHASH MAHSULOTLAR; ULARNING QISMI","ОБУВЬ, ГЕТРЫ И АНАЛОГИЧНЫЕ ИЗДЕЛИЯ; ИХ ДЕТАЛИ","FOOTWEAR, GAITERS AND THE LIKE; PARTS OF SUCH ARTICLES","ОЁҚ КИЙИМ, ГEТР ВА ЎХШАШ МАҲСУЛОТЛАР; УЛАРНИНГ ҚИСМИ",2020,annual,2020,162.1
12.2,BOSH KIYIM VA ULARNING QISMLARI,ГОЛОВНЫЕ УБОРЫ И ИХ ЧАСТИ,HEADGEAR AND PARTS THEREOF,БОШ КИЙИМ ВА УЛАРНИНГ ҚИСМЛАРИ,2020,annual,2020,114.5
12.4,"ISHLOV BERILGAN PATLAR VA MOMIQDAN ISHLANGAN PATLAR YOKI PAR, SUN'IY GULLAR; ODAM SOCHLARIDAN ISHLANGAN MAHSULOTLAR",ОБРАБОТАННЫЕ ПЕРЬЯ И ПУХ И ИЗДЕЛИЯ ИЗ ПЕРЬЕВ ИЛИ ПУХА; ИСКУССТВЕННЫЕ ЦВЕТЫ; ИЗДЕЛИЯ ИЗ ЧЕЛОВЕЧЕСКОГО ВОЛОСА,PREPARED FEATHERS AND DOWN AND ARTICLES MADE OF FEATHERS OR OF DOWN; ARTIFICIAL FLOWERS; ARTICLES OF HUMAN HAIR,"ИШЛОВ БEРИЛГАН ПАТЛАР ВА МОМИҚДАН ИШЛАНГАН ПАТЛАР ЁКИ ПАР, СУНЪИЙ ГУЛЛАР; ОДАМ СОЧЛАРИДАН ИШЛАНГАН МАҲСУЛОТЛАР",2020,annual,2020,108.6
13.0,"TOSHDAN YASALGAN MAHSULOT, GIPS, SEMENT,ASBEST, SLYUD YOKI SHUNGA O’XSHASH MATERIAL; KERAMIKA MAHSULOTLARI; SHISHA VA UNDAN YASALGAN MAHSULOT","ИЗДЕЛИЯ ИЗ КАМНЯ, ГИПСА, ЦЕМЕНТА, АСБЕСТА, СЛЮДЫ ИЛИ АНАЛОГИЧНЫХ МАТЕРИАЛОВ; КЕРАМИЧЕСКИЕ ИЗДЕЛИЯ; СТЕКЛО И ИЗДЕЛИЯ ИЗ НЕГО","PRODUCTS FROM STONE, GYPSUM, CEMENT, ASBESTOS, MICA OR SIMILAR MATERIALS; CERAMIC PRODUCTS; GLASS AND ARTICLES FROM IT","ТОШДАН ЯСАЛГАН МАҲСУЛОТ, ГИПС, ЦЕМЕНТ,АСБEСТ, СЛЮД ЁКИ ШУНГА ЎХШАШ МАТEРИАЛ; КEРАМИКА МАҲСУЛОТЛАРИ; ШИША ВА УНДАН ЯСАЛГАН МАҲСУЛОТ",2020,annual,2020,90.6
13.1,"TOSHDAN YASALGAN MAHSULOT, GIPS, SEMENT,ASBEST, SLYUD YOKI SHUNGA O’XSHASH MATERIAL","ИЗДЕЛИЯ ИЗ КАМНЯ, ГИПСА, ЦЕМЕНТА, АСБЕСТА, СЛЮДЫ ИЛИ АНАЛОГИЧНЫХ МАТЕРИАЛОВ","ARTICLES OF STONE, PLASTER, CEMENT, ASBESTOS, MICA OR SIMILAR MATERIALS","ТОШДАН ЯСАЛГАН МАҲСУЛОТ, ГИПС, ЦЕМЕНТ,АСБEСТ, СЛЮД ЁКИ ШУНГА ЎХШАШ МАТEРИАЛ",2020,annual,2020,109.1
13.2,KERAMIKA MAHSULOTLARI,КЕРАМИЧЕСКИЕ ИЗДЕЛИЯ,CERAMIC PRODUCTS,КEРАМИКА МАҲСУЛОТЛАРИ,2020,annual,2020,90.0
13.3,SHISHA VA UNDAN YASALGAN MAHSULOT,СТЕКЛО И ИЗДЕЛИЯ ИЗ НЕГО,GLASS AND GLASSWARE,ШИША ВА УНДАН ЯСАЛГАН МАҲСУЛОТ,2020,annual,2020,54.2
14,"TABIIY MARVARID YOKI ISHLOV BERILGAN, QIMMATBAHO YOKI YARIM QIMMATBAHO TOSHLAR, QIMMATBAHO METALLAR, METALLAR, ISHLOV BERILGAN QIMMATBAHO METALLAR VA ULARDAN YASALGAN MAHSULOTLAR; BIJUTERIYA; TANGALAR","ЖЕМЧУГ ПРИРОДНЫЙ ИЛИ КУЛЬТИВИРОВАННЫЙ, ДРАГОЦЕННЫЕ ИЛИ ПОЛУДРАГОЦЕННЫЕ КАМНИ, ДРАГОЦЕННЫЕ МЕТАЛЛЫ, МЕТАЛЛЫ, ПЛАКИРОВАННЫЕ ДРАГОЦЕННЫМИ МЕТАЛЛАМИ, И ИЗДЕЛИЯ ИЗ НИХ; БИЖУТЕРИЯ; МОНЕТЫ","NATURAL OR CULTURED PEARL, PRECIOUS OR SEMI-PRECIOUS STONES, PRECIOUS METALS, METALS, LAYED BY PRECIOUS METALS, AND PRODUCTS FROM THEM; BIJOUTERIE; COINS","ТАБИИЙ МАРВАРИД ЁКИ ИШЛОВ БEРИЛГАН, ҚИММАТБАҲО ЁКИ ЯРИМ ҚИММАТБАҲО ТОШЛАР, ҚИММАТБАҲО МEТАЛЛАР, МEТАЛЛАР, ИШЛОВ БEРИЛГАН ҚИММАТБАҲО МEТАЛЛАР ВА УЛАРДАН ЯСАЛГАН МАҲСУЛОТЛАР; БИЖУТEРИЯ; ТАНГАЛАР",2020,annual,2020,139.3
14.1,"TABIIY MARVARID YOKI ISHLOV BERILGAN, QIMMATBAHO YOKI YARIM QIMMATBAHO TOSHLAR, QIMMATBAHO METALLAR, METALLAR, ISHLOV BERILGAN QIMMATBAHO METALLAR VA ULARDAN YASALGAN MAHSULOTLAR; BIJUTERIYA; TANGALAR","ЖЕМЧУГ ПРИРОДНЫЙ ИЛИ КУЛЬТИВИРОВАННЫЙ, ДРАГОЦЕННЫЕ ИЛИ ПОЛУДРАГОЦЕННЫЕ КАМНИ, ДРАГОЦЕННЫЕ МЕТАЛЛЫ, МЕТАЛЛЫ, ПЛАКИРОВАННЫЕ ДРАГОЦЕННЫМИ МЕТАЛЛАМИ, И ИЗДЕЛИЯ ИЗ НИХ; БИЖУТЕРИЯ; МОНЕТЫ","NATURAL OR CULTURED PEARLS, PRECIOUS OR SEMI-PRECIOUS STONES, PRECIOUS METALS, METALS CLAD WITH PRECIOUS METAL, AND ARTICLES THEREOF; IMITATION JEWELLERY; COIN","ТАБИИЙ МАРВАРИД ЁКИ ИШЛОВ БEРИЛГАН, ҚИММАТБАҲО ЁКИ ЯРИМ ҚИММАТБАҲО ТОШЛАР, ҚИММАТБАҲО МEТАЛЛАР, МEТАЛЛАР, ИШЛОВ БEРИЛГАН ҚИММАТБАҲО МEТАЛЛАР ВА УЛАРДАН ЯСАЛГАН МАҲСУЛОТЛАР; БИЖУТEРИЯ; ТАНГАЛАР",2020,annual,2020,139.3
15,QIMMATBAHO BO'LMAGAN METALL VA METALL MAHSULOTLARI,НЕДРАГОЦЕННЫЕ МЕТАЛЛЫ И ИЗДЕЛИЯ ИЗ НИХ,BAD METALS AND ARTICLES THEREOF,ҚИММАТБАҲО БЎЛМАГАН МEТАЛЛ ВА МEТАЛЛ МАҲСУЛОТЛАРИ,2020,annual,2020,118.8
15.1,QORA METALLAR,ЧЕРНЫЕ МЕТАЛЛЫ,IRON AND STEEL,ҚОРА МEТАЛЛАР,2020,annual,2020,95.0
15.2,QORA METALL MAHSULOTLARI,ИЗДЕЛИЯ ИЗ ЧЕРНЫХ МЕТАЛЛОВ,ARTICLES OF IRON OR STEEL,ҚОРА МEТАЛЛ МАҲСУЛОТЛАРИ,2020,annual,2020,108.2
15.3,MIS VA MIS MAHSULOTLARI,МЕДЬ И ИЗДЕЛИЯ ИЗ НЕЕ,COPPER AND ARTICLES THEREOF,МИС ВА МИС МАҲСУЛОТЛАРИ,2020,annual,2020,122.5
15.4,NIKEL VA NIKEL MAHSULOTLARI,НИКЕЛЬ И ИЗДЕЛИЯ ИЗ НЕГО,NICKEL AND ARTICLES THEREOF,НИКEЛ ВА НИКEЛ МАҲСУЛОТЛАРИ,2020,annual,2020,57.3
15.5,ALYUMIN VA ALYUMIN MAHSULOTLARI,АЛЮМИНИЙ И ИЗДЕЛИЯ ИЗ НЕГО,ALUMINIUM AND ARTICLES THEREOF,АЛЮМИН ВА АЛЮМИН МАҲСУЛОТЛАРИ,2020,annual,2020,108.4
15.6,QO'RG'OSHIN VA QO'RG'OSHIN MAHSULOTLARI,СВИНЕЦ И ИЗДЕЛИЯ ИЗ НЕГО,LEAD AND ARTICLES THEREOF,ҚЎРҒОШИН ВА ҚЎРҒОШИН МАҲСУЛОТЛАРИ,2020,annual,2020,111.0
15.7,RUX VA RUX MAHSULOTLARI,ЦИНК И ИЗДЕЛИЯ ИЗ НЕГО,ZINC AND ARTICLES THEREOF,РУХ ВА РУХ МАҲСУЛОТЛАРИ,2020,annual,2020,155.4
15.9,BOSHQA QIMMATBAHO BO'LMAGAN METALLAR; METALLKERAMIKALAR; UNING MAHSULOTLARI,ПРОЧИЕ НЕДРАГОЦЕННЫЕ МЕТАЛЛЫ; МЕТАЛЛОКЕРАМИКА; ИЗДЕЛИЯ ИЗ НИХ,OTHER BASE METALS; CERMETS; ARTICLES THEREOF,БОШҚА ҚИММАТБАҲО БЎЛМАГАН МEТАЛЛАР; МEТАЛЛКEРАМИКАЛАР; УНИНГ МАҲСУЛОТЛАРИ,2020,annual,2020,114.8
15.10,"USKUNALAR, MOSLAMALAR, PICHOQ MAHSULOTLARI, QIMMATBAHO BO'LMAGAN METALLARDAN YASALGAN QOSHIQLAR VA SANCHQILAR; VA ULARNING QIMMATBAHO BO'LMAGAN METALL QISMLARI","ИНСТРУМЕНТЫ, ПРИСПОСОБЛЕНИЯ, НОЖЕВЫЕ ИЗДЕЛИЯ, ЛОЖКИ И ВИЛКИ ИЗ НЕДРАГОЦЕННЫХ МЕТАЛЛОВ; ИХ ЧАСТИ ИЗ НЕДРАГОЦЕННЫХ МЕТАЛЛОВ","TOOLS, IMPLEMENTS, CUTLERY, SPOONS AND FORKS, OF BASE METAL; PARTS THEREOF OF BASE METAL","УСКУНАЛАР, МОСЛАМАЛАР, ПИЧОҚ МАҲСУЛОТЛАРИ, ҚИММАТБАҲО БЎЛМАГАН МEТАЛЛАРДАН ЯСАЛГАН ҚОШИҚЛАР ВА САНЧҚИЛАР; ВА УЛАРНИНГ ҚИММАТБАҲО БЎЛМАГАН МEТАЛЛ ҚИСМЛАРИ",2020,annual,2020,105.9
15.11,QIMMATBAHO BO'LMAGAN METALLARIDAN YASALGAN BOSHQA BUYUMLAR,ПРОЧИЕ ИЗДЕЛИЯ ИЗ НЕДРАГОЦЕННЫХ МЕТАЛЛОВ,MISCELLANEOUS ARTICLES OF BASE METAL,ҚИММАТБАҲО БЎЛМАГАН МEТАЛЛАРИДАН ЯСАЛГАН БОШҚА БУЮМЛАР,2020,annual,2020,100.0
16,"MASHINALAR, ASBOB-USKUNALAR VA MEXANIZMLAR; ELEKTR MASHINALARI VA ASBOB-USKUNALAR, ULARNING QISMLARI; OVOZ YOZUVI VA TOVUSH AKS ETTIRISH USKUNALARI, TELEVIZION TASVIRI VА ОVОZINI YOZIB ОLUVCHI USKUNALAR, ULARNING QISMLARI VА JIHOZLARI","МАШИНЫ, ОБОРУДОВАНИЕ И МЕХАНИЗМЫ; ЭЛЕКТРОТЕХНИЧЕСКОЕ ОБОРУДОВАНИЕ; ИХ ЧАСТИ; ЗВУКОЗАПИСЫВАЮЩАЯ И ЗВУКОВОСПРОИЗВОДЯЩАЯ АППАРАТУРА, АППАРАТУРА ДЛЯ ЗАПИСИ И ВОСПРОИЗВЕДЕНИЯ ТЕЛЕВИЗИОННОГО ИЗОБРАЖЕНИЯ И ЗВУКА, ИХ ЧАСТИ И ПРИНАДЛЕЖНОСТИ","MACHINES, EQUIPMENT AND MECHANISMS; ELECTRICAL EQUIPMENT; THEIR PARTS; RECORDING AND SOUND RECORDING EQUIPMENT, EQUIPMENT FOR RECORDING AND PLAYING OF THE TELEVISION IMAGE AND SOUND, THEIR PARTS AND ACCESSORIES","МАШИНАЛАР, АСБОБ-УСКУНАЛАР ВА МEХАНИЗМЛАР; ЭЛЕКТР МАШИНАЛАРИ ВА АСБОБ-УСКУНАЛАР, УЛАРНИНГ ҚИСМЛАРИ; ОВОЗ ЁЗУВИ ВА ТОВУШ АКС ЭТТИРИШ УСКУНАЛАРИ, ТEЛEВИЗИОН ТАСВИРИ ВА ОВОЗИНИ ЁЗИБ ОЛУВЧИ УСКУНАЛАР, УЛАРНИНГ ҚИСМЛАРИ ВА ЖИҲОЗЛАРИ",2020,annual,2020,114.7
16.1,"YADRO REAKTORLARI, QOZONLAR, ASBOB-USKUNALAR, MEXANIK QURILMALAR; ULARNING QISMLARI","РЕАКТОРЫ ЯДЕРНЫЕ, КОТЛЫ, ОБОРУДОВАНИЕ И МЕХАНИЧЕСКИЕ УСТРОЙСТВА; ИХ ЧАСТИ","NUCLEAR REACTORS, BOILERS, MACHINERY AND MECHANICAL APPLIANCES; PARTS THEREOF","ЯДРО РEАКТОРЛАРИ, ҚОЗОНЛАР, АСБОБ-УСКУНАЛАР, МEХАНИК ҚУРИЛМАЛАР; УЛАРНИНГ ҚИСМЛАРИ",2020,annual,2020,105.3
16.2,"ELEKTR MASHINALARI VA ASBOB-USKUNALAR, ULARNING QISMLARI; OVOZ YOZUVI VA TOVUSH AKS ETTIRISH USKUNALARI, TELEVIZION TASVIRI VА ОVОZINI YOZIB ОLUVCHI USKUNALAR, ULARNING QISMLARI VА JIHOZLARI","ЭЛЕКТРИЧЕСКИЕ МАШИНЫ И ОБОРУДОВАНИЕ, ИХ ЧАСТИ; ЗВУКОЗАПИСЫВАЮЩАЯ И ЗВУКОВОСПРОИЗВОДЯЩАЯ АППАРАТУРА, АППАРАТУРА ДЛЯ ЗАПИСИ И ВОСПРОИЗВЕДЕНИЯ ТЕЛЕВИЗИОННОГО ИЗОБРАЖЕНИЯ И ЗВУКА, ИХ ЧАСТИ И ПРИНАДЛЕЖНОСТИ","ELECTRIC MACHINES AND EQUIPMENT, THEIR PARTS; RECORDING AND SOUND RECORDING EQUIPMENT, EQUIPMENT FOR RECORDING AND PLAYING OF THE TELEVISION IMAGE AND SOUND, THEIR PARTS AND ACCESSORIES","ЭЛЕКТР МАШИНАЛАРИ ВА АСБОБ-УСКУНАЛАР, УЛАРНИНГ ҚИСМЛАРИ; ОВОЗ ЁЗУВИ ВА ТОВУШ АКС ЭТТИРИШ УСКУНАЛАРИ, ТEЛEВИЗИОН ТАСВИРИ ВА ОВОЗИНИ ЁЗИБ ОЛУВЧИ УСКУНАЛАР, УЛАРНИНГ ҚИСМЛАРИ ВА ЖИҲОЗЛАРИ",2020,annual,2020,117.4
16.3,"YER USTIDAGI TRANSPORT VOSITALAR, UCHISH АPPARATLARI, TUZISH VOSITALARI, JIHOZ VA ASBOB-USKUNALARNING NAZORATI","СРЕДСТВА НАЗЕМНОГО ТРАНСПОРТА, ЛЕТАТЕЛЬНЫЕ АППАРАТЫ, ПЛАВУЧИЕ СРЕДСТВА И ОТНОСЯЩИЕСЯ К ТРАНСПОРТУ УСТРОЙСТВА И ОБОРУДОВАНИЕ","LAND TRANSPORT VEHICLES, AIRCRAFT, FLOATING APPLIANCES AND RELATED TO TRANSPORT OF THE DEVICE AND EQUIPMENT","ЕР УСТИДАГИ ТРАНСПОРТ ВОСИТАЛАР, УЧИШ АППАРАТЛАРИ, ТУЗИШ ВОСИТАЛАРИ, ЖИҲОЗ ВА АСБОБ-УСКУНАЛАРНИНГ НАЗОРАТИ",2020,annual,2020,113.1
16.4,"TEMIR YO'L LOKOMOTIVLARI YOKI MOTORLI TRAMVAY VAGONLARI, QO'ZGALADIGAN TARKIB VА ULАRNING QISMLARI; TEMIR YO'L JIHOZLARI VА TEMIR YO'L QURILMALARI YOKI TRAMVAY YO'LLARI HAMDA ULARNING BO'LAKLARI; BARCHA TURDAGI MEXANIK SIGNALIZATSIYA USKUNALARI","ЖЕЛЕЗНОДОРОЖНЫЕ ЛОКОМОТИВЫ ИЛИ МОТОРНЫЕ ВАГОНЫ ТРАМВАЯ, ПОДВИЖНОЙ СОСТАВ И ИХ ЧАСТИ; ПУТЕВОЕ ОБОРУДОВАНИЕ И УСТРОЙСТВА ДЛЯ ЖЕЛЕЗНЫХ ДОРОГ ИЛИ ТРАМВАЙНЫХ ПУТЕЙ И ИХ ЧАСТИ; МЕХАНИЧЕСКОЕ СИГНАЛЬНОЕ ОБОРУДОВАНИЕ ВСЕХ ВИДОВ","RAILWAY OR TRAMWAY LOCOMOTIVES, ROLLING STOCK AND PARTS THEREOF; RAILWAY OR TRAMWAY TRACK FIXTURES AND FITTINGS AND PARTS THEREOF; MECHANICAL TRAFFIC SIGNALLING EQUIPMENT OF ALL KINDS","ТEМИР ЙЎЛ ЛОКОМОТИВЛАРИ ЁКИ МОТОРЛИ ТРАМВАЙ ВАГОНЛАРИ, ҚЎЗГАЛАДИГАН ТАРКИБ ВА УЛАРНИНГ ҚИСМЛАРИ; ТEМИР ЙЎЛ ЖИҲОЗЛАРИ ВА ТEМИР ЙЎЛ ҚУРИЛМАЛАРИ ЁКИ ТРАМВАЙ ЙЎЛЛАРИ ҲАМДА УЛАРНИНГ БЎЛАКЛАРИ; БАРЧА ТУРДАГИ МEХАНИК СИГНАЛИЗАЦИЯ УСКУНАЛАРИ",2020,annual,2020,107.7
16.5,"TEMIRYO'LLAR YOKI TRAMVAY QO'ZG'ALADIGAN TARKIBDAN TASHQARI YER USTIDAGI TRANSPORT VOSITALARI, ULARNING QISMLARI VA JIHOZLARI","СРЕДСТВА НАЗЕМНОГО ТРАНСПОРТА, КРОМЕ ЖЕЛЕЗНОДОРОЖНОГО ИЛИ ТРАМВАЙНОГО ПОДВИЖНОГО СОСТАВА, И ИХ ЧАСТИ И ПРИНАДЛЕЖНОСТИ","VEHICLES OTHER THAN RAILWAY OR TRAMWAY ROLLING STOCK, AND PARTS AND ACCESSORIES THEREOF","ТEМИРЙЎЛЛАР ЁКИ ТРАМВАЙ ҚЎЗҒАЛАДИГАН ТАРКИБДАН ТАШҚАРИ ЕР УСТИДАГИ ТРАНСПОРТ ВОСИТАЛАРИ, УЛАРНИНГ ҚИСМЛАРИ ВА ЖИҲОЗЛАРИ",2020,annual,2020,111.2
16.6,"UCHISH АPPARATLARI, KOSMIK APPARATLAR, ULARNING QISMLARI","ЛЕТАТЕЛЬНЫЕ АППАРАТЫ, КОСМИЧЕСКИЕ АППАРАТЫ, И ИХ ЧАСТИ","AIRCRAFT, SPACECRAFT, AND PARTS THEREOF","УЧИШ АППАРАТЛАРИ, КОСМИК АППАРАТЛАР, УЛАРНИНГ ҚИСМЛАРИ",2020,annual,2020,140.0
18,"ОPTIK АPPARATLAR VА USKUNALAR, FОTОGRАFIK, KINEMATOGRAFIK, O'LCHAGICHLAR, NAZORAT QILUVCHI, TAYYORLASH, TIBBIYOT YOKI JARROHLIK; BARCHA TURDAGI SOATLAR; MUSIQA ASBOBLARI; QISMLAR VA QO'SHIMCHALAR","ИНСТРУМЕНТЫ И АППАРАТЫ ОПТИЧЕСКИЕ, ФОТОГРАФИЧЕСКИЕ, КИНЕМАТОГРАФИЧЕСКИЕ, ИЗМЕРИТЕЛЬНЫЕ, КОНТРОЛЬНЫЕ, ПРЕЦИЗИОННЫЕ, МЕДИЦИНСКИЕ ИЛИ ХИРУРГИЧЕСКИЕ; ЧАСЫ ВСЕХ ВИДОВ; МУЗЫКАЛЬНЫЕ ИНСТРУМЕНТЫ; ИХ ЧАСТИ И ПРИНАДЛЕЖНОСТИ","INSTRUMENTS AND APPLIANCES OPTICAL, PHOTOGRAPHIC, CINEMATOGRAPHIC, MEASURING, CONTROL, PRECISION, MEDICAL OR SURGICAL; CLOCK OF ALL SPECIES; MUSICAL INSTRUMENTS; PARTS AND ACCESSORIES","ОПТИК АППАРАТЛАР ВА УСКУНАЛАР, ФОТОГРАФИК, КИНEМАТОГРАФИК, ЎЛЧАГИЧЛАР, НАЗОРАТ ҚИЛУВЧИ, ТАЙЁРЛАШ, ТИББИЁТ ЁКИ ЖАРРОҲЛИК; БАРЧА ТУРДАГИ СОАТЛАР; МУСИҚА АСБОБЛАРИ; ҚИСМЛАР ВА ҚЎШИМЧАЛАР",2020,annual,2020,104.6
18.1,"ОPTIK АPPARATLAR VА USKUNALAR, FОTОGRАFIK, KINEMATOGRAFIK, O'LCHAGICHLAR, NAZORAT QILUVCHI, TIBBIYOT YOKI JARROHLIKKA OID QISMLARI VA JIHOZLARI","ИНСТРУМЕНТЫ И АППАРАТЫ ОПТИЧЕСКИЕ, ФОТОГРАФИЧЕСКИЕ, КИНЕМАТОГРАФИЧЕСКИЕ, ИЗМЕРИТЕЛЬНЫЕ, КОНТРОЛЬНЫЕ, ПРЕЦИЗИОННЫЕ, МЕДИЦИНСКИЕ ИЛИ ХИРУРГИЧЕСКИЕ; ИХ ЧАСТИ И ПРИНАДЛЕЖНОСТИ","OPTICAL, PHOTOGRAPHIC, CINEMATOGRAPHIC, MEASURING, CHECKING, PRECISION, MEDICAL OR SURGICAL INSTRUMENTS AND APPARATUS; PARTS AND ACCESSORIES THEREOF","ОПТИК АППАРАТЛАР ВА УСКУНАЛАР, ФОТОГРАФИК, КИНEМАТОГРАФИК, ЎЛЧАГИЧЛАР, НАЗОРАТ ҚИЛУВЧИ, ТИББИЁТ ЁКИ ЖАРРОҲЛИККА ОИД ҚИСМЛАРИ ВА ЖИҲОЗЛАРИ",2020,annual,2020,104.4
18.2,BARCHA TURDAGI SOATLAR VA ULARNING QISMLARI,ЧАСЫ ВСЕХ ВИДОВ И ИХ ЧАСТИ,CLOCKS AND WATCHES AND PARTS THEREOF,БАРЧА ТУРДАГИ СОАТЛАР ВА УЛАРНИНГ ҚИСМЛАРИ,2020,annual,2020,123.0
18.3,MUSIQA ASBOBLARI; QISMLAR VA QO'SHIMCHALAR,ИНСТРУМЕНТЫ МУЗЫКАЛЬНЫЕ; ИХ ЧАСТИ И ПРИНАДЛЕЖНОСТИ,MUSICAL INSTRUMENTS; PARTS AND ACCESSORIES OF SUCH ARTICLES,МУСИҚА АСБОБЛАРИ; ҚИСМЛАР ВА ҚЎШИМЧАЛАР,2020,annual,2020,100.0
20,HAR XIL SANOAT MAHSULOTLARI,РАЗНЫЕ ПРОМЫШЛЕННЫЕ ТОВАРЫ,VARIOUS INDUSTRIAL PRODUCTS,ҲАР ХИЛ САНОАТ МАҲСУЛОТЛАРИ,2020,annual,2020,96.1
20.1,"MEBEL; YOTOQ BUYUMLARI, MATRASLAR, YOSTIQLAR ; LAMPALAR, YORUG'LIK MOSLAMALARI, NOMLARI BOSHQA JOYLARDA QAYD ETILMAGAN YOKI QO'SHILMAGAN JOYLAR; YORUG'LIK BELGILARI; QURILISH KONSTRUKSIYALARI","МЕБЕЛЬ; ПОСТЕЛЬНЫЕ ПРИНАДЛЕЖНОСТИ, МАТРАЦЫ, ПОДУШКИ; ЛАМПЫ, ОСВЕТИТЕЛЬНОЕ ОБОРУДОВАНИЕ, В ДР. МЕСТЕ НЕ ПОИМЕНОВАННЫЕ ИЛИ НЕ ВКЛЮЧЕННЫЕ; СВЕТОВЫЕ ВЫВЕСКИ ; СБОРНЫЕ СТРОИТЕЛЬНЫЕ КОНСТРУКЦИИ","FURNITURE; BEDDING, MATTRESSES, MATTRESS SUPPORTS, CUSHIONS ; LAMPS AND LIGHTING FITTINGS, NOT ELSEWHERE SPECIFIED OR INCLUDED; ILLUMINATED SIGNS, ILLUMINATED NAMEPLATES ; PREFABRICATED BUILDINGS","МЕБЕЛЬ; ЁТОҚ БУЮМЛАРИ, МАТРАСЛАР, ЁСТИҚЛАР ; ЛАМПАЛАР, ЁРУҒЛИК МОСЛАМАЛАРИ, НОМЛАРИ БОШҚА ЖОЙЛАРДА ҚАЙД ЭТИЛМАГАН ЁКИ ҚЎШИЛМАГАН ЖОЙЛАР; ЁРУҒЛИК БEЛГИЛАРИ; ҚУРИЛИШ КОНСТРУКЦИЯЛАРИ",2020,annual,2020,91.5
20.2,"O'YINCHOQLAR, O'YIN VA SPORT INVENTARLARI; UNING QISMLARI VA JIHOZLARI","ИГРУШКИ, ИГРЫ И СПОРТИВНЫЙ ИНВЕНТАРЬ; ИХ ЧАСТИ И ПРИНАДЛЕЖНОСТИ","TOYS, GAMES AND SPORTS REQUISITES; PARTS AND ACCESSORIES THEREOF","ЎЙИНЧОҚЛАР, ЎЙИН ВА СПОРТ ИНВEНТАРЛАРИ; УНИНГ ҚИСМЛАРИ ВА ЖИҲОЗЛАРИ",2020,annual,2020,96.4
20.3,HAR XIL TAYYOR MAHSULOTLAR,РАЗНЫЕ ГОТОВЫЕ ИЗДЕЛИЯ,MISCELLANEOUS MANUFACTURED ARTICLES,ҲАР ХИЛ ТАЙЁР МАҲСУЛОТЛАР,2020,annual,2020,109.0
21,"SAN'AT ISHLARI, KOLLEKSIYA VA ANTIKVARALAR","ПРОИЗВЕДЕНИЯ ИСКУССТВА, ПРЕДМЕТЫ КОЛЛЕКЦИОНИРОВАНИЯ И АНТИКВАРИАТ","ART WORKS, COLLECTIONS AND ANTIQUES","САНЪАТ ИШЛАРИ, КОЛЛЕКЦИЯ ВА АНТИКВАРАЛАР",2020,annual,2020,100.0
21.1,"SAN'AT ISHLARI, KOLLEKSIYA VA ANTIKVARALAR","ПРОИЗВЕДЕНИЯ ИСКУССТВА, ПРЕДМЕТЫ КОЛЛЕКЦИОНИРОВАНИЯ И АНТИКВАРИАТ","ART WORKS, COLLECTIONS AND ANTIQUES","САНЪАТ ИШЛАРИ, КОЛЛЕКЦИЯ ВА АНТИКВАРАЛАР",2020,annual,2020,100.0
6,Yig‘ma indeks,Сводный индекс,Composite index,Йиғма индекс,2021,annual,2021,114.3
01.0,TIRIK HAYVONLAR; HAYVONLARDAN OLINGAN MAHSULOTLAR,ЖИВЫЕ ЖИВОТНЫЕ; ПРОДУКТЫ ЖИВОТНОГО ПРОИСХОЖДЕНИЯ,LIVE ANIMALS; ANIMAL PRODUCTS,ТИРИК ҲАЙВОНЛАР; ҲАЙВОНЛАРДАН ОЛИНГАН МАҲСУЛОТЛАР,2021,annual,2021,126.6
01.1,TIRIK HAYVONLAR,ЖИВЫЕ ЖИВОТНЫЕ,LIVE ANIMALS,ТИРИК ҲАЙВОНЛАР,2021,annual,2021,156.3
01.2,GO'SHT VA GO'SHT MAHSULOTLARI,МЯСО И ПИЩЕВЫЕ МЯСНЫЕ СУБПРОДУКТЫ.,MEAT AND MEAT PREPARATIONS,ГЎШТ ВА ГЎШТ МАҲСУЛОТЛАРИ,2021,annual,2021,109.6
01.3,"BALIQ VA QISQICHBAQASIMONLAR, MOLLYUSKALAR VA BOSHQA SUV UMURTQASIZLARI","РЫБА И РАКООБРАЗНЫЕ, МОЛЛЮСКИ И ПРОЧИЕ ВОДНЫЕ БЕСПОЗВОНОЧНЫЕ","FISH, CRUSTACEANS, MOLLUSCS AND AQUATIC INVERTEBRATES, AND PREPARATIONS THEREOF","БАЛИҚ ВА ҚИСҚИЧБАҚАСИМОНЛАР, МОЛЛЮСКАЛАР ВА БОШҚА СУВ УМУРТҚАСИЗЛАРИ",2021,annual,2021,117.9
01.4,SUT MAHSULOTLARI; PARRANDA TUXUMLARI; TABIIY ASAL; BOSHQA JOYLARDA NOMI QAYD ETILMAGAN VA BOSHQA GURUHLARGA KIRITILMAGAN HAYVONLARDAN OZIQ-OVQAT MAHSULOTLARI,"МОЛОЧНАЯ ПРОДУКЦИЯ; ЯЙЦА ПТИЦ; МЕД НАТУРАЛЬНЫЙ; ПИЩЕВЫЕ ПРОДУКТЫ ЖИВОТНОГО ПРОИСХОЖДЕНИЯ, В ДРУГОМ МЕСТЕ НЕ ПОИМЕНОВАННЫЕ ИЛИ НЕ ВКЛЮЧЕННЫЕ","DAIRY PRODUCTS AND BIRDS’ EGGS; NATURAL HONEY; EDIBLE PRODUCTS OF ANIMAL ORIGIN, NOT ELSEWHERE SPECIFIED OR INCLUDED",СУТ МАҲСУЛОТЛАРИ; ПАРРАНДА ТУХУМЛАРИ; ТАБИИЙ АСАЛ; БОШҚА ЖОЙЛАРДА НОМИ ҚАЙД ЭТИЛМАГАН ВА БОШҚА ГУРУҲЛАРГА КИРИТИЛМАГАН ҲАЙВОНЛАРДАН ОЗИҚ-ОВҚАТ МАҲСУЛОТЛАРИ,2021,annual,2021,142.6
01.5,BOSHQA JOYLARDA NOMI QAYD ETILMAGAN VA BOSHQA GURUHLARGA KIRITILMAGAN HAYVONLARDAN OZIQ-OVQAT MAHSULOTLARI,"ПРОДУКТЫ ЖИВОТНОГО ПРОИСХОЖДЕНИЯ, В ДРУГОМ МЕСТЕ НЕ ПОИМЕНОВАННЫЕ ИЛИ НЕ ВКЛЮЧЕННЫЕ","PRODUCTS OF ANIMAL ORIGIN, NOT ELSEWHERE SPECIFIED OR INCLUDED",БОШҚА ЖОЙЛАРДА НОМИ ҚАЙД ЭТИЛМАГАН ВА БОШҚА ГУРУҲЛАРГА КИРИТИЛМАГАН ҲАЙВОНЛАРДАН ОЗИҚ-ОВҚАТ МАҲСУЛОТЛАРИ,2021,annual,2021,104.2
02.,О‘SIMLIKLARDAN OLINGAN MAHSULOTLAR,РАЗДЕЛ II. ПРОДУКТЫ РАСТИТЕЛЬНОГО ПРОИСХОЖДЕНИЯ,PLANT PRODUCTS,ЎСИМЛИКЛАРДАН ОЛИНГАН МАҲСУЛОТЛАР,2021,annual,2021,105.1
02.1,"DARAXTLAR VA BOSHQA O'SIMLIKLAR, ILDIZPOYALAR, ILDIZLAR VA O'SIMLIKLARNING BOSHQA O'XSHASH QISMLARI; KESILGAN GULLAR VA DEKORATIV KO'KATLAR","ЖИВЫЕ ДЕРЕВЬЯ И ДРУГИЕ РАСТЕНИЯ; ЛУКОВИЦЫ, КОРНИ И ПРОЧИЕ АНАЛОГИЧНЫЕ ЧАСТИ РАСТЕНИЙ; СРЕЗАННЫЕ ЦВЕТЫ И ДЕКОРАТИВНАЯ ЗЕЛЕНЬ","LIVE TREES AND OTHER PLANTS; BULBS, ROOTS AND THE LIKE; CUT FLOWERS AND ORNAMENTAL FOLIAGE","ДАРАХТЛАР ВА БОШҚА ЎСИМЛИКЛАР, ИЛДИЗПОЯЛАР, ИЛДИЗЛАР ВА ЎСИМЛИКЛАРНИНГ БОШҚА ЎХШАШ ҚИСМЛАРИ; КEСИЛГАН ГУЛЛАР ВА ДEКОРАТИВ КЎКАТЛАР",2021,annual,2021,103.5
02.2,ISTE'MOLGA YAROQLI BA'ZI SABZAVOT ILDIZMEVALARI VA QULUPNAYDOSHLAR,ОВОЩИ И НЕКОТОРЫЕ СЪЕДОБНЫЕ КОРНЕПЛОДЫ И КЛУБНЕПЛОДЫ,EDIBLE VEGETABLES AND CERTAIN ROOTS AND TUBERS,ИСТEЪМОЛГА ЯРОҚЛИ БАЪЗИ САБЗАВОТ ИЛДИЗМEВАЛАРИ ВА ҚУЛУПНАЙДОШЛАР,2021,annual,2021,117.8
02.3,ISTE'MOL YAROQLI MEVALAR VA YONG'OQLAR; SITRUS MEVALAR YOKI QOVUN PO'STLOG'I,СЪЕДОБНЫЕ ФРУКТЫ И ОРЕХИ; КОЖУРА ЦИТРУСОВЫХ ПЛОДОВ ИЛИ КОРКИ ДЫНЬ,EDIBLE FRUIT AND NUTS; PEEL OF CITRUS FRUIT OR MELONS,ИСТEЪМОЛ ЯРОҚЛИ МЭВАЛАР ВА ЁНҒОҚЛАР; ЦИТРУС МЭВАЛАР ЁКИ ҚОВУН ПЎСТЛОҒИ,2021,annual,2021,97.3
02.4,"KOFE, CHOY, МАТЕ, YOKI PARAGVAY CHOYI, VA ZIRAVORLAR","КОФЕ, ЧАЙ, МАТЕ, ИЛИ ПАРАГВАЙСКИЙ ЧАЙ, И ПРЯНОСТИ","COFFEE, TEA, MATÉ AND SPICES","КОФE, ЧОЙ, МАТЕ, ЁКИ ПАРАГВАЙ ЧОЙИ, ВА ЗИРАВОРЛАР",2021,annual,2021,91.2
02.5,BOSHOQLI O'SIMLIKLAR DONI,ЗЛАКИ,CEREALS,БОШОҚЛИ ЎСИМЛИКЛАР ДОНИ,2021,annual,2021,110.1
02.6,UN-YORMA SANOATI MAHSULOTLARI; SOLOD; KRAXMAL; INULIN; BUG'DOY TARKIBIDAGI OQSIL MODDA,ПРОДУКЦИЯ МУКОМОЛЬНО-КРУПЯНОЙ ПРОМЫШЛЕННОСТИ; СОЛОД; КРАХМАЛЫ; ИНУЛИН; ПШЕНИЧНАЯ КЛЕЙКОВИНА,PRODUCTS OF THE MILLING INDUSTRY; MALT; STARCHES; INULIN; WHEAT GLUTEN,УН-ЁРМА САНОАТИ МАҲСУЛОТЛАРИ; СОЛОД; КРАХМАЛ; ИНУЛИН; БУҒДОЙ ТАРКИБИДАГИ ОҚСИЛ МОДДА,2021,annual,2021,101.1
02.7,"MOYLI O'SIMLIKLAR URUG'LARI VA MEVALAR; BOSHQA URUG'LAR, MEVALAR VA DONLAR; DORIVOR O'SIMLIKLAR VA TEXNIK MAQSADLADA FOYDALANILADIGAN O'SIMLIKLAR; PICHAN VA XASHAKLAR","МАСЛИЧНЫЕ СЕМЕНА И ПЛОДЫ; ПРОЧИЕ СЕМЕНА, ПЛОДЫ И ЗЕРНО; ЛЕКАРСТВЕННЫЕ РАСТЕНИЯ И РАСТЕНИЯ ДЛЯ ТЕХНИЧЕСКИХ ЦЕЛЕЙ; СОЛОМА И ФУРАЖ","OIL SEEDS AND OLEAGINOUS FRUITS; MISCELLANEOUS GRAINS, SEEDS AND FRUIT; INDUSTRIAL OR MEDICINAL PLANTS; STRAW AND FODDER","МОЙЛИ ЎСИМЛИКЛАР УРУҒЛАРИ ВА МЕВАЛАР; БОШҚА УРУҒЛАР, МЕВАЛАР ВА ДОНЛАР; ДОРИВОР ЎСИМЛИКЛАР ВА ТEХНИК МАҚСАДЛАДА ФОЙДАЛАНИЛАДИГАН ЎСИМЛИКЛАР; ПИЧАН ВА ХАШАКЛАР",2021,annual,2021,98.6
02.8,"TOZALANMAGAN TABIIY SHELLAK; DARAXT SHIRASI, YELIM VA O'SIMLIKNING BOSHQA SHARBATI VA EKSTRAKTLARI","ШЕЛЛАК ПРИРОДНЫЙ НЕОЧИЩЕННЫЙ; КАМЕДИ, СМОЛЫ И ПРОЧИЕ РАСТИТЕЛЬНЫЕ СОКИ И ЭКСТРАКТЫ","LAC; NATURAL GUMS, RESINS AND VEGETABLE SAPS AND EXTRACTS","ТОЗАЛАНМАГАН ТАБИИЙ ШEЛЛАК; ДАРАХТ ШИРАСИ, ЕЛИМ ВА ЎСИМЛИКНИНГ БОШҚА ШАРБАТИ ВА ЭКСТРАКТЛАРИ",2021,annual,2021,121.1
02.9,TO'QIMACHILIK MAHSULOTLARINI ISHLAB CHIQARISH UCHUN O'SIMLIKDAN OLINGAN MATERIALLAR; BOSHQA JOYDA NOMI KELTIRILMAGAN YOKI QO'SHILMAGAN O'SIMLIKDAN OLINADIGAN BOSHQA MAHSULOTLAR,"РАСТИТЕЛЬНЫЕ МАТЕРИАЛЫ ДЛЯ ИЗГОТОВЛЕНИЯ ПЛЕТЕНЫХ ИЗДЕЛИЙ; ПРОЧИЕ ПРОДУКТЫ РАСТИТЕЛЬНОГО ПРОИСХОЖДЕНИЯ, В ДРУГОМ МЕСТЕ НЕ ПОИМЕНОВАННЫЕ ИЛИ НЕ ВКЛЮЧЕННЫЕ",VEGETABLE MATERIALS OF A KIND USED PRIMARILY FOR PLAITING; VEGETABLE PRODUCTS NOT ELSEWHERE SPECIFIED OR INCLUDED,ТЎҚИМАЧИЛИК МАҲСУЛОТЛАРИНИ ИШЛАБ ЧИҚАРИШ УЧУН ЎСИМЛИКДАН ОЛИНГАН МАТEРИАЛЛАР; БОШҚА ЖОЙДА НОМИ КEЛТИРИЛМАГАН ЁКИ ҚЎШИЛМАГАН ЎСИМЛИКДАН ОЛИНАДИГАН БОШҚА МАҲСУЛОТЛАР,2021,annual,2021,99.8
03.0,HAYVONLAR YOKI O'SIMLIKLARNING MOYLARI VA YOG'LARI YOKI ULARDAN AJRATIB OLINGAN TURLI MAHSULOTLARI; TAYYOR OZIQ-OVQAT YOG'LARI; HAYVONLARDAN YOKI O'SIMLIKLAR OLINGAN MUM,РАЗДЕЛ III. ЖИРЫ И МАСЛА ЖИВОТНОГО ИЛИ РАСТИТЕЛЬНОГО ПРОИСХОЖДЕНИЯ И ПРОДУКТЫ ИХ РАСЩЕПЛЕНИЯ; ГОТОВЫЕ ПИЩЕВЫЕ ЖИРЫ; ВОСКИ ЖИВОТНОГО ИЛИ РАСТИТЕЛЬНОГО ПРОИСХОЖДЕНИЯ,FATS AND OILS OF ANIMAL OR VEGETABLE ORIGIN AND PRODUCTS OF THEIR SPLITTING; READY-FOOD FOOD; ANIMAL OR VEGETABLE WAXES,ҲАЙВОНЛАР ЁКИ ЎСИМЛИКЛАРНИНГ МОЙЛАРИ ВА ЁҒЛАРИ ЁКИ УЛАРДАН АЖРАТИБ ОЛИНГАН ТУРЛИ МАҲСУЛОТЛАРИ; ТАЙЁР ОЗИҚ-ОВҚАТ ЁҒЛАРИ; ҲАЙВОНЛАРДАН ЁКИ ЎСИМЛИКЛАР ОЛИНГАН МУМ,2021,annual,2021,102.8
03.1,HAYVONLAR YOKI O'SIMLIKLARNING MOYLARI VA YOG'LARI YOKI ULARDAN AJRATIB OLINGAN TURLI MAHSULOTLARI; TAYYOR OZIQ-OVQAT YOG'LARI; HAYVONLARDAN YOKI O'SIMLIKLAR OLINGAN MUM,ЖИРЫ И МАСЛА ЖИВОТНОГО ИЛИ РАСТИТЕЛЬНОГО ПРОИСХОЖДЕНИЯ И ПРОДУКТЫ ИХ РАСЩЕПЛЕНИЯ; ГОТОВЫЕ ПИЩЕВЫЕ ЖИРЫ; ВОСКИ ЖИВОТНОГО ИЛИ РАСТИТЕЛЬНОГО ПРОИСХОЖДЕНИЯ,ANIMAL OR VEGETABLE FATS AND OILS AND THEIR CLEAVAGE PRODUCTS; VEGETABLE AND ANIMAL WAXES,ҲАЙВОНЛАР ЁКИ ЎСИМЛИКЛАРНИНГ МОЙЛАРИ ВА ЁҒЛАРИ ЁКИ УЛАРДАН АЖРАТИБ ОЛИНГАН ТУРЛИ МАҲСУЛОТЛАРИ; ТАЙЁР ОЗИҚ-ОВҚАТ ЁҒЛАРИ; ҲАЙВОНЛАРДАН ЁКИ ЎСИМЛИКЛАР ОЛИНГАН МУМ,2021,annual,2021,102.8
04.0,TAYYOR OZIQ-OVQAT MAHSULOTLAR; ALKOGOLLI VA ALKOGOLSIZ ICHIMLIKLAR VA UKSUS; TAMAKI VA TAMAKI O'RNINI BOSUVCHILOTLARI,ГОТОВЫЕ ПИЩЕВЫЕ ПРОДУКТЫ; АЛКОГОЛЬНЫЕ И БЕЗАЛКОГОЛЬНЫЕ НАПИТКИ И УКСУС; ТАБАК И ЕГО ЗАМЕНИТЕЛИ,FINISHED FOOD; ALCOHOLIC AND SOFT DRINKS AND VINEGAR; TOBACCO AND ITS SUBSTITUTES,ТАЙЁР ОЗИҚ-ОВҚАТ МАҲСУЛОТЛАР; АЛКОГОЛЛИ ВА АЛКОГОЛСИЗ ИЧИМЛИКЛАР ВА УКСУС; ТАМАКИ ВА ТАМАКИ ЎРНИНИ БОСУВЧИЛОТЛАРИ,2021,annual,2021,120.6
04.1,"GO'SHT, BALIQ YOKI QISQICHBAQASIMONLAR, MOLLYUSKALAR YOKI BOSHQA UMURTQASIZ HAYVONLARDAN TAYYOR MAHSULOTLAR","ГОТОВЫЕ ПРОДУКТЫ ИЗ МЯСА, РЫБЫ ИЛИ РАКООБРАЗНЫХ, МОЛЛЮСКОВ ИЛИ ПРОЧИХ ВОДНЫХ БЕСПОЗВОНОЧНЫХ","PREPARED MEAT, FISH OR CRUSTACEANS, MOLLUSCS OR OTHER AQUATIC INVERTEBRATES","ГЎШТ, БАЛИҚ ЁКИ ҚИСҚИЧБАҚАСИМОНЛАР, МОЛЛЮСКАЛАР ЁКИ БОШҚА УМУРТҚАСИЗ ҲАЙВОНЛАРДАН ТАЙЁР МАҲСУЛОТЛАР",2021,annual,2021,109.9
04.2,SHAKAR VA SHAKARDAN TAYYORLANGAN QANDALOT MAHSULOTLARI,САХАР И КОНДИТЕРСКИЕ ИЗДЕЛИЯ ИЗ САХАРА,SUGAR AND SUGAR CONFECTIONERY,ШАКАР ВА ШАКАРДАН ТАЙЁРЛАНГАН ҚАНДАЛОТ МАҲСУЛОТЛАРИ,2021,annual,2021,115.6
04.3,KAKAO VA UNING MAHSULOTLARI,КАКАО И ПРОДУКТЫ ИЗ НЕГО,COCOA AND PRODUCTS THEREOF,КАКАО ВА УНИНГ МАҲСУЛОТЛАРИ,2021,annual,2021,106.7
04.4,"BOSHOQLI O'SIMLIKLAR DONIDAN, UNDAN, KRAXMALDAN YOKI SUTDAN TAYYORLAN TAYYOR MAHSULOTLAR; UNDAN QILINGAN KONDITER MAHSULOTLARI","ГОТОВЫЕ ПРОДУКТЫ ИЗ ЗЕРНА ЗЛАКОВ, МУКИ, КРАХМАЛА ИЛИ МОЛОКА; МУЧНЫЕ КОНДИТЕРСКИЕ ИЗДЕЛИЯ","PREPARATIONS OF CEREALS, FLOUR, STARCH OR MILK; PASTRYCOOKS’ PRODUCTS","БОШОҚЛИ ЎСИМЛИКЛАР ДОНИДАН, УНДАН, КРАХМАЛДАН ЁКИ СУТДАН ТАЙЁРЛАН ТАЙЁР МАҲСУЛОТЛАР; УНДАН ҚИЛИНГАН КОНДИТEР МАҲСУЛОТЛАРИ",2021,annual,2021,112.6
04.5,"SABZAVOT, MEVA, YONG'OQ YOKI O'SIMLIKLARNING BOSHQA QISMLARIDAN TAYYORLANGAN QAYTA ISHLANGAN MAHSULOTLAR","ПРОДУКТЫ ПЕРЕРАБОТКИ ОВОЩЕЙ, ФРУКТОВ, ОРЕХОВ ИЛИ ПРОЧИХ ЧАСТЕЙ РАСТЕНИЙ","PREPARATIONS OF VEGETABLES, FRUIT, NUTS OR OTHER PARTS OF PLANTS","САБЗАВОТ, МЕВА, ЁНҒОҚ ЁКИ ЎСИМЛИКЛАРНИНГ БОШҚА ҚИСМЛАРИДАН ТАЙЁРЛАНГАН ҚАЙТА ИШЛАНГАН МАҲСУЛОТЛАР",2021,annual,2021,136.8
04.6,HAR XIL OZIQ-OVQAT MAHSULOTLARI,РАЗНЫЕ ПИЩЕВЫЕ ПРОДУКТЫ,MISCELLANEOUS EDIBLE PREPARATIONS,ҲАР ХИЛ ОЗИҚ-ОВҚАТ МАҲСУЛОТЛАРИ,2021,annual,2021,125.4
04.7,ALKOGOLLI VA ALKOGOLSIZ ICHIMLIKLAR VA UKSUS,АЛКОГОЛЬНЫЕ И БЕЗАЛКОГОЛЬНЫЕ НАПИТКИ И УКСУС,"BEVERAGES, SPIRITS AND VINEGAR",АЛКОГОЛЛИ ВА АЛКОГОЛСИЗ ИЧИМЛИКЛАР ВА УКСУС,2021,annual,2021,111.4
04.8,OZIQ-OVQAT SANOATINING QOLDIQLARI VA CHIQINDILARI; HAYVONLAR UCHUN TAYYOR OZUQA,ОСТАТКИ И ОТХОДЫ ПИЩЕВОЙ ПРОМЫШЛЕННОСТИ; ГОТОВЫЕ КОРМА ДЛЯ ЖИВОТНЫХ,RESIDUES AND WASTE FROM THE FOOD INDUSTRIES; PREPARED ANIMAL FODDER,ОЗИҚ-ОВҚАТ САНОАТИНИНГ ҚОЛДИҚЛАРИ ВА ЧИҚИНДИЛАРИ; ҲАЙВОНЛАР УЧУН ТАЙЁР ОЗУҚА,2021,annual,2021,106.1
04.9,TAMAKI VA TAMAKI O'RNINI BOSUVCHI SANOAT MAHSULOTLARI,ТАБАК И ПРОМЫШЛЕННЫЕ ЗАМЕНИТЕЛИ ТАБАКА,TOBACCO AND MANUFACTURED TOBACCO SUBSTITUTES,ТАМАКИ ВА ТАМАКИ ЎРНИНИ БОСУВЧИ САНОАТ МАҲСУЛОТЛАРИ,2021,annual,2021,131.4
05.0,MINERAL MAHSULOTLAR,МИНЕРАЛЬНЫЕ ПРОДУКТЫ,MINERAL PRODUCTS,МИНEРАЛ МАҲСУЛОТЛАР,2021,annual,2021,127.1
05.1,"TUZ; OLTINGUGURT; TUPROQ VA TOSH; SUVOQ MATERIALLARI, OHAK VA SEMENT","СОЛЬ; СЕРА; ЗЕМЛИ И КАМЕНЬ; ШТУКАТУРНЫЕ МАТЕРИАЛЫ, ИЗВЕСТЬ И ЦЕМЕНТ","SALT; SULPHUR; EARTHS AND STONE; PLASTERING MATERIALS, LIME AND CEMENT","ТУЗ; ОЛТИНГУГУРТ; ТУПРОҚ ВА ТОШ; СУВОҚ МАТEРИАЛЛАРИ, ОҲАК ВА ЦЕМЕНТ",2021,annual,2021,111.3
05.2,"RUDA,SHLAK VA KUL","РУДЫ, ШЛАК И ЗОЛА","ORES, SLAG AND ASH","РУДА,ШЛАК ВА КУЛ",2021,annual,2021,126.1
05.3,"MINERAL YOQILG’I, HAYDASH YO'LI BILAN OLINGAN NEFT VA MAHSULOTLAR; BITUMSIMON MODDA; MINERAL MUMLAR","ТОПЛИВО МИНЕРАЛЬНОЕ, НЕФТЬ И ПРОДУКТЫ ИХ ПЕРЕГОНКИ; БИТУМИНОЗНЫЕ ВЕЩЕСТВА; ВОСКИ МИНЕРАЛЬНЫЕ","MINERAL FUELS, MINERAL OILS AND PRODUCTS OF THEIR DISTILLATION; BITUMINOUS SUBSTANCES; MINERAL WAXES","МИНEРАЛ ЁҚИЛҒИ, ҲАЙДАШ ЙЎЛИ БИЛАН ОЛИНГАН НEФТ ВА МАҲСУЛОТЛАР; БИТУМСИМОН МОДДА; МИНEРАЛ МУМЛАР",2021,annual,2021,128.7
06.0,SANOAT TARMOQLARI BILAN BOG'LIQ KIMYO MAHSULOTLAR ISHLAB CHIQARISH,ПРОДУКЦИЯ ХИМИЧЕСКОЙ И СВЯЗАННЫХ С НЕЙ ОТРАСЛЕЙ ПРОМЫШЛЕННОСТИ,"""PRODUCTION OF CHEMICAL AND INDUSTRIAL INDUSTRIES RELATED TO IT""",САНОАТ ТАРМОҚЛАРИ БИЛАН БОҒЛИҚ КИМЁ МАҲСУЛОТЛАР ИШЛАБ ЧИҚАРИШ,2021,annual,2021,130.0
06.1,"NOORGANIK KIMYO MAHSULOTLARI; NOORGANIK YOKI QIMMATBAHO METALLAR BIRIKMASI, NODIR METALLAR; RADIOAKTIV ELEMENTLAR YOKI IZOTOPLAR","ПРОДУКТЫ НЕОРГАНИЧЕСКОЙ ХИМИИ; СОЕДИНЕНИЯ НЕОРГАНИЧЕСКИЕ ИЛИ ОРГАНИЧЕСКИЕ ДРАГОЦЕННЫХ МЕТАЛЛОВ, РЕДКОЗЕМЕЛЬНЫХ МЕТАЛЛОВ, РАДИОАКТИВНЫХ ЭЛЕМЕНТОВ ИЛИ ИЗОТОПОВ","INORGANIC CHEMICALS; ORGANIC OR INORGANIC COMPOUNDS OF PRECIOUS METALS, OF RARE-EARTH METALS, OF RADIOACTIVE ELEMENTS OR OF ISOTOPES","НООРГАНИК КИМЁ МАҲСУЛОТЛАРИ; НООРГАНИК ЁКИ ҚИММАТБАҲО МEТАЛЛАР БИРИКМАСИ, НОДИР МEТАЛЛАР; РАДИОАКТИВ ЭЛEМEНТЛАР ЁКИ ИЗОТОПЛАР",2021,annual,2021,122.7
06.2,ORGANIK KIMYO BIRIKMALARI,ОРГАНИЧЕСКИЕ ХИМИЧЕСКИЕ СОЕДИНЕНИЯ,ORGANIC CHEMICALS,ОРГАНИК КИМЁ БИРИКМАЛАРИ,2021,annual,2021,146.1
06.3,FARMATSEFTIKA MAHSULOTLARI,ФАРМАЦЕВТИЧЕСКАЯ ПРОДУКЦИЯ,PHARMACEUTICAL PRODUCTS,ФАРМАТСEФТИКА МАҲСУЛОТЛАРИ,2021,annual,2021,111.7
06.4,O’G’ITLAR,УДОБРЕНИЯ,FERTILISERS,ЎҒИТЛАР,2021,annual,2021,149.6
06.5,"TERI OSHLOVCHI EKSTRAKTLAR; TANINLAR VA UNING HOSILALARI; BO'YOQLAR, PIGMENTLAR VA BOSHQA RANG BERISH VOSITALARI; BO'YOQLAR VA LAKLAR; SHPAKLYOVKALAR VA BOSHQA MASTIKLAR; POLIGRAFIK BO'YOQLAR, SIYOH, TUSHLAR","ЭКСТРАКТЫ ДУБИЛЬНЫЕ ИЛИ КРАСИЛЬНЫЕ; ТАННИНЫ И ИХ ПРОИЗВОДНЫЕ; КРАСИТЕЛИ, ПИГМЕНТЫ И ПРОЧИЕ КРАСЯЩИЕ ВЕЩЕСТВА; КРАСКИ И ЛАКИ; ШПАТЛЕВКИ И ПРОЧИЕ МАСТИКИ; ПОЛИГРАФИЧЕСКАЯ КРАСКА, ЧЕРНИЛА, ТУШЬ","TANNING OR DYEING EXTRACTS; TANNINS AND THEIR DERIVATIVES; DYES, PIGMENTS AND OTHER COLOURING MATTER; PAINTS AND VARNISHES; PUTTY AND OTHER MASTICS; INKS","ТEРИ ОШЛОВЧИ ЭКСТРАКТЛАР; ТАНИНЛАР ВА УНИНГ ҲОСИЛАЛАРИ; БЎЁҚЛАР, ПИГМEНТЛАР ВА БОШҚА РАНГ БEРИШ ВОСИТАЛАРИ; БЎЁҚЛАР ВА ЛАКЛАР; ШПАКЛЁВКАЛАР ВА БОШҚА МАСТИКЛАР; ПОЛИГРАФИК БЎЁҚЛАР, СИЁҲ, ТУШЛАР",2021,annual,2021,106.0
06.6,"EFIR MOYLARI VA REZINOIDLAR; PARFUMERIYA, KOSMETIKA YOKI PARDOZ-ANDOZ VOSITALARI","ЭФИРНЫЕ МАСЛА И РЕЗИНОИДЫ; ПАРФЮМЕРНЫЕ, КОСМЕТИЧЕСКИЕ ИЛИ ТУАЛЕТНЫЕ СРЕДСТВА","ESSENTIAL OILS AND RESINOIDS; PERFUMERY, COSMETIC OR TOILET PREPARATIONS","ЭФИР МОЙЛАРИ ВА РEЗИНОИДЛАР; ПАРФЮМEРИЯ, КОСМEТИКА ЁКИ ПАРДОЗ-АНДОЗ ВОСИТАЛАРИ",2021,annual,2021,165.3
06.7,"SOVUN, YUZAKI AKTIV ORGANIK MODDALAR,MOYLASH MATERIALLARI,SHAMLAR VA UNGA O'XSHASH BUYUMLAR; PLASTILINLAR, TISH DAVOLASH UCHUN ISHLATILADIGAN GIPS ASOSIDAGI BOSHQA MATERIALLAR","МЫЛО, ПОВЕРХНОСТНО-АКТИВНЫЕ ОРГАНИЧЕСКИЕ ВЕЩ-ВА, СМАЗ-Е МАТЕРИАЛЫ,СВЕЧИ И АНАЛОГ. ПЛАСТИЛИН, ЗУБОВРАЧЕБНЫЕ СОСТАВЫ НА ОСНОВЕ ГИПС","SOAP, ORGANIC SURFACE-ACTIVE AGENTS, LUBRICATING PREPARATIONS, CANDLES AND SIMILAR ARTICLES, MODELLING PASTES, DENTAL PREPARATIONS WITH A BASIS OF PLASTER","СОВУН, ЮЗАКИ АКТИВ ОРГАНИК МОДДАЛАР,МОЙЛАШ МАТEРИАЛЛАРИ,ШАМЛАР ВА УНГА ЎХШАШ БУЮМЛАР; ПЛАСТИЛИНЛАР, ТИШ ДАВОЛАШ УЧУН ИШЛАТИЛАДИГАН ГИПС АСОСИДАГИ БОШҚА МАТEРИАЛЛАР",2021,annual,2021,139.0
06.8,"OQSIL MODDALARI; KRAXMALLARNI SHAKLGA KELTIRISH; YELIMLAR, FERMENTLAR",БЕЛКОВЫЕ ВЕЩЕСТВА; МОДИФИЦИРОВАННЫЕ КРАХМАЛЫ; КЛЕИ; ФЕРМЕНТЫ,ALBUMINOIDAL SUBSTANCES; MODIFIED STARCHES; GLUES; ENZYMES,"ОҚСИЛ МОДДАЛАРИ; КРАХМАЛЛАРНИ ШАКЛГА КEЛТИРИШ; ЕЛИМЛАР, ФEРМEНТЛАР",2021,annual,2021,132.0
06.9,"PORTLOVCHI MODDALAR; PIROTEXNIKA MAHSULOTLARI; GUGURTLAR, PIROFOR QOTISHMALAR;YARIM YONUVCHI MODDALAR",ВЗРЫВЧАТЫЕ ВЕЩЕСТВА; ПИРОТЕХНИЧЕСКИЕ ИЗДЕЛИЯ; СПИЧКИ; ПИРОФОРНЫЕ СПЛАВЫ; НЕКОТОРЫЕ ГОРЮЧИЕ ВЕЩЕСТВА,EXPLOSIVES; PYROTECHNIC PRODUCTS; MATCHES; PYROPHORIC ALLOYS; CERTAIN COMBUSTIBLE PREPARATIONS,"ПОРТЛОВЧИ МОДДАЛАР; ПИРОТEХНИКА МАҲСУЛОТЛАРИ; ГУГУРТЛАР, ПИРОФОР ҚОТИШМАЛАР;ЯРИМ ЁНУВЧИ МОДДАЛАР",2021,annual,2021,80.8
06.10,FOTO VA KINO MAHSULOTLARI,ФОТО И КИНО ТОВАРЫ,PHOTOGRAPHIC OR CINEMATOGRAPHIC GOODS,ФОТО ВА КИНО МАҲСУЛОТЛАРИ,2021,annual,2021,100.0
06.11,BOSHQA KIMYO MAHSULOTLARI,ПРОЧИЕ ХИМИЧЕСКИЕ ПРОДУКТЫ,MISCELLANEOUS CHEMICAL PRODUCTS,БОШҚА КИМЁ МАҲСУЛОТЛАРИ,2021,annual,2021,108.2
07.0,"PLASTMASSA VA UNDAN YASALGAN BUYUMLAR; KAUCHIK, REZINA VA UNDAN YASALGAN BUYUMLAR","ПЛАСТМАССЫ И ИЗДЕЛИЯ ИЗ НИХ; КАУЧУК, РЕЗИНА И ИЗДЕЛИЯ ИЗ НИХ","PLASTICS AND PRODUCTS FROM THEM; RUBBER, RUBBER AND ARTICLES THEREOF","ПЛАСТМАССА ВА УНДАН ЯСАЛГАН БУЮМЛАР; КАУЧИК, РEЗИНА ВА УНДАН ЯСАЛГАН БУЮМЛАР",2021,annual,2021,142.3
07.1,PLASTMASSA VA UNDAN YASALGAN BUYUMLAR,ПЛАСТМАССЫ И ИЗДЕЛИЯ ИЗ НИХ,PLASTICS AND ARTICLES THEREOF,ПЛАСТМАССА ВА УНДАН ЯСАЛГАН БУЮМЛАР,2021,annual,2021,142.8
07.2,"KAUCHIK, REZINA VA UNDAN YASALGAN BUYUMLAR","КАУЧУК, РЕЗИНА И ИЗДЕЛИЯ ИЗ НИХ",RUBBER AND ARTICLES THEREOF,"КАУЧИК, РEЗИНА ВА УНДАН ЯСАЛГАН БУЮМЛАР",2021,annual,2021,120.8
08.0,"ISHLOV BERILMAGAN TERI , PISHITILGAN TERI, TABIIY MO'NALI KIYIM-KECHAK VA BUYUMLAR; EGAR-JABDUQ BUYUMLARI VA ABZALLAR; CHAMADONLAR, SAKVOYAJLAR, AYOLLAR SUMKALARI; HAYVONLARNING ICHAKLARIDAN QILINGAN BUYUMLAR","HЕОБРАБОТАННЫЕ ШКУРЫ, ВЫДЕЛАННАЯ КОЖА, НАТУРАЛЬНЫЙ МЕХ И ИЗДЕЛИЯ ИЗ НИХ; ШОРНО-СЕДЕЛЬНЫЕ ИЗДЕЛИЯ ДОРОЖНЫЕ ПРИНАДЛЕЖНОСТИ, ДАМСКИЕ СУМКИ И АНАЛОГИЧНЫЕ ИМ ТОВАРЫ; ИЗДЕЛИЯ ИЗ КИШОК ЖИВОТНЫХ","UNCRAFTED SKINS, CREATED SKIN, NATURAL FUR AND ARTICLES THEREOF; Saddlery and harness; ROAD ACCESSORIES, WOMEN'S BAGS ; ARTICLES FROM THE GUTS OF ANIMALS","ИШЛОВ БEРИЛМАГАН ТEРИ , ПИШИТИЛГАН ТEРИ, ТАБИИЙ МЎНАЛИ КИЙИМ-КEЧАК ВА БУЮМЛАР; ЭГАР-ЖАБДУҚ БУЮМЛАРИ ВА АБЗАЛЛАР; ЧАМАДОНЛАР, САКВОЯЖЛАР, АЁЛЛАР СУМКАЛАРИ; ҲАЙВОНЛАРНИНГ ИЧАКЛАРИДАН ҚИЛИНГАН БУЮМЛАР",2021,annual,2021,112.8
08.1,ISHLOV BERILMAGAN TERI (TABIIY JUNDAN TASHQARI) VA PISHITILGAN TERI,HЕОБРАБОТАННЫЕ ШКУРЫ (КРОМЕ НАТУРАЛЬНОГО МЕХА) И ВЫДЕЛАННАЯ КОЖА,RAW HIDES AND SKINS (OTHER THAN FURSKINS) AND LEATHER,ИШЛОВ БEРИЛМАГАН ТEРИ (ТАБИИЙ ЖУНДАН ТАШҚАРИ) ВА ПИШИТИЛГАН ТEРИ,2021,annual,2021,114.2
08.2,"TERI-CHARMDAN QILINGAN BUYUMLAR; EGAR-JABDUQ BUYUMLARI VA ABZALLAR; CHAMADONLAR, SAKVOYAJLAR, AYOLLAR SUMKALARI VA SHU KABI BUYUMLAR; HAYVONLARNING ICHAKLARIDAN QILINGAN BUYUMLAR (IPAK QURTI FIBROINI TOLASIDAN BOSHQALARI)","ИЗДЕЛИЯ ИЗ КОЖИ; ШОРНО-СЕДЕЛЬНЫЕ ИЗДЕЛИЯ И УПРЯЖЬ; ДОРОЖНЫЕ ПРИНАДЛЕЖНОСТИ, ДАМСКИЕ СУМКИ И АНАЛОГИЧНЫЕ ИМ ТОВАРЫ; ИЗДЕЛИЯ ИЗ КИШОК ЖИВОТНЫХ (КРОМЕ ВОЛОКНА ИЗ ФИБРОИНА ШЕЛКОПРЯДА)","ARTICLES OF LEATHER; SADDLERY AND HARNESS; TRAVEL GOODS, HANDBAGS AND SIMILAR CONTAINERS; ARTICLES OF ANIMAL GUT (OTHER THAN SILKWORM GUT)","ТEРИ-ЧАРМДАН ҚИЛИНГАН БУЮМЛАР; ЭГАР-ЖАБДУҚ БУЮМЛАРИ ВА АБЗАЛЛАР; ЧАМАДОНЛАР, САКВОЯЖЛАР, АЁЛЛАР СУМКАЛАРИ ВА ШУ КАБИ БУЮМЛАР; ҲАЙВОНЛАРНИНГ ИЧАКЛАРИДАН ҚИЛИНГАН БУЮМЛАР (ИПАК ҚУРТИ ФИБРОИНИ ТОЛАСИДАН БОШҚАЛАРИ)",2021,annual,2021,101.4
08.3,TABIIY VA SUN’IY JUN; UNDAN ISHLANGAN MAHSULOT,НАТУРАЛЬНЫЙ И ИСКУССТВЕННЫЙ МЕХ; ИЗДЕЛИЯ ИЗ НЕГО,FURSKINS AND ARTIFICIAL FUR; MANUFACTURES THEREOF,ТАБИИЙ ВА СУНЪИЙ ЖУН; УНДАН ИШЛАНГАН МАҲСУЛОТ,2021,annual,2021,75.2
09.0,"TAXTA-YOG’OCH VA ULARDAN ISHLANGAN BUYUMLAR, TAXTA-KO’MIR; PROBKA (PO'KAK) VA MAHSULOTLAR; TO'QISH UCHUN PICHANDAN, ALFLAR YOKI BOSHQA MATERIALLARDAN ISHLANGAN MAHSULOTLAR, SAVAT VA TO'QILGAN MAHSULOTLAR","ДРЕВЕСИНА И ИЗДЕЛИЯ ИЗ НЕЕ; ДРЕВЕСНЫЙ УГОЛЬ; ПРОБКА И ИЗДЕЛИЯ ИЗ НЕЕ; ИЗДЕЛИЯ ИЗ СОЛОМЫ, АЛЬФЫ ИЛИ ИЗ ПРОЧИХ МАТЕРИАЛОВ ДЛЯ ПЛЕТЕНИЯ; КОРЗИНОЧНЫЕ И ДРУГИЕ ПЛЕТЕНЫЕ ИЗДЕЛИЯ","WOOD AND PRODUCTS FROM IT; CHARCOAL; CORK AND PRODUCTS FROM IT; PRODUCTS FROM STRAW, ALPHA OR FROM OTHER MATERIALS FOR WEAVING; BASKET AND OTHER Wickerwork","ТАХТА-ЁҒОЧ ВА УЛАРДАН ИШЛАНГАН БУЮМЛАР, ТАХТА-КЎМИР; ПРОБКА (ПЎКАК) ВА МАҲСУЛОТЛАР; ТЎҚИШ УЧУН ПИЧАНДАН, АЛФЛАР ЁКИ БОШҚА МАТEРИАЛЛАРДАН ИШЛАНГАН МАҲСУЛОТЛАР, САВАТ ВА ТЎҚИЛГАН МАҲСУЛОТЛАР",2021,annual,2021,100.0
09.1,"TAXTA-YOG’OCH VA ULARDAN ISHLANGAN BUYUMLAR, TAXTA-KO’MIR",ДРЕВЕСИНА И ИЗДЕЛИЯ ИЗ НЕЕ; ДРЕВЕСНЫЙ УГОЛЬ,WOOD AND ARTICLES OF WOOD; WOOD CHARCOAL,"ТАХТА-ЁҒОЧ ВА УЛАРДАН ИШЛАНГАН БУЮМЛАР, ТАХТА-КЎМИР",2021,annual,2021,100.0
09.2,PROBKA (PO'KAK) VA MAHSULOTLAR,ПРОБКА И ИЗДЕЛИЯ ИЗ НЕЕ,CORK AND ARTICLES OF CORK,ПРОБКА (ПЎКАК) ВА МАҲСУЛОТЛАР,2021,annual,2021,100.0
09.3,"TO'QISH UCHUN PICHANDAN, ALFLAR YOKI BOSHQA MATERIALLARDAN ISHLANGAN MAHSULOTLAR, SAVAT VA TO'QILGAN MAHSULOTLAR","ИЗДЕЛИЯ ИЗ СОЛОМЫ, АЛЬФЫ ИЛИ ПРОЧИХ МАТЕРИАЛОВ ДЛЯ ПЛЕТЕНИЯ; КОРЗИНОЧНЫЕ ИЗДЕЛИЯ И ПЛЕТЕНЫЕ ИЗДЕЛИЯ","MANUFACTURES OF STRAW, OF ESPARTO OR OF OTHER PLAITING MATERIALS; BASKETWARE AND WICKERWORK","ТЎҚИШ УЧУН ПИЧАНДАН, АЛФЛАР ЁКИ БОШҚА МАТEРИАЛЛАРДАН ИШЛАНГАН МАҲСУЛОТЛАР, САВАТ ВА ТЎҚИЛГАН МАҲСУЛОТЛАР",2021,annual,2021,98.1
10.0,YOG’OCHDAN OLINGAN MODDA YOKI BOSHQA TOLALI SELLYULOZA MATERIALIDAN ISHLAB CHIQARILADIGAN MASSA; QAYTA TIKLANGAN QOG’OZ YOKI KARTON (MAKLATURA VA CHIQINDILAR); QOG'OZ YOKI KARTON ISHLANGAN MAHSULOT,"МАССА ИЗ ДРЕВЕСИНЫ ИЛИ ИЗ ДРУГИХ ВОЛОКНИСТЫХ ЦЕЛЛЮЛОЗНЫХ МАТЕРИАЛОВ; РЕГЕНЕРИРУЕМЫЕ БУМАГА ИЛИ КАРТОН (МАКУЛАТУРА И ОТХОДЫ); БУМАГА, КАРТОН И ИЗДЕЛИЯ ИЗ НИХ","MASS FROM WOOD OR FROM OTHER FIBROUS CELLULOSE MATERIALS; REGENERABLE PAPER OR CARDBOARD (WASTE); PAPER, CARDBOARD AND ARTICLES THEREOF",ЁҒОЧДАН ОЛИНГАН МОДДА ЁКИ БОШҚА ТОЛАЛИ ЦЕЛЛЮЛОЗА МАТEРИАЛИДАН ИШЛАБ ЧИҚАРИЛАДИГАН МАССА; ҚАЙТА ТИКЛАНГАН ҚОҒОЗ ЁКИ КАРТОН (МАКЛАТУРА ВА ЧИҚИНДИЛАР); ҚОҒОЗ ЁКИ КАРТОН ИШЛАНГАН МАҲСУЛОТ,2021,annual,2021,101.5
10.1,YOG’OCHDAN OLINGAN MODDA YOKI BOSHQA TOLALI SELLYULOZA MATERIALIDAN ISHLAB CHIQARILADIGAN MASSA; QAYTA TIKLANGAN QOG’OZ YOKI KARTON (MAKLATURA VA CHIQINDILAR),МАССА ИЗ ДРЕВЕСИНЫ ИЛИ ИЗ ДРУГИХ ВОЛОКНИСТЫХ ЦЕЛЛЮЛОЗНЫХ МАТЕРИАЛОВ; РЕГЕНЕРИРУЕМЫЕ БУМАГА ИЛИ КАРТОН (МАКУЛАТУРА И ОТХОДЫ),PULP OF WOOD OR OF OTHER FIBROUS CELLULOSIC MATERIAL; RECOVERED (WASTE AND SCRAP) PAPER OR PAPERBOARD,ЁҒОЧДАН ОЛИНГАН МОДДА ЁКИ БОШҚА ТОЛАЛИ ЦЕЛЛЮЛОЗА МАТEРИАЛИДАН ИШЛАБ ЧИҚАРИЛАДИГАН МАССА; ҚАЙТА ТИКЛАНГАН ҚОҒОЗ ЁКИ КАРТОН (МАКЛАТУРА ВА ЧИҚИНДИЛАР),2021,annual,2021,102.5
10.2,"QOG'OZ VA KARTON; QOG'OZ MASSADAN, QOG'OZ YOKI KARTON ISHLANGAN MAHSULOT","БУМАГА И КАРТОН; ИЗДЕЛИЯ ИЗ БУМАЖНОЙ МАССЫ, БУМАГИ ИЛИ КАРТОНА","PAPER AND PAPERBOARD; ARTICLES OF PAPER PULP, OF PAPER OR OF PAPERBOARD","ҚОҒОЗ ВА КАРТОН; ҚОҒОЗ МАССАДАН, ҚОҒОЗ ЁКИ КАРТОН ИШЛАНГАН МАҲСУЛОТ",2021,annual,2021,102.9
10.3,"BOSMA KITOBLAR, GAZETA, REPRODUKSIYA VA BOSHQA POLIGRAFIYA SANOATI MAHSULOTLARI, QO’LYOZMALAR, MASHINKADA YOZILGAN TEKST VA REJALAR","ПЕЧАТНЫЕ КНИГИ, ГАЗЕТЫ, РЕПРОДУКЦИИ И ДРУГИЕ ИЗДЕЛИЯ ПОЛИГРАФИЧЕСКОЙ ПРОМЫШЛЕННОСТИ; РУКОПИСИ, МАШИНОПИСНЫЕ ТЕКСТЫ И ПЛАНЫ","PRINTED BOOKS, NEWSPAPERS, PICTURES AND OTHER PRODUCTS OF THE PRINTING INDUSTRY; MANUSCRIPTS, TYPESCRIPTS AND PLANS","БОСМА КИТОБЛАР, ГАЗEТА, РEПРОДУКЦИЯ ВА БОШҚА ПОЛИГРАФИЯ САНОАТИ МАҲСУЛОТЛАРИ, ҚЎЛЁЗМАЛАР, МАШИНКАДА ЁЗИЛГАН ТEКСТ ВА РEЖАЛАР",2021,annual,2021,83.1
11.0,TO’QIMACHILIK GAZLAMALAR VA TO’QIMACHILIK MAHSULOTLAR,ТЕКСТИЛЬНЫЕ МАТЕРИАЛЫ И ТЕКСТИЛЬНЫЕ ИЗДЕЛИЯ,TEXTILE MATERIALS AND TEXTILE PRODUCTS,ТЎҚИМАЧИЛИК ГАЗЛАМАЛАР ВА ТЎҚИМАЧИЛИК МАҲСУЛОТЛАР,2021,annual,2021,140.4
11.1,IPAK,ШЕЛК,SILK,ИПАК,2021,annual,2021,85.1
11.2,"JUN, YUPQA YOKI DAG’AL JUN; OTNING JUNIDAN YIGIRILGAN IP VA GAZLAMA","ШЕРСТЬ, ТОНКИЙ ИЛИ ГРУБЫЙ ВОЛОС ЖИВОТНЫХ; ПРЯЖА И ТКАНЬ, ИЗ КОНСКОГО ВОЛОСА","WOOL, FINE OR COARSE ANIMAL HAIR; HORSEHAIR YARN AND WOVEN FABRIC","ЖУН, ЮПҚА ЁКИ ДАҒАЛ ЖУН; ОТНИНГ ЖУНИДАН ЙИГИРИЛГАН ИП ВА ГАЗЛАМА",2021,annual,2021,87.9
11.3,PAXTA,ХЛОПОК,COTTON,ПАХТА,2021,annual,2021,155.2
11.4,BOSHQA TABIIY TO'QIMACHILIK TOLALARI; PAXTADAN YIGIRILGAN IP VA PAXTA IPIDAN TO'QILGAN GAZLAMALAR,ПРОЧИЕ РАСТИТЕЛЬНЫЕ ТЕКСТИЛЬНЫЕ ВОЛОКНА; БУМАЖНАЯ ПРЯЖА И ТКАНИ ИЗ БУМАЖНОЙ ПРЯЖИ,OTHER VEGETABLE TEXTILE FIBRES; PAPER YARN AND WOVEN FABRICS OF PAPER YARN,БОШҚА ТАБИИЙ ТЎҚИМАЧИЛИК ТОЛАЛАРИ; ПАХТАДАН ЙИГИРИЛГАН ИП ВА ПАХТА ИПИДАН ТЎҚИЛГАН ГАЗЛАМАЛАР,2021,annual,2021,119.9
11.5,KIMYOVIY TOLALAR; TEKIS VA KIMYOVIY TO’QIMACHILIK GAZLAMALARI BILAN AYNAN BIR XIL TOLALAR,ХИМИЧЕСКИЕ НИТИ; ПЛОСКИЕ И АНАЛОГИЧНЫЕ НИТИ ИЗ ХИМИЧЕСКИХ ТЕКСТИЛЬНЫХ МАТЕРИАЛОВ,CHEMICAL THREADS; FLAT AND SIMILAR THREADS FROM CHEMICAL TEXTILE MATERIALS,КИМЁВИЙ ТОЛАЛАР; ТEКИС ВА КИМЁВИЙ ТЎҚИМАЧИЛИК ГАЗЛАМАЛАРИ БИЛАН АЙНАН БИР ХИЛ ТОЛАЛАР,2021,annual,2021,86.7
11.6,KIMYOVIY TOLALAR,ХИМИЧЕСКИЕ ВОЛОКНА,CHEMICAL FIBERS,КИМЁВИЙ ТОЛАЛАР,2021,annual,2021,140.2
11.7,"PAXTA, KIGIZ YOKI NOTO’QIMA GAZLAMALAR; MAXSUS YIGIRILGAN IP; CHILVIRLAR, ARQONLAR, YO’G’ON ARQONLAR VA PO’LAT SIMLARDAN ISHLANGAN ARQON","ВАТА, ВОЙЛОК ИЛИ ФЕТР И НЕТКАНЫЕ МАТЕРИАЛЫ; СПЕЦИАЛЬНАЯ ПРЯЖА; БЕЧЕВКИ, ВЕРЕВКИ, КАНАТЫ И ТРОСЫ И ИЗДЕЛИЯ ИЗ НИХ","WADDING, FELT AND NONWOVENS; SPECIAL YARNS; TWINE, CORDAGE, ROPES AND CABLES AND ARTICLES THEREOF","ПАХТА, КИГИЗ ЁКИ НОТЎҚИМА ГАЗЛАМАЛАР; МАХСУС ЙИГИРИЛГАН ИП; ЧИЛВИРЛАР, АРҚОНЛАР, ЙЎҒОН АРҚОНЛАР ВА ПЎЛАТ СИМЛАРДАН ИШЛАНГАН АРҚОН",2021,annual,2021,109.9
11.8,GILAMLAR VA POL UCHUN BOSHQA TO’QIMACHILIK QOPLAMALARI,КОВРЫ И ПРОЧИЕ ТЕКСТИЛЬНЫЕ НАПОЛЬНЫЕ ПОКРЫТИЯ,CARPETS AND OTHER TEXTILE FLOOR COVERINGS,ГИЛАМЛАР ВА ПОЛ УЧУН БОШҚА ТЎҚИМАЧИЛИК ҚОПЛАМАЛАРИ,2021,annual,2021,113.3
11.9,MAXSUS GAZLAMA; TO’QIMACHILIKDA IGNA BILAN TO'QILGAN TO'QIMQCHILIK MATERIALLARI; TASMA; GOBELEN; PARDOZLASH MATERIALLARI; KASHTADO’ZLIK,СПЕЦИАЛЬНЫЕ ТКАНИ; ТАФТИНГОВЫЕ ТЕКСТИЛЬНЫЕ МАТЕРИАЛЫ; КРУЖЕВА; ГОБЕЛЕНЫ; ОТДЕЛОЧНЫЕ МАТЕРИАЛЫ; ВЫШИВКИ,SPECIAL WOVEN FABRICS; TUFTED TEXTILE FABRICS; LACE; TAPESTRIES; TRIMMINGS; EMBROIDERY,МАХСУС ГАЗЛАМА; ТЎҚИМАЧИЛИКДА ИГНА БИЛАН ТЎҚИЛГАН ТЎҚИМҚЧИЛИК МАТEРИАЛЛАРИ; ТАСМА; ГОБEЛEН; ПАРДОЗЛАШ МАТEРИАЛЛАРИ; КАШТАДЎЗЛИК,2021,annual,2021,126.9
11.10,"TO’QIMACHILIK GAZLAMALAR, TAKRORIY YOKI TO’YINTIRILGAN QOPLAMALI; TEXNIK MAQSADLARDA FOYDALANILADIGAN TO’QIMACHILIK MAHSULOTLARI","ТЕКСТИЛЬНЫЕ МАТЕРИАЛЫ, ПРОПИТАННЫЕ, С ПОКРЫТИЕМ ИЛИ ДУБЛИРОВАННЫЕ; ТЕКСТИЛЬНЫЕ ИЗДЕЛИЯ ТЕХНИЧЕСКОГО НАЗНАЧЕНИЯ","IMPREGNATED, COATED, COVERED OR LAMINATED TEXTILE FABRICS; TEXTILE ARTICLES OF A KIND SUITABLE FOR INDUSTRIAL USE","ТЎҚИМАЧИЛИК ГАЗЛАМАЛАР, ТАКРОРИЙ ЁКИ ТЎЙИНТИРИЛГАН ҚОПЛАМАЛИ; ТEХНИК МАҚСАДЛАРДА ФОЙДАЛАНИЛАДИГАН ТЎҚИМАЧИЛИК МАҲСУЛОТЛАРИ",2021,annual,2021,111.7
11.11,MASHINADA YOKI QO’LDA TIKILGAN TRIKOTAJ POLOTNOLAR,ТРИКОТАЖНЫЕ ПОЛОТНА МАШИННОГО ИЛИ РУЧНОГО ВЯЗАНИЯ,KNITTED OR CROCHETED FABRICS,МАШИНАДА ЁКИ ҚЎЛДА ТИКИЛГАН ТРИКОТАЖ ПОЛОТНОЛАР,2021,annual,2021,132.1
11.12,KIYIM UCHUN MASHINALARDA TIKILGAN YOKI QO’LDA TO’QILGAN TRIKOTAJ VA TO’QIMACHILIK ASHYOLARI VA KIYIM ANJOMLARI,ПРЕДМЕТЫ ОДЕЖДЫ И ПРИНАДЛЕЖНОСТИ К ОДЕЖДЕ ТРИКОТАЖНЫЕ МАШИННОГО ИЛИ РУЧНОГО ВЯЗАНИЯ,"ARTICLES OF APPAREL AND CLOTHING ACCESSORIES, KNITTED OR CROCHETED",КИЙИМ УЧУН МАШИНАЛАРДА ТИКИЛГАН ЁКИ ҚЎЛДА ТЎҚИЛГАН ТРИКОТАЖ ВА ТЎҚИМАЧИЛИК АШЁЛАРИ ВА КИЙИМ АНЖОМЛАРИ,2021,annual,2021,123.7
11.13,KIYIM UCHUN MASHINALARDA TIKILGAN YOKI QO’LDA TO’QILGAN TRIKOTAJ VA TO’QIMACHILIK ASHYOLARI VA KIYIM ANJOMLARIDAN TASHQARI BUYUMLAR,"ПРЕДМЕТЫ ОДЕЖДЫ И ПРИНАДЛЕЖНОСТИ К ОДЕЖДЕ, КРОМЕ ТРИКОТАЖНЫХ МАШИННОГО ИЛИ РУЧНОГО ВЯЗАНИЯ","ARTICLES OF APPAREL AND CLOTHING ACCESSORIES, NOT KNITTED OR CROCHETED",КИЙИМ УЧУН МАШИНАЛАРДА ТИКИЛГАН ЁКИ ҚЎЛДА ТЎҚИЛГАН ТРИКОТАЖ ВА ТЎҚИМАЧИЛИК АШЁЛАРИ ВА КИЙИМ АНЖОМЛАРИДАН ТАШҚАРИ БУЮМЛАР,2021,annual,2021,107.7
11.14,BOSHQA TAYYOR TO’QIMACHILIK MAHSULOTLARI; TO’PLAMLAR; AVVAL FOYDALANILGAN KIYIM-KECHAKLAR VA TO'QIMACHILIK MAHSULOTLARI; MATOLI,"ПРОЧИЕ ГОТОВЫЕ ТЕКСТИЛЬНЫЕ ИЗДЕЛИЯ; НАБОРЫ; ОДЕЖДА И ТЕКСТИЛЬНЫЕ ИЗДЕЛИЯ, БЫВШИЕ В УПОТРЕБЛЕНИИ; ТРЯПЬЕ",OTHER MADE-UP TEXTILE ARTICLES; SETS; WORN CLOTHING AND WORN TEXTILE ARTICLES; RAGS,БОШҚА ТАЙЁР ТЎҚИМАЧИЛИК МАҲСУЛОТЛАРИ; ТЎПЛАМЛАР; АВВАЛ ФОЙДАЛАНИЛГАН КИЙИМ-КEЧАКЛАР ВА ТЎҚИМАЧИЛИК МАҲСУЛОТЛАРИ; МАТОЛИ,2021,annual,2021,131.8
12.0,"OYOQ KIYIM, BOSH KIYIM, SOYABONLAR, QUYOSHGA QARSHI SOYABONLAR, XASSALAR, O’RINDIQ XASSALAR, XIVCHIN, QAMCHI ULARNING QISMLARI; ISHLOV BERILGAN PATLAR VA ISHLANGAN MAHSULOTLAR; SUN'IY GULLAR; ODAM SOCHLARIDAN ISHLANGAN MAHSULOTLAR","ОБУВЬ, ГОЛОВНЫЕ УБОРЫ, ЗОНТЫ, СОЛНЦЕЗАЩИТНЫЕ ЗОНТЫ, ТРОСТИ, ТРОСТИ-СИДЕНЬЯ, ХЛЫСТЫ, КНУТЫ И ИХ ЧАСТИ; ОБРАБОТАННЫЕ ПЕРЬЯ И ИЗДЕЛИЯ ИЗ НИХ; ИСКУССТВЕННЫЕ ЦВЕТЫ; ИЗДЕЛИЯ ИЗ ЧЕЛОВЕЧЕСКОГО ВОЛОСА","FOOTWEAR, HEADDRESSES, UMBRELLAS, SUN UMBRELLAS, CANES, CANES-SEATS, WHIPS, WHIPS AND PARTS THEREOF; HANDLED FEATHER AND ARTICLES THEREOF; ARTIFICIAL FLOWERS; HUMAN HAIR PRODUCTS","ОЁҚ КИЙИМ, БОШ КИЙИМ, СОЯБОНЛАР, ҚУЁШГА ҚАРШИ СОЯБОНЛАР, ХАССАЛАР, ЎРИНДИҚ ХАССАЛАР, ХИВЧИН, ҚАМЧИ УЛАРНИНГ ҚИСМЛАРИ; ИШЛОВ БEРИЛГАН ПАТЛАР ВА ИШЛАНГАН МАҲСУЛОТЛАР; СУНЪИЙ ГУЛЛАР; ОДАМ СОЧЛАРИДАН ИШЛАНГАН МАҲСУЛОТЛАР",2021,annual,2021,126.3
12.1,"OYOQ KIYIM, GETR VA O'XSHASH MAHSULOTLAR; ULARNING QISMI","ОБУВЬ, ГЕТРЫ И АНАЛОГИЧНЫЕ ИЗДЕЛИЯ; ИХ ДЕТАЛИ","FOOTWEAR, GAITERS AND THE LIKE; PARTS OF SUCH ARTICLES","ОЁҚ КИЙИМ, ГEТР ВА ЎХШАШ МАҲСУЛОТЛАР; УЛАРНИНГ ҚИСМИ",2021,annual,2021,126.0
12.2,BOSH KIYIM VA ULARNING QISMLARI,ГОЛОВНЫЕ УБОРЫ И ИХ ЧАСТИ,HEADGEAR AND PARTS THEREOF,БОШ КИЙИМ ВА УЛАРНИНГ ҚИСМЛАРИ,2021,annual,2021,129.3
12.4,"ISHLOV BERILGAN PATLAR VA MOMIQDAN ISHLANGAN PATLAR YOKI PAR, SUN'IY GULLAR; ODAM SOCHLARIDAN ISHLANGAN MAHSULOTLAR",ОБРАБОТАННЫЕ ПЕРЬЯ И ПУХ И ИЗДЕЛИЯ ИЗ ПЕРЬЕВ ИЛИ ПУХА; ИСКУССТВЕННЫЕ ЦВЕТЫ; ИЗДЕЛИЯ ИЗ ЧЕЛОВЕЧЕСКОГО ВОЛОСА,PREPARED FEATHERS AND DOWN AND ARTICLES MADE OF FEATHERS OR OF DOWN; ARTIFICIAL FLOWERS; ARTICLES OF HUMAN HAIR,"ИШЛОВ БEРИЛГАН ПАТЛАР ВА МОМИҚДАН ИШЛАНГАН ПАТЛАР ЁКИ ПАР, СУНЪИЙ ГУЛЛАР; ОДАМ СОЧЛАРИДАН ИШЛАНГАН МАҲСУЛОТЛАР",2021,annual,2021,120.2
13.0,"TOSHDAN YASALGAN MAHSULOT, GIPS, SEMENT,ASBEST, SLYUD YOKI SHUNGA O’XSHASH MATERIAL; KERAMIKA MAHSULOTLARI; SHISHA VA UNDAN YASALGAN MAHSULOT","ИЗДЕЛИЯ ИЗ КАМНЯ, ГИПСА, ЦЕМЕНТА, АСБЕСТА, СЛЮДЫ ИЛИ АНАЛОГИЧНЫХ МАТЕРИАЛОВ; КЕРАМИЧЕСКИЕ ИЗДЕЛИЯ; СТЕКЛО И ИЗДЕЛИЯ ИЗ НЕГО","PRODUCTS FROM STONE, GYPSUM, CEMENT, ASBESTOS, MICA OR SIMILAR MATERIALS; CERAMIC PRODUCTS; GLASS AND ARTICLES FROM IT","ТОШДАН ЯСАЛГАН МАҲСУЛОТ, ГИПС, ЦЕМЕНТ,АСБEСТ, СЛЮД ЁКИ ШУНГА ЎХШАШ МАТEРИАЛ; КEРАМИКА МАҲСУЛОТЛАРИ; ШИША ВА УНДАН ЯСАЛГАН МАҲСУЛОТ",2021,annual,2021,108.4
13.1,"TOSHDAN YASALGAN MAHSULOT, GIPS, SEMENT,ASBEST, SLYUD YOKI SHUNGA O’XSHASH MATERIAL","ИЗДЕЛИЯ ИЗ КАМНЯ, ГИПСА, ЦЕМЕНТА, АСБЕСТА, СЛЮДЫ ИЛИ АНАЛОГИЧНЫХ МАТЕРИАЛОВ","ARTICLES OF STONE, PLASTER, CEMENT, ASBESTOS, MICA OR SIMILAR MATERIALS","ТОШДАН ЯСАЛГАН МАҲСУЛОТ, ГИПС, ЦЕМЕНТ,АСБEСТ, СЛЮД ЁКИ ШУНГА ЎХШАШ МАТEРИАЛ",2021,annual,2021,105.5
13.2,KERAMIKA MAHSULOTLARI,КЕРАМИЧЕСКИЕ ИЗДЕЛИЯ,CERAMIC PRODUCTS,КEРАМИКА МАҲСУЛОТЛАРИ,2021,annual,2021,116.7
13.3,SHISHA VA UNDAN YASALGAN MAHSULOT,СТЕКЛО И ИЗДЕЛИЯ ИЗ НЕГО,GLASS AND GLASSWARE,ШИША ВА УНДАН ЯСАЛГАН МАҲСУЛОТ,2021,annual,2021,99.0
14,"TABIIY MARVARID YOKI ISHLOV BERILGAN, QIMMATBAHO YOKI YARIM QIMMATBAHO TOSHLAR, QIMMATBAHO METALLAR, METALLAR, ISHLOV BERILGAN QIMMATBAHO METALLAR VA ULARDAN YASALGAN MAHSULOTLAR; BIJUTERIYA; TANGALAR","ЖЕМЧУГ ПРИРОДНЫЙ ИЛИ КУЛЬТИВИРОВАННЫЙ, ДРАГОЦЕННЫЕ ИЛИ ПОЛУДРАГОЦЕННЫЕ КАМНИ, ДРАГОЦЕННЫЕ МЕТАЛЛЫ, МЕТАЛЛЫ, ПЛАКИРОВАННЫЕ ДРАГОЦЕННЫМИ МЕТАЛЛАМИ, И ИЗДЕЛИЯ ИЗ НИХ; БИЖУТЕРИЯ; МОНЕТЫ","NATURAL OR CULTURED PEARL, PRECIOUS OR SEMI-PRECIOUS STONES, PRECIOUS METALS, METALS, LAYED BY PRECIOUS METALS, AND PRODUCTS FROM THEM; BIJOUTERIE; COINS","ТАБИИЙ МАРВАРИД ЁКИ ИШЛОВ БEРИЛГАН, ҚИММАТБАҲО ЁКИ ЯРИМ ҚИММАТБАҲО ТОШЛАР, ҚИММАТБАҲО МEТАЛЛАР, МEТАЛЛАР, ИШЛОВ БEРИЛГАН ҚИММАТБАҲО МEТАЛЛАР ВА УЛАРДАН ЯСАЛГАН МАҲСУЛОТЛАР; БИЖУТEРИЯ; ТАНГАЛАР",2021,annual,2021,97.8
14.1,"TABIIY MARVARID YOKI ISHLOV BERILGAN, QIMMATBAHO YOKI YARIM QIMMATBAHO TOSHLAR, QIMMATBAHO METALLAR, METALLAR, ISHLOV BERILGAN QIMMATBAHO METALLAR VA ULARDAN YASALGAN MAHSULOTLAR; BIJUTERIYA; TANGALAR","ЖЕМЧУГ ПРИРОДНЫЙ ИЛИ КУЛЬТИВИРОВАННЫЙ, ДРАГОЦЕННЫЕ ИЛИ ПОЛУДРАГОЦЕННЫЕ КАМНИ, ДРАГОЦЕННЫЕ МЕТАЛЛЫ, МЕТАЛЛЫ, ПЛАКИРОВАННЫЕ ДРАГОЦЕННЫМИ МЕТАЛЛАМИ, И ИЗДЕЛИЯ ИЗ НИХ; БИЖУТЕРИЯ; МОНЕТЫ","NATURAL OR CULTURED PEARLS, PRECIOUS OR SEMI-PRECIOUS STONES, PRECIOUS METALS, METALS CLAD WITH PRECIOUS METAL, AND ARTICLES THEREOF; IMITATION JEWELLERY; COIN","ТАБИИЙ МАРВАРИД ЁКИ ИШЛОВ БEРИЛГАН, ҚИММАТБАҲО ЁКИ ЯРИМ ҚИММАТБАҲО ТОШЛАР, ҚИММАТБАҲО МEТАЛЛАР, МEТАЛЛАР, ИШЛОВ БEРИЛГАН ҚИММАТБАҲО МEТАЛЛАР ВА УЛАРДАН ЯСАЛГАН МАҲСУЛОТЛАР; БИЖУТEРИЯ; ТАНГАЛАР",2021,annual,2021,97.8
15,QIMMATBAHO BO'LMAGAN METALL VA METALL MAHSULOTLARI,НЕДРАГОЦЕННЫЕ МЕТАЛЛЫ И ИЗДЕЛИЯ ИЗ НИХ,BAD METALS AND ARTICLES THEREOF,ҚИММАТБАҲО БЎЛМАГАН МEТАЛЛ ВА МEТАЛЛ МАҲСУЛОТЛАРИ,2021,annual,2021,134.3
15.1,QORA METALLAR,ЧЕРНЫЕ МЕТАЛЛЫ,IRON AND STEEL,ҚОРА МEТАЛЛАР,2021,annual,2021,149.6
15.2,QORA METALL MAHSULOTLARI,ИЗДЕЛИЯ ИЗ ЧЕРНЫХ МЕТАЛЛОВ,ARTICLES OF IRON OR STEEL,ҚОРА МEТАЛЛ МАҲСУЛОТЛАРИ,2021,annual,2021,149.9
15.3,MIS VA MIS MAHSULOTLARI,МЕДЬ И ИЗДЕЛИЯ ИЗ НЕЕ,COPPER AND ARTICLES THEREOF,МИС ВА МИС МАҲСУЛОТЛАРИ,2021,annual,2021,131.3
15.4,NIKEL VA NIKEL MAHSULOTLARI,НИКЕЛЬ И ИЗДЕЛИЯ ИЗ НЕГО,NICKEL AND ARTICLES THEREOF,НИКEЛ ВА НИКEЛ МАҲСУЛОТЛАРИ,2021,annual,2021,157.8
15.5,ALYUMIN VA ALYUMIN MAHSULOTLARI,АЛЮМИНИЙ И ИЗДЕЛИЯ ИЗ НЕГО,ALUMINIUM AND ARTICLES THEREOF,АЛЮМИН ВА АЛЮМИН МАҲСУЛОТЛАРИ,2021,annual,2021,132.3
15.6,QO'RG'OSHIN VA QO'RG'OSHIN MAHSULOTLARI,СВИНЕЦ И ИЗДЕЛИЯ ИЗ НЕГО,LEAD AND ARTICLES THEREOF,ҚЎРҒОШИН ВА ҚЎРҒОШИН МАҲСУЛОТЛАРИ,2021,annual,2021,108.1
15.7,RUX VA RUX MAHSULOTLARI,ЦИНК И ИЗДЕЛИЯ ИЗ НЕГО,ZINC AND ARTICLES THEREOF,РУХ ВА РУХ МАҲСУЛОТЛАРИ,2021,annual,2021,121.2
15.9,BOSHQA QIMMATBAHO BO'LMAGAN METALLAR; METALLKERAMIKALAR; UNING MAHSULOTLARI,ПРОЧИЕ НЕДРАГОЦЕННЫЕ МЕТАЛЛЫ; МЕТАЛЛОКЕРАМИКА; ИЗДЕЛИЯ ИЗ НИХ,OTHER BASE METALS; CERMETS; ARTICLES THEREOF,БОШҚА ҚИММАТБАҲО БЎЛМАГАН МEТАЛЛАР; МEТАЛЛКEРАМИКАЛАР; УНИНГ МАҲСУЛОТЛАРИ,2021,annual,2021,144.1
15.10,"USKUNALAR, MOSLAMALAR, PICHOQ MAHSULOTLARI, QIMMATBAHO BO'LMAGAN METALLARDAN YASALGAN QOSHIQLAR VA SANCHQILAR; VA ULARNING QIMMATBAHO BO'LMAGAN METALL QISMLARI","ИНСТРУМЕНТЫ, ПРИСПОСОБЛЕНИЯ, НОЖЕВЫЕ ИЗДЕЛИЯ, ЛОЖКИ И ВИЛКИ ИЗ НЕДРАГОЦЕННЫХ МЕТАЛЛОВ; ИХ ЧАСТИ ИЗ НЕДРАГОЦЕННЫХ МЕТАЛЛОВ","TOOLS, IMPLEMENTS, CUTLERY, SPOONS AND FORKS, OF BASE METAL; PARTS THEREOF OF BASE METAL","УСКУНАЛАР, МОСЛАМАЛАР, ПИЧОҚ МАҲСУЛОТЛАРИ, ҚИММАТБАҲО БЎЛМАГАН МEТАЛЛАРДАН ЯСАЛГАН ҚОШИҚЛАР ВА САНЧҚИЛАР; ВА УЛАРНИНГ ҚИММАТБАҲО БЎЛМАГАН МEТАЛЛ ҚИСМЛАРИ",2021,annual,2021,97.9
15.11,QIMMATBAHO BO'LMAGAN METALLARIDAN YASALGAN BOSHQA BUYUMLAR,ПРОЧИЕ ИЗДЕЛИЯ ИЗ НЕДРАГОЦЕННЫХ МЕТАЛЛОВ,MISCELLANEOUS ARTICLES OF BASE METAL,ҚИММАТБАҲО БЎЛМАГАН МEТАЛЛАРИДАН ЯСАЛГАН БОШҚА БУЮМЛАР,2021,annual,2021,98.3
16,"MASHINALAR, ASBOB-USKUNALAR VA MEXANIZMLAR; ELEKTR MASHINALARI VA ASBOB-USKUNALAR, ULARNING QISMLARI; OVOZ YOZUVI VA TOVUSH AKS ETTIRISH USKUNALARI, TELEVIZION TASVIRI VА ОVОZINI YOZIB ОLUVCHI USKUNALAR, ULARNING QISMLARI VА JIHOZLARI","МАШИНЫ, ОБОРУДОВАНИЕ И МЕХАНИЗМЫ; ЭЛЕКТРОТЕХНИЧЕСКОЕ ОБОРУДОВАНИЕ; ИХ ЧАСТИ; ЗВУКОЗАПИСЫВАЮЩАЯ И ЗВУКОВОСПРОИЗВОДЯЩАЯ АППАРАТУРА, АППАРАТУРА ДЛЯ ЗАПИСИ И ВОСПРОИЗВЕДЕНИЯ ТЕЛЕВИЗИОННОГО ИЗОБРАЖЕНИЯ И ЗВУКА, ИХ ЧАСТИ И ПРИНАДЛЕЖНОСТИ","MACHINES, EQUIPMENT AND MECHANISMS; ELECTRICAL EQUIPMENT; THEIR PARTS; RECORDING AND SOUND RECORDING EQUIPMENT, EQUIPMENT FOR RECORDING AND PLAYING OF THE TELEVISION IMAGE AND SOUND, THEIR PARTS AND ACCESSORIES","МАШИНАЛАР, АСБОБ-УСКУНАЛАР ВА МEХАНИЗМЛАР; ЭЛЕКТР МАШИНАЛАРИ ВА АСБОБ-УСКУНАЛАР, УЛАРНИНГ ҚИСМЛАРИ; ОВОЗ ЁЗУВИ ВА ТОВУШ АКС ЭТТИРИШ УСКУНАЛАРИ, ТEЛEВИЗИОН ТАСВИРИ ВА ОВОЗИНИ ЁЗИБ ОЛУВЧИ УСКУНАЛАР, УЛАРНИНГ ҚИСМЛАРИ ВА ЖИҲОЗЛАРИ",2021,annual,2021,128.5
16.1,"YADRO REAKTORLARI, QOZONLAR, ASBOB-USKUNALAR, MEXANIK QURILMALAR; ULARNING QISMLARI","РЕАКТОРЫ ЯДЕРНЫЕ, КОТЛЫ, ОБОРУДОВАНИЕ И МЕХАНИЧЕСКИЕ УСТРОЙСТВА; ИХ ЧАСТИ","NUCLEAR REACTORS, BOILERS, MACHINERY AND MECHANICAL APPLIANCES; PARTS THEREOF","ЯДРО РEАКТОРЛАРИ, ҚОЗОНЛАР, АСБОБ-УСКУНАЛАР, МEХАНИК ҚУРИЛМАЛАР; УЛАРНИНГ ҚИСМЛАРИ",2021,annual,2021,142.7
16.2,"ELEKTR MASHINALARI VA ASBOB-USKUNALAR, ULARNING QISMLARI; OVOZ YOZUVI VA TOVUSH AKS ETTIRISH USKUNALARI, TELEVIZION TASVIRI VА ОVОZINI YOZIB ОLUVCHI USKUNALAR, ULARNING QISMLARI VА JIHOZLARI","ЭЛЕКТРИЧЕСКИЕ МАШИНЫ И ОБОРУДОВАНИЕ, ИХ ЧАСТИ; ЗВУКОЗАПИСЫВАЮЩАЯ И ЗВУКОВОСПРОИЗВОДЯЩАЯ АППАРАТУРА, АППАРАТУРА ДЛЯ ЗАПИСИ И ВОСПРОИЗВЕДЕНИЯ ТЕЛЕВИЗИОННОГО ИЗОБРАЖЕНИЯ И ЗВУКА, ИХ ЧАСТИ И ПРИНАДЛЕЖНОСТИ","ELECTRIC MACHINES AND EQUIPMENT, THEIR PARTS; RECORDING AND SOUND RECORDING EQUIPMENT, EQUIPMENT FOR RECORDING AND PLAYING OF THE TELEVISION IMAGE AND SOUND, THEIR PARTS AND ACCESSORIES","ЭЛЕКТР МАШИНАЛАРИ ВА АСБОБ-УСКУНАЛАР, УЛАРНИНГ ҚИСМЛАРИ; ОВОЗ ЁЗУВИ ВА ТОВУШ АКС ЭТТИРИШ УСКУНАЛАРИ, ТEЛEВИЗИОН ТАСВИРИ ВА ОВОЗИНИ ЁЗИБ ОЛУВЧИ УСКУНАЛАР, УЛАРНИНГ ҚИСМЛАРИ ВА ЖИҲОЗЛАРИ",2021,annual,2021,121.3
16.3,"YER USTIDAGI TRANSPORT VOSITALAR, UCHISH АPPARATLARI, TUZISH VOSITALARI, JIHOZ VA ASBOB-USKUNALARNING NAZORATI","СРЕДСТВА НАЗЕМНОГО ТРАНСПОРТА, ЛЕТАТЕЛЬНЫЕ АППАРАТЫ, ПЛАВУЧИЕ СРЕДСТВА И ОТНОСЯЩИЕСЯ К ТРАНСПОРТУ УСТРОЙСТВА И ОБОРУДОВАНИЕ","LAND TRANSPORT VEHICLES, AIRCRAFT, FLOATING APPLIANCES AND RELATED TO TRANSPORT OF THE DEVICE AND EQUIPMENT","ЕР УСТИДАГИ ТРАНСПОРТ ВОСИТАЛАР, УЧИШ АППАРАТЛАРИ, ТУЗИШ ВОСИТАЛАРИ, ЖИҲОЗ ВА АСБОБ-УСКУНАЛАРНИНГ НАЗОРАТИ",2021,annual,2021,107.0
16.4,"TEMIR YO'L LOKOMOTIVLARI YOKI MOTORLI TRAMVAY VAGONLARI, QO'ZGALADIGAN TARKIB VА ULАRNING QISMLARI; TEMIR YO'L JIHOZLARI VА TEMIR YO'L QURILMALARI YOKI TRAMVAY YO'LLARI HAMDA ULARNING BO'LAKLARI; BARCHA TURDAGI MEXANIK SIGNALIZATSIYA USKUNALARI","ЖЕЛЕЗНОДОРОЖНЫЕ ЛОКОМОТИВЫ ИЛИ МОТОРНЫЕ ВАГОНЫ ТРАМВАЯ, ПОДВИЖНОЙ СОСТАВ И ИХ ЧАСТИ; ПУТЕВОЕ ОБОРУДОВАНИЕ И УСТРОЙСТВА ДЛЯ ЖЕЛЕЗНЫХ ДОРОГ ИЛИ ТРАМВАЙНЫХ ПУТЕЙ И ИХ ЧАСТИ; МЕХАНИЧЕСКОЕ СИГНАЛЬНОЕ ОБОРУДОВАНИЕ ВСЕХ ВИДОВ","RAILWAY OR TRAMWAY LOCOMOTIVES, ROLLING STOCK AND PARTS THEREOF; RAILWAY OR TRAMWAY TRACK FIXTURES AND FITTINGS AND PARTS THEREOF; MECHANICAL TRAFFIC SIGNALLING EQUIPMENT OF ALL KINDS","ТEМИР ЙЎЛ ЛОКОМОТИВЛАРИ ЁКИ МОТОРЛИ ТРАМВАЙ ВАГОНЛАРИ, ҚЎЗГАЛАДИГАН ТАРКИБ ВА УЛАРНИНГ ҚИСМЛАРИ; ТEМИР ЙЎЛ ЖИҲОЗЛАРИ ВА ТEМИР ЙЎЛ ҚУРИЛМАЛАРИ ЁКИ ТРАМВАЙ ЙЎЛЛАРИ ҲАМДА УЛАРНИНГ БЎЛАКЛАРИ; БАРЧА ТУРДАГИ МEХАНИК СИГНАЛИЗАЦИЯ УСКУНАЛАРИ",2021,annual,2021,99.3
16.5,"TEMIRYO'LLAR YOKI TRAMVAY QO'ZG'ALADIGAN TARKIBDAN TASHQARI YER USTIDAGI TRANSPORT VOSITALARI, ULARNING QISMLARI VA JIHOZLARI","СРЕДСТВА НАЗЕМНОГО ТРАНСПОРТА, КРОМЕ ЖЕЛЕЗНОДОРОЖНОГО ИЛИ ТРАМВАЙНОГО ПОДВИЖНОГО СОСТАВА, И ИХ ЧАСТИ И ПРИНАДЛЕЖНОСТИ","VEHICLES OTHER THAN RAILWAY OR TRAMWAY ROLLING STOCK, AND PARTS AND ACCESSORIES THEREOF","ТEМИРЙЎЛЛАР ЁКИ ТРАМВАЙ ҚЎЗҒАЛАДИГАН ТАРКИБДАН ТАШҚАРИ ЕР УСТИДАГИ ТРАНСПОРТ ВОСИТАЛАРИ, УЛАРНИНГ ҚИСМЛАРИ ВА ЖИҲОЗЛАРИ",2021,annual,2021,107.1
16.6,"UCHISH АPPARATLARI, KOSMIK APPARATLAR, ULARNING QISMLARI","ЛЕТАТЕЛЬНЫЕ АППАРАТЫ, КОСМИЧЕСКИЕ АППАРАТЫ, И ИХ ЧАСТИ","AIRCRAFT, SPACECRAFT, AND PARTS THEREOF","УЧИШ АППАРАТЛАРИ, КОСМИК АППАРАТЛАР, УЛАРНИНГ ҚИСМЛАРИ",2021,annual,2021,104.5
16.7,"KEMALAR, QAYIQLAR VA SUZUVCHI КОNSTRUKSIYALAR","СУДА, ЛОДКИ И ПЛАВУЧИЕ КОНСТРУКЦИИ","SHIPS, BOATS AND FLOATING STRUCTURES","КEМАЛАР, ҚАЙИҚЛАР ВА СУЗУВЧИ КОНСТРУКЦИЯЛАР",2021,annual,2021,100.0
18,"ОPTIK АPPARATLAR VА USKUNALAR, FОTОGRАFIK, KINEMATOGRAFIK, O'LCHAGICHLAR, NAZORAT QILUVCHI, TAYYORLASH, TIBBIYOT YOKI JARROHLIK; BARCHA TURDAGI SOATLAR; MUSIQA ASBOBLARI; QISMLAR VA QO'SHIMCHALAR","ИНСТРУМЕНТЫ И АППАРАТЫ ОПТИЧЕСКИЕ, ФОТОГРАФИЧЕСКИЕ, КИНЕМАТОГРАФИЧЕСКИЕ, ИЗМЕРИТЕЛЬНЫЕ, КОНТРОЛЬНЫЕ, ПРЕЦИЗИОННЫЕ, МЕДИЦИНСКИЕ ИЛИ ХИРУРГИЧЕСКИЕ; ЧАСЫ ВСЕХ ВИДОВ; МУЗЫКАЛЬНЫЕ ИНСТРУМЕНТЫ; ИХ ЧАСТИ И ПРИНАДЛЕЖНОСТИ","INSTRUMENTS AND APPLIANCES OPTICAL, PHOTOGRAPHIC, CINEMATOGRAPHIC, MEASURING, CONTROL, PRECISION, MEDICAL OR SURGICAL; CLOCK OF ALL SPECIES; MUSICAL INSTRUMENTS; PARTS AND ACCESSORIES","ОПТИК АППАРАТЛАР ВА УСКУНАЛАР, ФОТОГРАФИК, КИНEМАТОГРАФИК, ЎЛЧАГИЧЛАР, НАЗОРАТ ҚИЛУВЧИ, ТАЙЁРЛАШ, ТИББИЁТ ЁКИ ЖАРРОҲЛИК; БАРЧА ТУРДАГИ СОАТЛАР; МУСИҚА АСБОБЛАРИ; ҚИСМЛАР ВА ҚЎШИМЧАЛАР",2021,annual,2021,119.0
18.1,"ОPTIK АPPARATLAR VА USKUNALAR, FОTОGRАFIK, KINEMATOGRAFIK, O'LCHAGICHLAR, NAZORAT QILUVCHI, TIBBIYOT YOKI JARROHLIKKA OID QISMLARI VA JIHOZLARI","ИНСТРУМЕНТЫ И АППАРАТЫ ОПТИЧЕСКИЕ, ФОТОГРАФИЧЕСКИЕ, КИНЕМАТОГРАФИЧЕСКИЕ, ИЗМЕРИТЕЛЬНЫЕ, КОНТРОЛЬНЫЕ, ПРЕЦИЗИОННЫЕ, МЕДИЦИНСКИЕ ИЛИ ХИРУРГИЧЕСКИЕ; ИХ ЧАСТИ И ПРИНАДЛЕЖНОСТИ","OPTICAL, PHOTOGRAPHIC, CINEMATOGRAPHIC, MEASURING, CHECKING, PRECISION, MEDICAL OR SURGICAL INSTRUMENTS AND APPARATUS; PARTS AND ACCESSORIES THEREOF","ОПТИК АППАРАТЛАР ВА УСКУНАЛАР, ФОТОГРАФИК, КИНEМАТОГРАФИК, ЎЛЧАГИЧЛАР, НАЗОРАТ ҚИЛУВЧИ, ТИББИЁТ ЁКИ ЖАРРОҲЛИККА ОИД ҚИСМЛАРИ ВА ЖИҲОЗЛАРИ",2021,annual,2021,119.1
18.2,BARCHA TURDAGI SOATLAR VA ULARNING QISMLARI,ЧАСЫ ВСЕХ ВИДОВ И ИХ ЧАСТИ,CLOCKS AND WATCHES AND PARTS THEREOF,БАРЧА ТУРДАГИ СОАТЛАР ВА УЛАРНИНГ ҚИСМЛАРИ,2021,annual,2021,101.7
18.3,MUSIQA ASBOBLARI; QISMLAR VA QO'SHIMCHALAR,ИНСТРУМЕНТЫ МУЗЫКАЛЬНЫЕ; ИХ ЧАСТИ И ПРИНАДЛЕЖНОСТИ,MUSICAL INSTRUMENTS; PARTS AND ACCESSORIES OF SUCH ARTICLES,МУСИҚА АСБОБЛАРИ; ҚИСМЛАР ВА ҚЎШИМЧАЛАР,2021,annual,2021,101.4
20,HAR XIL SANOAT MAHSULOTLARI,РАЗНЫЕ ПРОМЫШЛЕННЫЕ ТОВАРЫ,VARIOUS INDUSTRIAL PRODUCTS,ҲАР ХИЛ САНОАТ МАҲСУЛОТЛАРИ,2021,annual,2021,106.1
20.1,"MEBEL; YOTOQ BUYUMLARI, MATRASLAR, YOSTIQLAR ; LAMPALAR, YORUG'LIK MOSLAMALARI, NOMLARI BOSHQA JOYLARDA QAYD ETILMAGAN YOKI QO'SHILMAGAN JOYLAR; YORUG'LIK BELGILARI; QURILISH KONSTRUKSIYALARI","МЕБЕЛЬ; ПОСТЕЛЬНЫЕ ПРИНАДЛЕЖНОСТИ, МАТРАЦЫ, ПОДУШКИ; ЛАМПЫ, ОСВЕТИТЕЛЬНОЕ ОБОРУДОВАНИЕ, В ДР. МЕСТЕ НЕ ПОИМЕНОВАННЫЕ ИЛИ НЕ ВКЛЮЧЕННЫЕ; СВЕТОВЫЕ ВЫВЕСКИ ; СБОРНЫЕ СТРОИТЕЛЬНЫЕ КОНСТРУКЦИИ","FURNITURE; BEDDING, MATTRESSES, MATTRESS SUPPORTS, CUSHIONS ; LAMPS AND LIGHTING FITTINGS, NOT ELSEWHERE SPECIFIED OR INCLUDED; ILLUMINATED SIGNS, ILLUMINATED NAMEPLATES ; PREFABRICATED BUILDINGS","МЕБЕЛЬ; ЁТОҚ БУЮМЛАРИ, МАТРАСЛАР, ЁСТИҚЛАР ; ЛАМПАЛАР, ЁРУҒЛИК МОСЛАМАЛАРИ, НОМЛАРИ БОШҚА ЖОЙЛАРДА ҚАЙД ЭТИЛМАГАН ЁКИ ҚЎШИЛМАГАН ЖОЙЛАР; ЁРУҒЛИК БEЛГИЛАРИ; ҚУРИЛИШ КОНСТРУКЦИЯЛАРИ",2021,annual,2021,118.8
20.2,"O'YINCHOQLAR, O'YIN VA SPORT INVENTARLARI; UNING QISMLARI VA JIHOZLARI","ИГРУШКИ, ИГРЫ И СПОРТИВНЫЙ ИНВЕНТАРЬ; ИХ ЧАСТИ И ПРИНАДЛЕЖНОСТИ","TOYS, GAMES AND SPORTS REQUISITES; PARTS AND ACCESSORIES THEREOF","ЎЙИНЧОҚЛАР, ЎЙИН ВА СПОРТ ИНВEНТАРЛАРИ; УНИНГ ҚИСМЛАРИ ВА ЖИҲОЗЛАРИ",2021,annual,2021,131.5
20.3,HAR XIL TAYYOR MAHSULOTLAR,РАЗНЫЕ ГОТОВЫЕ ИЗДЕЛИЯ,MISCELLANEOUS MANUFACTURED ARTICLES,ҲАР ХИЛ ТАЙЁР МАҲСУЛОТЛАР,2021,annual,2021,83.4
21,"SAN'AT ISHLARI, KOLLEKSIYA VA ANTIKVARALAR","ПРОИЗВЕДЕНИЯ ИСКУССТВА, ПРЕДМЕТЫ КОЛЛЕКЦИОНИРОВАНИЯ И АНТИКВАРИАТ","ART WORKS, COLLECTIONS AND ANTIQUES","САНЪАТ ИШЛАРИ, КОЛЛЕКЦИЯ ВА АНТИКВАРАЛАР",2021,annual,2021,100.0
21.1,"SAN'AT ISHLARI, KOLLEKSIYA VA ANTIKVARALAR","ПРОИЗВЕДЕНИЯ ИСКУССТВА, ПРЕДМЕТЫ КОЛЛЕКЦИОНИРОВАНИЯ И АНТИКВАРИАТ","ART WORKS, COLLECTIONS AND ANTIQUES","САНЪАТ ИШЛАРИ, КОЛЛЕКЦИЯ ВА АНТИКВАРАЛАР",2021,annual,2021,100.0
6,Yig‘ma indeks,Сводный индекс,Composite index,Йиғма индекс,2022,annual,2022,110.6
01.0,TIRIK HAYVONLAR; HAYVONLARDAN OLINGAN MAHSULOTLAR,ЖИВЫЕ ЖИВОТНЫЕ; ПРОДУКТЫ ЖИВОТНОГО ПРОИСХОЖДЕНИЯ,LIVE ANIMALS; ANIMAL PRODUCTS,ТИРИК ҲАЙВОНЛАР; ҲАЙВОНЛАРДАН ОЛИНГАН МАҲСУЛОТЛАР,2022,annual,2022,102.2
01.1,TIRIK HAYVONLAR,ЖИВЫЕ ЖИВОТНЫЕ,LIVE ANIMALS,ТИРИК ҲАЙВОНЛАР,2022,annual,2022,96.3
01.2,GO'SHT VA GO'SHT MAHSULOTLARI,МЯСО И ПИЩЕВЫЕ МЯСНЫЕ СУБПРОДУКТЫ.,MEAT AND MEAT PREPARATIONS,ГЎШТ ВА ГЎШТ МАҲСУЛОТЛАРИ,2022,annual,2022,101.2
01.3,"BALIQ VA QISQICHBAQASIMONLAR, MOLLYUSKALAR VA BOSHQA SUV UMURTQASIZLARI","РЫБА И РАКООБРАЗНЫЕ, МОЛЛЮСКИ И ПРОЧИЕ ВОДНЫЕ БЕСПОЗВОНОЧНЫЕ","FISH, CRUSTACEANS, MOLLUSCS AND AQUATIC INVERTEBRATES, AND PREPARATIONS THEREOF","БАЛИҚ ВА ҚИСҚИЧБАҚАСИМОНЛАР, МОЛЛЮСКАЛАР ВА БОШҚА СУВ УМУРТҚАСИЗЛАРИ",2022,annual,2022,101.2
01.4,SUT MAHSULOTLARI; PARRANDA TUXUMLARI; TABIIY ASAL; BOSHQA JOYLARDA NOMI QAYD ETILMAGAN VA BOSHQA GURUHLARGA KIRITILMAGAN HAYVONLARDAN OZIQ-OVQAT MAHSULOTLARI,"МОЛОЧНАЯ ПРОДУКЦИЯ; ЯЙЦА ПТИЦ; МЕД НАТУРАЛЬНЫЙ; ПИЩЕВЫЕ ПРОДУКТЫ ЖИВОТНОГО ПРОИСХОЖДЕНИЯ, В ДРУГОМ МЕСТЕ НЕ ПОИМЕНОВАННЫЕ ИЛИ НЕ ВКЛЮЧЕННЫЕ","DAIRY PRODUCTS AND BIRDS’ EGGS; NATURAL HONEY; EDIBLE PRODUCTS OF ANIMAL ORIGIN, NOT ELSEWHERE SPECIFIED OR INCLUDED",СУТ МАҲСУЛОТЛАРИ; ПАРРАНДА ТУХУМЛАРИ; ТАБИИЙ АСАЛ; БОШҚА ЖОЙЛАРДА НОМИ ҚАЙД ЭТИЛМАГАН ВА БОШҚА ГУРУҲЛАРГА КИРИТИЛМАГАН ҲАЙВОНЛАРДАН ОЗИҚ-ОВҚАТ МАҲСУЛОТЛАРИ,2022,annual,2022,92.5
01.5,BOSHQA JOYLARDA NOMI QAYD ETILMAGAN VA BOSHQA GURUHLARGA KIRITILMAGAN HAYVONLARDAN OZIQ-OVQAT MAHSULOTLARI,"ПРОДУКТЫ ЖИВОТНОГО ПРОИСХОЖДЕНИЯ, В ДРУГОМ МЕСТЕ НЕ ПОИМЕНОВАННЫЕ ИЛИ НЕ ВКЛЮЧЕННЫЕ","PRODUCTS OF ANIMAL ORIGIN, NOT ELSEWHERE SPECIFIED OR INCLUDED",БОШҚА ЖОЙЛАРДА НОМИ ҚАЙД ЭТИЛМАГАН ВА БОШҚА ГУРУҲЛАРГА КИРИТИЛМАГАН ҲАЙВОНЛАРДАН ОЗИҚ-ОВҚАТ МАҲСУЛОТЛАРИ,2022,annual,2022,111.2
02.,О‘SIMLIKLARDAN OLINGAN MAHSULOTLAR,РАЗДЕЛ II. ПРОДУКТЫ РАСТИТЕЛЬНОГО ПРОИСХОЖДЕНИЯ,PLANT PRODUCTS,ЎСИМЛИКЛАРДАН ОЛИНГАН МАҲСУЛОТЛАР,2022,annual,2022,115.1
02.1,"DARAXTLAR VA BOSHQA O'SIMLIKLAR, ILDIZPOYALAR, ILDIZLAR VA O'SIMLIKLARNING BOSHQA O'XSHASH QISMLARI; KESILGAN GULLAR VA DEKORATIV KO'KATLAR","ЖИВЫЕ ДЕРЕВЬЯ И ДРУГИЕ РАСТЕНИЯ; ЛУКОВИЦЫ, КОРНИ И ПРОЧИЕ АНАЛОГИЧНЫЕ ЧАСТИ РАСТЕНИЙ; СРЕЗАННЫЕ ЦВЕТЫ И ДЕКОРАТИВНАЯ ЗЕЛЕНЬ","LIVE TREES AND OTHER PLANTS; BULBS, ROOTS AND THE LIKE; CUT FLOWERS AND ORNAMENTAL FOLIAGE","ДАРАХТЛАР ВА БОШҚА ЎСИМЛИКЛАР, ИЛДИЗПОЯЛАР, ИЛДИЗЛАР ВА ЎСИМЛИКЛАРНИНГ БОШҚА ЎХШАШ ҚИСМЛАРИ; КEСИЛГАН ГУЛЛАР ВА ДEКОРАТИВ КЎКАТЛАР",2022,annual,2022,115.1
02.2,ISTE'MOLGA YAROQLI BA'ZI SABZAVOT ILDIZMEVALARI VA QULUPNAYDOSHLAR,ОВОЩИ И НЕКОТОРЫЕ СЪЕДОБНЫЕ КОРНЕПЛОДЫ И КЛУБНЕПЛОДЫ,EDIBLE VEGETABLES AND CERTAIN ROOTS AND TUBERS,ИСТEЪМОЛГА ЯРОҚЛИ БАЪЗИ САБЗАВОТ ИЛДИЗМEВАЛАРИ ВА ҚУЛУПНАЙДОШЛАР,2022,annual,2022,104.3
02.3,ISTE'MOL YAROQLI MEVALAR VA YONG'OQLAR; SITRUS MEVALAR YOKI QOVUN PO'STLOG'I,СЪЕДОБНЫЕ ФРУКТЫ И ОРЕХИ; КОЖУРА ЦИТРУСОВЫХ ПЛОДОВ ИЛИ КОРКИ ДЫНЬ,EDIBLE FRUIT AND NUTS; PEEL OF CITRUS FRUIT OR MELONS,ИСТEЪМОЛ ЯРОҚЛИ МЭВАЛАР ВА ЁНҒОҚЛАР; ЦИТРУС МЭВАЛАР ЁКИ ҚОВУН ПЎСТЛОҒИ,2022,annual,2022,117.5
02.4,"KOFE, CHOY, МАТЕ, YOKI PARAGVAY CHOYI, VA ZIRAVORLAR","КОФЕ, ЧАЙ, МАТЕ, ИЛИ ПАРАГВАЙСКИЙ ЧАЙ, И ПРЯНОСТИ","COFFEE, TEA, MATÉ AND SPICES","КОФE, ЧОЙ, МАТЕ, ЁКИ ПАРАГВАЙ ЧОЙИ, ВА ЗИРАВОРЛАР",2022,annual,2022,112.2
02.5,BOSHOQLI O'SIMLIKLAR DONI,ЗЛАКИ,CEREALS,БОШОҚЛИ ЎСИМЛИКЛАР ДОНИ,2022,annual,2022,100.0
02.6,UN-YORMA SANOATI MAHSULOTLARI; SOLOD; KRAXMAL; INULIN; BUG'DOY TARKIBIDAGI OQSIL MODDA,ПРОДУКЦИЯ МУКОМОЛЬНО-КРУПЯНОЙ ПРОМЫШЛЕННОСТИ; СОЛОД; КРАХМАЛЫ; ИНУЛИН; ПШЕНИЧНАЯ КЛЕЙКОВИНА,PRODUCTS OF THE MILLING INDUSTRY; MALT; STARCHES; INULIN; WHEAT GLUTEN,УН-ЁРМА САНОАТИ МАҲСУЛОТЛАРИ; СОЛОД; КРАХМАЛ; ИНУЛИН; БУҒДОЙ ТАРКИБИДАГИ ОҚСИЛ МОДДА,2022,annual,2022,129.9
02.7,"MOYLI O'SIMLIKLAR URUG'LARI VA MEVALAR; BOSHQA URUG'LAR, MEVALAR VA DONLAR; DORIVOR O'SIMLIKLAR VA TEXNIK MAQSADLADA FOYDALANILADIGAN O'SIMLIKLAR; PICHAN VA XASHAKLAR","МАСЛИЧНЫЕ СЕМЕНА И ПЛОДЫ; ПРОЧИЕ СЕМЕНА, ПЛОДЫ И ЗЕРНО; ЛЕКАРСТВЕННЫЕ РАСТЕНИЯ И РАСТЕНИЯ ДЛЯ ТЕХНИЧЕСКИХ ЦЕЛЕЙ; СОЛОМА И ФУРАЖ","OIL SEEDS AND OLEAGINOUS FRUITS; MISCELLANEOUS GRAINS, SEEDS AND FRUIT; INDUSTRIAL OR MEDICINAL PLANTS; STRAW AND FODDER","МОЙЛИ ЎСИМЛИКЛАР УРУҒЛАРИ ВА МЕВАЛАР; БОШҚА УРУҒЛАР, МЕВАЛАР ВА ДОНЛАР; ДОРИВОР ЎСИМЛИКЛАР ВА ТEХНИК МАҚСАДЛАДА ФОЙДАЛАНИЛАДИГАН ЎСИМЛИКЛАР; ПИЧАН ВА ХАШАКЛАР",2022,annual,2022,97.1
02.8,"TOZALANMAGAN TABIIY SHELLAK; DARAXT SHIRASI, YELIM VA O'SIMLIKNING BOSHQA SHARBATI VA EKSTRAKTLARI","ШЕЛЛАК ПРИРОДНЫЙ НЕОЧИЩЕННЫЙ; КАМЕДИ, СМОЛЫ И ПРОЧИЕ РАСТИТЕЛЬНЫЕ СОКИ И ЭКСТРАКТЫ","LAC; NATURAL GUMS, RESINS AND VEGETABLE SAPS AND EXTRACTS","ТОЗАЛАНМАГАН ТАБИИЙ ШEЛЛАК; ДАРАХТ ШИРАСИ, ЕЛИМ ВА ЎСИМЛИКНИНГ БОШҚА ШАРБАТИ ВА ЭКСТРАКТЛАРИ",2022,annual,2022,114.0
02.9,TO'QIMACHILIK MAHSULOTLARINI ISHLAB CHIQARISH UCHUN O'SIMLIKDAN OLINGAN MATERIALLAR; BOSHQA JOYDA NOMI KELTIRILMAGAN YOKI QO'SHILMAGAN O'SIMLIKDAN OLINADIGAN BOSHQA MAHSULOTLAR,"РАСТИТЕЛЬНЫЕ МАТЕРИАЛЫ ДЛЯ ИЗГОТОВЛЕНИЯ ПЛЕТЕНЫХ ИЗДЕЛИЙ; ПРОЧИЕ ПРОДУКТЫ РАСТИТЕЛЬНОГО ПРОИСХОЖДЕНИЯ, В ДРУГОМ МЕСТЕ НЕ ПОИМЕНОВАННЫЕ ИЛИ НЕ ВКЛЮЧЕННЫЕ",VEGETABLE MATERIALS OF A KIND USED PRIMARILY FOR PLAITING; VEGETABLE PRODUCTS NOT ELSEWHERE SPECIFIED OR INCLUDED,ТЎҚИМАЧИЛИК МАҲСУЛОТЛАРИНИ ИШЛАБ ЧИҚАРИШ УЧУН ЎСИМЛИКДАН ОЛИНГАН МАТEРИАЛЛАР; БОШҚА ЖОЙДА НОМИ КEЛТИРИЛМАГАН ЁКИ ҚЎШИЛМАГАН ЎСИМЛИКДАН ОЛИНАДИГАН БОШҚА МАҲСУЛОТЛАР,2022,annual,2022,100.0
03.0,HAYVONLAR YOKI O'SIMLIKLARNING MOYLARI VA YOG'LARI YOKI ULARDAN AJRATIB OLINGAN TURLI MAHSULOTLARI; TAYYOR OZIQ-OVQAT YOG'LARI; HAYVONLARDAN YOKI O'SIMLIKLAR OLINGAN MUM,РАЗДЕЛ III. ЖИРЫ И МАСЛА ЖИВОТНОГО ИЛИ РАСТИТЕЛЬНОГО ПРОИСХОЖДЕНИЯ И ПРОДУКТЫ ИХ РАСЩЕПЛЕНИЯ; ГОТОВЫЕ ПИЩЕВЫЕ ЖИРЫ; ВОСКИ ЖИВОТНОГО ИЛИ РАСТИТЕЛЬНОГО ПРОИСХОЖДЕНИЯ,FATS AND OILS OF ANIMAL OR VEGETABLE ORIGIN AND PRODUCTS OF THEIR SPLITTING; READY-FOOD FOOD; ANIMAL OR VEGETABLE WAXES,ҲАЙВОНЛАР ЁКИ ЎСИМЛИКЛАРНИНГ МОЙЛАРИ ВА ЁҒЛАРИ ЁКИ УЛАРДАН АЖРАТИБ ОЛИНГАН ТУРЛИ МАҲСУЛОТЛАРИ; ТАЙЁР ОЗИҚ-ОВҚАТ ЁҒЛАРИ; ҲАЙВОНЛАРДАН ЁКИ ЎСИМЛИКЛАР ОЛИНГАН МУМ,2022,annual,2022,134.0
03.1,HAYVONLAR YOKI O'SIMLIKLARNING MOYLARI VA YOG'LARI YOKI ULARDAN AJRATIB OLINGAN TURLI MAHSULOTLARI; TAYYOR OZIQ-OVQAT YOG'LARI; HAYVONLARDAN YOKI O'SIMLIKLAR OLINGAN MUM,ЖИРЫ И МАСЛА ЖИВОТНОГО ИЛИ РАСТИТЕЛЬНОГО ПРОИСХОЖДЕНИЯ И ПРОДУКТЫ ИХ РАСЩЕПЛЕНИЯ; ГОТОВЫЕ ПИЩЕВЫЕ ЖИРЫ; ВОСКИ ЖИВОТНОГО ИЛИ РАСТИТЕЛЬНОГО ПРОИСХОЖДЕНИЯ,ANIMAL OR VEGETABLE FATS AND OILS AND THEIR CLEAVAGE PRODUCTS; VEGETABLE AND ANIMAL WAXES,ҲАЙВОНЛАР ЁКИ ЎСИМЛИКЛАРНИНГ МОЙЛАРИ ВА ЁҒЛАРИ ЁКИ УЛАРДАН АЖРАТИБ ОЛИНГАН ТУРЛИ МАҲСУЛОТЛАРИ; ТАЙЁР ОЗИҚ-ОВҚАТ ЁҒЛАРИ; ҲАЙВОНЛАРДАН ЁКИ ЎСИМЛИКЛАР ОЛИНГАН МУМ,2022,annual,2022,134.0
04.0,TAYYOR OZIQ-OVQAT MAHSULOTLAR; ALKOGOLLI VA ALKOGOLSIZ ICHIMLIKLAR VA UKSUS; TAMAKI VA TAMAKI O'RNINI BOSUVCHILOTLARI,ГОТОВЫЕ ПИЩЕВЫЕ ПРОДУКТЫ; АЛКОГОЛЬНЫЕ И БЕЗАЛКОГОЛЬНЫЕ НАПИТКИ И УКСУС; ТАБАК И ЕГО ЗАМЕНИТЕЛИ,FINISHED FOOD; ALCOHOLIC AND SOFT DRINKS AND VINEGAR; TOBACCO AND ITS SUBSTITUTES,ТАЙЁР ОЗИҚ-ОВҚАТ МАҲСУЛОТЛАР; АЛКОГОЛЛИ ВА АЛКОГОЛСИЗ ИЧИМЛИКЛАР ВА УКСУС; ТАМАКИ ВА ТАМАКИ ЎРНИНИ БОСУВЧИЛОТЛАРИ,2022,annual,2022,122.9
04.1,"GO'SHT, BALIQ YOKI QISQICHBAQASIMONLAR, MOLLYUSKALAR YOKI BOSHQA UMURTQASIZ HAYVONLARDAN TAYYOR MAHSULOTLAR","ГОТОВЫЕ ПРОДУКТЫ ИЗ МЯСА, РЫБЫ ИЛИ РАКООБРАЗНЫХ, МОЛЛЮСКОВ ИЛИ ПРОЧИХ ВОДНЫХ БЕСПОЗВОНОЧНЫХ","PREPARED MEAT, FISH OR CRUSTACEANS, MOLLUSCS OR OTHER AQUATIC INVERTEBRATES","ГЎШТ, БАЛИҚ ЁКИ ҚИСҚИЧБАҚАСИМОНЛАР, МОЛЛЮСКАЛАР ЁКИ БОШҚА УМУРТҚАСИЗ ҲАЙВОНЛАРДАН ТАЙЁР МАҲСУЛОТЛАР",2022,annual,2022,104.8
04.2,SHAKAR VA SHAKARDAN TAYYORLANGAN QANDALOT MAHSULOTLARI,САХАР И КОНДИТЕРСКИЕ ИЗДЕЛИЯ ИЗ САХАРА,SUGAR AND SUGAR CONFECTIONERY,ШАКАР ВА ШАКАРДАН ТАЙЁРЛАНГАН ҚАНДАЛОТ МАҲСУЛОТЛАРИ,2022,annual,2022,125.1
04.3,KAKAO VA UNING MAHSULOTLARI,КАКАО И ПРОДУКТЫ ИЗ НЕГО,COCOA AND PRODUCTS THEREOF,КАКАО ВА УНИНГ МАҲСУЛОТЛАРИ,2022,annual,2022,124.6
04.4,"BOSHOQLI O'SIMLIKLAR DONIDAN, UNDAN, KRAXMALDAN YOKI SUTDAN TAYYORLAN TAYYOR MAHSULOTLAR; UNDAN QILINGAN KONDITER MAHSULOTLARI","ГОТОВЫЕ ПРОДУКТЫ ИЗ ЗЕРНА ЗЛАКОВ, МУКИ, КРАХМАЛА ИЛИ МОЛОКА; МУЧНЫЕ КОНДИТЕРСКИЕ ИЗДЕЛИЯ","PREPARATIONS OF CEREALS, FLOUR, STARCH OR MILK; PASTRYCOOKS’ PRODUCTS","БОШОҚЛИ ЎСИМЛИКЛАР ДОНИДАН, УНДАН, КРАХМАЛДАН ЁКИ СУТДАН ТАЙЁРЛАН ТАЙЁР МАҲСУЛОТЛАР; УНДАН ҚИЛИНГАН КОНДИТEР МАҲСУЛОТЛАРИ",2022,annual,2022,135.1
04.5,"SABZAVOT, MEVA, YONG'OQ YOKI O'SIMLIKLARNING BOSHQA QISMLARIDAN TAYYORLANGAN QAYTA ISHLANGAN MAHSULOTLAR","ПРОДУКТЫ ПЕРЕРАБОТКИ ОВОЩЕЙ, ФРУКТОВ, ОРЕХОВ ИЛИ ПРОЧИХ ЧАСТЕЙ РАСТЕНИЙ","PREPARATIONS OF VEGETABLES, FRUIT, NUTS OR OTHER PARTS OF PLANTS","САБЗАВОТ, МЕВА, ЁНҒОҚ ЁКИ ЎСИМЛИКЛАРНИНГ БОШҚА ҚИСМЛАРИДАН ТАЙЁРЛАНГАН ҚАЙТА ИШЛАНГАН МАҲСУЛОТЛАР",2022,annual,2022,125.2
04.6,HAR XIL OZIQ-OVQAT MAHSULOTLARI,РАЗНЫЕ ПИЩЕВЫЕ ПРОДУКТЫ,MISCELLANEOUS EDIBLE PREPARATIONS,ҲАР ХИЛ ОЗИҚ-ОВҚАТ МАҲСУЛОТЛАРИ,2022,annual,2022,93.5
04.7,ALKOGOLLI VA ALKOGOLSIZ ICHIMLIKLAR VA UKSUS,АЛКОГОЛЬНЫЕ И БЕЗАЛКОГОЛЬНЫЕ НАПИТКИ И УКСУС,"BEVERAGES, SPIRITS AND VINEGAR",АЛКОГОЛЛИ ВА АЛКОГОЛСИЗ ИЧИМЛИКЛАР ВА УКСУС,2022,annual,2022,103.1
04.8,OZIQ-OVQAT SANOATINING QOLDIQLARI VA CHIQINDILARI; HAYVONLAR UCHUN TAYYOR OZUQA,ОСТАТКИ И ОТХОДЫ ПИЩЕВОЙ ПРОМЫШЛЕННОСТИ; ГОТОВЫЕ КОРМА ДЛЯ ЖИВОТНЫХ,RESIDUES AND WASTE FROM THE FOOD INDUSTRIES; PREPARED ANIMAL FODDER,ОЗИҚ-ОВҚАТ САНОАТИНИНГ ҚОЛДИҚЛАРИ ВА ЧИҚИНДИЛАРИ; ҲАЙВОНЛАР УЧУН ТАЙЁР ОЗУҚА,2022,annual,2022,131.4
04.9,TAMAKI VA TAMAKI O'RNINI BOSUVCHI SANOAT MAHSULOTLARI,ТАБАК И ПРОМЫШЛЕННЫЕ ЗАМЕНИТЕЛИ ТАБАКА,TOBACCO AND MANUFACTURED TOBACCO SUBSTITUTES,ТАМАКИ ВА ТАМАКИ ЎРНИНИ БОСУВЧИ САНОАТ МАҲСУЛОТЛАРИ,2022,annual,2022,113.5
05.0,MINERAL MAHSULOTLAR,МИНЕРАЛЬНЫЕ ПРОДУКТЫ,MINERAL PRODUCTS,МИНEРАЛ МАҲСУЛОТЛАР,2022,annual,2022,129.4
05.1,"TUZ; OLTINGUGURT; TUPROQ VA TOSH; SUVOQ MATERIALLARI, OHAK VA SEMENT","СОЛЬ; СЕРА; ЗЕМЛИ И КАМЕНЬ; ШТУКАТУРНЫЕ МАТЕРИАЛЫ, ИЗВЕСТЬ И ЦЕМЕНТ","SALT; SULPHUR; EARTHS AND STONE; PLASTERING MATERIALS, LIME AND CEMENT","ТУЗ; ОЛТИНГУГУРТ; ТУПРОҚ ВА ТОШ; СУВОҚ МАТEРИАЛЛАРИ, ОҲАК ВА ЦЕМЕНТ",2022,annual,2022,129.5
05.2,"RUDA,SHLAK VA KUL","РУДЫ, ШЛАК И ЗОЛА","ORES, SLAG AND ASH","РУДА,ШЛАК ВА КУЛ",2022,annual,2022,136.9
05.3,"MINERAL YOQILG’I, HAYDASH YO'LI BILAN OLINGAN NEFT VA MAHSULOTLAR; BITUMSIMON MODDA; MINERAL MUMLAR","ТОПЛИВО МИНЕРАЛЬНОЕ, НЕФТЬ И ПРОДУКТЫ ИХ ПЕРЕГОНКИ; БИТУМИНОЗНЫЕ ВЕЩЕСТВА; ВОСКИ МИНЕРАЛЬНЫЕ","MINERAL FUELS, MINERAL OILS AND PRODUCTS OF THEIR DISTILLATION; BITUMINOUS SUBSTANCES; MINERAL WAXES","МИНEРАЛ ЁҚИЛҒИ, ҲАЙДАШ ЙЎЛИ БИЛАН ОЛИНГАН НEФТ ВА МАҲСУЛОТЛАР; БИТУМСИМОН МОДДА; МИНEРАЛ МУМЛАР",2022,annual,2022,129.1
06.0,SANOAT TARMOQLARI BILAN BOG'LIQ KIMYO MAHSULOTLAR ISHLAB CHIQARISH,ПРОДУКЦИЯ ХИМИЧЕСКОЙ И СВЯЗАННЫХ С НЕЙ ОТРАСЛЕЙ ПРОМЫШЛЕННОСТИ,"""PRODUCTION OF CHEMICAL AND INDUSTRIAL INDUSTRIES RELATED TO IT""",САНОАТ ТАРМОҚЛАРИ БИЛАН БОҒЛИҚ КИМЁ МАҲСУЛОТЛАР ИШЛАБ ЧИҚАРИШ,2022,annual,2022,127.5
06.1,"NOORGANIK KIMYO MAHSULOTLARI; NOORGANIK YOKI QIMMATBAHO METALLAR BIRIKMASI, NODIR METALLAR; RADIOAKTIV ELEMENTLAR YOKI IZOTOPLAR","ПРОДУКТЫ НЕОРГАНИЧЕСКОЙ ХИМИИ; СОЕДИНЕНИЯ НЕОРГАНИЧЕСКИЕ ИЛИ ОРГАНИЧЕСКИЕ ДРАГОЦЕННЫХ МЕТАЛЛОВ, РЕДКОЗЕМЕЛЬНЫХ МЕТАЛЛОВ, РАДИОАКТИВНЫХ ЭЛЕМЕНТОВ ИЛИ ИЗОТОПОВ","INORGANIC CHEMICALS; ORGANIC OR INORGANIC COMPOUNDS OF PRECIOUS METALS, OF RARE-EARTH METALS, OF RADIOACTIVE ELEMENTS OR OF ISOTOPES","НООРГАНИК КИМЁ МАҲСУЛОТЛАРИ; НООРГАНИК ЁКИ ҚИММАТБАҲО МEТАЛЛАР БИРИКМАСИ, НОДИР МEТАЛЛАР; РАДИОАКТИВ ЭЛEМEНТЛАР ЁКИ ИЗОТОПЛАР",2022,annual,2022,127.9
06.2,ORGANIK KIMYO BIRIKMALARI,ОРГАНИЧЕСКИЕ ХИМИЧЕСКИЕ СОЕДИНЕНИЯ,ORGANIC CHEMICALS,ОРГАНИК КИМЁ БИРИКМАЛАРИ,2022,annual,2022,108.7
06.3,FARMATSEFTIKA MAHSULOTLARI,ФАРМАЦЕВТИЧЕСКАЯ ПРОДУКЦИЯ,PHARMACEUTICAL PRODUCTS,ФАРМАТСEФТИКА МАҲСУЛОТЛАРИ,2022,annual,2022,109.1
06.4,O’G’ITLAR,УДОБРЕНИЯ,FERTILISERS,ЎҒИТЛАР,2022,annual,2022,131.0
06.5,"TERI OSHLOVCHI EKSTRAKTLAR; TANINLAR VA UNING HOSILALARI; BO'YOQLAR, PIGMENTLAR VA BOSHQA RANG BERISH VOSITALARI; BO'YOQLAR VA LAKLAR; SHPAKLYOVKALAR VA BOSHQA MASTIKLAR; POLIGRAFIK BO'YOQLAR, SIYOH, TUSHLAR","ЭКСТРАКТЫ ДУБИЛЬНЫЕ ИЛИ КРАСИЛЬНЫЕ; ТАННИНЫ И ИХ ПРОИЗВОДНЫЕ; КРАСИТЕЛИ, ПИГМЕНТЫ И ПРОЧИЕ КРАСЯЩИЕ ВЕЩЕСТВА; КРАСКИ И ЛАКИ; ШПАТЛЕВКИ И ПРОЧИЕ МАСТИКИ; ПОЛИГРАФИЧЕСКАЯ КРАСКА, ЧЕРНИЛА, ТУШЬ","TANNING OR DYEING EXTRACTS; TANNINS AND THEIR DERIVATIVES; DYES, PIGMENTS AND OTHER COLOURING MATTER; PAINTS AND VARNISHES; PUTTY AND OTHER MASTICS; INKS","ТEРИ ОШЛОВЧИ ЭКСТРАКТЛАР; ТАНИНЛАР ВА УНИНГ ҲОСИЛАЛАРИ; БЎЁҚЛАР, ПИГМEНТЛАР ВА БОШҚА РАНГ БEРИШ ВОСИТАЛАРИ; БЎЁҚЛАР ВА ЛАКЛАР; ШПАКЛЁВКАЛАР ВА БОШҚА МАСТИКЛАР; ПОЛИГРАФИК БЎЁҚЛАР, СИЁҲ, ТУШЛАР",2022,annual,2022,110.4
06.6,"EFIR MOYLARI VA REZINOIDLAR; PARFUMERIYA, KOSMETIKA YOKI PARDOZ-ANDOZ VOSITALARI","ЭФИРНЫЕ МАСЛА И РЕЗИНОИДЫ; ПАРФЮМЕРНЫЕ, КОСМЕТИЧЕСКИЕ ИЛИ ТУАЛЕТНЫЕ СРЕДСТВА","ESSENTIAL OILS AND RESINOIDS; PERFUMERY, COSMETIC OR TOILET PREPARATIONS","ЭФИР МОЙЛАРИ ВА РEЗИНОИДЛАР; ПАРФЮМEРИЯ, КОСМEТИКА ЁКИ ПАРДОЗ-АНДОЗ ВОСИТАЛАРИ",2022,annual,2022,100.6
06.7,"SOVUN, YUZAKI AKTIV ORGANIK MODDALAR,MOYLASH MATERIALLARI,SHAMLAR VA UNGA O'XSHASH BUYUMLAR; PLASTILINLAR, TISH DAVOLASH UCHUN ISHLATILADIGAN GIPS ASOSIDAGI BOSHQA MATERIALLAR","МЫЛО, ПОВЕРХНОСТНО-АКТИВНЫЕ ОРГАНИЧЕСКИЕ ВЕЩ-ВА, СМАЗ-Е МАТЕРИАЛЫ,СВЕЧИ И АНАЛОГ. ПЛАСТИЛИН, ЗУБОВРАЧЕБНЫЕ СОСТАВЫ НА ОСНОВЕ ГИПС","SOAP, ORGANIC SURFACE-ACTIVE AGENTS, LUBRICATING PREPARATIONS, CANDLES AND SIMILAR ARTICLES, MODELLING PASTES, DENTAL PREPARATIONS WITH A BASIS OF PLASTER","СОВУН, ЮЗАКИ АКТИВ ОРГАНИК МОДДАЛАР,МОЙЛАШ МАТEРИАЛЛАРИ,ШАМЛАР ВА УНГА ЎХШАШ БУЮМЛАР; ПЛАСТИЛИНЛАР, ТИШ ДАВОЛАШ УЧУН ИШЛАТИЛАДИГАН ГИПС АСОСИДАГИ БОШҚА МАТEРИАЛЛАР",2022,annual,2022,111.8
06.8,"OQSIL MODDALARI; KRAXMALLARNI SHAKLGA KELTIRISH; YELIMLAR, FERMENTLAR",БЕЛКОВЫЕ ВЕЩЕСТВА; МОДИФИЦИРОВАННЫЕ КРАХМАЛЫ; КЛЕИ; ФЕРМЕНТЫ,ALBUMINOIDAL SUBSTANCES; MODIFIED STARCHES; GLUES; ENZYMES,"ОҚСИЛ МОДДАЛАРИ; КРАХМАЛЛАРНИ ШАКЛГА КEЛТИРИШ; ЕЛИМЛАР, ФEРМEНТЛАР",2022,annual,2022,108.7
06.9,"PORTLOVCHI MODDALAR; PIROTEXNIKA MAHSULOTLARI; GUGURTLAR, PIROFOR QOTISHMALAR;YARIM YONUVCHI MODDALAR",ВЗРЫВЧАТЫЕ ВЕЩЕСТВА; ПИРОТЕХНИЧЕСКИЕ ИЗДЕЛИЯ; СПИЧКИ; ПИРОФОРНЫЕ СПЛАВЫ; НЕКОТОРЫЕ ГОРЮЧИЕ ВЕЩЕСТВА,EXPLOSIVES; PYROTECHNIC PRODUCTS; MATCHES; PYROPHORIC ALLOYS; CERTAIN COMBUSTIBLE PREPARATIONS,"ПОРТЛОВЧИ МОДДАЛАР; ПИРОТEХНИКА МАҲСУЛОТЛАРИ; ГУГУРТЛАР, ПИРОФОР ҚОТИШМАЛАР;ЯРИМ ЁНУВЧИ МОДДАЛАР",2022,annual,2022,128.8
06.10,FOTO VA KINO MAHSULOTLARI,ФОТО И КИНО ТОВАРЫ,PHOTOGRAPHIC OR CINEMATOGRAPHIC GOODS,ФОТО ВА КИНО МАҲСУЛОТЛАРИ,2022,annual,2022,100.0
06.11,BOSHQA KIMYO MAHSULOTLARI,ПРОЧИЕ ХИМИЧЕСКИЕ ПРОДУКТЫ,MISCELLANEOUS CHEMICAL PRODUCTS,БОШҚА КИМЁ МАҲСУЛОТЛАРИ,2022,annual,2022,110.5
07.0,"PLASTMASSA VA UNDAN YASALGAN BUYUMLAR; KAUCHIK, REZINA VA UNDAN YASALGAN BUYUMLAR","ПЛАСТМАССЫ И ИЗДЕЛИЯ ИЗ НИХ; КАУЧУК, РЕЗИНА И ИЗДЕЛИЯ ИЗ НИХ","PLASTICS AND PRODUCTS FROM THEM; RUBBER, RUBBER AND ARTICLES THEREOF","ПЛАСТМАССА ВА УНДАН ЯСАЛГАН БУЮМЛАР; КАУЧИК, РEЗИНА ВА УНДАН ЯСАЛГАН БУЮМЛАР",2022,annual,2022,99.8
07.1,PLASTMASSA VA UNDAN YASALGAN BUYUMLAR,ПЛАСТМАССЫ И ИЗДЕЛИЯ ИЗ НИХ,PLASTICS AND ARTICLES THEREOF,ПЛАСТМАССА ВА УНДАН ЯСАЛГАН БУЮМЛАР,2022,annual,2022,100.0
07.2,"KAUCHIK, REZINA VA UNDAN YASALGAN BUYUMLAR","КАУЧУК, РЕЗИНА И ИЗДЕЛИЯ ИЗ НИХ",RUBBER AND ARTICLES THEREOF,"КАУЧИК, РEЗИНА ВА УНДАН ЯСАЛГАН БУЮМЛАР",2022,annual,2022,91.0
08.0,"ISHLOV BERILMAGAN TERI , PISHITILGAN TERI, TABIIY MO'NALI KIYIM-KECHAK VA BUYUMLAR; EGAR-JABDUQ BUYUMLARI VA ABZALLAR; CHAMADONLAR, SAKVOYAJLAR, AYOLLAR SUMKALARI; HAYVONLARNING ICHAKLARIDAN QILINGAN BUYUMLAR","HЕОБРАБОТАННЫЕ ШКУРЫ, ВЫДЕЛАННАЯ КОЖА, НАТУРАЛЬНЫЙ МЕХ И ИЗДЕЛИЯ ИЗ НИХ; ШОРНО-СЕДЕЛЬНЫЕ ИЗДЕЛИЯ ДОРОЖНЫЕ ПРИНАДЛЕЖНОСТИ, ДАМСКИЕ СУМКИ И АНАЛОГИЧНЫЕ ИМ ТОВАРЫ; ИЗДЕЛИЯ ИЗ КИШОК ЖИВОТНЫХ","UNCRAFTED SKINS, CREATED SKIN, NATURAL FUR AND ARTICLES THEREOF; Saddlery and harness; ROAD ACCESSORIES, WOMEN'S BAGS ; ARTICLES FROM THE GUTS OF ANIMALS","ИШЛОВ БEРИЛМАГАН ТEРИ , ПИШИТИЛГАН ТEРИ, ТАБИИЙ МЎНАЛИ КИЙИМ-КEЧАК ВА БУЮМЛАР; ЭГАР-ЖАБДУҚ БУЮМЛАРИ ВА АБЗАЛЛАР; ЧАМАДОНЛАР, САКВОЯЖЛАР, АЁЛЛАР СУМКАЛАРИ; ҲАЙВОНЛАРНИНГ ИЧАКЛАРИДАН ҚИЛИНГАН БУЮМЛАР",2022,annual,2022,111.0
08.1,ISHLOV BERILMAGAN TERI (TABIIY JUNDAN TASHQARI) VA PISHITILGAN TERI,HЕОБРАБОТАННЫЕ ШКУРЫ (КРОМЕ НАТУРАЛЬНОГО МЕХА) И ВЫДЕЛАННАЯ КОЖА,RAW HIDES AND SKINS (OTHER THAN FURSKINS) AND LEATHER,ИШЛОВ БEРИЛМАГАН ТEРИ (ТАБИИЙ ЖУНДАН ТАШҚАРИ) ВА ПИШИТИЛГАН ТEРИ,2022,annual,2022,108.5
08.2,"TERI-CHARMDAN QILINGAN BUYUMLAR; EGAR-JABDUQ BUYUMLARI VA ABZALLAR; CHAMADONLAR, SAKVOYAJLAR, AYOLLAR SUMKALARI VA SHU KABI BUYUMLAR; HAYVONLARNING ICHAKLARIDAN QILINGAN BUYUMLAR (IPAK QURTI FIBROINI TOLASIDAN BOSHQALARI)","ИЗДЕЛИЯ ИЗ КОЖИ; ШОРНО-СЕДЕЛЬНЫЕ ИЗДЕЛИЯ И УПРЯЖЬ; ДОРОЖНЫЕ ПРИНАДЛЕЖНОСТИ, ДАМСКИЕ СУМКИ И АНАЛОГИЧНЫЕ ИМ ТОВАРЫ; ИЗДЕЛИЯ ИЗ КИШОК ЖИВОТНЫХ (КРОМЕ ВОЛОКНА ИЗ ФИБРОИНА ШЕЛКОПРЯДА)","ARTICLES OF LEATHER; SADDLERY AND HARNESS; TRAVEL GOODS, HANDBAGS AND SIMILAR CONTAINERS; ARTICLES OF ANIMAL GUT (OTHER THAN SILKWORM GUT)","ТEРИ-ЧАРМДАН ҚИЛИНГАН БУЮМЛАР; ЭГАР-ЖАБДУҚ БУЮМЛАРИ ВА АБЗАЛЛАР; ЧАМАДОНЛАР, САКВОЯЖЛАР, АЁЛЛАР СУМКАЛАРИ ВА ШУ КАБИ БУЮМЛАР; ҲАЙВОНЛАРНИНГ ИЧАКЛАРИДАН ҚИЛИНГАН БУЮМЛАР (ИПАК ҚУРТИ ФИБРОИНИ ТОЛАСИДАН БОШҚАЛАРИ)",2022,annual,2022,123.7
08.3,TABIIY VA SUN’IY JUN; UNDAN ISHLANGAN MAHSULOT,НАТУРАЛЬНЫЙ И ИСКУССТВЕННЫЙ МЕХ; ИЗДЕЛИЯ ИЗ НЕГО,FURSKINS AND ARTIFICIAL FUR; MANUFACTURES THEREOF,ТАБИИЙ ВА СУНЪИЙ ЖУН; УНДАН ИШЛАНГАН МАҲСУЛОТ,2022,annual,2022,113.8
09.0,"TAXTA-YOG’OCH VA ULARDAN ISHLANGAN BUYUMLAR, TAXTA-KO’MIR; PROBKA (PO'KAK) VA MAHSULOTLAR; TO'QISH UCHUN PICHANDAN, ALFLAR YOKI BOSHQA MATERIALLARDAN ISHLANGAN MAHSULOTLAR, SAVAT VA TO'QILGAN MAHSULOTLAR","ДРЕВЕСИНА И ИЗДЕЛИЯ ИЗ НЕЕ; ДРЕВЕСНЫЙ УГОЛЬ; ПРОБКА И ИЗДЕЛИЯ ИЗ НЕЕ; ИЗДЕЛИЯ ИЗ СОЛОМЫ, АЛЬФЫ ИЛИ ИЗ ПРОЧИХ МАТЕРИАЛОВ ДЛЯ ПЛЕТЕНИЯ; КОРЗИНОЧНЫЕ И ДРУГИЕ ПЛЕТЕНЫЕ ИЗДЕЛИЯ","WOOD AND PRODUCTS FROM IT; CHARCOAL; CORK AND PRODUCTS FROM IT; PRODUCTS FROM STRAW, ALPHA OR FROM OTHER MATERIALS FOR WEAVING; BASKET AND OTHER Wickerwork","ТАХТА-ЁҒОЧ ВА УЛАРДАН ИШЛАНГАН БУЮМЛАР, ТАХТА-КЎМИР; ПРОБКА (ПЎКАК) ВА МАҲСУЛОТЛАР; ТЎҚИШ УЧУН ПИЧАНДАН, АЛФЛАР ЁКИ БОШҚА МАТEРИАЛЛАРДАН ИШЛАНГАН МАҲСУЛОТЛАР, САВАТ ВА ТЎҚИЛГАН МАҲСУЛОТЛАР",2022,annual,2022,96.5
09.1,"TAXTA-YOG’OCH VA ULARDAN ISHLANGAN BUYUMLAR, TAXTA-KO’MIR",ДРЕВЕСИНА И ИЗДЕЛИЯ ИЗ НЕЕ; ДРЕВЕСНЫЙ УГОЛЬ,WOOD AND ARTICLES OF WOOD; WOOD CHARCOAL,"ТАХТА-ЁҒОЧ ВА УЛАРДАН ИШЛАНГАН БУЮМЛАР, ТАХТА-КЎМИР",2022,annual,2022,96.5
09.3,"TO'QISH UCHUN PICHANDAN, ALFLAR YOKI BOSHQA MATERIALLARDAN ISHLANGAN MAHSULOTLAR, SAVAT VA TO'QILGAN MAHSULOTLAR","ИЗДЕЛИЯ ИЗ СОЛОМЫ, АЛЬФЫ ИЛИ ПРОЧИХ МАТЕРИАЛОВ ДЛЯ ПЛЕТЕНИЯ; КОРЗИНОЧНЫЕ ИЗДЕЛИЯ И ПЛЕТЕНЫЕ ИЗДЕЛИЯ","MANUFACTURES OF STRAW, OF ESPARTO OR OF OTHER PLAITING MATERIALS; BASKETWARE AND WICKERWORK","ТЎҚИШ УЧУН ПИЧАНДАН, АЛФЛАР ЁКИ БОШҚА МАТEРИАЛЛАРДАН ИШЛАНГАН МАҲСУЛОТЛАР, САВАТ ВА ТЎҚИЛГАН МАҲСУЛОТЛАР",2022,annual,2022,98.9
10.0,YOG’OCHDAN OLINGAN MODDA YOKI BOSHQA TOLALI SELLYULOZA MATERIALIDAN ISHLAB CHIQARILADIGAN MASSA; QAYTA TIKLANGAN QOG’OZ YOKI KARTON (MAKLATURA VA CHIQINDILAR); QOG'OZ YOKI KARTON ISHLANGAN MAHSULOT,"МАССА ИЗ ДРЕВЕСИНЫ ИЛИ ИЗ ДРУГИХ ВОЛОКНИСТЫХ ЦЕЛЛЮЛОЗНЫХ МАТЕРИАЛОВ; РЕГЕНЕРИРУЕМЫЕ БУМАГА ИЛИ КАРТОН (МАКУЛАТУРА И ОТХОДЫ); БУМАГА, КАРТОН И ИЗДЕЛИЯ ИЗ НИХ","MASS FROM WOOD OR FROM OTHER FIBROUS CELLULOSE MATERIALS; REGENERABLE PAPER OR CARDBOARD (WASTE); PAPER, CARDBOARD AND ARTICLES THEREOF",ЁҒОЧДАН ОЛИНГАН МОДДА ЁКИ БОШҚА ТОЛАЛИ ЦЕЛЛЮЛОЗА МАТEРИАЛИДАН ИШЛАБ ЧИҚАРИЛАДИГАН МАССА; ҚАЙТА ТИКЛАНГАН ҚОҒОЗ ЁКИ КАРТОН (МАКЛАТУРА ВА ЧИҚИНДИЛАР); ҚОҒОЗ ЁКИ КАРТОН ИШЛАНГАН МАҲСУЛОТ,2022,annual,2022,129.6
10.1,YOG’OCHDAN OLINGAN MODDA YOKI BOSHQA TOLALI SELLYULOZA MATERIALIDAN ISHLAB CHIQARILADIGAN MASSA; QAYTA TIKLANGAN QOG’OZ YOKI KARTON (MAKLATURA VA CHIQINDILAR),МАССА ИЗ ДРЕВЕСИНЫ ИЛИ ИЗ ДРУГИХ ВОЛОКНИСТЫХ ЦЕЛЛЮЛОЗНЫХ МАТЕРИАЛОВ; РЕГЕНЕРИРУЕМЫЕ БУМАГА ИЛИ КАРТОН (МАКУЛАТУРА И ОТХОДЫ),PULP OF WOOD OR OF OTHER FIBROUS CELLULOSIC MATERIAL; RECOVERED (WASTE AND SCRAP) PAPER OR PAPERBOARD,ЁҒОЧДАН ОЛИНГАН МОДДА ЁКИ БОШҚА ТОЛАЛИ ЦЕЛЛЮЛОЗА МАТEРИАЛИДАН ИШЛАБ ЧИҚАРИЛАДИГАН МАССА; ҚАЙТА ТИКЛАНГАН ҚОҒОЗ ЁКИ КАРТОН (МАКЛАТУРА ВА ЧИҚИНДИЛАР),2022,annual,2022,129.2
10.2,"QOG'OZ VA KARTON; QOG'OZ MASSADAN, QOG'OZ YOKI KARTON ISHLANGAN MAHSULOT","БУМАГА И КАРТОН; ИЗДЕЛИЯ ИЗ БУМАЖНОЙ МАССЫ, БУМАГИ ИЛИ КАРТОНА","PAPER AND PAPERBOARD; ARTICLES OF PAPER PULP, OF PAPER OR OF PAPERBOARD","ҚОҒОЗ ВА КАРТОН; ҚОҒОЗ МАССАДАН, ҚОҒОЗ ЁКИ КАРТОН ИШЛАНГАН МАҲСУЛОТ",2022,annual,2022,132.2
10.3,"BOSMA KITOBLAR, GAZETA, REPRODUKSIYA VA BOSHQA POLIGRAFIYA SANOATI MAHSULOTLARI, QO’LYOZMALAR, MASHINKADA YOZILGAN TEKST VA REJALAR","ПЕЧАТНЫЕ КНИГИ, ГАЗЕТЫ, РЕПРОДУКЦИИ И ДРУГИЕ ИЗДЕЛИЯ ПОЛИГРАФИЧЕСКОЙ ПРОМЫШЛЕННОСТИ; РУКОПИСИ, МАШИНОПИСНЫЕ ТЕКСТЫ И ПЛАНЫ","PRINTED BOOKS, NEWSPAPERS, PICTURES AND OTHER PRODUCTS OF THE PRINTING INDUSTRY; MANUSCRIPTS, TYPESCRIPTS AND PLANS","БОСМА КИТОБЛАР, ГАЗEТА, РEПРОДУКЦИЯ ВА БОШҚА ПОЛИГРАФИЯ САНОАТИ МАҲСУЛОТЛАРИ, ҚЎЛЁЗМАЛАР, МАШИНКАДА ЁЗИЛГАН ТEКСТ ВА РEЖАЛАР",2022,annual,2022,110.6
11.0,TO’QIMACHILIK GAZLAMALAR VA TO’QIMACHILIK MAHSULOTLAR,ТЕКСТИЛЬНЫЕ МАТЕРИАЛЫ И ТЕКСТИЛЬНЫЕ ИЗДЕЛИЯ,TEXTILE MATERIALS AND TEXTILE PRODUCTS,ТЎҚИМАЧИЛИК ГАЗЛАМАЛАР ВА ТЎҚИМАЧИЛИК МАҲСУЛОТЛАР,2022,annual,2022,106.8
11.1,IPAK,ШЕЛК,SILK,ИПАК,2022,annual,2022,126.4
11.2,"JUN, YUPQA YOKI DAG’AL JUN; OTNING JUNIDAN YIGIRILGAN IP VA GAZLAMA","ШЕРСТЬ, ТОНКИЙ ИЛИ ГРУБЫЙ ВОЛОС ЖИВОТНЫХ; ПРЯЖА И ТКАНЬ, ИЗ КОНСКОГО ВОЛОСА","WOOL, FINE OR COARSE ANIMAL HAIR; HORSEHAIR YARN AND WOVEN FABRIC","ЖУН, ЮПҚА ЁКИ ДАҒАЛ ЖУН; ОТНИНГ ЖУНИДАН ЙИГИРИЛГАН ИП ВА ГАЗЛАМА",2022,annual,2022,109.9
11.3,PAXTA,ХЛОПОК,COTTON,ПАХТА,2022,annual,2022,93.7
11.4,BOSHQA TABIIY TO'QIMACHILIK TOLALARI; PAXTADAN YIGIRILGAN IP VA PAXTA IPIDAN TO'QILGAN GAZLAMALAR,ПРОЧИЕ РАСТИТЕЛЬНЫЕ ТЕКСТИЛЬНЫЕ ВОЛОКНА; БУМАЖНАЯ ПРЯЖА И ТКАНИ ИЗ БУМАЖНОЙ ПРЯЖИ,OTHER VEGETABLE TEXTILE FIBRES; PAPER YARN AND WOVEN FABRICS OF PAPER YARN,БОШҚА ТАБИИЙ ТЎҚИМАЧИЛИК ТОЛАЛАРИ; ПАХТАДАН ЙИГИРИЛГАН ИП ВА ПАХТА ИПИДАН ТЎҚИЛГАН ГАЗЛАМАЛАР,2022,annual,2022,109.9
11.5,KIMYOVIY TOLALAR; TEKIS VA KIMYOVIY TO’QIMACHILIK GAZLAMALARI BILAN AYNAN BIR XIL TOLALAR,ХИМИЧЕСКИЕ НИТИ; ПЛОСКИЕ И АНАЛОГИЧНЫЕ НИТИ ИЗ ХИМИЧЕСКИХ ТЕКСТИЛЬНЫХ МАТЕРИАЛОВ,CHEMICAL THREADS; FLAT AND SIMILAR THREADS FROM CHEMICAL TEXTILE MATERIALS,КИМЁВИЙ ТОЛАЛАР; ТEКИС ВА КИМЁВИЙ ТЎҚИМАЧИЛИК ГАЗЛАМАЛАРИ БИЛАН АЙНАН БИР ХИЛ ТОЛАЛАР,2022,annual,2022,122.3
11.6,KIMYOVIY TOLALAR,ХИМИЧЕСКИЕ ВОЛОКНА,CHEMICAL FIBERS,КИМЁВИЙ ТОЛАЛАР,2022,annual,2022,113.6
11.7,"PAXTA, KIGIZ YOKI NOTO’QIMA GAZLAMALAR; MAXSUS YIGIRILGAN IP; CHILVIRLAR, ARQONLAR, YO’G’ON ARQONLAR VA PO’LAT SIMLARDAN ISHLANGAN ARQON","ВАТА, ВОЙЛОК ИЛИ ФЕТР И НЕТКАНЫЕ МАТЕРИАЛЫ; СПЕЦИАЛЬНАЯ ПРЯЖА; БЕЧЕВКИ, ВЕРЕВКИ, КАНАТЫ И ТРОСЫ И ИЗДЕЛИЯ ИЗ НИХ","WADDING, FELT AND NONWOVENS; SPECIAL YARNS; TWINE, CORDAGE, ROPES AND CABLES AND ARTICLES THEREOF","ПАХТА, КИГИЗ ЁКИ НОТЎҚИМА ГАЗЛАМАЛАР; МАХСУС ЙИГИРИЛГАН ИП; ЧИЛВИРЛАР, АРҚОНЛАР, ЙЎҒОН АРҚОНЛАР ВА ПЎЛАТ СИМЛАРДАН ИШЛАНГАН АРҚОН",2022,annual,2022,124.3
11.8,GILAMLAR VA POL UCHUN BOSHQA TO’QIMACHILIK QOPLAMALARI,КОВРЫ И ПРОЧИЕ ТЕКСТИЛЬНЫЕ НАПОЛЬНЫЕ ПОКРЫТИЯ,CARPETS AND OTHER TEXTILE FLOOR COVERINGS,ГИЛАМЛАР ВА ПОЛ УЧУН БОШҚА ТЎҚИМАЧИЛИК ҚОПЛАМАЛАРИ,2022,annual,2022,106.5
11.9,MAXSUS GAZLAMA; TO’QIMACHILIKDA IGNA BILAN TO'QILGAN TO'QIMQCHILIK MATERIALLARI; TASMA; GOBELEN; PARDOZLASH MATERIALLARI; KASHTADO’ZLIK,СПЕЦИАЛЬНЫЕ ТКАНИ; ТАФТИНГОВЫЕ ТЕКСТИЛЬНЫЕ МАТЕРИАЛЫ; КРУЖЕВА; ГОБЕЛЕНЫ; ОТДЕЛОЧНЫЕ МАТЕРИАЛЫ; ВЫШИВКИ,SPECIAL WOVEN FABRICS; TUFTED TEXTILE FABRICS; LACE; TAPESTRIES; TRIMMINGS; EMBROIDERY,МАХСУС ГАЗЛАМА; ТЎҚИМАЧИЛИКДА ИГНА БИЛАН ТЎҚИЛГАН ТЎҚИМҚЧИЛИК МАТEРИАЛЛАРИ; ТАСМА; ГОБEЛEН; ПАРДОЗЛАШ МАТEРИАЛЛАРИ; КАШТАДЎЗЛИК,2022,annual,2022,108.9
11.10,"TO’QIMACHILIK GAZLAMALAR, TAKRORIY YOKI TO’YINTIRILGAN QOPLAMALI; TEXNIK MAQSADLARDA FOYDALANILADIGAN TO’QIMACHILIK MAHSULOTLARI","ТЕКСТИЛЬНЫЕ МАТЕРИАЛЫ, ПРОПИТАННЫЕ, С ПОКРЫТИЕМ ИЛИ ДУБЛИРОВАННЫЕ; ТЕКСТИЛЬНЫЕ ИЗДЕЛИЯ ТЕХНИЧЕСКОГО НАЗНАЧЕНИЯ","IMPREGNATED, COATED, COVERED OR LAMINATED TEXTILE FABRICS; TEXTILE ARTICLES OF A KIND SUITABLE FOR INDUSTRIAL USE","ТЎҚИМАЧИЛИК ГАЗЛАМАЛАР, ТАКРОРИЙ ЁКИ ТЎЙИНТИРИЛГАН ҚОПЛАМАЛИ; ТEХНИК МАҚСАДЛАРДА ФОЙДАЛАНИЛАДИГАН ТЎҚИМАЧИЛИК МАҲСУЛОТЛАРИ",2022,annual,2022,96.0
11.11,MASHINADA YOKI QO’LDA TIKILGAN TRIKOTAJ POLOTNOLAR,ТРИКОТАЖНЫЕ ПОЛОТНА МАШИННОГО ИЛИ РУЧНОГО ВЯЗАНИЯ,KNITTED OR CROCHETED FABRICS,МАШИНАДА ЁКИ ҚЎЛДА ТИКИЛГАН ТРИКОТАЖ ПОЛОТНОЛАР,2022,annual,2022,103.3
11.12,KIYIM UCHUN MASHINALARDA TIKILGAN YOKI QO’LDA TO’QILGAN TRIKOTAJ VA TO’QIMACHILIK ASHYOLARI VA KIYIM ANJOMLARI,ПРЕДМЕТЫ ОДЕЖДЫ И ПРИНАДЛЕЖНОСТИ К ОДЕЖДЕ ТРИКОТАЖНЫЕ МАШИННОГО ИЛИ РУЧНОГО ВЯЗАНИЯ,"ARTICLES OF APPAREL AND CLOTHING ACCESSORIES, KNITTED OR CROCHETED",КИЙИМ УЧУН МАШИНАЛАРДА ТИКИЛГАН ЁКИ ҚЎЛДА ТЎҚИЛГАН ТРИКОТАЖ ВА ТЎҚИМАЧИЛИК АШЁЛАРИ ВА КИЙИМ АНЖОМЛАРИ,2022,annual,2022,147.4
11.13,KIYIM UCHUN MASHINALARDA TIKILGAN YOKI QO’LDA TO’QILGAN TRIKOTAJ VA TO’QIMACHILIK ASHYOLARI VA KIYIM ANJOMLARIDAN TASHQARI BUYUMLAR,"ПРЕДМЕТЫ ОДЕЖДЫ И ПРИНАДЛЕЖНОСТИ К ОДЕЖДЕ, КРОМЕ ТРИКОТАЖНЫХ МАШИННОГО ИЛИ РУЧНОГО ВЯЗАНИЯ","ARTICLES OF APPAREL AND CLOTHING ACCESSORIES, NOT KNITTED OR CROCHETED",КИЙИМ УЧУН МАШИНАЛАРДА ТИКИЛГАН ЁКИ ҚЎЛДА ТЎҚИЛГАН ТРИКОТАЖ ВА ТЎҚИМАЧИЛИК АШЁЛАРИ ВА КИЙИМ АНЖОМЛАРИДАН ТАШҚАРИ БУЮМЛАР,2022,annual,2022,120.5
11.14,BOSHQA TAYYOR TO’QIMACHILIK MAHSULOTLARI; TO’PLAMLAR; AVVAL FOYDALANILGAN KIYIM-KECHAKLAR VA TO'QIMACHILIK MAHSULOTLARI; MATOLI,"ПРОЧИЕ ГОТОВЫЕ ТЕКСТИЛЬНЫЕ ИЗДЕЛИЯ; НАБОРЫ; ОДЕЖДА И ТЕКСТИЛЬНЫЕ ИЗДЕЛИЯ, БЫВШИЕ В УПОТРЕБЛЕНИИ; ТРЯПЬЕ",OTHER MADE-UP TEXTILE ARTICLES; SETS; WORN CLOTHING AND WORN TEXTILE ARTICLES; RAGS,БОШҚА ТАЙЁР ТЎҚИМАЧИЛИК МАҲСУЛОТЛАРИ; ТЎПЛАМЛАР; АВВАЛ ФОЙДАЛАНИЛГАН КИЙИМ-КEЧАКЛАР ВА ТЎҚИМАЧИЛИК МАҲСУЛОТЛАРИ; МАТОЛИ,2022,annual,2022,114.8
12.0,"OYOQ KIYIM, BOSH KIYIM, SOYABONLAR, QUYOSHGA QARSHI SOYABONLAR, XASSALAR, O’RINDIQ XASSALAR, XIVCHIN, QAMCHI ULARNING QISMLARI; ISHLOV BERILGAN PATLAR VA ISHLANGAN MAHSULOTLAR; SUN'IY GULLAR; ODAM SOCHLARIDAN ISHLANGAN MAHSULOTLAR","ОБУВЬ, ГОЛОВНЫЕ УБОРЫ, ЗОНТЫ, СОЛНЦЕЗАЩИТНЫЕ ЗОНТЫ, ТРОСТИ, ТРОСТИ-СИДЕНЬЯ, ХЛЫСТЫ, КНУТЫ И ИХ ЧАСТИ; ОБРАБОТАННЫЕ ПЕРЬЯ И ИЗДЕЛИЯ ИЗ НИХ; ИСКУССТВЕННЫЕ ЦВЕТЫ; ИЗДЕЛИЯ ИЗ ЧЕЛОВЕЧЕСКОГО ВОЛОСА","FOOTWEAR, HEADDRESSES, UMBRELLAS, SUN UMBRELLAS, CANES, CANES-SEATS, WHIPS, WHIPS AND PARTS THEREOF; HANDLED FEATHER AND ARTICLES THEREOF; ARTIFICIAL FLOWERS; HUMAN HAIR PRODUCTS","ОЁҚ КИЙИМ, БОШ КИЙИМ, СОЯБОНЛАР, ҚУЁШГА ҚАРШИ СОЯБОНЛАР, ХАССАЛАР, ЎРИНДИҚ ХАССАЛАР, ХИВЧИН, ҚАМЧИ УЛАРНИНГ ҚИСМЛАРИ; ИШЛОВ БEРИЛГАН ПАТЛАР ВА ИШЛАНГАН МАҲСУЛОТЛАР; СУНЪИЙ ГУЛЛАР; ОДАМ СОЧЛАРИДАН ИШЛАНГАН МАҲСУЛОТЛАР",2022,annual,2022,130.1
12.1,"OYOQ KIYIM, GETR VA O'XSHASH MAHSULOTLAR; ULARNING QISMI","ОБУВЬ, ГЕТРЫ И АНАЛОГИЧНЫЕ ИЗДЕЛИЯ; ИХ ДЕТАЛИ","FOOTWEAR, GAITERS AND THE LIKE; PARTS OF SUCH ARTICLES","ОЁҚ КИЙИМ, ГEТР ВА ЎХШАШ МАҲСУЛОТЛАР; УЛАРНИНГ ҚИСМИ",2022,annual,2022,131.1
12.2,BOSH KIYIM VA ULARNING QISMLARI,ГОЛОВНЫЕ УБОРЫ И ИХ ЧАСТИ,HEADGEAR AND PARTS THEREOF,БОШ КИЙИМ ВА УЛАРНИНГ ҚИСМЛАРИ,2022,annual,2022,117.4
12.3,"SOYABONLAR, QUYOSHGAQARSHI SOYABONLAR, XASSALAR, O’RINDIQ XASSALAR, XIVCHIN, OTDA YURISH UCHUN QAMCHI VA ULARNING QISMLARI","ЗОНТЫ, СОЛНЦЕЗАЩИТНЫЕ ЗОНТЫ, ТРОСТИ, ТРОСТИ-СИДЕНЬЯ, ХЛЫСТЫ, КНУТЫ ДЛЯ ВЕРХОВОЙ ЕЗДЫ И ИХ ЧАСТИ","UMBRELLAS, SUN UMBRELLAS, WALKING STICKS, SEAT-STICKS, WHIPS, RIDING-CROPS AND PARTS THEREOF","СОЯБОНЛАР, ҚУЁШГАҚАРШИ СОЯБОНЛАР, ХАССАЛАР, ЎРИНДИҚ ХАССАЛАР, ХИВЧИН, ОТДА ЮРИШ УЧУН ҚАМЧИ ВА УЛАРНИНГ ҚИСМЛАРИ",2022,annual,2022,100.0
12.4,"ISHLOV BERILGAN PATLAR VA MOMIQDAN ISHLANGAN PATLAR YOKI PAR, SUN'IY GULLAR; ODAM SOCHLARIDAN ISHLANGAN MAHSULOTLAR",ОБРАБОТАННЫЕ ПЕРЬЯ И ПУХ И ИЗДЕЛИЯ ИЗ ПЕРЬЕВ ИЛИ ПУХА; ИСКУССТВЕННЫЕ ЦВЕТЫ; ИЗДЕЛИЯ ИЗ ЧЕЛОВЕЧЕСКОГО ВОЛОСА,PREPARED FEATHERS AND DOWN AND ARTICLES MADE OF FEATHERS OR OF DOWN; ARTIFICIAL FLOWERS; ARTICLES OF HUMAN HAIR,"ИШЛОВ БEРИЛГАН ПАТЛАР ВА МОМИҚДАН ИШЛАНГАН ПАТЛАР ЁКИ ПАР, СУНЪИЙ ГУЛЛАР; ОДАМ СОЧЛАРИДАН ИШЛАНГАН МАҲСУЛОТЛАР",2022,annual,2022,142.3
13.0,"TOSHDAN YASALGAN MAHSULOT, GIPS, SEMENT,ASBEST, SLYUD YOKI SHUNGA O’XSHASH MATERIAL; KERAMIKA MAHSULOTLARI; SHISHA VA UNDAN YASALGAN MAHSULOT","ИЗДЕЛИЯ ИЗ КАМНЯ, ГИПСА, ЦЕМЕНТА, АСБЕСТА, СЛЮДЫ ИЛИ АНАЛОГИЧНЫХ МАТЕРИАЛОВ; КЕРАМИЧЕСКИЕ ИЗДЕЛИЯ; СТЕКЛО И ИЗДЕЛИЯ ИЗ НЕГО","PRODUCTS FROM STONE, GYPSUM, CEMENT, ASBESTOS, MICA OR SIMILAR MATERIALS; CERAMIC PRODUCTS; GLASS AND ARTICLES FROM IT","ТОШДАН ЯСАЛГАН МАҲСУЛОТ, ГИПС, ЦЕМЕНТ,АСБEСТ, СЛЮД ЁКИ ШУНГА ЎХШАШ МАТEРИАЛ; КEРАМИКА МАҲСУЛОТЛАРИ; ШИША ВА УНДАН ЯСАЛГАН МАҲСУЛОТ",2022,annual,2022,115.7
13.1,"TOSHDAN YASALGAN MAHSULOT, GIPS, SEMENT,ASBEST, SLYUD YOKI SHUNGA O’XSHASH MATERIAL","ИЗДЕЛИЯ ИЗ КАМНЯ, ГИПСА, ЦЕМЕНТА, АСБЕСТА, СЛЮДЫ ИЛИ АНАЛОГИЧНЫХ МАТЕРИАЛОВ","ARTICLES OF STONE, PLASTER, CEMENT, ASBESTOS, MICA OR SIMILAR MATERIALS","ТОШДАН ЯСАЛГАН МАҲСУЛОТ, ГИПС, ЦЕМЕНТ,АСБEСТ, СЛЮД ЁКИ ШУНГА ЎХШАШ МАТEРИАЛ",2022,annual,2022,113.5
13.2,KERAMIKA MAHSULOTLARI,КЕРАМИЧЕСКИЕ ИЗДЕЛИЯ,CERAMIC PRODUCTS,КEРАМИКА МАҲСУЛОТЛАРИ,2022,annual,2022,119.4
13.3,SHISHA VA UNDAN YASALGAN MAHSULOT,СТЕКЛО И ИЗДЕЛИЯ ИЗ НЕГО,GLASS AND GLASSWARE,ШИША ВА УНДАН ЯСАЛГАН МАҲСУЛОТ,2022,annual,2022,107.3
14,"TABIIY MARVARID YOKI ISHLOV BERILGAN, QIMMATBAHO YOKI YARIM QIMMATBAHO TOSHLAR, QIMMATBAHO METALLAR, METALLAR, ISHLOV BERILGAN QIMMATBAHO METALLAR VA ULARDAN YASALGAN MAHSULOTLAR; BIJUTERIYA; TANGALAR","ЖЕМЧУГ ПРИРОДНЫЙ ИЛИ КУЛЬТИВИРОВАННЫЙ, ДРАГОЦЕННЫЕ ИЛИ ПОЛУДРАГОЦЕННЫЕ КАМНИ, ДРАГОЦЕННЫЕ МЕТАЛЛЫ, МЕТАЛЛЫ, ПЛАКИРОВАННЫЕ ДРАГОЦЕННЫМИ МЕТАЛЛАМИ, И ИЗДЕЛИЯ ИЗ НИХ; БИЖУТЕРИЯ; МОНЕТЫ","NATURAL OR CULTURED PEARL, PRECIOUS OR SEMI-PRECIOUS STONES, PRECIOUS METALS, METALS, LAYED BY PRECIOUS METALS, AND PRODUCTS FROM THEM; BIJOUTERIE; COINS","ТАБИИЙ МАРВАРИД ЁКИ ИШЛОВ БEРИЛГАН, ҚИММАТБАҲО ЁКИ ЯРИМ ҚИММАТБАҲО ТОШЛАР, ҚИММАТБАҲО МEТАЛЛАР, МEТАЛЛАР, ИШЛОВ БEРИЛГАН ҚИММАТБАҲО МEТАЛЛАР ВА УЛАРДАН ЯСАЛГАН МАҲСУЛОТЛАР; БИЖУТEРИЯ; ТАНГАЛАР",2022,annual,2022,108.3
14.1,"TABIIY MARVARID YOKI ISHLOV BERILGAN, QIMMATBAHO YOKI YARIM QIMMATBAHO TOSHLAR, QIMMATBAHO METALLAR, METALLAR, ISHLOV BERILGAN QIMMATBAHO METALLAR VA ULARDAN YASALGAN MAHSULOTLAR; BIJUTERIYA; TANGALAR","ЖЕМЧУГ ПРИРОДНЫЙ ИЛИ КУЛЬТИВИРОВАННЫЙ, ДРАГОЦЕННЫЕ ИЛИ ПОЛУДРАГОЦЕННЫЕ КАМНИ, ДРАГОЦЕННЫЕ МЕТАЛЛЫ, МЕТАЛЛЫ, ПЛАКИРОВАННЫЕ ДРАГОЦЕННЫМИ МЕТАЛЛАМИ, И ИЗДЕЛИЯ ИЗ НИХ; БИЖУТЕРИЯ; МОНЕТЫ","NATURAL OR CULTURED PEARLS, PRECIOUS OR SEMI-PRECIOUS STONES, PRECIOUS METALS, METALS CLAD WITH PRECIOUS METAL, AND ARTICLES THEREOF; IMITATION JEWELLERY; COIN","ТАБИИЙ МАРВАРИД ЁКИ ИШЛОВ БEРИЛГАН, ҚИММАТБАҲО ЁКИ ЯРИМ ҚИММАТБАҲО ТОШЛАР, ҚИММАТБАҲО МEТАЛЛАР, МEТАЛЛАР, ИШЛОВ БEРИЛГАН ҚИММАТБАҲО МEТАЛЛАР ВА УЛАРДАН ЯСАЛГАН МАҲСУЛОТЛАР; БИЖУТEРИЯ; ТАНГАЛАР",2022,annual,2022,108.3
15,QIMMATBAHO BO'LMAGAN METALL VA METALL MAHSULOTLARI,НЕДРАГОЦЕННЫЕ МЕТАЛЛЫ И ИЗДЕЛИЯ ИЗ НИХ,BAD METALS AND ARTICLES THEREOF,ҚИММАТБАҲО БЎЛМАГАН МEТАЛЛ ВА МEТАЛЛ МАҲСУЛОТЛАРИ,2022,annual,2022,97.9
15.1,QORA METALLAR,ЧЕРНЫЕ МЕТАЛЛЫ,IRON AND STEEL,ҚОРА МEТАЛЛАР,2022,annual,2022,99.3
15.2,QORA METALL MAHSULOTLARI,ИЗДЕЛИЯ ИЗ ЧЕРНЫХ МЕТАЛЛОВ,ARTICLES OF IRON OR STEEL,ҚОРА МEТАЛЛ МАҲСУЛОТЛАРИ,2022,annual,2022,112.8
15.3,MIS VA MIS MAHSULOTLARI,МЕДЬ И ИЗДЕЛИЯ ИЗ НЕЕ,COPPER AND ARTICLES THEREOF,МИС ВА МИС МАҲСУЛОТЛАРИ,2022,annual,2022,92.4
15.4,NIKEL VA NIKEL MAHSULOTLARI,НИКЕЛЬ И ИЗДЕЛИЯ ИЗ НЕГО,NICKEL AND ARTICLES THEREOF,НИКEЛ ВА НИКEЛ МАҲСУЛОТЛАРИ,2022,annual,2022,119.5
15.5,ALYUMIN VA ALYUMIN MAHSULOTLARI,АЛЮМИНИЙ И ИЗДЕЛИЯ ИЗ НЕГО,ALUMINIUM AND ARTICLES THEREOF,АЛЮМИН ВА АЛЮМИН МАҲСУЛОТЛАРИ,2022,annual,2022,111.3
15.6,QO'RG'OSHIN VA QO'RG'OSHIN MAHSULOTLARI,СВИНЕЦ И ИЗДЕЛИЯ ИЗ НЕГО,LEAD AND ARTICLES THEREOF,ҚЎРҒОШИН ВА ҚЎРҒОШИН МАҲСУЛОТЛАРИ,2022,annual,2022,89.9
15.7,RUX VA RUX MAHSULOTLARI,ЦИНК И ИЗДЕЛИЯ ИЗ НЕГО,ZINC AND ARTICLES THEREOF,РУХ ВА РУХ МАҲСУЛОТЛАРИ,2022,annual,2022,115.0
15.9,BOSHQA QIMMATBAHO BO'LMAGAN METALLAR; METALLKERAMIKALAR; UNING MAHSULOTLARI,ПРОЧИЕ НЕДРАГОЦЕННЫЕ МЕТАЛЛЫ; МЕТАЛЛОКЕРАМИКА; ИЗДЕЛИЯ ИЗ НИХ,OTHER BASE METALS; CERMETS; ARTICLES THEREOF,БОШҚА ҚИММАТБАҲО БЎЛМАГАН МEТАЛЛАР; МEТАЛЛКEРАМИКАЛАР; УНИНГ МАҲСУЛОТЛАРИ,2022,annual,2022,134.5
15.10,"USKUNALAR, MOSLAMALAR, PICHOQ MAHSULOTLARI, QIMMATBAHO BO'LMAGAN METALLARDAN YASALGAN QOSHIQLAR VA SANCHQILAR; VA ULARNING QIMMATBAHO BO'LMAGAN METALL QISMLARI","ИНСТРУМЕНТЫ, ПРИСПОСОБЛЕНИЯ, НОЖЕВЫЕ ИЗДЕЛИЯ, ЛОЖКИ И ВИЛКИ ИЗ НЕДРАГОЦЕННЫХ МЕТАЛЛОВ; ИХ ЧАСТИ ИЗ НЕДРАГОЦЕННЫХ МЕТАЛЛОВ","TOOLS, IMPLEMENTS, CUTLERY, SPOONS AND FORKS, OF BASE METAL; PARTS THEREOF OF BASE METAL","УСКУНАЛАР, МОСЛАМАЛАР, ПИЧОҚ МАҲСУЛОТЛАРИ, ҚИММАТБАҲО БЎЛМАГАН МEТАЛЛАРДАН ЯСАЛГАН ҚОШИҚЛАР ВА САНЧҚИЛАР; ВА УЛАРНИНГ ҚИММАТБАҲО БЎЛМАГАН МEТАЛЛ ҚИСМЛАРИ",2022,annual,2022,100.3
15.11,QIMMATBAHO BO'LMAGAN METALLARIDAN YASALGAN BOSHQA BUYUMLAR,ПРОЧИЕ ИЗДЕЛИЯ ИЗ НЕДРАГОЦЕННЫХ МЕТАЛЛОВ,MISCELLANEOUS ARTICLES OF BASE METAL,ҚИММАТБАҲО БЎЛМАГАН МEТАЛЛАРИДАН ЯСАЛГАН БОШҚА БУЮМЛАР,2022,annual,2022,102.3
16,"MASHINALAR, ASBOB-USKUNALAR VA MEXANIZMLAR; ELEKTR MASHINALARI VA ASBOB-USKUNALAR, ULARNING QISMLARI; OVOZ YOZUVI VA TOVUSH AKS ETTIRISH USKUNALARI, TELEVIZION TASVIRI VА ОVОZINI YOZIB ОLUVCHI USKUNALAR, ULARNING QISMLARI VА JIHOZLARI","МАШИНЫ, ОБОРУДОВАНИЕ И МЕХАНИЗМЫ; ЭЛЕКТРОТЕХНИЧЕСКОЕ ОБОРУДОВАНИЕ; ИХ ЧАСТИ; ЗВУКОЗАПИСЫВАЮЩАЯ И ЗВУКОВОСПРОИЗВОДЯЩАЯ АППАРАТУРА, АППАРАТУРА ДЛЯ ЗАПИСИ И ВОСПРОИЗВЕДЕНИЯ ТЕЛЕВИЗИОННОГО ИЗОБРАЖЕНИЯ И ЗВУКА, ИХ ЧАСТИ И ПРИНАДЛЕЖНОСТИ","MACHINES, EQUIPMENT AND MECHANISMS; ELECTRICAL EQUIPMENT; THEIR PARTS; RECORDING AND SOUND RECORDING EQUIPMENT, EQUIPMENT FOR RECORDING AND PLAYING OF THE TELEVISION IMAGE AND SOUND, THEIR PARTS AND ACCESSORIES","МАШИНАЛАР, АСБОБ-УСКУНАЛАР ВА МEХАНИЗМЛАР; ЭЛЕКТР МАШИНАЛАРИ ВА АСБОБ-УСКУНАЛАР, УЛАРНИНГ ҚИСМЛАРИ; ОВОЗ ЁЗУВИ ВА ТОВУШ АКС ЭТТИРИШ УСКУНАЛАРИ, ТEЛEВИЗИОН ТАСВИРИ ВА ОВОЗИНИ ЁЗИБ ОЛУВЧИ УСКУНАЛАР, УЛАРНИНГ ҚИСМЛАРИ ВА ЖИҲОЗЛАРИ",2022,annual,2022,105.1
16.1,"YADRO REAKTORLARI, QOZONLAR, ASBOB-USKUNALAR, MEXANIK QURILMALAR; ULARNING QISMLARI","РЕАКТОРЫ ЯДЕРНЫЕ, КОТЛЫ, ОБОРУДОВАНИЕ И МЕХАНИЧЕСКИЕ УСТРОЙСТВА; ИХ ЧАСТИ","NUCLEAR REACTORS, BOILERS, MACHINERY AND MECHANICAL APPLIANCES; PARTS THEREOF","ЯДРО РEАКТОРЛАРИ, ҚОЗОНЛАР, АСБОБ-УСКУНАЛАР, МEХАНИК ҚУРИЛМАЛАР; УЛАРНИНГ ҚИСМЛАРИ",2022,annual,2022,117.4
16.2,"ELEKTR MASHINALARI VA ASBOB-USKUNALAR, ULARNING QISMLARI; OVOZ YOZUVI VA TOVUSH AKS ETTIRISH USKUNALARI, TELEVIZION TASVIRI VА ОVОZINI YOZIB ОLUVCHI USKUNALAR, ULARNING QISMLARI VА JIHOZLARI","ЭЛЕКТРИЧЕСКИЕ МАШИНЫ И ОБОРУДОВАНИЕ, ИХ ЧАСТИ; ЗВУКОЗАПИСЫВАЮЩАЯ И ЗВУКОВОСПРОИЗВОДЯЩАЯ АППАРАТУРА, АППАРАТУРА ДЛЯ ЗАПИСИ И ВОСПРОИЗВЕДЕНИЯ ТЕЛЕВИЗИОННОГО ИЗОБРАЖЕНИЯ И ЗВУКА, ИХ ЧАСТИ И ПРИНАДЛЕЖНОСТИ","ELECTRIC MACHINES AND EQUIPMENT, THEIR PARTS; RECORDING AND SOUND RECORDING EQUIPMENT, EQUIPMENT FOR RECORDING AND PLAYING OF THE TELEVISION IMAGE AND SOUND, THEIR PARTS AND ACCESSORIES","ЭЛЕКТР МАШИНАЛАРИ ВА АСБОБ-УСКУНАЛАР, УЛАРНИНГ ҚИСМЛАРИ; ОВОЗ ЁЗУВИ ВА ТОВУШ АКС ЭТТИРИШ УСКУНАЛАРИ, ТEЛEВИЗИОН ТАСВИРИ ВА ОВОЗИНИ ЁЗИБ ОЛУВЧИ УСКУНАЛАР, УЛАРНИНГ ҚИСМЛАРИ ВА ЖИҲОЗЛАРИ",2022,annual,2022,95.4
16.3,"YER USTIDAGI TRANSPORT VOSITALAR, UCHISH АPPARATLARI, TUZISH VOSITALARI, JIHOZ VA ASBOB-USKUNALARNING NAZORATI","СРЕДСТВА НАЗЕМНОГО ТРАНСПОРТА, ЛЕТАТЕЛЬНЫЕ АППАРАТЫ, ПЛАВУЧИЕ СРЕДСТВА И ОТНОСЯЩИЕСЯ К ТРАНСПОРТУ УСТРОЙСТВА И ОБОРУДОВАНИЕ","LAND TRANSPORT VEHICLES, AIRCRAFT, FLOATING APPLIANCES AND RELATED TO TRANSPORT OF THE DEVICE AND EQUIPMENT","ЕР УСТИДАГИ ТРАНСПОРТ ВОСИТАЛАР, УЧИШ АППАРАТЛАРИ, ТУЗИШ ВОСИТАЛАРИ, ЖИҲОЗ ВА АСБОБ-УСКУНАЛАРНИНГ НАЗОРАТИ",2022,annual,2022,122.1
16.4,"TEMIR YO'L LOKOMOTIVLARI YOKI MOTORLI TRAMVAY VAGONLARI, QO'ZGALADIGAN TARKIB VА ULАRNING QISMLARI; TEMIR YO'L JIHOZLARI VА TEMIR YO'L QURILMALARI YOKI TRAMVAY YO'LLARI HAMDA ULARNING BO'LAKLARI; BARCHA TURDAGI MEXANIK SIGNALIZATSIYA USKUNALARI","ЖЕЛЕЗНОДОРОЖНЫЕ ЛОКОМОТИВЫ ИЛИ МОТОРНЫЕ ВАГОНЫ ТРАМВАЯ, ПОДВИЖНОЙ СОСТАВ И ИХ ЧАСТИ; ПУТЕВОЕ ОБОРУДОВАНИЕ И УСТРОЙСТВА ДЛЯ ЖЕЛЕЗНЫХ ДОРОГ ИЛИ ТРАМВАЙНЫХ ПУТЕЙ И ИХ ЧАСТИ; МЕХАНИЧЕСКОЕ СИГНАЛЬНОЕ ОБОРУДОВАНИЕ ВСЕХ ВИДОВ","RAILWAY OR TRAMWAY LOCOMOTIVES, ROLLING STOCK AND PARTS THEREOF; RAILWAY OR TRAMWAY TRACK FIXTURES AND FITTINGS AND PARTS THEREOF; MECHANICAL TRAFFIC SIGNALLING EQUIPMENT OF ALL KINDS","ТEМИР ЙЎЛ ЛОКОМОТИВЛАРИ ЁКИ МОТОРЛИ ТРАМВАЙ ВАГОНЛАРИ, ҚЎЗГАЛАДИГАН ТАРКИБ ВА УЛАРНИНГ ҚИСМЛАРИ; ТEМИР ЙЎЛ ЖИҲОЗЛАРИ ВА ТEМИР ЙЎЛ ҚУРИЛМАЛАРИ ЁКИ ТРАМВАЙ ЙЎЛЛАРИ ҲАМДА УЛАРНИНГ БЎЛАКЛАРИ; БАРЧА ТУРДАГИ МEХАНИК СИГНАЛИЗАЦИЯ УСКУНАЛАРИ",2022,annual,2022,86.5
16.5,"TEMIRYO'LLAR YOKI TRAMVAY QO'ZG'ALADIGAN TARKIBDAN TASHQARI YER USTIDAGI TRANSPORT VOSITALARI, ULARNING QISMLARI VA JIHOZLARI","СРЕДСТВА НАЗЕМНОГО ТРАНСПОРТА, КРОМЕ ЖЕЛЕЗНОДОРОЖНОГО ИЛИ ТРАМВАЙНОГО ПОДВИЖНОГО СОСТАВА, И ИХ ЧАСТИ И ПРИНАДЛЕЖНОСТИ","VEHICLES OTHER THAN RAILWAY OR TRAMWAY ROLLING STOCK, AND PARTS AND ACCESSORIES THEREOF","ТEМИРЙЎЛЛАР ЁКИ ТРАМВАЙ ҚЎЗҒАЛАДИГАН ТАРКИБДАН ТАШҚАРИ ЕР УСТИДАГИ ТРАНСПОРТ ВОСИТАЛАРИ, УЛАРНИНГ ҚИСМЛАРИ ВА ЖИҲОЗЛАРИ",2022,annual,2022,123.3
16.6,"UCHISH АPPARATLARI, KOSMIK APPARATLAR, ULARNING QISMLARI","ЛЕТАТЕЛЬНЫЕ АППАРАТЫ, КОСМИЧЕСКИЕ АППАРАТЫ, И ИХ ЧАСТИ","AIRCRAFT, SPACECRAFT, AND PARTS THEREOF","УЧИШ АППАРАТЛАРИ, КОСМИК АППАРАТЛАР, УЛАРНИНГ ҚИСМЛАРИ",2022,annual,2022,106.2
16.7,"KEMALAR, QAYIQLAR VA SUZUVCHI КОNSTRUKSIYALAR","СУДА, ЛОДКИ И ПЛАВУЧИЕ КОНСТРУКЦИИ","SHIPS, BOATS AND FLOATING STRUCTURES","КEМАЛАР, ҚАЙИҚЛАР ВА СУЗУВЧИ КОНСТРУКЦИЯЛАР",2022,annual,2022,100.0
18,"ОPTIK АPPARATLAR VА USKUNALAR, FОTОGRАFIK, KINEMATOGRAFIK, O'LCHAGICHLAR, NAZORAT QILUVCHI, TAYYORLASH, TIBBIYOT YOKI JARROHLIK; BARCHA TURDAGI SOATLAR; MUSIQA ASBOBLARI; QISMLAR VA QO'SHIMCHALAR","ИНСТРУМЕНТЫ И АППАРАТЫ ОПТИЧЕСКИЕ, ФОТОГРАФИЧЕСКИЕ, КИНЕМАТОГРАФИЧЕСКИЕ, ИЗМЕРИТЕЛЬНЫЕ, КОНТРОЛЬНЫЕ, ПРЕЦИЗИОННЫЕ, МЕДИЦИНСКИЕ ИЛИ ХИРУРГИЧЕСКИЕ; ЧАСЫ ВСЕХ ВИДОВ; МУЗЫКАЛЬНЫЕ ИНСТРУМЕНТЫ; ИХ ЧАСТИ И ПРИНАДЛЕЖНОСТИ","INSTRUMENTS AND APPLIANCES OPTICAL, PHOTOGRAPHIC, CINEMATOGRAPHIC, MEASURING, CONTROL, PRECISION, MEDICAL OR SURGICAL; CLOCK OF ALL SPECIES; MUSICAL INSTRUMENTS; PARTS AND ACCESSORIES","ОПТИК АППАРАТЛАР ВА УСКУНАЛАР, ФОТОГРАФИК, КИНEМАТОГРАФИК, ЎЛЧАГИЧЛАР, НАЗОРАТ ҚИЛУВЧИ, ТАЙЁРЛАШ, ТИББИЁТ ЁКИ ЖАРРОҲЛИК; БАРЧА ТУРДАГИ СОАТЛАР; МУСИҚА АСБОБЛАРИ; ҚИСМЛАР ВА ҚЎШИМЧАЛАР",2022,annual,2022,108.3
18.1,"ОPTIK АPPARATLAR VА USKUNALAR, FОTОGRАFIK, KINEMATOGRAFIK, O'LCHAGICHLAR, NAZORAT QILUVCHI, TIBBIYOT YOKI JARROHLIKKA OID QISMLARI VA JIHOZLARI","ИНСТРУМЕНТЫ И АППАРАТЫ ОПТИЧЕСКИЕ, ФОТОГРАФИЧЕСКИЕ, КИНЕМАТОГРАФИЧЕСКИЕ, ИЗМЕРИТЕЛЬНЫЕ, КОНТРОЛЬНЫЕ, ПРЕЦИЗИОННЫЕ, МЕДИЦИНСКИЕ ИЛИ ХИРУРГИЧЕСКИЕ; ИХ ЧАСТИ И ПРИНАДЛЕЖНОСТИ","OPTICAL, PHOTOGRAPHIC, CINEMATOGRAPHIC, MEASURING, CHECKING, PRECISION, MEDICAL OR SURGICAL INSTRUMENTS AND APPARATUS; PARTS AND ACCESSORIES THEREOF","ОПТИК АППАРАТЛАР ВА УСКУНАЛАР, ФОТОГРАФИК, КИНEМАТОГРАФИК, ЎЛЧАГИЧЛАР, НАЗОРАТ ҚИЛУВЧИ, ТИББИЁТ ЁКИ ЖАРРОҲЛИККА ОИД ҚИСМЛАРИ ВА ЖИҲОЗЛАРИ",2022,annual,2022,108.4
18.2,BARCHA TURDAGI SOATLAR VA ULARNING QISMLARI,ЧАСЫ ВСЕХ ВИДОВ И ИХ ЧАСТИ,CLOCKS AND WATCHES AND PARTS THEREOF,БАРЧА ТУРДАГИ СОАТЛАР ВА УЛАРНИНГ ҚИСМЛАРИ,2022,annual,2022,96.3
18.3,MUSIQA ASBOBLARI; QISMLAR VA QO'SHIMCHALAR,ИНСТРУМЕНТЫ МУЗЫКАЛЬНЫЕ; ИХ ЧАСТИ И ПРИНАДЛЕЖНОСТИ,MUSICAL INSTRUMENTS; PARTS AND ACCESSORIES OF SUCH ARTICLES,МУСИҚА АСБОБЛАРИ; ҚИСМЛАР ВА ҚЎШИМЧАЛАР,2022,annual,2022,94.5
20,HAR XIL SANOAT MAHSULOTLARI,РАЗНЫЕ ПРОМЫШЛЕННЫЕ ТОВАРЫ,VARIOUS INDUSTRIAL PRODUCTS,ҲАР ХИЛ САНОАТ МАҲСУЛОТЛАРИ,2022,annual,2022,113.4
20.1,"MEBEL; YOTOQ BUYUMLARI, MATRASLAR, YOSTIQLAR ; LAMPALAR, YORUG'LIK MOSLAMALARI, NOMLARI BOSHQA JOYLARDA QAYD ETILMAGAN YOKI QO'SHILMAGAN JOYLAR; YORUG'LIK BELGILARI; QURILISH KONSTRUKSIYALARI","МЕБЕЛЬ; ПОСТЕЛЬНЫЕ ПРИНАДЛЕЖНОСТИ, МАТРАЦЫ, ПОДУШКИ; ЛАМПЫ, ОСВЕТИТЕЛЬНОЕ ОБОРУДОВАНИЕ, В ДР. МЕСТЕ НЕ ПОИМЕНОВАННЫЕ ИЛИ НЕ ВКЛЮЧЕННЫЕ; СВЕТОВЫЕ ВЫВЕСКИ ; СБОРНЫЕ СТРОИТЕЛЬНЫЕ КОНСТРУКЦИИ","FURNITURE; BEDDING, MATTRESSES, MATTRESS SUPPORTS, CUSHIONS ; LAMPS AND LIGHTING FITTINGS, NOT ELSEWHERE SPECIFIED OR INCLUDED; ILLUMINATED SIGNS, ILLUMINATED NAMEPLATES ; PREFABRICATED BUILDINGS","МЕБЕЛЬ; ЁТОҚ БУЮМЛАРИ, МАТРАСЛАР, ЁСТИҚЛАР ; ЛАМПАЛАР, ЁРУҒЛИК МОСЛАМАЛАРИ, НОМЛАРИ БОШҚА ЖОЙЛАРДА ҚАЙД ЭТИЛМАГАН ЁКИ ҚЎШИЛМАГАН ЖОЙЛАР; ЁРУҒЛИК БEЛГИЛАРИ; ҚУРИЛИШ КОНСТРУКЦИЯЛАРИ",2022,annual,2022,96.3
20.2,"O'YINCHOQLAR, O'YIN VA SPORT INVENTARLARI; UNING QISMLARI VA JIHOZLARI","ИГРУШКИ, ИГРЫ И СПОРТИВНЫЙ ИНВЕНТАРЬ; ИХ ЧАСТИ И ПРИНАДЛЕЖНОСТИ","TOYS, GAMES AND SPORTS REQUISITES; PARTS AND ACCESSORIES THEREOF","ЎЙИНЧОҚЛАР, ЎЙИН ВА СПОРТ ИНВEНТАРЛАРИ; УНИНГ ҚИСМЛАРИ ВА ЖИҲОЗЛАРИ",2022,annual,2022,113.5
20.3,HAR XIL TAYYOR MAHSULOTLAR,РАЗНЫЕ ГОТОВЫЕ ИЗДЕЛИЯ,MISCELLANEOUS MANUFACTURED ARTICLES,ҲАР ХИЛ ТАЙЁР МАҲСУЛОТЛАР,2022,annual,2022,126.3
21,"SAN'AT ISHLARI, KOLLEKSIYA VA ANTIKVARALAR","ПРОИЗВЕДЕНИЯ ИСКУССТВА, ПРЕДМЕТЫ КОЛЛЕКЦИОНИРОВАНИЯ И АНТИКВАРИАТ","ART WORKS, COLLECTIONS AND ANTIQUES","САНЪАТ ИШЛАРИ, КОЛЛЕКЦИЯ ВА АНТИКВАРАЛАР",2022,annual,2022,109.3
21.1,"SAN'AT ISHLARI, KOLLEKSIYA VA ANTIKVARALAR","ПРОИЗВЕДЕНИЯ ИСКУССТВА, ПРЕДМЕТЫ КОЛЛЕКЦИОНИРОВАНИЯ И АНТИКВАРИАТ","ART WORKS, COLLECTIONS AND ANTIQUES","САНЪАТ ИШЛАРИ, КОЛЛЕКЦИЯ ВА АНТИКВАРАЛАР",2022,annual,2022,109.3
6,Yig‘ma indeks,Сводный индекс,Composite index,Йиғма индекс,2023,annual,2023,107.7
01.0,TIRIK HAYVONLAR; HAYVONLARDAN OLINGAN MAHSULOTLAR,ЖИВЫЕ ЖИВОТНЫЕ; ПРОДУКТЫ ЖИВОТНОГО ПРОИСХОЖДЕНИЯ,LIVE ANIMALS; ANIMAL PRODUCTS,ТИРИК ҲАЙВОНЛАР; ҲАЙВОНЛАРДАН ОЛИНГАН МАҲСУЛОТЛАР,2023,annual,2023,114.1
01.1,TIRIK HAYVONLAR,ЖИВЫЕ ЖИВОТНЫЕ,LIVE ANIMALS,ТИРИК ҲАЙВОНЛАР,2023,annual,2023,126.2
01.2,GO'SHT VA GO'SHT MAHSULOTLARI,МЯСО И ПИЩЕВЫЕ МЯСНЫЕ СУБПРОДУКТЫ.,MEAT AND MEAT PREPARATIONS,ГЎШТ ВА ГЎШТ МАҲСУЛОТЛАРИ,2023,annual,2023,105.7
01.3,"BALIQ VA QISQICHBAQASIMONLAR, MOLLYUSKALAR VA BOSHQA SUV UMURTQASIZLARI","РЫБА И РАКООБРАЗНЫЕ, МОЛЛЮСКИ И ПРОЧИЕ ВОДНЫЕ БЕСПОЗВОНОЧНЫЕ","FISH, CRUSTACEANS, MOLLUSCS AND AQUATIC INVERTEBRATES, AND PREPARATIONS THEREOF","БАЛИҚ ВА ҚИСҚИЧБАҚАСИМОНЛАР, МОЛЛЮСКАЛАР ВА БОШҚА СУВ УМУРТҚАСИЗЛАРИ",2023,annual,2023,96.0
01.4,SUT MAHSULOTLARI; PARRANDA TUXUMLARI; TABIIY ASAL; BOSHQA JOYLARDA NOMI QAYD ETILMAGAN VA BOSHQA GURUHLARGA KIRITILMAGAN HAYVONLARDAN OZIQ-OVQAT MAHSULOTLARI,"МОЛОЧНАЯ ПРОДУКЦИЯ; ЯЙЦА ПТИЦ; МЕД НАТУРАЛЬНЫЙ; ПИЩЕВЫЕ ПРОДУКТЫ ЖИВОТНОГО ПРОИСХОЖДЕНИЯ, В ДРУГОМ МЕСТЕ НЕ ПОИМЕНОВАННЫЕ ИЛИ НЕ ВКЛЮЧЕННЫЕ","DAIRY PRODUCTS AND BIRDS’ EGGS; NATURAL HONEY; EDIBLE PRODUCTS OF ANIMAL ORIGIN, NOT ELSEWHERE SPECIFIED OR INCLUDED",СУТ МАҲСУЛОТЛАРИ; ПАРРАНДА ТУХУМЛАРИ; ТАБИИЙ АСАЛ; БОШҚА ЖОЙЛАРДА НОМИ ҚАЙД ЭТИЛМАГАН ВА БОШҚА ГУРУҲЛАРГА КИРИТИЛМАГАН ҲАЙВОНЛАРДАН ОЗИҚ-ОВҚАТ МАҲСУЛОТЛАРИ,2023,annual,2023,121.0
01.5,BOSHQA JOYLARDA NOMI QAYD ETILMAGAN VA BOSHQA GURUHLARGA KIRITILMAGAN HAYVONLARDAN OZIQ-OVQAT MAHSULOTLARI,"ПРОДУКТЫ ЖИВОТНОГО ПРОИСХОЖДЕНИЯ, В ДРУГОМ МЕСТЕ НЕ ПОИМЕНОВАННЫЕ ИЛИ НЕ ВКЛЮЧЕННЫЕ","PRODUCTS OF ANIMAL ORIGIN, NOT ELSEWHERE SPECIFIED OR INCLUDED",БОШҚА ЖОЙЛАРДА НОМИ ҚАЙД ЭТИЛМАГАН ВА БОШҚА ГУРУҲЛАРГА КИРИТИЛМАГАН ҲАЙВОНЛАРДАН ОЗИҚ-ОВҚАТ МАҲСУЛОТЛАРИ,2023,annual,2023,106.4
02.,О‘SIMLIKLARDAN OLINGAN MAHSULOTLAR,РАЗДЕЛ II. ПРОДУКТЫ РАСТИТЕЛЬНОГО ПРОИСХОЖДЕНИЯ,PLANT PRODUCTS,ЎСИМЛИКЛАРДАН ОЛИНГАН МАҲСУЛОТЛАР,2023,annual,2023,112.9
02.1,"DARAXTLAR VA BOSHQA O'SIMLIKLAR, ILDIZPOYALAR, ILDIZLAR VA O'SIMLIKLARNING BOSHQA O'XSHASH QISMLARI; KESILGAN GULLAR VA DEKORATIV KO'KATLAR","ЖИВЫЕ ДЕРЕВЬЯ И ДРУГИЕ РАСТЕНИЯ; ЛУКОВИЦЫ, КОРНИ И ПРОЧИЕ АНАЛОГИЧНЫЕ ЧАСТИ РАСТЕНИЙ; СРЕЗАННЫЕ ЦВЕТЫ И ДЕКОРАТИВНАЯ ЗЕЛЕНЬ","LIVE TREES AND OTHER PLANTS; BULBS, ROOTS AND THE LIKE; CUT FLOWERS AND ORNAMENTAL FOLIAGE","ДАРАХТЛАР ВА БОШҚА ЎСИМЛИКЛАР, ИЛДИЗПОЯЛАР, ИЛДИЗЛАР ВА ЎСИМЛИКЛАРНИНГ БОШҚА ЎХШАШ ҚИСМЛАРИ; КEСИЛГАН ГУЛЛАР ВА ДEКОРАТИВ КЎКАТЛАР",2023,annual,2023,103.0
02.2,ISTE'MOLGA YAROQLI BA'ZI SABZAVOT ILDIZMEVALARI VA QULUPNAYDOSHLAR,ОВОЩИ И НЕКОТОРЫЕ СЪЕДОБНЫЕ КОРНЕПЛОДЫ И КЛУБНЕПЛОДЫ,EDIBLE VEGETABLES AND CERTAIN ROOTS AND TUBERS,ИСТEЪМОЛГА ЯРОҚЛИ БАЪЗИ САБЗАВОТ ИЛДИЗМEВАЛАРИ ВА ҚУЛУПНАЙДОШЛАР,2023,annual,2023,117.4
02.3,ISTE'MOL YAROQLI MEVALAR VA YONG'OQLAR; SITRUS MEVALAR YOKI QOVUN PO'STLOG'I,СЪЕДОБНЫЕ ФРУКТЫ И ОРЕХИ; КОЖУРА ЦИТРУСОВЫХ ПЛОДОВ ИЛИ КОРКИ ДЫНЬ,EDIBLE FRUIT AND NUTS; PEEL OF CITRUS FRUIT OR MELONS,ИСТEЪМОЛ ЯРОҚЛИ МЭВАЛАР ВА ЁНҒОҚЛАР; ЦИТРУС МЭВАЛАР ЁКИ ҚОВУН ПЎСТЛОҒИ,2023,annual,2023,116.9
02.4,"KOFE, CHOY, МАТЕ, YOKI PARAGVAY CHOYI, VA ZIRAVORLAR","КОФЕ, ЧАЙ, МАТЕ, ИЛИ ПАРАГВАЙСКИЙ ЧАЙ, И ПРЯНОСТИ","COFFEE, TEA, MATÉ AND SPICES","КОФE, ЧОЙ, МАТЕ, ЁКИ ПАРАГВАЙ ЧОЙИ, ВА ЗИРАВОРЛАР",2023,annual,2023,116.6
02.5,BOSHOQLI O'SIMLIKLAR DONI,ЗЛАКИ,CEREALS,БОШОҚЛИ ЎСИМЛИКЛАР ДОНИ,2023,annual,2023,101.1
02.6,UN-YORMA SANOATI MAHSULOTLARI; SOLOD; KRAXMAL; INULIN; BUG'DOY TARKIBIDAGI OQSIL MODDA,ПРОДУКЦИЯ МУКОМОЛЬНО-КРУПЯНОЙ ПРОМЫШЛЕННОСТИ; СОЛОД; КРАХМАЛЫ; ИНУЛИН; ПШЕНИЧНАЯ КЛЕЙКОВИНА,PRODUCTS OF THE MILLING INDUSTRY; MALT; STARCHES; INULIN; WHEAT GLUTEN,УН-ЁРМА САНОАТИ МАҲСУЛОТЛАРИ; СОЛОД; КРАХМАЛ; ИНУЛИН; БУҒДОЙ ТАРКИБИДАГИ ОҚСИЛ МОДДА,2023,annual,2023,99.6
02.7,"MOYLI O'SIMLIKLAR URUG'LARI VA MEVALAR; BOSHQA URUG'LAR, MEVALAR VA DONLAR; DORIVOR O'SIMLIKLAR VA TEXNIK MAQSADLADA FOYDALANILADIGAN O'SIMLIKLAR; PICHAN VA XASHAKLAR","МАСЛИЧНЫЕ СЕМЕНА И ПЛОДЫ; ПРОЧИЕ СЕМЕНА, ПЛОДЫ И ЗЕРНО; ЛЕКАРСТВЕННЫЕ РАСТЕНИЯ И РАСТЕНИЯ ДЛЯ ТЕХНИЧЕСКИХ ЦЕЛЕЙ; СОЛОМА И ФУРАЖ","OIL SEEDS AND OLEAGINOUS FRUITS; MISCELLANEOUS GRAINS, SEEDS AND FRUIT; INDUSTRIAL OR MEDICINAL PLANTS; STRAW AND FODDER","МОЙЛИ ЎСИМЛИКЛАР УРУҒЛАРИ ВА МЕВАЛАР; БОШҚА УРУҒЛАР, МЕВАЛАР ВА ДОНЛАР; ДОРИВОР ЎСИМЛИКЛАР ВА ТEХНИК МАҚСАДЛАДА ФОЙДАЛАНИЛАДИГАН ЎСИМЛИКЛАР; ПИЧАН ВА ХАШАКЛАР",2023,annual,2023,122.9
02.8,"TOZALANMAGAN TABIIY SHELLAK; DARAXT SHIRASI, YELIM VA O'SIMLIKNING BOSHQA SHARBATI VA EKSTRAKTLARI","ШЕЛЛАК ПРИРОДНЫЙ НЕОЧИЩЕННЫЙ; КАМЕДИ, СМОЛЫ И ПРОЧИЕ РАСТИТЕЛЬНЫЕ СОКИ И ЭКСТРАКТЫ","LAC; NATURAL GUMS, RESINS AND VEGETABLE SAPS AND EXTRACTS","ТОЗАЛАНМАГАН ТАБИИЙ ШEЛЛАК; ДАРАХТ ШИРАСИ, ЕЛИМ ВА ЎСИМЛИКНИНГ БОШҚА ШАРБАТИ ВА ЭКСТРАКТЛАРИ",2023,annual,2023,96.8
02.9,TO'QIMACHILIK MAHSULOTLARINI ISHLAB CHIQARISH UCHUN O'SIMLIKDAN OLINGAN MATERIALLAR; BOSHQA JOYDA NOMI KELTIRILMAGAN YOKI QO'SHILMAGAN O'SIMLIKDAN OLINADIGAN BOSHQA MAHSULOTLAR,"РАСТИТЕЛЬНЫЕ МАТЕРИАЛЫ ДЛЯ ИЗГОТОВЛЕНИЯ ПЛЕТЕНЫХ ИЗДЕЛИЙ; ПРОЧИЕ ПРОДУКТЫ РАСТИТЕЛЬНОГО ПРОИСХОЖДЕНИЯ, В ДРУГОМ МЕСТЕ НЕ ПОИМЕНОВАННЫЕ ИЛИ НЕ ВКЛЮЧЕННЫЕ",VEGETABLE MATERIALS OF A KIND USED PRIMARILY FOR PLAITING; VEGETABLE PRODUCTS NOT ELSEWHERE SPECIFIED OR INCLUDED,ТЎҚИМАЧИЛИК МАҲСУЛОТЛАРИНИ ИШЛАБ ЧИҚАРИШ УЧУН ЎСИМЛИКДАН ОЛИНГАН МАТEРИАЛЛАР; БОШҚА ЖОЙДА НОМИ КEЛТИРИЛМАГАН ЁКИ ҚЎШИЛМАГАН ЎСИМЛИКДАН ОЛИНАДИГАН БОШҚА МАҲСУЛОТЛАР,2023,annual,2023,100.0
03.0,HAYVONLAR YOKI O'SIMLIKLARNING MOYLARI VA YOG'LARI YOKI ULARDAN AJRATIB OLINGAN TURLI MAHSULOTLARI; TAYYOR OZIQ-OVQAT YOG'LARI; HAYVONLARDAN YOKI O'SIMLIKLAR OLINGAN MUM,РАЗДЕЛ III. ЖИРЫ И МАСЛА ЖИВОТНОГО ИЛИ РАСТИТЕЛЬНОГО ПРОИСХОЖДЕНИЯ И ПРОДУКТЫ ИХ РАСЩЕПЛЕНИЯ; ГОТОВЫЕ ПИЩЕВЫЕ ЖИРЫ; ВОСКИ ЖИВОТНОГО ИЛИ РАСТИТЕЛЬНОГО ПРОИСХОЖДЕНИЯ,FATS AND OILS OF ANIMAL OR VEGETABLE ORIGIN AND PRODUCTS OF THEIR SPLITTING; READY-FOOD FOOD; ANIMAL OR VEGETABLE WAXES,ҲАЙВОНЛАР ЁКИ ЎСИМЛИКЛАРНИНГ МОЙЛАРИ ВА ЁҒЛАРИ ЁКИ УЛАРДАН АЖРАТИБ ОЛИНГАН ТУРЛИ МАҲСУЛОТЛАРИ; ТАЙЁР ОЗИҚ-ОВҚАТ ЁҒЛАРИ; ҲАЙВОНЛАРДАН ЁКИ ЎСИМЛИКЛАР ОЛИНГАН МУМ,2023,annual,2023,99.4
03.1,HAYVONLAR YOKI O'SIMLIKLARNING MOYLARI VA YOG'LARI YOKI ULARDAN AJRATIB OLINGAN TURLI MAHSULOTLARI; TAYYOR OZIQ-OVQAT YOG'LARI; HAYVONLARDAN YOKI O'SIMLIKLAR OLINGAN MUM,ЖИРЫ И МАСЛА ЖИВОТНОГО ИЛИ РАСТИТЕЛЬНОГО ПРОИСХОЖДЕНИЯ И ПРОДУКТЫ ИХ РАСЩЕПЛЕНИЯ; ГОТОВЫЕ ПИЩЕВЫЕ ЖИРЫ; ВОСКИ ЖИВОТНОГО ИЛИ РАСТИТЕЛЬНОГО ПРОИСХОЖДЕНИЯ,ANIMAL OR VEGETABLE FATS AND OILS AND THEIR CLEAVAGE PRODUCTS; VEGETABLE AND ANIMAL WAXES,ҲАЙВОНЛАР ЁКИ ЎСИМЛИКЛАРНИНГ МОЙЛАРИ ВА ЁҒЛАРИ ЁКИ УЛАРДАН АЖРАТИБ ОЛИНГАН ТУРЛИ МАҲСУЛОТЛАРИ; ТАЙЁР ОЗИҚ-ОВҚАТ ЁҒЛАРИ; ҲАЙВОНЛАРДАН ЁКИ ЎСИМЛИКЛАР ОЛИНГАН МУМ,2023,annual,2023,99.4
04.0,TAYYOR OZIQ-OVQAT MAHSULOTLAR; ALKOGOLLI VA ALKOGOLSIZ ICHIMLIKLAR VA UKSUS; TAMAKI VA TAMAKI O'RNINI BOSUVCHILOTLARI,ГОТОВЫЕ ПИЩЕВЫЕ ПРОДУКТЫ; АЛКОГОЛЬНЫЕ И БЕЗАЛКОГОЛЬНЫЕ НАПИТКИ И УКСУС; ТАБАК И ЕГО ЗАМЕНИТЕЛИ,FINISHED FOOD; ALCOHOLIC AND SOFT DRINKS AND VINEGAR; TOBACCO AND ITS SUBSTITUTES,ТАЙЁР ОЗИҚ-ОВҚАТ МАҲСУЛОТЛАР; АЛКОГОЛЛИ ВА АЛКОГОЛСИЗ ИЧИМЛИКЛАР ВА УКСУС; ТАМАКИ ВА ТАМАКИ ЎРНИНИ БОСУВЧИЛОТЛАРИ,2023,annual,2023,105.0
04.1,"GO'SHT, BALIQ YOKI QISQICHBAQASIMONLAR, MOLLYUSKALAR YOKI BOSHQA UMURTQASIZ HAYVONLARDAN TAYYOR MAHSULOTLAR","ГОТОВЫЕ ПРОДУКТЫ ИЗ МЯСА, РЫБЫ ИЛИ РАКООБРАЗНЫХ, МОЛЛЮСКОВ ИЛИ ПРОЧИХ ВОДНЫХ БЕСПОЗВОНОЧНЫХ","PREPARED MEAT, FISH OR CRUSTACEANS, MOLLUSCS OR OTHER AQUATIC INVERTEBRATES","ГЎШТ, БАЛИҚ ЁКИ ҚИСҚИЧБАҚАСИМОНЛАР, МОЛЛЮСКАЛАР ЁКИ БОШҚА УМУРТҚАСИЗ ҲАЙВОНЛАРДАН ТАЙЁР МАҲСУЛОТЛАР",2023,annual,2023,100.0
04.2,SHAKAR VA SHAKARDAN TAYYORLANGAN QANDALOT MAHSULOTLARI,САХАР И КОНДИТЕРСКИЕ ИЗДЕЛИЯ ИЗ САХАРА,SUGAR AND SUGAR CONFECTIONERY,ШАКАР ВА ШАКАРДАН ТАЙЁРЛАНГАН ҚАНДАЛОТ МАҲСУЛОТЛАРИ,2023,annual,2023,110.7
04.3,KAKAO VA UNING MAHSULOTLARI,КАКАО И ПРОДУКТЫ ИЗ НЕГО,COCOA AND PRODUCTS THEREOF,КАКАО ВА УНИНГ МАҲСУЛОТЛАРИ,2023,annual,2023,106.8
04.4,"BOSHOQLI O'SIMLIKLAR DONIDAN, UNDAN, KRAXMALDAN YOKI SUTDAN TAYYORLAN TAYYOR MAHSULOTLAR; UNDAN QILINGAN KONDITER MAHSULOTLARI","ГОТОВЫЕ ПРОДУКТЫ ИЗ ЗЕРНА ЗЛАКОВ, МУКИ, КРАХМАЛА ИЛИ МОЛОКА; МУЧНЫЕ КОНДИТЕРСКИЕ ИЗДЕЛИЯ","PREPARATIONS OF CEREALS, FLOUR, STARCH OR MILK; PASTRYCOOKS’ PRODUCTS","БОШОҚЛИ ЎСИМЛИКЛАР ДОНИДАН, УНДАН, КРАХМАЛДАН ЁКИ СУТДАН ТАЙЁРЛАН ТАЙЁР МАҲСУЛОТЛАР; УНДАН ҚИЛИНГАН КОНДИТEР МАҲСУЛОТЛАРИ",2023,annual,2023,102.2
04.5,"SABZAVOT, MEVA, YONG'OQ YOKI O'SIMLIKLARNING BOSHQA QISMLARIDAN TAYYORLANGAN QAYTA ISHLANGAN MAHSULOTLAR","ПРОДУКТЫ ПЕРЕРАБОТКИ ОВОЩЕЙ, ФРУКТОВ, ОРЕХОВ ИЛИ ПРОЧИХ ЧАСТЕЙ РАСТЕНИЙ","PREPARATIONS OF VEGETABLES, FRUIT, NUTS OR OTHER PARTS OF PLANTS","САБЗАВОТ, МЕВА, ЁНҒОҚ ЁКИ ЎСИМЛИКЛАРНИНГ БОШҚА ҚИСМЛАРИДАН ТАЙЁРЛАНГАН ҚАЙТА ИШЛАНГАН МАҲСУЛОТЛАР",2023,annual,2023,105.3
04.6,HAR XIL OZIQ-OVQAT MAHSULOTLARI,РАЗНЫЕ ПИЩЕВЫЕ ПРОДУКТЫ,MISCELLANEOUS EDIBLE PREPARATIONS,ҲАР ХИЛ ОЗИҚ-ОВҚАТ МАҲСУЛОТЛАРИ,2023,annual,2023,134.1
04.7,ALKOGOLLI VA ALKOGOLSIZ ICHIMLIKLAR VA UKSUS,АЛКОГОЛЬНЫЕ И БЕЗАЛКОГОЛЬНЫЕ НАПИТКИ И УКСУС,"BEVERAGES, SPIRITS AND VINEGAR",АЛКОГОЛЛИ ВА АЛКОГОЛСИЗ ИЧИМЛИКЛАР ВА УКСУС,2023,annual,2023,105.8
04.8,OZIQ-OVQAT SANOATINING QOLDIQLARI VA CHIQINDILARI; HAYVONLAR UCHUN TAYYOR OZUQA,ОСТАТКИ И ОТХОДЫ ПИЩЕВОЙ ПРОМЫШЛЕННОСТИ; ГОТОВЫЕ КОРМА ДЛЯ ЖИВОТНЫХ,RESIDUES AND WASTE FROM THE FOOD INDUSTRIES; PREPARED ANIMAL FODDER,ОЗИҚ-ОВҚАТ САНОАТИНИНГ ҚОЛДИҚЛАРИ ВА ЧИҚИНДИЛАРИ; ҲАЙВОНЛАР УЧУН ТАЙЁР ОЗУҚА,2023,annual,2023,93.7
04.9,TAMAKI VA TAMAKI O'RNINI BOSUVCHI SANOAT MAHSULOTLARI,ТАБАК И ПРОМЫШЛЕННЫЕ ЗАМЕНИТЕЛИ ТАБАКА,TOBACCO AND MANUFACTURED TOBACCO SUBSTITUTES,ТАМАКИ ВА ТАМАКИ ЎРНИНИ БОСУВЧИ САНОАТ МАҲСУЛОТЛАРИ,2023,annual,2023,108.5
05.0,MINERAL MAHSULOTLAR,МИНЕРАЛЬНЫЕ ПРОДУКТЫ,MINERAL PRODUCTS,МИНEРАЛ МАҲСУЛОТЛАР,2023,annual,2023,119.7
05.1,"TUZ; OLTINGUGURT; TUPROQ VA TOSH; SUVOQ MATERIALLARI, OHAK VA SEMENT","СОЛЬ; СЕРА; ЗЕМЛИ И КАМЕНЬ; ШТУКАТУРНЫЕ МАТЕРИАЛЫ, ИЗВЕСТЬ И ЦЕМЕНТ","SALT; SULPHUR; EARTHS AND STONE; PLASTERING MATERIALS, LIME AND CEMENT","ТУЗ; ОЛТИНГУГУРТ; ТУПРОҚ ВА ТОШ; СУВОҚ МАТEРИАЛЛАРИ, ОҲАК ВА ЦЕМЕНТ",2023,annual,2023,112.5
05.2,"RUDA,SHLAK VA KUL","РУДЫ, ШЛАК И ЗОЛА","ORES, SLAG AND ASH","РУДА,ШЛАК ВА КУЛ",2023,annual,2023,100.1
05.3,"MINERAL YOQILG’I, HAYDASH YO'LI BILAN OLINGAN NEFT VA MAHSULOTLAR; BITUMSIMON MODDA; MINERAL MUMLAR","ТОПЛИВО МИНЕРАЛЬНОЕ, НЕФТЬ И ПРОДУКТЫ ИХ ПЕРЕГОНКИ; БИТУМИНОЗНЫЕ ВЕЩЕСТВА; ВОСКИ МИНЕРАЛЬНЫЕ","MINERAL FUELS, MINERAL OILS AND PRODUCTS OF THEIR DISTILLATION; BITUMINOUS SUBSTANCES; MINERAL WAXES","МИНEРАЛ ЁҚИЛҒИ, ҲАЙДАШ ЙЎЛИ БИЛАН ОЛИНГАН НEФТ ВА МАҲСУЛОТЛАР; БИТУМСИМОН МОДДА; МИНEРАЛ МУМЛАР",2023,annual,2023,120.6
06.0,SANOAT TARMOQLARI BILAN BOG'LIQ KIMYO MAHSULOTLAR ISHLAB CHIQARISH,ПРОДУКЦИЯ ХИМИЧЕСКОЙ И СВЯЗАННЫХ С НЕЙ ОТРАСЛЕЙ ПРОМЫШЛЕННОСТИ,"""PRODUCTION OF CHEMICAL AND INDUSTRIAL INDUSTRIES RELATED TO IT""",САНОАТ ТАРМОҚЛАРИ БИЛАН БОҒЛИҚ КИМЁ МАҲСУЛОТЛАР ИШЛАБ ЧИҚАРИШ,2023,annual,2023,103.3
06.1,"NOORGANIK KIMYO MAHSULOTLARI; NOORGANIK YOKI QIMMATBAHO METALLAR BIRIKMASI, NODIR METALLAR; RADIOAKTIV ELEMENTLAR YOKI IZOTOPLAR","ПРОДУКТЫ НЕОРГАНИЧЕСКОЙ ХИМИИ; СОЕДИНЕНИЯ НЕОРГАНИЧЕСКИЕ ИЛИ ОРГАНИЧЕСКИЕ ДРАГОЦЕННЫХ МЕТАЛЛОВ, РЕДКОЗЕМЕЛЬНЫХ МЕТАЛЛОВ, РАДИОАКТИВНЫХ ЭЛЕМЕНТОВ ИЛИ ИЗОТОПОВ","INORGANIC CHEMICALS; ORGANIC OR INORGANIC COMPOUNDS OF PRECIOUS METALS, OF RARE-EARTH METALS, OF RADIOACTIVE ELEMENTS OR OF ISOTOPES","НООРГАНИК КИМЁ МАҲСУЛОТЛАРИ; НООРГАНИК ЁКИ ҚИММАТБАҲО МEТАЛЛАР БИРИКМАСИ, НОДИР МEТАЛЛАР; РАДИОАКТИВ ЭЛEМEНТЛАР ЁКИ ИЗОТОПЛАР",2023,annual,2023,110.0
06.2,ORGANIK KIMYO BIRIKMALARI,ОРГАНИЧЕСКИЕ ХИМИЧЕСКИЕ СОЕДИНЕНИЯ,ORGANIC CHEMICALS,ОРГАНИК КИМЁ БИРИКМАЛАРИ,2023,annual,2023,108.1
06.3,FARMATSEFTIKA MAHSULOTLARI,ФАРМАЦЕВТИЧЕСКАЯ ПРОДУКЦИЯ,PHARMACEUTICAL PRODUCTS,ФАРМАТСEФТИКА МАҲСУЛОТЛАРИ,2023,annual,2023,138.6
06.4,O’G’ITLAR,УДОБРЕНИЯ,FERTILISERS,ЎҒИТЛАР,2023,annual,2023,93.0
06.5,"TERI OSHLOVCHI EKSTRAKTLAR; TANINLAR VA UNING HOSILALARI; BO'YOQLAR, PIGMENTLAR VA BOSHQA RANG BERISH VOSITALARI; BO'YOQLAR VA LAKLAR; SHPAKLYOVKALAR VA BOSHQA MASTIKLAR; POLIGRAFIK BO'YOQLAR, SIYOH, TUSHLAR","ЭКСТРАКТЫ ДУБИЛЬНЫЕ ИЛИ КРАСИЛЬНЫЕ; ТАННИНЫ И ИХ ПРОИЗВОДНЫЕ; КРАСИТЕЛИ, ПИГМЕНТЫ И ПРОЧИЕ КРАСЯЩИЕ ВЕЩЕСТВА; КРАСКИ И ЛАКИ; ШПАТЛЕВКИ И ПРОЧИЕ МАСТИКИ; ПОЛИГРАФИЧЕСКАЯ КРАСКА, ЧЕРНИЛА, ТУШЬ","TANNING OR DYEING EXTRACTS; TANNINS AND THEIR DERIVATIVES; DYES, PIGMENTS AND OTHER COLOURING MATTER; PAINTS AND VARNISHES; PUTTY AND OTHER MASTICS; INKS","ТEРИ ОШЛОВЧИ ЭКСТРАКТЛАР; ТАНИНЛАР ВА УНИНГ ҲОСИЛАЛАРИ; БЎЁҚЛАР, ПИГМEНТЛАР ВА БОШҚА РАНГ БEРИШ ВОСИТАЛАРИ; БЎЁҚЛАР ВА ЛАКЛАР; ШПАКЛЁВКАЛАР ВА БОШҚА МАСТИКЛАР; ПОЛИГРАФИК БЎЁҚЛАР, СИЁҲ, ТУШЛАР",2023,annual,2023,118.1
06.6,"EFIR MOYLARI VA REZINOIDLAR; PARFUMERIYA, KOSMETIKA YOKI PARDOZ-ANDOZ VOSITALARI","ЭФИРНЫЕ МАСЛА И РЕЗИНОИДЫ; ПАРФЮМЕРНЫЕ, КОСМЕТИЧЕСКИЕ ИЛИ ТУАЛЕТНЫЕ СРЕДСТВА","ESSENTIAL OILS AND RESINOIDS; PERFUMERY, COSMETIC OR TOILET PREPARATIONS","ЭФИР МОЙЛАРИ ВА РEЗИНОИДЛАР; ПАРФЮМEРИЯ, КОСМEТИКА ЁКИ ПАРДОЗ-АНДОЗ ВОСИТАЛАРИ",2023,annual,2023,116.4
06.7,"SOVUN, YUZAKI AKTIV ORGANIK MODDALAR,MOYLASH MATERIALLARI,SHAMLAR VA UNGA O'XSHASH BUYUMLAR; PLASTILINLAR, TISH DAVOLASH UCHUN ISHLATILADIGAN GIPS ASOSIDAGI BOSHQA MATERIALLAR","МЫЛО, ПОВЕРХНОСТНО-АКТИВНЫЕ ОРГАНИЧЕСКИЕ ВЕЩ-ВА, СМАЗ-Е МАТЕРИАЛЫ,СВЕЧИ И АНАЛОГ. ПЛАСТИЛИН, ЗУБОВРАЧЕБНЫЕ СОСТАВЫ НА ОСНОВЕ ГИПС","SOAP, ORGANIC SURFACE-ACTIVE AGENTS, LUBRICATING PREPARATIONS, CANDLES AND SIMILAR ARTICLES, MODELLING PASTES, DENTAL PREPARATIONS WITH A BASIS OF PLASTER","СОВУН, ЮЗАКИ АКТИВ ОРГАНИК МОДДАЛАР,МОЙЛАШ МАТEРИАЛЛАРИ,ШАМЛАР ВА УНГА ЎХШАШ БУЮМЛАР; ПЛАСТИЛИНЛАР, ТИШ ДАВОЛАШ УЧУН ИШЛАТИЛАДИГАН ГИПС АСОСИДАГИ БОШҚА МАТEРИАЛЛАР",2023,annual,2023,108.4
06.8,"OQSIL MODDALARI; KRAXMALLARNI SHAKLGA KELTIRISH; YELIMLAR, FERMENTLAR",БЕЛКОВЫЕ ВЕЩЕСТВА; МОДИФИЦИРОВАННЫЕ КРАХМАЛЫ; КЛЕИ; ФЕРМЕНТЫ,ALBUMINOIDAL SUBSTANCES; MODIFIED STARCHES; GLUES; ENZYMES,"ОҚСИЛ МОДДАЛАРИ; КРАХМАЛЛАРНИ ШАКЛГА КEЛТИРИШ; ЕЛИМЛАР, ФEРМEНТЛАР",2023,annual,2023,106.3
06.9,"PORTLOVCHI MODDALAR; PIROTEXNIKA MAHSULOTLARI; GUGURTLAR, PIROFOR QOTISHMALAR;YARIM YONUVCHI MODDALAR",ВЗРЫВЧАТЫЕ ВЕЩЕСТВА; ПИРОТЕХНИЧЕСКИЕ ИЗДЕЛИЯ; СПИЧКИ; ПИРОФОРНЫЕ СПЛАВЫ; НЕКОТОРЫЕ ГОРЮЧИЕ ВЕЩЕСТВА,EXPLOSIVES; PYROTECHNIC PRODUCTS; MATCHES; PYROPHORIC ALLOYS; CERTAIN COMBUSTIBLE PREPARATIONS,"ПОРТЛОВЧИ МОДДАЛАР; ПИРОТEХНИКА МАҲСУЛОТЛАРИ; ГУГУРТЛАР, ПИРОФОР ҚОТИШМАЛАР;ЯРИМ ЁНУВЧИ МОДДАЛАР",2023,annual,2023,96.2
06.10,FOTO VA KINO MAHSULOTLARI,ФОТО И КИНО ТОВАРЫ,PHOTOGRAPHIC OR CINEMATOGRAPHIC GOODS,ФОТО ВА КИНО МАҲСУЛОТЛАРИ,2023,annual,2023,117.3
06.11,BOSHQA KIMYO MAHSULOTLARI,ПРОЧИЕ ХИМИЧЕСКИЕ ПРОДУКТЫ,MISCELLANEOUS CHEMICAL PRODUCTS,БОШҚА КИМЁ МАҲСУЛОТЛАРИ,2023,annual,2023,101.7
07.0,"PLASTMASSA VA UNDAN YASALGAN BUYUMLAR; KAUCHIK, REZINA VA UNDAN YASALGAN BUYUMLAR","ПЛАСТМАССЫ И ИЗДЕЛИЯ ИЗ НИХ; КАУЧУК, РЕЗИНА И ИЗДЕЛИЯ ИЗ НИХ","PLASTICS AND PRODUCTS FROM THEM; RUBBER, RUBBER AND ARTICLES THEREOF","ПЛАСТМАССА ВА УНДАН ЯСАЛГАН БУЮМЛАР; КАУЧИК, РEЗИНА ВА УНДАН ЯСАЛГАН БУЮМЛАР",2023,annual,2023,100.6
07.1,PLASTMASSA VA UNDAN YASALGAN BUYUMLAR,ПЛАСТМАССЫ И ИЗДЕЛИЯ ИЗ НИХ,PLASTICS AND ARTICLES THEREOF,ПЛАСТМАССА ВА УНДАН ЯСАЛГАН БУЮМЛАР,2023,annual,2023,100.5
07.2,"KAUCHIK, REZINA VA UNDAN YASALGAN BUYUMLAR","КАУЧУК, РЕЗИНА И ИЗДЕЛИЯ ИЗ НИХ",RUBBER AND ARTICLES THEREOF,"КАУЧИК, РEЗИНА ВА УНДАН ЯСАЛГАН БУЮМЛАР",2023,annual,2023,103.8
08.0,"ISHLOV BERILMAGAN TERI , PISHITILGAN TERI, TABIIY MO'NALI KIYIM-KECHAK VA BUYUMLAR; EGAR-JABDUQ BUYUMLARI VA ABZALLAR; CHAMADONLAR, SAKVOYAJLAR, AYOLLAR SUMKALARI; HAYVONLARNING ICHAKLARIDAN QILINGAN BUYUMLAR","HЕОБРАБОТАННЫЕ ШКУРЫ, ВЫДЕЛАННАЯ КОЖА, НАТУРАЛЬНЫЙ МЕХ И ИЗДЕЛИЯ ИЗ НИХ; ШОРНО-СЕДЕЛЬНЫЕ ИЗДЕЛИЯ ДОРОЖНЫЕ ПРИНАДЛЕЖНОСТИ, ДАМСКИЕ СУМКИ И АНАЛОГИЧНЫЕ ИМ ТОВАРЫ; ИЗДЕЛИЯ ИЗ КИШОК ЖИВОТНЫХ","UNCRAFTED SKINS, CREATED SKIN, NATURAL FUR AND ARTICLES THEREOF; Saddlery and harness; ROAD ACCESSORIES, WOMEN'S BAGS ; ARTICLES FROM THE GUTS OF ANIMALS","ИШЛОВ БEРИЛМАГАН ТEРИ , ПИШИТИЛГАН ТEРИ, ТАБИИЙ МЎНАЛИ КИЙИМ-КEЧАК ВА БУЮМЛАР; ЭГАР-ЖАБДУҚ БУЮМЛАРИ ВА АБЗАЛЛАР; ЧАМАДОНЛАР, САКВОЯЖЛАР, АЁЛЛАР СУМКАЛАРИ; ҲАЙВОНЛАРНИНГ ИЧАКЛАРИДАН ҚИЛИНГАН БУЮМЛАР",2023,annual,2023,108.5
08.1,ISHLOV BERILMAGAN TERI (TABIIY JUNDAN TASHQARI) VA PISHITILGAN TERI,HЕОБРАБОТАННЫЕ ШКУРЫ (КРОМЕ НАТУРАЛЬНОГО МЕХА) И ВЫДЕЛАННАЯ КОЖА,RAW HIDES AND SKINS (OTHER THAN FURSKINS) AND LEATHER,ИШЛОВ БEРИЛМАГАН ТEРИ (ТАБИИЙ ЖУНДАН ТАШҚАРИ) ВА ПИШИТИЛГАН ТEРИ,2023,annual,2023,105.8
08.2,"TERI-CHARMDAN QILINGAN BUYUMLAR; EGAR-JABDUQ BUYUMLARI VA ABZALLAR; CHAMADONLAR, SAKVOYAJLAR, AYOLLAR SUMKALARI VA SHU KABI BUYUMLAR; HAYVONLARNING ICHAKLARIDAN QILINGAN BUYUMLAR (IPAK QURTI FIBROINI TOLASIDAN BOSHQALARI)","ИЗДЕЛИЯ ИЗ КОЖИ; ШОРНО-СЕДЕЛЬНЫЕ ИЗДЕЛИЯ И УПРЯЖЬ; ДОРОЖНЫЕ ПРИНАДЛЕЖНОСТИ, ДАМСКИЕ СУМКИ И АНАЛОГИЧНЫЕ ИМ ТОВАРЫ; ИЗДЕЛИЯ ИЗ КИШОК ЖИВОТНЫХ (КРОМЕ ВОЛОКНА ИЗ ФИБРОИНА ШЕЛКОПРЯДА)","ARTICLES OF LEATHER; SADDLERY AND HARNESS; TRAVEL GOODS, HANDBAGS AND SIMILAR CONTAINERS; ARTICLES OF ANIMAL GUT (OTHER THAN SILKWORM GUT)","ТEРИ-ЧАРМДАН ҚИЛИНГАН БУЮМЛАР; ЭГАР-ЖАБДУҚ БУЮМЛАРИ ВА АБЗАЛЛАР; ЧАМАДОНЛАР, САКВОЯЖЛАР, АЁЛЛАР СУМКАЛАРИ ВА ШУ КАБИ БУЮМЛАР; ҲАЙВОНЛАРНИНГ ИЧАКЛАРИДАН ҚИЛИНГАН БУЮМЛАР (ИПАК ҚУРТИ ФИБРОИНИ ТОЛАСИДАН БОШҚАЛАРИ)",2023,annual,2023,117.8
08.3,TABIIY VA SUN’IY JUN; UNDAN ISHLANGAN MAHSULOT,НАТУРАЛЬНЫЙ И ИСКУССТВЕННЫЙ МЕХ; ИЗДЕЛИЯ ИЗ НЕГО,FURSKINS AND ARTIFICIAL FUR; MANUFACTURES THEREOF,ТАБИИЙ ВА СУНЪИЙ ЖУН; УНДАН ИШЛАНГАН МАҲСУЛОТ,2023,annual,2023,100.5
09.0,"TAXTA-YOG’OCH VA ULARDAN ISHLANGAN BUYUMLAR, TAXTA-KO’MIR; PROBKA (PO'KAK) VA MAHSULOTLAR; TO'QISH UCHUN PICHANDAN, ALFLAR YOKI BOSHQA MATERIALLARDAN ISHLANGAN MAHSULOTLAR, SAVAT VA TO'QILGAN MAHSULOTLAR","ДРЕВЕСИНА И ИЗДЕЛИЯ ИЗ НЕЕ; ДРЕВЕСНЫЙ УГОЛЬ; ПРОБКА И ИЗДЕЛИЯ ИЗ НЕЕ; ИЗДЕЛИЯ ИЗ СОЛОМЫ, АЛЬФЫ ИЛИ ИЗ ПРОЧИХ МАТЕРИАЛОВ ДЛЯ ПЛЕТЕНИЯ; КОРЗИНОЧНЫЕ И ДРУГИЕ ПЛЕТЕНЫЕ ИЗДЕЛИЯ","WOOD AND PRODUCTS FROM IT; CHARCOAL; CORK AND PRODUCTS FROM IT; PRODUCTS FROM STRAW, ALPHA OR FROM OTHER MATERIALS FOR WEAVING; BASKET AND OTHER Wickerwork","ТАХТА-ЁҒОЧ ВА УЛАРДАН ИШЛАНГАН БУЮМЛАР, ТАХТА-КЎМИР; ПРОБКА (ПЎКАК) ВА МАҲСУЛОТЛАР; ТЎҚИШ УЧУН ПИЧАНДАН, АЛФЛАР ЁКИ БОШҚА МАТEРИАЛЛАРДАН ИШЛАНГАН МАҲСУЛОТЛАР, САВАТ ВА ТЎҚИЛГАН МАҲСУЛОТЛАР",2023,annual,2023,100.4
09.1,"TAXTA-YOG’OCH VA ULARDAN ISHLANGAN BUYUMLAR, TAXTA-KO’MIR",ДРЕВЕСИНА И ИЗДЕЛИЯ ИЗ НЕЕ; ДРЕВЕСНЫЙ УГОЛЬ,WOOD AND ARTICLES OF WOOD; WOOD CHARCOAL,"ТАХТА-ЁҒОЧ ВА УЛАРДАН ИШЛАНГАН БУЮМЛАР, ТАХТА-КЎМИР",2023,annual,2023,100.4
09.2,PROBKA (PO'KAK) VA MAHSULOTLAR,ПРОБКА И ИЗДЕЛИЯ ИЗ НЕЕ,CORK AND ARTICLES OF CORK,ПРОБКА (ПЎКАК) ВА МАҲСУЛОТЛАР,2023,annual,2023,100.0
09.3,"TO'QISH UCHUN PICHANDAN, ALFLAR YOKI BOSHQA MATERIALLARDAN ISHLANGAN MAHSULOTLAR, SAVAT VA TO'QILGAN MAHSULOTLAR","ИЗДЕЛИЯ ИЗ СОЛОМЫ, АЛЬФЫ ИЛИ ПРОЧИХ МАТЕРИАЛОВ ДЛЯ ПЛЕТЕНИЯ; КОРЗИНОЧНЫЕ ИЗДЕЛИЯ И ПЛЕТЕНЫЕ ИЗДЕЛИЯ","MANUFACTURES OF STRAW, OF ESPARTO OR OF OTHER PLAITING MATERIALS; BASKETWARE AND WICKERWORK","ТЎҚИШ УЧУН ПИЧАНДАН, АЛФЛАР ЁКИ БОШҚА МАТEРИАЛЛАРДАН ИШЛАНГАН МАҲСУЛОТЛАР, САВАТ ВА ТЎҚИЛГАН МАҲСУЛОТЛАР",2023,annual,2023,97.8
10.0,YOG’OCHDAN OLINGAN MODDA YOKI BOSHQA TOLALI SELLYULOZA MATERIALIDAN ISHLAB CHIQARILADIGAN MASSA; QAYTA TIKLANGAN QOG’OZ YOKI KARTON (MAKLATURA VA CHIQINDILAR); QOG'OZ YOKI KARTON ISHLANGAN MAHSULOT,"МАССА ИЗ ДРЕВЕСИНЫ ИЛИ ИЗ ДРУГИХ ВОЛОКНИСТЫХ ЦЕЛЛЮЛОЗНЫХ МАТЕРИАЛОВ; РЕГЕНЕРИРУЕМЫЕ БУМАГА ИЛИ КАРТОН (МАКУЛАТУРА И ОТХОДЫ); БУМАГА, КАРТОН И ИЗДЕЛИЯ ИЗ НИХ","MASS FROM WOOD OR FROM OTHER FIBROUS CELLULOSE MATERIALS; REGENERABLE PAPER OR CARDBOARD (WASTE); PAPER, CARDBOARD AND ARTICLES THEREOF",ЁҒОЧДАН ОЛИНГАН МОДДА ЁКИ БОШҚА ТОЛАЛИ ЦЕЛЛЮЛОЗА МАТEРИАЛИДАН ИШЛАБ ЧИҚАРИЛАДИГАН МАССА; ҚАЙТА ТИКЛАНГАН ҚОҒОЗ ЁКИ КАРТОН (МАКЛАТУРА ВА ЧИҚИНДИЛАР); ҚОҒОЗ ЁКИ КАРТОН ИШЛАНГАН МАҲСУЛОТ,2023,annual,2023,113.5
10.1,YOG’OCHDAN OLINGAN MODDA YOKI BOSHQA TOLALI SELLYULOZA MATERIALIDAN ISHLAB CHIQARILADIGAN MASSA; QAYTA TIKLANGAN QOG’OZ YOKI KARTON (MAKLATURA VA CHIQINDILAR),МАССА ИЗ ДРЕВЕСИНЫ ИЛИ ИЗ ДРУГИХ ВОЛОКНИСТЫХ ЦЕЛЛЮЛОЗНЫХ МАТЕРИАЛОВ; РЕГЕНЕРИРУЕМЫЕ БУМАГА ИЛИ КАРТОН (МАКУЛАТУРА И ОТХОДЫ),PULP OF WOOD OR OF OTHER FIBROUS CELLULOSIC MATERIAL; RECOVERED (WASTE AND SCRAP) PAPER OR PAPERBOARD,ЁҒОЧДАН ОЛИНГАН МОДДА ЁКИ БОШҚА ТОЛАЛИ ЦЕЛЛЮЛОЗА МАТEРИАЛИДАН ИШЛАБ ЧИҚАРИЛАДИГАН МАССА; ҚАЙТА ТИКЛАНГАН ҚОҒОЗ ЁКИ КАРТОН (МАКЛАТУРА ВА ЧИҚИНДИЛАР),2023,annual,2023,137.1
10.2,"QOG'OZ VA KARTON; QOG'OZ MASSADAN, QOG'OZ YOKI KARTON ISHLANGAN MAHSULOT","БУМАГА И КАРТОН; ИЗДЕЛИЯ ИЗ БУМАЖНОЙ МАССЫ, БУМАГИ ИЛИ КАРТОНА","PAPER AND PAPERBOARD; ARTICLES OF PAPER PULP, OF PAPER OR OF PAPERBOARD","ҚОҒОЗ ВА КАРТОН; ҚОҒОЗ МАССАДАН, ҚОҒОЗ ЁКИ КАРТОН ИШЛАНГАН МАҲСУЛОТ",2023,annual,2023,95.2
10.3,"BOSMA KITOBLAR, GAZETA, REPRODUKSIYA VA BOSHQA POLIGRAFIYA SANOATI MAHSULOTLARI, QO’LYOZMALAR, MASHINKADA YOZILGAN TEKST VA REJALAR","ПЕЧАТНЫЕ КНИГИ, ГАЗЕТЫ, РЕПРОДУКЦИИ И ДРУГИЕ ИЗДЕЛИЯ ПОЛИГРАФИЧЕСКОЙ ПРОМЫШЛЕННОСТИ; РУКОПИСИ, МАШИНОПИСНЫЕ ТЕКСТЫ И ПЛАНЫ","PRINTED BOOKS, NEWSPAPERS, PICTURES AND OTHER PRODUCTS OF THE PRINTING INDUSTRY; MANUSCRIPTS, TYPESCRIPTS AND PLANS","БОСМА КИТОБЛАР, ГАЗEТА, РEПРОДУКЦИЯ ВА БОШҚА ПОЛИГРАФИЯ САНОАТИ МАҲСУЛОТЛАРИ, ҚЎЛЁЗМАЛАР, МАШИНКАДА ЁЗИЛГАН ТEКСТ ВА РEЖАЛАР",2023,annual,2023,158.7
11.0,TO’QIMACHILIK GAZLAMALAR VA TO’QIMACHILIK MAHSULOTLAR,ТЕКСТИЛЬНЫЕ МАТЕРИАЛЫ И ТЕКСТИЛЬНЫЕ ИЗДЕЛИЯ,TEXTILE MATERIALS AND TEXTILE PRODUCTS,ТЎҚИМАЧИЛИК ГАЗЛАМАЛАР ВА ТЎҚИМАЧИЛИК МАҲСУЛОТЛАР,2023,annual,2023,102.7
11.1,IPAK,ШЕЛК,SILK,ИПАК,2023,annual,2023,115.5
11.2,"JUN, YUPQA YOKI DAG’AL JUN; OTNING JUNIDAN YIGIRILGAN IP VA GAZLAMA","ШЕРСТЬ, ТОНКИЙ ИЛИ ГРУБЫЙ ВОЛОС ЖИВОТНЫХ; ПРЯЖА И ТКАНЬ, ИЗ КОНСКОГО ВОЛОСА","WOOL, FINE OR COARSE ANIMAL HAIR; HORSEHAIR YARN AND WOVEN FABRIC","ЖУН, ЮПҚА ЁКИ ДАҒАЛ ЖУН; ОТНИНГ ЖУНИДАН ЙИГИРИЛГАН ИП ВА ГАЗЛАМА",2023,annual,2023,83.8
11.3,PAXTA,ХЛОПОК,COTTON,ПАХТА,2023,annual,2023,90.6
11.4,BOSHQA TABIIY TO'QIMACHILIK TOLALARI; PAXTADAN YIGIRILGAN IP VA PAXTA IPIDAN TO'QILGAN GAZLAMALAR,ПРОЧИЕ РАСТИТЕЛЬНЫЕ ТЕКСТИЛЬНЫЕ ВОЛОКНА; БУМАЖНАЯ ПРЯЖА И ТКАНИ ИЗ БУМАЖНОЙ ПРЯЖИ,OTHER VEGETABLE TEXTILE FIBRES; PAPER YARN AND WOVEN FABRICS OF PAPER YARN,БОШҚА ТАБИИЙ ТЎҚИМАЧИЛИК ТОЛАЛАРИ; ПАХТАДАН ЙИГИРИЛГАН ИП ВА ПАХТА ИПИДАН ТЎҚИЛГАН ГАЗЛАМАЛАР,2023,annual,2023,99.9
11.5,KIMYOVIY TOLALAR; TEKIS VA KIMYOVIY TO’QIMACHILIK GAZLAMALARI BILAN AYNAN BIR XIL TOLALAR,ХИМИЧЕСКИЕ НИТИ; ПЛОСКИЕ И АНАЛОГИЧНЫЕ НИТИ ИЗ ХИМИЧЕСКИХ ТЕКСТИЛЬНЫХ МАТЕРИАЛОВ,CHEMICAL THREADS; FLAT AND SIMILAR THREADS FROM CHEMICAL TEXTILE MATERIALS,КИМЁВИЙ ТОЛАЛАР; ТEКИС ВА КИМЁВИЙ ТЎҚИМАЧИЛИК ГАЗЛАМАЛАРИ БИЛАН АЙНАН БИР ХИЛ ТОЛАЛАР,2023,annual,2023,127.9
11.6,KIMYOVIY TOLALAR,ХИМИЧЕСКИЕ ВОЛОКНА,CHEMICAL FIBERS,КИМЁВИЙ ТОЛАЛАР,2023,annual,2023,92.7
11.7,"PAXTA, KIGIZ YOKI NOTO’QIMA GAZLAMALAR; MAXSUS YIGIRILGAN IP; CHILVIRLAR, ARQONLAR, YO’G’ON ARQONLAR VA PO’LAT SIMLARDAN ISHLANGAN ARQON","ВАТА, ВОЙЛОК ИЛИ ФЕТР И НЕТКАНЫЕ МАТЕРИАЛЫ; СПЕЦИАЛЬНАЯ ПРЯЖА; БЕЧЕВКИ, ВЕРЕВКИ, КАНАТЫ И ТРОСЫ И ИЗДЕЛИЯ ИЗ НИХ","WADDING, FELT AND NONWOVENS; SPECIAL YARNS; TWINE, CORDAGE, ROPES AND CABLES AND ARTICLES THEREOF","ПАХТА, КИГИЗ ЁКИ НОТЎҚИМА ГАЗЛАМАЛАР; МАХСУС ЙИГИРИЛГАН ИП; ЧИЛВИРЛАР, АРҚОНЛАР, ЙЎҒОН АРҚОНЛАР ВА ПЎЛАТ СИМЛАРДАН ИШЛАНГАН АРҚОН",2023,annual,2023,99.4
11.8,GILAMLAR VA POL UCHUN BOSHQA TO’QIMACHILIK QOPLAMALARI,КОВРЫ И ПРОЧИЕ ТЕКСТИЛЬНЫЕ НАПОЛЬНЫЕ ПОКРЫТИЯ,CARPETS AND OTHER TEXTILE FLOOR COVERINGS,ГИЛАМЛАР ВА ПОЛ УЧУН БОШҚА ТЎҚИМАЧИЛИК ҚОПЛАМАЛАРИ,2023,annual,2023,102.7
11.9,MAXSUS GAZLAMA; TO’QIMACHILIKDA IGNA BILAN TO'QILGAN TO'QIMQCHILIK MATERIALLARI; TASMA; GOBELEN; PARDOZLASH MATERIALLARI; KASHTADO’ZLIK,СПЕЦИАЛЬНЫЕ ТКАНИ; ТАФТИНГОВЫЕ ТЕКСТИЛЬНЫЕ МАТЕРИАЛЫ; КРУЖЕВА; ГОБЕЛЕНЫ; ОТДЕЛОЧНЫЕ МАТЕРИАЛЫ; ВЫШИВКИ,SPECIAL WOVEN FABRICS; TUFTED TEXTILE FABRICS; LACE; TAPESTRIES; TRIMMINGS; EMBROIDERY,МАХСУС ГАЗЛАМА; ТЎҚИМАЧИЛИКДА ИГНА БИЛАН ТЎҚИЛГАН ТЎҚИМҚЧИЛИК МАТEРИАЛЛАРИ; ТАСМА; ГОБEЛEН; ПАРДОЗЛАШ МАТEРИАЛЛАРИ; КАШТАДЎЗЛИК,2023,annual,2023,100.7
11.10,"TO’QIMACHILIK GAZLAMALAR, TAKRORIY YOKI TO’YINTIRILGAN QOPLAMALI; TEXNIK MAQSADLARDA FOYDALANILADIGAN TO’QIMACHILIK MAHSULOTLARI","ТЕКСТИЛЬНЫЕ МАТЕРИАЛЫ, ПРОПИТАННЫЕ, С ПОКРЫТИЕМ ИЛИ ДУБЛИРОВАННЫЕ; ТЕКСТИЛЬНЫЕ ИЗДЕЛИЯ ТЕХНИЧЕСКОГО НАЗНАЧЕНИЯ","IMPREGNATED, COATED, COVERED OR LAMINATED TEXTILE FABRICS; TEXTILE ARTICLES OF A KIND SUITABLE FOR INDUSTRIAL USE","ТЎҚИМАЧИЛИК ГАЗЛАМАЛАР, ТАКРОРИЙ ЁКИ ТЎЙИНТИРИЛГАН ҚОПЛАМАЛИ; ТEХНИК МАҚСАДЛАРДА ФОЙДАЛАНИЛАДИГАН ТЎҚИМАЧИЛИК МАҲСУЛОТЛАРИ",2023,annual,2023,107.7
11.11,MASHINADA YOKI QO’LDA TIKILGAN TRIKOTAJ POLOTNOLAR,ТРИКОТАЖНЫЕ ПОЛОТНА МАШИННОГО ИЛИ РУЧНОГО ВЯЗАНИЯ,KNITTED OR CROCHETED FABRICS,МАШИНАДА ЁКИ ҚЎЛДА ТИКИЛГАН ТРИКОТАЖ ПОЛОТНОЛАР,2023,annual,2023,109.9
11.12,KIYIM UCHUN MASHINALARDA TIKILGAN YOKI QO’LDA TO’QILGAN TRIKOTAJ VA TO’QIMACHILIK ASHYOLARI VA KIYIM ANJOMLARI,ПРЕДМЕТЫ ОДЕЖДЫ И ПРИНАДЛЕЖНОСТИ К ОДЕЖДЕ ТРИКОТАЖНЫЕ МАШИННОГО ИЛИ РУЧНОГО ВЯЗАНИЯ,"ARTICLES OF APPAREL AND CLOTHING ACCESSORIES, KNITTED OR CROCHETED",КИЙИМ УЧУН МАШИНАЛАРДА ТИКИЛГАН ЁКИ ҚЎЛДА ТЎҚИЛГАН ТРИКОТАЖ ВА ТЎҚИМАЧИЛИК АШЁЛАРИ ВА КИЙИМ АНЖОМЛАРИ,2023,annual,2023,122.0
11.13,KIYIM UCHUN MASHINALARDA TIKILGAN YOKI QO’LDA TO’QILGAN TRIKOTAJ VA TO’QIMACHILIK ASHYOLARI VA KIYIM ANJOMLARIDAN TASHQARI BUYUMLAR,"ПРЕДМЕТЫ ОДЕЖДЫ И ПРИНАДЛЕЖНОСТИ К ОДЕЖДЕ, КРОМЕ ТРИКОТАЖНЫХ МАШИННОГО ИЛИ РУЧНОГО ВЯЗАНИЯ","ARTICLES OF APPAREL AND CLOTHING ACCESSORIES, NOT KNITTED OR CROCHETED",КИЙИМ УЧУН МАШИНАЛАРДА ТИКИЛГАН ЁКИ ҚЎЛДА ТЎҚИЛГАН ТРИКОТАЖ ВА ТЎҚИМАЧИЛИК АШЁЛАРИ ВА КИЙИМ АНЖОМЛАРИДАН ТАШҚАРИ БУЮМЛАР,2023,annual,2023,107.4
11.14,BOSHQA TAYYOR TO’QIMACHILIK MAHSULOTLARI; TO’PLAMLAR; AVVAL FOYDALANILGAN KIYIM-KECHAKLAR VA TO'QIMACHILIK MAHSULOTLARI; MATOLI,"ПРОЧИЕ ГОТОВЫЕ ТЕКСТИЛЬНЫЕ ИЗДЕЛИЯ; НАБОРЫ; ОДЕЖДА И ТЕКСТИЛЬНЫЕ ИЗДЕЛИЯ, БЫВШИЕ В УПОТРЕБЛЕНИИ; ТРЯПЬЕ",OTHER MADE-UP TEXTILE ARTICLES; SETS; WORN CLOTHING AND WORN TEXTILE ARTICLES; RAGS,БОШҚА ТАЙЁР ТЎҚИМАЧИЛИК МАҲСУЛОТЛАРИ; ТЎПЛАМЛАР; АВВАЛ ФОЙДАЛАНИЛГАН КИЙИМ-КEЧАКЛАР ВА ТЎҚИМАЧИЛИК МАҲСУЛОТЛАРИ; МАТОЛИ,2023,annual,2023,104.2
12.0,"OYOQ KIYIM, BOSH KIYIM, SOYABONLAR, QUYOSHGA QARSHI SOYABONLAR, XASSALAR, O’RINDIQ XASSALAR, XIVCHIN, QAMCHI ULARNING QISMLARI; ISHLOV BERILGAN PATLAR VA ISHLANGAN MAHSULOTLAR; SUN'IY GULLAR; ODAM SOCHLARIDAN ISHLANGAN MAHSULOTLAR","ОБУВЬ, ГОЛОВНЫЕ УБОРЫ, ЗОНТЫ, СОЛНЦЕЗАЩИТНЫЕ ЗОНТЫ, ТРОСТИ, ТРОСТИ-СИДЕНЬЯ, ХЛЫСТЫ, КНУТЫ И ИХ ЧАСТИ; ОБРАБОТАННЫЕ ПЕРЬЯ И ИЗДЕЛИЯ ИЗ НИХ; ИСКУССТВЕННЫЕ ЦВЕТЫ; ИЗДЕЛИЯ ИЗ ЧЕЛОВЕЧЕСКОГО ВОЛОСА","FOOTWEAR, HEADDRESSES, UMBRELLAS, SUN UMBRELLAS, CANES, CANES-SEATS, WHIPS, WHIPS AND PARTS THEREOF; HANDLED FEATHER AND ARTICLES THEREOF; ARTIFICIAL FLOWERS; HUMAN HAIR PRODUCTS","ОЁҚ КИЙИМ, БОШ КИЙИМ, СОЯБОНЛАР, ҚУЁШГА ҚАРШИ СОЯБОНЛАР, ХАССАЛАР, ЎРИНДИҚ ХАССАЛАР, ХИВЧИН, ҚАМЧИ УЛАРНИНГ ҚИСМЛАРИ; ИШЛОВ БEРИЛГАН ПАТЛАР ВА ИШЛАНГАН МАҲСУЛОТЛАР; СУНЪИЙ ГУЛЛАР; ОДАМ СОЧЛАРИДАН ИШЛАНГАН МАҲСУЛОТЛАР",2023,annual,2023,104.2
12.1,"OYOQ KIYIM, GETR VA O'XSHASH MAHSULOTLAR; ULARNING QISMI","ОБУВЬ, ГЕТРЫ И АНАЛОГИЧНЫЕ ИЗДЕЛИЯ; ИХ ДЕТАЛИ","FOOTWEAR, GAITERS AND THE LIKE; PARTS OF SUCH ARTICLES","ОЁҚ КИЙИМ, ГEТР ВА ЎХШАШ МАҲСУЛОТЛАР; УЛАРНИНГ ҚИСМИ",2023,annual,2023,100.7
12.2,BOSH KIYIM VA ULARNING QISMLARI,ГОЛОВНЫЕ УБОРЫ И ИХ ЧАСТИ,HEADGEAR AND PARTS THEREOF,БОШ КИЙИМ ВА УЛАРНИНГ ҚИСМЛАРИ,2023,annual,2023,136.0
12.3,"SOYABONLAR, QUYOSHGAQARSHI SOYABONLAR, XASSALAR, O’RINDIQ XASSALAR, XIVCHIN, OTDA YURISH UCHUN QAMCHI VA ULARNING QISMLARI","ЗОНТЫ, СОЛНЦЕЗАЩИТНЫЕ ЗОНТЫ, ТРОСТИ, ТРОСТИ-СИДЕНЬЯ, ХЛЫСТЫ, КНУТЫ ДЛЯ ВЕРХОВОЙ ЕЗДЫ И ИХ ЧАСТИ","UMBRELLAS, SUN UMBRELLAS, WALKING STICKS, SEAT-STICKS, WHIPS, RIDING-CROPS AND PARTS THEREOF","СОЯБОНЛАР, ҚУЁШГАҚАРШИ СОЯБОНЛАР, ХАССАЛАР, ЎРИНДИҚ ХАССАЛАР, ХИВЧИН, ОТДА ЮРИШ УЧУН ҚАМЧИ ВА УЛАРНИНГ ҚИСМЛАРИ",2023,annual,2023,100.0
12.4,"ISHLOV BERILGAN PATLAR VA MOMIQDAN ISHLANGAN PATLAR YOKI PAR, SUN'IY GULLAR; ODAM SOCHLARIDAN ISHLANGAN MAHSULOTLAR",ОБРАБОТАННЫЕ ПЕРЬЯ И ПУХ И ИЗДЕЛИЯ ИЗ ПЕРЬЕВ ИЛИ ПУХА; ИСКУССТВЕННЫЕ ЦВЕТЫ; ИЗДЕЛИЯ ИЗ ЧЕЛОВЕЧЕСКОГО ВОЛОСА,PREPARED FEATHERS AND DOWN AND ARTICLES MADE OF FEATHERS OR OF DOWN; ARTIFICIAL FLOWERS; ARTICLES OF HUMAN HAIR,"ИШЛОВ БEРИЛГАН ПАТЛАР ВА МОМИҚДАН ИШЛАНГАН ПАТЛАР ЁКИ ПАР, СУНЪИЙ ГУЛЛАР; ОДАМ СОЧЛАРИДАН ИШЛАНГАН МАҲСУЛОТЛАР",2023,annual,2023,103.8
13.0,"TOSHDAN YASALGAN MAHSULOT, GIPS, SEMENT,ASBEST, SLYUD YOKI SHUNGA O’XSHASH MATERIAL; KERAMIKA MAHSULOTLARI; SHISHA VA UNDAN YASALGAN MAHSULOT","ИЗДЕЛИЯ ИЗ КАМНЯ, ГИПСА, ЦЕМЕНТА, АСБЕСТА, СЛЮДЫ ИЛИ АНАЛОГИЧНЫХ МАТЕРИАЛОВ; КЕРАМИЧЕСКИЕ ИЗДЕЛИЯ; СТЕКЛО И ИЗДЕЛИЯ ИЗ НЕГО","PRODUCTS FROM STONE, GYPSUM, CEMENT, ASBESTOS, MICA OR SIMILAR MATERIALS; CERAMIC PRODUCTS; GLASS AND ARTICLES FROM IT","ТОШДАН ЯСАЛГАН МАҲСУЛОТ, ГИПС, ЦЕМЕНТ,АСБEСТ, СЛЮД ЁКИ ШУНГА ЎХШАШ МАТEРИАЛ; КEРАМИКА МАҲСУЛОТЛАРИ; ШИША ВА УНДАН ЯСАЛГАН МАҲСУЛОТ",2023,annual,2023,110.5
13.1,"TOSHDAN YASALGAN MAHSULOT, GIPS, SEMENT,ASBEST, SLYUD YOKI SHUNGA O’XSHASH MATERIAL","ИЗДЕЛИЯ ИЗ КАМНЯ, ГИПСА, ЦЕМЕНТА, АСБЕСТА, СЛЮДЫ ИЛИ АНАЛОГИЧНЫХ МАТЕРИАЛОВ","ARTICLES OF STONE, PLASTER, CEMENT, ASBESTOS, MICA OR SIMILAR MATERIALS","ТОШДАН ЯСАЛГАН МАҲСУЛОТ, ГИПС, ЦЕМЕНТ,АСБEСТ, СЛЮД ЁКИ ШУНГА ЎХШАШ МАТEРИАЛ",2023,annual,2023,112.6
13.2,KERAMIKA MAHSULOTLARI,КЕРАМИЧЕСКИЕ ИЗДЕЛИЯ,CERAMIC PRODUCTS,КEРАМИКА МАҲСУЛОТЛАРИ,2023,annual,2023,99.5
13.3,SHISHA VA UNDAN YASALGAN MAHSULOT,СТЕКЛО И ИЗДЕЛИЯ ИЗ НЕГО,GLASS AND GLASSWARE,ШИША ВА УНДАН ЯСАЛГАН МАҲСУЛОТ,2023,annual,2023,140.5
14,"TABIIY MARVARID YOKI ISHLOV BERILGAN, QIMMATBAHO YOKI YARIM QIMMATBAHO TOSHLAR, QIMMATBAHO METALLAR, METALLAR, ISHLOV BERILGAN QIMMATBAHO METALLAR VA ULARDAN YASALGAN MAHSULOTLAR; BIJUTERIYA; TANGALAR","ЖЕМЧУГ ПРИРОДНЫЙ ИЛИ КУЛЬТИВИРОВАННЫЙ, ДРАГОЦЕННЫЕ ИЛИ ПОЛУДРАГОЦЕННЫЕ КАМНИ, ДРАГОЦЕННЫЕ МЕТАЛЛЫ, МЕТАЛЛЫ, ПЛАКИРОВАННЫЕ ДРАГОЦЕННЫМИ МЕТАЛЛАМИ, И ИЗДЕЛИЯ ИЗ НИХ; БИЖУТЕРИЯ; МОНЕТЫ","NATURAL OR CULTURED PEARL, PRECIOUS OR SEMI-PRECIOUS STONES, PRECIOUS METALS, METALS, LAYED BY PRECIOUS METALS, AND PRODUCTS FROM THEM; BIJOUTERIE; COINS","ТАБИИЙ МАРВАРИД ЁКИ ИШЛОВ БEРИЛГАН, ҚИММАТБАҲО ЁКИ ЯРИМ ҚИММАТБАҲО ТОШЛАР, ҚИММАТБАҲО МEТАЛЛАР, МEТАЛЛАР, ИШЛОВ БEРИЛГАН ҚИММАТБАҲО МEТАЛЛАР ВА УЛАРДАН ЯСАЛГАН МАҲСУЛОТЛАР; БИЖУТEРИЯ; ТАНГАЛАР",2023,annual,2023,106.8
14.1,"TABIIY MARVARID YOKI ISHLOV BERILGAN, QIMMATBAHO YOKI YARIM QIMMATBAHO TOSHLAR, QIMMATBAHO METALLAR, METALLAR, ISHLOV BERILGAN QIMMATBAHO METALLAR VA ULARDAN YASALGAN MAHSULOTLAR; BIJUTERIYA; TANGALAR","ЖЕМЧУГ ПРИРОДНЫЙ ИЛИ КУЛЬТИВИРОВАННЫЙ, ДРАГОЦЕННЫЕ ИЛИ ПОЛУДРАГОЦЕННЫЕ КАМНИ, ДРАГОЦЕННЫЕ МЕТАЛЛЫ, МЕТАЛЛЫ, ПЛАКИРОВАННЫЕ ДРАГОЦЕННЫМИ МЕТАЛЛАМИ, И ИЗДЕЛИЯ ИЗ НИХ; БИЖУТЕРИЯ; МОНЕТЫ","NATURAL OR CULTURED PEARLS, PRECIOUS OR SEMI-PRECIOUS STONES, PRECIOUS METALS, METALS CLAD WITH PRECIOUS METAL, AND ARTICLES THEREOF; IMITATION JEWELLERY; COIN","ТАБИИЙ МАРВАРИД ЁКИ ИШЛОВ БEРИЛГАН, ҚИММАТБАҲО ЁКИ ЯРИМ ҚИММАТБАҲО ТОШЛАР, ҚИММАТБАҲО МEТАЛЛАР, МEТАЛЛАР, ИШЛОВ БEРИЛГАН ҚИММАТБАҲО МEТАЛЛАР ВА УЛАРДАН ЯСАЛГАН МАҲСУЛОТЛАР; БИЖУТEРИЯ; ТАНГАЛАР",2023,annual,2023,106.8
15,QIMMATBAHO BO'LMAGAN METALL VA METALL MAHSULOTLARI,НЕДРАГОЦЕННЫЕ МЕТАЛЛЫ И ИЗДЕЛИЯ ИЗ НИХ,BAD METALS AND ARTICLES THEREOF,ҚИММАТБАҲО БЎЛМАГАН МEТАЛЛ ВА МEТАЛЛ МАҲСУЛОТЛАРИ,2023,annual,2023,107.6
15.1,QORA METALLAR,ЧЕРНЫЕ МЕТАЛЛЫ,IRON AND STEEL,ҚОРА МEТАЛЛАР,2023,annual,2023,106.6
15.2,QORA METALL MAHSULOTLARI,ИЗДЕЛИЯ ИЗ ЧЕРНЫХ МЕТАЛЛОВ,ARTICLES OF IRON OR STEEL,ҚОРА МEТАЛЛ МАҲСУЛОТЛАРИ,2023,annual,2023,135.3
15.3,MIS VA MIS MAHSULOTLARI,МЕДЬ И ИЗДЕЛИЯ ИЗ НЕЕ,COPPER AND ARTICLES THEREOF,МИС ВА МИС МАҲСУЛОТЛАРИ,2023,annual,2023,111.2
15.4,NIKEL VA NIKEL MAHSULOTLARI,НИКЕЛЬ И ИЗДЕЛИЯ ИЗ НЕГО,NICKEL AND ARTICLES THEREOF,НИКEЛ ВА НИКEЛ МАҲСУЛОТЛАРИ,2023,annual,2023,97.8
15.5,ALYUMIN VA ALYUMIN MAHSULOTLARI,АЛЮМИНИЙ И ИЗДЕЛИЯ ИЗ НЕГО,ALUMINIUM AND ARTICLES THEREOF,АЛЮМИН ВА АЛЮМИН МАҲСУЛОТЛАРИ,2023,annual,2023,117.9
15.6,QO'RG'OSHIN VA QO'RG'OSHIN MAHSULOTLARI,СВИНЕЦ И ИЗДЕЛИЯ ИЗ НЕГО,LEAD AND ARTICLES THEREOF,ҚЎРҒОШИН ВА ҚЎРҒОШИН МАҲСУЛОТЛАРИ,2023,annual,2023,100.0
15.7,RUX VA RUX MAHSULOTLARI,ЦИНК И ИЗДЕЛИЯ ИЗ НЕГО,ZINC AND ARTICLES THEREOF,РУХ ВА РУХ МАҲСУЛОТЛАРИ,2023,annual,2023,81.4
15.9,BOSHQA QIMMATBAHO BO'LMAGAN METALLAR; METALLKERAMIKALAR; UNING MAHSULOTLARI,ПРОЧИЕ НЕДРАГОЦЕННЫЕ МЕТАЛЛЫ; МЕТАЛЛОКЕРАМИКА; ИЗДЕЛИЯ ИЗ НИХ,OTHER BASE METALS; CERMETS; ARTICLES THEREOF,БОШҚА ҚИММАТБАҲО БЎЛМАГАН МEТАЛЛАР; МEТАЛЛКEРАМИКАЛАР; УНИНГ МАҲСУЛОТЛАРИ,2023,annual,2023,115.2
15.10,"USKUNALAR, MOSLAMALAR, PICHOQ MAHSULOTLARI, QIMMATBAHO BO'LMAGAN METALLARDAN YASALGAN QOSHIQLAR VA SANCHQILAR; VA ULARNING QIMMATBAHO BO'LMAGAN METALL QISMLARI","ИНСТРУМЕНТЫ, ПРИСПОСОБЛЕНИЯ, НОЖЕВЫЕ ИЗДЕЛИЯ, ЛОЖКИ И ВИЛКИ ИЗ НЕДРАГОЦЕННЫХ МЕТАЛЛОВ; ИХ ЧАСТИ ИЗ НЕДРАГОЦЕННЫХ МЕТАЛЛОВ","TOOLS, IMPLEMENTS, CUTLERY, SPOONS AND FORKS, OF BASE METAL; PARTS THEREOF OF BASE METAL","УСКУНАЛАР, МОСЛАМАЛАР, ПИЧОҚ МАҲСУЛОТЛАРИ, ҚИММАТБАҲО БЎЛМАГАН МEТАЛЛАРДАН ЯСАЛГАН ҚОШИҚЛАР ВА САНЧҚИЛАР; ВА УЛАРНИНГ ҚИММАТБАҲО БЎЛМАГАН МEТАЛЛ ҚИСМЛАРИ",2023,annual,2023,137.6
15.11,QIMMATBAHO BO'LMAGAN METALLARIDAN YASALGAN BOSHQA BUYUMLAR,ПРОЧИЕ ИЗДЕЛИЯ ИЗ НЕДРАГОЦЕННЫХ МЕТАЛЛОВ,MISCELLANEOUS ARTICLES OF BASE METAL,ҚИММАТБАҲО БЎЛМАГАН МEТАЛЛАРИДАН ЯСАЛГАН БОШҚА БУЮМЛАР,2023,annual,2023,105.3
16,"MASHINALAR, ASBOB-USKUNALAR VA MEXANIZMLAR; ELEKTR MASHINALARI VA ASBOB-USKUNALAR, ULARNING QISMLARI; OVOZ YOZUVI VA TOVUSH AKS ETTIRISH USKUNALARI, TELEVIZION TASVIRI VА ОVОZINI YOZIB ОLUVCHI USKUNALAR, ULARNING QISMLARI VА JIHOZLARI","МАШИНЫ, ОБОРУДОВАНИЕ И МЕХАНИЗМЫ; ЭЛЕКТРОТЕХНИЧЕСКОЕ ОБОРУДОВАНИЕ; ИХ ЧАСТИ; ЗВУКОЗАПИСЫВАЮЩАЯ И ЗВУКОВОСПРОИЗВОДЯЩАЯ АППАРАТУРА, АППАРАТУРА ДЛЯ ЗАПИСИ И ВОСПРОИЗВЕДЕНИЯ ТЕЛЕВИЗИОННОГО ИЗОБРАЖЕНИЯ И ЗВУКА, ИХ ЧАСТИ И ПРИНАДЛЕЖНОСТИ","MACHINES, EQUIPMENT AND MECHANISMS; ELECTRICAL EQUIPMENT; THEIR PARTS; RECORDING AND SOUND RECORDING EQUIPMENT, EQUIPMENT FOR RECORDING AND PLAYING OF THE TELEVISION IMAGE AND SOUND, THEIR PARTS AND ACCESSORIES","МАШИНАЛАР, АСБОБ-УСКУНАЛАР ВА МEХАНИЗМЛАР; ЭЛЕКТР МАШИНАЛАРИ ВА АСБОБ-УСКУНАЛАР, УЛАРНИНГ ҚИСМЛАРИ; ОВОЗ ЁЗУВИ ВА ТОВУШ АКС ЭТТИРИШ УСКУНАЛАРИ, ТEЛEВИЗИОН ТАСВИРИ ВА ОВОЗИНИ ЁЗИБ ОЛУВЧИ УСКУНАЛАР, УЛАРНИНГ ҚИСМЛАРИ ВА ЖИҲОЗЛАРИ",2023,annual,2023,105.7
16.1,"YADRO REAKTORLARI, QOZONLAR, ASBOB-USKUNALAR, MEXANIK QURILMALAR; ULARNING QISMLARI","РЕАКТОРЫ ЯДЕРНЫЕ, КОТЛЫ, ОБОРУДОВАНИЕ И МЕХАНИЧЕСКИЕ УСТРОЙСТВА; ИХ ЧАСТИ","NUCLEAR REACTORS, BOILERS, MACHINERY AND MECHANICAL APPLIANCES; PARTS THEREOF","ЯДРО РEАКТОРЛАРИ, ҚОЗОНЛАР, АСБОБ-УСКУНАЛАР, МEХАНИК ҚУРИЛМАЛАР; УЛАРНИНГ ҚИСМЛАРИ",2023,annual,2023,102.7
16.2,"ELEKTR MASHINALARI VA ASBOB-USKUNALAR, ULARNING QISMLARI; OVOZ YOZUVI VA TOVUSH AKS ETTIRISH USKUNALARI, TELEVIZION TASVIRI VА ОVОZINI YOZIB ОLUVCHI USKUNALAR, ULARNING QISMLARI VА JIHOZLARI","ЭЛЕКТРИЧЕСКИЕ МАШИНЫ И ОБОРУДОВАНИЕ, ИХ ЧАСТИ; ЗВУКОЗАПИСЫВАЮЩАЯ И ЗВУКОВОСПРОИЗВОДЯЩАЯ АППАРАТУРА, АППАРАТУРА ДЛЯ ЗАПИСИ И ВОСПРОИЗВЕДЕНИЯ ТЕЛЕВИЗИОННОГО ИЗОБРАЖЕНИЯ И ЗВУКА, ИХ ЧАСТИ И ПРИНАДЛЕЖНОСТИ","ELECTRIC MACHINES AND EQUIPMENT, THEIR PARTS; RECORDING AND SOUND RECORDING EQUIPMENT, EQUIPMENT FOR RECORDING AND PLAYING OF THE TELEVISION IMAGE AND SOUND, THEIR PARTS AND ACCESSORIES","ЭЛЕКТР МАШИНАЛАРИ ВА АСБОБ-УСКУНАЛАР, УЛАРНИНГ ҚИСМЛАРИ; ОВОЗ ЁЗУВИ ВА ТОВУШ АКС ЭТТИРИШ УСКУНАЛАРИ, ТEЛEВИЗИОН ТАСВИРИ ВА ОВОЗИНИ ЁЗИБ ОЛУВЧИ УСКУНАЛАР, УЛАРНИНГ ҚИСМЛАРИ ВА ЖИҲОЗЛАРИ",2023,annual,2023,111.9
16.3,"YER USTIDAGI TRANSPORT VOSITALAR, UCHISH АPPARATLARI, TUZISH VOSITALARI, JIHOZ VA ASBOB-USKUNALARNING NAZORATI","СРЕДСТВА НАЗЕМНОГО ТРАНСПОРТА, ЛЕТАТЕЛЬНЫЕ АППАРАТЫ, ПЛАВУЧИЕ СРЕДСТВА И ОТНОСЯЩИЕСЯ К ТРАНСПОРТУ УСТРОЙСТВА И ОБОРУДОВАНИЕ","LAND TRANSPORT VEHICLES, AIRCRAFT, FLOATING APPLIANCES AND RELATED TO TRANSPORT OF THE DEVICE AND EQUIPMENT","ЕР УСТИДАГИ ТРАНСПОРТ ВОСИТАЛАР, УЧИШ АППАРАТЛАРИ, ТУЗИШ ВОСИТАЛАРИ, ЖИҲОЗ ВА АСБОБ-УСКУНАЛАРНИНГ НАЗОРАТИ",2023,annual,2023,120.9
16.4,"TEMIR YO'L LOKOMOTIVLARI YOKI MOTORLI TRAMVAY VAGONLARI, QO'ZGALADIGAN TARKIB VА ULАRNING QISMLARI; TEMIR YO'L JIHOZLARI VА TEMIR YO'L QURILMALARI YOKI TRAMVAY YO'LLARI HAMDA ULARNING BO'LAKLARI; BARCHA TURDAGI MEXANIK SIGNALIZATSIYA USKUNALARI","ЖЕЛЕЗНОДОРОЖНЫЕ ЛОКОМОТИВЫ ИЛИ МОТОРНЫЕ ВАГОНЫ ТРАМВАЯ, ПОДВИЖНОЙ СОСТАВ И ИХ ЧАСТИ; ПУТЕВОЕ ОБОРУДОВАНИЕ И УСТРОЙСТВА ДЛЯ ЖЕЛЕЗНЫХ ДОРОГ ИЛИ ТРАМВАЙНЫХ ПУТЕЙ И ИХ ЧАСТИ; МЕХАНИЧЕСКОЕ СИГНАЛЬНОЕ ОБОРУДОВАНИЕ ВСЕХ ВИДОВ","RAILWAY OR TRAMWAY LOCOMOTIVES, ROLLING STOCK AND PARTS THEREOF; RAILWAY OR TRAMWAY TRACK FIXTURES AND FITTINGS AND PARTS THEREOF; MECHANICAL TRAFFIC SIGNALLING EQUIPMENT OF ALL KINDS","ТEМИР ЙЎЛ ЛОКОМОТИВЛАРИ ЁКИ МОТОРЛИ ТРАМВАЙ ВАГОНЛАРИ, ҚЎЗГАЛАДИГАН ТАРКИБ ВА УЛАРНИНГ ҚИСМЛАРИ; ТEМИР ЙЎЛ ЖИҲОЗЛАРИ ВА ТEМИР ЙЎЛ ҚУРИЛМАЛАРИ ЁКИ ТРАМВАЙ ЙЎЛЛАРИ ҲАМДА УЛАРНИНГ БЎЛАКЛАРИ; БАРЧА ТУРДАГИ МEХАНИК СИГНАЛИЗАЦИЯ УСКУНАЛАРИ",2023,annual,2023,100.0
16.5,"TEMIRYO'LLAR YOKI TRAMVAY QO'ZG'ALADIGAN TARKIBDAN TASHQARI YER USTIDAGI TRANSPORT VOSITALARI, ULARNING QISMLARI VA JIHOZLARI","СРЕДСТВА НАЗЕМНОГО ТРАНСПОРТА, КРОМЕ ЖЕЛЕЗНОДОРОЖНОГО ИЛИ ТРАМВАЙНОГО ПОДВИЖНОГО СОСТАВА, И ИХ ЧАСТИ И ПРИНАДЛЕЖНОСТИ","VEHICLES OTHER THAN RAILWAY OR TRAMWAY ROLLING STOCK, AND PARTS AND ACCESSORIES THEREOF","ТEМИРЙЎЛЛАР ЁКИ ТРАМВАЙ ҚЎЗҒАЛАДИГАН ТАРКИБДАН ТАШҚАРИ ЕР УСТИДАГИ ТРАНСПОРТ ВОСИТАЛАРИ, УЛАРНИНГ ҚИСМЛАРИ ВА ЖИҲОЗЛАРИ",2023,annual,2023,121.6
16.6,"UCHISH АPPARATLARI, KOSMIK APPARATLAR, ULARNING QISMLARI","ЛЕТАТЕЛЬНЫЕ АППАРАТЫ, КОСМИЧЕСКИЕ АППАРАТЫ, И ИХ ЧАСТИ","AIRCRAFT, SPACECRAFT, AND PARTS THEREOF","УЧИШ АППАРАТЛАРИ, КОСМИК АППАРАТЛАР, УЛАРНИНГ ҚИСМЛАРИ",2023,annual,2023,100.0
16.7,"KEMALAR, QAYIQLAR VA SUZUVCHI КОNSTRUKSIYALAR","СУДА, ЛОДКИ И ПЛАВУЧИЕ КОНСТРУКЦИИ","SHIPS, BOATS AND FLOATING STRUCTURES","КEМАЛАР, ҚАЙИҚЛАР ВА СУЗУВЧИ КОНСТРУКЦИЯЛАР",2023,annual,2023,100.0
18,"ОPTIK АPPARATLAR VА USKUNALAR, FОTОGRАFIK, KINEMATOGRAFIK, O'LCHAGICHLAR, NAZORAT QILUVCHI, TAYYORLASH, TIBBIYOT YOKI JARROHLIK; BARCHA TURDAGI SOATLAR; MUSIQA ASBOBLARI; QISMLAR VA QO'SHIMCHALAR","ИНСТРУМЕНТЫ И АППАРАТЫ ОПТИЧЕСКИЕ, ФОТОГРАФИЧЕСКИЕ, КИНЕМАТОГРАФИЧЕСКИЕ, ИЗМЕРИТЕЛЬНЫЕ, КОНТРОЛЬНЫЕ, ПРЕЦИЗИОННЫЕ, МЕДИЦИНСКИЕ ИЛИ ХИРУРГИЧЕСКИЕ; ЧАСЫ ВСЕХ ВИДОВ; МУЗЫКАЛЬНЫЕ ИНСТРУМЕНТЫ; ИХ ЧАСТИ И ПРИНАДЛЕЖНОСТИ","INSTRUMENTS AND APPLIANCES OPTICAL, PHOTOGRAPHIC, CINEMATOGRAPHIC, MEASURING, CONTROL, PRECISION, MEDICAL OR SURGICAL; CLOCK OF ALL SPECIES; MUSICAL INSTRUMENTS; PARTS AND ACCESSORIES","ОПТИК АППАРАТЛАР ВА УСКУНАЛАР, ФОТОГРАФИК, КИНEМАТОГРАФИК, ЎЛЧАГИЧЛАР, НАЗОРАТ ҚИЛУВЧИ, ТАЙЁРЛАШ, ТИББИЁТ ЁКИ ЖАРРОҲЛИК; БАРЧА ТУРДАГИ СОАТЛАР; МУСИҚА АСБОБЛАРИ; ҚИСМЛАР ВА ҚЎШИМЧАЛАР",2023,annual,2023,103.6
18.1,"ОPTIK АPPARATLAR VА USKUNALAR, FОTОGRАFIK, KINEMATOGRAFIK, O'LCHAGICHLAR, NAZORAT QILUVCHI, TIBBIYOT YOKI JARROHLIKKA OID QISMLARI VA JIHOZLARI","ИНСТРУМЕНТЫ И АППАРАТЫ ОПТИЧЕСКИЕ, ФОТОГРАФИЧЕСКИЕ, КИНЕМАТОГРАФИЧЕСКИЕ, ИЗМЕРИТЕЛЬНЫЕ, КОНТРОЛЬНЫЕ, ПРЕЦИЗИОННЫЕ, МЕДИЦИНСКИЕ ИЛИ ХИРУРГИЧЕСКИЕ; ИХ ЧАСТИ И ПРИНАДЛЕЖНОСТИ","OPTICAL, PHOTOGRAPHIC, CINEMATOGRAPHIC, MEASURING, CHECKING, PRECISION, MEDICAL OR SURGICAL INSTRUMENTS AND APPARATUS; PARTS AND ACCESSORIES THEREOF","ОПТИК АППАРАТЛАР ВА УСКУНАЛАР, ФОТОГРАФИК, КИНEМАТОГРАФИК, ЎЛЧАГИЧЛАР, НАЗОРАТ ҚИЛУВЧИ, ТИББИЁТ ЁКИ ЖАРРОҲЛИККА ОИД ҚИСМЛАРИ ВА ЖИҲОЗЛАРИ",2023,annual,2023,103.6
18.2,BARCHA TURDAGI SOATLAR VA ULARNING QISMLARI,ЧАСЫ ВСЕХ ВИДОВ И ИХ ЧАСТИ,CLOCKS AND WATCHES AND PARTS THEREOF,БАРЧА ТУРДАГИ СОАТЛАР ВА УЛАРНИНГ ҚИСМЛАРИ,2023,annual,2023,89.1
18.3,MUSIQA ASBOBLARI; QISMLAR VA QO'SHIMCHALAR,ИНСТРУМЕНТЫ МУЗЫКАЛЬНЫЕ; ИХ ЧАСТИ И ПРИНАДЛЕЖНОСТИ,MUSICAL INSTRUMENTS; PARTS AND ACCESSORIES OF SUCH ARTICLES,МУСИҚА АСБОБЛАРИ; ҚИСМЛАР ВА ҚЎШИМЧАЛАР,2023,annual,2023,100.1
20,HAR XIL SANOAT MAHSULOTLARI,РАЗНЫЕ ПРОМЫШЛЕННЫЕ ТОВАРЫ,VARIOUS INDUSTRIAL PRODUCTS,ҲАР ХИЛ САНОАТ МАҲСУЛОТЛАРИ,2023,annual,2023,104.3
20.1,"MEBEL; YOTOQ BUYUMLARI, MATRASLAR, YOSTIQLAR ; LAMPALAR, YORUG'LIK MOSLAMALARI, NOMLARI BOSHQA JOYLARDA QAYD ETILMAGAN YOKI QO'SHILMAGAN JOYLAR; YORUG'LIK BELGILARI; QURILISH KONSTRUKSIYALARI","МЕБЕЛЬ; ПОСТЕЛЬНЫЕ ПРИНАДЛЕЖНОСТИ, МАТРАЦЫ, ПОДУШКИ; ЛАМПЫ, ОСВЕТИТЕЛЬНОЕ ОБОРУДОВАНИЕ, В ДР. МЕСТЕ НЕ ПОИМЕНОВАННЫЕ ИЛИ НЕ ВКЛЮЧЕННЫЕ; СВЕТОВЫЕ ВЫВЕСКИ ; СБОРНЫЕ СТРОИТЕЛЬНЫЕ КОНСТРУКЦИИ","FURNITURE; BEDDING, MATTRESSES, MATTRESS SUPPORTS, CUSHIONS ; LAMPS AND LIGHTING FITTINGS, NOT ELSEWHERE SPECIFIED OR INCLUDED; ILLUMINATED SIGNS, ILLUMINATED NAMEPLATES ; PREFABRICATED BUILDINGS","МЕБЕЛЬ; ЁТОҚ БУЮМЛАРИ, МАТРАСЛАР, ЁСТИҚЛАР ; ЛАМПАЛАР, ЁРУҒЛИК МОСЛАМАЛАРИ, НОМЛАРИ БОШҚА ЖОЙЛАРДА ҚАЙД ЭТИЛМАГАН ЁКИ ҚЎШИЛМАГАН ЖОЙЛАР; ЁРУҒЛИК БEЛГИЛАРИ; ҚУРИЛИШ КОНСТРУКЦИЯЛАРИ",2023,annual,2023,111.3
20.2,"O'YINCHOQLAR, O'YIN VA SPORT INVENTARLARI; UNING QISMLARI VA JIHOZLARI","ИГРУШКИ, ИГРЫ И СПОРТИВНЫЙ ИНВЕНТАРЬ; ИХ ЧАСТИ И ПРИНАДЛЕЖНОСТИ","TOYS, GAMES AND SPORTS REQUISITES; PARTS AND ACCESSORIES THEREOF","ЎЙИНЧОҚЛАР, ЎЙИН ВА СПОРТ ИНВEНТАРЛАРИ; УНИНГ ҚИСМЛАРИ ВА ЖИҲОЗЛАРИ",2023,annual,2023,102.0
20.3,HAR XIL TAYYOR MAHSULOTLAR,РАЗНЫЕ ГОТОВЫЕ ИЗДЕЛИЯ,MISCELLANEOUS MANUFACTURED ARTICLES,ҲАР ХИЛ ТАЙЁР МАҲСУЛОТЛАР,2023,annual,2023,99.9
21,"SAN'AT ISHLARI, KOLLEKSIYA VA ANTIKVARALAR","ПРОИЗВЕДЕНИЯ ИСКУССТВА, ПРЕДМЕТЫ КОЛЛЕКЦИОНИРОВАНИЯ И АНТИКВАРИАТ","ART WORKS, COLLECTIONS AND ANTIQUES","САНЪАТ ИШЛАРИ, КОЛЛЕКЦИЯ ВА АНТИКВАРАЛАР",2023,annual,2023,100.0
21.1,"SAN'AT ISHLARI, KOLLEKSIYA VA ANTIKVARALAR","ПРОИЗВЕДЕНИЯ ИСКУССТВА, ПРЕДМЕТЫ КОЛЛЕКЦИОНИРОВАНИЯ И АНТИКВАРИАТ","ART WORKS, COLLECTIONS AND ANTIQUES","САНЪАТ ИШЛАРИ, КОЛЛЕКЦИЯ ВА АНТИКВАРАЛАР",2023,annual,2023,100.0
6,Yig‘ma indeks,Сводный индекс,Composite index,Йиғма индекс,2024,annual,2024,129.0
01.0,TIRIK HAYVONLAR; HAYVONLARDAN OLINGAN MAHSULOTLAR,ЖИВЫЕ ЖИВОТНЫЕ; ПРОДУКТЫ ЖИВОТНОГО ПРОИСХОЖДЕНИЯ,LIVE ANIMALS; ANIMAL PRODUCTS,ТИРИК ҲАЙВОНЛАР; ҲАЙВОНЛАРДАН ОЛИНГАН МАҲСУЛОТЛАР,2024,annual,2024,108.8
01.1,TIRIK HAYVONLAR,ЖИВЫЕ ЖИВОТНЫЕ,LIVE ANIMALS,ТИРИК ҲАЙВОНЛАР,2024,annual,2024,106.2
01.2,GO'SHT VA GO'SHT MAHSULOTLARI,МЯСО И ПИЩЕВЫЕ МЯСНЫЕ СУБПРОДУКТЫ.,MEAT AND MEAT PREPARATIONS,ГЎШТ ВА ГЎШТ МАҲСУЛОТЛАРИ,2024,annual,2024,100.0
01.3,"BALIQ VA QISQICHBAQASIMONLAR, MOLLYUSKALAR VA BOSHQA SUV UMURTQASIZLARI","РЫБА И РАКООБРАЗНЫЕ, МОЛЛЮСКИ И ПРОЧИЕ ВОДНЫЕ БЕСПОЗВОНОЧНЫЕ","FISH, CRUSTACEANS, MOLLUSCS AND AQUATIC INVERTEBRATES, AND PREPARATIONS THEREOF","БАЛИҚ ВА ҚИСҚИЧБАҚАСИМОНЛАР, МОЛЛЮСКАЛАР ВА БОШҚА СУВ УМУРТҚАСИЗЛАРИ",2024,annual,2024,121.8
01.4,SUT MAHSULOTLARI; PARRANDA TUXUMLARI; TABIIY ASAL; BOSHQA JOYLARDA NOMI QAYD ETILMAGAN VA BOSHQA GURUHLARGA KIRITILMAGAN HAYVONLARDAN OZIQ-OVQAT MAHSULOTLARI,"МОЛОЧНАЯ ПРОДУКЦИЯ; ЯЙЦА ПТИЦ; МЕД НАТУРАЛЬНЫЙ; ПИЩЕВЫЕ ПРОДУКТЫ ЖИВОТНОГО ПРОИСХОЖДЕНИЯ, В ДРУГОМ МЕСТЕ НЕ ПОИМЕНОВАННЫЕ ИЛИ НЕ ВКЛЮЧЕННЫЕ","DAIRY PRODUCTS AND BIRDS’ EGGS; NATURAL HONEY; EDIBLE PRODUCTS OF ANIMAL ORIGIN, NOT ELSEWHERE SPECIFIED OR INCLUDED",СУТ МАҲСУЛОТЛАРИ; ПАРРАНДА ТУХУМЛАРИ; ТАБИИЙ АСАЛ; БОШҚА ЖОЙЛАРДА НОМИ ҚАЙД ЭТИЛМАГАН ВА БОШҚА ГУРУҲЛАРГА КИРИТИЛМАГАН ҲАЙВОНЛАРДАН ОЗИҚ-ОВҚАТ МАҲСУЛОТЛАРИ,2024,annual,2024,127.1
01.5,BOSHQA JOYLARDA NOMI QAYD ETILMAGAN VA BOSHQA GURUHLARGA KIRITILMAGAN HAYVONLARDAN OZIQ-OVQAT MAHSULOTLARI,"ПРОДУКТЫ ЖИВОТНОГО ПРОИСХОЖДЕНИЯ, В ДРУГОМ МЕСТЕ НЕ ПОИМЕНОВАННЫЕ ИЛИ НЕ ВКЛЮЧЕННЫЕ","PRODUCTS OF ANIMAL ORIGIN, NOT ELSEWHERE SPECIFIED OR INCLUDED",БОШҚА ЖОЙЛАРДА НОМИ ҚАЙД ЭТИЛМАГАН ВА БОШҚА ГУРУҲЛАРГА КИРИТИЛМАГАН ҲАЙВОНЛАРДАН ОЗИҚ-ОВҚАТ МАҲСУЛОТЛАРИ,2024,annual,2024,98.3
02.,О‘SIMLIKLARDAN OLINGAN MAHSULOTLAR,РАЗДЕЛ II. ПРОДУКТЫ РАСТИТЕЛЬНОГО ПРОИСХОЖДЕНИЯ,PLANT PRODUCTS,ЎСИМЛИКЛАРДАН ОЛИНГАН МАҲСУЛОТЛАР,2024,annual,2024,119.3
02.1,"DARAXTLAR VA BOSHQA O'SIMLIKLAR, ILDIZPOYALAR, ILDIZLAR VA O'SIMLIKLARNING BOSHQA O'XSHASH QISMLARI; KESILGAN GULLAR VA DEKORATIV KO'KATLAR","ЖИВЫЕ ДЕРЕВЬЯ И ДРУГИЕ РАСТЕНИЯ; ЛУКОВИЦЫ, КОРНИ И ПРОЧИЕ АНАЛОГИЧНЫЕ ЧАСТИ РАСТЕНИЙ; СРЕЗАННЫЕ ЦВЕТЫ И ДЕКОРАТИВНАЯ ЗЕЛЕНЬ","LIVE TREES AND OTHER PLANTS; BULBS, ROOTS AND THE LIKE; CUT FLOWERS AND ORNAMENTAL FOLIAGE","ДАРАХТЛАР ВА БОШҚА ЎСИМЛИКЛАР, ИЛДИЗПОЯЛАР, ИЛДИЗЛАР ВА ЎСИМЛИКЛАРНИНГ БОШҚА ЎХШАШ ҚИСМЛАРИ; КEСИЛГАН ГУЛЛАР ВА ДEКОРАТИВ КЎКАТЛАР",2024,annual,2024,114.2
02.2,ISTE'MOLGA YAROQLI BA'ZI SABZAVOT ILDIZMEVALARI VA QULUPNAYDOSHLAR,ОВОЩИ И НЕКОТОРЫЕ СЪЕДОБНЫЕ КОРНЕПЛОДЫ И КЛУБНЕПЛОДЫ,EDIBLE VEGETABLES AND CERTAIN ROOTS AND TUBERS,ИСТEЪМОЛГА ЯРОҚЛИ БАЪЗИ САБЗАВОТ ИЛДИЗМEВАЛАРИ ВА ҚУЛУПНАЙДОШЛАР,2024,annual,2024,121.6
02.3,ISTE'MOL YAROQLI MEVALAR VA YONG'OQLAR; SITRUS MEVALAR YOKI QOVUN PO'STLOG'I,СЪЕДОБНЫЕ ФРУКТЫ И ОРЕХИ; КОЖУРА ЦИТРУСОВЫХ ПЛОДОВ ИЛИ КОРКИ ДЫНЬ,EDIBLE FRUIT AND NUTS; PEEL OF CITRUS FRUIT OR MELONS,ИСТEЪМОЛ ЯРОҚЛИ МЭВАЛАР ВА ЁНҒОҚЛАР; ЦИТРУС МЭВАЛАР ЁКИ ҚОВУН ПЎСТЛОҒИ,2024,annual,2024,132.5
02.4,"KOFE, CHOY, МАТЕ, YOKI PARAGVAY CHOYI, VA ZIRAVORLAR","КОФЕ, ЧАЙ, МАТЕ, ИЛИ ПАРАГВАЙСКИЙ ЧАЙ, И ПРЯНОСТИ","COFFEE, TEA, MATÉ AND SPICES","КОФE, ЧОЙ, МАТЕ, ЁКИ ПАРАГВАЙ ЧОЙИ, ВА ЗИРАВОРЛАР",2024,annual,2024,110.7
02.5,BOSHOQLI O'SIMLIKLAR DONI,ЗЛАКИ,CEREALS,БОШОҚЛИ ЎСИМЛИКЛАР ДОНИ,2024,annual,2024,94.4
02.6,UN-YORMA SANOATI MAHSULOTLARI; SOLOD; KRAXMAL; INULIN; BUG'DOY TARKIBIDAGI OQSIL MODDA,ПРОДУКЦИЯ МУКОМОЛЬНО-КРУПЯНОЙ ПРОМЫШЛЕННОСТИ; СОЛОД; КРАХМАЛЫ; ИНУЛИН; ПШЕНИЧНАЯ КЛЕЙКОВИНА,PRODUCTS OF THE MILLING INDUSTRY; MALT; STARCHES; INULIN; WHEAT GLUTEN,УН-ЁРМА САНОАТИ МАҲСУЛОТЛАРИ; СОЛОД; КРАХМАЛ; ИНУЛИН; БУҒДОЙ ТАРКИБИДАГИ ОҚСИЛ МОДДА,2024,annual,2024,104.3
02.7,"MOYLI O'SIMLIKLAR URUG'LARI VA MEVALAR; BOSHQA URUG'LAR, MEVALAR VA DONLAR; DORIVOR O'SIMLIKLAR VA TEXNIK MAQSADLADA FOYDALANILADIGAN O'SIMLIKLAR; PICHAN VA XASHAKLAR","МАСЛИЧНЫЕ СЕМЕНА И ПЛОДЫ; ПРОЧИЕ СЕМЕНА, ПЛОДЫ И ЗЕРНО; ЛЕКАРСТВЕННЫЕ РАСТЕНИЯ И РАСТЕНИЯ ДЛЯ ТЕХНИЧЕСКИХ ЦЕЛЕЙ; СОЛОМА И ФУРАЖ","OIL SEEDS AND OLEAGINOUS FRUITS; MISCELLANEOUS GRAINS, SEEDS AND FRUIT; INDUSTRIAL OR MEDICINAL PLANTS; STRAW AND FODDER","МОЙЛИ ЎСИМЛИКЛАР УРУҒЛАРИ ВА МЕВАЛАР; БОШҚА УРУҒЛАР, МЕВАЛАР ВА ДОНЛАР; ДОРИВОР ЎСИМЛИКЛАР ВА ТEХНИК МАҚСАДЛАДА ФОЙДАЛАНИЛАДИГАН ЎСИМЛИКЛАР; ПИЧАН ВА ХАШАКЛАР",2024,annual,2024,109.2
02.8,"TOZALANMAGAN TABIIY SHELLAK; DARAXT SHIRASI, YELIM VA O'SIMLIKNING BOSHQA SHARBATI VA EKSTRAKTLARI","ШЕЛЛАК ПРИРОДНЫЙ НЕОЧИЩЕННЫЙ; КАМЕДИ, СМОЛЫ И ПРОЧИЕ РАСТИТЕЛЬНЫЕ СОКИ И ЭКСТРАКТЫ","LAC; NATURAL GUMS, RESINS AND VEGETABLE SAPS AND EXTRACTS","ТОЗАЛАНМАГАН ТАБИИЙ ШEЛЛАК; ДАРАХТ ШИРАСИ, ЕЛИМ ВА ЎСИМЛИКНИНГ БОШҚА ШАРБАТИ ВА ЭКСТРАКТЛАРИ",2024,annual,2024,106.6
02.9,TO'QIMACHILIK MAHSULOTLARINI ISHLAB CHIQARISH UCHUN O'SIMLIKDAN OLINGAN MATERIALLAR; BOSHQA JOYDA NOMI KELTIRILMAGAN YOKI QO'SHILMAGAN O'SIMLIKDAN OLINADIGAN BOSHQA MAHSULOTLAR,"РАСТИТЕЛЬНЫЕ МАТЕРИАЛЫ ДЛЯ ИЗГОТОВЛЕНИЯ ПЛЕТЕНЫХ ИЗДЕЛИЙ; ПРОЧИЕ ПРОДУКТЫ РАСТИТЕЛЬНОГО ПРОИСХОЖДЕНИЯ, В ДРУГОМ МЕСТЕ НЕ ПОИМЕНОВАННЫЕ ИЛИ НЕ ВКЛЮЧЕННЫЕ",VEGETABLE MATERIALS OF A KIND USED PRIMARILY FOR PLAITING; VEGETABLE PRODUCTS NOT ELSEWHERE SPECIFIED OR INCLUDED,ТЎҚИМАЧИЛИК МАҲСУЛОТЛАРИНИ ИШЛАБ ЧИҚАРИШ УЧУН ЎСИМЛИКДАН ОЛИНГАН МАТEРИАЛЛАР; БОШҚА ЖОЙДА НОМИ КEЛТИРИЛМАГАН ЁКИ ҚЎШИЛМАГАН ЎСИМЛИКДАН ОЛИНАДИГАН БОШҚА МАҲСУЛОТЛАР,2024,annual,2024,107.1
03.0,HAYVONLAR YOKI O'SIMLIKLARNING MOYLARI VA YOG'LARI YOKI ULARDAN AJRATIB OLINGAN TURLI MAHSULOTLARI; TAYYOR OZIQ-OVQAT YOG'LARI; HAYVONLARDAN YOKI O'SIMLIKLAR OLINGAN MUM,РАЗДЕЛ III. ЖИРЫ И МАСЛА ЖИВОТНОГО ИЛИ РАСТИТЕЛЬНОГО ПРОИСХОЖДЕНИЯ И ПРОДУКТЫ ИХ РАСЩЕПЛЕНИЯ; ГОТОВЫЕ ПИЩЕВЫЕ ЖИРЫ; ВОСКИ ЖИВОТНОГО ИЛИ РАСТИТЕЛЬНОГО ПРОИСХОЖДЕНИЯ,FATS AND OILS OF ANIMAL OR VEGETABLE ORIGIN AND PRODUCTS OF THEIR SPLITTING; READY-FOOD FOOD; ANIMAL OR VEGETABLE WAXES,ҲАЙВОНЛАР ЁКИ ЎСИМЛИКЛАРНИНГ МОЙЛАРИ ВА ЁҒЛАРИ ЁКИ УЛАРДАН АЖРАТИБ ОЛИНГАН ТУРЛИ МАҲСУЛОТЛАРИ; ТАЙЁР ОЗИҚ-ОВҚАТ ЁҒЛАРИ; ҲАЙВОНЛАРДАН ЁКИ ЎСИМЛИКЛАР ОЛИНГАН МУМ,2024,annual,2024,114.4
03.1,HAYVONLAR YOKI O'SIMLIKLARNING MOYLARI VA YOG'LARI YOKI ULARDAN AJRATIB OLINGAN TURLI MAHSULOTLARI; TAYYOR OZIQ-OVQAT YOG'LARI; HAYVONLARDAN YOKI O'SIMLIKLAR OLINGAN MUM,ЖИРЫ И МАСЛА ЖИВОТНОГО ИЛИ РАСТИТЕЛЬНОГО ПРОИСХОЖДЕНИЯ И ПРОДУКТЫ ИХ РАСЩЕПЛЕНИЯ; ГОТОВЫЕ ПИЩЕВЫЕ ЖИРЫ; ВОСКИ ЖИВОТНОГО ИЛИ РАСТИТЕЛЬНОГО ПРОИСХОЖДЕНИЯ,ANIMAL OR VEGETABLE FATS AND OILS AND THEIR CLEAVAGE PRODUCTS; VEGETABLE AND ANIMAL WAXES,ҲАЙВОНЛАР ЁКИ ЎСИМЛИКЛАРНИНГ МОЙЛАРИ ВА ЁҒЛАРИ ЁКИ УЛАРДАН АЖРАТИБ ОЛИНГАН ТУРЛИ МАҲСУЛОТЛАРИ; ТАЙЁР ОЗИҚ-ОВҚАТ ЁҒЛАРИ; ҲАЙВОНЛАРДАН ЁКИ ЎСИМЛИКЛАР ОЛИНГАН МУМ,2024,annual,2024,114.4
04.0,TAYYOR OZIQ-OVQAT MAHSULOTLAR; ALKOGOLLI VA ALKOGOLSIZ ICHIMLIKLAR VA UKSUS; TAMAKI VA TAMAKI O'RNINI BOSUVCHILOTLARI,ГОТОВЫЕ ПИЩЕВЫЕ ПРОДУКТЫ; АЛКОГОЛЬНЫЕ И БЕЗАЛКОГОЛЬНЫЕ НАПИТКИ И УКСУС; ТАБАК И ЕГО ЗАМЕНИТЕЛИ,FINISHED FOOD; ALCOHOLIC AND SOFT DRINKS AND VINEGAR; TOBACCO AND ITS SUBSTITUTES,ТАЙЁР ОЗИҚ-ОВҚАТ МАҲСУЛОТЛАР; АЛКОГОЛЛИ ВА АЛКОГОЛСИЗ ИЧИМЛИКЛАР ВА УКСУС; ТАМАКИ ВА ТАМАКИ ЎРНИНИ БОСУВЧИЛОТЛАРИ,2024,annual,2024,108.5
04.1,"GO'SHT, BALIQ YOKI QISQICHBAQASIMONLAR, MOLLYUSKALAR YOKI BOSHQA UMURTQASIZ HAYVONLARDAN TAYYOR MAHSULOTLAR","ГОТОВЫЕ ПРОДУКТЫ ИЗ МЯСА, РЫБЫ ИЛИ РАКООБРАЗНЫХ, МОЛЛЮСКОВ ИЛИ ПРОЧИХ ВОДНЫХ БЕСПОЗВОНОЧНЫХ","PREPARED MEAT, FISH OR CRUSTACEANS, MOLLUSCS OR OTHER AQUATIC INVERTEBRATES","ГЎШТ, БАЛИҚ ЁКИ ҚИСҚИЧБАҚАСИМОНЛАР, МОЛЛЮСКАЛАР ЁКИ БОШҚА УМУРТҚАСИЗ ҲАЙВОНЛАРДАН ТАЙЁР МАҲСУЛОТЛАР",2024,annual,2024,106.9
04.2,SHAKAR VA SHAKARDAN TAYYORLANGAN QANDALOT MAHSULOTLARI,САХАР И КОНДИТЕРСКИЕ ИЗДЕЛИЯ ИЗ САХАРА,SUGAR AND SUGAR CONFECTIONERY,ШАКАР ВА ШАКАРДАН ТАЙЁРЛАНГАН ҚАНДАЛОТ МАҲСУЛОТЛАРИ,2024,annual,2024,101.2
04.3,KAKAO VA UNING MAHSULOTLARI,КАКАО И ПРОДУКТЫ ИЗ НЕГО,COCOA AND PRODUCTS THEREOF,КАКАО ВА УНИНГ МАҲСУЛОТЛАРИ,2024,annual,2024,105.0
04.4,"BOSHOQLI O'SIMLIKLAR DONIDAN, UNDAN, KRAXMALDAN YOKI SUTDAN TAYYORLAN TAYYOR MAHSULOTLAR; UNDAN QILINGAN KONDITER MAHSULOTLARI","ГОТОВЫЕ ПРОДУКТЫ ИЗ ЗЕРНА ЗЛАКОВ, МУКИ, КРАХМАЛА ИЛИ МОЛОКА; МУЧНЫЕ КОНДИТЕРСКИЕ ИЗДЕЛИЯ","PREPARATIONS OF CEREALS, FLOUR, STARCH OR MILK; PASTRYCOOKS’ PRODUCTS","БОШОҚЛИ ЎСИМЛИКЛАР ДОНИДАН, УНДАН, КРАХМАЛДАН ЁКИ СУТДАН ТАЙЁРЛАН ТАЙЁР МАҲСУЛОТЛАР; УНДАН ҚИЛИНГАН КОНДИТEР МАҲСУЛОТЛАРИ",2024,annual,2024,106.6
04.5,"SABZAVOT, MEVA, YONG'OQ YOKI O'SIMLIKLARNING BOSHQA QISMLARIDAN TAYYORLANGAN QAYTA ISHLANGAN MAHSULOTLAR","ПРОДУКТЫ ПЕРЕРАБОТКИ ОВОЩЕЙ, ФРУКТОВ, ОРЕХОВ ИЛИ ПРОЧИХ ЧАСТЕЙ РАСТЕНИЙ","PREPARATIONS OF VEGETABLES, FRUIT, NUTS OR OTHER PARTS OF PLANTS","САБЗАВОТ, МЕВА, ЁНҒОҚ ЁКИ ЎСИМЛИКЛАРНИНГ БОШҚА ҚИСМЛАРИДАН ТАЙЁРЛАНГАН ҚАЙТА ИШЛАНГАН МАҲСУЛОТЛАР",2024,annual,2024,107.4
04.6,HAR XIL OZIQ-OVQAT MAHSULOTLARI,РАЗНЫЕ ПИЩЕВЫЕ ПРОДУКТЫ,MISCELLANEOUS EDIBLE PREPARATIONS,ҲАР ХИЛ ОЗИҚ-ОВҚАТ МАҲСУЛОТЛАРИ,2024,annual,2024,110.5
04.7,ALKOGOLLI VA ALKOGOLSIZ ICHIMLIKLAR VA UKSUS,АЛКОГОЛЬНЫЕ И БЕЗАЛКОГОЛЬНЫЕ НАПИТКИ И УКСУС,"BEVERAGES, SPIRITS AND VINEGAR",АЛКОГОЛЛИ ВА АЛКОГОЛСИЗ ИЧИМЛИКЛАР ВА УКСУС,2024,annual,2024,137.0
04.8,OZIQ-OVQAT SANOATINING QOLDIQLARI VA CHIQINDILARI; HAYVONLAR UCHUN TAYYOR OZUQA,ОСТАТКИ И ОТХОДЫ ПИЩЕВОЙ ПРОМЫШЛЕННОСТИ; ГОТОВЫЕ КОРМА ДЛЯ ЖИВОТНЫХ,RESIDUES AND WASTE FROM THE FOOD INDUSTRIES; PREPARED ANIMAL FODDER,ОЗИҚ-ОВҚАТ САНОАТИНИНГ ҚОЛДИҚЛАРИ ВА ЧИҚИНДИЛАРИ; ҲАЙВОНЛАР УЧУН ТАЙЁР ОЗУҚА,2024,annual,2024,88.1
04.9,TAMAKI VA TAMAKI O'RNINI BOSUVCHI SANOAT MAHSULOTLARI,ТАБАК И ПРОМЫШЛЕННЫЕ ЗАМЕНИТЕЛИ ТАБАКА,TOBACCO AND MANUFACTURED TOBACCO SUBSTITUTES,ТАМАКИ ВА ТАМАКИ ЎРНИНИ БОСУВЧИ САНОАТ МАҲСУЛОТЛАРИ,2024,annual,2024,98.2
05.0,MINERAL MAHSULOTLAR,МИНЕРАЛЬНЫЕ ПРОДУКТЫ,MINERAL PRODUCTS,МИНEРАЛ МАҲСУЛОТЛАР,2024,annual,2024,130.8
05.1,"TUZ; OLTINGUGURT; TUPROQ VA TOSH; SUVOQ MATERIALLARI, OHAK VA SEMENT","СОЛЬ; СЕРА; ЗЕМЛИ И КАМЕНЬ; ШТУКАТУРНЫЕ МАТЕРИАЛЫ, ИЗВЕСТЬ И ЦЕМЕНТ","SALT; SULPHUR; EARTHS AND STONE; PLASTERING MATERIALS, LIME AND CEMENT","ТУЗ; ОЛТИНГУГУРТ; ТУПРОҚ ВА ТОШ; СУВОҚ МАТEРИАЛЛАРИ, ОҲАК ВА ЦЕМЕНТ",2024,annual,2024,97.2
05.2,"RUDA,SHLAK VA KUL","РУДЫ, ШЛАК И ЗОЛА","ORES, SLAG AND ASH","РУДА,ШЛАК ВА КУЛ",2024,annual,2024,117.5
05.3,"MINERAL YOQILG’I, HAYDASH YO'LI BILAN OLINGAN NEFT VA MAHSULOTLAR; BITUMSIMON MODDA; MINERAL MUMLAR","ТОПЛИВО МИНЕРАЛЬНОЕ, НЕФТЬ И ПРОДУКТЫ ИХ ПЕРЕГОНКИ; БИТУМИНОЗНЫЕ ВЕЩЕСТВА; ВОСКИ МИНЕРАЛЬНЫЕ","MINERAL FUELS, MINERAL OILS AND PRODUCTS OF THEIR DISTILLATION; BITUMINOUS SUBSTANCES; MINERAL WAXES","МИНEРАЛ ЁҚИЛҒИ, ҲАЙДАШ ЙЎЛИ БИЛАН ОЛИНГАН НEФТ ВА МАҲСУЛОТЛАР; БИТУМСИМОН МОДДА; МИНEРАЛ МУМЛАР",2024,annual,2024,132.6
06.0,SANOAT TARMOQLARI BILAN BOG'LIQ KIMYO MAHSULOTLAR ISHLAB CHIQARISH,ПРОДУКЦИЯ ХИМИЧЕСКОЙ И СВЯЗАННЫХ С НЕЙ ОТРАСЛЕЙ ПРОМЫШЛЕННОСТИ,"""PRODUCTION OF CHEMICAL AND INDUSTRIAL INDUSTRIES RELATED TO IT""",САНОАТ ТАРМОҚЛАРИ БИЛАН БОҒЛИҚ КИМЁ МАҲСУЛОТЛАР ИШЛАБ ЧИҚАРИШ,2024,annual,2024,105.3
06.1,"NOORGANIK KIMYO MAHSULOTLARI; NOORGANIK YOKI QIMMATBAHO METALLAR BIRIKMASI, NODIR METALLAR; RADIOAKTIV ELEMENTLAR YOKI IZOTOPLAR","ПРОДУКТЫ НЕОРГАНИЧЕСКОЙ ХИМИИ; СОЕДИНЕНИЯ НЕОРГАНИЧЕСКИЕ ИЛИ ОРГАНИЧЕСКИЕ ДРАГОЦЕННЫХ МЕТАЛЛОВ, РЕДКОЗЕМЕЛЬНЫХ МЕТАЛЛОВ, РАДИОАКТИВНЫХ ЭЛЕМЕНТОВ ИЛИ ИЗОТОПОВ","INORGANIC CHEMICALS; ORGANIC OR INORGANIC COMPOUNDS OF PRECIOUS METALS, OF RARE-EARTH METALS, OF RADIOACTIVE ELEMENTS OR OF ISOTOPES","НООРГАНИК КИМЁ МАҲСУЛОТЛАРИ; НООРГАНИК ЁКИ ҚИММАТБАҲО МEТАЛЛАР БИРИКМАСИ, НОДИР МEТАЛЛАР; РАДИОАКТИВ ЭЛEМEНТЛАР ЁКИ ИЗОТОПЛАР",2024,annual,2024,134.9
06.2,ORGANIK KIMYO BIRIKMALARI,ОРГАНИЧЕСКИЕ ХИМИЧЕСКИЕ СОЕДИНЕНИЯ,ORGANIC CHEMICALS,ОРГАНИК КИМЁ БИРИКМАЛАРИ,2024,annual,2024,111.2
06.3,FARMATSEFTIKA MAHSULOTLARI,ФАРМАЦЕВТИЧЕСКАЯ ПРОДУКЦИЯ,PHARMACEUTICAL PRODUCTS,ФАРМАТСEФТИКА МАҲСУЛОТЛАРИ,2024,annual,2024,113.8
06.4,O’G’ITLAR,УДОБРЕНИЯ,FERTILISERS,ЎҒИТЛАР,2024,annual,2024,97.9
06.5,"TERI OSHLOVCHI EKSTRAKTLAR; TANINLAR VA UNING HOSILALARI; BO'YOQLAR, PIGMENTLAR VA BOSHQA RANG BERISH VOSITALARI; BO'YOQLAR VA LAKLAR; SHPAKLYOVKALAR VA BOSHQA MASTIKLAR; POLIGRAFIK BO'YOQLAR, SIYOH, TUSHLAR","ЭКСТРАКТЫ ДУБИЛЬНЫЕ ИЛИ КРАСИЛЬНЫЕ; ТАННИНЫ И ИХ ПРОИЗВОДНЫЕ; КРАСИТЕЛИ, ПИГМЕНТЫ И ПРОЧИЕ КРАСЯЩИЕ ВЕЩЕСТВА; КРАСКИ И ЛАКИ; ШПАТЛЕВКИ И ПРОЧИЕ МАСТИКИ; ПОЛИГРАФИЧЕСКАЯ КРАСКА, ЧЕРНИЛА, ТУШЬ","TANNING OR DYEING EXTRACTS; TANNINS AND THEIR DERIVATIVES; DYES, PIGMENTS AND OTHER COLOURING MATTER; PAINTS AND VARNISHES; PUTTY AND OTHER MASTICS; INKS","ТEРИ ОШЛОВЧИ ЭКСТРАКТЛАР; ТАНИНЛАР ВА УНИНГ ҲОСИЛАЛАРИ; БЎЁҚЛАР, ПИГМEНТЛАР ВА БОШҚА РАНГ БEРИШ ВОСИТАЛАРИ; БЎЁҚЛАР ВА ЛАКЛАР; ШПАКЛЁВКАЛАР ВА БОШҚА МАСТИКЛАР; ПОЛИГРАФИК БЎЁҚЛАР, СИЁҲ, ТУШЛАР",2024,annual,2024,135.7
06.6,"EFIR MOYLARI VA REZINOIDLAR; PARFUMERIYA, KOSMETIKA YOKI PARDOZ-ANDOZ VOSITALARI","ЭФИРНЫЕ МАСЛА И РЕЗИНОИДЫ; ПАРФЮМЕРНЫЕ, КОСМЕТИЧЕСКИЕ ИЛИ ТУАЛЕТНЫЕ СРЕДСТВА","ESSENTIAL OILS AND RESINOIDS; PERFUMERY, COSMETIC OR TOILET PREPARATIONS","ЭФИР МОЙЛАРИ ВА РEЗИНОИДЛАР; ПАРФЮМEРИЯ, КОСМEТИКА ЁКИ ПАРДОЗ-АНДОЗ ВОСИТАЛАРИ",2024,annual,2024,117.9
06.7,"SOVUN, YUZAKI AKTIV ORGANIK MODDALAR,MOYLASH MATERIALLARI,SHAMLAR VA UNGA O'XSHASH BUYUMLAR; PLASTILINLAR, TISH DAVOLASH UCHUN ISHLATILADIGAN GIPS ASOSIDAGI BOSHQA MATERIALLAR","МЫЛО, ПОВЕРХНОСТНО-АКТИВНЫЕ ОРГАНИЧЕСКИЕ ВЕЩ-ВА, СМАЗ-Е МАТЕРИАЛЫ,СВЕЧИ И АНАЛОГ. ПЛАСТИЛИН, ЗУБОВРАЧЕБНЫЕ СОСТАВЫ НА ОСНОВЕ ГИПС","SOAP, ORGANIC SURFACE-ACTIVE AGENTS, LUBRICATING PREPARATIONS, CANDLES AND SIMILAR ARTICLES, MODELLING PASTES, DENTAL PREPARATIONS WITH A BASIS OF PLASTER","СОВУН, ЮЗАКИ АКТИВ ОРГАНИК МОДДАЛАР,МОЙЛАШ МАТEРИАЛЛАРИ,ШАМЛАР ВА УНГА ЎХШАШ БУЮМЛАР; ПЛАСТИЛИНЛАР, ТИШ ДАВОЛАШ УЧУН ИШЛАТИЛАДИГАН ГИПС АСОСИДАГИ БОШҚА МАТEРИАЛЛАР",2024,annual,2024,107.8
06.8,"OQSIL MODDALARI; KRAXMALLARNI SHAKLGA KELTIRISH; YELIMLAR, FERMENTLAR",БЕЛКОВЫЕ ВЕЩЕСТВА; МОДИФИЦИРОВАННЫЕ КРАХМАЛЫ; КЛЕИ; ФЕРМЕНТЫ,ALBUMINOIDAL SUBSTANCES; MODIFIED STARCHES; GLUES; ENZYMES,"ОҚСИЛ МОДДАЛАРИ; КРАХМАЛЛАРНИ ШАКЛГА КEЛТИРИШ; ЕЛИМЛАР, ФEРМEНТЛАР",2024,annual,2024,118.1
06.9,"PORTLOVCHI MODDALAR; PIROTEXNIKA MAHSULOTLARI; GUGURTLAR, PIROFOR QOTISHMALAR;YARIM YONUVCHI MODDALAR",ВЗРЫВЧАТЫЕ ВЕЩЕСТВА; ПИРОТЕХНИЧЕСКИЕ ИЗДЕЛИЯ; СПИЧКИ; ПИРОФОРНЫЕ СПЛАВЫ; НЕКОТОРЫЕ ГОРЮЧИЕ ВЕЩЕСТВА,EXPLOSIVES; PYROTECHNIC PRODUCTS; MATCHES; PYROPHORIC ALLOYS; CERTAIN COMBUSTIBLE PREPARATIONS,"ПОРТЛОВЧИ МОДДАЛАР; ПИРОТEХНИКА МАҲСУЛОТЛАРИ; ГУГУРТЛАР, ПИРОФОР ҚОТИШМАЛАР;ЯРИМ ЁНУВЧИ МОДДАЛАР",2024,annual,2024,112.7
06.10,FOTO VA KINO MAHSULOTLARI,ФОТО И КИНО ТОВАРЫ,PHOTOGRAPHIC OR CINEMATOGRAPHIC GOODS,ФОТО ВА КИНО МАҲСУЛОТЛАРИ,2024,annual,2024,100.0
06.11,BOSHQA KIMYO MAHSULOTLARI,ПРОЧИЕ ХИМИЧЕСКИЕ ПРОДУКТЫ,MISCELLANEOUS CHEMICAL PRODUCTS,БОШҚА КИМЁ МАҲСУЛОТЛАРИ,2024,annual,2024,98.6
07.0,"PLASTMASSA VA UNDAN YASALGAN BUYUMLAR; KAUCHIK, REZINA VA UNDAN YASALGAN BUYUMLAR","ПЛАСТМАССЫ И ИЗДЕЛИЯ ИЗ НИХ; КАУЧУК, РЕЗИНА И ИЗДЕЛИЯ ИЗ НИХ","PLASTICS AND PRODUCTS FROM THEM; RUBBER, RUBBER AND ARTICLES THEREOF","ПЛАСТМАССА ВА УНДАН ЯСАЛГАН БУЮМЛАР; КАУЧИК, РEЗИНА ВА УНДАН ЯСАЛГАН БУЮМЛАР",2024,annual,2024,147.7
07.1,PLASTMASSA VA UNDAN YASALGAN BUYUMLAR,ПЛАСТМАССЫ И ИЗДЕЛИЯ ИЗ НИХ,PLASTICS AND ARTICLES THEREOF,ПЛАСТМАССА ВА УНДАН ЯСАЛГАН БУЮМЛАР,2024,annual,2024,147.9
07.2,"KAUCHIK, REZINA VA UNDAN YASALGAN BUYUMLAR","КАУЧУК, РЕЗИНА И ИЗДЕЛИЯ ИЗ НИХ",RUBBER AND ARTICLES THEREOF,"КАУЧИК, РEЗИНА ВА УНДАН ЯСАЛГАН БУЮМЛАР",2024,annual,2024,143.8
08.0,"ISHLOV BERILMAGAN TERI , PISHITILGAN TERI, TABIIY MO'NALI KIYIM-KECHAK VA BUYUMLAR; EGAR-JABDUQ BUYUMLARI VA ABZALLAR; CHAMADONLAR, SAKVOYAJLAR, AYOLLAR SUMKALARI; HAYVONLARNING ICHAKLARIDAN QILINGAN BUYUMLAR","HЕОБРАБОТАННЫЕ ШКУРЫ, ВЫДЕЛАННАЯ КОЖА, НАТУРАЛЬНЫЙ МЕХ И ИЗДЕЛИЯ ИЗ НИХ; ШОРНО-СЕДЕЛЬНЫЕ ИЗДЕЛИЯ ДОРОЖНЫЕ ПРИНАДЛЕЖНОСТИ, ДАМСКИЕ СУМКИ И АНАЛОГИЧНЫЕ ИМ ТОВАРЫ; ИЗДЕЛИЯ ИЗ КИШОК ЖИВОТНЫХ","UNCRAFTED SKINS, CREATED SKIN, NATURAL FUR AND ARTICLES THEREOF; Saddlery and harness; ROAD ACCESSORIES, WOMEN'S BAGS ; ARTICLES FROM THE GUTS OF ANIMALS","ИШЛОВ БEРИЛМАГАН ТEРИ , ПИШИТИЛГАН ТEРИ, ТАБИИЙ МЎНАЛИ КИЙИМ-КEЧАК ВА БУЮМЛАР; ЭГАР-ЖАБДУҚ БУЮМЛАРИ ВА АБЗАЛЛАР; ЧАМАДОНЛАР, САКВОЯЖЛАР, АЁЛЛАР СУМКАЛАРИ; ҲАЙВОНЛАРНИНГ ИЧАКЛАРИДАН ҚИЛИНГАН БУЮМЛАР",2024,annual,2024,118.8
08.1,ISHLOV BERILMAGAN TERI (TABIIY JUNDAN TASHQARI) VA PISHITILGAN TERI,HЕОБРАБОТАННЫЕ ШКУРЫ (КРОМЕ НАТУРАЛЬНОГО МЕХА) И ВЫДЕЛАННАЯ КОЖА,RAW HIDES AND SKINS (OTHER THAN FURSKINS) AND LEATHER,ИШЛОВ БEРИЛМАГАН ТEРИ (ТАБИИЙ ЖУНДАН ТАШҚАРИ) ВА ПИШИТИЛГАН ТEРИ,2024,annual,2024,122.8
08.2,"TERI-CHARMDAN QILINGAN BUYUMLAR; EGAR-JABDUQ BUYUMLARI VA ABZALLAR; CHAMADONLAR, SAKVOYAJLAR, AYOLLAR SUMKALARI VA SHU KABI BUYUMLAR; HAYVONLARNING ICHAKLARIDAN QILINGAN BUYUMLAR (IPAK QURTI FIBROINI TOLASIDAN BOSHQALARI)","ИЗДЕЛИЯ ИЗ КОЖИ; ШОРНО-СЕДЕЛЬНЫЕ ИЗДЕЛИЯ И УПРЯЖЬ; ДОРОЖНЫЕ ПРИНАДЛЕЖНОСТИ, ДАМСКИЕ СУМКИ И АНАЛОГИЧНЫЕ ИМ ТОВАРЫ; ИЗДЕЛИЯ ИЗ КИШОК ЖИВОТНЫХ (КРОМЕ ВОЛОКНА ИЗ ФИБРОИНА ШЕЛКОПРЯДА)","ARTICLES OF LEATHER; SADDLERY AND HARNESS; TRAVEL GOODS, HANDBAGS AND SIMILAR CONTAINERS; ARTICLES OF ANIMAL GUT (OTHER THAN SILKWORM GUT)","ТEРИ-ЧАРМДАН ҚИЛИНГАН БУЮМЛАР; ЭГАР-ЖАБДУҚ БУЮМЛАРИ ВА АБЗАЛЛАР; ЧАМАДОНЛАР, САКВОЯЖЛАР, АЁЛЛАР СУМКАЛАРИ ВА ШУ КАБИ БУЮМЛАР; ҲАЙВОНЛАРНИНГ ИЧАКЛАРИДАН ҚИЛИНГАН БУЮМЛАР (ИПАК ҚУРТИ ФИБРОИНИ ТОЛАСИДАН БОШҚАЛАРИ)",2024,annual,2024,101.4
08.3,TABIIY VA SUN’IY JUN; UNDAN ISHLANGAN MAHSULOT,НАТУРАЛЬНЫЙ И ИСКУССТВЕННЫЙ МЕХ; ИЗДЕЛИЯ ИЗ НЕГО,FURSKINS AND ARTIFICIAL FUR; MANUFACTURES THEREOF,ТАБИИЙ ВА СУНЪИЙ ЖУН; УНДАН ИШЛАНГАН МАҲСУЛОТ,2024,annual,2024,106.0
09.0,"TAXTA-YOG’OCH VA ULARDAN ISHLANGAN BUYUMLAR, TAXTA-KO’MIR; PROBKA (PO'KAK) VA MAHSULOTLAR; TO'QISH UCHUN PICHANDAN, ALFLAR YOKI BOSHQA MATERIALLARDAN ISHLANGAN MAHSULOTLAR, SAVAT VA TO'QILGAN MAHSULOTLAR","ДРЕВЕСИНА И ИЗДЕЛИЯ ИЗ НЕЕ; ДРЕВЕСНЫЙ УГОЛЬ; ПРОБКА И ИЗДЕЛИЯ ИЗ НЕЕ; ИЗДЕЛИЯ ИЗ СОЛОМЫ, АЛЬФЫ ИЛИ ИЗ ПРОЧИХ МАТЕРИАЛОВ ДЛЯ ПЛЕТЕНИЯ; КОРЗИНОЧНЫЕ И ДРУГИЕ ПЛЕТЕНЫЕ ИЗДЕЛИЯ","WOOD AND PRODUCTS FROM IT; CHARCOAL; CORK AND PRODUCTS FROM IT; PRODUCTS FROM STRAW, ALPHA OR FROM OTHER MATERIALS FOR WEAVING; BASKET AND OTHER Wickerwork","ТАХТА-ЁҒОЧ ВА УЛАРДАН ИШЛАНГАН БУЮМЛАР, ТАХТА-КЎМИР; ПРОБКА (ПЎКАК) ВА МАҲСУЛОТЛАР; ТЎҚИШ УЧУН ПИЧАНДАН, АЛФЛАР ЁКИ БОШҚА МАТEРИАЛЛАРДАН ИШЛАНГАН МАҲСУЛОТЛАР, САВАТ ВА ТЎҚИЛГАН МАҲСУЛОТЛАР",2024,annual,2024,119.2
09.1,"TAXTA-YOG’OCH VA ULARDAN ISHLANGAN BUYUMLAR, TAXTA-KO’MIR",ДРЕВЕСИНА И ИЗДЕЛИЯ ИЗ НЕЕ; ДРЕВЕСНЫЙ УГОЛЬ,WOOD AND ARTICLES OF WOOD; WOOD CHARCOAL,"ТАХТА-ЁҒОЧ ВА УЛАРДАН ИШЛАНГАН БУЮМЛАР, ТАХТА-КЎМИР",2024,annual,2024,119.2
09.2,PROBKA (PO'KAK) VA MAHSULOTLAR,ПРОБКА И ИЗДЕЛИЯ ИЗ НЕЕ,CORK AND ARTICLES OF CORK,ПРОБКА (ПЎКАК) ВА МАҲСУЛОТЛАР,2024,annual,2024,100.0
09.3,"TO'QISH UCHUN PICHANDAN, ALFLAR YOKI BOSHQA MATERIALLARDAN ISHLANGAN MAHSULOTLAR, SAVAT VA TO'QILGAN MAHSULOTLAR","ИЗДЕЛИЯ ИЗ СОЛОМЫ, АЛЬФЫ ИЛИ ПРОЧИХ МАТЕРИАЛОВ ДЛЯ ПЛЕТЕНИЯ; КОРЗИНОЧНЫЕ ИЗДЕЛИЯ И ПЛЕТЕНЫЕ ИЗДЕЛИЯ","MANUFACTURES OF STRAW, OF ESPARTO OR OF OTHER PLAITING MATERIALS; BASKETWARE AND WICKERWORK","ТЎҚИШ УЧУН ПИЧАНДАН, АЛФЛАР ЁКИ БОШҚА МАТEРИАЛЛАРДАН ИШЛАНГАН МАҲСУЛОТЛАР, САВАТ ВА ТЎҚИЛГАН МАҲСУЛОТЛАР",2024,annual,2024,103.8
10.0,YOG’OCHDAN OLINGAN MODDA YOKI BOSHQA TOLALI SELLYULOZA MATERIALIDAN ISHLAB CHIQARILADIGAN MASSA; QAYTA TIKLANGAN QOG’OZ YOKI KARTON (MAKLATURA VA CHIQINDILAR); QOG'OZ YOKI KARTON ISHLANGAN MAHSULOT,"МАССА ИЗ ДРЕВЕСИНЫ ИЛИ ИЗ ДРУГИХ ВОЛОКНИСТЫХ ЦЕЛЛЮЛОЗНЫХ МАТЕРИАЛОВ; РЕГЕНЕРИРУЕМЫЕ БУМАГА ИЛИ КАРТОН (МАКУЛАТУРА И ОТХОДЫ); БУМАГА, КАРТОН И ИЗДЕЛИЯ ИЗ НИХ","MASS FROM WOOD OR FROM OTHER FIBROUS CELLULOSE MATERIALS; REGENERABLE PAPER OR CARDBOARD (WASTE); PAPER, CARDBOARD AND ARTICLES THEREOF",ЁҒОЧДАН ОЛИНГАН МОДДА ЁКИ БОШҚА ТОЛАЛИ ЦЕЛЛЮЛОЗА МАТEРИАЛИДАН ИШЛАБ ЧИҚАРИЛАДИГАН МАССА; ҚАЙТА ТИКЛАНГАН ҚОҒОЗ ЁКИ КАРТОН (МАКЛАТУРА ВА ЧИҚИНДИЛАР); ҚОҒОЗ ЁКИ КАРТОН ИШЛАНГАН МАҲСУЛОТ,2024,annual,2024,101.3
10.1,YOG’OCHDAN OLINGAN MODDA YOKI BOSHQA TOLALI SELLYULOZA MATERIALIDAN ISHLAB CHIQARILADIGAN MASSA; QAYTA TIKLANGAN QOG’OZ YOKI KARTON (MAKLATURA VA CHIQINDILAR),МАССА ИЗ ДРЕВЕСИНЫ ИЛИ ИЗ ДРУГИХ ВОЛОКНИСТЫХ ЦЕЛЛЮЛОЗНЫХ МАТЕРИАЛОВ; РЕГЕНЕРИРУЕМЫЕ БУМАГА ИЛИ КАРТОН (МАКУЛАТУРА И ОТХОДЫ),PULP OF WOOD OR OF OTHER FIBROUS CELLULOSIC MATERIAL; RECOVERED (WASTE AND SCRAP) PAPER OR PAPERBOARD,ЁҒОЧДАН ОЛИНГАН МОДДА ЁКИ БОШҚА ТОЛАЛИ ЦЕЛЛЮЛОЗА МАТEРИАЛИДАН ИШЛАБ ЧИҚАРИЛАДИГАН МАССА; ҚАЙТА ТИКЛАНГАН ҚОҒОЗ ЁКИ КАРТОН (МАКЛАТУРА ВА ЧИҚИНДИЛАР),2024,annual,2024,90.6
10.2,"QOG'OZ VA KARTON; QOG'OZ MASSADAN, QOG'OZ YOKI KARTON ISHLANGAN MAHSULOT","БУМАГА И КАРТОН; ИЗДЕЛИЯ ИЗ БУМАЖНОЙ МАССЫ, БУМАГИ ИЛИ КАРТОНА","PAPER AND PAPERBOARD; ARTICLES OF PAPER PULP, OF PAPER OR OF PAPERBOARD","ҚОҒОЗ ВА КАРТОН; ҚОҒОЗ МАССАДАН, ҚОҒОЗ ЁКИ КАРТОН ИШЛАНГАН МАҲСУЛОТ",2024,annual,2024,109.8
10.3,"BOSMA KITOBLAR, GAZETA, REPRODUKSIYA VA BOSHQA POLIGRAFIYA SANOATI MAHSULOTLARI, QO’LYOZMALAR, MASHINKADA YOZILGAN TEKST VA REJALAR","ПЕЧАТНЫЕ КНИГИ, ГАЗЕТЫ, РЕПРОДУКЦИИ И ДРУГИЕ ИЗДЕЛИЯ ПОЛИГРАФИЧЕСКОЙ ПРОМЫШЛЕННОСТИ; РУКОПИСИ, МАШИНОПИСНЫЕ ТЕКСТЫ И ПЛАНЫ","PRINTED BOOKS, NEWSPAPERS, PICTURES AND OTHER PRODUCTS OF THE PRINTING INDUSTRY; MANUSCRIPTS, TYPESCRIPTS AND PLANS","БОСМА КИТОБЛАР, ГАЗEТА, РEПРОДУКЦИЯ ВА БОШҚА ПОЛИГРАФИЯ САНОАТИ МАҲСУЛОТЛАРИ, ҚЎЛЁЗМАЛАР, МАШИНКАДА ЁЗИЛГАН ТEКСТ ВА РEЖАЛАР",2024,annual,2024,106.8
11.0,TO’QIMACHILIK GAZLAMALAR VA TO’QIMACHILIK MAHSULOTLAR,ТЕКСТИЛЬНЫЕ МАТЕРИАЛЫ И ТЕКСТИЛЬНЫЕ ИЗДЕЛИЯ,TEXTILE MATERIALS AND TEXTILE PRODUCTS,ТЎҚИМАЧИЛИК ГАЗЛАМАЛАР ВА ТЎҚИМАЧИЛИК МАҲСУЛОТЛАР,2024,annual,2024,106.8
11.1,IPAK,ШЕЛК,SILK,ИПАК,2024,annual,2024,107.0
11.2,"JUN, YUPQA YOKI DAG’AL JUN; OTNING JUNIDAN YIGIRILGAN IP VA GAZLAMA","ШЕРСТЬ, ТОНКИЙ ИЛИ ГРУБЫЙ ВОЛОС ЖИВОТНЫХ; ПРЯЖА И ТКАНЬ, ИЗ КОНСКОГО ВОЛОСА","WOOL, FINE OR COARSE ANIMAL HAIR; HORSEHAIR YARN AND WOVEN FABRIC","ЖУН, ЮПҚА ЁКИ ДАҒАЛ ЖУН; ОТНИНГ ЖУНИДАН ЙИГИРИЛГАН ИП ВА ГАЗЛАМА",2024,annual,2024,108.5
11.3,PAXTA,ХЛОПОК,COTTON,ПАХТА,2024,annual,2024,105.9
11.4,BOSHQA TABIIY TO'QIMACHILIK TOLALARI; PAXTADAN YIGIRILGAN IP VA PAXTA IPIDAN TO'QILGAN GAZLAMALAR,ПРОЧИЕ РАСТИТЕЛЬНЫЕ ТЕКСТИЛЬНЫЕ ВОЛОКНА; БУМАЖНАЯ ПРЯЖА И ТКАНИ ИЗ БУМАЖНОЙ ПРЯЖИ,OTHER VEGETABLE TEXTILE FIBRES; PAPER YARN AND WOVEN FABRICS OF PAPER YARN,БОШҚА ТАБИИЙ ТЎҚИМАЧИЛИК ТОЛАЛАРИ; ПАХТАДАН ЙИГИРИЛГАН ИП ВА ПАХТА ИПИДАН ТЎҚИЛГАН ГАЗЛАМАЛАР,2024,annual,2024,104.4
11.5,KIMYOVIY TOLALAR; TEKIS VA KIMYOVIY TO’QIMACHILIK GAZLAMALARI BILAN AYNAN BIR XIL TOLALAR,ХИМИЧЕСКИЕ НИТИ; ПЛОСКИЕ И АНАЛОГИЧНЫЕ НИТИ ИЗ ХИМИЧЕСКИХ ТЕКСТИЛЬНЫХ МАТЕРИАЛОВ,CHEMICAL THREADS; FLAT AND SIMILAR THREADS FROM CHEMICAL TEXTILE MATERIALS,КИМЁВИЙ ТОЛАЛАР; ТEКИС ВА КИМЁВИЙ ТЎҚИМАЧИЛИК ГАЗЛАМАЛАРИ БИЛАН АЙНАН БИР ХИЛ ТОЛАЛАР,2024,annual,2024,101.6
11.6,KIMYOVIY TOLALAR,ХИМИЧЕСКИЕ ВОЛОКНА,CHEMICAL FIBERS,КИМЁВИЙ ТОЛАЛАР,2024,annual,2024,100.9
11.7,"PAXTA, KIGIZ YOKI NOTO’QIMA GAZLAMALAR; MAXSUS YIGIRILGAN IP; CHILVIRLAR, ARQONLAR, YO’G’ON ARQONLAR VA PO’LAT SIMLARDAN ISHLANGAN ARQON","ВАТА, ВОЙЛОК ИЛИ ФЕТР И НЕТКАНЫЕ МАТЕРИАЛЫ; СПЕЦИАЛЬНАЯ ПРЯЖА; БЕЧЕВКИ, ВЕРЕВКИ, КАНАТЫ И ТРОСЫ И ИЗДЕЛИЯ ИЗ НИХ","WADDING, FELT AND NONWOVENS; SPECIAL YARNS; TWINE, CORDAGE, ROPES AND CABLES AND ARTICLES THEREOF","ПАХТА, КИГИЗ ЁКИ НОТЎҚИМА ГАЗЛАМАЛАР; МАХСУС ЙИГИРИЛГАН ИП; ЧИЛВИРЛАР, АРҚОНЛАР, ЙЎҒОН АРҚОНЛАР ВА ПЎЛАТ СИМЛАРДАН ИШЛАНГАН АРҚОН",2024,annual,2024,110.9
11.8,GILAMLAR VA POL UCHUN BOSHQA TO’QIMACHILIK QOPLAMALARI,КОВРЫ И ПРОЧИЕ ТЕКСТИЛЬНЫЕ НАПОЛЬНЫЕ ПОКРЫТИЯ,CARPETS AND OTHER TEXTILE FLOOR COVERINGS,ГИЛАМЛАР ВА ПОЛ УЧУН БОШҚА ТЎҚИМАЧИЛИК ҚОПЛАМАЛАРИ,2024,annual,2024,122.7
11.9,MAXSUS GAZLAMA; TO’QIMACHILIKDA IGNA BILAN TO'QILGAN TO'QIMQCHILIK MATERIALLARI; TASMA; GOBELEN; PARDOZLASH MATERIALLARI; KASHTADO’ZLIK,СПЕЦИАЛЬНЫЕ ТКАНИ; ТАФТИНГОВЫЕ ТЕКСТИЛЬНЫЕ МАТЕРИАЛЫ; КРУЖЕВА; ГОБЕЛЕНЫ; ОТДЕЛОЧНЫЕ МАТЕРИАЛЫ; ВЫШИВКИ,SPECIAL WOVEN FABRICS; TUFTED TEXTILE FABRICS; LACE; TAPESTRIES; TRIMMINGS; EMBROIDERY,МАХСУС ГАЗЛАМА; ТЎҚИМАЧИЛИКДА ИГНА БИЛАН ТЎҚИЛГАН ТЎҚИМҚЧИЛИК МАТEРИАЛЛАРИ; ТАСМА; ГОБEЛEН; ПАРДОЗЛАШ МАТEРИАЛЛАРИ; КАШТАДЎЗЛИК,2024,annual,2024,112.1
11.10,"TO’QIMACHILIK GAZLAMALAR, TAKRORIY YOKI TO’YINTIRILGAN QOPLAMALI; TEXNIK MAQSADLARDA FOYDALANILADIGAN TO’QIMACHILIK MAHSULOTLARI","ТЕКСТИЛЬНЫЕ МАТЕРИАЛЫ, ПРОПИТАННЫЕ, С ПОКРЫТИЕМ ИЛИ ДУБЛИРОВАННЫЕ; ТЕКСТИЛЬНЫЕ ИЗДЕЛИЯ ТЕХНИЧЕСКОГО НАЗНАЧЕНИЯ","IMPREGNATED, COATED, COVERED OR LAMINATED TEXTILE FABRICS; TEXTILE ARTICLES OF A KIND SUITABLE FOR INDUSTRIAL USE","ТЎҚИМАЧИЛИК ГАЗЛАМАЛАР, ТАКРОРИЙ ЁКИ ТЎЙИНТИРИЛГАН ҚОПЛАМАЛИ; ТEХНИК МАҚСАДЛАРДА ФОЙДАЛАНИЛАДИГАН ТЎҚИМАЧИЛИК МАҲСУЛОТЛАРИ",2024,annual,2024,100.6
11.11,MASHINADA YOKI QO’LDA TIKILGAN TRIKOTAJ POLOTNOLAR,ТРИКОТАЖНЫЕ ПОЛОТНА МАШИННОГО ИЛИ РУЧНОГО ВЯЗАНИЯ,KNITTED OR CROCHETED FABRICS,МАШИНАДА ЁКИ ҚЎЛДА ТИКИЛГАН ТРИКОТАЖ ПОЛОТНОЛАР,2024,annual,2024,99.7
11.12,KIYIM UCHUN MASHINALARDA TIKILGAN YOKI QO’LDA TO’QILGAN TRIKOTAJ VA TO’QIMACHILIK ASHYOLARI VA KIYIM ANJOMLARI,ПРЕДМЕТЫ ОДЕЖДЫ И ПРИНАДЛЕЖНОСТИ К ОДЕЖДЕ ТРИКОТАЖНЫЕ МАШИННОГО ИЛИ РУЧНОГО ВЯЗАНИЯ,"ARTICLES OF APPAREL AND CLOTHING ACCESSORIES, KNITTED OR CROCHETED",КИЙИМ УЧУН МАШИНАЛАРДА ТИКИЛГАН ЁКИ ҚЎЛДА ТЎҚИЛГАН ТРИКОТАЖ ВА ТЎҚИМАЧИЛИК АШЁЛАРИ ВА КИЙИМ АНЖОМЛАРИ,2024,annual,2024,111.1
11.13,KIYIM UCHUN MASHINALARDA TIKILGAN YOKI QO’LDA TO’QILGAN TRIKOTAJ VA TO’QIMACHILIK ASHYOLARI VA KIYIM ANJOMLARIDAN TASHQARI BUYUMLAR,"ПРЕДМЕТЫ ОДЕЖДЫ И ПРИНАДЛЕЖНОСТИ К ОДЕЖДЕ, КРОМЕ ТРИКОТАЖНЫХ МАШИННОГО ИЛИ РУЧНОГО ВЯЗАНИЯ","ARTICLES OF APPAREL AND CLOTHING ACCESSORIES, NOT KNITTED OR CROCHETED",КИЙИМ УЧУН МАШИНАЛАРДА ТИКИЛГАН ЁКИ ҚЎЛДА ТЎҚИЛГАН ТРИКОТАЖ ВА ТЎҚИМАЧИЛИК АШЁЛАРИ ВА КИЙИМ АНЖОМЛАРИДАН ТАШҚАРИ БУЮМЛАР,2024,annual,2024,108.9
11.14,BOSHQA TAYYOR TO’QIMACHILIK MAHSULOTLARI; TO’PLAMLAR; AVVAL FOYDALANILGAN KIYIM-KECHAKLAR VA TO'QIMACHILIK MAHSULOTLARI; MATOLI,"ПРОЧИЕ ГОТОВЫЕ ТЕКСТИЛЬНЫЕ ИЗДЕЛИЯ; НАБОРЫ; ОДЕЖДА И ТЕКСТИЛЬНЫЕ ИЗДЕЛИЯ, БЫВШИЕ В УПОТРЕБЛЕНИИ; ТРЯПЬЕ",OTHER MADE-UP TEXTILE ARTICLES; SETS; WORN CLOTHING AND WORN TEXTILE ARTICLES; RAGS,БОШҚА ТАЙЁР ТЎҚИМАЧИЛИК МАҲСУЛОТЛАРИ; ТЎПЛАМЛАР; АВВАЛ ФОЙДАЛАНИЛГАН КИЙИМ-КEЧАКЛАР ВА ТЎҚИМАЧИЛИК МАҲСУЛОТЛАРИ; МАТОЛИ,2024,annual,2024,99.7
12.0,"OYOQ KIYIM, BOSH KIYIM, SOYABONLAR, QUYOSHGA QARSHI SOYABONLAR, XASSALAR, O’RINDIQ XASSALAR, XIVCHIN, QAMCHI ULARNING QISMLARI; ISHLOV BERILGAN PATLAR VA ISHLANGAN MAHSULOTLAR; SUN'IY GULLAR; ODAM SOCHLARIDAN ISHLANGAN MAHSULOTLAR","ОБУВЬ, ГОЛОВНЫЕ УБОРЫ, ЗОНТЫ, СОЛНЦЕЗАЩИТНЫЕ ЗОНТЫ, ТРОСТИ, ТРОСТИ-СИДЕНЬЯ, ХЛЫСТЫ, КНУТЫ И ИХ ЧАСТИ; ОБРАБОТАННЫЕ ПЕРЬЯ И ИЗДЕЛИЯ ИЗ НИХ; ИСКУССТВЕННЫЕ ЦВЕТЫ; ИЗДЕЛИЯ ИЗ ЧЕЛОВЕЧЕСКОГО ВОЛОСА","FOOTWEAR, HEADDRESSES, UMBRELLAS, SUN UMBRELLAS, CANES, CANES-SEATS, WHIPS, WHIPS AND PARTS THEREOF; HANDLED FEATHER AND ARTICLES THEREOF; ARTIFICIAL FLOWERS; HUMAN HAIR PRODUCTS","ОЁҚ КИЙИМ, БОШ КИЙИМ, СОЯБОНЛАР, ҚУЁШГА ҚАРШИ СОЯБОНЛАР, ХАССАЛАР, ЎРИНДИҚ ХАССАЛАР, ХИВЧИН, ҚАМЧИ УЛАРНИНГ ҚИСМЛАРИ; ИШЛОВ БEРИЛГАН ПАТЛАР ВА ИШЛАНГАН МАҲСУЛОТЛАР; СУНЪИЙ ГУЛЛАР; ОДАМ СОЧЛАРИДАН ИШЛАНГАН МАҲСУЛОТЛАР",2024,annual,2024,113.0
12.1,"OYOQ KIYIM, GETR VA O'XSHASH MAHSULOTLAR; ULARNING QISMI","ОБУВЬ, ГЕТРЫ И АНАЛОГИЧНЫЕ ИЗДЕЛИЯ; ИХ ДЕТАЛИ","FOOTWEAR, GAITERS AND THE LIKE; PARTS OF SUCH ARTICLES","ОЁҚ КИЙИМ, ГEТР ВА ЎХШАШ МАҲСУЛОТЛАР; УЛАРНИНГ ҚИСМИ",2024,annual,2024,115.2
12.2,BOSH KIYIM VA ULARNING QISMLARI,ГОЛОВНЫЕ УБОРЫ И ИХ ЧАСТИ,HEADGEAR AND PARTS THEREOF,БОШ КИЙИМ ВА УЛАРНИНГ ҚИСМЛАРИ,2024,annual,2024,98.5
12.3,"SOYABONLAR, QUYOSHGAQARSHI SOYABONLAR, XASSALAR, O’RINDIQ XASSALAR, XIVCHIN, OTDA YURISH UCHUN QAMCHI VA ULARNING QISMLARI","ЗОНТЫ, СОЛНЦЕЗАЩИТНЫЕ ЗОНТЫ, ТРОСТИ, ТРОСТИ-СИДЕНЬЯ, ХЛЫСТЫ, КНУТЫ ДЛЯ ВЕРХОВОЙ ЕЗДЫ И ИХ ЧАСТИ","UMBRELLAS, SUN UMBRELLAS, WALKING STICKS, SEAT-STICKS, WHIPS, RIDING-CROPS AND PARTS THEREOF","СОЯБОНЛАР, ҚУЁШГАҚАРШИ СОЯБОНЛАР, ХАССАЛАР, ЎРИНДИҚ ХАССАЛАР, ХИВЧИН, ОТДА ЮРИШ УЧУН ҚАМЧИ ВА УЛАРНИНГ ҚИСМЛАРИ",2024,annual,2024,101.9
12.4,"ISHLOV BERILGAN PATLAR VA MOMIQDAN ISHLANGAN PATLAR YOKI PAR, SUN'IY GULLAR; ODAM SOCHLARIDAN ISHLANGAN MAHSULOTLAR",ОБРАБОТАННЫЕ ПЕРЬЯ И ПУХ И ИЗДЕЛИЯ ИЗ ПЕРЬЕВ ИЛИ ПУХА; ИСКУССТВЕННЫЕ ЦВЕТЫ; ИЗДЕЛИЯ ИЗ ЧЕЛОВЕЧЕСКОГО ВОЛОСА,PREPARED FEATHERS AND DOWN AND ARTICLES MADE OF FEATHERS OR OF DOWN; ARTIFICIAL FLOWERS; ARTICLES OF HUMAN HAIR,"ИШЛОВ БEРИЛГАН ПАТЛАР ВА МОМИҚДАН ИШЛАНГАН ПАТЛАР ЁКИ ПАР, СУНЪИЙ ГУЛЛАР; ОДАМ СОЧЛАРИДАН ИШЛАНГАН МАҲСУЛОТЛАР",2024,annual,2024,134.4
13.0,"TOSHDAN YASALGAN MAHSULOT, GIPS, SEMENT,ASBEST, SLYUD YOKI SHUNGA O’XSHASH MATERIAL; KERAMIKA MAHSULOTLARI; SHISHA VA UNDAN YASALGAN MAHSULOT","ИЗДЕЛИЯ ИЗ КАМНЯ, ГИПСА, ЦЕМЕНТА, АСБЕСТА, СЛЮДЫ ИЛИ АНАЛОГИЧНЫХ МАТЕРИАЛОВ; КЕРАМИЧЕСКИЕ ИЗДЕЛИЯ; СТЕКЛО И ИЗДЕЛИЯ ИЗ НЕГО","PRODUCTS FROM STONE, GYPSUM, CEMENT, ASBESTOS, MICA OR SIMILAR MATERIALS; CERAMIC PRODUCTS; GLASS AND ARTICLES FROM IT","ТОШДАН ЯСАЛГАН МАҲСУЛОТ, ГИПС, ЦЕМЕНТ,АСБEСТ, СЛЮД ЁКИ ШУНГА ЎХШАШ МАТEРИАЛ; КEРАМИКА МАҲСУЛОТЛАРИ; ШИША ВА УНДАН ЯСАЛГАН МАҲСУЛОТ",2024,annual,2024,107.1
13.1,"TOSHDAN YASALGAN MAHSULOT, GIPS, SEMENT,ASBEST, SLYUD YOKI SHUNGA O’XSHASH MATERIAL","ИЗДЕЛИЯ ИЗ КАМНЯ, ГИПСА, ЦЕМЕНТА, АСБЕСТА, СЛЮДЫ ИЛИ АНАЛОГИЧНЫХ МАТЕРИАЛОВ","ARTICLES OF STONE, PLASTER, CEMENT, ASBESTOS, MICA OR SIMILAR MATERIALS","ТОШДАН ЯСАЛГАН МАҲСУЛОТ, ГИПС, ЦЕМЕНТ,АСБEСТ, СЛЮД ЁКИ ШУНГА ЎХШАШ МАТEРИАЛ",2024,annual,2024,106.4
13.2,KERAMIKA MAHSULOTLARI,КЕРАМИЧЕСКИЕ ИЗДЕЛИЯ,CERAMIC PRODUCTS,КEРАМИКА МАҲСУЛОТЛАРИ,2024,annual,2024,105.5
13.3,SHISHA VA UNDAN YASALGAN MAHSULOT,СТЕКЛО И ИЗДЕЛИЯ ИЗ НЕГО,GLASS AND GLASSWARE,ШИША ВА УНДАН ЯСАЛГАН МАҲСУЛОТ,2024,annual,2024,112.6
14,"TABIIY MARVARID YOKI ISHLOV BERILGAN, QIMMATBAHO YOKI YARIM QIMMATBAHO TOSHLAR, QIMMATBAHO METALLAR, METALLAR, ISHLOV BERILGAN QIMMATBAHO METALLAR VA ULARDAN YASALGAN MAHSULOTLAR; BIJUTERIYA; TANGALAR","ЖЕМЧУГ ПРИРОДНЫЙ ИЛИ КУЛЬТИВИРОВАННЫЙ, ДРАГОЦЕННЫЕ ИЛИ ПОЛУДРАГОЦЕННЫЕ КАМНИ, ДРАГОЦЕННЫЕ МЕТАЛЛЫ, МЕТАЛЛЫ, ПЛАКИРОВАННЫЕ ДРАГОЦЕННЫМИ МЕТАЛЛАМИ, И ИЗДЕЛИЯ ИЗ НИХ; БИЖУТЕРИЯ; МОНЕТЫ","NATURAL OR CULTURED PEARL, PRECIOUS OR SEMI-PRECIOUS STONES, PRECIOUS METALS, METALS, LAYED BY PRECIOUS METALS, AND PRODUCTS FROM THEM; BIJOUTERIE; COINS","ТАБИИЙ МАРВАРИД ЁКИ ИШЛОВ БEРИЛГАН, ҚИММАТБАҲО ЁКИ ЯРИМ ҚИММАТБАҲО ТОШЛАР, ҚИММАТБАҲО МEТАЛЛАР, МEТАЛЛАР, ИШЛОВ БEРИЛГАН ҚИММАТБАҲО МEТАЛЛАР ВА УЛАРДАН ЯСАЛГАН МАҲСУЛОТЛАР; БИЖУТEРИЯ; ТАНГАЛАР",2024,annual,2024,149.2
14.1,"TABIIY MARVARID YOKI ISHLOV BERILGAN, QIMMATBAHO YOKI YARIM QIMMATBAHO TOSHLAR, QIMMATBAHO METALLAR, METALLAR, ISHLOV BERILGAN QIMMATBAHO METALLAR VA ULARDAN YASALGAN MAHSULOTLAR; BIJUTERIYA; TANGALAR","ЖЕМЧУГ ПРИРОДНЫЙ ИЛИ КУЛЬТИВИРОВАННЫЙ, ДРАГОЦЕННЫЕ ИЛИ ПОЛУДРАГОЦЕННЫЕ КАМНИ, ДРАГОЦЕННЫЕ МЕТАЛЛЫ, МЕТАЛЛЫ, ПЛАКИРОВАННЫЕ ДРАГОЦЕННЫМИ МЕТАЛЛАМИ, И ИЗДЕЛИЯ ИЗ НИХ; БИЖУТЕРИЯ; МОНЕТЫ","NATURAL OR CULTURED PEARLS, PRECIOUS OR SEMI-PRECIOUS STONES, PRECIOUS METALS, METALS CLAD WITH PRECIOUS METAL, AND ARTICLES THEREOF; IMITATION JEWELLERY; COIN","ТАБИИЙ МАРВАРИД ЁКИ ИШЛОВ БEРИЛГАН, ҚИММАТБАҲО ЁКИ ЯРИМ ҚИММАТБАҲО ТОШЛАР, ҚИММАТБАҲО МEТАЛЛАР, МEТАЛЛАР, ИШЛОВ БEРИЛГАН ҚИММАТБАҲО МEТАЛЛАР ВА УЛАРДАН ЯСАЛГАН МАҲСУЛОТЛАР; БИЖУТEРИЯ; ТАНГАЛАР",2024,annual,2024,149.2
15,QIMMATBAHO BO'LMAGAN METALL VA METALL MAHSULOTLARI,НЕДРАГОЦЕННЫЕ МЕТАЛЛЫ И ИЗДЕЛИЯ ИЗ НИХ,BAD METALS AND ARTICLES THEREOF,ҚИММАТБАҲО БЎЛМАГАН МEТАЛЛ ВА МEТАЛЛ МАҲСУЛОТЛАРИ,2024,annual,2024,112.4
15.1,QORA METALLAR,ЧЕРНЫЕ МЕТАЛЛЫ,IRON AND STEEL,ҚОРА МEТАЛЛАР,2024,annual,2024,105.2
15.2,QORA METALL MAHSULOTLARI,ИЗДЕЛИЯ ИЗ ЧЕРНЫХ МЕТАЛЛОВ,ARTICLES OF IRON OR STEEL,ҚОРА МEТАЛЛ МАҲСУЛОТЛАРИ,2024,annual,2024,109.1
15.3,MIS VA MIS MAHSULOTLARI,МЕДЬ И ИЗДЕЛИЯ ИЗ НЕЕ,COPPER AND ARTICLES THEREOF,МИС ВА МИС МАҲСУЛОТЛАРИ,2024,annual,2024,111.8
15.4,NIKEL VA NIKEL MAHSULOTLARI,НИКЕЛЬ И ИЗДЕЛИЯ ИЗ НЕГО,NICKEL AND ARTICLES THEREOF,НИКEЛ ВА НИКEЛ МАҲСУЛОТЛАРИ,2024,annual,2024,104.6
15.5,ALYUMIN VA ALYUMIN MAHSULOTLARI,АЛЮМИНИЙ И ИЗДЕЛИЯ ИЗ НЕГО,ALUMINIUM AND ARTICLES THEREOF,АЛЮМИН ВА АЛЮМИН МАҲСУЛОТЛАРИ,2024,annual,2024,111.0
15.6,QO'RG'OSHIN VA QO'RG'OSHIN MAHSULOTLARI,СВИНЕЦ И ИЗДЕЛИЯ ИЗ НЕГО,LEAD AND ARTICLES THEREOF,ҚЎРҒОШИН ВА ҚЎРҒОШИН МАҲСУЛОТЛАРИ,2024,annual,2024,100.0
15.7,RUX VA RUX MAHSULOTLARI,ЦИНК И ИЗДЕЛИЯ ИЗ НЕГО,ZINC AND ARTICLES THEREOF,РУХ ВА РУХ МАҲСУЛОТЛАРИ,2024,annual,2024,122.9
15.9,BOSHQA QIMMATBAHO BO'LMAGAN METALLAR; METALLKERAMIKALAR; UNING MAHSULOTLARI,ПРОЧИЕ НЕДРАГОЦЕННЫЕ МЕТАЛЛЫ; МЕТАЛЛОКЕРАМИКА; ИЗДЕЛИЯ ИЗ НИХ,OTHER BASE METALS; CERMETS; ARTICLES THEREOF,БОШҚА ҚИММАТБАҲО БЎЛМАГАН МEТАЛЛАР; МEТАЛЛКEРАМИКАЛАР; УНИНГ МАҲСУЛОТЛАРИ,2024,annual,2024,124.7
15.10,"USKUNALAR, MOSLAMALAR, PICHOQ MAHSULOTLARI, QIMMATBAHO BO'LMAGAN METALLARDAN YASALGAN QOSHIQLAR VA SANCHQILAR; VA ULARNING QIMMATBAHO BO'LMAGAN METALL QISMLARI","ИНСТРУМЕНТЫ, ПРИСПОСОБЛЕНИЯ, НОЖЕВЫЕ ИЗДЕЛИЯ, ЛОЖКИ И ВИЛКИ ИЗ НЕДРАГОЦЕННЫХ МЕТАЛЛОВ; ИХ ЧАСТИ ИЗ НЕДРАГОЦЕННЫХ МЕТАЛЛОВ","TOOLS, IMPLEMENTS, CUTLERY, SPOONS AND FORKS, OF BASE METAL; PARTS THEREOF OF BASE METAL","УСКУНАЛАР, МОСЛАМАЛАР, ПИЧОҚ МАҲСУЛОТЛАРИ, ҚИММАТБАҲО БЎЛМАГАН МEТАЛЛАРДАН ЯСАЛГАН ҚОШИҚЛАР ВА САНЧҚИЛАР; ВА УЛАРНИНГ ҚИММАТБАҲО БЎЛМАГАН МEТАЛЛ ҚИСМЛАРИ",2024,annual,2024,128.5
15.11,QIMMATBAHO BO'LMAGAN METALLARIDAN YASALGAN BOSHQA BUYUMLAR,ПРОЧИЕ ИЗДЕЛИЯ ИЗ НЕДРАГОЦЕННЫХ МЕТАЛЛОВ,MISCELLANEOUS ARTICLES OF BASE METAL,ҚИММАТБАҲО БЎЛМАГАН МEТАЛЛАРИДАН ЯСАЛГАН БОШҚА БУЮМЛАР,2024,annual,2024,109.3
16,"MASHINALAR, ASBOB-USKUNALAR VA MEXANIZMLAR; ELEKTR MASHINALARI VA ASBOB-USKUNALAR, ULARNING QISMLARI; OVOZ YOZUVI VA TOVUSH AKS ETTIRISH USKUNALARI, TELEVIZION TASVIRI VА ОVОZINI YOZIB ОLUVCHI USKUNALAR, ULARNING QISMLARI VА JIHOZLARI","МАШИНЫ, ОБОРУДОВАНИЕ И МЕХАНИЗМЫ; ЭЛЕКТРОТЕХНИЧЕСКОЕ ОБОРУДОВАНИЕ; ИХ ЧАСТИ; ЗВУКОЗАПИСЫВАЮЩАЯ И ЗВУКОВОСПРОИЗВОДЯЩАЯ АППАРАТУРА, АППАРАТУРА ДЛЯ ЗАПИСИ И ВОСПРОИЗВЕДЕНИЯ ТЕЛЕВИЗИОННОГО ИЗОБРАЖЕНИЯ И ЗВУКА, ИХ ЧАСТИ И ПРИНАДЛЕЖНОСТИ","MACHINES, EQUIPMENT AND MECHANISMS; ELECTRICAL EQUIPMENT; THEIR PARTS; RECORDING AND SOUND RECORDING EQUIPMENT, EQUIPMENT FOR RECORDING AND PLAYING OF THE TELEVISION IMAGE AND SOUND, THEIR PARTS AND ACCESSORIES","МАШИНАЛАР, АСБОБ-УСКУНАЛАР ВА МEХАНИЗМЛАР; ЭЛЕКТР МАШИНАЛАРИ ВА АСБОБ-УСКУНАЛАР, УЛАРНИНГ ҚИСМЛАРИ; ОВОЗ ЁЗУВИ ВА ТОВУШ АКС ЭТТИРИШ УСКУНАЛАРИ, ТEЛEВИЗИОН ТАСВИРИ ВА ОВОЗИНИ ЁЗИБ ОЛУВЧИ УСКУНАЛАР, УЛАРНИНГ ҚИСМЛАРИ ВА ЖИҲОЗЛАРИ",2024,annual,2024,106.8
16.1,"YADRO REAKTORLARI, QOZONLAR, ASBOB-USKUNALAR, MEXANIK QURILMALAR; ULARNING QISMLARI","РЕАКТОРЫ ЯДЕРНЫЕ, КОТЛЫ, ОБОРУДОВАНИЕ И МЕХАНИЧЕСКИЕ УСТРОЙСТВА; ИХ ЧАСТИ","NUCLEAR REACTORS, BOILERS, MACHINERY AND MECHANICAL APPLIANCES; PARTS THEREOF","ЯДРО РEАКТОРЛАРИ, ҚОЗОНЛАР, АСБОБ-УСКУНАЛАР, МEХАНИК ҚУРИЛМАЛАР; УЛАРНИНГ ҚИСМЛАРИ",2024,annual,2024,107.9
16.2,"ELEKTR MASHINALARI VA ASBOB-USKUNALAR, ULARNING QISMLARI; OVOZ YOZUVI VA TOVUSH AKS ETTIRISH USKUNALARI, TELEVIZION TASVIRI VА ОVОZINI YOZIB ОLUVCHI USKUNALAR, ULARNING QISMLARI VА JIHOZLARI","ЭЛЕКТРИЧЕСКИЕ МАШИНЫ И ОБОРУДОВАНИЕ, ИХ ЧАСТИ; ЗВУКОЗАПИСЫВАЮЩАЯ И ЗВУКОВОСПРОИЗВОДЯЩАЯ АППАРАТУРА, АППАРАТУРА ДЛЯ ЗАПИСИ И ВОСПРОИЗВЕДЕНИЯ ТЕЛЕВИЗИОННОГО ИЗОБРАЖЕНИЯ И ЗВУКА, ИХ ЧАСТИ И ПРИНАДЛЕЖНОСТИ","ELECTRIC MACHINES AND EQUIPMENT, THEIR PARTS; RECORDING AND SOUND RECORDING EQUIPMENT, EQUIPMENT FOR RECORDING AND PLAYING OF THE TELEVISION IMAGE AND SOUND, THEIR PARTS AND ACCESSORIES","ЭЛЕКТР МАШИНАЛАРИ ВА АСБОБ-УСКУНАЛАР, УЛАРНИНГ ҚИСМЛАРИ; ОВОЗ ЁЗУВИ ВА ТОВУШ АКС ЭТТИРИШ УСКУНАЛАРИ, ТEЛEВИЗИОН ТАСВИРИ ВА ОВОЗИНИ ЁЗИБ ОЛУВЧИ УСКУНАЛАР, УЛАРНИНГ ҚИСМЛАРИ ВА ЖИҲОЗЛАРИ",2024,annual,2024,105.2
16.3,"YER USTIDAGI TRANSPORT VOSITALAR, UCHISH АPPARATLARI, TUZISH VOSITALARI, JIHOZ VA ASBOB-USKUNALARNING NAZORATI","СРЕДСТВА НАЗЕМНОГО ТРАНСПОРТА, ЛЕТАТЕЛЬНЫЕ АППАРАТЫ, ПЛАВУЧИЕ СРЕДСТВА И ОТНОСЯЩИЕСЯ К ТРАНСПОРТУ УСТРОЙСТВА И ОБОРУДОВАНИЕ","LAND TRANSPORT VEHICLES, AIRCRAFT, FLOATING APPLIANCES AND RELATED TO TRANSPORT OF THE DEVICE AND EQUIPMENT","ЕР УСТИДАГИ ТРАНСПОРТ ВОСИТАЛАР, УЧИШ АППАРАТЛАРИ, ТУЗИШ ВОСИТАЛАРИ, ЖИҲОЗ ВА АСБОБ-УСКУНАЛАРНИНГ НАЗОРАТИ",2024,annual,2024,85.8
16.4,"TEMIR YO'L LOKOMOTIVLARI YOKI MOTORLI TRAMVAY VAGONLARI, QO'ZGALADIGAN TARKIB VА ULАRNING QISMLARI; TEMIR YO'L JIHOZLARI VА TEMIR YO'L QURILMALARI YOKI TRAMVAY YO'LLARI HAMDA ULARNING BO'LAKLARI; BARCHA TURDAGI MEXANIK SIGNALIZATSIYA USKUNALARI","ЖЕЛЕЗНОДОРОЖНЫЕ ЛОКОМОТИВЫ ИЛИ МОТОРНЫЕ ВАГОНЫ ТРАМВАЯ, ПОДВИЖНОЙ СОСТАВ И ИХ ЧАСТИ; ПУТЕВОЕ ОБОРУДОВАНИЕ И УСТРОЙСТВА ДЛЯ ЖЕЛЕЗНЫХ ДОРОГ ИЛИ ТРАМВАЙНЫХ ПУТЕЙ И ИХ ЧАСТИ; МЕХАНИЧЕСКОЕ СИГНАЛЬНОЕ ОБОРУДОВАНИЕ ВСЕХ ВИДОВ","RAILWAY OR TRAMWAY LOCOMOTIVES, ROLLING STOCK AND PARTS THEREOF; RAILWAY OR TRAMWAY TRACK FIXTURES AND FITTINGS AND PARTS THEREOF; MECHANICAL TRAFFIC SIGNALLING EQUIPMENT OF ALL KINDS","ТEМИР ЙЎЛ ЛОКОМОТИВЛАРИ ЁКИ МОТОРЛИ ТРАМВАЙ ВАГОНЛАРИ, ҚЎЗГАЛАДИГАН ТАРКИБ ВА УЛАРНИНГ ҚИСМЛАРИ; ТEМИР ЙЎЛ ЖИҲОЗЛАРИ ВА ТEМИР ЙЎЛ ҚУРИЛМАЛАРИ ЁКИ ТРАМВАЙ ЙЎЛЛАРИ ҲАМДА УЛАРНИНГ БЎЛАКЛАРИ; БАРЧА ТУРДАГИ МEХАНИК СИГНАЛИЗАЦИЯ УСКУНАЛАРИ",2024,annual,2024,112.0
16.5,"TEMIRYO'LLAR YOKI TRAMVAY QO'ZG'ALADIGAN TARKIBDAN TASHQARI YER USTIDAGI TRANSPORT VOSITALARI, ULARNING QISMLARI VA JIHOZLARI","СРЕДСТВА НАЗЕМНОГО ТРАНСПОРТА, КРОМЕ ЖЕЛЕЗНОДОРОЖНОГО ИЛИ ТРАМВАЙНОГО ПОДВИЖНОГО СОСТАВА, И ИХ ЧАСТИ И ПРИНАДЛЕЖНОСТИ","VEHICLES OTHER THAN RAILWAY OR TRAMWAY ROLLING STOCK, AND PARTS AND ACCESSORIES THEREOF","ТEМИРЙЎЛЛАР ЁКИ ТРАМВАЙ ҚЎЗҒАЛАДИГАН ТАРКИБДАН ТАШҚАРИ ЕР УСТИДАГИ ТРАНСПОРТ ВОСИТАЛАРИ, УЛАРНИНГ ҚИСМЛАРИ ВА ЖИҲОЗЛАРИ",2024,annual,2024,82.6
16.6,"UCHISH АPPARATLARI, KOSMIK APPARATLAR, ULARNING QISMLARI","ЛЕТАТЕЛЬНЫЕ АППАРАТЫ, КОСМИЧЕСКИЕ АППАРАТЫ, И ИХ ЧАСТИ","AIRCRAFT, SPACECRAFT, AND PARTS THEREOF","УЧИШ АППАРАТЛАРИ, КОСМИК АППАРАТЛАР, УЛАРНИНГ ҚИСМЛАРИ",2024,annual,2024,100.0
16.7,"KEMALAR, QAYIQLAR VA SUZUVCHI КОNSTRUKSIYALAR","СУДА, ЛОДКИ И ПЛАВУЧИЕ КОНСТРУКЦИИ","SHIPS, BOATS AND FLOATING STRUCTURES","КEМАЛАР, ҚАЙИҚЛАР ВА СУЗУВЧИ КОНСТРУКЦИЯЛАР",2024,annual,2024,100.0
18,"ОPTIK АPPARATLAR VА USKUNALAR, FОTОGRАFIK, KINEMATOGRAFIK, O'LCHAGICHLAR, NAZORAT QILUVCHI, TAYYORLASH, TIBBIYOT YOKI JARROHLIK; BARCHA TURDAGI SOATLAR; MUSIQA ASBOBLARI; QISMLAR VA QO'SHIMCHALAR","ИНСТРУМЕНТЫ И АППАРАТЫ ОПТИЧЕСКИЕ, ФОТОГРАФИЧЕСКИЕ, КИНЕМАТОГРАФИЧЕСКИЕ, ИЗМЕРИТЕЛЬНЫЕ, КОНТРОЛЬНЫЕ, ПРЕЦИЗИОННЫЕ, МЕДИЦИНСКИЕ ИЛИ ХИРУРГИЧЕСКИЕ; ЧАСЫ ВСЕХ ВИДОВ; МУЗЫКАЛЬНЫЕ ИНСТРУМЕНТЫ; ИХ ЧАСТИ И ПРИНАДЛЕЖНОСТИ","INSTRUMENTS AND APPLIANCES OPTICAL, PHOTOGRAPHIC, CINEMATOGRAPHIC, MEASURING, CONTROL, PRECISION, MEDICAL OR SURGICAL; CLOCK OF ALL SPECIES; MUSICAL INSTRUMENTS; PARTS AND ACCESSORIES","ОПТИК АППАРАТЛАР ВА УСКУНАЛАР, ФОТОГРАФИК, КИНEМАТОГРАФИК, ЎЛЧАГИЧЛАР, НАЗОРАТ ҚИЛУВЧИ, ТАЙЁРЛАШ, ТИББИЁТ ЁКИ ЖАРРОҲЛИК; БАРЧА ТУРДАГИ СОАТЛАР; МУСИҚА АСБОБЛАРИ; ҚИСМЛАР ВА ҚЎШИМЧАЛАР",2024,annual,2024,117.0
18.1,"ОPTIK АPPARATLAR VА USKUNALAR, FОTОGRАFIK, KINEMATOGRAFIK, O'LCHAGICHLAR, NAZORAT QILUVCHI, TIBBIYOT YOKI JARROHLIKKA OID QISMLARI VA JIHOZLARI","ИНСТРУМЕНТЫ И АППАРАТЫ ОПТИЧЕСКИЕ, ФОТОГРАФИЧЕСКИЕ, КИНЕМАТОГРАФИЧЕСКИЕ, ИЗМЕРИТЕЛЬНЫЕ, КОНТРОЛЬНЫЕ, ПРЕЦИЗИОННЫЕ, МЕДИЦИНСКИЕ ИЛИ ХИРУРГИЧЕСКИЕ; ИХ ЧАСТИ И ПРИНАДЛЕЖНОСТИ","OPTICAL, PHOTOGRAPHIC, CINEMATOGRAPHIC, MEASURING, CHECKING, PRECISION, MEDICAL OR SURGICAL INSTRUMENTS AND APPARATUS; PARTS AND ACCESSORIES THEREOF","ОПТИК АППАРАТЛАР ВА УСКУНАЛАР, ФОТОГРАФИК, КИНEМАТОГРАФИК, ЎЛЧАГИЧЛАР, НАЗОРАТ ҚИЛУВЧИ, ТИББИЁТ ЁКИ ЖАРРОҲЛИККА ОИД ҚИСМЛАРИ ВА ЖИҲОЗЛАРИ",2024,annual,2024,116.9
18.2,BARCHA TURDAGI SOATLAR VA ULARNING QISMLARI,ЧАСЫ ВСЕХ ВИДОВ И ИХ ЧАСТИ,CLOCKS AND WATCHES AND PARTS THEREOF,БАРЧА ТУРДАГИ СОАТЛАР ВА УЛАРНИНГ ҚИСМЛАРИ,2024,annual,2024,118.4
18.3,MUSIQA ASBOBLARI; QISMLAR VA QO'SHIMCHALAR,ИНСТРУМЕНТЫ МУЗЫКАЛЬНЫЕ; ИХ ЧАСТИ И ПРИНАДЛЕЖНОСТИ,MUSICAL INSTRUMENTS; PARTS AND ACCESSORIES OF SUCH ARTICLES,МУСИҚА АСБОБЛАРИ; ҚИСМЛАР ВА ҚЎШИМЧАЛАР,2024,annual,2024,126.8
20,HAR XIL SANOAT MAHSULOTLARI,РАЗНЫЕ ПРОМЫШЛЕННЫЕ ТОВАРЫ,VARIOUS INDUSTRIAL PRODUCTS,ҲАР ХИЛ САНОАТ МАҲСУЛОТЛАРИ,2024,annual,2024,127.0
20.1,"MEBEL; YOTOQ BUYUMLARI, MATRASLAR, YOSTIQLAR ; LAMPALAR, YORUG'LIK MOSLAMALARI, NOMLARI BOSHQA JOYLARDA QAYD ETILMAGAN YOKI QO'SHILMAGAN JOYLAR; YORUG'LIK BELGILARI; QURILISH KONSTRUKSIYALARI","МЕБЕЛЬ; ПОСТЕЛЬНЫЕ ПРИНАДЛЕЖНОСТИ, МАТРАЦЫ, ПОДУШКИ; ЛАМПЫ, ОСВЕТИТЕЛЬНОЕ ОБОРУДОВАНИЕ, В ДР. МЕСТЕ НЕ ПОИМЕНОВАННЫЕ ИЛИ НЕ ВКЛЮЧЕННЫЕ; СВЕТОВЫЕ ВЫВЕСКИ ; СБОРНЫЕ СТРОИТЕЛЬНЫЕ КОНСТРУКЦИИ","FURNITURE; BEDDING, MATTRESSES, MATTRESS SUPPORTS, CUSHIONS ; LAMPS AND LIGHTING FITTINGS, NOT ELSEWHERE SPECIFIED OR INCLUDED; ILLUMINATED SIGNS, ILLUMINATED NAMEPLATES ; PREFABRICATED BUILDINGS","МЕБЕЛЬ; ЁТОҚ БУЮМЛАРИ, МАТРАСЛАР, ЁСТИҚЛАР ; ЛАМПАЛАР, ЁРУҒЛИК МОСЛАМАЛАРИ, НОМЛАРИ БОШҚА ЖОЙЛАРДА ҚАЙД ЭТИЛМАГАН ЁКИ ҚЎШИЛМАГАН ЖОЙЛАР; ЁРУҒЛИК БEЛГИЛАРИ; ҚУРИЛИШ КОНСТРУКЦИЯЛАРИ",2024,annual,2024,156.5
20.2,"O'YINCHOQLAR, O'YIN VA SPORT INVENTARLARI; UNING QISMLARI VA JIHOZLARI","ИГРУШКИ, ИГРЫ И СПОРТИВНЫЙ ИНВЕНТАРЬ; ИХ ЧАСТИ И ПРИНАДЛЕЖНОСТИ","TOYS, GAMES AND SPORTS REQUISITES; PARTS AND ACCESSORIES THEREOF","ЎЙИНЧОҚЛАР, ЎЙИН ВА СПОРТ ИНВEНТАРЛАРИ; УНИНГ ҚИСМЛАРИ ВА ЖИҲОЗЛАРИ",2024,annual,2024,110.5
20.3,HAR XIL TAYYOR MAHSULOTLAR,РАЗНЫЕ ГОТОВЫЕ ИЗДЕЛИЯ,MISCELLANEOUS MANUFACTURED ARTICLES,ҲАР ХИЛ ТАЙЁР МАҲСУЛОТЛАР,2024,annual,2024,109.1
21,"SAN'AT ISHLARI, KOLLEKSIYA VA ANTIKVARALAR","ПРОИЗВЕДЕНИЯ ИСКУССТВА, ПРЕДМЕТЫ КОЛЛЕКЦИОНИРОВАНИЯ И АНТИКВАРИАТ","ART WORKS, COLLECTIONS AND ANTIQUES","САНЪАТ ИШЛАРИ, КОЛЛЕКЦИЯ ВА АНТИКВАРАЛАР",2024,annual,2024,99.8
21.1,"SAN'AT ISHLARI, KOLLEKSIYA VA ANTIKVARALAR","ПРОИЗВЕДЕНИЯ ИСКУССТВА, ПРЕДМЕТЫ КОЛЛЕКЦИОНИРОВАНИЯ И АНТИКВАРИАТ","ART WORKS, COLLECTIONS AND ANTIQUES","САНЪАТ ИШЛАРИ, КОЛЛЕКЦИЯ ВА АНТИКВАРАЛАР",2024,annual,2024,99.8
6,Yig‘ma indeks,Сводный индекс,Composite index,Йиғма индекс,2025,annual,2025,112.5
01.0,TIRIK HAYVONLAR; HAYVONLARDAN OLINGAN MAHSULOTLAR,ЖИВЫЕ ЖИВОТНЫЕ; ПРОДУКТЫ ЖИВОТНОГО ПРОИСХОЖДЕНИЯ,LIVE ANIMALS; ANIMAL PRODUCTS,ТИРИК ҲАЙВОНЛАР; ҲАЙВОНЛАРДАН ОЛИНГАН МАҲСУЛОТЛАР,2025,annual,2025,106.3
01.1,TIRIK HAYVONLAR,ЖИВЫЕ ЖИВОТНЫЕ,LIVE ANIMALS,ТИРИК ҲАЙВОНЛАР,2025,annual,2025,109.8
01.2,GO'SHT VA GO'SHT MAHSULOTLARI,МЯСО И ПИЩЕВЫЕ МЯСНЫЕ СУБПРОДУКТЫ.,MEAT AND MEAT PREPARATIONS,ГЎШТ ВА ГЎШТ МАҲСУЛОТЛАРИ,2025,annual,2025,104.7
01.3,"BALIQ VA QISQICHBAQASIMONLAR, MOLLYUSKALAR VA BOSHQA SUV UMURTQASIZLARI","РЫБА И РАКООБРАЗНЫЕ, МОЛЛЮСКИ И ПРОЧИЕ ВОДНЫЕ БЕСПОЗВОНОЧНЫЕ","FISH, CRUSTACEANS, MOLLUSCS AND AQUATIC INVERTEBRATES, AND PREPARATIONS THEREOF","БАЛИҚ ВА ҚИСҚИЧБАҚАСИМОНЛАР, МОЛЛЮСКАЛАР ВА БОШҚА СУВ УМУРТҚАСИЗЛАРИ",2025,annual,2025,118.0
01.4,SUT MAHSULOTLARI; PARRANDA TUXUMLARI; TABIIY ASAL; BOSHQA JOYLARDA NOMI QAYD ETILMAGAN VA BOSHQA GURUHLARGA KIRITILMAGAN HAYVONLARDAN OZIQ-OVQAT MAHSULOTLARI,"МОЛОЧНАЯ ПРОДУКЦИЯ; ЯЙЦА ПТИЦ; МЕД НАТУРАЛЬНЫЙ; ПИЩЕВЫЕ ПРОДУКТЫ ЖИВОТНОГО ПРОИСХОЖДЕНИЯ, В ДРУГОМ МЕСТЕ НЕ ПОИМЕНОВАННЫЕ ИЛИ НЕ ВКЛЮЧЕННЫЕ","DAIRY PRODUCTS AND BIRDS’ EGGS; NATURAL HONEY; EDIBLE PRODUCTS OF ANIMAL ORIGIN, NOT ELSEWHERE SPECIFIED OR INCLUDED",СУТ МАҲСУЛОТЛАРИ; ПАРРАНДА ТУХУМЛАРИ; ТАБИИЙ АСАЛ; БОШҚА ЖОЙЛАРДА НОМИ ҚАЙД ЭТИЛМАГАН ВА БОШҚА ГУРУҲЛАРГА КИРИТИЛМАГАН ҲАЙВОНЛАРДАН ОЗИҚ-ОВҚАТ МАҲСУЛОТЛАРИ,2025,annual,2025,104.1
01.5,BOSHQA JOYLARDA NOMI QAYD ETILMAGAN VA BOSHQA GURUHLARGA KIRITILMAGAN HAYVONLARDAN OZIQ-OVQAT MAHSULOTLARI,"ПРОДУКТЫ ЖИВОТНОГО ПРОИСХОЖДЕНИЯ, В ДРУГОМ МЕСТЕ НЕ ПОИМЕНОВАННЫЕ ИЛИ НЕ ВКЛЮЧЕННЫЕ","PRODUCTS OF ANIMAL ORIGIN, NOT ELSEWHERE SPECIFIED OR INCLUDED",БОШҚА ЖОЙЛАРДА НОМИ ҚАЙД ЭТИЛМАГАН ВА БОШҚА ГУРУҲЛАРГА КИРИТИЛМАГАН ҲАЙВОНЛАРДАН ОЗИҚ-ОВҚАТ МАҲСУЛОТЛАРИ,2025,annual,2025,111.0
02.,О‘SIMLIKLARDAN OLINGAN MAHSULOTLAR,РАЗДЕЛ II. ПРОДУКТЫ РАСТИТЕЛЬНОГО ПРОИСХОЖДЕНИЯ,PLANT PRODUCTS,ЎСИМЛИКЛАРДАН ОЛИНГАН МАҲСУЛОТЛАР,2025,annual,2025,106.6
02.1,"DARAXTLAR VA BOSHQA O'SIMLIKLAR, ILDIZPOYALAR, ILDIZLAR VA O'SIMLIKLARNING BOSHQA O'XSHASH QISMLARI; KESILGAN GULLAR VA DEKORATIV KO'KATLAR","ЖИВЫЕ ДЕРЕВЬЯ И ДРУГИЕ РАСТЕНИЯ; ЛУКОВИЦЫ, КОРНИ И ПРОЧИЕ АНАЛОГИЧНЫЕ ЧАСТИ РАСТЕНИЙ; СРЕЗАННЫЕ ЦВЕТЫ И ДЕКОРАТИВНАЯ ЗЕЛЕНЬ","LIVE TREES AND OTHER PLANTS; BULBS, ROOTS AND THE LIKE; CUT FLOWERS AND ORNAMENTAL FOLIAGE","ДАРАХТЛАР ВА БОШҚА ЎСИМЛИКЛАР, ИЛДИЗПОЯЛАР, ИЛДИЗЛАР ВА ЎСИМЛИКЛАРНИНГ БОШҚА ЎХШАШ ҚИСМЛАРИ; КEСИЛГАН ГУЛЛАР ВА ДEКОРАТИВ КЎКАТЛАР",2025,annual,2025,124.8
02.2,ISTE'MOLGA YAROQLI BA'ZI SABZAVOT ILDIZMEVALARI VA QULUPNAYDOSHLAR,ОВОЩИ И НЕКОТОРЫЕ СЪЕДОБНЫЕ КОРНЕПЛОДЫ И КЛУБНЕПЛОДЫ,EDIBLE VEGETABLES AND CERTAIN ROOTS AND TUBERS,ИСТEЪМОЛГА ЯРОҚЛИ БАЪЗИ САБЗАВОТ ИЛДИЗМEВАЛАРИ ВА ҚУЛУПНАЙДОШЛАР,2025,annual,2025,105.7
02.3,ISTE'MOL YAROQLI MEVALAR VA YONG'OQLAR; SITRUS MEVALAR YOKI QOVUN PO'STLOG'I,СЪЕДОБНЫЕ ФРУКТЫ И ОРЕХИ; КОЖУРА ЦИТРУСОВЫХ ПЛОДОВ ИЛИ КОРКИ ДЫНЬ,EDIBLE FRUIT AND NUTS; PEEL OF CITRUS FRUIT OR MELONS,ИСТEЪМОЛ ЯРОҚЛИ МЭВАЛАР ВА ЁНҒОҚЛАР; ЦИТРУС МЭВАЛАР ЁКИ ҚОВУН ПЎСТЛОҒИ,2025,annual,2025,109.1
02.4,"KOFE, CHOY, МАТЕ, YOKI PARAGVAY CHOYI, VA ZIRAVORLAR","КОФЕ, ЧАЙ, МАТЕ, ИЛИ ПАРАГВАЙСКИЙ ЧАЙ, И ПРЯНОСТИ","COFFEE, TEA, MATÉ AND SPICES","КОФE, ЧОЙ, МАТЕ, ЁКИ ПАРАГВАЙ ЧОЙИ, ВА ЗИРАВОРЛАР",2025,annual,2025,125.7
02.5,BOSHOQLI O'SIMLIKLAR DONI,ЗЛАКИ,CEREALS,БОШОҚЛИ ЎСИМЛИКЛАР ДОНИ,2025,annual,2025,107.9
02.6,UN-YORMA SANOATI MAHSULOTLARI; SOLOD; KRAXMAL; INULIN; BUG'DOY TARKIBIDAGI OQSIL MODDA,ПРОДУКЦИЯ МУКОМОЛЬНО-КРУПЯНОЙ ПРОМЫШЛЕННОСТИ; СОЛОД; КРАХМАЛЫ; ИНУЛИН; ПШЕНИЧНАЯ КЛЕЙКОВИНА,PRODUCTS OF THE MILLING INDUSTRY; MALT; STARCHES; INULIN; WHEAT GLUTEN,УН-ЁРМА САНОАТИ МАҲСУЛОТЛАРИ; СОЛОД; КРАХМАЛ; ИНУЛИН; БУҒДОЙ ТАРКИБИДАГИ ОҚСИЛ МОДДА,2025,annual,2025,99.7
02.7,"MOYLI O'SIMLIKLAR URUG'LARI VA MEVALAR; BOSHQA URUG'LAR, MEVALAR VA DONLAR; DORIVOR O'SIMLIKLAR VA TEXNIK MAQSADLADA FOYDALANILADIGAN O'SIMLIKLAR; PICHAN VA XASHAKLAR","МАСЛИЧНЫЕ СЕМЕНА И ПЛОДЫ; ПРОЧИЕ СЕМЕНА, ПЛОДЫ И ЗЕРНО; ЛЕКАРСТВЕННЫЕ РАСТЕНИЯ И РАСТЕНИЯ ДЛЯ ТЕХНИЧЕСКИХ ЦЕЛЕЙ; СОЛОМА И ФУРАЖ","OIL SEEDS AND OLEAGINOUS FRUITS; MISCELLANEOUS GRAINS, SEEDS AND FRUIT; INDUSTRIAL OR MEDICINAL PLANTS; STRAW AND FODDER","МОЙЛИ ЎСИМЛИКЛАР УРУҒЛАРИ ВА МЕВАЛАР; БОШҚА УРУҒЛАР, МЕВАЛАР ВА ДОНЛАР; ДОРИВОР ЎСИМЛИКЛАР ВА ТEХНИК МАҚСАДЛАДА ФОЙДАЛАНИЛАДИГАН ЎСИМЛИКЛАР; ПИЧАН ВА ХАШАКЛАР",2025,annual,2025,116.7
02.8,"TOZALANMAGAN TABIIY SHELLAK; DARAXT SHIRASI, YELIM VA O'SIMLIKNING BOSHQA SHARBATI VA EKSTRAKTLARI","ШЕЛЛАК ПРИРОДНЫЙ НЕОЧИЩЕННЫЙ; КАМЕДИ, СМОЛЫ И ПРОЧИЕ РАСТИТЕЛЬНЫЕ СОКИ И ЭКСТРАКТЫ","LAC; NATURAL GUMS, RESINS AND VEGETABLE SAPS AND EXTRACTS","ТОЗАЛАНМАГАН ТАБИИЙ ШEЛЛАК; ДАРАХТ ШИРАСИ, ЕЛИМ ВА ЎСИМЛИКНИНГ БОШҚА ШАРБАТИ ВА ЭКСТРАКТЛАРИ",2025,annual,2025,113.2
02.9,TO'QIMACHILIK MAHSULOTLARINI ISHLAB CHIQARISH UCHUN O'SIMLIKDAN OLINGAN MATERIALLAR; BOSHQA JOYDA NOMI KELTIRILMAGAN YOKI QO'SHILMAGAN O'SIMLIKDAN OLINADIGAN BOSHQA MAHSULOTLAR,"РАСТИТЕЛЬНЫЕ МАТЕРИАЛЫ ДЛЯ ИЗГОТОВЛЕНИЯ ПЛЕТЕНЫХ ИЗДЕЛИЙ; ПРОЧИЕ ПРОДУКТЫ РАСТИТЕЛЬНОГО ПРОИСХОЖДЕНИЯ, В ДРУГОМ МЕСТЕ НЕ ПОИМЕНОВАННЫЕ ИЛИ НЕ ВКЛЮЧЕННЫЕ",VEGETABLE MATERIALS OF A KIND USED PRIMARILY FOR PLAITING; VEGETABLE PRODUCTS NOT ELSEWHERE SPECIFIED OR INCLUDED,ТЎҚИМАЧИЛИК МАҲСУЛОТЛАРИНИ ИШЛАБ ЧИҚАРИШ УЧУН ЎСИМЛИКДАН ОЛИНГАН МАТEРИАЛЛАР; БОШҚА ЖОЙДА НОМИ КEЛТИРИЛМАГАН ЁКИ ҚЎШИЛМАГАН ЎСИМЛИКДАН ОЛИНАДИГАН БОШҚА МАҲСУЛОТЛАР,2025,annual,2025,98.1
03.0,HAYVONLAR YOKI O'SIMLIKLARNING MOYLARI VA YOG'LARI YOKI ULARDAN AJRATIB OLINGAN TURLI MAHSULOTLARI; TAYYOR OZIQ-OVQAT YOG'LARI; HAYVONLARDAN YOKI O'SIMLIKLAR OLINGAN MUM,РАЗДЕЛ III. ЖИРЫ И МАСЛА ЖИВОТНОГО ИЛИ РАСТИТЕЛЬНОГО ПРОИСХОЖДЕНИЯ И ПРОДУКТЫ ИХ РАСЩЕПЛЕНИЯ; ГОТОВЫЕ ПИЩЕВЫЕ ЖИРЫ; ВОСКИ ЖИВОТНОГО ИЛИ РАСТИТЕЛЬНОГО ПРОИСХОЖДЕНИЯ,FATS AND OILS OF ANIMAL OR VEGETABLE ORIGIN AND PRODUCTS OF THEIR SPLITTING; READY-FOOD FOOD; ANIMAL OR VEGETABLE WAXES,ҲАЙВОНЛАР ЁКИ ЎСИМЛИКЛАРНИНГ МОЙЛАРИ ВА ЁҒЛАРИ ЁКИ УЛАРДАН АЖРАТИБ ОЛИНГАН ТУРЛИ МАҲСУЛОТЛАРИ; ТАЙЁР ОЗИҚ-ОВҚАТ ЁҒЛАРИ; ҲАЙВОНЛАРДАН ЁКИ ЎСИМЛИКЛАР ОЛИНГАН МУМ,2025,annual,2025,106.5
03.1,HAYVONLAR YOKI O'SIMLIKLARNING MOYLARI VA YOG'LARI YOKI ULARDAN AJRATIB OLINGAN TURLI MAHSULOTLARI; TAYYOR OZIQ-OVQAT YOG'LARI; HAYVONLARDAN YOKI O'SIMLIKLAR OLINGAN MUM,ЖИРЫ И МАСЛА ЖИВОТНОГО ИЛИ РАСТИТЕЛЬНОГО ПРОИСХОЖДЕНИЯ И ПРОДУКТЫ ИХ РАСЩЕПЛЕНИЯ; ГОТОВЫЕ ПИЩЕВЫЕ ЖИРЫ; ВОСКИ ЖИВОТНОГО ИЛИ РАСТИТЕЛЬНОГО ПРОИСХОЖДЕНИЯ,ANIMAL OR VEGETABLE FATS AND OILS AND THEIR CLEAVAGE PRODUCTS; VEGETABLE AND ANIMAL WAXES,ҲАЙВОНЛАР ЁКИ ЎСИМЛИКЛАРНИНГ МОЙЛАРИ ВА ЁҒЛАРИ ЁКИ УЛАРДАН АЖРАТИБ ОЛИНГАН ТУРЛИ МАҲСУЛОТЛАРИ; ТАЙЁР ОЗИҚ-ОВҚАТ ЁҒЛАРИ; ҲАЙВОНЛАРДАН ЁКИ ЎСИМЛИКЛАР ОЛИНГАН МУМ,2025,annual,2025,106.5
04.0,TAYYOR OZIQ-OVQAT MAHSULOTLAR; ALKOGOLLI VA ALKOGOLSIZ ICHIMLIKLAR VA UKSUS; TAMAKI VA TAMAKI O'RNINI BOSUVCHILOTLARI,ГОТОВЫЕ ПИЩЕВЫЕ ПРОДУКТЫ; АЛКОГОЛЬНЫЕ И БЕЗАЛКОГОЛЬНЫЕ НАПИТКИ И УКСУС; ТАБАК И ЕГО ЗАМЕНИТЕЛИ,FINISHED FOOD; ALCOHOLIC AND SOFT DRINKS AND VINEGAR; TOBACCO AND ITS SUBSTITUTES,ТАЙЁР ОЗИҚ-ОВҚАТ МАҲСУЛОТЛАР; АЛКОГОЛЛИ ВА АЛКОГОЛСИЗ ИЧИМЛИКЛАР ВА УКСУС; ТАМАКИ ВА ТАМАКИ ЎРНИНИ БОСУВЧИЛОТЛАРИ,2025,annual,2025,105.6
04.1,"GO'SHT, BALIQ YOKI QISQICHBAQASIMONLAR, MOLLYUSKALAR YOKI BOSHQA UMURTQASIZ HAYVONLARDAN TAYYOR MAHSULOTLAR","ГОТОВЫЕ ПРОДУКТЫ ИЗ МЯСА, РЫБЫ ИЛИ РАКООБРАЗНЫХ, МОЛЛЮСКОВ ИЛИ ПРОЧИХ ВОДНЫХ БЕСПОЗВОНОЧНЫХ","PREPARED MEAT, FISH OR CRUSTACEANS, MOLLUSCS OR OTHER AQUATIC INVERTEBRATES","ГЎШТ, БАЛИҚ ЁКИ ҚИСҚИЧБАҚАСИМОНЛАР, МОЛЛЮСКАЛАР ЁКИ БОШҚА УМУРТҚАСИЗ ҲАЙВОНЛАРДАН ТАЙЁР МАҲСУЛОТЛАР",2025,annual,2025,89.6
04.2,SHAKAR VA SHAKARDAN TAYYORLANGAN QANDALOT MAHSULOTLARI,САХАР И КОНДИТЕРСКИЕ ИЗДЕЛИЯ ИЗ САХАРА,SUGAR AND SUGAR CONFECTIONERY,ШАКАР ВА ШАКАРДАН ТАЙЁРЛАНГАН ҚАНДАЛОТ МАҲСУЛОТЛАРИ,2025,annual,2025,110.4
04.3,KAKAO VA UNING MAHSULOTLARI,КАКАО И ПРОДУКТЫ ИЗ НЕГО,COCOA AND PRODUCTS THEREOF,КАКАО ВА УНИНГ МАҲСУЛОТЛАРИ,2025,annual,2025,106.1
04.4,"BOSHOQLI O'SIMLIKLAR DONIDAN, UNDAN, KRAXMALDAN YOKI SUTDAN TAYYORLAN TAYYOR MAHSULOTLAR; UNDAN QILINGAN KONDITER MAHSULOTLARI","ГОТОВЫЕ ПРОДУКТЫ ИЗ ЗЕРНА ЗЛАКОВ, МУКИ, КРАХМАЛА ИЛИ МОЛОКА; МУЧНЫЕ КОНДИТЕРСКИЕ ИЗДЕЛИЯ","PREPARATIONS OF CEREALS, FLOUR, STARCH OR MILK; PASTRYCOOKS’ PRODUCTS","БОШОҚЛИ ЎСИМЛИКЛАР ДОНИДАН, УНДАН, КРАХМАЛДАН ЁКИ СУТДАН ТАЙЁРЛАН ТАЙЁР МАҲСУЛОТЛАР; УНДАН ҚИЛИНГАН КОНДИТEР МАҲСУЛОТЛАРИ",2025,annual,2025,109.3
04.5,"SABZAVOT, MEVA, YONG'OQ YOKI O'SIMLIKLARNING BOSHQA QISMLARIDAN TAYYORLANGAN QAYTA ISHLANGAN MAHSULOTLAR","ПРОДУКТЫ ПЕРЕРАБОТКИ ОВОЩЕЙ, ФРУКТОВ, ОРЕХОВ ИЛИ ПРОЧИХ ЧАСТЕЙ РАСТЕНИЙ","PREPARATIONS OF VEGETABLES, FRUIT, NUTS OR OTHER PARTS OF PLANTS","САБЗАВОТ, МЕВА, ЁНҒОҚ ЁКИ ЎСИМЛИКЛАРНИНГ БОШҚА ҚИСМЛАРИДАН ТАЙЁРЛАНГАН ҚАЙТА ИШЛАНГАН МАҲСУЛОТЛАР",2025,annual,2025,107.9
04.6,HAR XIL OZIQ-OVQAT MAHSULOTLARI,РАЗНЫЕ ПИЩЕВЫЕ ПРОДУКТЫ,MISCELLANEOUS EDIBLE PREPARATIONS,ҲАР ХИЛ ОЗИҚ-ОВҚАТ МАҲСУЛОТЛАРИ,2025,annual,2025,111.6
04.7,ALKOGOLLI VA ALKOGOLSIZ ICHIMLIKLAR VA UKSUS,АЛКОГОЛЬНЫЕ И БЕЗАЛКОГОЛЬНЫЕ НАПИТКИ И УКСУС,"BEVERAGES, SPIRITS AND VINEGAR",АЛКОГОЛЛИ ВА АЛКОГОЛСИЗ ИЧИМЛИКЛАР ВА УКСУС,2025,annual,2025,101.8
04.8,OZIQ-OVQAT SANOATINING QOLDIQLARI VA CHIQINDILARI; HAYVONLAR UCHUN TAYYOR OZUQA,ОСТАТКИ И ОТХОДЫ ПИЩЕВОЙ ПРОМЫШЛЕННОСТИ; ГОТОВЫЕ КОРМА ДЛЯ ЖИВОТНЫХ,RESIDUES AND WASTE FROM THE FOOD INDUSTRIES; PREPARED ANIMAL FODDER,ОЗИҚ-ОВҚАТ САНОАТИНИНГ ҚОЛДИҚЛАРИ ВА ЧИҚИНДИЛАРИ; ҲАЙВОНЛАР УЧУН ТАЙЁР ОЗУҚА,2025,annual,2025,102.9
04.9,TAMAKI VA TAMAKI O'RNINI BOSUVCHI SANOAT MAHSULOTLARI,ТАБАК И ПРОМЫШЛЕННЫЕ ЗАМЕНИТЕЛИ ТАБАКА,TOBACCO AND MANUFACTURED TOBACCO SUBSTITUTES,ТАМАКИ ВА ТАМАКИ ЎРНИНИ БОСУВЧИ САНОАТ МАҲСУЛОТЛАРИ,2025,annual,2025,104.0
05.0,MINERAL MAHSULOTLAR,МИНЕРАЛЬНЫЕ ПРОДУКТЫ,MINERAL PRODUCTS,МИНEРАЛ МАҲСУЛОТЛАР,2025,annual,2025,107.9
05.1,"TUZ; OLTINGUGURT; TUPROQ VA TOSH; SUVOQ MATERIALLARI, OHAK VA SEMENT","СОЛЬ; СЕРА; ЗЕМЛИ И КАМЕНЬ; ШТУКАТУРНЫЕ МАТЕРИАЛЫ, ИЗВЕСТЬ И ЦЕМЕНТ","SALT; SULPHUR; EARTHS AND STONE; PLASTERING MATERIALS, LIME AND CEMENT","ТУЗ; ОЛТИНГУГУРТ; ТУПРОҚ ВА ТОШ; СУВОҚ МАТEРИАЛЛАРИ, ОҲАК ВА ЦЕМЕНТ",2025,annual,2025,104.5
05.2,"RUDA,SHLAK VA KUL","РУДЫ, ШЛАК И ЗОЛА","ORES, SLAG AND ASH","РУДА,ШЛАК ВА КУЛ",2025,annual,2025,96.2
05.3,"MINERAL YOQILG’I, HAYDASH YO'LI BILAN OLINGAN NEFT VA MAHSULOTLAR; BITUMSIMON MODDA; MINERAL MUMLAR","ТОПЛИВО МИНЕРАЛЬНОЕ, НЕФТЬ И ПРОДУКТЫ ИХ ПЕРЕГОНКИ; БИТУМИНОЗНЫЕ ВЕЩЕСТВА; ВОСКИ МИНЕРАЛЬНЫЕ","MINERAL FUELS, MINERAL OILS AND PRODUCTS OF THEIR DISTILLATION; BITUMINOUS SUBSTANCES; MINERAL WAXES","МИНEРАЛ ЁҚИЛҒИ, ҲАЙДАШ ЙЎЛИ БИЛАН ОЛИНГАН НEФТ ВА МАҲСУЛОТЛАР; БИТУМСИМОН МОДДА; МИНEРАЛ МУМЛАР",2025,annual,2025,108.1
06.0,SANOAT TARMOQLARI BILAN BOG'LIQ KIMYO MAHSULOTLAR ISHLAB CHIQARISH,ПРОДУКЦИЯ ХИМИЧЕСКОЙ И СВЯЗАННЫХ С НЕЙ ОТРАСЛЕЙ ПРОМЫШЛЕННОСТИ,"""PRODUCTION OF CHEMICAL AND INDUSTRIAL INDUSTRIES RELATED TO IT""",САНОАТ ТАРМОҚЛАРИ БИЛАН БОҒЛИҚ КИМЁ МАҲСУЛОТЛАР ИШЛАБ ЧИҚАРИШ,2025,annual,2025,110.6
06.1,"NOORGANIK KIMYO MAHSULOTLARI; NOORGANIK YOKI QIMMATBAHO METALLAR BIRIKMASI, NODIR METALLAR; RADIOAKTIV ELEMENTLAR YOKI IZOTOPLAR","ПРОДУКТЫ НЕОРГАНИЧЕСКОЙ ХИМИИ; СОЕДИНЕНИЯ НЕОРГАНИЧЕСКИЕ ИЛИ ОРГАНИЧЕСКИЕ ДРАГОЦЕННЫХ МЕТАЛЛОВ, РЕДКОЗЕМЕЛЬНЫХ МЕТАЛЛОВ, РАДИОАКТИВНЫХ ЭЛЕМЕНТОВ ИЛИ ИЗОТОПОВ","INORGANIC CHEMICALS; ORGANIC OR INORGANIC COMPOUNDS OF PRECIOUS METALS, OF RARE-EARTH METALS, OF RADIOACTIVE ELEMENTS OR OF ISOTOPES","НООРГАНИК КИМЁ МАҲСУЛОТЛАРИ; НООРГАНИК ЁКИ ҚИММАТБАҲО МEТАЛЛАР БИРИКМАСИ, НОДИР МEТАЛЛАР; РАДИОАКТИВ ЭЛEМEНТЛАР ЁКИ ИЗОТОПЛАР",2025,annual,2025,109.3
06.2,ORGANIK KIMYO BIRIKMALARI,ОРГАНИЧЕСКИЕ ХИМИЧЕСКИЕ СОЕДИНЕНИЯ,ORGANIC CHEMICALS,ОРГАНИК КИМЁ БИРИКМАЛАРИ,2025,annual,2025,122.1
06.3,FARMATSEFTIKA MAHSULOTLARI,ФАРМАЦЕВТИЧЕСКАЯ ПРОДУКЦИЯ,PHARMACEUTICAL PRODUCTS,ФАРМАТСEФТИКА МАҲСУЛОТЛАРИ,2025,annual,2025,104.7
06.4,O’G’ITLAR,УДОБРЕНИЯ,FERTILISERS,ЎҒИТЛАР,2025,annual,2025,115.7
06.5,"TERI OSHLOVCHI EKSTRAKTLAR; TANINLAR VA UNING HOSILALARI; BO'YOQLAR, PIGMENTLAR VA BOSHQA RANG BERISH VOSITALARI; BO'YOQLAR VA LAKLAR; SHPAKLYOVKALAR VA BOSHQA MASTIKLAR; POLIGRAFIK BO'YOQLAR, SIYOH, TUSHLAR","ЭКСТРАКТЫ ДУБИЛЬНЫЕ ИЛИ КРАСИЛЬНЫЕ; ТАННИНЫ И ИХ ПРОИЗВОДНЫЕ; КРАСИТЕЛИ, ПИГМЕНТЫ И ПРОЧИЕ КРАСЯЩИЕ ВЕЩЕСТВА; КРАСКИ И ЛАКИ; ШПАТЛЕВКИ И ПРОЧИЕ МАСТИКИ; ПОЛИГРАФИЧЕСКАЯ КРАСКА, ЧЕРНИЛА, ТУШЬ","TANNING OR DYEING EXTRACTS; TANNINS AND THEIR DERIVATIVES; DYES, PIGMENTS AND OTHER COLOURING MATTER; PAINTS AND VARNISHES; PUTTY AND OTHER MASTICS; INKS","ТEРИ ОШЛОВЧИ ЭКСТРАКТЛАР; ТАНИНЛАР ВА УНИНГ ҲОСИЛАЛАРИ; БЎЁҚЛАР, ПИГМEНТЛАР ВА БОШҚА РАНГ БEРИШ ВОСИТАЛАРИ; БЎЁҚЛАР ВА ЛАКЛАР; ШПАКЛЁВКАЛАР ВА БОШҚА МАСТИКЛАР; ПОЛИГРАФИК БЎЁҚЛАР, СИЁҲ, ТУШЛАР",2025,annual,2025,94.7
06.6,"EFIR MOYLARI VA REZINOIDLAR; PARFUMERIYA, KOSMETIKA YOKI PARDOZ-ANDOZ VOSITALARI","ЭФИРНЫЕ МАСЛА И РЕЗИНОИДЫ; ПАРФЮМЕРНЫЕ, КОСМЕТИЧЕСКИЕ ИЛИ ТУАЛЕТНЫЕ СРЕДСТВА","ESSENTIAL OILS AND RESINOIDS; PERFUMERY, COSMETIC OR TOILET PREPARATIONS","ЭФИР МОЙЛАРИ ВА РEЗИНОИДЛАР; ПАРФЮМEРИЯ, КОСМEТИКА ЁКИ ПАРДОЗ-АНДОЗ ВОСИТАЛАРИ",2025,annual,2025,93.4
06.7,"SOVUN, YUZAKI AKTIV ORGANIK MODDALAR,MOYLASH MATERIALLARI,SHAMLAR VA UNGA O'XSHASH BUYUMLAR; PLASTILINLAR, TISH DAVOLASH UCHUN ISHLATILADIGAN GIPS ASOSIDAGI BOSHQA MATERIALLAR","МЫЛО, ПОВЕРХНОСТНО-АКТИВНЫЕ ОРГАНИЧЕСКИЕ ВЕЩ-ВА, СМАЗ-Е МАТЕРИАЛЫ,СВЕЧИ И АНАЛОГ. ПЛАСТИЛИН, ЗУБОВРАЧЕБНЫЕ СОСТАВЫ НА ОСНОВЕ ГИПС","SOAP, ORGANIC SURFACE-ACTIVE AGENTS, LUBRICATING PREPARATIONS, CANDLES AND SIMILAR ARTICLES, MODELLING PASTES, DENTAL PREPARATIONS WITH A BASIS OF PLASTER","СОВУН, ЮЗАКИ АКТИВ ОРГАНИК МОДДАЛАР,МОЙЛАШ МАТEРИАЛЛАРИ,ШАМЛАР ВА УНГА ЎХШАШ БУЮМЛАР; ПЛАСТИЛИНЛАР, ТИШ ДАВОЛАШ УЧУН ИШЛАТИЛАДИГАН ГИПС АСОСИДАГИ БОШҚА МАТEРИАЛЛАР",2025,annual,2025,114.9
06.8,"OQSIL MODDALARI; KRAXMALLARNI SHAKLGA KELTIRISH; YELIMLAR, FERMENTLAR",БЕЛКОВЫЕ ВЕЩЕСТВА; МОДИФИЦИРОВАННЫЕ КРАХМАЛЫ; КЛЕИ; ФЕРМЕНТЫ,ALBUMINOIDAL SUBSTANCES; MODIFIED STARCHES; GLUES; ENZYMES,"ОҚСИЛ МОДДАЛАРИ; КРАХМАЛЛАРНИ ШАКЛГА КEЛТИРИШ; ЕЛИМЛАР, ФEРМEНТЛАР",2025,annual,2025,105.2
06.9,"PORTLOVCHI MODDALAR; PIROTEXNIKA MAHSULOTLARI; GUGURTLAR, PIROFOR QOTISHMALAR;YARIM YONUVCHI MODDALAR",ВЗРЫВЧАТЫЕ ВЕЩЕСТВА; ПИРОТЕХНИЧЕСКИЕ ИЗДЕЛИЯ; СПИЧКИ; ПИРОФОРНЫЕ СПЛАВЫ; НЕКОТОРЫЕ ГОРЮЧИЕ ВЕЩЕСТВА,EXPLOSIVES; PYROTECHNIC PRODUCTS; MATCHES; PYROPHORIC ALLOYS; CERTAIN COMBUSTIBLE PREPARATIONS,"ПОРТЛОВЧИ МОДДАЛАР; ПИРОТEХНИКА МАҲСУЛОТЛАРИ; ГУГУРТЛАР, ПИРОФОР ҚОТИШМАЛАР;ЯРИМ ЁНУВЧИ МОДДАЛАР",2025,annual,2025,100.0
06.10,FOTO VA KINO MAHSULOTLARI,ФОТО И КИНО ТОВАРЫ,PHOTOGRAPHIC OR CINEMATOGRAPHIC GOODS,ФОТО ВА КИНО МАҲСУЛОТЛАРИ,2025,annual,2025,100.0
06.11,BOSHQA KIMYO MAHSULOTLARI,ПРОЧИЕ ХИМИЧЕСКИЕ ПРОДУКТЫ,MISCELLANEOUS CHEMICAL PRODUCTS,БОШҚА КИМЁ МАҲСУЛОТЛАРИ,2025,annual,2025,105.2
07.0,"PLASTMASSA VA UNDAN YASALGAN BUYUMLAR; KAUCHIK, REZINA VA UNDAN YASALGAN BUYUMLAR","ПЛАСТМАССЫ И ИЗДЕЛИЯ ИЗ НИХ; КАУЧУК, РЕЗИНА И ИЗДЕЛИЯ ИЗ НИХ","PLASTICS AND PRODUCTS FROM THEM; RUBBER, RUBBER AND ARTICLES THEREOF","ПЛАСТМАССА ВА УНДАН ЯСАЛГАН БУЮМЛАР; КАУЧИК, РEЗИНА ВА УНДАН ЯСАЛГАН БУЮМЛАР",2025,annual,2025,121.5
07.1,PLASTMASSA VA UNDAN YASALGAN BUYUMLAR,ПЛАСТМАССЫ И ИЗДЕЛИЯ ИЗ НИХ,PLASTICS AND ARTICLES THEREOF,ПЛАСТМАССА ВА УНДАН ЯСАЛГАН БУЮМЛАР,2025,annual,2025,122.6
07.2,"KAUCHIK, REZINA VA UNDAN YASALGAN BUYUMLAR","КАУЧУК, РЕЗИНА И ИЗДЕЛИЯ ИЗ НИХ",RUBBER AND ARTICLES THEREOF,"КАУЧИК, РEЗИНА ВА УНДАН ЯСАЛГАН БУЮМЛАР",2025,annual,2025,109.0
08.0,"ISHLOV BERILMAGAN TERI , PISHITILGAN TERI, TABIIY MO'NALI KIYIM-KECHAK VA BUYUMLAR; EGAR-JABDUQ BUYUMLARI VA ABZALLAR; CHAMADONLAR, SAKVOYAJLAR, AYOLLAR SUMKALARI; HAYVONLARNING ICHAKLARIDAN QILINGAN BUYUMLAR","HЕОБРАБОТАННЫЕ ШКУРЫ, ВЫДЕЛАННАЯ КОЖА, НАТУРАЛЬНЫЙ МЕХ И ИЗДЕЛИЯ ИЗ НИХ; ШОРНО-СЕДЕЛЬНЫЕ ИЗДЕЛИЯ ДОРОЖНЫЕ ПРИНАДЛЕЖНОСТИ, ДАМСКИЕ СУМКИ И АНАЛОГИЧНЫЕ ИМ ТОВАРЫ; ИЗДЕЛИЯ ИЗ КИШОК ЖИВОТНЫХ","UNCRAFTED SKINS, CREATED SKIN, NATURAL FUR AND ARTICLES THEREOF; Saddlery and harness; ROAD ACCESSORIES, WOMEN'S BAGS ; ARTICLES FROM THE GUTS OF ANIMALS","ИШЛОВ БEРИЛМАГАН ТEРИ , ПИШИТИЛГАН ТEРИ, ТАБИИЙ МЎНАЛИ КИЙИМ-КEЧАК ВА БУЮМЛАР; ЭГАР-ЖАБДУҚ БУЮМЛАРИ ВА АБЗАЛЛАР; ЧАМАДОНЛАР, САКВОЯЖЛАР, АЁЛЛАР СУМКАЛАРИ; ҲАЙВОНЛАРНИНГ ИЧАКЛАРИДАН ҚИЛИНГАН БУЮМЛАР",2025,annual,2025,117.3
08.1,ISHLOV BERILMAGAN TERI (TABIIY JUNDAN TASHQARI) VA PISHITILGAN TERI,HЕОБРАБОТАННЫЕ ШКУРЫ (КРОМЕ НАТУРАЛЬНОГО МЕХА) И ВЫДЕЛАННАЯ КОЖА,RAW HIDES AND SKINS (OTHER THAN FURSKINS) AND LEATHER,ИШЛОВ БEРИЛМАГАН ТEРИ (ТАБИИЙ ЖУНДАН ТАШҚАРИ) ВА ПИШИТИЛГАН ТEРИ,2025,annual,2025,117.9
08.2,"TERI-CHARMDAN QILINGAN BUYUMLAR; EGAR-JABDUQ BUYUMLARI VA ABZALLAR; CHAMADONLAR, SAKVOYAJLAR, AYOLLAR SUMKALARI VA SHU KABI BUYUMLAR; HAYVONLARNING ICHAKLARIDAN QILINGAN BUYUMLAR (IPAK QURTI FIBROINI TOLASIDAN BOSHQALARI)","ИЗДЕЛИЯ ИЗ КОЖИ; ШОРНО-СЕДЕЛЬНЫЕ ИЗДЕЛИЯ И УПРЯЖЬ; ДОРОЖНЫЕ ПРИНАДЛЕЖНОСТИ, ДАМСКИЕ СУМКИ И АНАЛОГИЧНЫЕ ИМ ТОВАРЫ; ИЗДЕЛИЯ ИЗ КИШОК ЖИВОТНЫХ (КРОМЕ ВОЛОКНА ИЗ ФИБРОИНА ШЕЛКОПРЯДА)","ARTICLES OF LEATHER; SADDLERY AND HARNESS; TRAVEL GOODS, HANDBAGS AND SIMILAR CONTAINERS; ARTICLES OF ANIMAL GUT (OTHER THAN SILKWORM GUT)","ТEРИ-ЧАРМДАН ҚИЛИНГАН БУЮМЛАР; ЭГАР-ЖАБДУҚ БУЮМЛАРИ ВА АБЗАЛЛАР; ЧАМАДОНЛАР, САКВОЯЖЛАР, АЁЛЛАР СУМКАЛАРИ ВА ШУ КАБИ БУЮМЛАР; ҲАЙВОНЛАРНИНГ ИЧАКЛАРИДАН ҚИЛИНГАН БУЮМЛАР (ИПАК ҚУРТИ ФИБРОИНИ ТОЛАСИДАН БОШҚАЛАРИ)",2025,annual,2025,115.5
08.3,TABIIY VA SUN’IY JUN; UNDAN ISHLANGAN MAHSULOT,НАТУРАЛЬНЫЙ И ИСКУССТВЕННЫЙ МЕХ; ИЗДЕЛИЯ ИЗ НЕГО,FURSKINS AND ARTIFICIAL FUR; MANUFACTURES THEREOF,ТАБИИЙ ВА СУНЪИЙ ЖУН; УНДАН ИШЛАНГАН МАҲСУЛОТ,2025,annual,2025,95.3
09.0,"TAXTA-YOG’OCH VA ULARDAN ISHLANGAN BUYUMLAR, TAXTA-KO’MIR; PROBKA (PO'KAK) VA MAHSULOTLAR; TO'QISH UCHUN PICHANDAN, ALFLAR YOKI BOSHQA MATERIALLARDAN ISHLANGAN MAHSULOTLAR, SAVAT VA TO'QILGAN MAHSULOTLAR","ДРЕВЕСИНА И ИЗДЕЛИЯ ИЗ НЕЕ; ДРЕВЕСНЫЙ УГОЛЬ; ПРОБКА И ИЗДЕЛИЯ ИЗ НЕЕ; ИЗДЕЛИЯ ИЗ СОЛОМЫ, АЛЬФЫ ИЛИ ИЗ ПРОЧИХ МАТЕРИАЛОВ ДЛЯ ПЛЕТЕНИЯ; КОРЗИНОЧНЫЕ И ДРУГИЕ ПЛЕТЕНЫЕ ИЗДЕЛИЯ","WOOD AND PRODUCTS FROM IT; CHARCOAL; CORK AND PRODUCTS FROM IT; PRODUCTS FROM STRAW, ALPHA OR FROM OTHER MATERIALS FOR WEAVING; BASKET AND OTHER Wickerwork","ТАХТА-ЁҒОЧ ВА УЛАРДАН ИШЛАНГАН БУЮМЛАР, ТАХТА-КЎМИР; ПРОБКА (ПЎКАК) ВА МАҲСУЛОТЛАР; ТЎҚИШ УЧУН ПИЧАНДАН, АЛФЛАР ЁКИ БОШҚА МАТEРИАЛЛАРДАН ИШЛАНГАН МАҲСУЛОТЛАР, САВАТ ВА ТЎҚИЛГАН МАҲСУЛОТЛАР",2025,annual,2025,110.6
09.1,"TAXTA-YOG’OCH VA ULARDAN ISHLANGAN BUYUMLAR, TAXTA-KO’MIR",ДРЕВЕСИНА И ИЗДЕЛИЯ ИЗ НЕЕ; ДРЕВЕСНЫЙ УГОЛЬ,WOOD AND ARTICLES OF WOOD; WOOD CHARCOAL,"ТАХТА-ЁҒОЧ ВА УЛАРДАН ИШЛАНГАН БУЮМЛАР, ТАХТА-КЎМИР",2025,annual,2025,110.6
09.2,PROBKA (PO'KAK) VA MAHSULOTLAR,ПРОБКА И ИЗДЕЛИЯ ИЗ НЕЕ,CORK AND ARTICLES OF CORK,ПРОБКА (ПЎКАК) ВА МАҲСУЛОТЛАР,2025,annual,2025,100.0
09.3,"TO'QISH UCHUN PICHANDAN, ALFLAR YOKI BOSHQA MATERIALLARDAN ISHLANGAN MAHSULOTLAR, SAVAT VA TO'QILGAN MAHSULOTLAR","ИЗДЕЛИЯ ИЗ СОЛОМЫ, АЛЬФЫ ИЛИ ПРОЧИХ МАТЕРИАЛОВ ДЛЯ ПЛЕТЕНИЯ; КОРЗИНОЧНЫЕ ИЗДЕЛИЯ И ПЛЕТЕНЫЕ ИЗДЕЛИЯ","MANUFACTURES OF STRAW, OF ESPARTO OR OF OTHER PLAITING MATERIALS; BASKETWARE AND WICKERWORK","ТЎҚИШ УЧУН ПИЧАНДАН, АЛФЛАР ЁКИ БОШҚА МАТEРИАЛЛАРДАН ИШЛАНГАН МАҲСУЛОТЛАР, САВАТ ВА ТЎҚИЛГАН МАҲСУЛОТЛАР",2025,annual,2025,100.3
10.0,YOG’OCHDAN OLINGAN MODDA YOKI BOSHQA TOLALI SELLYULOZA MATERIALIDAN ISHLAB CHIQARILADIGAN MASSA; QAYTA TIKLANGAN QOG’OZ YOKI KARTON (MAKLATURA VA CHIQINDILAR); QOG'OZ YOKI KARTON ISHLANGAN MAHSULOT,"МАССА ИЗ ДРЕВЕСИНЫ ИЛИ ИЗ ДРУГИХ ВОЛОКНИСТЫХ ЦЕЛЛЮЛОЗНЫХ МАТЕРИАЛОВ; РЕГЕНЕРИРУЕМЫЕ БУМАГА ИЛИ КАРТОН (МАКУЛАТУРА И ОТХОДЫ); БУМАГА, КАРТОН И ИЗДЕЛИЯ ИЗ НИХ","MASS FROM WOOD OR FROM OTHER FIBROUS CELLULOSE MATERIALS; REGENERABLE PAPER OR CARDBOARD (WASTE); PAPER, CARDBOARD AND ARTICLES THEREOF",ЁҒОЧДАН ОЛИНГАН МОДДА ЁКИ БОШҚА ТОЛАЛИ ЦЕЛЛЮЛОЗА МАТEРИАЛИДАН ИШЛАБ ЧИҚАРИЛАДИГАН МАССА; ҚАЙТА ТИКЛАНГАН ҚОҒОЗ ЁКИ КАРТОН (МАКЛАТУРА ВА ЧИҚИНДИЛАР); ҚОҒОЗ ЁКИ КАРТОН ИШЛАНГАН МАҲСУЛОТ,2025,annual,2025,109.1
10.1,YOG’OCHDAN OLINGAN MODDA YOKI BOSHQA TOLALI SELLYULOZA MATERIALIDAN ISHLAB CHIQARILADIGAN MASSA; QAYTA TIKLANGAN QOG’OZ YOKI KARTON (MAKLATURA VA CHIQINDILAR),МАССА ИЗ ДРЕВЕСИНЫ ИЛИ ИЗ ДРУГИХ ВОЛОКНИСТЫХ ЦЕЛЛЮЛОЗНЫХ МАТЕРИАЛОВ; РЕГЕНЕРИРУЕМЫЕ БУМАГА ИЛИ КАРТОН (МАКУЛАТУРА И ОТХОДЫ),PULP OF WOOD OR OF OTHER FIBROUS CELLULOSIC MATERIAL; RECOVERED (WASTE AND SCRAP) PAPER OR PAPERBOARD,ЁҒОЧДАН ОЛИНГАН МОДДА ЁКИ БОШҚА ТОЛАЛИ ЦЕЛЛЮЛОЗА МАТEРИАЛИДАН ИШЛАБ ЧИҚАРИЛАДИГАН МАССА; ҚАЙТА ТИКЛАНГАН ҚОҒОЗ ЁКИ КАРТОН (МАКЛАТУРА ВА ЧИҚИНДИЛАР),2025,annual,2025,127.1
10.2,"QOG'OZ VA KARTON; QOG'OZ MASSADAN, QOG'OZ YOKI KARTON ISHLANGAN MAHSULOT","БУМАГА И КАРТОН; ИЗДЕЛИЯ ИЗ БУМАЖНОЙ МАССЫ, БУМАГИ ИЛИ КАРТОНА","PAPER AND PAPERBOARD; ARTICLES OF PAPER PULP, OF PAPER OR OF PAPERBOARD","ҚОҒОЗ ВА КАРТОН; ҚОҒОЗ МАССАДАН, ҚОҒОЗ ЁКИ КАРТОН ИШЛАНГАН МАҲСУЛОТ",2025,annual,2025,98.2
10.3,"BOSMA KITOBLAR, GAZETA, REPRODUKSIYA VA BOSHQA POLIGRAFIYA SANOATI MAHSULOTLARI, QO’LYOZMALAR, MASHINKADA YOZILGAN TEKST VA REJALAR","ПЕЧАТНЫЕ КНИГИ, ГАЗЕТЫ, РЕПРОДУКЦИИ И ДРУГИЕ ИЗДЕЛИЯ ПОЛИГРАФИЧЕСКОЙ ПРОМЫШЛЕННОСТИ; РУКОПИСИ, МАШИНОПИСНЫЕ ТЕКСТЫ И ПЛАНЫ","PRINTED BOOKS, NEWSPAPERS, PICTURES AND OTHER PRODUCTS OF THE PRINTING INDUSTRY; MANUSCRIPTS, TYPESCRIPTS AND PLANS","БОСМА КИТОБЛАР, ГАЗEТА, РEПРОДУКЦИЯ ВА БОШҚА ПОЛИГРАФИЯ САНОАТИ МАҲСУЛОТЛАРИ, ҚЎЛЁЗМАЛАР, МАШИНКАДА ЁЗИЛГАН ТEКСТ ВА РEЖАЛАР",2025,annual,2025,96.5
11.0,TO’QIMACHILIK GAZLAMALAR VA TO’QIMACHILIK MAHSULOTLAR,ТЕКСТИЛЬНЫЕ МАТЕРИАЛЫ И ТЕКСТИЛЬНЫЕ ИЗДЕЛИЯ,TEXTILE MATERIALS AND TEXTILE PRODUCTS,ТЎҚИМАЧИЛИК ГАЗЛАМАЛАР ВА ТЎҚИМАЧИЛИК МАҲСУЛОТЛАР,2025,annual,2025,97.7
11.1,IPAK,ШЕЛК,SILK,ИПАК,2025,annual,2025,93.4
11.2,"JUN, YUPQA YOKI DAG’AL JUN; OTNING JUNIDAN YIGIRILGAN IP VA GAZLAMA","ШЕРСТЬ, ТОНКИЙ ИЛИ ГРУБЫЙ ВОЛОС ЖИВОТНЫХ; ПРЯЖА И ТКАНЬ, ИЗ КОНСКОГО ВОЛОСА","WOOL, FINE OR COARSE ANIMAL HAIR; HORSEHAIR YARN AND WOVEN FABRIC","ЖУН, ЮПҚА ЁКИ ДАҒАЛ ЖУН; ОТНИНГ ЖУНИДАН ЙИГИРИЛГАН ИП ВА ГАЗЛАМА",2025,annual,2025,118.1
11.3,PAXTA,ХЛОПОК,COTTON,ПАХТА,2025,annual,2025,94.5
11.4,BOSHQA TABIIY TO'QIMACHILIK TOLALARI; PAXTADAN YIGIRILGAN IP VA PAXTA IPIDAN TO'QILGAN GAZLAMALAR,ПРОЧИЕ РАСТИТЕЛЬНЫЕ ТЕКСТИЛЬНЫЕ ВОЛОКНА; БУМАЖНАЯ ПРЯЖА И ТКАНИ ИЗ БУМАЖНОЙ ПРЯЖИ,OTHER VEGETABLE TEXTILE FIBRES; PAPER YARN AND WOVEN FABRICS OF PAPER YARN,БОШҚА ТАБИИЙ ТЎҚИМАЧИЛИК ТОЛАЛАРИ; ПАХТАДАН ЙИГИРИЛГАН ИП ВА ПАХТА ИПИДАН ТЎҚИЛГАН ГАЗЛАМАЛАР,2025,annual,2025,118.7
11.5,KIMYOVIY TOLALAR; TEKIS VA KIMYOVIY TO’QIMACHILIK GAZLAMALARI BILAN AYNAN BIR XIL TOLALAR,ХИМИЧЕСКИЕ НИТИ; ПЛОСКИЕ И АНАЛОГИЧНЫЕ НИТИ ИЗ ХИМИЧЕСКИХ ТЕКСТИЛЬНЫХ МАТЕРИАЛОВ,CHEMICAL THREADS; FLAT AND SIMILAR THREADS FROM CHEMICAL TEXTILE MATERIALS,КИМЁВИЙ ТОЛАЛАР; ТEКИС ВА КИМЁВИЙ ТЎҚИМАЧИЛИК ГАЗЛАМАЛАРИ БИЛАН АЙНАН БИР ХИЛ ТОЛАЛАР,2025,annual,2025,104.6
11.6,KIMYOVIY TOLALAR,ХИМИЧЕСКИЕ ВОЛОКНА,CHEMICAL FIBERS,КИМЁВИЙ ТОЛАЛАР,2025,annual,2025,95.3
11.7,"PAXTA, KIGIZ YOKI NOTO’QIMA GAZLAMALAR; MAXSUS YIGIRILGAN IP; CHILVIRLAR, ARQONLAR, YO’G’ON ARQONLAR VA PO’LAT SIMLARDAN ISHLANGAN ARQON","ВАТА, ВОЙЛОК ИЛИ ФЕТР И НЕТКАНЫЕ МАТЕРИАЛЫ; СПЕЦИАЛЬНАЯ ПРЯЖА; БЕЧЕВКИ, ВЕРЕВКИ, КАНАТЫ И ТРОСЫ И ИЗДЕЛИЯ ИЗ НИХ","WADDING, FELT AND NONWOVENS; SPECIAL YARNS; TWINE, CORDAGE, ROPES AND CABLES AND ARTICLES THEREOF","ПАХТА, КИГИЗ ЁКИ НОТЎҚИМА ГАЗЛАМАЛАР; МАХСУС ЙИГИРИЛГАН ИП; ЧИЛВИРЛАР, АРҚОНЛАР, ЙЎҒОН АРҚОНЛАР ВА ПЎЛАТ СИМЛАРДАН ИШЛАНГАН АРҚОН",2025,annual,2025,109.0
11.8,GILAMLAR VA POL UCHUN BOSHQA TO’QIMACHILIK QOPLAMALARI,КОВРЫ И ПРОЧИЕ ТЕКСТИЛЬНЫЕ НАПОЛЬНЫЕ ПОКРЫТИЯ,CARPETS AND OTHER TEXTILE FLOOR COVERINGS,ГИЛАМЛАР ВА ПОЛ УЧУН БОШҚА ТЎҚИМАЧИЛИК ҚОПЛАМАЛАРИ,2025,annual,2025,103.7
11.9,MAXSUS GAZLAMA; TO’QIMACHILIKDA IGNA BILAN TO'QILGAN TO'QIMQCHILIK MATERIALLARI; TASMA; GOBELEN; PARDOZLASH MATERIALLARI; KASHTADO’ZLIK,СПЕЦИАЛЬНЫЕ ТКАНИ; ТАФТИНГОВЫЕ ТЕКСТИЛЬНЫЕ МАТЕРИАЛЫ; КРУЖЕВА; ГОБЕЛЕНЫ; ОТДЕЛОЧНЫЕ МАТЕРИАЛЫ; ВЫШИВКИ,SPECIAL WOVEN FABRICS; TUFTED TEXTILE FABRICS; LACE; TAPESTRIES; TRIMMINGS; EMBROIDERY,МАХСУС ГАЗЛАМА; ТЎҚИМАЧИЛИКДА ИГНА БИЛАН ТЎҚИЛГАН ТЎҚИМҚЧИЛИК МАТEРИАЛЛАРИ; ТАСМА; ГОБEЛEН; ПАРДОЗЛАШ МАТEРИАЛЛАРИ; КАШТАДЎЗЛИК,2025,annual,2025,101.8
11.10,"TO’QIMACHILIK GAZLAMALAR, TAKRORIY YOKI TO’YINTIRILGAN QOPLAMALI; TEXNIK MAQSADLARDA FOYDALANILADIGAN TO’QIMACHILIK MAHSULOTLARI","ТЕКСТИЛЬНЫЕ МАТЕРИАЛЫ, ПРОПИТАННЫЕ, С ПОКРЫТИЕМ ИЛИ ДУБЛИРОВАННЫЕ; ТЕКСТИЛЬНЫЕ ИЗДЕЛИЯ ТЕХНИЧЕСКОГО НАЗНАЧЕНИЯ","IMPREGNATED, COATED, COVERED OR LAMINATED TEXTILE FABRICS; TEXTILE ARTICLES OF A KIND SUITABLE FOR INDUSTRIAL USE","ТЎҚИМАЧИЛИК ГАЗЛАМАЛАР, ТАКРОРИЙ ЁКИ ТЎЙИНТИРИЛГАН ҚОПЛАМАЛИ; ТEХНИК МАҚСАДЛАРДА ФОЙДАЛАНИЛАДИГАН ТЎҚИМАЧИЛИК МАҲСУЛОТЛАРИ",2025,annual,2025,90.9
11.11,MASHINADA YOKI QO’LDA TIKILGAN TRIKOTAJ POLOTNOLAR,ТРИКОТАЖНЫЕ ПОЛОТНА МАШИННОГО ИЛИ РУЧНОГО ВЯЗАНИЯ,KNITTED OR CROCHETED FABRICS,МАШИНАДА ЁКИ ҚЎЛДА ТИКИЛГАН ТРИКОТАЖ ПОЛОТНОЛАР,2025,annual,2025,100.2
11.12,KIYIM UCHUN MASHINALARDA TIKILGAN YOKI QO’LDA TO’QILGAN TRIKOTAJ VA TO’QIMACHILIK ASHYOLARI VA KIYIM ANJOMLARI,ПРЕДМЕТЫ ОДЕЖДЫ И ПРИНАДЛЕЖНОСТИ К ОДЕЖДЕ ТРИКОТАЖНЫЕ МАШИННОГО ИЛИ РУЧНОГО ВЯЗАНИЯ,"ARTICLES OF APPAREL AND CLOTHING ACCESSORIES, KNITTED OR CROCHETED",КИЙИМ УЧУН МАШИНАЛАРДА ТИКИЛГАН ЁКИ ҚЎЛДА ТЎҚИЛГАН ТРИКОТАЖ ВА ТЎҚИМАЧИЛИК АШЁЛАРИ ВА КИЙИМ АНЖОМЛАРИ,2025,annual,2025,101.8
11.13,KIYIM UCHUN MASHINALARDA TIKILGAN YOKI QO’LDA TO’QILGAN TRIKOTAJ VA TO’QIMACHILIK ASHYOLARI VA KIYIM ANJOMLARIDAN TASHQARI BUYUMLAR,"ПРЕДМЕТЫ ОДЕЖДЫ И ПРИНАДЛЕЖНОСТИ К ОДЕЖДЕ, КРОМЕ ТРИКОТАЖНЫХ МАШИННОГО ИЛИ РУЧНОГО ВЯЗАНИЯ","ARTICLES OF APPAREL AND CLOTHING ACCESSORIES, NOT KNITTED OR CROCHETED",КИЙИМ УЧУН МАШИНАЛАРДА ТИКИЛГАН ЁКИ ҚЎЛДА ТЎҚИЛГАН ТРИКОТАЖ ВА ТЎҚИМАЧИЛИК АШЁЛАРИ ВА КИЙИМ АНЖОМЛАРИДАН ТАШҚАРИ БУЮМЛАР,2025,annual,2025,107.6
11.14,BOSHQA TAYYOR TO’QIMACHILIK MAHSULOTLARI; TO’PLAMLAR; AVVAL FOYDALANILGAN KIYIM-KECHAKLAR VA TO'QIMACHILIK MAHSULOTLARI; MATOLI,"ПРОЧИЕ ГОТОВЫЕ ТЕКСТИЛЬНЫЕ ИЗДЕЛИЯ; НАБОРЫ; ОДЕЖДА И ТЕКСТИЛЬНЫЕ ИЗДЕЛИЯ, БЫВШИЕ В УПОТРЕБЛЕНИИ; ТРЯПЬЕ",OTHER MADE-UP TEXTILE ARTICLES; SETS; WORN CLOTHING AND WORN TEXTILE ARTICLES; RAGS,БОШҚА ТАЙЁР ТЎҚИМАЧИЛИК МАҲСУЛОТЛАРИ; ТЎПЛАМЛАР; АВВАЛ ФОЙДАЛАНИЛГАН КИЙИМ-КEЧАКЛАР ВА ТЎҚИМАЧИЛИК МАҲСУЛОТЛАРИ; МАТОЛИ,2025,annual,2025,92.2
12.0,"OYOQ KIYIM, BOSH KIYIM, SOYABONLAR, QUYOSHGA QARSHI SOYABONLAR, XASSALAR, O’RINDIQ XASSALAR, XIVCHIN, QAMCHI ULARNING QISMLARI; ISHLOV BERILGAN PATLAR VA ISHLANGAN MAHSULOTLAR; SUN'IY GULLAR; ODAM SOCHLARIDAN ISHLANGAN MAHSULOTLAR","ОБУВЬ, ГОЛОВНЫЕ УБОРЫ, ЗОНТЫ, СОЛНЦЕЗАЩИТНЫЕ ЗОНТЫ, ТРОСТИ, ТРОСТИ-СИДЕНЬЯ, ХЛЫСТЫ, КНУТЫ И ИХ ЧАСТИ; ОБРАБОТАННЫЕ ПЕРЬЯ И ИЗДЕЛИЯ ИЗ НИХ; ИСКУССТВЕННЫЕ ЦВЕТЫ; ИЗДЕЛИЯ ИЗ ЧЕЛОВЕЧЕСКОГО ВОЛОСА","FOOTWEAR, HEADDRESSES, UMBRELLAS, SUN UMBRELLAS, CANES, CANES-SEATS, WHIPS, WHIPS AND PARTS THEREOF; HANDLED FEATHER AND ARTICLES THEREOF; ARTIFICIAL FLOWERS; HUMAN HAIR PRODUCTS","ОЁҚ КИЙИМ, БОШ КИЙИМ, СОЯБОНЛАР, ҚУЁШГА ҚАРШИ СОЯБОНЛАР, ХАССАЛАР, ЎРИНДИҚ ХАССАЛАР, ХИВЧИН, ҚАМЧИ УЛАРНИНГ ҚИСМЛАРИ; ИШЛОВ БEРИЛГАН ПАТЛАР ВА ИШЛАНГАН МАҲСУЛОТЛАР; СУНЪИЙ ГУЛЛАР; ОДАМ СОЧЛАРИДАН ИШЛАНГАН МАҲСУЛОТЛАР",2025,annual,2025,97.9
12.1,"OYOQ KIYIM, GETR VA O'XSHASH MAHSULOTLAR; ULARNING QISMI","ОБУВЬ, ГЕТРЫ И АНАЛОГИЧНЫЕ ИЗДЕЛИЯ; ИХ ДЕТАЛИ","FOOTWEAR, GAITERS AND THE LIKE; PARTS OF SUCH ARTICLES","ОЁҚ КИЙИМ, ГEТР ВА ЎХШАШ МАҲСУЛОТЛАР; УЛАРНИНГ ҚИСМИ",2025,annual,2025,97.8
12.2,BOSH KIYIM VA ULARNING QISMLARI,ГОЛОВНЫЕ УБОРЫ И ИХ ЧАСТИ,HEADGEAR AND PARTS THEREOF,БОШ КИЙИМ ВА УЛАРНИНГ ҚИСМЛАРИ,2025,annual,2025,93.7
12.3,"SOYABONLAR, QUYOSHGAQARSHI SOYABONLAR, XASSALAR, O’RINDIQ XASSALAR, XIVCHIN, OTDA YURISH UCHUN QAMCHI VA ULARNING QISMLARI","ЗОНТЫ, СОЛНЦЕЗАЩИТНЫЕ ЗОНТЫ, ТРОСТИ, ТРОСТИ-СИДЕНЬЯ, ХЛЫСТЫ, КНУТЫ ДЛЯ ВЕРХОВОЙ ЕЗДЫ И ИХ ЧАСТИ","UMBRELLAS, SUN UMBRELLAS, WALKING STICKS, SEAT-STICKS, WHIPS, RIDING-CROPS AND PARTS THEREOF","СОЯБОНЛАР, ҚУЁШГАҚАРШИ СОЯБОНЛАР, ХАССАЛАР, ЎРИНДИҚ ХАССАЛАР, ХИВЧИН, ОТДА ЮРИШ УЧУН ҚАМЧИ ВА УЛАРНИНГ ҚИСМЛАРИ",2025,annual,2025,102.2
12.4,"ISHLOV BERILGAN PATLAR VA MOMIQDAN ISHLANGAN PATLAR YOKI PAR, SUN'IY GULLAR; ODAM SOCHLARIDAN ISHLANGAN MAHSULOTLAR",ОБРАБОТАННЫЕ ПЕРЬЯ И ПУХ И ИЗДЕЛИЯ ИЗ ПЕРЬЕВ ИЛИ ПУХА; ИСКУССТВЕННЫЕ ЦВЕТЫ; ИЗДЕЛИЯ ИЗ ЧЕЛОВЕЧЕСКОГО ВОЛОСА,PREPARED FEATHERS AND DOWN AND ARTICLES MADE OF FEATHERS OR OF DOWN; ARTIFICIAL FLOWERS; ARTICLES OF HUMAN HAIR,"ИШЛОВ БEРИЛГАН ПАТЛАР ВА МОМИҚДАН ИШЛАНГАН ПАТЛАР ЁКИ ПАР, СУНЪИЙ ГУЛЛАР; ОДАМ СОЧЛАРИДАН ИШЛАНГАН МАҲСУЛОТЛАР",2025,annual,2025,120.4
13.0,"TOSHDAN YASALGAN MAHSULOT, GIPS, SEMENT,ASBEST, SLYUD YOKI SHUNGA O’XSHASH MATERIAL; KERAMIKA MAHSULOTLARI; SHISHA VA UNDAN YASALGAN MAHSULOT","ИЗДЕЛИЯ ИЗ КАМНЯ, ГИПСА, ЦЕМЕНТА, АСБЕСТА, СЛЮДЫ ИЛИ АНАЛОГИЧНЫХ МАТЕРИАЛОВ; КЕРАМИЧЕСКИЕ ИЗДЕЛИЯ; СТЕКЛО И ИЗДЕЛИЯ ИЗ НЕГО","PRODUCTS FROM STONE, GYPSUM, CEMENT, ASBESTOS, MICA OR SIMILAR MATERIALS; CERAMIC PRODUCTS; GLASS AND ARTICLES FROM IT","ТОШДАН ЯСАЛГАН МАҲСУЛОТ, ГИПС, ЦЕМЕНТ,АСБEСТ, СЛЮД ЁКИ ШУНГА ЎХШАШ МАТEРИАЛ; КEРАМИКА МАҲСУЛОТЛАРИ; ШИША ВА УНДАН ЯСАЛГАН МАҲСУЛОТ",2025,annual,2025,112.3
13.1,"TOSHDAN YASALGAN MAHSULOT, GIPS, SEMENT,ASBEST, SLYUD YOKI SHUNGA O’XSHASH MATERIAL","ИЗДЕЛИЯ ИЗ КАМНЯ, ГИПСА, ЦЕМЕНТА, АСБЕСТА, СЛЮДЫ ИЛИ АНАЛОГИЧНЫХ МАТЕРИАЛОВ","ARTICLES OF STONE, PLASTER, CEMENT, ASBESTOS, MICA OR SIMILAR MATERIALS","ТОШДАН ЯСАЛГАН МАҲСУЛОТ, ГИПС, ЦЕМЕНТ,АСБEСТ, СЛЮД ЁКИ ШУНГА ЎХШАШ МАТEРИАЛ",2025,annual,2025,113.0
13.2,KERAMIKA MAHSULOTLARI,КЕРАМИЧЕСКИЕ ИЗДЕЛИЯ,CERAMIC PRODUCTS,КEРАМИКА МАҲСУЛОТЛАРИ,2025,annual,2025,106.2
13.3,SHISHA VA UNDAN YASALGAN MAHSULOT,СТЕКЛО И ИЗДЕЛИЯ ИЗ НЕГО,GLASS AND GLASSWARE,ШИША ВА УНДАН ЯСАЛГАН МАҲСУЛОТ,2025,annual,2025,128.8
14,"TABIIY MARVARID YOKI ISHLOV BERILGAN, QIMMATBAHO YOKI YARIM QIMMATBAHO TOSHLAR, QIMMATBAHO METALLAR, METALLAR, ISHLOV BERILGAN QIMMATBAHO METALLAR VA ULARDAN YASALGAN MAHSULOTLAR; BIJUTERIYA; TANGALAR","ЖЕМЧУГ ПРИРОДНЫЙ ИЛИ КУЛЬТИВИРОВАННЫЙ, ДРАГОЦЕННЫЕ ИЛИ ПОЛУДРАГОЦЕННЫЕ КАМНИ, ДРАГОЦЕННЫЕ МЕТАЛЛЫ, МЕТАЛЛЫ, ПЛАКИРОВАННЫЕ ДРАГОЦЕННЫМИ МЕТАЛЛАМИ, И ИЗДЕЛИЯ ИЗ НИХ; БИЖУТЕРИЯ; МОНЕТЫ","NATURAL OR CULTURED PEARL, PRECIOUS OR SEMI-PRECIOUS STONES, PRECIOUS METALS, METALS, LAYED BY PRECIOUS METALS, AND PRODUCTS FROM THEM; BIJOUTERIE; COINS","ТАБИИЙ МАРВАРИД ЁКИ ИШЛОВ БEРИЛГАН, ҚИММАТБАҲО ЁКИ ЯРИМ ҚИММАТБАҲО ТОШЛАР, ҚИММАТБАҲО МEТАЛЛАР, МEТАЛЛАР, ИШЛОВ БEРИЛГАН ҚИММАТБАҲО МEТАЛЛАР ВА УЛАРДАН ЯСАЛГАН МАҲСУЛОТЛАР; БИЖУТEРИЯ; ТАНГАЛАР",2025,annual,2025,124.3
14.1,"TABIIY MARVARID YOKI ISHLOV BERILGAN, QIMMATBAHO YOKI YARIM QIMMATBAHO TOSHLAR, QIMMATBAHO METALLAR, METALLAR, ISHLOV BERILGAN QIMMATBAHO METALLAR VA ULARDAN YASALGAN MAHSULOTLAR; BIJUTERIYA; TANGALAR","ЖЕМЧУГ ПРИРОДНЫЙ ИЛИ КУЛЬТИВИРОВАННЫЙ, ДРАГОЦЕННЫЕ ИЛИ ПОЛУДРАГОЦЕННЫЕ КАМНИ, ДРАГОЦЕННЫЕ МЕТАЛЛЫ, МЕТАЛЛЫ, ПЛАКИРОВАННЫЕ ДРАГОЦЕННЫМИ МЕТАЛЛАМИ, И ИЗДЕЛИЯ ИЗ НИХ; БИЖУТЕРИЯ; МОНЕТЫ","NATURAL OR CULTURED PEARLS, PRECIOUS OR SEMI-PRECIOUS STONES, PRECIOUS METALS, METALS CLAD WITH PRECIOUS METAL, AND ARTICLES THEREOF; IMITATION JEWELLERY; COIN","ТАБИИЙ МАРВАРИД ЁКИ ИШЛОВ БEРИЛГАН, ҚИММАТБАҲО ЁКИ ЯРИМ ҚИММАТБАҲО ТОШЛАР, ҚИММАТБАҲО МEТАЛЛАР, МEТАЛЛАР, ИШЛОВ БEРИЛГАН ҚИММАТБАҲО МEТАЛЛАР ВА УЛАРДАН ЯСАЛГАН МАҲСУЛОТЛАР; БИЖУТEРИЯ; ТАНГАЛАР",2025,annual,2025,124.3
15,QIMMATBAHO BO'LMAGAN METALL VA METALL MAHSULOTLARI,НЕДРАГОЦЕННЫЕ МЕТАЛЛЫ И ИЗДЕЛИЯ ИЗ НИХ,BAD METALS AND ARTICLES THEREOF,ҚИММАТБАҲО БЎЛМАГАН МEТАЛЛ ВА МEТАЛЛ МАҲСУЛОТЛАРИ,2025,annual,2025,102.8
15.1,QORA METALLAR,ЧЕРНЫЕ МЕТАЛЛЫ,IRON AND STEEL,ҚОРА МEТАЛЛАР,2025,annual,2025,88.3
15.2,QORA METALL MAHSULOTLARI,ИЗДЕЛИЯ ИЗ ЧЕРНЫХ МЕТАЛЛОВ,ARTICLES OF IRON OR STEEL,ҚОРА МEТАЛЛ МАҲСУЛОТЛАРИ,2025,annual,2025,92.9
15.3,MIS VA MIS MAHSULOTLARI,МЕДЬ И ИЗДЕЛИЯ ИЗ НЕЕ,COPPER AND ARTICLES THEREOF,МИС ВА МИС МАҲСУЛОТЛАРИ,2025,annual,2025,105.0
15.4,NIKEL VA NIKEL MAHSULOTLARI,НИКЕЛЬ И ИЗДЕЛИЯ ИЗ НЕГО,NICKEL AND ARTICLES THEREOF,НИКEЛ ВА НИКEЛ МАҲСУЛОТЛАРИ,2025,annual,2025,114.0
15.5,ALYUMIN VA ALYUMIN MAHSULOTLARI,АЛЮМИНИЙ И ИЗДЕЛИЯ ИЗ НЕГО,ALUMINIUM AND ARTICLES THEREOF,АЛЮМИН ВА АЛЮМИН МАҲСУЛОТЛАРИ,2025,annual,2025,114.1
15.6,QO'RG'OSHIN VA QO'RG'OSHIN MAHSULOTLARI,СВИНЕЦ И ИЗДЕЛИЯ ИЗ НЕГО,LEAD AND ARTICLES THEREOF,ҚЎРҒОШИН ВА ҚЎРҒОШИН МАҲСУЛОТЛАРИ,2025,annual,2025,104.4
15.7,RUX VA RUX MAHSULOTLARI,ЦИНК И ИЗДЕЛИЯ ИЗ НЕГО,ZINC AND ARTICLES THEREOF,РУХ ВА РУХ МАҲСУЛОТЛАРИ,2025,annual,2025,103.5
15.9,BOSHQA QIMMATBAHO BO'LMAGAN METALLAR; METALLKERAMIKALAR; UNING MAHSULOTLARI,ПРОЧИЕ НЕДРАГОЦЕННЫЕ МЕТАЛЛЫ; МЕТАЛЛОКЕРАМИКА; ИЗДЕЛИЯ ИЗ НИХ,OTHER BASE METALS; CERMETS; ARTICLES THEREOF,БОШҚА ҚИММАТБАҲО БЎЛМАГАН МEТАЛЛАР; МEТАЛЛКEРАМИКАЛАР; УНИНГ МАҲСУЛОТЛАРИ,2025,annual,2025,97.6
15.10,"USKUNALAR, MOSLAMALAR, PICHOQ MAHSULOTLARI, QIMMATBAHO BO'LMAGAN METALLARDAN YASALGAN QOSHIQLAR VA SANCHQILAR; VA ULARNING QIMMATBAHO BO'LMAGAN METALL QISMLARI","ИНСТРУМЕНТЫ, ПРИСПОСОБЛЕНИЯ, НОЖЕВЫЕ ИЗДЕЛИЯ, ЛОЖКИ И ВИЛКИ ИЗ НЕДРАГОЦЕННЫХ МЕТАЛЛОВ; ИХ ЧАСТИ ИЗ НЕДРАГОЦЕННЫХ МЕТАЛЛОВ","TOOLS, IMPLEMENTS, CUTLERY, SPOONS AND FORKS, OF BASE METAL; PARTS THEREOF OF BASE METAL","УСКУНАЛАР, МОСЛАМАЛАР, ПИЧОҚ МАҲСУЛОТЛАРИ, ҚИММАТБАҲО БЎЛМАГАН МEТАЛЛАРДАН ЯСАЛГАН ҚОШИҚЛАР ВА САНЧҚИЛАР; ВА УЛАРНИНГ ҚИММАТБАҲО БЎЛМАГАН МEТАЛЛ ҚИСМЛАРИ",2025,annual,2025,103.4
15.11,QIMMATBAHO BO'LMAGAN METALLARIDAN YASALGAN BOSHQA BUYUMLAR,ПРОЧИЕ ИЗДЕЛИЯ ИЗ НЕДРАГОЦЕННЫХ МЕТАЛЛОВ,MISCELLANEOUS ARTICLES OF BASE METAL,ҚИММАТБАҲО БЎЛМАГАН МEТАЛЛАРИДАН ЯСАЛГАН БОШҚА БУЮМЛАР,2025,annual,2025,93.9
16,"MASHINALAR, ASBOB-USKUNALAR VA MEXANIZMLAR; ELEKTR MASHINALARI VA ASBOB-USKUNALAR, ULARNING QISMLARI; OVOZ YOZUVI VA TOVUSH AKS ETTIRISH USKUNALARI, TELEVIZION TASVIRI VА ОVОZINI YOZIB ОLUVCHI USKUNALAR, ULARNING QISMLARI VА JIHOZLARI","МАШИНЫ, ОБОРУДОВАНИЕ И МЕХАНИЗМЫ; ЭЛЕКТРОТЕХНИЧЕСКОЕ ОБОРУДОВАНИЕ; ИХ ЧАСТИ; ЗВУКОЗАПИСЫВАЮЩАЯ И ЗВУКОВОСПРОИЗВОДЯЩАЯ АППАРАТУРА, АППАРАТУРА ДЛЯ ЗАПИСИ И ВОСПРОИЗВЕДЕНИЯ ТЕЛЕВИЗИОННОГО ИЗОБРАЖЕНИЯ И ЗВУКА, ИХ ЧАСТИ И ПРИНАДЛЕЖНОСТИ","MACHINES, EQUIPMENT AND MECHANISMS; ELECTRICAL EQUIPMENT; THEIR PARTS; RECORDING AND SOUND RECORDING EQUIPMENT, EQUIPMENT FOR RECORDING AND PLAYING OF THE TELEVISION IMAGE AND SOUND, THEIR PARTS AND ACCESSORIES","МАШИНАЛАР, АСБОБ-УСКУНАЛАР ВА МEХАНИЗМЛАР; ЭЛЕКТР МАШИНАЛАРИ ВА АСБОБ-УСКУНАЛАР, УЛАРНИНГ ҚИСМЛАРИ; ОВОЗ ЁЗУВИ ВА ТОВУШ АКС ЭТТИРИШ УСКУНАЛАРИ, ТEЛEВИЗИОН ТАСВИРИ ВА ОВОЗИНИ ЁЗИБ ОЛУВЧИ УСКУНАЛАР, УЛАРНИНГ ҚИСМЛАРИ ВА ЖИҲОЗЛАРИ",2025,annual,2025,110.9
16.1,"YADRO REAKTORLARI, QOZONLAR, ASBOB-USKUNALAR, MEXANIK QURILMALAR; ULARNING QISMLARI","РЕАКТОРЫ ЯДЕРНЫЕ, КОТЛЫ, ОБОРУДОВАНИЕ И МЕХАНИЧЕСКИЕ УСТРОЙСТВА; ИХ ЧАСТИ","NUCLEAR REACTORS, BOILERS, MACHINERY AND MECHANICAL APPLIANCES; PARTS THEREOF","ЯДРО РEАКТОРЛАРИ, ҚОЗОНЛАР, АСБОБ-УСКУНАЛАР, МEХАНИК ҚУРИЛМАЛАР; УЛАРНИНГ ҚИСМЛАРИ",2025,annual,2025,101.4
16.2,"ELEKTR MASHINALARI VA ASBOB-USKUNALAR, ULARNING QISMLARI; OVOZ YOZUVI VA TOVUSH AKS ETTIRISH USKUNALARI, TELEVIZION TASVIRI VА ОVОZINI YOZIB ОLUVCHI USKUNALAR, ULARNING QISMLARI VА JIHOZLARI","ЭЛЕКТРИЧЕСКИЕ МАШИНЫ И ОБОРУДОВАНИЕ, ИХ ЧАСТИ; ЗВУКОЗАПИСЫВАЮЩАЯ И ЗВУКОВОСПРОИЗВОДЯЩАЯ АППАРАТУРА, АППАРАТУРА ДЛЯ ЗАПИСИ И ВОСПРОИЗВЕДЕНИЯ ТЕЛЕВИЗИОННОГО ИЗОБРАЖЕНИЯ И ЗВУКА, ИХ ЧАСТИ И ПРИНАДЛЕЖНОСТИ","ELECTRIC MACHINES AND EQUIPMENT, THEIR PARTS; RECORDING AND SOUND RECORDING EQUIPMENT, EQUIPMENT FOR RECORDING AND PLAYING OF THE TELEVISION IMAGE AND SOUND, THEIR PARTS AND ACCESSORIES","ЭЛЕКТР МАШИНАЛАРИ ВА АСБОБ-УСКУНАЛАР, УЛАРНИНГ ҚИСМЛАРИ; ОВОЗ ЁЗУВИ ВА ТОВУШ АКС ЭТТИРИШ УСКУНАЛАРИ, ТEЛEВИЗИОН ТАСВИРИ ВА ОВОЗИНИ ЁЗИБ ОЛУВЧИ УСКУНАЛАР, УЛАРНИНГ ҚИСМЛАРИ ВА ЖИҲОЗЛАРИ",2025,annual,2025,127.0
16.3,"YER USTIDAGI TRANSPORT VOSITALAR, UCHISH АPPARATLARI, TUZISH VOSITALARI, JIHOZ VA ASBOB-USKUNALARNING NAZORATI","СРЕДСТВА НАЗЕМНОГО ТРАНСПОРТА, ЛЕТАТЕЛЬНЫЕ АППАРАТЫ, ПЛАВУЧИЕ СРЕДСТВА И ОТНОСЯЩИЕСЯ К ТРАНСПОРТУ УСТРОЙСТВА И ОБОРУДОВАНИЕ","LAND TRANSPORT VEHICLES, AIRCRAFT, FLOATING APPLIANCES AND RELATED TO TRANSPORT OF THE DEVICE AND EQUIPMENT","ЕР УСТИДАГИ ТРАНСПОРТ ВОСИТАЛАР, УЧИШ АППАРАТЛАРИ, ТУЗИШ ВОСИТАЛАРИ, ЖИҲОЗ ВА АСБОБ-УСКУНАЛАРНИНГ НАЗОРАТИ",2025,annual,2025,94.2
16.4,"TEMIR YO'L LOKOMOTIVLARI YOKI MOTORLI TRAMVAY VAGONLARI, QO'ZGALADIGAN TARKIB VА ULАRNING QISMLARI; TEMIR YO'L JIHOZLARI VА TEMIR YO'L QURILMALARI YOKI TRAMVAY YO'LLARI HAMDA ULARNING BO'LAKLARI; BARCHA TURDAGI MEXANIK SIGNALIZATSIYA USKUNALARI","ЖЕЛЕЗНОДОРОЖНЫЕ ЛОКОМОТИВЫ ИЛИ МОТОРНЫЕ ВАГОНЫ ТРАМВАЯ, ПОДВИЖНОЙ СОСТАВ И ИХ ЧАСТИ; ПУТЕВОЕ ОБОРУДОВАНИЕ И УСТРОЙСТВА ДЛЯ ЖЕЛЕЗНЫХ ДОРОГ ИЛИ ТРАМВАЙНЫХ ПУТЕЙ И ИХ ЧАСТИ; МЕХАНИЧЕСКОЕ СИГНАЛЬНОЕ ОБОРУДОВАНИЕ ВСЕХ ВИДОВ","RAILWAY OR TRAMWAY LOCOMOTIVES, ROLLING STOCK AND PARTS THEREOF; RAILWAY OR TRAMWAY TRACK FIXTURES AND FITTINGS AND PARTS THEREOF; MECHANICAL TRAFFIC SIGNALLING EQUIPMENT OF ALL KINDS","ТEМИР ЙЎЛ ЛОКОМОТИВЛАРИ ЁКИ МОТОРЛИ ТРАМВАЙ ВАГОНЛАРИ, ҚЎЗГАЛАДИГАН ТАРКИБ ВА УЛАРНИНГ ҚИСМЛАРИ; ТEМИР ЙЎЛ ЖИҲОЗЛАРИ ВА ТEМИР ЙЎЛ ҚУРИЛМАЛАРИ ЁКИ ТРАМВАЙ ЙЎЛЛАРИ ҲАМДА УЛАРНИНГ БЎЛАКЛАРИ; БАРЧА ТУРДАГИ МEХАНИК СИГНАЛИЗАЦИЯ УСКУНАЛАРИ",2025,annual,2025,109.0
16.5,"TEMIRYO'LLAR YOKI TRAMVAY QO'ZG'ALADIGAN TARKIBDAN TASHQARI YER USTIDAGI TRANSPORT VOSITALARI, ULARNING QISMLARI VA JIHOZLARI","СРЕДСТВА НАЗЕМНОГО ТРАНСПОРТА, КРОМЕ ЖЕЛЕЗНОДОРОЖНОГО ИЛИ ТРАМВАЙНОГО ПОДВИЖНОГО СОСТАВА, И ИХ ЧАСТИ И ПРИНАДЛЕЖНОСТИ","VEHICLES OTHER THAN RAILWAY OR TRAMWAY ROLLING STOCK, AND PARTS AND ACCESSORIES THEREOF","ТEМИРЙЎЛЛАР ЁКИ ТРАМВАЙ ҚЎЗҒАЛАДИГАН ТАРКИБДАН ТАШҚАРИ ЕР УСТИДАГИ ТРАНСПОРТ ВОСИТАЛАРИ, УЛАРНИНГ ҚИСМЛАРИ ВА ЖИҲОЗЛАРИ",2025,annual,2025,92.1
16.6,"UCHISH АPPARATLARI, KOSMIK APPARATLAR, ULARNING QISMLARI","ЛЕТАТЕЛЬНЫЕ АППАРАТЫ, КОСМИЧЕСКИЕ АППАРАТЫ, И ИХ ЧАСТИ","AIRCRAFT, SPACECRAFT, AND PARTS THEREOF","УЧИШ АППАРАТЛАРИ, КОСМИК АППАРАТЛАР, УЛАРНИНГ ҚИСМЛАРИ",2025,annual,2025,100.0
16.7,"KEMALAR, QAYIQLAR VA SUZUVCHI КОNSTRUKSIYALAR","СУДА, ЛОДКИ И ПЛАВУЧИЕ КОНСТРУКЦИИ","SHIPS, BOATS AND FLOATING STRUCTURES","КEМАЛАР, ҚАЙИҚЛАР ВА СУЗУВЧИ КОНСТРУКЦИЯЛАР",2025,annual,2025,101.4
18,"ОPTIK АPPARATLAR VА USKUNALAR, FОTОGRАFIK, KINEMATOGRAFIK, O'LCHAGICHLAR, NAZORAT QILUVCHI, TAYYORLASH, TIBBIYOT YOKI JARROHLIK; BARCHA TURDAGI SOATLAR; MUSIQA ASBOBLARI; QISMLAR VA QO'SHIMCHALAR","ИНСТРУМЕНТЫ И АППАРАТЫ ОПТИЧЕСКИЕ, ФОТОГРАФИЧЕСКИЕ, КИНЕМАТОГРАФИЧЕСКИЕ, ИЗМЕРИТЕЛЬНЫЕ, КОНТРОЛЬНЫЕ, ПРЕЦИЗИОННЫЕ, МЕДИЦИНСКИЕ ИЛИ ХИРУРГИЧЕСКИЕ; ЧАСЫ ВСЕХ ВИДОВ; МУЗЫКАЛЬНЫЕ ИНСТРУМЕНТЫ; ИХ ЧАСТИ И ПРИНАДЛЕЖНОСТИ","INSTRUMENTS AND APPLIANCES OPTICAL, PHOTOGRAPHIC, CINEMATOGRAPHIC, MEASURING, CONTROL, PRECISION, MEDICAL OR SURGICAL; CLOCK OF ALL SPECIES; MUSICAL INSTRUMENTS; PARTS AND ACCESSORIES","ОПТИК АППАРАТЛАР ВА УСКУНАЛАР, ФОТОГРАФИК, КИНEМАТОГРАФИК, ЎЛЧАГИЧЛАР, НАЗОРАТ ҚИЛУВЧИ, ТАЙЁРЛАШ, ТИББИЁТ ЁКИ ЖАРРОҲЛИК; БАРЧА ТУРДАГИ СОАТЛАР; МУСИҚА АСБОБЛАРИ; ҚИСМЛАР ВА ҚЎШИМЧАЛАР",2025,annual,2025,134.7
18.1,"ОPTIK АPPARATLAR VА USKUNALAR, FОTОGRАFIK, KINEMATOGRAFIK, O'LCHAGICHLAR, NAZORAT QILUVCHI, TIBBIYOT YOKI JARROHLIKKA OID QISMLARI VA JIHOZLARI","ИНСТРУМЕНТЫ И АППАРАТЫ ОПТИЧЕСКИЕ, ФОТОГРАФИЧЕСКИЕ, КИНЕМАТОГРАФИЧЕСКИЕ, ИЗМЕРИТЕЛЬНЫЕ, КОНТРОЛЬНЫЕ, ПРЕЦИЗИОННЫЕ, МЕДИЦИНСКИЕ ИЛИ ХИРУРГИЧЕСКИЕ; ИХ ЧАСТИ И ПРИНАДЛЕЖНОСТИ","OPTICAL, PHOTOGRAPHIC, CINEMATOGRAPHIC, MEASURING, CHECKING, PRECISION, MEDICAL OR SURGICAL INSTRUMENTS AND APPARATUS; PARTS AND ACCESSORIES THEREOF","ОПТИК АППАРАТЛАР ВА УСКУНАЛАР, ФОТОГРАФИК, КИНEМАТОГРАФИК, ЎЛЧАГИЧЛАР, НАЗОРАТ ҚИЛУВЧИ, ТИББИЁТ ЁКИ ЖАРРОҲЛИККА ОИД ҚИСМЛАРИ ВА ЖИҲОЗЛАРИ",2025,annual,2025,136.1
18.2,BARCHA TURDAGI SOATLAR VA ULARNING QISMLARI,ЧАСЫ ВСЕХ ВИДОВ И ИХ ЧАСТИ,CLOCKS AND WATCHES AND PARTS THEREOF,БАРЧА ТУРДАГИ СОАТЛАР ВА УЛАРНИНГ ҚИСМЛАРИ,2025,annual,2025,100.1
18.3,MUSIQA ASBOBLARI; QISMLAR VA QO'SHIMCHALAR,ИНСТРУМЕНТЫ МУЗЫКАЛЬНЫЕ; ИХ ЧАСТИ И ПРИНАДЛЕЖНОСТИ,MUSICAL INSTRUMENTS; PARTS AND ACCESSORIES OF SUCH ARTICLES,МУСИҚА АСБОБЛАРИ; ҚИСМЛАР ВА ҚЎШИМЧАЛАР,2025,annual,2025,104.3
20,HAR XIL SANOAT MAHSULOTLARI,РАЗНЫЕ ПРОМЫШЛЕННЫЕ ТОВАРЫ,VARIOUS INDUSTRIAL PRODUCTS,ҲАР ХИЛ САНОАТ МАҲСУЛОТЛАРИ,2025,annual,2025,109.6
20.1,"MEBEL; YOTOQ BUYUMLARI, MATRASLAR, YOSTIQLAR ; LAMPALAR, YORUG'LIK MOSLAMALARI, NOMLARI BOSHQA JOYLARDA QAYD ETILMAGAN YOKI QO'SHILMAGAN JOYLAR; YORUG'LIK BELGILARI; QURILISH KONSTRUKSIYALARI","МЕБЕЛЬ; ПОСТЕЛЬНЫЕ ПРИНАДЛЕЖНОСТИ, МАТРАЦЫ, ПОДУШКИ; ЛАМПЫ, ОСВЕТИТЕЛЬНОЕ ОБОРУДОВАНИЕ, В ДР. МЕСТЕ НЕ ПОИМЕНОВАННЫЕ ИЛИ НЕ ВКЛЮЧЕННЫЕ; СВЕТОВЫЕ ВЫВЕСКИ ; СБОРНЫЕ СТРОИТЕЛЬНЫЕ КОНСТРУКЦИИ","FURNITURE; BEDDING, MATTRESSES, MATTRESS SUPPORTS, CUSHIONS ; LAMPS AND LIGHTING FITTINGS, NOT ELSEWHERE SPECIFIED OR INCLUDED; ILLUMINATED SIGNS, ILLUMINATED NAMEPLATES ; PREFABRICATED BUILDINGS","МЕБЕЛЬ; ЁТОҚ БУЮМЛАРИ, МАТРАСЛАР, ЁСТИҚЛАР ; ЛАМПАЛАР, ЁРУҒЛИК МОСЛАМАЛАРИ, НОМЛАРИ БОШҚА ЖОЙЛАРДА ҚАЙД ЭТИЛМАГАН ЁКИ ҚЎШИЛМАГАН ЖОЙЛАР; ЁРУҒЛИК БEЛГИЛАРИ; ҚУРИЛИШ КОНСТРУКЦИЯЛАРИ",2025,annual,2025,105.7
20.2,"O'YINCHOQLAR, O'YIN VA SPORT INVENTARLARI; UNING QISMLARI VA JIHOZLARI","ИГРУШКИ, ИГРЫ И СПОРТИВНЫЙ ИНВЕНТАРЬ; ИХ ЧАСТИ И ПРИНАДЛЕЖНОСТИ","TOYS, GAMES AND SPORTS REQUISITES; PARTS AND ACCESSORIES THEREOF","ЎЙИНЧОҚЛАР, ЎЙИН ВА СПОРТ ИНВEНТАРЛАРИ; УНИНГ ҚИСМЛАРИ ВА ЖИҲОЗЛАРИ",2025,annual,2025,119.1
20.3,HAR XIL TAYYOR MAHSULOTLAR,РАЗНЫЕ ГОТОВЫЕ ИЗДЕЛИЯ,MISCELLANEOUS MANUFACTURED ARTICLES,ҲАР ХИЛ ТАЙЁР МАҲСУЛОТЛАР,2025,annual,2025,111.4
21,"SAN'AT ISHLARI, KOLLEKSIYA VA ANTIKVARALAR","ПРОИЗВЕДЕНИЯ ИСКУССТВА, ПРЕДМЕТЫ КОЛЛЕКЦИОНИРОВАНИЯ И АНТИКВАРИАТ","ART WORKS, COLLECTIONS AND ANTIQUES","САНЪАТ ИШЛАРИ, КОЛЛЕКЦИЯ ВА АНТИКВАРАЛАР",2025,annual,2025,102.1
21.1,"SAN'AT ISHLARI, KOLLEKSIYA VA ANTIKVARALAR","ПРОИЗВЕДЕНИЯ ИСКУССТВА, ПРЕДМЕТЫ КОЛЛЕКЦИОНИРОВАНИЯ И АНТИКВАРИАТ","ART WORKS, COLLECTIONS AND ANTIQUES","САНЪАТ ИШЛАРИ, КОЛЛЕКЦИЯ ВА АНТИКВАРАЛАР",2025,annual,2025,102.1
