code,name_uz,name_ru,name_en,name_uz_cyrillic,period,year,value
001,Guruch,Рис,Rice,Гуруч,2013-M01,2013,2600.0
003,Arpa,Ячмень,Barley,Арпа,2013-M01,2013,0.0
0004,Bug'doy,Пшеница,Wheat,Буғдой,2013-M01,2013,873.0
005,Jo'hori,Кукуруза,Corn,Жўҳори,2013-M01,2013,1115.0
006,Kepak,Отруби,Bran,Кепак,2013-M01,2013,600.0
0008,Shrot,Шрот,Schroth,Шрот,2013-M01,2013,0.0
009,Shulxa,Шелуха,Husk,Шулха,2013-M01,2013,0.0
010,Kombikorm,Комбикорм,Compound feed,Комбикорм,2013-M01,2013,604.0
011,Oliy navli bug'doy uni,Мука пшеничная высшего сорта,High-grade wheat flour,Олий навли буғдой уни,2013-M01,2013,1319.0
0012,1-navli bug'doy uni,Мука пшеничная первого сорта,First grade wheat flour,1-навли буғдой уни,2013-M01,2013,0.0
013,1-nav bug'doy unidan non,Хлеб пшеничный из муки 1-го сорта,Wheat bread from 1st grade flour,1-нав буғдой унидан нон,2013-M01,2013,0.0
017,Mol go'shti,Говядина,Beef,Мол гўшти,2013-M01,2013,14988.0
0020,Qo'y go'shti,Баранина,Mutton,Қўй гўшти,2013-M01,2013,16963.0
022,Tovuq go'shti,Мясо птицы,Poultry,Товуқ гўшти,2013-M01,2013,0.0
026,Turli baliqlar,Рыба всякая,Fish of all kinds,Турли балиқлар,2013-M01,2013,8160.0
027,Yangi sog'ilgan sut (1 litr),Молоко свежее (1 литр),Fresh milk (1 liter),Янги соғилган сут (1 литр),2013-M01,2013,1725.0
034,Tuxum (10 dona),Яйца (10 штук),Eggs (10 pieces ),Тухум (10 дона),2013-M01,2013,3708.0
035,Paxta yog'i (1 litr),Масло хлопковое (1 литр),Cottonseed oil (1 liter),Пахта ёғи (1 литр),2013-M01,2013,0.0
0036,Kungaboqar yog'i (1 litr),Масло подсолнечное (1 литр),Sunflower oil (1 liter),Кунгабоқар ёғи (1 литр),2013-M01,2013,0.0
037,Sariyog',Масло сливочное,Butter,Сариёғ,2013-M01,2013,14523.0
039,Limon,Лимоны,Lemons,Лимон,2013-M01,2013,6463.0
0040,Olma,Яблоки,Apples,Олма,2013-M01,2013,2046.0
041,Nok,Груши,Pears,Нок,2013-M01,2013,3798.0
049,Uzum,Виноград,Grape,Узум,2013-M01,2013,2640.0
0050,Tarvuz,Арбуз,Watermelon,Тарвуз,2013-M01,2013,896.0
0051,Qovun,Дыня,Melon,Қовун,2013-M01,2013,1333.0
053,Mayiz,Кишмиш,Kishmish,Майиз,2013-M01,2013,7490.0
055,Karam,Капуста,Cabbage,Карам,2013-M01,2013,670.0
057,Bodring,Огурцы,Cucumbers,Бодринг,2013-M01,2013,3602.0
058,Pomidor,Помидоры,Tomatoes,Помидор,2013-M01,2013,3635.0
059,Baqlajon,Баклажаны,Eggplant,Бақлажон,2013-M01,2013,0.0
0060,Bulg'or qalampiri,Перец болгарский,Bell pepper,Булғор қалампири,2013-M01,2013,0.0
061,Qovoq,Тыква,Pumpkin,Қовоқ,2013-M01,2013,670.0
063,Sabzi,Морковь,Carrot,Сабзи,2013-M01,2013,521.0
065,Sarimsoq,Чеснок,Garlic,Саримсоқ,2013-M01,2013,2527.0
066,Piyoz,Лук репчатый,Onion,Пиёз,2013-M01,2013,602.0
069,Kartoshka,Картофель,Potatoes,Картошка,2013-M01,2013,1863.0
0070,Loviya,Фасоль,Beans,Ловия,2013-M01,2013,0.0
071,No'xot,Горох,Peas,Нўхот,2013-M01,2013,0.0
0072,Mosh,Маш,Mash,Мош,2013-M01,2013,0.0
073,Shakar,Сахар песок,Sugar,Шакар,2013-M01,2013,0.0
002,Kruppa yormasi,Крупа манная,Semolina,Круппа ёрмаси,2013-M01,2013,0.0
001,Guruch,Рис,Rice,Гуруч,2013-M02,2013,2629.0
003,Arpa,Ячмень,Barley,Арпа,2013-M02,2013,0.0
0004,Bug'doy,Пшеница,Wheat,Буғдой,2013-M02,2013,951.0
005,Jo'hori,Кукуруза,Corn,Жўҳори,2013-M02,2013,1155.0
006,Kepak,Отруби,Bran,Кепак,2013-M02,2013,623.0
0008,Shrot,Шрот,Schroth,Шрот,2013-M02,2013,0.0
009,Shulxa,Шелуха,Husk,Шулха,2013-M02,2013,0.0
010,Kombikorm,Комбикорм,Compound feed,Комбикорм,2013-M02,2013,626.0
011,Oliy navli bug'doy uni,Мука пшеничная высшего сорта,High-grade wheat flour,Олий навли буғдой уни,2013-M02,2013,1341.0
0012,1-navli bug'doy uni,Мука пшеничная первого сорта,First grade wheat flour,1-навли буғдой уни,2013-M02,2013,0.0
013,1-nav bug'doy unidan non,Хлеб пшеничный из муки 1-го сорта,Wheat bread from 1st grade flour,1-нав буғдой унидан нон,2013-M02,2013,0.0
017,Mol go'shti,Говядина,Beef,Мол гўшти,2013-M02,2013,14988.0
0020,Qo'y go'shti,Баранина,Mutton,Қўй гўшти,2013-M02,2013,16963.0
022,Tovuq go'shti,Мясо птицы,Poultry,Товуқ гўшти,2013-M02,2013,0.0
026,Turli baliqlar,Рыба всякая,Fish of all kinds,Турли балиқлар,2013-M02,2013,8448.0
027,Yangi sog'ilgan sut (1 litr),Молоко свежее (1 литр),Fresh milk (1 liter),Янги соғилган сут (1 литр),2013-M02,2013,1731.0
034,Tuxum (10 dona),Яйца (10 штук),Eggs (10 pieces ),Тухум (10 дона),2013-M02,2013,3621.0
035,Paxta yog'i (1 litr),Масло хлопковое (1 литр),Cottonseed oil (1 liter),Пахта ёғи (1 литр),2013-M02,2013,0.0
0036,Kungaboqar yog'i (1 litr),Масло подсолнечное (1 литр),Sunflower oil (1 liter),Кунгабоқар ёғи (1 литр),2013-M02,2013,0.0
037,Sariyog',Масло сливочное,Butter,Сариёғ,2013-M02,2013,14660.0
039,Limon,Лимоны,Lemons,Лимон,2013-M02,2013,6613.0
0040,Olma,Яблоки,Apples,Олма,2013-M02,2013,2348.0
041,Nok,Груши,Pears,Нок,2013-M02,2013,4135.0
049,Uzum,Виноград,Grape,Узум,2013-M02,2013,3273.0
0050,Tarvuz,Арбуз,Watermelon,Тарвуз,2013-M02,2013,0.0
0051,Qovun,Дыня,Melon,Қовун,2013-M02,2013,1731.0
053,Mayiz,Кишмиш,Kishmish,Майиз,2013-M02,2013,7548.0
055,Karam,Капуста,Cabbage,Карам,2013-M02,2013,678.0
057,Bodring,Огурцы,Cucumbers,Бодринг,2013-M02,2013,4125.0
058,Pomidor,Помидоры,Tomatoes,Помидор,2013-M02,2013,4154.0
059,Baqlajon,Баклажаны,Eggplant,Бақлажон,2013-M02,2013,0.0
0060,Bulg'or qalampiri,Перец болгарский,Bell pepper,Булғор қалампири,2013-M02,2013,0.0
061,Qovoq,Тыква,Pumpkin,Қовоқ,2013-M02,2013,761.0
063,Sabzi,Морковь,Carrot,Сабзи,2013-M02,2013,511.0
065,Sarimsoq,Чеснок,Garlic,Саримсоқ,2013-M02,2013,2692.0
066,Piyoz,Лук репчатый,Onion,Пиёз,2013-M02,2013,573.0
069,Kartoshka,Картофель,Potatoes,Картошка,2013-M02,2013,1817.0
0070,Loviya,Фасоль,Beans,Ловия,2013-M02,2013,0.0
071,No'xot,Горох,Peas,Нўхот,2013-M02,2013,0.0
0072,Mosh,Маш,Mash,Мош,2013-M02,2013,0.0
073,Shakar,Сахар песок,Sugar,Шакар,2013-M02,2013,0.0
002,Kruppa yormasi,Крупа манная,Semolina,Круппа ёрмаси,2013-M02,2013,0.0
001,Guruch,Рис,Rice,Гуруч,2013-M03,2013,2642.0
003,Arpa,Ячмень,Barley,Арпа,2013-M03,2013,0.0
0004,Bug'doy,Пшеница,Wheat,Буғдой,2013-M03,2013,1235.0
005,Jo'hori,Кукуруза,Corn,Жўҳори,2013-M03,2013,1117.0
006,Kepak,Отруби,Bran,Кепак,2013-M03,2013,580.0
0008,Shrot,Шрот,Schroth,Шрот,2013-M03,2013,0.0
009,Shulxa,Шелуха,Husk,Шулха,2013-M03,2013,0.0
010,Kombikorm,Комбикорм,Compound feed,Комбикорм,2013-M03,2013,582.0
011,Oliy navli bug'doy uni,Мука пшеничная высшего сорта,High-grade wheat flour,Олий навли буғдой уни,2013-M03,2013,1335.0
0012,1-navli bug'doy uni,Мука пшеничная первого сорта,First grade wheat flour,1-навли буғдой уни,2013-M03,2013,0.0
013,1-nav bug'doy unidan non,Хлеб пшеничный из муки 1-го сорта,Wheat bread from 1st grade flour,1-нав буғдой унидан нон,2013-M03,2013,0.0
017,Mol go'shti,Говядина,Beef,Мол гўшти,2013-M03,2013,15008.0
0020,Qo'y go'shti,Баранина,Mutton,Қўй гўшти,2013-M03,2013,16992.0
022,Tovuq go'shti,Мясо птицы,Poultry,Товуқ гўшти,2013-M03,2013,0.0
026,Turli baliqlar,Рыба всякая,Fish of all kinds,Турли балиқлар,2013-M03,2013,8506.0
027,Yangi sog'ilgan sut (1 litr),Молоко свежее (1 литр),Fresh milk (1 liter),Янги соғилган сут (1 литр),2013-M03,2013,1746.0
034,Tuxum (10 dona),Яйца (10 штук),Eggs (10 pieces ),Тухум (10 дона),2013-M03,2013,3492.0
035,Paxta yog'i (1 litr),Масло хлопковое (1 литр),Cottonseed oil (1 liter),Пахта ёғи (1 литр),2013-M03,2013,0.0
0036,Kungaboqar yog'i (1 litr),Масло подсолнечное (1 литр),Sunflower oil (1 liter),Кунгабоқар ёғи (1 литр),2013-M03,2013,0.0
037,Sariyog',Масло сливочное,Butter,Сариёғ,2013-M03,2013,14638.0
039,Limon,Лимоны,Lemons,Лимон,2013-M03,2013,6902.0
0040,Olma,Яблоки,Apples,Олма,2013-M03,2013,2863.0
041,Nok,Груши,Pears,Нок,2013-M03,2013,4708.0
049,Uzum,Виноград,Grape,Узум,2013-M03,2013,4115.0
0050,Tarvuz,Арбуз,Watermelon,Тарвуз,2013-M03,2013,0.0
0051,Qovun,Дыня,Melon,Қовун,2013-M03,2013,2041.0
053,Mayiz,Кишмиш,Kishmish,Майиз,2013-M03,2013,7663.0
055,Karam,Капуста,Cabbage,Карам,2013-M03,2013,688.0
057,Bodring,Огурцы,Cucumbers,Бодринг,2013-M03,2013,5900.0
058,Pomidor,Помидоры,Tomatoes,Помидор,2013-M03,2013,6100.0
059,Baqlajon,Баклажаны,Eggplant,Бақлажон,2013-M03,2013,0.0
0060,Bulg'or qalampiri,Перец болгарский,Bell pepper,Булғор қалампири,2013-M03,2013,0.0
061,Qovoq,Тыква,Pumpkin,Қовоқ,2013-M03,2013,751.0
063,Sabzi,Морковь,Carrot,Сабзи,2013-M03,2013,451.0
065,Sarimsoq,Чеснок,Garlic,Саримсоқ,2013-M03,2013,2815.0
066,Piyoz,Лук репчатый,Onion,Пиёз,2013-M03,2013,466.0
069,Kartoshka,Картофель,Potatoes,Картошка,2013-M03,2013,1720.0
0070,Loviya,Фасоль,Beans,Ловия,2013-M03,2013,0.0
071,No'xot,Горох,Peas,Нўхот,2013-M03,2013,0.0
0072,Mosh,Маш,Mash,Мош,2013-M03,2013,0.0
073,Shakar,Сахар песок,Sugar,Шакар,2013-M03,2013,0.0
002,Kruppa yormasi,Крупа манная,Semolina,Круппа ёрмаси,2013-M03,2013,0.0
001,Guruch,Рис,Rice,Гуруч,2013-M04,2013,2654.0
003,Arpa,Ячмень,Barley,Арпа,2013-M04,2013,0.0
0004,Bug'doy,Пшеница,Wheat,Буғдой,2013-M04,2013,1047.0
005,Jo'hori,Кукуруза,Corn,Жўҳори,2013-M04,2013,1051.0
006,Kepak,Отруби,Bran,Кепак,2013-M04,2013,561.0
0008,Shrot,Шрот,Schroth,Шрот,2013-M04,2013,0.0
009,Shulxa,Шелуха,Husk,Шулха,2013-M04,2013,0.0
010,Kombikorm,Комбикорм,Compound feed,Комбикорм,2013-M04,2013,565.0
011,Oliy navli bug'doy uni,Мука пшеничная высшего сорта,High-grade wheat flour,Олий навли буғдой уни,2013-M04,2013,1340.0
0012,1-navli bug'doy uni,Мука пшеничная первого сорта,First grade wheat flour,1-навли буғдой уни,2013-M04,2013,0.0
013,1-nav bug'doy unidan non,Хлеб пшеничный из муки 1-го сорта,Wheat bread from 1st grade flour,1-нав буғдой унидан нон,2013-M04,2013,0.0
017,Mol go'shti,Говядина,Beef,Мол гўшти,2013-M04,2013,15019.0
0020,Qo'y go'shti,Баранина,Mutton,Қўй гўшти,2013-M04,2013,17006.0
022,Tovuq go'shti,Мясо птицы,Poultry,Товуқ гўшти,2013-M04,2013,0.0
026,Turli baliqlar,Рыба всякая,Fish of all kinds,Турли балиқлар,2013-M04,2013,8771.0
027,Yangi sog'ilgan sut (1 litr),Молоко свежее (1 литр),Fresh milk (1 liter),Янги соғилган сут (1 литр),2013-M04,2013,1771.0
034,Tuxum (10 dona),Яйца (10 штук),Eggs (10 pieces ),Тухум (10 дона),2013-M04,2013,3148.0
035,Paxta yog'i (1 litr),Масло хлопковое (1 литр),Cottonseed oil (1 liter),Пахта ёғи (1 литр),2013-M04,2013,0.0
0036,Kungaboqar yog'i (1 litr),Масло подсолнечное (1 литр),Sunflower oil (1 liter),Кунгабоқар ёғи (1 литр),2013-M04,2013,0.0
037,Sariyog',Масло сливочное,Butter,Сариёғ,2013-M04,2013,14688.0
039,Limon,Лимоны,Lemons,Лимон,2013-M04,2013,8800.0
0040,Olma,Яблоки,Apples,Олма,2013-M04,2013,3754.0
041,Nok,Груши,Pears,Нок,2013-M04,2013,5756.0
049,Uzum,Виноград,Grape,Узум,2013-M04,2013,6013.0
0050,Tarvuz,Арбуз,Watermelon,Тарвуз,2013-M04,2013,0.0
0051,Qovun,Дыня,Melon,Қовун,2013-M04,2013,0.0
053,Mayiz,Кишмиш,Kishmish,Майиз,2013-M04,2013,7806.0
055,Karam,Капуста,Cabbage,Карам,2013-M04,2013,1046.0
057,Bodring,Огурцы,Cucumbers,Бодринг,2013-M04,2013,5013.0
058,Pomidor,Помидоры,Tomatoes,Помидор,2013-M04,2013,7544.0
059,Baqlajon,Баклажаны,Eggplant,Бақлажон,2013-M04,2013,0.0
0060,Bulg'or qalampiri,Перец болгарский,Bell pepper,Булғор қалампири,2013-M04,2013,0.0
061,Qovoq,Тыква,Pumpkin,Қовоқ,2013-M04,2013,1136.0
063,Sabzi,Морковь,Carrot,Сабзи,2013-M04,2013,449.0
065,Sarimsoq,Чеснок,Garlic,Саримсоқ,2013-M04,2013,3113.0
066,Piyoz,Лук репчатый,Onion,Пиёз,2013-M04,2013,452.0
069,Kartoshka,Картофель,Potatoes,Картошка,2013-M04,2013,1698.0
0070,Loviya,Фасоль,Beans,Ловия,2013-M04,2013,0.0
071,No'xot,Горох,Peas,Нўхот,2013-M04,2013,0.0
0072,Mosh,Маш,Mash,Мош,2013-M04,2013,0.0
073,Shakar,Сахар песок,Sugar,Шакар,2013-M04,2013,0.0
002,Kruppa yormasi,Крупа манная,Semolina,Круппа ёрмаси,2013-M04,2013,0.0
001,Guruch,Рис,Rice,Гуруч,2013-M05,2013,2501.0
003,Arpa,Ячмень,Barley,Арпа,2013-M05,2013,0.0
0004,Bug'doy,Пшеница,Wheat,Буғдой,2013-M05,2013,913.0
005,Jo'hori,Кукуруза,Corn,Жўҳори,2013-M05,2013,914.0
006,Kepak,Отруби,Bran,Кепак,2013-M05,2013,553.0
0008,Shrot,Шрот,Schroth,Шрот,2013-M05,2013,0.0
009,Shulxa,Шелуха,Husk,Шулха,2013-M05,2013,0.0
010,Kombikorm,Комбикорм,Compound feed,Комбикорм,2013-M05,2013,556.0
011,Oliy navli bug'doy uni,Мука пшеничная высшего сорта,High-grade wheat flour,Олий навли буғдой уни,2013-M05,2013,1249.0
0012,1-navli bug'doy uni,Мука пшеничная первого сорта,First grade wheat flour,1-навли буғдой уни,2013-M05,2013,0.0
013,1-nav bug'doy unidan non,Хлеб пшеничный из муки 1-го сорта,Wheat bread from 1st grade flour,1-нав буғдой унидан нон,2013-M05,2013,0.0
017,Mol go'shti,Говядина,Beef,Мол гўшти,2013-M05,2013,15019.0
0020,Qo'y go'shti,Баранина,Mutton,Қўй гўшти,2013-M05,2013,17006.0
022,Tovuq go'shti,Мясо птицы,Poultry,Товуқ гўшти,2013-M05,2013,0.0
026,Turli baliqlar,Рыба всякая,Fish of all kinds,Турли балиқлар,2013-M05,2013,8902.0
027,Yangi sog'ilgan sut (1 litr),Молоко свежее (1 литр),Fresh milk (1 liter),Янги соғилган сут (1 литр),2013-M05,2013,1892.0
034,Tuxum (10 dona),Яйца (10 штук),Eggs (10 pieces ),Тухум (10 дона),2013-M05,2013,3000.0
035,Paxta yog'i (1 litr),Масло хлопковое (1 литр),Cottonseed oil (1 liter),Пахта ёғи (1 литр),2013-M05,2013,0.0
0036,Kungaboqar yog'i (1 litr),Масло подсолнечное (1 литр),Sunflower oil (1 liter),Кунгабоқар ёғи (1 литр),2013-M05,2013,0.0
037,Sariyog',Масло сливочное,Butter,Сариёғ,2013-M05,2013,14713.0
039,Limon,Лимоны,Lemons,Лимон,2013-M05,2013,9860.0
0040,Olma,Яблоки,Apples,Олма,2013-M05,2013,5171.0
041,Nok,Груши,Pears,Нок,2013-M05,2013,4708.0
049,Uzum,Виноград,Grape,Узум,2013-M05,2013,0.0
0050,Tarvuz,Арбуз,Watermelon,Тарвуз,2013-M05,2013,0.0
0051,Qovun,Дыня,Melon,Қовун,2013-M05,2013,0.0
053,Mayiz,Кишмиш,Kishmish,Майиз,2013-M05,2013,8004.0
055,Karam,Капуста,Cabbage,Карам,2013-M05,2013,1210.0
057,Bodring,Огурцы,Cucumbers,Бодринг,2013-M05,2013,1992.0
058,Pomidor,Помидоры,Tomatoes,Помидор,2013-M05,2013,5285.0
059,Baqlajon,Баклажаны,Eggplant,Бақлажон,2013-M05,2013,0.0
0060,Bulg'or qalampiri,Перец болгарский,Bell pepper,Булғор қалампири,2013-M05,2013,5438.0
061,Qovoq,Тыква,Pumpkin,Қовоқ,2013-M05,2013,0.0
063,Sabzi,Морковь,Carrot,Сабзи,2013-M05,2013,517.0
065,Sarimsoq,Чеснок,Garlic,Саримсоқ,2013-M05,2013,2769.0
066,Piyoz,Лук репчатый,Onion,Пиёз,2013-M05,2013,495.0
069,Kartoshka,Картофель,Potatoes,Картошка,2013-M05,2013,1617.0
0070,Loviya,Фасоль,Beans,Ловия,2013-M05,2013,0.0
071,No'xot,Горох,Peas,Нўхот,2013-M05,2013,0.0
0072,Mosh,Маш,Mash,Мош,2013-M05,2013,0.0
073,Shakar,Сахар песок,Sugar,Шакар,2013-M05,2013,0.0
002,Kruppa yormasi,Крупа манная,Semolina,Круппа ёрмаси,2013-M05,2013,0.0
001,Guruch,Рис,Rice,Гуруч,2013-M06,2013,2527.0
003,Arpa,Ячмень,Barley,Арпа,2013-M06,2013,850.0
0004,Bug'doy,Пшеница,Wheat,Буғдой,2013-M06,2013,827.0
005,Jo'hori,Кукуруза,Corn,Жўҳори,2013-M06,2013,853.0
006,Kepak,Отруби,Bran,Кепак,2013-M06,2013,554.0
0008,Shrot,Шрот,Schroth,Шрот,2013-M06,2013,0.0
009,Shulxa,Шелуха,Husk,Шулха,2013-M06,2013,0.0
010,Kombikorm,Комбикорм,Compound feed,Комбикорм,2013-M06,2013,558.0
011,Oliy navli bug'doy uni,Мука пшеничная высшего сорта,High-grade wheat flour,Олий навли буғдой уни,2013-M06,2013,1231.0
0012,1-navli bug'doy uni,Мука пшеничная первого сорта,First grade wheat flour,1-навли буғдой уни,2013-M06,2013,0.0
013,1-nav bug'doy unidan non,Хлеб пшеничный из муки 1-го сорта,Wheat bread from 1st grade flour,1-нав буғдой унидан нон,2013-M06,2013,0.0
017,Mol go'shti,Говядина,Beef,Мол гўшти,2013-M06,2013,15079.0
0020,Qo'y go'shti,Баранина,Mutton,Қўй гўшти,2013-M06,2013,17088.0
022,Tovuq go'shti,Мясо птицы,Poultry,Товуқ гўшти,2013-M06,2013,0.0
026,Turli baliqlar,Рыба всякая,Fish of all kinds,Турли балиқлар,2013-M06,2013,8995.0
027,Yangi sog'ilgan sut (1 litr),Молоко свежее (1 литр),Fresh milk (1 liter),Янги соғилган сут (1 литр),2013-M06,2013,1906.0
034,Tuxum (10 dona),Яйца (10 штук),Eggs (10 pieces ),Тухум (10 дона),2013-M06,2013,3040.0
035,Paxta yog'i (1 litr),Масло хлопковое (1 литр),Cottonseed oil (1 liter),Пахта ёғи (1 литр),2013-M06,2013,0.0
0036,Kungaboqar yog'i (1 litr),Масло подсолнечное (1 литр),Sunflower oil (1 liter),Кунгабоқар ёғи (1 литр),2013-M06,2013,0.0
037,Sariyog',Масло сливочное,Butter,Сариёғ,2013-M06,2013,14562.0
039,Limon,Лимоны,Lemons,Лимон,2013-M06,2013,9902.0
0040,Olma,Яблоки,Apples,Олма,2013-M06,2013,3094.0
041,Nok,Груши,Pears,Нок,2013-M06,2013,3600.0
049,Uzum,Виноград,Grape,Узум,2013-M06,2013,3050.0
0050,Tarvuz,Арбуз,Watermelon,Тарвуз,2013-M06,2013,1694.0
0051,Qovun,Дыня,Melon,Қовун,2013-M06,2013,2408.0
053,Mayiz,Кишмиш,Kishmish,Майиз,2013-M06,2013,8008.0
055,Karam,Капуста,Cabbage,Карам,2013-M06,2013,902.0
057,Bodring,Огурцы,Cucumbers,Бодринг,2013-M06,2013,1191.0
058,Pomidor,Помидоры,Tomatoes,Помидор,2013-M06,2013,2280.0
059,Baqlajon,Баклажаны,Eggplant,Бақлажон,2013-M06,2013,3055.0
0060,Bulg'or qalampiri,Перец болгарский,Bell pepper,Булғор қалампири,2013-M06,2013,3198.0
061,Qovoq,Тыква,Pumpkin,Қовоқ,2013-M06,2013,0.0
063,Sabzi,Морковь,Carrot,Сабзи,2013-M06,2013,638.0
065,Sarimsoq,Чеснок,Garlic,Саримсоқ,2013-M06,2013,2379.0
066,Piyoz,Лук репчатый,Onion,Пиёз,2013-M06,2013,625.0
069,Kartoshka,Картофель,Potatoes,Картошка,2013-M06,2013,864.0
0070,Loviya,Фасоль,Beans,Ловия,2013-M06,2013,0.0
071,No'xot,Горох,Peas,Нўхот,2013-M06,2013,0.0
0072,Mosh,Маш,Mash,Мош,2013-M06,2013,0.0
073,Shakar,Сахар песок,Sugar,Шакар,2013-M06,2013,0.0
002,Kruppa yormasi,Крупа манная,Semolina,Круппа ёрмаси,2013-M06,2013,850.0
001,Guruch,Рис,Rice,Гуруч,2013-M07,2013,2574.0
003,Arpa,Ячмень,Barley,Арпа,2013-M07,2013,0.0
0004,Bug'doy,Пшеница,Wheat,Буғдой,2013-M07,2013,785.0
005,Jo'hori,Кукуруза,Corn,Жўҳори,2013-M07,2013,792.0
006,Kepak,Отруби,Bran,Кепак,2013-M07,2013,547.0
0008,Shrot,Шрот,Schroth,Шрот,2013-M07,2013,0.0
009,Shulxa,Шелуха,Husk,Шулха,2013-M07,2013,0.0
010,Kombikorm,Комбикорм,Compound feed,Комбикорм,2013-M07,2013,548.0
011,Oliy navli bug'doy uni,Мука пшеничная высшего сорта,High-grade wheat flour,Олий навли буғдой уни,2013-M07,2013,1217.0
0012,1-navli bug'doy uni,Мука пшеничная первого сорта,First grade wheat flour,1-навли буғдой уни,2013-M07,2013,0.0
013,1-nav bug'doy unidan non,Хлеб пшеничный из муки 1-го сорта,Wheat bread from 1st grade flour,1-нав буғдой унидан нон,2013-M07,2013,0.0
017,Mol go'shti,Говядина,Beef,Мол гўшти,2013-M07,2013,15058.0
0020,Qo'y go'shti,Баранина,Mutton,Қўй гўшти,2013-M07,2013,17058.0
022,Tovuq go'shti,Мясо птицы,Poultry,Товуқ гўшти,2013-M07,2013,0.0
026,Turli baliqlar,Рыба всякая,Fish of all kinds,Турли балиқлар,2013-M07,2013,9038.0
027,Yangi sog'ilgan sut (1 litr),Молоко свежее (1 литр),Fresh milk (1 liter),Янги соғилган сут (1 литр),2013-M07,2013,1908.0
034,Tuxum (10 dona),Яйца (10 штук),Eggs (10 pieces ),Тухум (10 дона),2013-M07,2013,3098.0
035,Paxta yog'i (1 litr),Масло хлопковое (1 литр),Cottonseed oil (1 liter),Пахта ёғи (1 литр),2013-M07,2013,0.0
0036,Kungaboqar yog'i (1 litr),Масло подсолнечное (1 литр),Sunflower oil (1 liter),Кунгабоқар ёғи (1 литр),2013-M07,2013,0.0
037,Sariyog',Масло сливочное,Butter,Сариёғ,2013-M07,2013,14238.0
039,Limon,Лимоны,Lemons,Лимон,2013-M07,2013,9971.0
0040,Olma,Яблоки,Apples,Олма,2013-M07,2013,2433.0
041,Nok,Груши,Pears,Нок,2013-M07,2013,3558.0
049,Uzum,Виноград,Grape,Узум,2013-M07,2013,1848.0
0050,Tarvuz,Арбуз,Watermelon,Тарвуз,2013-M07,2013,745.0
0051,Qovun,Дыня,Melon,Қовун,2013-M07,2013,1188.0
053,Mayiz,Кишмиш,Kishmish,Майиз,2013-M07,2013,7885.0
055,Karam,Капуста,Cabbage,Карам,2013-M07,2013,960.0
057,Bodring,Огурцы,Cucumbers,Бодринг,2013-M07,2013,860.0
058,Pomidor,Помидоры,Tomatoes,Помидор,2013-M07,2013,1172.0
059,Baqlajon,Баклажаны,Eggplant,Бақлажон,2013-M07,2013,984.0
0060,Bulg'or qalampiri,Перец болгарский,Bell pepper,Булғор қалампири,2013-M07,2013,2444.0
061,Qovoq,Тыква,Pumpkin,Қовоқ,2013-M07,2013,1656.0
063,Sabzi,Морковь,Carrot,Сабзи,2013-M07,2013,831.0
065,Sarimsoq,Чеснок,Garlic,Саримсоқ,2013-M07,2013,2350.0
066,Piyoz,Лук репчатый,Onion,Пиёз,2013-M07,2013,665.0
069,Kartoshka,Картофель,Potatoes,Картошка,2013-M07,2013,955.0
0070,Loviya,Фасоль,Beans,Ловия,2013-M07,2013,0.0
071,No'xot,Горох,Peas,Нўхот,2013-M07,2013,0.0
0072,Mosh,Маш,Mash,Мош,2013-M07,2013,0.0
073,Shakar,Сахар песок,Sugar,Шакар,2013-M07,2013,0.0
002,Kruppa yormasi,Крупа манная,Semolina,Круппа ёрмаси,2013-M07,2013,0.0
001,Guruch,Рис,Rice,Гуруч,2013-M08,2013,2643.0
003,Arpa,Ячмень,Barley,Арпа,2013-M08,2013,0.0
0004,Bug'doy,Пшеница,Wheat,Буғдой,2013-M08,2013,778.0
005,Jo'hori,Кукуруза,Corn,Жўҳори,2013-M08,2013,776.0
006,Kepak,Отруби,Bran,Кепак,2013-M08,2013,580.0
0008,Shrot,Шрот,Schroth,Шрот,2013-M08,2013,0.0
009,Shulxa,Шелуха,Husk,Шулха,2013-M08,2013,0.0
010,Kombikorm,Комбикорм,Compound feed,Комбикорм,2013-M08,2013,586.0
011,Oliy navli bug'doy uni,Мука пшеничная высшего сорта,High-grade wheat flour,Олий навли буғдой уни,2013-M08,2013,1250.0
0012,1-navli bug'doy uni,Мука пшеничная первого сорта,First grade wheat flour,1-навли буғдой уни,2013-M08,2013,0.0
013,1-nav bug'doy unidan non,Хлеб пшеничный из муки 1-го сорта,Wheat bread from 1st grade flour,1-нав буғдой унидан нон,2013-M08,2013,0.0
017,Mol go'shti,Говядина,Beef,Мол гўшти,2013-M08,2013,16200.0
0020,Qo'y go'shti,Баранина,Mutton,Қўй гўшти,2013-M08,2013,18127.0
022,Tovuq go'shti,Мясо птицы,Poultry,Товуқ гўшти,2013-M08,2013,0.0
026,Turli baliqlar,Рыба всякая,Fish of all kinds,Турли балиқлар,2013-M08,2013,9314.0
027,Yangi sog'ilgan sut (1 litr),Молоко свежее (1 литр),Fresh milk (1 liter),Янги соғилган сут (1 литр),2013-M08,2013,1954.0
034,Tuxum (10 dona),Яйца (10 штук),Eggs (10 pieces ),Тухум (10 дона),2013-M08,2013,3343.0
035,Paxta yog'i (1 litr),Масло хлопковое (1 литр),Cottonseed oil (1 liter),Пахта ёғи (1 литр),2013-M08,2013,0.0
0036,Kungaboqar yog'i (1 litr),Масло подсолнечное (1 литр),Sunflower oil (1 liter),Кунгабоқар ёғи (1 литр),2013-M08,2013,0.0
037,Sariyog',Масло сливочное,Butter,Сариёғ,2013-M08,2013,14053.0
039,Limon,Лимоны,Lemons,Лимон,2013-M08,2013,10898.0
0040,Olma,Яблоки,Apples,Олма,2013-M08,2013,2360.0
041,Nok,Груши,Pears,Нок,2013-M08,2013,3573.0
049,Uzum,Виноград,Grape,Узум,2013-M08,2013,1988.0
0050,Tarvuz,Арбуз,Watermelon,Тарвуз,2013-M08,2013,546.0
0051,Qovun,Дыня,Melon,Қовун,2013-M08,2013,1009.0
053,Mayiz,Кишмиш,Kishmish,Майиз,2013-M08,2013,8117.0
055,Karam,Капуста,Cabbage,Карам,2013-M08,2013,783.0
057,Bodring,Огурцы,Cucumbers,Бодринг,2013-M08,2013,998.0
058,Pomidor,Помидоры,Tomatoes,Помидор,2013-M08,2013,1272.0
059,Baqlajon,Баклажаны,Eggplant,Бақлажон,2013-M08,2013,806.0
0060,Bulg'or qalampiri,Перец болгарский,Bell pepper,Булғор қалампири,2013-M08,2013,1765.0
061,Qovoq,Тыква,Pumpkin,Қовоқ,2013-M08,2013,1452.0
063,Sabzi,Морковь,Carrot,Сабзи,2013-M08,2013,1030.0
065,Sarimsoq,Чеснок,Garlic,Саримсоқ,2013-M08,2013,2113.0
066,Piyoz,Лук репчатый,Onion,Пиёз,2013-M08,2013,598.0
069,Kartoshka,Картофель,Potatoes,Картошка,2013-M08,2013,1049.0
0070,Loviya,Фасоль,Beans,Ловия,2013-M08,2013,0.0
071,No'xot,Горох,Peas,Нўхот,2013-M08,2013,0.0
0072,Mosh,Маш,Mash,Мош,2013-M08,2013,0.0
073,Shakar,Сахар песок,Sugar,Шакар,2013-M08,2013,0.0
002,Kruppa yormasi,Крупа манная,Semolina,Круппа ёрмаси,2013-M08,2013,0.0
001,Guruch,Рис,Rice,Гуруч,2013-M09,2013,2852.0
003,Arpa,Ячмень,Barley,Арпа,2013-M09,2013,1100.0
0004,Bug'doy,Пшеница,Wheat,Буғдой,2013-M09,2013,817.0
005,Jo'hori,Кукуруза,Corn,Жўҳори,2013-M09,2013,824.0
006,Kepak,Отруби,Bran,Кепак,2013-M09,2013,632.0
0008,Shrot,Шрот,Schroth,Шрот,2013-M09,2013,0.0
009,Shulxa,Шелуха,Husk,Шулха,2013-M09,2013,0.0
010,Kombikorm,Комбикорм,Compound feed,Комбикорм,2013-M09,2013,650.0
011,Oliy navli bug'doy uni,Мука пшеничная высшего сорта,High-grade wheat flour,Олий навли буғдой уни,2013-M09,2013,1303.0
0012,1-navli bug'doy uni,Мука пшеничная первого сорта,First grade wheat flour,1-навли буғдой уни,2013-M09,2013,0.0
013,1-nav bug'doy unidan non,Хлеб пшеничный из муки 1-го сорта,Wheat bread from 1st grade flour,1-нав буғдой унидан нон,2013-M09,2013,0.0
017,Mol go'shti,Говядина,Beef,Мол гўшти,2013-M09,2013,17196.0
0020,Qo'y go'shti,Баранина,Mutton,Қўй гўшти,2013-M09,2013,19104.0
022,Tovuq go'shti,Мясо птицы,Poultry,Товуқ гўшти,2013-M09,2013,0.0
026,Turli baliqlar,Рыба всякая,Fish of all kinds,Турли балиқлар,2013-M09,2013,9550.0
027,Yangi sog'ilgan sut (1 litr),Молоко свежее (1 литр),Fresh milk (1 liter),Янги соғилган сут (1 литр),2013-M09,2013,1988.0
034,Tuxum (10 dona),Яйца (10 штук),Eggs (10 pieces ),Тухум (10 дона),2013-M09,2013,3673.0
035,Paxta yog'i (1 litr),Масло хлопковое (1 литр),Cottonseed oil (1 liter),Пахта ёғи (1 литр),2013-M09,2013,0.0
0036,Kungaboqar yog'i (1 litr),Масло подсолнечное (1 литр),Sunflower oil (1 liter),Кунгабоқар ёғи (1 литр),2013-M09,2013,0.0
037,Sariyog',Масло сливочное,Butter,Сариёғ,2013-M09,2013,13907.0
039,Limon,Лимоны,Lemons,Лимон,2013-M09,2013,11171.0
0040,Olma,Яблоки,Apples,Олма,2013-M09,2013,2438.0
041,Nok,Груши,Pears,Нок,2013-M09,2013,3381.0
049,Uzum,Виноград,Grape,Узум,2013-M09,2013,1945.0
0050,Tarvuz,Арбуз,Watermelon,Тарвуз,2013-M09,2013,530.0
0051,Qovun,Дыня,Melon,Қовун,2013-M09,2013,959.0
053,Mayiz,Кишмиш,Kishmish,Майиз,2013-M09,2013,8388.0
055,Karam,Капуста,Cabbage,Карам,2013-M09,2013,642.0
057,Bodring,Огурцы,Cucumbers,Бодринг,2013-M09,2013,857.0
058,Pomidor,Помидоры,Tomatoes,Помидор,2013-M09,2013,1384.0
059,Baqlajon,Баклажаны,Eggplant,Бақлажон,2013-M09,2013,607.0
0060,Bulg'or qalampiri,Перец болгарский,Bell pepper,Булғор қалампири,2013-M09,2013,1411.0
061,Qovoq,Тыква,Pumpkin,Қовоқ,2013-M09,2013,890.0
063,Sabzi,Морковь,Carrot,Сабзи,2013-M09,2013,960.0
065,Sarimsoq,Чеснок,Garlic,Саримсоқ,2013-M09,2013,2223.0
066,Piyoz,Лук репчатый,Onion,Пиёз,2013-M09,2013,557.0
069,Kartoshka,Картофель,Potatoes,Картошка,2013-M09,2013,1260.0
0070,Loviya,Фасоль,Beans,Ловия,2013-M09,2013,0.0
071,No'xot,Горох,Peas,Нўхот,2013-M09,2013,0.0
0072,Mosh,Маш,Mash,Мош,2013-M09,2013,0.0
073,Shakar,Сахар песок,Sugar,Шакар,2013-M09,2013,0.0
002,Kruppa yormasi,Крупа манная,Semolina,Круппа ёрмаси,2013-M09,2013,1100.0
001,Guruch,Рис,Rice,Гуруч,2013-M10,2013,2985.0
003,Arpa,Ячмень,Barley,Арпа,2013-M10,2013,0.0
0004,Bug'doy,Пшеница,Wheat,Буғдой,2013-M10,2013,773.0
005,Jo'hori,Кукуруза,Corn,Жўҳори,2013-M10,2013,868.0
006,Kepak,Отруби,Bran,Кепак,2013-M10,2013,581.0
0008,Shrot,Шрот,Schroth,Шрот,2013-M10,2013,0.0
009,Shulxa,Шелуха,Husk,Шулха,2013-M10,2013,0.0
010,Kombikorm,Комбикорм,Compound feed,Комбикорм,2013-M10,2013,607.0
011,Oliy navli bug'doy uni,Мука пшеничная высшего сорта,High-grade wheat flour,Олий навли буғдой уни,2013-M10,2013,1342.0
0012,1-navli bug'doy uni,Мука пшеничная первого сорта,First grade wheat flour,1-навли буғдой уни,2013-M10,2013,0.0
013,1-nav bug'doy unidan non,Хлеб пшеничный из муки 1-го сорта,Wheat bread from 1st grade flour,1-нав буғдой унидан нон,2013-M10,2013,0.0
017,Mol go'shti,Говядина,Beef,Мол гўшти,2013-M10,2013,17525.0
0020,Qo'y go'shti,Баранина,Mutton,Қўй гўшти,2013-M10,2013,19346.0
022,Tovuq go'shti,Мясо птицы,Poultry,Товуқ гўшти,2013-M10,2013,0.0
026,Turli baliqlar,Рыба всякая,Fish of all kinds,Турли балиқлар,2013-M10,2013,9218.0
027,Yangi sog'ilgan sut (1 litr),Молоко свежее (1 литр),Fresh milk (1 liter),Янги соғилган сут (1 литр),2013-M10,2013,1981.0
034,Tuxum (10 dona),Яйца (10 штук),Eggs (10 pieces ),Тухум (10 дона),2013-M10,2013,3957.0
035,Paxta yog'i (1 litr),Масло хлопковое (1 литр),Cottonseed oil (1 liter),Пахта ёғи (1 литр),2013-M10,2013,0.0
0036,Kungaboqar yog'i (1 litr),Масло подсолнечное (1 литр),Sunflower oil (1 liter),Кунгабоқар ёғи (1 литр),2013-M10,2013,0.0
037,Sariyog',Масло сливочное,Butter,Сариёғ,2013-M10,2013,14053.0
039,Limon,Лимоны,Lemons,Лимон,2013-M10,2013,10447.0
0040,Olma,Яблоки,Apples,Олма,2013-M10,2013,2525.0
041,Nok,Груши,Pears,Нок,2013-M10,2013,3429.0
049,Uzum,Виноград,Grape,Узум,2013-M10,2013,2244.0
0050,Tarvuz,Арбуз,Watermelon,Тарвуз,2013-M10,2013,543.0
0051,Qovun,Дыня,Melon,Қовун,2013-M10,2013,954.0
053,Mayiz,Кишмиш,Kishmish,Майиз,2013-M10,2013,8448.0
055,Karam,Капуста,Cabbage,Карам,2013-M10,2013,598.0
057,Bodring,Огурцы,Cucumbers,Бодринг,2013-M10,2013,1244.0
058,Pomidor,Помидоры,Tomatoes,Помидор,2013-M10,2013,1772.0
059,Baqlajon,Баклажаны,Eggplant,Бақлажон,2013-M10,2013,570.0
0060,Bulg'or qalampiri,Перец болгарский,Bell pepper,Булғор қалампири,2013-M10,2013,1534.0
061,Qovoq,Тыква,Pumpkin,Қовоқ,2013-M10,2013,589.0
063,Sabzi,Морковь,Carrot,Сабзи,2013-M10,2013,901.0
065,Sarimsoq,Чеснок,Garlic,Саримсоқ,2013-M10,2013,2228.0
066,Piyoz,Лук репчатый,Onion,Пиёз,2013-M10,2013,505.0
069,Kartoshka,Картофель,Potatoes,Картошка,2013-M10,2013,1453.0
0070,Loviya,Фасоль,Beans,Ловия,2013-M10,2013,0.0
071,No'xot,Горох,Peas,Нўхот,2013-M10,2013,0.0
0072,Mosh,Маш,Mash,Мош,2013-M10,2013,0.0
073,Shakar,Сахар песок,Sugar,Шакар,2013-M10,2013,0.0
002,Kruppa yormasi,Крупа манная,Semolina,Круппа ёрмаси,2013-M10,2013,0.0
001,Guruch,Рис,Rice,Гуруч,2013-M11,2013,2883.0
003,Arpa,Ячмень,Barley,Арпа,2013-M11,2013,0.0
0004,Bug'doy,Пшеница,Wheat,Буғдой,2013-M11,2013,808.0
005,Jo'hori,Кукуруза,Corn,Жўҳори,2013-M11,2013,904.0
006,Kepak,Отруби,Bran,Кепак,2013-M11,2013,602.0
0008,Shrot,Шрот,Schroth,Шрот,2013-M11,2013,0.0
009,Shulxa,Шелуха,Husk,Шулха,2013-M11,2013,0.0
010,Kombikorm,Комбикорм,Compound feed,Комбикорм,2013-M11,2013,622.0
011,Oliy navli bug'doy uni,Мука пшеничная высшего сорта,High-grade wheat flour,Олий навли буғдой уни,2013-M11,2013,1360.0
0012,1-navli bug'doy uni,Мука пшеничная первого сорта,First grade wheat flour,1-навли буғдой уни,2013-M11,2013,0.0
013,1-nav bug'doy unidan non,Хлеб пшеничный из муки 1-го сорта,Wheat bread from 1st grade flour,1-нав буғдой унидан нон,2013-M11,2013,0.0
017,Mol go'shti,Говядина,Beef,Мол гўшти,2013-M11,2013,17813.0
0020,Qo'y go'shti,Баранина,Mutton,Қўй гўшти,2013-M11,2013,19677.0
022,Tovuq go'shti,Мясо птицы,Poultry,Товуқ гўшти,2013-M11,2013,0.0
026,Turli baliqlar,Рыба всякая,Fish of all kinds,Турли балиқлар,2013-M11,2013,9461.0
027,Yangi sog'ilgan sut (1 litr),Молоко свежее (1 литр),Fresh milk (1 liter),Янги соғилган сут (1 литр),2013-M11,2013,1971.0
034,Tuxum (10 dona),Яйца (10 штук),Eggs (10 pieces ),Тухум (10 дона),2013-M11,2013,4169.0
035,Paxta yog'i (1 litr),Масло хлопковое (1 литр),Cottonseed oil (1 liter),Пахта ёғи (1 литр),2013-M11,2013,0.0
0036,Kungaboqar yog'i (1 litr),Масло подсолнечное (1 литр),Sunflower oil (1 liter),Кунгабоқар ёғи (1 литр),2013-M11,2013,0.0
037,Sariyog',Масло сливочное,Butter,Сариёғ,2013-M11,2013,14209.0
039,Limon,Лимоны,Lemons,Лимон,2013-M11,2013,9283.0
0040,Olma,Яблоки,Apples,Олма,2013-M11,2013,2774.0
041,Nok,Груши,Pears,Нок,2013-M11,2013,3790.0
049,Uzum,Виноград,Grape,Узум,2013-M11,2013,2815.0
0050,Tarvuz,Арбуз,Watermelon,Тарвуз,2013-M11,2013,640.0
0051,Qovun,Дыня,Melon,Қовун,2013-M11,2013,1126.0
053,Mayiz,Кишмиш,Kishmish,Майиз,2013-M11,2013,8580.0
055,Karam,Капуста,Cabbage,Карам,2013-M11,2013,614.0
057,Bodring,Огурцы,Cucumbers,Бодринг,2013-M11,2013,2215.0
058,Pomidor,Помидоры,Tomatoes,Помидор,2013-M11,2013,2290.0
059,Baqlajon,Баклажаны,Eggplant,Бақлажон,2013-M11,2013,831.0
0060,Bulg'or qalampiri,Перец болгарский,Bell pepper,Булғор қалампири,2013-M11,2013,1874.0
061,Qovoq,Тыква,Pumpkin,Қовоқ,2013-M11,2013,581.0
063,Sabzi,Морковь,Carrot,Сабзи,2013-M11,2013,531.0
065,Sarimsoq,Чеснок,Garlic,Саримсоқ,2013-M11,2013,2409.0
066,Piyoz,Лук репчатый,Onion,Пиёз,2013-M11,2013,472.0
069,Kartoshka,Картофель,Potatoes,Картошка,2013-M11,2013,1500.0
0070,Loviya,Фасоль,Beans,Ловия,2013-M11,2013,0.0
071,No'xot,Горох,Peas,Нўхот,2013-M11,2013,0.0
0072,Mosh,Маш,Mash,Мош,2013-M11,2013,0.0
073,Shakar,Сахар песок,Sugar,Шакар,2013-M11,2013,0.0
002,Kruppa yormasi,Крупа манная,Semolina,Круппа ёрмаси,2013-M11,2013,0.0
001,Guruch,Рис,Rice,Гуруч,2013-M12,2013,2972.0
003,Arpa,Ячмень,Barley,Арпа,2013-M12,2013,0.0
0004,Bug'doy,Пшеница,Wheat,Буғдой,2013-M12,2013,841.0
005,Jo'hori,Кукуруза,Corn,Жўҳори,2013-M12,2013,852.0
006,Kepak,Отруби,Bran,Кепак,2013-M12,2013,658.0
0008,Shrot,Шрот,Schroth,Шрот,2013-M12,2013,0.0
009,Shulxa,Шелуха,Husk,Шулха,2013-M12,2013,0.0
010,Kombikorm,Комбикорм,Compound feed,Комбикорм,2013-M12,2013,664.0
011,Oliy navli bug'doy uni,Мука пшеничная высшего сорта,High-grade wheat flour,Олий навли буғдой уни,2013-M12,2013,1418.0
0012,1-navli bug'doy uni,Мука пшеничная первого сорта,First grade wheat flour,1-навли буғдой уни,2013-M12,2013,0.0
013,1-nav bug'doy unidan non,Хлеб пшеничный из муки 1-го сорта,Wheat bread from 1st grade flour,1-нав буғдой унидан нон,2013-M12,2013,0.0
017,Mol go'shti,Говядина,Beef,Мол гўшти,2013-M12,2013,18542.0
0020,Qo'y go'shti,Баранина,Mutton,Қўй гўшти,2013-M12,2013,20471.0
022,Tovuq go'shti,Мясо птицы,Poultry,Товуқ гўшти,2013-M12,2013,0.0
026,Turli baliqlar,Рыба всякая,Fish of all kinds,Турли балиқлар,2013-M12,2013,9540.0
027,Yangi sog'ilgan sut (1 litr),Молоко свежее (1 литр),Fresh milk (1 liter),Янги соғилган сут (1 литр),2013-M12,2013,1775.0
034,Tuxum (10 dona),Яйца (10 штук),Eggs (10 pieces ),Тухум (10 дона),2013-M12,2013,3917.0
035,Paxta yog'i (1 litr),Масло хлопковое (1 литр),Cottonseed oil (1 liter),Пахта ёғи (1 литр),2013-M12,2013,0.0
0036,Kungaboqar yog'i (1 litr),Масло подсолнечное (1 литр),Sunflower oil (1 liter),Кунгабоқар ёғи (1 литр),2013-M12,2013,0.0
037,Sariyog',Масло сливочное,Butter,Сариёғ,2013-M12,2013,14648.0
039,Limon,Лимоны,Lemons,Лимон,2013-M12,2013,7719.0
0040,Olma,Яблоки,Apples,Олма,2013-M12,2013,3115.0
041,Nok,Груши,Pears,Нок,2013-M12,2013,4289.0
049,Uzum,Виноград,Grape,Узум,2013-M12,2013,3500.0
0050,Tarvuz,Арбуз,Watermelon,Тарвуз,2013-M12,2013,855.0
0051,Qovun,Дыня,Melon,Қовун,2013-M12,2013,1302.0
053,Mayiz,Кишмиш,Kishmish,Майиз,2013-M12,2013,8823.0
055,Karam,Капуста,Cabbage,Карам,2013-M12,2013,682.0
057,Bodring,Огурцы,Cucumbers,Бодринг,2013-M12,2013,3390.0
058,Pomidor,Помидоры,Tomatoes,Помидор,2013-M12,2013,2994.0
059,Baqlajon,Баклажаны,Eggplant,Бақлажон,2013-M12,2013,1216.0
0060,Bulg'or qalampiri,Перец болгарский,Bell pepper,Булғор қалампири,2013-M12,2013,2211.0
061,Qovoq,Тыква,Pumpkin,Қовоқ,2013-M12,2013,760.0
063,Sabzi,Морковь,Carrot,Сабзи,2013-M12,2013,507.0
065,Sarimsoq,Чеснок,Garlic,Саримсоқ,2013-M12,2013,2651.0
066,Piyoz,Лук репчатый,Onion,Пиёз,2013-M12,2013,507.0
069,Kartoshka,Картофель,Potatoes,Картошка,2013-M12,2013,1631.0
0070,Loviya,Фасоль,Beans,Ловия,2013-M12,2013,0.0
071,No'xot,Горох,Peas,Нўхот,2013-M12,2013,0.0
0072,Mosh,Маш,Mash,Мош,2013-M12,2013,0.0
073,Shakar,Сахар песок,Sugar,Шакар,2013-M12,2013,0.0
002,Kruppa yormasi,Крупа манная,Semolina,Круппа ёрмаси,2013-M12,2013,0.0
001,Guruch,Рис,Rice,Гуруч,2014-M01,2014,3053.0
003,Arpa,Ячмень,Barley,Арпа,2014-M01,2014,0.0
0004,Bug'doy,Пшеница,Wheat,Буғдой,2014-M01,2014,851.0
005,Jo'hori,Кукуруза,Corn,Жўҳори,2014-M01,2014,925.0
006,Kepak,Отруби,Bran,Кепак,2014-M01,2014,674.0
0008,Shrot,Шрот,Schroth,Шрот,2014-M01,2014,0.0
009,Shulxa,Шелуха,Husk,Шулха,2014-M01,2014,0.0
010,Kombikorm,Комбикорм,Compound feed,Комбикорм,2014-M01,2014,689.0
011,Oliy navli bug'doy uni,Мука пшеничная высшего сорта,High-grade wheat flour,Олий навли буғдой уни,2014-M01,2014,1436.0
0012,1-navli bug'doy uni,Мука пшеничная первого сорта,First grade wheat flour,1-навли буғдой уни,2014-M01,2014,0.0
013,1-nav bug'doy unidan non,Хлеб пшеничный из муки 1-го сорта,Wheat bread from 1st grade flour,1-нав буғдой унидан нон,2014-M01,2014,0.0
017,Mol go'shti,Говядина,Beef,Мол гўшти,2014-M01,2014,18813.0
0020,Qo'y go'shti,Баранина,Mutton,Қўй гўшти,2014-M01,2014,20750.0
022,Tovuq go'shti,Мясо птицы,Poultry,Товуқ гўшти,2014-M01,2014,0.0
026,Turli baliqlar,Рыба всякая,Fish of all kinds,Турли балиқлар,2014-M01,2014,8989.0
027,Yangi sog'ilgan sut (1 litr),Молоко свежее (1 литр),Fresh milk (1 liter),Янги соғилган сут (1 литр),2014-M01,2014,1885.0
034,Tuxum (10 dona),Яйца (10 штук),Eggs (10 pieces ),Тухум (10 дона),2014-M01,2014,4025.0
035,Paxta yog'i (1 litr),Масло хлопковое (1 литр),Cottonseed oil (1 liter),Пахта ёғи (1 литр),2014-M01,2014,0.0
0036,Kungaboqar yog'i (1 litr),Масло подсолнечное (1 литр),Sunflower oil (1 liter),Кунгабоқар ёғи (1 литр),2014-M01,2014,0.0
037,Sariyog',Масло сливочное,Butter,Сариёғ,2014-M01,2014,15019.0
039,Limon,Лимоны,Lemons,Лимон,2014-M01,2014,7670.0
0040,Olma,Яблоки,Apples,Олма,2014-M01,2014,3202.0
041,Nok,Груши,Pears,Нок,2014-M01,2014,4839.0
049,Uzum,Виноград,Grape,Узум,2014-M01,2014,4119.0
0050,Tarvuz,Арбуз,Watermelon,Тарвуз,2014-M01,2014,1065.0
0051,Qovun,Дыня,Melon,Қовун,2014-M01,2014,1483.0
053,Mayiz,Кишмиш,Kishmish,Майиз,2014-M01,2014,8942.0
055,Karam,Капуста,Cabbage,Карам,2014-M01,2014,714.0
057,Bodring,Огурцы,Cucumbers,Бодринг,2014-M01,2014,4942.0
058,Pomidor,Помидоры,Tomatoes,Помидор,2014-M01,2014,4214.0
059,Baqlajon,Баклажаны,Eggplant,Бақлажон,2014-M01,2014,0.0
0060,Bulg'or qalampiri,Перец болгарский,Bell pepper,Булғор қалампири,2014-M01,2014,0.0
061,Qovoq,Тыква,Pumpkin,Қовоқ,2014-M01,2014,790.0
063,Sabzi,Морковь,Carrot,Сабзи,2014-M01,2014,578.0
065,Sarimsoq,Чеснок,Garlic,Саримсоқ,2014-M01,2014,2778.0
066,Piyoz,Лук репчатый,Onion,Пиёз,2014-M01,2014,565.0
069,Kartoshka,Картофель,Potatoes,Картошка,2014-M01,2014,1662.0
0070,Loviya,Фасоль,Beans,Ловия,2014-M01,2014,0.0
071,No'xot,Горох,Peas,Нўхот,2014-M01,2014,0.0
0072,Mosh,Маш,Mash,Мош,2014-M01,2014,0.0
073,Shakar,Сахар песок,Sugar,Шакар,2014-M01,2014,0.0
002,Kruppa yormasi,Крупа манная,Semolina,Круппа ёрмаси,2014-M01,2014,0.0
001,Guruch,Рис,Rice,Гуруч,2014-M02,2014,3261.0
003,Arpa,Ячмень,Barley,Арпа,2014-M02,2014,0.0
0004,Bug'doy,Пшеница,Wheat,Буғдой,2014-M02,2014,894.0
005,Jo'hori,Кукуруза,Corn,Жўҳори,2014-M02,2014,947.0
006,Kepak,Отруби,Bran,Кепак,2014-M02,2014,688.0
0008,Shrot,Шрот,Schroth,Шрот,2014-M02,2014,0.0
009,Shulxa,Шелуха,Husk,Шулха,2014-M02,2014,0.0
010,Kombikorm,Комбикорм,Compound feed,Комбикорм,2014-M02,2014,686.0
011,Oliy navli bug'doy uni,Мука пшеничная высшего сорта,High-grade wheat flour,Олий навли буғдой уни,2014-M02,2014,1480.0
0012,1-navli bug'doy uni,Мука пшеничная первого сорта,First grade wheat flour,1-навли буғдой уни,2014-M02,2014,0.0
013,1-nav bug'doy unidan non,Хлеб пшеничный из муки 1-го сорта,Wheat bread from 1st grade flour,1-нав буғдой унидан нон,2014-M02,2014,0.0
017,Mol go'shti,Говядина,Beef,Мол гўшти,2014-M02,2014,19338.0
0020,Qo'y go'shti,Баранина,Mutton,Қўй гўшти,2014-M02,2014,21188.0
022,Tovuq go'shti,Мясо птицы,Poultry,Товуқ гўшти,2014-M02,2014,0.0
026,Turli baliqlar,Рыба всякая,Fish of all kinds,Турли балиқлар,2014-M02,2014,9400.0
027,Yangi sog'ilgan sut (1 litr),Молоко свежее (1 литр),Fresh milk (1 liter),Янги соғилган сут (1 литр),2014-M02,2014,1870.0
034,Tuxum (10 dona),Яйца (10 штук),Eggs (10 pieces ),Тухум (10 дона),2014-M02,2014,4010.0
035,Paxta yog'i (1 litr),Масло хлопковое (1 литр),Cottonseed oil (1 liter),Пахта ёғи (1 литр),2014-M02,2014,0.0
0036,Kungaboqar yog'i (1 litr),Масло подсолнечное (1 литр),Sunflower oil (1 liter),Кунгабоқар ёғи (1 литр),2014-M02,2014,0.0
037,Sariyog',Масло сливочное,Butter,Сариёғ,2014-M02,2014,15196.0
039,Limon,Лимоны,Lemons,Лимон,2014-M02,2014,7471.0
0040,Olma,Яблоки,Apples,Олма,2014-M02,2014,3459.0
041,Nok,Груши,Pears,Нок,2014-M02,2014,5156.0
049,Uzum,Виноград,Grape,Узум,2014-M02,2014,5008.0
0050,Tarvuz,Арбуз,Watermelon,Тарвуз,2014-M02,2014,0.0
0051,Qovun,Дыня,Melon,Қовун,2014-M02,2014,1825.0
053,Mayiz,Кишмиш,Kishmish,Майиз,2014-M02,2014,8883.0
055,Karam,Капуста,Cabbage,Карам,2014-M02,2014,750.0
057,Bodring,Огурцы,Cucumbers,Бодринг,2014-M02,2014,5515.0
058,Pomidor,Помидоры,Tomatoes,Помидор,2014-M02,2014,4727.0
059,Baqlajon,Баклажаны,Eggplant,Бақлажон,2014-M02,2014,0.0
0060,Bulg'or qalampiri,Перец болгарский,Bell pepper,Булғор қалампири,2014-M02,2014,0.0
061,Qovoq,Тыква,Pumpkin,Қовоқ,2014-M02,2014,781.0
063,Sabzi,Морковь,Carrot,Сабзи,2014-M02,2014,710.0
065,Sarimsoq,Чеснок,Garlic,Саримсоқ,2014-M02,2014,3055.0
066,Piyoz,Лук репчатый,Onion,Пиёз,2014-M02,2014,645.0
069,Kartoshka,Картофель,Potatoes,Картошка,2014-M02,2014,1808.0
0070,Loviya,Фасоль,Beans,Ловия,2014-M02,2014,0.0
071,No'xot,Горох,Peas,Нўхот,2014-M02,2014,0.0
0072,Mosh,Маш,Mash,Мош,2014-M02,2014,0.0
073,Shakar,Сахар песок,Sugar,Шакар,2014-M02,2014,0.0
002,Kruppa yormasi,Крупа манная,Semolina,Круппа ёрмаси,2014-M02,2014,0.0
001,Guruch,Рис,Rice,Гуруч,2014-M03,2014,3430.0
003,Arpa,Ячмень,Barley,Арпа,2014-M03,2014,0.0
0004,Bug'doy,Пшеница,Wheat,Буғдой,2014-M03,2014,934.0
005,Jo'hori,Кукуруза,Corn,Жўҳори,2014-M03,2014,1006.0
006,Kepak,Отруби,Bran,Кепак,2014-M03,2014,695.0
0008,Shrot,Шрот,Schroth,Шрот,2014-M03,2014,0.0
009,Shulxa,Шелуха,Husk,Шулха,2014-M03,2014,0.0
010,Kombikorm,Комбикорм,Compound feed,Комбикорм,2014-M03,2014,700.0
011,Oliy navli bug'doy uni,Мука пшеничная высшего сорта,High-grade wheat flour,Олий навли буғдой уни,2014-M03,2014,1476.0
0012,1-navli bug'doy uni,Мука пшеничная первого сорта,First grade wheat flour,1-навли буғдой уни,2014-M03,2014,0.0
013,1-nav bug'doy unidan non,Хлеб пшеничный из муки 1-го сорта,Wheat bread from 1st grade flour,1-нав буғдой унидан нон,2014-M03,2014,0.0
017,Mol go'shti,Говядина,Beef,Мол гўшти,2014-M03,2014,19969.0
0020,Qo'y go'shti,Баранина,Mutton,Қўй гўшти,2014-M03,2014,21888.0
022,Tovuq go'shti,Мясо птицы,Poultry,Товуқ гўшти,2014-M03,2014,0.0
026,Turli baliqlar,Рыба всякая,Fish of all kinds,Турли балиқлар,2014-M03,2014,9617.0
027,Yangi sog'ilgan sut (1 litr),Молоко свежее (1 литр),Fresh milk (1 liter),Янги соғилган сут (1 литр),2014-M03,2014,1884.0
034,Tuxum (10 dona),Яйца (10 штук),Eggs (10 pieces ),Тухум (10 дона),2014-M03,2014,3873.0
035,Paxta yog'i (1 litr),Масло хлопковое (1 литр),Cottonseed oil (1 liter),Пахта ёғи (1 литр),2014-M03,2014,0.0
0036,Kungaboqar yog'i (1 litr),Масло подсолнечное (1 литр),Sunflower oil (1 liter),Кунгабоқар ёғи (1 литр),2014-M03,2014,0.0
037,Sariyog',Масло сливочное,Butter,Сариёғ,2014-M03,2014,15072.0
039,Limon,Лимоны,Lemons,Лимон,2014-M03,2014,7536.0
0040,Olma,Яблоки,Apples,Олма,2014-M03,2014,3496.0
041,Nok,Груши,Pears,Нок,2014-M03,2014,5402.0
049,Uzum,Виноград,Grape,Узум,2014-M03,2014,5008.0
0050,Tarvuz,Арбуз,Watermelon,Тарвуз,2014-M03,2014,0.0
0051,Qovun,Дыня,Melon,Қовун,2014-M03,2014,2041.0
053,Mayiz,Кишмиш,Kishmish,Майиз,2014-M03,2014,9107.0
055,Karam,Капуста,Cabbage,Карам,2014-M03,2014,776.0
057,Bodring,Огурцы,Cucumbers,Бодринг,2014-M03,2014,6754.0
058,Pomidor,Помидоры,Tomatoes,Помидор,2014-M03,2014,6169.0
059,Baqlajon,Баклажаны,Eggplant,Бақлажон,2014-M03,2014,0.0
0060,Bulg'or qalampiri,Перец болгарский,Bell pepper,Булғор қалампири,2014-M03,2014,0.0
061,Qovoq,Тыква,Pumpkin,Қовоқ,2014-M03,2014,1196.0
063,Sabzi,Морковь,Carrot,Сабзи,2014-M03,2014,743.0
065,Sarimsoq,Чеснок,Garlic,Саримсоқ,2014-M03,2014,3269.0
066,Piyoz,Лук репчатый,Onion,Пиёз,2014-M03,2014,681.0
069,Kartoshka,Картофель,Potatoes,Картошка,2014-M03,2014,1892.0
0070,Loviya,Фасоль,Beans,Ловия,2014-M03,2014,0.0
071,No'xot,Горох,Peas,Нўхот,2014-M03,2014,0.0
0072,Mosh,Маш,Mash,Мош,2014-M03,2014,0.0
073,Shakar,Сахар песок,Sugar,Шакар,2014-M03,2014,0.0
002,Kruppa yormasi,Крупа манная,Semolina,Круппа ёрмаси,2014-M03,2014,0.0
001,Guruch,Рис,Rice,Гуруч,2014-M04,2014,3549.0
003,Arpa,Ячмень,Barley,Арпа,2014-M04,2014,0.0
0004,Bug'doy,Пшеница,Wheat,Буғдой,2014-M04,2014,979.0
005,Jo'hori,Кукуруза,Corn,Жўҳори,2014-M04,2014,1139.0
006,Kepak,Отруби,Bran,Кепак,2014-M04,2014,681.0
0008,Shrot,Шрот,Schroth,Шрот,2014-M04,2014,0.0
009,Shulxa,Шелуха,Husk,Шулха,2014-M04,2014,0.0
010,Kombikorm,Комбикорм,Compound feed,Комбикорм,2014-M04,2014,683.0
011,Oliy navli bug'doy uni,Мука пшеничная высшего сорта,High-grade wheat flour,Олий навли буғдой уни,2014-M04,2014,1470.0
0012,1-navli bug'doy uni,Мука пшеничная первого сорта,First grade wheat flour,1-навли буғдой уни,2014-M04,2014,0.0
013,1-nav bug'doy unidan non,Хлеб пшеничный из муки 1-го сорта,Wheat bread from 1st grade flour,1-нав буғдой унидан нон,2014-M04,2014,0.0
017,Mol go'shti,Говядина,Beef,Мол гўшти,2014-M04,2014,20042.0
0020,Qo'y go'shti,Баранина,Mutton,Қўй гўшти,2014-M04,2014,21938.0
022,Tovuq go'shti,Мясо птицы,Poultry,Товуқ гўшти,2014-M04,2014,0.0
026,Turli baliqlar,Рыба всякая,Fish of all kinds,Турли балиқлар,2014-M04,2014,9607.0
027,Yangi sog'ilgan sut (1 litr),Молоко свежее (1 литр),Fresh milk (1 liter),Янги соғилган сут (1 литр),2014-M04,2014,1886.0
034,Tuxum (10 dona),Яйца (10 штук),Eggs (10 pieces ),Тухум (10 дона),2014-M04,2014,3435.0
035,Paxta yog'i (1 litr),Масло хлопковое (1 литр),Cottonseed oil (1 liter),Пахта ёғи (1 литр),2014-M04,2014,0.0
0036,Kungaboqar yog'i (1 litr),Масло подсолнечное (1 литр),Sunflower oil (1 liter),Кунгабоқар ёғи (1 литр),2014-M04,2014,0.0
037,Sariyog',Масло сливочное,Butter,Сариёғ,2014-M04,2014,14602.0
039,Limon,Лимоны,Lemons,Лимон,2014-M04,2014,7438.0
0040,Olma,Яблоки,Apples,Олма,2014-M04,2014,3572.0
041,Nok,Груши,Pears,Нок,2014-M04,2014,5844.0
049,Uzum,Виноград,Grape,Узум,2014-M04,2014,5306.0
0050,Tarvuz,Арбуз,Watermelon,Тарвуз,2014-M04,2014,0.0
0051,Qovun,Дыня,Melon,Қовун,2014-M04,2014,0.0
053,Mayiz,Кишмиш,Kishmish,Майиз,2014-M04,2014,9069.0
055,Karam,Капуста,Cabbage,Карам,2014-M04,2014,1086.0
057,Bodring,Огурцы,Cucumbers,Бодринг,2014-M04,2014,6313.0
058,Pomidor,Помидоры,Tomatoes,Помидор,2014-M04,2014,7092.0
059,Baqlajon,Баклажаны,Eggplant,Бақлажон,2014-M04,2014,0.0
0060,Bulg'or qalampiri,Перец болгарский,Bell pepper,Булғор қалампири,2014-M04,2014,0.0
061,Qovoq,Тыква,Pumpkin,Қовоқ,2014-M04,2014,0.0
063,Sabzi,Морковь,Carrot,Сабзи,2014-M04,2014,938.0
065,Sarimsoq,Чеснок,Garlic,Саримсоқ,2014-M04,2014,3456.0
066,Piyoz,Лук репчатый,Onion,Пиёз,2014-M04,2014,804.0
069,Kartoshka,Картофель,Potatoes,Картошка,2014-M04,2014,2125.0
0070,Loviya,Фасоль,Beans,Ловия,2014-M04,2014,0.0
071,No'xot,Горох,Peas,Нўхот,2014-M04,2014,0.0
0072,Mosh,Маш,Mash,Мош,2014-M04,2014,0.0
073,Shakar,Сахар песок,Sugar,Шакар,2014-M04,2014,0.0
002,Kruppa yormasi,Крупа манная,Semolina,Круппа ёрмаси,2014-M04,2014,0.0
001,Guruch,Рис,Rice,Гуруч,2014-M05,2014,3579.0
003,Arpa,Ячмень,Barley,Арпа,2014-M05,2014,1200.0
0004,Bug'doy,Пшеница,Wheat,Буғдой,2014-M05,2014,981.0
005,Jo'hori,Кукуруза,Corn,Жўҳори,2014-M05,2014,1250.0
006,Kepak,Отруби,Bran,Кепак,2014-M05,2014,704.0
0008,Shrot,Шрот,Schroth,Шрот,2014-M05,2014,0.0
009,Shulxa,Шелуха,Husk,Шулха,2014-M05,2014,0.0
010,Kombikorm,Комбикорм,Compound feed,Комбикорм,2014-M05,2014,709.0
011,Oliy navli bug'doy uni,Мука пшеничная высшего сорта,High-grade wheat flour,Олий навли буғдой уни,2014-M05,2014,1485.0
0012,1-navli bug'doy uni,Мука пшеничная первого сорта,First grade wheat flour,1-навли буғдой уни,2014-M05,2014,0.0
013,1-nav bug'doy unidan non,Хлеб пшеничный из муки 1-го сорта,Wheat bread from 1st grade flour,1-нав буғдой унидан нон,2014-M05,2014,0.0
017,Mol go'shti,Говядина,Beef,Мол гўшти,2014-M05,2014,20281.0
0020,Qo'y go'shti,Баранина,Mutton,Қўй гўшти,2014-M05,2014,22198.0
022,Tovuq go'shti,Мясо птицы,Poultry,Товуқ гўшти,2014-M05,2014,0.0
026,Turli baliqlar,Рыба всякая,Fish of all kinds,Турли балиқлар,2014-M05,2014,9646.0
027,Yangi sog'ilgan sut (1 litr),Молоко свежее (1 литр),Fresh milk (1 liter),Янги соғилган сут (1 литр),2014-M05,2014,1892.0
034,Tuxum (10 dona),Яйца (10 штук),Eggs (10 pieces ),Тухум (10 дона),2014-M05,2014,3508.0
035,Paxta yog'i (1 litr),Масло хлопковое (1 литр),Cottonseed oil (1 liter),Пахта ёғи (1 литр),2014-M05,2014,0.0
0036,Kungaboqar yog'i (1 litr),Масло подсолнечное (1 литр),Sunflower oil (1 liter),Кунгабоқар ёғи (1 литр),2014-M05,2014,0.0
037,Sariyog',Масло сливочное,Butter,Сариёғ,2014-M05,2014,14740.0
039,Limon,Лимоны,Lemons,Лимон,2014-M05,2014,7662.0
0040,Olma,Яблоки,Apples,Олма,2014-M05,2014,3906.0
041,Nok,Груши,Pears,Нок,2014-M05,2014,6358.0
049,Uzum,Виноград,Grape,Узум,2014-M05,2014,0.0
0050,Tarvuz,Арбуз,Watermelon,Тарвуз,2014-M05,2014,0.0
0051,Qovun,Дыня,Melon,Қовун,2014-M05,2014,0.0
053,Mayiz,Кишмиш,Kishmish,Майиз,2014-M05,2014,9200.0
055,Karam,Капуста,Cabbage,Карам,2014-M05,2014,1052.0
057,Bodring,Огурцы,Cucumbers,Бодринг,2014-M05,2014,1827.0
058,Pomidor,Помидоры,Tomatoes,Помидор,2014-M05,2014,5658.0
059,Baqlajon,Баклажаны,Eggplant,Бақлажон,2014-M05,2014,0.0
0060,Bulg'or qalampiri,Перец болгарский,Bell pepper,Булғор қалампири,2014-M05,2014,5821.0
061,Qovoq,Тыква,Pumpkin,Қовоқ,2014-M05,2014,0.0
063,Sabzi,Морковь,Carrot,Сабзи,2014-M05,2014,1591.0
065,Sarimsoq,Чеснок,Garlic,Саримсоқ,2014-M05,2014,3608.0
066,Piyoz,Лук репчатый,Onion,Пиёз,2014-M05,2014,1156.0
069,Kartoshka,Картофель,Potatoes,Картошка,2014-M05,2014,2729.0
0070,Loviya,Фасоль,Beans,Ловия,2014-M05,2014,0.0
071,No'xot,Горох,Peas,Нўхот,2014-M05,2014,0.0
0072,Mosh,Маш,Mash,Мош,2014-M05,2014,0.0
073,Shakar,Сахар песок,Sugar,Шакар,2014-M05,2014,0.0
002,Kruppa yormasi,Крупа манная,Semolina,Круппа ёрмаси,2014-M05,2014,1200.0
001,Guruch,Рис,Rice,Гуруч,2014-M06,2014,3629.0
003,Arpa,Ячмень,Barley,Арпа,2014-M06,2014,1133.0
0004,Bug'doy,Пшеница,Wheat,Буғдой,2014-M06,2014,943.0
005,Jo'hori,Кукуруза,Corn,Жўҳори,2014-M06,2014,1264.0
006,Kepak,Отруби,Bran,Кепак,2014-M06,2014,716.0
0008,Shrot,Шрот,Schroth,Шрот,2014-M06,2014,0.0
009,Shulxa,Шелуха,Husk,Шулха,2014-M06,2014,0.0
010,Kombikorm,Комбикорм,Compound feed,Комбикорм,2014-M06,2014,730.0
011,Oliy navli bug'doy uni,Мука пшеничная высшего сорта,High-grade wheat flour,Олий навли буғдой уни,2014-M06,2014,1484.0
0012,1-navli bug'doy uni,Мука пшеничная первого сорта,First grade wheat flour,1-навли буғдой уни,2014-M06,2014,0.0
013,1-nav bug'doy unidan non,Хлеб пшеничный из муки 1-го сорта,Wheat bread from 1st grade flour,1-нав буғдой унидан нон,2014-M06,2014,0.0
017,Mol go'shti,Говядина,Beef,Мол гўшти,2014-M06,2014,20500.0
0020,Qo'y go'shti,Баранина,Mutton,Қўй гўшти,2014-M06,2014,22333.0
022,Tovuq go'shti,Мясо птицы,Poultry,Товуқ гўшти,2014-M06,2014,0.0
026,Turli baliqlar,Рыба всякая,Fish of all kinds,Турли балиқлар,2014-M06,2014,9870.0
027,Yangi sog'ilgan sut (1 litr),Молоко свежее (1 литр),Fresh milk (1 liter),Янги соғилган сут (1 литр),2014-M06,2014,1902.0
034,Tuxum (10 dona),Яйца (10 штук),Eggs (10 pieces ),Тухум (10 дона),2014-M06,2014,3225.0
035,Paxta yog'i (1 litr),Масло хлопковое (1 литр),Cottonseed oil (1 liter),Пахта ёғи (1 литр),2014-M06,2014,0.0
0036,Kungaboqar yog'i (1 litr),Масло подсолнечное (1 литр),Sunflower oil (1 liter),Кунгабоқар ёғи (1 литр),2014-M06,2014,0.0
037,Sariyog',Масло сливочное,Butter,Сариёғ,2014-M06,2014,14710.0
039,Limon,Лимоны,Lemons,Лимон,2014-M06,2014,7901.0
0040,Olma,Яблоки,Apples,Олма,2014-M06,2014,3581.0
041,Nok,Груши,Pears,Нок,2014-M06,2014,6563.0
049,Uzum,Виноград,Grape,Узум,2014-M06,2014,0.0
0050,Tarvuz,Арбуз,Watermelon,Тарвуз,2014-M06,2014,2182.0
0051,Qovun,Дыня,Melon,Қовун,2014-M06,2014,2331.0
053,Mayiz,Кишмиш,Kishmish,Майиз,2014-M06,2014,9311.0
055,Karam,Капуста,Cabbage,Карам,2014-M06,2014,875.0
057,Bodring,Огурцы,Cucumbers,Бодринг,2014-M06,2014,547.0
058,Pomidor,Помидоры,Tomatoes,Помидор,2014-M06,2014,3100.0
059,Baqlajon,Баклажаны,Eggplant,Бақлажон,2014-M06,2014,3303.0
0060,Bulg'or qalampiri,Перец болгарский,Bell pepper,Булғор қалампири,2014-M06,2014,3348.0
061,Qovoq,Тыква,Pumpkin,Қовоқ,2014-M06,2014,0.0
063,Sabzi,Морковь,Carrot,Сабзи,2014-M06,2014,1920.0
065,Sarimsoq,Чеснок,Garlic,Саримсоқ,2014-M06,2014,3119.0
066,Piyoz,Лук репчатый,Onion,Пиёз,2014-M06,2014,950.0
069,Kartoshka,Картофель,Potatoes,Картошка,2014-M06,2014,1935.0
0070,Loviya,Фасоль,Beans,Ловия,2014-M06,2014,0.0
071,No'xot,Горох,Peas,Нўхот,2014-M06,2014,0.0
0072,Mosh,Маш,Mash,Мош,2014-M06,2014,0.0
073,Shakar,Сахар песок,Sugar,Шакар,2014-M06,2014,0.0
002,Kruppa yormasi,Крупа манная,Semolina,Круппа ёрмаси,2014-M06,2014,1133.0
001,Guruch,Рис,Rice,Гуруч,2014-M07,2014,3859.0
003,Arpa,Ячмень,Barley,Арпа,2014-M07,2014,1133.0
0004,Bug'doy,Пшеница,Wheat,Буғдой,2014-M07,2014,907.0
005,Jo'hori,Кукуруза,Corn,Жўҳори,2014-M07,2014,1350.0
006,Kepak,Отруби,Bran,Кепак,2014-M07,2014,703.0
0008,Shrot,Шрот,Schroth,Шрот,2014-M07,2014,0.0
009,Shulxa,Шелуха,Husk,Шулха,2014-M07,2014,0.0
010,Kombikorm,Комбикорм,Compound feed,Комбикорм,2014-M07,2014,715.0
011,Oliy navli bug'doy uni,Мука пшеничная высшего сорта,High-grade wheat flour,Олий навли буғдой уни,2014-M07,2014,1478.0
0012,1-navli bug'doy uni,Мука пшеничная первого сорта,First grade wheat flour,1-навли буғдой уни,2014-M07,2014,0.0
013,1-nav bug'doy unidan non,Хлеб пшеничный из муки 1-го сорта,Wheat bread from 1st grade flour,1-нав буғдой унидан нон,2014-M07,2014,0.0
017,Mol go'shti,Говядина,Beef,Мол гўшти,2014-M07,2014,20844.0
0020,Qo'y go'shti,Баранина,Mutton,Қўй гўшти,2014-M07,2014,22833.0
022,Tovuq go'shti,Мясо птицы,Poultry,Товуқ гўшти,2014-M07,2014,0.0
026,Turli baliqlar,Рыба всякая,Fish of all kinds,Турли балиқлар,2014-M07,2014,10889.0
027,Yangi sog'ilgan sut (1 litr),Молоко свежее (1 литр),Fresh milk (1 liter),Янги соғилган сут (1 литр),2014-M07,2014,1890.0
034,Tuxum (10 dona),Яйца (10 штук),Eggs (10 pieces ),Тухум (10 дона),2014-M07,2014,2948.0
035,Paxta yog'i (1 litr),Масло хлопковое (1 литр),Cottonseed oil (1 liter),Пахта ёғи (1 литр),2014-M07,2014,0.0
0036,Kungaboqar yog'i (1 litr),Масло подсолнечное (1 литр),Sunflower oil (1 liter),Кунгабоқар ёғи (1 литр),2014-M07,2014,0.0
037,Sariyog',Масло сливочное,Butter,Сариёғ,2014-M07,2014,14710.0
039,Limon,Лимоны,Lemons,Лимон,2014-M07,2014,7935.0
0040,Olma,Яблоки,Apples,Олма,2014-M07,2014,2531.0
041,Nok,Груши,Pears,Нок,2014-M07,2014,4379.0
049,Uzum,Виноград,Grape,Узум,2014-M07,2014,2997.0
0050,Tarvuz,Арбуз,Watermelon,Тарвуз,2014-M07,2014,941.0
0051,Qovun,Дыня,Melon,Қовун,2014-M07,2014,1309.0
053,Mayiz,Кишмиш,Kishmish,Майиз,2014-M07,2014,9293.0
055,Karam,Капуста,Cabbage,Карам,2014-M07,2014,702.0
057,Bodring,Огурцы,Cucumbers,Бодринг,2014-M07,2014,801.0
058,Pomidor,Помидоры,Tomatoes,Помидор,2014-M07,2014,1268.0
059,Baqlajon,Баклажаны,Eggplant,Бақлажон,2014-M07,2014,1441.0
0060,Bulg'or qalampiri,Перец болгарский,Bell pepper,Булғор қалампири,2014-M07,2014,1905.0
061,Qovoq,Тыква,Pumpkin,Қовоқ,2014-M07,2014,2321.0
063,Sabzi,Морковь,Carrot,Сабзи,2014-M07,2014,1508.0
065,Sarimsoq,Чеснок,Garlic,Саримсоқ,2014-M07,2014,3636.0
066,Piyoz,Лук репчатый,Onion,Пиёз,2014-M07,2014,1058.0
069,Kartoshka,Картофель,Potatoes,Картошка,2014-M07,2014,1333.0
0070,Loviya,Фасоль,Beans,Ловия,2014-M07,2014,0.0
071,No'xot,Горох,Peas,Нўхот,2014-M07,2014,0.0
0072,Mosh,Маш,Mash,Мош,2014-M07,2014,0.0
073,Shakar,Сахар песок,Sugar,Шакар,2014-M07,2014,0.0
002,Kruppa yormasi,Крупа манная,Semolina,Круппа ёрмаси,2014-M07,2014,1133.0
001,Guruch,Рис,Rice,Гуруч,2014-M08,2014,4105.0
003,Arpa,Ячмень,Barley,Арпа,2014-M08,2014,980.0
0004,Bug'doy,Пшеница,Wheat,Буғдой,2014-M08,2014,893.0
005,Jo'hori,Кукуруза,Corn,Жўҳори,2014-M08,2014,1472.0
006,Kepak,Отруби,Bran,Кепак,2014-M08,2014,702.0
0008,Shrot,Шрот,Schroth,Шрот,2014-M08,2014,0.0
009,Shulxa,Шелуха,Husk,Шулха,2014-M08,2014,0.0
010,Kombikorm,Комбикорм,Compound feed,Комбикорм,2014-M08,2014,707.0
011,Oliy navli bug'doy uni,Мука пшеничная высшего сорта,High-grade wheat flour,Олий навли буғдой уни,2014-M08,2014,1484.0
0012,1-navli bug'doy uni,Мука пшеничная первого сорта,First grade wheat flour,1-навли буғдой уни,2014-M08,2014,0.0
013,1-nav bug'doy unidan non,Хлеб пшеничный из муки 1-го сорта,Wheat bread from 1st grade flour,1-нав буғдой унидан нон,2014-M08,2014,0.0
017,Mol go'shti,Говядина,Beef,Мол гўшти,2014-M08,2014,21635.0
0020,Qo'y go'shti,Баранина,Mutton,Қўй гўшти,2014-M08,2014,23604.0
022,Tovuq go'shti,Мясо птицы,Poultry,Товуқ гўшти,2014-M08,2014,0.0
026,Turli baliqlar,Рыба всякая,Fish of all kinds,Турли балиқлар,2014-M08,2014,10333.0
027,Yangi sog'ilgan sut (1 litr),Молоко свежее (1 литр),Fresh milk (1 liter),Янги соғилган сут (1 литр),2014-M08,2014,1800.0
034,Tuxum (10 dona),Яйца (10 штук),Eggs (10 pieces ),Тухум (10 дона),2014-M08,2014,3275.0
035,Paxta yog'i (1 litr),Масло хлопковое (1 литр),Cottonseed oil (1 liter),Пахта ёғи (1 литр),2014-M08,2014,0.0
0036,Kungaboqar yog'i (1 litr),Масло подсолнечное (1 литр),Sunflower oil (1 liter),Кунгабоқар ёғи (1 литр),2014-M08,2014,0.0
037,Sariyog',Масло сливочное,Butter,Сариёғ,2014-M08,2014,14985.0
039,Limon,Лимоны,Lemons,Лимон,2014-M08,2014,7985.0
0040,Olma,Яблоки,Apples,Олма,2014-M08,2014,2820.0
041,Nok,Груши,Pears,Нок,2014-M08,2014,4348.0
049,Uzum,Виноград,Grape,Узум,2014-M08,2014,2685.0
0050,Tarvuz,Арбуз,Watermelon,Тарвуз,2014-M08,2014,707.0
0051,Qovun,Дыня,Melon,Қовун,2014-M08,2014,1045.0
053,Mayiz,Кишмиш,Kishmish,Майиз,2014-M08,2014,9025.0
055,Karam,Капуста,Cabbage,Карам,2014-M08,2014,786.0
057,Bodring,Огурцы,Cucumbers,Бодринг,2014-M08,2014,1854.0
058,Pomidor,Помидоры,Tomatoes,Помидор,2014-M08,2014,920.0
059,Baqlajon,Баклажаны,Eggplant,Бақлажон,2014-M08,2014,929.0
0060,Bulg'or qalampiri,Перец болгарский,Bell pepper,Булғор қалампири,2014-M08,2014,1240.0
061,Qovoq,Тыква,Pumpkin,Қовоқ,2014-M08,2014,1292.0
063,Sabzi,Морковь,Carrot,Сабзи,2014-M08,2014,1211.0
065,Sarimsoq,Чеснок,Garlic,Саримсоқ,2014-M08,2014,4034.0
066,Piyoz,Лук репчатый,Onion,Пиёз,2014-M08,2014,1706.0
069,Kartoshka,Картофель,Potatoes,Картошка,2014-M08,2014,1282.0
0070,Loviya,Фасоль,Beans,Ловия,2014-M08,2014,0.0
071,No'xot,Горох,Peas,Нўхот,2014-M08,2014,0.0
0072,Mosh,Маш,Mash,Мош,2014-M08,2014,0.0
073,Shakar,Сахар песок,Sugar,Шакар,2014-M08,2014,0.0
002,Kruppa yormasi,Крупа манная,Semolina,Круппа ёрмаси,2014-M08,2014,980.0
001,Guruch,Рис,Rice,Гуруч,2014-M09,2014,4353.0
003,Arpa,Ячмень,Barley,Арпа,2014-M09,2014,1089.0
0004,Bug'doy,Пшеница,Wheat,Буғдой,2014-M09,2014,907.0
005,Jo'hori,Кукуруза,Corn,Жўҳори,2014-M09,2014,1445.0
006,Kepak,Отруби,Bran,Кепак,2014-M09,2014,707.0
0008,Shrot,Шрот,Schroth,Шрот,2014-M09,2014,0.0
009,Shulxa,Шелуха,Husk,Шулха,2014-M09,2014,0.0
010,Kombikorm,Комбикорм,Compound feed,Комбикорм,2014-M09,2014,706.0
011,Oliy navli bug'doy uni,Мука пшеничная высшего сорта,High-grade wheat flour,Олий навли буғдой уни,2014-M09,2014,1544.0
0012,1-navli bug'doy uni,Мука пшеничная первого сорта,First grade wheat flour,1-навли буғдой уни,2014-M09,2014,0.0
013,1-nav bug'doy unidan non,Хлеб пшеничный из муки 1-го сорта,Wheat bread from 1st grade flour,1-нав буғдой унидан нон,2014-M09,2014,0.0
017,Mol go'shti,Говядина,Beef,Мол гўшти,2014-M09,2014,22448.0
0020,Qo'y go'shti,Баранина,Mutton,Қўй гўшти,2014-M09,2014,24375.0
022,Tovuq go'shti,Мясо птицы,Poultry,Товуқ гўшти,2014-M09,2014,0.0
026,Turli baliqlar,Рыба всякая,Fish of all kinds,Турли балиқлар,2014-M09,2014,9778.0
027,Yangi sog'ilgan sut (1 litr),Молоко свежее (1 литр),Fresh milk (1 liter),Янги соғилган сут (1 литр),2014-M09,2014,1856.0
034,Tuxum (10 dona),Яйца (10 штук),Eggs (10 pieces ),Тухум (10 дона),2014-M09,2014,3756.0
035,Paxta yog'i (1 litr),Масло хлопковое (1 литр),Cottonseed oil (1 liter),Пахта ёғи (1 литр),2014-M09,2014,0.0
0036,Kungaboqar yog'i (1 litr),Масло подсолнечное (1 литр),Sunflower oil (1 liter),Кунгабоқар ёғи (1 литр),2014-M09,2014,0.0
037,Sariyog',Масло сливочное,Butter,Сариёғ,2014-M09,2014,16188.0
039,Limon,Лимоны,Lemons,Лимон,2014-M09,2014,9065.0
0040,Olma,Яблоки,Apples,Олма,2014-M09,2014,2880.0
041,Nok,Груши,Pears,Нок,2014-M09,2014,4146.0
049,Uzum,Виноград,Grape,Узум,2014-M09,2014,2748.0
0050,Tarvuz,Арбуз,Watermelon,Тарвуз,2014-M09,2014,685.0
0051,Qovun,Дыня,Melon,Қовун,2014-M09,2014,942.0
053,Mayiz,Кишмиш,Kishmish,Майиз,2014-M09,2014,9042.0
055,Karam,Капуста,Cabbage,Карам,2014-M09,2014,798.0
057,Bodring,Огурцы,Cucumbers,Бодринг,2014-M09,2014,1207.0
058,Pomidor,Помидоры,Tomatoes,Помидор,2014-M09,2014,970.0
059,Baqlajon,Баклажаны,Eggplant,Бақлажон,2014-M09,2014,981.0
0060,Bulg'or qalampiri,Перец болгарский,Bell pepper,Булғор қалампири,2014-M09,2014,1383.0
061,Qovoq,Тыква,Pumpkin,Қовоқ,2014-M09,2014,767.0
063,Sabzi,Морковь,Carrot,Сабзи,2014-M09,2014,895.0
065,Sarimsoq,Чеснок,Garlic,Саримсоқ,2014-M09,2014,6198.0
066,Piyoz,Лук репчатый,Onion,Пиёз,2014-M09,2014,1443.0
069,Kartoshka,Картофель,Potatoes,Картошка,2014-M09,2014,1271.0
0070,Loviya,Фасоль,Beans,Ловия,2014-M09,2014,0.0
071,No'xot,Горох,Peas,Нўхот,2014-M09,2014,0.0
0072,Mosh,Маш,Mash,Мош,2014-M09,2014,0.0
073,Shakar,Сахар песок,Sugar,Шакар,2014-M09,2014,0.0
002,Kruppa yormasi,Крупа манная,Semolina,Круппа ёрмаси,2014-M09,2014,1089.0
001,Guruch,Рис,Rice,Гуруч,2014-M10,2014,4266.0
003,Arpa,Ячмень,Barley,Арпа,2014-M10,2014,0.0
0004,Bug'doy,Пшеница,Wheat,Буғдой,2014-M10,2014,880.0
005,Jo'hori,Кукуруза,Corn,Жўҳори,2014-M10,2014,1297.0
006,Kepak,Отруби,Bran,Кепак,2014-M10,2014,705.0
0008,Shrot,Шрот,Schroth,Шрот,2014-M10,2014,0.0
009,Shulxa,Шелуха,Husk,Шулха,2014-M10,2014,0.0
010,Kombikorm,Комбикорм,Compound feed,Комбикорм,2014-M10,2014,701.0
011,Oliy navli bug'doy uni,Мука пшеничная высшего сорта,High-grade wheat flour,Олий навли буғдой уни,2014-M10,2014,1547.0
0012,1-navli bug'doy uni,Мука пшеничная первого сорта,First grade wheat flour,1-навли буғдой уни,2014-M10,2014,0.0
013,1-nav bug'doy unidan non,Хлеб пшеничный из муки 1-го сорта,Wheat bread from 1st grade flour,1-нав буғдой унидан нон,2014-M10,2014,0.0
017,Mol go'shti,Говядина,Beef,Мол гўшти,2014-M10,2014,23156.0
0020,Qo'y go'shti,Баранина,Mutton,Қўй гўшти,2014-M10,2014,25052.0
022,Tovuq go'shti,Мясо птицы,Poultry,Товуқ гўшти,2014-M10,2014,0.0
026,Turli baliqlar,Рыба всякая,Fish of all kinds,Турли балиқлар,2014-M10,2014,9954.0
027,Yangi sog'ilgan sut (1 litr),Молоко свежее (1 литр),Fresh milk (1 liter),Янги соғилган сут (1 литр),2014-M10,2014,1856.0
034,Tuxum (10 dona),Яйца (10 штук),Eggs (10 pieces ),Тухум (10 дона),2014-M10,2014,3942.0
035,Paxta yog'i (1 litr),Масло хлопковое (1 литр),Cottonseed oil (1 liter),Пахта ёғи (1 литр),2014-M10,2014,0.0
0036,Kungaboqar yog'i (1 litr),Масло подсолнечное (1 литр),Sunflower oil (1 liter),Кунгабоқар ёғи (1 литр),2014-M10,2014,0.0
037,Sariyog',Масло сливочное,Butter,Сариёғ,2014-M10,2014,16444.0
039,Limon,Лимоны,Lemons,Лимон,2014-M10,2014,9031.0
0040,Olma,Яблоки,Apples,Олма,2014-M10,2014,2765.0
041,Nok,Груши,Pears,Нок,2014-M10,2014,4263.0
049,Uzum,Виноград,Grape,Узум,2014-M10,2014,2890.0
0050,Tarvuz,Арбуз,Watermelon,Тарвуз,2014-M10,2014,695.0
0051,Qovun,Дыня,Melon,Қовун,2014-M10,2014,858.0
053,Mayiz,Кишмиш,Kishmish,Майиз,2014-M10,2014,9081.0
055,Karam,Капуста,Cabbage,Карам,2014-M10,2014,897.0
057,Bodring,Огурцы,Cucumbers,Бодринг,2014-M10,2014,1482.0
058,Pomidor,Помидоры,Tomatoes,Помидор,2014-M10,2014,1224.0
059,Baqlajon,Баклажаны,Eggplant,Бақлажон,2014-M10,2014,962.0
0060,Bulg'or qalampiri,Перец болгарский,Bell pepper,Булғор қалампири,2014-M10,2014,1525.0
061,Qovoq,Тыква,Pumpkin,Қовоқ,2014-M10,2014,692.0
063,Sabzi,Морковь,Carrot,Сабзи,2014-M10,2014,819.0
065,Sarimsoq,Чеснок,Garlic,Саримсоқ,2014-M10,2014,7089.0
066,Piyoz,Лук репчатый,Onion,Пиёз,2014-M10,2014,1676.0
069,Kartoshka,Картофель,Potatoes,Картошка,2014-M10,2014,1523.0
0070,Loviya,Фасоль,Beans,Ловия,2014-M10,2014,0.0
071,No'xot,Горох,Peas,Нўхот,2014-M10,2014,0.0
0072,Mosh,Маш,Mash,Мош,2014-M10,2014,0.0
073,Shakar,Сахар песок,Sugar,Шакар,2014-M10,2014,0.0
002,Kruppa yormasi,Крупа манная,Semolina,Круппа ёрмаси,2014-M10,2014,0.0
001,Guruch,Рис,Rice,Гуруч,2014-M11,2014,4029.0
003,Arpa,Ячмень,Barley,Арпа,2014-M11,2014,0.0
0004,Bug'doy,Пшеница,Wheat,Буғдой,2014-M11,2014,879.0
005,Jo'hori,Кукуруза,Corn,Жўҳори,2014-M11,2014,1261.0
006,Kepak,Отруби,Bran,Кепак,2014-M11,2014,729.0
0008,Shrot,Шрот,Schroth,Шрот,2014-M11,2014,0.0
009,Shulxa,Шелуха,Husk,Шулха,2014-M11,2014,0.0
010,Kombikorm,Комбикорм,Compound feed,Комбикорм,2014-M11,2014,717.0
011,Oliy navli bug'doy uni,Мука пшеничная высшего сорта,High-grade wheat flour,Олий навли буғдой уни,2014-M11,2014,1542.0
0012,1-navli bug'doy uni,Мука пшеничная первого сорта,First grade wheat flour,1-навли буғдой уни,2014-M11,2014,0.0
013,1-nav bug'doy unidan non,Хлеб пшеничный из муки 1-го сорта,Wheat bread from 1st grade flour,1-нав буғдой унидан нон,2014-M11,2014,0.0
017,Mol go'shti,Говядина,Beef,Мол гўшти,2014-M11,2014,23625.0
0020,Qo'y go'shti,Баранина,Mutton,Қўй гўшти,2014-M11,2014,25604.0
022,Tovuq go'shti,Мясо птицы,Poultry,Товуқ гўшти,2014-M11,2014,0.0
026,Turli baliqlar,Рыба всякая,Fish of all kinds,Турли балиқлар,2014-M11,2014,9903.0
027,Yangi sog'ilgan sut (1 litr),Молоко свежее (1 литр),Fresh milk (1 liter),Янги соғилган сут (1 литр),2014-M11,2014,1863.0
034,Tuxum (10 dona),Яйца (10 штук),Eggs (10 pieces ),Тухум (10 дона),2014-M11,2014,4090.0
035,Paxta yog'i (1 litr),Масло хлопковое (1 литр),Cottonseed oil (1 liter),Пахта ёғи (1 литр),2014-M11,2014,0.0
0036,Kungaboqar yog'i (1 litr),Масло подсолнечное (1 литр),Sunflower oil (1 liter),Кунгабоқар ёғи (1 литр),2014-M11,2014,0.0
037,Sariyog',Масло сливочное,Butter,Сариёғ,2014-M11,2014,16508.0
039,Limon,Лимоны,Lemons,Лимон,2014-M11,2014,8108.0
0040,Olma,Яблоки,Apples,Олма,2014-M11,2014,3216.0
041,Nok,Груши,Pears,Нок,2014-M11,2014,4685.0
049,Uzum,Виноград,Grape,Узум,2014-M11,2014,3751.0
0050,Tarvuz,Арбуз,Watermelon,Тарвуз,2014-M11,2014,779.0
0051,Qovun,Дыня,Melon,Қовун,2014-M11,2014,1175.0
053,Mayiz,Кишмиш,Kishmish,Майиз,2014-M11,2014,9333.0
055,Karam,Капуста,Cabbage,Карам,2014-M11,2014,786.0
057,Bodring,Огурцы,Cucumbers,Бодринг,2014-M11,2014,1920.0
058,Pomidor,Помидоры,Tomatoes,Помидор,2014-M11,2014,1568.0
059,Baqlajon,Баклажаны,Eggplant,Бақлажон,2014-M11,2014,1118.0
0060,Bulg'or qalampiri,Перец болгарский,Bell pepper,Булғор қалампири,2014-M11,2014,1568.0
061,Qovoq,Тыква,Pumpkin,Қовоқ,2014-M11,2014,635.0
063,Sabzi,Морковь,Carrot,Сабзи,2014-M11,2014,607.0
065,Sarimsoq,Чеснок,Garlic,Саримсоқ,2014-M11,2014,7808.0
066,Piyoz,Лук репчатый,Onion,Пиёз,2014-M11,2014,1960.0
069,Kartoshka,Картофель,Potatoes,Картошка,2014-M11,2014,1482.0
0070,Loviya,Фасоль,Beans,Ловия,2014-M11,2014,0.0
071,No'xot,Горох,Peas,Нўхот,2014-M11,2014,0.0
0072,Mosh,Маш,Mash,Мош,2014-M11,2014,0.0
073,Shakar,Сахар песок,Sugar,Шакар,2014-M11,2014,0.0
002,Kruppa yormasi,Крупа манная,Semolina,Круппа ёрмаси,2014-M11,2014,0.0
001,Guruch,Рис,Rice,Гуруч,2014-M12,2014,4395.0
003,Arpa,Ячмень,Barley,Арпа,2014-M12,2014,0.0
0004,Bug'doy,Пшеница,Wheat,Буғдой,2014-M12,2014,912.0
005,Jo'hori,Кукуруза,Corn,Жўҳори,2014-M12,2014,1363.0
006,Kepak,Отруби,Bran,Кепак,2014-M12,2014,742.0
0008,Shrot,Шрот,Schroth,Шрот,2014-M12,2014,0.0
009,Shulxa,Шелуха,Husk,Шулха,2014-M12,2014,0.0
010,Kombikorm,Комбикорм,Compound feed,Комбикорм,2014-M12,2014,751.0
011,Oliy navli bug'doy uni,Мука пшеничная высшего сорта,High-grade wheat flour,Олий навли буғдой уни,2014-M12,2014,1593.0
0012,1-navli bug'doy uni,Мука пшеничная первого сорта,First grade wheat flour,1-навли буғдой уни,2014-M12,2014,0.0
013,1-nav bug'doy unidan non,Хлеб пшеничный из муки 1-го сорта,Wheat bread from 1st grade flour,1-нав буғдой унидан нон,2014-M12,2014,0.0
017,Mol go'shti,Говядина,Beef,Мол гўшти,2014-M12,2014,23698.0
0020,Qo'y go'shti,Баранина,Mutton,Қўй гўшти,2014-M12,2014,25708.0
022,Tovuq go'shti,Мясо птицы,Poultry,Товуқ гўшти,2014-M12,2014,0.0
026,Turli baliqlar,Рыба всякая,Fish of all kinds,Турли балиқлар,2014-M12,2014,10321.0
027,Yangi sog'ilgan sut (1 litr),Молоко свежее (1 литр),Fresh milk (1 liter),Янги соғилган сут (1 литр),2014-M12,2014,1905.0
034,Tuxum (10 dona),Яйца (10 штук),Eggs (10 pieces ),Тухум (10 дона),2014-M12,2014,4016.0
035,Paxta yog'i (1 litr),Масло хлопковое (1 литр),Cottonseed oil (1 liter),Пахта ёғи (1 литр),2014-M12,2014,0.0
0036,Kungaboqar yog'i (1 litr),Масло подсолнечное (1 литр),Sunflower oil (1 liter),Кунгабоқар ёғи (1 литр),2014-M12,2014,0.0
037,Sariyog',Масло сливочное,Butter,Сариёғ,2014-M12,2014,16586.0
039,Limon,Лимоны,Lemons,Лимон,2014-M12,2014,8127.0
0040,Olma,Яблоки,Apples,Олма,2014-M12,2014,3489.0
041,Nok,Груши,Pears,Нок,2014-M12,2014,5347.0
049,Uzum,Виноград,Grape,Узум,2014-M12,2014,4418.0
0050,Tarvuz,Арбуз,Watermelon,Тарвуз,2014-M12,2014,940.0
0051,Qovun,Дыня,Melon,Қовун,2014-M12,2014,1410.0
053,Mayiz,Кишмиш,Kishmish,Майиз,2014-M12,2014,9548.0
055,Karam,Капуста,Cabbage,Карам,2014-M12,2014,945.0
057,Bodring,Огурцы,Cucumbers,Бодринг,2014-M12,2014,3633.0
058,Pomidor,Помидоры,Tomatoes,Помидор,2014-M12,2014,3445.0
059,Baqlajon,Баклажаны,Eggplant,Бақлажон,2014-M12,2014,0.0
0060,Bulg'or qalampiri,Перец болгарский,Bell pepper,Булғор қалампири,2014-M12,2014,1765.0
061,Qovoq,Тыква,Pumpkin,Қовоқ,2014-M12,2014,746.0
063,Sabzi,Морковь,Carrot,Сабзи,2014-M12,2014,688.0
065,Sarimsoq,Чеснок,Garlic,Саримсоқ,2014-M12,2014,7566.0
066,Piyoz,Лук репчатый,Onion,Пиёз,2014-M12,2014,2031.0
069,Kartoshka,Картофель,Potatoes,Картошка,2014-M12,2014,1560.0
0070,Loviya,Фасоль,Beans,Ловия,2014-M12,2014,0.0
071,No'xot,Горох,Peas,Нўхот,2014-M12,2014,0.0
0072,Mosh,Маш,Mash,Мош,2014-M12,2014,0.0
073,Shakar,Сахар песок,Sugar,Шакар,2014-M12,2014,0.0
002,Kruppa yormasi,Крупа манная,Semolina,Круппа ёрмаси,2014-M12,2014,0.0
001,Guruch,Рис,Rice,Гуруч,2015-M01,2015,4804.0
003,Arpa,Ячмень,Barley,Арпа,2015-M01,2015,0.0
0004,Bug'doy,Пшеница,Wheat,Буғдой,2015-M01,2015,1075.0
005,Jo'hori,Кукуруза,Corn,Жўҳори,2015-M01,2015,1446.0
006,Kepak,Отруби,Bran,Кепак,2015-M01,2015,777.0
0008,Shrot,Шрот,Schroth,Шрот,2015-M01,2015,0.0
009,Shulxa,Шелуха,Husk,Шулха,2015-M01,2015,0.0
010,Kombikorm,Комбикорм,Compound feed,Комбикорм,2015-M01,2015,775.0
011,Oliy navli bug'doy uni,Мука пшеничная высшего сорта,High-grade wheat flour,Олий навли буғдой уни,2015-M01,2015,1685.0
0012,1-navli bug'doy uni,Мука пшеничная первого сорта,First grade wheat flour,1-навли буғдой уни,2015-M01,2015,0.0
013,1-nav bug'doy unidan non,Хлеб пшеничный из муки 1-го сорта,Wheat bread from 1st grade flour,1-нав буғдой унидан нон,2015-M01,2015,0.0
017,Mol go'shti,Говядина,Beef,Мол гўшти,2015-M01,2015,23615.0
0020,Qo'y go'shti,Баранина,Mutton,Қўй гўшти,2015-M01,2015,25646.0
022,Tovuq go'shti,Мясо птицы,Poultry,Товуқ гўшти,2015-M01,2015,0.0
026,Turli baliqlar,Рыба всякая,Fish of all kinds,Турли балиқлар,2015-M01,2015,10179.0
027,Yangi sog'ilgan sut (1 litr),Молоко свежее (1 литр),Fresh milk (1 liter),Янги соғилган сут (1 литр),2015-M01,2015,1914.0
034,Tuxum (10 dona),Яйца (10 штук),Eggs (10 pieces ),Тухум (10 дона),2015-M01,2015,4032.0
035,Paxta yog'i (1 litr),Масло хлопковое (1 литр),Cottonseed oil (1 liter),Пахта ёғи (1 литр),2015-M01,2015,0.0
0036,Kungaboqar yog'i (1 litr),Масло подсолнечное (1 литр),Sunflower oil (1 liter),Кунгабоқар ёғи (1 литр),2015-M01,2015,0.0
037,Sariyog',Масло сливочное,Butter,Сариёғ,2015-M01,2015,16893.0
039,Limon,Лимоны,Lemons,Лимон,2015-M01,2015,7600.0
0040,Olma,Яблоки,Apples,Олма,2015-M01,2015,3573.0
041,Nok,Груши,Pears,Нок,2015-M01,2015,5696.0
049,Uzum,Виноград,Grape,Узум,2015-M01,2015,5713.0
0050,Tarvuz,Арбуз,Watermelon,Тарвуз,2015-M01,2015,1672.0
0051,Qovun,Дыня,Melon,Қовун,2015-M01,2015,1917.0
053,Mayiz,Кишмиш,Kishmish,Майиз,2015-M01,2015,9918.0
055,Karam,Капуста,Cabbage,Карам,2015-M01,2015,884.0
057,Bodring,Огурцы,Cucumbers,Бодринг,2015-M01,2015,5090.0
058,Pomidor,Помидоры,Tomatoes,Помидор,2015-M01,2015,5000.0
059,Baqlajon,Баклажаны,Eggplant,Бақлажон,2015-M01,2015,0.0
0060,Bulg'or qalampiri,Перец болгарский,Bell pepper,Булғор қалампири,2015-M01,2015,3614.0
061,Qovoq,Тыква,Pumpkin,Қовоқ,2015-M01,2015,779.0
063,Sabzi,Морковь,Carrot,Сабзи,2015-M01,2015,633.0
065,Sarimsoq,Чеснок,Garlic,Саримсоқ,2015-M01,2015,7013.0
066,Piyoz,Лук репчатый,Onion,Пиёз,2015-M01,2015,1875.0
069,Kartoshka,Картофель,Potatoes,Картошка,2015-M01,2015,1492.0
0070,Loviya,Фасоль,Beans,Ловия,2015-M01,2015,0.0
071,No'xot,Горох,Peas,Нўхот,2015-M01,2015,0.0
0072,Mosh,Маш,Mash,Мош,2015-M01,2015,0.0
073,Shakar,Сахар песок,Sugar,Шакар,2015-M01,2015,0.0
002,Kruppa yormasi,Крупа манная,Semolina,Круппа ёрмаси,2015-M01,2015,0.0
001,Guruch,Рис,Rice,Гуруч,2015-M02,2015,5011.0
003,Arpa,Ячмень,Barley,Арпа,2015-M02,2015,0.0
0004,Bug'doy,Пшеница,Wheat,Буғдой,2015-M02,2015,1177.0
005,Jo'hori,Кукуруза,Corn,Жўҳори,2015-M02,2015,1538.0
006,Kepak,Отруби,Bran,Кепак,2015-M02,2015,795.0
0008,Shrot,Шрот,Schroth,Шрот,2015-M02,2015,0.0
009,Shulxa,Шелуха,Husk,Шулха,2015-M02,2015,0.0
010,Kombikorm,Комбикорм,Compound feed,Комбикорм,2015-M02,2015,796.0
011,Oliy navli bug'doy uni,Мука пшеничная высшего сорта,High-grade wheat flour,Олий навли буғдой уни,2015-M02,2015,1709.0
0012,1-navli bug'doy uni,Мука пшеничная первого сорта,First grade wheat flour,1-навли буғдой уни,2015-M02,2015,0.0
013,1-nav bug'doy unidan non,Хлеб пшеничный из муки 1-го сорта,Wheat bread from 1st grade flour,1-нав буғдой унидан нон,2015-M02,2015,0.0
017,Mol go'shti,Говядина,Beef,Мол гўшти,2015-M02,2015,23538.0
0020,Qo'y go'shti,Баранина,Mutton,Қўй гўшти,2015-M02,2015,25585.0
022,Tovuq go'shti,Мясо птицы,Poultry,Товуқ гўшти,2015-M02,2015,0.0
026,Turli baliqlar,Рыба всякая,Fish of all kinds,Турли балиқлар,2015-M02,2015,10798.0
027,Yangi sog'ilgan sut (1 litr),Молоко свежее (1 литр),Fresh milk (1 liter),Янги соғилган сут (1 литр),2015-M02,2015,1948.0
034,Tuxum (10 dona),Яйца (10 штук),Eggs (10 pieces ),Тухум (10 дона),2015-M02,2015,3757.0
035,Paxta yog'i (1 litr),Масло хлопковое (1 литр),Cottonseed oil (1 liter),Пахта ёғи (1 литр),2015-M02,2015,0.0
0036,Kungaboqar yog'i (1 litr),Масло подсолнечное (1 литр),Sunflower oil (1 liter),Кунгабоқар ёғи (1 литр),2015-M02,2015,0.0
037,Sariyog',Масло сливочное,Butter,Сариёғ,2015-M02,2015,17081.0
039,Limon,Лимоны,Lemons,Лимон,2015-M02,2015,7148.0
0040,Olma,Яблоки,Apples,Олма,2015-M02,2015,3694.0
041,Nok,Груши,Pears,Нок,2015-M02,2015,6052.0
049,Uzum,Виноград,Grape,Узум,2015-M02,2015,6592.0
0050,Tarvuz,Арбуз,Watermelon,Тарвуз,2015-M02,2015,0.0
0051,Qovun,Дыня,Melon,Қовун,2015-M02,2015,2053.0
053,Mayiz,Кишмиш,Kishmish,Майиз,2015-M02,2015,9788.0
055,Karam,Капуста,Cabbage,Карам,2015-M02,2015,952.0
057,Bodring,Огурцы,Cucumbers,Бодринг,2015-M02,2015,6069.0
058,Pomidor,Помидоры,Tomatoes,Помидор,2015-M02,2015,6296.0
059,Baqlajon,Баклажаны,Eggplant,Бақлажон,2015-M02,2015,0.0
0060,Bulg'or qalampiri,Перец болгарский,Bell pepper,Булғор қалампири,2015-M02,2015,0.0
061,Qovoq,Тыква,Pumpkin,Қовоқ,2015-M02,2015,958.0
063,Sabzi,Морковь,Carrot,Сабзи,2015-M02,2015,684.0
065,Sarimsoq,Чеснок,Garlic,Саримсоқ,2015-M02,2015,6829.0
066,Piyoz,Лук репчатый,Onion,Пиёз,2015-M02,2015,1926.0
069,Kartoshka,Картофель,Potatoes,Картошка,2015-M02,2015,1551.0
0070,Loviya,Фасоль,Beans,Ловия,2015-M02,2015,0.0
071,No'xot,Горох,Peas,Нўхот,2015-M02,2015,0.0
0072,Mosh,Маш,Mash,Мош,2015-M02,2015,0.0
073,Shakar,Сахар песок,Sugar,Шакар,2015-M02,2015,0.0
002,Kruppa yormasi,Крупа манная,Semolina,Круппа ёрмаси,2015-M02,2015,0.0
001,Guruch,Рис,Rice,Гуруч,2015-M03,2015,5169.0
003,Arpa,Ячмень,Barley,Арпа,2015-M03,2015,0.0
0004,Bug'doy,Пшеница,Wheat,Буғдой,2015-M03,2015,1383.0
005,Jo'hori,Кукуруза,Corn,Жўҳори,2015-M03,2015,1592.0
006,Kepak,Отруби,Bran,Кепак,2015-M03,2015,804.0
0008,Shrot,Шрот,Schroth,Шрот,2015-M03,2015,0.0
009,Shulxa,Шелуха,Husk,Шулха,2015-M03,2015,0.0
010,Kombikorm,Комбикорм,Compound feed,Комбикорм,2015-M03,2015,806.0
011,Oliy navli bug'doy uni,Мука пшеничная высшего сорта,High-grade wheat flour,Олий навли буғдой уни,2015-M03,2015,1739.0
0012,1-navli bug'doy uni,Мука пшеничная первого сорта,First grade wheat flour,1-навли буғдой уни,2015-M03,2015,0.0
013,1-nav bug'doy unidan non,Хлеб пшеничный из муки 1-го сорта,Wheat bread from 1st grade flour,1-нав буғдой унидан нон,2015-M03,2015,0.0
017,Mol go'shti,Говядина,Beef,Мол гўшти,2015-M03,2015,23521.0
0020,Qo'y go'shti,Баранина,Mutton,Қўй гўшти,2015-M03,2015,25510.0
022,Tovuq go'shti,Мясо птицы,Poultry,Товуқ гўшти,2015-M03,2015,0.0
026,Turli baliqlar,Рыба всякая,Fish of all kinds,Турли балиқлар,2015-M03,2015,10605.0
027,Yangi sog'ilgan sut (1 litr),Молоко свежее (1 литр),Fresh milk (1 liter),Янги соғилган сут (1 литр),2015-M03,2015,1948.0
034,Tuxum (10 dona),Яйца (10 штук),Eggs (10 pieces ),Тухум (10 дона),2015-M03,2015,3561.0
035,Paxta yog'i (1 litr),Масло хлопковое (1 литр),Cottonseed oil (1 liter),Пахта ёғи (1 литр),2015-M03,2015,0.0
0036,Kungaboqar yog'i (1 litr),Масло подсолнечное (1 литр),Sunflower oil (1 liter),Кунгабоқар ёғи (1 литр),2015-M03,2015,0.0
037,Sariyog',Масло сливочное,Butter,Сариёғ,2015-M03,2015,17350.0
039,Limon,Лимоны,Lemons,Лимон,2015-M03,2015,7351.0
0040,Olma,Яблоки,Apples,Олма,2015-M03,2015,3881.0
041,Nok,Груши,Pears,Нок,2015-M03,2015,7948.0
049,Uzum,Виноград,Grape,Узум,2015-M03,2015,8134.0
0050,Tarvuz,Арбуз,Watermelon,Тарвуз,2015-M03,2015,0.0
0051,Qovun,Дыня,Melon,Қовун,2015-M03,2015,2204.0
053,Mayiz,Кишмиш,Kishmish,Майиз,2015-M03,2015,9767.0
055,Karam,Капуста,Cabbage,Карам,2015-M03,2015,1260.0
057,Bodring,Огурцы,Cucumbers,Бодринг,2015-M03,2015,7642.0
058,Pomidor,Помидоры,Tomatoes,Помидор,2015-M03,2015,7740.0
059,Baqlajon,Баклажаны,Eggplant,Бақлажон,2015-M03,2015,0.0
0060,Bulg'or qalampiri,Перец болгарский,Bell pepper,Булғор қалампири,2015-M03,2015,0.0
061,Qovoq,Тыква,Pumpkin,Қовоқ,2015-M03,2015,1138.0
063,Sabzi,Морковь,Carrot,Сабзи,2015-M03,2015,617.0
065,Sarimsoq,Чеснок,Garlic,Саримсоқ,2015-M03,2015,7107.0
066,Piyoz,Лук репчатый,Onion,Пиёз,2015-M03,2015,2121.0
069,Kartoshka,Картофель,Potatoes,Картошка,2015-M03,2015,1529.0
0070,Loviya,Фасоль,Beans,Ловия,2015-M03,2015,0.0
071,No'xot,Горох,Peas,Нўхот,2015-M03,2015,0.0
0072,Mosh,Маш,Mash,Мош,2015-M03,2015,0.0
073,Shakar,Сахар песок,Sugar,Шакар,2015-M03,2015,0.0
002,Kruppa yormasi,Крупа манная,Semolina,Круппа ёрмаси,2015-M03,2015,0.0
001,Guruch,Рис,Rice,Гуруч,2015-M04,2015,5385.0
003,Arpa,Ячмень,Barley,Арпа,2015-M04,2015,0.0
0004,Bug'doy,Пшеница,Wheat,Буғдой,2015-M04,2015,1316.0
005,Jo'hori,Кукуруза,Corn,Жўҳори,2015-M04,2015,1573.0
006,Kepak,Отруби,Bran,Кепак,2015-M04,2015,847.0
0008,Shrot,Шрот,Schroth,Шрот,2015-M04,2015,0.0
009,Shulxa,Шелуха,Husk,Шулха,2015-M04,2015,0.0
010,Kombikorm,Комбикорм,Compound feed,Комбикорм,2015-M04,2015,852.0
011,Oliy navli bug'doy uni,Мука пшеничная высшего сорта,High-grade wheat flour,Олий навли буғдой уни,2015-M04,2015,1750.0
0012,1-navli bug'doy uni,Мука пшеничная первого сорта,First grade wheat flour,1-навли буғдой уни,2015-M04,2015,0.0
013,1-nav bug'doy unidan non,Хлеб пшеничный из муки 1-го сорта,Wheat bread from 1st grade flour,1-нав буғдой унидан нон,2015-M04,2015,0.0
017,Mol go'shti,Говядина,Beef,Мол гўшти,2015-M04,2015,23281.0
0020,Qo'y go'shti,Баранина,Mutton,Қўй гўшти,2015-M04,2015,25313.0
022,Tovuq go'shti,Мясо птицы,Poultry,Товуқ гўшти,2015-M04,2015,0.0
026,Turli baliqlar,Рыба всякая,Fish of all kinds,Турли балиқлар,2015-M04,2015,10764.0
027,Yangi sog'ilgan sut (1 litr),Молоко свежее (1 литр),Fresh milk (1 liter),Янги соғилган сут (1 литр),2015-M04,2015,1939.0
034,Tuxum (10 dona),Яйца (10 штук),Eggs (10 pieces ),Тухум (10 дона),2015-M04,2015,3483.0
035,Paxta yog'i (1 litr),Масло хлопковое (1 литр),Cottonseed oil (1 liter),Пахта ёғи (1 литр),2015-M04,2015,0.0
0036,Kungaboqar yog'i (1 litr),Масло подсолнечное (1 литр),Sunflower oil (1 liter),Кунгабоқар ёғи (1 литр),2015-M04,2015,0.0
037,Sariyog',Масло сливочное,Butter,Сариёғ,2015-M04,2015,17250.0
039,Limon,Лимоны,Lemons,Лимон,2015-M04,2015,7827.0
0040,Olma,Яблоки,Apples,Олма,2015-M04,2015,4327.0
041,Nok,Груши,Pears,Нок,2015-M04,2015,8283.0
049,Uzum,Виноград,Grape,Узум,2015-M04,2015,0.0
0050,Tarvuz,Арбуз,Watermelon,Тарвуз,2015-M04,2015,0.0
0051,Qovun,Дыня,Melon,Қовун,2015-M04,2015,0.0
053,Mayiz,Кишмиш,Kishmish,Майиз,2015-M04,2015,10173.0
055,Karam,Капуста,Cabbage,Карам,2015-M04,2015,1600.0
057,Bodring,Огурцы,Cucumbers,Бодринг,2015-M04,2015,6990.0
058,Pomidor,Помидоры,Tomatoes,Помидор,2015-M04,2015,8379.0
059,Baqlajon,Баклажаны,Eggplant,Бақлажон,2015-M04,2015,0.0
0060,Bulg'or qalampiri,Перец болгарский,Bell pepper,Булғор қалампири,2015-M04,2015,0.0
061,Qovoq,Тыква,Pumpkin,Қовоқ,2015-M04,2015,0.0
063,Sabzi,Морковь,Carrot,Сабзи,2015-M04,2015,616.0
065,Sarimsoq,Чеснок,Garlic,Саримсоқ,2015-M04,2015,7619.0
066,Piyoz,Лук репчатый,Onion,Пиёз,2015-M04,2015,2601.0
069,Kartoshka,Картофель,Potatoes,Картошка,2015-M04,2015,1608.0
0070,Loviya,Фасоль,Beans,Ловия,2015-M04,2015,0.0
071,No'xot,Горох,Peas,Нўхот,2015-M04,2015,0.0
0072,Mosh,Маш,Mash,Мош,2015-M04,2015,0.0
073,Shakar,Сахар песок,Sugar,Шакар,2015-M04,2015,0.0
002,Kruppa yormasi,Крупа манная,Semolina,Круппа ёрмаси,2015-M04,2015,0.0
001,Guruch,Рис,Rice,Гуруч,2015-M05,2015,6715.0
003,Arpa,Ячмень,Barley,Арпа,2015-M05,2015,0.0
0004,Bug'doy,Пшеница,Wheat,Буғдой,2015-M05,2015,1373.0
005,Jo'hori,Кукуруза,Corn,Жўҳори,2015-M05,2015,1624.0
006,Kepak,Отруби,Bran,Кепак,2015-M05,2015,899.0
0008,Shrot,Шрот,Schroth,Шрот,2015-M05,2015,0.0
009,Shulxa,Шелуха,Husk,Шулха,2015-M05,2015,0.0
010,Kombikorm,Комбикорм,Compound feed,Комбикорм,2015-M05,2015,910.0
011,Oliy navli bug'doy uni,Мука пшеничная высшего сорта,High-grade wheat flour,Олий навли буғдой уни,2015-M05,2015,1810.0
0012,1-navli bug'doy uni,Мука пшеничная первого сорта,First grade wheat flour,1-навли буғдой уни,2015-M05,2015,0.0
013,1-nav bug'doy unidan non,Хлеб пшеничный из муки 1-го сорта,Wheat bread from 1st grade flour,1-нав буғдой унидан нон,2015-M05,2015,0.0
017,Mol go'shti,Говядина,Beef,Мол гўшти,2015-M05,2015,23438.0
0020,Qo'y go'shti,Баранина,Mutton,Қўй гўшти,2015-M05,2015,25521.0
022,Tovuq go'shti,Мясо птицы,Poultry,Товуқ гўшти,2015-M05,2015,0.0
026,Turli baliqlar,Рыба всякая,Fish of all kinds,Турли балиқлар,2015-M05,2015,11895.0
027,Yangi sog'ilgan sut (1 litr),Молоко свежее (1 литр),Fresh milk (1 liter),Янги соғилган сут (1 литр),2015-M05,2015,1919.0
034,Tuxum (10 dona),Яйца (10 штук),Eggs (10 pieces ),Тухум (10 дона),2015-M05,2015,3683.0
035,Paxta yog'i (1 litr),Масло хлопковое (1 литр),Cottonseed oil (1 liter),Пахта ёғи (1 литр),2015-M05,2015,0.0
0036,Kungaboqar yog'i (1 litr),Масло подсолнечное (1 литр),Sunflower oil (1 liter),Кунгабоқар ёғи (1 литр),2015-M05,2015,0.0
037,Sariyog',Масло сливочное,Butter,Сариёғ,2015-M05,2015,17384.0
039,Limon,Лимоны,Lemons,Лимон,2015-M05,2015,8906.0
0040,Olma,Яблоки,Apples,Олма,2015-M05,2015,5481.0
041,Nok,Груши,Pears,Нок,2015-M05,2015,9000.0
049,Uzum,Виноград,Grape,Узум,2015-M05,2015,0.0
0050,Tarvuz,Арбуз,Watermelon,Тарвуз,2015-M05,2015,0.0
0051,Qovun,Дыня,Melon,Қовун,2015-M05,2015,0.0
053,Mayiz,Кишмиш,Kishmish,Майиз,2015-M05,2015,10594.0
055,Karam,Капуста,Cabbage,Карам,2015-M05,2015,1392.0
057,Bodring,Огурцы,Cucumbers,Бодринг,2015-M05,2015,3756.0
058,Pomidor,Помидоры,Tomatoes,Помидор,2015-M05,2015,6490.0
059,Baqlajon,Баклажаны,Eggplant,Бақлажон,2015-M05,2015,0.0
0060,Bulg'or qalampiri,Перец болгарский,Bell pepper,Булғор қалампири,2015-M05,2015,6781.0
061,Qovoq,Тыква,Pumpkin,Қовоқ,2015-M05,2015,0.0
063,Sabzi,Морковь,Carrot,Сабзи,2015-M05,2015,676.0
065,Sarimsoq,Чеснок,Garlic,Саримсоқ,2015-M05,2015,8304.0
066,Piyoz,Лук репчатый,Onion,Пиёз,2015-M05,2015,1407.0
069,Kartoshka,Картофель,Potatoes,Картошка,2015-M05,2015,1495.0
0070,Loviya,Фасоль,Beans,Ловия,2015-M05,2015,0.0
071,No'xot,Горох,Peas,Нўхот,2015-M05,2015,0.0
0072,Mosh,Маш,Mash,Мош,2015-M05,2015,0.0
073,Shakar,Сахар песок,Sugar,Шакар,2015-M05,2015,0.0
002,Kruppa yormasi,Крупа манная,Semolina,Круппа ёрмаси,2015-M05,2015,0.0
001,Guruch,Рис,Rice,Гуруч,2015-M06,2015,6919.0
003,Arpa,Ячмень,Barley,Арпа,2015-M06,2015,1467.0
0004,Bug'doy,Пшеница,Wheat,Буғдой,2015-M06,2015,1361.0
005,Jo'hori,Кукуруза,Corn,Жўҳори,2015-M06,2015,1616.0
006,Kepak,Отруби,Bran,Кепак,2015-M06,2015,910.0
0008,Shrot,Шрот,Schroth,Шрот,2015-M06,2015,0.0
009,Shulxa,Шелуха,Husk,Шулха,2015-M06,2015,0.0
010,Kombikorm,Комбикорм,Compound feed,Комбикорм,2015-M06,2015,919.0
011,Oliy navli bug'doy uni,Мука пшеничная высшего сорта,High-grade wheat flour,Олий навли буғдой уни,2015-M06,2015,1833.0
0012,1-navli bug'doy uni,Мука пшеничная первого сорта,First grade wheat flour,1-навли буғдой уни,2015-M06,2015,0.0
013,1-nav bug'doy unidan non,Хлеб пшеничный из муки 1-го сорта,Wheat bread from 1st grade flour,1-нав буғдой унидан нон,2015-M06,2015,0.0
017,Mol go'shti,Говядина,Beef,Мол гўшти,2015-M06,2015,23479.0
0020,Qo'y go'shti,Баранина,Mutton,Қўй гўшти,2015-M06,2015,25521.0
022,Tovuq go'shti,Мясо птицы,Poultry,Товуқ гўшти,2015-M06,2015,0.0
026,Turli baliqlar,Рыба всякая,Fish of all kinds,Турли балиқлар,2015-M06,2015,12667.0
027,Yangi sog'ilgan sut (1 litr),Молоко свежее (1 литр),Fresh milk (1 liter),Янги соғилган сут (1 литр),2015-M06,2015,1919.0
034,Tuxum (10 dona),Яйца (10 штук),Eggs (10 pieces ),Тухум (10 дона),2015-M06,2015,3819.0
035,Paxta yog'i (1 litr),Масло хлопковое (1 литр),Cottonseed oil (1 liter),Пахта ёғи (1 литр),2015-M06,2015,0.0
0036,Kungaboqar yog'i (1 litr),Масло подсолнечное (1 литр),Sunflower oil (1 liter),Кунгабоқар ёғи (1 литр),2015-M06,2015,0.0
037,Sariyog',Масло сливочное,Butter,Сариёғ,2015-M06,2015,17160.0
039,Limon,Лимоны,Lemons,Лимон,2015-M06,2015,9452.0
0040,Olma,Яблоки,Apples,Олма,2015-M06,2015,5110.0
041,Nok,Груши,Pears,Нок,2015-M06,2015,9629.0
049,Uzum,Виноград,Grape,Узум,2015-M06,2015,8167.0
0050,Tarvuz,Арбуз,Watermelon,Тарвуз,2015-M06,2015,1653.0
0051,Qovun,Дыня,Melon,Қовун,2015-M06,2015,2170.0
053,Mayiz,Кишмиш,Kishmish,Майиз,2015-M06,2015,11229.0
055,Karam,Капуста,Cabbage,Карам,2015-M06,2015,818.0
057,Bodring,Огурцы,Cucumbers,Бодринг,2015-M06,2015,1038.0
058,Pomidor,Помидоры,Tomatoes,Помидор,2015-M06,2015,2815.0
059,Baqlajon,Баклажаны,Eggplant,Бақлажон,2015-M06,2015,3146.0
0060,Bulg'or qalampiri,Перец болгарский,Bell pepper,Булғор қалампири,2015-M06,2015,3448.0
061,Qovoq,Тыква,Pumpkin,Қовоқ,2015-M06,2015,0.0
063,Sabzi,Морковь,Carrot,Сабзи,2015-M06,2015,699.0
065,Sarimsoq,Чеснок,Garlic,Саримсоқ,2015-M06,2015,6977.0
066,Piyoz,Лук репчатый,Onion,Пиёз,2015-M06,2015,1035.0
069,Kartoshka,Картофель,Potatoes,Картошка,2015-M06,2015,1115.0
0070,Loviya,Фасоль,Beans,Ловия,2015-M06,2015,0.0
071,No'xot,Горох,Peas,Нўхот,2015-M06,2015,0.0
0072,Mosh,Маш,Mash,Мош,2015-M06,2015,0.0
073,Shakar,Сахар песок,Sugar,Шакар,2015-M06,2015,0.0
002,Kruppa yormasi,Крупа манная,Semolina,Круппа ёрмаси,2015-M06,2015,1467.0
001,Guruch,Рис,Rice,Гуруч,2015-M07,2015,6900.0
003,Arpa,Ячмень,Barley,Арпа,2015-M07,2015,1333.0
0004,Bug'doy,Пшеница,Wheat,Буғдой,2015-M07,2015,1271.0
005,Jo'hori,Кукуруза,Corn,Жўҳори,2015-M07,2015,1775.0
006,Kepak,Отруби,Bran,Кепак,2015-M07,2015,851.0
0008,Shrot,Шрот,Schroth,Шрот,2015-M07,2015,0.0
009,Shulxa,Шелуха,Husk,Шулха,2015-M07,2015,0.0
010,Kombikorm,Комбикорм,Compound feed,Комбикорм,2015-M07,2015,869.0
011,Oliy navli bug'doy uni,Мука пшеничная высшего сорта,High-grade wheat flour,Олий навли буғдой уни,2015-M07,2015,1776.0
0012,1-navli bug'doy uni,Мука пшеничная первого сорта,First grade wheat flour,1-навли буғдой уни,2015-M07,2015,0.0
013,1-nav bug'doy unidan non,Хлеб пшеничный из муки 1-го сорта,Wheat bread from 1st grade flour,1-нав буғдой унидан нон,2015-M07,2015,0.0
017,Mol go'shti,Говядина,Beef,Мол гўшти,2015-M07,2015,23500.0
0020,Qo'y go'shti,Баранина,Mutton,Қўй гўшти,2015-M07,2015,25521.0
022,Tovuq go'shti,Мясо птицы,Poultry,Товуқ гўшти,2015-M07,2015,0.0
026,Turli baliqlar,Рыба всякая,Fish of all kinds,Турли балиқлар,2015-M07,2015,12364.0
027,Yangi sog'ilgan sut (1 litr),Молоко свежее (1 литр),Fresh milk (1 liter),Янги соғилган сут (1 литр),2015-M07,2015,1945.0
034,Tuxum (10 dona),Яйца (10 штук),Eggs (10 pieces ),Тухум (10 дона),2015-M07,2015,3615.0
035,Paxta yog'i (1 litr),Масло хлопковое (1 литр),Cottonseed oil (1 liter),Пахта ёғи (1 литр),2015-M07,2015,0.0
0036,Kungaboqar yog'i (1 litr),Масло подсолнечное (1 литр),Sunflower oil (1 liter),Кунгабоқар ёғи (1 литр),2015-M07,2015,0.0
037,Sariyog',Масло сливочное,Butter,Сариёғ,2015-M07,2015,17094.0
039,Limon,Лимоны,Lemons,Лимон,2015-M07,2015,10021.0
0040,Olma,Яблоки,Apples,Олма,2015-M07,2015,3602.0
041,Nok,Груши,Pears,Нок,2015-M07,2015,6173.0
049,Uzum,Виноград,Grape,Узум,2015-M07,2015,5356.0
0050,Tarvuz,Арбуз,Watermelon,Тарвуз,2015-M07,2015,645.0
0051,Qovun,Дыня,Melon,Қовун,2015-M07,2015,1219.0
053,Mayiz,Кишмиш,Kishmish,Майиз,2015-M07,2015,11427.0
055,Karam,Капуста,Cabbage,Карам,2015-M07,2015,527.0
057,Bodring,Огурцы,Cucumbers,Бодринг,2015-M07,2015,690.0
058,Pomidor,Помидоры,Tomatoes,Помидор,2015-M07,2015,667.0
059,Baqlajon,Баклажаны,Eggplant,Бақлажон,2015-M07,2015,1135.0
0060,Bulg'or qalampiri,Перец болгарский,Bell pepper,Булғор қалампири,2015-M07,2015,1104.0
061,Qovoq,Тыква,Pumpkin,Қовоқ,2015-M07,2015,1016.0
063,Sabzi,Морковь,Carrot,Сабзи,2015-M07,2015,708.0
065,Sarimsoq,Чеснок,Garlic,Саримсоқ,2015-M07,2015,6204.0
066,Piyoz,Лук репчатый,Onion,Пиёз,2015-M07,2015,772.0
069,Kartoshka,Картофель,Potatoes,Картошка,2015-M07,2015,757.0
0070,Loviya,Фасоль,Beans,Ловия,2015-M07,2015,0.0
071,No'xot,Горох,Peas,Нўхот,2015-M07,2015,0.0
0072,Mosh,Маш,Mash,Мош,2015-M07,2015,0.0
073,Shakar,Сахар песок,Sugar,Шакар,2015-M07,2015,0.0
002,Kruppa yormasi,Крупа манная,Semolina,Круппа ёрмаси,2015-M07,2015,1333.0
001,Guruch,Рис,Rice,Гуруч,2015-M08,2015,7254.0
003,Arpa,Ячмень,Barley,Арпа,2015-M08,2015,1233.0
0004,Bug'doy,Пшеница,Wheat,Буғдой,2015-M08,2015,1327.0
005,Jo'hori,Кукуруза,Corn,Жўҳори,2015-M08,2015,1648.0
006,Kepak,Отруби,Bran,Кепак,2015-M08,2015,884.0
0008,Shrot,Шрот,Schroth,Шрот,2015-M08,2015,0.0
009,Shulxa,Шелуха,Husk,Шулха,2015-M08,2015,0.0
010,Kombikorm,Комбикорм,Compound feed,Комбикорм,2015-M08,2015,911.0
011,Oliy navli bug'doy uni,Мука пшеничная высшего сорта,High-grade wheat flour,Олий навли буғдой уни,2015-M08,2015,1861.0
0012,1-navli bug'doy uni,Мука пшеничная первого сорта,First grade wheat flour,1-навли буғдой уни,2015-M08,2015,0.0
013,1-nav bug'doy unidan non,Хлеб пшеничный из муки 1-го сорта,Wheat bread from 1st grade flour,1-нав буғдой унидан нон,2015-M08,2015,0.0
017,Mol go'shti,Говядина,Beef,Мол гўшти,2015-M08,2015,23417.0
0020,Qo'y go'shti,Баранина,Mutton,Қўй гўшти,2015-M08,2015,25479.0
022,Tovuq go'shti,Мясо птицы,Poultry,Товуқ гўшти,2015-M08,2015,0.0
026,Turli baliqlar,Рыба всякая,Fish of all kinds,Турли балиқлар,2015-M08,2015,13833.0
027,Yangi sog'ilgan sut (1 litr),Молоко свежее (1 литр),Fresh milk (1 liter),Янги соғилган сут (1 литр),2015-M08,2015,1928.0
034,Tuxum (10 dona),Яйца (10 штук),Eggs (10 pieces ),Тухум (10 дона),2015-M08,2015,3553.0
035,Paxta yog'i (1 litr),Масло хлопковое (1 литр),Cottonseed oil (1 liter),Пахта ёғи (1 литр),2015-M08,2015,0.0
0036,Kungaboqar yog'i (1 litr),Масло подсолнечное (1 литр),Sunflower oil (1 liter),Кунгабоқар ёғи (1 литр),2015-M08,2015,0.0
037,Sariyog',Масло сливочное,Butter,Сариёғ,2015-M08,2015,17069.0
039,Limon,Лимоны,Lemons,Лимон,2015-M08,2015,17248.0
0040,Olma,Яблоки,Apples,Олма,2015-M08,2015,3632.0
041,Nok,Груши,Pears,Нок,2015-M08,2015,4983.0
049,Uzum,Виноград,Grape,Узум,2015-M08,2015,4331.0
0050,Tarvuz,Арбуз,Watermelon,Тарвуз,2015-M08,2015,595.0
0051,Qovun,Дыня,Melon,Қовун,2015-M08,2015,984.0
053,Mayiz,Кишмиш,Kishmish,Майиз,2015-M08,2015,12156.0
055,Karam,Капуста,Cabbage,Карам,2015-M08,2015,589.0
057,Bodring,Огурцы,Cucumbers,Бодринг,2015-M08,2015,1040.0
058,Pomidor,Помидоры,Tomatoes,Помидор,2015-M08,2015,681.0
059,Baqlajon,Баклажаны,Eggplant,Бақлажон,2015-M08,2015,873.0
0060,Bulg'or qalampiri,Перец болгарский,Bell pepper,Булғор қалампири,2015-M08,2015,1006.0
061,Qovoq,Тыква,Pumpkin,Қовоқ,2015-M08,2015,717.0
063,Sabzi,Морковь,Carrot,Сабзи,2015-M08,2015,738.0
065,Sarimsoq,Чеснок,Garlic,Саримсоқ,2015-M08,2015,7617.0
066,Piyoz,Лук репчатый,Onion,Пиёз,2015-M08,2015,775.0
069,Kartoshka,Картофель,Potatoes,Картошка,2015-M08,2015,772.0
0070,Loviya,Фасоль,Beans,Ловия,2015-M08,2015,0.0
071,No'xot,Горох,Peas,Нўхот,2015-M08,2015,0.0
0072,Mosh,Маш,Mash,Мош,2015-M08,2015,0.0
073,Shakar,Сахар песок,Sugar,Шакар,2015-M08,2015,0.0
002,Kruppa yormasi,Крупа манная,Semolina,Круппа ёрмаси,2015-M08,2015,1233.0
001,Guruch,Рис,Rice,Гуруч,2015-M09,2015,6605.0
003,Arpa,Ячмень,Barley,Арпа,2015-M09,2015,1183.0
0004,Bug'doy,Пшеница,Wheat,Буғдой,2015-M09,2015,1282.0
005,Jo'hori,Кукуруза,Corn,Жўҳори,2015-M09,2015,1521.0
006,Kepak,Отруби,Bran,Кепак,2015-M09,2015,911.0
0008,Shrot,Шрот,Schroth,Шрот,2015-M09,2015,0.0
009,Shulxa,Шелуха,Husk,Шулха,2015-M09,2015,0.0
010,Kombikorm,Комбикорм,Compound feed,Комбикорм,2015-M09,2015,952.0
011,Oliy navli bug'doy uni,Мука пшеничная высшего сорта,High-grade wheat flour,Олий навли буғдой уни,2015-M09,2015,1871.0
0012,1-navli bug'doy uni,Мука пшеничная первого сорта,First grade wheat flour,1-навли буғдой уни,2015-M09,2015,0.0
013,1-nav bug'doy unidan non,Хлеб пшеничный из муки 1-го сорта,Wheat bread from 1st grade flour,1-нав буғдой унидан нон,2015-M09,2015,0.0
017,Mol go'shti,Говядина,Beef,Мол гўшти,2015-M09,2015,23417.0
0020,Qo'y go'shti,Баранина,Mutton,Қўй гўшти,2015-M09,2015,25375.0
022,Tovuq go'shti,Мясо птицы,Poultry,Товуқ гўшти,2015-M09,2015,0.0
026,Turli baliqlar,Рыба всякая,Fish of all kinds,Турли балиқлар,2015-M09,2015,11350.0
027,Yangi sog'ilgan sut (1 litr),Молоко свежее (1 литр),Fresh milk (1 liter),Янги соғилган сут (1 литр),2015-M09,2015,1941.0
034,Tuxum (10 dona),Яйца (10 штук),Eggs (10 pieces ),Тухум (10 дона),2015-M09,2015,4057.0
035,Paxta yog'i (1 litr),Масло хлопковое (1 литр),Cottonseed oil (1 liter),Пахта ёғи (1 литр),2015-M09,2015,0.0
0036,Kungaboqar yog'i (1 litr),Масло подсолнечное (1 литр),Sunflower oil (1 liter),Кунгабоқар ёғи (1 литр),2015-M09,2015,0.0
037,Sariyog',Масло сливочное,Butter,Сариёғ,2015-M09,2015,17100.0
039,Limon,Лимоны,Lemons,Лимон,2015-M09,2015,16119.0
0040,Olma,Яблоки,Apples,Олма,2015-M09,2015,3550.0
041,Nok,Груши,Pears,Нок,2015-M09,2015,4808.0
049,Uzum,Виноград,Grape,Узум,2015-M09,2015,3766.0
0050,Tarvuz,Арбуз,Watermelon,Тарвуз,2015-M09,2015,649.0
0051,Qovun,Дыня,Melon,Қовун,2015-M09,2015,990.0
053,Mayiz,Кишмиш,Kishmish,Майиз,2015-M09,2015,12054.0
055,Karam,Капуста,Cabbage,Карам,2015-M09,2015,685.0
057,Bodring,Огурцы,Cucumbers,Бодринг,2015-M09,2015,969.0
058,Pomidor,Помидоры,Tomatoes,Помидор,2015-M09,2015,1066.0
059,Baqlajon,Баклажаны,Eggplant,Бақлажон,2015-M09,2015,952.0
0060,Bulg'or qalampiri,Перец болгарский,Bell pepper,Булғор қалампири,2015-M09,2015,1152.0
061,Qovoq,Тыква,Pumpkin,Қовоқ,2015-M09,2015,699.0
063,Sabzi,Морковь,Carrot,Сабзи,2015-M09,2015,999.0
065,Sarimsoq,Чеснок,Garlic,Саримсоқ,2015-M09,2015,7650.0
066,Piyoz,Лук репчатый,Onion,Пиёз,2015-M09,2015,768.0
069,Kartoshka,Картофель,Potatoes,Картошка,2015-M09,2015,876.0
0070,Loviya,Фасоль,Beans,Ловия,2015-M09,2015,0.0
071,No'xot,Горох,Peas,Нўхот,2015-M09,2015,0.0
0072,Mosh,Маш,Mash,Мош,2015-M09,2015,0.0
073,Shakar,Сахар песок,Sugar,Шакар,2015-M09,2015,0.0
002,Kruppa yormasi,Крупа манная,Semolina,Круппа ёрмаси,2015-M09,2015,1183.0
001,Guruch,Рис,Rice,Гуруч,2015-M10,2015,5883.0
003,Arpa,Ячмень,Barley,Арпа,2015-M10,2015,1344.0
0004,Bug'doy,Пшеница,Wheat,Буғдой,2015-M10,2015,1258.0
005,Jo'hori,Кукуруза,Corn,Жўҳори,2015-M10,2015,1444.0
006,Kepak,Отруби,Bran,Кепак,2015-M10,2015,919.0
0008,Shrot,Шрот,Schroth,Шрот,2015-M10,2015,0.0
009,Shulxa,Шелуха,Husk,Шулха,2015-M10,2015,0.0
010,Kombikorm,Комбикорм,Compound feed,Комбикорм,2015-M10,2015,938.0
011,Oliy navli bug'doy uni,Мука пшеничная высшего сорта,High-grade wheat flour,Олий навли буғдой уни,2015-M10,2015,1966.0
0012,1-navli bug'doy uni,Мука пшеничная первого сорта,First grade wheat flour,1-навли буғдой уни,2015-M10,2015,0.0
013,1-nav bug'doy unidan non,Хлеб пшеничный из муки 1-го сорта,Wheat bread from 1st grade flour,1-нав буғдой унидан нон,2015-M10,2015,0.0
017,Mol go'shti,Говядина,Beef,Мол гўшти,2015-M10,2015,23396.0
0020,Qo'y go'shti,Баранина,Mutton,Қўй гўшти,2015-M10,2015,25396.0
022,Tovuq go'shti,Мясо птицы,Poultry,Товуқ гўшти,2015-M10,2015,0.0
026,Turli baliqlar,Рыба всякая,Fish of all kinds,Турли балиқлар,2015-M10,2015,11422.0
027,Yangi sog'ilgan sut (1 litr),Молоко свежее (1 литр),Fresh milk (1 liter),Янги соғилган сут (1 литр),2015-M10,2015,1954.0
034,Tuxum (10 dona),Яйца (10 штук),Eggs (10 pieces ),Тухум (10 дона),2015-M10,2015,4019.0
035,Paxta yog'i (1 litr),Масло хлопковое (1 литр),Cottonseed oil (1 liter),Пахта ёғи (1 литр),2015-M10,2015,0.0
0036,Kungaboqar yog'i (1 litr),Масло подсолнечное (1 литр),Sunflower oil (1 liter),Кунгабоқар ёғи (1 литр),2015-M10,2015,0.0
037,Sariyog',Масло сливочное,Butter,Сариёғ,2015-M10,2015,17156.0
039,Limon,Лимоны,Lemons,Лимон,2015-M10,2015,9144.0
0040,Olma,Яблоки,Apples,Олма,2015-M10,2015,3189.0
041,Nok,Груши,Pears,Нок,2015-M10,2015,5063.0
049,Uzum,Виноград,Grape,Узум,2015-M10,2015,3027.0
0050,Tarvuz,Арбуз,Watermelon,Тарвуз,2015-M10,2015,624.0
0051,Qovun,Дыня,Melon,Қовун,2015-M10,2015,990.0
053,Mayiz,Кишмиш,Kishmish,Майиз,2015-M10,2015,12351.0
055,Karam,Капуста,Cabbage,Карам,2015-M10,2015,740.0
057,Bodring,Огурцы,Cucumbers,Бодринг,2015-M10,2015,1241.0
058,Pomidor,Помидоры,Tomatoes,Помидор,2015-M10,2015,1500.0
059,Baqlajon,Баклажаны,Eggplant,Бақлажон,2015-M10,2015,1054.0
0060,Bulg'or qalampiri,Перец болгарский,Bell pepper,Булғор қалампири,2015-M10,2015,1336.0
061,Qovoq,Тыква,Pumpkin,Қовоқ,2015-M10,2015,639.0
063,Sabzi,Морковь,Carrot,Сабзи,2015-M10,2015,1342.0
065,Sarimsoq,Чеснок,Garlic,Саримсоқ,2015-M10,2015,8496.0
066,Piyoz,Лук репчатый,Onion,Пиёз,2015-M10,2015,861.0
069,Kartoshka,Картофель,Potatoes,Картошка,2015-M10,2015,1166.0
0070,Loviya,Фасоль,Beans,Ловия,2015-M10,2015,0.0
071,No'xot,Горох,Peas,Нўхот,2015-M10,2015,0.0
0072,Mosh,Маш,Mash,Мош,2015-M10,2015,0.0
073,Shakar,Сахар песок,Sugar,Шакар,2015-M10,2015,0.0
002,Kruppa yormasi,Крупа манная,Semolina,Круппа ёрмаси,2015-M10,2015,1344.0
001,Guruch,Рис,Rice,Гуруч,2015-M11,2015,4865.0
003,Arpa,Ячмень,Barley,Арпа,2015-M11,2015,1388.0
0004,Bug'doy,Пшеница,Wheat,Буғдой,2015-M11,2015,1222.0
005,Jo'hori,Кукуруза,Corn,Жўҳори,2015-M11,2015,1338.0
006,Kepak,Отруби,Bran,Кепак,2015-M11,2015,910.0
0008,Shrot,Шрот,Schroth,Шрот,2015-M11,2015,0.0
009,Shulxa,Шелуха,Husk,Шулха,2015-M11,2015,0.0
010,Kombikorm,Комбикорм,Compound feed,Комбикорм,2015-M11,2015,919.0
011,Oliy navli bug'doy uni,Мука пшеничная высшего сорта,High-grade wheat flour,Олий навли буғдой уни,2015-M11,2015,1986.0
0012,1-navli bug'doy uni,Мука пшеничная первого сорта,First grade wheat flour,1-навли буғдой уни,2015-M11,2015,0.0
013,1-nav bug'doy unidan non,Хлеб пшеничный из муки 1-го сорта,Wheat bread from 1st grade flour,1-нав буғдой унидан нон,2015-M11,2015,0.0
017,Mol go'shti,Говядина,Beef,Мол гўшти,2015-M11,2015,23521.0
0020,Qo'y go'shti,Баранина,Mutton,Қўй гўшти,2015-M11,2015,25500.0
022,Tovuq go'shti,Мясо птицы,Poultry,Товуқ гўшти,2015-M11,2015,0.0
026,Turli baliqlar,Рыба всякая,Fish of all kinds,Турли балиқлар,2015-M11,2015,11752.0
027,Yangi sog'ilgan sut (1 litr),Молоко свежее (1 литр),Fresh milk (1 liter),Янги соғилган сут (1 литр),2015-M11,2015,1979.0
034,Tuxum (10 dona),Яйца (10 штук),Eggs (10 pieces ),Тухум (10 дона),2015-M11,2015,3954.0
035,Paxta yog'i (1 litr),Масло хлопковое (1 литр),Cottonseed oil (1 liter),Пахта ёғи (1 литр),2015-M11,2015,0.0
0036,Kungaboqar yog'i (1 litr),Масло подсолнечное (1 литр),Sunflower oil (1 liter),Кунгабоқар ёғи (1 литр),2015-M11,2015,0.0
037,Sariyog',Масло сливочное,Butter,Сариёғ,2015-M11,2015,17396.0
039,Limon,Лимоны,Lemons,Лимон,2015-M11,2015,7644.0
0040,Olma,Яблоки,Apples,Олма,2015-M11,2015,3591.0
041,Nok,Груши,Pears,Нок,2015-M11,2015,5450.0
049,Uzum,Виноград,Grape,Узум,2015-M11,2015,4004.0
0050,Tarvuz,Арбуз,Watermelon,Тарвуз,2015-M11,2015,765.0
0051,Qovun,Дыня,Melon,Қовун,2015-M11,2015,1133.0
053,Mayiz,Кишмиш,Kishmish,Майиз,2015-M11,2015,12406.0
055,Karam,Капуста,Cabbage,Карам,2015-M11,2015,695.0
057,Bodring,Огурцы,Cucumbers,Бодринг,2015-M11,2015,3253.0
058,Pomidor,Помидоры,Tomatoes,Помидор,2015-M11,2015,3165.0
059,Baqlajon,Баклажаны,Eggplant,Бақлажон,2015-M11,2015,1142.0
0060,Bulg'or qalampiri,Перец болгарский,Bell pepper,Булғор қалампири,2015-M11,2015,1373.0
061,Qovoq,Тыква,Pumpkin,Қовоқ,2015-M11,2015,699.0
063,Sabzi,Морковь,Carrot,Сабзи,2015-M11,2015,769.0
065,Sarimsoq,Чеснок,Garlic,Саримсоқ,2015-M11,2015,10364.0
066,Piyoz,Лук репчатый,Onion,Пиёз,2015-M11,2015,750.0
069,Kartoshka,Картофель,Potatoes,Картошка,2015-M11,2015,1298.0
0070,Loviya,Фасоль,Beans,Ловия,2015-M11,2015,0.0
071,No'xot,Горох,Peas,Нўхот,2015-M11,2015,0.0
0072,Mosh,Маш,Mash,Мош,2015-M11,2015,0.0
073,Shakar,Сахар песок,Sugar,Шакар,2015-M11,2015,0.0
002,Kruppa yormasi,Крупа манная,Semolina,Круппа ёрмаси,2015-M11,2015,1388.0
001,Guruch,Рис,Rice,Гуруч,2015-M12,2015,4515.0
003,Arpa,Ячмень,Barley,Арпа,2015-M12,2015,1400.0
0004,Bug'doy,Пшеница,Wheat,Буғдой,2015-M12,2015,1230.0
005,Jo'hori,Кукуруза,Corn,Жўҳори,2015-M12,2015,1303.0
006,Kepak,Отруби,Bran,Кепак,2015-M12,2015,904.0
0008,Shrot,Шрот,Schroth,Шрот,2015-M12,2015,0.0
009,Shulxa,Шелуха,Husk,Шулха,2015-M12,2015,0.0
010,Kombikorm,Комбикорм,Compound feed,Комбикорм,2015-M12,2015,922.0
011,Oliy navli bug'doy uni,Мука пшеничная высшего сорта,High-grade wheat flour,Олий навли буғдой уни,2015-M12,2015,2242.0
0012,1-navli bug'doy uni,Мука пшеничная первого сорта,First grade wheat flour,1-навли буғдой уни,2015-M12,2015,0.0
013,1-nav bug'doy unidan non,Хлеб пшеничный из муки 1-го сорта,Wheat bread from 1st grade flour,1-нав буғдой унидан нон,2015-M12,2015,0.0
017,Mol go'shti,Говядина,Beef,Мол гўшти,2015-M12,2015,23500.0
0020,Qo'y go'shti,Баранина,Mutton,Қўй гўшти,2015-M12,2015,25417.0
022,Tovuq go'shti,Мясо птицы,Poultry,Товуқ гўшти,2015-M12,2015,0.0
026,Turli baliqlar,Рыба всякая,Fish of all kinds,Турли балиқлар,2015-M12,2015,10624.0
027,Yangi sog'ilgan sut (1 litr),Молоко свежее (1 литр),Fresh milk (1 liter),Янги соғилган сут (1 литр),2015-M12,2015,2006.0
034,Tuxum (10 dona),Яйца (10 штук),Eggs (10 pieces ),Тухум (10 дона),2015-M12,2015,4213.0
035,Paxta yog'i (1 litr),Масло хлопковое (1 литр),Cottonseed oil (1 liter),Пахта ёғи (1 литр),2015-M12,2015,0.0
0036,Kungaboqar yog'i (1 litr),Масло подсолнечное (1 литр),Sunflower oil (1 liter),Кунгабоқар ёғи (1 литр),2015-M12,2015,0.0
037,Sariyog',Масло сливочное,Butter,Сариёғ,2015-M12,2015,18044.0
039,Limon,Лимоны,Lemons,Лимон,2015-M12,2015,6448.0
0040,Olma,Яблоки,Apples,Олма,2015-M12,2015,3950.0
041,Nok,Груши,Pears,Нок,2015-M12,2015,6427.0
049,Uzum,Виноград,Grape,Узум,2015-M12,2015,5250.0
0050,Tarvuz,Арбуз,Watermelon,Тарвуз,2015-M12,2015,948.0
0051,Qovun,Дыня,Melon,Қовун,2015-M12,2015,1396.0
053,Mayiz,Кишмиш,Kishmish,Майиз,2015-M12,2015,13479.0
055,Karam,Капуста,Cabbage,Карам,2015-M12,2015,750.0
057,Bodring,Огурцы,Cucumbers,Бодринг,2015-M12,2015,4733.0
058,Pomidor,Помидоры,Tomatoes,Помидор,2015-M12,2015,4007.0
059,Baqlajon,Баклажаны,Eggplant,Бақлажон,2015-M12,2015,0.0
0060,Bulg'or qalampiri,Перец болгарский,Bell pepper,Булғор қалампири,2015-M12,2015,1734.0
061,Qovoq,Тыква,Pumpkin,Қовоқ,2015-M12,2015,852.0
063,Sabzi,Морковь,Carrot,Сабзи,2015-M12,2015,714.0
065,Sarimsoq,Чеснок,Garlic,Саримсоқ,2015-M12,2015,12208.0
066,Piyoz,Лук репчатый,Onion,Пиёз,2015-M12,2015,748.0
069,Kartoshka,Картофель,Potatoes,Картошка,2015-M12,2015,1227.0
0070,Loviya,Фасоль,Beans,Ловия,2015-M12,2015,0.0
071,No'xot,Горох,Peas,Нўхот,2015-M12,2015,0.0
0072,Mosh,Маш,Mash,Мош,2015-M12,2015,0.0
073,Shakar,Сахар песок,Sugar,Шакар,2015-M12,2015,0.0
002,Kruppa yormasi,Крупа манная,Semolina,Круппа ёрмаси,2015-M12,2015,1400.0
001,Guruch,Рис,Rice,Гуруч,2016-M01,2016,4290.0
003,Arpa,Ячмень,Barley,Арпа,2016-M01,2016,1430.0
0004,Bug'doy,Пшеница,Wheat,Буғдой,2016-M01,2016,1249.0
005,Jo'hori,Кукуруза,Corn,Жўҳори,2016-M01,2016,1285.0
006,Kepak,Отруби,Bran,Кепак,2016-M01,2016,924.0
0008,Shrot,Шрот,Schroth,Шрот,2016-M01,2016,0.0
009,Shulxa,Шелуха,Husk,Шулха,2016-M01,2016,0.0
010,Kombikorm,Комбикорм,Compound feed,Комбикорм,2016-M01,2016,949.0
011,Oliy navli bug'doy uni,Мука пшеничная высшего сорта,High-grade wheat flour,Олий навли буғдой уни,2016-M01,2016,2288.0
0012,1-navli bug'doy uni,Мука пшеничная первого сорта,First grade wheat flour,1-навли буғдой уни,2016-M01,2016,0.0
013,1-nav bug'doy unidan non,Хлеб пшеничный из муки 1-го сорта,Wheat bread from 1st grade flour,1-нав буғдой унидан нон,2016-M01,2016,0.0
017,Mol go'shti,Говядина,Beef,Мол гўшти,2016-M01,2016,23240.0
0020,Qo'y go'shti,Баранина,Mutton,Қўй гўшти,2016-M01,2016,25208.0
022,Tovuq go'shti,Мясо птицы,Poultry,Товуқ гўшти,2016-M01,2016,0.0
026,Turli baliqlar,Рыба всякая,Fish of all kinds,Турли балиқлар,2016-M01,2016,10448.0
027,Yangi sog'ilgan sut (1 litr),Молоко свежее (1 литр),Fresh milk (1 liter),Янги соғилган сут (1 литр),2016-M01,2016,2013.0
034,Tuxum (10 dona),Яйца (10 штук),Eggs (10 pieces ),Тухум (10 дона),2016-M01,2016,4371.0
035,Paxta yog'i (1 litr),Масло хлопковое (1 литр),Cottonseed oil (1 liter),Пахта ёғи (1 литр),2016-M01,2016,0.0
0036,Kungaboqar yog'i (1 litr),Масло подсолнечное (1 литр),Sunflower oil (1 liter),Кунгабоқар ёғи (1 литр),2016-M01,2016,0.0
037,Sariyog',Масло сливочное,Butter,Сариёғ,2016-M01,2016,17991.0
039,Limon,Лимоны,Lemons,Лимон,2016-M01,2016,6177.0
0040,Olma,Яблоки,Apples,Олма,2016-M01,2016,4371.0
041,Nok,Груши,Pears,Нок,2016-M01,2016,7419.0
049,Uzum,Виноград,Grape,Узум,2016-M01,2016,8050.0
0050,Tarvuz,Арбуз,Watermelon,Тарвуз,2016-M01,2016,1258.0
0051,Qovun,Дыня,Melon,Қовун,2016-M01,2016,1906.0
053,Mayiz,Кишмиш,Kishmish,Майиз,2016-M01,2016,14156.0
055,Karam,Капуста,Cabbage,Карам,2016-M01,2016,838.0
057,Bodring,Огурцы,Cucumbers,Бодринг,2016-M01,2016,7700.0
058,Pomidor,Помидоры,Tomatoes,Помидор,2016-M01,2016,7104.0
059,Baqlajon,Баклажаны,Eggplant,Бақлажон,2016-M01,2016,0.0
0060,Bulg'or qalampiri,Перец болгарский,Bell pepper,Булғор қалампири,2016-M01,2016,4792.0
061,Qovoq,Тыква,Pumpkin,Қовоқ,2016-M01,2016,945.0
063,Sabzi,Морковь,Carrot,Сабзи,2016-M01,2016,751.0
065,Sarimsoq,Чеснок,Garlic,Саримсоқ,2016-M01,2016,14558.0
066,Piyoz,Лук репчатый,Onion,Пиёз,2016-M01,2016,778.0
069,Kartoshka,Картофель,Potatoes,Картошка,2016-M01,2016,1248.0
0070,Loviya,Фасоль,Beans,Ловия,2016-M01,2016,0.0
071,No'xot,Горох,Peas,Нўхот,2016-M01,2016,0.0
0072,Mosh,Маш,Mash,Мош,2016-M01,2016,0.0
073,Shakar,Сахар песок,Sugar,Шакар,2016-M01,2016,0.0
002,Kruppa yormasi,Крупа манная,Semolina,Круппа ёрмаси,2016-M01,2016,1430.0
001,Guruch,Рис,Rice,Гуруч,2016-M02,2016,4272.0
003,Arpa,Ячмень,Barley,Арпа,2016-M02,2016,0.0
0004,Bug'doy,Пшеница,Wheat,Буғдой,2016-M02,2016,1329.0
005,Jo'hori,Кукуруза,Corn,Жўҳори,2016-M02,2016,1313.0
006,Kepak,Отруби,Bran,Кепак,2016-M02,2016,925.0
0008,Shrot,Шрот,Schroth,Шрот,2016-M02,2016,0.0
009,Shulxa,Шелуха,Husk,Шулха,2016-M02,2016,0.0
010,Kombikorm,Комбикорм,Compound feed,Комбикорм,2016-M02,2016,935.0
011,Oliy navli bug'doy uni,Мука пшеничная высшего сорта,High-grade wheat flour,Олий навли буғдой уни,2016-M02,2016,2179.0
0012,1-navli bug'doy uni,Мука пшеничная первого сорта,First grade wheat flour,1-навли буғдой уни,2016-M02,2016,0.0
013,1-nav bug'doy unidan non,Хлеб пшеничный из муки 1-го сорта,Wheat bread from 1st grade flour,1-нав буғдой унидан нон,2016-M02,2016,0.0
017,Mol go'shti,Говядина,Beef,Мол гўшти,2016-M02,2016,23323.0
0020,Qo'y go'shti,Баранина,Mutton,Қўй гўшти,2016-M02,2016,25271.0
022,Tovuq go'shti,Мясо птицы,Poultry,Товуқ гўшти,2016-M02,2016,0.0
026,Turli baliqlar,Рыба всякая,Fish of all kinds,Турли балиқлар,2016-M02,2016,11123.0
027,Yangi sog'ilgan sut (1 litr),Молоко свежее (1 литр),Fresh milk (1 liter),Янги соғилган сут (1 литр),2016-M02,2016,2019.0
034,Tuxum (10 dona),Яйца (10 штук),Eggs (10 pieces ),Тухум (10 дона),2016-M02,2016,4271.0
035,Paxta yog'i (1 litr),Масло хлопковое (1 литр),Cottonseed oil (1 liter),Пахта ёғи (1 литр),2016-M02,2016,0.0
0036,Kungaboqar yog'i (1 litr),Масло подсолнечное (1 литр),Sunflower oil (1 liter),Кунгабоқар ёғи (1 литр),2016-M02,2016,0.0
037,Sariyog',Масло сливочное,Butter,Сариёғ,2016-M02,2016,18213.0
039,Limon,Лимоны,Lemons,Лимон,2016-M02,2016,7854.0
0040,Olma,Яблоки,Apples,Олма,2016-M02,2016,4331.0
041,Nok,Груши,Pears,Нок,2016-M02,2016,8315.0
049,Uzum,Виноград,Grape,Узум,2016-M02,2016,9865.0
0050,Tarvuz,Арбуз,Watermelon,Тарвуз,2016-M02,2016,0.0
0051,Qovun,Дыня,Melon,Қовун,2016-M02,2016,2184.0
053,Mayiz,Кишмиш,Kishmish,Майиз,2016-M02,2016,14098.0
055,Karam,Капуста,Cabbage,Карам,2016-M02,2016,874.0
057,Bodring,Огурцы,Cucumbers,Бодринг,2016-M02,2016,8667.0
058,Pomidor,Помидоры,Tomatoes,Помидор,2016-M02,2016,8425.0
059,Baqlajon,Баклажаны,Eggplant,Бақлажон,2016-M02,2016,0.0
0060,Bulg'or qalampiri,Перец болгарский,Bell pepper,Булғор қалампири,2016-M02,2016,0.0
061,Qovoq,Тыква,Pumpkin,Қовоқ,2016-M02,2016,995.0
063,Sabzi,Морковь,Carrot,Сабзи,2016-M02,2016,707.0
065,Sarimsoq,Чеснок,Garlic,Саримсоқ,2016-M02,2016,15708.0
066,Piyoz,Лук репчатый,Onion,Пиёз,2016-M02,2016,744.0
069,Kartoshka,Картофель,Potatoes,Картошка,2016-M02,2016,1258.0
0070,Loviya,Фасоль,Beans,Ловия,2016-M02,2016,0.0
071,No'xot,Горох,Peas,Нўхот,2016-M02,2016,0.0
0072,Mosh,Маш,Mash,Мош,2016-M02,2016,0.0
073,Shakar,Сахар песок,Sugar,Шакар,2016-M02,2016,0.0
002,Kruppa yormasi,Крупа манная,Semolina,Круппа ёрмаси,2016-M02,2016,0.0
001,Guruch,Рис,Rice,Гуруч,2016-M03,2016,4371.0
003,Arpa,Ячмень,Barley,Арпа,2016-M03,2016,1458.0
0004,Bug'doy,Пшеница,Wheat,Буғдой,2016-M03,2016,1427.0
005,Jo'hori,Кукуруза,Corn,Жўҳори,2016-M03,2016,1371.0
006,Kepak,Отруби,Bran,Кепак,2016-M03,2016,932.0
0008,Shrot,Шрот,Schroth,Шрот,2016-M03,2016,0.0
009,Shulxa,Шелуха,Husk,Шулха,2016-M03,2016,0.0
010,Kombikorm,Комбикорм,Compound feed,Комбикорм,2016-M03,2016,943.0
011,Oliy navli bug'doy uni,Мука пшеничная высшего сорта,High-grade wheat flour,Олий навли буғдой уни,2016-M03,2016,2263.0
0012,1-navli bug'doy uni,Мука пшеничная первого сорта,First grade wheat flour,1-навли буғдой уни,2016-M03,2016,0.0
013,1-nav bug'doy unidan non,Хлеб пшеничный из муки 1-го сорта,Wheat bread from 1st grade flour,1-нав буғдой унидан нон,2016-M03,2016,0.0
017,Mol go'shti,Говядина,Beef,Мол гўшти,2016-M03,2016,23417.0
0020,Qo'y go'shti,Баранина,Mutton,Қўй гўшти,2016-M03,2016,25188.0
022,Tovuq go'shti,Мясо птицы,Poultry,Товуқ гўшти,2016-M03,2016,0.0
026,Turli baliqlar,Рыба всякая,Fish of all kinds,Турли балиқлар,2016-M03,2016,11231.0
027,Yangi sog'ilgan sut (1 litr),Молоко свежее (1 литр),Fresh milk (1 liter),Янги соғилган сут (1 литр),2016-M03,2016,2031.0
034,Tuxum (10 dona),Яйца (10 штук),Eggs (10 pieces ),Тухум (10 дона),2016-M03,2016,4115.0
035,Paxta yog'i (1 litr),Масло хлопковое (1 литр),Cottonseed oil (1 liter),Пахта ёғи (1 литр),2016-M03,2016,0.0
0036,Kungaboqar yog'i (1 litr),Масло подсолнечное (1 литр),Sunflower oil (1 liter),Кунгабоқар ёғи (1 литр),2016-M03,2016,0.0
037,Sariyog',Масло сливочное,Butter,Сариёғ,2016-M03,2016,18038.0
039,Limon,Лимоны,Lemons,Лимон,2016-M03,2016,8883.0
0040,Olma,Яблоки,Apples,Олма,2016-M03,2016,4413.0
041,Nok,Груши,Pears,Нок,2016-M03,2016,9030.0
049,Uzum,Виноград,Grape,Узум,2016-M03,2016,11124.0
0050,Tarvuz,Арбуз,Watermelon,Тарвуз,2016-M03,2016,0.0
0051,Qovun,Дыня,Melon,Қовун,2016-M03,2016,2277.0
053,Mayiz,Кишмиш,Kishmish,Майиз,2016-M03,2016,14469.0
055,Karam,Капуста,Cabbage,Карам,2016-M03,2016,937.0
057,Bodring,Огурцы,Cucumbers,Бодринг,2016-M03,2016,7606.0
058,Pomidor,Помидоры,Tomatoes,Помидор,2016-M03,2016,9506.0
059,Baqlajon,Баклажаны,Eggplant,Бақлажон,2016-M03,2016,0.0
0060,Bulg'or qalampiri,Перец болгарский,Bell pepper,Булғор қалампири,2016-M03,2016,0.0
061,Qovoq,Тыква,Pumpkin,Қовоқ,2016-M03,2016,947.0
063,Sabzi,Морковь,Carrot,Сабзи,2016-M03,2016,675.0
065,Sarimsoq,Чеснок,Garlic,Саримсоқ,2016-M03,2016,16490.0
066,Piyoz,Лук репчатый,Onion,Пиёз,2016-M03,2016,701.0
069,Kartoshka,Картофель,Potatoes,Картошка,2016-M03,2016,1207.0
0070,Loviya,Фасоль,Beans,Ловия,2016-M03,2016,0.0
071,No'xot,Горох,Peas,Нўхот,2016-M03,2016,0.0
0072,Mosh,Маш,Mash,Мош,2016-M03,2016,0.0
073,Shakar,Сахар песок,Sugar,Шакар,2016-M03,2016,0.0
002,Kruppa yormasi,Крупа манная,Semolina,Круппа ёрмаси,2016-M03,2016,1458.0
001,Guruch,Рис,Rice,Гуруч,2016-M04,2016,4208.0
003,Arpa,Ячмень,Barley,Арпа,2016-M04,2016,0.0
0004,Bug'doy,Пшеница,Wheat,Буғдой,2016-M04,2016,1399.0
005,Jo'hori,Кукуруза,Corn,Жўҳори,2016-M04,2016,1400.0
006,Kepak,Отруби,Bran,Кепак,2016-M04,2016,944.0
0008,Shrot,Шрот,Schroth,Шрот,2016-M04,2016,0.0
009,Shulxa,Шелуха,Husk,Шулха,2016-M04,2016,0.0
010,Kombikorm,Комбикорм,Compound feed,Комбикорм,2016-M04,2016,949.0
011,Oliy navli bug'doy uni,Мука пшеничная высшего сорта,High-grade wheat flour,Олий навли буғдой уни,2016-M04,2016,2238.0
0012,1-navli bug'doy uni,Мука пшеничная первого сорта,First grade wheat flour,1-навли буғдой уни,2016-M04,2016,0.0
013,1-nav bug'doy unidan non,Хлеб пшеничный из муки 1-го сорта,Wheat bread from 1st grade flour,1-нав буғдой унидан нон,2016-M04,2016,0.0
017,Mol go'shti,Говядина,Beef,Мол гўшти,2016-M04,2016,23354.0
0020,Qo'y go'shti,Баранина,Mutton,Қўй гўшти,2016-M04,2016,25292.0
022,Tovuq go'shti,Мясо птицы,Poultry,Товуқ гўшти,2016-M04,2016,0.0
026,Turli baliqlar,Рыба всякая,Fish of all kinds,Турли балиқлар,2016-M04,2016,11641.0
027,Yangi sog'ilgan sut (1 litr),Молоко свежее (1 литр),Fresh milk (1 liter),Янги соғилган сут (1 литр),2016-M04,2016,2000.0
034,Tuxum (10 dona),Яйца (10 штук),Eggs (10 pieces ),Тухум (10 дона),2016-M04,2016,4075.0
035,Paxta yog'i (1 litr),Масло хлопковое (1 литр),Cottonseed oil (1 liter),Пахта ёғи (1 литр),2016-M04,2016,0.0
0036,Kungaboqar yog'i (1 litr),Масло подсолнечное (1 литр),Sunflower oil (1 liter),Кунгабоқар ёғи (1 литр),2016-M04,2016,0.0
037,Sariyog',Масло сливочное,Butter,Сариёғ,2016-M04,2016,18198.0
039,Limon,Лимоны,Lemons,Лимон,2016-M04,2016,9150.0
0040,Olma,Яблоки,Apples,Олма,2016-M04,2016,4719.0
041,Nok,Груши,Pears,Нок,2016-M04,2016,10067.0
049,Uzum,Виноград,Grape,Узум,2016-M04,2016,0.0
0050,Tarvuz,Арбуз,Watermelon,Тарвуз,2016-M04,2016,0.0
0051,Qovun,Дыня,Melon,Қовун,2016-M04,2016,0.0
053,Mayiz,Кишмиш,Kishmish,Майиз,2016-M04,2016,14463.0
055,Karam,Капуста,Cabbage,Карам,2016-M04,2016,948.0
057,Bodring,Огурцы,Cucumbers,Бодринг,2016-M04,2016,4406.0
058,Pomidor,Помидоры,Tomatoes,Помидор,2016-M04,2016,9704.0
059,Baqlajon,Баклажаны,Eggplant,Бақлажон,2016-M04,2016,0.0
0060,Bulg'or qalampiri,Перец болгарский,Bell pepper,Булғор қалампири,2016-M04,2016,8000.0
061,Qovoq,Тыква,Pumpkin,Қовоқ,2016-M04,2016,982.0
063,Sabzi,Морковь,Carrot,Сабзи,2016-M04,2016,850.0
065,Sarimsoq,Чеснок,Garlic,Саримсоқ,2016-M04,2016,15729.0
066,Piyoz,Лук репчатый,Onion,Пиёз,2016-M04,2016,726.0
069,Kartoshka,Картофель,Potatoes,Картошка,2016-M04,2016,1615.0
0070,Loviya,Фасоль,Beans,Ловия,2016-M04,2016,0.0
071,No'xot,Горох,Peas,Нўхот,2016-M04,2016,0.0
0072,Mosh,Маш,Mash,Мош,2016-M04,2016,0.0
073,Shakar,Сахар песок,Sugar,Шакар,2016-M04,2016,0.0
002,Kruppa yormasi,Крупа манная,Semolina,Круппа ёрмаси,2016-M04,2016,0.0
001,Guruch,Рис,Rice,Гуруч,2016-M05,2016,4240.0
003,Arpa,Ячмень,Barley,Арпа,2016-M05,2016,0.0
0004,Bug'doy,Пшеница,Wheat,Буғдой,2016-M05,2016,1418.0
005,Jo'hori,Кукуруза,Corn,Жўҳори,2016-M05,2016,1414.0
006,Kepak,Отруби,Bran,Кепак,2016-M05,2016,932.0
0008,Shrot,Шрот,Schroth,Шрот,2016-M05,2016,0.0
009,Shulxa,Шелуха,Husk,Шулха,2016-M05,2016,0.0
010,Kombikorm,Комбикорм,Compound feed,Комбикорм,2016-M05,2016,947.0
011,Oliy navli bug'doy uni,Мука пшеничная высшего сорта,High-grade wheat flour,Олий навли буғдой уни,2016-M05,2016,2202.0
0012,1-navli bug'doy uni,Мука пшеничная первого сорта,First grade wheat flour,1-навли буғдой уни,2016-M05,2016,0.0
013,1-nav bug'doy unidan non,Хлеб пшеничный из муки 1-го сорта,Wheat bread from 1st grade flour,1-нав буғдой унидан нон,2016-M05,2016,0.0
017,Mol go'shti,Говядина,Beef,Мол гўшти,2016-M05,2016,23254.0
0020,Qo'y go'shti,Баранина,Mutton,Қўй гўшти,2016-M05,2016,25232.0
022,Tovuq go'shti,Мясо птицы,Poultry,Товуқ гўшти,2016-M05,2016,0.0
026,Turli baliqlar,Рыба всякая,Fish of all kinds,Турли балиқлар,2016-M05,2016,11952.0
027,Yangi sog'ilgan sut (1 litr),Молоко свежее (1 литр),Fresh milk (1 liter),Янги соғилган сут (1 литр),2016-M05,2016,1992.0
034,Tuxum (10 dona),Яйца (10 штук),Eggs (10 pieces ),Тухум (10 дона),2016-M05,2016,4088.0
035,Paxta yog'i (1 litr),Масло хлопковое (1 литр),Cottonseed oil (1 liter),Пахта ёғи (1 литр),2016-M05,2016,0.0
0036,Kungaboqar yog'i (1 litr),Масло подсолнечное (1 литр),Sunflower oil (1 liter),Кунгабоқар ёғи (1 литр),2016-M05,2016,0.0
037,Sariyog',Масло сливочное,Butter,Сариёғ,2016-M05,2016,18022.0
039,Limon,Лимоны,Lemons,Лимон,2016-M05,2016,9722.0
0040,Olma,Яблоки,Apples,Олма,2016-M05,2016,5106.0
041,Nok,Груши,Pears,Нок,2016-M05,2016,11792.0
049,Uzum,Виноград,Grape,Узум,2016-M05,2016,0.0
0050,Tarvuz,Арбуз,Watermelon,Тарвуз,2016-M05,2016,0.0
0051,Qovun,Дыня,Melon,Қовун,2016-M05,2016,0.0
053,Mayiz,Кишмиш,Kishmish,Майиз,2016-M05,2016,14137.0
055,Karam,Капуста,Cabbage,Карам,2016-M05,2016,909.0
057,Bodring,Огурцы,Cucumbers,Бодринг,2016-M05,2016,1433.0
058,Pomidor,Помидоры,Tomatoes,Помидор,2016-M05,2016,5698.0
059,Baqlajon,Баклажаны,Eggplant,Бақлажон,2016-M05,2016,3789.0
0060,Bulg'or qalampiri,Перец болгарский,Bell pepper,Булғор қалампири,2016-M05,2016,6771.0
061,Qovoq,Тыква,Pumpkin,Қовоқ,2016-M05,2016,0.0
063,Sabzi,Морковь,Carrot,Сабзи,2016-M05,2016,1374.0
065,Sarimsoq,Чеснок,Garlic,Саримсоқ,2016-M05,2016,12840.0
066,Piyoz,Лук репчатый,Onion,Пиёз,2016-M05,2016,722.0
069,Kartoshka,Картофель,Potatoes,Картошка,2016-M05,2016,1176.0
0070,Loviya,Фасоль,Beans,Ловия,2016-M05,2016,0.0
071,No'xot,Горох,Peas,Нўхот,2016-M05,2016,0.0
0072,Mosh,Маш,Mash,Мош,2016-M05,2016,0.0
073,Shakar,Сахар песок,Sugar,Шакар,2016-M05,2016,0.0
002,Kruppa yormasi,Крупа манная,Semolina,Круппа ёрмаси,2016-M05,2016,0.0
001,Guruch,Рис,Rice,Гуруч,2016-M06,2016,4544.0
003,Arpa,Ячмень,Barley,Арпа,2016-M06,2016,1500.0
0004,Bug'doy,Пшеница,Wheat,Буғдой,2016-M06,2016,1338.0
005,Jo'hori,Кукуруза,Corn,Жўҳори,2016-M06,2016,1458.0
006,Kepak,Отруби,Bran,Кепак,2016-M06,2016,909.0
0008,Shrot,Шрот,Schroth,Шрот,2016-M06,2016,0.0
009,Shulxa,Шелуха,Husk,Шулха,2016-M06,2016,0.0
010,Kombikorm,Комбикорм,Compound feed,Комбикорм,2016-M06,2016,925.0
011,Oliy navli bug'doy uni,Мука пшеничная высшего сорта,High-grade wheat flour,Олий навли буғдой уни,2016-M06,2016,2231.0
0012,1-navli bug'doy uni,Мука пшеничная первого сорта,First grade wheat flour,1-навли буғдой уни,2016-M06,2016,0.0
013,1-nav bug'doy unidan non,Хлеб пшеничный из муки 1-го сорта,Wheat bread from 1st grade flour,1-нав буғдой унидан нон,2016-M06,2016,0.0
017,Mol go'shti,Говядина,Beef,Мол гўшти,2016-M06,2016,23188.0
0020,Qo'y go'shti,Баранина,Mutton,Қўй гўшти,2016-M06,2016,25104.0
022,Tovuq go'shti,Мясо птицы,Poultry,Товуқ гўшти,2016-M06,2016,0.0
026,Turli baliqlar,Рыба всякая,Fish of all kinds,Турли балиқлар,2016-M06,2016,11867.0
027,Yangi sog'ilgan sut (1 litr),Молоко свежее (1 литр),Fresh milk (1 liter),Янги соғилган сут (1 литр),2016-M06,2016,1971.0
034,Tuxum (10 dona),Яйца (10 штук),Eggs (10 pieces ),Тухум (10 дона),2016-M06,2016,4198.0
035,Paxta yog'i (1 litr),Масло хлопковое (1 литр),Cottonseed oil (1 liter),Пахта ёғи (1 литр),2016-M06,2016,0.0
0036,Kungaboqar yog'i (1 litr),Масло подсолнечное (1 литр),Sunflower oil (1 liter),Кунгабоқар ёғи (1 литр),2016-M06,2016,0.0
037,Sariyog',Масло сливочное,Butter,Сариёғ,2016-M06,2016,17802.0
039,Limon,Лимоны,Lemons,Лимон,2016-M06,2016,11500.0
0040,Olma,Яблоки,Apples,Олма,2016-M06,2016,3579.0
041,Nok,Груши,Pears,Нок,2016-M06,2016,9235.0
049,Uzum,Виноград,Grape,Узум,2016-M06,2016,6299.0
0050,Tarvuz,Арбуз,Watermelon,Тарвуз,2016-M06,2016,1377.0
0051,Qovun,Дыня,Melon,Қовун,2016-M06,2016,2872.0
053,Mayiz,Кишмиш,Kishmish,Майиз,2016-M06,2016,14233.0
055,Karam,Капуста,Cabbage,Карам,2016-M06,2016,745.0
057,Bodring,Огурцы,Cucumbers,Бодринг,2016-M06,2016,1289.0
058,Pomidor,Помидоры,Tomatoes,Помидор,2016-M06,2016,1678.0
059,Baqlajon,Баклажаны,Eggplant,Бақлажон,2016-M06,2016,1777.0
0060,Bulg'or qalampiri,Перец болгарский,Bell pepper,Булғор қалампири,2016-M06,2016,2753.0
061,Qovoq,Тыква,Pumpkin,Қовоқ,2016-M06,2016,0.0
063,Sabzi,Морковь,Carrot,Сабзи,2016-M06,2016,1135.0
065,Sarimsoq,Чеснок,Garlic,Саримсоқ,2016-M06,2016,6252.0
066,Piyoz,Лук репчатый,Onion,Пиёз,2016-M06,2016,721.0
069,Kartoshka,Картофель,Potatoes,Картошка,2016-M06,2016,1057.0
0070,Loviya,Фасоль,Beans,Ловия,2016-M06,2016,0.0
071,No'xot,Горох,Peas,Нўхот,2016-M06,2016,0.0
0072,Mosh,Маш,Mash,Мош,2016-M06,2016,0.0
073,Shakar,Сахар песок,Sugar,Шакар,2016-M06,2016,0.0
002,Kruppa yormasi,Крупа манная,Semolina,Круппа ёрмаси,2016-M06,2016,1500.0
001,Guruch,Рис,Rice,Гуруч,2016-M07,2016,4584.0
003,Arpa,Ячмень,Barley,Арпа,2016-M07,2016,0.0
0004,Bug'doy,Пшеница,Wheat,Буғдой,2016-M07,2016,1339.0
005,Jo'hori,Кукуруза,Corn,Жўҳори,2016-M07,2016,1482.0
006,Kepak,Отруби,Bran,Кепак,2016-M07,2016,909.0
0008,Shrot,Шрот,Schroth,Шрот,2016-M07,2016,0.0
009,Shulxa,Шелуха,Husk,Шулха,2016-M07,2016,0.0
010,Kombikorm,Комбикорм,Compound feed,Комбикорм,2016-M07,2016,965.0
011,Oliy navli bug'doy uni,Мука пшеничная высшего сорта,High-grade wheat flour,Олий навли буғдой уни,2016-M07,2016,2224.0
0012,1-navli bug'doy uni,Мука пшеничная первого сорта,First grade wheat flour,1-навли буғдой уни,2016-M07,2016,0.0
013,1-nav bug'doy unidan non,Хлеб пшеничный из муки 1-го сорта,Wheat bread from 1st grade flour,1-нав буғдой унидан нон,2016-M07,2016,0.0
017,Mol go'shti,Говядина,Beef,Мол гўшти,2016-M07,2016,23354.0
0020,Qo'y go'shti,Баранина,Mutton,Қўй гўшти,2016-M07,2016,25292.0
022,Tovuq go'shti,Мясо птицы,Poultry,Товуқ гўшти,2016-M07,2016,0.0
026,Turli baliqlar,Рыба всякая,Fish of all kinds,Турли балиқлар,2016-M07,2016,11852.0
027,Yangi sog'ilgan sut (1 litr),Молоко свежее (1 литр),Fresh milk (1 liter),Янги соғилган сут (1 литр),2016-M07,2016,1956.0
034,Tuxum (10 dona),Яйца (10 штук),Eggs (10 pieces ),Тухум (10 дона),2016-M07,2016,4278.0
035,Paxta yog'i (1 litr),Масло хлопковое (1 литр),Cottonseed oil (1 liter),Пахта ёғи (1 литр),2016-M07,2016,0.0
0036,Kungaboqar yog'i (1 litr),Масло подсолнечное (1 литр),Sunflower oil (1 liter),Кунгабоқар ёғи (1 литр),2016-M07,2016,0.0
037,Sariyog',Масло сливочное,Butter,Сариёғ,2016-M07,2016,17927.0
039,Limon,Лимоны,Lemons,Лимон,2016-M07,2016,14512.0
0040,Olma,Яблоки,Apples,Олма,2016-M07,2016,2760.0
041,Nok,Груши,Pears,Нок,2016-M07,2016,6277.0
049,Uzum,Виноград,Grape,Узум,2016-M07,2016,3467.0
0050,Tarvuz,Арбуз,Watermelon,Тарвуз,2016-M07,2016,728.0
0051,Qovun,Дыня,Melon,Қовун,2016-M07,2016,1648.0
053,Mayiz,Кишмиш,Kishmish,Майиз,2016-M07,2016,14281.0
055,Karam,Капуста,Cabbage,Карам,2016-M07,2016,704.0
057,Bodring,Огурцы,Cucumbers,Бодринг,2016-M07,2016,1224.0
058,Pomidor,Помидоры,Tomatoes,Помидор,2016-M07,2016,1411.0
059,Baqlajon,Баклажаны,Eggplant,Бақлажон,2016-M07,2016,1022.0
0060,Bulg'or qalampiri,Перец болгарский,Bell pepper,Булғор қалампири,2016-M07,2016,1565.0
061,Qovoq,Тыква,Pumpkin,Қовоқ,2016-M07,2016,1101.0
063,Sabzi,Морковь,Carrot,Сабзи,2016-M07,2016,1188.0
065,Sarimsoq,Чеснок,Garlic,Саримсоқ,2016-M07,2016,6308.0
066,Piyoz,Лук репчатый,Onion,Пиёз,2016-M07,2016,869.0
069,Kartoshka,Картофель,Potatoes,Картошка,2016-M07,2016,1001.0
0070,Loviya,Фасоль,Beans,Ловия,2016-M07,2016,0.0
071,No'xot,Горох,Peas,Нўхот,2016-M07,2016,0.0
0072,Mosh,Маш,Mash,Мош,2016-M07,2016,0.0
073,Shakar,Сахар песок,Sugar,Шакар,2016-M07,2016,0.0
002,Kruppa yormasi,Крупа манная,Semolina,Круппа ёрмаси,2016-M07,2016,0.0
001,Guruch,Рис,Rice,Гуруч,2016-M08,2016,4356.0
003,Arpa,Ячмень,Barley,Арпа,2016-M08,2016,0.0
0004,Bug'doy,Пшеница,Wheat,Буғдой,2016-M08,2016,1394.0
005,Jo'hori,Кукуруза,Corn,Жўҳори,2016-M08,2016,1491.0
006,Kepak,Отруби,Bran,Кепак,2016-M08,2016,909.0
0008,Shrot,Шрот,Schroth,Шрот,2016-M08,2016,0.0
009,Shulxa,Шелуха,Husk,Шулха,2016-M08,2016,0.0
010,Kombikorm,Комбикорм,Compound feed,Комбикорм,2016-M08,2016,909.0
011,Oliy navli bug'doy uni,Мука пшеничная высшего сорта,High-grade wheat flour,Олий навли буғдой уни,2016-M08,2016,2200.0
0012,1-navli bug'doy uni,Мука пшеничная первого сорта,First grade wheat flour,1-навли буғдой уни,2016-M08,2016,0.0
013,1-nav bug'doy unidan non,Хлеб пшеничный из муки 1-го сорта,Wheat bread from 1st grade flour,1-нав буғдой унидан нон,2016-M08,2016,0.0
017,Mol go'shti,Говядина,Beef,Мол гўшти,2016-M08,2016,23240.0
0020,Qo'y go'shti,Баранина,Mutton,Қўй гўшти,2016-M08,2016,25208.0
022,Tovuq go'shti,Мясо птицы,Poultry,Товуқ гўшти,2016-M08,2016,0.0
026,Turli baliqlar,Рыба всякая,Fish of all kinds,Турли балиқлар,2016-M08,2016,11815.0
027,Yangi sog'ilgan sut (1 litr),Молоко свежее (1 литр),Fresh milk (1 liter),Янги соғилган сут (1 литр),2016-M08,2016,1969.0
034,Tuxum (10 dona),Яйца (10 штук),Eggs (10 pieces ),Тухум (10 дона),2016-M08,2016,3865.0
035,Paxta yog'i (1 litr),Масло хлопковое (1 литр),Cottonseed oil (1 liter),Пахта ёғи (1 литр),2016-M08,2016,0.0
0036,Kungaboqar yog'i (1 litr),Масло подсолнечное (1 литр),Sunflower oil (1 liter),Кунгабоқар ёғи (1 литр),2016-M08,2016,0.0
037,Sariyog',Масло сливочное,Butter,Сариёғ,2016-M08,2016,17969.0
039,Limon,Лимоны,Lemons,Лимон,2016-M08,2016,18267.0
0040,Olma,Яблоки,Apples,Олма,2016-M08,2016,2594.0
041,Nok,Груши,Pears,Нок,2016-M08,2016,5177.0
049,Uzum,Виноград,Grape,Узум,2016-M08,2016,2396.0
0050,Tarvuz,Арбуз,Watermelon,Тарвуз,2016-M08,2016,834.0
0051,Qovun,Дыня,Melon,Қовун,2016-M08,2016,1358.0
053,Mayiz,Кишмиш,Kishmish,Майиз,2016-M08,2016,14065.0
055,Karam,Капуста,Cabbage,Карам,2016-M08,2016,889.0
057,Bodring,Огурцы,Cucumbers,Бодринг,2016-M08,2016,1276.0
058,Pomidor,Помидоры,Tomatoes,Помидор,2016-M08,2016,1658.0
059,Baqlajon,Баклажаны,Eggplant,Бақлажон,2016-M08,2016,809.0
0060,Bulg'or qalampiri,Перец болгарский,Bell pepper,Булғор қалампири,2016-M08,2016,1397.0
061,Qovoq,Тыква,Pumpkin,Қовоқ,2016-M08,2016,1119.0
063,Sabzi,Морковь,Carrot,Сабзи,2016-M08,2016,1252.0
065,Sarimsoq,Чеснок,Garlic,Саримсоқ,2016-M08,2016,6521.0
066,Piyoz,Лук репчатый,Onion,Пиёз,2016-M08,2016,910.0
069,Kartoshka,Картофель,Potatoes,Картошка,2016-M08,2016,1115.0
0070,Loviya,Фасоль,Beans,Ловия,2016-M08,2016,0.0
071,No'xot,Горох,Peas,Нўхот,2016-M08,2016,0.0
0072,Mosh,Маш,Mash,Мош,2016-M08,2016,0.0
073,Shakar,Сахар песок,Sugar,Шакар,2016-M08,2016,0.0
002,Kruppa yormasi,Крупа манная,Semolina,Круппа ёрмаси,2016-M08,2016,0.0
001,Guruch,Рис,Rice,Гуруч,2016-M09,2016,4288.0
003,Arpa,Ячмень,Barley,Арпа,2016-M09,2016,1233.0
0004,Bug'doy,Пшеница,Wheat,Буғдой,2016-M09,2016,1408.0
005,Jo'hori,Кукуруза,Corn,Жўҳори,2016-M09,2016,1474.0
006,Kepak,Отруби,Bran,Кепак,2016-M09,2016,936.0
0008,Shrot,Шрот,Schroth,Шрот,2016-M09,2016,0.0
009,Shulxa,Шелуха,Husk,Шулха,2016-M09,2016,0.0
010,Kombikorm,Комбикорм,Compound feed,Комбикорм,2016-M09,2016,949.0
011,Oliy navli bug'doy uni,Мука пшеничная высшего сорта,High-grade wheat flour,Олий навли буғдой уни,2016-M09,2016,2210.0
0012,1-navli bug'doy uni,Мука пшеничная первого сорта,First grade wheat flour,1-навли буғдой уни,2016-M09,2016,0.0
013,1-nav bug'doy unidan non,Хлеб пшеничный из муки 1-го сорта,Wheat bread from 1st grade flour,1-нав буғдой унидан нон,2016-M09,2016,0.0
017,Mol go'shti,Говядина,Beef,Мол гўшти,2016-M09,2016,23229.0
0020,Qo'y go'shti,Баранина,Mutton,Қўй гўшти,2016-M09,2016,25208.0
022,Tovuq go'shti,Мясо птицы,Poultry,Товуқ гўшти,2016-M09,2016,0.0
026,Turli baliqlar,Рыба всякая,Fish of all kinds,Турли балиқлар,2016-M09,2016,11742.0
027,Yangi sog'ilgan sut (1 litr),Молоко свежее (1 литр),Fresh milk (1 liter),Янги соғилган сут (1 литр),2016-M09,2016,1996.0
034,Tuxum (10 dona),Яйца (10 штук),Eggs (10 pieces ),Тухум (10 дона),2016-M09,2016,3802.0
035,Paxta yog'i (1 litr),Масло хлопковое (1 литр),Cottonseed oil (1 liter),Пахта ёғи (1 литр),2016-M09,2016,0.0
0036,Kungaboqar yog'i (1 litr),Масло подсолнечное (1 литр),Sunflower oil (1 liter),Кунгабоқар ёғи (1 литр),2016-M09,2016,0.0
037,Sariyog',Масло сливочное,Butter,Сариёғ,2016-M09,2016,17740.0
039,Limon,Лимоны,Lemons,Лимон,2016-M09,2016,14302.0
0040,Olma,Яблоки,Apples,Олма,2016-M09,2016,2646.0
041,Nok,Груши,Pears,Нок,2016-M09,2016,5156.0
049,Uzum,Виноград,Grape,Узум,2016-M09,2016,2500.0
0050,Tarvuz,Арбуз,Watermelon,Тарвуз,2016-M09,2016,978.0
0051,Qovun,Дыня,Melon,Қовун,2016-M09,2016,1610.0
053,Mayiz,Кишмиш,Kishmish,Майиз,2016-M09,2016,14075.0
055,Karam,Капуста,Cabbage,Карам,2016-M09,2016,1024.0
057,Bodring,Огурцы,Cucumbers,Бодринг,2016-M09,2016,1218.0
058,Pomidor,Помидоры,Tomatoes,Помидор,2016-M09,2016,1974.0
059,Baqlajon,Баклажаны,Eggplant,Бақлажон,2016-M09,2016,863.0
0060,Bulg'or qalampiri,Перец болгарский,Bell pepper,Булғор қалампири,2016-M09,2016,1464.0
061,Qovoq,Тыква,Pumpkin,Қовоқ,2016-M09,2016,904.0
063,Sabzi,Морковь,Carrot,Сабзи,2016-M09,2016,1699.0
065,Sarimsoq,Чеснок,Garlic,Саримсоқ,2016-M09,2016,7198.0
066,Piyoz,Лук репчатый,Onion,Пиёз,2016-M09,2016,925.0
069,Kartoshka,Картофель,Potatoes,Картошка,2016-M09,2016,1477.0
0070,Loviya,Фасоль,Beans,Ловия,2016-M09,2016,0.0
071,No'xot,Горох,Peas,Нўхот,2016-M09,2016,0.0
0072,Mosh,Маш,Mash,Мош,2016-M09,2016,0.0
073,Shakar,Сахар песок,Sugar,Шакар,2016-M09,2016,0.0
002,Kruppa yormasi,Крупа манная,Semolina,Круппа ёрмаси,2016-M09,2016,1233.0
001,Guruch,Рис,Rice,Гуруч,2016-M10,2016,4052.0
003,Arpa,Ячмень,Barley,Арпа,2016-M10,2016,1200.0
0004,Bug'doy,Пшеница,Wheat,Буғдой,2016-M10,2016,1325.0
005,Jo'hori,Кукуруза,Corn,Жўҳори,2016-M10,2016,1377.0
006,Kepak,Отруби,Bran,Кепак,2016-M10,2016,941.0
0008,Shrot,Шрот,Schroth,Шрот,2016-M10,2016,0.0
009,Shulxa,Шелуха,Husk,Шулха,2016-M10,2016,0.0
010,Kombikorm,Комбикорм,Compound feed,Комбикорм,2016-M10,2016,949.0
011,Oliy navli bug'doy uni,Мука пшеничная высшего сорта,High-grade wheat flour,Олий навли буғдой уни,2016-M10,2016,2291.0
0012,1-navli bug'doy uni,Мука пшеничная первого сорта,First grade wheat flour,1-навли буғдой уни,2016-M10,2016,0.0
013,1-nav bug'doy unidan non,Хлеб пшеничный из муки 1-го сорта,Wheat bread from 1st grade flour,1-нав буғдой унидан нон,2016-M10,2016,0.0
017,Mol go'shti,Говядина,Beef,Мол гўшти,2016-M10,2016,23500.0
0020,Qo'y go'shti,Баранина,Mutton,Қўй гўшти,2016-M10,2016,25479.0
022,Tovuq go'shti,Мясо птицы,Poultry,Товуқ гўшти,2016-M10,2016,0.0
026,Turli baliqlar,Рыба всякая,Fish of all kinds,Турли балиқлар,2016-M10,2016,12042.0
027,Yangi sog'ilgan sut (1 litr),Молоко свежее (1 литр),Fresh milk (1 liter),Янги соғилган сут (1 литр),2016-M10,2016,1988.0
034,Tuxum (10 dona),Яйца (10 штук),Eggs (10 pieces ),Тухум (10 дона),2016-M10,2016,4006.0
035,Paxta yog'i (1 litr),Масло хлопковое (1 литр),Cottonseed oil (1 liter),Пахта ёғи (1 литр),2016-M10,2016,0.0
0036,Kungaboqar yog'i (1 litr),Масло подсолнечное (1 литр),Sunflower oil (1 liter),Кунгабоқар ёғи (1 литр),2016-M10,2016,0.0
037,Sariyog',Масло сливочное,Butter,Сариёғ,2016-M10,2016,18656.0
039,Limon,Лимоны,Lemons,Лимон,2016-M10,2016,9673.0
0040,Olma,Яблоки,Apples,Олма,2016-M10,2016,2733.0
041,Nok,Груши,Pears,Нок,2016-M10,2016,4952.0
049,Uzum,Виноград,Grape,Узум,2016-M10,2016,2788.0
0050,Tarvuz,Арбуз,Watermelon,Тарвуз,2016-M10,2016,903.0
0051,Qovun,Дыня,Melon,Қовун,2016-M10,2016,1726.0
053,Mayiz,Кишмиш,Kishmish,Майиз,2016-M10,2016,13473.0
055,Karam,Капуста,Cabbage,Карам,2016-M10,2016,1039.0
057,Bodring,Огурцы,Cucumbers,Бодринг,2016-M10,2016,2738.0
058,Pomidor,Помидоры,Tomatoes,Помидор,2016-M10,2016,2904.0
059,Baqlajon,Баклажаны,Eggplant,Бақлажон,2016-M10,2016,1055.0
0060,Bulg'or qalampiri,Перец болгарский,Bell pepper,Булғор қалампири,2016-M10,2016,1640.0
061,Qovoq,Тыква,Pumpkin,Қовоқ,2016-M10,2016,932.0
063,Sabzi,Морковь,Carrot,Сабзи,2016-M10,2016,1331.0
065,Sarimsoq,Чеснок,Garlic,Саримсоқ,2016-M10,2016,9417.0
066,Piyoz,Лук репчатый,Onion,Пиёз,2016-M10,2016,966.0
069,Kartoshka,Картофель,Potatoes,Картошка,2016-M10,2016,1940.0
0070,Loviya,Фасоль,Beans,Ловия,2016-M10,2016,0.0
071,No'xot,Горох,Peas,Нўхот,2016-M10,2016,0.0
0072,Mosh,Маш,Mash,Мош,2016-M10,2016,0.0
073,Shakar,Сахар песок,Sugar,Шакар,2016-M10,2016,0.0
002,Kruppa yormasi,Крупа манная,Semolina,Круппа ёрмаси,2016-M10,2016,1200.0
001,Guruch,Рис,Rice,Гуруч,2016-M11,2016,3858.0
003,Arpa,Ячмень,Barley,Арпа,2016-M11,2016,1200.0
0004,Bug'doy,Пшеница,Wheat,Буғдой,2016-M11,2016,1358.0
005,Jo'hori,Кукуруза,Corn,Жўҳори,2016-M11,2016,1405.0
006,Kepak,Отруби,Bran,Кепак,2016-M11,2016,959.0
0008,Shrot,Шрот,Schroth,Шрот,2016-M11,2016,0.0
009,Shulxa,Шелуха,Husk,Шулха,2016-M11,2016,0.0
010,Kombikorm,Комбикорм,Compound feed,Комбикорм,2016-M11,2016,966.0
011,Oliy navli bug'doy uni,Мука пшеничная высшего сорта,High-grade wheat flour,Олий навли буғдой уни,2016-M11,2016,2466.0
0012,1-navli bug'doy uni,Мука пшеничная первого сорта,First grade wheat flour,1-навли буғдой уни,2016-M11,2016,0.0
013,1-nav bug'doy unidan non,Хлеб пшеничный из муки 1-го сорта,Wheat bread from 1st grade flour,1-нав буғдой унидан нон,2016-M11,2016,0.0
017,Mol go'shti,Говядина,Beef,Мол гўшти,2016-M11,2016,23896.0
0020,Qo'y go'shti,Баранина,Mutton,Қўй гўшти,2016-M11,2016,25875.0
022,Tovuq go'shti,Мясо птицы,Poultry,Товуқ гўшти,2016-M11,2016,0.0
026,Turli baliqlar,Рыба всякая,Fish of all kinds,Турли балиқлар,2016-M11,2016,11128.0
027,Yangi sog'ilgan sut (1 litr),Молоко свежее (1 литр),Fresh milk (1 liter),Янги соғилган сут (1 литр),2016-M11,2016,1988.0
034,Tuxum (10 dona),Яйца (10 штук),Eggs (10 pieces ),Тухум (10 дона),2016-M11,2016,4444.0
035,Paxta yog'i (1 litr),Масло хлопковое (1 литр),Cottonseed oil (1 liter),Пахта ёғи (1 литр),2016-M11,2016,0.0
0036,Kungaboqar yog'i (1 litr),Масло подсолнечное (1 литр),Sunflower oil (1 liter),Кунгабоқар ёғи (1 литр),2016-M11,2016,0.0
037,Sariyog',Масло сливочное,Butter,Сариёғ,2016-M11,2016,19729.0
039,Limon,Лимоны,Lemons,Лимон,2016-M11,2016,8083.0
0040,Olma,Яблоки,Apples,Олма,2016-M11,2016,2842.0
041,Nok,Груши,Pears,Нок,2016-M11,2016,5546.0
049,Uzum,Виноград,Grape,Узум,2016-M11,2016,3104.0
0050,Tarvuz,Арбуз,Watermelon,Тарвуз,2016-M11,2016,1313.0
0051,Qovun,Дыня,Melon,Қовун,2016-M11,2016,1940.0
053,Mayiz,Кишмиш,Kishmish,Майиз,2016-M11,2016,14094.0
055,Karam,Капуста,Cabbage,Карам,2016-M11,2016,1050.0
057,Bodring,Огурцы,Cucumbers,Бодринг,2016-M11,2016,3854.0
058,Pomidor,Помидоры,Tomatoes,Помидор,2016-M11,2016,4088.0
059,Baqlajon,Баклажаны,Eggplant,Бақлажон,2016-M11,2016,1344.0
0060,Bulg'or qalampiri,Перец болгарский,Bell pepper,Булғор қалампири,2016-M11,2016,1982.0
061,Qovoq,Тыква,Pumpkin,Қовоқ,2016-M11,2016,979.0
063,Sabzi,Морковь,Carrot,Сабзи,2016-M11,2016,726.0
065,Sarimsoq,Чеснок,Garlic,Саримсоқ,2016-M11,2016,9646.0
066,Piyoz,Лук репчатый,Onion,Пиёз,2016-M11,2016,1339.0
069,Kartoshka,Картофель,Potatoes,Картошка,2016-M11,2016,2058.0
0070,Loviya,Фасоль,Beans,Ловия,2016-M11,2016,0.0
071,No'xot,Горох,Peas,Нўхот,2016-M11,2016,0.0
0072,Mosh,Маш,Mash,Мош,2016-M11,2016,0.0
073,Shakar,Сахар песок,Sugar,Шакар,2016-M11,2016,0.0
002,Kruppa yormasi,Крупа манная,Semolina,Круппа ёрмаси,2016-M11,2016,1200.0
001,Guruch,Рис,Rice,Гуруч,2016-M12,2016,3644.0
003,Arpa,Ячмень,Barley,Арпа,2016-M12,2016,1200.0
0004,Bug'doy,Пшеница,Wheat,Буғдой,2016-M12,2016,1375.0
005,Jo'hori,Кукуруза,Corn,Жўҳори,2016-M12,2016,1425.0
006,Kepak,Отруби,Bran,Кепак,2016-M12,2016,965.0
0008,Shrot,Шрот,Schroth,Шрот,2016-M12,2016,0.0
009,Shulxa,Шелуха,Husk,Шулха,2016-M12,2016,0.0
010,Kombikorm,Комбикорм,Compound feed,Комбикорм,2016-M12,2016,958.0
011,Oliy navli bug'doy uni,Мука пшеничная высшего сорта,High-grade wheat flour,Олий навли буғдой уни,2016-M12,2016,2511.0
0012,1-navli bug'doy uni,Мука пшеничная первого сорта,First grade wheat flour,1-навли буғдой уни,2016-M12,2016,0.0
013,1-nav bug'doy unidan non,Хлеб пшеничный из муки 1-го сорта,Wheat bread from 1st grade flour,1-нав буғдой унидан нон,2016-M12,2016,0.0
017,Mol go'shti,Говядина,Beef,Мол гўшти,2016-M12,2016,23875.0
0020,Qo'y go'shti,Баранина,Mutton,Қўй гўшти,2016-M12,2016,25875.0
022,Tovuq go'shti,Мясо птицы,Poultry,Товуқ гўшти,2016-M12,2016,0.0
026,Turli baliqlar,Рыба всякая,Fish of all kinds,Турли балиқлар,2016-M12,2016,10115.0
027,Yangi sog'ilgan sut (1 litr),Молоко свежее (1 литр),Fresh milk (1 liter),Янги соғилган сут (1 литр),2016-M12,2016,2008.0
034,Tuxum (10 dona),Яйца (10 штук),Eggs (10 pieces ),Тухум (10 дона),2016-M12,2016,4771.0
035,Paxta yog'i (1 litr),Масло хлопковое (1 литр),Cottonseed oil (1 liter),Пахта ёғи (1 литр),2016-M12,2016,0.0
0036,Kungaboqar yog'i (1 litr),Масло подсолнечное (1 литр),Sunflower oil (1 liter),Кунгабоқар ёғи (1 литр),2016-M12,2016,0.0
037,Sariyog',Масло сливочное,Butter,Сариёғ,2016-M12,2016,19750.0
039,Limon,Лимоны,Lemons,Лимон,2016-M12,2016,7108.0
0040,Olma,Яблоки,Apples,Олма,2016-M12,2016,3144.0
041,Nok,Груши,Pears,Нок,2016-M12,2016,6429.0
049,Uzum,Виноград,Grape,Узум,2016-M12,2016,5008.0
0050,Tarvuz,Арбуз,Watermelon,Тарвуз,2016-M12,2016,1613.0
0051,Qovun,Дыня,Melon,Қовун,2016-M12,2016,2094.0
053,Mayiz,Кишмиш,Kishmish,Майиз,2016-M12,2016,14189.0
055,Karam,Капуста,Cabbage,Карам,2016-M12,2016,1131.0
057,Bodring,Огурцы,Cucumbers,Бодринг,2016-M12,2016,10198.0
058,Pomidor,Помидоры,Tomatoes,Помидор,2016-M12,2016,4656.0
059,Baqlajon,Баклажаны,Eggplant,Бақлажон,2016-M12,2016,0.0
0060,Bulg'or qalampiri,Перец болгарский,Bell pepper,Булғор қалампири,2016-M12,2016,3900.0
061,Qovoq,Тыква,Pumpkin,Қовоқ,2016-M12,2016,931.0
063,Sabzi,Морковь,Carrot,Сабзи,2016-M12,2016,654.0
065,Sarimsoq,Чеснок,Garlic,Саримсоқ,2016-M12,2016,11698.0
066,Piyoz,Лук репчатый,Onion,Пиёз,2016-M12,2016,1535.0
069,Kartoshka,Картофель,Potatoes,Картошка,2016-M12,2016,2579.0
0070,Loviya,Фасоль,Beans,Ловия,2016-M12,2016,0.0
071,No'xot,Горох,Peas,Нўхот,2016-M12,2016,0.0
0072,Mosh,Маш,Mash,Мош,2016-M12,2016,0.0
073,Shakar,Сахар песок,Sugar,Шакар,2016-M12,2016,0.0
002,Kruppa yormasi,Крупа манная,Semolina,Круппа ёрмаси,2016-M12,2016,1200.0
001,Guruch,Рис,Rice,Гуруч,2017-M01,2017,3833.0
003,Arpa,Ячмень,Barley,Арпа,2017-M01,2017,1300.0
0004,Bug'doy,Пшеница,Wheat,Буғдой,2017-M01,2017,1434.0
005,Jo'hori,Кукуруза,Corn,Жўҳори,2017-M01,2017,1484.0
006,Kepak,Отруби,Bran,Кепак,2017-M01,2017,963.0
0008,Shrot,Шрот,Schroth,Шрот,2017-M01,2017,0.0
009,Shulxa,Шелуха,Husk,Шулха,2017-M01,2017,0.0
010,Kombikorm,Комбикорм,Compound feed,Комбикорм,2017-M01,2017,967.0
011,Oliy navli bug'doy uni,Мука пшеничная высшего сорта,High-grade wheat flour,Олий навли буғдой уни,2017-M01,2017,2501.0
0012,1-navli bug'doy uni,Мука пшеничная первого сорта,First grade wheat flour,1-навли буғдой уни,2017-M01,2017,0.0
013,1-nav bug'doy unidan non,Хлеб пшеничный из муки 1-го сорта,Wheat bread from 1st grade flour,1-нав буғдой унидан нон,2017-M01,2017,0.0
017,Mol go'shti,Говядина,Beef,Мол гўшти,2017-M01,2017,23875.0
0020,Qo'y go'shti,Баранина,Mutton,Қўй гўшти,2017-M01,2017,25875.0
022,Tovuq go'shti,Мясо птицы,Poultry,Товуқ гўшти,2017-M01,2017,0.0
026,Turli baliqlar,Рыба всякая,Fish of all kinds,Турли балиқлар,2017-M01,2017,10063.0
027,Yangi sog'ilgan sut (1 litr),Молоко свежее (1 литр),Fresh milk (1 liter),Янги соғилган сут (1 литр),2017-M01,2017,2056.0
034,Tuxum (10 dona),Яйца (10 штук),Eggs (10 pieces ),Тухум (10 дона),2017-M01,2017,4850.0
035,Paxta yog'i (1 litr),Масло хлопковое (1 литр),Cottonseed oil (1 liter),Пахта ёғи (1 литр),2017-M01,2017,0.0
0036,Kungaboqar yog'i (1 litr),Масло подсолнечное (1 литр),Sunflower oil (1 liter),Кунгабоқар ёғи (1 литр),2017-M01,2017,0.0
037,Sariyog',Масло сливочное,Butter,Сариёғ,2017-M01,2017,19594.0
039,Limon,Лимоны,Lemons,Лимон,2017-M01,2017,6854.0
0040,Olma,Яблоки,Apples,Олма,2017-M01,2017,3258.0
041,Nok,Груши,Pears,Нок,2017-M01,2017,7760.0
049,Uzum,Виноград,Grape,Узум,2017-M01,2017,6448.0
0050,Tarvuz,Арбуз,Watermelon,Тарвуз,2017-M01,2017,1853.0
0051,Qovun,Дыня,Melon,Қовун,2017-M01,2017,2308.0
053,Mayiz,Кишмиш,Kishmish,Майиз,2017-M01,2017,13856.0
055,Karam,Капуста,Cabbage,Карам,2017-M01,2017,1371.0
057,Bodring,Огурцы,Cucumbers,Бодринг,2017-M01,2017,8958.0
058,Pomidor,Помидоры,Tomatoes,Помидор,2017-M01,2017,6792.0
059,Baqlajon,Баклажаны,Eggplant,Бақлажон,2017-M01,2017,0.0
0060,Bulg'or qalampiri,Перец болгарский,Bell pepper,Булғор қалампири,2017-M01,2017,0.0
061,Qovoq,Тыква,Pumpkin,Қовоқ,2017-M01,2017,911.0
063,Sabzi,Морковь,Carrot,Сабзи,2017-M01,2017,697.0
065,Sarimsoq,Чеснок,Garlic,Саримсоқ,2017-M01,2017,12219.0
066,Piyoz,Лук репчатый,Onion,Пиёз,2017-M01,2017,1517.0
069,Kartoshka,Картофель,Potatoes,Картошка,2017-M01,2017,2574.0
0070,Loviya,Фасоль,Beans,Ловия,2017-M01,2017,0.0
071,No'xot,Горох,Peas,Нўхот,2017-M01,2017,0.0
0072,Mosh,Маш,Mash,Мош,2017-M01,2017,0.0
073,Shakar,Сахар песок,Sugar,Шакар,2017-M01,2017,0.0
002,Kruppa yormasi,Крупа манная,Semolina,Круппа ёрмаси,2017-M01,2017,1300.0
001,Guruch,Рис,Rice,Гуруч,2017-M02,2017,3804.0
003,Arpa,Ячмень,Barley,Арпа,2017-M02,2017,1500.0
0004,Bug'doy,Пшеница,Wheat,Буғдой,2017-M02,2017,1508.0
005,Jo'hori,Кукуруза,Corn,Жўҳори,2017-M02,2017,1505.0
006,Kepak,Отруби,Bran,Кепак,2017-M02,2017,1000.0
0008,Shrot,Шрот,Schroth,Шрот,2017-M02,2017,0.0
009,Shulxa,Шелуха,Husk,Шулха,2017-M02,2017,0.0
010,Kombikorm,Комбикорм,Compound feed,Комбикорм,2017-M02,2017,1000.0
011,Oliy navli bug'doy uni,Мука пшеничная высшего сорта,High-grade wheat flour,Олий навли буғдой уни,2017-M02,2017,2508.0
0012,1-navli bug'doy uni,Мука пшеничная первого сорта,First grade wheat flour,1-навли буғдой уни,2017-M02,2017,0.0
013,1-nav bug'doy unidan non,Хлеб пшеничный из муки 1-го сорта,Wheat bread from 1st grade flour,1-нав буғдой унидан нон,2017-M02,2017,0.0
017,Mol go'shti,Говядина,Beef,Мол гўшти,2017-M02,2017,23521.0
0020,Qo'y go'shti,Баранина,Mutton,Қўй гўшти,2017-M02,2017,25521.0
022,Tovuq go'shti,Мясо птицы,Poultry,Товуқ гўшти,2017-M02,2017,0.0
026,Turli baliqlar,Рыба всякая,Fish of all kinds,Турли балиқлар,2017-M02,2017,10236.0
027,Yangi sog'ilgan sut (1 litr),Молоко свежее (1 литр),Fresh milk (1 liter),Янги соғилган сут (1 литр),2017-M02,2017,2123.0
034,Tuxum (10 dona),Яйца (10 штук),Eggs (10 pieces ),Тухум (10 дона),2017-M02,2017,4748.0
035,Paxta yog'i (1 litr),Масло хлопковое (1 литр),Cottonseed oil (1 liter),Пахта ёғи (1 литр),2017-M02,2017,0.0
0036,Kungaboqar yog'i (1 litr),Масло подсолнечное (1 литр),Sunflower oil (1 liter),Кунгабоқар ёғи (1 литр),2017-M02,2017,0.0
037,Sariyog',Масло сливочное,Butter,Сариёғ,2017-M02,2017,20146.0
039,Limon,Лимоны,Lemons,Лимон,2017-M02,2017,7344.0
0040,Olma,Яблоки,Apples,Олма,2017-M02,2017,3146.0
041,Nok,Груши,Pears,Нок,2017-M02,2017,10052.0
049,Uzum,Виноград,Grape,Узум,2017-M02,2017,8896.0
0050,Tarvuz,Арбуз,Watermelon,Тарвуз,2017-M02,2017,0.0
0051,Qovun,Дыня,Melon,Қовун,2017-M02,2017,2397.0
053,Mayiz,Кишмиш,Kishmish,Майиз,2017-M02,2017,14427.0
055,Karam,Капуста,Cabbage,Карам,2017-M02,2017,1683.0
057,Bodring,Огурцы,Cucumbers,Бодринг,2017-M02,2017,10083.0
058,Pomidor,Помидоры,Tomatoes,Помидор,2017-M02,2017,9906.0
059,Baqlajon,Баклажаны,Eggplant,Бақлажон,2017-M02,2017,0.0
0060,Bulg'or qalampiri,Перец болгарский,Bell pepper,Булғор қалампири,2017-M02,2017,0.0
061,Qovoq,Тыква,Pumpkin,Қовоқ,2017-M02,2017,950.0
063,Sabzi,Морковь,Carrot,Сабзи,2017-M02,2017,774.0
065,Sarimsoq,Чеснок,Garlic,Саримсоқ,2017-M02,2017,14177.0
066,Piyoz,Лук репчатый,Onion,Пиёз,2017-M02,2017,1699.0
069,Kartoshka,Картофель,Potatoes,Картошка,2017-M02,2017,2702.0
0070,Loviya,Фасоль,Beans,Ловия,2017-M02,2017,0.0
071,No'xot,Горох,Peas,Нўхот,2017-M02,2017,0.0
0072,Mosh,Маш,Mash,Мош,2017-M02,2017,0.0
073,Shakar,Сахар песок,Sugar,Шакар,2017-M02,2017,0.0
002,Kruppa yormasi,Крупа манная,Semolina,Круппа ёрмаси,2017-M02,2017,1500.0
001,Guruch,Рис,Rice,Гуруч,2017-M03,2017,3771.0
003,Arpa,Ячмень,Barley,Арпа,2017-M03,2017,1500.0
0004,Bug'doy,Пшеница,Wheat,Буғдой,2017-M03,2017,1579.0
005,Jo'hori,Кукуруза,Corn,Жўҳори,2017-M03,2017,1601.0
006,Kepak,Отруби,Bran,Кепак,2017-M03,2017,1001.0
0008,Shrot,Шрот,Schroth,Шрот,2017-M03,2017,0.0
009,Shulxa,Шелуха,Husk,Шулха,2017-M03,2017,0.0
010,Kombikorm,Комбикорм,Compound feed,Комбикорм,2017-M03,2017,1008.0
011,Oliy navli bug'doy uni,Мука пшеничная высшего сорта,High-grade wheat flour,Олий навли буғдой уни,2017-M03,2017,2527.0
0012,1-navli bug'doy uni,Мука пшеничная первого сорта,First grade wheat flour,1-навли буғдой уни,2017-M03,2017,0.0
013,1-nav bug'doy unidan non,Хлеб пшеничный из муки 1-го сорта,Wheat bread from 1st grade flour,1-нав буғдой унидан нон,2017-M03,2017,0.0
017,Mol go'shti,Говядина,Beef,Мол гўшти,2017-M03,2017,23535.0
0020,Qo'y go'shti,Баранина,Mutton,Қўй гўшти,2017-M03,2017,25667.0
022,Tovuq go'shti,Мясо птицы,Poultry,Товуқ гўшти,2017-M03,2017,0.0
026,Turli baliqlar,Рыба всякая,Fish of all kinds,Турли балиқлар,2017-M03,2017,10279.0
027,Yangi sog'ilgan sut (1 litr),Молоко свежее (1 литр),Fresh milk (1 liter),Янги соғилган сут (1 литр),2017-M03,2017,2142.0
034,Tuxum (10 dona),Яйца (10 штук),Eggs (10 pieces ),Тухум (10 дона),2017-M03,2017,4868.0
035,Paxta yog'i (1 litr),Масло хлопковое (1 литр),Cottonseed oil (1 liter),Пахта ёғи (1 литр),2017-M03,2017,0.0
0036,Kungaboqar yog'i (1 litr),Масло подсолнечное (1 литр),Sunflower oil (1 liter),Кунгабоқар ёғи (1 литр),2017-M03,2017,0.0
037,Sariyog',Масло сливочное,Butter,Сариёғ,2017-M03,2017,20146.0
039,Limon,Лимоны,Lemons,Лимон,2017-M03,2017,7917.0
0040,Olma,Яблоки,Apples,Олма,2017-M03,2017,3921.0
041,Nok,Груши,Pears,Нок,2017-M03,2017,12021.0
049,Uzum,Виноград,Grape,Узум,2017-M03,2017,8905.0
0050,Tarvuz,Арбуз,Watermelon,Тарвуз,2017-M03,2017,0.0
0051,Qovun,Дыня,Melon,Қовун,2017-M03,2017,2437.0
053,Mayiz,Кишмиш,Kishmish,Майиз,2017-M03,2017,14542.0
055,Karam,Капуста,Cabbage,Карам,2017-M03,2017,2129.0
057,Bodring,Огурцы,Cucumbers,Бодринг,2017-M03,2017,13185.0
058,Pomidor,Помидоры,Tomatoes,Помидор,2017-M03,2017,13156.0
059,Baqlajon,Баклажаны,Eggplant,Бақлажон,2017-M03,2017,0.0
0060,Bulg'or qalampiri,Перец болгарский,Bell pepper,Булғор қалампири,2017-M03,2017,0.0
061,Qovoq,Тыква,Pumpkin,Қовоқ,2017-M03,2017,1171.0
063,Sabzi,Морковь,Carrot,Сабзи,2017-M03,2017,799.0
065,Sarimsoq,Чеснок,Garlic,Саримсоқ,2017-M03,2017,15344.0
066,Piyoz,Лук репчатый,Onion,Пиёз,2017-M03,2017,2117.0
069,Kartoshka,Картофель,Potatoes,Картошка,2017-M03,2017,2944.0
0070,Loviya,Фасоль,Beans,Ловия,2017-M03,2017,0.0
071,No'xot,Горох,Peas,Нўхот,2017-M03,2017,0.0
0072,Mosh,Маш,Mash,Мош,2017-M03,2017,0.0
073,Shakar,Сахар песок,Sugar,Шакар,2017-M03,2017,0.0
002,Kruppa yormasi,Крупа манная,Semolina,Круппа ёрмаси,2017-M03,2017,1500.0
001,Guruch,Рис,Rice,Гуруч,2017-M04,2017,3675.0
003,Arpa,Ячмень,Barley,Арпа,2017-M04,2017,1500.0
0004,Bug'doy,Пшеница,Wheat,Буғдой,2017-M04,2017,1525.0
005,Jo'hori,Кукуруза,Corn,Жўҳори,2017-M04,2017,1548.0
006,Kepak,Отруби,Bran,Кепак,2017-M04,2017,989.0
0008,Shrot,Шрот,Schroth,Шрот,2017-M04,2017,0.0
009,Shulxa,Шелуха,Husk,Шулха,2017-M04,2017,0.0
010,Kombikorm,Комбикорм,Compound feed,Комбикорм,2017-M04,2017,1001.0
011,Oliy navli bug'doy uni,Мука пшеничная высшего сорта,High-grade wheat flour,Олий навли буғдой уни,2017-M04,2017,2519.0
0012,1-navli bug'doy uni,Мука пшеничная первого сорта,First grade wheat flour,1-навли буғдой уни,2017-M04,2017,0.0
013,1-nav bug'doy unidan non,Хлеб пшеничный из муки 1-го сорта,Wheat bread from 1st grade flour,1-нав буғдой унидан нон,2017-M04,2017,0.0
017,Mol go'shti,Говядина,Beef,Мол гўшти,2017-M04,2017,23583.0
0020,Qo'y go'shti,Баранина,Mutton,Қўй гўшти,2017-M04,2017,25802.0
022,Tovuq go'shti,Мясо птицы,Poultry,Товуқ гўшти,2017-M04,2017,0.0
026,Turli baliqlar,Рыба всякая,Fish of all kinds,Турли балиқлар,2017-M04,2017,10386.0
027,Yangi sog'ilgan sut (1 litr),Молоко свежее (1 литр),Fresh milk (1 liter),Янги соғилган сут (1 литр),2017-M04,2017,2240.0
034,Tuxum (10 dona),Яйца (10 штук),Eggs (10 pieces ),Тухум (10 дона),2017-M04,2017,5226.0
035,Paxta yog'i (1 litr),Масло хлопковое (1 литр),Cottonseed oil (1 liter),Пахта ёғи (1 литр),2017-M04,2017,0.0
0036,Kungaboqar yog'i (1 litr),Масло подсолнечное (1 литр),Sunflower oil (1 liter),Кунгабоқар ёғи (1 литр),2017-M04,2017,0.0
037,Sariyog',Масло сливочное,Butter,Сариёғ,2017-M04,2017,20250.0
039,Limon,Лимоны,Lemons,Лимон,2017-M04,2017,8688.0
0040,Olma,Яблоки,Apples,Олма,2017-M04,2017,4406.0
041,Nok,Груши,Pears,Нок,2017-M04,2017,15310.0
049,Uzum,Виноград,Grape,Узум,2017-M04,2017,12111.0
0050,Tarvuz,Арбуз,Watermelon,Тарвуз,2017-M04,2017,0.0
0051,Qovun,Дыня,Melon,Қовун,2017-M04,2017,0.0
053,Mayiz,Кишмиш,Kishmish,Майиз,2017-M04,2017,14719.0
055,Karam,Капуста,Cabbage,Карам,2017-M04,2017,2299.0
057,Bodring,Огурцы,Cucumbers,Бодринг,2017-M04,2017,8708.0
058,Pomidor,Помидоры,Tomatoes,Помидор,2017-M04,2017,12719.0
059,Baqlajon,Баклажаны,Eggplant,Бақлажон,2017-M04,2017,0.0
0060,Bulg'or qalampiri,Перец болгарский,Bell pepper,Булғор қалампири,2017-M04,2017,0.0
061,Qovoq,Тыква,Pumpkin,Қовоқ,2017-M04,2017,2053.0
063,Sabzi,Морковь,Carrot,Сабзи,2017-M04,2017,1246.0
065,Sarimsoq,Чеснок,Garlic,Саримсоқ,2017-M04,2017,18167.0
066,Piyoz,Лук репчатый,Onion,Пиёз,2017-M04,2017,2610.0
069,Kartoshka,Картофель,Potatoes,Картошка,2017-M04,2017,3351.0
0070,Loviya,Фасоль,Beans,Ловия,2017-M04,2017,0.0
071,No'xot,Горох,Peas,Нўхот,2017-M04,2017,0.0
0072,Mosh,Маш,Mash,Мош,2017-M04,2017,0.0
073,Shakar,Сахар песок,Sugar,Шакар,2017-M04,2017,0.0
002,Kruppa yormasi,Крупа манная,Semolina,Круппа ёрмаси,2017-M04,2017,1500.0
001,Guruch,Рис,Rice,Гуруч,2017-M05,2017,3660.0
003,Arpa,Ячмень,Barley,Арпа,2017-M05,2017,1500.0
0004,Bug'doy,Пшеница,Wheat,Буғдой,2017-M05,2017,1460.0
005,Jo'hori,Кукуруза,Corn,Жўҳори,2017-M05,2017,1557.0
006,Kepak,Отруби,Bran,Кепак,2017-M05,2017,980.0
0008,Shrot,Шрот,Schroth,Шрот,2017-M05,2017,0.0
009,Shulxa,Шелуха,Husk,Шулха,2017-M05,2017,0.0
010,Kombikorm,Комбикорм,Compound feed,Комбикорм,2017-M05,2017,1007.0
011,Oliy navli bug'doy uni,Мука пшеничная высшего сорта,High-grade wheat flour,Олий навли буғдой уни,2017-M05,2017,2504.0
0012,1-navli bug'doy uni,Мука пшеничная первого сорта,First grade wheat flour,1-навли буғдой уни,2017-M05,2017,0.0
013,1-nav bug'doy unidan non,Хлеб пшеничный из муки 1-го сорта,Wheat bread from 1st grade flour,1-нав буғдой унидан нон,2017-M05,2017,0.0
017,Mol go'shti,Говядина,Beef,Мол гўшти,2017-M05,2017,25052.0
0020,Qo'y go'shti,Баранина,Mutton,Қўй гўшти,2017-M05,2017,26802.0
022,Tovuq go'shti,Мясо птицы,Poultry,Товуқ гўшти,2017-M05,2017,0.0
026,Turli baliqlar,Рыба всякая,Fish of all kinds,Турли балиқлар,2017-M05,2017,10755.0
027,Yangi sog'ilgan sut (1 litr),Молоко свежее (1 литр),Fresh milk (1 liter),Янги соғилган сут (1 литр),2017-M05,2017,2279.0
034,Tuxum (10 dona),Яйца (10 штук),Eggs (10 pieces ),Тухум (10 дона),2017-M05,2017,4797.0
035,Paxta yog'i (1 litr),Масло хлопковое (1 литр),Cottonseed oil (1 liter),Пахта ёғи (1 литр),2017-M05,2017,0.0
0036,Kungaboqar yog'i (1 litr),Масло подсолнечное (1 литр),Sunflower oil (1 liter),Кунгабоқар ёғи (1 литр),2017-M05,2017,0.0
037,Sariyog',Масло сливочное,Butter,Сариёғ,2017-M05,2017,20292.0
039,Limon,Лимоны,Lemons,Лимон,2017-M05,2017,10000.0
0040,Olma,Яблоки,Apples,Олма,2017-M05,2017,4944.0
041,Nok,Груши,Pears,Нок,2017-M05,2017,18047.0
049,Uzum,Виноград,Grape,Узум,2017-M05,2017,0.0
0050,Tarvuz,Арбуз,Watermelon,Тарвуз,2017-M05,2017,0.0
0051,Qovun,Дыня,Melon,Қовун,2017-M05,2017,0.0
053,Mayiz,Кишмиш,Kishmish,Майиз,2017-M05,2017,14802.0
055,Karam,Капуста,Cabbage,Карам,2017-M05,2017,2049.0
057,Bodring,Огурцы,Cucumbers,Бодринг,2017-M05,2017,2706.0
058,Pomidor,Помидоры,Tomatoes,Помидор,2017-M05,2017,9135.0
059,Baqlajon,Баклажаны,Eggplant,Бақлажон,2017-M05,2017,9542.0
0060,Bulg'or qalampiri,Перец болгарский,Bell pepper,Булғор қалампири,2017-M05,2017,15323.0
061,Qovoq,Тыква,Pumpkin,Қовоқ,2017-M05,2017,0.0
063,Sabzi,Морковь,Carrot,Сабзи,2017-M05,2017,1699.0
065,Sarimsoq,Чеснок,Garlic,Саримсоқ,2017-M05,2017,15500.0
066,Piyoz,Лук репчатый,Onion,Пиёз,2017-M05,2017,2263.0
069,Kartoshka,Картофель,Potatoes,Картошка,2017-M05,2017,4732.0
0070,Loviya,Фасоль,Beans,Ловия,2017-M05,2017,0.0
071,No'xot,Горох,Peas,Нўхот,2017-M05,2017,0.0
0072,Mosh,Маш,Mash,Мош,2017-M05,2017,0.0
073,Shakar,Сахар песок,Sugar,Шакар,2017-M05,2017,0.0
002,Kruppa yormasi,Крупа манная,Semolina,Круппа ёрмаси,2017-M05,2017,1500.0
001,Guruch,Рис,Rice,Гуруч,2017-M06,2017,3604.0
003,Arpa,Ячмень,Barley,Арпа,2017-M06,2017,1500.0
0004,Bug'doy,Пшеница,Wheat,Буғдой,2017-M06,2017,1589.0
005,Jo'hori,Кукуруза,Corn,Жўҳори,2017-M06,2017,1666.0
006,Kepak,Отруби,Bran,Кепак,2017-M06,2017,1018.0
0008,Shrot,Шрот,Schroth,Шрот,2017-M06,2017,0.0
009,Shulxa,Шелуха,Husk,Шулха,2017-M06,2017,0.0
010,Kombikorm,Комбикорм,Compound feed,Комбикорм,2017-M06,2017,1114.0
011,Oliy navli bug'doy uni,Мука пшеничная высшего сорта,High-grade wheat flour,Олий навли буғдой уни,2017-M06,2017,2519.0
0012,1-navli bug'doy uni,Мука пшеничная первого сорта,First grade wheat flour,1-навли буғдой уни,2017-M06,2017,0.0
013,1-nav bug'doy unidan non,Хлеб пшеничный из муки 1-го сорта,Wheat bread from 1st grade flour,1-нав буғдой унидан нон,2017-M06,2017,0.0
017,Mol go'shti,Говядина,Beef,Мол гўшти,2017-M06,2017,27552.0
0020,Qo'y go'shti,Баранина,Mutton,Қўй гўшти,2017-M06,2017,29135.0
022,Tovuq go'shti,Мясо птицы,Poultry,Товуқ гўшти,2017-M06,2017,0.0
026,Turli baliqlar,Рыба всякая,Fish of all kinds,Турли балиқлар,2017-M06,2017,10879.0
027,Yangi sog'ilgan sut (1 litr),Молоко свежее (1 литр),Fresh milk (1 liter),Янги соғилган сут (1 литр),2017-M06,2017,2298.0
034,Tuxum (10 dona),Яйца (10 штук),Eggs (10 pieces ),Тухум (10 дона),2017-M06,2017,4806.0
035,Paxta yog'i (1 litr),Масло хлопковое (1 литр),Cottonseed oil (1 liter),Пахта ёғи (1 литр),2017-M06,2017,0.0
0036,Kungaboqar yog'i (1 litr),Масло подсолнечное (1 литр),Sunflower oil (1 liter),Кунгабоқар ёғи (1 литр),2017-M06,2017,0.0
037,Sariyog',Масло сливочное,Butter,Сариёғ,2017-M06,2017,20760.0
039,Limon,Лимоны,Lemons,Лимон,2017-M06,2017,11794.0
0040,Olma,Яблоки,Apples,Олма,2017-M06,2017,4865.0
041,Nok,Груши,Pears,Нок,2017-M06,2017,0.0
049,Uzum,Виноград,Grape,Узум,2017-M06,2017,8409.0
0050,Tarvuz,Арбуз,Watermelon,Тарвуз,2017-M06,2017,1913.0
0051,Qovun,Дыня,Melon,Қовун,2017-M06,2017,4927.0
053,Mayiz,Кишмиш,Kishmish,Майиз,2017-M06,2017,14771.0
055,Karam,Капуста,Cabbage,Карам,2017-M06,2017,1389.0
057,Bodring,Огурцы,Cucumbers,Бодринг,2017-M06,2017,739.0
058,Pomidor,Помидоры,Tomatoes,Помидор,2017-M06,2017,3573.0
059,Baqlajon,Баклажаны,Eggplant,Бақлажон,2017-M06,2017,3723.0
0060,Bulg'or qalampiri,Перец болгарский,Bell pepper,Булғор қалампири,2017-M06,2017,5563.0
061,Qovoq,Тыква,Pumpkin,Қовоқ,2017-M06,2017,0.0
063,Sabzi,Морковь,Carrot,Сабзи,2017-M06,2017,2073.0
065,Sarimsoq,Чеснок,Garlic,Саримсоқ,2017-M06,2017,5510.0
066,Piyoz,Лук репчатый,Onion,Пиёз,2017-M06,2017,2255.0
069,Kartoshka,Картофель,Potatoes,Картошка,2017-M06,2017,3442.0
0070,Loviya,Фасоль,Beans,Ловия,2017-M06,2017,0.0
071,No'xot,Горох,Peas,Нўхот,2017-M06,2017,0.0
0072,Mosh,Маш,Mash,Мош,2017-M06,2017,0.0
073,Shakar,Сахар песок,Sugar,Шакар,2017-M06,2017,0.0
002,Kruppa yormasi,Крупа манная,Semolina,Круппа ёрмаси,2017-M06,2017,1500.0
001,Guruch,Рис,Rice,Гуруч,2017-M07,2017,3619.0
003,Arpa,Ячмень,Barley,Арпа,2017-M07,2017,1833.0
0004,Bug'doy,Пшеница,Wheat,Буғдой,2017-M07,2017,1698.0
005,Jo'hori,Кукуруза,Corn,Жўҳори,2017-M07,2017,2392.0
006,Kepak,Отруби,Bran,Кепак,2017-M07,2017,1152.0
0008,Shrot,Шрот,Schroth,Шрот,2017-M07,2017,0.0
009,Shulxa,Шелуха,Husk,Шулха,2017-M07,2017,0.0
010,Kombikorm,Комбикорм,Compound feed,Комбикорм,2017-M07,2017,1226.0
011,Oliy navli bug'doy uni,Мука пшеничная высшего сорта,High-grade wheat flour,Олий навли буғдой уни,2017-M07,2017,2535.0
0012,1-navli bug'doy uni,Мука пшеничная первого сорта,First grade wheat flour,1-навли буғдой уни,2017-M07,2017,0.0
013,1-nav bug'doy unidan non,Хлеб пшеничный из муки 1-го сорта,Wheat bread from 1st grade flour,1-нав буғдой унидан нон,2017-M07,2017,0.0
017,Mol go'shti,Говядина,Beef,Мол гўшти,2017-M07,2017,29474.0
0020,Qo'y go'shti,Баранина,Mutton,Қўй гўшти,2017-M07,2017,31833.0
022,Tovuq go'shti,Мясо птицы,Poultry,Товуқ гўшти,2017-M07,2017,0.0
026,Turli baliqlar,Рыба всякая,Fish of all kinds,Турли балиқлар,2017-M07,2017,0.0
027,Yangi sog'ilgan sut (1 litr),Молоко свежее (1 литр),Fresh milk (1 liter),Янги соғилган сут (1 литр),2017-M07,2017,2392.0
034,Tuxum (10 dona),Яйца (10 штук),Eggs (10 pieces ),Тухум (10 дона),2017-M07,2017,4877.0
035,Paxta yog'i (1 litr),Масло хлопковое (1 литр),Cottonseed oil (1 liter),Пахта ёғи (1 литр),2017-M07,2017,0.0
0036,Kungaboqar yog'i (1 litr),Масло подсолнечное (1 литр),Sunflower oil (1 liter),Кунгабоқар ёғи (1 литр),2017-M07,2017,0.0
037,Sariyog',Масло сливочное,Butter,Сариёғ,2017-M07,2017,21906.0
039,Limon,Лимоны,Lemons,Лимон,2017-M07,2017,14933.0
0040,Olma,Яблоки,Apples,Олма,2017-M07,2017,3838.0
041,Nok,Груши,Pears,Нок,2017-M07,2017,5668.0
049,Uzum,Виноград,Grape,Узум,2017-M07,2017,4295.0
0050,Tarvuz,Арбуз,Watermelon,Тарвуз,2017-M07,2017,690.0
0051,Qovun,Дыня,Melon,Қовун,2017-M07,2017,1942.0
053,Mayiz,Кишмиш,Kishmish,Майиз,2017-M07,2017,14896.0
055,Karam,Капуста,Cabbage,Карам,2017-M07,2017,1606.0
057,Bodring,Огурцы,Cucumbers,Бодринг,2017-M07,2017,1465.0
058,Pomidor,Помидоры,Tomatoes,Помидор,2017-M07,2017,1453.0
059,Baqlajon,Баклажаны,Eggplant,Бақлажон,2017-M07,2017,1217.0
0060,Bulg'or qalampiri,Перец болгарский,Bell pepper,Булғор қалампири,2017-M07,2017,2515.0
061,Qovoq,Тыква,Pumpkin,Қовоқ,2017-M07,2017,2379.0
063,Sabzi,Морковь,Carrot,Сабзи,2017-M07,2017,2032.0
065,Sarimsoq,Чеснок,Garlic,Саримсоқ,2017-M07,2017,5463.0
066,Piyoz,Лук репчатый,Onion,Пиёз,2017-M07,2017,2970.0
069,Kartoshka,Картофель,Potatoes,Картошка,2017-M07,2017,3054.0
0070,Loviya,Фасоль,Beans,Ловия,2017-M07,2017,0.0
071,No'xot,Горох,Peas,Нўхот,2017-M07,2017,0.0
0072,Mosh,Маш,Mash,Мош,2017-M07,2017,0.0
073,Shakar,Сахар песок,Sugar,Шакар,2017-M07,2017,0.0
002,Kruppa yormasi,Крупа манная,Semolina,Круппа ёрмаси,2017-M07,2017,1833.0
001,Guruch,Рис,Rice,Гуруч,2017-M08,2017,3711.0
003,Arpa,Ячмень,Barley,Арпа,2017-M08,2017,2100.0
0004,Bug'doy,Пшеница,Wheat,Буғдой,2017-M08,2017,1232.0
005,Jo'hori,Кукуруза,Corn,Жўҳори,2017-M08,2017,2423.0
006,Kepak,Отруби,Bran,Кепак,2017-M08,2017,1031.0
0008,Shrot,Шрот,Schroth,Шрот,2017-M08,2017,0.0
009,Shulxa,Шелуха,Husk,Шулха,2017-M08,2017,0.0
010,Kombikorm,Комбикорм,Compound feed,Комбикорм,2017-M08,2017,1108.0
011,Oliy navli bug'doy uni,Мука пшеничная высшего сорта,High-grade wheat flour,Олий навли буғдой уни,2017-M08,2017,2560.0
0012,1-navli bug'doy uni,Мука пшеничная первого сорта,First grade wheat flour,1-навли буғдой уни,2017-M08,2017,0.0
013,1-nav bug'doy unidan non,Хлеб пшеничный из муки 1-го сорта,Wheat bread from 1st grade flour,1-нав буғдой унидан нон,2017-M08,2017,0.0
017,Mol go'shti,Говядина,Beef,Мол гўшти,2017-M08,2017,29042.0
0020,Qo'y go'shti,Баранина,Mutton,Қўй гўшти,2017-M08,2017,32771.0
022,Tovuq go'shti,Мясо птицы,Poultry,Товуқ гўшти,2017-M08,2017,0.0
026,Turli baliqlar,Рыба всякая,Fish of all kinds,Турли балиқлар,2017-M08,2017,10000.0
027,Yangi sog'ilgan sut (1 litr),Молоко свежее (1 литр),Fresh milk (1 liter),Янги соғилган сут (1 литр),2017-M08,2017,2431.0
034,Tuxum (10 dona),Яйца (10 штук),Eggs (10 pieces ),Тухум (10 дона),2017-M08,2017,4813.0
035,Paxta yog'i (1 litr),Масло хлопковое (1 литр),Cottonseed oil (1 liter),Пахта ёғи (1 литр),2017-M08,2017,0.0
0036,Kungaboqar yog'i (1 litr),Масло подсолнечное (1 литр),Sunflower oil (1 liter),Кунгабоқар ёғи (1 литр),2017-M08,2017,0.0
037,Sariyog',Масло сливочное,Butter,Сариёғ,2017-M08,2017,23406.0
039,Limon,Лимоны,Lemons,Лимон,2017-M08,2017,19188.0
0040,Olma,Яблоки,Apples,Олма,2017-M08,2017,3847.0
041,Nok,Груши,Pears,Нок,2017-M08,2017,5885.0
049,Uzum,Виноград,Grape,Узум,2017-M08,2017,3718.0
0050,Tarvuz,Арбуз,Watermelon,Тарвуз,2017-M08,2017,835.0
0051,Qovun,Дыня,Melon,Қовун,2017-M08,2017,1306.0
053,Mayiz,Кишмиш,Kishmish,Майиз,2017-M08,2017,15800.0
055,Karam,Капуста,Cabbage,Карам,2017-M08,2017,1956.0
057,Bodring,Огурцы,Cucumbers,Бодринг,2017-M08,2017,2658.0
058,Pomidor,Помидоры,Tomatoes,Помидор,2017-M08,2017,1595.0
059,Baqlajon,Баклажаны,Eggplant,Бақлажон,2017-M08,2017,1173.0
0060,Bulg'or qalampiri,Перец болгарский,Bell pepper,Булғор қалампири,2017-M08,2017,1926.0
061,Qovoq,Тыква,Pumpkin,Қовоқ,2017-M08,2017,1598.0
063,Sabzi,Морковь,Carrot,Сабзи,2017-M08,2017,1774.0
065,Sarimsoq,Чеснок,Garlic,Саримсоқ,2017-M08,2017,5969.0
066,Piyoz,Лук репчатый,Onion,Пиёз,2017-M08,2017,2762.0
069,Kartoshka,Картофель,Potatoes,Картошка,2017-M08,2017,3323.0
0070,Loviya,Фасоль,Beans,Ловия,2017-M08,2017,0.0
071,No'xot,Горох,Peas,Нўхот,2017-M08,2017,0.0
0072,Mosh,Маш,Mash,Мош,2017-M08,2017,0.0
073,Shakar,Сахар песок,Sugar,Шакар,2017-M08,2017,0.0
002,Kruppa yormasi,Крупа манная,Semolina,Круппа ёрмаси,2017-M08,2017,2100.0
001,Guruch,Рис,Rice,Гуруч,2017-M09,2017,3724.0
003,Arpa,Ячмень,Barley,Арпа,2017-M09,2017,1683.0
0004,Bug'doy,Пшеница,Wheat,Буғдой,2017-M09,2017,1308.0
005,Jo'hori,Кукуруза,Corn,Жўҳори,2017-M09,2017,2427.0
006,Kepak,Отруби,Bran,Кепак,2017-M09,2017,1029.0
0008,Shrot,Шрот,Schroth,Шрот,2017-M09,2017,0.0
009,Shulxa,Шелуха,Husk,Шулха,2017-M09,2017,0.0
010,Kombikorm,Комбикорм,Compound feed,Комбикорм,2017-M09,2017,1247.0
011,Oliy navli bug'doy uni,Мука пшеничная высшего сорта,High-grade wheat flour,Олий навли буғдой уни,2017-M09,2017,2562.0
0012,1-navli bug'doy uni,Мука пшеничная первого сорта,First grade wheat flour,1-навли буғдой уни,2017-M09,2017,0.0
013,1-nav bug'doy unidan non,Хлеб пшеничный из муки 1-го сорта,Wheat bread from 1st grade flour,1-нав буғдой унидан нон,2017-M09,2017,0.0
017,Mol go'shti,Говядина,Beef,Мол гўшти,2017-M09,2017,29146.0
0020,Qo'y go'shti,Баранина,Mutton,Қўй гўшти,2017-M09,2017,32979.0
022,Tovuq go'shti,Мясо птицы,Poultry,Товуқ гўшти,2017-M09,2017,0.0
026,Turli baliqlar,Рыба всякая,Fish of all kinds,Турли балиқлар,2017-M09,2017,10307.0
027,Yangi sog'ilgan sut (1 litr),Молоко свежее (1 литр),Fresh milk (1 liter),Янги соғилган сут (1 литр),2017-M09,2017,2431.0
034,Tuxum (10 dona),Яйца (10 штук),Eggs (10 pieces ),Тухум (10 дона),2017-M09,2017,5015.0
035,Paxta yog'i (1 litr),Масло хлопковое (1 литр),Cottonseed oil (1 liter),Пахта ёғи (1 литр),2017-M09,2017,0.0
0036,Kungaboqar yog'i (1 litr),Масло подсолнечное (1 литр),Sunflower oil (1 liter),Кунгабоқар ёғи (1 литр),2017-M09,2017,0.0
037,Sariyog',Масло сливочное,Butter,Сариёғ,2017-M09,2017,23313.0
039,Limon,Лимоны,Lemons,Лимон,2017-M09,2017,18552.0
0040,Olma,Яблоки,Apples,Олма,2017-M09,2017,3657.0
041,Nok,Груши,Pears,Нок,2017-M09,2017,5519.0
049,Uzum,Виноград,Grape,Узум,2017-M09,2017,3619.0
0050,Tarvuz,Арбуз,Watermelon,Тарвуз,2017-M09,2017,682.0
0051,Qovun,Дыня,Melon,Қовун,2017-M09,2017,998.0
053,Mayiz,Кишмиш,Kishmish,Майиз,2017-M09,2017,15522.0
055,Karam,Капуста,Cabbage,Карам,2017-M09,2017,1255.0
057,Bodring,Огурцы,Cucumbers,Бодринг,2017-M09,2017,1889.0
058,Pomidor,Помидоры,Tomatoes,Помидор,2017-M09,2017,1338.0
059,Baqlajon,Баклажаны,Eggplant,Бақлажон,2017-M09,2017,1074.0
0060,Bulg'or qalampiri,Перец болгарский,Bell pepper,Булғор қалампири,2017-M09,2017,1709.0
061,Qovoq,Тыква,Pumpkin,Қовоқ,2017-M09,2017,1103.0
063,Sabzi,Морковь,Carrot,Сабзи,2017-M09,2017,1549.0
065,Sarimsoq,Чеснок,Garlic,Саримсоқ,2017-M09,2017,6108.0
066,Piyoz,Лук репчатый,Onion,Пиёз,2017-M09,2017,1941.0
069,Kartoshka,Картофель,Potatoes,Картошка,2017-M09,2017,3351.0
0070,Loviya,Фасоль,Beans,Ловия,2017-M09,2017,0.0
071,No'xot,Горох,Peas,Нўхот,2017-M09,2017,0.0
0072,Mosh,Маш,Mash,Мош,2017-M09,2017,0.0
073,Shakar,Сахар песок,Sugar,Шакар,2017-M09,2017,0.0
002,Kruppa yormasi,Крупа манная,Semolina,Круппа ёрмаси,2017-M09,2017,1683.0
001,Guruch,Рис,Rice,Гуруч,2017-M10,2017,3716.0
003,Arpa,Ячмень,Barley,Арпа,2017-M10,2017,1492.0
0004,Bug'doy,Пшеница,Wheat,Буғдой,2017-M10,2017,1475.0
005,Jo'hori,Кукуруза,Corn,Жўҳори,2017-M10,2017,1967.0
006,Kepak,Отруби,Bran,Кепак,2017-M10,2017,1021.0
0008,Shrot,Шрот,Schroth,Шрот,2017-M10,2017,0.0
009,Shulxa,Шелуха,Husk,Шулха,2017-M10,2017,0.0
010,Kombikorm,Комбикорм,Compound feed,Комбикорм,2017-M10,2017,1475.0
011,Oliy navli bug'doy uni,Мука пшеничная высшего сорта,High-grade wheat flour,Олий навли буғдой уни,2017-M10,2017,2592.0
0012,1-navli bug'doy uni,Мука пшеничная первого сорта,First grade wheat flour,1-навли буғдой уни,2017-M10,2017,0.0
013,1-nav bug'doy unidan non,Хлеб пшеничный из муки 1-го сорта,Wheat bread from 1st grade flour,1-нав буғдой унидан нон,2017-M10,2017,0.0
017,Mol go'shti,Говядина,Beef,Мол гўшти,2017-M10,2017,29188.0
0020,Qo'y go'shti,Баранина,Mutton,Қўй гўшти,2017-M10,2017,33104.0
022,Tovuq go'shti,Мясо птицы,Poultry,Товуқ гўшти,2017-M10,2017,0.0
026,Turli baliqlar,Рыба всякая,Fish of all kinds,Турли балиқлар,2017-M10,2017,10215.0
027,Yangi sog'ilgan sut (1 litr),Молоко свежее (1 литр),Fresh milk (1 liter),Янги соғилган сут (1 литр),2017-M10,2017,2525.0
034,Tuxum (10 dona),Яйца (10 штук),Eggs (10 pieces ),Тухум (10 дона),2017-M10,2017,5056.0
035,Paxta yog'i (1 litr),Масло хлопковое (1 литр),Cottonseed oil (1 liter),Пахта ёғи (1 литр),2017-M10,2017,0.0
0036,Kungaboqar yog'i (1 litr),Масло подсолнечное (1 литр),Sunflower oil (1 liter),Кунгабоқар ёғи (1 литр),2017-M10,2017,0.0
037,Sariyog',Масло сливочное,Butter,Сариёғ,2017-M10,2017,24563.0
039,Limon,Лимоны,Lemons,Лимон,2017-M10,2017,14042.0
0040,Olma,Яблоки,Apples,Олма,2017-M10,2017,3638.0
041,Nok,Груши,Pears,Нок,2017-M10,2017,5494.0
049,Uzum,Виноград,Grape,Узум,2017-M10,2017,3604.0
0050,Tarvuz,Арбуз,Watermelon,Тарвуз,2017-M10,2017,546.0
0051,Qovun,Дыня,Melon,Қовун,2017-M10,2017,1076.0
053,Mayiz,Кишмиш,Kishmish,Майиз,2017-M10,2017,15813.0
055,Karam,Капуста,Cabbage,Карам,2017-M10,2017,991.0
057,Bodring,Огурцы,Cucumbers,Бодринг,2017-M10,2017,2191.0
058,Pomidor,Помидоры,Tomatoes,Помидор,2017-M10,2017,1384.0
059,Baqlajon,Баклажаны,Eggplant,Бақлажон,2017-M10,2017,1384.0
0060,Bulg'or qalampiri,Перец болгарский,Bell pepper,Булғор қалампири,2017-M10,2017,1779.0
061,Qovoq,Тыква,Pumpkin,Қовоқ,2017-M10,2017,809.0
063,Sabzi,Морковь,Carrot,Сабзи,2017-M10,2017,1501.0
065,Sarimsoq,Чеснок,Garlic,Саримсоқ,2017-M10,2017,5458.0
066,Piyoz,Лук репчатый,Onion,Пиёз,2017-M10,2017,1699.0
069,Kartoshka,Картофель,Potatoes,Картошка,2017-M10,2017,3280.0
0070,Loviya,Фасоль,Beans,Ловия,2017-M10,2017,0.0
071,No'xot,Горох,Peas,Нўхот,2017-M10,2017,0.0
0072,Mosh,Маш,Mash,Мош,2017-M10,2017,0.0
073,Shakar,Сахар песок,Sugar,Шакар,2017-M10,2017,0.0
002,Kruppa yormasi,Крупа манная,Semolina,Круппа ёрмаси,2017-M10,2017,1492.0
001,Guruch,Рис,Rice,Гуруч,2017-M11,2017,3778.0
003,Arpa,Ячмень,Barley,Арпа,2017-M11,2017,1500.0
0004,Bug'doy,Пшеница,Wheat,Буғдой,2017-M11,2017,1515.0
005,Jo'hori,Кукуруза,Corn,Жўҳори,2017-M11,2017,1954.0
006,Kepak,Отруби,Bran,Кепак,2017-M11,2017,1000.0
0008,Shrot,Шрот,Schroth,Шрот,2017-M11,2017,0.0
009,Shulxa,Шелуха,Husk,Шулха,2017-M11,2017,0.0
010,Kombikorm,Комбикорм,Compound feed,Комбикорм,2017-M11,2017,1327.0
011,Oliy navli bug'doy uni,Мука пшеничная высшего сорта,High-grade wheat flour,Олий навли буғдой уни,2017-M11,2017,2663.0
0012,1-navli bug'doy uni,Мука пшеничная первого сорта,First grade wheat flour,1-навли буғдой уни,2017-M11,2017,0.0
013,1-nav bug'doy unidan non,Хлеб пшеничный из муки 1-го сорта,Wheat bread from 1st grade flour,1-нав буғдой унидан нон,2017-M11,2017,0.0
017,Mol go'shti,Говядина,Beef,Мол гўшти,2017-M11,2017,29313.0
0020,Qo'y go'shti,Баранина,Mutton,Қўй гўшти,2017-M11,2017,34417.0
022,Tovuq go'shti,Мясо птицы,Poultry,Товуқ гўшти,2017-M11,2017,0.0
026,Turli baliqlar,Рыба всякая,Fish of all kinds,Турли балиқлар,2017-M11,2017,10000.0
027,Yangi sog'ilgan sut (1 litr),Молоко свежее (1 литр),Fresh milk (1 liter),Янги соғилган сут (1 литр),2017-M11,2017,2825.0
034,Tuxum (10 dona),Яйца (10 штук),Eggs (10 pieces ),Тухум (10 дона),2017-M11,2017,5506.0
035,Paxta yog'i (1 litr),Масло хлопковое (1 литр),Cottonseed oil (1 liter),Пахта ёғи (1 литр),2017-M11,2017,0.0
0036,Kungaboqar yog'i (1 litr),Масло подсолнечное (1 литр),Sunflower oil (1 liter),Кунгабоқар ёғи (1 литр),2017-M11,2017,0.0
037,Sariyog',Масло сливочное,Butter,Сариёғ,2017-M11,2017,25313.0
039,Limon,Лимоны,Lemons,Лимон,2017-M11,2017,10542.0
0040,Olma,Яблоки,Apples,Олма,2017-M11,2017,4679.0
041,Nok,Груши,Pears,Нок,2017-M11,2017,6108.0
049,Uzum,Виноград,Grape,Узум,2017-M11,2017,5015.0
0050,Tarvuz,Арбуз,Watermelon,Тарвуз,2017-M11,2017,548.0
0051,Qovun,Дыня,Melon,Қовун,2017-M11,2017,1227.0
053,Mayiz,Кишмиш,Kishmish,Майиз,2017-M11,2017,16083.0
055,Karam,Капуста,Cabbage,Карам,2017-M11,2017,665.0
057,Bodring,Огурцы,Cucumbers,Бодринг,2017-M11,2017,4282.0
058,Pomidor,Помидоры,Tomatoes,Помидор,2017-M11,2017,2660.0
059,Baqlajon,Баклажаны,Eggplant,Бақлажон,2017-M11,2017,1744.0
0060,Bulg'or qalampiri,Перец болгарский,Bell pepper,Булғор қалампири,2017-M11,2017,2098.0
061,Qovoq,Тыква,Pumpkin,Қовоқ,2017-M11,2017,594.0
063,Sabzi,Морковь,Carrot,Сабзи,2017-M11,2017,999.0
065,Sarimsoq,Чеснок,Garlic,Саримсоқ,2017-M11,2017,4656.0
066,Piyoz,Лук репчатый,Onion,Пиёз,2017-M11,2017,1369.0
069,Kartoshka,Картофель,Potatoes,Картошка,2017-M11,2017,3467.0
0070,Loviya,Фасоль,Beans,Ловия,2017-M11,2017,0.0
071,No'xot,Горох,Peas,Нўхот,2017-M11,2017,0.0
0072,Mosh,Маш,Mash,Мош,2017-M11,2017,0.0
073,Shakar,Сахар песок,Sugar,Шакар,2017-M11,2017,0.0
002,Kruppa yormasi,Крупа манная,Semolina,Круппа ёрмаси,2017-M11,2017,1500.0
001,Guruch,Рис,Rice,Гуруч,2017-M12,2017,4723.0
003,Arpa,Ячмень,Barley,Арпа,2017-M12,2017,1543.0
0004,Bug'doy,Пшеница,Wheat,Буғдой,2017-M12,2017,1513.0
005,Jo'hori,Кукуруза,Corn,Жўҳори,2017-M12,2017,2183.0
006,Kepak,Отруби,Bran,Кепак,2017-M12,2017,1052.0
0008,Shrot,Шрот,Schroth,Шрот,2017-M12,2017,0.0
009,Shulxa,Шелуха,Husk,Шулха,2017-M12,2017,0.0
010,Kombikorm,Комбикорм,Compound feed,Комбикорм,2017-M12,2017,1358.0
011,Oliy navli bug'doy uni,Мука пшеничная высшего сорта,High-grade wheat flour,Олий навли буғдой уни,2017-M12,2017,2744.0
0012,1-navli bug'doy uni,Мука пшеничная первого сорта,First grade wheat flour,1-навли буғдой уни,2017-M12,2017,0.0
013,1-nav bug'doy unidan non,Хлеб пшеничный из муки 1-го сорта,Wheat bread from 1st grade flour,1-нав буғдой унидан нон,2017-M12,2017,0.0
017,Mol go'shti,Говядина,Beef,Мол гўшти,2017-M12,2017,30302.0
0020,Qo'y go'shti,Баранина,Mutton,Қўй гўшти,2017-M12,2017,35240.0
022,Tovuq go'shti,Мясо птицы,Poultry,Товуқ гўшти,2017-M12,2017,0.0
026,Turli baliqlar,Рыба всякая,Fish of all kinds,Турли балиқлар,2017-M12,2017,10311.0
027,Yangi sog'ilgan sut (1 litr),Молоко свежее (1 литр),Fresh milk (1 liter),Янги соғилган сут (1 литр),2017-M12,2017,2829.0
034,Tuxum (10 dona),Яйца (10 штук),Eggs (10 pieces ),Тухум (10 дона),2017-M12,2017,5860.0
035,Paxta yog'i (1 litr),Масло хлопковое (1 литр),Cottonseed oil (1 liter),Пахта ёғи (1 литр),2017-M12,2017,0.0
0036,Kungaboqar yog'i (1 litr),Масло подсолнечное (1 литр),Sunflower oil (1 liter),Кунгабоқар ёғи (1 литр),2017-M12,2017,0.0
037,Sariyog',Масло сливочное,Butter,Сариёғ,2017-M12,2017,26167.0
039,Limon,Лимоны,Lemons,Лимон,2017-M12,2017,11146.0
0040,Olma,Яблоки,Apples,Олма,2017-M12,2017,6250.0
041,Nok,Груши,Pears,Нок,2017-M12,2017,8833.0
049,Uzum,Виноград,Grape,Узум,2017-M12,2017,8896.0
0050,Tarvuz,Арбуз,Watermelon,Тарвуз,2017-M12,2017,1268.0
0051,Qovun,Дыня,Melon,Қовун,2017-M12,2017,2277.0
053,Mayiz,Кишмиш,Kishmish,Майиз,2017-M12,2017,17740.0
055,Karam,Капуста,Cabbage,Карам,2017-M12,2017,685.0
057,Bodring,Огурцы,Cucumbers,Бодринг,2017-M12,2017,10375.0
058,Pomidor,Помидоры,Tomatoes,Помидор,2017-M12,2017,5786.0
059,Baqlajon,Баклажаны,Eggplant,Бақлажон,2017-M12,2017,2456.0
0060,Bulg'or qalampiri,Перец болгарский,Bell pepper,Булғор қалампири,2017-M12,2017,2596.0
061,Qovoq,Тыква,Pumpkin,Қовоқ,2017-M12,2017,704.0
063,Sabzi,Морковь,Carrot,Сабзи,2017-M12,2017,804.0
065,Sarimsoq,Чеснок,Garlic,Саримсоқ,2017-M12,2017,5588.0
066,Piyoz,Лук репчатый,Onion,Пиёз,2017-M12,2017,1884.0
069,Kartoshka,Картофель,Potatoes,Картошка,2017-M12,2017,3766.0
0070,Loviya,Фасоль,Beans,Ловия,2017-M12,2017,0.0
071,No'xot,Горох,Peas,Нўхот,2017-M12,2017,0.0
0072,Mosh,Маш,Mash,Мош,2017-M12,2017,0.0
073,Shakar,Сахар песок,Sugar,Шакар,2017-M12,2017,0.0
002,Kruppa yormasi,Крупа манная,Semolina,Круппа ёрмаси,2017-M12,2017,1543.0
001,Guruch,Рис,Rice,Гуруч,2018-M01,2018,5222.0
003,Arpa,Ячмень,Barley,Арпа,2018-M01,2018,1616.0
0004,Bug'doy,Пшеница,Wheat,Буғдой,2018-M01,2018,1903.0
005,Jo'hori,Кукуруза,Corn,Жўҳори,2018-M01,2018,2256.0
006,Kepak,Отруби,Bran,Кепак,2018-M01,2018,1237.0
0008,Shrot,Шрот,Schroth,Шрот,2018-M01,2018,0.0
009,Shulxa,Шелуха,Husk,Шулха,2018-M01,2018,0.0
010,Kombikorm,Комбикорм,Compound feed,Комбикорм,2018-M01,2018,1496.0
011,Oliy navli bug'doy uni,Мука пшеничная высшего сорта,High-grade wheat flour,Олий навли буғдой уни,2018-M01,2018,2852.0
0012,1-navli bug'doy uni,Мука пшеничная первого сорта,First grade wheat flour,1-навли буғдой уни,2018-M01,2018,0.0
013,1-nav bug'doy unidan non,Хлеб пшеничный из муки 1-го сорта,Wheat bread from 1st grade flour,1-нав буғдой унидан нон,2018-M01,2018,0.0
017,Mol go'shti,Говядина,Beef,Мол гўшти,2018-M01,2018,32447.0
0020,Qo'y go'shti,Баранина,Mutton,Қўй гўшти,2018-M01,2018,35593.0
022,Tovuq go'shti,Мясо птицы,Poultry,Товуқ гўшти,2018-M01,2018,0.0
026,Turli baliqlar,Рыба всякая,Fish of all kinds,Турли балиқлар,2018-M01,2018,10721.0
027,Yangi sog'ilgan sut (1 litr),Молоко свежее (1 литр),Fresh milk (1 liter),Янги соғилган сут (1 литр),2018-M01,2018,2990.0
034,Tuxum (10 dona),Яйца (10 штук),Eggs (10 pieces ),Тухум (10 дона),2018-M01,2018,6472.0
035,Paxta yog'i (1 litr),Масло хлопковое (1 литр),Cottonseed oil (1 liter),Пахта ёғи (1 литр),2018-M01,2018,0.0
0036,Kungaboqar yog'i (1 litr),Масло подсолнечное (1 литр),Sunflower oil (1 liter),Кунгабоқар ёғи (1 литр),2018-M01,2018,0.0
037,Sariyog',Масло сливочное,Butter,Сариёғ,2018-M01,2018,26922.0
039,Limon,Лимоны,Lemons,Лимон,2018-M01,2018,11122.0
0040,Olma,Яблоки,Apples,Олма,2018-M01,2018,6852.0
041,Nok,Груши,Pears,Нок,2018-M01,2018,9036.0
049,Uzum,Виноград,Grape,Узум,2018-M01,2018,12452.0
0050,Tarvuz,Арбуз,Watermelon,Тарвуз,2018-M01,2018,1769.0
0051,Qovun,Дыня,Melon,Қовун,2018-M01,2018,2713.0
053,Mayiz,Кишмиш,Kishmish,Майиз,2018-M01,2018,17816.0
055,Karam,Капуста,Cabbage,Карам,2018-M01,2018,564.0
057,Bodring,Огурцы,Cucumbers,Бодринг,2018-M01,2018,12553.0
058,Pomidor,Помидоры,Tomatoes,Помидор,2018-M01,2018,8056.0
059,Baqlajon,Баклажаны,Eggplant,Бақлажон,2018-M01,2018,0.0
0060,Bulg'or qalampiri,Перец болгарский,Bell pepper,Булғор қалампири,2018-M01,2018,3703.0
061,Qovoq,Тыква,Pumpkin,Қовоқ,2018-M01,2018,1238.0
063,Sabzi,Морковь,Carrot,Сабзи,2018-M01,2018,710.0
065,Sarimsoq,Чеснок,Garlic,Саримсоқ,2018-M01,2018,5438.0
066,Piyoz,Лук репчатый,Onion,Пиёз,2018-M01,2018,1833.0
069,Kartoshka,Картофель,Potatoes,Картошка,2018-M01,2018,3440.0
0070,Loviya,Фасоль,Beans,Ловия,2018-M01,2018,0.0
071,No'xot,Горох,Peas,Нўхот,2018-M01,2018,0.0
0072,Mosh,Маш,Mash,Мош,2018-M01,2018,0.0
073,Shakar,Сахар песок,Sugar,Шакар,2018-M01,2018,0.0
002,Kruppa yormasi,Крупа манная,Semolina,Круппа ёрмаси,2018-M01,2018,1616.0
001,Guruch,Рис,Rice,Гуруч,2018-M02,2018,5758.0
003,Arpa,Ячмень,Barley,Арпа,2018-M02,2018,1582.0
0004,Bug'doy,Пшеница,Wheat,Буғдой,2018-M02,2018,2249.0
005,Jo'hori,Кукуруза,Corn,Жўҳори,2018-M02,2018,2236.0
006,Kepak,Отруби,Bran,Кепак,2018-M02,2018,1346.0
0008,Shrot,Шрот,Schroth,Шрот,2018-M02,2018,0.0
009,Shulxa,Шелуха,Husk,Шулха,2018-M02,2018,0.0
010,Kombikorm,Комбикорм,Compound feed,Комбикорм,2018-M02,2018,1499.0
011,Oliy navli bug'doy uni,Мука пшеничная высшего сорта,High-grade wheat flour,Олий навли буғдой уни,2018-M02,2018,2889.0
0012,1-navli bug'doy uni,Мука пшеничная первого сорта,First grade wheat flour,1-навли буғдой уни,2018-M02,2018,0.0
013,1-nav bug'doy unidan non,Хлеб пшеничный из муки 1-го сорта,Wheat bread from 1st grade flour,1-нав буғдой унидан нон,2018-M02,2018,0.0
017,Mol go'shti,Говядина,Beef,Мол гўшти,2018-M02,2018,32753.0
0020,Qo'y go'shti,Баранина,Mutton,Қўй гўшти,2018-M02,2018,36253.0
022,Tovuq go'shti,Мясо птицы,Poultry,Товуқ гўшти,2018-M02,2018,0.0
026,Turli baliqlar,Рыба всякая,Fish of all kinds,Турли балиқлар,2018-M02,2018,12186.0
027,Yangi sog'ilgan sut (1 litr),Молоко свежее (1 литр),Fresh milk (1 liter),Янги соғилган сут (1 литр),2018-M02,2018,2984.0
034,Tuxum (10 dona),Яйца (10 штук),Eggs (10 pieces ),Тухум (10 дона),2018-M02,2018,5648.0
035,Paxta yog'i (1 litr),Масло хлопковое (1 литр),Cottonseed oil (1 liter),Пахта ёғи (1 литр),2018-M02,2018,0.0
0036,Kungaboqar yog'i (1 litr),Масло подсолнечное (1 литр),Sunflower oil (1 liter),Кунгабоқар ёғи (1 литр),2018-M02,2018,0.0
037,Sariyog',Масло сливочное,Butter,Сариёғ,2018-M02,2018,27445.0
039,Limon,Лимоны,Lemons,Лимон,2018-M02,2018,12642.0
0040,Olma,Яблоки,Apples,Олма,2018-M02,2018,7589.0
041,Nok,Груши,Pears,Нок,2018-M02,2018,9851.0
049,Uzum,Виноград,Grape,Узум,2018-M02,2018,13586.0
0050,Tarvuz,Арбуз,Watermelon,Тарвуз,2018-M02,2018,0.0
0051,Qovun,Дыня,Melon,Қовун,2018-M02,2018,3374.0
053,Mayiz,Кишмиш,Kishmish,Майиз,2018-M02,2018,19153.0
055,Karam,Капуста,Cabbage,Карам,2018-M02,2018,549.0
057,Bodring,Огурцы,Cucumbers,Бодринг,2018-M02,2018,15146.0
058,Pomidor,Помидоры,Tomatoes,Помидор,2018-M02,2018,10812.0
059,Baqlajon,Баклажаны,Eggplant,Бақлажон,2018-M02,2018,0.0
0060,Bulg'or qalampiri,Перец болгарский,Bell pepper,Булғор қалампири,2018-M02,2018,4187.0
061,Qovoq,Тыква,Pumpkin,Қовоқ,2018-M02,2018,1499.0
063,Sabzi,Морковь,Carrot,Сабзи,2018-M02,2018,989.0
065,Sarimsoq,Чеснок,Garlic,Саримсоқ,2018-M02,2018,5154.0
066,Piyoz,Лук репчатый,Onion,Пиёз,2018-M02,2018,1936.0
069,Kartoshka,Картофель,Potatoes,Картошка,2018-M02,2018,3582.0
0070,Loviya,Фасоль,Beans,Ловия,2018-M02,2018,0.0
071,No'xot,Горох,Peas,Нўхот,2018-M02,2018,0.0
0072,Mosh,Маш,Mash,Мош,2018-M02,2018,0.0
073,Shakar,Сахар песок,Sugar,Шакар,2018-M02,2018,0.0
002,Kruppa yormasi,Крупа манная,Semolina,Круппа ёрмаси,2018-M02,2018,1582.0
001,Guruch,Рис,Rice,Гуруч,2018-M03,2018,5934.0
003,Arpa,Ячмень,Barley,Арпа,2018-M03,2018,2019.0
0004,Bug'doy,Пшеница,Wheat,Буғдой,2018-M03,2018,2243.0
005,Jo'hori,Кукуруза,Corn,Жўҳори,2018-M03,2018,2197.0
006,Kepak,Отруби,Bran,Кепак,2018-M03,2018,1507.0
0008,Shrot,Шрот,Schroth,Шрот,2018-M03,2018,0.0
009,Shulxa,Шелуха,Husk,Шулха,2018-M03,2018,0.0
010,Kombikorm,Комбикорм,Compound feed,Комбикорм,2018-M03,2018,1542.0
011,Oliy navli bug'doy uni,Мука пшеничная высшего сорта,High-grade wheat flour,Олий навли буғдой уни,2018-M03,2018,2904.0
0012,1-navli bug'doy uni,Мука пшеничная первого сорта,First grade wheat flour,1-навли буғдой уни,2018-M03,2018,0.0
013,1-nav bug'doy unidan non,Хлеб пшеничный из муки 1-го сорта,Wheat bread from 1st grade flour,1-нав буғдой унидан нон,2018-M03,2018,0.0
017,Mol go'shti,Говядина,Beef,Мол гўшти,2018-M03,2018,33209.0
0020,Qo'y go'shti,Баранина,Mutton,Қўй гўшти,2018-M03,2018,36511.0
022,Tovuq go'shti,Мясо птицы,Poultry,Товуқ гўшти,2018-M03,2018,0.0
026,Turli baliqlar,Рыба всякая,Fish of all kinds,Турли балиқлар,2018-M03,2018,12447.0
027,Yangi sog'ilgan sut (1 litr),Молоко свежее (1 литр),Fresh milk (1 liter),Янги соғилган сут (1 литр),2018-M03,2018,2984.0
034,Tuxum (10 dona),Яйца (10 штук),Eggs (10 pieces ),Тухум (10 дона),2018-M03,2018,5424.0
035,Paxta yog'i (1 litr),Масло хлопковое (1 литр),Cottonseed oil (1 liter),Пахта ёғи (1 литр),2018-M03,2018,0.0
0036,Kungaboqar yog'i (1 litr),Масло подсолнечное (1 литр),Sunflower oil (1 liter),Кунгабоқар ёғи (1 литр),2018-M03,2018,0.0
037,Sariyog',Масло сливочное,Butter,Сариёғ,2018-M03,2018,27712.0
039,Limon,Лимоны,Lemons,Лимон,2018-M03,2018,13351.0
0040,Olma,Яблоки,Apples,Олма,2018-M03,2018,7756.0
041,Nok,Груши,Pears,Нок,2018-M03,2018,10308.0
049,Uzum,Виноград,Grape,Узум,2018-M03,2018,14406.0
0050,Tarvuz,Арбуз,Watermelon,Тарвуз,2018-M03,2018,0.0
0051,Qovun,Дыня,Melon,Қовун,2018-M03,2018,0.0
053,Mayiz,Кишмиш,Kishmish,Майиз,2018-M03,2018,19509.0
055,Karam,Капуста,Cabbage,Карам,2018-M03,2018,623.0
057,Bodring,Огурцы,Cucumbers,Бодринг,2018-M03,2018,15429.0
058,Pomidor,Помидоры,Tomatoes,Помидор,2018-M03,2018,12239.0
059,Baqlajon,Баклажаны,Eggplant,Бақлажон,2018-M03,2018,0.0
0060,Bulg'or qalampiri,Перец болгарский,Bell pepper,Булғор қалампири,2018-M03,2018,0.0
061,Qovoq,Тыква,Pumpkin,Қовоқ,2018-M03,2018,1651.0
063,Sabzi,Морковь,Carrot,Сабзи,2018-M03,2018,1096.0
065,Sarimsoq,Чеснок,Garlic,Саримсоқ,2018-M03,2018,4936.0
066,Piyoz,Лук репчатый,Onion,Пиёз,2018-M03,2018,1061.0
069,Kartoshka,Картофель,Potatoes,Картошка,2018-M03,2018,3579.0
0070,Loviya,Фасоль,Beans,Ловия,2018-M03,2018,0.0
071,No'xot,Горох,Peas,Нўхот,2018-M03,2018,0.0
0072,Mosh,Маш,Mash,Мош,2018-M03,2018,0.0
073,Shakar,Сахар песок,Sugar,Шакар,2018-M03,2018,0.0
002,Kruppa yormasi,Крупа манная,Semolina,Круппа ёрмаси,2018-M03,2018,2019.0
001,Guruch,Рис,Rice,Гуруч,2018-M04,2018,5983.0
003,Arpa,Ячмень,Barley,Арпа,2018-M04,2018,1983.0
0004,Bug'doy,Пшеница,Wheat,Буғдой,2018-M04,2018,1925.0
005,Jo'hori,Кукуруза,Corn,Жўҳори,2018-M04,2018,2111.0
006,Kepak,Отруби,Bran,Кепак,2018-M04,2018,1497.0
0008,Shrot,Шрот,Schroth,Шрот,2018-M04,2018,0.0
009,Shulxa,Шелуха,Husk,Шулха,2018-M04,2018,0.0
010,Kombikorm,Комбикорм,Compound feed,Комбикорм,2018-M04,2018,1630.0
011,Oliy navli bug'doy uni,Мука пшеничная высшего сорта,High-grade wheat flour,Олий навли буғдой уни,2018-M04,2018,2904.0
0012,1-navli bug'doy uni,Мука пшеничная первого сорта,First grade wheat flour,1-навли буғдой уни,2018-M04,2018,0.0
013,1-nav bug'doy unidan non,Хлеб пшеничный из муки 1-го сорта,Wheat bread from 1st grade flour,1-нав буғдой унидан нон,2018-M04,2018,0.0
017,Mol go'shti,Говядина,Beef,Мол гўшти,2018-M04,2018,33388.0
0020,Qo'y go'shti,Баранина,Mutton,Қўй гўшти,2018-M04,2018,36584.0
022,Tovuq go'shti,Мясо птицы,Poultry,Товуқ гўшти,2018-M04,2018,0.0
026,Turli baliqlar,Рыба всякая,Fish of all kinds,Турли балиқлар,2018-M04,2018,12754.0
027,Yangi sog'ilgan sut (1 litr),Молоко свежее (1 литр),Fresh milk (1 liter),Янги соғилган сут (1 литр),2018-M04,2018,2984.0
034,Tuxum (10 dona),Яйца (10 штук),Eggs (10 pieces ),Тухум (10 дона),2018-M04,2018,5297.0
035,Paxta yog'i (1 litr),Масло хлопковое (1 литр),Cottonseed oil (1 liter),Пахта ёғи (1 литр),2018-M04,2018,0.0
0036,Kungaboqar yog'i (1 litr),Масло подсолнечное (1 литр),Sunflower oil (1 liter),Кунгабоқар ёғи (1 литр),2018-M04,2018,0.0
037,Sariyog',Масло сливочное,Butter,Сариёғ,2018-M04,2018,27803.0
039,Limon,Лимоны,Lemons,Лимон,2018-M04,2018,16813.0
0040,Olma,Яблоки,Apples,Олма,2018-M04,2018,8562.0
041,Nok,Груши,Pears,Нок,2018-M04,2018,11753.0
049,Uzum,Виноград,Grape,Узум,2018-M04,2018,16377.0
0050,Tarvuz,Арбуз,Watermelon,Тарвуз,2018-M04,2018,0.0
0051,Qovun,Дыня,Melon,Қовун,2018-M04,2018,0.0
053,Mayiz,Кишмиш,Kishmish,Майиз,2018-M04,2018,19688.0
055,Karam,Капуста,Cabbage,Карам,2018-M04,2018,2149.0
057,Bodring,Огурцы,Cucumbers,Бодринг,2018-M04,2018,9294.0
058,Pomidor,Помидоры,Tomatoes,Помидор,2018-M04,2018,14313.0
059,Baqlajon,Баклажаны,Eggplant,Бақлажон,2018-M04,2018,0.0
0060,Bulg'or qalampiri,Перец болгарский,Bell pepper,Булғор қалампири,2018-M04,2018,0.0
061,Qovoq,Тыква,Pumpkin,Қовоқ,2018-M04,2018,2023.0
063,Sabzi,Морковь,Carrot,Сабзи,2018-M04,2018,938.0
065,Sarimsoq,Чеснок,Garlic,Саримсоқ,2018-M04,2018,4605.0
066,Piyoz,Лук репчатый,Onion,Пиёз,2018-M04,2018,878.0
069,Kartoshka,Картофель,Potatoes,Картошка,2018-M04,2018,3551.0
0070,Loviya,Фасоль,Beans,Ловия,2018-M04,2018,0.0
071,No'xot,Горох,Peas,Нўхот,2018-M04,2018,0.0
0072,Mosh,Маш,Mash,Мош,2018-M04,2018,0.0
073,Shakar,Сахар песок,Sugar,Шакар,2018-M04,2018,0.0
002,Kruppa yormasi,Крупа манная,Semolina,Круппа ёрмаси,2018-M04,2018,1983.0
001,Guruch,Рис,Rice,Гуруч,2018-M05,2018,6377.0
003,Arpa,Ячмень,Barley,Арпа,2018-M05,2018,1622.0
0004,Bug'doy,Пшеница,Wheat,Буғдой,2018-M05,2018,1715.0
005,Jo'hori,Кукуруза,Corn,Жўҳори,2018-M05,2018,1838.0
006,Kepak,Отруби,Bran,Кепак,2018-M05,2018,1456.0
0008,Shrot,Шрот,Schroth,Шрот,2018-M05,2018,0.0
009,Shulxa,Шелуха,Husk,Шулха,2018-M05,2018,0.0
010,Kombikorm,Комбикорм,Compound feed,Комбикорм,2018-M05,2018,1653.0
011,Oliy navli bug'doy uni,Мука пшеничная высшего сорта,High-grade wheat flour,Олий навли буғдой уни,2018-M05,2018,2907.0
0012,1-navli bug'doy uni,Мука пшеничная первого сорта,First grade wheat flour,1-навли буғдой уни,2018-M05,2018,0.0
013,1-nav bug'doy unidan non,Хлеб пшеничный из муки 1-го сорта,Wheat bread from 1st grade flour,1-нав буғдой унидан нон,2018-M05,2018,0.0
017,Mol go'shti,Говядина,Beef,Мол гўшти,2018-M05,2018,33388.0
0020,Qo'y go'shti,Баранина,Mutton,Қўй гўшти,2018-M05,2018,36594.0
022,Tovuq go'shti,Мясо птицы,Poultry,Товуқ гўшти,2018-M05,2018,0.0
026,Turli baliqlar,Рыба всякая,Fish of all kinds,Турли балиқлар,2018-M05,2018,0.0
027,Yangi sog'ilgan sut (1 litr),Молоко свежее (1 литр),Fresh milk (1 liter),Янги соғилган сут (1 литр),2018-M05,2018,2984.0
034,Tuxum (10 dona),Яйца (10 штук),Eggs (10 pieces ),Тухум (10 дона),2018-M05,2018,5250.0
035,Paxta yog'i (1 litr),Масло хлопковое (1 литр),Cottonseed oil (1 liter),Пахта ёғи (1 литр),2018-M05,2018,0.0
0036,Kungaboqar yog'i (1 litr),Масло подсолнечное (1 литр),Sunflower oil (1 liter),Кунгабоқар ёғи (1 литр),2018-M05,2018,0.0
037,Sariyog',Масло сливочное,Butter,Сариёғ,2018-M05,2018,27947.0
039,Limon,Лимоны,Lemons,Лимон,2018-M05,2018,27979.0
0040,Olma,Яблоки,Apples,Олма,2018-M05,2018,9414.0
041,Nok,Груши,Pears,Нок,2018-M05,2018,13306.0
049,Uzum,Виноград,Grape,Узум,2018-M05,2018,0.0
0050,Tarvuz,Арбуз,Watermelon,Тарвуз,2018-M05,2018,0.0
0051,Qovun,Дыня,Melon,Қовун,2018-M05,2018,0.0
053,Mayiz,Кишмиш,Kishmish,Майиз,2018-M05,2018,19719.0
055,Karam,Капуста,Cabbage,Карам,2018-M05,2018,1403.0
057,Bodring,Огурцы,Cucumbers,Бодринг,2018-M05,2018,4071.0
058,Pomidor,Помидоры,Tomatoes,Помидор,2018-M05,2018,10598.0
059,Baqlajon,Баклажаны,Eggplant,Бақлажон,2018-M05,2018,8385.0
0060,Bulg'or qalampiri,Перец болгарский,Bell pepper,Булғор қалампири,2018-M05,2018,9462.0
061,Qovoq,Тыква,Pumpkin,Қовоқ,2018-M05,2018,0.0
063,Sabzi,Морковь,Carrot,Сабзи,2018-M05,2018,1195.0
065,Sarimsoq,Чеснок,Garlic,Саримсоқ,2018-M05,2018,3891.0
066,Piyoz,Лук репчатый,Onion,Пиёз,2018-M05,2018,1200.0
069,Kartoshka,Картофель,Potatoes,Картошка,2018-M05,2018,3161.0
0070,Loviya,Фасоль,Beans,Ловия,2018-M05,2018,0.0
071,No'xot,Горох,Peas,Нўхот,2018-M05,2018,0.0
0072,Mosh,Маш,Mash,Мош,2018-M05,2018,0.0
073,Shakar,Сахар песок,Sugar,Шакар,2018-M05,2018,0.0
002,Kruppa yormasi,Крупа манная,Semolina,Круппа ёрмаси,2018-M05,2018,1622.0
001,Guruch,Рис,Rice,Гуруч,2018-M06,2018,6406.0
003,Arpa,Ячмень,Barley,Арпа,2018-M06,2018,1622.0
0004,Bug'doy,Пшеница,Wheat,Буғдой,2018-M06,2018,1776.0
005,Jo'hori,Кукуруза,Corn,Жўҳори,2018-M06,2018,2013.0
006,Kepak,Отруби,Bran,Кепак,2018-M06,2018,1485.0
0008,Shrot,Шрот,Schroth,Шрот,2018-M06,2018,0.0
009,Shulxa,Шелуха,Husk,Шулха,2018-M06,2018,0.0
010,Kombikorm,Комбикорм,Compound feed,Комбикорм,2018-M06,2018,1634.0
011,Oliy navli bug'doy uni,Мука пшеничная высшего сорта,High-grade wheat flour,Олий навли буғдой уни,2018-M06,2018,2914.0
0012,1-navli bug'doy uni,Мука пшеничная первого сорта,First grade wheat flour,1-навли буғдой уни,2018-M06,2018,0.0
013,1-nav bug'doy unidan non,Хлеб пшеничный из муки 1-го сорта,Wheat bread from 1st grade flour,1-нав буғдой унидан нон,2018-M06,2018,0.0
017,Mol go'shti,Говядина,Beef,Мол гўшти,2018-M06,2018,33834.0
0020,Qo'y go'shti,Баранина,Mutton,Қўй гўшти,2018-M06,2018,36891.0
022,Tovuq go'shti,Мясо птицы,Poultry,Товуқ гўшти,2018-M06,2018,0.0
026,Turli baliqlar,Рыба всякая,Fish of all kinds,Турли балиқлар,2018-M06,2018,0.0
027,Yangi sog'ilgan sut (1 litr),Молоко свежее (1 литр),Fresh milk (1 liter),Янги соғилган сут (1 литр),2018-M06,2018,2984.0
034,Tuxum (10 dona),Яйца (10 штук),Eggs (10 pieces ),Тухум (10 дона),2018-M06,2018,5013.0
035,Paxta yog'i (1 litr),Масло хлопковое (1 литр),Cottonseed oil (1 liter),Пахта ёғи (1 литр),2018-M06,2018,0.0
0036,Kungaboqar yog'i (1 litr),Масло подсолнечное (1 литр),Sunflower oil (1 liter),Кунгабоқар ёғи (1 литр),2018-M06,2018,0.0
037,Sariyog',Масло сливочное,Butter,Сариёғ,2018-M06,2018,27947.0
039,Limon,Лимоны,Lemons,Лимон,2018-M06,2018,28688.0
0040,Olma,Яблоки,Apples,Олма,2018-M06,2018,7573.0
041,Nok,Груши,Pears,Нок,2018-M06,2018,12031.0
049,Uzum,Виноград,Grape,Узум,2018-M06,2018,6844.0
0050,Tarvuz,Арбуз,Watermelon,Тарвуз,2018-M06,2018,1741.0
0051,Qovun,Дыня,Melon,Қовун,2018-M06,2018,2988.0
053,Mayiz,Кишмиш,Kishmish,Майиз,2018-M06,2018,19656.0
055,Karam,Капуста,Cabbage,Карам,2018-M06,2018,1102.0
057,Bodring,Огурцы,Cucumbers,Бодринг,2018-M06,2018,1740.0
058,Pomidor,Помидоры,Tomatoes,Помидор,2018-M06,2018,2899.0
059,Baqlajon,Баклажаны,Eggplant,Бақлажон,2018-M06,2018,4323.0
0060,Bulg'or qalampiri,Перец болгарский,Bell pepper,Булғор қалампири,2018-M06,2018,6719.0
061,Qovoq,Тыква,Pumpkin,Қовоқ,2018-M06,2018,0.0
063,Sabzi,Морковь,Carrot,Сабзи,2018-M06,2018,1159.0
065,Sarimsoq,Чеснок,Garlic,Саримсоқ,2018-M06,2018,3800.0
066,Piyoz,Лук репчатый,Onion,Пиёз,2018-M06,2018,1145.0
069,Kartoshka,Картофель,Potatoes,Картошка,2018-M06,2018,1836.0
0070,Loviya,Фасоль,Beans,Ловия,2018-M06,2018,0.0
071,No'xot,Горох,Peas,Нўхот,2018-M06,2018,0.0
0072,Mosh,Маш,Mash,Мош,2018-M06,2018,0.0
073,Shakar,Сахар песок,Sugar,Шакар,2018-M06,2018,0.0
002,Kruppa yormasi,Крупа манная,Semolina,Круппа ёрмаси,2018-M06,2018,1622.0
001,Guruch,Рис,Rice,Гуруч,2018-M07,2018,6948.0
003,Arpa,Ячмень,Barley,Арпа,2018-M07,2018,1622.0
0004,Bug'doy,Пшеница,Wheat,Буғдой,2018-M07,2018,1803.0
005,Jo'hori,Кукуруза,Corn,Жўҳори,2018-M07,2018,2492.0
006,Kepak,Отруби,Bran,Кепак,2018-M07,2018,1503.0
0008,Shrot,Шрот,Schroth,Шрот,2018-M07,2018,0.0
009,Shulxa,Шелуха,Husk,Шулха,2018-M07,2018,0.0
010,Kombikorm,Комбикорм,Compound feed,Комбикорм,2018-M07,2018,1634.0
011,Oliy navli bug'doy uni,Мука пшеничная высшего сорта,High-grade wheat flour,Олий навли буғдой уни,2018-M07,2018,2921.0
0012,1-navli bug'doy uni,Мука пшеничная первого сорта,First grade wheat flour,1-навли буғдой уни,2018-M07,2018,0.0
013,1-nav bug'doy unidan non,Хлеб пшеничный из муки 1-го сорта,Wheat bread from 1st grade flour,1-нав буғдой унидан нон,2018-M07,2018,0.0
017,Mol go'shti,Говядина,Beef,Мол гўшти,2018-M07,2018,34202.0
0020,Qo'y go'shti,Баранина,Mutton,Қўй гўшти,2018-M07,2018,36923.0
022,Tovuq go'shti,Мясо птицы,Poultry,Товуқ гўшти,2018-M07,2018,0.0
026,Turli baliqlar,Рыба всякая,Fish of all kinds,Турли балиқлар,2018-M07,2018,0.0
027,Yangi sog'ilgan sut (1 litr),Молоко свежее (1 литр),Fresh milk (1 liter),Янги соғилган сут (1 литр),2018-M07,2018,2984.0
034,Tuxum (10 dona),Яйца (10 штук),Eggs (10 pieces ),Тухум (10 дона),2018-M07,2018,4575.0
035,Paxta yog'i (1 litr),Масло хлопковое (1 литр),Cottonseed oil (1 liter),Пахта ёғи (1 литр),2018-M07,2018,0.0
0036,Kungaboqar yog'i (1 litr),Масло подсолнечное (1 литр),Sunflower oil (1 liter),Кунгабоқар ёғи (1 литр),2018-M07,2018,0.0
037,Sariyog',Масло сливочное,Butter,Сариёғ,2018-M07,2018,28152.0
039,Limon,Лимоны,Lemons,Лимон,2018-M07,2018,30813.0
0040,Olma,Яблоки,Apples,Олма,2018-M07,2018,4719.0
041,Nok,Груши,Pears,Нок,2018-M07,2018,6927.0
049,Uzum,Виноград,Grape,Узум,2018-M07,2018,4958.0
0050,Tarvuz,Арбуз,Watermelon,Тарвуз,2018-M07,2018,1085.0
0051,Qovun,Дыня,Melon,Қовун,2018-M07,2018,2315.0
053,Mayiz,Кишмиш,Kishmish,Майиз,2018-M07,2018,19844.0
055,Karam,Капуста,Cabbage,Карам,2018-M07,2018,904.0
057,Bodring,Огурцы,Cucumbers,Бодринг,2018-M07,2018,1742.0
058,Pomidor,Помидоры,Tomatoes,Помидор,2018-M07,2018,1765.0
059,Baqlajon,Баклажаны,Eggplant,Бақлажон,2018-M07,2018,1424.0
0060,Bulg'or qalampiri,Перец болгарский,Bell pepper,Булғор қалампири,2018-M07,2018,2573.0
061,Qovoq,Тыква,Pumpkin,Қовоқ,2018-M07,2018,2406.0
063,Sabzi,Морковь,Carrot,Сабзи,2018-M07,2018,993.0
065,Sarimsoq,Чеснок,Garlic,Саримсоқ,2018-M07,2018,4531.0
066,Piyoz,Лук репчатый,Onion,Пиёз,2018-M07,2018,1009.0
069,Kartoshka,Картофель,Potatoes,Картошка,2018-M07,2018,1525.0
0070,Loviya,Фасоль,Beans,Ловия,2018-M07,2018,0.0
071,No'xot,Горох,Peas,Нўхот,2018-M07,2018,0.0
0072,Mosh,Маш,Mash,Мош,2018-M07,2018,0.0
073,Shakar,Сахар песок,Sugar,Шакар,2018-M07,2018,0.0
002,Kruppa yormasi,Крупа манная,Semolina,Круппа ёрмаси,2018-M07,2018,1622.0
001,Guruch,Рис,Rice,Гуруч,2018-M08,2018,7050.0
003,Arpa,Ячмень,Barley,Арпа,2018-M08,2018,1630.0
0004,Bug'doy,Пшеница,Wheat,Буғдой,2018-M08,2018,1814.0
005,Jo'hori,Кукуруза,Corn,Жўҳори,2018-M08,2018,2625.0
006,Kepak,Отруби,Bran,Кепак,2018-M08,2018,1503.0
0008,Shrot,Шрот,Schroth,Шрот,2018-M08,2018,0.0
009,Shulxa,Шелуха,Husk,Шулха,2018-M08,2018,0.0
010,Kombikorm,Комбикорм,Compound feed,Комбикорм,2018-M08,2018,1627.0
011,Oliy navli bug'doy uni,Мука пшеничная высшего сорта,High-grade wheat flour,Олий навли буғдой уни,2018-M08,2018,2921.0
0012,1-navli bug'doy uni,Мука пшеничная первого сорта,First grade wheat flour,1-навли буғдой уни,2018-M08,2018,0.0
013,1-nav bug'doy unidan non,Хлеб пшеничный из муки 1-го сорта,Wheat bread from 1st grade flour,1-нав буғдой унидан нон,2018-M08,2018,0.0
017,Mol go'shti,Говядина,Beef,Мол гўшти,2018-M08,2018,35292.0
0020,Qo'y go'shti,Баранина,Mutton,Қўй гўшти,2018-M08,2018,37346.0
022,Tovuq go'shti,Мясо птицы,Poultry,Товуқ гўшти,2018-M08,2018,0.0
026,Turli baliqlar,Рыба всякая,Fish of all kinds,Турли балиқлар,2018-M08,2018,0.0
027,Yangi sog'ilgan sut (1 litr),Молоко свежее (1 литр),Fresh milk (1 liter),Янги соғилган сут (1 литр),2018-M08,2018,2984.0
034,Tuxum (10 dona),Яйца (10 штук),Eggs (10 pieces ),Тухум (10 дона),2018-M08,2018,4644.0
035,Paxta yog'i (1 litr),Масло хлопковое (1 литр),Cottonseed oil (1 liter),Пахта ёғи (1 литр),2018-M08,2018,0.0
0036,Kungaboqar yog'i (1 litr),Масло подсолнечное (1 литр),Sunflower oil (1 liter),Кунгабоқар ёғи (1 литр),2018-M08,2018,0.0
037,Sariyog',Масло сливочное,Butter,Сариёғ,2018-M08,2018,28152.0
039,Limon,Лимоны,Lemons,Лимон,2018-M08,2018,37250.0
0040,Olma,Яблоки,Apples,Олма,2018-M08,2018,4510.0
041,Nok,Груши,Pears,Нок,2018-M08,2018,5760.0
049,Uzum,Виноград,Grape,Узум,2018-M08,2018,4792.0
0050,Tarvuz,Арбуз,Watermelon,Тарвуз,2018-M08,2018,1244.0
0051,Qovun,Дыня,Melon,Қовун,2018-M08,2018,2115.0
053,Mayiz,Кишмиш,Kishmish,Майиз,2018-M08,2018,19844.0
055,Karam,Капуста,Cabbage,Карам,2018-M08,2018,831.0
057,Bodring,Огурцы,Cucumbers,Бодринг,2018-M08,2018,2152.0
058,Pomidor,Помидоры,Tomatoes,Помидор,2018-M08,2018,2601.0
059,Baqlajon,Баклажаны,Eggplant,Бақлажон,2018-M08,2018,1006.0
0060,Bulg'or qalampiri,Перец болгарский,Bell pepper,Булғор қалампири,2018-M08,2018,2547.0
061,Qovoq,Тыква,Pumpkin,Қовоқ,2018-M08,2018,1440.0
063,Sabzi,Морковь,Carrot,Сабзи,2018-M08,2018,965.0
065,Sarimsoq,Чеснок,Garlic,Саримсоқ,2018-M08,2018,4427.0
066,Piyoz,Лук репчатый,Onion,Пиёз,2018-M08,2018,924.0
069,Kartoshka,Картофель,Potatoes,Картошка,2018-M08,2018,1481.0
0070,Loviya,Фасоль,Beans,Ловия,2018-M08,2018,0.0
071,No'xot,Горох,Peas,Нўхот,2018-M08,2018,0.0
0072,Mosh,Маш,Mash,Мош,2018-M08,2018,0.0
073,Shakar,Сахар песок,Sugar,Шакар,2018-M08,2018,0.0
002,Kruppa yormasi,Крупа манная,Semolina,Круппа ёрмаси,2018-M08,2018,1630.0
001,Guruch,Рис,Rice,Гуруч,2018-M09,2018,7056.0
003,Arpa,Ячмень,Barley,Арпа,2018-M09,2018,1633.0
0004,Bug'doy,Пшеница,Wheat,Буғдой,2018-M09,2018,1816.0
005,Jo'hori,Кукуруза,Corn,Жўҳори,2018-M09,2018,2482.0
006,Kepak,Отруби,Bran,Кепак,2018-M09,2018,1503.0
0008,Shrot,Шрот,Schroth,Шрот,2018-M09,2018,0.0
009,Shulxa,Шелуха,Husk,Шулха,2018-M09,2018,0.0
010,Kombikorm,Комбикорм,Compound feed,Комбикорм,2018-M09,2018,1623.0
011,Oliy navli bug'doy uni,Мука пшеничная высшего сорта,High-grade wheat flour,Олий навли буғдой уни,2018-M09,2018,2921.0
0012,1-navli bug'doy uni,Мука пшеничная первого сорта,First grade wheat flour,1-навли буғдой уни,2018-M09,2018,0.0
013,1-nav bug'doy unidan non,Хлеб пшеничный из муки 1-го сорта,Wheat bread from 1st grade flour,1-нав буғдой унидан нон,2018-M09,2018,0.0
017,Mol go'shti,Говядина,Beef,Мол гўшти,2018-M09,2018,36240.0
0020,Qo'y go'shti,Баранина,Mutton,Қўй гўшти,2018-M09,2018,38260.0
022,Tovuq go'shti,Мясо птицы,Poultry,Товуқ гўшти,2018-M09,2018,0.0
026,Turli baliqlar,Рыба всякая,Fish of all kinds,Турли балиқлар,2018-M09,2018,13600.0
027,Yangi sog'ilgan sut (1 litr),Молоко свежее (1 литр),Fresh milk (1 liter),Янги соғилган сут (1 литр),2018-M09,2018,2984.0
034,Tuxum (10 dona),Яйца (10 штук),Eggs (10 pieces ),Тухум (10 дона),2018-M09,2018,4894.0
035,Paxta yog'i (1 litr),Масло хлопковое (1 литр),Cottonseed oil (1 liter),Пахта ёғи (1 литр),2018-M09,2018,0.0
0036,Kungaboqar yog'i (1 litr),Масло подсолнечное (1 литр),Sunflower oil (1 liter),Кунгабоқар ёғи (1 литр),2018-M09,2018,0.0
037,Sariyog',Масло сливочное,Butter,Сариёғ,2018-M09,2018,28152.0
039,Limon,Лимоны,Lemons,Лимон,2018-M09,2018,35438.0
0040,Olma,Яблоки,Apples,Олма,2018-M09,2018,4557.0
041,Nok,Груши,Pears,Нок,2018-M09,2018,5625.0
049,Uzum,Виноград,Grape,Узум,2018-M09,2018,4872.0
0050,Tarvuz,Арбуз,Watermelon,Тарвуз,2018-M09,2018,1127.0
0051,Qovun,Дыня,Melon,Қовун,2018-M09,2018,1857.0
053,Mayiz,Кишмиш,Kishmish,Майиз,2018-M09,2018,19865.0
055,Karam,Капуста,Cabbage,Карам,2018-M09,2018,880.0
057,Bodring,Огурцы,Cucumbers,Бодринг,2018-M09,2018,1851.0
058,Pomidor,Помидоры,Tomatoes,Помидор,2018-M09,2018,3543.0
059,Baqlajon,Баклажаны,Eggplant,Бақлажон,2018-M09,2018,1034.0
0060,Bulg'or qalampiri,Перец болгарский,Bell pepper,Булғор қалампири,2018-M09,2018,2826.0
061,Qovoq,Тыква,Pumpkin,Қовоқ,2018-M09,2018,938.0
063,Sabzi,Морковь,Carrot,Сабзи,2018-M09,2018,1331.0
065,Sarimsoq,Чеснок,Garlic,Саримсоқ,2018-M09,2018,4292.0
066,Piyoz,Лук репчатый,Onion,Пиёз,2018-M09,2018,919.0
069,Kartoshka,Картофель,Potatoes,Картошка,2018-M09,2018,2107.0
0070,Loviya,Фасоль,Beans,Ловия,2018-M09,2018,0.0
071,No'xot,Горох,Peas,Нўхот,2018-M09,2018,0.0
0072,Mosh,Маш,Mash,Мош,2018-M09,2018,0.0
073,Shakar,Сахар песок,Sugar,Шакар,2018-M09,2018,0.0
002,Kruppa yormasi,Крупа манная,Semolina,Круппа ёрмаси,2018-M09,2018,1633.0
001,Guruch,Рис,Rice,Гуруч,2018-M10,2018,7181.0
003,Arpa,Ячмень,Barley,Арпа,2018-M10,2018,1633.0
0004,Bug'doy,Пшеница,Wheat,Буғдой,2018-M10,2018,1809.0
005,Jo'hori,Кукуруза,Corn,Жўҳори,2018-M10,2018,2177.0
006,Kepak,Отруби,Bran,Кепак,2018-M10,2018,1507.0
0008,Shrot,Шрот,Schroth,Шрот,2018-M10,2018,0.0
009,Shulxa,Шелуха,Husk,Шулха,2018-M10,2018,0.0
010,Kombikorm,Комбикорм,Compound feed,Комбикорм,2018-M10,2018,1626.0
011,Oliy navli bug'doy uni,Мука пшеничная высшего сорта,High-grade wheat flour,Олий навли буғдой уни,2018-M10,2018,2982.0
0012,1-navli bug'doy uni,Мука пшеничная первого сорта,First grade wheat flour,1-навли буғдой уни,2018-M10,2018,0.0
013,1-nav bug'doy unidan non,Хлеб пшеничный из муки 1-го сорта,Wheat bread from 1st grade flour,1-нав буғдой унидан нон,2018-M10,2018,0.0
017,Mol go'shti,Говядина,Beef,Мол гўшти,2018-M10,2018,37125.0
0020,Qo'y go'shti,Баранина,Mutton,Қўй гўшти,2018-M10,2018,39094.0
022,Tovuq go'shti,Мясо птицы,Poultry,Товуқ гўшти,2018-M10,2018,0.0
026,Turli baliqlar,Рыба всякая,Fish of all kinds,Турли балиқлар,2018-M10,2018,13921.0
027,Yangi sog'ilgan sut (1 litr),Молоко свежее (1 литр),Fresh milk (1 liter),Янги соғилган сут (1 литр),2018-M10,2018,2984.0
034,Tuxum (10 dona),Яйца (10 штук),Eggs (10 pieces ),Тухум (10 дона),2018-M10,2018,5436.0
035,Paxta yog'i (1 litr),Масло хлопковое (1 литр),Cottonseed oil (1 liter),Пахта ёғи (1 литр),2018-M10,2018,0.0
0036,Kungaboqar yog'i (1 litr),Масло подсолнечное (1 литр),Sunflower oil (1 liter),Кунгабоқар ёғи (1 литр),2018-M10,2018,0.0
037,Sariyog',Масло сливочное,Butter,Сариёғ,2018-M10,2018,28223.0
039,Limon,Лимоны,Lemons,Лимон,2018-M10,2018,18979.0
0040,Olma,Яблоки,Apples,Олма,2018-M10,2018,4432.0
041,Nok,Груши,Pears,Нок,2018-M10,2018,6569.0
049,Uzum,Виноград,Grape,Узум,2018-M10,2018,4530.0
0050,Tarvuz,Арбуз,Watermelon,Тарвуз,2018-M10,2018,1133.0
0051,Qovun,Дыня,Melon,Қовун,2018-M10,2018,1792.0
053,Mayiz,Кишмиш,Kishmish,Майиз,2018-M10,2018,19865.0
055,Karam,Капуста,Cabbage,Карам,2018-M10,2018,1780.0
057,Bodring,Огурцы,Cucumbers,Бодринг,2018-M10,2018,3138.0
058,Pomidor,Помидоры,Tomatoes,Помидор,2018-M10,2018,3982.0
059,Baqlajon,Баклажаны,Eggplant,Бақлажон,2018-M10,2018,1554.0
0060,Bulg'or qalampiri,Перец болгарский,Bell pepper,Булғор қалампири,2018-M10,2018,3044.0
061,Qovoq,Тыква,Pumpkin,Қовоқ,2018-M10,2018,965.0
063,Sabzi,Морковь,Carrot,Сабзи,2018-M10,2018,2327.0
065,Sarimsoq,Чеснок,Garlic,Саримсоқ,2018-M10,2018,3827.0
066,Piyoz,Лук репчатый,Onion,Пиёз,2018-M10,2018,1103.0
069,Kartoshka,Картофель,Potatoes,Картошка,2018-M10,2018,2430.0
0070,Loviya,Фасоль,Beans,Ловия,2018-M10,2018,0.0
071,No'xot,Горох,Peas,Нўхот,2018-M10,2018,0.0
0072,Mosh,Маш,Mash,Мош,2018-M10,2018,0.0
073,Shakar,Сахар песок,Sugar,Шакар,2018-M10,2018,0.0
002,Kruppa yormasi,Крупа манная,Semolina,Круппа ёрмаси,2018-M10,2018,1633.0
001,Guruch,Рис,Rice,Гуруч,2018-M11,2018,7479.0
003,Arpa,Ячмень,Barley,Арпа,2018-M11,2018,1830.0
0004,Bug'doy,Пшеница,Wheat,Буғдой,2018-M11,2018,1980.0
005,Jo'hori,Кукуруза,Corn,Жўҳори,2018-M11,2018,2275.0
006,Kepak,Отруби,Bran,Кепак,2018-M11,2018,1554.0
0008,Shrot,Шрот,Schroth,Шрот,2018-M11,2018,0.0
009,Shulxa,Шелуха,Husk,Шулха,2018-M11,2018,0.0
010,Kombikorm,Комбикорм,Compound feed,Комбикорм,2018-M11,2018,1867.0
011,Oliy navli bug'doy uni,Мука пшеничная высшего сорта,High-grade wheat flour,Олий навли буғдой уни,2018-M11,2018,3158.0
0012,1-navli bug'doy uni,Мука пшеничная первого сорта,First grade wheat flour,1-навли буғдой уни,2018-M11,2018,0.0
013,1-nav bug'doy unidan non,Хлеб пшеничный из муки 1-го сорта,Wheat bread from 1st grade flour,1-нав буғдой унидан нон,2018-M11,2018,0.0
017,Mol go'shti,Говядина,Beef,Мол гўшти,2018-M11,2018,38365.0
0020,Qo'y go'shti,Баранина,Mutton,Қўй гўшти,2018-M11,2018,40490.0
022,Tovuq go'shti,Мясо птицы,Poultry,Товуқ гўшти,2018-M11,2018,0.0
026,Turli baliqlar,Рыба всякая,Fish of all kinds,Турли балиқлар,2018-M11,2018,14990.0
027,Yangi sog'ilgan sut (1 litr),Молоко свежее (1 литр),Fresh milk (1 liter),Янги соғилган сут (1 литр),2018-M11,2018,3099.0
034,Tuxum (10 dona),Яйца (10 штук),Eggs (10 pieces ),Тухум (10 дона),2018-M11,2018,5838.0
035,Paxta yog'i (1 litr),Масло хлопковое (1 литр),Cottonseed oil (1 liter),Пахта ёғи (1 литр),2018-M11,2018,0.0
0036,Kungaboqar yog'i (1 litr),Масло подсолнечное (1 литр),Sunflower oil (1 liter),Кунгабоқар ёғи (1 литр),2018-M11,2018,0.0
037,Sariyog',Масло сливочное,Butter,Сариёғ,2018-M11,2018,29554.0
039,Limon,Лимоны,Lemons,Лимон,2018-M11,2018,13313.0
0040,Olma,Яблоки,Apples,Олма,2018-M11,2018,4219.0
041,Nok,Груши,Pears,Нок,2018-M11,2018,8094.0
049,Uzum,Виноград,Grape,Узум,2018-M11,2018,3776.0
0050,Tarvuz,Арбуз,Watermelon,Тарвуз,2018-M11,2018,1472.0
0051,Qovun,Дыня,Melon,Қовун,2018-M11,2018,2128.0
053,Mayiz,Кишмиш,Kishmish,Майиз,2018-M11,2018,21135.0
055,Karam,Капуста,Cabbage,Карам,2018-M11,2018,2173.0
057,Bodring,Огурцы,Cucumbers,Бодринг,2018-M11,2018,5813.0
058,Pomidor,Помидоры,Tomatoes,Помидор,2018-M11,2018,5198.0
059,Baqlajon,Баклажаны,Eggplant,Бақлажон,2018-M11,2018,1895.0
0060,Bulg'or qalampiri,Перец болгарский,Bell pepper,Булғор қалампири,2018-M11,2018,3908.0
061,Qovoq,Тыква,Pumpkin,Қовоқ,2018-M11,2018,1331.0
063,Sabzi,Морковь,Carrot,Сабзи,2018-M11,2018,1952.0
065,Sarimsoq,Чеснок,Garlic,Саримсоқ,2018-M11,2018,3090.0
066,Piyoz,Лук репчатый,Onion,Пиёз,2018-M11,2018,1105.0
069,Kartoshka,Картофель,Potatoes,Картошка,2018-M11,2018,2382.0
0070,Loviya,Фасоль,Beans,Ловия,2018-M11,2018,0.0
071,No'xot,Горох,Peas,Нўхот,2018-M11,2018,0.0
0072,Mosh,Маш,Mash,Мош,2018-M11,2018,0.0
073,Shakar,Сахар песок,Sugar,Шакар,2018-M11,2018,0.0
002,Kruppa yormasi,Крупа манная,Semolina,Круппа ёрмаси,2018-M11,2018,1830.0
001,Guruch,Рис,Rice,Гуруч,2018-M12,2018,7535.0
003,Arpa,Ячмень,Barley,Арпа,2018-M12,2018,2044.0
0004,Bug'doy,Пшеница,Wheat,Буғдой,2018-M12,2018,2275.0
005,Jo'hori,Кукуруза,Corn,Жўҳори,2018-M12,2018,2477.0
006,Kepak,Отруби,Bran,Кепак,2018-M12,2018,1696.0
0008,Shrot,Шрот,Schroth,Шрот,2018-M12,2018,0.0
009,Shulxa,Шелуха,Husk,Шулха,2018-M12,2018,0.0
010,Kombikorm,Комбикорм,Compound feed,Комбикорм,2018-M12,2018,1948.0
011,Oliy navli bug'doy uni,Мука пшеничная высшего сорта,High-grade wheat flour,Олий навли буғдой уни,2018-M12,2018,3273.0
0012,1-navli bug'doy uni,Мука пшеничная первого сорта,First grade wheat flour,1-навли буғдой уни,2018-M12,2018,0.0
013,1-nav bug'doy unidan non,Хлеб пшеничный из муки 1-го сорта,Wheat bread from 1st grade flour,1-нав буғдой унидан нон,2018-M12,2018,0.0
017,Mol go'shti,Говядина,Beef,Мол гўшти,2018-M12,2018,38969.0
0020,Qo'y go'shti,Баранина,Mutton,Қўй гўшти,2018-M12,2018,41000.0
022,Tovuq go'shti,Мясо птицы,Poultry,Товуқ гўшти,2018-M12,2018,0.0
026,Turli baliqlar,Рыба всякая,Fish of all kinds,Турли балиқлар,2018-M12,2018,16321.0
027,Yangi sog'ilgan sut (1 litr),Молоко свежее (1 литр),Fresh milk (1 liter),Янги соғилган сут (1 литр),2018-M12,2018,3313.0
034,Tuxum (10 dona),Яйца (10 штук),Eggs (10 pieces ),Тухум (10 дона),2018-M12,2018,5790.0
035,Paxta yog'i (1 litr),Масло хлопковое (1 литр),Cottonseed oil (1 liter),Пахта ёғи (1 литр),2018-M12,2018,0.0
0036,Kungaboqar yog'i (1 litr),Масло подсолнечное (1 литр),Sunflower oil (1 liter),Кунгабоқар ёғи (1 литр),2018-M12,2018,0.0
037,Sariyog',Масло сливочное,Butter,Сариёғ,2018-M12,2018,31229.0
039,Limon,Лимоны,Lemons,Лимон,2018-M12,2018,11688.0
0040,Olma,Яблоки,Apples,Олма,2018-M12,2018,5377.0
041,Nok,Груши,Pears,Нок,2018-M12,2018,9260.0
049,Uzum,Виноград,Grape,Узум,2018-M12,2018,4713.0
0050,Tarvuz,Арбуз,Watermelon,Тарвуз,2018-M12,2018,2369.0
0051,Qovun,Дыня,Melon,Қовун,2018-M12,2018,2917.0
053,Mayiz,Кишмиш,Kishmish,Майиз,2018-M12,2018,22000.0
055,Karam,Капуста,Cabbage,Карам,2018-M12,2018,1688.0
057,Bodring,Огурцы,Cucumbers,Бодринг,2018-M12,2018,8090.0
058,Pomidor,Помидоры,Tomatoes,Помидор,2018-M12,2018,7121.0
059,Baqlajon,Баклажаны,Eggplant,Бақлажон,2018-M12,2018,0.0
0060,Bulg'or qalampiri,Перец болгарский,Bell pepper,Булғор қалампири,2018-M12,2018,5573.0
061,Qovoq,Тыква,Pumpkin,Қовоқ,2018-M12,2018,1283.0
063,Sabzi,Морковь,Carrot,Сабзи,2018-M12,2018,1328.0
065,Sarimsoq,Чеснок,Garlic,Саримсоқ,2018-M12,2018,3025.0
066,Piyoz,Лук репчатый,Onion,Пиёз,2018-M12,2018,1053.0
069,Kartoshka,Картофель,Potatoes,Картошка,2018-M12,2018,2213.0
0070,Loviya,Фасоль,Beans,Ловия,2018-M12,2018,0.0
071,No'xot,Горох,Peas,Нўхот,2018-M12,2018,0.0
0072,Mosh,Маш,Mash,Мош,2018-M12,2018,0.0
073,Shakar,Сахар песок,Sugar,Шакар,2018-M12,2018,0.0
002,Kruppa yormasi,Крупа манная,Semolina,Круппа ёрмаси,2018-M12,2018,2044.0
001,Guruch,Рис,Rice,Гуруч,2019-M01,2019,8516.0
003,Arpa,Ячмень,Barley,Арпа,2019-M01,2019,2500.0
0004,Bug'doy,Пшеница,Wheat,Буғдой,2019-M01,2019,2438.0
005,Jo'hori,Кукуруза,Corn,Жўҳори,2019-M01,2019,2556.0
006,Kepak,Отруби,Bran,Кепак,2019-M01,2019,1686.0
0008,Shrot,Шрот,Schroth,Шрот,2019-M01,2019,2231.0
009,Shulxa,Шелуха,Husk,Шулха,2019-M01,2019,1542.0
010,Kombikorm,Комбикорм,Compound feed,Комбикорм,2019-M01,2019,1706.0
011,Oliy navli bug'doy uni,Мука пшеничная высшего сорта,High-grade wheat flour,Олий навли буғдой уни,2019-M01,2019,0.0
0012,1-navli bug'doy uni,Мука пшеничная первого сорта,First grade wheat flour,1-навли буғдой уни,2019-M01,2019,0.0
013,1-nav bug'doy unidan non,Хлеб пшеничный из муки 1-го сорта,Wheat bread from 1st grade flour,1-нав буғдой унидан нон,2019-M01,2019,0.0
017,Mol go'shti,Говядина,Beef,Мол гўшти,2019-M01,2019,38083.0
0020,Qo'y go'shti,Баранина,Mutton,Қўй гўшти,2019-M01,2019,40950.0
022,Tovuq go'shti,Мясо птицы,Poultry,Товуқ гўшти,2019-M01,2019,18480.0
026,Turli baliqlar,Рыба всякая,Fish of all kinds,Турли балиқлар,2019-M01,2019,14633.0
027,Yangi sog'ilgan sut (1 litr),Молоко свежее (1 литр),Fresh milk (1 liter),Янги соғилган сут (1 литр),2019-M01,2019,3803.0
034,Tuxum (10 dona),Яйца (10 штук),Eggs (10 pieces ),Тухум (10 дона),2019-M01,2019,5666.0
035,Paxta yog'i (1 litr),Масло хлопковое (1 литр),Cottonseed oil (1 liter),Пахта ёғи (1 литр),2019-M01,2019,0.0
0036,Kungaboqar yog'i (1 litr),Масло подсолнечное (1 литр),Sunflower oil (1 liter),Кунгабоқар ёғи (1 литр),2019-M01,2019,0.0
037,Sariyog',Масло сливочное,Butter,Сариёғ,2019-M01,2019,38318.0
039,Limon,Лимоны,Lemons,Лимон,2019-M01,2019,8708.0
0040,Olma,Яблоки,Apples,Олма,2019-M01,2019,4059.0
041,Nok,Груши,Pears,Нок,2019-M01,2019,11422.0
049,Uzum,Виноград,Grape,Узум,2019-M01,2019,9678.0
0050,Tarvuz,Арбуз,Watermelon,Тарвуз,2019-M01,2019,2593.0
0051,Qovun,Дыня,Melon,Қовун,2019-M01,2019,3209.0
053,Mayiz,Кишмиш,Kishmish,Майиз,2019-M01,2019,20133.0
055,Karam,Капуста,Cabbage,Карам,2019-M01,2019,1939.0
057,Bodring,Огурцы,Cucumbers,Бодринг,2019-M01,2019,13777.0
058,Pomidor,Помидоры,Tomatoes,Помидор,2019-M01,2019,8594.0
059,Baqlajon,Баклажаны,Eggplant,Бақлажон,2019-M01,2019,0.0
0060,Bulg'or qalampiri,Перец болгарский,Bell pepper,Булғор қалампири,2019-M01,2019,21142.0
061,Qovoq,Тыква,Pumpkin,Қовоқ,2019-M01,2019,1599.0
063,Sabzi,Морковь,Carrot,Сабзи,2019-M01,2019,1405.0
065,Sarimsoq,Чеснок,Garlic,Саримсоқ,2019-M01,2019,3600.0
066,Piyoz,Лук репчатый,Onion,Пиёз,2019-M01,2019,1180.0
069,Kartoshka,Картофель,Potatoes,Картошка,2019-M01,2019,2390.0
0070,Loviya,Фасоль,Beans,Ловия,2019-M01,2019,6410.0
071,No'xot,Горох,Peas,Нўхот,2019-M01,2019,8126.0
0072,Mosh,Маш,Mash,Мош,2019-M01,2019,5776.0
073,Shakar,Сахар песок,Sugar,Шакар,2019-M01,2019,0.0
002,Kruppa yormasi,Крупа манная,Semolina,Круппа ёрмаси,2019-M01,2019,2500.0
001,Guruch,Рис,Rice,Гуруч,2019-M02,2019,9076.0
003,Arpa,Ячмень,Barley,Арпа,2019-M02,2019,2124.0
0004,Bug'doy,Пшеница,Wheat,Буғдой,2019-M02,2019,2191.0
005,Jo'hori,Кукуруза,Corn,Жўҳори,2019-M02,2019,2176.0
006,Kepak,Отруби,Bran,Кепак,2019-M02,2019,1736.0
0008,Shrot,Шрот,Schroth,Шрот,2019-M02,2019,2299.0
009,Shulxa,Шелуха,Husk,Шулха,2019-M02,2019,1607.0
010,Kombikorm,Комбикорм,Compound feed,Комбикорм,2019-M02,2019,1728.0
011,Oliy navli bug'doy uni,Мука пшеничная высшего сорта,High-grade wheat flour,Олий навли буғдой уни,2019-M02,2019,0.0
0012,1-navli bug'doy uni,Мука пшеничная первого сорта,First grade wheat flour,1-навли буғдой уни,2019-M02,2019,0.0
013,1-nav bug'doy unidan non,Хлеб пшеничный из муки 1-го сорта,Wheat bread from 1st grade flour,1-нав буғдой унидан нон,2019-M02,2019,0.0
017,Mol go'shti,Говядина,Beef,Мол гўшти,2019-M02,2019,38556.0
0020,Qo'y go'shti,Баранина,Mutton,Қўй гўшти,2019-M02,2019,41100.0
022,Tovuq go'shti,Мясо птицы,Poultry,Товуқ гўшти,2019-M02,2019,18405.0
026,Turli baliqlar,Рыба всякая,Fish of all kinds,Турли балиқлар,2019-M02,2019,14928.0
027,Yangi sog'ilgan sut (1 litr),Молоко свежее (1 литр),Fresh milk (1 liter),Янги соғилган сут (1 литр),2019-M02,2019,3884.0
034,Tuxum (10 dona),Яйца (10 штук),Eggs (10 pieces ),Тухум (10 дона),2019-M02,2019,5484.0
035,Paxta yog'i (1 litr),Масло хлопковое (1 литр),Cottonseed oil (1 liter),Пахта ёғи (1 литр),2019-M02,2019,0.0
0036,Kungaboqar yog'i (1 litr),Масло подсолнечное (1 литр),Sunflower oil (1 liter),Кунгабоқар ёғи (1 литр),2019-M02,2019,0.0
037,Sariyog',Масло сливочное,Butter,Сариёғ,2019-M02,2019,37758.0
039,Limon,Лимоны,Lemons,Лимон,2019-M02,2019,8792.0
0040,Olma,Яблоки,Apples,Олма,2019-M02,2019,4047.0
041,Nok,Груши,Pears,Нок,2019-M02,2019,12395.0
049,Uzum,Виноград,Grape,Узум,2019-M02,2019,11114.0
0050,Tarvuz,Арбуз,Watermelon,Тарвуз,2019-M02,2019,3104.0
0051,Qovun,Дыня,Melon,Қовун,2019-M02,2019,3405.0
053,Mayiz,Кишмиш,Kishmish,Майиз,2019-M02,2019,22684.0
055,Karam,Капуста,Cabbage,Карам,2019-M02,2019,2140.0
057,Bodring,Огурцы,Cucumbers,Бодринг,2019-M02,2019,15193.0
058,Pomidor,Помидоры,Tomatoes,Помидор,2019-M02,2019,12026.0
059,Baqlajon,Баклажаны,Eggplant,Бақлажон,2019-M02,2019,0.0
0060,Bulg'or qalampiri,Перец болгарский,Bell pepper,Булғор қалампири,2019-M02,2019,22604.0
061,Qovoq,Тыква,Pumpkin,Қовоқ,2019-M02,2019,2036.0
063,Sabzi,Морковь,Carrot,Сабзи,2019-M02,2019,1519.0
065,Sarimsoq,Чеснок,Garlic,Саримсоқ,2019-M02,2019,3682.0
066,Piyoz,Лук репчатый,Onion,Пиёз,2019-M02,2019,1176.0
069,Kartoshka,Картофель,Potatoes,Картошка,2019-M02,2019,2449.0
0070,Loviya,Фасоль,Beans,Ловия,2019-M02,2019,6547.0
071,No'xot,Горох,Peas,Нўхот,2019-M02,2019,8456.0
0072,Mosh,Маш,Mash,Мош,2019-M02,2019,5872.0
073,Shakar,Сахар песок,Sugar,Шакар,2019-M02,2019,0.0
002,Kruppa yormasi,Крупа манная,Semolina,Круппа ёрмаси,2019-M02,2019,2124.0
001,Guruch,Рис,Rice,Гуруч,2019-M03,2019,9047.0
003,Arpa,Ячмень,Barley,Арпа,2019-M03,2019,2208.0
0004,Bug'doy,Пшеница,Wheat,Буғдой,2019-M03,2019,2400.0
005,Jo'hori,Кукуруза,Corn,Жўҳори,2019-M03,2019,2358.0
006,Kepak,Отруби,Bran,Кепак,2019-M03,2019,1762.0
0008,Shrot,Шрот,Schroth,Шрот,2019-M03,2019,2358.0
009,Shulxa,Шелуха,Husk,Шулха,2019-M03,2019,1687.0
010,Kombikorm,Комбикорм,Compound feed,Комбикорм,2019-M03,2019,1773.0
011,Oliy navli bug'doy uni,Мука пшеничная высшего сорта,High-grade wheat flour,Олий навли буғдой уни,2019-M03,2019,0.0
0012,1-navli bug'doy uni,Мука пшеничная первого сорта,First grade wheat flour,1-навли буғдой уни,2019-M03,2019,0.0
013,1-nav bug'doy unidan non,Хлеб пшеничный из муки 1-го сорта,Wheat bread from 1st grade flour,1-нав буғдой унидан нон,2019-M03,2019,0.0
017,Mol go'shti,Говядина,Beef,Мол гўшти,2019-M03,2019,38556.0
0020,Qo'y go'shti,Баранина,Mutton,Қўй гўшти,2019-M03,2019,41100.0
022,Tovuq go'shti,Мясо птицы,Poultry,Товуқ гўшти,2019-M03,2019,18084.0
026,Turli baliqlar,Рыба всякая,Fish of all kinds,Турли балиқлар,2019-M03,2019,15117.0
027,Yangi sog'ilgan sut (1 litr),Молоко свежее (1 литр),Fresh milk (1 liter),Янги соғилган сут (1 литр),2019-M03,2019,3972.0
034,Tuxum (10 dona),Яйца (10 штук),Eggs (10 pieces ),Тухум (10 дона),2019-M03,2019,5365.0
035,Paxta yog'i (1 litr),Масло хлопковое (1 литр),Cottonseed oil (1 liter),Пахта ёғи (1 литр),2019-M03,2019,0.0
0036,Kungaboqar yog'i (1 litr),Масло подсолнечное (1 литр),Sunflower oil (1 liter),Кунгабоқар ёғи (1 литр),2019-M03,2019,0.0
037,Sariyog',Масло сливочное,Butter,Сариёғ,2019-M03,2019,37933.0
039,Limon,Лимоны,Lemons,Лимон,2019-M03,2019,8954.0
0040,Olma,Яблоки,Apples,Олма,2019-M03,2019,4053.0
041,Nok,Груши,Pears,Нок,2019-M03,2019,13105.0
049,Uzum,Виноград,Grape,Узум,2019-M03,2019,12591.0
0050,Tarvuz,Арбуз,Watermelon,Тарвуз,2019-M03,2019,3300.0
0051,Qovun,Дыня,Melon,Қовун,2019-M03,2019,3507.0
053,Mayiz,Кишмиш,Kishmish,Майиз,2019-M03,2019,22684.0
055,Karam,Капуста,Cabbage,Карам,2019-M03,2019,2465.0
057,Bodring,Огурцы,Cucumbers,Бодринг,2019-M03,2019,14380.0
058,Pomidor,Помидоры,Tomatoes,Помидор,2019-M03,2019,14160.0
059,Baqlajon,Баклажаны,Eggplant,Бақлажон,2019-M03,2019,0.0
0060,Bulg'or qalampiri,Перец болгарский,Bell pepper,Булғор қалампири,2019-M03,2019,26256.0
061,Qovoq,Тыква,Pumpkin,Қовоқ,2019-M03,2019,2426.0
063,Sabzi,Морковь,Carrot,Сабзи,2019-M03,2019,1681.0
065,Sarimsoq,Чеснок,Garlic,Саримсоқ,2019-M03,2019,3807.0
066,Piyoz,Лук репчатый,Onion,Пиёз,2019-M03,2019,1208.0
069,Kartoshka,Картофель,Potatoes,Картошка,2019-M03,2019,2380.0
0070,Loviya,Фасоль,Beans,Ловия,2019-M03,2019,6575.0
071,No'xot,Горох,Peas,Нўхот,2019-M03,2019,8451.0
0072,Mosh,Маш,Mash,Мош,2019-M03,2019,5906.0
073,Shakar,Сахар песок,Sugar,Шакар,2019-M03,2019,0.0
002,Kruppa yormasi,Крупа манная,Semolina,Круппа ёрмаси,2019-M03,2019,2208.0
001,Guruch,Рис,Rice,Гуруч,2019-M04,2019,9065.0
003,Arpa,Ячмень,Barley,Арпа,2019-M04,2019,2161.0
0004,Bug'doy,Пшеница,Wheat,Буғдой,2019-M04,2019,2256.0
005,Jo'hori,Кукуруза,Corn,Жўҳори,2019-M04,2019,2331.0
006,Kepak,Отруби,Bran,Кепак,2019-M04,2019,1531.0
0008,Shrot,Шрот,Schroth,Шрот,2019-M04,2019,2358.0
009,Shulxa,Шелуха,Husk,Шулха,2019-M04,2019,1727.0
010,Kombikorm,Комбикорм,Compound feed,Комбикорм,2019-M04,2019,1483.0
011,Oliy navli bug'doy uni,Мука пшеничная высшего сорта,High-grade wheat flour,Олий навли буғдой уни,2019-M04,2019,0.0
0012,1-navli bug'doy uni,Мука пшеничная первого сорта,First grade wheat flour,1-навли буғдой уни,2019-M04,2019,0.0
013,1-nav bug'doy unidan non,Хлеб пшеничный из муки 1-го сорта,Wheat bread from 1st grade flour,1-нав буғдой унидан нон,2019-M04,2019,0.0
017,Mol go'shti,Говядина,Beef,Мол гўшти,2019-M04,2019,38469.0
0020,Qo'y go'shti,Баранина,Mutton,Қўй гўшти,2019-M04,2019,40998.0
022,Tovuq go'shti,Мясо птицы,Poultry,Товуқ гўшти,2019-M04,2019,17449.0
026,Turli baliqlar,Рыба всякая,Fish of all kinds,Турли балиқлар,2019-M04,2019,15404.0
027,Yangi sog'ilgan sut (1 litr),Молоко свежее (1 литр),Fresh milk (1 liter),Янги соғилган сут (1 литр),2019-M04,2019,3895.0
034,Tuxum (10 dona),Яйца (10 штук),Eggs (10 pieces ),Тухум (10 дона),2019-M04,2019,5314.0
035,Paxta yog'i (1 litr),Масло хлопковое (1 литр),Cottonseed oil (1 liter),Пахта ёғи (1 литр),2019-M04,2019,0.0
0036,Kungaboqar yog'i (1 litr),Масло подсолнечное (1 литр),Sunflower oil (1 liter),Кунгабоқар ёғи (1 литр),2019-M04,2019,0.0
037,Sariyog',Масло сливочное,Butter,Сариёғ,2019-M04,2019,38391.0
039,Limon,Лимоны,Lemons,Лимон,2019-M04,2019,10103.0
0040,Olma,Яблоки,Apples,Олма,2019-M04,2019,4116.0
041,Nok,Груши,Pears,Нок,2019-M04,2019,15890.0
049,Uzum,Виноград,Grape,Узум,2019-M04,2019,14022.0
0050,Tarvuz,Арбуз,Watermelon,Тарвуз,2019-M04,2019,0.0
0051,Qovun,Дыня,Melon,Қовун,2019-M04,2019,4975.0
053,Mayiz,Кишмиш,Kishmish,Майиз,2019-M04,2019,22684.0
055,Karam,Капуста,Cabbage,Карам,2019-M04,2019,2933.0
057,Bodring,Огурцы,Cucumbers,Бодринг,2019-M04,2019,8001.0
058,Pomidor,Помидоры,Tomatoes,Помидор,2019-M04,2019,15179.0
059,Baqlajon,Баклажаны,Eggplant,Бақлажон,2019-M04,2019,0.0
0060,Bulg'or qalampiri,Перец болгарский,Bell pepper,Булғор қалампири,2019-M04,2019,28944.0
061,Qovoq,Тыква,Pumpkin,Қовоқ,2019-M04,2019,2911.0
063,Sabzi,Морковь,Carrot,Сабзи,2019-M04,2019,2106.0
065,Sarimsoq,Чеснок,Garlic,Саримсоқ,2019-M04,2019,3661.0
066,Piyoz,Лук репчатый,Onion,Пиёз,2019-M04,2019,1400.0
069,Kartoshka,Картофель,Potatoes,Картошка,2019-M04,2019,2300.0
0070,Loviya,Фасоль,Beans,Ловия,2019-M04,2019,6597.0
071,No'xot,Горох,Peas,Нўхот,2019-M04,2019,8434.0
0072,Mosh,Маш,Mash,Мош,2019-M04,2019,5922.0
073,Shakar,Сахар песок,Sugar,Шакар,2019-M04,2019,0.0
002,Kruppa yormasi,Крупа манная,Semolina,Круппа ёрмаси,2019-M04,2019,2161.0
001,Guruch,Рис,Rice,Гуруч,2019-M05,2019,9313.0
003,Arpa,Ячмень,Barley,Арпа,2019-M05,2019,2295.0
0004,Bug'doy,Пшеница,Wheat,Буғдой,2019-M05,2019,2310.0
005,Jo'hori,Кукуруза,Corn,Жўҳори,2019-M05,2019,2533.0
006,Kepak,Отруби,Bran,Кепак,2019-M05,2019,1632.0
0008,Shrot,Шрот,Schroth,Шрот,2019-M05,2019,2408.0
009,Shulxa,Шелуха,Husk,Шулха,2019-M05,2019,1727.0
010,Kombikorm,Комбикорм,Compound feed,Комбикорм,2019-M05,2019,1483.0
011,Oliy navli bug'doy uni,Мука пшеничная высшего сорта,High-grade wheat flour,Олий навли буғдой уни,2019-M05,2019,0.0
0012,1-navli bug'doy uni,Мука пшеничная первого сорта,First grade wheat flour,1-навли буғдой уни,2019-M05,2019,0.0
013,1-nav bug'doy unidan non,Хлеб пшеничный из муки 1-го сорта,Wheat bread from 1st grade flour,1-нав буғдой унидан нон,2019-M05,2019,0.0
017,Mol go'shti,Говядина,Beef,Мол гўшти,2019-M05,2019,38546.0
0020,Qo'y go'shti,Баранина,Mutton,Қўй гўшти,2019-M05,2019,40956.0
022,Tovuq go'shti,Мясо птицы,Poultry,Товуқ гўшти,2019-M05,2019,17432.0
026,Turli baliqlar,Рыба всякая,Fish of all kinds,Турли балиқлар,2019-M05,2019,17298.0
027,Yangi sog'ilgan sut (1 litr),Молоко свежее (1 литр),Fresh milk (1 liter),Янги соғилган сут (1 литр),2019-M05,2019,3406.0
034,Tuxum (10 dona),Яйца (10 штук),Eggs (10 pieces ),Тухум (10 дона),2019-M05,2019,5424.0
035,Paxta yog'i (1 litr),Масло хлопковое (1 литр),Cottonseed oil (1 liter),Пахта ёғи (1 литр),2019-M05,2019,0.0
0036,Kungaboqar yog'i (1 litr),Масло подсолнечное (1 литр),Sunflower oil (1 liter),Кунгабоқар ёғи (1 литр),2019-M05,2019,0.0
037,Sariyog',Масло сливочное,Butter,Сариёғ,2019-M05,2019,38420.0
039,Limon,Лимоны,Lemons,Лимон,2019-M05,2019,13740.0
0040,Olma,Яблоки,Apples,Олма,2019-M05,2019,5919.0
041,Nok,Груши,Pears,Нок,2019-M05,2019,18140.0
049,Uzum,Виноград,Grape,Узум,2019-M05,2019,0.0
0050,Tarvuz,Арбуз,Watermelon,Тарвуз,2019-M05,2019,0.0
0051,Qovun,Дыня,Melon,Қовун,2019-M05,2019,0.0
053,Mayiz,Кишмиш,Kishmish,Майиз,2019-M05,2019,22684.0
055,Karam,Капуста,Cabbage,Карам,2019-M05,2019,2741.0
057,Bodring,Огурцы,Cucumbers,Бодринг,2019-M05,2019,2472.0
058,Pomidor,Помидоры,Tomatoes,Помидор,2019-M05,2019,11159.0
059,Baqlajon,Баклажаны,Eggplant,Бақлажон,2019-M05,2019,17063.0
0060,Bulg'or qalampiri,Перец болгарский,Bell pepper,Булғор қалампири,2019-M05,2019,23803.0
061,Qovoq,Тыква,Pumpkin,Қовоқ,2019-M05,2019,5829.0
063,Sabzi,Морковь,Carrot,Сабзи,2019-M05,2019,2552.0
065,Sarimsoq,Чеснок,Garlic,Саримсоқ,2019-M05,2019,3254.0
066,Piyoz,Лук репчатый,Onion,Пиёз,2019-M05,2019,2621.0
069,Kartoshka,Картофель,Potatoes,Картошка,2019-M05,2019,2686.0
0070,Loviya,Фасоль,Beans,Ловия,2019-M05,2019,7394.0
071,No'xot,Горох,Peas,Нўхот,2019-M05,2019,8488.0
0072,Mosh,Маш,Mash,Мош,2019-M05,2019,7098.0
073,Shakar,Сахар песок,Sugar,Шакар,2019-M05,2019,0.0
002,Kruppa yormasi,Крупа манная,Semolina,Круппа ёрмаси,2019-M05,2019,2295.0
001,Guruch,Рис,Rice,Гуруч,2019-M06,2019,9846.0
003,Arpa,Ячмень,Barley,Арпа,2019-M06,2019,2506.0
0004,Bug'doy,Пшеница,Wheat,Буғдой,2019-M06,2019,2387.0
005,Jo'hori,Кукуруза,Corn,Жўҳори,2019-M06,2019,2777.0
006,Kepak,Отруби,Bran,Кепак,2019-M06,2019,1651.0
0008,Shrot,Шрот,Schroth,Шрот,2019-M06,2019,2435.0
009,Shulxa,Шелуха,Husk,Шулха,2019-M06,2019,2049.0
010,Kombikorm,Комбикорм,Compound feed,Комбикорм,2019-M06,2019,1487.0
011,Oliy navli bug'doy uni,Мука пшеничная высшего сорта,High-grade wheat flour,Олий навли буғдой уни,2019-M06,2019,0.0
0012,1-navli bug'doy uni,Мука пшеничная первого сорта,First grade wheat flour,1-навли буғдой уни,2019-M06,2019,0.0
013,1-nav bug'doy unidan non,Хлеб пшеничный из муки 1-го сорта,Wheat bread from 1st grade flour,1-нав буғдой унидан нон,2019-M06,2019,0.0
017,Mol go'shti,Говядина,Beef,Мол гўшти,2019-M06,2019,38506.0
0020,Qo'y go'shti,Баранина,Mutton,Қўй гўшти,2019-M06,2019,41002.0
022,Tovuq go'shti,Мясо птицы,Poultry,Товуқ гўшти,2019-M06,2019,17357.0
026,Turli baliqlar,Рыба всякая,Fish of all kinds,Турли балиқлар,2019-M06,2019,18188.0
027,Yangi sog'ilgan sut (1 litr),Молоко свежее (1 литр),Fresh milk (1 liter),Янги соғилган сут (1 литр),2019-M06,2019,3390.0
034,Tuxum (10 dona),Яйца (10 штук),Eggs (10 pieces ),Тухум (10 дона),2019-M06,2019,5474.0
035,Paxta yog'i (1 litr),Масло хлопковое (1 литр),Cottonseed oil (1 liter),Пахта ёғи (1 литр),2019-M06,2019,0.0
0036,Kungaboqar yog'i (1 litr),Масло подсолнечное (1 литр),Sunflower oil (1 liter),Кунгабоқар ёғи (1 литр),2019-M06,2019,0.0
037,Sariyog',Масло сливочное,Butter,Сариёғ,2019-M06,2019,38469.0
039,Limon,Лимоны,Lemons,Лимон,2019-M06,2019,17581.0
0040,Olma,Яблоки,Apples,Олма,2019-M06,2019,5824.0
041,Nok,Груши,Pears,Нок,2019-M06,2019,18356.0
049,Uzum,Виноград,Grape,Узум,2019-M06,2019,10430.0
0050,Tarvuz,Арбуз,Watermelon,Тарвуз,2019-M06,2019,2829.0
0051,Qovun,Дыня,Melon,Қовун,2019-M06,2019,5688.0
053,Mayiz,Кишмиш,Kishmish,Майиз,2019-M06,2019,22655.0
055,Karam,Капуста,Cabbage,Карам,2019-M06,2019,2066.0
057,Bodring,Огурцы,Cucumbers,Бодринг,2019-M06,2019,1314.0
058,Pomidor,Помидоры,Tomatoes,Помидор,2019-M06,2019,3788.0
059,Baqlajon,Баклажаны,Eggplant,Бақлажон,2019-M06,2019,4207.0
0060,Bulg'or qalampiri,Перец болгарский,Bell pepper,Булғор қалампири,2019-M06,2019,6741.0
061,Qovoq,Тыква,Pumpkin,Қовоқ,2019-M06,2019,5645.0
063,Sabzi,Морковь,Carrot,Сабзи,2019-M06,2019,2497.0
065,Sarimsoq,Чеснок,Garlic,Саримсоқ,2019-M06,2019,3824.0
066,Piyoz,Лук репчатый,Onion,Пиёз,2019-M06,2019,2844.0
069,Kartoshka,Картофель,Potatoes,Картошка,2019-M06,2019,1996.0
0070,Loviya,Фасоль,Beans,Ловия,2019-M06,2019,7784.0
071,No'xot,Горох,Peas,Нўхот,2019-M06,2019,8504.0
0072,Mosh,Маш,Mash,Мош,2019-M06,2019,7656.0
073,Shakar,Сахар песок,Sugar,Шакар,2019-M06,2019,0.0
002,Kruppa yormasi,Крупа манная,Semolina,Круппа ёрмаси,2019-M06,2019,2506.0
001,Guruch,Рис,Rice,Гуруч,2019-M07,2019,10579.0
003,Arpa,Ячмень,Barley,Арпа,2019-M07,2019,2603.0
0004,Bug'doy,Пшеница,Wheat,Буғдой,2019-M07,2019,2426.0
005,Jo'hori,Кукуруза,Corn,Жўҳори,2019-M07,2019,2815.0
006,Kepak,Отруби,Bran,Кепак,2019-M07,2019,1660.0
0008,Shrot,Шрот,Schroth,Шрот,2019-M07,2019,2436.0
009,Shulxa,Шелуха,Husk,Шулха,2019-M07,2019,2211.0
010,Kombikorm,Комбикорм,Compound feed,Комбикорм,2019-M07,2019,1488.0
011,Oliy navli bug'doy uni,Мука пшеничная высшего сорта,High-grade wheat flour,Олий навли буғдой уни,2019-M07,2019,0.0
0012,1-navli bug'doy uni,Мука пшеничная первого сорта,First grade wheat flour,1-навли буғдой уни,2019-M07,2019,0.0
013,1-nav bug'doy unidan non,Хлеб пшеничный из муки 1-го сорта,Wheat bread from 1st grade flour,1-нав буғдой унидан нон,2019-M07,2019,0.0
017,Mol go'shti,Говядина,Beef,Мол гўшти,2019-M07,2019,38956.0
0020,Qo'y go'shti,Баранина,Mutton,Қўй гўшти,2019-M07,2019,41113.0
022,Tovuq go'shti,Мясо птицы,Poultry,Товуқ гўшти,2019-M07,2019,17319.0
026,Turli baliqlar,Рыба всякая,Fish of all kinds,Турли балиқлар,2019-M07,2019,0.0
027,Yangi sog'ilgan sut (1 litr),Молоко свежее (1 литр),Fresh milk (1 liter),Янги соғилган сут (1 литр),2019-M07,2019,3356.0
034,Tuxum (10 dona),Яйца (10 штук),Eggs (10 pieces ),Тухум (10 дона),2019-M07,2019,5419.0
035,Paxta yog'i (1 litr),Масло хлопковое (1 литр),Cottonseed oil (1 liter),Пахта ёғи (1 литр),2019-M07,2019,0.0
0036,Kungaboqar yog'i (1 litr),Масло подсолнечное (1 литр),Sunflower oil (1 liter),Кунгабоқар ёғи (1 литр),2019-M07,2019,0.0
037,Sariyog',Масло сливочное,Butter,Сариёғ,2019-M07,2019,38469.0
039,Limon,Лимоны,Lemons,Лимон,2019-M07,2019,19627.0
0040,Olma,Яблоки,Apples,Олма,2019-M07,2019,5440.0
041,Nok,Груши,Pears,Нок,2019-M07,2019,7953.0
049,Uzum,Виноград,Grape,Узум,2019-M07,2019,7814.0
0050,Tarvuz,Арбуз,Watermelon,Тарвуз,2019-M07,2019,964.0
0051,Qovun,Дыня,Melon,Қовун,2019-M07,2019,3440.0
053,Mayiz,Кишмиш,Kishmish,Майиз,2019-M07,2019,22705.0
055,Karam,Капуста,Cabbage,Карам,2019-M07,2019,1254.0
057,Bodring,Огурцы,Cucumbers,Бодринг,2019-M07,2019,2099.0
058,Pomidor,Помидоры,Tomatoes,Помидор,2019-M07,2019,2653.0
059,Baqlajon,Баклажаны,Eggplant,Бақлажон,2019-M07,2019,1714.0
0060,Bulg'or qalampiri,Перец болгарский,Bell pepper,Булғор қалампири,2019-M07,2019,2831.0
061,Qovoq,Тыква,Pumpkin,Қовоқ,2019-M07,2019,3472.0
063,Sabzi,Морковь,Carrot,Сабзи,2019-M07,2019,2438.0
065,Sarimsoq,Чеснок,Garlic,Саримсоқ,2019-M07,2019,4769.0
066,Piyoz,Лук репчатый,Onion,Пиёз,2019-M07,2019,2709.0
069,Kartoshka,Картофель,Potatoes,Картошка,2019-M07,2019,1893.0
0070,Loviya,Фасоль,Beans,Ловия,2019-M07,2019,7784.0
071,No'xot,Горох,Peas,Нўхот,2019-M07,2019,8513.0
0072,Mosh,Маш,Mash,Мош,2019-M07,2019,7656.0
073,Shakar,Сахар песок,Sugar,Шакар,2019-M07,2019,0.0
002,Kruppa yormasi,Крупа манная,Semolina,Круппа ёрмаси,2019-M07,2019,2603.0
001,Guruch,Рис,Rice,Гуруч,2019-M08,2019,10284.0
003,Arpa,Ячмень,Barley,Арпа,2019-M08,2019,2441.0
0004,Bug'doy,Пшеница,Wheat,Буғдой,2019-M08,2019,1938.0
005,Jo'hori,Кукуруза,Corn,Жўҳори,2019-M08,2019,2801.0
006,Kepak,Отруби,Bran,Кепак,2019-M08,2019,1660.0
0008,Shrot,Шрот,Schroth,Шрот,2019-M08,2019,2512.0
009,Shulxa,Шелуха,Husk,Шулха,2019-M08,2019,2233.0
010,Kombikorm,Комбикорм,Compound feed,Комбикорм,2019-M08,2019,1488.0
011,Oliy navli bug'doy uni,Мука пшеничная высшего сорта,High-grade wheat flour,Олий навли буғдой уни,2019-M08,2019,0.0
0012,1-navli bug'doy uni,Мука пшеничная первого сорта,First grade wheat flour,1-навли буғдой уни,2019-M08,2019,0.0
013,1-nav bug'doy unidan non,Хлеб пшеничный из муки 1-го сорта,Wheat bread from 1st grade flour,1-нав буғдой унидан нон,2019-M08,2019,0.0
017,Mol go'shti,Говядина,Beef,Мол гўшти,2019-M08,2019,41571.0
0020,Qo'y go'shti,Баранина,Mutton,Қўй гўшти,2019-M08,2019,42635.0
022,Tovuq go'shti,Мясо птицы,Poultry,Товуқ гўшти,2019-M08,2019,17848.0
026,Turli baliqlar,Рыба всякая,Fish of all kinds,Турли балиқлар,2019-M08,2019,0.0
027,Yangi sog'ilgan sut (1 litr),Молоко свежее (1 литр),Fresh milk (1 liter),Янги соғилган сут (1 литр),2019-M08,2019,3363.0
034,Tuxum (10 dona),Яйца (10 штук),Eggs (10 pieces ),Тухум (10 дона),2019-M08,2019,5392.0
035,Paxta yog'i (1 litr),Масло хлопковое (1 литр),Cottonseed oil (1 liter),Пахта ёғи (1 литр),2019-M08,2019,0.0
0036,Kungaboqar yog'i (1 litr),Масло подсолнечное (1 литр),Sunflower oil (1 liter),Кунгабоқар ёғи (1 литр),2019-M08,2019,0.0
037,Sariyog',Масло сливочное,Butter,Сариёғ,2019-M08,2019,38469.0
039,Limon,Лимоны,Lemons,Лимон,2019-M08,2019,22000.0
0040,Olma,Яблоки,Apples,Олма,2019-M08,2019,5419.0
041,Nok,Груши,Pears,Нок,2019-M08,2019,7767.0
049,Uzum,Виноград,Grape,Узум,2019-M08,2019,6489.0
0050,Tarvuz,Арбуз,Watermelon,Тарвуз,2019-M08,2019,1162.0
0051,Qovun,Дыня,Melon,Қовун,2019-M08,2019,2589.0
053,Mayiz,Кишмиш,Kishmish,Майиз,2019-M08,2019,22834.0
055,Karam,Капуста,Cabbage,Карам,2019-M08,2019,1198.0
057,Bodring,Огурцы,Cucumbers,Бодринг,2019-M08,2019,3259.0
058,Pomidor,Помидоры,Tomatoes,Помидор,2019-M08,2019,2587.0
059,Baqlajon,Баклажаны,Eggplant,Бақлажон,2019-M08,2019,2027.0
0060,Bulg'or qalampiri,Перец болгарский,Bell pepper,Булғор қалампири,2019-M08,2019,2592.0
061,Qovoq,Тыква,Pumpkin,Қовоқ,2019-M08,2019,2525.0
063,Sabzi,Морковь,Carrot,Сабзи,2019-M08,2019,2374.0
065,Sarimsoq,Чеснок,Garlic,Саримсоқ,2019-M08,2019,5206.0
066,Piyoz,Лук репчатый,Onion,Пиёз,2019-M08,2019,2207.0
069,Kartoshka,Картофель,Potatoes,Картошка,2019-M08,2019,2054.0
0070,Loviya,Фасоль,Beans,Ловия,2019-M08,2019,7819.0
071,No'xot,Горох,Peas,Нўхот,2019-M08,2019,7861.0
0072,Mosh,Маш,Mash,Мош,2019-M08,2019,7775.0
073,Shakar,Сахар песок,Sugar,Шакар,2019-M08,2019,0.0
002,Kruppa yormasi,Крупа манная,Semolina,Круппа ёрмаси,2019-M08,2019,2441.0
001,Guruch,Рис,Rice,Гуруч,2019-M09,2019,10284.0
003,Arpa,Ячмень,Barley,Арпа,2019-M09,2019,2434.0
0004,Bug'doy,Пшеница,Wheat,Буғдой,2019-M09,2019,1865.0
005,Jo'hori,Кукуруза,Corn,Жўҳори,2019-M09,2019,2637.0
006,Kepak,Отруби,Bran,Кепак,2019-M09,2019,1596.0
0008,Shrot,Шрот,Schroth,Шрот,2019-M09,2019,2667.0
009,Shulxa,Шелуха,Husk,Шулха,2019-M09,2019,2211.0
010,Kombikorm,Комбикорм,Compound feed,Комбикорм,2019-M09,2019,1543.0
011,Oliy navli bug'doy uni,Мука пшеничная высшего сорта,High-grade wheat flour,Олий навли буғдой уни,2019-M09,2019,0.0
0012,1-navli bug'doy uni,Мука пшеничная первого сорта,First grade wheat flour,1-навли буғдой уни,2019-M09,2019,0.0
013,1-nav bug'doy unidan non,Хлеб пшеничный из муки 1-го сорта,Wheat bread from 1st grade flour,1-нав буғдой унидан нон,2019-M09,2019,0.0
017,Mol go'shti,Говядина,Beef,Мол гўшти,2019-M09,2019,44805.0
0020,Qo'y go'shti,Баранина,Mutton,Қўй гўшти,2019-M09,2019,46190.0
022,Tovuq go'shti,Мясо птицы,Poultry,Товуқ гўшти,2019-M09,2019,18477.0
026,Turli baliqlar,Рыба всякая,Fish of all kinds,Турли балиқлар,2019-M09,2019,12656.0
027,Yangi sog'ilgan sut (1 litr),Молоко свежее (1 литр),Fresh milk (1 liter),Янги соғилган сут (1 литр),2019-M09,2019,3384.0
034,Tuxum (10 dona),Яйца (10 штук),Eggs (10 pieces ),Тухум (10 дона),2019-M09,2019,6831.0
035,Paxta yog'i (1 litr),Масло хлопковое (1 литр),Cottonseed oil (1 liter),Пахта ёғи (1 литр),2019-M09,2019,0.0
0036,Kungaboqar yog'i (1 litr),Масло подсолнечное (1 литр),Sunflower oil (1 liter),Кунгабоқар ёғи (1 литр),2019-M09,2019,0.0
037,Sariyog',Масло сливочное,Butter,Сариёғ,2019-M09,2019,40031.0
039,Limon,Лимоны,Lemons,Лимон,2019-M09,2019,24854.0
0040,Olma,Яблоки,Apples,Олма,2019-M09,2019,5669.0
041,Nok,Груши,Pears,Нок,2019-M09,2019,8094.0
049,Uzum,Виноград,Grape,Узум,2019-M09,2019,6251.0
0050,Tarvuz,Арбуз,Watermelon,Тарвуз,2019-M09,2019,1237.0
0051,Qovun,Дыня,Melon,Қовун,2019-M09,2019,2164.0
053,Mayiz,Кишмиш,Kishmish,Майиз,2019-M09,2019,22834.0
055,Karam,Капуста,Cabbage,Карам,2019-M09,2019,1895.0
057,Bodring,Огурцы,Cucumbers,Бодринг,2019-M09,2019,2485.0
058,Pomidor,Помидоры,Tomatoes,Помидор,2019-M09,2019,3326.0
059,Baqlajon,Баклажаны,Eggplant,Бақлажон,2019-M09,2019,2207.0
0060,Bulg'or qalampiri,Перец болгарский,Bell pepper,Булғор қалампири,2019-M09,2019,2731.0
061,Qovoq,Тыква,Pumpkin,Қовоқ,2019-M09,2019,2136.0
063,Sabzi,Морковь,Carrot,Сабзи,2019-M09,2019,2821.0
065,Sarimsoq,Чеснок,Garlic,Саримсоқ,2019-M09,2019,6304.0
066,Piyoz,Лук репчатый,Onion,Пиёз,2019-M09,2019,1978.0
069,Kartoshka,Картофель,Potatoes,Картошка,2019-M09,2019,2620.0
0070,Loviya,Фасоль,Beans,Ловия,2019-M09,2019,9127.0
071,No'xot,Горох,Peas,Нўхот,2019-M09,2019,7918.0
0072,Mosh,Маш,Mash,Мош,2019-M09,2019,9103.0
073,Shakar,Сахар песок,Sugar,Шакар,2019-M09,2019,0.0
002,Kruppa yormasi,Крупа манная,Semolina,Круппа ёрмаси,2019-M09,2019,2434.0
001,Guruch,Рис,Rice,Гуруч,2019-M10,2019,9886.0
003,Arpa,Ячмень,Barley,Арпа,2019-M10,2019,2434.0
0004,Bug'doy,Пшеница,Wheat,Буғдой,2019-M10,2019,1820.0
005,Jo'hori,Кукуруза,Corn,Жўҳори,2019-M10,2019,2553.0
006,Kepak,Отруби,Bran,Кепак,2019-M10,2019,1523.0
0008,Shrot,Шрот,Schroth,Шрот,2019-M10,2019,2768.0
009,Shulxa,Шелуха,Husk,Шулха,2019-M10,2019,2211.0
010,Kombikorm,Комбикорм,Compound feed,Комбикорм,2019-M10,2019,1717.0
011,Oliy navli bug'doy uni,Мука пшеничная высшего сорта,High-grade wheat flour,Олий навли буғдой уни,2019-M10,2019,0.0
0012,1-navli bug'doy uni,Мука пшеничная первого сорта,First grade wheat flour,1-навли буғдой уни,2019-M10,2019,0.0
013,1-nav bug'doy unidan non,Хлеб пшеничный из муки 1-го сорта,Wheat bread from 1st grade flour,1-нав буғдой унидан нон,2019-M10,2019,0.0
017,Mol go'shti,Говядина,Beef,Мол гўшти,2019-M10,2019,47236.0
0020,Qo'y go'shti,Баранина,Mutton,Қўй гўшти,2019-M10,2019,49148.0
022,Tovuq go'shti,Мясо птицы,Poultry,Товуқ гўшти,2019-M10,2019,20973.0
026,Turli baliqlar,Рыба всякая,Fish of all kinds,Турли балиқлар,2019-M10,2019,11623.0
027,Yangi sog'ilgan sut (1 litr),Молоко свежее (1 литр),Fresh milk (1 liter),Янги соғилган сут (1 литр),2019-M10,2019,3795.0
034,Tuxum (10 dona),Яйца (10 штук),Eggs (10 pieces ),Тухум (10 дона),2019-M10,2019,7776.0
035,Paxta yog'i (1 litr),Масло хлопковое (1 литр),Cottonseed oil (1 liter),Пахта ёғи (1 литр),2019-M10,2019,0.0
0036,Kungaboqar yog'i (1 litr),Масло подсолнечное (1 литр),Sunflower oil (1 liter),Кунгабоқар ёғи (1 литр),2019-M10,2019,0.0
037,Sariyog',Масло сливочное,Butter,Сариёғ,2019-M10,2019,41441.0
039,Limon,Лимоны,Lemons,Лимон,2019-M10,2019,15783.0
0040,Olma,Яблоки,Apples,Олма,2019-M10,2019,5950.0
041,Nok,Груши,Pears,Нок,2019-M10,2019,8506.0
049,Uzum,Виноград,Grape,Узум,2019-M10,2019,6619.0
0050,Tarvuz,Арбуз,Watermelon,Тарвуз,2019-M10,2019,1476.0
0051,Qovun,Дыня,Melon,Қовун,2019-M10,2019,1896.0
053,Mayiz,Кишмиш,Kishmish,Майиз,2019-M10,2019,22834.0
055,Karam,Капуста,Cabbage,Карам,2019-M10,2019,2289.0
057,Bodring,Огурцы,Cucumbers,Бодринг,2019-M10,2019,3707.0
058,Pomidor,Помидоры,Tomatoes,Помидор,2019-M10,2019,5172.0
059,Baqlajon,Баклажаны,Eggplant,Бақлажон,2019-M10,2019,2734.0
0060,Bulg'or qalampiri,Перец болгарский,Bell pepper,Булғор қалампири,2019-M10,2019,4319.0
061,Qovoq,Тыква,Pumpkin,Қовоқ,2019-M10,2019,1837.0
063,Sabzi,Морковь,Carrot,Сабзи,2019-M10,2019,2203.0
065,Sarimsoq,Чеснок,Garlic,Саримсоқ,2019-M10,2019,8443.0
066,Piyoz,Лук репчатый,Onion,Пиёз,2019-M10,2019,1562.0
069,Kartoshka,Картофель,Potatoes,Картошка,2019-M10,2019,2966.0
0070,Loviya,Фасоль,Beans,Ловия,2019-M10,2019,10305.0
071,No'xot,Горох,Peas,Нўхот,2019-M10,2019,8786.0
0072,Mosh,Маш,Mash,Мош,2019-M10,2019,10197.0
073,Shakar,Сахар песок,Sugar,Шакар,2019-M10,2019,0.0
002,Kruppa yormasi,Крупа манная,Semolina,Круппа ёрмаси,2019-M10,2019,2434.0
001,Guruch,Рис,Rice,Гуруч,2019-M11,2019,9504.0
003,Arpa,Ячмень,Barley,Арпа,2019-M11,2019,2443.0
0004,Bug'doy,Пшеница,Wheat,Буғдой,2019-M11,2019,2046.0
005,Jo'hori,Кукуруза,Corn,Жўҳори,2019-M11,2019,2360.0
006,Kepak,Отруби,Bran,Кепак,2019-M11,2019,1523.0
0008,Shrot,Шрот,Schroth,Шрот,2019-M11,2019,2673.0
009,Shulxa,Шелуха,Husk,Шулха,2019-M11,2019,2211.0
010,Kombikorm,Комбикорм,Compound feed,Комбикорм,2019-M11,2019,1717.0
011,Oliy navli bug'doy uni,Мука пшеничная высшего сорта,High-grade wheat flour,Олий навли буғдой уни,2019-M11,2019,0.0
0012,1-navli bug'doy uni,Мука пшеничная первого сорта,First grade wheat flour,1-навли буғдой уни,2019-M11,2019,0.0
013,1-nav bug'doy unidan non,Хлеб пшеничный из муки 1-го сорта,Wheat bread from 1st grade flour,1-нав буғдой унидан нон,2019-M11,2019,0.0
017,Mol go'shti,Говядина,Beef,Мол гўшти,2019-M11,2019,47376.0
0020,Qo'y go'shti,Баранина,Mutton,Қўй гўшти,2019-M11,2019,49994.0
022,Tovuq go'shti,Мясо птицы,Poultry,Товуқ гўшти,2019-M11,2019,22094.0
026,Turli baliqlar,Рыба всякая,Fish of all kinds,Турли балиқлар,2019-M11,2019,11365.0
027,Yangi sog'ilgan sut (1 litr),Молоко свежее (1 литр),Fresh milk (1 liter),Янги соғилган сут (1 литр),2019-M11,2019,3978.0
034,Tuxum (10 dona),Яйца (10 штук),Eggs (10 pieces ),Тухум (10 дона),2019-M11,2019,7682.0
035,Paxta yog'i (1 litr),Масло хлопковое (1 литр),Cottonseed oil (1 liter),Пахта ёғи (1 литр),2019-M11,2019,0.0
0036,Kungaboqar yog'i (1 litr),Масло подсолнечное (1 литр),Sunflower oil (1 liter),Кунгабоқар ёғи (1 литр),2019-M11,2019,0.0
037,Sariyog',Масло сливочное,Butter,Сариёғ,2019-M11,2019,41441.0
039,Limon,Лимоны,Lemons,Лимон,2019-M11,2019,11965.0
0040,Olma,Яблоки,Apples,Олма,2019-M11,2019,7439.0
041,Nok,Груши,Pears,Нок,2019-M11,2019,9322.0
049,Uzum,Виноград,Grape,Узум,2019-M11,2019,8385.0
0050,Tarvuz,Арбуз,Watermelon,Тарвуз,2019-M11,2019,2148.0
0051,Qovun,Дыня,Melon,Қовун,2019-M11,2019,2042.0
053,Mayiz,Кишмиш,Kishmish,Майиз,2019-M11,2019,22834.0
055,Karam,Капуста,Cabbage,Карам,2019-M11,2019,2175.0
057,Bodring,Огурцы,Cucumbers,Бодринг,2019-M11,2019,6766.0
058,Pomidor,Помидоры,Tomatoes,Помидор,2019-M11,2019,6351.0
059,Baqlajon,Баклажаны,Eggplant,Бақлажон,2019-M11,2019,2713.0
0060,Bulg'or qalampiri,Перец болгарский,Bell pepper,Булғор қалампири,2019-M11,2019,4609.0
061,Qovoq,Тыква,Pumpkin,Қовоқ,2019-M11,2019,1787.0
063,Sabzi,Морковь,Carrot,Сабзи,2019-M11,2019,1576.0
065,Sarimsoq,Чеснок,Garlic,Саримсоқ,2019-M11,2019,11340.0
066,Piyoz,Лук репчатый,Onion,Пиёз,2019-M11,2019,1394.0
069,Kartoshka,Картофель,Potatoes,Картошка,2019-M11,2019,2937.0
0070,Loviya,Фасоль,Beans,Ловия,2019-M11,2019,10698.0
071,No'xot,Горох,Peas,Нўхот,2019-M11,2019,8953.0
0072,Mosh,Маш,Mash,Мош,2019-M11,2019,10552.0
073,Shakar,Сахар песок,Sugar,Шакар,2019-M11,2019,0.0
002,Kruppa yormasi,Крупа манная,Semolina,Круппа ёрмаси,2019-M11,2019,2443.0
001,Guruch,Рис,Rice,Гуруч,2019-M12,2019,9230.0
003,Arpa,Ячмень,Barley,Арпа,2019-M12,2019,2594.0
0004,Bug'doy,Пшеница,Wheat,Буғдой,2019-M12,2019,2035.0
005,Jo'hori,Кукуруза,Corn,Жўҳори,2019-M12,2019,2525.0
006,Kepak,Отруби,Bran,Кепак,2019-M12,2019,1585.0
0008,Shrot,Шрот,Schroth,Шрот,2019-M12,2019,2680.0
009,Shulxa,Шелуха,Husk,Шулха,2019-M12,2019,2211.0
010,Kombikorm,Комбикорм,Compound feed,Комбикорм,2019-M12,2019,1774.0
011,Oliy navli bug'doy uni,Мука пшеничная высшего сорта,High-grade wheat flour,Олий навли буғдой уни,2019-M12,2019,0.0
0012,1-navli bug'doy uni,Мука пшеничная первого сорта,First grade wheat flour,1-навли буғдой уни,2019-M12,2019,0.0
013,1-nav bug'doy unidan non,Хлеб пшеничный из муки 1-го сорта,Wheat bread from 1st grade flour,1-нав буғдой унидан нон,2019-M12,2019,0.0
017,Mol go'shti,Говядина,Beef,Мол гўшти,2019-M12,2019,46479.0
0020,Qo'y go'shti,Баранина,Mutton,Қўй гўшти,2019-M12,2019,50413.0
022,Tovuq go'shti,Мясо птицы,Poultry,Товуқ гўшти,2019-M12,2019,22375.0
026,Turli baliqlar,Рыба всякая,Fish of all kinds,Турли балиқлар,2019-M12,2019,14044.0
027,Yangi sog'ilgan sut (1 litr),Молоко свежее (1 литр),Fresh milk (1 liter),Янги соғилган сут (1 литр),2019-M12,2019,3978.0
034,Tuxum (10 dona),Яйца (10 штук),Eggs (10 pieces ),Тухум (10 дона),2019-M12,2019,7670.0
035,Paxta yog'i (1 litr),Масло хлопковое (1 литр),Cottonseed oil (1 liter),Пахта ёғи (1 литр),2019-M12,2019,0.0
0036,Kungaboqar yog'i (1 litr),Масло подсолнечное (1 литр),Sunflower oil (1 liter),Кунгабоқар ёғи (1 литр),2019-M12,2019,0.0
037,Sariyog',Масло сливочное,Butter,Сариёғ,2019-M12,2019,42622.0
039,Limon,Лимоны,Lemons,Лимон,2019-M12,2019,8129.0
0040,Olma,Яблоки,Apples,Олма,2019-M12,2019,9363.0
041,Nok,Груши,Pears,Нок,2019-M12,2019,11064.0
049,Uzum,Виноград,Grape,Узум,2019-M12,2019,11375.0
0050,Tarvuz,Арбуз,Watermelon,Тарвуз,2019-M12,2019,2487.0
0051,Qovun,Дыня,Melon,Қовун,2019-M12,2019,2418.0
053,Mayiz,Кишмиш,Kishmish,Майиз,2019-M12,2019,23604.0
055,Karam,Капуста,Cabbage,Карам,2019-M12,2019,2096.0
057,Bodring,Огурцы,Cucumbers,Бодринг,2019-M12,2019,10897.0
058,Pomidor,Помидоры,Tomatoes,Помидор,2019-M12,2019,7847.0
059,Baqlajon,Баклажаны,Eggplant,Бақлажон,2019-M12,2019,4607.0
0060,Bulg'or qalampiri,Перец болгарский,Bell pepper,Булғор қалампири,2019-M12,2019,4963.0
061,Qovoq,Тыква,Pumpkin,Қовоқ,2019-M12,2019,1842.0
063,Sabzi,Морковь,Carrot,Сабзи,2019-M12,2019,1280.0
065,Sarimsoq,Чеснок,Garlic,Саримсоқ,2019-M12,2019,13628.0
066,Piyoz,Лук репчатый,Onion,Пиёз,2019-M12,2019,1797.0
069,Kartoshka,Картофель,Potatoes,Картошка,2019-M12,2019,2883.0
0070,Loviya,Фасоль,Beans,Ловия,2019-M12,2019,10806.0
071,No'xot,Горох,Peas,Нўхот,2019-M12,2019,9097.0
0072,Mosh,Маш,Mash,Мош,2019-M12,2019,10559.0
073,Shakar,Сахар песок,Sugar,Шакар,2019-M12,2019,0.0
002,Kruppa yormasi,Крупа манная,Semolina,Круппа ёрмаси,2019-M12,2019,2594.0
001,Guruch,Рис,Rice,Гуруч,2020-M01,2020,8966.0
003,Arpa,Ячмень,Barley,Арпа,2020-M01,2020,2801.0
0004,Bug'doy,Пшеница,Wheat,Буғдой,2020-M01,2020,2363.0
005,Jo'hori,Кукуруза,Corn,Жўҳори,2020-M01,2020,2754.0
006,Kepak,Отруби,Bran,Кепак,2020-M01,2020,1678.0
0008,Shrot,Шрот,Schroth,Шрот,2020-M01,2020,2705.0
009,Shulxa,Шелуха,Husk,Шулха,2020-M01,2020,2283.0
010,Kombikorm,Комбикорм,Compound feed,Комбикорм,2020-M01,2020,2031.0
011,Oliy navli bug'doy uni,Мука пшеничная высшего сорта,High-grade wheat flour,Олий навли буғдой уни,2020-M01,2020,0.0
0012,1-navli bug'doy uni,Мука пшеничная первого сорта,First grade wheat flour,1-навли буғдой уни,2020-M01,2020,0.0
013,1-nav bug'doy unidan non,Хлеб пшеничный из муки 1-го сорта,Wheat bread from 1st grade flour,1-нав буғдой унидан нон,2020-M01,2020,0.0
017,Mol go'shti,Говядина,Beef,Мол гўшти,2020-M01,2020,46156.0
0020,Qo'y go'shti,Баранина,Mutton,Қўй гўшти,2020-M01,2020,50413.0
022,Tovuq go'shti,Мясо птицы,Poultry,Товуқ гўшти,2020-M01,2020,22634.0
026,Turli baliqlar,Рыба всякая,Fish of all kinds,Турли балиқлар,2020-M01,2020,14384.0
027,Yangi sog'ilgan sut (1 litr),Молоко свежее (1 литр),Fresh milk (1 liter),Янги соғилган сут (1 литр),2020-M01,2020,3978.0
034,Tuxum (10 dona),Яйца (10 штук),Eggs (10 pieces ),Тухум (10 дона),2020-M01,2020,7552.0
035,Paxta yog'i (1 litr),Масло хлопковое (1 литр),Cottonseed oil (1 liter),Пахта ёғи (1 литр),2020-M01,2020,0.0
0036,Kungaboqar yog'i (1 litr),Масло подсолнечное (1 литр),Sunflower oil (1 liter),Кунгабоқар ёғи (1 литр),2020-M01,2020,0.0
037,Sariyog',Масло сливочное,Butter,Сариёғ,2020-M01,2020,43213.0
039,Limon,Лимоны,Lemons,Лимон,2020-M01,2020,7404.0
0040,Olma,Яблоки,Apples,Олма,2020-M01,2020,9503.0
041,Nok,Груши,Pears,Нок,2020-M01,2020,11318.0
049,Uzum,Виноград,Grape,Узум,2020-M01,2020,12463.0
0050,Tarvuz,Арбуз,Watermelon,Тарвуз,2020-M01,2020,0.0
0051,Qovun,Дыня,Melon,Қовун,2020-M01,2020,2677.0
053,Mayiz,Кишмиш,Kishmish,Майиз,2020-M01,2020,23928.0
055,Karam,Капуста,Cabbage,Карам,2020-M01,2020,2089.0
057,Bodring,Огурцы,Cucumbers,Бодринг,2020-M01,2020,13127.0
058,Pomidor,Помидоры,Tomatoes,Помидор,2020-M01,2020,10783.0
059,Baqlajon,Баклажаны,Eggplant,Бақлажон,2020-M01,2020,7741.0
0060,Bulg'or qalampiri,Перец болгарский,Bell pepper,Булғор қалампири,2020-M01,2020,8859.0
061,Qovoq,Тыква,Pumpkin,Қовоқ,2020-M01,2020,1926.0
063,Sabzi,Морковь,Carrot,Сабзи,2020-M01,2020,1286.0
065,Sarimsoq,Чеснок,Garlic,Саримсоқ,2020-M01,2020,14215.0
066,Piyoz,Лук репчатый,Onion,Пиёз,2020-M01,2020,1933.0
069,Kartoshka,Картофель,Potatoes,Картошка,2020-M01,2020,2973.0
0070,Loviya,Фасоль,Beans,Ловия,2020-M01,2020,11488.0
071,No'xot,Горох,Peas,Нўхот,2020-M01,2020,9099.0
0072,Mosh,Маш,Mash,Мош,2020-M01,2020,11181.0
073,Shakar,Сахар песок,Sugar,Шакар,2020-M01,2020,0.0
002,Kruppa yormasi,Крупа манная,Semolina,Круппа ёрмаси,2020-M01,2020,2801.0
001,Guruch,Рис,Rice,Гуруч,2020-M02,2020,8906.0
003,Arpa,Ячмень,Barley,Арпа,2020-M02,2020,2801.0
0004,Bug'doy,Пшеница,Wheat,Буғдой,2020-M02,2020,2363.0
005,Jo'hori,Кукуруза,Corn,Жўҳори,2020-M02,2020,2754.0
006,Kepak,Отруби,Bran,Кепак,2020-M02,2020,1687.0
0008,Shrot,Шрот,Schroth,Шрот,2020-M02,2020,2705.0
009,Shulxa,Шелуха,Husk,Шулха,2020-M02,2020,2287.0
010,Kombikorm,Комбикорм,Compound feed,Комбикорм,2020-M02,2020,2035.0
011,Oliy navli bug'doy uni,Мука пшеничная высшего сорта,High-grade wheat flour,Олий навли буғдой уни,2020-M02,2020,0.0
0012,1-navli bug'doy uni,Мука пшеничная первого сорта,First grade wheat flour,1-навли буғдой уни,2020-M02,2020,0.0
013,1-nav bug'doy unidan non,Хлеб пшеничный из муки 1-го сорта,Wheat bread from 1st grade flour,1-нав буғдой унидан нон,2020-M02,2020,0.0
017,Mol go'shti,Говядина,Beef,Мол гўшти,2020-M02,2020,46631.0
0020,Qo'y go'shti,Баранина,Mutton,Қўй гўшти,2020-M02,2020,50516.0
022,Tovuq go'shti,Мясо птицы,Poultry,Товуқ гўшти,2020-M02,2020,20197.0
026,Turli baliqlar,Рыба всякая,Fish of all kinds,Турли балиқлар,2020-M02,2020,13984.0
027,Yangi sog'ilgan sut (1 litr),Молоко свежее (1 литр),Fresh milk (1 liter),Янги соғилган сут (1 литр),2020-M02,2020,3978.0
034,Tuxum (10 dona),Яйца (10 штук),Eggs (10 pieces ),Тухум (10 дона),2020-M02,2020,7352.0
035,Paxta yog'i (1 litr),Масло хлопковое (1 литр),Cottonseed oil (1 liter),Пахта ёғи (1 литр),2020-M02,2020,0.0
0036,Kungaboqar yog'i (1 litr),Масло подсолнечное (1 литр),Sunflower oil (1 liter),Кунгабоқар ёғи (1 литр),2020-M02,2020,0.0
037,Sariyog',Масло сливочное,Butter,Сариёғ,2020-M02,2020,43213.0
039,Limon,Лимоны,Lemons,Лимон,2020-M02,2020,7319.0
0040,Olma,Яблоки,Apples,Олма,2020-M02,2020,9719.0
041,Nok,Груши,Pears,Нок,2020-M02,2020,12173.0
049,Uzum,Виноград,Grape,Узум,2020-M02,2020,13239.0
0050,Tarvuz,Арбуз,Watermelon,Тарвуз,2020-M02,2020,0.0
0051,Qovun,Дыня,Melon,Қовун,2020-M02,2020,3157.0
053,Mayiz,Кишмиш,Kishmish,Майиз,2020-M02,2020,24806.0
055,Karam,Капуста,Cabbage,Карам,2020-M02,2020,2070.0
057,Bodring,Огурцы,Cucumbers,Бодринг,2020-M02,2020,14901.0
058,Pomidor,Помидоры,Tomatoes,Помидор,2020-M02,2020,13905.0
059,Baqlajon,Баклажаны,Eggplant,Бақлажон,2020-M02,2020,0.0
0060,Bulg'or qalampiri,Перец болгарский,Bell pepper,Булғор қалампири,2020-M02,2020,15328.0
061,Qovoq,Тыква,Pumpkin,Қовоқ,2020-M02,2020,1999.0
063,Sabzi,Морковь,Carrot,Сабзи,2020-M02,2020,1493.0
065,Sarimsoq,Чеснок,Garlic,Саримсоқ,2020-M02,2020,15455.0
066,Piyoz,Лук репчатый,Onion,Пиёз,2020-M02,2020,2053.0
069,Kartoshka,Картофель,Potatoes,Картошка,2020-M02,2020,3353.0
0070,Loviya,Фасоль,Beans,Ловия,2020-M02,2020,11644.0
071,No'xot,Горох,Peas,Нўхот,2020-M02,2020,9120.0
0072,Mosh,Маш,Mash,Мош,2020-M02,2020,11072.0
073,Shakar,Сахар песок,Sugar,Шакар,2020-M02,2020,0.0
002,Kruppa yormasi,Крупа манная,Semolina,Круппа ёрмаси,2020-M02,2020,2801.0
001,Guruch,Рис,Rice,Гуруч,2020-M03,2020,8999.0
003,Arpa,Ячмень,Barley,Арпа,2020-M03,2020,2801.0
0004,Bug'doy,Пшеница,Wheat,Буғдой,2020-M03,2020,2380.0
005,Jo'hori,Кукуруза,Corn,Жўҳори,2020-M03,2020,2850.0
006,Kepak,Отруби,Bran,Кепак,2020-M03,2020,1750.0
0008,Shrot,Шрот,Schroth,Шрот,2020-M03,2020,2716.0
009,Shulxa,Шелуха,Husk,Шулха,2020-M03,2020,2314.0
010,Kombikorm,Комбикорм,Compound feed,Комбикорм,2020-M03,2020,2115.0
011,Oliy navli bug'doy uni,Мука пшеничная высшего сорта,High-grade wheat flour,Олий навли буғдой уни,2020-M03,2020,0.0
0012,1-navli bug'doy uni,Мука пшеничная первого сорта,First grade wheat flour,1-навли буғдой уни,2020-M03,2020,0.0
013,1-nav bug'doy unidan non,Хлеб пшеничный из муки 1-го сорта,Wheat bread from 1st grade flour,1-нав буғдой унидан нон,2020-M03,2020,0.0
017,Mol go'shti,Говядина,Beef,Мол гўшти,2020-M03,2020,48273.0
0020,Qo'y go'shti,Баранина,Mutton,Қўй гўшти,2020-M03,2020,50980.0
022,Tovuq go'shti,Мясо птицы,Poultry,Товуқ гўшти,2020-M03,2020,20120.0
026,Turli baliqlar,Рыба всякая,Fish of all kinds,Турли балиқлар,2020-M03,2020,14000.0
027,Yangi sog'ilgan sut (1 litr),Молоко свежее (1 литр),Fresh milk (1 liter),Янги соғилган сут (1 литр),2020-M03,2020,4022.0
034,Tuxum (10 dona),Яйца (10 штук),Eggs (10 pieces ),Тухум (10 дона),2020-M03,2020,6867.0
035,Paxta yog'i (1 litr),Масло хлопковое (1 литр),Cottonseed oil (1 liter),Пахта ёғи (1 литр),2020-M03,2020,0.0
0036,Kungaboqar yog'i (1 litr),Масло подсолнечное (1 литр),Sunflower oil (1 liter),Кунгабоқар ёғи (1 литр),2020-M03,2020,0.0
037,Sariyog',Масло сливочное,Butter,Сариёғ,2020-M03,2020,43213.0
039,Limon,Лимоны,Lemons,Лимон,2020-M03,2020,13078.0
0040,Olma,Яблоки,Apples,Олма,2020-M03,2020,10242.0
041,Nok,Груши,Pears,Нок,2020-M03,2020,15545.0
049,Uzum,Виноград,Grape,Узум,2020-M03,2020,14014.0
0050,Tarvuz,Арбуз,Watermelon,Тарвуз,2020-M03,2020,0.0
0051,Qovun,Дыня,Melon,Қовун,2020-M03,2020,5412.0
053,Mayiz,Кишмиш,Kishmish,Майиз,2020-M03,2020,30431.0
055,Karam,Капуста,Cabbage,Карам,2020-M03,2020,2100.0
057,Bodring,Огурцы,Cucumbers,Бодринг,2020-M03,2020,15561.0
058,Pomidor,Помидоры,Tomatoes,Помидор,2020-M03,2020,16822.0
059,Baqlajon,Баклажаны,Eggplant,Бақлажон,2020-M03,2020,0.0
0060,Bulg'or qalampiri,Перец болгарский,Bell pepper,Булғор қалампири,2020-M03,2020,33328.0
061,Qovoq,Тыква,Pumpkin,Қовоқ,2020-M03,2020,2217.0
063,Sabzi,Морковь,Carrot,Сабзи,2020-M03,2020,1482.0
065,Sarimsoq,Чеснок,Garlic,Саримсоқ,2020-M03,2020,29954.0
066,Piyoz,Лук репчатый,Onion,Пиёз,2020-M03,2020,2049.0
069,Kartoshka,Картофель,Potatoes,Картошка,2020-M03,2020,3569.0
0070,Loviya,Фасоль,Beans,Ловия,2020-M03,2020,11746.0
071,No'xot,Горох,Peas,Нўхот,2020-M03,2020,9238.0
0072,Mosh,Маш,Mash,Мош,2020-M03,2020,11197.0
073,Shakar,Сахар песок,Sugar,Шакар,2020-M03,2020,0.0
002,Kruppa yormasi,Крупа манная,Semolina,Круппа ёрмаси,2020-M03,2020,2801.0
001,Guruch,Рис,Rice,Гуруч,2020-M04,2020,9019.0
003,Arpa,Ячмень,Barley,Арпа,2020-M04,2020,2837.0
0004,Bug'doy,Пшеница,Wheat,Буғдой,2020-M04,2020,2557.0
005,Jo'hori,Кукуруза,Corn,Жўҳори,2020-M04,2020,2955.0
006,Kepak,Отруби,Bran,Кепак,2020-M04,2020,1934.0
0008,Shrot,Шрот,Schroth,Шрот,2020-M04,2020,2726.0
009,Shulxa,Шелуха,Husk,Шулха,2020-M04,2020,2331.0
010,Kombikorm,Комбикорм,Compound feed,Комбикорм,2020-M04,2020,2221.0
011,Oliy navli bug'doy uni,Мука пшеничная высшего сорта,High-grade wheat flour,Олий навли буғдой уни,2020-M04,2020,0.0
0012,1-navli bug'doy uni,Мука пшеничная первого сорта,First grade wheat flour,1-навли буғдой уни,2020-M04,2020,0.0
013,1-nav bug'doy unidan non,Хлеб пшеничный из муки 1-го сорта,Wheat bread from 1st grade flour,1-нав буғдой унидан нон,2020-M04,2020,0.0
017,Mol go'shti,Говядина,Beef,Мол гўшти,2020-M04,2020,49103.0
0020,Qo'y go'shti,Баранина,Mutton,Қўй гўшти,2020-M04,2020,51763.0
022,Tovuq go'shti,Мясо птицы,Poultry,Товуқ гўшти,2020-M04,2020,20097.0
026,Turli baliqlar,Рыба всякая,Fish of all kinds,Турли балиқлар,2020-M04,2020,14066.0
027,Yangi sog'ilgan sut (1 litr),Молоко свежее (1 литр),Fresh milk (1 liter),Янги соғилган сут (1 литр),2020-M04,2020,4022.0
034,Tuxum (10 dona),Яйца (10 штук),Eggs (10 pieces ),Тухум (10 дона),2020-M04,2020,8020.0
035,Paxta yog'i (1 litr),Масло хлопковое (1 литр),Cottonseed oil (1 liter),Пахта ёғи (1 литр),2020-M04,2020,0.0
0036,Kungaboqar yog'i (1 litr),Масло подсолнечное (1 литр),Sunflower oil (1 liter),Кунгабоқар ёғи (1 литр),2020-M04,2020,0.0
037,Sariyog',Масло сливочное,Butter,Сариёғ,2020-M04,2020,43723.0
039,Limon,Лимоны,Lemons,Лимон,2020-M04,2020,28270.0
0040,Olma,Яблоки,Apples,Олма,2020-M04,2020,10553.0
041,Nok,Груши,Pears,Нок,2020-M04,2020,17027.0
049,Uzum,Виноград,Grape,Узум,2020-M04,2020,18402.0
0050,Tarvuz,Арбуз,Watermelon,Тарвуз,2020-M04,2020,0.0
0051,Qovun,Дыня,Melon,Қовун,2020-M04,2020,0.0
053,Mayiz,Кишмиш,Kishmish,Майиз,2020-M04,2020,34506.0
055,Karam,Капуста,Cabbage,Карам,2020-M04,2020,2147.0
057,Bodring,Огурцы,Cucumbers,Бодринг,2020-M04,2020,6832.0
058,Pomidor,Помидоры,Tomatoes,Помидор,2020-M04,2020,14535.0
059,Baqlajon,Баклажаны,Eggplant,Бақлажон,2020-M04,2020,0.0
0060,Bulg'or qalampiri,Перец болгарский,Bell pepper,Булғор қалампири,2020-M04,2020,37941.0
061,Qovoq,Тыква,Pumpkin,Қовоқ,2020-M04,2020,2285.0
063,Sabzi,Морковь,Carrot,Сабзи,2020-M04,2020,1691.0
065,Sarimsoq,Чеснок,Garlic,Саримсоқ,2020-M04,2020,40341.0
066,Piyoz,Лук репчатый,Onion,Пиёз,2020-M04,2020,2555.0
069,Kartoshka,Картофель,Potatoes,Картошка,2020-M04,2020,4594.0
0070,Loviya,Фасоль,Beans,Ловия,2020-M04,2020,12178.0
071,No'xot,Горох,Peas,Нўхот,2020-M04,2020,9219.0
0072,Mosh,Маш,Mash,Мош,2020-M04,2020,11228.0
073,Shakar,Сахар песок,Sugar,Шакар,2020-M04,2020,0.0
002,Kruppa yormasi,Крупа манная,Semolina,Круппа ёрмаси,2020-M04,2020,2837.0
001,Guruch,Рис,Rice,Гуруч,2020-M05,2020,9057.0
003,Arpa,Ячмень,Barley,Арпа,2020-M05,2020,3224.0
0004,Bug'doy,Пшеница,Wheat,Буғдой,2020-M05,2020,3309.0
005,Jo'hori,Кукуруза,Corn,Жўҳори,2020-M05,2020,3255.0
006,Kepak,Отруби,Bran,Кепак,2020-M05,2020,2117.0
0008,Shrot,Шрот,Schroth,Шрот,2020-M05,2020,2733.0
009,Shulxa,Шелуха,Husk,Шулха,2020-M05,2020,2359.0
010,Kombikorm,Комбикорм,Compound feed,Комбикорм,2020-M05,2020,2288.0
011,Oliy navli bug'doy uni,Мука пшеничная высшего сорта,High-grade wheat flour,Олий навли буғдой уни,2020-M05,2020,0.0
0012,1-navli bug'doy uni,Мука пшеничная первого сорта,First grade wheat flour,1-навли буғдой уни,2020-M05,2020,0.0
013,1-nav bug'doy unidan non,Хлеб пшеничный из муки 1-го сорта,Wheat bread from 1st grade flour,1-нав буғдой унидан нон,2020-M05,2020,0.0
017,Mol go'shti,Говядина,Beef,Мол гўшти,2020-M05,2020,49270.0
0020,Qo'y go'shti,Баранина,Mutton,Қўй гўшти,2020-M05,2020,51869.0
022,Tovuq go'shti,Мясо птицы,Poultry,Товуқ гўшти,2020-M05,2020,20097.0
026,Turli baliqlar,Рыба всякая,Fish of all kinds,Турли балиқлар,2020-M05,2020,14266.0
027,Yangi sog'ilgan sut (1 litr),Молоко свежее (1 литр),Fresh milk (1 liter),Янги соғилган сут (1 литр),2020-M05,2020,4022.0
034,Tuxum (10 dona),Яйца (10 штук),Eggs (10 pieces ),Тухум (10 дона),2020-M05,2020,8181.0
035,Paxta yog'i (1 litr),Масло хлопковое (1 литр),Cottonseed oil (1 liter),Пахта ёғи (1 литр),2020-M05,2020,0.0
0036,Kungaboqar yog'i (1 litr),Масло подсолнечное (1 литр),Sunflower oil (1 liter),Кунгабоқар ёғи (1 литр),2020-M05,2020,0.0
037,Sariyog',Масло сливочное,Butter,Сариёғ,2020-M05,2020,45902.0
039,Limon,Лимоны,Lemons,Лимон,2020-M05,2020,33919.0
0040,Olma,Яблоки,Apples,Олма,2020-M05,2020,10716.0
041,Nok,Груши,Pears,Нок,2020-M05,2020,17578.0
049,Uzum,Виноград,Grape,Узум,2020-M05,2020,0.0
0050,Tarvuz,Арбуз,Watermelon,Тарвуз,2020-M05,2020,0.0
0051,Qovun,Дыня,Melon,Қовун,2020-M05,2020,0.0
053,Mayiz,Кишмиш,Kishmish,Майиз,2020-M05,2020,36380.0
055,Karam,Капуста,Cabbage,Карам,2020-M05,2020,950.0
057,Bodring,Огурцы,Cucumbers,Бодринг,2020-M05,2020,3556.0
058,Pomidor,Помидоры,Tomatoes,Помидор,2020-M05,2020,9886.0
059,Baqlajon,Баклажаны,Eggplant,Бақлажон,2020-M05,2020,16223.0
0060,Bulg'or qalampiri,Перец болгарский,Bell pepper,Булғор қалампири,2020-M05,2020,22323.0
061,Qovoq,Тыква,Pumpkin,Қовоқ,2020-M05,2020,5645.0
063,Sabzi,Морковь,Carrot,Сабзи,2020-M05,2020,1766.0
065,Sarimsoq,Чеснок,Garlic,Саримсоқ,2020-M05,2020,25205.0
066,Piyoz,Лук репчатый,Onion,Пиёз,2020-M05,2020,2399.0
069,Kartoshka,Картофель,Potatoes,Картошка,2020-M05,2020,4182.0
0070,Loviya,Фасоль,Beans,Ловия,2020-M05,2020,17300.0
071,No'xot,Горох,Peas,Нўхот,2020-M05,2020,10555.0
0072,Mosh,Маш,Mash,Мош,2020-M05,2020,11913.0
073,Shakar,Сахар песок,Sugar,Шакар,2020-M05,2020,0.0
002,Kruppa yormasi,Крупа манная,Semolina,Круппа ёрмаси,2020-M05,2020,3224.0
001,Guruch,Рис,Rice,Гуруч,2020-M06,2020,9126.0
003,Arpa,Ячмень,Barley,Арпа,2020-M06,2020,3053.0
0004,Bug'doy,Пшеница,Wheat,Буғдой,2020-M06,2020,2864.0
005,Jo'hori,Кукуруза,Corn,Жўҳори,2020-M06,2020,3278.0
006,Kepak,Отруби,Bran,Кепак,2020-M06,2020,2187.0
0008,Shrot,Шрот,Schroth,Шрот,2020-M06,2020,2739.0
009,Shulxa,Шелуха,Husk,Шулха,2020-M06,2020,2246.0
010,Kombikorm,Комбикорм,Compound feed,Комбикорм,2020-M06,2020,2337.0
011,Oliy navli bug'doy uni,Мука пшеничная высшего сорта,High-grade wheat flour,Олий навли буғдой уни,2020-M06,2020,0.0
0012,1-navli bug'doy uni,Мука пшеничная первого сорта,First grade wheat flour,1-навли буғдой уни,2020-M06,2020,0.0
013,1-nav bug'doy unidan non,Хлеб пшеничный из муки 1-го сорта,Wheat bread from 1st grade flour,1-нав буғдой унидан нон,2020-M06,2020,0.0
017,Mol go'shti,Говядина,Beef,Мол гўшти,2020-M06,2020,49339.0
0020,Qo'y go'shti,Баранина,Mutton,Қўй гўшти,2020-M06,2020,51869.0
022,Tovuq go'shti,Мясо птицы,Poultry,Товуқ гўшти,2020-M06,2020,20097.0
026,Turli baliqlar,Рыба всякая,Fish of all kinds,Турли балиқлар,2020-M06,2020,14596.0
027,Yangi sog'ilgan sut (1 litr),Молоко свежее (1 литр),Fresh milk (1 liter),Янги соғилган сут (1 литр),2020-M06,2020,4022.0
034,Tuxum (10 dona),Яйца (10 штук),Eggs (10 pieces ),Тухум (10 дона),2020-M06,2020,8111.0
035,Paxta yog'i (1 litr),Масло хлопковое (1 литр),Cottonseed oil (1 liter),Пахта ёғи (1 литр),2020-M06,2020,0.0
0036,Kungaboqar yog'i (1 litr),Масло подсолнечное (1 литр),Sunflower oil (1 liter),Кунгабоқар ёғи (1 литр),2020-M06,2020,0.0
037,Sariyog',Масло сливочное,Butter,Сариёғ,2020-M06,2020,46213.0
039,Limon,Лимоны,Lemons,Лимон,2020-M06,2020,35638.0
0040,Olma,Яблоки,Apples,Олма,2020-M06,2020,8971.0
041,Nok,Груши,Pears,Нок,2020-M06,2020,17578.0
049,Uzum,Виноград,Grape,Узум,2020-M06,2020,8419.0
0050,Tarvuz,Арбуз,Watermelon,Тарвуз,2020-M06,2020,2887.0
0051,Qovun,Дыня,Melon,Қовун,2020-M06,2020,5311.0
053,Mayiz,Кишмиш,Kishmish,Майиз,2020-M06,2020,37338.0
055,Karam,Капуста,Cabbage,Карам,2020-M06,2020,516.0
057,Bodring,Огурцы,Cucumbers,Бодринг,2020-M06,2020,2047.0
058,Pomidor,Помидоры,Tomatoes,Помидор,2020-M06,2020,3404.0
059,Baqlajon,Баклажаны,Eggplant,Бақлажон,2020-M06,2020,3482.0
0060,Bulg'or qalampiri,Перец болгарский,Bell pepper,Булғор қалампири,2020-M06,2020,7043.0
061,Qovoq,Тыква,Pumpkin,Қовоқ,2020-M06,2020,6180.0
063,Sabzi,Морковь,Carrot,Сабзи,2020-M06,2020,1754.0
065,Sarimsoq,Чеснок,Garlic,Саримсоқ,2020-M06,2020,11503.0
066,Piyoz,Лук репчатый,Onion,Пиёз,2020-M06,2020,2031.0
069,Kartoshka,Картофель,Potatoes,Картошка,2020-M06,2020,3937.0
0070,Loviya,Фасоль,Beans,Ловия,2020-M06,2020,18651.0
071,No'xot,Горох,Peas,Нўхот,2020-M06,2020,10610.0
0072,Mosh,Маш,Mash,Мош,2020-M06,2020,11959.0
073,Shakar,Сахар песок,Sugar,Шакар,2020-M06,2020,0.0
002,Kruppa yormasi,Крупа манная,Semolina,Круппа ёрмаси,2020-M06,2020,3053.0
001,Guruch,Рис,Rice,Гуруч,2020-M07,2020,9102.0
003,Arpa,Ячмень,Barley,Арпа,2020-M07,2020,2572.0
0004,Bug'doy,Пшеница,Wheat,Буғдой,2020-M07,2020,2453.0
005,Jo'hori,Кукуруза,Corn,Жўҳори,2020-M07,2020,3256.0
006,Kepak,Отруби,Bran,Кепак,2020-M07,2020,2143.0
0008,Shrot,Шрот,Schroth,Шрот,2020-M07,2020,2739.0
009,Shulxa,Шелуха,Husk,Шулха,2020-M07,2020,2147.0
010,Kombikorm,Комбикорм,Compound feed,Комбикорм,2020-M07,2020,2316.0
011,Oliy navli bug'doy uni,Мука пшеничная высшего сорта,High-grade wheat flour,Олий навли буғдой уни,2020-M07,2020,0.0
0012,1-navli bug'doy uni,Мука пшеничная первого сорта,First grade wheat flour,1-навли буғдой уни,2020-M07,2020,0.0
013,1-nav bug'doy unidan non,Хлеб пшеничный из муки 1-го сорта,Wheat bread from 1st grade flour,1-нав буғдой унидан нон,2020-M07,2020,0.0
017,Mol go'shti,Говядина,Beef,Мол гўшти,2020-M07,2020,49613.0
0020,Qo'y go'shti,Баранина,Mutton,Қўй гўшти,2020-M07,2020,51869.0
022,Tovuq go'shti,Мясо птицы,Poultry,Товуқ гўшти,2020-M07,2020,20081.0
026,Turli baliqlar,Рыба всякая,Fish of all kinds,Турли балиқлар,2020-M07,2020,0.0
027,Yangi sog'ilgan sut (1 litr),Молоко свежее (1 литр),Fresh milk (1 liter),Янги соғилган сут (1 литр),2020-M07,2020,4484.0
034,Tuxum (10 dona),Яйца (10 штук),Eggs (10 pieces ),Тухум (10 дона),2020-M07,2020,8034.0
035,Paxta yog'i (1 litr),Масло хлопковое (1 литр),Cottonseed oil (1 liter),Пахта ёғи (1 литр),2020-M07,2020,0.0
0036,Kungaboqar yog'i (1 litr),Масло подсолнечное (1 литр),Sunflower oil (1 liter),Кунгабоқар ёғи (1 литр),2020-M07,2020,0.0
037,Sariyog',Масло сливочное,Butter,Сариёғ,2020-M07,2020,46213.0
039,Limon,Лимоны,Lemons,Лимон,2020-M07,2020,35638.0
0040,Olma,Яблоки,Apples,Олма,2020-M07,2020,8427.0
041,Nok,Груши,Pears,Нок,2020-M07,2020,11869.0
049,Uzum,Виноград,Grape,Узум,2020-M07,2020,6484.0
0050,Tarvuz,Арбуз,Watermelon,Тарвуз,2020-M07,2020,1491.0
0051,Qovun,Дыня,Melon,Қовун,2020-M07,2020,3981.0
053,Mayiz,Кишмиш,Kishmish,Майиз,2020-M07,2020,37338.0
055,Karam,Капуста,Cabbage,Карам,2020-M07,2020,1234.0
057,Bodring,Огурцы,Cucumbers,Бодринг,2020-M07,2020,2132.0
058,Pomidor,Помидоры,Tomatoes,Помидор,2020-M07,2020,2952.0
059,Baqlajon,Баклажаны,Eggplant,Бақлажон,2020-M07,2020,2053.0
0060,Bulg'or qalampiri,Перец болгарский,Bell pepper,Булғор қалампири,2020-M07,2020,6888.0
061,Qovoq,Тыква,Pumpkin,Қовоқ,2020-M07,2020,5610.0
063,Sabzi,Морковь,Carrot,Сабзи,2020-M07,2020,1890.0
065,Sarimsoq,Чеснок,Garlic,Саримсоқ,2020-M07,2020,17767.0
066,Piyoz,Лук репчатый,Onion,Пиёз,2020-M07,2020,2024.0
069,Kartoshka,Картофель,Potatoes,Картошка,2020-M07,2020,4150.0
0070,Loviya,Фасоль,Beans,Ловия,2020-M07,2020,19506.0
071,No'xot,Горох,Peas,Нўхот,2020-M07,2020,10325.0
0072,Mosh,Маш,Mash,Мош,2020-M07,2020,11959.0
073,Shakar,Сахар песок,Sugar,Шакар,2020-M07,2020,0.0
002,Kruppa yormasi,Крупа манная,Semolina,Круппа ёрмаси,2020-M07,2020,2572.0
001,Guruch,Рис,Rice,Гуруч,2020-M08,2020,9138.0
003,Arpa,Ячмень,Barley,Арпа,2020-M08,2020,2572.0
0004,Bug'doy,Пшеница,Wheat,Буғдой,2020-M08,2020,2859.0
005,Jo'hori,Кукуруза,Corn,Жўҳори,2020-M08,2020,3256.0
006,Kepak,Отруби,Bran,Кепак,2020-M08,2020,2143.0
0008,Shrot,Шрот,Schroth,Шрот,2020-M08,2020,2739.0
009,Shulxa,Шелуха,Husk,Шулха,2020-M08,2020,2147.0
010,Kombikorm,Комбикорм,Compound feed,Комбикорм,2020-M08,2020,2316.0
011,Oliy navli bug'doy uni,Мука пшеничная высшего сорта,High-grade wheat flour,Олий навли буғдой уни,2020-M08,2020,0.0
0012,1-navli bug'doy uni,Мука пшеничная первого сорта,First grade wheat flour,1-навли буғдой уни,2020-M08,2020,0.0
013,1-nav bug'doy unidan non,Хлеб пшеничный из муки 1-го сорта,Wheat bread from 1st grade flour,1-нав буғдой унидан нон,2020-M08,2020,0.0
017,Mol go'shti,Говядина,Beef,Мол гўшти,2020-M08,2020,51205.0
0020,Qo'y go'shti,Баранина,Mutton,Қўй гўшти,2020-M08,2020,53195.0
022,Tovuq go'shti,Мясо птицы,Poultry,Товуқ гўшти,2020-M08,2020,20072.0
026,Turli baliqlar,Рыба всякая,Fish of all kinds,Турли балиқлар,2020-M08,2020,0.0
027,Yangi sog'ilgan sut (1 litr),Молоко свежее (1 литр),Fresh milk (1 liter),Янги соғилган сут (1 литр),2020-M08,2020,4484.0
034,Tuxum (10 dona),Яйца (10 штук),Eggs (10 pieces ),Тухум (10 дона),2020-M08,2020,8416.0
035,Paxta yog'i (1 litr),Масло хлопковое (1 литр),Cottonseed oil (1 liter),Пахта ёғи (1 литр),2020-M08,2020,0.0
0036,Kungaboqar yog'i (1 litr),Масло подсолнечное (1 литр),Sunflower oil (1 liter),Кунгабоқар ёғи (1 литр),2020-M08,2020,0.0
037,Sariyog',Масло сливочное,Butter,Сариёғ,2020-M08,2020,46213.0
039,Limon,Лимоны,Lemons,Лимон,2020-M08,2020,35638.0
0040,Olma,Яблоки,Apples,Олма,2020-M08,2020,9772.0
041,Nok,Груши,Pears,Нок,2020-M08,2020,11869.0
049,Uzum,Виноград,Grape,Узум,2020-M08,2020,6484.0
0050,Tarvuz,Арбуз,Watermelon,Тарвуз,2020-M08,2020,1206.0
0051,Qovun,Дыня,Melon,Қовун,2020-M08,2020,2371.0
053,Mayiz,Кишмиш,Kishmish,Майиз,2020-M08,2020,37338.0
055,Karam,Капуста,Cabbage,Карам,2020-M08,2020,2019.0
057,Bodring,Огурцы,Cucumbers,Бодринг,2020-M08,2020,2516.0
058,Pomidor,Помидоры,Tomatoes,Помидор,2020-M08,2020,2268.0
059,Baqlajon,Баклажаны,Eggplant,Бақлажон,2020-M08,2020,1384.0
0060,Bulg'or qalampiri,Перец болгарский,Bell pepper,Булғор қалампири,2020-M08,2020,4249.0
061,Qovoq,Тыква,Pumpkin,Қовоқ,2020-M08,2020,1839.0
063,Sabzi,Морковь,Carrot,Сабзи,2020-M08,2020,2010.0
065,Sarimsoq,Чеснок,Garlic,Саримсоқ,2020-M08,2020,22563.0
066,Piyoz,Лук репчатый,Onion,Пиёз,2020-M08,2020,2029.0
069,Kartoshka,Картофель,Potatoes,Картошка,2020-M08,2020,3574.0
0070,Loviya,Фасоль,Beans,Ловия,2020-M08,2020,15076.0
071,No'xot,Горох,Peas,Нўхот,2020-M08,2020,10325.0
0072,Mosh,Маш,Mash,Мош,2020-M08,2020,11959.0
073,Shakar,Сахар песок,Sugar,Шакар,2020-M08,2020,0.0
002,Kruppa yormasi,Крупа манная,Semolina,Круппа ёрмаси,2020-M08,2020,2572.0
001,Guruch,Рис,Rice,Гуруч,2020-M09,2020,9582.0
003,Arpa,Ячмень,Barley,Арпа,2020-M09,2020,2572.0
0004,Bug'doy,Пшеница,Wheat,Буғдой,2020-M09,2020,2878.0
005,Jo'hori,Кукуруза,Corn,Жўҳори,2020-M09,2020,3256.0
006,Kepak,Отруби,Bran,Кепак,2020-M09,2020,2143.0
0008,Shrot,Шрот,Schroth,Шрот,2020-M09,2020,2739.0
009,Shulxa,Шелуха,Husk,Шулха,2020-M09,2020,2147.0
010,Kombikorm,Комбикорм,Compound feed,Комбикорм,2020-M09,2020,2316.0
011,Oliy navli bug'doy uni,Мука пшеничная высшего сорта,High-grade wheat flour,Олий навли буғдой уни,2020-M09,2020,0.0
0012,1-navli bug'doy uni,Мука пшеничная первого сорта,First grade wheat flour,1-навли буғдой уни,2020-M09,2020,0.0
013,1-nav bug'doy unidan non,Хлеб пшеничный из муки 1-го сорта,Wheat bread from 1st grade flour,1-нав буғдой унидан нон,2020-M09,2020,0.0
017,Mol go'shti,Говядина,Beef,Мол гўшти,2020-M09,2020,53786.0
0020,Qo'y go'shti,Баранина,Mutton,Қўй гўшти,2020-M09,2020,57175.0
022,Tovuq go'shti,Мясо птицы,Poultry,Товуқ гўшти,2020-M09,2020,20074.0
026,Turli baliqlar,Рыба всякая,Fish of all kinds,Турли балиқлар,2020-M09,2020,14904.0
027,Yangi sog'ilgan sut (1 litr),Молоко свежее (1 литр),Fresh milk (1 liter),Янги соғилган сут (1 литр),2020-M09,2020,4507.0
034,Tuxum (10 dona),Яйца (10 штук),Eggs (10 pieces ),Тухум (10 дона),2020-M09,2020,8783.0
035,Paxta yog'i (1 litr),Масло хлопковое (1 литр),Cottonseed oil (1 liter),Пахта ёғи (1 литр),2020-M09,2020,0.0
0036,Kungaboqar yog'i (1 litr),Масло подсолнечное (1 литр),Sunflower oil (1 liter),Кунгабоқар ёғи (1 литр),2020-M09,2020,0.0
037,Sariyog',Масло сливочное,Butter,Сариёғ,2020-M09,2020,46213.0
039,Limon,Лимоны,Lemons,Лимон,2020-M09,2020,26580.0
0040,Olma,Яблоки,Apples,Олма,2020-M09,2020,8041.0
041,Nok,Груши,Pears,Нок,2020-M09,2020,11444.0
049,Uzum,Виноград,Grape,Узум,2020-M09,2020,6462.0
0050,Tarvuz,Арбуз,Watermelon,Тарвуз,2020-M09,2020,1222.0
0051,Qovun,Дыня,Melon,Қовун,2020-M09,2020,2366.0
053,Mayiz,Кишмиш,Kishmish,Майиз,2020-M09,2020,37338.0
055,Karam,Капуста,Cabbage,Карам,2020-M09,2020,1976.0
057,Bodring,Огурцы,Cucumbers,Бодринг,2020-M09,2020,2416.0
058,Pomidor,Помидоры,Tomatoes,Помидор,2020-M09,2020,2029.0
059,Baqlajon,Баклажаны,Eggplant,Бақлажон,2020-M09,2020,1652.0
0060,Bulg'or qalampiri,Перец болгарский,Bell pepper,Булғор қалампири,2020-M09,2020,4249.0
061,Qovoq,Тыква,Pumpkin,Қовоқ,2020-M09,2020,1226.0
063,Sabzi,Морковь,Carrot,Сабзи,2020-M09,2020,2050.0
065,Sarimsoq,Чеснок,Garlic,Саримсоқ,2020-M09,2020,24219.0
066,Piyoz,Лук репчатый,Onion,Пиёз,2020-M09,2020,2000.0
069,Kartoshka,Картофель,Potatoes,Картошка,2020-M09,2020,3452.0
0070,Loviya,Фасоль,Beans,Ловия,2020-M09,2020,14581.0
071,No'xot,Горох,Peas,Нўхот,2020-M09,2020,10450.0
0072,Mosh,Маш,Mash,Мош,2020-M09,2020,11959.0
073,Shakar,Сахар песок,Sugar,Шакар,2020-M09,2020,0.0
002,Kruppa yormasi,Крупа манная,Semolina,Круппа ёрмаси,2020-M09,2020,2572.0
001,Guruch,Рис,Rice,Гуруч,2020-M10,2020,9423.0
003,Arpa,Ячмень,Barley,Арпа,2020-M10,2020,2572.0
0004,Bug'doy,Пшеница,Wheat,Буғдой,2020-M10,2020,2878.0
005,Jo'hori,Кукуруза,Corn,Жўҳори,2020-M10,2020,3272.0
006,Kepak,Отруби,Bran,Кепак,2020-M10,2020,2174.0
0008,Shrot,Шрот,Schroth,Шрот,2020-M10,2020,2748.0
009,Shulxa,Шелуха,Husk,Шулха,2020-M10,2020,2168.0
010,Kombikorm,Комбикорм,Compound feed,Комбикорм,2020-M10,2020,2326.0
011,Oliy navli bug'doy uni,Мука пшеничная высшего сорта,High-grade wheat flour,Олий навли буғдой уни,2020-M10,2020,0.0
0012,1-navli bug'doy uni,Мука пшеничная первого сорта,First grade wheat flour,1-навли буғдой уни,2020-M10,2020,0.0
013,1-nav bug'doy unidan non,Хлеб пшеничный из муки 1-го сорта,Wheat bread from 1st grade flour,1-нав буғдой унидан нон,2020-M10,2020,0.0
017,Mol go'shti,Говядина,Beef,Мол гўшти,2020-M10,2020,54777.0
0020,Qo'y go'shti,Баранина,Mutton,Қўй гўшти,2020-M10,2020,57172.0
022,Tovuq go'shti,Мясо птицы,Poultry,Товуқ гўшти,2020-M10,2020,18609.0
026,Turli baliqlar,Рыба всякая,Fish of all kinds,Турли балиқлар,2020-M10,2020,12731.0
027,Yangi sog'ilgan sut (1 litr),Молоко свежее (1 литр),Fresh milk (1 liter),Янги соғилган сут (1 литр),2020-M10,2020,4536.0
034,Tuxum (10 dona),Яйца (10 штук),Eggs (10 pieces ),Тухум (10 дона),2020-M10,2020,9149.0
035,Paxta yog'i (1 litr),Масло хлопковое (1 литр),Cottonseed oil (1 liter),Пахта ёғи (1 литр),2020-M10,2020,0.0
0036,Kungaboqar yog'i (1 litr),Масло подсолнечное (1 литр),Sunflower oil (1 liter),Кунгабоқар ёғи (1 литр),2020-M10,2020,0.0
037,Sariyog',Масло сливочное,Butter,Сариёғ,2020-M10,2020,46213.0
039,Limon,Лимоны,Lemons,Лимон,2020-M10,2020,23055.0
0040,Olma,Яблоки,Apples,Олма,2020-M10,2020,6879.0
041,Nok,Груши,Pears,Нок,2020-M10,2020,10505.0
049,Uzum,Виноград,Grape,Узум,2020-M10,2020,6770.0
0050,Tarvuz,Арбуз,Watermelon,Тарвуз,2020-M10,2020,1739.0
0051,Qovun,Дыня,Melon,Қовун,2020-M10,2020,2366.0
053,Mayiz,Кишмиш,Kishmish,Майиз,2020-M10,2020,37338.0
055,Karam,Капуста,Cabbage,Карам,2020-M10,2020,2211.0
057,Bodring,Огурцы,Cucumbers,Бодринг,2020-M10,2020,4036.0
058,Pomidor,Помидоры,Tomatoes,Помидор,2020-M10,2020,3760.0
059,Baqlajon,Баклажаны,Eggplant,Бақлажон,2020-M10,2020,2292.0
0060,Bulg'or qalampiri,Перец болгарский,Bell pepper,Булғор қалампири,2020-M10,2020,4254.0
061,Qovoq,Тыква,Pumpkin,Қовоқ,2020-M10,2020,1560.0
063,Sabzi,Морковь,Carrot,Сабзи,2020-M10,2020,2056.0
065,Sarimsoq,Чеснок,Garlic,Саримсоқ,2020-M10,2020,22424.0
066,Piyoz,Лук репчатый,Onion,Пиёз,2020-M10,2020,1966.0
069,Kartoshka,Картофель,Potatoes,Картошка,2020-M10,2020,3391.0
0070,Loviya,Фасоль,Beans,Ловия,2020-M10,2020,12545.0
071,No'xot,Горох,Peas,Нўхот,2020-M10,2020,10963.0
0072,Mosh,Маш,Mash,Мош,2020-M10,2020,11854.0
073,Shakar,Сахар песок,Sugar,Шакар,2020-M10,2020,0.0
002,Kruppa yormasi,Крупа манная,Semolina,Круппа ёрмаси,2020-M10,2020,2572.0
001,Guruch,Рис,Rice,Гуруч,2020-M11,2020,9524.0
003,Arpa,Ячмень,Barley,Арпа,2020-M11,2020,2572.0
0004,Bug'doy,Пшеница,Wheat,Буғдой,2020-M11,2020,2878.0
005,Jo'hori,Кукуруза,Corn,Жўҳори,2020-M11,2020,3277.0
006,Kepak,Отруби,Bran,Кепак,2020-M11,2020,2184.0
0008,Shrot,Шрот,Schroth,Шрот,2020-M11,2020,2750.0
009,Shulxa,Шелуха,Husk,Шулха,2020-M11,2020,2174.0
010,Kombikorm,Комбикорм,Compound feed,Комбикорм,2020-M11,2020,2329.0
011,Oliy navli bug'doy uni,Мука пшеничная высшего сорта,High-grade wheat flour,Олий навли буғдой уни,2020-M11,2020,0.0
0012,1-navli bug'doy uni,Мука пшеничная первого сорта,First grade wheat flour,1-навли буғдой уни,2020-M11,2020,0.0
013,1-nav bug'doy unidan non,Хлеб пшеничный из муки 1-го сорта,Wheat bread from 1st grade flour,1-нав буғдой унидан нон,2020-M11,2020,0.0
017,Mol go'shti,Говядина,Beef,Мол гўшти,2020-M11,2020,55311.0
0020,Qo'y go'shti,Баранина,Mutton,Қўй гўшти,2020-M11,2020,57191.0
022,Tovuq go'shti,Мясо птицы,Poultry,Товуқ гўшти,2020-M11,2020,18537.0
026,Turli baliqlar,Рыба всякая,Fish of all kinds,Турли балиқлар,2020-M11,2020,12713.0
027,Yangi sog'ilgan sut (1 litr),Молоко свежее (1 литр),Fresh milk (1 liter),Янги соғилган сут (1 литр),2020-M11,2020,4522.0
034,Tuxum (10 dona),Яйца (10 штук),Eggs (10 pieces ),Тухум (10 дона),2020-M11,2020,9122.0
035,Paxta yog'i (1 litr),Масло хлопковое (1 литр),Cottonseed oil (1 liter),Пахта ёғи (1 литр),2020-M11,2020,0.0
0036,Kungaboqar yog'i (1 litr),Масло подсолнечное (1 литр),Sunflower oil (1 liter),Кунгабоқар ёғи (1 литр),2020-M11,2020,0.0
037,Sariyog',Масло сливочное,Butter,Сариёғ,2020-M11,2020,46213.0
039,Limon,Лимоны,Lemons,Лимон,2020-M11,2020,13725.0
0040,Olma,Яблоки,Apples,Олма,2020-M11,2020,6823.0
041,Nok,Груши,Pears,Нок,2020-M11,2020,12016.0
049,Uzum,Виноград,Grape,Узум,2020-M11,2020,11188.0
0050,Tarvuz,Арбуз,Watermelon,Тарвуз,2020-M11,2020,2987.0
0051,Qovun,Дыня,Melon,Қовун,2020-M11,2020,3206.0
053,Mayiz,Кишмиш,Kishmish,Майиз,2020-M11,2020,37338.0
055,Karam,Капуста,Cabbage,Карам,2020-M11,2020,2966.0
057,Bodring,Огурцы,Cucumbers,Бодринг,2020-M11,2020,10356.0
058,Pomidor,Помидоры,Tomatoes,Помидор,2020-M11,2020,7275.0
059,Baqlajon,Баклажаны,Eggplant,Бақлажон,2020-M11,2020,2780.0
0060,Bulg'or qalampiri,Перец болгарский,Bell pepper,Булғор қалампири,2020-M11,2020,4339.0
061,Qovoq,Тыква,Pumpkin,Қовоқ,2020-M11,2020,2140.0
063,Sabzi,Морковь,Carrot,Сабзи,2020-M11,2020,1902.0
065,Sarimsoq,Чеснок,Garlic,Саримсоқ,2020-M11,2020,20342.0
066,Piyoz,Лук репчатый,Onion,Пиёз,2020-M11,2020,1750.0
069,Kartoshka,Картофель,Potatoes,Картошка,2020-M11,2020,3639.0
0070,Loviya,Фасоль,Beans,Ловия,2020-M11,2020,12030.0
071,No'xot,Горох,Peas,Нўхот,2020-M11,2020,11570.0
0072,Mosh,Маш,Mash,Мош,2020-M11,2020,11532.0
073,Shakar,Сахар песок,Sugar,Шакар,2020-M11,2020,0.0
002,Kruppa yormasi,Крупа манная,Semolina,Круппа ёрмаси,2020-M11,2020,2572.0
001,Guruch,Рис,Rice,Гуруч,2020-M12,2020,9975.0
003,Arpa,Ячмень,Barley,Арпа,2020-M12,2020,2575.0
0004,Bug'doy,Пшеница,Wheat,Буғдой,2020-M12,2020,2878.0
005,Jo'hori,Кукуруза,Corn,Жўҳори,2020-M12,2020,3277.0
006,Kepak,Отруби,Bran,Кепак,2020-M12,2020,2188.0
0008,Shrot,Шрот,Schroth,Шрот,2020-M12,2020,2750.0
009,Shulxa,Шелуха,Husk,Шулха,2020-M12,2020,2174.0
010,Kombikorm,Комбикорм,Compound feed,Комбикорм,2020-M12,2020,2329.0
011,Oliy navli bug'doy uni,Мука пшеничная высшего сорта,High-grade wheat flour,Олий навли буғдой уни,2020-M12,2020,0.0
0012,1-navli bug'doy uni,Мука пшеничная первого сорта,First grade wheat flour,1-навли буғдой уни,2020-M12,2020,0.0
013,1-nav bug'doy unidan non,Хлеб пшеничный из муки 1-го сорта,Wheat bread from 1st grade flour,1-нав буғдой унидан нон,2020-M12,2020,0.0
017,Mol go'shti,Говядина,Beef,Мол гўшти,2020-M12,2020,55831.0
0020,Qo'y go'shti,Баранина,Mutton,Қўй гўшти,2020-M12,2020,61979.0
022,Tovuq go'shti,Мясо птицы,Poultry,Товуқ гўшти,2020-M12,2020,18889.0
026,Turli baliqlar,Рыба всякая,Fish of all kinds,Турли балиқлар,2020-M12,2020,12891.0
027,Yangi sog'ilgan sut (1 litr),Молоко свежее (1 литр),Fresh milk (1 liter),Янги соғилган сут (1 литр),2020-M12,2020,4707.0
034,Tuxum (10 dona),Яйца (10 штук),Eggs (10 pieces ),Тухум (10 дона),2020-M12,2020,9958.0
035,Paxta yog'i (1 litr),Масло хлопковое (1 литр),Cottonseed oil (1 liter),Пахта ёғи (1 литр),2020-M12,2020,0.0
0036,Kungaboqar yog'i (1 litr),Масло подсолнечное (1 литр),Sunflower oil (1 liter),Кунгабоқар ёғи (1 литр),2020-M12,2020,0.0
037,Sariyog',Масло сливочное,Butter,Сариёғ,2020-M12,2020,46213.0
039,Limon,Лимоны,Lemons,Лимон,2020-M12,2020,15324.0
0040,Olma,Яблоки,Apples,Олма,2020-M12,2020,7112.0
041,Nok,Груши,Pears,Нок,2020-M12,2020,16139.0
049,Uzum,Виноград,Grape,Узум,2020-M12,2020,15133.0
0050,Tarvuz,Арбуз,Watermelon,Тарвуз,2020-M12,2020,4532.0
0051,Qovun,Дыня,Melon,Қовун,2020-M12,2020,4182.0
053,Mayiz,Кишмиш,Kishmish,Майиз,2020-M12,2020,37413.0
055,Karam,Капуста,Cabbage,Карам,2020-M12,2020,2541.0
057,Bodring,Огурцы,Cucumbers,Бодринг,2020-M12,2020,16158.0
058,Pomidor,Помидоры,Tomatoes,Помидор,2020-M12,2020,9562.0
059,Baqlajon,Баклажаны,Eggplant,Бақлажон,2020-M12,2020,4521.0
0060,Bulg'or qalampiri,Перец болгарский,Bell pepper,Булғор қалампири,2020-M12,2020,9139.0
061,Qovoq,Тыква,Pumpkin,Қовоқ,2020-M12,2020,2143.0
063,Sabzi,Морковь,Carrot,Сабзи,2020-M12,2020,1929.0
065,Sarimsoq,Чеснок,Garlic,Саримсоқ,2020-M12,2020,19803.0
066,Piyoz,Лук репчатый,Onion,Пиёз,2020-M12,2020,2219.0
069,Kartoshka,Картофель,Potatoes,Картошка,2020-M12,2020,3799.0
0070,Loviya,Фасоль,Beans,Ловия,2020-M12,2020,12204.0
071,No'xot,Горох,Peas,Нўхот,2020-M12,2020,12795.0
0072,Mosh,Маш,Mash,Мош,2020-M12,2020,11548.0
073,Shakar,Сахар песок,Sugar,Шакар,2020-M12,2020,0.0
002,Kruppa yormasi,Крупа манная,Semolina,Круппа ёрмаси,2020-M12,2020,2575.0
001,Guruch,Рис,Rice,Гуруч,2021-M01,2021,10207.0
003,Arpa,Ячмень,Barley,Арпа,2021-M01,2021,2588.0
0004,Bug'doy,Пшеница,Wheat,Буғдой,2021-M01,2021,2878.0
005,Jo'hori,Кукуруза,Corn,Жўҳори,2021-M01,2021,3277.0
006,Kepak,Отруби,Bran,Кепак,2021-M01,2021,2201.0
0008,Shrot,Шрот,Schroth,Шрот,2021-M01,2021,2750.0
009,Shulxa,Шелуха,Husk,Шулха,2021-M01,2021,2174.0
010,Kombikorm,Комбикорм,Compound feed,Комбикорм,2021-M01,2021,2329.0
011,Oliy navli bug'doy uni,Мука пшеничная высшего сорта,High-grade wheat flour,Олий навли буғдой уни,2021-M01,2021,0.0
0012,1-navli bug'doy uni,Мука пшеничная первого сорта,First grade wheat flour,1-навли буғдой уни,2021-M01,2021,0.0
013,1-nav bug'doy unidan non,Хлеб пшеничный из муки 1-го сорта,Wheat bread from 1st grade flour,1-нав буғдой унидан нон,2021-M01,2021,3254.0
017,Mol go'shti,Говядина,Beef,Мол гўшти,2021-M01,2021,57685.0
0020,Qo'y go'shti,Баранина,Mutton,Қўй гўшти,2021-M01,2021,64619.0
022,Tovuq go'shti,Мясо птицы,Poultry,Товуқ гўшти,2021-M01,2021,19288.0
026,Turli baliqlar,Рыба всякая,Fish of all kinds,Турли балиқлар,2021-M01,2021,13577.0
027,Yangi sog'ilgan sut (1 litr),Молоко свежее (1 литр),Fresh milk (1 liter),Янги соғилган сут (1 литр),2021-M01,2021,4984.0
034,Tuxum (10 dona),Яйца (10 штук),Eggs (10 pieces ),Тухум (10 дона),2021-M01,2021,10788.0
035,Paxta yog'i (1 litr),Масло хлопковое (1 литр),Cottonseed oil (1 liter),Пахта ёғи (1 литр),2021-M01,2021,0.0
0036,Kungaboqar yog'i (1 litr),Масло подсолнечное (1 литр),Sunflower oil (1 liter),Кунгабоқар ёғи (1 литр),2021-M01,2021,0.0
037,Sariyog',Масло сливочное,Butter,Сариёғ,2021-M01,2021,47900.0
039,Limon,Лимоны,Lemons,Лимон,2021-M01,2021,22035.0
0040,Olma,Яблоки,Apples,Олма,2021-M01,2021,7240.0
041,Nok,Груши,Pears,Нок,2021-M01,2021,17023.0
049,Uzum,Виноград,Grape,Узум,2021-M01,2021,22213.0
0050,Tarvuz,Арбуз,Watermelon,Тарвуз,2021-M01,2021,3000.0
0051,Qovun,Дыня,Melon,Қовун,2021-M01,2021,4159.0
053,Mayiz,Кишмиш,Kishmish,Майиз,2021-M01,2021,37697.0
055,Karam,Капуста,Cabbage,Карам,2021-M01,2021,1847.0
057,Bodring,Огурцы,Cucumbers,Бодринг,2021-M01,2021,19903.0
058,Pomidor,Помидоры,Tomatoes,Помидор,2021-M01,2021,14346.0
059,Baqlajon,Баклажаны,Eggplant,Бақлажон,2021-M01,2021,0.0
0060,Bulg'or qalampiri,Перец болгарский,Bell pepper,Булғор қалампири,2021-M01,2021,18573.0
061,Qovoq,Тыква,Pumpkin,Қовоқ,2021-M01,2021,2249.0
063,Sabzi,Морковь,Carrot,Сабзи,2021-M01,2021,1859.0
065,Sarimsoq,Чеснок,Garlic,Саримсоқ,2021-M01,2021,20888.0
066,Piyoz,Лук репчатый,Onion,Пиёз,2021-M01,2021,1948.0
069,Kartoshka,Картофель,Potatoes,Картошка,2021-M01,2021,4041.0
0070,Loviya,Фасоль,Beans,Ловия,2021-M01,2021,12295.0
071,No'xot,Горох,Peas,Нўхот,2021-M01,2021,14656.0
0072,Mosh,Маш,Mash,Мош,2021-M01,2021,11592.0
073,Shakar,Сахар песок,Sugar,Шакар,2021-M01,2021,0.0
002,Kruppa yormasi,Крупа манная,Semolina,Круппа ёрмаси,2021-M01,2021,2588.0
001,Guruch,Рис,Rice,Гуруч,2021-M02,2021,10208.0
003,Arpa,Ячмень,Barley,Арпа,2021-M02,2021,2585.0
0004,Bug'doy,Пшеница,Wheat,Буғдой,2021-M02,2021,2880.0
005,Jo'hori,Кукуруза,Corn,Жўҳори,2021-M02,2021,3275.0
006,Kepak,Отруби,Bran,Кепак,2021-M02,2021,2205.0
0008,Shrot,Шрот,Schroth,Шрот,2021-M02,2021,2752.0
009,Shulxa,Шелуха,Husk,Шулха,2021-M02,2021,2178.0
010,Kombikorm,Комбикорм,Compound feed,Комбикорм,2021-M02,2021,2329.0
011,Oliy navli bug'doy uni,Мука пшеничная высшего сорта,High-grade wheat flour,Олий навли буғдой уни,2021-M02,2021,0.0
0012,1-navli bug'doy uni,Мука пшеничная первого сорта,First grade wheat flour,1-навли буғдой уни,2021-M02,2021,0.0
013,1-nav bug'doy unidan non,Хлеб пшеничный из муки 1-го сорта,Wheat bread from 1st grade flour,1-нав буғдой унидан нон,2021-M02,2021,3254.0
017,Mol go'shti,Говядина,Beef,Мол гўшти,2021-M02,2021,58414.0
0020,Qo'y go'shti,Баранина,Mutton,Қўй гўшти,2021-M02,2021,66089.0
022,Tovuq go'shti,Мясо птицы,Poultry,Товуқ гўшти,2021-M02,2021,19409.0
026,Turli baliqlar,Рыба всякая,Fish of all kinds,Турли балиқлар,2021-M02,2021,14645.0
027,Yangi sog'ilgan sut (1 litr),Молоко свежее (1 литр),Fresh milk (1 liter),Янги соғилган сут (1 литр),2021-M02,2021,4987.0
034,Tuxum (10 dona),Яйца (10 штук),Eggs (10 pieces ),Тухум (10 дона),2021-M02,2021,10347.0
035,Paxta yog'i (1 litr),Масло хлопковое (1 литр),Cottonseed oil (1 liter),Пахта ёғи (1 литр),2021-M02,2021,0.0
0036,Kungaboqar yog'i (1 litr),Масло подсолнечное (1 литр),Sunflower oil (1 liter),Кунгабоқар ёғи (1 литр),2021-M02,2021,0.0
037,Sariyog',Масло сливочное,Butter,Сариёғ,2021-M02,2021,47858.0
039,Limon,Лимоны,Lemons,Лимон,2021-M02,2021,22545.0
0040,Olma,Яблоки,Apples,Олма,2021-M02,2021,6939.0
041,Nok,Груши,Pears,Нок,2021-M02,2021,17200.0
049,Uzum,Виноград,Grape,Узум,2021-M02,2021,23936.0
0050,Tarvuz,Арбуз,Watermelon,Тарвуз,2021-M02,2021,3000.0
0051,Qovun,Дыня,Melon,Қовун,2021-M02,2021,3701.0
053,Mayiz,Кишмиш,Kishmish,Майиз,2021-M02,2021,37609.0
055,Karam,Капуста,Cabbage,Карам,2021-M02,2021,1937.0
057,Bodring,Огурцы,Cucumbers,Бодринг,2021-M02,2021,15372.0
058,Pomidor,Помидоры,Tomatoes,Помидор,2021-M02,2021,12564.0
059,Baqlajon,Баклажаны,Eggplant,Бақлажон,2021-M02,2021,25200.0
0060,Bulg'or qalampiri,Перец болгарский,Bell pepper,Булғор қалампири,2021-M02,2021,26470.0
061,Qovoq,Тыква,Pumpkin,Қовоқ,2021-M02,2021,2338.0
063,Sabzi,Морковь,Carrot,Сабзи,2021-M02,2021,1875.0
065,Sarimsoq,Чеснок,Garlic,Саримсоқ,2021-M02,2021,22105.0
066,Piyoz,Лук репчатый,Onion,Пиёз,2021-M02,2021,1946.0
069,Kartoshka,Картофель,Potatoes,Картошка,2021-M02,2021,4184.0
0070,Loviya,Фасоль,Beans,Ловия,2021-M02,2021,12453.0
071,No'xot,Горох,Peas,Нўхот,2021-M02,2021,14602.0
0072,Mosh,Маш,Mash,Мош,2021-M02,2021,11640.0
073,Shakar,Сахар песок,Sugar,Шакар,2021-M02,2021,0.0
002,Kruppa yormasi,Крупа манная,Semolina,Круппа ёрмаси,2021-M02,2021,2585.0
001,Guruch,Рис,Rice,Гуруч,2021-M03,2021,10347.0
003,Arpa,Ячмень,Barley,Арпа,2021-M03,2021,2583.0
0004,Bug'doy,Пшеница,Wheat,Буғдой,2021-M03,2021,2925.0
005,Jo'hori,Кукуруза,Corn,Жўҳори,2021-M03,2021,3272.0
006,Kepak,Отруби,Bran,Кепак,2021-M03,2021,2302.0
0008,Shrot,Шрот,Schroth,Шрот,2021-M03,2021,2790.0
009,Shulxa,Шелуха,Husk,Шулха,2021-M03,2021,2182.0
010,Kombikorm,Комбикорм,Compound feed,Комбикорм,2021-M03,2021,2366.0
011,Oliy navli bug'doy uni,Мука пшеничная высшего сорта,High-grade wheat flour,Олий навли буғдой уни,2021-M03,2021,0.0
0012,1-navli bug'doy uni,Мука пшеничная первого сорта,First grade wheat flour,1-навли буғдой уни,2021-M03,2021,0.0
013,1-nav bug'doy unidan non,Хлеб пшеничный из муки 1-го сорта,Wheat bread from 1st grade flour,1-нав буғдой унидан нон,2021-M03,2021,3253.0
017,Mol go'shti,Говядина,Beef,Мол гўшти,2021-M03,2021,59786.0
0020,Qo'y go'shti,Баранина,Mutton,Қўй гўшти,2021-M03,2021,66270.0
022,Tovuq go'shti,Мясо птицы,Poultry,Товуқ гўшти,2021-M03,2021,19640.0
026,Turli baliqlar,Рыба всякая,Fish of all kinds,Турли балиқлар,2021-M03,2021,14879.0
027,Yangi sog'ilgan sut (1 litr),Молоко свежее (1 литр),Fresh milk (1 liter),Янги соғилган сут (1 литр),2021-M03,2021,5038.0
034,Tuxum (10 dona),Яйца (10 штук),Eggs (10 pieces ),Тухум (10 дона),2021-M03,2021,10133.0
035,Paxta yog'i (1 litr),Масло хлопковое (1 литр),Cottonseed oil (1 liter),Пахта ёғи (1 литр),2021-M03,2021,0.0
0036,Kungaboqar yog'i (1 litr),Масло подсолнечное (1 литр),Sunflower oil (1 liter),Кунгабоқар ёғи (1 литр),2021-M03,2021,0.0
037,Sariyog',Масло сливочное,Butter,Сариёғ,2021-M03,2021,47886.0
039,Limon,Лимоны,Lemons,Лимон,2021-M03,2021,22244.0
0040,Olma,Яблоки,Apples,Олма,2021-M03,2021,7446.0
041,Nok,Груши,Pears,Нок,2021-M03,2021,17647.0
049,Uzum,Виноград,Grape,Узум,2021-M03,2021,24800.0
0050,Tarvuz,Арбуз,Watermelon,Тарвуз,2021-M03,2021,0.0
0051,Qovun,Дыня,Melon,Қовун,2021-M03,2021,4055.0
053,Mayiz,Кишмиш,Kishmish,Майиз,2021-M03,2021,37049.0
055,Karam,Капуста,Cabbage,Карам,2021-M03,2021,1975.0
057,Bodring,Огурцы,Cucumbers,Бодринг,2021-M03,2021,16378.0
058,Pomidor,Помидоры,Tomatoes,Помидор,2021-M03,2021,15027.0
059,Baqlajon,Баклажаны,Eggplant,Бақлажон,2021-M03,2021,25742.0
0060,Bulg'or qalampiri,Перец болгарский,Bell pepper,Булғор қалампири,2021-M03,2021,31653.0
061,Qovoq,Тыква,Pumpkin,Қовоқ,2021-M03,2021,2470.0
063,Sabzi,Морковь,Carrot,Сабзи,2021-M03,2021,1864.0
065,Sarimsoq,Чеснок,Garlic,Саримсоқ,2021-M03,2021,22353.0
066,Piyoz,Лук репчатый,Onion,Пиёз,2021-M03,2021,1946.0
069,Kartoshka,Картофель,Potatoes,Картошка,2021-M03,2021,4311.0
0070,Loviya,Фасоль,Beans,Ловия,2021-M03,2021,12436.0
071,No'xot,Горох,Peas,Нўхот,2021-M03,2021,14642.0
0072,Mosh,Маш,Mash,Мош,2021-M03,2021,11703.0
073,Shakar,Сахар песок,Sugar,Шакар,2021-M03,2021,0.0
002,Kruppa yormasi,Крупа манная,Semolina,Круппа ёрмаси,2021-M03,2021,2583.0
001,Guruch,Рис,Rice,Гуруч,2021-M04,2021,10315.0
003,Arpa,Ячмень,Barley,Арпа,2021-M04,2021,2612.0
0004,Bug'doy,Пшеница,Wheat,Буғдой,2021-M04,2021,2952.0
005,Jo'hori,Кукуруза,Corn,Жўҳори,2021-M04,2021,3301.0
006,Kepak,Отруби,Bran,Кепак,2021-M04,2021,2448.0
0008,Shrot,Шрот,Schroth,Шрот,2021-M04,2021,2907.0
009,Shulxa,Шелуха,Husk,Шулха,2021-M04,2021,2602.0
010,Kombikorm,Комбикорм,Compound feed,Комбикорм,2021-M04,2021,2439.0
011,Oliy navli bug'doy uni,Мука пшеничная высшего сорта,High-grade wheat flour,Олий навли буғдой уни,2021-M04,2021,0.0
0012,1-navli bug'doy uni,Мука пшеничная первого сорта,First grade wheat flour,1-навли буғдой уни,2021-M04,2021,0.0
013,1-nav bug'doy unidan non,Хлеб пшеничный из муки 1-го сорта,Wheat bread from 1st grade flour,1-нав буғдой унидан нон,2021-M04,2021,3250.0
017,Mol go'shti,Говядина,Beef,Мол гўшти,2021-M04,2021,59751.0
0020,Qo'y go'shti,Баранина,Mutton,Қўй гўшти,2021-M04,2021,66200.0
022,Tovuq go'shti,Мясо птицы,Poultry,Товуқ гўшти,2021-M04,2021,19780.0
026,Turli baliqlar,Рыба всякая,Fish of all kinds,Турли балиқлар,2021-M04,2021,15198.0
027,Yangi sog'ilgan sut (1 litr),Молоко свежее (1 литр),Fresh milk (1 liter),Янги соғилган сут (1 литр),2021-M04,2021,5114.0
034,Tuxum (10 dona),Яйца (10 штук),Eggs (10 pieces ),Тухум (10 дона),2021-M04,2021,10044.0
035,Paxta yog'i (1 litr),Масло хлопковое (1 литр),Cottonseed oil (1 liter),Пахта ёғи (1 литр),2021-M04,2021,0.0
0036,Kungaboqar yog'i (1 litr),Масло подсолнечное (1 литр),Sunflower oil (1 liter),Кунгабоқар ёғи (1 литр),2021-M04,2021,0.0
037,Sariyog',Масло сливочное,Butter,Сариёғ,2021-M04,2021,47879.0
039,Limon,Лимоны,Lemons,Лимон,2021-M04,2021,22203.0
0040,Olma,Яблоки,Apples,Олма,2021-M04,2021,8824.0
041,Nok,Груши,Pears,Нок,2021-M04,2021,18398.0
049,Uzum,Виноград,Grape,Узум,2021-M04,2021,0.0
0050,Tarvuz,Арбуз,Watermelon,Тарвуз,2021-M04,2021,0.0
0051,Qovun,Дыня,Melon,Қовун,2021-M04,2021,0.0
053,Mayiz,Кишмиш,Kishmish,Майиз,2021-M04,2021,36717.0
055,Karam,Капуста,Cabbage,Карам,2021-M04,2021,2068.0
057,Bodring,Огурцы,Cucumbers,Бодринг,2021-M04,2021,13242.0
058,Pomidor,Помидоры,Tomatoes,Помидор,2021-M04,2021,14797.0
059,Baqlajon,Баклажаны,Eggplant,Бақлажон,2021-M04,2021,26686.0
0060,Bulg'or qalampiri,Перец болгарский,Bell pepper,Булғор қалампири,2021-M04,2021,29381.0
061,Qovoq,Тыква,Pumpkin,Қовоқ,2021-M04,2021,2742.0
063,Sabzi,Морковь,Carrot,Сабзи,2021-M04,2021,2069.0
065,Sarimsoq,Чеснок,Garlic,Саримсоқ,2021-M04,2021,22163.0
066,Piyoz,Лук репчатый,Onion,Пиёз,2021-M04,2021,1969.0
069,Kartoshka,Картофель,Potatoes,Картошка,2021-M04,2021,4253.0
0070,Loviya,Фасоль,Beans,Ловия,2021-M04,2021,12447.0
071,No'xot,Горох,Peas,Нўхот,2021-M04,2021,14573.0
0072,Mosh,Маш,Mash,Мош,2021-M04,2021,11741.0
073,Shakar,Сахар песок,Sugar,Шакар,2021-M04,2021,0.0
002,Kruppa yormasi,Крупа манная,Semolina,Круппа ёрмаси,2021-M04,2021,2612.0
001,Guruch,Рис,Rice,Гуруч,2021-M05,2021,10237.0
003,Arpa,Ячмень,Barley,Арпа,2021-M05,2021,2621.0
0004,Bug'doy,Пшеница,Wheat,Буғдой,2021-M05,2021,2978.0
005,Jo'hori,Кукуруза,Corn,Жўҳори,2021-M05,2021,3396.0
006,Kepak,Отруби,Bran,Кепак,2021-M05,2021,2580.0
0008,Shrot,Шрот,Schroth,Шрот,2021-M05,2021,3090.0
009,Shulxa,Шелуха,Husk,Шулха,2021-M05,2021,3050.0
010,Kombikorm,Комбикорм,Compound feed,Комбикорм,2021-M05,2021,2504.0
011,Oliy navli bug'doy uni,Мука пшеничная высшего сорта,High-grade wheat flour,Олий навли буғдой уни,2021-M05,2021,0.0
0012,1-navli bug'doy uni,Мука пшеничная первого сорта,First grade wheat flour,1-навли буғдой уни,2021-M05,2021,0.0
013,1-nav bug'doy unidan non,Хлеб пшеничный из муки 1-го сорта,Wheat bread from 1st grade flour,1-нав буғдой унидан нон,2021-M05,2021,3249.0
017,Mol go'shti,Говядина,Beef,Мол гўшти,2021-M05,2021,59851.0
0020,Qo'y go'shti,Баранина,Mutton,Қўй гўшти,2021-M05,2021,65927.0
022,Tovuq go'shti,Мясо птицы,Poultry,Товуқ гўшти,2021-M05,2021,19937.0
026,Turli baliqlar,Рыба всякая,Fish of all kinds,Турли балиқлар,2021-M05,2021,14847.0
027,Yangi sog'ilgan sut (1 litr),Молоко свежее (1 литр),Fresh milk (1 liter),Янги соғилган сут (1 литр),2021-M05,2021,5110.0
034,Tuxum (10 dona),Яйца (10 штук),Eggs (10 pieces ),Тухум (10 дона),2021-M05,2021,10041.0
035,Paxta yog'i (1 litr),Масло хлопковое (1 литр),Cottonseed oil (1 liter),Пахта ёғи (1 литр),2021-M05,2021,0.0
0036,Kungaboqar yog'i (1 litr),Масло подсолнечное (1 литр),Sunflower oil (1 liter),Кунгабоқар ёғи (1 литр),2021-M05,2021,0.0
037,Sariyog',Масло сливочное,Butter,Сариёғ,2021-M05,2021,47869.0
039,Limon,Лимоны,Lemons,Лимон,2021-M05,2021,22068.0
0040,Olma,Яблоки,Apples,Олма,2021-M05,2021,10634.0
041,Nok,Груши,Pears,Нок,2021-M05,2021,19816.0
049,Uzum,Виноград,Grape,Узум,2021-M05,2021,0.0
0050,Tarvuz,Арбуз,Watermelon,Тарвуз,2021-M05,2021,8625.0
0051,Qovun,Дыня,Melon,Қовун,2021-M05,2021,6250.0
053,Mayiz,Кишмиш,Kishmish,Майиз,2021-M05,2021,36733.0
055,Karam,Капуста,Cabbage,Карам,2021-M05,2021,1906.0
057,Bodring,Огурцы,Cucumbers,Бодринг,2021-M05,2021,3855.0
058,Pomidor,Помидоры,Tomatoes,Помидор,2021-M05,2021,11029.0
059,Baqlajon,Баклажаны,Eggplant,Бақлажон,2021-M05,2021,20377.0
0060,Bulg'or qalampiri,Перец болгарский,Bell pepper,Булғор қалампири,2021-M05,2021,22280.0
061,Qovoq,Тыква,Pumpkin,Қовоқ,2021-M05,2021,2738.0
063,Sabzi,Морковь,Carrot,Сабзи,2021-M05,2021,2419.0
065,Sarimsoq,Чеснок,Garlic,Саримсоқ,2021-M05,2021,21011.0
066,Piyoz,Лук репчатый,Onion,Пиёз,2021-M05,2021,1922.0
069,Kartoshka,Картофель,Potatoes,Картошка,2021-M05,2021,4182.0
0070,Loviya,Фасоль,Beans,Ловия,2021-M05,2021,12401.0
071,No'xot,Горох,Peas,Нўхот,2021-M05,2021,14491.0
0072,Mosh,Маш,Mash,Мош,2021-M05,2021,11767.0
073,Shakar,Сахар песок,Sugar,Шакар,2021-M05,2021,0.0
002,Kruppa yormasi,Крупа манная,Semolina,Круппа ёрмаси,2021-M05,2021,2621.0
001,Guruch,Рис,Rice,Гуруч,2021-M06,2021,10225.0
003,Arpa,Ячмень,Barley,Арпа,2021-M06,2021,2621.0
0004,Bug'doy,Пшеница,Wheat,Буғдой,2021-M06,2021,2920.0
005,Jo'hori,Кукуруза,Corn,Жўҳори,2021-M06,2021,3396.0
006,Kepak,Отруби,Bran,Кепак,2021-M06,2021,2558.0
0008,Shrot,Шрот,Schroth,Шрот,2021-M06,2021,3105.0
009,Shulxa,Шелуха,Husk,Шулха,2021-M06,2021,3076.0
010,Kombikorm,Комбикорм,Compound feed,Комбикорм,2021-M06,2021,2503.0
011,Oliy navli bug'doy uni,Мука пшеничная высшего сорта,High-grade wheat flour,Олий навли буғдой уни,2021-M06,2021,0.0
0012,1-navli bug'doy uni,Мука пшеничная первого сорта,First grade wheat flour,1-навли буғдой уни,2021-M06,2021,0.0
013,1-nav bug'doy unidan non,Хлеб пшеничный из муки 1-го сорта,Wheat bread from 1st grade flour,1-нав буғдой унидан нон,2021-M06,2021,3248.0
017,Mol go'shti,Говядина,Beef,Мол гўшти,2021-M06,2021,59614.0
0020,Qo'y go'shti,Баранина,Mutton,Қўй гўшти,2021-M06,2021,65463.0
022,Tovuq go'shti,Мясо птицы,Poultry,Товуқ гўшти,2021-M06,2021,20013.0
026,Turli baliqlar,Рыба всякая,Fish of all kinds,Турли балиқлар,2021-M06,2021,14913.0
027,Yangi sog'ilgan sut (1 litr),Молоко свежее (1 литр),Fresh milk (1 liter),Янги соғилган сут (1 литр),2021-M06,2021,5232.0
034,Tuxum (10 dona),Яйца (10 штук),Eggs (10 pieces ),Тухум (10 дона),2021-M06,2021,9543.0
035,Paxta yog'i (1 litr),Масло хлопковое (1 литр),Cottonseed oil (1 liter),Пахта ёғи (1 литр),2021-M06,2021,0.0
0036,Kungaboqar yog'i (1 litr),Масло подсолнечное (1 литр),Sunflower oil (1 liter),Кунгабоқар ёғи (1 литр),2021-M06,2021,0.0
037,Sariyog',Масло сливочное,Butter,Сариёғ,2021-M06,2021,47754.0
039,Limon,Лимоны,Lemons,Лимон,2021-M06,2021,21988.0
0040,Olma,Яблоки,Apples,Олма,2021-M06,2021,10519.0
041,Nok,Груши,Pears,Нок,2021-M06,2021,20532.0
049,Uzum,Виноград,Grape,Узум,2021-M06,2021,10928.0
0050,Tarvuz,Арбуз,Watermelon,Тарвуз,2021-M06,2021,2981.0
0051,Qovun,Дыня,Melon,Қовун,2021-M06,2021,4715.0
053,Mayiz,Кишмиш,Kishmish,Майиз,2021-M06,2021,36894.0
055,Karam,Капуста,Cabbage,Карам,2021-M06,2021,1035.0
057,Bodring,Огурцы,Cucumbers,Бодринг,2021-M06,2021,1454.0
058,Pomidor,Помидоры,Tomatoes,Помидор,2021-M06,2021,4230.0
059,Baqlajon,Баклажаны,Eggplant,Бақлажон,2021-M06,2021,2960.0
0060,Bulg'or qalampiri,Перец болгарский,Bell pepper,Булғор қалампири,2021-M06,2021,3342.0
061,Qovoq,Тыква,Pumpkin,Қовоқ,2021-M06,2021,0.0
063,Sabzi,Морковь,Carrot,Сабзи,2021-M06,2021,5796.0
065,Sarimsoq,Чеснок,Garlic,Саримсоқ,2021-M06,2021,15141.0
066,Piyoz,Лук репчатый,Onion,Пиёз,2021-M06,2021,1590.0
069,Kartoshka,Картофель,Potatoes,Картошка,2021-M06,2021,3490.0
0070,Loviya,Фасоль,Beans,Ловия,2021-M06,2021,12232.0
071,No'xot,Горох,Peas,Нўхот,2021-M06,2021,14156.0
0072,Mosh,Маш,Mash,Мош,2021-M06,2021,11695.0
073,Shakar,Сахар песок,Sugar,Шакар,2021-M06,2021,0.0
002,Kruppa yormasi,Крупа манная,Semolina,Круппа ёрмаси,2021-M06,2021,2621.0
001,Guruch,Рис,Rice,Гуруч,2021-M07,2021,10170.0
003,Arpa,Ячмень,Barley,Арпа,2021-M07,2021,2623.0
0004,Bug'doy,Пшеница,Wheat,Буғдой,2021-M07,2021,2796.0
005,Jo'hori,Кукуруза,Corn,Жўҳори,2021-M07,2021,3426.0
006,Kepak,Отруби,Bran,Кепак,2021-M07,2021,2536.0
0008,Shrot,Шрот,Schroth,Шрот,2021-M07,2021,3103.0
009,Shulxa,Шелуха,Husk,Шулха,2021-M07,2021,3072.0
010,Kombikorm,Комбикорм,Compound feed,Комбикорм,2021-M07,2021,2503.0
011,Oliy navli bug'doy uni,Мука пшеничная высшего сорта,High-grade wheat flour,Олий навли буғдой уни,2021-M07,2021,0.0
0012,1-navli bug'doy uni,Мука пшеничная первого сорта,First grade wheat flour,1-навли буғдой уни,2021-M07,2021,0.0
013,1-nav bug'doy unidan non,Хлеб пшеничный из муки 1-го сорта,Wheat bread from 1st grade flour,1-нав буғдой унидан нон,2021-M07,2021,3249.0
017,Mol go'shti,Говядина,Beef,Мол гўшти,2021-M07,2021,62036.0
0020,Qo'y go'shti,Баранина,Mutton,Қўй гўшти,2021-M07,2021,67592.0
022,Tovuq go'shti,Мясо птицы,Poultry,Товуқ гўшти,2021-M07,2021,20305.0
026,Turli baliqlar,Рыба всякая,Fish of all kinds,Турли балиқлар,2021-M07,2021,15281.0
027,Yangi sog'ilgan sut (1 litr),Молоко свежее (1 литр),Fresh milk (1 liter),Янги соғилган сут (1 литр),2021-M07,2021,5245.0
034,Tuxum (10 dona),Яйца (10 штук),Eggs (10 pieces ),Тухум (10 дона),2021-M07,2021,9123.0
035,Paxta yog'i (1 litr),Масло хлопковое (1 литр),Cottonseed oil (1 liter),Пахта ёғи (1 литр),2021-M07,2021,0.0
0036,Kungaboqar yog'i (1 litr),Масло подсолнечное (1 литр),Sunflower oil (1 liter),Кунгабоқар ёғи (1 литр),2021-M07,2021,0.0
037,Sariyog',Масло сливочное,Butter,Сариёғ,2021-M07,2021,47214.0
039,Limon,Лимоны,Lemons,Лимон,2021-M07,2021,24712.0
0040,Olma,Яблоки,Apples,Олма,2021-M07,2021,9521.0
041,Nok,Груши,Pears,Нок,2021-M07,2021,18270.0
049,Uzum,Виноград,Grape,Узум,2021-M07,2021,8099.0
0050,Tarvuz,Арбуз,Watermelon,Тарвуз,2021-M07,2021,1618.0
0051,Qovun,Дыня,Melon,Қовун,2021-M07,2021,3266.0
053,Mayiz,Кишмиш,Kishmish,Майиз,2021-M07,2021,36670.0
055,Karam,Капуста,Cabbage,Карам,2021-M07,2021,1057.0
057,Bodring,Огурцы,Cucumbers,Бодринг,2021-M07,2021,2628.0
058,Pomidor,Помидоры,Tomatoes,Помидор,2021-M07,2021,2636.0
059,Baqlajon,Баклажаны,Eggplant,Бақлажон,2021-M07,2021,2288.0
0060,Bulg'or qalampiri,Перец болгарский,Bell pepper,Булғор қалампири,2021-M07,2021,2538.0
061,Qovoq,Тыква,Pumpkin,Қовоқ,2021-M07,2021,2418.0
063,Sabzi,Морковь,Carrot,Сабзи,2021-M07,2021,6769.0
065,Sarimsoq,Чеснок,Garlic,Саримсоқ,2021-M07,2021,14680.0
066,Piyoz,Лук репчатый,Onion,Пиёз,2021-M07,2021,1567.0
069,Kartoshka,Картофель,Potatoes,Картошка,2021-M07,2021,3141.0
0070,Loviya,Фасоль,Beans,Ловия,2021-M07,2021,12084.0
071,No'xot,Горох,Peas,Нўхот,2021-M07,2021,14251.0
0072,Mosh,Маш,Mash,Мош,2021-M07,2021,11768.0
073,Shakar,Сахар песок,Sugar,Шакар,2021-M07,2021,0.0
002,Kruppa yormasi,Крупа манная,Semolina,Круппа ёрмаси,2021-M07,2021,2623.0
001,Guruch,Рис,Rice,Гуруч,2021-M08,2021,10193.0
003,Arpa,Ячмень,Barley,Арпа,2021-M08,2021,2622.0
0004,Bug'doy,Пшеница,Wheat,Буғдой,2021-M08,2021,2821.0
005,Jo'hori,Кукуруза,Corn,Жўҳори,2021-M08,2021,3438.0
006,Kepak,Отруби,Bran,Кепак,2021-M08,2021,2553.0
0008,Shrot,Шрот,Schroth,Шрот,2021-M08,2021,3101.0
009,Shulxa,Шелуха,Husk,Шулха,2021-M08,2021,3064.0
010,Kombikorm,Комбикорм,Compound feed,Комбикорм,2021-M08,2021,2502.0
011,Oliy navli bug'doy uni,Мука пшеничная высшего сорта,High-grade wheat flour,Олий навли буғдой уни,2021-M08,2021,0.0
0012,1-navli bug'doy uni,Мука пшеничная первого сорта,First grade wheat flour,1-навли буғдой уни,2021-M08,2021,0.0
013,1-nav bug'doy unidan non,Хлеб пшеничный из муки 1-го сорта,Wheat bread from 1st grade flour,1-нав буғдой унидан нон,2021-M08,2021,3251.0
017,Mol go'shti,Говядина,Beef,Мол гўшти,2021-M08,2021,64137.0
0020,Qo'y go'shti,Баранина,Mutton,Қўй гўшти,2021-M08,2021,68683.0
022,Tovuq go'shti,Мясо птицы,Poultry,Товуқ гўшти,2021-M08,2021,20575.0
026,Turli baliqlar,Рыба всякая,Fish of all kinds,Турли балиқлар,2021-M08,2021,15585.0
027,Yangi sog'ilgan sut (1 litr),Молоко свежее (1 литр),Fresh milk (1 liter),Янги соғилган сут (1 литр),2021-M08,2021,5226.0
034,Tuxum (10 dona),Яйца (10 штук),Eggs (10 pieces ),Тухум (10 дона),2021-M08,2021,8907.0
035,Paxta yog'i (1 litr),Масло хлопковое (1 литр),Cottonseed oil (1 liter),Пахта ёғи (1 литр),2021-M08,2021,0.0
0036,Kungaboqar yog'i (1 litr),Масло подсолнечное (1 литр),Sunflower oil (1 liter),Кунгабоқар ёғи (1 литр),2021-M08,2021,0.0
037,Sariyog',Масло сливочное,Butter,Сариёғ,2021-M08,2021,47225.0
039,Limon,Лимоны,Lemons,Лимон,2021-M08,2021,25718.0
0040,Olma,Яблоки,Apples,Олма,2021-M08,2021,9275.0
041,Nok,Груши,Pears,Нок,2021-M08,2021,16697.0
049,Uzum,Виноград,Grape,Узум,2021-M08,2021,6880.0
0050,Tarvuz,Арбуз,Watermelon,Тарвуз,2021-M08,2021,1587.0
0051,Qovun,Дыня,Melon,Қовун,2021-M08,2021,2790.0
053,Mayiz,Кишмиш,Kishmish,Майиз,2021-M08,2021,37006.0
055,Karam,Капуста,Cabbage,Карам,2021-M08,2021,1220.0
057,Bodring,Огурцы,Cucumbers,Бодринг,2021-M08,2021,4083.0
058,Pomidor,Помидоры,Tomatoes,Помидор,2021-M08,2021,2948.0
059,Baqlajon,Баклажаны,Eggplant,Бақлажон,2021-M08,2021,2320.0
0060,Bulg'or qalampiri,Перец болгарский,Bell pepper,Булғор қалампири,2021-M08,2021,2529.0
061,Qovoq,Тыква,Pumpkin,Қовоқ,2021-M08,2021,2434.0
063,Sabzi,Морковь,Carrot,Сабзи,2021-M08,2021,6275.0
065,Sarimsoq,Чеснок,Garlic,Саримсоқ,2021-M08,2021,15022.0
066,Piyoz,Лук репчатый,Onion,Пиёз,2021-M08,2021,1613.0
069,Kartoshka,Картофель,Potatoes,Картошка,2021-M08,2021,3217.0
0070,Loviya,Фасоль,Beans,Ловия,2021-M08,2021,11976.0
071,No'xot,Горох,Peas,Нўхот,2021-M08,2021,14811.0
0072,Mosh,Маш,Mash,Мош,2021-M08,2021,11834.0
073,Shakar,Сахар песок,Sugar,Шакар,2021-M08,2021,0.0
002,Kruppa yormasi,Крупа манная,Semolina,Круппа ёрмаси,2021-M08,2021,2622.0
001,Guruch,Рис,Rice,Гуруч,2021-M09,2021,10086.0
003,Arpa,Ячмень,Barley,Арпа,2021-M09,2021,2619.0
0004,Bug'doy,Пшеница,Wheat,Буғдой,2021-M09,2021,2837.0
005,Jo'hori,Кукуруза,Corn,Жўҳори,2021-M09,2021,3400.0
006,Kepak,Отруби,Bran,Кепак,2021-M09,2021,2567.0
0008,Shrot,Шрот,Schroth,Шрот,2021-M09,2021,3109.0
009,Shulxa,Шелуха,Husk,Шулха,2021-M09,2021,3066.0
010,Kombikorm,Комбикорм,Compound feed,Комбикорм,2021-M09,2021,2502.0
011,Oliy navli bug'doy uni,Мука пшеничная высшего сорта,High-grade wheat flour,Олий навли буғдой уни,2021-M09,2021,0.0
0012,1-navli bug'doy uni,Мука пшеничная первого сорта,First grade wheat flour,1-навли буғдой уни,2021-M09,2021,0.0
013,1-nav bug'doy unidan non,Хлеб пшеничный из муки 1-го сорта,Wheat bread from 1st grade flour,1-нав буғдой унидан нон,2021-M09,2021,3252.0
017,Mol go'shti,Говядина,Beef,Мол гўшти,2021-M09,2021,65219.0
0020,Qo'y go'shti,Баранина,Mutton,Қўй гўшти,2021-M09,2021,69291.0
022,Tovuq go'shti,Мясо птицы,Poultry,Товуқ гўшти,2021-M09,2021,20833.0
026,Turli baliqlar,Рыба всякая,Fish of all kinds,Турли балиқлар,2021-M09,2021,15922.0
027,Yangi sog'ilgan sut (1 litr),Молоко свежее (1 литр),Fresh milk (1 liter),Янги соғилган сут (1 литр),2021-M09,2021,5231.0
034,Tuxum (10 dona),Яйца (10 штук),Eggs (10 pieces ),Тухум (10 дона),2021-M09,2021,9109.0
035,Paxta yog'i (1 litr),Масло хлопковое (1 литр),Cottonseed oil (1 liter),Пахта ёғи (1 литр),2021-M09,2021,0.0
0036,Kungaboqar yog'i (1 litr),Масло подсолнечное (1 литр),Sunflower oil (1 liter),Кунгабоқар ёғи (1 литр),2021-M09,2021,0.0
037,Sariyog',Масло сливочное,Butter,Сариёғ,2021-M09,2021,47225.0
039,Limon,Лимоны,Lemons,Лимон,2021-M09,2021,25590.0
0040,Olma,Яблоки,Apples,Олма,2021-M09,2021,8330.0
041,Nok,Груши,Pears,Нок,2021-M09,2021,15532.0
049,Uzum,Виноград,Grape,Узум,2021-M09,2021,6075.0
0050,Tarvuz,Арбуз,Watermelon,Тарвуз,2021-M09,2021,1827.0
0051,Qovun,Дыня,Melon,Қовун,2021-M09,2021,2673.0
053,Mayiz,Кишмиш,Kishmish,Майиз,2021-M09,2021,37056.0
055,Karam,Капуста,Cabbage,Карам,2021-M09,2021,1488.0
057,Bodring,Огурцы,Cucumbers,Бодринг,2021-M09,2021,4110.0
058,Pomidor,Помидоры,Tomatoes,Помидор,2021-M09,2021,3398.0
059,Baqlajon,Баклажаны,Eggplant,Бақлажон,2021-M09,2021,2492.0
0060,Bulg'or qalampiri,Перец болгарский,Bell pepper,Булғор қалампири,2021-M09,2021,2753.0
061,Qovoq,Тыква,Pumpkin,Қовоқ,2021-M09,2021,2135.0
063,Sabzi,Морковь,Carrot,Сабзи,2021-M09,2021,5934.0
065,Sarimsoq,Чеснок,Garlic,Саримсоқ,2021-M09,2021,17219.0
066,Piyoz,Лук репчатый,Onion,Пиёз,2021-M09,2021,1814.0
069,Kartoshka,Картофель,Potatoes,Картошка,2021-M09,2021,3330.0
0070,Loviya,Фасоль,Beans,Ловия,2021-M09,2021,11775.0
071,No'xot,Горох,Peas,Нўхот,2021-M09,2021,14981.0
0072,Mosh,Маш,Mash,Мош,2021-M09,2021,11812.0
073,Shakar,Сахар песок,Sugar,Шакар,2021-M09,2021,0.0
002,Kruppa yormasi,Крупа манная,Semolina,Круппа ёрмаси,2021-M09,2021,2619.0
001,Guruch,Рис,Rice,Гуруч,2021-M10,2021,9970.0
003,Arpa,Ячмень,Barley,Арпа,2021-M10,2021,2647.0
0004,Bug'doy,Пшеница,Wheat,Буғдой,2021-M10,2021,2858.0
005,Jo'hori,Кукуруза,Corn,Жўҳори,2021-M10,2021,3386.0
006,Kepak,Отруби,Bran,Кепак,2021-M10,2021,2576.0
0008,Shrot,Шрот,Schroth,Шрот,2021-M10,2021,3122.0
009,Shulxa,Шелуха,Husk,Шулха,2021-M10,2021,3068.0
010,Kombikorm,Комбикорм,Compound feed,Комбикорм,2021-M10,2021,2510.0
011,Oliy navli bug'doy uni,Мука пшеничная высшего сорта,High-grade wheat flour,Олий навли буғдой уни,2021-M10,2021,0.0
0012,1-navli bug'doy uni,Мука пшеничная первого сорта,First grade wheat flour,1-навли буғдой уни,2021-M10,2021,0.0
013,1-nav bug'doy unidan non,Хлеб пшеничный из муки 1-го сорта,Wheat bread from 1st grade flour,1-нав буғдой унидан нон,2021-M10,2021,3253.0
017,Mol go'shti,Говядина,Beef,Мол гўшти,2021-M10,2021,65236.0
0020,Qo'y go'shti,Баранина,Mutton,Қўй гўшти,2021-M10,2021,69564.0
022,Tovuq go'shti,Мясо птицы,Poultry,Товуқ гўшти,2021-M10,2021,20879.0
026,Turli baliqlar,Рыба всякая,Fish of all kinds,Турли балиқлар,2021-M10,2021,15749.0
027,Yangi sog'ilgan sut (1 litr),Молоко свежее (1 литр),Fresh milk (1 liter),Янги соғилган сут (1 литр),2021-M10,2021,5202.0
034,Tuxum (10 dona),Яйца (10 штук),Eggs (10 pieces ),Тухум (10 дона),2021-M10,2021,9442.0
035,Paxta yog'i (1 litr),Масло хлопковое (1 литр),Cottonseed oil (1 liter),Пахта ёғи (1 литр),2021-M10,2021,0.0
0036,Kungaboqar yog'i (1 litr),Масло подсолнечное (1 литр),Sunflower oil (1 liter),Кунгабоқар ёғи (1 литр),2021-M10,2021,0.0
037,Sariyog',Масло сливочное,Butter,Сариёғ,2021-M10,2021,47188.0
039,Limon,Лимоны,Lemons,Лимон,2021-M10,2021,25048.0
0040,Olma,Яблоки,Apples,Олма,2021-M10,2021,7944.0
041,Nok,Груши,Pears,Нок,2021-M10,2021,15416.0
049,Uzum,Виноград,Grape,Узум,2021-M10,2021,5795.0
0050,Tarvuz,Арбуз,Watermelon,Тарвуз,2021-M10,2021,2408.0
0051,Qovun,Дыня,Melon,Қовун,2021-M10,2021,2886.0
053,Mayiz,Кишмиш,Kishmish,Майиз,2021-M10,2021,37066.0
055,Karam,Капуста,Cabbage,Карам,2021-M10,2021,1923.0
057,Bodring,Огурцы,Cucumbers,Бодринг,2021-M10,2021,4576.0
058,Pomidor,Помидоры,Tomatoes,Помидор,2021-M10,2021,4396.0
059,Baqlajon,Баклажаны,Eggplant,Бақлажон,2021-M10,2021,2681.0
0060,Bulg'or qalampiri,Перец болгарский,Bell pepper,Булғор қалампири,2021-M10,2021,3065.0
061,Qovoq,Тыква,Pumpkin,Қовоқ,2021-M10,2021,2068.0
063,Sabzi,Морковь,Carrot,Сабзи,2021-M10,2021,4039.0
065,Sarimsoq,Чеснок,Garlic,Саримсоқ,2021-M10,2021,17786.0
066,Piyoz,Лук репчатый,Onion,Пиёз,2021-M10,2021,1895.0
069,Kartoshka,Картофель,Potatoes,Картошка,2021-M10,2021,3875.0
0070,Loviya,Фасоль,Beans,Ловия,2021-M10,2021,11649.0
071,No'xot,Горох,Peas,Нўхот,2021-M10,2021,15071.0
0072,Mosh,Маш,Mash,Мош,2021-M10,2021,11679.0
073,Shakar,Сахар песок,Sugar,Шакар,2021-M10,2021,0.0
002,Kruppa yormasi,Крупа манная,Semolina,Круппа ёрмаси,2021-M10,2021,2647.0
001,Guruch,Рис,Rice,Гуруч,2021-M11,2021,10040.0
003,Arpa,Ячмень,Barley,Арпа,2021-M11,2021,2697.0
0004,Bug'doy,Пшеница,Wheat,Буғдой,2021-M11,2021,2912.0
005,Jo'hori,Кукуруза,Corn,Жўҳори,2021-M11,2021,3426.0
006,Kepak,Отруби,Bran,Кепак,2021-M11,2021,2590.0
0008,Shrot,Шрот,Schroth,Шрот,2021-M11,2021,3138.0
009,Shulxa,Шелуха,Husk,Шулха,2021-M11,2021,3071.0
010,Kombikorm,Комбикорм,Compound feed,Комбикорм,2021-M11,2021,2527.0
011,Oliy navli bug'doy uni,Мука пшеничная высшего сорта,High-grade wheat flour,Олий навли буғдой уни,2021-M11,2021,0.0
0012,1-navli bug'doy uni,Мука пшеничная первого сорта,First grade wheat flour,1-навли буғдой уни,2021-M11,2021,0.0
013,1-nav bug'doy unidan non,Хлеб пшеничный из муки 1-го сорта,Wheat bread from 1st grade flour,1-нав буғдой унидан нон,2021-M11,2021,3262.0
017,Mol go'shti,Говядина,Beef,Мол гўшти,2021-M11,2021,66247.0
0020,Qo'y go'shti,Баранина,Mutton,Қўй гўшти,2021-M11,2021,70159.0
022,Tovuq go'shti,Мясо птицы,Poultry,Товуқ гўшти,2021-M11,2021,23608.0
026,Turli baliqlar,Рыба всякая,Fish of all kinds,Турли балиқлар,2021-M11,2021,16096.0
027,Yangi sog'ilgan sut (1 litr),Молоко свежее (1 литр),Fresh milk (1 liter),Янги соғилган сут (1 литр),2021-M11,2021,5268.0
034,Tuxum (10 dona),Яйца (10 штук),Eggs (10 pieces ),Тухум (10 дона),2021-M11,2021,10826.0
035,Paxta yog'i (1 litr),Масло хлопковое (1 литр),Cottonseed oil (1 liter),Пахта ёғи (1 литр),2021-M11,2021,0.0
0036,Kungaboqar yog'i (1 litr),Масло подсолнечное (1 литр),Sunflower oil (1 liter),Кунгабоқар ёғи (1 литр),2021-M11,2021,0.0
037,Sariyog',Масло сливочное,Butter,Сариёғ,2021-M11,2021,47184.0
039,Limon,Лимоны,Lemons,Лимон,2021-M11,2021,23838.0
0040,Olma,Яблоки,Apples,Олма,2021-M11,2021,8354.0
041,Nok,Груши,Pears,Нок,2021-M11,2021,18590.0
049,Uzum,Виноград,Grape,Узум,2021-M11,2021,7236.0
0050,Tarvuz,Арбуз,Watermelon,Тарвуз,2021-M11,2021,3506.0
0051,Qovun,Дыня,Melon,Қовун,2021-M11,2021,3335.0
053,Mayiz,Кишмиш,Kishmish,Майиз,2021-M11,2021,37221.0
055,Karam,Капуста,Cabbage,Карам,2021-M11,2021,2724.0
057,Bodring,Огурцы,Cucumbers,Бодринг,2021-M11,2021,6939.0
058,Pomidor,Помидоры,Tomatoes,Помидор,2021-M11,2021,8682.0
059,Baqlajon,Баклажаны,Eggplant,Бақлажон,2021-M11,2021,4359.0
0060,Bulg'or qalampiri,Перец болгарский,Bell pepper,Булғор қалампири,2021-M11,2021,5092.0
061,Qovoq,Тыква,Pumpkin,Қовоқ,2021-M11,2021,2344.0
063,Sabzi,Морковь,Carrot,Сабзи,2021-M11,2021,2022.0
065,Sarimsoq,Чеснок,Garlic,Саримсоқ,2021-M11,2021,19749.0
066,Piyoz,Лук репчатый,Onion,Пиёз,2021-M11,2021,2172.0
069,Kartoshka,Картофель,Potatoes,Картошка,2021-M11,2021,5062.0
0070,Loviya,Фасоль,Beans,Ловия,2021-M11,2021,12019.0
071,No'xot,Горох,Peas,Нўхот,2021-M11,2021,15602.0
0072,Mosh,Маш,Mash,Мош,2021-M11,2021,11807.0
073,Shakar,Сахар песок,Sugar,Шакар,2021-M11,2021,0.0
002,Kruppa yormasi,Крупа манная,Semolina,Круппа ёрмаси,2021-M11,2021,2697.0
001,Guruch,Рис,Rice,Гуруч,2021-M12,2021,10367.0
003,Arpa,Ячмень,Barley,Арпа,2021-M12,2021,2775.0
0004,Bug'doy,Пшеница,Wheat,Буғдой,2021-M12,2021,2997.0
005,Jo'hori,Кукуруза,Corn,Жўҳори,2021-M12,2021,3469.0
006,Kepak,Отруби,Bran,Кепак,2021-M12,2021,2600.0
0008,Shrot,Шрот,Schroth,Шрот,2021-M12,2021,3153.0
009,Shulxa,Шелуха,Husk,Шулха,2021-M12,2021,3098.0
010,Kombikorm,Комбикорм,Compound feed,Комбикорм,2021-M12,2021,2549.0
011,Oliy navli bug'doy uni,Мука пшеничная высшего сорта,High-grade wheat flour,Олий навли буғдой уни,2021-M12,2021,0.0
0012,1-navli bug'doy uni,Мука пшеничная первого сорта,First grade wheat flour,1-навли буғдой уни,2021-M12,2021,0.0
013,1-nav bug'doy unidan non,Хлеб пшеничный из муки 1-го сорта,Wheat bread from 1st grade flour,1-нав буғдой унидан нон,2021-M12,2021,3265.0
017,Mol go'shti,Говядина,Beef,Мол гўшти,2021-M12,2021,66217.0
0020,Qo'y go'shti,Баранина,Mutton,Қўй гўшти,2021-M12,2021,70752.0
022,Tovuq go'shti,Мясо птицы,Poultry,Товуқ гўшти,2021-M12,2021,24625.0
026,Turli baliqlar,Рыба всякая,Fish of all kinds,Турли балиқлар,2021-M12,2021,17032.0
027,Yangi sog'ilgan sut (1 litr),Молоко свежее (1 литр),Fresh milk (1 liter),Янги соғилган сут (1 литр),2021-M12,2021,5240.0
034,Tuxum (10 dona),Яйца (10 штук),Eggs (10 pieces ),Тухум (10 дона),2021-M12,2021,10168.0
035,Paxta yog'i (1 litr),Масло хлопковое (1 литр),Cottonseed oil (1 liter),Пахта ёғи (1 литр),2021-M12,2021,0.0
0036,Kungaboqar yog'i (1 litr),Масло подсолнечное (1 литр),Sunflower oil (1 liter),Кунгабоқар ёғи (1 литр),2021-M12,2021,0.0
037,Sariyog',Масло сливочное,Butter,Сариёғ,2021-M12,2021,47413.0
039,Limon,Лимоны,Lemons,Лимон,2021-M12,2021,20499.0
0040,Olma,Яблоки,Apples,Олма,2021-M12,2021,8956.0
041,Nok,Груши,Pears,Нок,2021-M12,2021,21953.0
049,Uzum,Виноград,Grape,Узум,2021-M12,2021,11805.0
0050,Tarvuz,Арбуз,Watermelon,Тарвуз,2021-M12,2021,4394.0
0051,Qovun,Дыня,Melon,Қовун,2021-M12,2021,3761.0
053,Mayiz,Кишмиш,Kishmish,Майиз,2021-M12,2021,37488.0
055,Karam,Капуста,Cabbage,Карам,2021-M12,2021,3154.0
057,Bodring,Огурцы,Cucumbers,Бодринг,2021-M12,2021,10300.0
058,Pomidor,Помидоры,Tomatoes,Помидор,2021-M12,2021,11065.0
059,Baqlajon,Баклажаны,Eggplant,Бақлажон,2021-M12,2021,9194.0
0060,Bulg'or qalampiri,Перец болгарский,Bell pepper,Булғор қалампири,2021-M12,2021,8515.0
061,Qovoq,Тыква,Pumpkin,Қовоқ,2021-M12,2021,2666.0
063,Sabzi,Морковь,Carrot,Сабзи,2021-M12,2021,1696.0
065,Sarimsoq,Чеснок,Garlic,Саримсоқ,2021-M12,2021,21612.0
066,Piyoz,Лук репчатый,Onion,Пиёз,2021-M12,2021,2145.0
069,Kartoshka,Картофель,Potatoes,Картошка,2021-M12,2021,4570.0
0070,Loviya,Фасоль,Beans,Ловия,2021-M12,2021,12409.0
071,No'xot,Горох,Peas,Нўхот,2021-M12,2021,16243.0
0072,Mosh,Маш,Mash,Мош,2021-M12,2021,12180.0
073,Shakar,Сахар песок,Sugar,Шакар,2021-M12,2021,0.0
002,Kruppa yormasi,Крупа манная,Semolina,Круппа ёрмаси,2021-M12,2021,2775.0
001,Guruch,Рис,Rice,Гуруч,2022-M01,2022,10209.0
003,Arpa,Ячмень,Barley,Арпа,2022-M01,2022,2854.0
0004,Bug'doy,Пшеница,Wheat,Буғдой,2022-M01,2022,3022.0
005,Jo'hori,Кукуруза,Corn,Жўҳори,2022-M01,2022,3418.0
006,Kepak,Отруби,Bran,Кепак,2022-M01,2022,2677.0
0008,Shrot,Шрот,Schroth,Шрот,2022-M01,2022,3041.0
009,Shulxa,Шелуха,Husk,Шулха,2022-M01,2022,3196.0
010,Kombikorm,Комбикорм,Compound feed,Комбикорм,2022-M01,2022,2656.0
011,Oliy navli bug'doy uni,Мука пшеничная высшего сорта,High-grade wheat flour,Олий навли буғдой уни,2022-M01,2022,5881.0
0012,1-navli bug'doy uni,Мука пшеничная первого сорта,First grade wheat flour,1-навли буғдой уни,2022-M01,2022,4080.0
013,1-nav bug'doy unidan non,Хлеб пшеничный из муки 1-го сорта,Wheat bread from 1st grade flour,1-нав буғдой унидан нон,2022-M01,2022,3336.0
017,Mol go'shti,Говядина,Beef,Мол гўшти,2022-M01,2022,66368.0
0020,Qo'y go'shti,Баранина,Mutton,Қўй гўшти,2022-M01,2022,70664.0
022,Tovuq go'shti,Мясо птицы,Poultry,Товуқ гўшти,2022-M01,2022,23694.0
026,Turli baliqlar,Рыба всякая,Fish of all kinds,Турли балиқлар,2022-M01,2022,17358.0
027,Yangi sog'ilgan sut (1 litr),Молоко свежее (1 литр),Fresh milk (1 liter),Янги соғилган сут (1 литр),2022-M01,2022,5256.0
034,Tuxum (10 dona),Яйца (10 штук),Eggs (10 pieces ),Тухум (10 дона),2022-M01,2022,10020.0
035,Paxta yog'i (1 litr),Масло хлопковое (1 литр),Cottonseed oil (1 liter),Пахта ёғи (1 литр),2022-M01,2022,16302.0
0036,Kungaboqar yog'i (1 litr),Масло подсолнечное (1 литр),Sunflower oil (1 liter),Кунгабоқар ёғи (1 литр),2022-M01,2022,18428.0
037,Sariyog',Масло сливочное,Butter,Сариёғ,2022-M01,2022,47009.0
039,Limon,Лимоны,Lemons,Лимон,2022-M01,2022,19459.0
0040,Olma,Яблоки,Apples,Олма,2022-M01,2022,9195.0
041,Nok,Груши,Pears,Нок,2022-M01,2022,22394.0
049,Uzum,Виноград,Grape,Узум,2022-M01,2022,13599.0
0050,Tarvuz,Арбуз,Watermelon,Тарвуз,2022-M01,2022,4414.0
0051,Qovun,Дыня,Melon,Қовун,2022-M01,2022,3741.0
053,Mayiz,Кишмиш,Kishmish,Майиз,2022-M01,2022,37689.0
055,Karam,Капуста,Cabbage,Карам,2022-M01,2022,3315.0
057,Bodring,Огурцы,Cucumbers,Бодринг,2022-M01,2022,13714.0
058,Pomidor,Помидоры,Tomatoes,Помидор,2022-M01,2022,13521.0
059,Baqlajon,Баклажаны,Eggplant,Бақлажон,2022-M01,2022,11644.0
0060,Bulg'or qalampiri,Перец болгарский,Bell pepper,Булғор қалампири,2022-M01,2022,12644.0
061,Qovoq,Тыква,Pumpkin,Қовоқ,2022-M01,2022,2815.0
063,Sabzi,Морковь,Carrot,Сабзи,2022-M01,2022,1721.0
065,Sarimsoq,Чеснок,Garlic,Саримсоқ,2022-M01,2022,21295.0
066,Piyoz,Лук репчатый,Onion,Пиёз,2022-M01,2022,2162.0
069,Kartoshka,Картофель,Potatoes,Картошка,2022-M01,2022,4435.0
0070,Loviya,Фасоль,Beans,Ловия,2022-M01,2022,12430.0
071,No'xot,Горох,Peas,Нўхот,2022-M01,2022,16175.0
0072,Mosh,Маш,Mash,Мош,2022-M01,2022,12119.0
073,Shakar,Сахар песок,Sugar,Шакар,2022-M01,2022,8645.0
002,Kruppa yormasi,Крупа манная,Semolina,Круппа ёрмаси,2022-M01,2022,2854.0
001,Guruch,Рис,Rice,Гуруч,2022-M02,2022,10426.0
003,Arpa,Ячмень,Barley,Арпа,2022-M02,2022,2880.0
0004,Bug'doy,Пшеница,Wheat,Буғдой,2022-M02,2022,3087.0
005,Jo'hori,Кукуруза,Corn,Жўҳори,2022-M02,2022,3458.0
006,Kepak,Отруби,Bran,Кепак,2022-M02,2022,2771.0
0008,Shrot,Шрот,Schroth,Шрот,2022-M02,2022,3139.0
009,Shulxa,Шелуха,Husk,Шулха,2022-M02,2022,3211.0
010,Kombikorm,Комбикорм,Compound feed,Комбикорм,2022-M02,2022,2668.0
011,Oliy navli bug'doy uni,Мука пшеничная высшего сорта,High-grade wheat flour,Олий навли буғдой уни,2022-M02,2022,6083.0
0012,1-navli bug'doy uni,Мука пшеничная первого сорта,First grade wheat flour,1-навли буғдой уни,2022-M02,2022,4230.0
013,1-nav bug'doy unidan non,Хлеб пшеничный из муки 1-го сорта,Wheat bread from 1st grade flour,1-нав буғдой унидан нон,2022-M02,2022,3331.0
017,Mol go'shti,Говядина,Beef,Мол гўшти,2022-M02,2022,67410.0
0020,Qo'y go'shti,Баранина,Mutton,Қўй гўшти,2022-M02,2022,70975.0
022,Tovuq go'shti,Мясо птицы,Poultry,Товуқ гўшти,2022-M02,2022,23766.0
026,Turli baliqlar,Рыба всякая,Fish of all kinds,Турли балиқлар,2022-M02,2022,17667.0
027,Yangi sog'ilgan sut (1 litr),Молоко свежее (1 литр),Fresh milk (1 liter),Янги соғилган сут (1 литр),2022-M02,2022,5266.0
034,Tuxum (10 dona),Яйца (10 штук),Eggs (10 pieces ),Тухум (10 дона),2022-M02,2022,9873.0
035,Paxta yog'i (1 litr),Масло хлопковое (1 литр),Cottonseed oil (1 liter),Пахта ёғи (1 литр),2022-M02,2022,16280.0
0036,Kungaboqar yog'i (1 litr),Масло подсолнечное (1 литр),Sunflower oil (1 liter),Кунгабоқар ёғи (1 литр),2022-M02,2022,18428.0
037,Sariyog',Масло сливочное,Butter,Сариёғ,2022-M02,2022,47063.0
039,Limon,Лимоны,Lemons,Лимон,2022-M02,2022,19492.0
0040,Olma,Яблоки,Apples,Олма,2022-M02,2022,9875.0
041,Nok,Груши,Pears,Нок,2022-M02,2022,22925.0
049,Uzum,Виноград,Grape,Узум,2022-M02,2022,18204.0
0050,Tarvuz,Арбуз,Watermelon,Тарвуз,2022-M02,2022,4444.0
0051,Qovun,Дыня,Melon,Қовун,2022-M02,2022,3986.0
053,Mayiz,Кишмиш,Kishmish,Майиз,2022-M02,2022,37149.0
055,Karam,Капуста,Cabbage,Карам,2022-M02,2022,3508.0
057,Bodring,Огурцы,Cucumbers,Бодринг,2022-M02,2022,17598.0
058,Pomidor,Помидоры,Tomatoes,Помидор,2022-M02,2022,17300.0
059,Baqlajon,Баклажаны,Eggplant,Бақлажон,2022-M02,2022,42896.0
0060,Bulg'or qalampiri,Перец болгарский,Bell pepper,Булғор қалампири,2022-M02,2022,22641.0
061,Qovoq,Тыква,Pumpkin,Қовоқ,2022-M02,2022,3066.0
063,Sabzi,Морковь,Carrot,Сабзи,2022-M02,2022,2029.0
065,Sarimsoq,Чеснок,Garlic,Саримсоқ,2022-M02,2022,21715.0
066,Piyoz,Лук репчатый,Onion,Пиёз,2022-M02,2022,2313.0
069,Kartoshka,Картофель,Potatoes,Картошка,2022-M02,2022,4521.0
0070,Loviya,Фасоль,Beans,Ловия,2022-M02,2022,12535.0
071,No'xot,Горох,Peas,Нўхот,2022-M02,2022,16259.0
0072,Mosh,Маш,Mash,Мош,2022-M02,2022,12197.0
073,Shakar,Сахар песок,Sugar,Шакар,2022-M02,2022,8732.0
002,Kruppa yormasi,Крупа манная,Semolina,Круппа ёрмаси,2022-M02,2022,2880.0
001,Guruch,Рис,Rice,Гуруч,2022-M03,2022,10196.0
003,Arpa,Ячмень,Barley,Арпа,2022-M03,2022,2958.0
0004,Bug'doy,Пшеница,Wheat,Буғдой,2022-M03,2022,3122.0
005,Jo'hori,Кукуруза,Corn,Жўҳори,2022-M03,2022,3496.0
006,Kepak,Отруби,Bran,Кепак,2022-M03,2022,2783.0
0008,Shrot,Шрот,Schroth,Шрот,2022-M03,2022,3135.0
009,Shulxa,Шелуха,Husk,Шулха,2022-M03,2022,3213.0
010,Kombikorm,Комбикорм,Compound feed,Комбикорм,2022-M03,2022,2672.0
011,Oliy navli bug'doy uni,Мука пшеничная высшего сорта,High-grade wheat flour,Олий навли буғдой уни,2022-M03,2022,6087.0
0012,1-navli bug'doy uni,Мука пшеничная первого сорта,First grade wheat flour,1-навли буғдой уни,2022-M03,2022,4221.0
013,1-nav bug'doy unidan non,Хлеб пшеничный из муки 1-го сорта,Wheat bread from 1st grade flour,1-нав буғдой унидан нон,2022-M03,2022,3327.0
017,Mol go'shti,Говядина,Beef,Мол гўшти,2022-M03,2022,66973.0
0020,Qo'y go'shti,Баранина,Mutton,Қўй гўшти,2022-M03,2022,70717.0
022,Tovuq go'shti,Мясо птицы,Poultry,Товуқ гўшти,2022-M03,2022,23288.0
026,Turli baliqlar,Рыба всякая,Fish of all kinds,Турли балиқлар,2022-M03,2022,17739.0
027,Yangi sog'ilgan sut (1 litr),Молоко свежее (1 литр),Fresh milk (1 liter),Янги соғилган сут (1 литр),2022-M03,2022,5247.0
034,Tuxum (10 dona),Яйца (10 штук),Eggs (10 pieces ),Тухум (10 дона),2022-M03,2022,9192.0
035,Paxta yog'i (1 litr),Масло хлопковое (1 литр),Cottonseed oil (1 liter),Пахта ёғи (1 литр),2022-M03,2022,16024.0
0036,Kungaboqar yog'i (1 litr),Масло подсолнечное (1 литр),Sunflower oil (1 liter),Кунгабоқар ёғи (1 литр),2022-M03,2022,18203.0
037,Sariyog',Масло сливочное,Butter,Сариёғ,2022-M03,2022,47043.0
039,Limon,Лимоны,Lemons,Лимон,2022-M03,2022,19493.0
0040,Olma,Яблоки,Apples,Олма,2022-M03,2022,10147.0
041,Nok,Груши,Pears,Нок,2022-M03,2022,23051.0
049,Uzum,Виноград,Grape,Узум,2022-M03,2022,19263.0
0050,Tarvuz,Арбуз,Watermelon,Тарвуз,2022-M03,2022,0.0
0051,Qovun,Дыня,Melon,Қовун,2022-M03,2022,0.0
053,Mayiz,Кишмиш,Kishmish,Майиз,2022-M03,2022,37601.0
055,Karam,Капуста,Cabbage,Карам,2022-M03,2022,4215.0
057,Bodring,Огурцы,Cucumbers,Бодринг,2022-M03,2022,17641.0
058,Pomidor,Помидоры,Tomatoes,Помидор,2022-M03,2022,17968.0
059,Baqlajon,Баклажаны,Eggplant,Бақлажон,2022-M03,2022,22500.0
0060,Bulg'or qalampiri,Перец болгарский,Bell pepper,Булғор қалампири,2022-M03,2022,27139.0
061,Qovoq,Тыква,Pumpkin,Қовоқ,2022-M03,2022,3307.0
063,Sabzi,Морковь,Carrot,Сабзи,2022-M03,2022,2214.0
065,Sarimsoq,Чеснок,Garlic,Саримсоқ,2022-M03,2022,22068.0
066,Piyoz,Лук репчатый,Onion,Пиёз,2022-M03,2022,2428.0
069,Kartoshka,Картофель,Potatoes,Картошка,2022-M03,2022,4230.0
0070,Loviya,Фасоль,Beans,Ловия,2022-M03,2022,12522.0
071,No'xot,Горох,Peas,Нўхот,2022-M03,2022,16461.0
0072,Mosh,Маш,Mash,Мош,2022-M03,2022,12177.0
073,Shakar,Сахар песок,Sugar,Шакар,2022-M03,2022,8975.0
002,Kruppa yormasi,Крупа манная,Semolina,Круппа ёрмаси,2022-M03,2022,2958.0
001,Guruch,Рис,Rice,Гуруч,2022-M04,2022,9783.0
003,Arpa,Ячмень,Barley,Арпа,2022-M04,2022,2990.0
0004,Bug'doy,Пшеница,Wheat,Буғдой,2022-M04,2022,3145.0
005,Jo'hori,Кукуруза,Corn,Жўҳори,2022-M04,2022,3534.0
006,Kepak,Отруби,Bran,Кепак,2022-M04,2022,2787.0
0008,Shrot,Шрот,Schroth,Шрот,2022-M04,2022,3164.0
009,Shulxa,Шелуха,Husk,Шулха,2022-M04,2022,3202.0
010,Kombikorm,Комбикорм,Compound feed,Комбикорм,2022-M04,2022,2693.0
011,Oliy navli bug'doy uni,Мука пшеничная высшего сорта,High-grade wheat flour,Олий навли буғдой уни,2022-M04,2022,6065.0
0012,1-navli bug'doy uni,Мука пшеничная первого сорта,First grade wheat flour,1-навли буғдой уни,2022-M04,2022,4248.0
013,1-nav bug'doy unidan non,Хлеб пшеничный из муки 1-го сорта,Wheat bread from 1st grade flour,1-нав буғдой унидан нон,2022-M04,2022,3302.0
017,Mol go'shti,Говядина,Beef,Мол гўшти,2022-M04,2022,65669.0
0020,Qo'y go'shti,Баранина,Mutton,Қўй гўшти,2022-M04,2022,69825.0
022,Tovuq go'shti,Мясо птицы,Poultry,Товуқ гўшти,2022-M04,2022,22446.0
026,Turli baliqlar,Рыба всякая,Fish of all kinds,Турли балиқлар,2022-M04,2022,17974.0
027,Yangi sog'ilgan sut (1 litr),Молоко свежее (1 литр),Fresh milk (1 liter),Янги соғилган сут (1 литр),2022-M04,2022,5163.0
034,Tuxum (10 dona),Яйца (10 штук),Eggs (10 pieces ),Тухум (10 дона),2022-M04,2022,8998.0
035,Paxta yog'i (1 litr),Масло хлопковое (1 литр),Cottonseed oil (1 liter),Пахта ёғи (1 литр),2022-M04,2022,16529.0
0036,Kungaboqar yog'i (1 litr),Масло подсолнечное (1 литр),Sunflower oil (1 liter),Кунгабоқар ёғи (1 литр),2022-M04,2022,18517.0
037,Sariyog',Масло сливочное,Butter,Сариёғ,2022-M04,2022,46408.0
039,Limon,Лимоны,Lemons,Лимон,2022-M04,2022,19203.0
0040,Olma,Яблоки,Apples,Олма,2022-M04,2022,10125.0
041,Nok,Груши,Pears,Нок,2022-M04,2022,23908.0
049,Uzum,Виноград,Grape,Узум,2022-M04,2022,21594.0
0050,Tarvuz,Арбуз,Watermelon,Тарвуз,2022-M04,2022,0.0
0051,Qovun,Дыня,Melon,Қовун,2022-M04,2022,0.0
053,Mayiz,Кишмиш,Kishmish,Майиз,2022-M04,2022,37697.0
055,Karam,Капуста,Cabbage,Карам,2022-M04,2022,4298.0
057,Bodring,Огурцы,Cucumbers,Бодринг,2022-M04,2022,14935.0
058,Pomidor,Помидоры,Tomatoes,Помидор,2022-M04,2022,17452.0
059,Baqlajon,Баклажаны,Eggplant,Бақлажон,2022-M04,2022,23564.0
0060,Bulg'or qalampiri,Перец болгарский,Bell pepper,Булғор қалампири,2022-M04,2022,27711.0
061,Qovoq,Тыква,Pumpkin,Қовоқ,2022-M04,2022,3353.0
063,Sabzi,Морковь,Carrot,Сабзи,2022-M04,2022,2468.0
065,Sarimsoq,Чеснок,Garlic,Саримсоқ,2022-M04,2022,22062.0
066,Piyoz,Лук репчатый,Onion,Пиёз,2022-M04,2022,2727.0
069,Kartoshka,Картофель,Potatoes,Картошка,2022-M04,2022,3975.0
0070,Loviya,Фасоль,Beans,Ловия,2022-M04,2022,12585.0
071,No'xot,Горох,Peas,Нўхот,2022-M04,2022,16616.0
0072,Mosh,Маш,Mash,Мош,2022-M04,2022,12423.0
073,Shakar,Сахар песок,Sugar,Шакар,2022-M04,2022,9391.0
002,Kruppa yormasi,Крупа манная,Semolina,Круппа ёрмаси,2022-M04,2022,2990.0
001,Guruch,Рис,Rice,Гуруч,2022-M05,2022,9876.0
003,Arpa,Ячмень,Barley,Арпа,2022-M05,2022,3203.0
0004,Bug'doy,Пшеница,Wheat,Буғдой,2022-M05,2022,3287.0
005,Jo'hori,Кукуруза,Corn,Жўҳори,2022-M05,2022,3665.0
006,Kepak,Отруби,Bran,Кепак,2022-M05,2022,2837.0
0008,Shrot,Шрот,Schroth,Шрот,2022-M05,2022,3275.0
009,Shulxa,Шелуха,Husk,Шулха,2022-M05,2022,3258.0
010,Kombikorm,Комбикорм,Compound feed,Комбикорм,2022-M05,2022,2762.0
011,Oliy navli bug'doy uni,Мука пшеничная высшего сорта,High-grade wheat flour,Олий навли буғдой уни,2022-M05,2022,6209.0
0012,1-navli bug'doy uni,Мука пшеничная первого сорта,First grade wheat flour,1-навли буғдой уни,2022-M05,2022,4397.0
013,1-nav bug'doy unidan non,Хлеб пшеничный из муки 1-го сорта,Wheat bread from 1st grade flour,1-нав буғдой унидан нон,2022-M05,2022,3359.0
017,Mol go'shti,Говядина,Beef,Мол гўшти,2022-M05,2022,65761.0
0020,Qo'y go'shti,Баранина,Mutton,Қўй гўшти,2022-M05,2022,69967.0
022,Tovuq go'shti,Мясо птицы,Poultry,Товуқ гўшти,2022-M05,2022,22898.0
026,Turli baliqlar,Рыба всякая,Fish of all kinds,Турли балиқлар,2022-M05,2022,18469.0
027,Yangi sog'ilgan sut (1 litr),Молоко свежее (1 литр),Fresh milk (1 liter),Янги соғилган сут (1 литр),2022-M05,2022,5279.0
034,Tuxum (10 dona),Яйца (10 штук),Eggs (10 pieces ),Тухум (10 дона),2022-M05,2022,8996.0
035,Paxta yog'i (1 litr),Масло хлопковое (1 литр),Cottonseed oil (1 liter),Пахта ёғи (1 литр),2022-M05,2022,17210.0
0036,Kungaboqar yog'i (1 litr),Масло подсолнечное (1 литр),Sunflower oil (1 liter),Кунгабоқар ёғи (1 литр),2022-M05,2022,19207.0
037,Sariyog',Масло сливочное,Butter,Сариёғ,2022-M05,2022,46643.0
039,Limon,Лимоны,Lemons,Лимон,2022-M05,2022,19981.0
0040,Olma,Яблоки,Apples,Олма,2022-M05,2022,10941.0
041,Nok,Груши,Pears,Нок,2022-M05,2022,25405.0
049,Uzum,Виноград,Grape,Узум,2022-M05,2022,24606.0
0050,Tarvuz,Арбуз,Watermelon,Тарвуз,2022-M05,2022,14797.0
0051,Qovun,Дыня,Melon,Қовун,2022-M05,2022,15479.0
053,Mayiz,Кишмиш,Kishmish,Майиз,2022-M05,2022,37915.0
055,Karam,Капуста,Cabbage,Карам,2022-M05,2022,3567.0
057,Bodring,Огурцы,Cucumbers,Бодринг,2022-M05,2022,5056.0
058,Pomidor,Помидоры,Tomatoes,Помидор,2022-M05,2022,13894.0
059,Baqlajon,Баклажаны,Eggplant,Бақлажон,2022-M05,2022,19345.0
0060,Bulg'or qalampiri,Перец болгарский,Bell pepper,Булғор қалампири,2022-M05,2022,21892.0
061,Qovoq,Тыква,Pumpkin,Қовоқ,2022-M05,2022,3411.0
063,Sabzi,Морковь,Carrot,Сабзи,2022-M05,2022,2904.0
065,Sarimsoq,Чеснок,Garlic,Саримсоқ,2022-M05,2022,19665.0
066,Piyoz,Лук репчатый,Onion,Пиёз,2022-M05,2022,3011.0
069,Kartoshka,Картофель,Potatoes,Картошка,2022-M05,2022,3976.0
0070,Loviya,Фасоль,Beans,Ловия,2022-M05,2022,12681.0
071,No'xot,Горох,Peas,Нўхот,2022-M05,2022,16948.0
0072,Mosh,Маш,Mash,Мош,2022-M05,2022,12694.0
073,Shakar,Сахар песок,Sugar,Шакар,2022-M05,2022,9836.0
002,Kruppa yormasi,Крупа манная,Semolina,Круппа ёрмаси,2022-M05,2022,3203.0
001,Guruch,Рис,Rice,Гуруч,2022-M06,2022,10054.0
003,Arpa,Ячмень,Barley,Арпа,2022-M06,2022,3374.0
0004,Bug'doy,Пшеница,Wheat,Буғдой,2022-M06,2022,3882.0
005,Jo'hori,Кукуруза,Corn,Жўҳори,2022-M06,2022,4038.0
006,Kepak,Отруби,Bran,Кепак,2022-M06,2022,3001.0
0008,Shrot,Шрот,Schroth,Шрот,2022-M06,2022,3479.0
009,Shulxa,Шелуха,Husk,Шулха,2022-M06,2022,3333.0
010,Kombikorm,Комбикорм,Compound feed,Комбикорм,2022-M06,2022,2888.0
011,Oliy navli bug'doy uni,Мука пшеничная высшего сорта,High-grade wheat flour,Олий навли буғдой уни,2022-M06,2022,7235.0
0012,1-navli bug'doy uni,Мука пшеничная первого сорта,First grade wheat flour,1-навли буғдой уни,2022-M06,2022,5490.0
013,1-nav bug'doy unidan non,Хлеб пшеничный из муки 1-го сорта,Wheat bread from 1st grade flour,1-нав буғдой унидан нон,2022-M06,2022,4566.0
017,Mol go'shti,Говядина,Beef,Мол гўшти,2022-M06,2022,66095.0
0020,Qo'y go'shti,Баранина,Mutton,Қўй гўшти,2022-M06,2022,70061.0
022,Tovuq go'shti,Мясо птицы,Poultry,Товуқ гўшти,2022-M06,2022,23798.0
026,Turli baliqlar,Рыба всякая,Fish of all kinds,Турли балиқлар,2022-M06,2022,19482.0
027,Yangi sog'ilgan sut (1 litr),Молоко свежее (1 литр),Fresh milk (1 liter),Янги соғилган сут (1 литр),2022-M06,2022,5415.0
034,Tuxum (10 dona),Яйца (10 штук),Eggs (10 pieces ),Тухум (10 дона),2022-M06,2022,9470.0
035,Paxta yog'i (1 litr),Масло хлопковое (1 литр),Cottonseed oil (1 liter),Пахта ёғи (1 литр),2022-M06,2022,18052.0
0036,Kungaboqar yog'i (1 litr),Масло подсолнечное (1 литр),Sunflower oil (1 liter),Кунгабоқар ёғи (1 литр),2022-M06,2022,20009.0
037,Sariyog',Масло сливочное,Butter,Сариёғ,2022-M06,2022,46930.0
039,Limon,Лимоны,Lemons,Лимон,2022-M06,2022,22390.0
0040,Olma,Яблоки,Apples,Олма,2022-M06,2022,10572.0
041,Nok,Груши,Pears,Нок,2022-M06,2022,23742.0
049,Uzum,Виноград,Grape,Узум,2022-M06,2022,19082.0
0050,Tarvuz,Арбуз,Watermelon,Тарвуз,2022-M06,2022,4040.0
0051,Qovun,Дыня,Melon,Қовун,2022-M06,2022,6969.0
053,Mayiz,Кишмиш,Kishmish,Майиз,2022-M06,2022,37810.0
055,Karam,Капуста,Cabbage,Карам,2022-M06,2022,3328.0
057,Bodring,Огурцы,Cucumbers,Бодринг,2022-M06,2022,4023.0
058,Pomidor,Помидоры,Tomatoes,Помидор,2022-M06,2022,7698.0
059,Baqlajon,Баклажаны,Eggplant,Бақлажон,2022-M06,2022,9099.0
0060,Bulg'or qalampiri,Перец болгарский,Bell pepper,Булғор қалампири,2022-M06,2022,10493.0
061,Qovoq,Тыква,Pumpkin,Қовоқ,2022-M06,2022,3472.0
063,Sabzi,Морковь,Carrot,Сабзи,2022-M06,2022,2985.0
065,Sarimsoq,Чеснок,Garlic,Саримсоқ,2022-M06,2022,16090.0
066,Piyoz,Лук репчатый,Onion,Пиёз,2022-M06,2022,3437.0
069,Kartoshka,Картофель,Potatoes,Картошка,2022-M06,2022,3978.0
0070,Loviya,Фасоль,Beans,Ловия,2022-M06,2022,12591.0
071,No'xot,Горох,Peas,Нўхот,2022-M06,2022,17412.0
0072,Mosh,Маш,Mash,Мош,2022-M06,2022,12929.0
073,Shakar,Сахар песок,Sugar,Шакар,2022-M06,2022,12302.0
002,Kruppa yormasi,Крупа манная,Semolina,Круппа ёрмаси,2022-M06,2022,3374.0
001,Guruch,Рис,Rice,Гуруч,2022-M07,2022,10237.0
003,Arpa,Ячмень,Barley,Арпа,2022-M07,2022,3481.0
0004,Bug'doy,Пшеница,Wheat,Буғдой,2022-M07,2022,3970.0
005,Jo'hori,Кукуруза,Corn,Жўҳори,2022-M07,2022,4158.0
006,Kepak,Отруби,Bran,Кепак,2022-M07,2022,3058.0
0008,Shrot,Шрот,Schroth,Шрот,2022-M07,2022,3569.0
009,Shulxa,Шелуха,Husk,Шулха,2022-M07,2022,3374.0
010,Kombikorm,Комбикорм,Compound feed,Комбикорм,2022-M07,2022,2944.0
011,Oliy navli bug'doy uni,Мука пшеничная высшего сорта,High-grade wheat flour,Олий навли буғдой уни,2022-M07,2022,7374.0
0012,1-navli bug'doy uni,Мука пшеничная первого сорта,First grade wheat flour,1-навли буғдой уни,2022-M07,2022,5702.0
013,1-nav bug'doy unidan non,Хлеб пшеничный из муки 1-го сорта,Wheat bread from 1st grade flour,1-нав буғдой унидан нон,2022-M07,2022,4660.0
017,Mol go'shti,Говядина,Beef,Мол гўшти,2022-M07,2022,67191.0
0020,Qo'y go'shti,Баранина,Mutton,Қўй гўшти,2022-M07,2022,71057.0
022,Tovuq go'shti,Мясо птицы,Poultry,Товуқ гўшти,2022-M07,2022,24179.0
026,Turli baliqlar,Рыба всякая,Fish of all kinds,Турли балиқлар,2022-M07,2022,20014.0
027,Yangi sog'ilgan sut (1 litr),Молоко свежее (1 литр),Fresh milk (1 liter),Янги соғилган сут (1 литр),2022-M07,2022,5524.0
034,Tuxum (10 dona),Яйца (10 штук),Eggs (10 pieces ),Тухум (10 дона),2022-M07,2022,9581.0
035,Paxta yog'i (1 litr),Масло хлопковое (1 литр),Cottonseed oil (1 liter),Пахта ёғи (1 литр),2022-M07,2022,18783.0
0036,Kungaboqar yog'i (1 litr),Масло подсолнечное (1 литр),Sunflower oil (1 liter),Кунгабоқар ёғи (1 литр),2022-M07,2022,20776.0
037,Sariyog',Масло сливочное,Butter,Сариёғ,2022-M07,2022,47042.0
039,Limon,Лимоны,Lemons,Лимон,2022-M07,2022,24371.0
0040,Olma,Яблоки,Apples,Олма,2022-M07,2022,9339.0
041,Nok,Груши,Pears,Нок,2022-M07,2022,17694.0
049,Uzum,Виноград,Grape,Узум,2022-M07,2022,8609.0
0050,Tarvuz,Арбуз,Watermelon,Тарвуз,2022-M07,2022,1709.0
0051,Qovun,Дыня,Melon,Қовун,2022-M07,2022,3418.0
053,Mayiz,Кишмиш,Kishmish,Майиз,2022-M07,2022,38125.0
055,Karam,Капуста,Cabbage,Карам,2022-M07,2022,2752.0
057,Bodring,Огурцы,Cucumbers,Бодринг,2022-M07,2022,3554.0
058,Pomidor,Помидоры,Tomatoes,Помидор,2022-M07,2022,3861.0
059,Baqlajon,Баклажаны,Eggplant,Бақлажон,2022-M07,2022,3871.0
0060,Bulg'or qalampiri,Перец болгарский,Bell pepper,Булғор қалампири,2022-M07,2022,5882.0
061,Qovoq,Тыква,Pumpkin,Қовоқ,2022-M07,2022,3681.0
063,Sabzi,Морковь,Carrot,Сабзи,2022-M07,2022,2887.0
065,Sarimsoq,Чеснок,Garlic,Саримсоқ,2022-M07,2022,15590.0
066,Piyoz,Лук репчатый,Onion,Пиёз,2022-M07,2022,3892.0
069,Kartoshka,Картофель,Potatoes,Картошка,2022-M07,2022,3694.0
0070,Loviya,Фасоль,Beans,Ловия,2022-M07,2022,12405.0
071,No'xot,Горох,Peas,Нўхот,2022-M07,2022,18159.0
0072,Mosh,Маш,Mash,Мош,2022-M07,2022,13040.0
073,Shakar,Сахар песок,Sugar,Шакар,2022-M07,2022,13552.0
002,Kruppa yormasi,Крупа манная,Semolina,Круппа ёрмаси,2022-M07,2022,3481.0
001,Guruch,Рис,Rice,Гуруч,2022-M08,2022,11461.0
003,Arpa,Ячмень,Barley,Арпа,2022-M08,2022,3524.0
0004,Bug'doy,Пшеница,Wheat,Буғдой,2022-M08,2022,3970.0
005,Jo'hori,Кукуруза,Corn,Жўҳори,2022-M08,2022,4129.0
006,Kepak,Отруби,Bran,Кепак,2022-M08,2022,3051.0
0008,Shrot,Шрот,Schroth,Шрот,2022-M08,2022,3585.0
009,Shulxa,Шелуха,Husk,Шулха,2022-M08,2022,3410.0
010,Kombikorm,Комбикорм,Compound feed,Комбикорм,2022-M08,2022,2989.0
011,Oliy navli bug'doy uni,Мука пшеничная высшего сорта,High-grade wheat flour,Олий навли буғдой уни,2022-M08,2022,7493.0
0012,1-navli bug'doy uni,Мука пшеничная первого сорта,First grade wheat flour,1-навли буғдой уни,2022-M08,2022,5887.0
013,1-nav bug'doy unidan non,Хлеб пшеничный из муки 1-го сорта,Wheat bread from 1st grade flour,1-нав буғдой унидан нон,2022-M08,2022,4723.0
017,Mol go'shti,Говядина,Beef,Мол гўшти,2022-M08,2022,68388.0
0020,Qo'y go'shti,Баранина,Mutton,Қўй гўшти,2022-M08,2022,71943.0
022,Tovuq go'shti,Мясо птицы,Poultry,Товуқ гўшти,2022-M08,2022,24501.0
026,Turli baliqlar,Рыба всякая,Fish of all kinds,Турли балиқлар,2022-M08,2022,21320.0
027,Yangi sog'ilgan sut (1 litr),Молоко свежее (1 литр),Fresh milk (1 liter),Янги соғилган сут (1 литр),2022-M08,2022,5583.0
034,Tuxum (10 dona),Яйца (10 штук),Eggs (10 pieces ),Тухум (10 дона),2022-M08,2022,9331.0
035,Paxta yog'i (1 litr),Масло хлопковое (1 литр),Cottonseed oil (1 liter),Пахта ёғи (1 литр),2022-M08,2022,18945.0
0036,Kungaboqar yog'i (1 litr),Масло подсолнечное (1 литр),Sunflower oil (1 liter),Кунгабоқар ёғи (1 литр),2022-M08,2022,20917.0
037,Sariyog',Масло сливочное,Butter,Сариёғ,2022-M08,2022,47130.0
039,Limon,Лимоны,Lemons,Лимон,2022-M08,2022,25990.0
0040,Olma,Яблоки,Apples,Олма,2022-M08,2022,9040.0
041,Nok,Груши,Pears,Нок,2022-M08,2022,15347.0
049,Uzum,Виноград,Grape,Узум,2022-M08,2022,7997.0
0050,Tarvuz,Арбуз,Watermelon,Тарвуз,2022-M08,2022,1931.0
0051,Qovun,Дыня,Melon,Қовун,2022-M08,2022,3254.0
053,Mayiz,Кишмиш,Kishmish,Майиз,2022-M08,2022,38512.0
055,Karam,Капуста,Cabbage,Карам,2022-M08,2022,2817.0
057,Bodring,Огурцы,Cucumbers,Бодринг,2022-M08,2022,4111.0
058,Pomidor,Помидоры,Tomatoes,Помидор,2022-M08,2022,4575.0
059,Baqlajon,Баклажаны,Eggplant,Бақлажон,2022-M08,2022,2976.0
0060,Bulg'or qalampiri,Перец болгарский,Bell pepper,Булғор қалампири,2022-M08,2022,4785.0
061,Qovoq,Тыква,Pumpkin,Қовоқ,2022-M08,2022,3120.0
063,Sabzi,Морковь,Carrot,Сабзи,2022-M08,2022,2704.0
065,Sarimsoq,Чеснок,Garlic,Саримсоқ,2022-M08,2022,16218.0
066,Piyoz,Лук репчатый,Onion,Пиёз,2022-M08,2022,3671.0
069,Kartoshka,Картофель,Potatoes,Картошка,2022-M08,2022,3718.0
0070,Loviya,Фасоль,Beans,Ловия,2022-M08,2022,12204.0
071,No'xot,Горох,Peas,Нўхот,2022-M08,2022,18776.0
0072,Mosh,Маш,Mash,Мош,2022-M08,2022,13159.0
073,Shakar,Сахар песок,Sugar,Шакар,2022-M08,2022,13242.0
002,Kruppa yormasi,Крупа манная,Semolina,Круппа ёрмаси,2022-M08,2022,3524.0
001,Guruch,Рис,Rice,Гуруч,2022-M09,2022,12359.0
003,Arpa,Ячмень,Barley,Арпа,2022-M09,2022,3628.0
0004,Bug'doy,Пшеница,Wheat,Буғдой,2022-M09,2022,4017.0
005,Jo'hori,Кукуруза,Corn,Жўҳори,2022-M09,2022,4068.0
006,Kepak,Отруби,Bran,Кепак,2022-M09,2022,3059.0
0008,Shrot,Шрот,Schroth,Шрот,2022-M09,2022,3577.0
009,Shulxa,Шелуха,Husk,Шулха,2022-M09,2022,3420.0
010,Kombikorm,Комбикорм,Compound feed,Комбикорм,2022-M09,2022,3120.0
011,Oliy navli bug'doy uni,Мука пшеничная высшего сорта,High-grade wheat flour,Олий навли буғдой уни,2022-M09,2022,7571.0
0012,1-navli bug'doy uni,Мука пшеничная первого сорта,First grade wheat flour,1-навли буғдой уни,2022-M09,2022,6028.0
013,1-nav bug'doy unidan non,Хлеб пшеничный из муки 1-го сорта,Wheat bread from 1st grade flour,1-нав буғдой унидан нон,2022-M09,2022,4877.0
017,Mol go'shti,Говядина,Beef,Мол гўшти,2022-M09,2022,68896.0
0020,Qo'y go'shti,Баранина,Mutton,Қўй гўшти,2022-M09,2022,72948.0
022,Tovuq go'shti,Мясо птицы,Poultry,Товуқ гўшти,2022-M09,2022,24906.0
026,Turli baliqlar,Рыба всякая,Fish of all kinds,Турли балиқлар,2022-M09,2022,20683.0
027,Yangi sog'ilgan sut (1 litr),Молоко свежее (1 литр),Fresh milk (1 liter),Янги соғилган сут (1 литр),2022-M09,2022,5646.0
034,Tuxum (10 dona),Яйца (10 штук),Eggs (10 pieces ),Тухум (10 дона),2022-M09,2022,9567.0
035,Paxta yog'i (1 litr),Масло хлопковое (1 литр),Cottonseed oil (1 liter),Пахта ёғи (1 литр),2022-M09,2022,19088.0
0036,Kungaboqar yog'i (1 litr),Масло подсолнечное (1 литр),Sunflower oil (1 liter),Кунгабоқар ёғи (1 литр),2022-M09,2022,20893.0
037,Sariyog',Масло сливочное,Butter,Сариёғ,2022-M09,2022,47442.0
039,Limon,Лимоны,Lemons,Лимон,2022-M09,2022,25838.0
0040,Olma,Яблоки,Apples,Олма,2022-M09,2022,8252.0
041,Nok,Груши,Pears,Нок,2022-M09,2022,14000.0
049,Uzum,Виноград,Grape,Узум,2022-M09,2022,7273.0
0050,Tarvuz,Арбуз,Watermelon,Тарвуз,2022-M09,2022,1959.0
0051,Qovun,Дыня,Melon,Қовун,2022-M09,2022,3166.0
053,Mayiz,Кишмиш,Kishmish,Майиз,2022-M09,2022,39341.0
055,Karam,Капуста,Cabbage,Карам,2022-M09,2022,2811.0
057,Bodring,Огурцы,Cucumbers,Бодринг,2022-M09,2022,5078.0
058,Pomidor,Помидоры,Tomatoes,Помидор,2022-M09,2022,6119.0
059,Baqlajon,Баклажаны,Eggplant,Бақлажон,2022-M09,2022,3529.0
0060,Bulg'or qalampiri,Перец болгарский,Bell pepper,Булғор қалампири,2022-M09,2022,5187.0
061,Qovoq,Тыква,Pumpkin,Қовоқ,2022-M09,2022,2820.0
063,Sabzi,Морковь,Carrot,Сабзи,2022-M09,2022,2608.0
065,Sarimsoq,Чеснок,Garlic,Саримсоқ,2022-M09,2022,16392.0
066,Piyoz,Лук репчатый,Onion,Пиёз,2022-M09,2022,2912.0
069,Kartoshka,Картофель,Potatoes,Картошка,2022-M09,2022,3764.0
0070,Loviya,Фасоль,Beans,Ловия,2022-M09,2022,12086.0
071,No'xot,Горох,Peas,Нўхот,2022-M09,2022,18631.0
0072,Mosh,Маш,Mash,Мош,2022-M09,2022,13612.0
073,Shakar,Сахар песок,Sugar,Шакар,2022-M09,2022,13381.0
002,Kruppa yormasi,Крупа манная,Semolina,Круппа ёрмаси,2022-M09,2022,3628.0
001,Guruch,Рис,Rice,Гуруч,2022-M10,2022,12632.0
003,Arpa,Ячмень,Barley,Арпа,2022-M10,2022,3653.0
0004,Bug'doy,Пшеница,Wheat,Буғдой,2022-M10,2022,4062.0
005,Jo'hori,Кукуруза,Corn,Жўҳори,2022-M10,2022,4158.0
006,Kepak,Отруби,Bran,Кепак,2022-M10,2022,3091.0
0008,Shrot,Шрот,Schroth,Шрот,2022-M10,2022,3608.0
009,Shulxa,Шелуха,Husk,Шулха,2022-M10,2022,3457.0
010,Kombikorm,Комбикорм,Compound feed,Комбикорм,2022-M10,2022,3162.0
011,Oliy navli bug'doy uni,Мука пшеничная высшего сорта,High-grade wheat flour,Олий навли буғдой уни,2022-M10,2022,7784.0
0012,1-navli bug'doy uni,Мука пшеничная первого сорта,First grade wheat flour,1-навли буғдой уни,2022-M10,2022,6460.0
013,1-nav bug'doy unidan non,Хлеб пшеничный из муки 1-го сорта,Wheat bread from 1st grade flour,1-нав буғдой унидан нон,2022-M10,2022,5382.0
017,Mol go'shti,Говядина,Beef,Мол гўшти,2022-M10,2022,70430.0
0020,Qo'y go'shti,Баранина,Mutton,Қўй гўшти,2022-M10,2022,74813.0
022,Tovuq go'shti,Мясо птицы,Poultry,Товуқ гўшти,2022-M10,2022,25472.0
026,Turli baliqlar,Рыба всякая,Fish of all kinds,Турли балиқлар,2022-M10,2022,21149.0
027,Yangi sog'ilgan sut (1 litr),Молоко свежее (1 литр),Fresh milk (1 liter),Янги соғилган сут (1 литр),2022-M10,2022,5727.0
034,Tuxum (10 dona),Яйца (10 штук),Eggs (10 pieces ),Тухум (10 дона),2022-M10,2022,10474.0
035,Paxta yog'i (1 litr),Масло хлопковое (1 литр),Cottonseed oil (1 liter),Пахта ёғи (1 литр),2022-M10,2022,19444.0
0036,Kungaboqar yog'i (1 litr),Масло подсолнечное (1 литр),Sunflower oil (1 liter),Кунгабоқар ёғи (1 литр),2022-M10,2022,20930.0
037,Sariyog',Масло сливочное,Butter,Сариёғ,2022-M10,2022,48602.0
039,Limon,Лимоны,Lemons,Лимон,2022-M10,2022,24050.0
0040,Olma,Яблоки,Apples,Олма,2022-M10,2022,7947.0
041,Nok,Груши,Pears,Нок,2022-M10,2022,13861.0
049,Uzum,Виноград,Grape,Узум,2022-M10,2022,6944.0
0050,Tarvuz,Арбуз,Watermelon,Тарвуз,2022-M10,2022,2036.0
0051,Qovun,Дыня,Melon,Қовун,2022-M10,2022,3191.0
053,Mayiz,Кишмиш,Kishmish,Майиз,2022-M10,2022,39822.0
055,Karam,Капуста,Cabbage,Карам,2022-M10,2022,2876.0
057,Bodring,Огурцы,Cucumbers,Бодринг,2022-M10,2022,6035.0
058,Pomidor,Помидоры,Tomatoes,Помидор,2022-M10,2022,6981.0
059,Baqlajon,Баклажаны,Eggplant,Бақлажон,2022-M10,2022,4024.0
0060,Bulg'or qalampiri,Перец болгарский,Bell pepper,Булғор қалампири,2022-M10,2022,6171.0
061,Qovoq,Тыква,Pumpkin,Қовоқ,2022-M10,2022,2794.0
063,Sabzi,Морковь,Carrot,Сабзи,2022-M10,2022,2749.0
065,Sarimsoq,Чеснок,Garlic,Саримсоқ,2022-M10,2022,15843.0
066,Piyoz,Лук репчатый,Onion,Пиёз,2022-M10,2022,2944.0
069,Kartoshka,Картофель,Potatoes,Картошка,2022-M10,2022,3915.0
0070,Loviya,Фасоль,Beans,Ловия,2022-M10,2022,12162.0
071,No'xot,Горох,Peas,Нўхот,2022-M10,2022,18558.0
0072,Mosh,Маш,Mash,Мош,2022-M10,2022,13715.0
073,Shakar,Сахар песок,Sugar,Шакар,2022-M10,2022,13487.0
002,Kruppa yormasi,Крупа манная,Semolina,Круппа ёрмаси,2022-M10,2022,3653.0
001,Guruch,Рис,Rice,Гуруч,2022-M11,2022,12948.0
003,Arpa,Ячмень,Barley,Арпа,2022-M11,2022,3745.0
0004,Bug'doy,Пшеница,Wheat,Буғдой,2022-M11,2022,4229.0
005,Jo'hori,Кукуруза,Corn,Жўҳори,2022-M11,2022,4195.0
006,Kepak,Отруби,Bran,Кепак,2022-M11,2022,3124.0
0008,Shrot,Шрот,Schroth,Шрот,2022-M11,2022,3632.0
009,Shulxa,Шелуха,Husk,Шулха,2022-M11,2022,3499.0
010,Kombikorm,Комбикорм,Compound feed,Комбикорм,2022-M11,2022,3187.0
011,Oliy navli bug'doy uni,Мука пшеничная высшего сорта,High-grade wheat flour,Олий навли буғдой уни,2022-M11,2022,7935.0
0012,1-navli bug'doy uni,Мука пшеничная первого сорта,First grade wheat flour,1-навли буғдой уни,2022-M11,2022,6579.0
013,1-nav bug'doy unidan non,Хлеб пшеничный из муки 1-го сорта,Wheat bread from 1st grade flour,1-нав буғдой унидан нон,2022-M11,2022,5431.0
017,Mol go'shti,Говядина,Beef,Мол гўшти,2022-M11,2022,71475.0
0020,Qo'y go'shti,Баранина,Mutton,Қўй гўшти,2022-M11,2022,75516.0
022,Tovuq go'shti,Мясо птицы,Poultry,Товуқ гўшти,2022-M11,2022,26202.0
026,Turli baliqlar,Рыба всякая,Fish of all kinds,Турли балиқлар,2022-M11,2022,21349.0
027,Yangi sog'ilgan sut (1 litr),Молоко свежее (1 литр),Fresh milk (1 liter),Янги соғилган сут (1 литр),2022-M11,2022,5854.0
034,Tuxum (10 dona),Яйца (10 штук),Eggs (10 pieces ),Тухум (10 дона),2022-M11,2022,11772.0
035,Paxta yog'i (1 litr),Масло хлопковое (1 литр),Cottonseed oil (1 liter),Пахта ёғи (1 литр),2022-M11,2022,19335.0
0036,Kungaboqar yog'i (1 litr),Масло подсолнечное (1 литр),Sunflower oil (1 liter),Кунгабоқар ёғи (1 литр),2022-M11,2022,20854.0
037,Sariyog',Масло сливочное,Butter,Сариёғ,2022-M11,2022,49204.0
039,Limon,Лимоны,Lemons,Лимон,2022-M11,2022,19724.0
0040,Olma,Яблоки,Apples,Олма,2022-M11,2022,8236.0
041,Nok,Груши,Pears,Нок,2022-M11,2022,15198.0
049,Uzum,Виноград,Grape,Узум,2022-M11,2022,7728.0
0050,Tarvuz,Арбуз,Watermelon,Тарвуз,2022-M11,2022,2594.0
0051,Qovun,Дыня,Melon,Қовун,2022-M11,2022,3787.0
053,Mayiz,Кишмиш,Kishmish,Майиз,2022-M11,2022,40929.0
055,Karam,Капуста,Cabbage,Карам,2022-M11,2022,2979.0
057,Bodring,Огурцы,Cucumbers,Бодринг,2022-M11,2022,11867.0
058,Pomidor,Помидоры,Tomatoes,Помидор,2022-M11,2022,10572.0
059,Baqlajon,Баклажаны,Eggplant,Бақлажон,2022-M11,2022,5662.0
0060,Bulg'or qalampiri,Перец болгарский,Bell pepper,Булғор қалампири,2022-M11,2022,8060.0
061,Qovoq,Тыква,Pumpkin,Қовоқ,2022-M11,2022,2840.0
063,Sabzi,Морковь,Carrot,Сабзи,2022-M11,2022,2911.0
065,Sarimsoq,Чеснок,Garlic,Саримсоқ,2022-M11,2022,15565.0
066,Piyoz,Лук репчатый,Onion,Пиёз,2022-M11,2022,3549.0
069,Kartoshka,Картофель,Potatoes,Картошка,2022-M11,2022,4166.0
0070,Loviya,Фасоль,Beans,Ловия,2022-M11,2022,12451.0
071,No'xot,Горох,Peas,Нўхот,2022-M11,2022,18612.0
0072,Mosh,Маш,Mash,Мош,2022-M11,2022,13571.0
073,Shakar,Сахар песок,Sugar,Шакар,2022-M11,2022,13340.0
002,Kruppa yormasi,Крупа манная,Semolina,Круппа ёрмаси,2022-M11,2022,3745.0
001,Guruch,Рис,Rice,Гуруч,2022-M12,2022,14034.0
003,Arpa,Ячмень,Barley,Арпа,2022-M12,2022,3927.0
0004,Bug'doy,Пшеница,Wheat,Буғдой,2022-M12,2022,4244.0
005,Jo'hori,Кукуруза,Corn,Жўҳори,2022-M12,2022,4237.0
006,Kepak,Отруби,Bran,Кепак,2022-M12,2022,3142.0
0008,Shrot,Шрот,Schroth,Шрот,2022-M12,2022,3681.0
009,Shulxa,Шелуха,Husk,Шулха,2022-M12,2022,3578.0
010,Kombikorm,Комбикорм,Compound feed,Комбикорм,2022-M12,2022,3212.0
011,Oliy navli bug'doy uni,Мука пшеничная высшего сорта,High-grade wheat flour,Олий навли буғдой уни,2022-M12,2022,8650.0
0012,1-navli bug'doy uni,Мука пшеничная первого сорта,First grade wheat flour,1-навли буғдой уни,2022-M12,2022,6913.0
013,1-nav bug'doy unidan non,Хлеб пшеничный из муки 1-го сорта,Wheat bread from 1st grade flour,1-нав буғдой унидан нон,2022-M12,2022,5512.0
017,Mol go'shti,Говядина,Beef,Мол гўшти,2022-M12,2022,72766.0
0020,Qo'y go'shti,Баранина,Mutton,Қўй гўшти,2022-M12,2022,76587.0
022,Tovuq go'shti,Мясо птицы,Poultry,Товуқ гўшти,2022-M12,2022,26859.0
026,Turli baliqlar,Рыба всякая,Fish of all kinds,Турли балиқлар,2022-M12,2022,21179.0
027,Yangi sog'ilgan sut (1 litr),Молоко свежее (1 литр),Fresh milk (1 liter),Янги соғилган сут (1 литр),2022-M12,2022,6001.0
034,Tuxum (10 dona),Яйца (10 штук),Eggs (10 pieces ),Тухум (10 дона),2022-M12,2022,13160.0
035,Paxta yog'i (1 litr),Масло хлопковое (1 литр),Cottonseed oil (1 liter),Пахта ёғи (1 литр),2022-M12,2022,19468.0
0036,Kungaboqar yog'i (1 litr),Масло подсолнечное (1 литр),Sunflower oil (1 liter),Кунгабоқар ёғи (1 литр),2022-M12,2022,20974.0
037,Sariyog',Масло сливочное,Butter,Сариёғ,2022-M12,2022,50525.0
039,Limon,Лимоны,Lemons,Лимон,2022-M12,2022,15835.0
0040,Olma,Яблоки,Apples,Олма,2022-M12,2022,8795.0
041,Nok,Груши,Pears,Нок,2022-M12,2022,17021.0
049,Uzum,Виноград,Grape,Узум,2022-M12,2022,10374.0
0050,Tarvuz,Арбуз,Watermelon,Тарвуз,2022-M12,2022,3505.0
0051,Qovun,Дыня,Melon,Қовун,2022-M12,2022,4431.0
053,Mayiz,Кишмиш,Kishmish,Майиз,2022-M12,2022,42285.0
055,Karam,Капуста,Cabbage,Карам,2022-M12,2022,3228.0
057,Bodring,Огурцы,Cucumbers,Бодринг,2022-M12,2022,19032.0
058,Pomidor,Помидоры,Tomatoes,Помидор,2022-M12,2022,14735.0
059,Baqlajon,Баклажаны,Eggplant,Бақлажон,2022-M12,2022,10798.0
0060,Bulg'or qalampiri,Перец болгарский,Bell pepper,Булғор қалампири,2022-M12,2022,12006.0
061,Qovoq,Тыква,Pumpkin,Қовоқ,2022-M12,2022,2952.0
063,Sabzi,Морковь,Carrot,Сабзи,2022-M12,2022,2800.0
065,Sarimsoq,Чеснок,Garlic,Саримсоқ,2022-M12,2022,15580.0
066,Piyoz,Лук репчатый,Onion,Пиёз,2022-M12,2022,4306.0
069,Kartoshka,Картофель,Potatoes,Картошка,2022-M12,2022,4392.0
0070,Loviya,Фасоль,Beans,Ловия,2022-M12,2022,12791.0
071,No'xot,Горох,Peas,Нўхот,2022-M12,2022,18737.0
0072,Mosh,Маш,Mash,Мош,2022-M12,2022,13661.0
073,Shakar,Сахар песок,Sugar,Шакар,2022-M12,2022,13045.0
002,Kruppa yormasi,Крупа манная,Semolina,Круппа ёрмаси,2022-M12,2022,3927.0
001,Guruch,Рис,Rice,Гуруч,2023-M01,2023,14759.0
003,Arpa,Ячмень,Barley,Арпа,2023-M01,2023,4033.0
0004,Bug'doy,Пшеница,Wheat,Буғдой,2023-M01,2023,4154.0
005,Jo'hori,Кукуруза,Corn,Жўҳори,2023-M01,2023,4283.0
006,Kepak,Отруби,Bran,Кепак,2023-M01,2023,2960.0
0008,Shrot,Шрот,Schroth,Шрот,2023-M01,2023,3821.0
009,Shulxa,Шелуха,Husk,Шулха,2023-M01,2023,3822.0
010,Kombikorm,Комбикорм,Compound feed,Комбикорм,2023-M01,2023,3184.0
011,Oliy navli bug'doy uni,Мука пшеничная высшего сорта,High-grade wheat flour,Олий навли буғдой уни,2023-M01,2023,8950.0
0012,1-navli bug'doy uni,Мука пшеничная первого сорта,First grade wheat flour,1-навли буғдой уни,2023-M01,2023,7571.0
013,1-nav bug'doy unidan non,Хлеб пшеничный из муки 1-го сорта,Wheat bread from 1st grade flour,1-нав буғдой унидан нон,2023-M01,2023,6120.0
017,Mol go'shti,Говядина,Beef,Мол гўшти,2023-M01,2023,74736.0
0020,Qo'y go'shti,Баранина,Mutton,Қўй гўшти,2023-M01,2023,78438.0
022,Tovuq go'shti,Мясо птицы,Poultry,Товуқ гўшти,2023-M01,2023,28935.0
026,Turli baliqlar,Рыба всякая,Fish of all kinds,Турли балиқлар,2023-M01,2023,25828.0
027,Yangi sog'ilgan sut (1 litr),Молоко свежее (1 литр),Fresh milk (1 liter),Янги соғилган сут (1 литр),2023-M01,2023,6735.0
034,Tuxum (10 dona),Яйца (10 штук),Eggs (10 pieces ),Тухум (10 дона),2023-M01,2023,13472.0
035,Paxta yog'i (1 litr),Масло хлопковое (1 литр),Cottonseed oil (1 liter),Пахта ёғи (1 литр),2023-M01,2023,19417.0
0036,Kungaboqar yog'i (1 litr),Масло подсолнечное (1 литр),Sunflower oil (1 liter),Кунгабоқар ёғи (1 литр),2023-M01,2023,21450.0
037,Sariyog',Масло сливочное,Butter,Сариёғ,2023-M01,2023,52465.0
039,Limon,Лимоны,Lemons,Лимон,2023-M01,2023,14632.0
0040,Olma,Яблоки,Apples,Олма,2023-M01,2023,9576.0
041,Nok,Груши,Pears,Нок,2023-M01,2023,20116.0
049,Uzum,Виноград,Grape,Узум,2023-M01,2023,14752.0
0050,Tarvuz,Арбуз,Watermelon,Тарвуз,2023-M01,2023,4571.0
0051,Qovun,Дыня,Melon,Қовун,2023-M01,2023,5366.0
053,Mayiz,Кишмиш,Kishmish,Майиз,2023-M01,2023,42588.0
055,Karam,Капуста,Cabbage,Карам,2023-M01,2023,3568.0
057,Bodring,Огурцы,Cucumbers,Бодринг,2023-M01,2023,24789.0
058,Pomidor,Помидоры,Tomatoes,Помидор,2023-M01,2023,19529.0
059,Baqlajon,Баклажаны,Eggplant,Бақлажон,2023-M01,2023,17133.0
0060,Bulg'or qalampiri,Перец болгарский,Bell pepper,Булғор қалампири,2023-M01,2023,21019.0
061,Qovoq,Тыква,Pumpkin,Қовоқ,2023-M01,2023,3248.0
063,Sabzi,Морковь,Carrot,Сабзи,2023-M01,2023,3167.0
065,Sarimsoq,Чеснок,Garlic,Саримсоқ,2023-M01,2023,17237.0
066,Piyoz,Лук репчатый,Onion,Пиёз,2023-M01,2023,5773.0
069,Kartoshka,Картофель,Potatoes,Картошка,2023-M01,2023,4836.0
0070,Loviya,Фасоль,Beans,Ловия,2023-M01,2023,13335.0
071,No'xot,Горох,Peas,Нўхот,2023-M01,2023,18431.0
0072,Mosh,Маш,Mash,Мош,2023-M01,2023,13595.0
073,Shakar,Сахар песок,Sugar,Шакар,2023-M01,2023,12838.0
002,Kruppa yormasi,Крупа манная,Semolina,Круппа ёрмаси,2023-M01,2023,4033.0
001,Guruch,Рис,Rice,Гуруч,2023-M02,2023,17189.0
003,Arpa,Ячмень,Barley,Арпа,2023-M02,2023,4354.0
0004,Bug'doy,Пшеница,Wheat,Буғдой,2023-M02,2023,4150.0
005,Jo'hori,Кукуруза,Corn,Жўҳори,2023-M02,2023,4320.0
006,Kepak,Отруби,Bran,Кепак,2023-M02,2023,3091.0
0008,Shrot,Шрот,Schroth,Шрот,2023-M02,2023,3806.0
009,Shulxa,Шелуха,Husk,Шулха,2023-M02,2023,3852.0
010,Kombikorm,Комбикорм,Compound feed,Комбикорм,2023-M02,2023,3216.0
011,Oliy navli bug'doy uni,Мука пшеничная высшего сорта,High-grade wheat flour,Олий навли буғдой уни,2023-M02,2023,9029.0
0012,1-navli bug'doy uni,Мука пшеничная первого сорта,First grade wheat flour,1-навли буғдой уни,2023-M02,2023,7443.0
013,1-nav bug'doy unidan non,Хлеб пшеничный из муки 1-го сорта,Wheat bread from 1st grade flour,1-нав буғдой унидан нон,2023-M02,2023,6313.0
017,Mol go'shti,Говядина,Beef,Мол гўшти,2023-M02,2023,75433.0
0020,Qo'y go'shti,Баранина,Mutton,Қўй гўшти,2023-M02,2023,79333.0
022,Tovuq go'shti,Мясо птицы,Poultry,Товуқ гўшти,2023-M02,2023,29824.0
026,Turli baliqlar,Рыба всякая,Fish of all kinds,Турли балиқлар,2023-M02,2023,26120.0
027,Yangi sog'ilgan sut (1 litr),Молоко свежее (1 литр),Fresh milk (1 liter),Янги соғилган сут (1 литр),2023-M02,2023,7401.0
034,Tuxum (10 dona),Яйца (10 штук),Eggs (10 pieces ),Тухум (10 дона),2023-M02,2023,13736.0
035,Paxta yog'i (1 litr),Масло хлопковое (1 литр),Cottonseed oil (1 liter),Пахта ёғи (1 литр),2023-M02,2023,19461.0
0036,Kungaboqar yog'i (1 litr),Масло подсолнечное (1 литр),Sunflower oil (1 liter),Кунгабоқар ёғи (1 литр),2023-M02,2023,21388.0
037,Sariyog',Масло сливочное,Butter,Сариёғ,2023-M02,2023,52599.0
039,Limon,Лимоны,Lemons,Лимон,2023-M02,2023,14888.0
0040,Olma,Яблоки,Apples,Олма,2023-M02,2023,9800.0
041,Nok,Груши,Pears,Нок,2023-M02,2023,20993.0
049,Uzum,Виноград,Grape,Узум,2023-M02,2023,16972.0
0050,Tarvuz,Арбуз,Watermelon,Тарвуз,2023-M02,2023,5341.0
0051,Qovun,Дыня,Melon,Қовун,2023-M02,2023,6648.0
053,Mayiz,Кишмиш,Kishmish,Майиз,2023-M02,2023,44984.0
055,Karam,Капуста,Cabbage,Карам,2023-M02,2023,3872.0
057,Bodring,Огурцы,Cucumbers,Бодринг,2023-M02,2023,26737.0
058,Pomidor,Помидоры,Tomatoes,Помидор,2023-M02,2023,21514.0
059,Baqlajon,Баклажаны,Eggplant,Бақлажон,2023-M02,2023,34234.0
0060,Bulg'or qalampiri,Перец болгарский,Bell pepper,Булғор қалампири,2023-M02,2023,38797.0
061,Qovoq,Тыква,Pumpkin,Қовоқ,2023-M02,2023,3495.0
063,Sabzi,Морковь,Carrot,Сабзи,2023-M02,2023,3370.0
065,Sarimsoq,Чеснок,Garlic,Саримсоқ,2023-M02,2023,18307.0
066,Piyoz,Лук репчатый,Onion,Пиёз,2023-M02,2023,7643.0
069,Kartoshka,Картофель,Potatoes,Картошка,2023-M02,2023,5129.0
0070,Loviya,Фасоль,Beans,Ловия,2023-M02,2023,13520.0
071,No'xot,Горох,Peas,Нўхот,2023-M02,2023,18739.0
0072,Mosh,Маш,Mash,Мош,2023-M02,2023,13787.0
073,Shakar,Сахар песок,Sugar,Шакар,2023-M02,2023,12804.0
002,Kruppa yormasi,Крупа манная,Semolina,Круппа ёрмаси,2023-M02,2023,4354.0
001,Guruch,Рис,Rice,Гуруч,2023-M03,2023,17776.0
003,Arpa,Ячмень,Barley,Арпа,2023-M03,2023,4354.0
0004,Bug'doy,Пшеница,Wheat,Буғдой,2023-M03,2023,4172.0
005,Jo'hori,Кукуруза,Corn,Жўҳори,2023-M03,2023,4320.0
006,Kepak,Отруби,Bran,Кепак,2023-M03,2023,3147.0
0008,Shrot,Шрот,Schroth,Шрот,2023-M03,2023,3815.0
009,Shulxa,Шелуха,Husk,Шулха,2023-M03,2023,3857.0
010,Kombikorm,Комбикорм,Compound feed,Комбикорм,2023-M03,2023,3243.0
011,Oliy navli bug'doy uni,Мука пшеничная высшего сорта,High-grade wheat flour,Олий навли буғдой уни,2023-M03,2023,9030.0
0012,1-navli bug'doy uni,Мука пшеничная первого сорта,First grade wheat flour,1-навли буғдой уни,2023-M03,2023,7462.0
013,1-nav bug'doy unidan non,Хлеб пшеничный из муки 1-го сорта,Wheat bread from 1st grade flour,1-нав буғдой унидан нон,2023-M03,2023,6342.0
017,Mol go'shti,Говядина,Beef,Мол гўшти,2023-M03,2023,75105.0
0020,Qo'y go'shti,Баранина,Mutton,Қўй гўшти,2023-M03,2023,79204.0
022,Tovuq go'shti,Мясо птицы,Poultry,Товуқ гўшти,2023-M03,2023,29888.0
026,Turli baliqlar,Рыба всякая,Fish of all kinds,Турли балиқлар,2023-M03,2023,26389.0
027,Yangi sog'ilgan sut (1 litr),Молоко свежее (1 литр),Fresh milk (1 liter),Янги соғилган сут (1 литр),2023-M03,2023,7493.0
034,Tuxum (10 dona),Яйца (10 штук),Eggs (10 pieces ),Тухум (10 дона),2023-M03,2023,13393.0
035,Paxta yog'i (1 litr),Масло хлопковое (1 литр),Cottonseed oil (1 liter),Пахта ёғи (1 литр),2023-M03,2023,19351.0
0036,Kungaboqar yog'i (1 litr),Масло подсолнечное (1 литр),Sunflower oil (1 liter),Кунгабоқар ёғи (1 литр),2023-M03,2023,21210.0
037,Sariyog',Масло сливочное,Butter,Сариёғ,2023-M03,2023,53002.0
039,Limon,Лимоны,Lemons,Лимон,2023-M03,2023,15143.0
0040,Olma,Яблоки,Apples,Олма,2023-M03,2023,9848.0
041,Nok,Груши,Pears,Нок,2023-M03,2023,22127.0
049,Uzum,Виноград,Grape,Узум,2023-M03,2023,20690.0
0050,Tarvuz,Арбуз,Watermelon,Тарвуз,2023-M03,2023,5100.0
0051,Qovun,Дыня,Melon,Қовун,2023-M03,2023,8235.0
053,Mayiz,Кишмиш,Kishmish,Майиз,2023-M03,2023,45135.0
055,Karam,Капуста,Cabbage,Карам,2023-M03,2023,3916.0
057,Bodring,Огурцы,Cucumbers,Бодринг,2023-M03,2023,26028.0
058,Pomidor,Помидоры,Tomatoes,Помидор,2023-M03,2023,25313.0
059,Baqlajon,Баклажаны,Eggplant,Бақлажон,2023-M03,2023,35881.0
0060,Bulg'or qalampiri,Перец болгарский,Bell pepper,Булғор қалампири,2023-M03,2023,43828.0
061,Qovoq,Тыква,Pumpkin,Қовоқ,2023-M03,2023,3934.0
063,Sabzi,Морковь,Carrot,Сабзи,2023-M03,2023,3175.0
065,Sarimsoq,Чеснок,Garlic,Саримсоқ,2023-M03,2023,18664.0
066,Piyoz,Лук репчатый,Onion,Пиёз,2023-M03,2023,6764.0
069,Kartoshka,Картофель,Potatoes,Картошка,2023-M03,2023,4930.0
0070,Loviya,Фасоль,Beans,Ловия,2023-M03,2023,13904.0
071,No'xot,Горох,Peas,Нўхот,2023-M03,2023,18789.0
0072,Mosh,Маш,Mash,Мош,2023-M03,2023,13801.0
073,Shakar,Сахар песок,Sugar,Шакар,2023-M03,2023,13094.0
002,Kruppa yormasi,Крупа манная,Semolina,Круппа ёрмаси,2023-M03,2023,4354.0
001,Guruch,Рис,Rice,Гуруч,2023-M04,2023,17993.0
003,Arpa,Ячмень,Barley,Арпа,2023-M04,2023,4354.0
0004,Bug'doy,Пшеница,Wheat,Буғдой,2023-M04,2023,4191.0
005,Jo'hori,Кукуруза,Corn,Жўҳори,2023-M04,2023,4320.0
006,Kepak,Отруби,Bran,Кепак,2023-M04,2023,3118.0
0008,Shrot,Шрот,Schroth,Шрот,2023-M04,2023,3811.0
009,Shulxa,Шелуха,Husk,Шулха,2023-M04,2023,3860.0
010,Kombikorm,Комбикорм,Compound feed,Комбикорм,2023-M04,2023,3242.0
011,Oliy navli bug'doy uni,Мука пшеничная высшего сорта,High-grade wheat flour,Олий навли буғдой уни,2023-M04,2023,8933.0
0012,1-navli bug'doy uni,Мука пшеничная первого сорта,First grade wheat flour,1-навли буғдой уни,2023-M04,2023,7308.0
013,1-nav bug'doy unidan non,Хлеб пшеничный из муки 1-го сорта,Wheat bread from 1st grade flour,1-нав буғдой унидан нон,2023-M04,2023,6336.0
017,Mol go'shti,Говядина,Beef,Мол гўшти,2023-M04,2023,75210.0
0020,Qo'y go'shti,Баранина,Mutton,Қўй гўшти,2023-M04,2023,79409.0
022,Tovuq go'shti,Мясо птицы,Poultry,Товуқ гўшти,2023-M04,2023,30035.0
026,Turli baliqlar,Рыба всякая,Fish of all kinds,Турли балиқлар,2023-M04,2023,27610.0
027,Yangi sog'ilgan sut (1 litr),Молоко свежее (1 литр),Fresh milk (1 liter),Янги соғилган сут (1 литр),2023-M04,2023,7802.0
034,Tuxum (10 dona),Яйца (10 штук),Eggs (10 pieces ),Тухум (10 дона),2023-M04,2023,13135.0
035,Paxta yog'i (1 litr),Масло хлопковое (1 литр),Cottonseed oil (1 liter),Пахта ёғи (1 литр),2023-M04,2023,18784.0
0036,Kungaboqar yog'i (1 litr),Масло подсолнечное (1 литр),Sunflower oil (1 liter),Кунгабоқар ёғи (1 литр),2023-M04,2023,20721.0
037,Sariyog',Масло сливочное,Butter,Сариёғ,2023-M04,2023,53842.0
039,Limon,Лимоны,Lemons,Лимон,2023-M04,2023,16265.0
0040,Olma,Яблоки,Apples,Олма,2023-M04,2023,10023.0
041,Nok,Груши,Pears,Нок,2023-M04,2023,24424.0
049,Uzum,Виноград,Grape,Узум,2023-M04,2023,25142.0
0050,Tarvuz,Арбуз,Watermelon,Тарвуз,2023-M04,2023,22500.0
0051,Qovun,Дыня,Melon,Қовун,2023-M04,2023,8299.0
053,Mayiz,Кишмиш,Kishmish,Майиз,2023-M04,2023,45333.0
055,Karam,Капуста,Cabbage,Карам,2023-M04,2023,4341.0
057,Bodring,Огурцы,Cucumbers,Бодринг,2023-M04,2023,14768.0
058,Pomidor,Помидоры,Tomatoes,Помидор,2023-M04,2023,31127.0
059,Baqlajon,Баклажаны,Eggplant,Бақлажон,2023-M04,2023,36482.0
0060,Bulg'or qalampiri,Перец болгарский,Bell pepper,Булғор қалампири,2023-M04,2023,47097.0
061,Qovoq,Тыква,Pumpkin,Қовоқ,2023-M04,2023,4876.0
063,Sabzi,Морковь,Carrot,Сабзи,2023-M04,2023,3306.0
065,Sarimsoq,Чеснок,Garlic,Саримсоқ,2023-M04,2023,18793.0
066,Piyoz,Лук репчатый,Onion,Пиёз,2023-M04,2023,5907.0
069,Kartoshka,Картофель,Potatoes,Картошка,2023-M04,2023,4757.0
0070,Loviya,Фасоль,Beans,Ловия,2023-M04,2023,14218.0
071,No'xot,Горох,Peas,Нўхот,2023-M04,2023,18988.0
0072,Mosh,Маш,Mash,Мош,2023-M04,2023,13759.0
073,Shakar,Сахар песок,Sugar,Шакар,2023-M04,2023,14083.0
002,Kruppa yormasi,Крупа манная,Semolina,Круппа ёрмаси,2023-M04,2023,4354.0
001,Guruch,Рис,Rice,Гуруч,2023-M05,2023,18655.0
003,Arpa,Ячмень,Barley,Арпа,2023-M05,2023,4321.0
0004,Bug'doy,Пшеница,Wheat,Буғдой,2023-M05,2023,4161.0
005,Jo'hori,Кукуруза,Corn,Жўҳори,2023-M05,2023,4304.0
006,Kepak,Отруби,Bran,Кепак,2023-M05,2023,3153.0
0008,Shrot,Шрот,Schroth,Шрот,2023-M05,2023,3939.0
009,Shulxa,Шелуха,Husk,Шулха,2023-M05,2023,3859.0
010,Kombikorm,Комбикорм,Compound feed,Комбикорм,2023-M05,2023,3248.0
011,Oliy navli bug'doy uni,Мука пшеничная высшего сорта,High-grade wheat flour,Олий навли буғдой уни,2023-M05,2023,8642.0
0012,1-navli bug'doy uni,Мука пшеничная первого сорта,First grade wheat flour,1-навли буғдой уни,2023-M05,2023,7018.0
013,1-nav bug'doy unidan non,Хлеб пшеничный из муки 1-го сорта,Wheat bread from 1st grade flour,1-нав буғдой унидан нон,2023-M05,2023,6411.0
017,Mol go'shti,Говядина,Beef,Мол гўшти,2023-M05,2023,75902.0
0020,Qo'y go'shti,Баранина,Mutton,Қўй гўшти,2023-M05,2023,80973.0
022,Tovuq go'shti,Мясо птицы,Poultry,Товуқ гўшти,2023-M05,2023,29731.0
026,Turli baliqlar,Рыба всякая,Fish of all kinds,Турли балиқлар,2023-M05,2023,28662.0
027,Yangi sog'ilgan sut (1 litr),Молоко свежее (1 литр),Fresh milk (1 liter),Янги соғилган сут (1 литр),2023-M05,2023,7663.0
034,Tuxum (10 dona),Яйца (10 штук),Eggs (10 pieces ),Тухум (10 дона),2023-M05,2023,12668.0
035,Paxta yog'i (1 litr),Масло хлопковое (1 литр),Cottonseed oil (1 liter),Пахта ёғи (1 литр),2023-M05,2023,17387.0
0036,Kungaboqar yog'i (1 litr),Масло подсолнечное (1 литр),Sunflower oil (1 liter),Кунгабоқар ёғи (1 литр),2023-M05,2023,18795.0
037,Sariyog',Масло сливочное,Butter,Сариёғ,2023-M05,2023,54904.0
039,Limon,Лимоны,Lemons,Лимон,2023-M05,2023,20708.0
0040,Olma,Яблоки,Apples,Олма,2023-M05,2023,11848.0
041,Nok,Груши,Pears,Нок,2023-M05,2023,29937.0
049,Uzum,Виноград,Grape,Узум,2023-M05,2023,31690.0
0050,Tarvuz,Арбуз,Watermelon,Тарвуз,2023-M05,2023,13426.0
0051,Qovun,Дыня,Melon,Қовун,2023-M05,2023,13151.0
053,Mayiz,Кишмиш,Kishmish,Майиз,2023-M05,2023,44830.0
055,Karam,Капуста,Cabbage,Карам,2023-M05,2023,4344.0
057,Bodring,Огурцы,Cucumbers,Бодринг,2023-M05,2023,4240.0
058,Pomidor,Помидоры,Tomatoes,Помидор,2023-M05,2023,14942.0
059,Baqlajon,Баклажаны,Eggplant,Бақлажон,2023-M05,2023,20692.0
0060,Bulg'or qalampiri,Перец болгарский,Bell pepper,Булғор қалампири,2023-M05,2023,22253.0
061,Qovoq,Тыква,Pumpkin,Қовоқ,2023-M05,2023,6560.0
063,Sabzi,Морковь,Carrot,Сабзи,2023-M05,2023,3464.0
065,Sarimsoq,Чеснок,Garlic,Саримсоқ,2023-M05,2023,17778.0
066,Piyoz,Лук репчатый,Onion,Пиёз,2023-M05,2023,4704.0
069,Kartoshka,Картофель,Potatoes,Картошка,2023-M05,2023,4584.0
0070,Loviya,Фасоль,Beans,Ловия,2023-M05,2023,14782.0
071,No'xot,Горох,Peas,Нўхот,2023-M05,2023,18710.0
0072,Mosh,Маш,Mash,Мош,2023-M05,2023,13569.0
073,Shakar,Сахар песок,Sugar,Шакар,2023-M05,2023,14764.0
002,Kruppa yormasi,Крупа манная,Semolina,Круппа ёрмаси,2023-M05,2023,4321.0
001,Guruch,Рис,Rice,Гуруч,2023-M06,2023,19257.0
003,Arpa,Ячмень,Barley,Арпа,2023-M06,2023,4264.0
0004,Bug'doy,Пшеница,Wheat,Буғдой,2023-M06,2023,4040.0
005,Jo'hori,Кукуруза,Corn,Жўҳори,2023-M06,2023,4174.0
006,Kepak,Отруби,Bran,Кепак,2023-M06,2023,3103.0
0008,Shrot,Шрот,Schroth,Шрот,2023-M06,2023,4120.0
009,Shulxa,Шелуха,Husk,Шулха,2023-M06,2023,3855.0
010,Kombikorm,Комбикорм,Compound feed,Комбикорм,2023-M06,2023,3258.0
011,Oliy navli bug'doy uni,Мука пшеничная высшего сорта,High-grade wheat flour,Олий навли буғдой уни,2023-M06,2023,8432.0
0012,1-navli bug'doy uni,Мука пшеничная первого сорта,First grade wheat flour,1-навли буғдой уни,2023-M06,2023,6866.0
013,1-nav bug'doy unidan non,Хлеб пшеничный из муки 1-го сорта,Wheat bread from 1st grade flour,1-нав буғдой унидан нон,2023-M06,2023,6381.0
017,Mol go'shti,Говядина,Beef,Мол гўшти,2023-M06,2023,76203.0
0020,Qo'y go'shti,Баранина,Mutton,Қўй гўшти,2023-M06,2023,81462.0
022,Tovuq go'shti,Мясо птицы,Poultry,Товуқ гўшти,2023-M06,2023,29542.0
026,Turli baliqlar,Рыба всякая,Fish of all kinds,Турли балиқлар,2023-M06,2023,29310.0
027,Yangi sog'ilgan sut (1 litr),Молоко свежее (1 литр),Fresh milk (1 liter),Янги соғилган сут (1 литр),2023-M06,2023,7686.0
034,Tuxum (10 dona),Яйца (10 штук),Eggs (10 pieces ),Тухум (10 дона),2023-M06,2023,11866.0
035,Paxta yog'i (1 litr),Масло хлопковое (1 литр),Cottonseed oil (1 liter),Пахта ёғи (1 литр),2023-M06,2023,16715.0
0036,Kungaboqar yog'i (1 litr),Масло подсолнечное (1 литр),Sunflower oil (1 liter),Кунгабоқар ёғи (1 литр),2023-M06,2023,17675.0
037,Sariyog',Масло сливочное,Butter,Сариёғ,2023-M06,2023,55119.0
039,Limon,Лимоны,Lemons,Лимон,2023-M06,2023,23165.0
0040,Olma,Яблоки,Apples,Олма,2023-M06,2023,12266.0
041,Nok,Груши,Pears,Нок,2023-M06,2023,29369.0
049,Uzum,Виноград,Grape,Узум,2023-M06,2023,21273.0
0050,Tarvuz,Арбуз,Watermelon,Тарвуз,2023-M06,2023,2557.0
0051,Qovun,Дыня,Melon,Қовун,2023-M06,2023,6080.0
053,Mayiz,Кишмиш,Kishmish,Майиз,2023-M06,2023,44720.0
055,Karam,Капуста,Cabbage,Карам,2023-M06,2023,2940.0
057,Bodring,Огурцы,Cucumbers,Бодринг,2023-M06,2023,2286.0
058,Pomidor,Помидоры,Tomatoes,Помидор,2023-M06,2023,4898.0
059,Baqlajon,Баклажаны,Eggplant,Бақлажон,2023-M06,2023,8945.0
0060,Bulg'or qalampiri,Перец болгарский,Bell pepper,Булғор қалампири,2023-M06,2023,7813.0
061,Qovoq,Тыква,Pumpkin,Қовоқ,2023-M06,2023,5347.0
063,Sabzi,Морковь,Carrot,Сабзи,2023-M06,2023,3198.0
065,Sarimsoq,Чеснок,Garlic,Саримсоқ,2023-M06,2023,14157.0
066,Piyoz,Лук репчатый,Onion,Пиёз,2023-M06,2023,3365.0
069,Kartoshka,Картофель,Potatoes,Картошка,2023-M06,2023,3843.0
0070,Loviya,Фасоль,Beans,Ловия,2023-M06,2023,14801.0
071,No'xot,Горох,Peas,Нўхот,2023-M06,2023,18678.0
0072,Mosh,Маш,Mash,Мош,2023-M06,2023,13503.0
073,Shakar,Сахар песок,Sugar,Шакар,2023-M06,2023,14511.0
002,Kruppa yormasi,Крупа манная,Semolina,Круппа ёрмаси,2023-M06,2023,4264.0
001,Guruch,Рис,Rice,Гуруч,2023-M07,2023,19668.0
003,Arpa,Ячмень,Barley,Арпа,2023-M07,2023,4167.0
0004,Bug'doy,Пшеница,Wheat,Буғдой,2023-M07,2023,3790.0
005,Jo'hori,Кукуруза,Corn,Жўҳори,2023-M07,2023,4064.0
006,Kepak,Отруби,Bran,Кепак,2023-M07,2023,3112.0
0008,Shrot,Шрот,Schroth,Шрот,2023-M07,2023,4119.0
009,Shulxa,Шелуха,Husk,Шулха,2023-M07,2023,3855.0
010,Kombikorm,Комбикорм,Compound feed,Комбикорм,2023-M07,2023,3256.0
011,Oliy navli bug'doy uni,Мука пшеничная высшего сорта,High-grade wheat flour,Олий навли буғдой уни,2023-M07,2023,8370.0
0012,1-navli bug'doy uni,Мука пшеничная первого сорта,First grade wheat flour,1-навли буғдой уни,2023-M07,2023,6770.0
013,1-nav bug'doy unidan non,Хлеб пшеничный из муки 1-го сорта,Wheat bread from 1st grade flour,1-нав буғдой унидан нон,2023-M07,2023,6342.0
017,Mol go'shti,Говядина,Beef,Мол гўшти,2023-M07,2023,76074.0
0020,Qo'y go'shti,Баранина,Mutton,Қўй гўшти,2023-M07,2023,81423.0
022,Tovuq go'shti,Мясо птицы,Poultry,Товуқ гўшти,2023-M07,2023,29416.0
026,Turli baliqlar,Рыба всякая,Fish of all kinds,Турли балиқлар,2023-M07,2023,29595.0
027,Yangi sog'ilgan sut (1 litr),Молоко свежее (1 литр),Fresh milk (1 liter),Янги соғилган сут (1 литр),2023-M07,2023,7624.0
034,Tuxum (10 dona),Яйца (10 штук),Eggs (10 pieces ),Тухум (10 дона),2023-M07,2023,11173.0
035,Paxta yog'i (1 litr),Масло хлопковое (1 литр),Cottonseed oil (1 liter),Пахта ёғи (1 литр),2023-M07,2023,16529.0
0036,Kungaboqar yog'i (1 litr),Масло подсолнечное (1 литр),Sunflower oil (1 liter),Кунгабоқар ёғи (1 литр),2023-M07,2023,17493.0
037,Sariyog',Масло сливочное,Butter,Сариёғ,2023-M07,2023,55394.0
039,Limon,Лимоны,Lemons,Лимон,2023-M07,2023,26441.0
0040,Olma,Яблоки,Apples,Олма,2023-M07,2023,11706.0
041,Nok,Груши,Pears,Нок,2023-M07,2023,25309.0
049,Uzum,Виноград,Grape,Узум,2023-M07,2023,15012.0
0050,Tarvuz,Арбуз,Watermelon,Тарвуз,2023-M07,2023,2212.0
0051,Qovun,Дыня,Melon,Қовун,2023-M07,2023,4968.0
053,Mayiz,Кишмиш,Kishmish,Майиз,2023-M07,2023,44565.0
055,Karam,Капуста,Cabbage,Карам,2023-M07,2023,3008.0
057,Bodring,Огурцы,Cucumbers,Бодринг,2023-M07,2023,4125.0
058,Pomidor,Помидоры,Tomatoes,Помидор,2023-M07,2023,3376.0
059,Baqlajon,Баклажаны,Eggplant,Бақлажон,2023-M07,2023,4786.0
0060,Bulg'or qalampiri,Перец болгарский,Bell pepper,Булғор қалампири,2023-M07,2023,5548.0
061,Qovoq,Тыква,Pumpkin,Қовоқ,2023-M07,2023,4320.0
063,Sabzi,Морковь,Carrot,Сабзи,2023-M07,2023,3122.0
065,Sarimsoq,Чеснок,Garlic,Саримсоқ,2023-M07,2023,13889.0
066,Piyoz,Лук репчатый,Onion,Пиёз,2023-M07,2023,3240.0
069,Kartoshka,Картофель,Potatoes,Картошка,2023-M07,2023,3699.0
0070,Loviya,Фасоль,Beans,Ловия,2023-M07,2023,14750.0
071,No'xot,Горох,Peas,Нўхот,2023-M07,2023,18821.0
0072,Mosh,Маш,Mash,Мош,2023-M07,2023,13414.0
073,Shakar,Сахар песок,Sugar,Шакар,2023-M07,2023,14010.0
002,Kruppa yormasi,Крупа манная,Semolina,Круппа ёрмаси,2023-M07,2023,4167.0
001,Guruch,Рис,Rice,Гуруч,2023-M08,2023,19627.0
003,Arpa,Ячмень,Barley,Арпа,2023-M08,2023,4212.0
0004,Bug'doy,Пшеница,Wheat,Буғдой,2023-M08,2023,3683.0
005,Jo'hori,Кукуруза,Corn,Жўҳори,2023-M08,2023,3870.0
006,Kepak,Отруби,Bran,Кепак,2023-M08,2023,3116.0
0008,Shrot,Шрот,Schroth,Шрот,2023-M08,2023,4144.0
009,Shulxa,Шелуха,Husk,Шулха,2023-M08,2023,3884.0
010,Kombikorm,Комбикорм,Compound feed,Комбикорм,2023-M08,2023,3250.0
011,Oliy navli bug'doy uni,Мука пшеничная высшего сорта,High-grade wheat flour,Олий навли буғдой уни,2023-M08,2023,8254.0
0012,1-navli bug'doy uni,Мука пшеничная первого сорта,First grade wheat flour,1-навли буғдой уни,2023-M08,2023,6627.0
013,1-nav bug'doy unidan non,Хлеб пшеничный из муки 1-го сорта,Wheat bread from 1st grade flour,1-нав буғдой унидан нон,2023-M08,2023,6278.0
017,Mol go'shti,Говядина,Beef,Мол гўшти,2023-M08,2023,76293.0
0020,Qo'y go'shti,Баранина,Mutton,Қўй гўшти,2023-M08,2023,82076.0
022,Tovuq go'shti,Мясо птицы,Poultry,Товуқ гўшти,2023-M08,2023,29315.0
026,Turli baliqlar,Рыба всякая,Fish of all kinds,Турли балиқлар,2023-M08,2023,30042.0
027,Yangi sog'ilgan sut (1 litr),Молоко свежее (1 литр),Fresh milk (1 liter),Янги соғилган сут (1 литр),2023-M08,2023,7602.0
034,Tuxum (10 dona),Яйца (10 штук),Eggs (10 pieces ),Тухум (10 дона),2023-M08,2023,11262.0
035,Paxta yog'i (1 litr),Масло хлопковое (1 литр),Cottonseed oil (1 liter),Пахта ёғи (1 литр),2023-M08,2023,16286.0
0036,Kungaboqar yog'i (1 litr),Масло подсолнечное (1 литр),Sunflower oil (1 liter),Кунгабоқар ёғи (1 литр),2023-M08,2023,17253.0
037,Sariyog',Масло сливочное,Butter,Сариёғ,2023-M08,2023,55444.0
039,Limon,Лимоны,Lemons,Лимон,2023-M08,2023,29515.0
0040,Olma,Яблоки,Apples,Олма,2023-M08,2023,11369.0
041,Nok,Груши,Pears,Нок,2023-M08,2023,22438.0
049,Uzum,Виноград,Grape,Узум,2023-M08,2023,15380.0
0050,Tarvuz,Арбуз,Watermelon,Тарвуз,2023-M08,2023,2212.0
0051,Qovun,Дыня,Melon,Қовун,2023-M08,2023,4098.0
053,Mayiz,Кишмиш,Kishmish,Майиз,2023-M08,2023,43623.0
055,Karam,Капуста,Cabbage,Карам,2023-M08,2023,4566.0
057,Bodring,Огурцы,Cucumbers,Бодринг,2023-M08,2023,6700.0
058,Pomidor,Помидоры,Tomatoes,Помидор,2023-M08,2023,3334.0
059,Baqlajon,Баклажаны,Eggplant,Бақлажон,2023-M08,2023,4104.0
0060,Bulg'or qalampiri,Перец болгарский,Bell pepper,Булғор қалампири,2023-M08,2023,4873.0
061,Qovoq,Тыква,Pumpkin,Қовоқ,2023-M08,2023,3696.0
063,Sabzi,Морковь,Carrot,Сабзи,2023-M08,2023,3088.0
065,Sarimsoq,Чеснок,Garlic,Саримсоқ,2023-M08,2023,14207.0
066,Piyoz,Лук репчатый,Onion,Пиёз,2023-M08,2023,3001.0
069,Kartoshka,Картофель,Potatoes,Картошка,2023-M08,2023,3679.0
0070,Loviya,Фасоль,Beans,Ловия,2023-M08,2023,14808.0
071,No'xot,Горох,Peas,Нўхот,2023-M08,2023,18433.0
0072,Mosh,Маш,Mash,Мош,2023-M08,2023,13461.0
073,Shakar,Сахар песок,Sugar,Шакар,2023-M08,2023,13940.0
002,Kruppa yormasi,Крупа манная,Semolina,Круппа ёрмаси,2023-M08,2023,4212.0
001,Guruch,Рис,Rice,Гуруч,2023-M09,2023,19473.0
003,Arpa,Ячмень,Barley,Арпа,2023-M09,2023,4289.0
0004,Bug'doy,Пшеница,Wheat,Буғдой,2023-M09,2023,3397.0
005,Jo'hori,Кукуруза,Corn,Жўҳори,2023-M09,2023,3713.0
006,Kepak,Отруби,Bran,Кепак,2023-M09,2023,3125.0
0008,Shrot,Шрот,Schroth,Шрот,2023-M09,2023,4181.0
009,Shulxa,Шелуха,Husk,Шулха,2023-M09,2023,3868.0
010,Kombikorm,Комбикорм,Compound feed,Комбикорм,2023-M09,2023,3246.0
011,Oliy navli bug'doy uni,Мука пшеничная высшего сорта,High-grade wheat flour,Олий навли буғдой уни,2023-M09,2023,8338.0
0012,1-navli bug'doy uni,Мука пшеничная первого сорта,First grade wheat flour,1-навли буғдой уни,2023-M09,2023,6686.0
013,1-nav bug'doy unidan non,Хлеб пшеничный из муки 1-го сорта,Wheat bread from 1st grade flour,1-нав буғдой унидан нон,2023-M09,2023,6384.0
017,Mol go'shti,Говядина,Beef,Мол гўшти,2023-M09,2023,77179.0
0020,Qo'y go'shti,Баранина,Mutton,Қўй гўшти,2023-M09,2023,83375.0
022,Tovuq go'shti,Мясо птицы,Poultry,Товуқ гўшти,2023-M09,2023,29840.0
026,Turli baliqlar,Рыба всякая,Fish of all kinds,Турли балиқлар,2023-M09,2023,29743.0
027,Yangi sog'ilgan sut (1 litr),Молоко свежее (1 литр),Fresh milk (1 liter),Янги соғилган сут (1 литр),2023-M09,2023,7635.0
034,Tuxum (10 dona),Яйца (10 штук),Eggs (10 pieces ),Тухум (10 дона),2023-M09,2023,13069.0
035,Paxta yog'i (1 litr),Масло хлопковое (1 литр),Cottonseed oil (1 liter),Пахта ёғи (1 литр),2023-M09,2023,16067.0
0036,Kungaboqar yog'i (1 litr),Масло подсолнечное (1 литр),Sunflower oil (1 liter),Кунгабоқар ёғи (1 литр),2023-M09,2023,16937.0
037,Sariyog',Масло сливочное,Butter,Сариёғ,2023-M09,2023,55559.0
039,Limon,Лимоны,Lemons,Лимон,2023-M09,2023,33656.0
0040,Olma,Яблоки,Apples,Олма,2023-M09,2023,11002.0
041,Nok,Груши,Pears,Нок,2023-M09,2023,21320.0
049,Uzum,Виноград,Grape,Узум,2023-M09,2023,16351.0
0050,Tarvuz,Арбуз,Watermelon,Тарвуз,2023-M09,2023,2457.0
0051,Qovun,Дыня,Melon,Қовун,2023-M09,2023,4125.0
053,Mayiz,Кишмиш,Kishmish,Майиз,2023-M09,2023,43617.0
055,Karam,Капуста,Cabbage,Карам,2023-M09,2023,5500.0
057,Bodring,Огурцы,Cucumbers,Бодринг,2023-M09,2023,5851.0
058,Pomidor,Помидоры,Tomatoes,Помидор,2023-M09,2023,3712.0
059,Baqlajon,Баклажаны,Eggplant,Бақлажон,2023-M09,2023,4376.0
0060,Bulg'or qalampiri,Перец болгарский,Bell pepper,Булғор қалампири,2023-M09,2023,5182.0
061,Qovoq,Тыква,Pumpkin,Қовоқ,2023-M09,2023,3586.0
063,Sabzi,Морковь,Carrot,Сабзи,2023-M09,2023,3195.0
065,Sarimsoq,Чеснок,Garlic,Саримсоқ,2023-M09,2023,15599.0
066,Piyoz,Лук репчатый,Onion,Пиёз,2023-M09,2023,2922.0
069,Kartoshka,Картофель,Potatoes,Картошка,2023-M09,2023,4051.0
0070,Loviya,Фасоль,Beans,Ловия,2023-M09,2023,14908.0
071,No'xot,Горох,Peas,Нўхот,2023-M09,2023,18403.0
0072,Mosh,Маш,Mash,Мош,2023-M09,2023,13466.0
073,Shakar,Сахар песок,Sugar,Шакар,2023-M09,2023,13802.0
002,Kruppa yormasi,Крупа манная,Semolina,Круппа ёрмаси,2023-M09,2023,4289.0
001,Guruch,Рис,Rice,Гуруч,2023-M10,2023,19386.0
003,Arpa,Ячмень,Barley,Арпа,2023-M10,2023,4289.0
0004,Bug'doy,Пшеница,Wheat,Буғдой,2023-M10,2023,3442.0
005,Jo'hori,Кукуруза,Corn,Жўҳори,2023-M10,2023,3683.0
006,Kepak,Отруби,Bran,Кепак,2023-M10,2023,3119.0
0008,Shrot,Шрот,Schroth,Шрот,2023-M10,2023,4166.0
009,Shulxa,Шелуха,Husk,Шулха,2023-M10,2023,3764.0
010,Kombikorm,Комбикорм,Compound feed,Комбикорм,2023-M10,2023,3238.0
011,Oliy navli bug'doy uni,Мука пшеничная высшего сорта,High-grade wheat flour,Олий навли буғдой уни,2023-M10,2023,8545.0
0012,1-navli bug'doy uni,Мука пшеничная первого сорта,First grade wheat flour,1-навли буғдой уни,2023-M10,2023,6804.0
013,1-nav bug'doy unidan non,Хлеб пшеничный из муки 1-го сорта,Wheat bread from 1st grade flour,1-нав буғдой унидан нон,2023-M10,2023,6497.0
017,Mol go'shti,Говядина,Beef,Мол гўшти,2023-M10,2023,77602.0
0020,Qo'y go'shti,Баранина,Mutton,Қўй гўшти,2023-M10,2023,83389.0
022,Tovuq go'shti,Мясо птицы,Poultry,Товуқ гўшти,2023-M10,2023,29818.0
026,Turli baliqlar,Рыба всякая,Fish of all kinds,Турли балиқлар,2023-M10,2023,28377.0
027,Yangi sog'ilgan sut (1 litr),Молоко свежее (1 литр),Fresh milk (1 liter),Янги соғилган сут (1 литр),2023-M10,2023,7599.0
034,Tuxum (10 dona),Яйца (10 штук),Eggs (10 pieces ),Тухум (10 дона),2023-M10,2023,13930.0
035,Paxta yog'i (1 litr),Масло хлопковое (1 литр),Cottonseed oil (1 liter),Пахта ёғи (1 литр),2023-M10,2023,15997.0
0036,Kungaboqar yog'i (1 litr),Масло подсолнечное (1 литр),Sunflower oil (1 liter),Кунгабоқар ёғи (1 литр),2023-M10,2023,16852.0
037,Sariyog',Масло сливочное,Butter,Сариёғ,2023-M10,2023,55603.0
039,Limon,Лимоны,Lemons,Лимон,2023-M10,2023,34364.0
0040,Olma,Яблоки,Apples,Олма,2023-M10,2023,10721.0
041,Nok,Груши,Pears,Нок,2023-M10,2023,21267.0
049,Uzum,Виноград,Grape,Узум,2023-M10,2023,21025.0
0050,Tarvuz,Арбуз,Watermelon,Тарвуз,2023-M10,2023,3069.0
0051,Qovun,Дыня,Melon,Қовун,2023-M10,2023,4767.0
053,Mayiz,Кишмиш,Kishmish,Майиз,2023-M10,2023,43833.0
055,Karam,Капуста,Cabbage,Карам,2023-M10,2023,4667.0
057,Bodring,Огурцы,Cucumbers,Бодринг,2023-M10,2023,7368.0
058,Pomidor,Помидоры,Tomatoes,Помидор,2023-M10,2023,6447.0
059,Baqlajon,Баклажаны,Eggplant,Бақлажон,2023-M10,2023,4439.0
0060,Bulg'or qalampiri,Перец болгарский,Bell pepper,Булғор қалампири,2023-M10,2023,5605.0
061,Qovoq,Тыква,Pumpkin,Қовоқ,2023-M10,2023,3497.0
063,Sabzi,Морковь,Carrot,Сабзи,2023-M10,2023,3165.0
065,Sarimsoq,Чеснок,Garlic,Саримсоқ,2023-M10,2023,16753.0
066,Piyoz,Лук репчатый,Onion,Пиёз,2023-M10,2023,2887.0
069,Kartoshka,Картофель,Potatoes,Картошка,2023-M10,2023,4172.0
0070,Loviya,Фасоль,Beans,Ловия,2023-M10,2023,15570.0
071,No'xot,Горох,Peas,Нўхот,2023-M10,2023,18604.0
0072,Mosh,Маш,Mash,Мош,2023-M10,2023,13711.0
073,Shakar,Сахар песок,Sugar,Шакар,2023-M10,2023,13682.0
002,Kruppa yormasi,Крупа манная,Semolina,Круппа ёрмаси,2023-M10,2023,4289.0
001,Guruch,Рис,Rice,Гуруч,2023-M11,2023,19406.0
003,Arpa,Ячмень,Barley,Арпа,2023-M11,2023,4576.0
0004,Bug'doy,Пшеница,Wheat,Буғдой,2023-M11,2023,3410.0
005,Jo'hori,Кукуруза,Corn,Жўҳори,2023-M11,2023,3660.0
006,Kepak,Отруби,Bran,Кепак,2023-M11,2023,3103.0
0008,Shrot,Шрот,Schroth,Шрот,2023-M11,2023,4170.0
009,Shulxa,Шелуха,Husk,Шулха,2023-M11,2023,3690.0
010,Kombikorm,Комбикорм,Compound feed,Комбикорм,2023-M11,2023,3155.0
011,Oliy navli bug'doy uni,Мука пшеничная высшего сорта,High-grade wheat flour,Олий навли буғдой уни,2023-M11,2023,8538.0
0012,1-navli bug'doy uni,Мука пшеничная первого сорта,First grade wheat flour,1-навли буғдой уни,2023-M11,2023,6606.0
013,1-nav bug'doy unidan non,Хлеб пшеничный из муки 1-го сорта,Wheat bread from 1st grade flour,1-нав буғдой унидан нон,2023-M11,2023,6537.0
017,Mol go'shti,Говядина,Beef,Мол гўшти,2023-M11,2023,77538.0
0020,Qo'y go'shti,Баранина,Mutton,Қўй гўшти,2023-M11,2023,83618.0
022,Tovuq go'shti,Мясо птицы,Poultry,Товуқ гўшти,2023-M11,2023,29859.0
026,Turli baliqlar,Рыба всякая,Fish of all kinds,Турли балиқлар,2023-M11,2023,27698.0
027,Yangi sog'ilgan sut (1 litr),Молоко свежее (1 литр),Fresh milk (1 liter),Янги соғилган сут (1 литр),2023-M11,2023,7557.0
034,Tuxum (10 dona),Яйца (10 штук),Eggs (10 pieces ),Тухум (10 дона),2023-M11,2023,14212.0
035,Paxta yog'i (1 litr),Масло хлопковое (1 литр),Cottonseed oil (1 liter),Пахта ёғи (1 литр),2023-M11,2023,15816.0
0036,Kungaboqar yog'i (1 litr),Масло подсолнечное (1 литр),Sunflower oil (1 liter),Кунгабоқар ёғи (1 литр),2023-M11,2023,16726.0
037,Sariyog',Масло сливочное,Butter,Сариёғ,2023-M11,2023,55874.0
039,Limon,Лимоны,Lemons,Лимон,2023-M11,2023,31714.0
0040,Olma,Яблоки,Apples,Олма,2023-M11,2023,10820.0
041,Nok,Груши,Pears,Нок,2023-M11,2023,23021.0
049,Uzum,Виноград,Grape,Узум,2023-M11,2023,28981.0
0050,Tarvuz,Арбуз,Watermelon,Тарвуз,2023-M11,2023,4595.0
0051,Qovun,Дыня,Melon,Қовун,2023-M11,2023,5711.0
053,Mayiz,Кишмиш,Kishmish,Майиз,2023-M11,2023,44465.0
055,Karam,Капуста,Cabbage,Карам,2023-M11,2023,3907.0
057,Bodring,Огурцы,Cucumbers,Бодринг,2023-M11,2023,17307.0
058,Pomidor,Помидоры,Tomatoes,Помидор,2023-M11,2023,12102.0
059,Baqlajon,Баклажаны,Eggplant,Бақлажон,2023-M11,2023,4749.0
0060,Bulg'or qalampiri,Перец болгарский,Bell pepper,Булғор қалампири,2023-M11,2023,6421.0
061,Qovoq,Тыква,Pumpkin,Қовоқ,2023-M11,2023,3244.0
063,Sabzi,Морковь,Carrot,Сабзи,2023-M11,2023,2665.0
065,Sarimsoq,Чеснок,Garlic,Саримсоқ,2023-M11,2023,18928.0
066,Piyoz,Лук репчатый,Onion,Пиёз,2023-M11,2023,2773.0
069,Kartoshka,Картофель,Potatoes,Картошка,2023-M11,2023,4188.0
0070,Loviya,Фасоль,Beans,Ловия,2023-M11,2023,15888.0
071,No'xot,Горох,Peas,Нўхот,2023-M11,2023,18674.0
0072,Mosh,Маш,Mash,Мош,2023-M11,2023,13724.0
073,Shakar,Сахар песок,Sugar,Шакар,2023-M11,2023,13910.0
002,Kruppa yormasi,Крупа манная,Semolina,Круппа ёрмаси,2023-M11,2023,4576.0
001,Guruch,Рис,Rice,Гуруч,2023-M12,2023,19772.0
003,Arpa,Ячмень,Barley,Арпа,2023-M12,2023,4853.0
0004,Bug'doy,Пшеница,Wheat,Буғдой,2023-M12,2023,3400.0
005,Jo'hori,Кукуруза,Corn,Жўҳори,2023-M12,2023,3560.0
006,Kepak,Отруби,Bran,Кепак,2023-M12,2023,3009.0
0008,Shrot,Шрот,Schroth,Шрот,2023-M12,2023,4161.0
009,Shulxa,Шелуха,Husk,Шулха,2023-M12,2023,3539.0
010,Kombikorm,Комбикорм,Compound feed,Комбикорм,2023-M12,2023,3115.0
011,Oliy navli bug'doy uni,Мука пшеничная высшего сорта,High-grade wheat flour,Олий навли буғдой уни,2023-M12,2023,8653.0
0012,1-navli bug'doy uni,Мука пшеничная первого сорта,First grade wheat flour,1-навли буғдой уни,2023-M12,2023,6563.0
013,1-nav bug'doy unidan non,Хлеб пшеничный из муки 1-го сорта,Wheat bread from 1st grade flour,1-нав буғдой унидан нон,2023-M12,2023,6510.0
017,Mol go'shti,Говядина,Beef,Мол гўшти,2023-M12,2023,78075.0
0020,Qo'y go'shti,Баранина,Mutton,Қўй гўшти,2023-M12,2023,84431.0
022,Tovuq go'shti,Мясо птицы,Poultry,Товуқ гўшти,2023-M12,2023,30124.0
026,Turli baliqlar,Рыба всякая,Fish of all kinds,Турли балиқлар,2023-M12,2023,27291.0
027,Yangi sog'ilgan sut (1 litr),Молоко свежее (1 литр),Fresh milk (1 liter),Янги соғилган сут (1 литр),2023-M12,2023,7602.0
034,Tuxum (10 dona),Яйца (10 штук),Eggs (10 pieces ),Тухум (10 дона),2023-M12,2023,14315.0
035,Paxta yog'i (1 litr),Масло хлопковое (1 литр),Cottonseed oil (1 liter),Пахта ёғи (1 литр),2023-M12,2023,15504.0
0036,Kungaboqar yog'i (1 litr),Масло подсолнечное (1 литр),Sunflower oil (1 liter),Кунгабоқар ёғи (1 литр),2023-M12,2023,16448.0
037,Sariyog',Масло сливочное,Butter,Сариёғ,2023-M12,2023,56981.0
039,Limon,Лимоны,Lemons,Лимон,2023-M12,2023,29642.0
0040,Olma,Яблоки,Apples,Олма,2023-M12,2023,11101.0
041,Nok,Груши,Pears,Нок,2023-M12,2023,24433.0
049,Uzum,Виноград,Grape,Узум,2023-M12,2023,34168.0
0050,Tarvuz,Арбуз,Watermelon,Тарвуз,2023-M12,2023,6341.0
0051,Qovun,Дыня,Melon,Қовун,2023-M12,2023,8134.0
053,Mayiz,Кишмиш,Kishmish,Майиз,2023-M12,2023,45790.0
055,Karam,Капуста,Cabbage,Карам,2023-M12,2023,3230.0
057,Bodring,Огурцы,Cucumbers,Бодринг,2023-M12,2023,26116.0
058,Pomidor,Помидоры,Tomatoes,Помидор,2023-M12,2023,22389.0
059,Baqlajon,Баклажаны,Eggplant,Бақлажон,2023-M12,2023,9844.0
0060,Bulg'or qalampiri,Перец болгарский,Bell pepper,Булғор қалампири,2023-M12,2023,9802.0
061,Qovoq,Тыква,Pumpkin,Қовоқ,2023-M12,2023,3119.0
063,Sabzi,Морковь,Carrot,Сабзи,2023-M12,2023,2323.0
065,Sarimsoq,Чеснок,Garlic,Саримсоқ,2023-M12,2023,22667.0
066,Piyoz,Лук репчатый,Onion,Пиёз,2023-M12,2023,2660.0
069,Kartoshka,Картофель,Potatoes,Картошка,2023-M12,2023,4070.0
0070,Loviya,Фасоль,Beans,Ловия,2023-M12,2023,15938.0
071,No'xot,Горох,Peas,Нўхот,2023-M12,2023,18917.0
0072,Mosh,Маш,Mash,Мош,2023-M12,2023,13882.0
073,Shakar,Сахар песок,Sugar,Шакар,2023-M12,2023,14124.0
002,Kruppa yormasi,Крупа манная,Semolina,Круппа ёрмаси,2023-M12,2023,4853.0
001,Guruch,Рис,Rice,Гуруч,2024-M01,2024,19668.0
003,Arpa,Ячмень,Barley,Арпа,2024-M01,2024,4813.0
0004,Bug'doy,Пшеница,Wheat,Буғдой,2024-M01,2024,3435.0
005,Jo'hori,Кукуруза,Corn,Жўҳори,2024-M01,2024,3494.0
006,Kepak,Отруби,Bran,Кепак,2024-M01,2024,3003.0
0008,Shrot,Шрот,Schroth,Шрот,2024-M01,2024,4182.0
009,Shulxa,Шелуха,Husk,Шулха,2024-M01,2024,3618.0
010,Kombikorm,Комбикорм,Compound feed,Комбикорм,2024-M01,2024,3065.0
011,Oliy navli bug'doy uni,Мука пшеничная высшего сорта,High-grade wheat flour,Олий навли буғдой уни,2024-M01,2024,8559.0
0012,1-navli bug'doy uni,Мука пшеничная первого сорта,First grade wheat flour,1-навли буғдой уни,2024-M01,2024,6175.0
013,1-nav bug'doy unidan non,Хлеб пшеничный из муки 1-го сорта,Wheat bread from 1st grade flour,1-нав буғдой унидан нон,2024-M01,2024,6546.0
017,Mol go'shti,Говядина,Beef,Мол гўшти,2024-M01,2024,77918.0
0020,Qo'y go'shti,Баранина,Mutton,Қўй гўшти,2024-M01,2024,84493.0
022,Tovuq go'shti,Мясо птицы,Poultry,Товуқ гўшти,2024-M01,2024,30368.0
026,Turli baliqlar,Рыба всякая,Fish of all kinds,Турли балиқлар,2024-M01,2024,27631.0
027,Yangi sog'ilgan sut (1 litr),Молоко свежее (1 литр),Fresh milk (1 liter),Янги соғилган сут (1 литр),2024-M01,2024,7370.0
034,Tuxum (10 dona),Яйца (10 штук),Eggs (10 pieces ),Тухум (10 дона),2024-M01,2024,14562.0
035,Paxta yog'i (1 litr),Масло хлопковое (1 литр),Cottonseed oil (1 liter),Пахта ёғи (1 литр),2024-M01,2024,15076.0
0036,Kungaboqar yog'i (1 litr),Масло подсолнечное (1 литр),Sunflower oil (1 liter),Кунгабоқар ёғи (1 литр),2024-M01,2024,16094.0
037,Sariyog',Масло сливочное,Butter,Сариёғ,2024-M01,2024,59297.0
039,Limon,Лимоны,Lemons,Лимон,2024-M01,2024,29349.0
0040,Olma,Яблоки,Apples,Олма,2024-M01,2024,11802.0
041,Nok,Груши,Pears,Нок,2024-M01,2024,26570.0
049,Uzum,Виноград,Grape,Узум,2024-M01,2024,36890.0
0050,Tarvuz,Арбуз,Watermelon,Тарвуз,2024-M01,2024,8971.0
0051,Qovun,Дыня,Melon,Қовун,2024-M01,2024,11863.0
053,Mayiz,Кишмиш,Kishmish,Майиз,2024-M01,2024,45729.0
055,Karam,Капуста,Cabbage,Карам,2024-M01,2024,3177.0
057,Bodring,Огурцы,Cucumbers,Бодринг,2024-M01,2024,31156.0
058,Pomidor,Помидоры,Tomatoes,Помидор,2024-M01,2024,30045.0
059,Baqlajon,Баклажаны,Eggplant,Бақлажон,2024-M01,2024,39483.0
0060,Bulg'or qalampiri,Перец болгарский,Bell pepper,Булғор қалампири,2024-M01,2024,23294.0
061,Qovoq,Тыква,Pumpkin,Қовоқ,2024-M01,2024,3194.0
063,Sabzi,Морковь,Carrot,Сабзи,2024-M01,2024,2481.0
065,Sarimsoq,Чеснок,Garlic,Саримсоқ,2024-M01,2024,28847.0
066,Piyoz,Лук репчатый,Onion,Пиёз,2024-M01,2024,2718.0
069,Kartoshka,Картофель,Potatoes,Картошка,2024-M01,2024,4118.0
0070,Loviya,Фасоль,Beans,Ловия,2024-M01,2024,16007.0
071,No'xot,Горох,Peas,Нўхот,2024-M01,2024,19077.0
0072,Mosh,Маш,Mash,Мош,2024-M01,2024,14004.0
073,Shakar,Сахар песок,Sugar,Шакар,2024-M01,2024,14039.0
002,Kruppa yormasi,Крупа манная,Semolina,Круппа ёрмаси,2024-M01,2024,4813.0
001,Guruch,Рис,Rice,Гуруч,2024-M02,2024,19264.0
003,Arpa,Ячмень,Barley,Арпа,2024-M02,2024,4802.0
0004,Bug'doy,Пшеница,Wheat,Буғдой,2024-M02,2024,3355.0
005,Jo'hori,Кукуруза,Corn,Жўҳори,2024-M02,2024,3419.0
006,Kepak,Отруби,Bran,Кепак,2024-M02,2024,2986.0
0008,Shrot,Шрот,Schroth,Шрот,2024-M02,2024,4169.0
009,Shulxa,Шелуха,Husk,Шулха,2024-M02,2024,3623.0
010,Kombikorm,Комбикорм,Compound feed,Комбикорм,2024-M02,2024,3039.0
011,Oliy navli bug'doy uni,Мука пшеничная высшего сорта,High-grade wheat flour,Олий навли буғдой уни,2024-M02,2024,8499.0
0012,1-navli bug'doy uni,Мука пшеничная первого сорта,First grade wheat flour,1-навли буғдой уни,2024-M02,2024,5971.0
013,1-nav bug'doy unidan non,Хлеб пшеничный из муки 1-го сорта,Wheat bread from 1st grade flour,1-нав буғдой унидан нон,2024-M02,2024,6377.0
017,Mol go'shti,Говядина,Beef,Мол гўшти,2024-M02,2024,77207.0
0020,Qo'y go'shti,Баранина,Mutton,Қўй гўшти,2024-M02,2024,83468.0
022,Tovuq go'shti,Мясо птицы,Poultry,Товуқ гўшти,2024-M02,2024,30095.0
026,Turli baliqlar,Рыба всякая,Fish of all kinds,Турли балиқлар,2024-M02,2024,27847.0
027,Yangi sog'ilgan sut (1 litr),Молоко свежее (1 литр),Fresh milk (1 liter),Янги соғилган сут (1 литр),2024-M02,2024,7348.0
034,Tuxum (10 dona),Яйца (10 штук),Eggs (10 pieces ),Тухум (10 дона),2024-M02,2024,13467.0
035,Paxta yog'i (1 litr),Масло хлопковое (1 литр),Cottonseed oil (1 liter),Пахта ёғи (1 литр),2024-M02,2024,13984.0
0036,Kungaboqar yog'i (1 litr),Масло подсолнечное (1 литр),Sunflower oil (1 liter),Кунгабоқар ёғи (1 литр),2024-M02,2024,15376.0
037,Sariyog',Масло сливочное,Butter,Сариёғ,2024-M02,2024,60013.0
039,Limon,Лимоны,Lemons,Лимон,2024-M02,2024,28736.0
0040,Olma,Яблоки,Apples,Олма,2024-M02,2024,12240.0
041,Nok,Груши,Pears,Нок,2024-M02,2024,27176.0
049,Uzum,Виноград,Grape,Узум,2024-M02,2024,39974.0
0050,Tarvuz,Арбуз,Watermelon,Тарвуз,2024-M02,2024,10466.0
0051,Qovun,Дыня,Melon,Қовун,2024-M02,2024,14353.0
053,Mayiz,Кишмиш,Kishmish,Майиз,2024-M02,2024,45881.0
055,Karam,Капуста,Cabbage,Карам,2024-M02,2024,3193.0
057,Bodring,Огурцы,Cucumbers,Бодринг,2024-M02,2024,29989.0
058,Pomidor,Помидоры,Tomatoes,Помидор,2024-M02,2024,29763.0
059,Baqlajon,Баклажаны,Eggplant,Бақлажон,2024-M02,2024,36803.0
0060,Bulg'or qalampiri,Перец болгарский,Bell pepper,Булғор қалампири,2024-M02,2024,33060.0
061,Qovoq,Тыква,Pumpkin,Қовоқ,2024-M02,2024,3203.0
063,Sabzi,Морковь,Carrot,Сабзи,2024-M02,2024,2442.0
065,Sarimsoq,Чеснок,Garlic,Саримсоқ,2024-M02,2024,30652.0
066,Piyoz,Лук репчатый,Onion,Пиёз,2024-M02,2024,2613.0
069,Kartoshka,Картофель,Potatoes,Картошка,2024-M02,2024,4019.0
0070,Loviya,Фасоль,Beans,Ловия,2024-M02,2024,16149.0
071,No'xot,Горох,Peas,Нўхот,2024-M02,2024,19303.0
0072,Mosh,Маш,Mash,Мош,2024-M02,2024,14049.0
073,Shakar,Сахар песок,Sugar,Шакар,2024-M02,2024,13677.0
002,Kruppa yormasi,Крупа манная,Semolina,Круппа ёрмаси,2024-M02,2024,4802.0
001,Guruch,Рис,Rice,Гуруч,2024-M03,2024,18747.0
003,Arpa,Ячмень,Barley,Арпа,2024-M03,2024,4839.0
0004,Bug'doy,Пшеница,Wheat,Буғдой,2024-M03,2024,3336.0
005,Jo'hori,Кукуруза,Corn,Жўҳори,2024-M03,2024,3433.0
006,Kepak,Отруби,Bran,Кепак,2024-M03,2024,2966.0
0008,Shrot,Шрот,Schroth,Шрот,2024-M03,2024,4168.0
009,Shulxa,Шелуха,Husk,Шулха,2024-M03,2024,3611.0
010,Kombikorm,Комбикорм,Compound feed,Комбикорм,2024-M03,2024,3039.0
011,Oliy navli bug'doy uni,Мука пшеничная высшего сорта,High-grade wheat flour,Олий навли буғдой уни,2024-M03,2024,8472.0
0012,1-navli bug'doy uni,Мука пшеничная первого сорта,First grade wheat flour,1-навли буғдой уни,2024-M03,2024,5929.0
013,1-nav bug'doy unidan non,Хлеб пшеничный из муки 1-го сорта,Wheat bread from 1st grade flour,1-нав буғдой унидан нон,2024-M03,2024,6320.0
017,Mol go'shti,Говядина,Beef,Мол гўшти,2024-M03,2024,76369.0
0020,Qo'y go'shti,Баранина,Mutton,Қўй гўшти,2024-M03,2024,82034.0
022,Tovuq go'shti,Мясо птицы,Poultry,Товуқ гўшти,2024-M03,2024,29638.0
026,Turli baliqlar,Рыба всякая,Fish of all kinds,Турли балиқлар,2024-M03,2024,28125.0
027,Yangi sog'ilgan sut (1 litr),Молоко свежее (1 литр),Fresh milk (1 liter),Янги соғилган сут (1 литр),2024-M03,2024,7350.0
034,Tuxum (10 dona),Яйца (10 штук),Eggs (10 pieces ),Тухум (10 дона),2024-M03,2024,12199.0
035,Paxta yog'i (1 litr),Масло хлопковое (1 литр),Cottonseed oil (1 liter),Пахта ёғи (1 литр),2024-M03,2024,13180.0
0036,Kungaboqar yog'i (1 litr),Масло подсолнечное (1 литр),Sunflower oil (1 liter),Кунгабоқар ёғи (1 литр),2024-M03,2024,14819.0
037,Sariyog',Масло сливочное,Butter,Сариёғ,2024-M03,2024,59920.0
039,Limon,Лимоны,Lemons,Лимон,2024-M03,2024,29434.0
0040,Olma,Яблоки,Apples,Олма,2024-M03,2024,13063.0
041,Nok,Груши,Pears,Нок,2024-M03,2024,27489.0
049,Uzum,Виноград,Grape,Узум,2024-M03,2024,46049.0
0050,Tarvuz,Арбуз,Watermelon,Тарвуз,2024-M03,2024,9800.0
0051,Qovun,Дыня,Melon,Қовун,2024-M03,2024,15232.0
053,Mayiz,Кишмиш,Kishmish,Майиз,2024-M03,2024,45720.0
055,Karam,Капуста,Cabbage,Карам,2024-M03,2024,3356.0
057,Bodring,Огурцы,Cucumbers,Бодринг,2024-M03,2024,29814.0
058,Pomidor,Помидоры,Tomatoes,Помидор,2024-M03,2024,30119.0
059,Baqlajon,Баклажаны,Eggplant,Бақлажон,2024-M03,2024,35985.0
0060,Bulg'or qalampiri,Перец болгарский,Bell pepper,Булғор қалампири,2024-M03,2024,43123.0
061,Qovoq,Тыква,Pumpkin,Қовоқ,2024-M03,2024,3623.0
063,Sabzi,Морковь,Carrot,Сабзи,2024-M03,2024,2349.0
065,Sarimsoq,Чеснок,Garlic,Саримсоқ,2024-M03,2024,34093.0
066,Piyoz,Лук репчатый,Onion,Пиёз,2024-M03,2024,2467.0
069,Kartoshka,Картофель,Potatoes,Картошка,2024-M03,2024,3916.0
0070,Loviya,Фасоль,Beans,Ловия,2024-M03,2024,16501.0
071,No'xot,Горох,Peas,Нўхот,2024-M03,2024,19474.0
0072,Mosh,Маш,Mash,Мош,2024-M03,2024,14192.0
073,Shakar,Сахар песок,Sugar,Шакар,2024-M03,2024,13732.0
002,Kruppa yormasi,Крупа манная,Semolina,Круппа ёрмаси,2024-M03,2024,4839.0
001,Guruch,Рис,Rice,Гуруч,2024-M04,2024,18742.0
003,Arpa,Ячмень,Barley,Арпа,2024-M04,2024,4858.0
0004,Bug'doy,Пшеница,Wheat,Буғдой,2024-M04,2024,3370.0
005,Jo'hori,Кукуруза,Corn,Жўҳори,2024-M04,2024,3510.0
006,Kepak,Отруби,Bran,Кепак,2024-M04,2024,2989.0
0008,Shrot,Шрот,Schroth,Шрот,2024-M04,2024,4182.0
009,Shulxa,Шелуха,Husk,Шулха,2024-M04,2024,3626.0
010,Kombikorm,Комбикорм,Compound feed,Комбикорм,2024-M04,2024,3044.0
011,Oliy navli bug'doy uni,Мука пшеничная высшего сорта,High-grade wheat flour,Олий навли буғдой уни,2024-M04,2024,8452.0
0012,1-navli bug'doy uni,Мука пшеничная первого сорта,First grade wheat flour,1-навли буғдой уни,2024-M04,2024,5910.0
013,1-nav bug'doy unidan non,Хлеб пшеничный из муки 1-го сорта,Wheat bread from 1st grade flour,1-нав буғдой унидан нон,2024-M04,2024,6368.0
017,Mol go'shti,Говядина,Beef,Мол гўшти,2024-M04,2024,76563.0
0020,Qo'y go'shti,Баранина,Mutton,Қўй гўшти,2024-M04,2024,82182.0
022,Tovuq go'shti,Мясо птицы,Poultry,Товуқ гўшти,2024-M04,2024,29428.0
026,Turli baliqlar,Рыба всякая,Fish of all kinds,Турли балиқлар,2024-M04,2024,28921.0
027,Yangi sog'ilgan sut (1 litr),Молоко свежее (1 литр),Fresh milk (1 liter),Янги соғилган сут (1 литр),2024-M04,2024,7352.0
034,Tuxum (10 dona),Яйца (10 штук),Eggs (10 pieces ),Тухум (10 дона),2024-M04,2024,11474.0
035,Paxta yog'i (1 litr),Масло хлопковое (1 литр),Cottonseed oil (1 liter),Пахта ёғи (1 литр),2024-M04,2024,12976.0
0036,Kungaboqar yog'i (1 litr),Масло подсолнечное (1 литр),Sunflower oil (1 liter),Кунгабоқар ёғи (1 литр),2024-M04,2024,14735.0
037,Sariyog',Масло сливочное,Butter,Сариёғ,2024-M04,2024,59888.0
039,Limon,Лимоны,Lemons,Лимон,2024-M04,2024,30494.0
0040,Olma,Яблоки,Apples,Олма,2024-M04,2024,13909.0
041,Nok,Груши,Pears,Нок,2024-M04,2024,27192.0
049,Uzum,Виноград,Grape,Узум,2024-M04,2024,51303.0
0050,Tarvuz,Арбуз,Watermelon,Тарвуз,2024-M04,2024,0.0
0051,Qovun,Дыня,Melon,Қовун,2024-M04,2024,15194.0
053,Mayiz,Кишмиш,Kishmish,Майиз,2024-M04,2024,46454.0
055,Karam,Капуста,Cabbage,Карам,2024-M04,2024,3485.0
057,Bodring,Огурцы,Cucumbers,Бодринг,2024-M04,2024,20542.0
058,Pomidor,Помидоры,Tomatoes,Помидор,2024-M04,2024,29142.0
059,Baqlajon,Баклажаны,Eggplant,Бақлажон,2024-M04,2024,39089.0
0060,Bulg'or qalampiri,Перец болгарский,Bell pepper,Булғор қалампири,2024-M04,2024,46349.0
061,Qovoq,Тыква,Pumpkin,Қовоқ,2024-M04,2024,4343.0
063,Sabzi,Морковь,Carrot,Сабзи,2024-M04,2024,2341.0
065,Sarimsoq,Чеснок,Garlic,Саримсоқ,2024-M04,2024,37080.0
066,Piyoz,Лук репчатый,Onion,Пиёз,2024-M04,2024,2426.0
069,Kartoshka,Картофель,Potatoes,Картошка,2024-M04,2024,3948.0
0070,Loviya,Фасоль,Beans,Ловия,2024-M04,2024,17340.0
071,No'xot,Горох,Peas,Нўхот,2024-M04,2024,19892.0
0072,Mosh,Маш,Mash,Мош,2024-M04,2024,14440.0
073,Shakar,Сахар песок,Sugar,Шакар,2024-M04,2024,14153.0
002,Kruppa yormasi,Крупа манная,Semolina,Круппа ёрмаси,2024-M04,2024,4858.0
001,Guruch,Рис,Rice,Гуруч,2024-M05,2024,18724.0
003,Arpa,Ячмень,Barley,Арпа,2024-M05,2024,4864.0
0004,Bug'doy,Пшеница,Wheat,Буғдой,2024-M05,2024,3381.0
005,Jo'hori,Кукуруза,Corn,Жўҳори,2024-M05,2024,3495.0
006,Kepak,Отруби,Bran,Кепак,2024-M05,2024,2962.0
0008,Shrot,Шрот,Schroth,Шрот,2024-M05,2024,4188.0
009,Shulxa,Шелуха,Husk,Шулха,2024-M05,2024,3635.0
010,Kombikorm,Комбикорм,Compound feed,Комбикорм,2024-M05,2024,3035.0
011,Oliy navli bug'doy uni,Мука пшеничная высшего сорта,High-grade wheat flour,Олий навли буғдой уни,2024-M05,2024,8431.0
0012,1-navli bug'doy uni,Мука пшеничная первого сорта,First grade wheat flour,1-навли буғдой уни,2024-M05,2024,5840.0
013,1-nav bug'doy unidan non,Хлеб пшеничный из муки 1-го сорта,Wheat bread from 1st grade flour,1-нав буғдой унидан нон,2024-M05,2024,6337.0
017,Mol go'shti,Говядина,Beef,Мол гўшти,2024-M05,2024,76438.0
0020,Qo'y go'shti,Баранина,Mutton,Қўй гўшти,2024-M05,2024,81885.0
022,Tovuq go'shti,Мясо птицы,Poultry,Товуқ гўшти,2024-M05,2024,29091.0
026,Turli baliqlar,Рыба всякая,Fish of all kinds,Турли балиқлар,2024-M05,2024,29488.0
027,Yangi sog'ilgan sut (1 litr),Молоко свежее (1 литр),Fresh milk (1 liter),Янги соғилган сут (1 литр),2024-M05,2024,7372.0
034,Tuxum (10 dona),Яйца (10 штук),Eggs (10 pieces ),Тухум (10 дона),2024-M05,2024,10017.0
035,Paxta yog'i (1 litr),Масло хлопковое (1 литр),Cottonseed oil (1 liter),Пахта ёғи (1 литр),2024-M05,2024,12739.0
0036,Kungaboqar yog'i (1 litr),Масло подсолнечное (1 литр),Sunflower oil (1 liter),Кунгабоқар ёғи (1 литр),2024-M05,2024,14684.0
037,Sariyog',Масло сливочное,Butter,Сариёғ,2024-M05,2024,59623.0
039,Limon,Лимоны,Lemons,Лимон,2024-M05,2024,30814.0
0040,Olma,Яблоки,Apples,Олма,2024-M05,2024,14541.0
041,Nok,Груши,Pears,Нок,2024-M05,2024,26472.0
049,Uzum,Виноград,Grape,Узум,2024-M05,2024,47748.0
0050,Tarvuz,Арбуз,Watermelon,Тарвуз,2024-M05,2024,17544.0
0051,Qovun,Дыня,Melon,Қовун,2024-M05,2024,17505.0
053,Mayiz,Кишмиш,Kishmish,Майиз,2024-M05,2024,47048.0
055,Karam,Капуста,Cabbage,Карам,2024-M05,2024,2690.0
057,Bodring,Огурцы,Cucumbers,Бодринг,2024-M05,2024,7532.0
058,Pomidor,Помидоры,Tomatoes,Помидор,2024-M05,2024,19375.0
059,Baqlajon,Баклажаны,Eggplant,Бақлажон,2024-M05,2024,25050.0
0060,Bulg'or qalampiri,Перец болгарский,Bell pepper,Булғор қалампири,2024-M05,2024,28539.0
061,Qovoq,Тыква,Pumpkin,Қовоқ,2024-M05,2024,4816.0
063,Sabzi,Морковь,Carrot,Сабзи,2024-M05,2024,2281.0
065,Sarimsoq,Чеснок,Garlic,Саримсоқ,2024-M05,2024,31463.0
066,Piyoz,Лук репчатый,Onion,Пиёз,2024-M05,2024,2175.0
069,Kartoshka,Картофель,Potatoes,Картошка,2024-M05,2024,4053.0
0070,Loviya,Фасоль,Beans,Ловия,2024-M05,2024,17803.0
071,No'xot,Горох,Peas,Нўхот,2024-M05,2024,19947.0
0072,Mosh,Маш,Mash,Мош,2024-M05,2024,14614.0
073,Shakar,Сахар песок,Sugar,Шакар,2024-M05,2024,14308.0
002,Kruppa yormasi,Крупа манная,Semolina,Круппа ёрмаси,2024-M05,2024,4864.0
001,Guruch,Рис,Rice,Гуруч,2024-M06,2024,18122.0
003,Arpa,Ячмень,Barley,Арпа,2024-M06,2024,4802.0
0004,Bug'doy,Пшеница,Wheat,Буғдой,2024-M06,2024,3246.0
005,Jo'hori,Кукуруза,Corn,Жўҳори,2024-M06,2024,3615.0
006,Kepak,Отруби,Bran,Кепак,2024-M06,2024,2885.0
0008,Shrot,Шрот,Schroth,Шрот,2024-M06,2024,4338.0
009,Shulxa,Шелуха,Husk,Шулха,2024-M06,2024,3628.0
010,Kombikorm,Комбикорм,Compound feed,Комбикорм,2024-M06,2024,3047.0
011,Oliy navli bug'doy uni,Мука пшеничная высшего сорта,High-grade wheat flour,Олий навли буғдой уни,2024-M06,2024,8336.0
0012,1-navli bug'doy uni,Мука пшеничная первого сорта,First grade wheat flour,1-навли буғдой уни,2024-M06,2024,5720.0
013,1-nav bug'doy unidan non,Хлеб пшеничный из муки 1-го сорта,Wheat bread from 1st grade flour,1-нав буғдой унидан нон,2024-M06,2024,6226.0
017,Mol go'shti,Говядина,Beef,Мол гўшти,2024-M06,2024,75642.0
0020,Qo'y go'shti,Баранина,Mutton,Қўй гўшти,2024-M06,2024,80951.0
022,Tovuq go'shti,Мясо птицы,Poultry,Товуқ гўшти,2024-M06,2024,28380.0
026,Turli baliqlar,Рыба всякая,Fish of all kinds,Турли балиқлар,2024-M06,2024,29426.0
027,Yangi sog'ilgan sut (1 litr),Молоко свежее (1 литр),Fresh milk (1 liter),Янги соғилган сут (1 литр),2024-M06,2024,7307.0
034,Tuxum (10 dona),Яйца (10 штук),Eggs (10 pieces ),Тухум (10 дона),2024-M06,2024,9425.0
035,Paxta yog'i (1 litr),Масло хлопковое (1 литр),Cottonseed oil (1 liter),Пахта ёғи (1 литр),2024-M06,2024,12382.0
0036,Kungaboqar yog'i (1 litr),Масло подсолнечное (1 литр),Sunflower oil (1 liter),Кунгабоқар ёғи (1 литр),2024-M06,2024,14303.0
037,Sariyog',Масло сливочное,Butter,Сариёғ,2024-M06,2024,59450.0
039,Limon,Лимоны,Lemons,Лимон,2024-M06,2024,29073.0
0040,Olma,Яблоки,Apples,Олма,2024-M06,2024,13173.0
041,Nok,Груши,Pears,Нок,2024-M06,2024,25305.0
049,Uzum,Виноград,Grape,Узум,2024-M06,2024,36668.0
0050,Tarvuz,Арбуз,Watermelon,Тарвуз,2024-M06,2024,4679.0
0051,Qovun,Дыня,Melon,Қовун,2024-M06,2024,7756.0
053,Mayiz,Кишмиш,Kishmish,Майиз,2024-M06,2024,47231.0
055,Karam,Капуста,Cabbage,Карам,2024-M06,2024,1725.0
057,Bodring,Огурцы,Cucumbers,Бодринг,2024-M06,2024,4325.0
058,Pomidor,Помидоры,Tomatoes,Помидор,2024-M06,2024,8219.0
059,Baqlajon,Баклажаны,Eggplant,Бақлажон,2024-M06,2024,9946.0
0060,Bulg'or qalampiri,Перец болгарский,Bell pepper,Булғор қалампири,2024-M06,2024,10815.0
061,Qovoq,Тыква,Pumpkin,Қовоқ,2024-M06,2024,5393.0
063,Sabzi,Морковь,Carrot,Сабзи,2024-M06,2024,2046.0
065,Sarimsoq,Чеснок,Garlic,Саримсоқ,2024-M06,2024,18807.0
066,Piyoz,Лук репчатый,Onion,Пиёз,2024-M06,2024,1729.0
069,Kartoshka,Картофель,Potatoes,Картошка,2024-M06,2024,3766.0
0070,Loviya,Фасоль,Beans,Ловия,2024-M06,2024,17882.0
071,No'xot,Горох,Peas,Нўхот,2024-M06,2024,19534.0
0072,Mosh,Маш,Mash,Мош,2024-M06,2024,14802.0
073,Shakar,Сахар песок,Sugar,Шакар,2024-M06,2024,14136.0
002,Kruppa yormasi,Крупа манная,Semolina,Круппа ёрмаси,2024-M06,2024,4802.0
001,Guruch,Рис,Rice,Гуруч,2024-M07,2024,18101.0
003,Arpa,Ячмень,Barley,Арпа,2024-M07,2024,4909.0
0004,Bug'doy,Пшеница,Wheat,Буғдой,2024-M07,2024,2842.0
005,Jo'hori,Кукуруза,Corn,Жўҳори,2024-M07,2024,3566.0
006,Kepak,Отруби,Bran,Кепак,2024-M07,2024,2795.0
0008,Shrot,Шрот,Schroth,Шрот,2024-M07,2024,4455.0
009,Shulxa,Шелуха,Husk,Шулха,2024-M07,2024,3558.0
010,Kombikorm,Комбикорм,Compound feed,Комбикорм,2024-M07,2024,3011.0
011,Oliy navli bug'doy uni,Мука пшеничная высшего сорта,High-grade wheat flour,Олий навли буғдой уни,2024-M07,2024,8260.0
0012,1-navli bug'doy uni,Мука пшеничная первого сорта,First grade wheat flour,1-навли буғдой уни,2024-M07,2024,5678.0
013,1-nav bug'doy unidan non,Хлеб пшеничный из муки 1-го сорта,Wheat bread from 1st grade flour,1-нав буғдой унидан нон,2024-M07,2024,6195.0
017,Mol go'shti,Говядина,Beef,Мол гўшти,2024-M07,2024,75636.0
0020,Qo'y go'shti,Баранина,Mutton,Қўй гўшти,2024-M07,2024,81051.0
022,Tovuq go'shti,Мясо птицы,Poultry,Товуқ гўшти,2024-M07,2024,27997.0
026,Turli baliqlar,Рыба всякая,Fish of all kinds,Турли балиқлар,2024-M07,2024,29829.0
027,Yangi sog'ilgan sut (1 litr),Молоко свежее (1 литр),Fresh milk (1 liter),Янги соғилган сут (1 литр),2024-M07,2024,7204.0
034,Tuxum (10 dona),Яйца (10 штук),Eggs (10 pieces ),Тухум (10 дона),2024-M07,2024,8917.0
035,Paxta yog'i (1 litr),Масло хлопковое (1 литр),Cottonseed oil (1 liter),Пахта ёғи (1 литр),2024-M07,2024,12340.0
0036,Kungaboqar yog'i (1 litr),Масло подсолнечное (1 литр),Sunflower oil (1 liter),Кунгабоқар ёғи (1 литр),2024-M07,2024,14326.0
037,Sariyog',Масло сливочное,Butter,Сариёғ,2024-M07,2024,59276.0
039,Limon,Лимоны,Lemons,Лимон,2024-M07,2024,28946.0
0040,Olma,Яблоки,Apples,Олма,2024-M07,2024,9732.0
041,Nok,Груши,Pears,Нок,2024-M07,2024,22234.0
049,Uzum,Виноград,Grape,Узум,2024-M07,2024,14998.0
0050,Tarvuz,Арбуз,Watermelon,Тарвуз,2024-M07,2024,1347.0
0051,Qovun,Дыня,Melon,Қовун,2024-M07,2024,3567.0
053,Mayiz,Кишмиш,Kishmish,Майиз,2024-M07,2024,47293.0
055,Karam,Капуста,Cabbage,Карам,2024-M07,2024,1700.0
057,Bodring,Огурцы,Cucumbers,Бодринг,2024-M07,2024,4108.0
058,Pomidor,Помидоры,Tomatoes,Помидор,2024-M07,2024,4042.0
059,Baqlajon,Баклажаны,Eggplant,Бақлажон,2024-M07,2024,4627.0
0060,Bulg'or qalampiri,Перец болгарский,Bell pepper,Булғор қалампири,2024-M07,2024,5575.0
061,Qovoq,Тыква,Pumpkin,Қовоқ,2024-M07,2024,4564.0
063,Sabzi,Морковь,Carrot,Сабзи,2024-M07,2024,1973.0
065,Sarimsoq,Чеснок,Garlic,Саримсоқ,2024-M07,2024,17700.0
066,Piyoz,Лук репчатый,Onion,Пиёз,2024-M07,2024,1604.0
069,Kartoshka,Картофель,Potatoes,Картошка,2024-M07,2024,3515.0
0070,Loviya,Фасоль,Beans,Ловия,2024-M07,2024,18509.0
071,No'xot,Горох,Peas,Нўхот,2024-M07,2024,19304.0
0072,Mosh,Маш,Mash,Мош,2024-M07,2024,15310.0
073,Shakar,Сахар песок,Sugar,Шакар,2024-M07,2024,14103.0
002,Kruppa yormasi,Крупа манная,Semolina,Круппа ёрмаси,2024-M07,2024,0.0
001,Guruch,Рис,Rice,Гуруч,2024-M08,2024,18078.0
003,Arpa,Ячмень,Barley,Арпа,2024-M08,2024,4674.0
0004,Bug'doy,Пшеница,Wheat,Буғдой,2024-M08,2024,2796.0
005,Jo'hori,Кукуруза,Corn,Жўҳори,2024-M08,2024,3639.0
006,Kepak,Отруби,Bran,Кепак,2024-M08,2024,2709.0
0008,Shrot,Шрот,Schroth,Шрот,2024-M08,2024,4620.0
009,Shulxa,Шелуха,Husk,Шулха,2024-M08,2024,3596.0
010,Kombikorm,Комбикорм,Compound feed,Комбикорм,2024-M08,2024,3030.0
011,Oliy navli bug'doy uni,Мука пшеничная высшего сорта,High-grade wheat flour,Олий навли буғдой уни,2024-M08,2024,8244.0
0012,1-navli bug'doy uni,Мука пшеничная первого сорта,First grade wheat flour,1-навли буғдой уни,2024-M08,2024,5665.0
013,1-nav bug'doy unidan non,Хлеб пшеничный из муки 1-го сорта,Wheat bread from 1st grade flour,1-нав буғдой унидан нон,2024-M08,2024,6189.0
017,Mol go'shti,Говядина,Beef,Мол гўшти,2024-M08,2024,78965.0
0020,Qo'y go'shti,Баранина,Mutton,Қўй гўшти,2024-M08,2024,83741.0
022,Tovuq go'shti,Мясо птицы,Poultry,Товуқ гўшти,2024-M08,2024,28050.0
026,Turli baliqlar,Рыба всякая,Fish of all kinds,Турли балиқлар,2024-M08,2024,30163.0
027,Yangi sog'ilgan sut (1 litr),Молоко свежее (1 литр),Fresh milk (1 liter),Янги соғилган сут (1 литр),2024-M08,2024,7180.0
034,Tuxum (10 dona),Яйца (10 штук),Eggs (10 pieces ),Тухум (10 дона),2024-M08,2024,8736.0
035,Paxta yog'i (1 litr),Масло хлопковое (1 литр),Cottonseed oil (1 liter),Пахта ёғи (1 литр),2024-M08,2024,12588.0
0036,Kungaboqar yog'i (1 litr),Масло подсолнечное (1 литр),Sunflower oil (1 liter),Кунгабоқар ёғи (1 литр),2024-M08,2024,14510.0
037,Sariyog',Масло сливочное,Butter,Сариёғ,2024-M08,2024,59210.0
039,Limon,Лимоны,Lemons,Лимон,2024-M08,2024,28291.0
0040,Olma,Яблоки,Apples,Олма,2024-M08,2024,9377.0
041,Nok,Груши,Pears,Нок,2024-M08,2024,20667.0
049,Uzum,Виноград,Grape,Узум,2024-M08,2024,12446.0
0050,Tarvuz,Арбуз,Watermelon,Тарвуз,2024-M08,2024,1003.0
0051,Qovun,Дыня,Melon,Қовун,2024-M08,2024,2491.0
053,Mayiz,Кишмиш,Kishmish,Майиз,2024-M08,2024,47440.0
055,Karam,Капуста,Cabbage,Карам,2024-M08,2024,1778.0
057,Bodring,Огурцы,Cucumbers,Бодринг,2024-M08,2024,5066.0
058,Pomidor,Помидоры,Tomatoes,Помидор,2024-M08,2024,4402.0
059,Baqlajon,Баклажаны,Eggplant,Бақлажон,2024-M08,2024,4308.0
0060,Bulg'or qalampiri,Перец болгарский,Bell pepper,Булғор қалампири,2024-M08,2024,5171.0
061,Qovoq,Тыква,Pumpkin,Қовоқ,2024-M08,2024,3893.0
063,Sabzi,Морковь,Carrot,Сабзи,2024-M08,2024,2108.0
065,Sarimsoq,Чеснок,Garlic,Саримсоқ,2024-M08,2024,19091.0
066,Piyoz,Лук репчатый,Onion,Пиёз,2024-M08,2024,1707.0
069,Kartoshka,Картофель,Potatoes,Картошка,2024-M08,2024,3632.0
0070,Loviya,Фасоль,Beans,Ловия,2024-M08,2024,18612.0
071,No'xot,Горох,Peas,Нўхот,2024-M08,2024,19445.0
0072,Mosh,Маш,Mash,Мош,2024-M08,2024,15803.0
073,Shakar,Сахар песок,Sugar,Шакар,2024-M08,2024,14156.0
002,Kruppa yormasi,Крупа манная,Semolina,Круппа ёрмаси,2024-M08,2024,0.0
001,Guruch,Рис,Rice,Гуруч,2024-M09,2024,18268.0
003,Arpa,Ячмень,Barley,Арпа,2024-M09,2024,4412.0
0004,Bug'doy,Пшеница,Wheat,Буғдой,2024-M09,2024,2900.0
005,Jo'hori,Кукуруза,Corn,Жўҳори,2024-M09,2024,3542.0
006,Kepak,Отруби,Bran,Кепак,2024-M09,2024,2710.0
0008,Shrot,Шрот,Schroth,Шрот,2024-M09,2024,4861.0
009,Shulxa,Шелуха,Husk,Шулха,2024-M09,2024,3878.0
010,Kombikorm,Комбикорм,Compound feed,Комбикорм,2024-M09,2024,3117.0
011,Oliy navli bug'doy uni,Мука пшеничная высшего сорта,High-grade wheat flour,Олий навли буғдой уни,2024-M09,2024,8252.0
0012,1-navli bug'doy uni,Мука пшеничная первого сорта,First grade wheat flour,1-навли буғдой уни,2024-M09,2024,5649.0
013,1-nav bug'doy unidan non,Хлеб пшеничный из муки 1-го сорта,Wheat bread from 1st grade flour,1-нав буғдой унидан нон,2024-M09,2024,6214.0
017,Mol go'shti,Говядина,Beef,Мол гўшти,2024-M09,2024,83597.0
0020,Qo'y go'shti,Баранина,Mutton,Қўй гўшти,2024-M09,2024,87967.0
022,Tovuq go'shti,Мясо птицы,Poultry,Товуқ гўшти,2024-M09,2024,28239.0
026,Turli baliqlar,Рыба всякая,Fish of all kinds,Турли балиқлар,2024-M09,2024,30422.0
027,Yangi sog'ilgan sut (1 litr),Молоко свежее (1 литр),Fresh milk (1 liter),Янги соғилган сут (1 литр),2024-M09,2024,7303.0
034,Tuxum (10 dona),Яйца (10 штук),Eggs (10 pieces ),Тухум (10 дона),2024-M09,2024,8839.0
035,Paxta yog'i (1 litr),Масло хлопковое (1 литр),Cottonseed oil (1 liter),Пахта ёғи (1 литр),2024-M09,2024,13223.0
0036,Kungaboqar yog'i (1 litr),Масло подсолнечное (1 литр),Sunflower oil (1 liter),Кунгабоқар ёғи (1 литр),2024-M09,2024,15089.0
037,Sariyog',Масло сливочное,Butter,Сариёғ,2024-M09,2024,59278.0
039,Limon,Лимоны,Lemons,Лимон,2024-M09,2024,28112.0
0040,Olma,Яблоки,Apples,Олма,2024-M09,2024,9024.0
041,Nok,Груши,Pears,Нок,2024-M09,2024,19690.0
049,Uzum,Виноград,Grape,Узум,2024-M09,2024,12002.0
0050,Tarvuz,Арбуз,Watermelon,Тарвуз,2024-M09,2024,1607.0
0051,Qovun,Дыня,Melon,Қовун,2024-M09,2024,2813.0
053,Mayiz,Кишмиш,Kishmish,Майиз,2024-M09,2024,47882.0
055,Karam,Капуста,Cabbage,Карам,2024-M09,2024,2019.0
057,Bodring,Огурцы,Cucumbers,Бодринг,2024-M09,2024,6015.0
058,Pomidor,Помидоры,Tomatoes,Помидор,2024-M09,2024,4712.0
059,Baqlajon,Баклажаны,Eggplant,Бақлажон,2024-M09,2024,5111.0
0060,Bulg'or qalampiri,Перец болгарский,Bell pepper,Булғор қалампири,2024-M09,2024,5441.0
061,Qovoq,Тыква,Pumpkin,Қовоқ,2024-M09,2024,3547.0
063,Sabzi,Морковь,Carrot,Сабзи,2024-M09,2024,2319.0
065,Sarimsoq,Чеснок,Garlic,Саримсоқ,2024-M09,2024,23169.0
066,Piyoz,Лук репчатый,Onion,Пиёз,2024-M09,2024,1839.0
069,Kartoshka,Картофель,Potatoes,Картошка,2024-M09,2024,3991.0
0070,Loviya,Фасоль,Beans,Ловия,2024-M09,2024,19701.0
071,No'xot,Горох,Peas,Нўхот,2024-M09,2024,19675.0
0072,Mosh,Маш,Mash,Мош,2024-M09,2024,16371.0
073,Shakar,Сахар песок,Sugar,Шакар,2024-M09,2024,14105.0
002,Kruppa yormasi,Крупа манная,Semolina,Круппа ёрмаси,2024-M09,2024,0.0
001,Guruch,Рис,Rice,Гуруч,2024-M10,2024,18103.0
003,Arpa,Ячмень,Barley,Арпа,2024-M10,2024,4373.0
0004,Bug'doy,Пшеница,Wheat,Буғдой,2024-M10,2024,2989.0
005,Jo'hori,Кукуруза,Corn,Жўҳори,2024-M10,2024,3543.0
006,Kepak,Отруби,Bran,Кепак,2024-M10,2024,2717.0
0008,Shrot,Шрот,Schroth,Шрот,2024-M10,2024,4909.0
009,Shulxa,Шелуха,Husk,Шулха,2024-M10,2024,3949.0
010,Kombikorm,Комбикорм,Compound feed,Комбикорм,2024-M10,2024,3165.0
011,Oliy navli bug'doy uni,Мука пшеничная высшего сорта,High-grade wheat flour,Олий навли буғдой уни,2024-M10,2024,8248.0
0012,1-navli bug'doy uni,Мука пшеничная первого сорта,First grade wheat flour,1-навли буғдой уни,2024-M10,2024,5633.0
013,1-nav bug'doy unidan non,Хлеб пшеничный из муки 1-го сорта,Wheat bread from 1st grade flour,1-нав буғдой унидан нон,2024-M10,2024,6208.0
017,Mol go'shti,Говядина,Beef,Мол гўшти,2024-M10,2024,83717.0
0020,Qo'y go'shti,Баранина,Mutton,Қўй гўшти,2024-M10,2024,87767.0
022,Tovuq go'shti,Мясо птицы,Poultry,Товуқ гўшти,2024-M10,2024,28359.0
026,Turli baliqlar,Рыба всякая,Fish of all kinds,Турли балиқлар,2024-M10,2024,29661.0
027,Yangi sog'ilgan sut (1 litr),Молоко свежее (1 литр),Fresh milk (1 liter),Янги соғилган сут (1 литр),2024-M10,2024,7403.0
034,Tuxum (10 dona),Яйца (10 штук),Eggs (10 pieces ),Тухум (10 дона),2024-M10,2024,9062.0
035,Paxta yog'i (1 litr),Масло хлопковое (1 литр),Cottonseed oil (1 liter),Пахта ёғи (1 литр),2024-M10,2024,13694.0
0036,Kungaboqar yog'i (1 litr),Масло подсолнечное (1 литр),Sunflower oil (1 liter),Кунгабоқар ёғи (1 литр),2024-M10,2024,15381.0
037,Sariyog',Масло сливочное,Butter,Сариёғ,2024-M10,2024,59346.0
039,Limon,Лимоны,Lemons,Лимон,2024-M10,2024,27477.0
0040,Olma,Яблоки,Apples,Олма,2024-M10,2024,8911.0
041,Nok,Груши,Pears,Нок,2024-M10,2024,18950.0
049,Uzum,Виноград,Grape,Узум,2024-M10,2024,12244.0
0050,Tarvuz,Арбуз,Watermelon,Тарвуз,2024-M10,2024,2239.0
0051,Qovun,Дыня,Melon,Қовун,2024-M10,2024,3652.0
053,Mayiz,Кишмиш,Kishmish,Майиз,2024-M10,2024,48084.0
055,Karam,Капуста,Cabbage,Карам,2024-M10,2024,2212.0
057,Bodring,Огурцы,Cucumbers,Бодринг,2024-M10,2024,8867.0
058,Pomidor,Помидоры,Tomatoes,Помидор,2024-M10,2024,7359.0
059,Baqlajon,Баклажаны,Eggplant,Бақлажон,2024-M10,2024,5612.0
0060,Bulg'or qalampiri,Перец болгарский,Bell pepper,Булғор қалампири,2024-M10,2024,6479.0
061,Qovoq,Тыква,Pumpkin,Қовоқ,2024-M10,2024,3408.0
063,Sabzi,Морковь,Carrot,Сабзи,2024-M10,2024,2407.0
065,Sarimsoq,Чеснок,Garlic,Саримсоқ,2024-M10,2024,25783.0
066,Piyoz,Лук репчатый,Onion,Пиёз,2024-M10,2024,1912.0
069,Kartoshka,Картофель,Potatoes,Картошка,2024-M10,2024,4151.0
0070,Loviya,Фасоль,Beans,Ловия,2024-M10,2024,19617.0
071,No'xot,Горох,Peas,Нўхот,2024-M10,2024,19605.0
0072,Mosh,Маш,Mash,Мош,2024-M10,2024,16398.0
073,Shakar,Сахар песок,Sugar,Шакар,2024-M10,2024,14030.0
002,Kruppa yormasi,Крупа манная,Semolina,Круппа ёрмаси,2024-M10,2024,0.0
001,Guruch,Рис,Rice,Гуруч,2024-M11,2024,17903.0
003,Arpa,Ячмень,Barley,Арпа,2024-M11,2024,4391.0
0004,Bug'doy,Пшеница,Wheat,Буғдой,2024-M11,2024,3050.0
005,Jo'hori,Кукуруза,Corn,Жўҳори,2024-M11,2024,3464.0
006,Kepak,Отруби,Bran,Кепак,2024-M11,2024,2697.0
0008,Shrot,Шрот,Schroth,Шрот,2024-M11,2024,4983.0
009,Shulxa,Шелуха,Husk,Шулха,2024-M11,2024,3904.0
010,Kombikorm,Комбикорм,Compound feed,Комбикорм,2024-M11,2024,3144.0
011,Oliy navli bug'doy uni,Мука пшеничная высшего сорта,High-grade wheat flour,Олий навли буғдой уни,2024-M11,2024,8281.0
0012,1-navli bug'doy uni,Мука пшеничная первого сорта,First grade wheat flour,1-навли буғдой уни,2024-M11,2024,5679.0
013,1-nav bug'doy unidan non,Хлеб пшеничный из муки 1-го сорта,Wheat bread from 1st grade flour,1-нав буғдой унидан нон,2024-M11,2024,6246.0
017,Mol go'shti,Говядина,Beef,Мол гўшти,2024-M11,2024,84153.0
0020,Qo'y go'shti,Баранина,Mutton,Қўй гўшти,2024-M11,2024,88415.0
022,Tovuq go'shti,Мясо птицы,Poultry,Товуқ гўшти,2024-M11,2024,28510.0
026,Turli baliqlar,Рыба всякая,Fish of all kinds,Турли балиқлар,2024-M11,2024,28453.0
027,Yangi sog'ilgan sut (1 litr),Молоко свежее (1 литр),Fresh milk (1 liter),Янги соғилган сут (1 литр),2024-M11,2024,7438.0
034,Tuxum (10 dona),Яйца (10 штук),Eggs (10 pieces ),Тухум (10 дона),2024-M11,2024,9628.0
035,Paxta yog'i (1 litr),Масло хлопковое (1 литр),Cottonseed oil (1 liter),Пахта ёғи (1 литр),2024-M11,2024,14595.0
0036,Kungaboqar yog'i (1 litr),Масло подсолнечное (1 литр),Sunflower oil (1 liter),Кунгабоқар ёғи (1 литр),2024-M11,2024,16176.0
037,Sariyog',Масло сливочное,Butter,Сариёғ,2024-M11,2024,59660.0
039,Limon,Лимоны,Lemons,Лимон,2024-M11,2024,26306.0
0040,Olma,Яблоки,Apples,Олма,2024-M11,2024,9063.0
041,Nok,Груши,Pears,Нок,2024-M11,2024,19066.0
049,Uzum,Виноград,Grape,Узум,2024-M11,2024,14136.0
0050,Tarvuz,Арбуз,Watermelon,Тарвуз,2024-M11,2024,2992.0
0051,Qovun,Дыня,Melon,Қовун,2024-M11,2024,4039.0
053,Mayiz,Кишмиш,Kishmish,Майиз,2024-M11,2024,48474.0
055,Karam,Капуста,Cabbage,Карам,2024-M11,2024,2417.0
057,Bodring,Огурцы,Cucumbers,Бодринг,2024-M11,2024,15361.0
058,Pomidor,Помидоры,Tomatoes,Помидор,2024-M11,2024,14485.0
059,Baqlajon,Баклажаны,Eggplant,Бақлажон,2024-M11,2024,7087.0
0060,Bulg'or qalampiri,Перец болгарский,Bell pepper,Булғор қалампири,2024-M11,2024,9795.0
061,Qovoq,Тыква,Pumpkin,Қовоқ,2024-M11,2024,3343.0
063,Sabzi,Морковь,Carrot,Сабзи,2024-M11,2024,2496.0
065,Sarimsoq,Чеснок,Garlic,Саримсоқ,2024-M11,2024,29116.0
066,Piyoz,Лук репчатый,Onion,Пиёз,2024-M11,2024,2302.0
069,Kartoshka,Картофель,Potatoes,Картошка,2024-M11,2024,4658.0
0070,Loviya,Фасоль,Beans,Ловия,2024-M11,2024,19188.0
071,No'xot,Горох,Peas,Нўхот,2024-M11,2024,19533.0
0072,Mosh,Маш,Mash,Мош,2024-M11,2024,16208.0
073,Shakar,Сахар песок,Sugar,Шакар,2024-M11,2024,13978.0
002,Kruppa yormasi,Крупа манная,Semolina,Круппа ёрмаси,2024-M11,2024,0.0
001,Guruch,Рис,Rice,Гуруч,2024-M12,2024,17714.0
003,Arpa,Ячмень,Barley,Арпа,2024-M12,2024,4383.0
0004,Bug'doy,Пшеница,Wheat,Буғдой,2024-M12,2024,3084.0
005,Jo'hori,Кукуруза,Corn,Жўҳори,2024-M12,2024,3489.0
006,Kepak,Отруби,Bran,Кепак,2024-M12,2024,2670.0
0008,Shrot,Шрот,Schroth,Шрот,2024-M12,2024,4990.0
009,Shulxa,Шелуха,Husk,Шулха,2024-M12,2024,3931.0
010,Kombikorm,Комбикорм,Compound feed,Комбикорм,2024-M12,2024,3140.0
011,Oliy navli bug'doy uni,Мука пшеничная высшего сорта,High-grade wheat flour,Олий навли буғдой уни,2024-M12,2024,8294.0
0012,1-navli bug'doy uni,Мука пшеничная первого сорта,First grade wheat flour,1-навли буғдой уни,2024-M12,2024,5662.0
013,1-nav bug'doy unidan non,Хлеб пшеничный из муки 1-го сорта,Wheat bread from 1st grade flour,1-нав буғдой унидан нон,2024-M12,2024,6262.0
017,Mol go'shti,Говядина,Beef,Мол гўшти,2024-M12,2024,84688.0
0020,Qo'y go'shti,Баранина,Mutton,Қўй гўшти,2024-M12,2024,89134.0
022,Tovuq go'shti,Мясо птицы,Poultry,Товуқ гўшти,2024-M12,2024,28815.0
026,Turli baliqlar,Рыба всякая,Fish of all kinds,Турли балиқлар,2024-M12,2024,28556.0
027,Yangi sog'ilgan sut (1 litr),Молоко свежее (1 литр),Fresh milk (1 liter),Янги соғилган сут (1 литр),2024-M12,2024,7510.0
034,Tuxum (10 dona),Яйца (10 штук),Eggs (10 pieces ),Тухум (10 дона),2024-M12,2024,11364.0
035,Paxta yog'i (1 litr),Масло хлопковое (1 литр),Cottonseed oil (1 liter),Пахта ёғи (1 литр),2024-M12,2024,15605.0
0036,Kungaboqar yog'i (1 litr),Масло подсолнечное (1 литр),Sunflower oil (1 liter),Кунгабоқар ёғи (1 литр),2024-M12,2024,17123.0
037,Sariyog',Масло сливочное,Butter,Сариёғ,2024-M12,2024,59972.0
039,Limon,Лимоны,Lemons,Лимон,2024-M12,2024,24195.0
0040,Olma,Яблоки,Apples,Олма,2024-M12,2024,9451.0
041,Nok,Груши,Pears,Нок,2024-M12,2024,20134.0
049,Uzum,Виноград,Grape,Узум,2024-M12,2024,21846.0
0050,Tarvuz,Арбуз,Watermelon,Тарвуз,2024-M12,2024,3767.0
0051,Qovun,Дыня,Melon,Қовун,2024-M12,2024,4629.0
053,Mayiz,Кишмиш,Kishmish,Майиз,2024-M12,2024,49261.0
055,Karam,Капуста,Cabbage,Карам,2024-M12,2024,2886.0
057,Bodring,Огурцы,Cucumbers,Бодринг,2024-M12,2024,21745.0
058,Pomidor,Помидоры,Tomatoes,Помидор,2024-M12,2024,19098.0
059,Baqlajon,Баклажаны,Eggplant,Бақлажон,2024-M12,2024,26078.0
0060,Bulg'or qalampiri,Перец болгарский,Bell pepper,Булғор қалампири,2024-M12,2024,23300.0
061,Qovoq,Тыква,Pumpkin,Қовоқ,2024-M12,2024,3572.0
063,Sabzi,Морковь,Carrot,Сабзи,2024-M12,2024,2531.0
065,Sarimsoq,Чеснок,Garlic,Саримсоқ,2024-M12,2024,31342.0
066,Piyoz,Лук репчатый,Onion,Пиёз,2024-M12,2024,2624.0
069,Kartoshka,Картофель,Potatoes,Картошка,2024-M12,2024,5471.0
0070,Loviya,Фасоль,Beans,Ловия,2024-M12,2024,19207.0
071,No'xot,Горох,Peas,Нўхот,2024-M12,2024,19602.0
0072,Mosh,Маш,Mash,Мош,2024-M12,2024,16467.0
073,Shakar,Сахар песок,Sugar,Шакар,2024-M12,2024,13762.0
002,Kruppa yormasi,Крупа манная,Semolina,Круппа ёрмаси,2024-M12,2024,0.0
001,Guruch,Рис,Rice,Гуруч,2025-M01,2025,17626.0
003,Arpa,Ячмень,Barley,Арпа,2025-M01,2025,4383.0
0004,Bug'doy,Пшеница,Wheat,Буғдой,2025-M01,2025,3112.0
005,Jo'hori,Кукуруза,Corn,Жўҳори,2025-M01,2025,3627.0
006,Kepak,Отруби,Bran,Кепак,2025-M01,2025,2635.0
0008,Shrot,Шрот,Schroth,Шрот,2025-M01,2025,4976.0
009,Shulxa,Шелуха,Husk,Шулха,2025-M01,2025,3930.0
010,Kombikorm,Комбикорм,Compound feed,Комбикорм,2025-M01,2025,3145.0
011,Oliy navli bug'doy uni,Мука пшеничная высшего сорта,High-grade wheat flour,Олий навли буғдой уни,2025-M01,2025,8284.0
0012,1-navli bug'doy uni,Мука пшеничная первого сорта,First grade wheat flour,1-навли буғдой уни,2025-M01,2025,5653.0
013,1-nav bug'doy unidan non,Хлеб пшеничный из муки 1-го сорта,Wheat bread from 1st grade flour,1-нав буғдой унидан нон,2025-M01,2025,6278.0
017,Mol go'shti,Говядина,Beef,Мол гўшти,2025-M01,2025,85719.0
0020,Qo'y go'shti,Баранина,Mutton,Қўй гўшти,2025-M01,2025,90139.0
022,Tovuq go'shti,Мясо птицы,Poultry,Товуқ гўшти,2025-M01,2025,28798.0
026,Turli baliqlar,Рыба всякая,Fish of all kinds,Турли балиқлар,2025-M01,2025,28792.0
027,Yangi sog'ilgan sut (1 litr),Молоко свежее (1 литр),Fresh milk (1 liter),Янги соғилган сут (1 литр),2025-M01,2025,7589.0
034,Tuxum (10 dona),Яйца (10 штук),Eggs (10 pieces ),Тухум (10 дона),2025-M01,2025,10958.0
035,Paxta yog'i (1 litr),Масло хлопковое (1 литр),Cottonseed oil (1 liter),Пахта ёғи (1 литр),2025-M01,2025,16091.0
0036,Kungaboqar yog'i (1 litr),Масло подсолнечное (1 литр),Sunflower oil (1 liter),Кунгабоқар ёғи (1 литр),2025-M01,2025,17674.0
037,Sariyog',Масло сливочное,Butter,Сариёғ,2025-M01,2025,60258.0
039,Limon,Лимоны,Lemons,Лимон,2025-M01,2025,23615.0
0040,Olma,Яблоки,Apples,Олма,2025-M01,2025,9949.0
041,Nok,Груши,Pears,Нок,2025-M01,2025,20851.0
049,Uzum,Виноград,Grape,Узум,2025-M01,2025,32297.0
0050,Tarvuz,Арбуз,Watermelon,Тарвуз,2025-M01,2025,4520.0
0051,Qovun,Дыня,Melon,Қовун,2025-M01,2025,5498.0
053,Mayiz,Кишмиш,Kishmish,Майиз,2025-M01,2025,50172.0
055,Karam,Капуста,Cabbage,Карам,2025-M01,2025,3434.0
057,Bodring,Огурцы,Cucumbers,Бодринг,2025-M01,2025,25829.0
058,Pomidor,Помидоры,Tomatoes,Помидор,2025-M01,2025,23793.0
059,Baqlajon,Баклажаны,Eggplant,Бақлажон,2025-M01,2025,37300.0
0060,Bulg'or qalampiri,Перец болгарский,Bell pepper,Булғор қалампири,2025-M01,2025,35891.0
061,Qovoq,Тыква,Pumpkin,Қовоқ,2025-M01,2025,3808.0
063,Sabzi,Морковь,Carrot,Сабзи,2025-M01,2025,2690.0
065,Sarimsoq,Чеснок,Garlic,Саримсоқ,2025-M01,2025,34133.0
066,Piyoz,Лук репчатый,Onion,Пиёз,2025-M01,2025,2752.0
069,Kartoshka,Картофель,Potatoes,Картошка,2025-M01,2025,6565.0
0070,Loviya,Фасоль,Beans,Ловия,2025-M01,2025,19356.0
071,No'xot,Горох,Peas,Нўхот,2025-M01,2025,19739.0
0072,Mosh,Маш,Mash,Мош,2025-M01,2025,16750.0
073,Shakar,Сахар песок,Sugar,Шакар,2025-M01,2025,13546.0
002,Kruppa yormasi,Крупа манная,Semolina,Круппа ёрмаси,2025-M01,2025,0.0
001,Guruch,Рис,Rice,Гуруч,2025-M02,2025,17597.0
003,Arpa,Ячмень,Barley,Арпа,2025-M02,2025,4465.0
0004,Bug'doy,Пшеница,Wheat,Буғдой,2025-M02,2025,3162.0
005,Jo'hori,Кукуруза,Corn,Жўҳори,2025-M02,2025,3695.0
006,Kepak,Отруби,Bran,Кепак,2025-M02,2025,2658.0
0008,Shrot,Шрот,Schroth,Шрот,2025-M02,2025,4970.0
009,Shulxa,Шелуха,Husk,Шулха,2025-M02,2025,3977.0
010,Kombikorm,Комбикорм,Compound feed,Комбикорм,2025-M02,2025,3158.0
011,Oliy navli bug'doy uni,Мука пшеничная высшего сорта,High-grade wheat flour,Олий навли буғдой уни,2025-M02,2025,8254.0
0012,1-navli bug'doy uni,Мука пшеничная первого сорта,First grade wheat flour,1-навли буғдой уни,2025-M02,2025,5646.0
013,1-nav bug'doy unidan non,Хлеб пшеничный из муки 1-го сорта,Wheat bread from 1st grade flour,1-нав буғдой унидан нон,2025-M02,2025,6281.0
017,Mol go'shti,Говядина,Beef,Мол гўшти,2025-M02,2025,89620.0
0020,Qo'y go'shti,Баранина,Mutton,Қўй гўшти,2025-M02,2025,94099.0
022,Tovuq go'shti,Мясо птицы,Poultry,Товуқ гўшти,2025-M02,2025,28837.0
026,Turli baliqlar,Рыба всякая,Fish of all kinds,Турли балиқлар,2025-M02,2025,28983.0
027,Yangi sog'ilgan sut (1 litr),Молоко свежее (1 литр),Fresh milk (1 liter),Янги соғилган сут (1 литр),2025-M02,2025,7736.0
034,Tuxum (10 dona),Яйца (10 штук),Eggs (10 pieces ),Тухум (10 дона),2025-M02,2025,9780.0
035,Paxta yog'i (1 litr),Масло хлопковое (1 литр),Cottonseed oil (1 liter),Пахта ёғи (1 литр),2025-M02,2025,16162.0
0036,Kungaboqar yog'i (1 litr),Масло подсолнечное (1 литр),Sunflower oil (1 liter),Кунгабоқар ёғи (1 литр),2025-M02,2025,17805.0
037,Sariyog',Масло сливочное,Butter,Сариёғ,2025-M02,2025,60669.0
039,Limon,Лимоны,Lemons,Лимон,2025-M02,2025,24428.0
0040,Olma,Яблоки,Apples,Олма,2025-M02,2025,9741.0
041,Nok,Груши,Pears,Нок,2025-M02,2025,21239.0
049,Uzum,Виноград,Grape,Узум,2025-M02,2025,40951.0
0050,Tarvuz,Арбуз,Watermelon,Тарвуз,2025-M02,2025,7800.0
0051,Qovun,Дыня,Melon,Қовун,2025-M02,2025,6322.0
053,Mayiz,Кишмиш,Kishmish,Майиз,2025-M02,2025,49793.0
055,Karam,Капуста,Cabbage,Карам,2025-M02,2025,4374.0
057,Bodring,Огурцы,Cucumbers,Бодринг,2025-M02,2025,26563.0
058,Pomidor,Помидоры,Tomatoes,Помидор,2025-M02,2025,25104.0
059,Baqlajon,Баклажаны,Eggplant,Бақлажон,2025-M02,2025,36787.0
0060,Bulg'or qalampiri,Перец болгарский,Bell pepper,Булғор қалампири,2025-M02,2025,37955.0
061,Qovoq,Тыква,Pumpkin,Қовоқ,2025-M02,2025,4324.0
063,Sabzi,Морковь,Carrot,Сабзи,2025-M02,2025,2721.0
065,Sarimsoq,Чеснок,Garlic,Саримсоқ,2025-M02,2025,35103.0
066,Piyoz,Лук репчатый,Onion,Пиёз,2025-M02,2025,2789.0
069,Kartoshka,Картофель,Potatoes,Картошка,2025-M02,2025,7016.0
0070,Loviya,Фасоль,Beans,Ловия,2025-M02,2025,19388.0
071,No'xot,Горох,Peas,Нўхот,2025-M02,2025,19785.0
0072,Mosh,Маш,Mash,Мош,2025-M02,2025,16847.0
073,Shakar,Сахар песок,Sugar,Шакар,2025-M02,2025,13517.0
002,Kruppa yormasi,Крупа манная,Semolina,Круппа ёрмаси,2025-M02,2025,0.0
001,Guruch,Рис,Rice,Гуруч,2025-M03,2025,17506.0
003,Arpa,Ячмень,Barley,Арпа,2025-M03,2025,4775.0
0004,Bug'doy,Пшеница,Wheat,Буғдой,2025-M03,2025,3326.0
005,Jo'hori,Кукуруза,Corn,Жўҳори,2025-M03,2025,4111.0
006,Kepak,Отруби,Bran,Кепак,2025-M03,2025,2898.0
0008,Shrot,Шрот,Schroth,Шрот,2025-M03,2025,5316.0
009,Shulxa,Шелуха,Husk,Шулха,2025-M03,2025,4476.0
010,Kombikorm,Комбикорм,Compound feed,Комбикорм,2025-M03,2025,3455.0
011,Oliy navli bug'doy uni,Мука пшеничная высшего сорта,High-grade wheat flour,Олий навли буғдой уни,2025-M03,2025,8259.0
0012,1-navli bug'doy uni,Мука пшеничная первого сорта,First grade wheat flour,1-навли буғдой уни,2025-M03,2025,5637.0
013,1-nav bug'doy unidan non,Хлеб пшеничный из муки 1-го сорта,Wheat bread from 1st grade flour,1-нав буғдой унидан нон,2025-M03,2025,6287.0
017,Mol go'shti,Говядина,Beef,Мол гўшти,2025-M03,2025,95412.0
0020,Qo'y go'shti,Баранина,Mutton,Қўй гўшти,2025-M03,2025,99572.0
022,Tovuq go'shti,Мясо птицы,Poultry,Товуқ гўшти,2025-M03,2025,29116.0
026,Turli baliqlar,Рыба всякая,Fish of all kinds,Турли балиқлар,2025-M03,2025,29550.0
027,Yangi sog'ilgan sut (1 litr),Молоко свежее (1 литр),Fresh milk (1 liter),Янги соғилган сут (1 литр),2025-M03,2025,7763.0
034,Tuxum (10 dona),Яйца (10 штук),Eggs (10 pieces ),Тухум (10 дона),2025-M03,2025,9998.0
035,Paxta yog'i (1 litr),Масло хлопковое (1 литр),Cottonseed oil (1 liter),Пахта ёғи (1 литр),2025-M03,2025,16421.0
0036,Kungaboqar yog'i (1 litr),Масло подсолнечное (1 литр),Sunflower oil (1 liter),Кунгабоқар ёғи (1 литр),2025-M03,2025,18037.0
037,Sariyog',Масло сливочное,Butter,Сариёғ,2025-M03,2025,61366.0
039,Limon,Лимоны,Lemons,Лимон,2025-M03,2025,25171.0
0040,Olma,Яблоки,Apples,Олма,2025-M03,2025,9699.0
041,Nok,Груши,Pears,Нок,2025-M03,2025,22100.0
049,Uzum,Виноград,Grape,Узум,2025-M03,2025,46751.0
0050,Tarvuz,Арбуз,Watermelon,Тарвуз,2025-M03,2025,0.0
0051,Qovun,Дыня,Melon,Қовун,2025-M03,2025,9603.0
053,Mayiz,Кишмиш,Kishmish,Майиз,2025-M03,2025,50005.0
055,Karam,Капуста,Cabbage,Карам,2025-M03,2025,5622.0
057,Bodring,Огурцы,Cucumbers,Бодринг,2025-M03,2025,30070.0
058,Pomidor,Помидоры,Tomatoes,Помидор,2025-M03,2025,33270.0
059,Baqlajon,Баклажаны,Eggplant,Бақлажон,2025-M03,2025,39916.0
0060,Bulg'or qalampiri,Перец болгарский,Bell pepper,Булғор қалампири,2025-M03,2025,40143.0
061,Qovoq,Тыква,Pumpkin,Қовоқ,2025-M03,2025,5324.0
063,Sabzi,Морковь,Carrot,Сабзи,2025-M03,2025,4528.0
065,Sarimsoq,Чеснок,Garlic,Саримсоқ,2025-M03,2025,35326.0
066,Piyoz,Лук репчатый,Onion,Пиёз,2025-M03,2025,2879.0
069,Kartoshka,Картофель,Potatoes,Картошка,2025-M03,2025,6002.0
0070,Loviya,Фасоль,Beans,Ловия,2025-M03,2025,19545.0
071,No'xot,Горох,Peas,Нўхот,2025-M03,2025,19874.0
0072,Mosh,Маш,Mash,Мош,2025-M03,2025,17055.0
073,Shakar,Сахар песок,Sugar,Шакар,2025-M03,2025,13559.0
002,Kruppa yormasi,Крупа манная,Semolina,Круппа ёрмаси,2025-M03,2025,0.0
001,Guruch,Рис,Rice,Гуруч,2025-M04,2025,17540.0
003,Arpa,Ячмень,Barley,Арпа,2025-M04,2025,5088.0
0004,Bug'doy,Пшеница,Wheat,Буғдой,2025-M04,2025,3504.0
005,Jo'hori,Кукуруза,Corn,Жўҳори,2025-M04,2025,4867.0
006,Kepak,Отруби,Bran,Кепак,2025-M04,2025,3240.0
0008,Shrot,Шрот,Schroth,Шрот,2025-M04,2025,5695.0
009,Shulxa,Шелуха,Husk,Шулха,2025-M04,2025,4867.0
010,Kombikorm,Комбикорм,Compound feed,Комбикорм,2025-M04,2025,3740.0
011,Oliy navli bug'doy uni,Мука пшеничная высшего сорта,High-grade wheat flour,Олий навли буғдой уни,2025-M04,2025,8276.0
0012,1-navli bug'doy uni,Мука пшеничная первого сорта,First grade wheat flour,1-навли буғдой уни,2025-M04,2025,5638.0
013,1-nav bug'doy unidan non,Хлеб пшеничный из муки 1-го сорта,Wheat bread from 1st grade flour,1-нав буғдой унидан нон,2025-M04,2025,6294.0
017,Mol go'shti,Говядина,Beef,Мол гўшти,2025-M04,2025,102573.0
0020,Qo'y go'shti,Баранина,Mutton,Қўй гўшти,2025-M04,2025,106598.0
022,Tovuq go'shti,Мясо птицы,Poultry,Товуқ гўшти,2025-M04,2025,29408.0
026,Turli baliqlar,Рыба всякая,Fish of all kinds,Турли балиқлар,2025-M04,2025,30509.0
027,Yangi sog'ilgan sut (1 litr),Молоко свежее (1 литр),Fresh milk (1 liter),Янги соғилган сут (1 литр),2025-M04,2025,7819.0
034,Tuxum (10 dona),Яйца (10 штук),Eggs (10 pieces ),Тухум (10 дона),2025-M04,2025,9847.0
035,Paxta yog'i (1 litr),Масло хлопковое (1 литр),Cottonseed oil (1 liter),Пахта ёғи (1 литр),2025-M04,2025,17284.0
0036,Kungaboqar yog'i (1 litr),Масло подсолнечное (1 литр),Sunflower oil (1 liter),Кунгабоқар ёғи (1 литр),2025-M04,2025,18909.0
037,Sariyog',Масло сливочное,Butter,Сариёғ,2025-M04,2025,62080.0
039,Limon,Лимоны,Lemons,Лимон,2025-M04,2025,28020.0
0040,Olma,Яблоки,Apples,Олма,2025-M04,2025,9973.0
041,Nok,Груши,Pears,Нок,2025-M04,2025,22750.0
049,Uzum,Виноград,Grape,Узум,2025-M04,2025,54220.0
0050,Tarvuz,Арбуз,Watermelon,Тарвуз,2025-M04,2025,0.0
0051,Qovun,Дыня,Melon,Қовун,2025-M04,2025,16233.0
053,Mayiz,Кишмиш,Kishmish,Майиз,2025-M04,2025,50526.0
055,Karam,Капуста,Cabbage,Карам,2025-M04,2025,6222.0
057,Bodring,Огурцы,Cucumbers,Бодринг,2025-M04,2025,16034.0
058,Pomidor,Помидоры,Tomatoes,Помидор,2025-M04,2025,30174.0
059,Baqlajon,Баклажаны,Eggplant,Бақлажон,2025-M04,2025,34706.0
0060,Bulg'or qalampiri,Перец болгарский,Bell pepper,Булғор қалампири,2025-M04,2025,41687.0
061,Qovoq,Тыква,Pumpkin,Қовоқ,2025-M04,2025,6471.0
063,Sabzi,Морковь,Carrot,Сабзи,2025-M04,2025,5320.0
065,Sarimsoq,Чеснок,Garlic,Саримсоқ,2025-M04,2025,35674.0
066,Piyoz,Лук репчатый,Onion,Пиёз,2025-M04,2025,3521.0
069,Kartoshka,Картофель,Potatoes,Картошка,2025-M04,2025,6075.0
0070,Loviya,Фасоль,Beans,Ловия,2025-M04,2025,19703.0
071,No'xot,Горох,Peas,Нўхот,2025-M04,2025,20109.0
0072,Mosh,Маш,Mash,Мош,2025-M04,2025,17312.0
073,Shakar,Сахар песок,Sugar,Шакар,2025-M04,2025,13694.0
002,Kruppa yormasi,Крупа манная,Semolina,Круппа ёрмаси,2025-M04,2025,0.0
001,Guruch,Рис,Rice,Гуруч,2025-M05,2025,17573.0
003,Arpa,Ячмень,Barley,Арпа,2025-M05,2025,5088.0
0004,Bug'doy,Пшеница,Wheat,Буғдой,2025-M05,2025,3623.0
005,Jo'hori,Кукуруза,Corn,Жўҳори,2025-M05,2025,5061.0
006,Kepak,Отруби,Bran,Кепак,2025-M05,2025,3250.0
0008,Shrot,Шрот,Schroth,Шрот,2025-M05,2025,5785.0
009,Shulxa,Шелуха,Husk,Шулха,2025-M05,2025,4956.0
010,Kombikorm,Комбикорм,Compound feed,Комбикорм,2025-M05,2025,3803.0
011,Oliy navli bug'doy uni,Мука пшеничная высшего сорта,High-grade wheat flour,Олий навли буғдой уни,2025-M05,2025,8259.0
0012,1-navli bug'doy uni,Мука пшеничная первого сорта,First grade wheat flour,1-навли буғдой уни,2025-M05,2025,5644.0
013,1-nav bug'doy unidan non,Хлеб пшеничный из муки 1-го сорта,Wheat bread from 1st grade flour,1-нав буғдой унидан нон,2025-M05,2025,6295.0
017,Mol go'shti,Говядина,Beef,Мол гўшти,2025-M05,2025,106131.0
0020,Qo'y go'shti,Баранина,Mutton,Қўй гўшти,2025-M05,2025,109815.0
022,Tovuq go'shti,Мясо птицы,Poultry,Товуқ гўшти,2025-M05,2025,29575.0
026,Turli baliqlar,Рыба всякая,Fish of all kinds,Турли балиқлар,2025-M05,2025,31508.0
027,Yangi sog'ilgan sut (1 litr),Молоко свежее (1 литр),Fresh milk (1 liter),Янги соғилган сут (1 литр),2025-M05,2025,7839.0
034,Tuxum (10 dona),Яйца (10 штук),Eggs (10 pieces ),Тухум (10 дона),2025-M05,2025,9641.0
035,Paxta yog'i (1 litr),Масло хлопковое (1 литр),Cottonseed oil (1 liter),Пахта ёғи (1 литр),2025-M05,2025,17798.0
0036,Kungaboqar yog'i (1 litr),Масло подсолнечное (1 литр),Sunflower oil (1 liter),Кунгабоқар ёғи (1 литр),2025-M05,2025,19457.0
037,Sariyog',Масло сливочное,Butter,Сариёғ,2025-M05,2025,62144.0
039,Limon,Лимоны,Lemons,Лимон,2025-M05,2025,32475.0
0040,Olma,Яблоки,Apples,Олма,2025-M05,2025,10723.0
041,Nok,Груши,Pears,Нок,2025-M05,2025,22980.0
049,Uzum,Виноград,Grape,Узум,2025-M05,2025,50811.0
0050,Tarvuz,Арбуз,Watermelon,Тарвуз,2025-M05,2025,9546.0
0051,Qovun,Дыня,Melon,Қовун,2025-M05,2025,9378.0
053,Mayiz,Кишмиш,Kishmish,Майиз,2025-M05,2025,50660.0
055,Karam,Капуста,Cabbage,Карам,2025-M05,2025,5476.0
057,Bodring,Огурцы,Cucumbers,Бодринг,2025-M05,2025,4672.0
058,Pomidor,Помидоры,Tomatoes,Помидор,2025-M05,2025,19105.0
059,Baqlajon,Баклажаны,Eggplant,Бақлажон,2025-M05,2025,26799.0
0060,Bulg'or qalampiri,Перец болгарский,Bell pepper,Булғор қалампири,2025-M05,2025,28059.0
061,Qovoq,Тыква,Pumpkin,Қовоқ,2025-M05,2025,7114.0
063,Sabzi,Морковь,Carrot,Сабзи,2025-M05,2025,5496.0
065,Sarimsoq,Чеснок,Garlic,Саримсоқ,2025-M05,2025,32207.0
066,Piyoz,Лук репчатый,Onion,Пиёз,2025-M05,2025,3777.0
069,Kartoshka,Картофель,Potatoes,Картошка,2025-M05,2025,5937.0
0070,Loviya,Фасоль,Beans,Ловия,2025-M05,2025,19694.0
071,No'xot,Горох,Peas,Нўхот,2025-M05,2025,20268.0
0072,Mosh,Маш,Mash,Мош,2025-M05,2025,17441.0
073,Shakar,Сахар песок,Sugar,Шакар,2025-M05,2025,13806.0
002,Kruppa yormasi,Крупа манная,Semolina,Круппа ёрмаси,2025-M05,2025,0.0
001,Guruch,Рис,Rice,Гуруч,2025-M06,2025,17630.0
003,Arpa,Ячмень,Barley,Арпа,2025-M06,2025,5088.0
0004,Bug'doy,Пшеница,Wheat,Буғдой,2025-M06,2025,3592.0
005,Jo'hori,Кукуруза,Corn,Жўҳори,2025-M06,2025,5021.0
006,Kepak,Отруби,Bran,Кепак,2025-M06,2025,3246.0
0008,Shrot,Шрот,Schroth,Шрот,2025-M06,2025,5803.0
009,Shulxa,Шелуха,Husk,Шулха,2025-M06,2025,5028.0
010,Kombikorm,Комбикорм,Compound feed,Комбикорм,2025-M06,2025,3823.0
011,Oliy navli bug'doy uni,Мука пшеничная высшего сорта,High-grade wheat flour,Олий навли буғдой уни,2025-M06,2025,8244.0
0012,1-navli bug'doy uni,Мука пшеничная первого сорта,First grade wheat flour,1-навли буғдой уни,2025-M06,2025,5658.0
013,1-nav bug'doy unidan non,Хлеб пшеничный из муки 1-го сорта,Wheat bread from 1st grade flour,1-нав буғдой унидан нон,2025-M06,2025,6307.0
017,Mol go'shti,Говядина,Beef,Мол гўшти,2025-M06,2025,106779.0
0020,Qo'y go'shti,Баранина,Mutton,Қўй гўшти,2025-M06,2025,110795.0
022,Tovuq go'shti,Мясо птицы,Poultry,Товуқ гўшти,2025-M06,2025,29816.0
026,Turli baliqlar,Рыба всякая,Fish of all kinds,Турли балиқлар,2025-M06,2025,32218.0
027,Yangi sog'ilgan sut (1 litr),Молоко свежее (1 литр),Fresh milk (1 liter),Янги соғилган сут (1 литр),2025-M06,2025,7837.0
034,Tuxum (10 dona),Яйца (10 штук),Eggs (10 pieces ),Тухум (10 дона),2025-M06,2025,9705.0
035,Paxta yog'i (1 litr),Масло хлопковое (1 литр),Cottonseed oil (1 liter),Пахта ёғи (1 литр),2025-M06,2025,17936.0
0036,Kungaboqar yog'i (1 litr),Масло подсолнечное (1 литр),Sunflower oil (1 liter),Кунгабоқар ёғи (1 литр),2025-M06,2025,19570.0
037,Sariyog',Масло сливочное,Butter,Сариёғ,2025-M06,2025,62137.0
039,Limon,Лимоны,Lemons,Лимон,2025-M06,2025,41290.0
0040,Olma,Яблоки,Apples,Олма,2025-M06,2025,11060.0
041,Nok,Груши,Pears,Нок,2025-M06,2025,23424.0
049,Uzum,Виноград,Grape,Узум,2025-M06,2025,25089.0
0050,Tarvuz,Арбуз,Watermelon,Тарвуз,2025-M06,2025,2831.0
0051,Qovun,Дыня,Melon,Қовун,2025-M06,2025,5673.0
053,Mayiz,Кишмиш,Kishmish,Майиз,2025-M06,2025,50808.0
055,Karam,Капуста,Cabbage,Карам,2025-M06,2025,3648.0
057,Bodring,Огурцы,Cucumbers,Бодринг,2025-M06,2025,2974.0
058,Pomidor,Помидоры,Tomatoes,Помидор,2025-M06,2025,9864.0
059,Baqlajon,Баклажаны,Eggplant,Бақлажон,2025-M06,2025,11215.0
0060,Bulg'or qalampiri,Перец болгарский,Bell pepper,Булғор қалампири,2025-M06,2025,13625.0
061,Qovoq,Тыква,Pumpkin,Қовоқ,2025-M06,2025,7209.0
063,Sabzi,Морковь,Carrot,Сабзи,2025-M06,2025,6231.0
065,Sarimsoq,Чеснок,Garlic,Саримсоқ,2025-M06,2025,26216.0
066,Piyoz,Лук репчатый,Onion,Пиёз,2025-M06,2025,3620.0
069,Kartoshka,Картофель,Potatoes,Картошка,2025-M06,2025,5417.0
0070,Loviya,Фасоль,Beans,Ловия,2025-M06,2025,19875.0
071,No'xot,Горох,Peas,Нўхот,2025-M06,2025,20429.0
0072,Mosh,Маш,Mash,Мош,2025-M06,2025,17587.0
073,Shakar,Сахар песок,Sugar,Шакар,2025-M06,2025,14024.0
002,Kruppa yormasi,Крупа манная,Semolina,Круппа ёрмаси,2025-M06,2025,0.0
001,Guruch,Рис,Rice,Гуруч,2025-M07,2025,17571.0
003,Arpa,Ячмень,Barley,Арпа,2025-M07,2025,5056.0
0004,Bug'doy,Пшеница,Wheat,Буғдой,2025-M07,2025,3282.0
005,Jo'hori,Кукуруза,Corn,Жўҳори,2025-M07,2025,5088.0
006,Kepak,Отруби,Bran,Кепак,2025-M07,2025,3259.0
0008,Shrot,Шрот,Schroth,Шрот,2025-M07,2025,5803.0
009,Shulxa,Шелуха,Husk,Шулха,2025-M07,2025,5031.0
010,Kombikorm,Комбикорм,Compound feed,Комбикорм,2025-M07,2025,3823.0
011,Oliy navli bug'doy uni,Мука пшеничная высшего сорта,High-grade wheat flour,Олий навли буғдой уни,2025-M07,2025,8236.0
0012,1-navli bug'doy uni,Мука пшеничная первого сорта,First grade wheat flour,1-навли буғдой уни,2025-M07,2025,5644.0
013,1-nav bug'doy unidan non,Хлеб пшеничный из муки 1-го сорта,Wheat bread from 1st grade flour,1-нав буғдой унидан нон,2025-M07,2025,6311.0
017,Mol go'shti,Говядина,Beef,Мол гўшти,2025-M07,2025,107277.0
0020,Qo'y go'shti,Баранина,Mutton,Қўй гўшти,2025-M07,2025,111438.0
022,Tovuq go'shti,Мясо птицы,Poultry,Товуқ гўшти,2025-M07,2025,29840.0
026,Turli baliqlar,Рыба всякая,Fish of all kinds,Турли балиқлар,2025-M07,2025,32741.0
027,Yangi sog'ilgan sut (1 litr),Молоко свежее (1 литр),Fresh milk (1 liter),Янги соғилган сут (1 литр),2025-M07,2025,7865.0
034,Tuxum (10 dona),Яйца (10 штук),Eggs (10 pieces ),Тухум (10 дона),2025-M07,2025,9532.0
035,Paxta yog'i (1 litr),Масло хлопковое (1 литр),Cottonseed oil (1 liter),Пахта ёғи (1 литр),2025-M07,2025,18012.0
0036,Kungaboqar yog'i (1 litr),Масло подсолнечное (1 литр),Sunflower oil (1 liter),Кунгабоқар ёғи (1 литр),2025-M07,2025,19694.0
037,Sariyog',Масло сливочное,Butter,Сариёғ,2025-M07,2025,62552.0
039,Limon,Лимоны,Lemons,Лимон,2025-M07,2025,57830.0
0040,Olma,Яблоки,Apples,Олма,2025-M07,2025,10276.0
041,Nok,Груши,Pears,Нок,2025-M07,2025,22262.0
049,Uzum,Виноград,Grape,Узум,2025-M07,2025,15614.0
0050,Tarvuz,Арбуз,Watermelon,Тарвуз,2025-M07,2025,1864.0
0051,Qovun,Дыня,Melon,Қовун,2025-M07,2025,4649.0
053,Mayiz,Кишмиш,Kishmish,Майиз,2025-M07,2025,50953.0
055,Karam,Капуста,Cabbage,Карам,2025-M07,2025,3862.0
057,Bodring,Огурцы,Cucumbers,Бодринг,2025-M07,2025,8700.0
058,Pomidor,Помидоры,Tomatoes,Помидор,2025-M07,2025,5125.0
059,Baqlajon,Баклажаны,Eggplant,Бақлажон,2025-M07,2025,5380.0
0060,Bulg'or qalampiri,Перец болгарский,Bell pepper,Булғор қалампири,2025-M07,2025,8404.0
061,Qovoq,Тыква,Pumpkin,Қовоқ,2025-M07,2025,6815.0
063,Sabzi,Морковь,Carrot,Сабзи,2025-M07,2025,5900.0
065,Sarimsoq,Чеснок,Garlic,Саримсоқ,2025-M07,2025,25651.0
066,Piyoz,Лук репчатый,Onion,Пиёз,2025-M07,2025,3598.0
069,Kartoshka,Картофель,Potatoes,Картошка,2025-M07,2025,5240.0
0070,Loviya,Фасоль,Beans,Ловия,2025-M07,2025,19692.0
071,No'xot,Горох,Peas,Нўхот,2025-M07,2025,20511.0
0072,Mosh,Маш,Mash,Мош,2025-M07,2025,17548.0
073,Shakar,Сахар песок,Sugar,Шакар,2025-M07,2025,14186.0
002,Kruppa yormasi,Крупа манная,Semolina,Круппа ёрмаси,2025-M07,2025,0.0
001,Guruch,Рис,Rice,Гуруч,2025-M08,2025,17591.0
003,Arpa,Ячмень,Barley,Арпа,2025-M08,2025,5078.0
0004,Bug'doy,Пшеница,Wheat,Буғдой,2025-M08,2025,3364.0
005,Jo'hori,Кукуруза,Corn,Жўҳори,2025-M08,2025,5236.0
006,Kepak,Отруби,Bran,Кепак,2025-M08,2025,3261.0
0008,Shrot,Шрот,Schroth,Шрот,2025-M08,2025,5803.0
009,Shulxa,Шелуха,Husk,Шулха,2025-M08,2025,5041.0
010,Kombikorm,Комбикорм,Compound feed,Комбикорм,2025-M08,2025,3823.0
011,Oliy navli bug'doy uni,Мука пшеничная высшего сорта,High-grade wheat flour,Олий навли буғдой уни,2025-M08,2025,8251.0
0012,1-navli bug'doy uni,Мука пшеничная первого сорта,First grade wheat flour,1-навли буғдой уни,2025-M08,2025,5655.0
013,1-nav bug'doy unidan non,Хлеб пшеничный из муки 1-го сорта,Wheat bread from 1st grade flour,1-нав буғдой унидан нон,2025-M08,2025,6335.0
017,Mol go'shti,Говядина,Beef,Мол гўшти,2025-M08,2025,104564.0
0020,Qo'y go'shti,Баранина,Mutton,Қўй гўшти,2025-M08,2025,112205.0
022,Tovuq go'shti,Мясо птицы,Poultry,Товуқ гўшти,2025-M08,2025,30186.0
026,Turli baliqlar,Рыба всякая,Fish of all kinds,Турли балиқлар,2025-M08,2025,33397.0
027,Yangi sog'ilgan sut (1 litr),Молоко свежее (1 литр),Fresh milk (1 liter),Янги соғилган сут (1 литр),2025-M08,2025,7752.0
034,Tuxum (10 dona),Яйца (10 штук),Eggs (10 pieces ),Тухум (10 дона),2025-M08,2025,9972.0
035,Paxta yog'i (1 litr),Масло хлопковое (1 литр),Cottonseed oil (1 liter),Пахта ёғи (1 литр),2025-M08,2025,18260.0
0036,Kungaboqar yog'i (1 litr),Масло подсолнечное (1 литр),Sunflower oil (1 liter),Кунгабоқар ёғи (1 литр),2025-M08,2025,19875.0
037,Sariyog',Масло сливочное,Butter,Сариёғ,2025-M08,2025,63238.0
039,Limon,Лимоны,Lemons,Лимон,2025-M08,2025,58202.0
0040,Olma,Яблоки,Apples,Олма,2025-M08,2025,10295.0
041,Nok,Груши,Pears,Нок,2025-M08,2025,21125.0
049,Uzum,Виноград,Grape,Узум,2025-M08,2025,14409.0
0050,Tarvuz,Арбуз,Watermelon,Тарвуз,2025-M08,2025,3342.0
0051,Qovun,Дыня,Melon,Қовун,2025-M08,2025,5136.0
053,Mayiz,Кишмиш,Kishmish,Майиз,2025-M08,2025,51272.0
055,Karam,Капуста,Cabbage,Карам,2025-M08,2025,5922.0
057,Bodring,Огурцы,Cucumbers,Бодринг,2025-M08,2025,9101.0
058,Pomidor,Помидоры,Tomatoes,Помидор,2025-M08,2025,4519.0
059,Baqlajon,Баклажаны,Eggplant,Бақлажон,2025-M08,2025,5096.0
0060,Bulg'or qalampiri,Перец болгарский,Bell pepper,Булғор қалампири,2025-M08,2025,7428.0
061,Qovoq,Тыква,Pumpkin,Қовоқ,2025-M08,2025,5872.0
063,Sabzi,Морковь,Carrot,Сабзи,2025-M08,2025,5834.0
065,Sarimsoq,Чеснок,Garlic,Саримсоқ,2025-M08,2025,25582.0
066,Piyoz,Лук репчатый,Onion,Пиёз,2025-M08,2025,3397.0
069,Kartoshka,Картофель,Potatoes,Картошка,2025-M08,2025,5452.0
0070,Loviya,Фасоль,Beans,Ловия,2025-M08,2025,19996.0
071,No'xot,Горох,Peas,Нўхот,2025-M08,2025,20697.0
0072,Mosh,Маш,Mash,Мош,2025-M08,2025,17905.0
073,Shakar,Сахар песок,Sugar,Шакар,2025-M08,2025,14163.0
002,Kruppa yormasi,Крупа манная,Semolina,Круппа ёрмаси,2025-M08,2025,0.0
001,Guruch,Рис,Rice,Гуруч,2025-M09,2025,17550.0
003,Arpa,Ячмень,Barley,Арпа,2025-M09,2025,5078.0
0004,Bug'doy,Пшеница,Wheat,Буғдой,2025-M09,2025,3521.0
005,Jo'hori,Кукуруза,Corn,Жўҳори,2025-M09,2025,5228.0
006,Kepak,Отруби,Bran,Кепак,2025-M09,2025,3229.0
0008,Shrot,Шрот,Schroth,Шрот,2025-M09,2025,5803.0
009,Shulxa,Шелуха,Husk,Шулха,2025-M09,2025,5085.0
010,Kombikorm,Комбикорм,Compound feed,Комбикорм,2025-M09,2025,3823.0
011,Oliy navli bug'doy uni,Мука пшеничная высшего сорта,High-grade wheat flour,Олий навли буғдой уни,2025-M09,2025,8274.0
0012,1-navli bug'doy uni,Мука пшеничная первого сорта,First grade wheat flour,1-навли буғдой уни,2025-M09,2025,5667.0
013,1-nav bug'doy unidan non,Хлеб пшеничный из муки 1-го сорта,Wheat bread from 1st grade flour,1-нав буғдой унидан нон,2025-M09,2025,6336.0
017,Mol go'shti,Говядина,Beef,Мол гўшти,2025-M09,2025,105251.0
0020,Qo'y go'shti,Баранина,Mutton,Қўй гўшти,2025-M09,2025,113309.0
022,Tovuq go'shti,Мясо птицы,Poultry,Товуқ гўшти,2025-M09,2025,30483.0
026,Turli baliqlar,Рыба всякая,Fish of all kinds,Турли балиқлар,2025-M09,2025,33294.0
027,Yangi sog'ilgan sut (1 litr),Молоко свежее (1 литр),Fresh milk (1 liter),Янги соғилган сут (1 литр),2025-M09,2025,7755.0
034,Tuxum (10 dona),Яйца (10 штук),Eggs (10 pieces ),Тухум (10 дона),2025-M09,2025,10857.0
035,Paxta yog'i (1 litr),Масло хлопковое (1 литр),Cottonseed oil (1 liter),Пахта ёғи (1 литр),2025-M09,2025,18553.0
0036,Kungaboqar yog'i (1 litr),Масло подсолнечное (1 литр),Sunflower oil (1 liter),Кунгабоқар ёғи (1 литр),2025-M09,2025,20081.0
037,Sariyog',Масло сливочное,Butter,Сариёғ,2025-M09,2025,63494.0
039,Limon,Лимоны,Lemons,Лимон,2025-M09,2025,49443.0
0040,Olma,Яблоки,Apples,Олма,2025-M09,2025,9814.0
041,Nok,Груши,Pears,Нок,2025-M09,2025,20304.0
049,Uzum,Виноград,Grape,Узум,2025-M09,2025,14018.0
0050,Tarvuz,Арбуз,Watermelon,Тарвуз,2025-M09,2025,3084.0
0051,Qovun,Дыня,Melon,Қовун,2025-M09,2025,5203.0
053,Mayiz,Кишмиш,Kishmish,Майиз,2025-M09,2025,51372.0
055,Karam,Капуста,Cabbage,Карам,2025-M09,2025,5418.0
057,Bodring,Огурцы,Cucumbers,Бодринг,2025-M09,2025,6412.0
058,Pomidor,Помидоры,Tomatoes,Помидор,2025-M09,2025,5574.0
059,Baqlajon,Баклажаны,Eggplant,Бақлажон,2025-M09,2025,5204.0
0060,Bulg'or qalampiri,Перец болгарский,Bell pepper,Булғор қалампири,2025-M09,2025,7567.0
061,Qovoq,Тыква,Pumpkin,Қовоқ,2025-M09,2025,4962.0
063,Sabzi,Морковь,Carrot,Сабзи,2025-M09,2025,6689.0
065,Sarimsoq,Чеснок,Garlic,Саримсоқ,2025-M09,2025,25494.0
066,Piyoz,Лук репчатый,Onion,Пиёз,2025-M09,2025,2950.0
069,Kartoshka,Картофель,Potatoes,Картошка,2025-M09,2025,5648.0
0070,Loviya,Фасоль,Beans,Ловия,2025-M09,2025,19966.0
071,No'xot,Горох,Peas,Нўхот,2025-M09,2025,20807.0
0072,Mosh,Маш,Mash,Мош,2025-M09,2025,18180.0
073,Shakar,Сахар песок,Sugar,Шакар,2025-M09,2025,14155.0
002,Kruppa yormasi,Крупа манная,Semolina,Круппа ёрмаси,2025-M09,2025,0.0
001,Guruch,Рис,Rice,Гуруч,2025-M10,2025,17437.0
003,Arpa,Ячмень,Barley,Арпа,2025-M10,2025,5078.0
0004,Bug'doy,Пшеница,Wheat,Буғдой,2025-M10,2025,3603.0
005,Jo'hori,Кукуруза,Corn,Жўҳори,2025-M10,2025,5155.0
006,Kepak,Отруби,Bran,Кепак,2025-M10,2025,3159.0
0008,Shrot,Шрот,Schroth,Шрот,2025-M10,2025,5810.0
009,Shulxa,Шелуха,Husk,Шулха,2025-M10,2025,5094.0
010,Kombikorm,Комбикорм,Compound feed,Комбикорм,2025-M10,2025,3825.0
011,Oliy navli bug'doy uni,Мука пшеничная высшего сорта,High-grade wheat flour,Олий навли буғдой уни,2025-M10,2025,8309.0
0012,1-navli bug'doy uni,Мука пшеничная первого сорта,First grade wheat flour,1-навли буғдой уни,2025-M10,2025,5689.0
013,1-nav bug'doy unidan non,Хлеб пшеничный из муки 1-го сорта,Wheat bread from 1st grade flour,1-нав буғдой унидан нон,2025-M10,2025,6340.0
017,Mol go'shti,Говядина,Beef,Мол гўшти,2025-M10,2025,106069.0
0020,Qo'y go'shti,Баранина,Mutton,Қўй гўшти,2025-M10,2025,114849.0
022,Tovuq go'shti,Мясо птицы,Poultry,Товуқ гўшти,2025-M10,2025,30895.0
026,Turli baliqlar,Рыба всякая,Fish of all kinds,Турли балиқлар,2025-M10,2025,32292.0
027,Yangi sog'ilgan sut (1 litr),Молоко свежее (1 литр),Fresh milk (1 liter),Янги соғилган сут (1 литр),2025-M10,2025,7807.0
034,Tuxum (10 dona),Яйца (10 штук),Eggs (10 pieces ),Тухум (10 дона),2025-M10,2025,11321.0
035,Paxta yog'i (1 litr),Масло хлопковое (1 литр),Cottonseed oil (1 liter),Пахта ёғи (1 литр),2025-M10,2025,18793.0
0036,Kungaboqar yog'i (1 litr),Масло подсолнечное (1 литр),Sunflower oil (1 liter),Кунгабоқар ёғи (1 литр),2025-M10,2025,20256.0
037,Sariyog',Масло сливочное,Butter,Сариёғ,2025-M10,2025,64188.0
039,Limon,Лимоны,Lemons,Лимон,2025-M10,2025,41653.0
0040,Olma,Яблоки,Apples,Олма,2025-M10,2025,10006.0
041,Nok,Груши,Pears,Нок,2025-M10,2025,19916.0
049,Uzum,Виноград,Grape,Узум,2025-M10,2025,14966.0
0050,Tarvuz,Арбуз,Watermelon,Тарвуз,2025-M10,2025,4003.0
0051,Qovun,Дыня,Melon,Қовун,2025-M10,2025,5730.0
053,Mayiz,Кишмиш,Kishmish,Майиз,2025-M10,2025,51523.0
055,Karam,Капуста,Cabbage,Карам,2025-M10,2025,5132.0
057,Bodring,Огурцы,Cucumbers,Бодринг,2025-M10,2025,10144.0
058,Pomidor,Помидоры,Tomatoes,Помидор,2025-M10,2025,9360.0
059,Baqlajon,Баклажаны,Eggplant,Бақлажон,2025-M10,2025,5827.0
0060,Bulg'or qalampiri,Перец болгарский,Bell pepper,Булғор қалампири,2025-M10,2025,9815.0
061,Qovoq,Тыква,Pumpkin,Қовоқ,2025-M10,2025,4578.0
063,Sabzi,Морковь,Carrot,Сабзи,2025-M10,2025,5138.0
065,Sarimsoq,Чеснок,Garlic,Саримсоқ,2025-M10,2025,25348.0
066,Piyoz,Лук репчатый,Onion,Пиёз,2025-M10,2025,2691.0
069,Kartoshka,Картофель,Potatoes,Картошка,2025-M10,2025,5407.0
0070,Loviya,Фасоль,Beans,Ловия,2025-M10,2025,19704.0
071,No'xot,Горох,Peas,Нўхот,2025-M10,2025,20665.0
0072,Mosh,Маш,Mash,Мош,2025-M10,2025,18060.0
073,Shakar,Сахар песок,Sugar,Шакар,2025-M10,2025,13864.0
002,Kruppa yormasi,Крупа манная,Semolina,Круппа ёрмаси,2025-M10,2025,0.0
001,Guruch,Рис,Rice,Гуруч,2025-M11,2025,16989.0
003,Arpa,Ячмень,Barley,Арпа,2025-M11,2025,5078.0
0004,Bug'doy,Пшеница,Wheat,Буғдой,2025-M11,2025,3746.0
005,Jo'hori,Кукуруза,Corn,Жўҳори,2025-M11,2025,5191.0
006,Kepak,Отруби,Bran,Кепак,2025-M11,2025,3129.0
0008,Shrot,Шрот,Schroth,Шрот,2025-M11,2025,5787.0
009,Shulxa,Шелуха,Husk,Шулха,2025-M11,2025,5038.0
010,Kombikorm,Комбикорм,Compound feed,Комбикорм,2025-M11,2025,3831.0
011,Oliy navli bug'doy uni,Мука пшеничная высшего сорта,High-grade wheat flour,Олий навли буғдой уни,2025-M11,2025,8304.0
0012,1-navli bug'doy uni,Мука пшеничная первого сорта,First grade wheat flour,1-навли буғдой уни,2025-M11,2025,5678.0
013,1-nav bug'doy unidan non,Хлеб пшеничный из муки 1-го сорта,Wheat bread from 1st grade flour,1-нав буғдой унидан нон,2025-M11,2025,6356.0
017,Mol go'shti,Говядина,Beef,Мол гўшти,2025-M11,2025,106613.0
0020,Qo'y go'shti,Баранина,Mutton,Қўй гўшти,2025-M11,2025,115827.0
022,Tovuq go'shti,Мясо птицы,Poultry,Товуқ гўшти,2025-M11,2025,31010.0
026,Turli baliqlar,Рыба всякая,Fish of all kinds,Турли балиқлар,2025-M11,2025,32350.0
027,Yangi sog'ilgan sut (1 litr),Молоко свежее (1 литр),Fresh milk (1 liter),Янги соғилган сут (1 литр),2025-M11,2025,7837.0
034,Tuxum (10 dona),Яйца (10 штук),Eggs (10 pieces ),Тухум (10 дона),2025-M11,2025,11495.0
035,Paxta yog'i (1 litr),Масло хлопковое (1 литр),Cottonseed oil (1 liter),Пахта ёғи (1 литр),2025-M11,2025,19025.0
0036,Kungaboqar yog'i (1 litr),Масло подсолнечное (1 литр),Sunflower oil (1 liter),Кунгабоқар ёғи (1 литр),2025-M11,2025,20447.0
037,Sariyog',Масло сливочное,Butter,Сариёғ,2025-M11,2025,64808.0
039,Limon,Лимоны,Lemons,Лимон,2025-M11,2025,38129.0
0040,Olma,Яблоки,Apples,Олма,2025-M11,2025,10542.0
041,Nok,Груши,Pears,Нок,2025-M11,2025,20185.0
049,Uzum,Виноград,Grape,Узум,2025-M11,2025,16381.0
0050,Tarvuz,Арбуз,Watermelon,Тарвуз,2025-M11,2025,4781.0
0051,Qovun,Дыня,Melon,Қовун,2025-M11,2025,6015.0
053,Mayiz,Кишмиш,Kishmish,Майиз,2025-M11,2025,51844.0
055,Karam,Капуста,Cabbage,Карам,2025-M11,2025,4711.0
057,Bodring,Огурцы,Cucumbers,Бодринг,2025-M11,2025,20143.0
058,Pomidor,Помидоры,Tomatoes,Помидор,2025-M11,2025,13858.0
059,Baqlajon,Баклажаны,Eggplant,Бақлажон,2025-M11,2025,8814.0
0060,Bulg'or qalampiri,Перец болгарский,Bell pepper,Булғор қалампири,2025-M11,2025,13823.0
061,Qovoq,Тыква,Pumpkin,Қовоқ,2025-M11,2025,4542.0
063,Sabzi,Морковь,Carrot,Сабзи,2025-M11,2025,3201.0
065,Sarimsoq,Чеснок,Garlic,Саримсоқ,2025-M11,2025,25435.0
066,Piyoz,Лук репчатый,Onion,Пиёз,2025-M11,2025,2469.0
069,Kartoshka,Картофель,Potatoes,Картошка,2025-M11,2025,5222.0
0070,Loviya,Фасоль,Beans,Ловия,2025-M11,2025,19543.0
071,No'xot,Горох,Peas,Нўхот,2025-M11,2025,20452.0
0072,Mosh,Маш,Mash,Мош,2025-M11,2025,17973.0
073,Shakar,Сахар песок,Sugar,Шакар,2025-M11,2025,13224.0
002,Kruppa yormasi,Крупа манная,Semolina,Круппа ёрмаси,2025-M11,2025,0.0
001,Guruch,Рис,Rice,Гуруч,2025-M12,2025,16842.0
003,Arpa,Ячмень,Barley,Арпа,2025-M12,2025,4654.0
0004,Bug'doy,Пшеница,Wheat,Буғдой,2025-M12,2025,3775.0
005,Jo'hori,Кукуруза,Corn,Жўҳори,2025-M12,2025,4992.0
006,Kepak,Отруби,Bran,Кепак,2025-M12,2025,3197.0
0008,Shrot,Шрот,Schroth,Шрот,2025-M12,2025,5459.0
009,Shulxa,Шелуха,Husk,Шулха,2025-M12,2025,4720.0
010,Kombikorm,Комбикорм,Compound feed,Комбикорм,2025-M12,2025,3738.0
011,Oliy navli bug'doy uni,Мука пшеничная высшего сорта,High-grade wheat flour,Олий навли буғдой уни,2025-M12,2025,8307.0
0012,1-navli bug'doy uni,Мука пшеничная первого сорта,First grade wheat flour,1-навли буғдой уни,2025-M12,2025,5678.0
013,1-nav bug'doy unidan non,Хлеб пшеничный из муки 1-го сорта,Wheat bread from 1st grade flour,1-нав буғдой унидан нон,2025-M12,2025,6346.0
017,Mol go'shti,Говядина,Beef,Мол гўшти,2025-M12,2025,106221.0
0020,Qo'y go'shti,Баранина,Mutton,Қўй гўшти,2025-M12,2025,115361.0
022,Tovuq go'shti,Мясо птицы,Poultry,Товуқ гўшти,2025-M12,2025,31093.0
026,Turli baliqlar,Рыба всякая,Fish of all kinds,Турли балиқлар,2025-M12,2025,32378.0
027,Yangi sog'ilgan sut (1 litr),Молоко свежее (1 литр),Fresh milk (1 liter),Янги соғилган сут (1 литр),2025-M12,2025,7851.0
034,Tuxum (10 dona),Яйца (10 штук),Eggs (10 pieces ),Тухум (10 дона),2025-M12,2025,11597.0
035,Paxta yog'i (1 litr),Масло хлопковое (1 литр),Cottonseed oil (1 liter),Пахта ёғи (1 литр),2025-M12,2025,19052.0
0036,Kungaboqar yog'i (1 litr),Масло подсолнечное (1 литр),Sunflower oil (1 liter),Кунгабоқар ёғи (1 литр),2025-M12,2025,20444.0
037,Sariyog',Масло сливочное,Butter,Сариёғ,2025-M12,2025,65211.0
039,Limon,Лимоны,Lemons,Лимон,2025-M12,2025,38400.0
0040,Olma,Яблоки,Apples,Олма,2025-M12,2025,11033.0
041,Nok,Груши,Pears,Нок,2025-M12,2025,21034.0
049,Uzum,Виноград,Grape,Узум,2025-M12,2025,18984.0
0050,Tarvuz,Арбуз,Watermelon,Тарвуз,2025-M12,2025,5517.0
0051,Qovun,Дыня,Melon,Қовун,2025-M12,2025,7051.0
053,Mayiz,Кишмиш,Kishmish,Майиз,2025-M12,2025,52009.0
055,Karam,Капуста,Cabbage,Карам,2025-M12,2025,5017.0
057,Bodring,Огурцы,Cucumbers,Бодринг,2025-M12,2025,31732.0
058,Pomidor,Помидоры,Tomatoes,Помидор,2025-M12,2025,21528.0
059,Baqlajon,Баклажаны,Eggplant,Бақлажон,2025-M12,2025,29908.0
0060,Bulg'or qalampiri,Перец болгарский,Bell pepper,Булғор қалампири,2025-M12,2025,20568.0
061,Qovoq,Тыква,Pumpkin,Қовоқ,2025-M12,2025,4734.0
063,Sabzi,Морковь,Carrot,Сабзи,2025-M12,2025,2892.0
065,Sarimsoq,Чеснок,Garlic,Саримсоқ,2025-M12,2025,26673.0
066,Piyoz,Лук репчатый,Onion,Пиёз,2025-M12,2025,2447.0
069,Kartoshka,Картофель,Potatoes,Картошка,2025-M12,2025,5211.0
0070,Loviya,Фасоль,Beans,Ловия,2025-M12,2025,19502.0
071,No'xot,Горох,Peas,Нўхот,2025-M12,2025,20378.0
0072,Mosh,Маш,Mash,Мош,2025-M12,2025,18092.0
073,Shakar,Сахар песок,Sugar,Шакар,2025-M12,2025,12678.0
002,Kruppa yormasi,Крупа манная,Semolina,Круппа ёрмаси,2025-M12,2025,0.0
001,Guruch,Рис,Rice,Гуруч,2026-M01,2026,16563.0
003,Arpa,Ячмень,Barley,Арпа,2026-M01,2026,4438.0
0004,Bug'doy,Пшеница,Wheat,Буғдой,2026-M01,2026,3825.0
005,Jo'hori,Кукуруза,Corn,Жўҳори,2026-M01,2026,4871.0
006,Kepak,Отруби,Bran,Кепак,2026-M01,2026,3321.0
0008,Shrot,Шрот,Schroth,Шрот,2026-M01,2026,5232.0
009,Shulxa,Шелуха,Husk,Шулха,2026-M01,2026,4326.0
010,Kombikorm,Комбикорм,Compound feed,Комбикорм,2026-M01,2026,3704.0
011,Oliy navli bug'doy uni,Мука пшеничная высшего сорта,High-grade wheat flour,Олий навли буғдой уни,2026-M01,2026,8404.0
0012,1-navli bug'doy uni,Мука пшеничная первого сорта,First grade wheat flour,1-навли буғдой уни,2026-M01,2026,5666.0
013,1-nav bug'doy unidan non,Хлеб пшеничный из муки 1-го сорта,Wheat bread from 1st grade flour,1-нав буғдой унидан нон,2026-M01,2026,6317.0
017,Mol go'shti,Говядина,Beef,Мол гўшти,2026-M01,2026,106600.0
0020,Qo'y go'shti,Баранина,Mutton,Қўй гўшти,2026-M01,2026,117400.0
022,Tovuq go'shti,Мясо птицы,Poultry,Товуқ гўшти,2026-M01,2026,31544.0
026,Turli baliqlar,Рыба всякая,Fish of all kinds,Турли балиқлар,2026-M01,2026,32304.0
027,Yangi sog'ilgan sut (1 litr),Молоко свежее (1 литр),Fresh milk (1 liter),Янги соғилган сут (1 литр),2026-M01,2026,7945.0
034,Tuxum (10 dona),Яйца (10 штук),Eggs (10 pieces ),Тухум (10 дона),2026-M01,2026,11746.0
035,Paxta yog'i (1 litr),Масло хлопковое (1 литр),Cottonseed oil (1 liter),Пахта ёғи (1 литр),2026-M01,2026,19010.0
0036,Kungaboqar yog'i (1 litr),Масло подсолнечное (1 литр),Sunflower oil (1 liter),Кунгабоқар ёғи (1 литр),2026-M01,2026,20500.0
037,Sariyog',Масло сливочное,Butter,Сариёғ,2026-M01,2026,66639.0
039,Limon,Лимоны,Lemons,Лимон,2026-M01,2026,39168.0
0040,Olma,Яблоки,Apples,Олма,2026-M01,2026,11902.0
041,Nok,Груши,Pears,Нок,2026-M01,2026,22272.0
049,Uzum,Виноград,Grape,Узум,2026-M01,2026,23842.0
0050,Tarvuz,Арбуз,Watermelon,Тарвуз,2026-M01,2026,10000.0
0051,Qovun,Дыня,Melon,Қовун,2026-M01,2026,8234.0
053,Mayiz,Кишмиш,Kishmish,Майиз,2026-M01,2026,52258.0
055,Karam,Капуста,Cabbage,Карам,2026-M01,2026,5529.0
057,Bodring,Огурцы,Cucumbers,Бодринг,2026-M01,2026,40220.0
058,Pomidor,Помидоры,Tomatoes,Помидор,2026-M01,2026,25505.0
059,Baqlajon,Баклажаны,Eggplant,Бақлажон,2026-M01,2026,37402.0
0060,Bulg'or qalampiri,Перец болгарский,Bell pepper,Булғор қалампири,2026-M01,2026,31566.0
061,Qovoq,Тыква,Pumpkin,Қовоқ,2026-M01,2026,4987.0
063,Sabzi,Морковь,Carrot,Сабзи,2026-M01,2026,2987.0
065,Sarimsoq,Чеснок,Garlic,Саримсоқ,2026-M01,2026,27021.0
066,Piyoz,Лук репчатый,Onion,Пиёз,2026-M01,2026,2583.0
069,Kartoshka,Картофель,Potatoes,Картошка,2026-M01,2026,5402.0
0070,Loviya,Фасоль,Beans,Ловия,2026-M01,2026,19779.0
071,No'xot,Горох,Peas,Нўхот,2026-M01,2026,20394.0
0072,Mosh,Маш,Mash,Мош,2026-M01,2026,18265.0
073,Shakar,Сахар песок,Sugar,Шакар,2026-M01,2026,12582.0
002,Kruppa yormasi,Крупа манная,Semolina,Круппа ёрмаси,2026-M01,2026,0.0
001,Guruch,Рис,Rice,Гуруч,2026-M02,2026,16473.0
003,Arpa,Ячмень,Barley,Арпа,2026-M02,2026,4569.0
0004,Bug'doy,Пшеница,Wheat,Буғдой,2026-M02,2026,3865.0
005,Jo'hori,Кукуруза,Corn,Жўҳори,2026-M02,2026,4852.0
006,Kepak,Отруби,Bran,Кепак,2026-M02,2026,3344.0
0008,Shrot,Шрот,Schroth,Шрот,2026-M02,2026,5247.0
009,Shulxa,Шелуха,Husk,Шулха,2026-M02,2026,4267.0
010,Kombikorm,Комбикорм,Compound feed,Комбикорм,2026-M02,2026,3719.0
011,Oliy navli bug'doy uni,Мука пшеничная высшего сорта,High-grade wheat flour,Олий навли буғдой уни,2026-M02,2026,8491.0
0012,1-navli bug'doy uni,Мука пшеничная первого сорта,First grade wheat flour,1-навли буғдой уни,2026-M02,2026,5702.0
013,1-nav bug'doy unidan non,Хлеб пшеничный из муки 1-го сорта,Wheat bread from 1st grade flour,1-нав буғдой унидан нон,2026-M02,2026,6321.0
017,Mol go'shti,Говядина,Beef,Мол гўшти,2026-M02,2026,107202.0
0020,Qo'y go'shti,Баранина,Mutton,Қўй гўшти,2026-M02,2026,117795.0
022,Tovuq go'shti,Мясо птицы,Poultry,Товуқ гўшти,2026-M02,2026,31729.0
026,Turli baliqlar,Рыба всякая,Fish of all kinds,Турли балиқлар,2026-M02,2026,31718.0
027,Yangi sog'ilgan sut (1 litr),Молоко свежее (1 литр),Fresh milk (1 liter),Янги соғилган сут (1 литр),2026-M02,2026,8044.0
034,Tuxum (10 dona),Яйца (10 штук),Eggs (10 pieces ),Тухум (10 дона),2026-M02,2026,11823.0
035,Paxta yog'i (1 litr),Масло хлопковое (1 литр),Cottonseed oil (1 liter),Пахта ёғи (1 литр),2026-M02,2026,19033.0
0036,Kungaboqar yog'i (1 litr),Масло подсолнечное (1 литр),Sunflower oil (1 liter),Кунгабоқар ёғи (1 литр),2026-M02,2026,20567.0
037,Sariyog',Масло сливочное,Butter,Сариёғ,2026-M02,2026,67381.0
039,Limon,Лимоны,Lemons,Лимон,2026-M02,2026,39216.0
0040,Olma,Яблоки,Apples,Олма,2026-M02,2026,12138.0
041,Nok,Груши,Pears,Нок,2026-M02,2026,22398.0
049,Uzum,Виноград,Grape,Узум,2026-M02,2026,27059.0
0050,Tarvuz,Арбуз,Watermelon,Тарвуз,2026-M02,2026,0.0
0051,Qovun,Дыня,Melon,Қовун,2026-M02,2026,9391.0
053,Mayiz,Кишмиш,Kishmish,Майиз,2026-M02,2026,52664.0
055,Karam,Капуста,Cabbage,Карам,2026-M02,2026,5547.0
057,Bodring,Огурцы,Cucumbers,Бодринг,2026-M02,2026,34370.0
058,Pomidor,Помидоры,Tomatoes,Помидор,2026-M02,2026,28393.0
059,Baqlajon,Баклажаны,Eggplant,Бақлажон,2026-M02,2026,34639.0
0060,Bulg'or qalampiri,Перец болгарский,Bell pepper,Булғор қалампири,2026-M02,2026,33169.0
061,Qovoq,Тыква,Pumpkin,Қовоқ,2026-M02,2026,5237.0
063,Sabzi,Морковь,Carrot,Сабзи,2026-M02,2026,3033.0
065,Sarimsoq,Чеснок,Garlic,Саримсоқ,2026-M02,2026,26929.0
066,Piyoz,Лук репчатый,Onion,Пиёз,2026-M02,2026,2619.0
069,Kartoshka,Картофель,Potatoes,Картошка,2026-M02,2026,5659.0
0070,Loviya,Фасоль,Beans,Ловия,2026-M02,2026,19900.0
071,No'xot,Горох,Peas,Нўхот,2026-M02,2026,20344.0
0072,Mosh,Маш,Mash,Мош,2026-M02,2026,18366.0
073,Shakar,Сахар песок,Sugar,Шакар,2026-M02,2026,12763.0
002,Kruppa yormasi,Крупа манная,Semolina,Круппа ёрмаси,2026-M02,2026,0.0
001,Guruch,Рис,Rice,Гуруч,2026-M03,2026,16488.0
003,Arpa,Ячмень,Barley,Арпа,2026-M03,2026,4691.0
0004,Bug'doy,Пшеница,Wheat,Буғдой,2026-M03,2026,3894.0
005,Jo'hori,Кукуруза,Corn,Жўҳори,2026-M03,2026,4902.0
006,Kepak,Отруби,Bran,Кепак,2026-M03,2026,3349.0
0008,Shrot,Шрот,Schroth,Шрот,2026-M03,2026,5268.0
009,Shulxa,Шелуха,Husk,Шулха,2026-M03,2026,4299.0
010,Kombikorm,Комбикорм,Compound feed,Комбикорм,2026-M03,2026,3727.0
011,Oliy navli bug'doy uni,Мука пшеничная высшего сорта,High-grade wheat flour,Олий навли буғдой уни,2026-M03,2026,8873.0
0012,1-navli bug'doy uni,Мука пшеничная первого сорта,First grade wheat flour,1-навли буғдой уни,2026-M03,2026,5765.0
013,1-nav bug'doy unidan non,Хлеб пшеничный из муки 1-го сорта,Wheat bread from 1st grade flour,1-нав буғдой унидан нон,2026-M03,2026,6367.0
017,Mol go'shti,Говядина,Beef,Мол гўшти,2026-M03,2026,108201.0
0020,Qo'y go'shti,Баранина,Mutton,Қўй гўшти,2026-M03,2026,119671.0
022,Tovuq go'shti,Мясо птицы,Poultry,Товуқ гўшти,2026-M03,2026,32221.0
026,Turli baliqlar,Рыба всякая,Fish of all kinds,Турли балиқлар,2026-M03,2026,31936.0
027,Yangi sog'ilgan sut (1 litr),Молоко свежее (1 литр),Fresh milk (1 liter),Янги соғилган сут (1 литр),2026-M03,2026,8082.0
034,Tuxum (10 dona),Яйца (10 штук),Eggs (10 pieces ),Тухум (10 дона),2026-M03,2026,12064.0
035,Paxta yog'i (1 litr),Масло хлопковое (1 литр),Cottonseed oil (1 liter),Пахта ёғи (1 литр),2026-M03,2026,19279.0
0036,Kungaboqar yog'i (1 litr),Масло подсолнечное (1 литр),Sunflower oil (1 liter),Кунгабоқар ёғи (1 литр),2026-M03,2026,20802.0
037,Sariyog',Масло сливочное,Butter,Сариёғ,2026-M03,2026,67578.0
039,Limon,Лимоны,Lemons,Лимон,2026-M03,2026,39494.0
0040,Olma,Яблоки,Apples,Олма,2026-M03,2026,12534.0
041,Nok,Груши,Pears,Нок,2026-M03,2026,22250.0
049,Uzum,Виноград,Grape,Узум,2026-M03,2026,30841.0
0050,Tarvuz,Арбуз,Watermelon,Тарвуз,2026-M03,2026,0.0
0051,Qovun,Дыня,Melon,Қовун,2026-M03,2026,9931.0
053,Mayiz,Кишмиш,Kishmish,Майиз,2026-M03,2026,53103.0
055,Karam,Капуста,Cabbage,Карам,2026-M03,2026,5457.0
057,Bodring,Огурцы,Cucumbers,Бодринг,2026-M03,2026,28553.0
058,Pomidor,Помидоры,Tomatoes,Помидор,2026-M03,2026,29963.0
059,Baqlajon,Баклажаны,Eggplant,Бақлажон,2026-M03,2026,35652.0
0060,Bulg'or qalampiri,Перец болгарский,Bell pepper,Булғор қалампири,2026-M03,2026,37597.0
061,Qovoq,Тыква,Pumpkin,Қовоқ,2026-M03,2026,5758.0
063,Sabzi,Морковь,Carrot,Сабзи,2026-M03,2026,3056.0
065,Sarimsoq,Чеснок,Garlic,Саримсоқ,2026-M03,2026,27009.0
066,Piyoz,Лук репчатый,Onion,Пиёз,2026-M03,2026,2564.0
069,Kartoshka,Картофель,Potatoes,Картошка,2026-M03,2026,6132.0
0070,Loviya,Фасоль,Beans,Ловия,2026-M03,2026,19889.0
071,No'xot,Горох,Peas,Нўхот,2026-M03,2026,20312.0
0072,Mosh,Маш,Mash,Мош,2026-M03,2026,18526.0
073,Shakar,Сахар песок,Sugar,Шакар,2026-M03,2026,13001.0
002,Kruppa yormasi,Крупа манная,Semolina,Круппа ёрмаси,2026-M03,2026,0.0
001,Guruch,Рис,Rice,Гуруч,2026-M04,2026,16343.0
003,Arpa,Ячмень,Barley,Арпа,2026-M04,2026,4669.0
0004,Bug'doy,Пшеница,Wheat,Буғдой,2026-M04,2026,3924.0
005,Jo'hori,Кукуруза,Corn,Жўҳори,2026-M04,2026,4925.0
006,Kepak,Отруби,Bran,Кепак,2026-M04,2026,3351.0
0008,Shrot,Шрот,Schroth,Шрот,2026-M04,2026,5299.0
009,Shulxa,Шелуха,Husk,Шулха,2026-M04,2026,4355.0
010,Kombikorm,Комбикорм,Compound feed,Комбикорм,2026-M04,2026,3762.0
011,Oliy navli bug'doy uni,Мука пшеничная высшего сорта,High-grade wheat flour,Олий навли буғдой уни,2026-M04,2026,8994.0
0012,1-navli bug'doy uni,Мука пшеничная первого сорта,First grade wheat flour,1-навли буғдой уни,2026-M04,2026,5794.0
013,1-nav bug'doy unidan non,Хлеб пшеничный из муки 1-го сорта,Wheat bread from 1st grade flour,1-нав буғдой унидан нон,2026-M04,2026,6422.0
017,Mol go'shti,Говядина,Beef,Мол гўшти,2026-M04,2026,113728.0
0020,Qo'y go'shti,Баранина,Mutton,Қўй гўшти,2026-M04,2026,125693.0
022,Tovuq go'shti,Мясо птицы,Poultry,Товуқ гўшти,2026-M04,2026,32360.0
026,Turli baliqlar,Рыба всякая,Fish of all kinds,Турли балиқлар,2026-M04,2026,32600.0
027,Yangi sog'ilgan sut (1 litr),Молоко свежее (1 литр),Fresh milk (1 liter),Янги соғилган сут (1 литр),2026-M04,2026,8138.0
034,Tuxum (10 dona),Яйца (10 штук),Eggs (10 pieces ),Тухум (10 дона),2026-M04,2026,11441.0
035,Paxta yog'i (1 litr),Масло хлопковое (1 литр),Cottonseed oil (1 liter),Пахта ёғи (1 литр),2026-M04,2026,19350.0
0036,Kungaboqar yog'i (1 litr),Масло подсолнечное (1 литр),Sunflower oil (1 liter),Кунгабоқар ёғи (1 литр),2026-M04,2026,20864.0
037,Sariyog',Масло сливочное,Butter,Сариёғ,2026-M04,2026,67597.0
039,Limon,Лимоны,Lemons,Лимон,2026-M04,2026,40846.0
0040,Olma,Яблоки,Apples,Олма,2026-M04,2026,14699.0
041,Nok,Груши,Pears,Нок,2026-M04,2026,22208.0
049,Uzum,Виноград,Grape,Узум,2026-M04,2026,34599.0
0050,Tarvuz,Арбуз,Watermelon,Тарвуз,2026-M04,2026,0.0
0051,Qovun,Дыня,Melon,Қовун,2026-M04,2026,12000.0
053,Mayiz,Кишмиш,Kishmish,Майиз,2026-M04,2026,53028.0
055,Karam,Капуста,Cabbage,Карам,2026-M04,2026,5322.0
057,Bodring,Огурцы,Cucumbers,Бодринг,2026-M04,2026,14163.0
058,Pomidor,Помидоры,Tomatoes,Помидор,2026-M04,2026,26867.0
059,Baqlajon,Баклажаны,Eggplant,Бақлажон,2026-M04,2026,36424.0
0060,Bulg'or qalampiri,Перец болгарский,Bell pepper,Булғор қалампири,2026-M04,2026,37090.0
061,Qovoq,Тыква,Pumpkin,Қовоқ,2026-M04,2026,6731.0
063,Sabzi,Морковь,Carrot,Сабзи,2026-M04,2026,3065.0
065,Sarimsoq,Чеснок,Garlic,Саримсоқ,2026-M04,2026,27028.0
066,Piyoz,Лук репчатый,Onion,Пиёз,2026-M04,2026,2308.0
069,Kartoshka,Картофель,Potatoes,Картошка,2026-M04,2026,6355.0
0070,Loviya,Фасоль,Beans,Ловия,2026-M04,2026,19380.0
071,No'xot,Горох,Peas,Нўхот,2026-M04,2026,20127.0
0072,Mosh,Маш,Mash,Мош,2026-M04,2026,18477.0
073,Shakar,Сахар песок,Sugar,Шакар,2026-M04,2026,13048.0
002,Kruppa yormasi,Крупа манная,Semolina,Круппа ёрмаси,2026-M04,2026,0.0
001,Guruch,Рис,Rice,Гуруч,2026-M05,2026,15805.0
003,Arpa,Ячмень,Barley,Арпа,2026-M05,2026,4680.0
0004,Bug'doy,Пшеница,Wheat,Буғдой,2026-M05,2026,3994.0
005,Jo'hori,Кукуруза,Corn,Жўҳори,2026-M05,2026,4932.0
006,Kepak,Отруби,Bran,Кепак,2026-M05,2026,3400.0
0008,Shrot,Шрот,Schroth,Шрот,2026-M05,2026,5347.0
009,Shulxa,Шелуха,Husk,Шулха,2026-M05,2026,4416.0
010,Kombikorm,Комбикорм,Compound feed,Комбикорм,2026-M05,2026,3844.0
011,Oliy navli bug'doy uni,Мука пшеничная высшего сорта,High-grade wheat flour,Олий навли буғдой уни,2026-M05,2026,9057.0
0012,1-navli bug'doy uni,Мука пшеничная первого сорта,First grade wheat flour,1-навли буғдой уни,2026-M05,2026,5830.0
013,1-nav bug'doy unidan non,Хлеб пшеничный из муки 1-го сорта,Wheat bread from 1st grade flour,1-нав буғдой унидан нон,2026-M05,2026,6381.0
017,Mol go'shti,Говядина,Beef,Мол гўшти,2026-M05,2026,120317.0
0020,Qo'y go'shti,Баранина,Mutton,Қўй гўшти,2026-M05,2026,132437.0
022,Tovuq go'shti,Мясо птицы,Poultry,Товуқ гўшти,2026-M05,2026,32221.0
026,Turli baliqlar,Рыба всякая,Fish of all kinds,Турли балиқлар,2026-M05,2026,33500.0
027,Yangi sog'ilgan sut (1 litr),Молоко свежее (1 литр),Fresh milk (1 liter),Янги соғилган сут (1 литр),2026-M05,2026,8140.0
034,Tuxum (10 dona),Яйца (10 штук),Eggs (10 pieces ),Тухум (10 дона),2026-M05,2026,11156.0
035,Paxta yog'i (1 litr),Масло хлопковое (1 литр),Cottonseed oil (1 liter),Пахта ёғи (1 литр),2026-M05,2026,19500.0
0036,Kungaboqar yog'i (1 litr),Масло подсолнечное (1 литр),Sunflower oil (1 liter),Кунгабоқар ёғи (1 литр),2026-M05,2026,21055.0
037,Sariyog',Масло сливочное,Butter,Сариёғ,2026-M05,2026,67380.0
039,Limon,Лимоны,Lemons,Лимон,2026-M05,2026,42714.0
0040,Olma,Яблоки,Apples,Олма,2026-M05,2026,16297.0
041,Nok,Груши,Pears,Нок,2026-M05,2026,21872.0
049,Uzum,Виноград,Grape,Узум,2026-M05,2026,0.0
0050,Tarvuz,Арбуз,Watermelon,Тарвуз,2026-M05,2026,12026.0
0051,Qovun,Дыня,Melon,Қовун,2026-M05,2026,17081.0
053,Mayiz,Кишмиш,Kishmish,Майиз,2026-M05,2026,53031.0
055,Karam,Капуста,Cabbage,Карам,2026-M05,2026,4400.0
057,Bodring,Огурцы,Cucumbers,Бодринг,2026-M05,2026,8174.0
058,Pomidor,Помидоры,Tomatoes,Помидор,2026-M05,2026,17655.0
059,Baqlajon,Баклажаны,Eggplant,Бақлажон,2026-M05,2026,26220.0
0060,Bulg'or qalampiri,Перец болгарский,Bell pepper,Булғор қалампири,2026-M05,2026,24897.0
061,Qovoq,Тыква,Pumpkin,Қовоқ,2026-M05,2026,8090.0
063,Sabzi,Морковь,Carrot,Сабзи,2026-M05,2026,3096.0
065,Sarimsoq,Чеснок,Garlic,Саримсоқ,2026-M05,2026,21992.0
066,Piyoz,Лук репчатый,Onion,Пиёз,2026-M05,2026,2154.0
069,Kartoshka,Картофель,Potatoes,Картошка,2026-M05,2026,6262.0
0070,Loviya,Фасоль,Beans,Ловия,2026-M05,2026,18911.0
071,No'xot,Горох,Peas,Нўхот,2026-M05,2026,19941.0
0072,Mosh,Маш,Mash,Мош,2026-M05,2026,18435.0
073,Shakar,Сахар песок,Sugar,Шакар,2026-M05,2026,13163.0
002,Kruppa yormasi,Крупа манная,Semolina,Круппа ёрмаси,2026-M05,2026,0.0
001,Guruch,Рис,Rice,Гуруч,2026-M06,2026,15267.0
003,Arpa,Ячмень,Barley,Арпа,2026-M06,2026,4605.0
0004,Bug'doy,Пшеница,Wheat,Буғдой,2026-M06,2026,3884.0
005,Jo'hori,Кукуруза,Corn,Жўҳори,2026-M06,2026,4989.0
006,Kepak,Отруби,Bran,Кепак,2026-M06,2026,3405.0
0008,Shrot,Шрот,Schroth,Шрот,2026-M06,2026,5375.0
009,Shulxa,Шелуха,Husk,Шулха,2026-M06,2026,4413.0
010,Kombikorm,Комбикорм,Compound feed,Комбикорм,2026-M06,2026,3859.0
011,Oliy navli bug'doy uni,Мука пшеничная высшего сорта,High-grade wheat flour,Олий навли буғдой уни,2026-M06,2026,9058.0
0012,1-navli bug'doy uni,Мука пшеничная первого сорта,First grade wheat flour,1-навли буғдой уни,2026-M06,2026,5753.0
013,1-nav bug'doy unidan non,Хлеб пшеничный из муки 1-го сорта,Wheat bread from 1st grade flour,1-нав буғдой унидан нон,2026-M06,2026,6305.0
017,Mol go'shti,Говядина,Beef,Мол гўшти,2026-M06,2026,125845.0
0020,Qo'y go'shti,Баранина,Mutton,Қўй гўшти,2026-M06,2026,136495.0
022,Tovuq go'shti,Мясо птицы,Poultry,Товуқ гўшти,2026-M06,2026,32224.0
026,Turli baliqlar,Рыба всякая,Fish of all kinds,Турли балиқлар,2026-M06,2026,34134.0
027,Yangi sog'ilgan sut (1 litr),Молоко свежее (1 литр),Fresh milk (1 liter),Янги соғилган сут (1 литр),2026-M06,2026,8012.0
034,Tuxum (10 dona),Яйца (10 штук),Eggs (10 pieces ),Тухум (10 дона),2026-M06,2026,11157.0
035,Paxta yog'i (1 litr),Масло хлопковое (1 литр),Cottonseed oil (1 liter),Пахта ёғи (1 литр),2026-M06,2026,19590.0
0036,Kungaboqar yog'i (1 litr),Масло подсолнечное (1 литр),Sunflower oil (1 liter),Кунгабоқар ёғи (1 литр),2026-M06,2026,21181.0
037,Sariyog',Масло сливочное,Butter,Сариёғ,2026-M06,2026,68088.0
039,Limon,Лимоны,Lemons,Лимон,2026-M06,2026,45142.0
0040,Olma,Яблоки,Apples,Олма,2026-M06,2026,15414.0
041,Nok,Груши,Pears,Нок,2026-M06,2026,20654.0
049,Uzum,Виноград,Grape,Узум,2026-M06,2026,20417.0
0050,Tarvuz,Арбуз,Watermelon,Тарвуз,2026-M06,2026,3532.0
0051,Qovun,Дыня,Melon,Қовун,2026-M06,2026,7973.0
053,Mayiz,Кишмиш,Kishmish,Майиз,2026-M06,2026,53372.0
055,Karam,Капуста,Cabbage,Карам,2026-M06,2026,3534.0
057,Bodring,Огурцы,Cucumbers,Бодринг,2026-M06,2026,5364.0
058,Pomidor,Помидоры,Tomatoes,Помидор,2026-M06,2026,7346.0
059,Baqlajon,Баклажаны,Eggplant,Бақлажон,2026-M06,2026,10288.0
0060,Bulg'or qalampiri,Перец болгарский,Bell pepper,Булғор қалампири,2026-M06,2026,11092.0
061,Qovoq,Тыква,Pumpkin,Қовоқ,2026-M06,2026,9579.0
063,Sabzi,Морковь,Carrot,Сабзи,2026-M06,2026,3622.0
065,Sarimsoq,Чеснок,Garlic,Саримсоқ,2026-M06,2026,14670.0
066,Piyoz,Лук репчатый,Onion,Пиёз,2026-M06,2026,2357.0
069,Kartoshka,Картофель,Potatoes,Картошка,2026-M06,2026,5368.0
0070,Loviya,Фасоль,Beans,Ловия,2026-M06,2026,18713.0
071,No'xot,Горох,Peas,Нўхот,2026-M06,2026,19923.0
0072,Mosh,Маш,Mash,Мош,2026-M06,2026,19174.0
073,Shakar,Сахар песок,Sugar,Шакар,2026-M06,2026,13345.0
002,Kruppa yormasi,Крупа манная,Semolina,Круппа ёрмаси,2026-M06,2026,0.0
001,Guruch,Рис,Rice,Гуруч,2026-M07,2026,15609.0
003,Arpa,Ячмень,Barley,Арпа,2026-M07,2026,4523.0
0004,Bug'doy,Пшеница,Wheat,Буғдой,2026-M07,2026,3661.0
005,Jo'hori,Кукуруза,Corn,Жўҳори,2026-M07,2026,4995.0
006,Kepak,Отруби,Bran,Кепак,2026-M07,2026,3410.0
0008,Shrot,Шрот,Schroth,Шрот,2026-M07,2026,5409.0
009,Shulxa,Шелуха,Husk,Шулха,2026-M07,2026,4433.0
010,Kombikorm,Комбикорм,Compound feed,Комбикорм,2026-M07,2026,3865.0
011,Oliy navli bug'doy uni,Мука пшеничная высшего сорта,High-grade wheat flour,Олий навли буғдой уни,2026-M07,2026,9069.0
0012,1-navli bug'doy uni,Мука пшеничная первого сорта,First grade wheat flour,1-навли буғдой уни,2026-M07,2026,5770.0
013,1-nav bug'doy unidan non,Хлеб пшеничный из муки 1-го сорта,Wheat bread from 1st grade flour,1-нав буғдой унидан нон,2026-M07,2026,6291.0
017,Mol go'shti,Говядина,Beef,Мол гўшти,2026-M07,2026,124856.0
0020,Qo'y go'shti,Баранина,Mutton,Қўй гўшти,2026-M07,2026,136588.0
022,Tovuq go'shti,Мясо птицы,Poultry,Товуқ гўшти,2026-M07,2026,32239.0
026,Turli baliqlar,Рыба всякая,Fish of all kinds,Турли балиқлар,2026-M07,2026,35689.0
027,Yangi sog'ilgan sut (1 litr),Молоко свежее (1 литр),Fresh milk (1 liter),Янги соғилган сут (1 литр),2026-M07,2026,7992.0
034,Tuxum (10 dona),Яйца (10 штук),Eggs (10 pieces ),Тухум (10 дона),2026-M07,2026,10824.0
035,Paxta yog'i (1 litr),Масло хлопковое (1 литр),Cottonseed oil (1 liter),Пахта ёғи (1 литр),2026-M07,2026,19627.0
0036,Kungaboqar yog'i (1 litr),Масло подсолнечное (1 литр),Sunflower oil (1 liter),Кунгабоқар ёғи (1 литр),2026-M07,2026,21183.0
037,Sariyog',Масло сливочное,Butter,Сариёғ,2026-M07,2026,68308.0
039,Limon,Лимоны,Lemons,Лимон,2026-M07,2026,47677.0
0040,Olma,Яблоки,Apples,Олма,2026-M07,2026,13090.0
041,Nok,Груши,Pears,Нок,2026-M07,2026,19886.0
049,Uzum,Виноград,Grape,Узум,2026-M07,2026,18936.0
0050,Tarvuz,Арбуз,Watermelon,Тарвуз,2026-M07,2026,2474.0
0051,Qovun,Дыня,Melon,Қовун,2026-M07,2026,5831.0
053,Mayiz,Кишмиш,Kishmish,Майиз,2026-M07,2026,53215.0
055,Karam,Капуста,Cabbage,Карам,2026-M07,2026,3320.0
057,Bodring,Огурцы,Cucumbers,Бодринг,2026-M07,2026,6294.0
058,Pomidor,Помидоры,Tomatoes,Помидор,2026-M07,2026,4909.0
059,Baqlajon,Баклажаны,Eggplant,Бақлажон,2026-M07,2026,5638.0
0060,Bulg'or qalampiri,Перец болгарский,Bell pepper,Булғор қалампири,2026-M07,2026,7608.0
061,Qovoq,Тыква,Pumpkin,Қовоқ,2026-M07,2026,7041.0
063,Sabzi,Морковь,Carrot,Сабзи,2026-M07,2026,4816.0
065,Sarimsoq,Чеснок,Garlic,Саримсоқ,2026-M07,2026,12973.0
066,Piyoz,Лук репчатый,Onion,Пиёз,2026-M07,2026,2424.0
069,Kartoshka,Картофель,Potatoes,Картошка,2026-M07,2026,4660.0
0070,Loviya,Фасоль,Beans,Ловия,2026-M07,2026,18586.0
071,No'xot,Горох,Peas,Нўхот,2026-M07,2026,19918.0
0072,Mosh,Маш,Mash,Мош,2026-M07,2026,19727.0
073,Shakar,Сахар песок,Sugar,Шакар,2026-M07,2026,13269.0
002,Kruppa yormasi,Крупа манная,Semolina,Круппа ёрмаси,2026-M07,2026,0.0
001,Guruch,Рис,Rice,Гуруч,2026-M08,2026,15695.0
003,Arpa,Ячмень,Barley,Арпа,2026-M08,2026,4484.0
0004,Bug'doy,Пшеница,Wheat,Буғдой,2026-M08,2026,3677.0
005,Jo'hori,Кукуруза,Corn,Жўҳори,2026-M08,2026,4958.0
006,Kepak,Отруби,Bran,Кепак,2026-M08,2026,3419.0
0008,Shrot,Шрот,Schroth,Шрот,2026-M08,2026,5416.0
009,Shulxa,Шелуха,Husk,Шулха,2026-M08,2026,4466.0
010,Kombikorm,Комбикорм,Compound feed,Комбикорм,2026-M08,2026,3868.0
011,Oliy navli bug'doy uni,Мука пшеничная высшего сорта,High-grade wheat flour,Олий навли буғдой уни,2026-M08,2026,9034.0
0012,1-navli bug'doy uni,Мука пшеничная первого сорта,First grade wheat flour,1-навли буғдой уни,2026-M08,2026,5753.0
013,1-nav bug'doy unidan non,Хлеб пшеничный из муки 1-го сорта,Wheat bread from 1st grade flour,1-нав буғдой унидан нон,2026-M08,2026,6257.0
017,Mol go'shti,Говядина,Beef,Мол гўшти,2026-M08,2026,119307.0
0020,Qo'y go'shti,Баранина,Mutton,Қўй гўшти,2026-M08,2026,135995.0
022,Tovuq go'shti,Мясо птицы,Poultry,Товуқ гўшти,2026-M08,2026,32192.0
026,Turli baliqlar,Рыба всякая,Fish of all kinds,Турли балиқлар,2026-M08,2026,35934.0
027,Yangi sog'ilgan sut (1 litr),Молоко свежее (1 литр),Fresh milk (1 liter),Янги соғилган сут (1 литр),2026-M08,2026,7998.0
034,Tuxum (10 dona),Яйца (10 штук),Eggs (10 pieces ),Тухум (10 дона),2026-M08,2026,10856.0
035,Paxta yog'i (1 litr),Масло хлопковое (1 литр),Cottonseed oil (1 liter),Пахта ёғи (1 литр),2026-M08,2026,19619.0
0036,Kungaboqar yog'i (1 litr),Масло подсолнечное (1 литр),Sunflower oil (1 liter),Кунгабоқар ёғи (1 литр),2026-M08,2026,21154.0
037,Sariyog',Масло сливочное,Butter,Сариёғ,2026-M08,2026,68358.0
039,Limon,Лимоны,Lemons,Лимон,2026-M08,2026,48704.0
0040,Olma,Яблоки,Apples,Олма,2026-M08,2026,12540.0
041,Nok,Груши,Pears,Нок,2026-M08,2026,19350.0
049,Uzum,Виноград,Grape,Узум,2026-M08,2026,15349.0
0050,Tarvuz,Арбуз,Watermelon,Тарвуз,2026-M08,2026,2926.0
0051,Qovun,Дыня,Melon,Қовун,2026-M08,2026,5363.0
053,Mayiz,Кишмиш,Kishmish,Майиз,2026-M08,2026,53169.0
055,Karam,Капуста,Cabbage,Карам,2026-M08,2026,3379.0
057,Bodring,Огурцы,Cucumbers,Бодринг,2026-M08,2026,7428.0
058,Pomidor,Помидоры,Tomatoes,Помидор,2026-M08,2026,7366.0
059,Baqlajon,Баклажаны,Eggplant,Бақлажон,2026-M08,2026,5503.0
0060,Bulg'or qalampiri,Перец болгарский,Bell pepper,Булғор қалампири,2026-M08,2026,7794.0
061,Qovoq,Тыква,Pumpkin,Қовоқ,2026-M08,2026,4713.0
063,Sabzi,Морковь,Carrot,Сабзи,2026-M08,2026,5060.0
065,Sarimsoq,Чеснок,Garlic,Саримсоқ,2026-M08,2026,12201.0
066,Piyoz,Лук репчатый,Onion,Пиёз,2026-M08,2026,2508.0
069,Kartoshka,Картофель,Potatoes,Картошка,2026-M08,2026,4484.0
0070,Loviya,Фасоль,Beans,Ловия,2026-M08,2026,18553.0
071,No'xot,Горох,Peas,Нўхот,2026-M08,2026,19847.0
0072,Mosh,Маш,Mash,Мош,2026-M08,2026,19655.0
073,Shakar,Сахар песок,Sugar,Шакар,2026-M08,2026,12996.0
002,Kruppa yormasi,Крупа манная,Semolina,Круппа ёрмаси,2026-M08,2026,0.0
