code,name_uz,name_ru,name_en,name_uz_cyrillic,period,frequency,year,value
001,Guruch,Рис,Rice,Гуруч,2013-01,monthly,2013,2039.0
003,Arpa,Ячмень,Barley,Арпа,2013-01,monthly,2013,925.0
0004,Bug'doy,Пшеница,Wheat,Буғдой,2013-01,monthly,2013,865.0
005,Jo'hori,Кукуруза,Corn,Жўҳори,2013-01,monthly,2013,1156.0
006,Kepak,Отруби,Bran,Кепак,2013-01,monthly,2013,625.0
010,Kombikorm,Комбикорм,Compound feed,Комбикорм,2013-01,monthly,2013,716.0
011,Oliy navli bug'doy uni,Мука пшеничная высшего сорта,High-grade wheat flour,Олий навли буғдой уни,2013-01,monthly,2013,1300.0
017,Mol go'shti,Говядина,Beef,Мол гўшти,2013-01,monthly,2013,14417.0
0020,Qo'y go'shti,Баранина,Mutton,Қўй гўшти,2013-01,monthly,2013,13826.0
026,Turli baliqlar,Рыба всякая,Fish of all kinds,Турли балиқлар,2013-01,monthly,2013,7915.0
027,Yangi sog'ilgan sut (1 litr),Молоко свежее (1 литр),Fresh milk (1 liter),Янги соғилган сут (1 литр),2013-01,monthly,2013,1317.0
034,Tuxum (10 dona),Яйца (10 штук),Eggs (10 pieces ),Тухум (10 дона),2013-01,monthly,2013,3446.0
039,Limon,Лимоны,Lemons,Лимон,2013-01,monthly,2013,8371.0
0040,Olma,Яблоки,Apples,Олма,2013-01,monthly,2013,2549.0
041,Nok,Груши,Pears,Нок,2013-01,monthly,2013,6611.0
049,Uzum,Виноград,Grape,Узум,2013-01,monthly,2013,3319.0
0050,Tarvuz,Арбуз,Watermelon,Тарвуз,2013-01,monthly,2013,1415.0
0051,Qovun,Дыня,Melon,Қовун,2013-01,monthly,2013,2478.0
053,Mayiz,Кишмиш,Kishmish,Майиз,2013-01,monthly,2013,7042.0
055,Karam,Капуста,Cabbage,Карам,2013-01,monthly,2013,788.0
057,Bodring,Огурцы,Cucumbers,Бодринг,2013-01,monthly,2013,3608.0
058,Pomidor,Помидоры,Tomatoes,Помидор,2013-01,monthly,2013,4835.0
061,Qovoq,Тыква,Pumpkin,Қовоқ,2013-01,monthly,2013,917.0
063,Sabzi,Морковь,Carrot,Сабзи,2013-01,monthly,2013,618.0
065,Sarimsoq,Чеснок,Garlic,Саримсоқ,2013-01,monthly,2013,2829.0
066,Piyoz,Лук репчатый,Onion,Пиёз,2013-01,monthly,2013,690.0
069,Kartoshka,Картофель,Potatoes,Картошка,2013-01,monthly,2013,1942.0
002,Kruppa yormasi,Крупа манная,Semolina,Круппа ёрмаси,2013-01,monthly,2013,925.0
001,Guruch,Рис,Rice,Гуруч,2013-02,monthly,2013,1997.0
003,Arpa,Ячмень,Barley,Арпа,2013-02,monthly,2013,968.0
0004,Bug'doy,Пшеница,Wheat,Буғдой,2013-02,monthly,2013,898.0
005,Jo'hori,Кукуруза,Corn,Жўҳори,2013-02,monthly,2013,1228.0
006,Kepak,Отруби,Bran,Кепак,2013-02,monthly,2013,642.0
010,Kombikorm,Комбикорм,Compound feed,Комбикорм,2013-02,monthly,2013,716.0
011,Oliy navli bug'doy uni,Мука пшеничная высшего сорта,High-grade wheat flour,Олий навли буғдой уни,2013-02,monthly,2013,1300.0
017,Mol go'shti,Говядина,Beef,Мол гўшти,2013-02,monthly,2013,15215.0
0020,Qo'y go'shti,Баранина,Mutton,Қўй гўшти,2013-02,monthly,2013,14553.0
026,Turli baliqlar,Рыба всякая,Fish of all kinds,Турли балиқлар,2013-02,monthly,2013,8170.0
027,Yangi sog'ilgan sut (1 litr),Молоко свежее (1 литр),Fresh milk (1 liter),Янги соғилган сут (1 литр),2013-02,monthly,2013,1396.0
034,Tuxum (10 dona),Яйца (10 штук),Eggs (10 pieces ),Тухум (10 дона),2013-02,monthly,2013,3204.0
039,Limon,Лимоны,Lemons,Лимон,2013-02,monthly,2013,8293.0
0040,Olma,Яблоки,Apples,Олма,2013-02,monthly,2013,2838.0
041,Nok,Груши,Pears,Нок,2013-02,monthly,2013,7311.0
049,Uzum,Виноград,Grape,Узум,2013-02,monthly,2013,4178.0
0051,Qovun,Дыня,Melon,Қовун,2013-02,monthly,2013,2878.0
053,Mayiz,Кишмиш,Kishmish,Майиз,2013-02,monthly,2013,7178.0
055,Karam,Капуста,Cabbage,Карам,2013-02,monthly,2013,776.0
057,Bodring,Огурцы,Cucumbers,Бодринг,2013-02,monthly,2013,4833.0
058,Pomidor,Помидоры,Tomatoes,Помидор,2013-02,monthly,2013,6839.0
061,Qovoq,Тыква,Pumpkin,Қовоқ,2013-02,monthly,2013,935.0
063,Sabzi,Морковь,Carrot,Сабзи,2013-02,monthly,2013,576.0
065,Sarimsoq,Чеснок,Garlic,Саримсоқ,2013-02,monthly,2013,3128.0
066,Piyoz,Лук репчатый,Onion,Пиёз,2013-02,monthly,2013,622.0
069,Kartoshka,Картофель,Potatoes,Картошка,2013-02,monthly,2013,1776.0
002,Kruppa yormasi,Крупа манная,Semolina,Круппа ёрмаси,2013-02,monthly,2013,968.0
001,Guruch,Рис,Rice,Гуруч,2013-03,monthly,2013,2018.0
003,Arpa,Ячмень,Barley,Арпа,2013-03,monthly,2013,998.0
0004,Bug'doy,Пшеница,Wheat,Буғдой,2013-03,monthly,2013,932.0
005,Jo'hori,Кукуруза,Corn,Жўҳори,2013-03,monthly,2013,1270.0
006,Kepak,Отруби,Bran,Кепак,2013-03,monthly,2013,648.0
010,Kombikorm,Комбикорм,Compound feed,Комбикорм,2013-03,monthly,2013,716.0
011,Oliy navli bug'doy uni,Мука пшеничная высшего сорта,High-grade wheat flour,Олий навли буғдой уни,2013-03,monthly,2013,1300.0
017,Mol go'shti,Говядина,Beef,Мол гўшти,2013-03,monthly,2013,15417.0
0020,Qo'y go'shti,Баранина,Mutton,Қўй гўшти,2013-03,monthly,2013,14864.0
026,Turli baliqlar,Рыба всякая,Fish of all kinds,Турли балиқлар,2013-03,monthly,2013,8322.0
027,Yangi sog'ilgan sut (1 litr),Молоко свежее (1 литр),Fresh milk (1 liter),Янги соғилган сут (1 литр),2013-03,monthly,2013,1471.0
034,Tuxum (10 dona),Яйца (10 штук),Eggs (10 pieces ),Тухум (10 дона),2013-03,monthly,2013,3047.0
039,Limon,Лимоны,Lemons,Лимон,2013-03,monthly,2013,9174.0
0040,Olma,Яблоки,Apples,Олма,2013-03,monthly,2013,3189.0
041,Nok,Груши,Pears,Нок,2013-03,monthly,2013,7569.0
049,Uzum,Виноград,Grape,Узум,2013-03,monthly,2013,4879.0
0051,Qovun,Дыня,Melon,Қовун,2013-03,monthly,2013,3300.0
053,Mayiz,Кишмиш,Kishmish,Майиз,2013-03,monthly,2013,7550.0
055,Karam,Капуста,Cabbage,Карам,2013-03,monthly,2013,709.0
057,Bodring,Огурцы,Cucumbers,Бодринг,2013-03,monthly,2013,5635.0
058,Pomidor,Помидоры,Tomatoes,Помидор,2013-03,monthly,2013,7113.0
061,Qovoq,Тыква,Pumpkin,Қовоқ,2013-03,monthly,2013,1010.0
063,Sabzi,Морковь,Carrot,Сабзи,2013-03,monthly,2013,508.0
065,Sarimsoq,Чеснок,Garlic,Саримсоқ,2013-03,monthly,2013,3371.0
066,Piyoz,Лук репчатый,Onion,Пиёз,2013-03,monthly,2013,560.0
069,Kartoshka,Картофель,Potatoes,Картошка,2013-03,monthly,2013,1700.0
002,Kruppa yormasi,Крупа манная,Semolina,Круппа ёрмаси,2013-03,monthly,2013,998.0
001,Guruch,Рис,Rice,Гуруч,2013-04,monthly,2013,2021.0
003,Arpa,Ячмень,Barley,Арпа,2013-04,monthly,2013,1000.0
0004,Bug'doy,Пшеница,Wheat,Буғдой,2013-04,monthly,2013,944.0
005,Jo'hori,Кукуруза,Corn,Жўҳори,2013-04,monthly,2013,1215.0
006,Kepak,Отруби,Bran,Кепак,2013-04,monthly,2013,645.0
010,Kombikorm,Комбикорм,Compound feed,Комбикорм,2013-04,monthly,2013,697.0
011,Oliy navli bug'doy uni,Мука пшеничная высшего сорта,High-grade wheat flour,Олий навли буғдой уни,2013-04,monthly,2013,1300.0
017,Mol go'shti,Говядина,Beef,Мол гўшти,2013-04,monthly,2013,15417.0
0020,Qo'y go'shti,Баранина,Mutton,Қўй гўшти,2013-04,monthly,2013,14864.0
026,Turli baliqlar,Рыба всякая,Fish of all kinds,Турли балиқлар,2013-04,monthly,2013,8322.0
027,Yangi sog'ilgan sut (1 litr),Молоко свежее (1 литр),Fresh milk (1 liter),Янги соғилган сут (1 литр),2013-04,monthly,2013,1556.0
034,Tuxum (10 dona),Яйца (10 штук),Eggs (10 pieces ),Тухум (10 дона),2013-04,monthly,2013,2911.0
039,Limon,Лимоны,Lemons,Лимон,2013-04,monthly,2013,9572.0
0040,Olma,Яблоки,Apples,Олма,2013-04,monthly,2013,3785.0
041,Nok,Груши,Pears,Нок,2013-04,monthly,2013,7700.0
049,Uzum,Виноград,Grape,Узум,2013-04,monthly,2013,5142.0
053,Mayiz,Кишмиш,Kishmish,Майиз,2013-04,monthly,2013,7792.0
055,Karam,Капуста,Cabbage,Карам,2013-04,monthly,2013,1023.0
057,Bodring,Огурцы,Cucumbers,Бодринг,2013-04,monthly,2013,4632.0
058,Pomidor,Помидоры,Tomatoes,Помидор,2013-04,monthly,2013,5781.0
063,Sabzi,Морковь,Carrot,Сабзи,2013-04,monthly,2013,552.0
065,Sarimsoq,Чеснок,Garlic,Саримсоқ,2013-04,monthly,2013,3419.0
066,Piyoz,Лук репчатый,Onion,Пиёз,2013-04,monthly,2013,589.0
069,Kartoshka,Картофель,Potatoes,Картошка,2013-04,monthly,2013,1732.0
002,Kruppa yormasi,Крупа манная,Semolina,Круппа ёрмаси,2013-04,monthly,2013,1000.0
001,Guruch,Рис,Rice,Гуруч,2013-05,monthly,2013,2021.0
003,Arpa,Ячмень,Barley,Арпа,2013-05,monthly,2013,1014.0
0004,Bug'doy,Пшеница,Wheat,Буғдой,2013-05,monthly,2013,944.0
005,Jo'hori,Кукуруза,Corn,Жўҳори,2013-05,monthly,2013,1163.0
006,Kepak,Отруби,Bran,Кепак,2013-05,monthly,2013,645.0
010,Kombikorm,Комбикорм,Compound feed,Комбикорм,2013-05,monthly,2013,678.0
011,Oliy navli bug'doy uni,Мука пшеничная высшего сорта,High-grade wheat flour,Олий навли буғдой уни,2013-05,monthly,2013,1300.0
017,Mol go'shti,Говядина,Beef,Мол гўшти,2013-05,monthly,2013,15546.0
0020,Qo'y go'shti,Баранина,Mutton,Қўй гўшти,2013-05,monthly,2013,14980.0
026,Turli baliqlar,Рыба всякая,Fish of all kinds,Турли балиқлар,2013-05,monthly,2013,8322.0
027,Yangi sog'ilgan sut (1 litr),Молоко свежее (1 литр),Fresh milk (1 liter),Янги соғилган сут (1 литр),2013-05,monthly,2013,1642.0
034,Tuxum (10 dona),Яйца (10 штук),Eggs (10 pieces ),Тухум (10 дона),2013-05,monthly,2013,2824.0
039,Limon,Лимоны,Lemons,Лимон,2013-05,monthly,2013,9750.0
0040,Olma,Яблоки,Apples,Олма,2013-05,monthly,2013,3764.0
041,Nok,Груши,Pears,Нок,2013-05,monthly,2013,8384.0
053,Mayiz,Кишмиш,Kishmish,Майиз,2013-05,monthly,2013,7792.0
055,Karam,Капуста,Cabbage,Карам,2013-05,monthly,2013,1151.0
057,Bodring,Огурцы,Cucumbers,Бодринг,2013-05,monthly,2013,2644.0
058,Pomidor,Помидоры,Tomatoes,Помидор,2013-05,monthly,2013,3725.0
0060,Bulg'or qalampiri,Перец болгарский,Bell pepper,Булғор қалампири,2013-05,monthly,2013,7667.0
061,Qovoq,Тыква,Pumpkin,Қовоқ,2013-05,monthly,2013,1500.0
063,Sabzi,Морковь,Carrot,Сабзи,2013-05,monthly,2013,882.0
065,Sarimsoq,Чеснок,Garlic,Саримсоқ,2013-05,monthly,2013,2736.0
066,Piyoz,Лук репчатый,Onion,Пиёз,2013-05,monthly,2013,681.0
069,Kartoshka,Картофель,Potatoes,Картошка,2013-05,monthly,2013,1658.0
002,Kruppa yormasi,Крупа манная,Semolina,Круппа ёрмаси,2013-05,monthly,2013,1014.0
001,Guruch,Рис,Rice,Гуруч,2013-06,monthly,2013,2022.0
003,Arpa,Ячмень,Barley,Арпа,2013-06,monthly,2013,1003.0
0004,Bug'doy,Пшеница,Wheat,Буғдой,2013-06,monthly,2013,920.0
005,Jo'hori,Кукуруза,Corn,Жўҳори,2013-06,monthly,2013,1150.0
006,Kepak,Отруби,Bran,Кепак,2013-06,monthly,2013,630.0
010,Kombikorm,Комбикорм,Compound feed,Комбикорм,2013-06,monthly,2013,672.0
011,Oliy navli bug'doy uni,Мука пшеничная высшего сорта,High-grade wheat flour,Олий навли буғдой уни,2013-06,monthly,2013,1267.0
017,Mol go'shti,Говядина,Beef,Мол гўшти,2013-06,monthly,2013,15769.0
0020,Qo'y go'shti,Баранина,Mutton,Қўй гўшти,2013-06,monthly,2013,15203.0
026,Turli baliqlar,Рыба всякая,Fish of all kinds,Турли балиқлар,2013-06,monthly,2013,8248.0
027,Yangi sog'ilgan sut (1 litr),Молоко свежее (1 литр),Fresh milk (1 liter),Янги соғилган сут (1 литр),2013-06,monthly,2013,1514.0
034,Tuxum (10 dona),Яйца (10 штук),Eggs (10 pieces ),Тухум (10 дона),2013-06,monthly,2013,2875.0
039,Limon,Лимоны,Lemons,Лимон,2013-06,monthly,2013,10000.0
0040,Olma,Яблоки,Apples,Олма,2013-06,monthly,2013,2089.0
041,Nok,Груши,Pears,Нок,2013-06,monthly,2013,4500.0
0050,Tarvuz,Арбуз,Watermelon,Тарвуз,2013-06,monthly,2013,1011.0
0051,Qovun,Дыня,Melon,Қовун,2013-06,monthly,2013,2219.0
053,Mayiz,Кишмиш,Kishmish,Майиз,2013-06,monthly,2013,7803.0
055,Karam,Капуста,Cabbage,Карам,2013-06,monthly,2013,1019.0
057,Bodring,Огурцы,Cucumbers,Бодринг,2013-06,monthly,2013,958.0
058,Pomidor,Помидоры,Tomatoes,Помидор,2013-06,monthly,2013,2044.0
059,Baqlajon,Баклажаны,Eggplant,Бақлажон,2013-06,monthly,2013,2058.0
0060,Bulg'or qalampiri,Перец болгарский,Bell pepper,Булғор қалампири,2013-06,monthly,2013,2750.0
061,Qovoq,Тыква,Pumpkin,Қовоқ,2013-06,monthly,2013,1115.0
063,Sabzi,Морковь,Carrot,Сабзи,2013-06,monthly,2013,1106.0
065,Sarimsoq,Чеснок,Garlic,Саримсоқ,2013-06,monthly,2013,1842.0
066,Piyoz,Лук репчатый,Onion,Пиёз,2013-06,monthly,2013,619.0
069,Kartoshka,Картофель,Potatoes,Картошка,2013-06,monthly,2013,1013.0
002,Kruppa yormasi,Крупа манная,Semolina,Круппа ёрмаси,2013-06,monthly,2013,1003.0
001,Guruch,Рис,Rice,Гуруч,2013-07,monthly,2013,2017.0
003,Arpa,Ячмень,Barley,Арпа,2013-07,monthly,2013,914.0
0004,Bug'doy,Пшеница,Wheat,Буғдой,2013-07,monthly,2013,869.0
005,Jo'hori,Кукуруза,Corn,Жўҳори,2013-07,monthly,2013,1038.0
006,Kepak,Отруби,Bran,Кепак,2013-07,monthly,2013,603.0
010,Kombikorm,Комбикорм,Compound feed,Комбикорм,2013-07,monthly,2013,647.0
011,Oliy navli bug'doy uni,Мука пшеничная высшего сорта,High-grade wheat flour,Олий навли буғдой уни,2013-07,monthly,2013,1250.0
017,Mol go'shti,Говядина,Beef,Мол гўшти,2013-07,monthly,2013,16142.0
0020,Qo'y go'shti,Баранина,Mutton,Қўй гўшти,2013-07,monthly,2013,15588.0
026,Turli baliqlar,Рыба всякая,Fish of all kinds,Турли балиқлар,2013-07,monthly,2013,8174.0
027,Yangi sog'ilgan sut (1 litr),Молоко свежее (1 литр),Fresh milk (1 liter),Янги соғилган сут (1 литр),2013-07,monthly,2013,1425.0
034,Tuxum (10 dona),Яйца (10 штук),Eggs (10 pieces ),Тухум (10 дона),2013-07,monthly,2013,2883.0
039,Limon,Лимоны,Lemons,Лимон,2013-07,monthly,2013,12167.0
0040,Olma,Яблоки,Apples,Олма,2013-07,monthly,2013,2157.0
041,Nok,Груши,Pears,Нок,2013-07,monthly,2013,4303.0
049,Uzum,Виноград,Grape,Узум,2013-07,monthly,2013,3572.0
0050,Tarvuz,Арбуз,Watermelon,Тарвуз,2013-07,monthly,2013,540.0
0051,Qovun,Дыня,Melon,Қовун,2013-07,monthly,2013,1394.0
053,Mayiz,Кишмиш,Kishmish,Майиз,2013-07,monthly,2013,7792.0
055,Karam,Капуста,Cabbage,Карам,2013-07,monthly,2013,847.0
057,Bodring,Огурцы,Cucumbers,Бодринг,2013-07,monthly,2013,656.0
058,Pomidor,Помидоры,Tomatoes,Помидор,2013-07,monthly,2013,1078.0
059,Baqlajon,Баклажаны,Eggplant,Бақлажон,2013-07,monthly,2013,1046.0
0060,Bulg'or qalampiri,Перец болгарский,Bell pepper,Булғор қалампири,2013-07,monthly,2013,1338.0
061,Qovoq,Тыква,Pumpkin,Қовоқ,2013-07,monthly,2013,795.0
063,Sabzi,Морковь,Carrot,Сабзи,2013-07,monthly,2013,1081.0
065,Sarimsoq,Чеснок,Garlic,Саримсоқ,2013-07,monthly,2013,1685.0
066,Piyoz,Лук репчатый,Onion,Пиёз,2013-07,monthly,2013,573.0
069,Kartoshka,Картофель,Potatoes,Картошка,2013-07,monthly,2013,855.0
002,Kruppa yormasi,Крупа манная,Semolina,Круппа ёрмаси,2013-07,monthly,2013,914.0
001,Guruch,Рис,Rice,Гуруч,2013-08,monthly,2013,2017.0
003,Arpa,Ячмень,Barley,Арпа,2013-08,monthly,2013,825.0
0004,Bug'doy,Пшеница,Wheat,Буғдой,2013-08,monthly,2013,799.0
005,Jo'hori,Кукуруза,Corn,Жўҳори,2013-08,monthly,2013,917.0
006,Kepak,Отруби,Bran,Кепак,2013-08,monthly,2013,595.0
010,Kombikorm,Комбикорм,Compound feed,Комбикорм,2013-08,monthly,2013,625.0
011,Oliy navli bug'doy uni,Мука пшеничная высшего сорта,High-grade wheat flour,Олий навли буғдой уни,2013-08,monthly,2013,1117.0
017,Mol go'shti,Говядина,Beef,Мол гўшти,2013-08,monthly,2013,16939.0
0020,Qo'y go'shti,Баранина,Mutton,Қўй гўшти,2013-08,monthly,2013,16395.0
026,Turli baliqlar,Рыба всякая,Fish of all kinds,Турли балиқлар,2013-08,monthly,2013,8220.0
027,Yangi sog'ilgan sut (1 litr),Молоко свежее (1 литр),Fresh milk (1 liter),Янги соғилган сут (1 литр),2013-08,monthly,2013,1419.0
034,Tuxum (10 dona),Яйца (10 штук),Eggs (10 pieces ),Тухум (10 дона),2013-08,monthly,2013,3001.0
039,Limon,Лимоны,Lemons,Лимон,2013-08,monthly,2013,13667.0
0040,Olma,Яблоки,Apples,Олма,2013-08,monthly,2013,2176.0
041,Nok,Груши,Pears,Нок,2013-08,monthly,2013,4167.0
049,Uzum,Виноград,Grape,Узум,2013-08,monthly,2013,2572.0
0050,Tarvuz,Арбуз,Watermelon,Тарвуз,2013-08,monthly,2013,519.0
0051,Qovun,Дыня,Melon,Қовун,2013-08,monthly,2013,1069.0
053,Mayiz,Кишмиш,Kishmish,Майиз,2013-08,monthly,2013,7817.0
055,Karam,Капуста,Cabbage,Карам,2013-08,monthly,2013,805.0
057,Bodring,Огурцы,Cucumbers,Бодринг,2013-08,monthly,2013,794.0
058,Pomidor,Помидоры,Tomatoes,Помидор,2013-08,monthly,2013,776.0
059,Baqlajon,Баклажаны,Eggplant,Бақлажон,2013-08,monthly,2013,592.0
0060,Bulg'or qalampiri,Перец болгарский,Bell pepper,Булғор қалампири,2013-08,monthly,2013,847.0
061,Qovoq,Тыква,Pumpkin,Қовоқ,2013-08,monthly,2013,695.0
063,Sabzi,Морковь,Carrot,Сабзи,2013-08,monthly,2013,1268.0
065,Sarimsoq,Чеснок,Garlic,Саримсоқ,2013-08,monthly,2013,1650.0
066,Piyoz,Лук репчатый,Onion,Пиёз,2013-08,monthly,2013,569.0
069,Kartoshka,Картофель,Potatoes,Картошка,2013-08,monthly,2013,894.0
002,Kruppa yormasi,Крупа манная,Semolina,Круппа ёрмаси,2013-08,monthly,2013,825.0
001,Guruch,Рис,Rice,Гуруч,2013-09,monthly,2013,1983.0
003,Arpa,Ячмень,Barley,Арпа,2013-09,monthly,2013,823.0
0004,Bug'doy,Пшеница,Wheat,Буғдой,2013-09,monthly,2013,760.0
005,Jo'hori,Кукуруза,Corn,Жўҳори,2013-09,monthly,2013,888.0
006,Kepak,Отруби,Bran,Кепак,2013-09,monthly,2013,605.0
010,Kombikorm,Комбикорм,Compound feed,Комбикорм,2013-09,monthly,2013,643.0
011,Oliy navli bug'doy uni,Мука пшеничная высшего сорта,High-grade wheat flour,Олий навли буғдой уни,2013-09,monthly,2013,1250.0
017,Mol go'shti,Говядина,Beef,Мол гўшти,2013-09,monthly,2013,17658.0
0020,Qo'y go'shti,Баранина,Mutton,Қўй гўшти,2013-09,monthly,2013,17239.0
026,Turli baliqlar,Рыба всякая,Fish of all kinds,Турли балиқлар,2013-09,monthly,2013,8220.0
027,Yangi sog'ilgan sut (1 litr),Молоко свежее (1 литр),Fresh milk (1 liter),Янги соғилган сут (1 литр),2013-09,monthly,2013,1413.0
034,Tuxum (10 dona),Яйца (10 штук),Eggs (10 pieces ),Тухум (10 дона),2013-09,monthly,2013,3217.0
039,Limon,Лимоны,Lemons,Лимон,2013-09,monthly,2013,13667.0
0040,Olma,Яблоки,Apples,Олма,2013-09,monthly,2013,1913.0
041,Nok,Груши,Pears,Нок,2013-09,monthly,2013,3958.0
049,Uzum,Виноград,Grape,Узум,2013-09,monthly,2013,2367.0
0050,Tarvuz,Арбуз,Watermelon,Тарвуз,2013-09,monthly,2013,515.0
0051,Qovun,Дыня,Melon,Қовун,2013-09,monthly,2013,1008.0
053,Mayiz,Кишмиш,Kishmish,Майиз,2013-09,monthly,2013,7817.0
055,Karam,Капуста,Cabbage,Карам,2013-09,monthly,2013,858.0
057,Bodring,Огурцы,Cucumbers,Бодринг,2013-09,monthly,2013,854.0
058,Pomidor,Помидоры,Tomatoes,Помидор,2013-09,monthly,2013,1013.0
059,Baqlajon,Баклажаны,Eggplant,Бақлажон,2013-09,monthly,2013,740.0
0060,Bulg'or qalampiri,Перец болгарский,Bell pepper,Булғор қалампири,2013-09,monthly,2013,742.0
061,Qovoq,Тыква,Pumpkin,Қовоқ,2013-09,monthly,2013,785.0
063,Sabzi,Морковь,Carrot,Сабзи,2013-09,monthly,2013,944.0
065,Sarimsoq,Чеснок,Garlic,Саримсоқ,2013-09,monthly,2013,1836.0
066,Piyoz,Лук репчатый,Onion,Пиёз,2013-09,monthly,2013,567.0
069,Kartoshka,Картофель,Potatoes,Картошка,2013-09,monthly,2013,1038.0
002,Kruppa yormasi,Крупа манная,Semolina,Круппа ёрмаси,2013-09,monthly,2013,823.0
001,Guruch,Рис,Rice,Гуруч,2013-10,monthly,2013,1983.0
003,Arpa,Ячмень,Barley,Арпа,2013-10,monthly,2013,889.0
0004,Bug'doy,Пшеница,Wheat,Буғдой,2013-10,monthly,2013,774.0
005,Jo'hori,Кукуруза,Corn,Жўҳори,2013-10,monthly,2013,904.0
006,Kepak,Отруби,Bran,Кепак,2013-10,monthly,2013,605.0
010,Kombikorm,Комбикорм,Compound feed,Комбикорм,2013-10,monthly,2013,643.0
011,Oliy navli bug'doy uni,Мука пшеничная высшего сорта,High-grade wheat flour,Олий навли буғдой уни,2013-10,monthly,2013,1250.0
017,Mol go'shti,Говядина,Beef,Мол гўшти,2013-10,monthly,2013,18417.0
0020,Qo'y go'shti,Баранина,Mutton,Қўй гўшти,2013-10,monthly,2013,17852.0
026,Turli baliqlar,Рыба всякая,Fish of all kinds,Турли балиқлар,2013-10,monthly,2013,8220.0
027,Yangi sog'ilgan sut (1 litr),Молоко свежее (1 литр),Fresh milk (1 liter),Янги соғилган сут (1 литр),2013-10,monthly,2013,1413.0
034,Tuxum (10 dona),Яйца (10 штук),Eggs (10 pieces ),Тухум (10 дона),2013-10,monthly,2013,3744.0
039,Limon,Лимоны,Lemons,Лимон,2013-10,monthly,2013,9014.0
0040,Olma,Яблоки,Apples,Олма,2013-10,monthly,2013,2313.0
041,Nok,Груши,Pears,Нок,2013-10,monthly,2013,4356.0
049,Uzum,Виноград,Grape,Узум,2013-10,monthly,2013,2408.0
0050,Tarvuz,Арбуз,Watermelon,Тарвуз,2013-10,monthly,2013,545.0
0051,Qovun,Дыня,Melon,Қовун,2013-10,monthly,2013,1103.0
053,Mayiz,Кишмиш,Kishmish,Майиз,2013-10,monthly,2013,7817.0
055,Karam,Капуста,Cabbage,Карам,2013-10,monthly,2013,879.0
057,Bodring,Огурцы,Cucumbers,Бодринг,2013-10,monthly,2013,1489.0
058,Pomidor,Помидоры,Tomatoes,Помидор,2013-10,monthly,2013,1269.0
059,Baqlajon,Баклажаны,Eggplant,Бақлажон,2013-10,monthly,2013,842.0
0060,Bulg'or qalampiri,Перец болгарский,Bell pepper,Булғор қалампири,2013-10,monthly,2013,742.0
061,Qovoq,Тыква,Pumpkin,Қовоқ,2013-10,monthly,2013,788.0
063,Sabzi,Морковь,Carrot,Сабзи,2013-10,monthly,2013,790.0
065,Sarimsoq,Чеснок,Garlic,Саримсоқ,2013-10,monthly,2013,2342.0
066,Piyoz,Лук репчатый,Onion,Пиёз,2013-10,monthly,2013,569.0
069,Kartoshka,Картофель,Potatoes,Картошка,2013-10,monthly,2013,1214.0
002,Kruppa yormasi,Крупа манная,Semolina,Круппа ёрмаси,2013-10,monthly,2013,889.0
001,Guruch,Рис,Rice,Гуруч,2013-11,monthly,2013,2013.0
003,Arpa,Ячмень,Barley,Арпа,2013-11,monthly,2013,908.0
0004,Bug'doy,Пшеница,Wheat,Буғдой,2013-11,monthly,2013,790.0
005,Jo'hori,Кукуруза,Corn,Жўҳори,2013-11,monthly,2013,935.0
006,Kepak,Отруби,Bran,Кепак,2013-11,monthly,2013,615.0
010,Kombikorm,Комбикорм,Compound feed,Комбикорм,2013-11,monthly,2013,650.0
011,Oliy navli bug'doy uni,Мука пшеничная высшего сорта,High-grade wheat flour,Олий навли буғдой уни,2013-11,monthly,2013,1279.0
017,Mol go'shti,Говядина,Beef,Мол гўшти,2013-11,monthly,2013,18917.0
0020,Qo'y go'shti,Баранина,Mutton,Қўй гўшти,2013-11,monthly,2013,18364.0
026,Turli baliqlar,Рыба всякая,Fish of all kinds,Турли балиқлар,2013-11,monthly,2013,8300.0
027,Yangi sog'ilgan sut (1 litr),Молоко свежее (1 литр),Fresh milk (1 liter),Янги соғилган сут (1 литр),2013-11,monthly,2013,1419.0
034,Tuxum (10 dona),Яйца (10 штук),Eggs (10 pieces ),Тухум (10 дона),2013-11,monthly,2013,3765.0
037,Sariyog',Масло сливочное,Butter,Сариёғ,2013-11,monthly,2013,15500.0
039,Limon,Лимоны,Lemons,Лимон,2013-11,monthly,2013,8058.0
0040,Olma,Яблоки,Apples,Олма,2013-11,monthly,2013,2879.0
041,Nok,Груши,Pears,Нок,2013-11,monthly,2013,4958.0
049,Uzum,Виноград,Grape,Узум,2013-11,monthly,2013,2242.0
0050,Tarvuz,Арбуз,Watermelon,Тарвуз,2013-11,monthly,2013,813.0
0051,Qovun,Дыня,Melon,Қовун,2013-11,monthly,2013,1408.0
053,Mayiz,Кишмиш,Kishmish,Майиз,2013-11,monthly,2013,7850.0
055,Karam,Капуста,Cabbage,Карам,2013-11,monthly,2013,654.0
057,Bodring,Огурцы,Cucumbers,Бодринг,2013-11,monthly,2013,2856.0
058,Pomidor,Помидоры,Tomatoes,Помидор,2013-11,monthly,2013,2590.0
059,Baqlajon,Баклажаны,Eggplant,Бақлажон,2013-11,monthly,2013,1583.0
0060,Bulg'or qalampiri,Перец болгарский,Bell pepper,Булғор қалампири,2013-11,monthly,2013,1232.0
061,Qovoq,Тыква,Pumpkin,Қовоқ,2013-11,monthly,2013,797.0
063,Sabzi,Морковь,Carrot,Сабзи,2013-11,monthly,2013,582.0
065,Sarimsoq,Чеснок,Garlic,Саримсоқ,2013-11,monthly,2013,2939.0
066,Piyoz,Лук репчатый,Onion,Пиёз,2013-11,monthly,2013,560.0
069,Kartoshka,Картофель,Potatoes,Картошка,2013-11,monthly,2013,1323.0
002,Kruppa yormasi,Крупа манная,Semolina,Круппа ёрмаси,2013-11,monthly,2013,908.0
001,Guruch,Рис,Rice,Гуруч,2013-12,monthly,2013,2075.0
003,Arpa,Ячмень,Barley,Арпа,2013-12,monthly,2013,951.0
0004,Bug'doy,Пшеница,Wheat,Буғдой,2013-12,monthly,2013,765.0
005,Jo'hori,Кукуруза,Corn,Жўҳори,2013-12,monthly,2013,880.0
006,Kepak,Отруби,Bran,Кепак,2013-12,monthly,2013,598.0
010,Kombikorm,Комбикорм,Compound feed,Комбикорм,2013-12,monthly,2013,606.0
011,Oliy navli bug'doy uni,Мука пшеничная высшего сорта,High-grade wheat flour,Олий навли буғдой уни,2013-12,monthly,2013,1300.0
017,Mol go'shti,Говядина,Beef,Мол гўшти,2013-12,monthly,2013,18535.0
0020,Qo'y go'shti,Баранина,Mutton,Қўй гўшти,2013-12,monthly,2013,18008.0
026,Turli baliqlar,Рыба всякая,Fish of all kinds,Турли балиқлар,2013-12,monthly,2013,8440.0
027,Yangi sog'ilgan sut (1 litr),Молоко свежее (1 литр),Fresh milk (1 liter),Янги соғилган сут (1 литр),2013-12,monthly,2013,1481.0
034,Tuxum (10 dona),Яйца (10 штук),Eggs (10 pieces ),Тухум (10 дона),2013-12,monthly,2013,3665.0
037,Sariyog',Масло сливочное,Butter,Сариёғ,2013-12,monthly,2013,16100.0
039,Limon,Лимоны,Lemons,Лимон,2013-12,monthly,2013,7417.0
0040,Olma,Яблоки,Apples,Олма,2013-12,monthly,2013,3083.0
041,Nok,Груши,Pears,Нок,2013-12,monthly,2013,5383.0
049,Uzum,Виноград,Grape,Узум,2013-12,monthly,2013,2575.0
0050,Tarvuz,Арбуз,Watermelon,Тарвуз,2013-12,monthly,2013,851.0
0051,Qovun,Дыня,Melon,Қовун,2013-12,monthly,2013,1469.0
053,Mayiz,Кишмиш,Kishmish,Майиз,2013-12,monthly,2013,7956.0
055,Karam,Капуста,Cabbage,Карам,2013-12,monthly,2013,604.0
057,Bodring,Огурцы,Cucumbers,Бодринг,2013-12,monthly,2013,3339.0
058,Pomidor,Помидоры,Tomatoes,Помидор,2013-12,monthly,2013,2965.0
059,Baqlajon,Баклажаны,Eggplant,Бақлажон,2013-12,monthly,2013,2783.0
0060,Bulg'or qalampiri,Перец болгарский,Bell pepper,Булғор қалампири,2013-12,monthly,2013,3483.0
061,Qovoq,Тыква,Pumpkin,Қовоқ,2013-12,monthly,2013,769.0
063,Sabzi,Морковь,Carrot,Сабзи,2013-12,monthly,2013,513.0
065,Sarimsoq,Чеснок,Garlic,Саримсоқ,2013-12,monthly,2013,3208.0
066,Piyoz,Лук репчатый,Onion,Пиёз,2013-12,monthly,2013,550.0
069,Kartoshka,Картофель,Potatoes,Картошка,2013-12,monthly,2013,1406.0
002,Kruppa yormasi,Крупа манная,Semolina,Круппа ёрмаси,2013-12,monthly,2013,951.0
001,Guruch,Рис,Rice,Гуруч,2014-01,monthly,2014,2167.0
003,Arpa,Ячмень,Barley,Арпа,2014-01,monthly,2014,901.0
0004,Bug'doy,Пшеница,Wheat,Буғдой,2014-01,monthly,2014,801.0
005,Jo'hori,Кукуруза,Corn,Жўҳори,2014-01,monthly,2014,901.0
006,Kepak,Отруби,Bran,Кепак,2014-01,monthly,2014,633.0
010,Kombikorm,Комбикорм,Compound feed,Комбикорм,2014-01,monthly,2014,626.0
011,Oliy navli bug'doy uni,Мука пшеничная высшего сорта,High-grade wheat flour,Олий навли буғдой уни,2014-01,monthly,2014,1300.0
017,Mol go'shti,Говядина,Beef,Мол гўшти,2014-01,monthly,2014,18333.0
0020,Qo'y go'shti,Баранина,Mutton,Қўй гўшти,2014-01,monthly,2014,17871.0
026,Turli baliqlar,Рыба всякая,Fish of all kinds,Турли балиқлар,2014-01,monthly,2014,8673.0
027,Yangi sog'ilgan sut (1 litr),Молоко свежее (1 литр),Fresh milk (1 liter),Янги соғилган сут (1 литр),2014-01,monthly,2014,1581.0
034,Tuxum (10 dona),Яйца (10 штук),Eggs (10 pieces ),Тухум (10 дона),2014-01,monthly,2014,3918.0
037,Sariyog',Масло сливочное,Butter,Сариёғ,2014-01,monthly,2014,16400.0
039,Limon,Лимоны,Lemons,Лимон,2014-01,monthly,2014,7319.0
0040,Olma,Яблоки,Apples,Олма,2014-01,monthly,2014,3439.0
041,Nok,Груши,Pears,Нок,2014-01,monthly,2014,6264.0
049,Uzum,Виноград,Grape,Узум,2014-01,monthly,2014,4088.0
0050,Tarvuz,Арбуз,Watermelon,Тарвуз,2014-01,monthly,2014,935.0
0051,Qovun,Дыня,Melon,Қовун,2014-01,monthly,2014,1756.0
053,Mayiz,Кишмиш,Kishmish,Майиз,2014-01,monthly,2014,8247.0
055,Karam,Капуста,Cabbage,Карам,2014-01,monthly,2014,669.0
057,Bodring,Огурцы,Cucumbers,Бодринг,2014-01,monthly,2014,5131.0
058,Pomidor,Помидоры,Tomatoes,Помидор,2014-01,monthly,2014,4824.0
061,Qovoq,Тыква,Pumpkin,Қовоқ,2014-01,monthly,2014,834.0
063,Sabzi,Морковь,Carrot,Сабзи,2014-01,monthly,2014,534.0
065,Sarimsoq,Чеснок,Garlic,Саримсоқ,2014-01,monthly,2014,3881.0
066,Piyoz,Лук репчатый,Onion,Пиёз,2014-01,monthly,2014,599.0
069,Kartoshka,Картофель,Potatoes,Картошка,2014-01,monthly,2014,1509.0
002,Kruppa yormasi,Крупа манная,Semolina,Круппа ёрмаси,2014-01,monthly,2014,901.0
001,Guruch,Рис,Rice,Гуруч,2014-02,monthly,2014,2247.0
003,Arpa,Ячмень,Barley,Арпа,2014-02,monthly,2014,995.0
0004,Bug'doy,Пшеница,Wheat,Буғдой,2014-02,monthly,2014,876.0
005,Jo'hori,Кукуруза,Corn,Жўҳори,2014-02,monthly,2014,999.0
006,Kepak,Отруби,Bran,Кепак,2014-02,monthly,2014,720.0
010,Kombikorm,Комбикорм,Compound feed,Комбикорм,2014-02,monthly,2014,719.0
011,Oliy navli bug'doy uni,Мука пшеничная высшего сорта,High-grade wheat flour,Олий навли буғдой уни,2014-02,monthly,2014,1317.0
017,Mol go'shti,Говядина,Beef,Мол гўшти,2014-02,monthly,2014,18803.0
0020,Qo'y go'shti,Баранина,Mutton,Қўй гўшти,2014-02,monthly,2014,18442.0
026,Turli baliqlar,Рыба всякая,Fish of all kinds,Турли балиқлар,2014-02,monthly,2014,8783.0
027,Yangi sog'ilgan sut (1 litr),Молоко свежее (1 литр),Fresh milk (1 liter),Янги соғилган сут (1 литр),2014-02,monthly,2014,1611.0
034,Tuxum (10 dona),Яйца (10 штук),Eggs (10 pieces ),Тухум (10 дона),2014-02,monthly,2014,3735.0
037,Sariyog',Масло сливочное,Butter,Сариёғ,2014-02,monthly,2014,16500.0
039,Limon,Лимоны,Lemons,Лимон,2014-02,monthly,2014,7478.0
0040,Olma,Яблоки,Apples,Олма,2014-02,monthly,2014,3599.0
041,Nok,Груши,Pears,Нок,2014-02,monthly,2014,6597.0
049,Uzum,Виноград,Grape,Узум,2014-02,monthly,2014,4526.0
053,Mayiz,Кишмиш,Kishmish,Майиз,2014-02,monthly,2014,8390.0
055,Karam,Капуста,Cabbage,Карам,2014-02,monthly,2014,829.0
057,Bodring,Огурцы,Cucumbers,Бодринг,2014-02,monthly,2014,5044.0
058,Pomidor,Помидоры,Tomatoes,Помидор,2014-02,monthly,2014,4958.0
061,Qovoq,Тыква,Pumpkin,Қовоқ,2014-02,monthly,2014,898.0
063,Sabzi,Морковь,Carrot,Сабзи,2014-02,monthly,2014,672.0
065,Sarimsoq,Чеснок,Garlic,Саримсоқ,2014-02,monthly,2014,4315.0
066,Piyoz,Лук репчатый,Onion,Пиёз,2014-02,monthly,2014,681.0
069,Kartoshka,Картофель,Potatoes,Картошка,2014-02,monthly,2014,1580.0
002,Kruppa yormasi,Крупа манная,Semolina,Круппа ёрмаси,2014-02,monthly,2014,995.0
001,Guruch,Рис,Rice,Гуруч,2014-03,monthly,2014,2267.0
003,Arpa,Ячмень,Barley,Арпа,2014-03,monthly,2014,1041.0
0004,Bug'doy,Пшеница,Wheat,Буғдой,2014-03,monthly,2014,915.0
005,Jo'hori,Кукуруза,Corn,Жўҳори,2014-03,monthly,2014,1058.0
006,Kepak,Отруби,Bran,Кепак,2014-03,monthly,2014,765.0
010,Kombikorm,Комбикорм,Compound feed,Комбикорм,2014-03,monthly,2014,769.0
011,Oliy navli bug'doy uni,Мука пшеничная высшего сорта,High-grade wheat flour,Олий навли буғдой уни,2014-03,monthly,2014,1325.0
017,Mol go'shti,Говядина,Beef,Мол гўшти,2014-03,monthly,2014,19275.0
0020,Qo'y go'shti,Баранина,Mutton,Қўй гўшти,2014-03,monthly,2014,18900.0
026,Turli baliqlar,Рыба всякая,Fish of all kinds,Турли балиқлар,2014-03,monthly,2014,8850.0
027,Yangi sog'ilgan sut (1 litr),Молоко свежее (1 литр),Fresh milk (1 liter),Янги соғилган сут (1 литр),2014-03,monthly,2014,1617.0
034,Tuxum (10 dona),Яйца (10 штук),Eggs (10 pieces ),Тухум (10 дона),2014-03,monthly,2014,3557.0
037,Sariyog',Масло сливочное,Butter,Сариёғ,2014-03,monthly,2014,16500.0
039,Limon,Лимоны,Lemons,Лимон,2014-03,monthly,2014,9508.0
0040,Olma,Яблоки,Apples,Олма,2014-03,monthly,2014,3639.0
041,Nok,Груши,Pears,Нок,2014-03,monthly,2014,6789.0
049,Uzum,Виноград,Grape,Узум,2014-03,monthly,2014,4683.0
053,Mayiz,Кишмиш,Kishmish,Майиз,2014-03,monthly,2014,8421.0
055,Karam,Капуста,Cabbage,Карам,2014-03,monthly,2014,766.0
057,Bodring,Огурцы,Cucumbers,Бодринг,2014-03,monthly,2014,5983.0
058,Pomidor,Помидоры,Tomatoes,Помидор,2014-03,monthly,2014,6286.0
061,Qovoq,Тыква,Pumpkin,Қовоқ,2014-03,monthly,2014,980.0
063,Sabzi,Морковь,Carrot,Сабзи,2014-03,monthly,2014,834.0
065,Sarimsoq,Чеснок,Garlic,Саримсоқ,2014-03,monthly,2014,4642.0
066,Piyoz,Лук репчатый,Onion,Пиёз,2014-03,monthly,2014,815.0
069,Kartoshka,Картофель,Potatoes,Картошка,2014-03,monthly,2014,1785.0
002,Kruppa yormasi,Крупа манная,Semolina,Круппа ёрмаси,2014-03,monthly,2014,1041.0
001,Guruch,Рис,Rice,Гуруч,2014-04,monthly,2014,2267.0
003,Arpa,Ячмень,Barley,Арпа,2014-04,monthly,2014,1046.0
0004,Bug'doy,Пшеница,Wheat,Буғдой,2014-04,monthly,2014,919.0
005,Jo'hori,Кукуруза,Corn,Жўҳори,2014-04,monthly,2014,1065.0
006,Kepak,Отруби,Bran,Кепак,2014-04,monthly,2014,765.0
010,Kombikorm,Комбикорм,Compound feed,Комбикорм,2014-04,monthly,2014,769.0
011,Oliy navli bug'doy uni,Мука пшеничная высшего сорта,High-grade wheat flour,Олий навли буғдой уни,2014-04,monthly,2014,1325.0
017,Mol go'shti,Говядина,Beef,Мол гўшти,2014-04,monthly,2014,19767.0
0020,Qo'y go'shti,Баранина,Mutton,Қўй гўшти,2014-04,monthly,2014,19364.0
026,Turli baliqlar,Рыба всякая,Fish of all kinds,Турли балиқлар,2014-04,monthly,2014,8850.0
027,Yangi sog'ilgan sut (1 litr),Молоко свежее (1 литр),Fresh milk (1 liter),Янги соғилган сут (1 литр),2014-04,monthly,2014,1617.0
034,Tuxum (10 dona),Яйца (10 штук),Eggs (10 pieces ),Тухум (10 дона),2014-04,monthly,2014,3376.0
037,Sariyog',Масло сливочное,Butter,Сариёғ,2014-04,monthly,2014,16500.0
039,Limon,Лимоны,Lemons,Лимон,2014-04,monthly,2014,10311.0
0040,Olma,Яблоки,Apples,Олма,2014-04,monthly,2014,3682.0
041,Nok,Груши,Pears,Нок,2014-04,monthly,2014,6950.0
053,Mayiz,Кишмиш,Kishmish,Майиз,2014-04,monthly,2014,8421.0
055,Karam,Капуста,Cabbage,Карам,2014-04,monthly,2014,1208.0
057,Bodring,Огурцы,Cucumbers,Бодринг,2014-04,monthly,2014,5331.0
058,Pomidor,Помидоры,Tomatoes,Помидор,2014-04,monthly,2014,6247.0
063,Sabzi,Морковь,Carrot,Сабзи,2014-04,monthly,2014,1090.0
065,Sarimsoq,Чеснок,Garlic,Саримсоқ,2014-04,monthly,2014,5294.0
066,Piyoz,Лук репчатый,Onion,Пиёз,2014-04,monthly,2014,1299.0
069,Kartoshka,Картофель,Potatoes,Картошка,2014-04,monthly,2014,2486.0
002,Kruppa yormasi,Крупа манная,Semolina,Круппа ёрмаси,2014-04,monthly,2014,1046.0
001,Guruch,Рис,Rice,Гуруч,2014-05,monthly,2014,2348.0
003,Arpa,Ячмень,Barley,Арпа,2014-05,monthly,2014,1055.0
0004,Bug'doy,Пшеница,Wheat,Буғдой,2014-05,monthly,2014,928.0
005,Jo'hori,Кукуруза,Corn,Жўҳори,2014-05,monthly,2014,1088.0
006,Kepak,Отруби,Bran,Кепак,2014-05,monthly,2014,748.0
010,Kombikorm,Комбикорм,Compound feed,Комбикорм,2014-05,monthly,2014,785.0
011,Oliy navli bug'doy uni,Мука пшеничная высшего сорта,High-grade wheat flour,Олий навли буғдой уни,2014-05,monthly,2014,1325.0
017,Mol go'shti,Говядина,Beef,Мол гўшти,2014-05,monthly,2014,19872.0
0020,Qo'y go'shti,Баранина,Mutton,Қўй гўшти,2014-05,monthly,2014,19455.0
026,Turli baliqlar,Рыба всякая,Fish of all kinds,Турли балиқлар,2014-05,monthly,2014,8923.0
027,Yangi sog'ilgan sut (1 litr),Молоко свежее (1 литр),Fresh milk (1 liter),Янги соғилган сут (1 литр),2014-05,monthly,2014,1624.0
034,Tuxum (10 dona),Яйца (10 штук),Eggs (10 pieces ),Тухум (10 дона),2014-05,monthly,2014,2921.0
037,Sariyog',Масло сливочное,Butter,Сариёғ,2014-05,monthly,2014,17000.0
039,Limon,Лимоны,Lemons,Лимон,2014-05,monthly,2014,11278.0
0040,Olma,Яблоки,Apples,Олма,2014-05,monthly,2014,3831.0
041,Nok,Груши,Pears,Нок,2014-05,monthly,2014,7933.0
053,Mayiz,Кишмиш,Kishmish,Майиз,2014-05,monthly,2014,8493.0
055,Karam,Капуста,Cabbage,Карам,2014-05,monthly,2014,1186.0
057,Bodring,Огурцы,Cucumbers,Бодринг,2014-05,monthly,2014,2418.0
058,Pomidor,Помидоры,Tomatoes,Помидор,2014-05,monthly,2014,4728.0
063,Sabzi,Морковь,Carrot,Сабзи,2014-05,monthly,2014,1885.0
065,Sarimsoq,Чеснок,Garlic,Саримсоқ,2014-05,monthly,2014,5178.0
066,Piyoz,Лук репчатый,Onion,Пиёз,2014-05,monthly,2014,1117.0
069,Kartoshka,Картофель,Potatoes,Картошка,2014-05,monthly,2014,2503.0
002,Kruppa yormasi,Крупа манная,Semolina,Круппа ёрмаси,2014-05,monthly,2014,1055.0
001,Guruch,Рис,Rice,Гуруч,2014-06,monthly,2014,2503.0
003,Arpa,Ячмень,Barley,Арпа,2014-06,monthly,2014,1061.0
0004,Bug'doy,Пшеница,Wheat,Буғдой,2014-06,monthly,2014,926.0
005,Jo'hori,Кукуруза,Corn,Жўҳори,2014-06,monthly,2014,1119.0
006,Kepak,Отруби,Bran,Кепак,2014-06,monthly,2014,741.0
010,Kombikorm,Комбикорм,Compound feed,Комбикорм,2014-06,monthly,2014,836.0
011,Oliy navli bug'doy uni,Мука пшеничная высшего сорта,High-grade wheat flour,Олий навли буғдой уни,2014-06,monthly,2014,1325.0
017,Mol go'shti,Говядина,Beef,Мол гўшти,2014-06,monthly,2014,20011.0
0020,Qo'y go'shti,Баранина,Mutton,Қўй гўшти,2014-06,monthly,2014,19576.0
026,Turli baliqlar,Рыба всякая,Fish of all kinds,Турли балиқлар,2014-06,monthly,2014,9033.0
027,Yangi sog'ilgan sut (1 litr),Молоко свежее (1 литр),Fresh milk (1 liter),Янги соғилган сут (1 литр),2014-06,monthly,2014,1639.0
034,Tuxum (10 dona),Яйца (10 штук),Eggs (10 pieces ),Тухум (10 дона),2014-06,monthly,2014,2714.0
037,Sariyog',Масло сливочное,Butter,Сариёғ,2014-06,monthly,2014,17000.0
039,Limon,Лимоны,Lemons,Лимон,2014-06,monthly,2014,12333.0
0040,Olma,Яблоки,Apples,Олма,2014-06,monthly,2014,2807.0
041,Nok,Груши,Pears,Нок,2014-06,monthly,2014,8422.0
0050,Tarvuz,Арбуз,Watermelon,Тарвуз,2014-06,monthly,2014,2072.0
0051,Qovun,Дыня,Melon,Қовун,2014-06,monthly,2014,2640.0
053,Mayiz,Кишмиш,Kishmish,Майиз,2014-06,monthly,2014,8489.0
055,Karam,Капуста,Cabbage,Карам,2014-06,monthly,2014,904.0
057,Bodring,Огурцы,Cucumbers,Бодринг,2014-06,monthly,2014,908.0
058,Pomidor,Помидоры,Tomatoes,Помидор,2014-06,monthly,2014,3414.0
059,Baqlajon,Баклажаны,Eggplant,Бақлажон,2014-06,monthly,2014,3395.0
0060,Bulg'or qalampiri,Перец болгарский,Bell pepper,Булғор қалампири,2014-06,monthly,2014,3355.0
061,Qovoq,Тыква,Pumpkin,Қовоқ,2014-06,monthly,2014,1916.0
063,Sabzi,Морковь,Carrot,Сабзи,2014-06,monthly,2014,2625.0
065,Sarimsoq,Чеснок,Garlic,Саримсоқ,2014-06,monthly,2014,4003.0
066,Piyoz,Лук репчатый,Onion,Пиёз,2014-06,monthly,2014,838.0
069,Kartoshka,Картофель,Potatoes,Картошка,2014-06,monthly,2014,2081.0
002,Kruppa yormasi,Крупа манная,Semolina,Круппа ёрмаси,2014-06,monthly,2014,1061.0
001,Guruch,Рис,Rice,Гуруч,2014-07,monthly,2014,2690.0
003,Arpa,Ячмень,Barley,Арпа,2014-07,monthly,2014,1033.0
0004,Bug'doy,Пшеница,Wheat,Буғдой,2014-07,monthly,2014,913.0
005,Jo'hori,Кукуруза,Corn,Жўҳори,2014-07,monthly,2014,1129.0
006,Kepak,Отруби,Bran,Кепак,2014-07,monthly,2014,740.0
010,Kombikorm,Комбикорм,Compound feed,Комбикорм,2014-07,monthly,2014,831.0
011,Oliy navli bug'doy uni,Мука пшеничная высшего сорта,High-grade wheat flour,Олий навли буғдой уни,2014-07,monthly,2014,1325.0
017,Mol go'shti,Говядина,Beef,Мол гўшти,2014-07,monthly,2014,21625.0
0020,Qo'y go'shti,Баранина,Mutton,Қўй гўшти,2014-07,monthly,2014,21136.0
026,Turli baliqlar,Рыба всякая,Fish of all kinds,Турли балиқлар,2014-07,monthly,2014,9060.0
027,Yangi sog'ilgan sut (1 litr),Молоко свежее (1 литр),Fresh milk (1 liter),Янги соғилган сут (1 литр),2014-07,monthly,2014,1642.0
034,Tuxum (10 dona),Яйца (10 штук),Eggs (10 pieces ),Тухум (10 дона),2014-07,monthly,2014,2694.0
037,Sariyog',Масло сливочное,Butter,Сариёғ,2014-07,monthly,2014,17500.0
039,Limon,Лимоны,Lemons,Лимон,2014-07,monthly,2014,13100.0
0040,Olma,Яблоки,Apples,Олма,2014-07,monthly,2014,1950.0
041,Nok,Груши,Pears,Нок,2014-07,monthly,2014,5992.0
049,Uzum,Виноград,Grape,Узум,2014-07,monthly,2014,3715.0
0050,Tarvuz,Арбуз,Watermelon,Тарвуз,2014-07,monthly,2014,578.0
0051,Qovun,Дыня,Melon,Қовун,2014-07,monthly,2014,1524.0
053,Mayiz,Кишмиш,Kishmish,Майиз,2014-07,monthly,2014,8442.0
055,Karam,Капуста,Cabbage,Карам,2014-07,monthly,2014,883.0
057,Bodring,Огурцы,Cucumbers,Бодринг,2014-07,monthly,2014,839.0
058,Pomidor,Помидоры,Tomatoes,Помидор,2014-07,monthly,2014,1164.0
059,Baqlajon,Баклажаны,Eggplant,Бақлажон,2014-07,monthly,2014,1060.0
0060,Bulg'or qalampiri,Перец болгарский,Bell pepper,Булғор қалампири,2014-07,monthly,2014,1454.0
061,Qovoq,Тыква,Pumpkin,Қовоқ,2014-07,monthly,2014,911.0
063,Sabzi,Морковь,Carrot,Сабзи,2014-07,monthly,2014,1492.0
065,Sarimsoq,Чеснок,Garlic,Саримсоқ,2014-07,monthly,2014,4014.0
066,Piyoz,Лук репчатый,Onion,Пиёз,2014-07,monthly,2014,1104.0
069,Kartoshka,Картофель,Potatoes,Картошка,2014-07,monthly,2014,1572.0
002,Kruppa yormasi,Крупа манная,Semolina,Круппа ёрмаси,2014-07,monthly,2014,1033.0
001,Guruch,Рис,Rice,Гуруч,2014-08,monthly,2014,3221.0
003,Arpa,Ячмень,Barley,Арпа,2014-08,monthly,2014,1011.0
0004,Bug'doy,Пшеница,Wheat,Буғдой,2014-08,monthly,2014,899.0
005,Jo'hori,Кукуруза,Corn,Жўҳори,2014-08,monthly,2014,1108.0
006,Kepak,Отруби,Bran,Кепак,2014-08,monthly,2014,735.0
010,Kombikorm,Комбикорм,Compound feed,Комбикорм,2014-08,monthly,2014,783.0
011,Oliy navli bug'doy uni,Мука пшеничная высшего сорта,High-grade wheat flour,Олий навли буғдой уни,2014-08,monthly,2014,1275.0
017,Mol go'shti,Говядина,Beef,Мол гўшти,2014-08,monthly,2014,22549.0
0020,Qo'y go'shti,Баранина,Mutton,Қўй гўшти,2014-08,monthly,2014,22144.0
026,Turli baliqlar,Рыба всякая,Fish of all kinds,Турли балиқлар,2014-08,monthly,2014,9120.0
027,Yangi sog'ilgan sut (1 litr),Молоко свежее (1 литр),Fresh milk (1 liter),Янги соғилган сут (1 литр),2014-08,monthly,2014,1642.0
034,Tuxum (10 dona),Яйца (10 штук),Eggs (10 pieces ),Тухум (10 дона),2014-08,monthly,2014,3289.0
037,Sariyog',Масло сливочное,Butter,Сариёғ,2014-08,monthly,2014,17750.0
039,Limon,Лимоны,Lemons,Лимон,2014-08,monthly,2014,13678.0
0040,Olma,Яблоки,Apples,Олма,2014-08,monthly,2014,1800.0
041,Nok,Груши,Pears,Нок,2014-08,monthly,2014,5637.0
049,Uzum,Виноград,Grape,Узум,2014-08,monthly,2014,2664.0
0050,Tarvuz,Арбуз,Watermelon,Тарвуз,2014-08,monthly,2014,496.0
0051,Qovun,Дыня,Melon,Қовун,2014-08,monthly,2014,1267.0
053,Mayiz,Кишмиш,Kishmish,Майиз,2014-08,monthly,2014,8442.0
055,Karam,Капуста,Cabbage,Карам,2014-08,monthly,2014,923.0
057,Bodring,Огурцы,Cucumbers,Бодринг,2014-08,monthly,2014,1715.0
058,Pomidor,Помидоры,Tomatoes,Помидор,2014-08,monthly,2014,718.0
059,Baqlajon,Баклажаны,Eggplant,Бақлажон,2014-08,monthly,2014,578.0
0060,Bulg'or qalampiri,Перец болгарский,Bell pepper,Булғор қалампири,2014-08,monthly,2014,990.0
061,Qovoq,Тыква,Pumpkin,Қовоқ,2014-08,monthly,2014,710.0
063,Sabzi,Морковь,Carrot,Сабзи,2014-08,monthly,2014,903.0
065,Sarimsoq,Чеснок,Garlic,Саримсоқ,2014-08,monthly,2014,5272.0
066,Piyoz,Лук репчатый,Onion,Пиёз,2014-08,monthly,2014,1590.0
069,Kartoshka,Картофель,Potatoes,Картошка,2014-08,monthly,2014,1393.0
002,Kruppa yormasi,Крупа манная,Semolina,Круппа ёрмаси,2014-08,monthly,2014,1011.0
001,Guruch,Рис,Rice,Гуруч,2014-09,monthly,2014,3490.0
003,Arpa,Ячмень,Barley,Арпа,2014-09,monthly,2014,1019.0
0004,Bug'doy,Пшеница,Wheat,Буғдой,2014-09,monthly,2014,875.0
005,Jo'hori,Кукуруза,Corn,Жўҳори,2014-09,monthly,2014,1231.0
006,Kepak,Отруби,Bran,Кепак,2014-09,monthly,2014,716.0
010,Kombikorm,Комбикорм,Compound feed,Комбикорм,2014-09,monthly,2014,750.0
011,Oliy navli bug'doy uni,Мука пшеничная высшего сорта,High-grade wheat flour,Олий навли буғдой уни,2014-09,monthly,2014,1275.0
017,Mol go'shti,Говядина,Beef,Мол гўшти,2014-09,monthly,2014,22840.0
0020,Qo'y go'shti,Баранина,Mutton,Қўй гўшти,2014-09,monthly,2014,22570.0
026,Turli baliqlar,Рыба всякая,Fish of all kinds,Турли балиқлар,2014-09,monthly,2014,9120.0
027,Yangi sog'ilgan sut (1 litr),Молоко свежее (1 литр),Fresh milk (1 liter),Янги соғилган сут (1 литр),2014-09,monthly,2014,1642.0
034,Tuxum (10 dona),Яйца (10 штук),Eggs (10 pieces ),Тухум (10 дона),2014-09,monthly,2014,3710.0
037,Sariyog',Масло сливочное,Butter,Сариёғ,2014-09,monthly,2014,18000.0
039,Limon,Лимоны,Lemons,Лимон,2014-09,monthly,2014,12722.0
0040,Olma,Яблоки,Apples,Олма,2014-09,monthly,2014,2115.0
041,Nok,Груши,Pears,Нок,2014-09,monthly,2014,5767.0
049,Uzum,Виноград,Grape,Узум,2014-09,monthly,2014,2422.0
0050,Tarvuz,Арбуз,Watermelon,Тарвуз,2014-09,monthly,2014,508.0
0051,Qovun,Дыня,Melon,Қовун,2014-09,monthly,2014,1099.0
053,Mayiz,Кишмиш,Kishmish,Майиз,2014-09,monthly,2014,8442.0
055,Karam,Капуста,Cabbage,Карам,2014-09,monthly,2014,961.0
057,Bodring,Огурцы,Cucumbers,Бодринг,2014-09,monthly,2014,1454.0
058,Pomidor,Помидоры,Tomatoes,Помидор,2014-09,monthly,2014,690.0
059,Baqlajon,Баклажаны,Eggplant,Бақлажон,2014-09,monthly,2014,504.0
0060,Bulg'or qalampiri,Перец болгарский,Bell pepper,Булғор қалампири,2014-09,monthly,2014,855.0
061,Qovoq,Тыква,Pumpkin,Қовоқ,2014-09,monthly,2014,869.0
063,Sabzi,Морковь,Carrot,Сабзи,2014-09,monthly,2014,733.0
065,Sarimsoq,Чеснок,Garlic,Саримсоқ,2014-09,monthly,2014,6361.0
066,Piyoz,Лук репчатый,Onion,Пиёз,2014-09,monthly,2014,1333.0
069,Kartoshka,Картофель,Potatoes,Картошка,2014-09,monthly,2014,1301.0
002,Kruppa yormasi,Крупа манная,Semolina,Круппа ёрмаси,2014-09,monthly,2014,1019.0
001,Guruch,Рис,Rice,Гуруч,2014-10,monthly,2014,3746.0
003,Arpa,Ячмень,Barley,Арпа,2014-10,monthly,2014,978.0
0004,Bug'doy,Пшеница,Wheat,Буғдой,2014-10,monthly,2014,837.0
005,Jo'hori,Кукуруза,Corn,Жўҳори,2014-10,monthly,2014,1190.0
006,Kepak,Отруби,Bran,Кепак,2014-10,monthly,2014,688.0
010,Kombikorm,Комбикорм,Compound feed,Комбикорм,2014-10,monthly,2014,723.0
011,Oliy navli bug'doy uni,Мука пшеничная высшего сорта,High-grade wheat flour,Олий навли буғдой уни,2014-10,monthly,2014,1325.0
017,Mol go'shti,Говядина,Beef,Мол гўшти,2014-10,monthly,2014,23458.0
0020,Qo'y go'shti,Баранина,Mutton,Қўй гўшти,2014-10,monthly,2014,23206.0
026,Turli baliqlar,Рыба всякая,Fish of all kinds,Турли балиқлар,2014-10,monthly,2014,9474.0
027,Yangi sog'ilgan sut (1 litr),Молоко свежее (1 литр),Fresh milk (1 liter),Янги соғилган сут (1 литр),2014-10,monthly,2014,1642.0
034,Tuxum (10 dona),Яйца (10 штук),Eggs (10 pieces ),Тухум (10 дона),2014-10,monthly,2014,4083.0
037,Sariyog',Масло сливочное,Butter,Сариёғ,2014-10,monthly,2014,18000.0
039,Limon,Лимоны,Lemons,Лимон,2014-10,monthly,2014,9022.0
0040,Olma,Яблоки,Apples,Олма,2014-10,monthly,2014,2369.0
041,Nok,Груши,Pears,Нок,2014-10,monthly,2014,5911.0
049,Uzum,Виноград,Grape,Узум,2014-10,monthly,2014,2419.0
0050,Tarvuz,Арбуз,Watermelon,Тарвуз,2014-10,monthly,2014,578.0
0051,Qovun,Дыня,Melon,Қовун,2014-10,monthly,2014,1249.0
053,Mayiz,Кишмиш,Kishmish,Майиз,2014-10,monthly,2014,8553.0
055,Karam,Капуста,Cabbage,Карам,2014-10,monthly,2014,847.0
057,Bodring,Огурцы,Cucumbers,Бодринг,2014-10,monthly,2014,1076.0
058,Pomidor,Помидоры,Tomatoes,Помидор,2014-10,monthly,2014,757.0
059,Baqlajon,Баклажаны,Eggplant,Бақлажон,2014-10,monthly,2014,751.0
0060,Bulg'or qalampiri,Перец болгарский,Bell pepper,Булғор қалампири,2014-10,monthly,2014,1006.0
061,Qovoq,Тыква,Pumpkin,Қовоқ,2014-10,monthly,2014,967.0
063,Sabzi,Морковь,Carrot,Сабзи,2014-10,monthly,2014,642.0
065,Sarimsoq,Чеснок,Garlic,Саримсоқ,2014-10,monthly,2014,8081.0
066,Piyoz,Лук репчатый,Onion,Пиёз,2014-10,monthly,2014,1715.0
069,Kartoshka,Картофель,Potatoes,Картошка,2014-10,monthly,2014,1550.0
002,Kruppa yormasi,Крупа манная,Semolina,Круппа ёрмаси,2014-10,monthly,2014,978.0
001,Guruch,Рис,Rice,Гуруч,2014-11,monthly,2014,3928.0
003,Arpa,Ячмень,Barley,Арпа,2014-11,monthly,2014,986.0
0004,Bug'doy,Пшеница,Wheat,Буғдой,2014-11,monthly,2014,854.0
005,Jo'hori,Кукуруза,Corn,Жўҳори,2014-11,monthly,2014,1192.0
006,Kepak,Отруби,Bran,Кепак,2014-11,monthly,2014,698.0
010,Kombikorm,Комбикорм,Compound feed,Комбикорм,2014-11,monthly,2014,728.0
011,Oliy navli bug'doy uni,Мука пшеничная высшего сорта,High-grade wheat flour,Олий навли буғдой уни,2014-11,monthly,2014,1325.0
017,Mol go'shti,Говядина,Beef,Мол гўшти,2014-11,monthly,2014,23743.0
0020,Qo'y go'shti,Баранина,Mutton,Қўй гўшти,2014-11,monthly,2014,23561.0
026,Turli baliqlar,Рыба всякая,Fish of all kinds,Турли балиқлар,2014-11,monthly,2014,10261.0
027,Yangi sog'ilgan sut (1 litr),Молоко свежее (1 литр),Fresh milk (1 liter),Янги соғилган сут (1 литр),2014-11,monthly,2014,1650.0
034,Tuxum (10 dona),Яйца (10 штук),Eggs (10 pieces ),Тухум (10 дона),2014-11,monthly,2014,4169.0
037,Sariyog',Масло сливочное,Butter,Сариёғ,2014-11,monthly,2014,18500.0
039,Limon,Лимоны,Lemons,Лимон,2014-11,monthly,2014,7667.0
0040,Olma,Яблоки,Apples,Олма,2014-11,monthly,2014,2661.0
041,Nok,Груши,Pears,Нок,2014-11,monthly,2014,6324.0
049,Uzum,Виноград,Grape,Узум,2014-11,monthly,2014,2747.0
0050,Tarvuz,Арбуз,Watermelon,Тарвуз,2014-11,monthly,2014,780.0
0051,Qovun,Дыня,Melon,Қовун,2014-11,monthly,2014,1564.0
053,Mayiz,Кишмиш,Kishmish,Майиз,2014-11,monthly,2014,8603.0
055,Karam,Капуста,Cabbage,Карам,2014-11,monthly,2014,899.0
057,Bodring,Огурцы,Cucumbers,Бодринг,2014-11,monthly,2014,1810.0
058,Pomidor,Помидоры,Tomatoes,Помидор,2014-11,monthly,2014,1989.0
059,Baqlajon,Баклажаны,Eggplant,Бақлажон,2014-11,monthly,2014,1792.0
0060,Bulg'or qalampiri,Перец болгарский,Bell pepper,Булғор қалампири,2014-11,monthly,2014,1610.0
061,Qovoq,Тыква,Pumpkin,Қовоқ,2014-11,monthly,2014,1072.0
063,Sabzi,Морковь,Carrot,Сабзи,2014-11,monthly,2014,662.0
065,Sarimsoq,Чеснок,Garlic,Саримсоқ,2014-11,monthly,2014,8831.0
066,Piyoz,Лук репчатый,Onion,Пиёз,2014-11,monthly,2014,2144.0
069,Kartoshka,Картофель,Potatoes,Картошка,2014-11,monthly,2014,1660.0
002,Kruppa yormasi,Крупа манная,Semolina,Круппа ёрмаси,2014-11,monthly,2014,986.0
001,Guruch,Рис,Rice,Гуруч,2014-12,monthly,2014,4607.0
003,Arpa,Ячмень,Barley,Арпа,2014-12,monthly,2014,1040.0
0004,Bug'doy,Пшеница,Wheat,Буғдой,2014-12,monthly,2014,903.0
005,Jo'hori,Кукуруза,Corn,Жўҳори,2014-12,monthly,2014,1268.0
006,Kepak,Отруби,Bran,Кепак,2014-12,monthly,2014,724.0
010,Kombikorm,Комбикорм,Compound feed,Комбикорм,2014-12,monthly,2014,749.0
011,Oliy navli bug'doy uni,Мука пшеничная высшего сорта,High-grade wheat flour,Олий навли буғдой уни,2014-12,monthly,2014,1388.0
017,Mol go'shti,Говядина,Beef,Мол гўшти,2014-12,monthly,2014,23535.0
0020,Qo'y go'shti,Баранина,Mutton,Қўй гўшти,2014-12,monthly,2014,23311.0
026,Turli baliqlar,Рыба всякая,Fish of all kinds,Турли балиқлар,2014-12,monthly,2014,13330.0
027,Yangi sog'ilgan sut (1 litr),Молоко свежее (1 литр),Fresh milk (1 liter),Янги соғилган сут (1 литр),2014-12,monthly,2014,1654.0
034,Tuxum (10 dona),Яйца (10 штук),Eggs (10 pieces ),Тухум (10 дона),2014-12,monthly,2014,3976.0
037,Sariyog',Масло сливочное,Butter,Сариёғ,2014-12,monthly,2014,19000.0
039,Limon,Лимоны,Lemons,Лимон,2014-12,monthly,2014,6144.0
0040,Olma,Яблоки,Apples,Олма,2014-12,monthly,2014,3260.0
041,Nok,Груши,Pears,Нок,2014-12,monthly,2014,7692.0
049,Uzum,Виноград,Grape,Узум,2014-12,monthly,2014,4703.0
0050,Tarvuz,Арбуз,Watermelon,Тарвуз,2014-12,monthly,2014,968.0
0051,Qovun,Дыня,Melon,Қовун,2014-12,monthly,2014,1911.0
053,Mayiz,Кишмиш,Kishmish,Майиз,2014-12,monthly,2014,8751.0
055,Karam,Капуста,Cabbage,Карам,2014-12,monthly,2014,867.0
057,Bodring,Огурцы,Cucumbers,Бодринг,2014-12,monthly,2014,4850.0
058,Pomidor,Помидоры,Tomatoes,Помидор,2014-12,monthly,2014,4583.0
0060,Bulg'or qalampiri,Перец болгарский,Bell pepper,Булғор қалампири,2014-12,monthly,2014,3500.0
061,Qovoq,Тыква,Pumpkin,Қовоқ,2014-12,monthly,2014,1239.0
063,Sabzi,Морковь,Carrot,Сабзи,2014-12,monthly,2014,682.0
065,Sarimsoq,Чеснок,Garlic,Саримсоқ,2014-12,monthly,2014,8156.0
066,Piyoz,Лук репчатый,Onion,Пиёз,2014-12,monthly,2014,2339.0
069,Kartoshka,Картофель,Potatoes,Картошка,2014-12,monthly,2014,1490.0
002,Kruppa yormasi,Крупа манная,Semolina,Круппа ёрмаси,2014-12,monthly,2014,1040.0
001,Guruch,Рис,Rice,Гуруч,2015-01,monthly,2015,4915.0
003,Arpa,Ячмень,Barley,Арпа,2015-01,monthly,2015,1120.0
0004,Bug'doy,Пшеница,Wheat,Буғдой,2015-01,monthly,2015,962.0
005,Jo'hori,Кукуруза,Corn,Жўҳори,2015-01,monthly,2015,1321.0
006,Kepak,Отруби,Bran,Кепак,2015-01,monthly,2015,770.0
010,Kombikorm,Комбикорм,Compound feed,Комбикорм,2015-01,monthly,2015,785.0
011,Oliy navli bug'doy uni,Мука пшеничная высшего сорта,High-grade wheat flour,Олий навли буғдой уни,2015-01,monthly,2015,1413.0
017,Mol go'shti,Говядина,Beef,Мол гўшти,2015-01,monthly,2015,22563.0
0020,Qo'y go'shti,Баранина,Mutton,Қўй гўшти,2015-01,monthly,2015,22341.0
026,Turli baliqlar,Рыба всякая,Fish of all kinds,Турли балиқлар,2015-01,monthly,2015,14556.0
027,Yangi sog'ilgan sut (1 litr),Молоко свежее (1 литр),Fresh milk (1 liter),Янги соғилган сут (1 литр),2015-01,monthly,2015,1654.0
034,Tuxum (10 dona),Яйца (10 штук),Eggs (10 pieces ),Тухум (10 дона),2015-01,monthly,2015,4082.0
037,Sariyog',Масло сливочное,Butter,Сариёғ,2015-01,monthly,2015,19167.0
039,Limon,Лимоны,Lemons,Лимон,2015-01,monthly,2015,5653.0
0040,Olma,Яблоки,Apples,Олма,2015-01,monthly,2015,3906.0
041,Nok,Груши,Pears,Нок,2015-01,monthly,2015,8400.0
049,Uzum,Виноград,Grape,Узум,2015-01,monthly,2015,5467.0
0050,Tarvuz,Арбуз,Watermelon,Тарвуз,2015-01,monthly,2015,1500.0
0051,Qovun,Дыня,Melon,Қовун,2015-01,monthly,2015,2271.0
053,Mayiz,Кишмиш,Kishmish,Майиз,2015-01,monthly,2015,8808.0
055,Karam,Капуста,Cabbage,Карам,2015-01,monthly,2015,927.0
057,Bodring,Огурцы,Cucumbers,Бодринг,2015-01,monthly,2015,5206.0
058,Pomidor,Помидоры,Tomatoes,Помидор,2015-01,monthly,2015,4557.0
061,Qovoq,Тыква,Pumpkin,Қовоқ,2015-01,monthly,2015,1313.0
063,Sabzi,Морковь,Carrot,Сабзи,2015-01,monthly,2015,690.0
065,Sarimsoq,Чеснок,Garlic,Саримсоқ,2015-01,monthly,2015,7615.0
066,Piyoz,Лук репчатый,Onion,Пиёз,2015-01,monthly,2015,2315.0
069,Kartoshka,Картофель,Potatoes,Картошка,2015-01,monthly,2015,1644.0
002,Kruppa yormasi,Крупа манная,Semolina,Круппа ёрмаси,2015-01,monthly,2015,1120.0
001,Guruch,Рис,Rice,Гуруч,2015-02,monthly,2015,5065.0
003,Arpa,Ячмень,Barley,Арпа,2015-02,monthly,2015,1178.0
0004,Bug'doy,Пшеница,Wheat,Буғдой,2015-02,monthly,2015,1028.0
005,Jo'hori,Кукуруза,Corn,Жўҳори,2015-02,monthly,2015,1314.0
006,Kepak,Отруби,Bran,Кепак,2015-02,monthly,2015,785.0
010,Kombikorm,Комбикорм,Compound feed,Комбикорм,2015-02,monthly,2015,795.0
011,Oliy navli bug'doy uni,Мука пшеничная высшего сорта,High-grade wheat flour,Олий навли буғдой уни,2015-02,monthly,2015,1413.0
017,Mol go'shti,Говядина,Beef,Мол гўшти,2015-02,monthly,2015,22174.0
0020,Qo'y go'shti,Баранина,Mutton,Қўй гўшти,2015-02,monthly,2015,22008.0
026,Turli baliqlar,Рыба всякая,Fish of all kinds,Турли балиқлар,2015-02,monthly,2015,14370.0
027,Yangi sog'ilgan sut (1 litr),Молоко свежее (1 литр),Fresh milk (1 liter),Янги соғилган сут (1 литр),2015-02,monthly,2015,1644.0
034,Tuxum (10 dona),Яйца (10 штук),Eggs (10 pieces ),Тухум (10 дона),2015-02,monthly,2015,3806.0
037,Sariyog',Масло сливочное,Butter,Сариёғ,2015-02,monthly,2015,18167.0
039,Limon,Лимоны,Lemons,Лимон,2015-02,monthly,2015,5947.0
0040,Olma,Яблоки,Apples,Олма,2015-02,monthly,2015,4244.0
041,Nok,Груши,Pears,Нок,2015-02,monthly,2015,8792.0
049,Uzum,Виноград,Grape,Узум,2015-02,monthly,2015,5531.0
0051,Qovun,Дыня,Melon,Қовун,2015-02,monthly,2015,2681.0
053,Mayiz,Кишмиш,Kishmish,Майиз,2015-02,monthly,2015,8911.0
055,Karam,Капуста,Cabbage,Карам,2015-02,monthly,2015,1092.0
057,Bodring,Огурцы,Cucumbers,Бодринг,2015-02,monthly,2015,5828.0
058,Pomidor,Помидоры,Tomatoes,Помидор,2015-02,monthly,2015,7361.0
061,Qovoq,Тыква,Pumpkin,Қовоқ,2015-02,monthly,2015,1328.0
063,Sabzi,Морковь,Carrot,Сабзи,2015-02,monthly,2015,681.0
065,Sarimsoq,Чеснок,Garlic,Саримсоқ,2015-02,monthly,2015,8069.0
066,Piyoz,Лук репчатый,Onion,Пиёз,2015-02,monthly,2015,2167.0
069,Kartoshka,Картофель,Potatoes,Картошка,2015-02,monthly,2015,1682.0
002,Kruppa yormasi,Крупа манная,Semolina,Круппа ёрмаси,2015-02,monthly,2015,1178.0
001,Guruch,Рис,Rice,Гуруч,2015-03,monthly,2015,5088.0
003,Arpa,Ячмень,Barley,Арпа,2015-03,monthly,2015,1193.0
0004,Bug'doy,Пшеница,Wheat,Буғдой,2015-03,monthly,2015,1066.0
005,Jo'hori,Кукуруза,Corn,Жўҳори,2015-03,monthly,2015,1324.0
006,Kepak,Отруби,Bran,Кепак,2015-03,monthly,2015,778.0
010,Kombikorm,Комбикорм,Compound feed,Комбикорм,2015-03,monthly,2015,803.0
011,Oliy navli bug'doy uni,Мука пшеничная высшего сорта,High-grade wheat flour,Олий навли буғдой уни,2015-03,monthly,2015,1375.0
017,Mol go'shti,Говядина,Beef,Мол гўшти,2015-03,monthly,2015,21733.0
0020,Qo'y go'shti,Баранина,Mutton,Қўй гўшти,2015-03,monthly,2015,21391.0
026,Turli baliqlar,Рыба всякая,Fish of all kinds,Турли балиқлар,2015-03,monthly,2015,13326.0
027,Yangi sog'ilgan sut (1 litr),Молоко свежее (1 литр),Fresh milk (1 liter),Янги соғилган сут (1 литр),2015-03,monthly,2015,1678.0
034,Tuxum (10 dona),Яйца (10 штук),Eggs (10 pieces ),Тухум (10 дона),2015-03,monthly,2015,3739.0
037,Sariyog',Масло сливочное,Butter,Сариёғ,2015-03,monthly,2015,18000.0
039,Limon,Лимоны,Lemons,Лимон,2015-03,monthly,2015,6875.0
0040,Olma,Яблоки,Apples,Олма,2015-03,monthly,2015,4500.0
041,Nok,Груши,Pears,Нок,2015-03,monthly,2015,9233.0
049,Uzum,Виноград,Grape,Узум,2015-03,monthly,2015,6083.0
0051,Qovun,Дыня,Melon,Қовун,2015-03,monthly,2015,3200.0
053,Mayiz,Кишмиш,Kishmish,Майиз,2015-03,monthly,2015,9033.0
055,Karam,Капуста,Cabbage,Карам,2015-03,monthly,2015,1288.0
057,Bodring,Огурцы,Cucumbers,Бодринг,2015-03,monthly,2015,7875.0
058,Pomidor,Помидоры,Tomatoes,Помидор,2015-03,monthly,2015,9853.0
061,Qovoq,Тыква,Pumpkin,Қовоқ,2015-03,monthly,2015,1342.0
063,Sabzi,Морковь,Carrot,Сабзи,2015-03,monthly,2015,688.0
065,Sarimsoq,Чеснок,Garlic,Саримсоқ,2015-03,monthly,2015,8407.0
066,Piyoz,Лук репчатый,Onion,Пиёз,2015-03,monthly,2015,2301.0
069,Kartoshka,Картофель,Potatoes,Картошка,2015-03,monthly,2015,1786.0
002,Kruppa yormasi,Крупа манная,Semolina,Круппа ёрмаси,2015-03,monthly,2015,1193.0
001,Guruch,Рис,Rice,Гуруч,2015-04,monthly,2015,5189.0
003,Arpa,Ячмень,Barley,Арпа,2015-04,monthly,2015,1203.0
0004,Bug'doy,Пшеница,Wheat,Буғдой,2015-04,monthly,2015,1092.0
005,Jo'hori,Кукуруза,Corn,Жўҳори,2015-04,monthly,2015,1338.0
006,Kepak,Отруби,Bran,Кепак,2015-04,monthly,2015,787.0
010,Kombikorm,Комбикорм,Compound feed,Комбикорм,2015-04,monthly,2015,813.0
011,Oliy navli bug'doy uni,Мука пшеничная высшего сорта,High-grade wheat flour,Олий навли буғдой уни,2015-04,monthly,2015,1413.0
017,Mol go'shti,Говядина,Beef,Мол гўшти,2015-04,monthly,2015,21601.0
0020,Qo'y go'shti,Баранина,Mutton,Қўй гўшти,2015-04,monthly,2015,21179.0
026,Turli baliqlar,Рыба всякая,Fish of all kinds,Турли балиқлар,2015-04,monthly,2015,13044.0
027,Yangi sog'ilgan sut (1 litr),Молоко свежее (1 литр),Fresh milk (1 liter),Янги соғилган сут (1 литр),2015-04,monthly,2015,1692.0
034,Tuxum (10 dona),Яйца (10 штук),Eggs (10 pieces ),Тухум (10 дона),2015-04,monthly,2015,3497.0
037,Sariyog',Масло сливочное,Butter,Сариёғ,2015-04,monthly,2015,18667.0
039,Limon,Лимоны,Lemons,Лимон,2015-04,monthly,2015,7406.0
0040,Olma,Яблоки,Apples,Олма,2015-04,monthly,2015,4675.0
041,Nok,Груши,Pears,Нок,2015-04,monthly,2015,10182.0
049,Uzum,Виноград,Grape,Узум,2015-04,monthly,2015,8000.0
053,Mayiz,Кишмиш,Kishmish,Майиз,2015-04,monthly,2015,9156.0
055,Karam,Капуста,Cabbage,Карам,2015-04,monthly,2015,1687.0
057,Bodring,Огурцы,Cucumbers,Бодринг,2015-04,monthly,2015,5633.0
058,Pomidor,Помидоры,Tomatoes,Помидор,2015-04,monthly,2015,8642.0
063,Sabzi,Морковь,Carrot,Сабзи,2015-04,monthly,2015,743.0
065,Sarimsoq,Чеснок,Garlic,Саримсоқ,2015-04,monthly,2015,9447.0
066,Piyoz,Лук репчатый,Onion,Пиёз,2015-04,monthly,2015,2822.0
069,Kartoshka,Картофель,Potatoes,Картошка,2015-04,monthly,2015,2348.0
002,Kruppa yormasi,Крупа манная,Semolina,Круппа ёрмаси,2015-04,monthly,2015,1203.0
001,Guruch,Рис,Rice,Гуруч,2015-05,monthly,2015,5758.0
003,Arpa,Ячмень,Barley,Арпа,2015-05,monthly,2015,1229.0
0004,Bug'doy,Пшеница,Wheat,Буғдой,2015-05,monthly,2015,1128.0
005,Jo'hori,Кукуруза,Corn,Жўҳори,2015-05,monthly,2015,1341.0
006,Kepak,Отруби,Bran,Кепак,2015-05,monthly,2015,797.0
010,Kombikorm,Комбикорм,Compound feed,Комбикорм,2015-05,monthly,2015,821.0
011,Oliy navli bug'doy uni,Мука пшеничная высшего сорта,High-grade wheat flour,Олий навли буғдой уни,2015-05,monthly,2015,1421.0
017,Mol go'shti,Говядина,Beef,Мол гўшти,2015-05,monthly,2015,21919.0
0020,Qo'y go'shti,Баранина,Mutton,Қўй гўшти,2015-05,monthly,2015,21573.0
026,Turli baliqlar,Рыба всякая,Fish of all kinds,Турли балиқлар,2015-05,monthly,2015,13156.0
027,Yangi sog'ilgan sut (1 litr),Молоко свежее (1 литр),Fresh milk (1 liter),Янги соғилган сут (1 литр),2015-05,monthly,2015,1696.0
034,Tuxum (10 dona),Яйца (10 штук),Eggs (10 pieces ),Тухум (10 дона),2015-05,monthly,2015,3522.0
037,Sariyog',Масло сливочное,Butter,Сариёғ,2015-05,monthly,2015,19500.0
039,Limon,Лимоны,Lemons,Лимон,2015-05,monthly,2015,11222.0
0040,Olma,Яблоки,Apples,Олма,2015-05,monthly,2015,5244.0
041,Nok,Груши,Pears,Нок,2015-05,monthly,2015,12304.0
053,Mayiz,Кишмиш,Kishmish,Майиз,2015-05,monthly,2015,9358.0
055,Karam,Капуста,Cabbage,Карам,2015-05,monthly,2015,1222.0
057,Bodring,Огурцы,Cucumbers,Бодринг,2015-05,monthly,2015,2836.0
058,Pomidor,Помидоры,Tomatoes,Помидор,2015-05,monthly,2015,4547.0
0060,Bulg'or qalampiri,Перец болгарский,Bell pepper,Булғор қалампири,2015-05,monthly,2015,4575.0
063,Sabzi,Морковь,Carrot,Сабзи,2015-05,monthly,2015,1329.0
065,Sarimsoq,Чеснок,Garlic,Саримсоқ,2015-05,monthly,2015,9183.0
066,Piyoz,Лук репчатый,Onion,Пиёз,2015-05,monthly,2015,1197.0
069,Kartoshka,Картофель,Potatoes,Картошка,2015-05,monthly,2015,1469.0
002,Kruppa yormasi,Крупа манная,Semolina,Круппа ёрмаси,2015-05,monthly,2015,1229.0
001,Guruch,Рис,Rice,Гуруч,2015-06,monthly,2015,6079.0
003,Arpa,Ячмень,Barley,Арпа,2015-06,monthly,2015,1235.0
0004,Bug'doy,Пшеница,Wheat,Буғдой,2015-06,monthly,2015,1136.0
005,Jo'hori,Кукуруза,Corn,Жўҳори,2015-06,monthly,2015,1448.0
006,Kepak,Отруби,Bran,Кепак,2015-06,monthly,2015,798.0
010,Kombikorm,Комбикорм,Compound feed,Комбикорм,2015-06,monthly,2015,831.0
011,Oliy navli bug'doy uni,Мука пшеничная высшего сорта,High-grade wheat flour,Олий навли буғдой уни,2015-06,monthly,2015,1438.0
017,Mol go'shti,Говядина,Beef,Мол гўшти,2015-06,monthly,2015,22100.0
0020,Qo'y go'shti,Баранина,Mutton,Қўй гўшти,2015-06,monthly,2015,21621.0
026,Turli baliqlar,Рыба всякая,Fish of all kinds,Турли балиқлар,2015-06,monthly,2015,13211.0
027,Yangi sog'ilgan sut (1 litr),Молоко свежее (1 литр),Fresh milk (1 liter),Янги соғилган сут (1 литр),2015-06,monthly,2015,1697.0
034,Tuxum (10 dona),Яйца (10 штук),Eggs (10 pieces ),Тухум (10 дона),2015-06,monthly,2015,3617.0
037,Sariyog',Масло сливочное,Butter,Сариёғ,2015-06,monthly,2015,19667.0
039,Limon,Лимоны,Lemons,Лимон,2015-06,monthly,2015,11667.0
0040,Olma,Яблоки,Apples,Олма,2015-06,monthly,2015,3489.0
041,Nok,Груши,Pears,Нок,2015-06,monthly,2015,13137.0
0050,Tarvuz,Арбуз,Watermelon,Тарвуз,2015-06,monthly,2015,1811.0
0051,Qovun,Дыня,Melon,Қовун,2015-06,monthly,2015,2100.0
053,Mayiz,Кишмиш,Kishmish,Майиз,2015-06,monthly,2015,9486.0
055,Karam,Капуста,Cabbage,Карам,2015-06,monthly,2015,921.0
057,Bodring,Огурцы,Cucumbers,Бодринг,2015-06,monthly,2015,1094.0
058,Pomidor,Помидоры,Tomatoes,Помидор,2015-06,monthly,2015,2547.0
059,Baqlajon,Баклажаны,Eggplant,Бақлажон,2015-06,monthly,2015,2808.0
0060,Bulg'or qalampiri,Перец болгарский,Bell pepper,Булғор қалампири,2015-06,monthly,2015,2944.0
061,Qovoq,Тыква,Pumpkin,Қовоқ,2015-06,monthly,2015,1150.0
063,Sabzi,Морковь,Carrot,Сабзи,2015-06,monthly,2015,1396.0
065,Sarimsoq,Чеснок,Garlic,Саримсоқ,2015-06,monthly,2015,6406.0
066,Piyoz,Лук репчатый,Onion,Пиёз,2015-06,monthly,2015,983.0
069,Kartoshka,Картофель,Potatoes,Картошка,2015-06,monthly,2015,1136.0
002,Kruppa yormasi,Крупа манная,Semolina,Круппа ёрмаси,2015-06,monthly,2015,1235.0
001,Guruch,Рис,Rice,Гуруч,2015-07,monthly,2015,6379.0
003,Arpa,Ячмень,Barley,Арпа,2015-07,monthly,2015,1131.0
0004,Bug'doy,Пшеница,Wheat,Буғдой,2015-07,monthly,2015,1022.0
005,Jo'hori,Кукуруза,Corn,Жўҳори,2015-07,monthly,2015,1617.0
006,Kepak,Отруби,Bran,Кепак,2015-07,monthly,2015,810.0
010,Kombikorm,Комбикорм,Compound feed,Комбикорм,2015-07,monthly,2015,846.0
011,Oliy navli bug'doy uni,Мука пшеничная высшего сорта,High-grade wheat flour,Олий навли буғдой уни,2015-07,monthly,2015,1604.0
017,Mol go'shti,Говядина,Beef,Мол гўшти,2015-07,monthly,2015,22140.0
0020,Qo'y go'shti,Баранина,Mutton,Қўй гўшти,2015-07,monthly,2015,21718.0
026,Turli baliqlar,Рыба всякая,Fish of all kinds,Турли балиқлар,2015-07,monthly,2015,13767.0
027,Yangi sog'ilgan sut (1 litr),Молоко свежее (1 литр),Fresh milk (1 liter),Янги соғилган сут (1 литр),2015-07,monthly,2015,1700.0
034,Tuxum (10 dona),Яйца (10 штук),Eggs (10 pieces ),Тухум (10 дона),2015-07,monthly,2015,3072.0
037,Sariyog',Масло сливочное,Butter,Сариёғ,2015-07,monthly,2015,20000.0
0040,Olma,Яблоки,Apples,Олма,2015-07,monthly,2015,3164.0
041,Nok,Груши,Pears,Нок,2015-07,monthly,2015,6627.0
049,Uzum,Виноград,Grape,Узум,2015-07,monthly,2015,4152.0
0050,Tarvuz,Арбуз,Watermelon,Тарвуз,2015-07,monthly,2015,694.0
0051,Qovun,Дыня,Melon,Қовун,2015-07,monthly,2015,1571.0
053,Mayiz,Кишмиш,Kishmish,Майиз,2015-07,monthly,2015,9500.0
055,Karam,Капуста,Cabbage,Карам,2015-07,monthly,2015,796.0
057,Bodring,Огурцы,Cucumbers,Бодринг,2015-07,monthly,2015,874.0
058,Pomidor,Помидоры,Tomatoes,Помидор,2015-07,monthly,2015,1218.0
059,Baqlajon,Баклажаны,Eggplant,Бақлажон,2015-07,monthly,2015,1175.0
0060,Bulg'or qalampiri,Перец болгарский,Bell pepper,Булғор қалампири,2015-07,monthly,2015,1317.0
061,Qovoq,Тыква,Pumpkin,Қовоқ,2015-07,monthly,2015,1069.0
063,Sabzi,Морковь,Carrot,Сабзи,2015-07,monthly,2015,1662.0
065,Sarimsoq,Чеснок,Garlic,Саримсоқ,2015-07,monthly,2015,7131.0
066,Piyoz,Лук репчатый,Onion,Пиёз,2015-07,monthly,2015,907.0
069,Kartoshka,Картофель,Potatoes,Картошка,2015-07,monthly,2015,1011.0
002,Kruppa yormasi,Крупа манная,Semolina,Круппа ёрмаси,2015-07,monthly,2015,1131.0
001,Guruch,Рис,Rice,Гуруч,2015-08,monthly,2015,6510.0
003,Arpa,Ячмень,Barley,Арпа,2015-08,monthly,2015,1096.0
0004,Bug'doy,Пшеница,Wheat,Буғдой,2015-08,monthly,2015,957.0
005,Jo'hori,Кукуруза,Corn,Жўҳори,2015-08,monthly,2015,1699.0
006,Kepak,Отруби,Bran,Кепак,2015-08,monthly,2015,877.0
010,Kombikorm,Комбикорм,Compound feed,Комбикорм,2015-08,monthly,2015,873.0
011,Oliy navli bug'doy uni,Мука пшеничная высшего сорта,High-grade wheat flour,Олий навли буғдой уни,2015-08,monthly,2015,1558.0
017,Mol go'shti,Говядина,Beef,Мол гўшти,2015-08,monthly,2015,22304.0
0020,Qo'y go'shti,Баранина,Mutton,Қўй гўшти,2015-08,monthly,2015,21836.0
026,Turli baliqlar,Рыба всякая,Fish of all kinds,Турли балиқлар,2015-08,monthly,2015,14044.0
027,Yangi sog'ilgan sut (1 litr),Молоко свежее (1 литр),Fresh milk (1 liter),Янги соғилган сут (1 литр),2015-08,monthly,2015,1700.0
034,Tuxum (10 dona),Яйца (10 штук),Eggs (10 pieces ),Тухум (10 дона),2015-08,monthly,2015,3301.0
037,Sariyog',Масло сливочное,Butter,Сариёғ,2015-08,monthly,2015,21667.0
039,Limon,Лимоны,Lemons,Лимон,2015-08,monthly,2015,23500.0
0040,Olma,Яблоки,Apples,Олма,2015-08,monthly,2015,3458.0
041,Nok,Груши,Pears,Нок,2015-08,monthly,2015,7436.0
049,Uzum,Виноград,Grape,Узум,2015-08,monthly,2015,2881.0
0050,Tarvuz,Арбуз,Watermelon,Тарвуз,2015-08,monthly,2015,589.0
0051,Qovun,Дыня,Melon,Қовун,2015-08,monthly,2015,1168.0
053,Mayiz,Кишмиш,Kishmish,Майиз,2015-08,monthly,2015,9583.0
055,Karam,Капуста,Cabbage,Карам,2015-08,monthly,2015,817.0
057,Bodring,Огурцы,Cucumbers,Бодринг,2015-08,monthly,2015,1093.0
058,Pomidor,Помидоры,Tomatoes,Помидор,2015-08,monthly,2015,1011.0
059,Baqlajon,Баклажаны,Eggplant,Бақлажон,2015-08,monthly,2015,840.0
0060,Bulg'or qalampiri,Перец болгарский,Bell pepper,Булғор қалампири,2015-08,monthly,2015,1082.0
061,Qovoq,Тыква,Pumpkin,Қовоқ,2015-08,monthly,2015,1383.0
063,Sabzi,Морковь,Carrot,Сабзи,2015-08,monthly,2015,1693.0
065,Sarimsoq,Чеснок,Garlic,Саримсоқ,2015-08,monthly,2015,8400.0
066,Piyoz,Лук репчатый,Onion,Пиёз,2015-08,monthly,2015,879.0
069,Kartoshka,Картофель,Potatoes,Картошка,2015-08,monthly,2015,883.0
002,Kruppa yormasi,Крупа манная,Semolina,Круппа ёрмаси,2015-08,monthly,2015,1096.0
001,Guruch,Рис,Rice,Гуруч,2015-09,monthly,2015,6172.0
003,Arpa,Ячмень,Barley,Арпа,2015-09,monthly,2015,1156.0
0004,Bug'doy,Пшеница,Wheat,Буғдой,2015-09,monthly,2015,1019.0
005,Jo'hori,Кукуруза,Corn,Жўҳори,2015-09,monthly,2015,1757.0
006,Kepak,Отруби,Bran,Кепак,2015-09,monthly,2015,908.0
010,Kombikorm,Комбикорм,Compound feed,Комбикорм,2015-09,monthly,2015,889.0
011,Oliy navli bug'doy uni,Мука пшеничная высшего сорта,High-grade wheat flour,Олий навли буғдой уни,2015-09,monthly,2015,1600.0
017,Mol go'shti,Говядина,Beef,Мол гўшти,2015-09,monthly,2015,22388.0
0020,Qo'y go'shti,Баранина,Mutton,Қўй гўшти,2015-09,monthly,2015,21897.0
026,Turli baliqlar,Рыба всякая,Fish of all kinds,Турли балиқлар,2015-09,monthly,2015,14289.0
027,Yangi sog'ilgan sut (1 litr),Молоко свежее (1 литр),Fresh milk (1 liter),Янги соғилган сут (1 литр),2015-09,monthly,2015,1700.0
034,Tuxum (10 dona),Яйца (10 штук),Eggs (10 pieces ),Тухум (10 дона),2015-09,monthly,2015,4232.0
037,Sariyog',Масло сливочное,Butter,Сариёғ,2015-09,monthly,2015,22000.0
039,Limon,Лимоны,Lemons,Лимон,2015-09,monthly,2015,16222.0
0040,Olma,Яблоки,Apples,Олма,2015-09,monthly,2015,3458.0
041,Nok,Груши,Pears,Нок,2015-09,monthly,2015,7491.0
049,Uzum,Виноград,Grape,Узум,2015-09,monthly,2015,2506.0
0050,Tarvuz,Арбуз,Watermelon,Тарвуз,2015-09,monthly,2015,575.0
0051,Qovun,Дыня,Melon,Қовун,2015-09,monthly,2015,1024.0
053,Mayiz,Кишмиш,Kishmish,Майиз,2015-09,monthly,2015,9681.0
055,Karam,Капуста,Cabbage,Карам,2015-09,monthly,2015,895.0
057,Bodring,Огурцы,Cucumbers,Бодринг,2015-09,monthly,2015,968.0
058,Pomidor,Помидоры,Tomatoes,Помидор,2015-09,monthly,2015,1478.0
059,Baqlajon,Баклажаны,Eggplant,Бақлажон,2015-09,monthly,2015,749.0
0060,Bulg'or qalampiri,Перец болгарский,Bell pepper,Булғор қалампири,2015-09,monthly,2015,931.0
061,Qovoq,Тыква,Pumpkin,Қовоқ,2015-09,monthly,2015,1249.0
063,Sabzi,Морковь,Carrot,Сабзи,2015-09,monthly,2015,2164.0
065,Sarimsoq,Чеснок,Garlic,Саримсоқ,2015-09,monthly,2015,8822.0
066,Piyoz,Лук репчатый,Onion,Пиёз,2015-09,monthly,2015,1003.0
069,Kartoshka,Картофель,Potatoes,Картошка,2015-09,monthly,2015,1149.0
002,Kruppa yormasi,Крупа манная,Semolina,Круппа ёрмаси,2015-09,monthly,2015,1156.0
001,Guruch,Рис,Rice,Гуруч,2015-10,monthly,2015,5194.0
003,Arpa,Ячмень,Barley,Арпа,2015-10,monthly,2015,1190.0
0004,Bug'doy,Пшеница,Wheat,Буғдой,2015-10,monthly,2015,1070.0
005,Jo'hori,Кукуруза,Corn,Жўҳори,2015-10,monthly,2015,1640.0
006,Kepak,Отруби,Bran,Кепак,2015-10,monthly,2015,911.0
010,Kombikorm,Комбикорм,Compound feed,Комбикорм,2015-10,monthly,2015,899.0
011,Oliy navli bug'doy uni,Мука пшеничная высшего сорта,High-grade wheat flour,Олий навли буғдой уни,2015-10,monthly,2015,1617.0
017,Mol go'shti,Говядина,Beef,Мол гўшти,2015-10,monthly,2015,22457.0
0020,Qo'y go'shti,Баранина,Mutton,Қўй гўшти,2015-10,monthly,2015,21939.0
026,Turli baliqlar,Рыба всякая,Fish of all kinds,Турли балиқлар,2015-10,monthly,2015,14411.0
027,Yangi sog'ilgan sut (1 litr),Молоко свежее (1 литр),Fresh milk (1 liter),Янги соғилган сут (1 литр),2015-10,monthly,2015,1700.0
034,Tuxum (10 dona),Яйца (10 штук),Eggs (10 pieces ),Тухум (10 дона),2015-10,monthly,2015,4650.0
037,Sariyog',Масло сливочное,Butter,Сариёғ,2015-10,monthly,2015,23000.0
039,Limon,Лимоны,Lemons,Лимон,2015-10,monthly,2015,12486.0
0040,Olma,Яблоки,Apples,Олма,2015-10,monthly,2015,3469.0
041,Nok,Груши,Pears,Нок,2015-10,monthly,2015,7900.0
049,Uzum,Виноград,Grape,Узум,2015-10,monthly,2015,2342.0
0050,Tarvuz,Арбуз,Watermelon,Тарвуз,2015-10,monthly,2015,656.0
0051,Qovun,Дыня,Melon,Қовун,2015-10,monthly,2015,1160.0
053,Mayiz,Кишмиш,Kishmish,Майиз,2015-10,monthly,2015,9750.0
055,Karam,Капуста,Cabbage,Карам,2015-10,monthly,2015,1167.0
057,Bodring,Огурцы,Cucumbers,Бодринг,2015-10,monthly,2015,1482.0
058,Pomidor,Помидоры,Tomatoes,Помидор,2015-10,monthly,2015,1828.0
059,Baqlajon,Баклажаны,Eggplant,Бақлажон,2015-10,monthly,2015,865.0
0060,Bulg'or qalampiri,Перец болгарский,Bell pepper,Булғор қалампири,2015-10,monthly,2015,988.0
061,Qovoq,Тыква,Pumpkin,Қовоқ,2015-10,monthly,2015,1000.0
063,Sabzi,Морковь,Carrot,Сабзи,2015-10,monthly,2015,1293.0
065,Sarimsoq,Чеснок,Garlic,Саримсоқ,2015-10,monthly,2015,9981.0
066,Piyoz,Лук репчатый,Onion,Пиёз,2015-10,monthly,2015,1057.0
069,Kartoshka,Картофель,Potatoes,Картошка,2015-10,monthly,2015,1388.0
002,Kruppa yormasi,Крупа манная,Semolina,Круппа ёрмаси,2015-10,monthly,2015,1190.0
001,Guruch,Рис,Rice,Гуруч,2015-11,monthly,2015,4713.0
003,Arpa,Ячмень,Barley,Арпа,2015-11,monthly,2015,1204.0
0004,Bug'doy,Пшеница,Wheat,Буғдой,2015-11,monthly,2015,1136.0
005,Jo'hori,Кукуруза,Corn,Жўҳори,2015-11,monthly,2015,1573.0
006,Kepak,Отруби,Bran,Кепак,2015-11,monthly,2015,926.0
010,Kombikorm,Комбикорм,Compound feed,Комбикорм,2015-11,monthly,2015,942.0
011,Oliy navli bug'doy uni,Мука пшеничная высшего сорта,High-grade wheat flour,Олий навли буғдой уни,2015-11,monthly,2015,1650.0
017,Mol go'shti,Говядина,Beef,Мол гўшти,2015-11,monthly,2015,22471.0
0020,Qo'y go'shti,Баранина,Mutton,Қўй гўшти,2015-11,monthly,2015,21945.0
026,Turli baliqlar,Рыба всякая,Fish of all kinds,Турли балиқлар,2015-11,monthly,2015,14541.0
027,Yangi sog'ilgan sut (1 litr),Молоко свежее (1 литр),Fresh milk (1 liter),Янги соғилган сут (1 литр),2015-11,monthly,2015,1703.0
034,Tuxum (10 dona),Яйца (10 штук),Eggs (10 pieces ),Тухум (10 дона),2015-11,monthly,2015,4654.0
037,Sariyog',Масло сливочное,Butter,Сариёғ,2015-11,monthly,2015,23167.0
039,Limon,Лимоны,Lemons,Лимон,2015-11,monthly,2015,9253.0
0040,Olma,Яблоки,Apples,Олма,2015-11,monthly,2015,3514.0
041,Nok,Груши,Pears,Нок,2015-11,monthly,2015,8612.0
049,Uzum,Виноград,Grape,Узум,2015-11,monthly,2015,2481.0
0050,Tarvuz,Арбуз,Watermelon,Тарвуз,2015-11,monthly,2015,906.0
0051,Qovun,Дыня,Melon,Қовун,2015-11,monthly,2015,1524.0
053,Mayiz,Кишмиш,Kishmish,Майиз,2015-11,monthly,2015,10389.0
055,Karam,Капуста,Cabbage,Карам,2015-11,monthly,2015,1113.0
057,Bodring,Огурцы,Cucumbers,Бодринг,2015-11,monthly,2015,3508.0
058,Pomidor,Помидоры,Tomatoes,Помидор,2015-11,monthly,2015,3135.0
059,Baqlajon,Баклажаны,Eggplant,Бақлажон,2015-11,monthly,2015,1546.0
0060,Bulg'or qalampiri,Перец болгарский,Bell pepper,Булғор қалампири,2015-11,monthly,2015,1340.0
061,Qovoq,Тыква,Pumpkin,Қовоқ,2015-11,monthly,2015,992.0
063,Sabzi,Морковь,Carrot,Сабзи,2015-11,monthly,2015,1035.0
065,Sarimsoq,Чеснок,Garlic,Саримсоқ,2015-11,monthly,2015,12111.0
066,Piyoz,Лук репчатый,Onion,Пиёз,2015-11,monthly,2015,996.0
069,Kartoshka,Картофель,Potatoes,Картошка,2015-11,monthly,2015,1378.0
002,Kruppa yormasi,Крупа манная,Semolina,Круппа ёрмаси,2015-11,monthly,2015,1204.0
001,Guruch,Рис,Rice,Гуруч,2015-12,monthly,2015,4483.0
003,Arpa,Ячмень,Barley,Арпа,2015-12,monthly,2015,1214.0
0004,Bug'doy,Пшеница,Wheat,Буғдой,2015-12,monthly,2015,1158.0
005,Jo'hori,Кукуруза,Corn,Жўҳори,2015-12,monthly,2015,1608.0
006,Kepak,Отруби,Bran,Кепак,2015-12,monthly,2015,948.0
010,Kombikorm,Комбикорм,Compound feed,Комбикорм,2015-12,monthly,2015,932.0
011,Oliy navli bug'doy uni,Мука пшеничная высшего сорта,High-grade wheat flour,Олий навли буғдой уни,2015-12,monthly,2015,1917.0
017,Mol go'shti,Говядина,Beef,Мол гўшти,2015-12,monthly,2015,21251.0
0020,Qo'y go'shti,Баранина,Mutton,Қўй гўшти,2015-12,monthly,2015,20885.0
026,Turli baliqlar,Рыба всякая,Fish of all kinds,Турли балиқлар,2015-12,monthly,2015,14911.0
027,Yangi sog'ilgan sut (1 litr),Молоко свежее (1 литр),Fresh milk (1 liter),Янги соғилган сут (1 литр),2015-12,monthly,2015,1707.0
034,Tuxum (10 dona),Яйца (10 штук),Eggs (10 pieces ),Тухум (10 дона),2015-12,monthly,2015,4747.0
037,Sariyog',Масло сливочное,Butter,Сариёғ,2015-12,monthly,2015,23500.0
039,Limon,Лимоны,Lemons,Лимон,2015-12,monthly,2015,7300.0
0040,Olma,Яблоки,Apples,Олма,2015-12,monthly,2015,3583.0
041,Nok,Груши,Pears,Нок,2015-12,monthly,2015,8955.0
049,Uzum,Виноград,Grape,Узум,2015-12,monthly,2015,3464.0
0050,Tarvuz,Арбуз,Watermelon,Тарвуз,2015-12,monthly,2015,1254.0
0051,Qovun,Дыня,Melon,Қовун,2015-12,monthly,2015,1806.0
053,Mayiz,Кишмиш,Kishmish,Майиз,2015-12,monthly,2015,12222.0
055,Karam,Капуста,Cabbage,Карам,2015-12,monthly,2015,832.0
057,Bodring,Огурцы,Cucumbers,Бодринг,2015-12,monthly,2015,7256.0
058,Pomidor,Помидоры,Tomatoes,Помидор,2015-12,monthly,2015,4614.0
059,Baqlajon,Баклажаны,Eggplant,Бақлажон,2015-12,monthly,2015,2800.0
0060,Bulg'or qalampiri,Перец болгарский,Bell pepper,Булғор қалампири,2015-12,monthly,2015,2917.0
061,Qovoq,Тыква,Pumpkin,Қовоқ,2015-12,monthly,2015,1014.0
063,Sabzi,Морковь,Carrot,Сабзи,2015-12,monthly,2015,792.0
065,Sarimsoq,Чеснок,Garlic,Саримсоқ,2015-12,monthly,2015,13975.0
066,Piyoz,Лук репчатый,Onion,Пиёз,2015-12,monthly,2015,842.0
069,Kartoshka,Картофель,Potatoes,Картошка,2015-12,monthly,2015,1221.0
002,Kruppa yormasi,Крупа манная,Semolina,Круппа ёрмаси,2015-12,monthly,2015,1214.0
001,Guruch,Рис,Rice,Гуруч,2016-01,monthly,2016,4364.0
003,Arpa,Ячмень,Barley,Арпа,2016-01,monthly,2016,1333.0
0004,Bug'doy,Пшеница,Wheat,Буғдой,2016-01,monthly,2016,1334.0
005,Jo'hori,Кукуруза,Corn,Жўҳори,2016-01,monthly,2016,1658.0
006,Kepak,Отруби,Bran,Кепак,2016-01,monthly,2016,979.0
010,Kombikorm,Комбикорм,Compound feed,Комбикорм,2016-01,monthly,2016,980.0
011,Oliy navli bug'doy uni,Мука пшеничная высшего сорта,High-grade wheat flour,Олий навли буғдой уни,2016-01,monthly,2016,2050.0
017,Mol go'shti,Говядина,Beef,Мол гўшти,2016-01,monthly,2016,20757.0
0020,Qo'y go'shti,Баранина,Mutton,Қўй гўшти,2016-01,monthly,2016,20303.0
026,Turli baliqlar,Рыба всякая,Fish of all kinds,Турли балиқлар,2016-01,monthly,2016,14156.0
027,Yangi sog'ilgan sut (1 litr),Молоко свежее (1 литр),Fresh milk (1 liter),Янги соғилган сут (1 литр),2016-01,monthly,2016,1713.0
034,Tuxum (10 dona),Яйца (10 штук),Eggs (10 pieces ),Тухум (10 дона),2016-01,monthly,2016,4561.0
037,Sariyog',Масло сливочное,Butter,Сариёғ,2016-01,monthly,2016,24167.0
039,Limon,Лимоны,Lemons,Лимон,2016-01,monthly,2016,6369.0
0040,Olma,Яблоки,Apples,Олма,2016-01,monthly,2016,3961.0
041,Nok,Груши,Pears,Нок,2016-01,monthly,2016,9442.0
049,Uzum,Виноград,Grape,Узум,2016-01,monthly,2016,4308.0
0050,Tarvuz,Арбуз,Watermelon,Тарвуз,2016-01,monthly,2016,1457.0
0051,Qovun,Дыня,Melon,Қовун,2016-01,monthly,2016,2161.0
053,Mayiz,Кишмиш,Kishmish,Майиз,2016-01,monthly,2016,13394.0
055,Karam,Капуста,Cabbage,Карам,2016-01,monthly,2016,614.0
057,Bodring,Огурцы,Cucumbers,Бодринг,2016-01,monthly,2016,7508.0
058,Pomidor,Помидоры,Tomatoes,Помидор,2016-01,monthly,2016,6408.0
061,Qovoq,Тыква,Pumpkin,Қовоқ,2016-01,monthly,2016,1096.0
063,Sabzi,Морковь,Carrot,Сабзи,2016-01,monthly,2016,642.0
065,Sarimsoq,Чеснок,Garlic,Саримсоқ,2016-01,monthly,2016,14106.0
066,Piyoz,Лук репчатый,Onion,Пиёз,2016-01,monthly,2016,814.0
069,Kartoshka,Картофель,Potatoes,Картошка,2016-01,monthly,2016,1139.0
002,Kruppa yormasi,Крупа манная,Semolina,Круппа ёрмаси,2016-01,monthly,2016,1333.0
001,Guruch,Рис,Rice,Гуруч,2016-02,monthly,2016,4292.0
003,Arpa,Ячмень,Barley,Арпа,2016-02,monthly,2016,1335.0
0004,Bug'doy,Пшеница,Wheat,Буғдой,2016-02,monthly,2016,1360.0
005,Jo'hori,Кукуруза,Corn,Жўҳори,2016-02,monthly,2016,1625.0
006,Kepak,Отруби,Bran,Кепак,2016-02,monthly,2016,983.0
010,Kombikorm,Комбикорм,Compound feed,Комбикорм,2016-02,monthly,2016,1004.0
011,Oliy navli bug'doy uni,Мука пшеничная высшего сорта,High-grade wheat flour,Олий навли буғдой уни,2016-02,monthly,2016,2117.0
017,Mol go'shti,Говядина,Beef,Мол гўшти,2016-02,monthly,2016,20729.0
0020,Qo'y go'shti,Баранина,Mutton,Қўй гўшти,2016-02,monthly,2016,20182.0
026,Turli baliqlar,Рыба всякая,Fish of all kinds,Турли балиқлар,2016-02,monthly,2016,13989.0
027,Yangi sog'ilgan sut (1 litr),Молоко свежее (1 литр),Fresh milk (1 liter),Янги соғилган сут (1 литр),2016-02,monthly,2016,1719.0
034,Tuxum (10 dona),Яйца (10 штук),Eggs (10 pieces ),Тухум (10 дона),2016-02,monthly,2016,4365.0
037,Sariyog',Масло сливочное,Butter,Сариёғ,2016-02,monthly,2016,25000.0
039,Limon,Лимоны,Lemons,Лимон,2016-02,monthly,2016,7519.0
0040,Olma,Яблоки,Apples,Олма,2016-02,monthly,2016,4428.0
041,Nok,Груши,Pears,Нок,2016-02,monthly,2016,11076.0
049,Uzum,Виноград,Grape,Узум,2016-02,monthly,2016,4847.0
0051,Qovun,Дыня,Melon,Қовун,2016-02,monthly,2016,3356.0
053,Mayiz,Кишмиш,Kishmish,Майиз,2016-02,monthly,2016,15156.0
055,Karam,Капуста,Cabbage,Карам,2016-02,monthly,2016,663.0
057,Bodring,Огурцы,Cucumbers,Бодринг,2016-02,monthly,2016,5736.0
058,Pomidor,Помидоры,Tomatoes,Помидор,2016-02,monthly,2016,7850.0
061,Qovoq,Тыква,Pumpkin,Қовоқ,2016-02,monthly,2016,1151.0
063,Sabzi,Морковь,Carrot,Сабзи,2016-02,monthly,2016,685.0
065,Sarimsoq,Чеснок,Garlic,Саримсоқ,2016-02,monthly,2016,15208.0
066,Piyoz,Лук репчатый,Onion,Пиёз,2016-02,monthly,2016,1025.0
069,Kartoshka,Картофель,Potatoes,Картошка,2016-02,monthly,2016,1317.0
002,Kruppa yormasi,Крупа манная,Semolina,Круппа ёрмаси,2016-02,monthly,2016,1335.0
001,Guruch,Рис,Rice,Гуруч,2016-03,monthly,2016,4172.0
003,Arpa,Ячмень,Barley,Арпа,2016-03,monthly,2016,1344.0
0004,Bug'doy,Пшеница,Wheat,Буғдой,2016-03,monthly,2016,1380.0
005,Jo'hori,Кукуруза,Corn,Жўҳори,2016-03,monthly,2016,1656.0
006,Kepak,Отруби,Bran,Кепак,2016-03,monthly,2016,991.0
010,Kombikorm,Комбикорм,Compound feed,Комбикорм,2016-03,monthly,2016,1046.0
011,Oliy navli bug'doy uni,Мука пшеничная высшего сорта,High-grade wheat flour,Олий навли буғдой уни,2016-03,monthly,2016,2150.0
017,Mol go'shti,Говядина,Beef,Мол гўшти,2016-03,monthly,2016,20646.0
0020,Qo'y go'shti,Баранина,Mutton,Қўй гўшти,2016-03,monthly,2016,20091.0
026,Turli baliqlar,Рыба всякая,Fish of all kinds,Турли балиқлар,2016-03,monthly,2016,13896.0
027,Yangi sog'ilgan sut (1 litr),Молоко свежее (1 литр),Fresh milk (1 liter),Янги соғилган сут (1 литр),2016-03,monthly,2016,1726.0
034,Tuxum (10 dona),Яйца (10 штук),Eggs (10 pieces ),Тухум (10 дона),2016-03,monthly,2016,4385.0
037,Sariyog',Масло сливочное,Butter,Сариёғ,2016-03,monthly,2016,24333.0
039,Limon,Лимоны,Lemons,Лимон,2016-03,monthly,2016,8217.0
0040,Olma,Яблоки,Apples,Олма,2016-03,monthly,2016,4678.0
041,Nok,Груши,Pears,Нок,2016-03,monthly,2016,11818.0
049,Uzum,Виноград,Grape,Узум,2016-03,monthly,2016,6753.0
0051,Qovun,Дыня,Melon,Қовун,2016-03,monthly,2016,3600.0
053,Mayiz,Кишмиш,Kishmish,Майиз,2016-03,monthly,2016,15433.0
055,Karam,Капуста,Cabbage,Карам,2016-03,monthly,2016,1509.0
057,Bodring,Огурцы,Cucumbers,Бодринг,2016-03,monthly,2016,5969.0
058,Pomidor,Помидоры,Tomatoes,Помидор,2016-03,monthly,2016,7964.0
061,Qovoq,Тыква,Pumpkin,Қовоқ,2016-03,monthly,2016,1328.0
063,Sabzi,Морковь,Carrot,Сабзи,2016-03,monthly,2016,715.0
065,Sarimsoq,Чеснок,Garlic,Саримсоқ,2016-03,monthly,2016,15703.0
066,Piyoz,Лук репчатый,Onion,Пиёз,2016-03,monthly,2016,932.0
069,Kartoshka,Картофель,Potatoes,Картошка,2016-03,monthly,2016,1249.0
002,Kruppa yormasi,Крупа манная,Semolina,Круппа ёрмаси,2016-03,monthly,2016,1344.0
001,Guruch,Рис,Rice,Гуруч,2016-04,monthly,2016,4125.0
003,Arpa,Ячмень,Barley,Арпа,2016-04,monthly,2016,1348.0
0004,Bug'doy,Пшеница,Wheat,Буғдой,2016-04,monthly,2016,1377.0
005,Jo'hori,Кукуруза,Corn,Жўҳори,2016-04,monthly,2016,1654.0
006,Kepak,Отруби,Bran,Кепак,2016-04,monthly,2016,998.0
010,Kombikorm,Комбикорм,Compound feed,Комбикорм,2016-04,monthly,2016,1079.0
011,Oliy navli bug'doy uni,Мука пшеничная высшего сорта,High-grade wheat flour,Олий навли буғдой уни,2016-04,monthly,2016,2150.0
017,Mol go'shti,Говядина,Beef,Мол гўшти,2016-04,monthly,2016,20563.0
0020,Qo'y go'shti,Баранина,Mutton,Қўй гўшти,2016-04,monthly,2016,20000.0
026,Turli baliqlar,Рыба всякая,Fish of all kinds,Турли балиқлар,2016-04,monthly,2016,13378.0
027,Yangi sog'ilgan sut (1 litr),Молоко свежее (1 литр),Fresh milk (1 liter),Янги соғилган сут (1 литр),2016-04,monthly,2016,1721.0
034,Tuxum (10 dona),Яйца (10 штук),Eggs (10 pieces ),Тухум (10 дона),2016-04,monthly,2016,4282.0
037,Sariyog',Масло сливочное,Butter,Сариёғ,2016-04,monthly,2016,23167.0
039,Limon,Лимоны,Lemons,Лимон,2016-04,monthly,2016,9586.0
0040,Olma,Яблоки,Apples,Олма,2016-04,monthly,2016,5156.0
041,Nok,Груши,Pears,Нок,2016-04,monthly,2016,11845.0
053,Mayiz,Кишмиш,Kishmish,Майиз,2016-04,monthly,2016,15725.0
055,Karam,Капуста,Cabbage,Карам,2016-04,monthly,2016,1043.0
057,Bodring,Огурцы,Cucumbers,Бодринг,2016-04,monthly,2016,3408.0
058,Pomidor,Помидоры,Tomatoes,Помидор,2016-04,monthly,2016,7819.0
063,Sabzi,Морковь,Carrot,Сабзи,2016-04,monthly,2016,965.0
065,Sarimsoq,Чеснок,Garlic,Саримсоқ,2016-04,monthly,2016,14317.0
066,Piyoz,Лук репчатый,Onion,Пиёз,2016-04,monthly,2016,864.0
069,Kartoshka,Картофель,Potatoes,Картошка,2016-04,monthly,2016,1424.0
002,Kruppa yormasi,Крупа манная,Semolina,Круппа ёрмаси,2016-04,monthly,2016,1348.0
001,Guruch,Рис,Rice,Гуруч,2016-05,monthly,2016,4367.0
003,Arpa,Ячмень,Barley,Арпа,2016-05,monthly,2016,1353.0
0004,Bug'doy,Пшеница,Wheat,Буғдой,2016-05,monthly,2016,1391.0
005,Jo'hori,Кукуруза,Corn,Жўҳори,2016-05,monthly,2016,1664.0
006,Kepak,Отруби,Bran,Кепак,2016-05,monthly,2016,1026.0
010,Kombikorm,Комбикорм,Compound feed,Комбикорм,2016-05,monthly,2016,1129.0
011,Oliy navli bug'doy uni,Мука пшеничная высшего сорта,High-grade wheat flour,Олий навли буғдой уни,2016-05,monthly,2016,2067.0
017,Mol go'shti,Говядина,Beef,Мол гўшти,2016-05,monthly,2016,20507.0
0020,Qo'y go'shti,Баранина,Mutton,Қўй гўшти,2016-05,monthly,2016,19879.0
026,Turli baliqlar,Рыба всякая,Fish of all kinds,Турли балиқлар,2016-05,monthly,2016,13304.0
027,Yangi sog'ilgan sut (1 litr),Молоко свежее (1 литр),Fresh milk (1 liter),Янги соғилган сут (1 литр),2016-05,monthly,2016,1729.0
034,Tuxum (10 dona),Яйца (10 штук),Eggs (10 pieces ),Тухум (10 дона),2016-05,monthly,2016,4315.0
037,Sariyog',Масло сливочное,Butter,Сариёғ,2016-05,monthly,2016,23500.0
039,Limon,Лимоны,Lemons,Лимон,2016-05,monthly,2016,13372.0
0040,Olma,Яблоки,Apples,Олма,2016-05,monthly,2016,4381.0
041,Nok,Груши,Pears,Нок,2016-05,monthly,2016,11900.0
053,Mayiz,Кишмиш,Kishmish,Майиз,2016-05,monthly,2016,15725.0
055,Karam,Капуста,Cabbage,Карам,2016-05,monthly,2016,790.0
057,Bodring,Огурцы,Cucumbers,Бодринг,2016-05,monthly,2016,1633.0
058,Pomidor,Помидоры,Tomatoes,Помидор,2016-05,monthly,2016,4219.0
059,Baqlajon,Баклажаны,Eggplant,Бақлажон,2016-05,monthly,2016,5433.0
0060,Bulg'or qalampiri,Перец болгарский,Bell pepper,Булғор қалампири,2016-05,monthly,2016,5064.0
063,Sabzi,Морковь,Carrot,Сабзи,2016-05,monthly,2016,1483.0
065,Sarimsoq,Чеснок,Garlic,Саримсоқ,2016-05,monthly,2016,7300.0
066,Piyoz,Лук репчатый,Onion,Пиёз,2016-05,monthly,2016,771.0
069,Kartoshka,Картофель,Potatoes,Картошка,2016-05,monthly,2016,1068.0
002,Kruppa yormasi,Крупа манная,Semolina,Круппа ёрмаси,2016-05,monthly,2016,1353.0
001,Guruch,Рис,Rice,Гуруч,2016-06,monthly,2016,4550.0
003,Arpa,Ячмень,Barley,Арпа,2016-06,monthly,2016,1365.0
0004,Bug'doy,Пшеница,Wheat,Буғдой,2016-06,monthly,2016,1394.0
005,Jo'hori,Кукуруза,Corn,Жўҳори,2016-06,monthly,2016,1683.0
006,Kepak,Отруби,Bran,Кепак,2016-06,monthly,2016,1068.0
010,Kombikorm,Комбикорм,Compound feed,Комбикорм,2016-06,monthly,2016,1186.0
011,Oliy navli bug'doy uni,Мука пшеничная высшего сорта,High-grade wheat flour,Олий навли буғдой уни,2016-06,monthly,2016,1900.0
017,Mol go'shti,Говядина,Beef,Мол гўшти,2016-06,monthly,2016,20674.0
0020,Qo'y go'shti,Баранина,Mutton,Қўй гўшти,2016-06,monthly,2016,20000.0
026,Turli baliqlar,Рыба всякая,Fish of all kinds,Турли балиқлар,2016-06,monthly,2016,13452.0
027,Yangi sog'ilgan sut (1 litr),Молоко свежее (1 литр),Fresh milk (1 liter),Янги соғилган сут (1 литр),2016-06,monthly,2016,1689.0
034,Tuxum (10 dona),Яйца (10 штук),Eggs (10 pieces ),Тухум (10 дона),2016-06,monthly,2016,4310.0
037,Sariyog',Масло сливочное,Butter,Сариёғ,2016-06,monthly,2016,24167.0
039,Limon,Лимоны,Lemons,Лимон,2016-06,monthly,2016,11944.0
0040,Olma,Яблоки,Apples,Олма,2016-06,monthly,2016,1872.0
041,Nok,Груши,Pears,Нок,2016-06,monthly,2016,11742.0
049,Uzum,Виноград,Grape,Узум,2016-06,monthly,2016,5080.0
0050,Tarvuz,Арбуз,Watermelon,Тарвуз,2016-06,monthly,2016,1619.0
0051,Qovun,Дыня,Melon,Қовун,2016-06,monthly,2016,3711.0
053,Mayiz,Кишмиш,Kishmish,Майиз,2016-06,monthly,2016,15878.0
055,Karam,Капуста,Cabbage,Карам,2016-06,monthly,2016,728.0
057,Bodring,Огурцы,Cucumbers,Бодринг,2016-06,monthly,2016,1425.0
058,Pomidor,Помидоры,Tomatoes,Помидор,2016-06,monthly,2016,2144.0
059,Baqlajon,Баклажаны,Eggplant,Бақлажон,2016-06,monthly,2016,2875.0
0060,Bulg'or qalampiri,Перец болгарский,Bell pepper,Булғор қалампири,2016-06,monthly,2016,3061.0
061,Qovoq,Тыква,Pumpkin,Қовоқ,2016-06,monthly,2016,1361.0
063,Sabzi,Морковь,Carrot,Сабзи,2016-06,monthly,2016,1672.0
065,Sarimsoq,Чеснок,Garlic,Саримсоқ,2016-06,monthly,2016,6136.0
066,Piyoz,Лук репчатый,Onion,Пиёз,2016-06,monthly,2016,675.0
069,Kartoshka,Картофель,Potatoes,Картошка,2016-06,monthly,2016,1125.0
002,Kruppa yormasi,Крупа манная,Semolina,Круппа ёрмаси,2016-06,monthly,2016,1365.0
001,Guruch,Рис,Rice,Гуруч,2016-07,monthly,2016,4756.0
003,Arpa,Ячмень,Barley,Арпа,2016-07,monthly,2016,1381.0
0004,Bug'doy,Пшеница,Wheat,Буғдой,2016-07,monthly,2016,1408.0
005,Jo'hori,Кукуруза,Corn,Жўҳори,2016-07,monthly,2016,1704.0
006,Kepak,Отруби,Bran,Кепак,2016-07,monthly,2016,1109.0
010,Kombikorm,Комбикорм,Compound feed,Комбикорм,2016-07,monthly,2016,1195.0
011,Oliy navli bug'doy uni,Мука пшеничная высшего сорта,High-grade wheat flour,Олий навли буғдой уни,2016-07,monthly,2016,1833.0
017,Mol go'shti,Говядина,Beef,Мол гўшти,2016-07,monthly,2016,20910.0
0020,Qo'y go'shti,Баранина,Mutton,Қўй гўшти,2016-07,monthly,2016,20242.0
026,Turli baliqlar,Рыба всякая,Fish of all kinds,Турли балиқлар,2016-07,monthly,2016,13544.0
027,Yangi sog'ilgan sut (1 litr),Молоко свежее (1 литр),Fresh milk (1 liter),Янги соғилган сут (1 литр),2016-07,monthly,2016,1667.0
034,Tuxum (10 dona),Яйца (10 штук),Eggs (10 pieces ),Тухум (10 дона),2016-07,monthly,2016,4296.0
037,Sariyog',Масло сливочное,Butter,Сариёғ,2016-07,monthly,2016,24500.0
039,Limon,Лимоны,Lemons,Лимон,2016-07,monthly,2016,12889.0
0040,Olma,Яблоки,Apples,Олма,2016-07,monthly,2016,1900.0
041,Nok,Груши,Pears,Нок,2016-07,monthly,2016,7323.0
049,Uzum,Виноград,Grape,Узум,2016-07,monthly,2016,3773.0
0050,Tarvuz,Арбуз,Watermelon,Тарвуз,2016-07,monthly,2016,889.0
0051,Qovun,Дыня,Melon,Қовун,2016-07,monthly,2016,1781.0
053,Mayiz,Кишмиш,Kishmish,Майиз,2016-07,monthly,2016,16183.0
055,Karam,Капуста,Cabbage,Карам,2016-07,monthly,2016,828.0
057,Bodring,Огурцы,Cucumbers,Бодринг,2016-07,monthly,2016,1508.0
058,Pomidor,Помидоры,Tomatoes,Помидор,2016-07,monthly,2016,1708.0
059,Baqlajon,Баклажаны,Eggplant,Бақлажон,2016-07,monthly,2016,1551.0
0060,Bulg'or qalampiri,Перец болгарский,Bell pepper,Булғор қалампири,2016-07,monthly,2016,1864.0
061,Qovoq,Тыква,Pumpkin,Қовоқ,2016-07,monthly,2016,1338.0
063,Sabzi,Морковь,Carrot,Сабзи,2016-07,monthly,2016,1415.0
065,Sarimsoq,Чеснок,Garlic,Саримсоқ,2016-07,monthly,2016,6175.0
066,Piyoz,Лук репчатый,Onion,Пиёз,2016-07,monthly,2016,758.0
069,Kartoshka,Картофель,Potatoes,Картошка,2016-07,monthly,2016,1167.0
002,Kruppa yormasi,Крупа манная,Semolina,Круппа ёрмаси,2016-07,monthly,2016,1381.0
001,Guruch,Рис,Rice,Гуруч,2016-08,monthly,2016,4847.0
003,Arpa,Ячмень,Barley,Арпа,2016-08,monthly,2016,1178.0
0004,Bug'doy,Пшеница,Wheat,Буғдой,2016-08,monthly,2016,1198.0
005,Jo'hori,Кукуруза,Corn,Жўҳори,2016-08,monthly,2016,1584.0
006,Kepak,Отруби,Bran,Кепак,2016-08,monthly,2016,1018.0
010,Kombikorm,Комбикорм,Compound feed,Комбикорм,2016-08,monthly,2016,1076.0
011,Oliy navli bug'doy uni,Мука пшеничная высшего сорта,High-grade wheat flour,Олий навли буғдой уни,2016-08,monthly,2016,1533.0
017,Mol go'shti,Говядина,Beef,Мол гўшти,2016-08,monthly,2016,22653.0
0020,Qo'y go'shti,Баранина,Mutton,Қўй гўшти,2016-08,monthly,2016,22182.0
026,Turli baliqlar,Рыба всякая,Fish of all kinds,Турли балиқлар,2016-08,monthly,2016,13544.0
027,Yangi sog'ilgan sut (1 litr),Молоко свежее (1 литр),Fresh milk (1 liter),Янги соғилган сут (1 литр),2016-08,monthly,2016,1679.0
034,Tuxum (10 dona),Яйца (10 штук),Eggs (10 pieces ),Тухум (10 дона),2016-08,monthly,2016,4044.0
037,Sariyog',Масло сливочное,Butter,Сариёғ,2016-08,monthly,2016,24833.0
039,Limon,Лимоны,Lemons,Лимон,2016-08,monthly,2016,13667.0
0040,Olma,Яблоки,Apples,Олма,2016-08,monthly,2016,2267.0
041,Nok,Груши,Pears,Нок,2016-08,monthly,2016,6212.0
049,Uzum,Виноград,Grape,Узум,2016-08,monthly,2016,2747.0
0050,Tarvuz,Арбуз,Watermelon,Тарвуз,2016-08,monthly,2016,574.0
0051,Qovun,Дыня,Melon,Қовун,2016-08,monthly,2016,1096.0
053,Mayiz,Кишмиш,Kishmish,Майиз,2016-08,monthly,2016,15892.0
055,Karam,Капуста,Cabbage,Карам,2016-08,monthly,2016,1250.0
057,Bodring,Огурцы,Cucumbers,Бодринг,2016-08,monthly,2016,1567.0
058,Pomidor,Помидоры,Tomatoes,Помидор,2016-08,monthly,2016,1686.0
059,Baqlajon,Баклажаны,Eggplant,Бақлажон,2016-08,monthly,2016,807.0
0060,Bulg'or qalampiri,Перец болгарский,Bell pepper,Булғор қалампири,2016-08,monthly,2016,1261.0
061,Qovoq,Тыква,Pumpkin,Қовоқ,2016-08,monthly,2016,1301.0
063,Sabzi,Морковь,Carrot,Сабзи,2016-08,monthly,2016,1354.0
065,Sarimsoq,Чеснок,Garlic,Саримсоқ,2016-08,monthly,2016,6208.0
066,Piyoz,Лук репчатый,Onion,Пиёз,2016-08,monthly,2016,897.0
069,Kartoshka,Картофель,Potatoes,Картошка,2016-08,monthly,2016,1272.0
002,Kruppa yormasi,Крупа манная,Semolina,Круппа ёрмаси,2016-08,monthly,2016,1178.0
001,Guruch,Рис,Rice,Гуруч,2016-09,monthly,2016,4753.0
003,Arpa,Ячмень,Barley,Арпа,2016-09,monthly,2016,1119.0
0004,Bug'doy,Пшеница,Wheat,Буғдой,2016-09,monthly,2016,1130.0
005,Jo'hori,Кукуруза,Corn,Жўҳори,2016-09,monthly,2016,1510.0
006,Kepak,Отруби,Bran,Кепак,2016-09,monthly,2016,947.0
010,Kombikorm,Комбикорм,Compound feed,Комбикорм,2016-09,monthly,2016,1008.0
011,Oliy navli bug'doy uni,Мука пшеничная высшего сорта,High-grade wheat flour,Олий навли буғдой уни,2016-09,monthly,2016,1475.0
017,Mol go'shti,Говядина,Beef,Мол гўшти,2016-09,monthly,2016,22917.0
0020,Qo'y go'shti,Баранина,Mutton,Қўй гўшти,2016-09,monthly,2016,22348.0
026,Turli baliqlar,Рыба всякая,Fish of all kinds,Турли балиқлар,2016-09,monthly,2016,13544.0
027,Yangi sog'ilgan sut (1 litr),Молоко свежее (1 литр),Fresh milk (1 liter),Янги соғилган сут (1 литр),2016-09,monthly,2016,1679.0
034,Tuxum (10 dona),Яйца (10 штук),Eggs (10 pieces ),Тухум (10 дона),2016-09,monthly,2016,4119.0
037,Sariyog',Масло сливочное,Butter,Сариёғ,2016-09,monthly,2016,23500.0
039,Limon,Лимоны,Lemons,Лимон,2016-09,monthly,2016,12905.0
0040,Olma,Яблоки,Apples,Олма,2016-09,monthly,2016,2336.0
041,Nok,Груши,Pears,Нок,2016-09,monthly,2016,6955.0
049,Uzum,Виноград,Grape,Узум,2016-09,monthly,2016,2817.0
0050,Tarvuz,Арбуз,Watermelon,Тарвуз,2016-09,monthly,2016,673.0
0051,Qovun,Дыня,Melon,Қовун,2016-09,monthly,2016,1131.0
053,Mayiz,Кишмиш,Kishmish,Майиз,2016-09,monthly,2016,15308.0
055,Karam,Капуста,Cabbage,Карам,2016-09,monthly,2016,1351.0
057,Bodring,Огурцы,Cucumbers,Бодринг,2016-09,monthly,2016,1468.0
058,Pomidor,Помидоры,Tomatoes,Помидор,2016-09,monthly,2016,2096.0
059,Baqlajon,Баклажаны,Eggplant,Бақлажон,2016-09,monthly,2016,1022.0
0060,Bulg'or qalampiri,Перец болгарский,Bell pepper,Булғор қалампири,2016-09,monthly,2016,1138.0
061,Qovoq,Тыква,Pumpkin,Қовоқ,2016-09,monthly,2016,1133.0
063,Sabzi,Морковь,Carrot,Сабзи,2016-09,monthly,2016,1188.0
065,Sarimsoq,Чеснок,Garlic,Саримсоқ,2016-09,monthly,2016,8433.0
066,Piyoz,Лук репчатый,Onion,Пиёз,2016-09,monthly,2016,993.0
069,Kartoshka,Картофель,Potatoes,Картошка,2016-09,monthly,2016,1890.0
002,Kruppa yormasi,Крупа манная,Semolina,Круппа ёрмаси,2016-09,monthly,2016,1119.0
001,Guruch,Рис,Rice,Гуруч,2016-10,monthly,2016,4683.0
003,Arpa,Ячмень,Barley,Арпа,2016-10,monthly,2016,1101.0
0004,Bug'doy,Пшеница,Wheat,Буғдой,2016-10,monthly,2016,1112.0
005,Jo'hori,Кукуруза,Corn,Жўҳори,2016-10,monthly,2016,1463.0
006,Kepak,Отруби,Bran,Кепак,2016-10,monthly,2016,929.0
010,Kombikorm,Комбикорм,Compound feed,Комбикорм,2016-10,monthly,2016,998.0
011,Oliy navli bug'doy uni,Мука пшеничная высшего сорта,High-grade wheat flour,Олий навли буғдой уни,2016-10,monthly,2016,1658.0
017,Mol go'shti,Говядина,Beef,Мол гўшти,2016-10,monthly,2016,23000.0
0020,Qo'y go'shti,Баранина,Mutton,Қўй гўшти,2016-10,monthly,2016,22409.0
026,Turli baliqlar,Рыба всякая,Fish of all kinds,Турли балиқлар,2016-10,monthly,2016,13544.0
027,Yangi sog'ilgan sut (1 litr),Молоко свежее (1 литр),Fresh milk (1 liter),Янги соғилган сут (1 литр),2016-10,monthly,2016,1679.0
034,Tuxum (10 dona),Яйца (10 штук),Eggs (10 pieces ),Тухум (10 дона),2016-10,monthly,2016,4517.0
037,Sariyog',Масло сливочное,Butter,Сариёғ,2016-10,monthly,2016,23500.0
039,Limon,Лимоны,Lemons,Лимон,2016-10,monthly,2016,10516.0
0040,Olma,Яблоки,Apples,Олма,2016-10,monthly,2016,2375.0
041,Nok,Груши,Pears,Нок,2016-10,monthly,2016,6921.0
049,Uzum,Виноград,Grape,Узум,2016-10,monthly,2016,2917.0
0050,Tarvuz,Арбуз,Watermelon,Тарвуз,2016-10,monthly,2016,841.0
0051,Qovun,Дыня,Melon,Қовун,2016-10,monthly,2016,1236.0
053,Mayiz,Кишмиш,Kishmish,Майиз,2016-10,monthly,2016,15308.0
055,Karam,Капуста,Cabbage,Карам,2016-10,monthly,2016,1156.0
057,Bodring,Огурцы,Cucumbers,Бодринг,2016-10,monthly,2016,2422.0
058,Pomidor,Помидоры,Tomatoes,Помидор,2016-10,monthly,2016,3008.0
059,Baqlajon,Баклажаны,Eggplant,Бақлажон,2016-10,monthly,2016,1217.0
0060,Bulg'or qalampiri,Перец болгарский,Bell pepper,Булғор қалампири,2016-10,monthly,2016,1388.0
061,Qovoq,Тыква,Pumpkin,Қовоқ,2016-10,monthly,2016,1033.0
063,Sabzi,Морковь,Carrot,Сабзи,2016-10,monthly,2016,1121.0
065,Sarimsoq,Чеснок,Garlic,Саримсоқ,2016-10,monthly,2016,11875.0
066,Piyoz,Лук репчатый,Onion,Пиёз,2016-10,monthly,2016,1051.0
069,Kartoshka,Картофель,Potatoes,Картошка,2016-10,monthly,2016,2354.0
002,Kruppa yormasi,Крупа манная,Semolina,Круппа ёрмаси,2016-10,monthly,2016,1101.0
001,Guruch,Рис,Rice,Гуруч,2016-11,monthly,2016,4208.0
003,Arpa,Ячмень,Barley,Арпа,2016-11,monthly,2016,1113.0
0004,Bug'doy,Пшеница,Wheat,Буғдой,2016-11,monthly,2016,1138.0
005,Jo'hori,Кукуруза,Corn,Жўҳори,2016-11,monthly,2016,1463.0
006,Kepak,Отруби,Bran,Кепак,2016-11,monthly,2016,935.0
010,Kombikorm,Комбикорм,Compound feed,Комбикорм,2016-11,monthly,2016,1029.0
011,Oliy navli bug'doy uni,Мука пшеничная высшего сорта,High-grade wheat flour,Олий навли буғдой уни,2016-11,monthly,2016,1675.0
017,Mol go'shti,Говядина,Beef,Мол гўшти,2016-11,monthly,2016,23042.0
0020,Qo'y go'shti,Баранина,Mutton,Қўй гўшти,2016-11,monthly,2016,22455.0
026,Turli baliqlar,Рыба всякая,Fish of all kinds,Турли балиқлар,2016-11,monthly,2016,13363.0
027,Yangi sog'ilgan sut (1 litr),Молоко свежее (1 литр),Fresh milk (1 liter),Янги соғилган сут (1 литр),2016-11,monthly,2016,1686.0
034,Tuxum (10 dona),Яйца (10 штук),Eggs (10 pieces ),Тухум (10 дона),2016-11,monthly,2016,5256.0
037,Sariyog',Масло сливочное,Butter,Сариёғ,2016-11,monthly,2016,24333.0
039,Limon,Лимоны,Lemons,Лимон,2016-11,monthly,2016,8389.0
0040,Olma,Яблоки,Apples,Олма,2016-11,monthly,2016,3085.0
041,Nok,Груши,Pears,Нок,2016-11,monthly,2016,7270.0
049,Uzum,Виноград,Grape,Узум,2016-11,monthly,2016,3151.0
0050,Tarvuz,Арбуз,Watermelon,Тарвуз,2016-11,monthly,2016,975.0
0051,Qovun,Дыня,Melon,Қовун,2016-11,monthly,2016,1414.0
053,Mayiz,Кишмиш,Kishmish,Майиз,2016-11,monthly,2016,15489.0
055,Karam,Капуста,Cabbage,Карам,2016-11,monthly,2016,947.0
057,Bodring,Огурцы,Cucumbers,Бодринг,2016-11,monthly,2016,3574.0
058,Pomidor,Помидоры,Tomatoes,Помидор,2016-11,monthly,2016,4296.0
059,Baqlajon,Баклажаны,Eggplant,Бақлажон,2016-11,monthly,2016,1333.0
0060,Bulg'or qalampiri,Перец болгарский,Bell pepper,Булғор қалампири,2016-11,monthly,2016,1919.0
061,Qovoq,Тыква,Pumpkin,Қовоқ,2016-11,monthly,2016,1068.0
063,Sabzi,Морковь,Carrot,Сабзи,2016-11,monthly,2016,807.0
065,Sarimsoq,Чеснок,Garlic,Саримсоқ,2016-11,monthly,2016,11981.0
066,Piyoz,Лук репчатый,Onion,Пиёз,2016-11,monthly,2016,1347.0
069,Kartoshka,Картофель,Potatoes,Картошка,2016-11,monthly,2016,2240.0
002,Kruppa yormasi,Крупа манная,Semolina,Круппа ёрмаси,2016-11,monthly,2016,1113.0
001,Guruch,Рис,Rice,Гуруч,2016-12,monthly,2016,3803.0
003,Arpa,Ячмень,Barley,Арпа,2016-12,monthly,2016,1150.0
0004,Bug'doy,Пшеница,Wheat,Буғдой,2016-12,monthly,2016,1185.0
005,Jo'hori,Кукуруза,Corn,Жўҳори,2016-12,monthly,2016,1469.0
006,Kepak,Отруби,Bran,Кепак,2016-12,monthly,2016,942.0
010,Kombikorm,Комбикорм,Compound feed,Комбикорм,2016-12,monthly,2016,1048.0
011,Oliy navli bug'doy uni,Мука пшеничная высшего сорта,High-grade wheat flour,Олий навли буғдой уни,2016-12,monthly,2016,1858.0
017,Mol go'shti,Говядина,Beef,Мол гўшти,2016-12,monthly,2016,22632.0
0020,Qo'y go'shti,Баранина,Mutton,Қўй гўшти,2016-12,monthly,2016,22073.0
026,Turli baliqlar,Рыба всякая,Fish of all kinds,Турли балиқлар,2016-12,monthly,2016,13453.0
027,Yangi sog'ilgan sut (1 litr),Молоко свежее (1 литр),Fresh milk (1 liter),Янги соғилган сут (1 литр),2016-12,monthly,2016,1700.0
034,Tuxum (10 dona),Яйца (10 штук),Eggs (10 pieces ),Тухум (10 дона),2016-12,monthly,2016,5533.0
037,Sariyog',Масло сливочное,Butter,Сариёғ,2016-12,monthly,2016,26000.0
039,Limon,Лимоны,Lemons,Лимон,2016-12,monthly,2016,6235.0
0040,Olma,Яблоки,Apples,Олма,2016-12,monthly,2016,3624.0
041,Nok,Груши,Pears,Нок,2016-12,monthly,2016,7970.0
049,Uzum,Виноград,Grape,Узум,2016-12,monthly,2016,3482.0
0050,Tarvuz,Арбуз,Watermelon,Тарвуз,2016-12,monthly,2016,1297.0
0051,Qovun,Дыня,Melon,Қовун,2016-12,monthly,2016,1747.0
053,Mayiz,Кишмиш,Kishmish,Майиз,2016-12,monthly,2016,15542.0
055,Karam,Капуста,Cabbage,Карам,2016-12,monthly,2016,1194.0
057,Bodring,Огурцы,Cucumbers,Бодринг,2016-12,monthly,2016,8983.0
058,Pomidor,Помидоры,Tomatoes,Помидор,2016-12,monthly,2016,6479.0
061,Qovoq,Тыква,Pumpkin,Қовоқ,2016-12,monthly,2016,1099.0
063,Sabzi,Морковь,Carrot,Сабзи,2016-12,monthly,2016,651.0
065,Sarimsoq,Чеснок,Garlic,Саримсоқ,2016-12,monthly,2016,13833.0
066,Piyoz,Лук репчатый,Onion,Пиёз,2016-12,monthly,2016,1421.0
069,Kartoshka,Картофель,Potatoes,Картошка,2016-12,monthly,2016,2381.0
002,Kruppa yormasi,Крупа манная,Semolina,Круппа ёрмаси,2016-12,monthly,2016,1150.0
001,Guruch,Рис,Rice,Гуруч,2017-01,monthly,2017,3847.0
003,Arpa,Ячмень,Barley,Арпа,2017-01,monthly,2017,1260.0
0004,Bug'doy,Пшеница,Wheat,Буғдой,2017-01,monthly,2017,1271.0
005,Jo'hori,Кукуруза,Corn,Жўҳори,2017-01,monthly,2017,1377.0
006,Kepak,Отруби,Bran,Кепак,2017-01,monthly,2017,945.0
010,Kombikorm,Комбикорм,Compound feed,Комбикорм,2017-01,monthly,2017,1036.0
011,Oliy navli bug'doy uni,Мука пшеничная высшего сорта,High-grade wheat flour,Олий навли буғдой уни,2017-01,monthly,2017,1900.0
017,Mol go'shti,Говядина,Beef,Мол гўшти,2017-01,monthly,2017,22354.0
0020,Qo'y go'shti,Баранина,Mutton,Қўй гўшти,2017-01,monthly,2017,21882.0
026,Turli baliqlar,Рыба всякая,Fish of all kinds,Турли балиқлар,2017-01,monthly,2017,13763.0
027,Yangi sog'ilgan sut (1 litr),Молоко свежее (1 литр),Fresh milk (1 liter),Янги соғилган сут (1 литр),2017-01,monthly,2017,1703.0
034,Tuxum (10 dona),Яйца (10 штук),Eggs (10 pieces ),Тухум (10 дона),2017-01,monthly,2017,5569.0
037,Sariyog',Масло сливочное,Butter,Сариёғ,2017-01,monthly,2017,28000.0
039,Limon,Лимоны,Lemons,Лимон,2017-01,monthly,2017,7278.0
0040,Olma,Яблоки,Apples,Олма,2017-01,monthly,2017,4092.0
041,Nok,Груши,Pears,Нок,2017-01,monthly,2017,11918.0
049,Uzum,Виноград,Grape,Узум,2017-01,monthly,2017,4231.0
0050,Tarvuz,Арбуз,Watermelon,Тарвуз,2017-01,monthly,2017,1697.0
0051,Qovun,Дыня,Melon,Қовун,2017-01,monthly,2017,2288.0
053,Mayiz,Кишмиш,Kishmish,Майиз,2017-01,monthly,2017,15606.0
055,Karam,Капуста,Cabbage,Карам,2017-01,monthly,2017,2138.0
057,Bodring,Огурцы,Cucumbers,Бодринг,2017-01,monthly,2017,9264.0
058,Pomidor,Помидоры,Tomatoes,Помидор,2017-01,monthly,2017,9003.0
061,Qovoq,Тыква,Pumpkin,Қовоқ,2017-01,monthly,2017,1267.0
063,Sabzi,Морковь,Carrot,Сабзи,2017-01,monthly,2017,593.0
065,Sarimsoq,Чеснок,Garlic,Саримсоқ,2017-01,monthly,2017,15500.0
066,Piyoz,Лук репчатый,Onion,Пиёз,2017-01,monthly,2017,1426.0
069,Kartoshka,Картофель,Potatoes,Картошка,2017-01,monthly,2017,2499.0
002,Kruppa yormasi,Крупа манная,Semolina,Круппа ёрмаси,2017-01,monthly,2017,1260.0
001,Guruch,Рис,Rice,Гуруч,2017-02,monthly,2017,3958.0
003,Arpa,Ячмень,Barley,Арпа,2017-02,monthly,2017,1360.0
0004,Bug'doy,Пшеница,Wheat,Буғдой,2017-02,monthly,2017,1371.0
005,Jo'hori,Кукуруза,Corn,Жўҳори,2017-02,monthly,2017,1433.0
006,Kepak,Отруби,Bran,Кепак,2017-02,monthly,2017,960.0
010,Kombikorm,Комбикорм,Compound feed,Комбикорм,2017-02,monthly,2017,1050.0
011,Oliy navli bug'doy uni,Мука пшеничная высшего сорта,High-grade wheat flour,Олий навли буғдой уни,2017-02,monthly,2017,2000.0
017,Mol go'shti,Говядина,Beef,Мол гўшти,2017-02,monthly,2017,22326.0
0020,Qo'y go'shti,Баранина,Mutton,Қўй гўшти,2017-02,monthly,2017,21558.0
026,Turli baliqlar,Рыба всякая,Fish of all kinds,Турли балиқлар,2017-02,monthly,2017,14230.0
027,Yangi sog'ilgan sut (1 litr),Молоко свежее (1 литр),Fresh milk (1 liter),Янги соғилган сут (1 литр),2017-02,monthly,2017,1713.0
034,Tuxum (10 dona),Яйца (10 штук),Eggs (10 pieces ),Тухум (10 дона),2017-02,monthly,2017,5558.0
037,Sariyog',Масло сливочное,Butter,Сариёғ,2017-02,monthly,2017,28667.0
039,Limon,Лимоны,Lemons,Лимон,2017-02,monthly,2017,6456.0
0040,Olma,Яблоки,Apples,Олма,2017-02,monthly,2017,4425.0
041,Nok,Груши,Pears,Нок,2017-02,monthly,2017,12958.0
049,Uzum,Виноград,Grape,Узум,2017-02,monthly,2017,4286.0
0051,Qovun,Дыня,Melon,Қовун,2017-02,monthly,2017,2622.0
053,Mayiz,Кишмиш,Kishmish,Майиз,2017-02,monthly,2017,18050.0
055,Karam,Капуста,Cabbage,Карам,2017-02,monthly,2017,2458.0
057,Bodring,Огурцы,Cucumbers,Бодринг,2017-02,monthly,2017,8931.0
058,Pomidor,Помидоры,Tomatoes,Помидор,2017-02,monthly,2017,8428.0
061,Qovoq,Тыква,Pumpkin,Қовоқ,2017-02,monthly,2017,1454.0
063,Sabzi,Морковь,Carrot,Сабзи,2017-02,monthly,2017,678.0
065,Sarimsoq,Чеснок,Garlic,Саримсоқ,2017-02,monthly,2017,16847.0
066,Piyoz,Лук репчатый,Onion,Пиёз,2017-02,monthly,2017,1744.0
069,Kartoshka,Картофель,Potatoes,Картошка,2017-02,monthly,2017,2542.0
002,Kruppa yormasi,Крупа манная,Semolina,Круппа ёрмаси,2017-02,monthly,2017,1360.0
001,Guruch,Рис,Rice,Гуруч,2017-03,monthly,2017,3929.0
003,Arpa,Ячмень,Barley,Арпа,2017-03,monthly,2017,1378.0
0004,Bug'doy,Пшеница,Wheat,Буғдой,2017-03,monthly,2017,1388.0
005,Jo'hori,Кукуруза,Corn,Жўҳори,2017-03,monthly,2017,1444.0
006,Kepak,Отруби,Bran,Кепак,2017-03,monthly,2017,975.0
010,Kombikorm,Комбикорм,Compound feed,Комбикорм,2017-03,monthly,2017,1083.0
011,Oliy navli bug'doy uni,Мука пшеничная высшего сорта,High-grade wheat flour,Олий навли буғдой уни,2017-03,monthly,2017,2000.0
017,Mol go'shti,Говядина,Beef,Мол гўшти,2017-03,monthly,2017,22125.0
0020,Qo'y go'shti,Баранина,Mutton,Қўй гўшти,2017-03,monthly,2017,20455.0
026,Turli baliqlar,Рыба всякая,Fish of all kinds,Турли балиқлар,2017-03,monthly,2017,14697.0
027,Yangi sog'ilgan sut (1 litr),Молоко свежее (1 литр),Fresh milk (1 liter),Янги соғилган сут (1 литр),2017-03,monthly,2017,1721.0
034,Tuxum (10 dona),Яйца (10 штук),Eggs (10 pieces ),Тухум (10 дона),2017-03,monthly,2017,5592.0
037,Sariyog',Масло сливочное,Butter,Сариёғ,2017-03,monthly,2017,30000.0
039,Limon,Лимоны,Lemons,Лимон,2017-03,monthly,2017,8650.0
0040,Olma,Яблоки,Apples,Олма,2017-03,monthly,2017,4894.0
041,Nok,Груши,Pears,Нок,2017-03,monthly,2017,15088.0
049,Uzum,Виноград,Grape,Узум,2017-03,monthly,2017,4922.0
0051,Qovun,Дыня,Melon,Қовун,2017-03,monthly,2017,2913.0
053,Mayiz,Кишмиш,Kishmish,Майиз,2017-03,monthly,2017,18161.0
055,Karam,Капуста,Cabbage,Карам,2017-03,monthly,2017,2475.0
057,Bodring,Огурцы,Cucumbers,Бодринг,2017-03,monthly,2017,10611.0
058,Pomidor,Помидоры,Tomatoes,Помидор,2017-03,monthly,2017,11286.0
061,Qovoq,Тыква,Pumpkin,Қовоқ,2017-03,monthly,2017,1663.0
063,Sabzi,Морковь,Carrot,Сабзи,2017-03,monthly,2017,782.0
065,Sarimsoq,Чеснок,Garlic,Саримсоқ,2017-03,monthly,2017,17917.0
066,Piyoz,Лук репчатый,Onion,Пиёз,2017-03,monthly,2017,2542.0
069,Kartoshka,Картофель,Potatoes,Картошка,2017-03,monthly,2017,3056.0
002,Kruppa yormasi,Крупа манная,Semolina,Круппа ёрмаси,2017-03,monthly,2017,1378.0
001,Guruch,Рис,Rice,Гуруч,2017-04,monthly,2017,3646.0
003,Arpa,Ячмень,Barley,Арпа,2017-04,monthly,2017,1424.0
0004,Bug'doy,Пшеница,Wheat,Буғдой,2017-04,monthly,2017,1410.0
005,Jo'hori,Кукуруза,Corn,Жўҳори,2017-04,monthly,2017,1456.0
006,Kepak,Отруби,Bran,Кепак,2017-04,monthly,2017,1041.0
010,Kombikorm,Комбикорм,Compound feed,Комбикорм,2017-04,monthly,2017,1148.0
011,Oliy navli bug'doy uni,Мука пшеничная высшего сорта,High-grade wheat flour,Олий навли буғдой уни,2017-04,monthly,2017,2067.0
017,Mol go'shti,Говядина,Beef,Мол гўшти,2017-04,monthly,2017,22000.0
0020,Qo'y go'shti,Баранина,Mutton,Қўй гўшти,2017-04,monthly,2017,20727.0
026,Turli baliqlar,Рыба всякая,Fish of all kinds,Турли балиқлар,2017-04,monthly,2017,14930.0
027,Yangi sog'ilgan sut (1 litr),Молоко свежее (1 литр),Fresh milk (1 liter),Янги соғилган сут (1 литр),2017-04,monthly,2017,1654.0
034,Tuxum (10 dona),Яйца (10 штук),Eggs (10 pieces ),Тухум (10 дона),2017-04,monthly,2017,5325.0
037,Sariyog',Масло сливочное,Butter,Сариёғ,2017-04,monthly,2017,32000.0
039,Limon,Лимоны,Lemons,Лимон,2017-04,monthly,2017,9617.0
0040,Olma,Яблоки,Apples,Олма,2017-04,monthly,2017,5181.0
041,Nok,Груши,Pears,Нок,2017-04,monthly,2017,16682.0
053,Mayiz,Кишмиш,Kishmish,Майиз,2017-04,monthly,2017,18353.0
055,Karam,Капуста,Cabbage,Карам,2017-04,monthly,2017,2141.0
057,Bodring,Огурцы,Cucumbers,Бодринг,2017-04,monthly,2017,8472.0
058,Pomidor,Помидоры,Tomatoes,Помидор,2017-04,monthly,2017,11236.0
063,Sabzi,Морковь,Carrot,Сабзи,2017-04,monthly,2017,1024.0
065,Sarimsoq,Чеснок,Garlic,Саримсоқ,2017-04,monthly,2017,19083.0
066,Piyoz,Лук репчатый,Onion,Пиёз,2017-04,monthly,2017,2936.0
069,Kartoshka,Картофель,Potatoes,Картошка,2017-04,monthly,2017,3617.0
002,Kruppa yormasi,Крупа манная,Semolina,Круппа ёрмаси,2017-04,monthly,2017,1424.0
001,Guruch,Рис,Rice,Гуруч,2017-05,monthly,2017,3572.0
003,Arpa,Ячмень,Barley,Арпа,2017-05,monthly,2017,1449.0
0004,Bug'doy,Пшеница,Wheat,Буғдой,2017-05,monthly,2017,1426.0
005,Jo'hori,Кукуруза,Corn,Жўҳори,2017-05,monthly,2017,1468.0
006,Kepak,Отруби,Bran,Кепак,2017-05,monthly,2017,1085.0
010,Kombikorm,Комбикорм,Compound feed,Комбикорм,2017-05,monthly,2017,1210.0
011,Oliy navli bug'doy uni,Мука пшеничная высшего сорта,High-grade wheat flour,Олий навли буғдой уни,2017-05,monthly,2017,2100.0
017,Mol go'shti,Говядина,Beef,Мол гўшти,2017-05,monthly,2017,23875.0
0020,Qo'y go'shti,Баранина,Mutton,Қўй гўшти,2017-05,monthly,2017,22833.0
026,Turli baliqlar,Рыба всякая,Fish of all kinds,Турли балиқлар,2017-05,monthly,2017,15078.0
027,Yangi sog'ilgan sut (1 litr),Молоко свежее (1 литр),Fresh milk (1 liter),Янги соғилган сут (1 литр),2017-05,monthly,2017,1815.0
034,Tuxum (10 dona),Яйца (10 штук),Eggs (10 pieces ),Тухум (10 дона),2017-05,monthly,2017,4742.0
037,Sariyog',Масло сливочное,Butter,Сариёғ,2017-05,monthly,2017,33667.0
039,Limon,Лимоны,Lemons,Лимон,2017-05,monthly,2017,10389.0
0040,Olma,Яблоки,Apples,Олма,2017-05,monthly,2017,5289.0
041,Nok,Груши,Pears,Нок,2017-05,monthly,2017,17985.0
053,Mayiz,Кишмиш,Kishmish,Майиз,2017-05,monthly,2017,18383.0
055,Karam,Капуста,Cabbage,Карам,2017-05,monthly,2017,1871.0
057,Bodring,Огурцы,Cucumbers,Бодринг,2017-05,monthly,2017,3268.0
058,Pomidor,Помидоры,Tomatoes,Помидор,2017-05,monthly,2017,7572.0
059,Baqlajon,Баклажаны,Eggplant,Бақлажон,2017-05,monthly,2017,6833.0
0060,Bulg'or qalampiri,Перец болгарский,Bell pepper,Булғор қалампири,2017-05,monthly,2017,9808.0
061,Qovoq,Тыква,Pumpkin,Қовоқ,2017-05,monthly,2017,2175.0
063,Sabzi,Морковь,Carrot,Сабзи,2017-05,monthly,2017,1997.0
065,Sarimsoq,Чеснок,Garlic,Саримсоқ,2017-05,monthly,2017,10575.0
066,Piyoz,Лук репчатый,Onion,Пиёз,2017-05,monthly,2017,2043.0
069,Kartoshka,Картофель,Potatoes,Картошка,2017-05,monthly,2017,4157.0
002,Kruppa yormasi,Крупа манная,Semolina,Круппа ёрмаси,2017-05,monthly,2017,1449.0
001,Guruch,Рис,Rice,Гуруч,2017-06,monthly,2017,3469.0
003,Arpa,Ячмень,Barley,Арпа,2017-06,monthly,2017,1463.0
0004,Bug'doy,Пшеница,Wheat,Буғдой,2017-06,monthly,2017,1438.0
005,Jo'hori,Кукуруза,Corn,Жўҳори,2017-06,monthly,2017,1488.0
006,Kepak,Отруби,Bran,Кепак,2017-06,monthly,2017,1115.0
010,Kombikorm,Комбикорм,Compound feed,Комбикорм,2017-06,monthly,2017,1212.0
011,Oliy navli bug'doy uni,Мука пшеничная высшего сорта,High-grade wheat flour,Олий навли буғдой уни,2017-06,monthly,2017,2100.0
017,Mol go'shti,Говядина,Beef,Мол гўшти,2017-06,monthly,2017,26556.0
0020,Qo'y go'shti,Баранина,Mutton,Қўй гўшти,2017-06,monthly,2017,25227.0
026,Turli baliqlar,Рыба всякая,Fish of all kinds,Турли балиқлар,2017-06,monthly,2017,15583.0
027,Yangi sog'ilgan sut (1 litr),Молоко свежее (1 литр),Fresh milk (1 liter),Янги соғилган сут (1 литр),2017-06,monthly,2017,2033.0
034,Tuxum (10 dona),Яйца (10 штук),Eggs (10 pieces ),Тухум (10 дона),2017-06,monthly,2017,4786.0
037,Sariyog',Масло сливочное,Butter,Сариёғ,2017-06,monthly,2017,27000.0
039,Limon,Лимоны,Lemons,Лимон,2017-06,monthly,2017,12667.0
0040,Olma,Яблоки,Apples,Олма,2017-06,monthly,2017,3014.0
041,Nok,Груши,Pears,Нок,2017-06,monthly,2017,21333.0
049,Uzum,Виноград,Grape,Узум,2017-06,monthly,2017,7500.0
0050,Tarvuz,Арбуз,Watermelon,Тарвуз,2017-06,monthly,2017,1504.0
0051,Qovun,Дыня,Melon,Қовун,2017-06,monthly,2017,2525.0
053,Mayiz,Кишмиш,Kishmish,Майиз,2017-06,monthly,2017,18383.0
055,Karam,Капуста,Cabbage,Карам,2017-06,monthly,2017,1649.0
057,Bodring,Огурцы,Cucumbers,Бодринг,2017-06,monthly,2017,1413.0
058,Pomidor,Помидоры,Tomatoes,Помидор,2017-06,monthly,2017,3111.0
059,Baqlajon,Баклажаны,Eggplant,Бақлажон,2017-06,monthly,2017,4028.0
0060,Bulg'or qalampiri,Перец болгарский,Bell pepper,Булғор қалампири,2017-06,monthly,2017,5231.0
061,Qovoq,Тыква,Pumpkin,Қовоқ,2017-06,monthly,2017,1554.0
063,Sabzi,Морковь,Carrot,Сабзи,2017-06,monthly,2017,2669.0
065,Sarimsoq,Чеснок,Garlic,Саримсоқ,2017-06,monthly,2017,6067.0
066,Piyoz,Лук репчатый,Onion,Пиёз,2017-06,monthly,2017,2454.0
069,Kartoshka,Картофель,Potatoes,Картошка,2017-06,monthly,2017,3717.0
002,Kruppa yormasi,Крупа манная,Semolina,Круппа ёрмаси,2017-06,monthly,2017,1463.0
001,Guruch,Рис,Rice,Гуруч,2017-07,monthly,2017,3342.0
003,Arpa,Ячмень,Barley,Арпа,2017-07,monthly,2017,1431.0
0004,Bug'doy,Пшеница,Wheat,Буғдой,2017-07,monthly,2017,1439.0
005,Jo'hori,Кукуруза,Corn,Жўҳори,2017-07,monthly,2017,1609.0
006,Kepak,Отруби,Bran,Кепак,2017-07,monthly,2017,1123.0
010,Kombikorm,Комбикорм,Compound feed,Комбикорм,2017-07,monthly,2017,1236.0
011,Oliy navli bug'doy uni,Мука пшеничная высшего сорта,High-grade wheat flour,Олий навли буғдой уни,2017-07,monthly,2017,2133.0
017,Mol go'shti,Говядина,Beef,Мол гўшти,2017-07,monthly,2017,28028.0
0020,Qo'y go'shti,Баранина,Mutton,Қўй гўшти,2017-07,monthly,2017,25515.0
026,Turli baliqlar,Рыба всякая,Fish of all kinds,Турли балиқлар,2017-07,monthly,2017,16000.0
027,Yangi sog'ilgan sut (1 litr),Молоко свежее (1 литр),Fresh milk (1 liter),Янги соғилган сут (1 литр),2017-07,monthly,2017,2015.0
034,Tuxum (10 dona),Яйца (10 штук),Eggs (10 pieces ),Тухум (10 дона),2017-07,monthly,2017,4781.0
037,Sariyog',Масло сливочное,Butter,Сариёғ,2017-07,monthly,2017,30333.0
039,Limon,Лимоны,Lemons,Лимон,2017-07,monthly,2017,17000.0
0040,Olma,Яблоки,Apples,Олма,2017-07,monthly,2017,2756.0
041,Nok,Груши,Pears,Нок,2017-07,monthly,2017,5917.0
049,Uzum,Виноград,Grape,Узум,2017-07,monthly,2017,4335.0
0050,Tarvuz,Арбуз,Watermelon,Тарвуз,2017-07,monthly,2017,557.0
0051,Qovun,Дыня,Melon,Қовун,2017-07,monthly,2017,1324.0
053,Mayiz,Кишмиш,Kishmish,Майиз,2017-07,monthly,2017,18778.0
055,Karam,Капуста,Cabbage,Карам,2017-07,monthly,2017,1793.0
057,Bodring,Огурцы,Cucumbers,Бодринг,2017-07,monthly,2017,1376.0
058,Pomidor,Помидоры,Tomatoes,Помидор,2017-07,monthly,2017,1764.0
059,Baqlajon,Баклажаны,Eggplant,Бақлажон,2017-07,monthly,2017,1786.0
0060,Bulg'or qalampiri,Перец болгарский,Bell pepper,Булғор қалампири,2017-07,monthly,2017,2053.0
061,Qovoq,Тыква,Pumpkin,Қовоқ,2017-07,monthly,2017,875.0
063,Sabzi,Морковь,Carrot,Сабзи,2017-07,monthly,2017,2154.0
065,Sarimsoq,Чеснок,Garlic,Саримсоқ,2017-07,monthly,2017,7058.0
066,Piyoz,Лук репчатый,Onion,Пиёз,2017-07,monthly,2017,3140.0
069,Kartoshka,Картофель,Potatoes,Картошка,2017-07,monthly,2017,3535.0
002,Kruppa yormasi,Крупа манная,Semolina,Круппа ёрмаси,2017-07,monthly,2017,1431.0
001,Guruch,Рис,Rice,Гуруч,2017-08,monthly,2017,3367.0
003,Arpa,Ячмень,Barley,Арпа,2017-08,monthly,2017,1367.0
0004,Bug'doy,Пшеница,Wheat,Буғдой,2017-08,monthly,2017,1442.0
005,Jo'hori,Кукуруза,Corn,Жўҳори,2017-08,monthly,2017,1619.0
006,Kepak,Отруби,Bran,Кепак,2017-08,monthly,2017,1161.0
010,Kombikorm,Комбикорм,Compound feed,Комбикорм,2017-08,monthly,2017,1249.0
011,Oliy navli bug'doy uni,Мука пшеничная высшего сорта,High-grade wheat flour,Олий навли буғдой уни,2017-08,monthly,2017,2400.0
017,Mol go'shti,Говядина,Beef,Мол гўшти,2017-08,monthly,2017,29167.0
0020,Qo'y go'shti,Баранина,Mutton,Қўй гўшти,2017-08,monthly,2017,26258.0
026,Turli baliqlar,Рыба всякая,Fish of all kinds,Турли балиқлар,2017-08,monthly,2017,13833.0
027,Yangi sog'ilgan sut (1 litr),Молоко свежее (1 литр),Fresh milk (1 liter),Янги соғилган сут (1 литр),2017-08,monthly,2017,1986.0
034,Tuxum (10 dona),Яйца (10 штук),Eggs (10 pieces ),Тухум (10 дона),2017-08,monthly,2017,4906.0
037,Sariyog',Масло сливочное,Butter,Сариёғ,2017-08,monthly,2017,28000.0
039,Limon,Лимоны,Lemons,Лимон,2017-08,monthly,2017,22333.0
0040,Olma,Яблоки,Apples,Олма,2017-08,monthly,2017,3156.0
041,Nok,Груши,Pears,Нок,2017-08,monthly,2017,6028.0
049,Uzum,Виноград,Grape,Узум,2017-08,monthly,2017,3958.0
0050,Tarvuz,Арбуз,Watermelon,Тарвуз,2017-08,monthly,2017,560.0
0051,Qovun,Дыня,Melon,Қовун,2017-08,monthly,2017,1090.0
053,Mayiz,Кишмиш,Kishmish,Майиз,2017-08,monthly,2017,18975.0
055,Karam,Капуста,Cabbage,Карам,2017-08,monthly,2017,1344.0
057,Bodring,Огурцы,Cucumbers,Бодринг,2017-08,monthly,2017,2564.0
058,Pomidor,Помидоры,Tomatoes,Помидор,2017-08,monthly,2017,992.0
059,Baqlajon,Баклажаны,Eggplant,Бақлажон,2017-08,monthly,2017,1363.0
0060,Bulg'or qalampiri,Перец болгарский,Bell pepper,Булғор қалампири,2017-08,monthly,2017,1617.0
061,Qovoq,Тыква,Pumpkin,Қовоқ,2017-08,monthly,2017,910.0
063,Sabzi,Морковь,Carrot,Сабзи,2017-08,monthly,2017,1892.0
065,Sarimsoq,Чеснок,Garlic,Саримсоқ,2017-08,monthly,2017,6619.0
066,Piyoz,Лук репчатый,Onion,Пиёз,2017-08,monthly,2017,2825.0
069,Kartoshka,Картофель,Potatoes,Картошка,2017-08,monthly,2017,3681.0
002,Kruppa yormasi,Крупа манная,Semolina,Круппа ёрмаси,2017-08,monthly,2017,1367.0
001,Guruch,Рис,Rice,Гуруч,2017-09,monthly,2017,3425.0
003,Arpa,Ячмень,Barley,Арпа,2017-09,monthly,2017,1386.0
0004,Bug'doy,Пшеница,Wheat,Буғдой,2017-09,monthly,2017,1456.0
005,Jo'hori,Кукуруза,Corn,Жўҳори,2017-09,monthly,2017,1858.0
006,Kepak,Отруби,Bran,Кепак,2017-09,monthly,2017,1261.0
010,Kombikorm,Комбикорм,Compound feed,Комбикорм,2017-09,monthly,2017,1333.0
011,Oliy navli bug'doy uni,Мука пшеничная высшего сорта,High-grade wheat flour,Олий навли буғдой уни,2017-09,monthly,2017,2367.0
017,Mol go'shti,Говядина,Beef,Мол гўшти,2017-09,monthly,2017,29875.0
0020,Qo'y go'shti,Баранина,Mutton,Қўй гўшти,2017-09,monthly,2017,26818.0
026,Turli baliqlar,Рыба всякая,Fish of all kinds,Турли балиқлар,2017-09,monthly,2017,14000.0
027,Yangi sog'ilgan sut (1 litr),Молоко свежее (1 литр),Fresh milk (1 liter),Янги соғилган сут (1 литр),2017-09,monthly,2017,2013.0
034,Tuxum (10 dona),Яйца (10 штук),Eggs (10 pieces ),Тухум (10 дона),2017-09,monthly,2017,5731.0
037,Sariyog',Масло сливочное,Butter,Сариёғ,2017-09,monthly,2017,28667.0
039,Limon,Лимоны,Lemons,Лимон,2017-09,monthly,2017,19667.0
0040,Olma,Яблоки,Apples,Олма,2017-09,monthly,2017,3401.0
041,Nok,Груши,Pears,Нок,2017-09,monthly,2017,6528.0
049,Uzum,Виноград,Grape,Узум,2017-09,monthly,2017,4269.0
0050,Tarvuz,Арбуз,Watermelon,Тарвуз,2017-09,monthly,2017,592.0
0051,Qovun,Дыня,Melon,Қовун,2017-09,monthly,2017,968.0
053,Mayiz,Кишмиш,Kishmish,Майиз,2017-09,monthly,2017,19325.0
055,Karam,Капуста,Cabbage,Карам,2017-09,monthly,2017,1006.0
057,Bodring,Огурцы,Cucumbers,Бодринг,2017-09,monthly,2017,2294.0
058,Pomidor,Помидоры,Tomatoes,Помидор,2017-09,monthly,2017,1167.0
059,Baqlajon,Баклажаны,Eggplant,Бақлажон,2017-09,monthly,2017,1100.0
0060,Bulg'or qalampiri,Перец болгарский,Bell pepper,Булғор қалампири,2017-09,monthly,2017,1546.0
061,Qovoq,Тыква,Pumpkin,Қовоқ,2017-09,monthly,2017,917.0
063,Sabzi,Морковь,Carrot,Сабзи,2017-09,monthly,2017,1317.0
065,Sarimsoq,Чеснок,Garlic,Саримсоқ,2017-09,monthly,2017,6858.0
066,Piyoz,Лук репчатый,Onion,Пиёз,2017-09,monthly,2017,2089.0
069,Kartoshka,Картофель,Potatoes,Картошка,2017-09,monthly,2017,3275.0
002,Kruppa yormasi,Крупа манная,Semolina,Круппа ёрмаси,2017-09,monthly,2017,1386.0
001,Guruch,Рис,Rice,Гуруч,2017-10,monthly,2017,3481.0
003,Arpa,Ячмень,Barley,Арпа,2017-10,monthly,2017,1412.0
0004,Bug'doy,Пшеница,Wheat,Буғдой,2017-10,monthly,2017,1483.0
005,Jo'hori,Кукуруза,Corn,Жўҳори,2017-10,monthly,2017,1923.0
006,Kepak,Отруби,Bran,Кепак,2017-10,monthly,2017,1323.0
010,Kombikorm,Комбикорм,Compound feed,Комбикорм,2017-10,monthly,2017,1379.0
011,Oliy navli bug'doy uni,Мука пшеничная высшего сорта,High-grade wheat flour,Олий навли буғдой уни,2017-10,monthly,2017,2400.0
017,Mol go'shti,Говядина,Beef,Мол гўшти,2017-10,monthly,2017,29514.0
0020,Qo'y go'shti,Баранина,Mutton,Қўй гўшти,2017-10,monthly,2017,26727.0
026,Turli baliqlar,Рыба всякая,Fish of all kinds,Турли балиқлар,2017-10,monthly,2017,14905.0
027,Yangi sog'ilgan sut (1 litr),Молоко свежее (1 литр),Fresh milk (1 liter),Янги соғилган сут (1 литр),2017-10,monthly,2017,2018.0
034,Tuxum (10 dona),Яйца (10 штук),Eggs (10 pieces ),Тухум (10 дона),2017-10,monthly,2017,5735.0
037,Sariyog',Масло сливочное,Butter,Сариёғ,2017-10,monthly,2017,29000.0
039,Limon,Лимоны,Lemons,Лимон,2017-10,monthly,2017,16792.0
0040,Olma,Яблоки,Apples,Олма,2017-10,monthly,2017,3660.0
041,Nok,Груши,Pears,Нок,2017-10,monthly,2017,6989.0
049,Uzum,Виноград,Grape,Узум,2017-10,monthly,2017,4936.0
0050,Tarvuz,Арбуз,Watermelon,Тарвуз,2017-10,monthly,2017,671.0
0051,Qovun,Дыня,Melon,Қовун,2017-10,monthly,2017,1250.0
053,Mayiz,Кишмиш,Kishmish,Майиз,2017-10,monthly,2017,19500.0
055,Karam,Капуста,Cabbage,Карам,2017-10,monthly,2017,1001.0
057,Bodring,Огурцы,Cucumbers,Бодринг,2017-10,monthly,2017,2317.0
058,Pomidor,Помидоры,Tomatoes,Помидор,2017-10,monthly,2017,1747.0
059,Baqlajon,Баклажаны,Eggplant,Бақлажон,2017-10,monthly,2017,1103.0
0060,Bulg'or qalampiri,Перец болгарский,Bell pepper,Булғор қалампири,2017-10,monthly,2017,1688.0
061,Qovoq,Тыква,Pumpkin,Қовоқ,2017-10,monthly,2017,1033.0
063,Sabzi,Морковь,Carrot,Сабзи,2017-10,monthly,2017,1176.0
065,Sarimsoq,Чеснок,Garlic,Саримсоқ,2017-10,monthly,2017,6947.0
066,Piyoz,Лук репчатый,Onion,Пиёз,2017-10,monthly,2017,1988.0
069,Kartoshka,Картофель,Potatoes,Картошка,2017-10,monthly,2017,3224.0
002,Kruppa yormasi,Крупа манная,Semolina,Круппа ёрмаси,2017-10,monthly,2017,1412.0
001,Guruch,Рис,Rice,Гуруч,2017-11,monthly,2017,3817.0
003,Arpa,Ячмень,Barley,Арпа,2017-11,monthly,2017,1518.0
0004,Bug'doy,Пшеница,Wheat,Буғдой,2017-11,monthly,2017,1533.0
005,Jo'hori,Кукуруза,Corn,Жўҳори,2017-11,monthly,2017,1945.0
006,Kepak,Отруби,Bran,Кепак,2017-11,monthly,2017,1356.0
010,Kombikorm,Комбикорм,Compound feed,Комбикорм,2017-11,monthly,2017,1430.0
011,Oliy navli bug'doy uni,Мука пшеничная высшего сорта,High-grade wheat flour,Олий навли буғдой уни,2017-11,monthly,2017,2439.0
017,Mol go'shti,Говядина,Beef,Мол гўшти,2017-11,monthly,2017,29444.0
0020,Qo'y go'shti,Баранина,Mutton,Қўй гўшти,2017-11,monthly,2017,26515.0
026,Turli baliqlar,Рыба всякая,Fish of all kinds,Турли балиқлар,2017-11,monthly,2017,15266.0
027,Yangi sog'ilgan sut (1 litr),Молоко свежее (1 литр),Fresh milk (1 liter),Янги соғилган сут (1 литр),2017-11,monthly,2017,2011.0
034,Tuxum (10 dona),Яйца (10 штук),Eggs (10 pieces ),Тухум (10 дона),2017-11,monthly,2017,6275.0
037,Sariyog',Масло сливочное,Butter,Сариёғ,2017-11,monthly,2017,33333.0
039,Limon,Лимоны,Lemons,Лимон,2017-11,monthly,2017,12694.0
0040,Olma,Яблоки,Apples,Олма,2017-11,monthly,2017,4193.0
041,Nok,Груши,Pears,Нок,2017-11,monthly,2017,8122.0
049,Uzum,Виноград,Grape,Узум,2017-11,monthly,2017,5275.0
0050,Tarvuz,Арбуз,Watermelon,Тарвуз,2017-11,monthly,2017,748.0
0051,Qovun,Дыня,Melon,Қовун,2017-11,monthly,2017,1460.0
053,Mayiz,Кишмиш,Kishmish,Майиз,2017-11,monthly,2017,19833.0
055,Karam,Капуста,Cabbage,Карам,2017-11,monthly,2017,896.0
057,Bodring,Огурцы,Cucumbers,Бодринг,2017-11,monthly,2017,3213.0
058,Pomidor,Помидоры,Tomatoes,Помидор,2017-11,monthly,2017,2899.0
059,Baqlajon,Баклажаны,Eggplant,Бақлажон,2017-11,monthly,2017,1392.0
0060,Bulg'or qalampiri,Перец болгарский,Bell pepper,Булғор қалампири,2017-11,monthly,2017,1824.0
061,Qovoq,Тыква,Pumpkin,Қовоқ,2017-11,monthly,2017,1071.0
063,Sabzi,Морковь,Carrot,Сабзи,2017-11,monthly,2017,960.0
065,Sarimsoq,Чеснок,Garlic,Саримсоқ,2017-11,monthly,2017,6858.0
066,Piyoz,Лук репчатый,Onion,Пиёз,2017-11,monthly,2017,1588.0
069,Kartoshka,Картофель,Potatoes,Картошка,2017-11,monthly,2017,3211.0
002,Kruppa yormasi,Крупа манная,Semolina,Круппа ёрмаси,2017-11,monthly,2017,1518.0
001,Guruch,Рис,Rice,Гуруч,2017-12,monthly,2017,5597.0
003,Arpa,Ячмень,Barley,Арпа,2017-12,monthly,2017,1569.0
0004,Bug'doy,Пшеница,Wheat,Буғдой,2017-12,monthly,2017,1583.0
005,Jo'hori,Кукуруза,Corn,Жўҳори,2017-12,monthly,2017,1956.0
006,Kepak,Отруби,Bran,Кепак,2017-12,monthly,2017,1373.0
010,Kombikorm,Комбикорм,Compound feed,Комбикорм,2017-12,monthly,2017,1446.0
011,Oliy navli bug'doy uni,Мука пшеничная высшего сорта,High-grade wheat flour,Олий навли буғдой уни,2017-12,monthly,2017,2516.0
017,Mol go'shti,Говядина,Beef,Мол гўшти,2017-12,monthly,2017,30069.0
0020,Qo'y go'shti,Баранина,Mutton,Қўй гўшти,2017-12,monthly,2017,26758.0
026,Turli baliqlar,Рыба всякая,Fish of all kinds,Турли балиқлар,2017-12,monthly,2017,15494.0
027,Yangi sog'ilgan sut (1 litr),Молоко свежее (1 литр),Fresh milk (1 liter),Янги соғилган сут (1 литр),2017-12,monthly,2017,2017.0
034,Tuxum (10 dona),Яйца (10 штук),Eggs (10 pieces ),Тухум (10 дона),2017-12,monthly,2017,6796.0
037,Sariyog',Масло сливочное,Butter,Сариёғ,2017-12,monthly,2017,35000.0
039,Limon,Лимоны,Lemons,Лимон,2017-12,monthly,2017,11583.0
0040,Olma,Яблоки,Apples,Олма,2017-12,monthly,2017,6450.0
041,Nok,Груши,Pears,Нок,2017-12,monthly,2017,12375.0
049,Uzum,Виноград,Grape,Узум,2017-12,monthly,2017,8833.0
0050,Tarvuz,Арбуз,Watermelon,Тарвуз,2017-12,monthly,2017,1215.0
0051,Qovun,Дыня,Melon,Қовун,2017-12,monthly,2017,1871.0
053,Mayiz,Кишмиш,Kishmish,Майиз,2017-12,monthly,2017,20333.0
055,Karam,Капуста,Cabbage,Карам,2017-12,monthly,2017,900.0
057,Bodring,Огурцы,Cucumbers,Бодринг,2017-12,monthly,2017,8790.0
058,Pomidor,Помидоры,Tomatoes,Помидор,2017-12,monthly,2017,8269.0
061,Qovoq,Тыква,Pumpkin,Қовоқ,2017-12,monthly,2017,1138.0
063,Sabzi,Морковь,Carrot,Сабзи,2017-12,monthly,2017,863.0
065,Sarimsoq,Чеснок,Garlic,Саримсоқ,2017-12,monthly,2017,6858.0
066,Piyoz,Лук репчатый,Onion,Пиёз,2017-12,monthly,2017,2088.0
069,Kartoshka,Картофель,Potatoes,Картошка,2017-12,monthly,2017,4000.0
002,Kruppa yormasi,Крупа манная,Semolina,Круппа ёрмаси,2017-12,monthly,2017,1569.0
001,Guruch,Рис,Rice,Гуруч,2018-01,monthly,2018,5661.0
003,Arpa,Ячмень,Barley,Арпа,2018-01,monthly,2018,1697.0
0004,Bug'doy,Пшеница,Wheat,Буғдой,2018-01,monthly,2018,1675.0
005,Jo'hori,Кукуруза,Corn,Жўҳори,2018-01,monthly,2018,2066.0
006,Kepak,Отруби,Bran,Кепак,2018-01,monthly,2018,1430.0
010,Kombikorm,Комбикорм,Compound feed,Комбикорм,2018-01,monthly,2018,1520.0
011,Oliy navli bug'doy uni,Мука пшеничная высшего сорта,High-grade wheat flour,Олий навли буғдой уни,2018-01,monthly,2018,2516.0
017,Mol go'shti,Говядина,Beef,Мол гўшти,2018-01,monthly,2018,30183.0
0020,Qo'y go'shti,Баранина,Mutton,Қўй гўшти,2018-01,monthly,2018,27153.0
026,Turli baliqlar,Рыба всякая,Fish of all kinds,Турли балиқлар,2018-01,monthly,2018,15728.0
027,Yangi sog'ilgan sut (1 litr),Молоко свежее (1 литр),Fresh milk (1 liter),Янги соғилган сут (1 литр),2018-01,monthly,2018,2025.0
034,Tuxum (10 dona),Яйца (10 штук),Eggs (10 pieces ),Тухум (10 дона),2018-01,monthly,2018,6504.0
037,Sariyog',Масло сливочное,Butter,Сариёғ,2018-01,monthly,2018,38708.0
039,Limon,Лимоны,Lemons,Лимон,2018-01,monthly,2018,12458.0
0040,Olma,Яблоки,Apples,Олма,2018-01,monthly,2018,7436.0
041,Nok,Груши,Pears,Нок,2018-01,monthly,2018,15697.0
049,Uzum,Виноград,Grape,Узум,2018-01,monthly,2018,10739.0
0050,Tarvuz,Арбуз,Watermelon,Тарвуз,2018-01,monthly,2018,1458.0
0051,Qovun,Дыня,Melon,Қовун,2018-01,monthly,2018,2272.0
053,Mayiz,Кишмиш,Kishmish,Майиз,2018-01,monthly,2018,21319.0
055,Karam,Капуста,Cabbage,Карам,2018-01,monthly,2018,968.0
057,Bodring,Огурцы,Cucumbers,Бодринг,2018-01,monthly,2018,12486.0
058,Pomidor,Помидоры,Tomatoes,Помидор,2018-01,monthly,2018,11333.0
061,Qovoq,Тыква,Pumpkin,Қовоқ,2018-01,monthly,2018,1332.0
063,Sabzi,Морковь,Carrot,Сабзи,2018-01,monthly,2018,790.0
065,Sarimsoq,Чеснок,Garlic,Саримсоқ,2018-01,monthly,2018,6958.0
066,Piyoz,Лук репчатый,Onion,Пиёз,2018-01,monthly,2018,1988.0
069,Kartoshka,Картофель,Potatoes,Картошка,2018-01,monthly,2018,3636.0
002,Kruppa yormasi,Крупа манная,Semolina,Круппа ёрмаси,2018-01,monthly,2018,1697.0
001,Guruch,Рис,Rice,Гуруч,2018-02,monthly,2018,5642.0
003,Arpa,Ячмень,Barley,Арпа,2018-02,monthly,2018,1766.0
0004,Bug'doy,Пшеница,Wheat,Буғдой,2018-02,monthly,2018,1743.0
005,Jo'hori,Кукуруза,Corn,Жўҳори,2018-02,monthly,2018,2126.0
006,Kepak,Отруби,Bran,Кепак,2018-02,monthly,2018,1458.0
010,Kombikorm,Комбикорм,Compound feed,Комбикорм,2018-02,monthly,2018,1571.0
011,Oliy navli bug'doy uni,Мука пшеничная высшего сорта,High-grade wheat flour,Олий навли буғдой уни,2018-02,monthly,2018,2843.0
017,Mol go'shti,Говядина,Beef,Мол гўшти,2018-02,monthly,2018,31197.0
0020,Qo'y go'shti,Баранина,Mutton,Қўй гўшти,2018-02,monthly,2018,28201.0
026,Turli baliqlar,Рыба всякая,Fish of all kinds,Турли балиқлар,2018-02,monthly,2018,16061.0
027,Yangi sog'ilgan sut (1 litr),Молоко свежее (1 литр),Fresh milk (1 liter),Янги соғилган сут (1 литр),2018-02,monthly,2018,2042.0
034,Tuxum (10 dona),Яйца (10 штук),Eggs (10 pieces ),Тухум (10 дона),2018-02,monthly,2018,6432.0
037,Sariyog',Масло сливочное,Butter,Сариёғ,2018-02,monthly,2018,38958.0
039,Limon,Лимоны,Lemons,Лимон,2018-02,monthly,2018,12806.0
0040,Olma,Яблоки,Apples,Олма,2018-02,monthly,2018,8111.0
041,Nok,Груши,Pears,Нок,2018-02,monthly,2018,17125.0
049,Uzum,Виноград,Grape,Узум,2018-02,monthly,2018,11497.0
0051,Qovun,Дыня,Melon,Қовун,2018-02,monthly,2018,2793.0
053,Mayiz,Кишмиш,Kishmish,Майиз,2018-02,monthly,2018,21375.0
055,Karam,Капуста,Cabbage,Карам,2018-02,monthly,2018,1025.0
057,Bodring,Огурцы,Cucumbers,Бодринг,2018-02,monthly,2018,11417.0
058,Pomidor,Помидоры,Tomatoes,Помидор,2018-02,monthly,2018,10922.0
061,Qovoq,Тыква,Pumpkin,Қовоқ,2018-02,monthly,2018,1557.0
063,Sabzi,Морковь,Carrot,Сабзи,2018-02,monthly,2018,883.0
065,Sarimsoq,Чеснок,Garlic,Саримсоқ,2018-02,monthly,2018,7194.0
066,Piyoz,Лук репчатый,Onion,Пиёз,2018-02,monthly,2018,1858.0
069,Kartoshka,Картофель,Potatoes,Картошка,2018-02,monthly,2018,3536.0
002,Kruppa yormasi,Крупа манная,Semolina,Круппа ёрмаси,2018-02,monthly,2018,1766.0
001,Guruch,Рис,Rice,Гуруч,2018-03,monthly,2018,5567.0
003,Arpa,Ячмень,Barley,Арпа,2018-03,monthly,2018,1769.0
0004,Bug'doy,Пшеница,Wheat,Буғдой,2018-03,monthly,2018,1750.0
005,Jo'hori,Кукуруза,Corn,Жўҳори,2018-03,monthly,2018,2129.0
006,Kepak,Отруби,Bran,Кепак,2018-03,monthly,2018,1463.0
010,Kombikorm,Комбикорм,Compound feed,Комбикорм,2018-03,monthly,2018,1579.0
011,Oliy navli bug'doy uni,Мука пшеничная высшего сорта,High-grade wheat flour,Олий навли буғдой уни,2018-03,monthly,2018,2921.0
017,Mol go'shti,Говядина,Beef,Мол гўшти,2018-03,monthly,2018,31156.0
0020,Qo'y go'shti,Баранина,Mutton,Қўй гўшти,2018-03,monthly,2018,28333.0
026,Turli baliqlar,Рыба всякая,Fish of all kinds,Турли балиқлар,2018-03,monthly,2018,16228.0
027,Yangi sog'ilgan sut (1 litr),Молоко свежее (1 литр),Fresh milk (1 liter),Янги соғилган сут (1 литр),2018-03,monthly,2018,2050.0
034,Tuxum (10 dona),Яйца (10 штук),Eggs (10 pieces ),Тухум (10 дона),2018-03,monthly,2018,5771.0
037,Sariyog',Масло сливочное,Butter,Сариёғ,2018-03,monthly,2018,39069.0
039,Limon,Лимоны,Lemons,Лимон,2018-03,monthly,2018,14889.0
0040,Olma,Яблоки,Apples,Олма,2018-03,monthly,2018,8489.0
041,Nok,Груши,Pears,Нок,2018-03,monthly,2018,17403.0
049,Uzum,Виноград,Grape,Узум,2018-03,monthly,2018,11650.0
053,Mayiz,Кишмиш,Kishmish,Майиз,2018-03,monthly,2018,21722.0
055,Karam,Капуста,Cabbage,Карам,2018-03,monthly,2018,997.0
057,Bodring,Огурцы,Cucumbers,Бодринг,2018-03,monthly,2018,11931.0
058,Pomidor,Помидоры,Tomatoes,Помидор,2018-03,monthly,2018,11736.0
061,Qovoq,Тыква,Pumpkin,Қовоқ,2018-03,monthly,2018,1583.0
063,Sabzi,Морковь,Carrot,Сабзи,2018-03,monthly,2018,908.0
065,Sarimsoq,Чеснок,Garlic,Саримсоқ,2018-03,monthly,2018,7317.0
066,Piyoz,Лук репчатый,Onion,Пиёз,2018-03,monthly,2018,1514.0
069,Kartoshka,Картофель,Potatoes,Картошка,2018-03,monthly,2018,3367.0
002,Kruppa yormasi,Крупа манная,Semolina,Круппа ёрмаси,2018-03,monthly,2018,1769.0
001,Guruch,Рис,Rice,Гуруч,2018-04,monthly,2018,5363.0
003,Arpa,Ячмень,Barley,Арпа,2018-04,monthly,2018,1777.0
0004,Bug'doy,Пшеница,Wheat,Буғдой,2018-04,monthly,2018,1760.0
005,Jo'hori,Кукуруза,Corn,Жўҳори,2018-04,monthly,2018,2139.0
006,Kepak,Отруби,Bran,Кепак,2018-04,monthly,2018,1474.0
010,Kombikorm,Комбикорм,Compound feed,Комбикорм,2018-04,monthly,2018,1583.0
011,Oliy navli bug'doy uni,Мука пшеничная высшего сорта,High-grade wheat flour,Олий навли буғдой уни,2018-04,monthly,2018,2980.0
017,Mol go'shti,Говядина,Beef,Мол гўшти,2018-04,monthly,2018,31228.0
0020,Qo'y go'shti,Баранина,Mutton,Қўй гўшти,2018-04,monthly,2018,29757.0
026,Turli baliqlar,Рыба всякая,Fish of all kinds,Турли балиқлар,2018-04,monthly,2018,17408.0
027,Yangi sog'ilgan sut (1 litr),Молоко свежее (1 литр),Fresh milk (1 liter),Янги соғилган сут (1 литр),2018-04,monthly,2018,2075.0
034,Tuxum (10 dona),Яйца (10 штук),Eggs (10 pieces ),Тухум (10 дона),2018-04,monthly,2018,5114.0
037,Sariyog',Масло сливочное,Butter,Сариёғ,2018-04,monthly,2018,40625.0
039,Limon,Лимоны,Lemons,Лимон,2018-04,monthly,2018,16972.0
0040,Olma,Яблоки,Apples,Олма,2018-04,monthly,2018,9533.0
041,Nok,Груши,Pears,Нок,2018-04,monthly,2018,17667.0
053,Mayiz,Кишмиш,Kishmish,Майиз,2018-04,monthly,2018,23333.0
055,Karam,Капуста,Cabbage,Карам,2018-04,monthly,2018,1293.0
057,Bodring,Огурцы,Cucumbers,Бодринг,2018-04,monthly,2018,8175.0
058,Pomidor,Помидоры,Tomatoes,Помидор,2018-04,monthly,2018,12681.0
063,Sabzi,Морковь,Carrot,Сабзи,2018-04,monthly,2018,1024.0
065,Sarimsoq,Чеснок,Garlic,Саримсоқ,2018-04,monthly,2018,7442.0
066,Piyoz,Лук репчатый,Onion,Пиёз,2018-04,monthly,2018,1275.0
069,Kartoshka,Картофель,Potatoes,Картошка,2018-04,monthly,2018,3396.0
002,Kruppa yormasi,Крупа манная,Semolina,Круппа ёрмаси,2018-04,monthly,2018,1777.0
001,Guruch,Рис,Rice,Гуруч,2018-05,monthly,2018,5488.0
003,Arpa,Ячмень,Barley,Арпа,2018-05,monthly,2018,1833.0
0004,Bug'doy,Пшеница,Wheat,Буғдой,2018-05,monthly,2018,1814.0
005,Jo'hori,Кукуруза,Corn,Жўҳори,2018-05,monthly,2018,2231.0
006,Kepak,Отруби,Bran,Кепак,2018-05,monthly,2018,1513.0
010,Kombikorm,Комбикорм,Compound feed,Комбикорм,2018-05,monthly,2018,1629.0
011,Oliy navli bug'doy uni,Мука пшеничная высшего сорта,High-grade wheat flour,Олий навли буғдой уни,2018-05,monthly,2018,3053.0
017,Mol go'shti,Говядина,Beef,Мол гўшти,2018-05,monthly,2018,33406.0
0020,Qo'y go'shti,Баранина,Mutton,Қўй гўшти,2018-05,monthly,2018,30900.0
026,Turli baliqlar,Рыба всякая,Fish of all kinds,Турли балиқлар,2018-05,monthly,2018,18666.0
027,Yangi sog'ilgan sut (1 litr),Молоко свежее (1 литр),Fresh milk (1 liter),Янги соғилган сут (1 литр),2018-05,monthly,2018,2175.0
034,Tuxum (10 dona),Яйца (10 штук),Eggs (10 pieces ),Тухум (10 дона),2018-05,monthly,2018,5043.0
037,Sariyog',Масло сливочное,Butter,Сариёғ,2018-05,monthly,2018,41250.0
039,Limon,Лимоны,Lemons,Лимон,2018-05,monthly,2018,21896.0
0040,Olma,Яблоки,Apples,Олма,2018-05,monthly,2018,8558.0
041,Nok,Груши,Pears,Нок,2018-05,monthly,2018,18192.0
053,Mayiz,Кишмиш,Kishmish,Майиз,2018-05,monthly,2018,23528.0
055,Karam,Капуста,Cabbage,Карам,2018-05,monthly,2018,1439.0
057,Bodring,Огурцы,Cucumbers,Бодринг,2018-05,monthly,2018,4369.0
058,Pomidor,Помидоры,Tomatoes,Помидор,2018-05,monthly,2018,7906.0
059,Baqlajon,Баклажаны,Eggplant,Бақлажон,2018-05,monthly,2018,8792.0
0060,Bulg'or qalampiri,Перец болгарский,Bell pepper,Булғор қалампири,2018-05,monthly,2018,8417.0
063,Sabzi,Морковь,Carrot,Сабзи,2018-05,monthly,2018,1599.0
065,Sarimsoq,Чеснок,Garlic,Саримсоқ,2018-05,monthly,2018,4550.0
066,Piyoz,Лук репчатый,Onion,Пиёз,2018-05,monthly,2018,1163.0
069,Kartoshka,Картофель,Potatoes,Картошка,2018-05,monthly,2018,3027.0
002,Kruppa yormasi,Крупа манная,Semolina,Круппа ёрмаси,2018-05,monthly,2018,1833.0
001,Guruch,Рис,Rice,Гуруч,2018-06,monthly,2018,6407.0
003,Arpa,Ячмень,Barley,Арпа,2018-06,monthly,2018,1894.0
0004,Bug'doy,Пшеница,Wheat,Буғдой,2018-06,monthly,2018,1869.0
005,Jo'hori,Кукуруза,Corn,Жўҳори,2018-06,monthly,2018,2383.0
006,Kepak,Отруби,Bran,Кепак,2018-06,monthly,2018,1575.0
010,Kombikorm,Комбикорм,Compound feed,Комбикорм,2018-06,monthly,2018,1684.0
011,Oliy navli bug'doy uni,Мука пшеничная высшего сорта,High-grade wheat flour,Олий навли буғдой уни,2018-06,monthly,2018,3084.0
017,Mol go'shti,Говядина,Beef,Мол гўшти,2018-06,monthly,2018,34476.0
0020,Qo'y go'shti,Баранина,Mutton,Қўй гўшти,2018-06,monthly,2018,31933.0
026,Turli baliqlar,Рыба всякая,Fish of all kinds,Турли балиқлар,2018-06,monthly,2018,20613.0
027,Yangi sog'ilgan sut (1 litr),Молоко свежее (1 литр),Fresh milk (1 liter),Янги соғилган сут (1 литр),2018-06,monthly,2018,2326.0
034,Tuxum (10 dona),Яйца (10 штук),Eggs (10 pieces ),Тухум (10 дона),2018-06,monthly,2018,4982.0
037,Sariyog',Масло сливочное,Butter,Сариёғ,2018-06,monthly,2018,41333.0
0040,Olma,Яблоки,Apples,Олма,2018-06,monthly,2018,3299.0
041,Nok,Груши,Pears,Нок,2018-06,monthly,2018,17444.0
049,Uzum,Виноград,Grape,Узум,2018-06,monthly,2018,6000.0
0050,Tarvuz,Арбуз,Watermelon,Тарвуз,2018-06,monthly,2018,2250.0
0051,Qovun,Дыня,Melon,Қовун,2018-06,monthly,2018,3501.0
053,Mayiz,Кишмиш,Kishmish,Майиз,2018-06,monthly,2018,24125.0
055,Karam,Капуста,Cabbage,Карам,2018-06,monthly,2018,1858.0
057,Bodring,Огурцы,Cucumbers,Бодринг,2018-06,monthly,2018,2276.0
058,Pomidor,Помидоры,Tomatoes,Помидор,2018-06,monthly,2018,2750.0
059,Baqlajon,Баклажаны,Eggplant,Бақлажон,2018-06,monthly,2018,5425.0
0060,Bulg'or qalampiri,Перец болгарский,Bell pepper,Булғор қалампири,2018-06,monthly,2018,5653.0
061,Qovoq,Тыква,Pumpkin,Қовоқ,2018-06,monthly,2018,2352.0
063,Sabzi,Морковь,Carrot,Сабзи,2018-06,monthly,2018,2096.0
065,Sarimsoq,Чеснок,Garlic,Саримсоқ,2018-06,monthly,2018,2750.0
066,Piyoz,Лук репчатый,Onion,Пиёз,2018-06,monthly,2018,1026.0
069,Kartoshka,Картофель,Potatoes,Картошка,2018-06,monthly,2018,1771.0
002,Kruppa yormasi,Крупа манная,Semolina,Круппа ёрмаси,2018-06,monthly,2018,1894.0
001,Guruch,Рис,Rice,Гуруч,2018-07,monthly,2018,7429.0
003,Arpa,Ячмень,Barley,Арпа,2018-07,monthly,2018,1962.0
0004,Bug'doy,Пшеница,Wheat,Буғдой,2018-07,monthly,2018,1791.0
005,Jo'hori,Кукуруза,Corn,Жўҳори,2018-07,monthly,2018,2528.0
006,Kepak,Отруби,Bran,Кепак,2018-07,monthly,2018,1583.0
010,Kombikorm,Комбикорм,Compound feed,Комбикорм,2018-07,monthly,2018,1691.0
011,Oliy navli bug'doy uni,Мука пшеничная высшего сорта,High-grade wheat flour,Олий навли буғдой уни,2018-07,monthly,2018,3091.0
017,Mol go'shti,Говядина,Beef,Мол гўшти,2018-07,monthly,2018,34650.0
0020,Qo'y go'shti,Баранина,Mutton,Қўй гўшти,2018-07,monthly,2018,32047.0
026,Turli baliqlar,Рыба всякая,Fish of all kinds,Турли балиқлар,2018-07,monthly,2018,22146.0
027,Yangi sog'ilgan sut (1 litr),Молоко свежее (1 литр),Fresh milk (1 liter),Янги соғилган сут (1 литр),2018-07,monthly,2018,2357.0
034,Tuxum (10 dona),Яйца (10 штук),Eggs (10 pieces ),Тухум (10 дона),2018-07,monthly,2018,4494.0
037,Sariyog',Масло сливочное,Butter,Сариёғ,2018-07,monthly,2018,42778.0
0040,Olma,Яблоки,Apples,Олма,2018-07,monthly,2018,3029.0
041,Nok,Груши,Pears,Нок,2018-07,monthly,2018,7517.0
049,Uzum,Виноград,Grape,Узум,2018-07,monthly,2018,5385.0
0050,Tarvuz,Арбуз,Watermelon,Тарвуз,2018-07,monthly,2018,1494.0
0051,Qovun,Дыня,Melon,Қовун,2018-07,monthly,2018,2435.0
053,Mayiz,Кишмиш,Kishmish,Майиз,2018-07,monthly,2018,24458.0
055,Karam,Капуста,Cabbage,Карам,2018-07,monthly,2018,1256.0
057,Bodring,Огурцы,Cucumbers,Бодринг,2018-07,monthly,2018,1841.0
058,Pomidor,Помидоры,Tomatoes,Помидор,2018-07,monthly,2018,1756.0
059,Baqlajon,Баклажаны,Eggplant,Бақлажон,2018-07,monthly,2018,1875.0
0060,Bulg'or qalampiri,Перец болгарский,Bell pepper,Булғор қалампири,2018-07,monthly,2018,2925.0
061,Qovoq,Тыква,Pumpkin,Қовоқ,2018-07,monthly,2018,1797.0
063,Sabzi,Морковь,Carrot,Сабзи,2018-07,monthly,2018,2001.0
065,Sarimsoq,Чеснок,Garlic,Саримсоқ,2018-07,monthly,2018,2811.0
066,Piyoz,Лук репчатый,Onion,Пиёз,2018-07,monthly,2018,943.0
069,Kartoshka,Картофель,Potatoes,Картошка,2018-07,monthly,2018,1456.0
002,Kruppa yormasi,Крупа манная,Semolina,Круппа ёрмаси,2018-07,monthly,2018,1962.0
001,Guruch,Рис,Rice,Гуруч,2018-08,monthly,2018,7932.0
003,Arpa,Ячмень,Barley,Арпа,2018-08,monthly,2018,1996.0
0004,Bug'doy,Пшеница,Wheat,Буғдой,2018-08,monthly,2018,1762.0
005,Jo'hori,Кукуруза,Corn,Жўҳори,2018-08,monthly,2018,2561.0
006,Kepak,Отруби,Bran,Кепак,2018-08,monthly,2018,1600.0
010,Kombikorm,Комбикорм,Compound feed,Комбикорм,2018-08,monthly,2018,1705.0
011,Oliy navli bug'doy uni,Мука пшеничная высшего сорта,High-grade wheat flour,Олий навли буғдой уни,2018-08,monthly,2018,3106.0
017,Mol go'shti,Говядина,Beef,Мол гўшти,2018-08,monthly,2018,35006.0
0020,Qo'y go'shti,Баранина,Mutton,Қўй гўшти,2018-08,monthly,2018,32425.0
026,Turli baliqlar,Рыба всякая,Fish of all kinds,Турли балиқлар,2018-08,monthly,2018,22913.0
027,Yangi sog'ilgan sut (1 litr),Молоко свежее (1 литр),Fresh milk (1 liter),Янги соғилган сут (1 литр),2018-08,monthly,2018,2379.0
034,Tuxum (10 dona),Яйца (10 штук),Eggs (10 pieces ),Тухум (10 дона),2018-08,monthly,2018,4774.0
037,Sariyog',Масло сливочное,Butter,Сариёғ,2018-08,monthly,2018,43500.0
039,Limon,Лимоны,Lemons,Лимон,2018-08,monthly,2018,33000.0
0040,Olma,Яблоки,Apples,Олма,2018-08,monthly,2018,3971.0
041,Nok,Груши,Pears,Нок,2018-08,monthly,2018,7525.0
049,Uzum,Виноград,Grape,Узум,2018-08,monthly,2018,4618.0
0050,Tarvuz,Арбуз,Watermelon,Тарвуз,2018-08,monthly,2018,1389.0
0051,Qovun,Дыня,Melon,Қовун,2018-08,monthly,2018,2057.0
053,Mayiz,Кишмиш,Kishmish,Майиз,2018-08,monthly,2018,25236.0
055,Karam,Капуста,Cabbage,Карам,2018-08,monthly,2018,1208.0
057,Bodring,Огурцы,Cucumbers,Бодринг,2018-08,monthly,2018,2149.0
058,Pomidor,Помидоры,Tomatoes,Помидор,2018-08,monthly,2018,2424.0
059,Baqlajon,Баклажаны,Eggplant,Бақлажон,2018-08,monthly,2018,1179.0
0060,Bulg'or qalampiri,Перец болгарский,Bell pepper,Булғор қалампири,2018-08,monthly,2018,2383.0
061,Qovoq,Тыква,Pumpkin,Қовоқ,2018-08,monthly,2018,2007.0
063,Sabzi,Морковь,Carrot,Сабзи,2018-08,monthly,2018,2226.0
065,Sarimsoq,Чеснок,Garlic,Саримсоқ,2018-08,monthly,2018,2842.0
066,Piyoz,Лук репчатый,Onion,Пиёз,2018-08,monthly,2018,975.0
069,Kartoshka,Картофель,Potatoes,Картошка,2018-08,monthly,2018,1427.0
002,Kruppa yormasi,Крупа манная,Semolina,Круппа ёрмаси,2018-08,monthly,2018,1996.0
001,Guruch,Рис,Rice,Гуруч,2018-09,monthly,2018,8029.0
003,Arpa,Ячмень,Barley,Арпа,2018-09,monthly,2018,2006.0
0004,Bug'doy,Пшеница,Wheat,Буғдой,2018-09,monthly,2018,1797.0
005,Jo'hori,Кукуруза,Corn,Жўҳори,2018-09,monthly,2018,2583.0
006,Kepak,Отруби,Bran,Кепак,2018-09,monthly,2018,1613.0
010,Kombikorm,Комбикорм,Compound feed,Комбикорм,2018-09,monthly,2018,1724.0
011,Oliy navli bug'doy uni,Мука пшеничная высшего сорта,High-grade wheat flour,Олий навли буғдой уни,2018-09,monthly,2018,3139.0
017,Mol go'shti,Говядина,Beef,Мол гўшти,2018-09,monthly,2018,35860.0
0020,Qo'y go'shti,Баранина,Mutton,Қўй гўшти,2018-09,monthly,2018,33001.0
026,Turli baliqlar,Рыба всякая,Fish of all kinds,Турли балиқлар,2018-09,monthly,2018,22913.0
027,Yangi sog'ilgan sut (1 litr),Молоко свежее (1 литр),Fresh milk (1 liter),Янги соғилган сут (1 литр),2018-09,monthly,2018,2408.0
034,Tuxum (10 dona),Яйца (10 штук),Eggs (10 pieces ),Тухум (10 дона),2018-09,monthly,2018,4914.0
037,Sariyog',Масло сливочное,Butter,Сариёғ,2018-09,monthly,2018,42778.0
039,Limon,Лимоны,Lemons,Лимон,2018-09,monthly,2018,25111.0
0040,Olma,Яблоки,Apples,Олма,2018-09,monthly,2018,4101.0
041,Nok,Груши,Pears,Нок,2018-09,monthly,2018,7256.0
049,Uzum,Виноград,Grape,Узум,2018-09,monthly,2018,3844.0
0050,Tarvuz,Арбуз,Watermelon,Тарвуз,2018-09,monthly,2018,1183.0
0051,Qovun,Дыня,Melon,Қовун,2018-09,monthly,2018,1597.0
053,Mayiz,Кишмиш,Kishmish,Майиз,2018-09,monthly,2018,25292.0
055,Karam,Капуста,Cabbage,Карам,2018-09,monthly,2018,1606.0
057,Bodring,Огурцы,Cucumbers,Бодринг,2018-09,monthly,2018,2044.0
058,Pomidor,Помидоры,Tomatoes,Помидор,2018-09,monthly,2018,4344.0
059,Baqlajon,Баклажаны,Eggplant,Бақлажон,2018-09,monthly,2018,1233.0
0060,Bulg'or qalampiri,Перец болгарский,Bell pepper,Булғор қалампири,2018-09,monthly,2018,1881.0
061,Qovoq,Тыква,Pumpkin,Қовоқ,2018-09,monthly,2018,1951.0
063,Sabzi,Морковь,Carrot,Сабзи,2018-09,monthly,2018,2167.0
065,Sarimsoq,Чеснок,Garlic,Саримсоқ,2018-09,monthly,2018,2583.0
066,Piyoz,Лук репчатый,Onion,Пиёз,2018-09,monthly,2018,1026.0
069,Kartoshka,Картофель,Potatoes,Картошка,2018-09,monthly,2018,2110.0
002,Kruppa yormasi,Крупа манная,Semolina,Круппа ёрмаси,2018-09,monthly,2018,2006.0
001,Guruch,Рис,Rice,Гуруч,2018-10,monthly,2018,8392.0
003,Arpa,Ячмень,Barley,Арпа,2018-10,monthly,2018,2025.0
0004,Bug'doy,Пшеница,Wheat,Буғдой,2018-10,monthly,2018,1827.0
005,Jo'hori,Кукуруза,Corn,Жўҳори,2018-10,monthly,2018,2617.0
006,Kepak,Отруби,Bran,Кепак,2018-10,monthly,2018,1640.0
010,Kombikorm,Комбикорм,Compound feed,Комбикорм,2018-10,monthly,2018,1764.0
011,Oliy navli bug'doy uni,Мука пшеничная высшего сорта,High-grade wheat flour,Олий навли буғдой уни,2018-10,monthly,2018,3205.0
017,Mol go'shti,Говядина,Beef,Мол гўшти,2018-10,monthly,2018,36750.0
0020,Qo'y go'shti,Баранина,Mutton,Қўй гўшти,2018-10,monthly,2018,33771.0
026,Turli baliqlar,Рыба всякая,Fish of all kinds,Турли балиқлар,2018-10,monthly,2018,22725.0
027,Yangi sog'ilgan sut (1 litr),Молоко свежее (1 литр),Fresh milk (1 liter),Янги соғилган сут (1 литр),2018-10,monthly,2018,2825.0
034,Tuxum (10 dona),Яйца (10 штук),Eggs (10 pieces ),Тухум (10 дона),2018-10,monthly,2018,5617.0
037,Sariyog',Масло сливочное,Butter,Сариёғ,2018-10,monthly,2018,41333.0
039,Limon,Лимоны,Lemons,Лимон,2018-10,monthly,2018,16583.0
0040,Olma,Яблоки,Apples,Олма,2018-10,monthly,2018,4431.0
041,Nok,Груши,Pears,Нок,2018-10,monthly,2018,8108.0
049,Uzum,Виноград,Grape,Узум,2018-10,monthly,2018,3744.0
0050,Tarvuz,Арбуз,Watermelon,Тарвуз,2018-10,monthly,2018,1249.0
0051,Qovun,Дыня,Melon,Қовун,2018-10,monthly,2018,1640.0
053,Mayiz,Кишмиш,Kishmish,Майиз,2018-10,monthly,2018,25292.0
055,Karam,Капуста,Cabbage,Карам,2018-10,monthly,2018,2849.0
057,Bodring,Огурцы,Cucumbers,Бодринг,2018-10,monthly,2018,2676.0
058,Pomidor,Помидоры,Tomatoes,Помидор,2018-10,monthly,2018,4389.0
059,Baqlajon,Баклажаны,Eggplant,Бақлажон,2018-10,monthly,2018,2096.0
0060,Bulg'or qalampiri,Перец болгарский,Bell pepper,Булғор қалампири,2018-10,monthly,2018,1757.0
061,Qovoq,Тыква,Pumpkin,Қовоқ,2018-10,monthly,2018,1883.0
063,Sabzi,Морковь,Carrot,Сабзи,2018-10,monthly,2018,2283.0
065,Sarimsoq,Чеснок,Garlic,Саримсоқ,2018-10,monthly,2018,2656.0
066,Piyoz,Лук репчатый,Onion,Пиёз,2018-10,monthly,2018,1135.0
069,Kartoshka,Картофель,Potatoes,Картошка,2018-10,monthly,2018,2607.0
002,Kruppa yormasi,Крупа манная,Semolina,Круппа ёрмаси,2018-10,monthly,2018,2025.0
001,Guruch,Рис,Rice,Гуруч,2018-11,monthly,2018,8750.0
003,Arpa,Ячмень,Barley,Арпа,2018-11,monthly,2018,2038.0
0004,Bug'doy,Пшеница,Wheat,Буғдой,2018-11,monthly,2018,1884.0
005,Jo'hori,Кукуруза,Corn,Жўҳори,2018-11,monthly,2018,2633.0
006,Kepak,Отруби,Bran,Кепак,2018-11,monthly,2018,1650.0
010,Kombikorm,Комбикорм,Compound feed,Комбикорм,2018-11,monthly,2018,1845.0
011,Oliy navli bug'doy uni,Мука пшеничная высшего сорта,High-grade wheat flour,Олий навли буғдой уни,2018-11,monthly,2018,3221.0
017,Mol go'shti,Говядина,Beef,Мол гўшти,2018-11,monthly,2018,36833.0
0020,Qo'y go'shti,Баранина,Mutton,Қўй гўшти,2018-11,monthly,2018,34097.0
026,Turli baliqlar,Рыба всякая,Fish of all kinds,Турли балиқлар,2018-11,monthly,2018,22090.0
027,Yangi sog'ilgan sut (1 litr),Молоко свежее (1 литр),Fresh milk (1 liter),Янги соғилган сут (1 литр),2018-11,monthly,2018,2831.0
034,Tuxum (10 dona),Яйца (10 штук),Eggs (10 pieces ),Тухум (10 дона),2018-11,monthly,2018,6250.0
037,Sariyog',Масло сливочное,Butter,Сариёғ,2018-11,monthly,2018,41333.0
039,Limon,Лимоны,Lemons,Лимон,2018-11,monthly,2018,12514.0
0040,Olma,Яблоки,Apples,Олма,2018-11,monthly,2018,4625.0
041,Nok,Груши,Pears,Нок,2018-11,monthly,2018,8936.0
049,Uzum,Виноград,Grape,Узум,2018-11,monthly,2018,3725.0
0050,Tarvuz,Арбуз,Watermelon,Тарвуз,2018-11,monthly,2018,1340.0
0051,Qovun,Дыня,Melon,Қовун,2018-11,monthly,2018,2101.0
053,Mayiz,Кишмиш,Kishmish,Майиз,2018-11,monthly,2018,25639.0
055,Karam,Капуста,Cabbage,Карам,2018-11,monthly,2018,3079.0
057,Bodring,Огурцы,Cucumbers,Бодринг,2018-11,monthly,2018,5610.0
058,Pomidor,Помидоры,Tomatoes,Помидор,2018-11,monthly,2018,5700.0
059,Baqlajon,Баклажаны,Eggplant,Бақлажон,2018-11,monthly,2018,3471.0
0060,Bulg'or qalampiri,Перец болгарский,Bell pepper,Булғор қалампири,2018-11,monthly,2018,2292.0
061,Qovoq,Тыква,Pumpkin,Қовоқ,2018-11,monthly,2018,1817.0
063,Sabzi,Морковь,Carrot,Сабзи,2018-11,monthly,2018,2163.0
065,Sarimsoq,Чеснок,Garlic,Саримсоқ,2018-11,monthly,2018,2714.0
066,Piyoz,Лук репчатый,Onion,Пиёз,2018-11,monthly,2018,1138.0
069,Kartoshka,Картофель,Potatoes,Картошка,2018-11,monthly,2018,2929.0
002,Kruppa yormasi,Крупа манная,Semolina,Круппа ёрмаси,2018-11,monthly,2018,2038.0
001,Guruch,Рис,Rice,Гуруч,2018-12,monthly,2018,8789.0
003,Arpa,Ячмень,Barley,Арпа,2018-12,monthly,2018,2099.0
0004,Bug'doy,Пшеница,Wheat,Буғдой,2018-12,monthly,2018,1931.0
005,Jo'hori,Кукуруза,Corn,Жўҳори,2018-12,monthly,2018,2650.0
006,Kepak,Отруби,Bran,Кепак,2018-12,monthly,2018,1688.0
010,Kombikorm,Комбикорм,Compound feed,Комбикорм,2018-12,monthly,2018,1885.0
011,Oliy navli bug'doy uni,Мука пшеничная высшего сорта,High-grade wheat flour,Олий навли буғдой уни,2018-12,monthly,2018,3291.0
017,Mol go'shti,Говядина,Beef,Мол гўшти,2018-12,monthly,2018,36889.0
0020,Qo'y go'shti,Баранина,Mutton,Қўй гўшти,2018-12,monthly,2018,34208.0
026,Turli baliqlar,Рыба всякая,Fish of all kinds,Турли балиқлар,2018-12,monthly,2018,23328.0
027,Yangi sog'ilgan sut (1 litr),Молоко свежее (1 литр),Fresh milk (1 liter),Янги соғилган сут (1 литр),2018-12,monthly,2018,2903.0
034,Tuxum (10 dona),Яйца (10 штук),Eggs (10 pieces ),Тухум (10 дона),2018-12,monthly,2018,6286.0
037,Sariyog',Масло сливочное,Butter,Сариёғ,2018-12,monthly,2018,41333.0
039,Limon,Лимоны,Lemons,Лимон,2018-12,monthly,2018,10142.0
0040,Olma,Яблоки,Apples,Олма,2018-12,monthly,2018,4750.0
041,Nok,Груши,Pears,Нок,2018-12,monthly,2018,10786.0
049,Uzum,Виноград,Grape,Узум,2018-12,monthly,2018,4058.0
0050,Tarvuz,Арбуз,Watermelon,Тарвуз,2018-12,monthly,2018,1776.0
0051,Qovun,Дыня,Melon,Қовун,2018-12,monthly,2018,2538.0
053,Mayiz,Кишмиш,Kishmish,Майиз,2018-12,monthly,2018,27000.0
055,Karam,Капуста,Cabbage,Карам,2018-12,monthly,2018,2588.0
057,Bodring,Огурцы,Cucumbers,Бодринг,2018-12,monthly,2018,9358.0
058,Pomidor,Помидоры,Tomatoes,Помидор,2018-12,monthly,2018,7333.0
061,Qovoq,Тыква,Pumpkin,Қовоқ,2018-12,monthly,2018,1929.0
063,Sabzi,Морковь,Carrot,Сабзи,2018-12,monthly,2018,2163.0
065,Sarimsoq,Чеснок,Garlic,Саримсоқ,2018-12,monthly,2018,2797.0
066,Piyoz,Лук репчатый,Onion,Пиёз,2018-12,monthly,2018,1138.0
069,Kartoshka,Картофель,Potatoes,Картошка,2018-12,monthly,2018,2919.0
002,Kruppa yormasi,Крупа манная,Semolina,Круппа ёрмаси,2018-12,monthly,2018,2099.0
001,Guruch,Рис,Rice,Гуруч,2019-01,monthly,2019,8529.0
003,Arpa,Ячмень,Barley,Арпа,2019-01,monthly,2019,2092.0
0004,Bug'doy,Пшеница,Wheat,Буғдой,2019-01,monthly,2019,1923.0
005,Jo'hori,Кукуруза,Corn,Жўҳори,2019-01,monthly,2019,2615.0
006,Kepak,Отруби,Bran,Кепак,2019-01,monthly,2019,1688.0
0008,Shrot,Шрот,Schroth,Шрот,2019-01,monthly,2019,2338.0
009,Shulxa,Шелуха,Husk,Шулха,2019-01,monthly,2019,2092.0
010,Kombikorm,Комбикорм,Compound feed,Комбикорм,2019-01,monthly,2019,1908.0
017,Mol go'shti,Говядина,Beef,Мол гўшти,2019-01,monthly,2019,35901.0
0020,Qo'y go'shti,Баранина,Mutton,Қўй гўшти,2019-01,monthly,2019,32778.0
022,Tovuq go'shti,Мясо птицы,Poultry,Товуқ гўшти,2019-01,monthly,2019,17478.0
026,Turli baliqlar,Рыба всякая,Fish of all kinds,Турли балиқлар,2019-01,monthly,2019,20253.0
027,Yangi sog'ilgan sut (1 litr),Молоко свежее (1 литр),Fresh milk (1 liter),Янги соғилган сут (1 литр),2019-01,monthly,2019,2699.0
034,Tuxum (10 dona),Яйца (10 штук),Eggs (10 pieces ),Тухум (10 дона),2019-01,monthly,2019,5905.0
037,Sariyog',Масло сливочное,Butter,Сариёғ,2019-01,monthly,2019,46043.0
039,Limon,Лимоны,Lemons,Лимон,2019-01,monthly,2019,10613.0
0040,Olma,Яблоки,Apples,Олма,2019-01,monthly,2019,4848.0
041,Nok,Груши,Pears,Нок,2019-01,monthly,2019,16868.0
049,Uzum,Виноград,Grape,Узум,2019-01,monthly,2019,4646.0
0050,Tarvuz,Арбуз,Watermelon,Тарвуз,2019-01,monthly,2019,1908.0
0051,Qovun,Дыня,Melon,Қовун,2019-01,monthly,2019,2611.0
053,Mayiz,Кишмиш,Kishmish,Майиз,2019-01,monthly,2019,25850.0
055,Karam,Капуста,Cabbage,Карам,2019-01,monthly,2019,1953.0
057,Bodring,Огурцы,Cucumbers,Бодринг,2019-01,monthly,2019,13503.0
058,Pomidor,Помидоры,Tomatoes,Помидор,2019-01,monthly,2019,9417.0
061,Qovoq,Тыква,Pumpkin,Қовоқ,2019-01,monthly,2019,1929.0
063,Sabzi,Морковь,Carrot,Сабзи,2019-01,monthly,2019,1906.0
065,Sarimsoq,Чеснок,Garlic,Саримсоқ,2019-01,monthly,2019,2757.0
066,Piyoz,Лук репчатый,Onion,Пиёз,2019-01,monthly,2019,979.0
069,Kartoshka,Картофель,Potatoes,Картошка,2019-01,monthly,2019,2323.0
0070,Loviya,Фасоль,Beans,Ловия,2019-01,monthly,2019,6545.0
071,No'xot,Горох,Peas,Нўхот,2019-01,monthly,2019,10959.0
0072,Mosh,Маш,Mash,Мош,2019-01,monthly,2019,5886.0
002,Kruppa yormasi,Крупа манная,Semolina,Круппа ёрмаси,2019-01,monthly,2019,2092.0
001,Guruch,Рис,Rice,Гуруч,2019-02,monthly,2019,8605.0
003,Arpa,Ячмень,Barley,Арпа,2019-02,monthly,2019,2103.0
0004,Bug'doy,Пшеница,Wheat,Буғдой,2019-02,monthly,2019,1925.0
005,Jo'hori,Кукуруза,Corn,Жўҳори,2019-02,monthly,2019,2602.0
006,Kepak,Отруби,Bran,Кепак,2019-02,monthly,2019,1676.0
0008,Shrot,Шрот,Schroth,Шрот,2019-02,monthly,2019,2325.0
009,Shulxa,Шелуха,Husk,Шулха,2019-02,monthly,2019,2075.0
010,Kombikorm,Комбикорм,Compound feed,Комбикорм,2019-02,monthly,2019,1908.0
017,Mol go'shti,Говядина,Beef,Мол гўшти,2019-02,monthly,2019,35917.0
0020,Qo'y go'shti,Баранина,Mutton,Қўй гўшти,2019-02,monthly,2019,32997.0
022,Tovuq go'shti,Мясо птицы,Poultry,Товуқ гўшти,2019-02,monthly,2019,16608.0
026,Turli baliqlar,Рыба всякая,Fish of all kinds,Турли балиқлар,2019-02,monthly,2019,19676.0
027,Yangi sog'ilgan sut (1 litr),Молоко свежее (1 литр),Fresh milk (1 liter),Янги соғилган сут (1 литр),2019-02,monthly,2019,2757.0
034,Tuxum (10 dona),Яйца (10 штук),Eggs (10 pieces ),Тухум (10 дона),2019-02,monthly,2019,5699.0
037,Sariyog',Масло сливочное,Butter,Сариёғ,2019-02,monthly,2019,47769.0
039,Limon,Лимоны,Lemons,Лимон,2019-02,monthly,2019,11033.0
0040,Olma,Яблоки,Apples,Олма,2019-02,monthly,2019,4771.0
041,Nok,Груши,Pears,Нок,2019-02,monthly,2019,17788.0
049,Uzum,Виноград,Grape,Узум,2019-02,monthly,2019,4976.0
0051,Qovun,Дыня,Melon,Қовун,2019-02,monthly,2019,2718.0
053,Mayiz,Кишмиш,Kishmish,Майиз,2019-02,monthly,2019,25194.0
055,Karam,Капуста,Cabbage,Карам,2019-02,monthly,2019,2106.0
057,Bodring,Огурцы,Cucumbers,Бодринг,2019-02,monthly,2019,12976.0
058,Pomidor,Помидоры,Tomatoes,Помидор,2019-02,monthly,2019,10438.0
061,Qovoq,Тыква,Pumpkin,Қовоқ,2019-02,monthly,2019,2063.0
063,Sabzi,Морковь,Carrot,Сабзи,2019-02,monthly,2019,1947.0
065,Sarimsoq,Чеснок,Garlic,Саримсоқ,2019-02,monthly,2019,2740.0
066,Piyoz,Лук репчатый,Onion,Пиёз,2019-02,monthly,2019,983.0
069,Kartoshka,Картофель,Potatoes,Картошка,2019-02,monthly,2019,2334.0
0070,Loviya,Фасоль,Beans,Ловия,2019-02,monthly,2019,6558.0
071,No'xot,Горох,Peas,Нўхот,2019-02,monthly,2019,10978.0
0072,Mosh,Маш,Mash,Мош,2019-02,monthly,2019,6080.0
002,Kruppa yormasi,Крупа манная,Semolina,Круппа ёрмаси,2019-02,monthly,2019,2103.0
001,Guruch,Рис,Rice,Гуруч,2019-03,monthly,2019,8648.0
003,Arpa,Ячмень,Barley,Арпа,2019-03,monthly,2019,2175.0
0004,Bug'doy,Пшеница,Wheat,Буғдой,2019-03,monthly,2019,1961.0
005,Jo'hori,Кукуруза,Corn,Жўҳори,2019-03,monthly,2019,2610.0
006,Kepak,Отруби,Bran,Кепак,2019-03,monthly,2019,1683.0
0008,Shrot,Шрот,Schroth,Шрот,2019-03,monthly,2019,2329.0
009,Shulxa,Шелуха,Husk,Шулха,2019-03,monthly,2019,2072.0
010,Kombikorm,Комбикорм,Compound feed,Комбикорм,2019-03,monthly,2019,1906.0
017,Mol go'shti,Говядина,Beef,Мол гўшти,2019-03,monthly,2019,35850.0
0020,Qo'y go'shti,Баранина,Mutton,Қўй гўшти,2019-03,monthly,2019,33088.0
022,Tovuq go'shti,Мясо птицы,Poultry,Товуқ гўшти,2019-03,monthly,2019,15961.0
026,Turli baliqlar,Рыба всякая,Fish of all kinds,Турли балиқлар,2019-03,monthly,2019,20152.0
027,Yangi sog'ilgan sut (1 litr),Молоко свежее (1 литр),Fresh milk (1 liter),Янги соғилган сут (1 литр),2019-03,monthly,2019,2786.0
034,Tuxum (10 dona),Яйца (10 штук),Eggs (10 pieces ),Тухум (10 дона),2019-03,monthly,2019,5538.0
037,Sariyog',Масло сливочное,Butter,Сариёғ,2019-03,monthly,2019,47769.0
039,Limon,Лимоны,Lemons,Лимон,2019-03,monthly,2019,11104.0
0040,Olma,Яблоки,Apples,Олма,2019-03,monthly,2019,4809.0
041,Nok,Груши,Pears,Нок,2019-03,monthly,2019,19642.0
049,Uzum,Виноград,Grape,Узум,2019-03,monthly,2019,8390.0
0051,Qovun,Дыня,Melon,Қовун,2019-03,monthly,2019,2797.0
053,Mayiz,Кишмиш,Kishmish,Майиз,2019-03,monthly,2019,26667.0
055,Karam,Капуста,Cabbage,Карам,2019-03,monthly,2019,2482.0
057,Bodring,Огурцы,Cucumbers,Бодринг,2019-03,monthly,2019,10668.0
058,Pomidor,Помидоры,Tomatoes,Помидор,2019-03,monthly,2019,11379.0
061,Qovoq,Тыква,Pumpkin,Қовоқ,2019-03,monthly,2019,2382.0
063,Sabzi,Морковь,Carrot,Сабзи,2019-03,monthly,2019,1966.0
065,Sarimsoq,Чеснок,Garlic,Саримсоқ,2019-03,monthly,2019,3843.0
066,Piyoz,Лук репчатый,Onion,Пиёз,2019-03,monthly,2019,1135.0
069,Kartoshka,Картофель,Potatoes,Картошка,2019-03,monthly,2019,2285.0
0070,Loviya,Фасоль,Beans,Ловия,2019-03,monthly,2019,6603.0
071,No'xot,Горох,Peas,Нўхот,2019-03,monthly,2019,10953.0
0072,Mosh,Маш,Mash,Мош,2019-03,monthly,2019,6399.0
002,Kruppa yormasi,Крупа манная,Semolina,Круппа ёрмаси,2019-03,monthly,2019,2175.0
001,Guruch,Рис,Rice,Гуруч,2019-04,monthly,2019,8621.0
003,Arpa,Ячмень,Barley,Арпа,2019-04,monthly,2019,2190.0
0004,Bug'doy,Пшеница,Wheat,Буғдой,2019-04,monthly,2019,1997.0
005,Jo'hori,Кукуруза,Corn,Жўҳори,2019-04,monthly,2019,2616.0
006,Kepak,Отруби,Bran,Кепак,2019-04,monthly,2019,1685.0
0008,Shrot,Шрот,Schroth,Шрот,2019-04,monthly,2019,2378.0
009,Shulxa,Шелуха,Husk,Шулха,2019-04,monthly,2019,2072.0
010,Kombikorm,Комбикорм,Compound feed,Комбикорм,2019-04,monthly,2019,1885.0
017,Mol go'shti,Говядина,Beef,Мол гўшти,2019-04,monthly,2019,35879.0
0020,Qo'y go'shti,Баранина,Mutton,Қўй гўшти,2019-04,monthly,2019,33399.0
022,Tovuq go'shti,Мясо птицы,Poultry,Товуқ гўшти,2019-04,monthly,2019,16042.0
026,Turli baliqlar,Рыба всякая,Fish of all kinds,Турли балиқлар,2019-04,monthly,2019,20227.0
027,Yangi sog'ilgan sut (1 litr),Молоко свежее (1 литр),Fresh milk (1 liter),Янги соғилган сут (1 литр),2019-04,monthly,2019,2786.0
034,Tuxum (10 dona),Яйца (10 штук),Eggs (10 pieces ),Тухум (10 дона),2019-04,monthly,2019,5521.0
037,Sariyog',Масло сливочное,Butter,Сариёғ,2019-04,monthly,2019,47685.0
039,Limon,Лимоны,Lemons,Лимон,2019-04,monthly,2019,11104.0
0040,Olma,Яблоки,Apples,Олма,2019-04,monthly,2019,4961.0
041,Nok,Груши,Pears,Нок,2019-04,monthly,2019,19779.0
049,Uzum,Виноград,Grape,Узум,2019-04,monthly,2019,11550.0
053,Mayiz,Кишмиш,Kishmish,Майиз,2019-04,monthly,2019,26911.0
055,Karam,Капуста,Cabbage,Карам,2019-04,monthly,2019,3147.0
057,Bodring,Огурцы,Cucumbers,Бодринг,2019-04,monthly,2019,6299.0
058,Pomidor,Помидоры,Tomatoes,Помидор,2019-04,monthly,2019,12787.0
0060,Bulg'or qalampiri,Перец болгарский,Bell pepper,Булғор қалампири,2019-04,monthly,2019,16733.0
063,Sabzi,Морковь,Carrot,Сабзи,2019-04,monthly,2019,2108.0
065,Sarimsoq,Чеснок,Garlic,Саримсоқ,2019-04,monthly,2019,4299.0
066,Piyoz,Лук репчатый,Onion,Пиёз,2019-04,monthly,2019,1577.0
069,Kartoshka,Картофель,Potatoes,Картошка,2019-04,monthly,2019,2741.0
0070,Loviya,Фасоль,Beans,Ловия,2019-04,monthly,2019,6693.0
071,No'xot,Горох,Peas,Нўхот,2019-04,monthly,2019,10588.0
0072,Mosh,Маш,Mash,Мош,2019-04,monthly,2019,6428.0
002,Kruppa yormasi,Крупа манная,Semolina,Круппа ёрмаси,2019-04,monthly,2019,2190.0
001,Guruch,Рис,Rice,Гуруч,2019-05,monthly,2019,8562.0
003,Arpa,Ячмень,Barley,Арпа,2019-05,monthly,2019,2233.0
0004,Bug'doy,Пшеница,Wheat,Буғдой,2019-05,monthly,2019,2032.0
005,Jo'hori,Кукуруза,Corn,Жўҳори,2019-05,monthly,2019,2658.0
006,Kepak,Отруби,Bran,Кепак,2019-05,monthly,2019,1690.0
0008,Shrot,Шрот,Schroth,Шрот,2019-05,monthly,2019,2378.0
009,Shulxa,Шелуха,Husk,Шулха,2019-05,monthly,2019,2072.0
010,Kombikorm,Комбикорм,Compound feed,Комбикорм,2019-05,monthly,2019,1885.0
017,Mol go'shti,Говядина,Beef,Мол гўшти,2019-05,monthly,2019,35939.0
0020,Qo'y go'shti,Баранина,Mutton,Қўй гўшти,2019-05,monthly,2019,33608.0
022,Tovuq go'shti,Мясо птицы,Poultry,Товуқ гўшти,2019-05,monthly,2019,15973.0
026,Turli baliqlar,Рыба всякая,Fish of all kinds,Турли балиқлар,2019-05,monthly,2019,21234.0
027,Yangi sog'ilgan sut (1 litr),Молоко свежее (1 литр),Fresh milk (1 liter),Янги соғилган сут (1 литр),2019-05,monthly,2019,2990.0
034,Tuxum (10 dona),Яйца (10 штук),Eggs (10 pieces ),Тухум (10 дона),2019-05,monthly,2019,5309.0
037,Sariyog',Масло сливочное,Butter,Сариёғ,2019-05,monthly,2019,47685.0
039,Limon,Лимоны,Lemons,Лимон,2019-05,monthly,2019,10986.0
0040,Olma,Яблоки,Apples,Олма,2019-05,monthly,2019,5474.0
041,Nok,Груши,Pears,Нок,2019-05,monthly,2019,23711.0
053,Mayiz,Кишмиш,Kishmish,Майиз,2019-05,monthly,2019,27033.0
055,Karam,Капуста,Cabbage,Карам,2019-05,monthly,2019,2986.0
057,Bodring,Огурцы,Cucumbers,Бодринг,2019-05,monthly,2019,2820.0
058,Pomidor,Помидоры,Tomatoes,Помидор,2019-05,monthly,2019,8217.0
0060,Bulg'or qalampiri,Перец болгарский,Bell pepper,Булғор қалампири,2019-05,monthly,2019,16733.0
061,Qovoq,Тыква,Pumpkin,Қовоқ,2019-05,monthly,2019,4125.0
063,Sabzi,Морковь,Carrot,Сабзи,2019-05,monthly,2019,3059.0
065,Sarimsoq,Чеснок,Garlic,Саримсоқ,2019-05,monthly,2019,3986.0
066,Piyoz,Лук репчатый,Onion,Пиёз,2019-05,monthly,2019,2710.0
069,Kartoshka,Картофель,Potatoes,Картошка,2019-05,monthly,2019,2852.0
0070,Loviya,Фасоль,Beans,Ловия,2019-05,monthly,2019,6756.0
071,No'xot,Горох,Peas,Нўхот,2019-05,monthly,2019,10430.0
0072,Mosh,Маш,Mash,Мош,2019-05,monthly,2019,6439.0
002,Kruppa yormasi,Крупа манная,Semolina,Круппа ёрмаси,2019-05,monthly,2019,2233.0
001,Guruch,Рис,Rice,Гуруч,2019-06,monthly,2019,8521.0
003,Arpa,Ячмень,Barley,Арпа,2019-06,monthly,2019,2304.0
0004,Bug'doy,Пшеница,Wheat,Буғдой,2019-06,monthly,2019,2069.0
005,Jo'hori,Кукуруза,Corn,Жўҳори,2019-06,monthly,2019,2766.0
006,Kepak,Отруби,Bran,Кепак,2019-06,monthly,2019,1690.0
0008,Shrot,Шрот,Schroth,Шрот,2019-06,monthly,2019,2485.0
009,Shulxa,Шелуха,Husk,Шулха,2019-06,monthly,2019,2077.0
010,Kombikorm,Комбикорм,Compound feed,Комбикорм,2019-06,monthly,2019,1885.0
017,Mol go'shti,Говядина,Beef,Мол гўшти,2019-06,monthly,2019,36599.0
0020,Qo'y go'shti,Баранина,Mutton,Қўй гўшти,2019-06,monthly,2019,34186.0
022,Tovuq go'shti,Мясо птицы,Poultry,Товуқ гўшти,2019-06,monthly,2019,15459.0
026,Turli baliqlar,Рыба всякая,Fish of all kinds,Турли балиқлар,2019-06,monthly,2019,22400.0
027,Yangi sog'ilgan sut (1 litr),Молоко свежее (1 литр),Fresh milk (1 liter),Янги соғилган сут (1 литр),2019-06,monthly,2019,3032.0
034,Tuxum (10 dona),Яйца (10 штук),Eggs (10 pieces ),Тухум (10 дона),2019-06,monthly,2019,5160.0
037,Sariyog',Масло сливочное,Butter,Сариёғ,2019-06,monthly,2019,47685.0
0040,Olma,Яблоки,Apples,Олма,2019-06,monthly,2019,3195.0
041,Nok,Груши,Pears,Нок,2019-06,monthly,2019,8618.0
049,Uzum,Виноград,Grape,Узум,2019-06,monthly,2019,6185.0
0050,Tarvuz,Арбуз,Watermelon,Тарвуз,2019-06,monthly,2019,1835.0
0051,Qovun,Дыня,Melon,Қовун,2019-06,monthly,2019,3184.0
053,Mayiz,Кишмиш,Kishmish,Майиз,2019-06,monthly,2019,27033.0
055,Karam,Капуста,Cabbage,Карам,2019-06,monthly,2019,1885.0
057,Bodring,Огурцы,Cucumbers,Бодринг,2019-06,monthly,2019,1283.0
058,Pomidor,Помидоры,Tomatoes,Помидор,2019-06,monthly,2019,3389.0
059,Baqlajon,Баклажаны,Eggplant,Бақлажон,2019-06,monthly,2019,5369.0
0060,Bulg'or qalampiri,Перец болгарский,Bell pepper,Булғор қалампири,2019-06,monthly,2019,4385.0
061,Qovoq,Тыква,Pumpkin,Қовоқ,2019-06,monthly,2019,1811.0
063,Sabzi,Морковь,Carrot,Сабзи,2019-06,monthly,2019,2578.0
065,Sarimsoq,Чеснок,Garlic,Саримсоқ,2019-06,monthly,2019,3784.0
066,Piyoz,Лук репчатый,Onion,Пиёз,2019-06,monthly,2019,2839.0
069,Kartoshka,Картофель,Potatoes,Картошка,2019-06,monthly,2019,2220.0
0070,Loviya,Фасоль,Beans,Ловия,2019-06,monthly,2019,7359.0
071,No'xot,Горох,Peas,Нўхот,2019-06,monthly,2019,10409.0
0072,Mosh,Маш,Mash,Мош,2019-06,monthly,2019,6799.0
002,Kruppa yormasi,Крупа манная,Semolina,Круппа ёрмаси,2019-06,monthly,2019,2304.0
001,Guruch,Рис,Rice,Гуруч,2019-07,monthly,2019,8546.0
003,Arpa,Ячмень,Barley,Арпа,2019-07,monthly,2019,2344.0
0004,Bug'doy,Пшеница,Wheat,Буғдой,2019-07,monthly,2019,2115.0
005,Jo'hori,Кукуруза,Corn,Жўҳори,2019-07,monthly,2019,2790.0
006,Kepak,Отруби,Bran,Кепак,2019-07,monthly,2019,1690.0
0008,Shrot,Шрот,Schroth,Шрот,2019-07,monthly,2019,2699.0
009,Shulxa,Шелуха,Husk,Шулха,2019-07,monthly,2019,2086.0
010,Kombikorm,Комбикорм,Compound feed,Комбикорм,2019-07,monthly,2019,1885.0
017,Mol go'shti,Говядина,Beef,Мол гўшти,2019-07,monthly,2019,39926.0
0020,Qo'y go'shti,Баранина,Mutton,Қўй гўшти,2019-07,monthly,2019,36393.0
022,Tovuq go'shti,Мясо птицы,Poultry,Товуқ гўшти,2019-07,monthly,2019,15324.0
026,Turli baliqlar,Рыба всякая,Fish of all kinds,Турли балиқлар,2019-07,monthly,2019,22400.0
027,Yangi sog'ilgan sut (1 litr),Молоко свежее (1 литр),Fresh milk (1 liter),Янги соғилган сут (1 литр),2019-07,monthly,2019,3045.0
034,Tuxum (10 dona),Яйца (10 штук),Eggs (10 pieces ),Тухум (10 дона),2019-07,monthly,2019,5166.0
037,Sariyog',Масло сливочное,Butter,Сариёғ,2019-07,monthly,2019,47685.0
0040,Olma,Яблоки,Apples,Олма,2019-07,monthly,2019,3372.0
041,Nok,Груши,Pears,Нок,2019-07,monthly,2019,7839.0
049,Uzum,Виноград,Grape,Узум,2019-07,monthly,2019,5227.0
0050,Tarvuz,Арбуз,Watermelon,Тарвуз,2019-07,monthly,2019,1010.0
0051,Qovun,Дыня,Melon,Қовун,2019-07,monthly,2019,2430.0
053,Mayiz,Кишмиш,Kishmish,Майиз,2019-07,monthly,2019,27033.0
055,Karam,Капуста,Cabbage,Карам,2019-07,monthly,2019,1869.0
057,Bodring,Огурцы,Cucumbers,Бодринг,2019-07,monthly,2019,1922.0
058,Pomidor,Помидоры,Tomatoes,Помидор,2019-07,monthly,2019,2750.0
059,Baqlajon,Баклажаны,Eggplant,Бақлажон,2019-07,monthly,2019,4620.0
0060,Bulg'or qalampiri,Перец болгарский,Bell pepper,Булғор қалампири,2019-07,monthly,2019,4144.0
061,Qovoq,Тыква,Pumpkin,Қовоқ,2019-07,monthly,2019,1542.0
063,Sabzi,Морковь,Carrot,Сабзи,2019-07,monthly,2019,2402.0
065,Sarimsoq,Чеснок,Garlic,Саримсоқ,2019-07,monthly,2019,3784.0
066,Piyoz,Лук репчатый,Onion,Пиёз,2019-07,monthly,2019,2822.0
069,Kartoshka,Картофель,Potatoes,Картошка,2019-07,monthly,2019,2188.0
0070,Loviya,Фасоль,Beans,Ловия,2019-07,monthly,2019,7740.0
071,No'xot,Горох,Peas,Нўхот,2019-07,monthly,2019,10409.0
0072,Mosh,Маш,Mash,Мош,2019-07,monthly,2019,7462.0
002,Kruppa yormasi,Крупа манная,Semolina,Круппа ёрмаси,2019-07,monthly,2019,2344.0
001,Guruch,Рис,Rice,Гуруч,2019-08,monthly,2019,8712.0
003,Arpa,Ячмень,Barley,Арпа,2019-08,monthly,2019,2372.0
0004,Bug'doy,Пшеница,Wheat,Буғдой,2019-08,monthly,2019,2187.0
005,Jo'hori,Кукуруза,Corn,Жўҳори,2019-08,monthly,2019,2811.0
006,Kepak,Отруби,Bran,Кепак,2019-08,monthly,2019,1690.0
0008,Shrot,Шрот,Schroth,Шрот,2019-08,monthly,2019,2706.0
009,Shulxa,Шелуха,Husk,Шулха,2019-08,monthly,2019,2090.0
010,Kombikorm,Комбикорм,Compound feed,Комбикорм,2019-08,monthly,2019,1885.0
017,Mol go'shti,Говядина,Beef,Мол гўшти,2019-08,monthly,2019,42786.0
0020,Qo'y go'shti,Баранина,Mutton,Қўй гўшти,2019-08,monthly,2019,38736.0
022,Tovuq go'shti,Мясо птицы,Poultry,Товуқ гўшти,2019-08,monthly,2019,17040.0
026,Turli baliqlar,Рыба всякая,Fish of all kinds,Турли балиқлар,2019-08,monthly,2019,27367.0
027,Yangi sog'ilgan sut (1 litr),Молоко свежее (1 литр),Fresh milk (1 liter),Янги соғилган сут (1 литр),2019-08,monthly,2019,3073.0
034,Tuxum (10 dona),Яйца (10 штук),Eggs (10 pieces ),Тухум (10 дона),2019-08,monthly,2019,5358.0
037,Sariyog',Масло сливочное,Butter,Сариёғ,2019-08,monthly,2019,47685.0
039,Limon,Лимоны,Lemons,Лимон,2019-08,monthly,2019,19114.0
0040,Olma,Яблоки,Apples,Олма,2019-08,monthly,2019,4747.0
041,Nok,Груши,Pears,Нок,2019-08,monthly,2019,8356.0
049,Uzum,Виноград,Grape,Узум,2019-08,monthly,2019,4797.0
0050,Tarvuz,Арбуз,Watermelon,Тарвуз,2019-08,monthly,2019,1098.0
0051,Qovun,Дыня,Melon,Қовун,2019-08,monthly,2019,2133.0
053,Mayiz,Кишмиш,Kishmish,Майиз,2019-08,monthly,2019,27033.0
055,Karam,Капуста,Cabbage,Карам,2019-08,monthly,2019,2338.0
057,Bodring,Огурцы,Cucumbers,Бодринг,2019-08,monthly,2019,2814.0
058,Pomidor,Помидоры,Tomatoes,Помидор,2019-08,monthly,2019,2239.0
059,Baqlajon,Баклажаны,Eggplant,Бақлажон,2019-08,monthly,2019,3585.0
0060,Bulg'or qalampiri,Перец болгарский,Bell pepper,Булғор қалампири,2019-08,monthly,2019,3437.0
061,Qovoq,Тыква,Pumpkin,Қовоқ,2019-08,monthly,2019,2471.0
063,Sabzi,Морковь,Carrot,Сабзи,2019-08,monthly,2019,2461.0
065,Sarimsoq,Чеснок,Garlic,Саримсоқ,2019-08,monthly,2019,3989.0
066,Piyoz,Лук репчатый,Onion,Пиёз,2019-08,monthly,2019,2352.0
069,Kartoshka,Картофель,Potatoes,Картошка,2019-08,monthly,2019,2451.0
0070,Loviya,Фасоль,Beans,Ловия,2019-08,monthly,2019,7892.0
071,No'xot,Горох,Peas,Нўхот,2019-08,monthly,2019,10292.0
0072,Mosh,Маш,Mash,Мош,2019-08,monthly,2019,7494.0
002,Kruppa yormasi,Крупа манная,Semolina,Круппа ёрмаси,2019-08,monthly,2019,2372.0
001,Guruch,Рис,Rice,Гуруч,2019-09,monthly,2019,9044.0
003,Arpa,Ячмень,Barley,Арпа,2019-09,monthly,2019,2374.0
0004,Bug'doy,Пшеница,Wheat,Буғдой,2019-09,monthly,2019,2187.0
005,Jo'hori,Кукуруза,Corn,Жўҳори,2019-09,monthly,2019,2811.0
006,Kepak,Отруби,Bran,Кепак,2019-09,monthly,2019,1690.0
0008,Shrot,Шрот,Schroth,Шрот,2019-09,monthly,2019,2709.0
009,Shulxa,Шелуха,Husk,Шулха,2019-09,monthly,2019,2090.0
010,Kombikorm,Комбикорм,Compound feed,Комбикорм,2019-09,monthly,2019,1885.0
017,Mol go'shti,Говядина,Beef,Мол гўшти,2019-09,monthly,2019,44872.0
0020,Qo'y go'shti,Баранина,Mutton,Қўй гўшти,2019-09,monthly,2019,41056.0
022,Tovuq go'shti,Мясо птицы,Poultry,Товуқ гўшти,2019-09,monthly,2019,17551.0
026,Turli baliqlar,Рыба всякая,Fish of all kinds,Турли балиқлар,2019-09,monthly,2019,25283.0
027,Yangi sog'ilgan sut (1 litr),Молоко свежее (1 литр),Fresh milk (1 liter),Янги соғилган сут (1 литр),2019-09,monthly,2019,3095.0
034,Tuxum (10 dona),Яйца (10 штук),Eggs (10 pieces ),Тухум (10 дона),2019-09,monthly,2019,6495.0
037,Sariyog',Масло сливочное,Butter,Сариёғ,2019-09,monthly,2019,47685.0
039,Limon,Лимоны,Lemons,Лимон,2019-09,monthly,2019,19996.0
0040,Olma,Яблоки,Apples,Олма,2019-09,monthly,2019,5456.0
041,Nok,Груши,Pears,Нок,2019-09,monthly,2019,10041.0
049,Uzum,Виноград,Grape,Узум,2019-09,monthly,2019,4969.0
0050,Tarvuz,Арбуз,Watermelon,Тарвуз,2019-09,monthly,2019,1159.0
0051,Qovun,Дыня,Melon,Қовун,2019-09,monthly,2019,1943.0
053,Mayiz,Кишмиш,Kishmish,Майиз,2019-09,monthly,2019,27033.0
055,Karam,Капуста,Cabbage,Карам,2019-09,monthly,2019,2666.0
057,Bodring,Огурцы,Cucumbers,Бодринг,2019-09,monthly,2019,2678.0
058,Pomidor,Помидоры,Tomatoes,Помидор,2019-09,monthly,2019,3713.0
059,Baqlajon,Баклажаны,Eggplant,Бақлажон,2019-09,monthly,2019,1515.0
0060,Bulg'or qalampiri,Перец болгарский,Bell pepper,Булғор қалампири,2019-09,monthly,2019,2025.0
061,Qovoq,Тыква,Pumpkin,Қовоқ,2019-09,monthly,2019,2410.0
063,Sabzi,Морковь,Carrot,Сабзи,2019-09,monthly,2019,2677.0
065,Sarimsoq,Чеснок,Garlic,Саримсоқ,2019-09,monthly,2019,5996.0
066,Piyoz,Лук репчатый,Onion,Пиёз,2019-09,monthly,2019,1972.0
069,Kartoshka,Картофель,Potatoes,Картошка,2019-09,monthly,2019,2578.0
0070,Loviya,Фасоль,Beans,Ловия,2019-09,monthly,2019,8868.0
071,No'xot,Горох,Peas,Нўхот,2019-09,monthly,2019,10132.0
0072,Mosh,Маш,Mash,Мош,2019-09,monthly,2019,7683.0
002,Kruppa yormasi,Крупа манная,Semolina,Круппа ёрмаси,2019-09,monthly,2019,2374.0
001,Guruch,Рис,Rice,Гуруч,2019-10,monthly,2019,9037.0
003,Arpa,Ячмень,Barley,Арпа,2019-10,monthly,2019,2374.0
0004,Bug'doy,Пшеница,Wheat,Буғдой,2019-10,monthly,2019,2187.0
005,Jo'hori,Кукуруза,Corn,Жўҳори,2019-10,monthly,2019,2811.0
006,Kepak,Отруби,Bran,Кепак,2019-10,monthly,2019,1690.0
0008,Shrot,Шрот,Schroth,Шрот,2019-10,monthly,2019,2709.0
009,Shulxa,Шелуха,Husk,Шулха,2019-10,monthly,2019,2090.0
010,Kombikorm,Комбикорм,Compound feed,Комбикорм,2019-10,monthly,2019,1885.0
017,Mol go'shti,Говядина,Beef,Мол гўшти,2019-10,monthly,2019,45126.0
0020,Qo'y go'shti,Баранина,Mutton,Қўй гўшти,2019-10,monthly,2019,41150.0
022,Tovuq go'shti,Мясо птицы,Poultry,Товуқ гўшти,2019-10,monthly,2019,19386.0
026,Turli baliqlar,Рыба всякая,Fish of all kinds,Турли балиқлар,2019-10,monthly,2019,24392.0
027,Yangi sog'ilgan sut (1 litr),Молоко свежее (1 литр),Fresh milk (1 liter),Янги соғилган сут (1 литр),2019-10,monthly,2019,3222.0
034,Tuxum (10 dona),Яйца (10 штук),Eggs (10 pieces ),Тухум (10 дона),2019-10,monthly,2019,7359.0
037,Sariyog',Масло сливочное,Butter,Сариёғ,2019-10,monthly,2019,49397.0
039,Limon,Лимоны,Lemons,Лимон,2019-10,monthly,2019,16130.0
0040,Olma,Яблоки,Apples,Олма,2019-10,monthly,2019,6235.0
041,Nok,Груши,Pears,Нок,2019-10,monthly,2019,12004.0
049,Uzum,Виноград,Grape,Узум,2019-10,monthly,2019,5067.0
0050,Tarvuz,Арбуз,Watermelon,Тарвуз,2019-10,monthly,2019,1260.0
0051,Qovun,Дыня,Melon,Қовун,2019-10,monthly,2019,2059.0
053,Mayiz,Кишмиш,Kishmish,Майиз,2019-10,monthly,2019,27033.0
055,Karam,Капуста,Cabbage,Карам,2019-10,monthly,2019,2365.0
057,Bodring,Огурцы,Cucumbers,Бодринг,2019-10,monthly,2019,3001.0
058,Pomidor,Помидоры,Tomatoes,Помидор,2019-10,monthly,2019,6423.0
059,Baqlajon,Баклажаны,Eggplant,Бақлажон,2019-10,monthly,2019,1639.0
0060,Bulg'or qalampiri,Перец болгарский,Bell pepper,Булғор қалампири,2019-10,monthly,2019,2074.0
061,Qovoq,Тыква,Pumpkin,Қовоқ,2019-10,monthly,2019,2251.0
063,Sabzi,Морковь,Carrot,Сабзи,2019-10,monthly,2019,2042.0
065,Sarimsoq,Чеснок,Garlic,Саримсоқ,2019-10,monthly,2019,6666.0
066,Piyoz,Лук репчатый,Onion,Пиёз,2019-10,monthly,2019,1727.0
069,Kartoshka,Картофель,Potatoes,Картошка,2019-10,monthly,2019,2603.0
0070,Loviya,Фасоль,Beans,Ловия,2019-10,monthly,2019,9557.0
071,No'xot,Горох,Peas,Нўхот,2019-10,monthly,2019,10026.0
0072,Mosh,Маш,Mash,Мош,2019-10,monthly,2019,8181.0
002,Kruppa yormasi,Крупа манная,Semolina,Круппа ёрмаси,2019-10,monthly,2019,2374.0
001,Guruch,Рис,Rice,Гуруч,2019-11,monthly,2019,8684.0
003,Arpa,Ячмень,Barley,Арпа,2019-11,monthly,2019,2411.0
0004,Bug'doy,Пшеница,Wheat,Буғдой,2019-11,monthly,2019,2305.0
005,Jo'hori,Кукуруза,Corn,Жўҳори,2019-11,monthly,2019,2833.0
006,Kepak,Отруби,Bran,Кепак,2019-11,monthly,2019,1682.0
0008,Shrot,Шрот,Schroth,Шрот,2019-11,monthly,2019,2710.0
009,Shulxa,Шелуха,Husk,Шулха,2019-11,monthly,2019,2120.0
010,Kombikorm,Комбикорм,Compound feed,Комбикорм,2019-11,monthly,2019,1889.0
017,Mol go'shti,Говядина,Beef,Мол гўшти,2019-11,monthly,2019,45040.0
0020,Qo'y go'shti,Баранина,Mutton,Қўй гўшти,2019-11,monthly,2019,41183.0
022,Tovuq go'shti,Мясо птицы,Poultry,Товуқ гўшти,2019-11,monthly,2019,20068.0
026,Turli baliqlar,Рыба всякая,Fish of all kinds,Турли балиқлар,2019-11,monthly,2019,23813.0
027,Yangi sog'ilgan sut (1 litr),Молоко свежее (1 литр),Fresh milk (1 liter),Янги соғилган сут (1 литр),2019-11,monthly,2019,3296.0
034,Tuxum (10 dona),Яйца (10 штук),Eggs (10 pieces ),Тухум (10 дона),2019-11,monthly,2019,7521.0
037,Sariyog',Масло сливочное,Butter,Сариёғ,2019-11,monthly,2019,50252.0
039,Limon,Лимоны,Lemons,Лимон,2019-11,monthly,2019,13298.0
0040,Olma,Яблоки,Apples,Олма,2019-11,monthly,2019,7521.0
041,Nok,Груши,Pears,Нок,2019-11,monthly,2019,15189.0
049,Uzum,Виноград,Grape,Узум,2019-11,monthly,2019,6613.0
0050,Tarvuz,Арбуз,Watermelon,Тарвуз,2019-11,monthly,2019,1615.0
0051,Qovun,Дыня,Melon,Қовун,2019-11,monthly,2019,2488.0
053,Mayiz,Кишмиш,Kishmish,Майиз,2019-11,monthly,2019,27211.0
055,Karam,Капуста,Cabbage,Карам,2019-11,monthly,2019,2100.0
057,Bodring,Огурцы,Cucumbers,Бодринг,2019-11,monthly,2019,6376.0
058,Pomidor,Помидоры,Tomatoes,Помидор,2019-11,monthly,2019,7059.0
059,Baqlajon,Баклажаны,Eggplant,Бақлажон,2019-11,monthly,2019,1778.0
0060,Bulg'or qalampiri,Перец болгарский,Bell pepper,Булғор қалампири,2019-11,monthly,2019,2208.0
061,Qovoq,Тыква,Pumpkin,Қовоқ,2019-11,monthly,2019,1936.0
063,Sabzi,Морковь,Carrot,Сабзи,2019-11,monthly,2019,1586.0
065,Sarimsoq,Чеснок,Garlic,Саримсоқ,2019-11,monthly,2019,8957.0
066,Piyoz,Лук репчатый,Onion,Пиёз,2019-11,monthly,2019,1617.0
069,Kartoshka,Картофель,Potatoes,Картошка,2019-11,monthly,2019,2607.0
0070,Loviya,Фасоль,Beans,Ловия,2019-11,monthly,2019,9697.0
071,No'xot,Горох,Peas,Нўхот,2019-11,monthly,2019,10069.0
0072,Mosh,Маш,Mash,Мош,2019-11,monthly,2019,8239.0
002,Kruppa yormasi,Крупа манная,Semolina,Круппа ёрмаси,2019-11,monthly,2019,2411.0
001,Guruch,Рис,Rice,Гуруч,2019-12,monthly,2019,7820.0
003,Arpa,Ячмень,Barley,Арпа,2019-12,monthly,2019,2450.0
0004,Bug'doy,Пшеница,Wheat,Буғдой,2019-12,monthly,2019,2335.0
005,Jo'hori,Кукуруза,Corn,Жўҳори,2019-12,monthly,2019,2792.0
006,Kepak,Отруби,Bran,Кепак,2019-12,monthly,2019,1670.0
0008,Shrot,Шрот,Schroth,Шрот,2019-12,monthly,2019,2756.0
009,Shulxa,Шелуха,Husk,Шулха,2019-12,monthly,2019,2302.0
010,Kombikorm,Комбикорм,Compound feed,Комбикорм,2019-12,monthly,2019,1902.0
017,Mol go'shti,Говядина,Beef,Мол гўшти,2019-12,monthly,2019,44475.0
0020,Qo'y go'shti,Баранина,Mutton,Қўй гўшти,2019-12,monthly,2019,41549.0
022,Tovuq go'shti,Мясо птицы,Poultry,Товуқ гўшти,2019-12,monthly,2019,20013.0
026,Turli baliqlar,Рыба всякая,Fish of all kinds,Турли балиқлар,2019-12,monthly,2019,23662.0
027,Yangi sog'ilgan sut (1 litr),Молоко свежее (1 литр),Fresh milk (1 liter),Янги соғилган сут (1 литр),2019-12,monthly,2019,3334.0
034,Tuxum (10 dona),Яйца (10 штук),Eggs (10 pieces ),Тухум (10 дона),2019-12,monthly,2019,8177.0
037,Sariyog',Масло сливочное,Butter,Сариёғ,2019-12,monthly,2019,50252.0
039,Limon,Лимоны,Lemons,Лимон,2019-12,monthly,2019,9434.0
0040,Olma,Яблоки,Apples,Олма,2019-12,monthly,2019,8925.0
041,Nok,Груши,Pears,Нок,2019-12,monthly,2019,15565.0
049,Uzum,Виноград,Grape,Узум,2019-12,monthly,2019,8328.0
0050,Tarvuz,Арбуз,Watermelon,Тарвуз,2019-12,monthly,2019,1980.0
0051,Qovun,Дыня,Melon,Қовун,2019-12,monthly,2019,2705.0
053,Mayiz,Кишмиш,Kishmish,Майиз,2019-12,monthly,2019,26925.0
055,Karam,Капуста,Cabbage,Карам,2019-12,monthly,2019,1892.0
057,Bodring,Огурцы,Cucumbers,Бодринг,2019-12,monthly,2019,11156.0
058,Pomidor,Помидоры,Tomatoes,Помидор,2019-12,monthly,2019,10056.0
059,Baqlajon,Баклажаны,Eggplant,Бақлажон,2019-12,monthly,2019,3586.0
0060,Bulg'or qalampiri,Перец болгарский,Bell pepper,Булғор қалампири,2019-12,monthly,2019,7908.0
061,Qovoq,Тыква,Pumpkin,Қовоқ,2019-12,monthly,2019,1851.0
063,Sabzi,Морковь,Carrot,Сабзи,2019-12,monthly,2019,1347.0
065,Sarimsoq,Чеснок,Garlic,Саримсоқ,2019-12,monthly,2019,13232.0
066,Piyoz,Лук репчатый,Onion,Пиёз,2019-12,monthly,2019,1722.0
069,Kartoshka,Картофель,Potatoes,Картошка,2019-12,monthly,2019,2639.0
0070,Loviya,Фасоль,Beans,Ловия,2019-12,monthly,2019,9518.0
071,No'xot,Горох,Peas,Нўхот,2019-12,monthly,2019,10099.0
0072,Mosh,Маш,Mash,Мош,2019-12,monthly,2019,7996.0
002,Kruppa yormasi,Крупа манная,Semolina,Круппа ёрмаси,2019-12,monthly,2019,2450.0
001,Guruch,Рис,Rice,Гуруч,2020-01,monthly,2020,7910.0
003,Arpa,Ячмень,Barley,Арпа,2020-01,monthly,2020,2412.0
0004,Bug'doy,Пшеница,Wheat,Буғдой,2020-01,monthly,2020,2355.0
005,Jo'hori,Кукуруза,Corn,Жўҳори,2020-01,monthly,2020,2760.0
006,Kepak,Отруби,Bran,Кепак,2020-01,monthly,2020,1669.0
0008,Shrot,Шрот,Schroth,Шрот,2020-01,monthly,2020,2759.0
009,Shulxa,Шелуха,Husk,Шулха,2020-01,monthly,2020,2298.0
010,Kombikorm,Комбикорм,Compound feed,Комбикорм,2020-01,monthly,2020,1849.0
017,Mol go'shti,Говядина,Beef,Мол гўшти,2020-01,monthly,2020,44882.0
0020,Qo'y go'shti,Баранина,Mutton,Қўй гўшти,2020-01,monthly,2020,41606.0
022,Tovuq go'shti,Мясо птицы,Poultry,Товуқ гўшти,2020-01,monthly,2020,19338.0
026,Turli baliqlar,Рыба всякая,Fish of all kinds,Турли балиқлар,2020-01,monthly,2020,22708.0
027,Yangi sog'ilgan sut (1 litr),Молоко свежее (1 литр),Fresh milk (1 liter),Янги соғилган сут (1 литр),2020-01,monthly,2020,3338.0
034,Tuxum (10 dona),Яйца (10 штук),Eggs (10 pieces ),Тухум (10 дона),2020-01,monthly,2020,8302.0
037,Sariyog',Масло сливочное,Butter,Сариёғ,2020-01,monthly,2020,50252.0
039,Limon,Лимоны,Lemons,Лимон,2020-01,monthly,2020,8121.0
0040,Olma,Яблоки,Apples,Олма,2020-01,monthly,2020,10434.0
041,Nok,Груши,Pears,Нок,2020-01,monthly,2020,18052.0
049,Uzum,Виноград,Grape,Узум,2020-01,monthly,2020,10226.0
0050,Tarvuz,Арбуз,Watermelon,Тарвуз,2020-01,monthly,2020,2245.0
0051,Qovun,Дыня,Melon,Қовун,2020-01,monthly,2020,3213.0
053,Mayiz,Кишмиш,Kishmish,Майиз,2020-01,monthly,2020,29427.0
055,Karam,Капуста,Cabbage,Карам,2020-01,monthly,2020,2087.0
057,Bodring,Огурцы,Cucumbers,Бодринг,2020-01,monthly,2020,14939.0
058,Pomidor,Помидоры,Tomatoes,Помидор,2020-01,monthly,2020,12347.0
059,Baqlajon,Баклажаны,Eggplant,Бақлажон,2020-01,monthly,2020,8290.0
0060,Bulg'or qalampiri,Перец болгарский,Bell pepper,Булғор қалампири,2020-01,monthly,2020,13054.0
061,Qovoq,Тыква,Pumpkin,Қовоқ,2020-01,monthly,2020,1935.0
063,Sabzi,Морковь,Carrot,Сабзи,2020-01,monthly,2020,1442.0
065,Sarimsoq,Чеснок,Garlic,Саримсоқ,2020-01,monthly,2020,26098.0
066,Piyoz,Лук репчатый,Onion,Пиёз,2020-01,monthly,2020,1983.0
069,Kartoshka,Картофель,Potatoes,Картошка,2020-01,monthly,2020,2815.0
0070,Loviya,Фасоль,Beans,Ловия,2020-01,monthly,2020,10598.0
071,No'xot,Горох,Peas,Нўхот,2020-01,monthly,2020,10077.0
0072,Mosh,Маш,Mash,Мош,2020-01,monthly,2020,8689.0
002,Kruppa yormasi,Крупа манная,Semolina,Круппа ёрмаси,2020-01,monthly,2020,2412.0
001,Guruch,Рис,Rice,Гуруч,2020-02,monthly,2020,8018.0
003,Arpa,Ячмень,Barley,Арпа,2020-02,monthly,2020,2411.0
0004,Bug'doy,Пшеница,Wheat,Буғдой,2020-02,monthly,2020,2408.0
005,Jo'hori,Кукуруза,Corn,Жўҳори,2020-02,monthly,2020,2756.0
006,Kepak,Отруби,Bran,Кепак,2020-02,monthly,2020,1737.0
0008,Shrot,Шрот,Schroth,Шрот,2020-02,monthly,2020,2767.0
009,Shulxa,Шелуха,Husk,Шулха,2020-02,monthly,2020,2280.0
010,Kombikorm,Комбикорм,Compound feed,Комбикорм,2020-02,monthly,2020,1873.0
017,Mol go'shti,Говядина,Beef,Мол гўшти,2020-02,monthly,2020,47288.0
0020,Qo'y go'shti,Баранина,Mutton,Қўй гўшти,2020-02,monthly,2020,43683.0
022,Tovuq go'shti,Мясо птицы,Poultry,Товуқ гўшти,2020-02,monthly,2020,18309.0
026,Turli baliqlar,Рыба всякая,Fish of all kinds,Турли балиқлар,2020-02,monthly,2020,22771.0
027,Yangi sog'ilgan sut (1 litr),Молоко свежее (1 литр),Fresh milk (1 liter),Янги соғилган сут (1 литр),2020-02,monthly,2020,3350.0
034,Tuxum (10 dona),Яйца (10 штук),Eggs (10 pieces ),Тухум (10 дона),2020-02,monthly,2020,7954.0
037,Sariyog',Масло сливочное,Butter,Сариёғ,2020-02,monthly,2020,50252.0
039,Limon,Лимоны,Lemons,Лимон,2020-02,monthly,2020,8540.0
0040,Olma,Яблоки,Apples,Олма,2020-02,monthly,2020,10607.0
041,Nok,Груши,Pears,Нок,2020-02,monthly,2020,18040.0
049,Uzum,Виноград,Grape,Узум,2020-02,monthly,2020,11325.0
0051,Qovun,Дыня,Melon,Қовун,2020-02,monthly,2020,3635.0
053,Mayiz,Кишмиш,Kishmish,Майиз,2020-02,monthly,2020,29425.0
055,Karam,Капуста,Cabbage,Карам,2020-02,monthly,2020,1953.0
057,Bodring,Огурцы,Cucumbers,Бодринг,2020-02,monthly,2020,14642.0
058,Pomidor,Помидоры,Tomatoes,Помидор,2020-02,monthly,2020,12217.0
0060,Bulg'or qalampiri,Перец болгарский,Bell pepper,Булғор қалампири,2020-02,monthly,2020,19860.0
061,Qovoq,Тыква,Pumpkin,Қовоқ,2020-02,monthly,2020,1976.0
063,Sabzi,Морковь,Carrot,Сабзи,2020-02,monthly,2020,1410.0
065,Sarimsoq,Чеснок,Garlic,Саримсоқ,2020-02,monthly,2020,28889.0
066,Piyoz,Лук репчатый,Onion,Пиёз,2020-02,monthly,2020,2153.0
069,Kartoshka,Картофель,Potatoes,Картошка,2020-02,monthly,2020,2960.0
0070,Loviya,Фасоль,Beans,Ловия,2020-02,monthly,2020,11364.0
071,No'xot,Горох,Peas,Нўхот,2020-02,monthly,2020,10127.0
0072,Mosh,Маш,Mash,Мош,2020-02,monthly,2020,8922.0
002,Kruppa yormasi,Крупа манная,Semolina,Круппа ёрмаси,2020-02,monthly,2020,2411.0
001,Guruch,Рис,Rice,Гуруч,2020-03,monthly,2020,8043.0
003,Arpa,Ячмень,Barley,Арпа,2020-03,monthly,2020,2436.0
0004,Bug'doy,Пшеница,Wheat,Буғдой,2020-03,monthly,2020,2444.0
005,Jo'hori,Кукуруза,Corn,Жўҳори,2020-03,monthly,2020,2781.0
006,Kepak,Отруби,Bran,Кепак,2020-03,monthly,2020,1742.0
0008,Shrot,Шрот,Schroth,Шрот,2020-03,monthly,2020,2766.0
009,Shulxa,Шелуха,Husk,Шулха,2020-03,monthly,2020,2276.0
010,Kombikorm,Комбикорм,Compound feed,Комбикорм,2020-03,monthly,2020,1893.0
017,Mol go'shti,Говядина,Beef,Мол гўшти,2020-03,monthly,2020,47872.0
0020,Qo'y go'shti,Баранина,Mutton,Қўй гўшти,2020-03,monthly,2020,44742.0
022,Tovuq go'shti,Мясо птицы,Poultry,Товуқ гўшти,2020-03,monthly,2020,18557.0
026,Turli baliqlar,Рыба всякая,Fish of all kinds,Турли балиқлар,2020-03,monthly,2020,22876.0
027,Yangi sog'ilgan sut (1 litr),Молоко свежее (1 литр),Fresh milk (1 liter),Янги соғилган сут (1 литр),2020-03,monthly,2020,3365.0
034,Tuxum (10 dona),Яйца (10 штук),Eggs (10 pieces ),Тухум (10 дона),2020-03,monthly,2020,7335.0
037,Sariyog',Масло сливочное,Butter,Сариёғ,2020-03,monthly,2020,50319.0
039,Limon,Лимоны,Lemons,Лимон,2020-03,monthly,2020,12063.0
0040,Olma,Яблоки,Apples,Олма,2020-03,monthly,2020,11039.0
041,Nok,Груши,Pears,Нок,2020-03,monthly,2020,18280.0
049,Uzum,Виноград,Grape,Узум,2020-03,monthly,2020,11482.0
0051,Qovun,Дыня,Melon,Қовун,2020-03,monthly,2020,5936.0
053,Mayiz,Кишмиш,Kishmish,Майиз,2020-03,monthly,2020,29492.0
055,Karam,Капуста,Cabbage,Карам,2020-03,monthly,2020,2110.0
057,Bodring,Огурцы,Cucumbers,Бодринг,2020-03,monthly,2020,12541.0
058,Pomidor,Помидоры,Tomatoes,Помидор,2020-03,monthly,2020,12924.0
0060,Bulg'or qalampiri,Перец болгарский,Bell pepper,Булғор қалампири,2020-03,monthly,2020,28695.0
061,Qovoq,Тыква,Pumpkin,Қовоқ,2020-03,monthly,2020,1983.0
063,Sabzi,Морковь,Carrot,Сабзи,2020-03,monthly,2020,1388.0
065,Sarimsoq,Чеснок,Garlic,Саримсоқ,2020-03,monthly,2020,43072.0
066,Piyoz,Лук репчатый,Onion,Пиёз,2020-03,monthly,2020,2434.0
069,Kartoshka,Картофель,Potatoes,Картошка,2020-03,monthly,2020,3498.0
0070,Loviya,Фасоль,Beans,Ловия,2020-03,monthly,2020,11862.0
071,No'xot,Горох,Peas,Нўхот,2020-03,monthly,2020,10162.0
0072,Mosh,Маш,Mash,Мош,2020-03,monthly,2020,8990.0
002,Kruppa yormasi,Крупа манная,Semolina,Круппа ёрмаси,2020-03,monthly,2020,2436.0
001,Guruch,Рис,Rice,Гуруч,2020-04,monthly,2020,7997.0
003,Arpa,Ячмень,Barley,Арпа,2020-04,monthly,2020,2589.0
0004,Bug'doy,Пшеница,Wheat,Буғдой,2020-04,monthly,2020,2884.0
005,Jo'hori,Кукуруза,Corn,Жўҳори,2020-04,monthly,2020,2925.0
006,Kepak,Отруби,Bran,Кепак,2020-04,monthly,2020,1840.0
0008,Shrot,Шрот,Schroth,Шрот,2020-04,monthly,2020,2805.0
009,Shulxa,Шелуха,Husk,Шулха,2020-04,monthly,2020,2308.0
010,Kombikorm,Комбикорм,Compound feed,Комбикорм,2020-04,monthly,2020,1918.0
017,Mol go'shti,Говядина,Beef,Мол гўшти,2020-04,monthly,2020,47725.0
0020,Qo'y go'shti,Баранина,Mutton,Қўй гўшти,2020-04,monthly,2020,44758.0
022,Tovuq go'shti,Мясо птицы,Poultry,Товуқ гўшти,2020-04,monthly,2020,18071.0
026,Turli baliqlar,Рыба всякая,Fish of all kinds,Турли балиқлар,2020-04,monthly,2020,22434.0
027,Yangi sog'ilgan sut (1 litr),Молоко свежее (1 литр),Fresh milk (1 liter),Янги соғилган сут (1 литр),2020-04,monthly,2020,3430.0
034,Tuxum (10 dona),Яйца (10 штук),Eggs (10 pieces ),Тухум (10 дона),2020-04,monthly,2020,7701.0
037,Sariyog',Масло сливочное,Butter,Сариёғ,2020-04,monthly,2020,50342.0
039,Limon,Лимоны,Lemons,Лимон,2020-04,monthly,2020,33475.0
0040,Olma,Яблоки,Apples,Олма,2020-04,monthly,2020,12250.0
041,Nok,Груши,Pears,Нок,2020-04,monthly,2020,18827.0
049,Uzum,Виноград,Grape,Узум,2020-04,monthly,2020,11089.0
0051,Qovun,Дыня,Melon,Қовун,2020-04,monthly,2020,5440.0
053,Mayiz,Кишмиш,Kishmish,Майиз,2020-04,monthly,2020,29652.0
055,Karam,Капуста,Cabbage,Карам,2020-04,monthly,2020,1919.0
057,Bodring,Огурцы,Cucumbers,Бодринг,2020-04,monthly,2020,7570.0
058,Pomidor,Помидоры,Tomatoes,Помидор,2020-04,monthly,2020,10102.0
0060,Bulg'or qalampiri,Перец болгарский,Bell pepper,Булғор қалампири,2020-04,monthly,2020,26227.0
061,Qovoq,Тыква,Pumpkin,Қовоқ,2020-04,monthly,2020,1839.0
063,Sabzi,Морковь,Carrot,Сабзи,2020-04,monthly,2020,1544.0
065,Sarimsoq,Чеснок,Garlic,Саримсоқ,2020-04,monthly,2020,52975.0
066,Piyoz,Лук репчатый,Onion,Пиёз,2020-04,monthly,2020,2866.0
069,Kartoshka,Картофель,Potatoes,Картошка,2020-04,monthly,2020,4974.0
0070,Loviya,Фасоль,Beans,Ловия,2020-04,monthly,2020,13441.0
071,No'xot,Горох,Peas,Нўхот,2020-04,monthly,2020,10386.0
0072,Mosh,Маш,Mash,Мош,2020-04,monthly,2020,9856.0
002,Kruppa yormasi,Крупа манная,Semolina,Круппа ёрмаси,2020-04,monthly,2020,2589.0
001,Guruch,Рис,Rice,Гуруч,2020-05,monthly,2020,8096.0
003,Arpa,Ячмень,Barley,Арпа,2020-05,monthly,2020,2728.0
0004,Bug'doy,Пшеница,Wheat,Буғдой,2020-05,monthly,2020,3146.0
005,Jo'hori,Кукуруза,Corn,Жўҳори,2020-05,monthly,2020,3075.0
006,Kepak,Отруби,Bran,Кепак,2020-05,monthly,2020,1900.0
0008,Shrot,Шрот,Schroth,Шрот,2020-05,monthly,2020,2814.0
009,Shulxa,Шелуха,Husk,Шулха,2020-05,monthly,2020,2311.0
010,Kombikorm,Комбикорм,Compound feed,Комбикорм,2020-05,monthly,2020,1909.0
017,Mol go'shti,Говядина,Beef,Мол гўшти,2020-05,monthly,2020,48225.0
0020,Qo'y go'shti,Баранина,Mutton,Қўй гўшти,2020-05,monthly,2020,45331.0
022,Tovuq go'shti,Мясо птицы,Poultry,Товуқ гўшти,2020-05,monthly,2020,18008.0
026,Turli baliqlar,Рыба всякая,Fish of all kinds,Турли балиқлар,2020-05,monthly,2020,22500.0
027,Yangi sog'ilgan sut (1 litr),Молоко свежее (1 литр),Fresh milk (1 liter),Янги соғилган сут (1 литр),2020-05,monthly,2020,3513.0
034,Tuxum (10 dona),Яйца (10 штук),Eggs (10 pieces ),Тухум (10 дона),2020-05,monthly,2020,8206.0
037,Sariyog',Масло сливочное,Butter,Сариёғ,2020-05,monthly,2020,50596.0
039,Limon,Лимоны,Lemons,Лимон,2020-05,monthly,2020,34558.0
0040,Olma,Яблоки,Apples,Олма,2020-05,monthly,2020,12377.0
041,Nok,Груши,Pears,Нок,2020-05,monthly,2020,19945.0
049,Uzum,Виноград,Grape,Узум,2020-05,monthly,2020,11893.0
0050,Tarvuz,Арбуз,Watermelon,Тарвуз,2020-05,monthly,2020,15000.0
0051,Qovun,Дыня,Melon,Қовун,2020-05,monthly,2020,4540.0
053,Mayiz,Кишмиш,Kishmish,Майиз,2020-05,monthly,2020,29748.0
055,Karam,Капуста,Cabbage,Карам,2020-05,monthly,2020,1310.0
057,Bodring,Огурцы,Cucumbers,Бодринг,2020-05,monthly,2020,3801.0
058,Pomidor,Помидоры,Tomatoes,Помидор,2020-05,monthly,2020,5690.0
059,Baqlajon,Баклажаны,Eggplant,Бақлажон,2020-05,monthly,2020,12181.0
0060,Bulg'or qalampiri,Перец болгарский,Bell pepper,Булғор қалампири,2020-05,monthly,2020,12643.0
061,Qovoq,Тыква,Pumpkin,Қовоқ,2020-05,monthly,2020,3842.0
063,Sabzi,Морковь,Carrot,Сабзи,2020-05,monthly,2020,1795.0
065,Sarimsoq,Чеснок,Garlic,Саримсоқ,2020-05,monthly,2020,20647.0
066,Piyoz,Лук репчатый,Onion,Пиёз,2020-05,monthly,2020,1748.0
069,Kartoshka,Картофель,Potatoes,Картошка,2020-05,monthly,2020,4711.0
0070,Loviya,Фасоль,Beans,Ловия,2020-05,monthly,2020,18808.0
071,No'xot,Горох,Peas,Нўхот,2020-05,monthly,2020,10391.0
0072,Mosh,Маш,Mash,Мош,2020-05,monthly,2020,11605.0
002,Kruppa yormasi,Крупа манная,Semolina,Круппа ёрмаси,2020-05,monthly,2020,2728.0
001,Guruch,Рис,Rice,Гуруч,2020-06,monthly,2020,8026.0
003,Arpa,Ячмень,Barley,Арпа,2020-06,monthly,2020,2660.0
0004,Bug'doy,Пшеница,Wheat,Буғдой,2020-06,monthly,2020,3070.0
005,Jo'hori,Кукуруза,Corn,Жўҳори,2020-06,monthly,2020,3169.0
006,Kepak,Отруби,Bran,Кепак,2020-06,monthly,2020,1866.0
0008,Shrot,Шрот,Schroth,Шрот,2020-06,monthly,2020,2813.0
009,Shulxa,Шелуха,Husk,Шулха,2020-06,monthly,2020,2302.0
010,Kombikorm,Комбикорм,Compound feed,Комбикорм,2020-06,monthly,2020,1908.0
017,Mol go'shti,Говядина,Beef,Мол гўшти,2020-06,monthly,2020,48188.0
0020,Qo'y go'shti,Баранина,Mutton,Қўй гўшти,2020-06,monthly,2020,45343.0
022,Tovuq go'shti,Мясо птицы,Poultry,Товуқ гўшти,2020-06,monthly,2020,18291.0
026,Turli baliqlar,Рыба всякая,Fish of all kinds,Турли балиқлар,2020-06,monthly,2020,22348.0
027,Yangi sog'ilgan sut (1 litr),Молоко свежее (1 литр),Fresh milk (1 liter),Янги соғилган сут (1 литр),2020-06,monthly,2020,3767.0
034,Tuxum (10 dona),Яйца (10 штук),Eggs (10 pieces ),Тухум (10 дона),2020-06,monthly,2020,7992.0
037,Sariyog',Масло сливочное,Butter,Сариёғ,2020-06,monthly,2020,51314.0
039,Limon,Лимоны,Lemons,Лимон,2020-06,monthly,2020,37459.0
0040,Olma,Яблоки,Apples,Олма,2020-06,monthly,2020,9623.0
041,Nok,Груши,Pears,Нок,2020-06,monthly,2020,16462.0
049,Uzum,Виноград,Grape,Узум,2020-06,monthly,2020,12138.0
0050,Tarvuz,Арбуз,Watermelon,Тарвуз,2020-06,monthly,2020,2130.0
0051,Qovun,Дыня,Melon,Қовун,2020-06,monthly,2020,3993.0
053,Mayiz,Кишмиш,Kishmish,Майиз,2020-06,monthly,2020,29750.0
055,Karam,Капуста,Cabbage,Карам,2020-06,monthly,2020,1222.0
057,Bodring,Огурцы,Cucumbers,Бодринг,2020-06,monthly,2020,2656.0
058,Pomidor,Помидоры,Tomatoes,Помидор,2020-06,monthly,2020,3286.0
059,Baqlajon,Баклажаны,Eggplant,Бақлажон,2020-06,monthly,2020,4975.0
0060,Bulg'or qalampiri,Перец болгарский,Bell pepper,Булғор қалампири,2020-06,monthly,2020,5052.0
061,Qovoq,Тыква,Pumpkin,Қовоқ,2020-06,monthly,2020,2388.0
063,Sabzi,Морковь,Carrot,Сабзи,2020-06,monthly,2020,2120.0
065,Sarimsoq,Чеснок,Garlic,Саримсоқ,2020-06,monthly,2020,15296.0
066,Piyoz,Лук репчатый,Onion,Пиёз,2020-06,monthly,2020,1364.0
069,Kartoshka,Картофель,Potatoes,Картошка,2020-06,monthly,2020,3949.0
0070,Loviya,Фасоль,Beans,Ловия,2020-06,monthly,2020,19373.0
071,No'xot,Горох,Peas,Нўхот,2020-06,monthly,2020,10688.0
0072,Mosh,Маш,Mash,Мош,2020-06,monthly,2020,11523.0
002,Kruppa yormasi,Крупа манная,Semolina,Круппа ёрмаси,2020-06,monthly,2020,2660.0
001,Guruch,Рис,Rice,Гуруч,2020-07,monthly,2020,8112.0
003,Arpa,Ячмень,Barley,Арпа,2020-07,monthly,2020,2636.0
0004,Bug'doy,Пшеница,Wheat,Буғдой,2020-07,monthly,2020,2986.0
005,Jo'hori,Кукуруза,Corn,Жўҳори,2020-07,monthly,2020,3278.0
006,Kepak,Отруби,Bran,Кепак,2020-07,monthly,2020,1839.0
0008,Shrot,Шрот,Schroth,Шрот,2020-07,monthly,2020,2815.0
009,Shulxa,Шелуха,Husk,Шулха,2020-07,monthly,2020,2299.0
010,Kombikorm,Комбикорм,Compound feed,Комбикорм,2020-07,monthly,2020,1908.0
017,Mol go'shti,Говядина,Beef,Мол гўшти,2020-07,monthly,2020,48476.0
0020,Qo'y go'shti,Баранина,Mutton,Қўй гўшти,2020-07,monthly,2020,45506.0
022,Tovuq go'shti,Мясо птицы,Poultry,Товуқ гўшти,2020-07,monthly,2020,18308.0
026,Turli baliqlar,Рыба всякая,Fish of all kinds,Турли балиқлар,2020-07,monthly,2020,22102.0
027,Yangi sog'ilgan sut (1 litr),Молоко свежее (1 литр),Fresh milk (1 liter),Янги соғилган сут (1 литр),2020-07,monthly,2020,3813.0
034,Tuxum (10 dona),Яйца (10 штук),Eggs (10 pieces ),Тухум (10 дона),2020-07,monthly,2020,7763.0
037,Sariyog',Масло сливочное,Butter,Сариёғ,2020-07,monthly,2020,53027.0
039,Limon,Лимоны,Lemons,Лимон,2020-07,monthly,2020,41630.0
0040,Olma,Яблоки,Apples,Олма,2020-07,monthly,2020,7791.0
041,Nok,Груши,Pears,Нок,2020-07,monthly,2020,12231.0
049,Uzum,Виноград,Grape,Узум,2020-07,monthly,2020,10120.0
0050,Tarvuz,Арбуз,Watermelon,Тарвуз,2020-07,monthly,2020,1215.0
0051,Qovun,Дыня,Melon,Қовун,2020-07,monthly,2020,2838.0
053,Mayiz,Кишмиш,Kishmish,Майиз,2020-07,monthly,2020,29825.0
055,Karam,Капуста,Cabbage,Карам,2020-07,monthly,2020,1461.0
057,Bodring,Огурцы,Cucumbers,Бодринг,2020-07,monthly,2020,2336.0
058,Pomidor,Помидоры,Tomatoes,Помидор,2020-07,monthly,2020,3291.0
059,Baqlajon,Баклажаны,Eggplant,Бақлажон,2020-07,monthly,2020,2369.0
0060,Bulg'or qalampiri,Перец болгарский,Bell pepper,Булғор қалампири,2020-07,monthly,2020,3748.0
061,Qovoq,Тыква,Pumpkin,Қовоқ,2020-07,monthly,2020,1999.0
063,Sabzi,Морковь,Carrot,Сабзи,2020-07,monthly,2020,2758.0
065,Sarimsoq,Чеснок,Garlic,Саримсоқ,2020-07,monthly,2020,18089.0
066,Piyoz,Лук репчатый,Onion,Пиёз,2020-07,monthly,2020,1491.0
069,Kartoshka,Картофель,Potatoes,Картошка,2020-07,monthly,2020,3446.0
0070,Loviya,Фасоль,Beans,Ловия,2020-07,monthly,2020,16655.0
071,No'xot,Горох,Peas,Нўхот,2020-07,monthly,2020,10398.0
0072,Mosh,Маш,Mash,Мош,2020-07,monthly,2020,11568.0
002,Kruppa yormasi,Крупа манная,Semolina,Круппа ёрмаси,2020-07,monthly,2020,2636.0
001,Guruch,Рис,Rice,Гуруч,2020-08,monthly,2020,8181.0
003,Arpa,Ячмень,Barley,Арпа,2020-08,monthly,2020,2665.0
0004,Bug'doy,Пшеница,Wheat,Буғдой,2020-08,monthly,2020,3093.0
005,Jo'hori,Кукуруза,Corn,Жўҳори,2020-08,monthly,2020,3455.0
006,Kepak,Отруби,Bran,Кепак,2020-08,monthly,2020,1883.0
0008,Shrot,Шрот,Schroth,Шрот,2020-08,monthly,2020,2851.0
009,Shulxa,Шелуха,Husk,Шулха,2020-08,monthly,2020,2310.0
010,Kombikorm,Комбикорм,Compound feed,Комбикорм,2020-08,monthly,2020,1908.0
017,Mol go'shti,Говядина,Beef,Мол гўшти,2020-08,monthly,2020,51869.0
0020,Qo'y go'shti,Баранина,Mutton,Қўй гўшти,2020-08,monthly,2020,48497.0
022,Tovuq go'shti,Мясо птицы,Poultry,Товуқ гўшти,2020-08,monthly,2020,18276.0
026,Turli baliqlar,Рыба всякая,Fish of all kinds,Турли балиқлар,2020-08,monthly,2020,22269.0
027,Yangi sog'ilgan sut (1 litr),Молоко свежее (1 литр),Fresh milk (1 liter),Янги соғилган сут (1 литр),2020-08,monthly,2020,3786.0
034,Tuxum (10 dona),Яйца (10 штук),Eggs (10 pieces ),Тухум (10 дона),2020-08,monthly,2020,8027.0
037,Sariyog',Масло сливочное,Butter,Сариёғ,2020-08,monthly,2020,53399.0
039,Limon,Лимоны,Lemons,Лимон,2020-08,monthly,2020,43426.0
0040,Olma,Яблоки,Apples,Олма,2020-08,monthly,2020,8386.0
041,Nok,Груши,Pears,Нок,2020-08,monthly,2020,12789.0
049,Uzum,Виноград,Grape,Узум,2020-08,monthly,2020,8893.0
0050,Tarvuz,Арбуз,Watermelon,Тарвуз,2020-08,monthly,2020,1094.0
0051,Qovun,Дыня,Melon,Қовун,2020-08,monthly,2020,2270.0
053,Mayiz,Кишмиш,Kishmish,Майиз,2020-08,monthly,2020,29850.0
055,Karam,Капуста,Cabbage,Карам,2020-08,monthly,2020,2089.0
057,Bodring,Огурцы,Cucumbers,Бодринг,2020-08,monthly,2020,2539.0
058,Pomidor,Помидоры,Tomatoes,Помидор,2020-08,monthly,2020,2565.0
059,Baqlajon,Баклажаны,Eggplant,Бақлажон,2020-08,monthly,2020,2102.0
0060,Bulg'or qalampiri,Перец болгарский,Bell pepper,Булғор қалампири,2020-08,monthly,2020,3214.0
061,Qovoq,Тыква,Pumpkin,Қовоқ,2020-08,monthly,2020,2284.0
063,Sabzi,Морковь,Carrot,Сабзи,2020-08,monthly,2020,3047.0
065,Sarimsoq,Чеснок,Garlic,Саримсоқ,2020-08,monthly,2020,27140.0
066,Piyoz,Лук репчатый,Onion,Пиёз,2020-08,monthly,2020,1687.0
069,Kartoshka,Картофель,Potatoes,Картошка,2020-08,monthly,2020,3596.0
0070,Loviya,Фасоль,Beans,Ловия,2020-08,monthly,2020,16405.0
071,No'xot,Горох,Peas,Нўхот,2020-08,monthly,2020,10401.0
0072,Mosh,Маш,Mash,Мош,2020-08,monthly,2020,11413.0
002,Kruppa yormasi,Крупа манная,Semolina,Круппа ёрмаси,2020-08,monthly,2020,2665.0
001,Guruch,Рис,Rice,Гуруч,2020-09,monthly,2020,8403.0
003,Arpa,Ячмень,Barley,Арпа,2020-09,monthly,2020,2707.0
0004,Bug'doy,Пшеница,Wheat,Буғдой,2020-09,monthly,2020,3111.0
005,Jo'hori,Кукуруза,Corn,Жўҳори,2020-09,monthly,2020,3468.0
006,Kepak,Отруби,Bran,Кепак,2020-09,monthly,2020,1919.0
0008,Shrot,Шрот,Schroth,Шрот,2020-09,monthly,2020,2901.0
009,Shulxa,Шелуха,Husk,Шулха,2020-09,monthly,2020,2335.0
010,Kombikorm,Комбикорм,Compound feed,Комбикорм,2020-09,monthly,2020,1911.0
017,Mol go'shti,Говядина,Beef,Мол гўшти,2020-09,monthly,2020,55920.0
0020,Qo'y go'shti,Баранина,Mutton,Қўй гўшти,2020-09,monthly,2020,52133.0
022,Tovuq go'shti,Мясо птицы,Poultry,Товуқ гўшти,2020-09,monthly,2020,18383.0
026,Turli baliqlar,Рыба всякая,Fish of all kinds,Турли балиқлар,2020-09,monthly,2020,22505.0
027,Yangi sog'ilgan sut (1 litr),Молоко свежее (1 литр),Fresh milk (1 liter),Янги соғилган сут (1 литр),2020-09,monthly,2020,3763.0
034,Tuxum (10 dona),Яйца (10 штук),Eggs (10 pieces ),Тухум (10 дона),2020-09,monthly,2020,8544.0
037,Sariyog',Масло сливочное,Butter,Сариёғ,2020-09,monthly,2020,53550.0
039,Limon,Лимоны,Lemons,Лимон,2020-09,monthly,2020,35863.0
0040,Olma,Яблоки,Apples,Олма,2020-09,monthly,2020,7903.0
041,Nok,Груши,Pears,Нок,2020-09,monthly,2020,12566.0
049,Uzum,Виноград,Grape,Узум,2020-09,monthly,2020,8502.0
0050,Tarvuz,Арбуз,Watermelon,Тарвуз,2020-09,monthly,2020,1064.0
0051,Qovun,Дыня,Melon,Қовун,2020-09,monthly,2020,2134.0
053,Mayiz,Кишмиш,Kishmish,Майиз,2020-09,monthly,2020,30095.0
055,Karam,Капуста,Cabbage,Карам,2020-09,monthly,2020,1976.0
057,Bodring,Огурцы,Cucumbers,Бодринг,2020-09,monthly,2020,2571.0
058,Pomidor,Помидоры,Tomatoes,Помидор,2020-09,monthly,2020,1815.0
059,Baqlajon,Баклажаны,Eggplant,Бақлажон,2020-09,monthly,2020,2344.0
0060,Bulg'or qalampiri,Перец болгарский,Bell pepper,Булғор қалампири,2020-09,monthly,2020,2894.0
061,Qovoq,Тыква,Pumpkin,Қовоқ,2020-09,monthly,2020,2127.0
063,Sabzi,Морковь,Carrot,Сабзи,2020-09,monthly,2020,2692.0
065,Sarimsoq,Чеснок,Garlic,Саримсоқ,2020-09,monthly,2020,24224.0
066,Piyoz,Лук репчатый,Onion,Пиёз,2020-09,monthly,2020,1614.0
069,Kartoshka,Картофель,Potatoes,Картошка,2020-09,monthly,2020,3470.0
0070,Loviya,Фасоль,Beans,Ловия,2020-09,monthly,2020,16023.0
071,No'xot,Горох,Peas,Нўхот,2020-09,monthly,2020,10672.0
0072,Mosh,Маш,Mash,Мош,2020-09,monthly,2020,11389.0
002,Kruppa yormasi,Крупа манная,Semolina,Круппа ёрмаси,2020-09,monthly,2020,2707.0
001,Guruch,Рис,Rice,Гуруч,2020-10,monthly,2020,8497.0
003,Arpa,Ячмень,Barley,Арпа,2020-10,monthly,2020,2732.0
0004,Bug'doy,Пшеница,Wheat,Буғдой,2020-10,monthly,2020,3114.0
005,Jo'hori,Кукуруза,Corn,Жўҳори,2020-10,monthly,2020,3404.0
006,Kepak,Отруби,Bran,Кепак,2020-10,monthly,2020,1940.0
0008,Shrot,Шрот,Schroth,Шрот,2020-10,monthly,2020,2935.0
009,Shulxa,Шелуха,Husk,Шулха,2020-10,monthly,2020,2361.0
010,Kombikorm,Комбикорм,Compound feed,Комбикорм,2020-10,monthly,2020,1974.0
017,Mol go'shti,Говядина,Beef,Мол гўшти,2020-10,monthly,2020,56163.0
0020,Qo'y go'shti,Баранина,Mutton,Қўй гўшти,2020-10,monthly,2020,52848.0
022,Tovuq go'shti,Мясо птицы,Poultry,Товуқ гўшти,2020-10,monthly,2020,17647.0
026,Turli baliqlar,Рыба всякая,Fish of all kinds,Турли балиқлар,2020-10,monthly,2020,22802.0
027,Yangi sog'ilgan sut (1 litr),Молоко свежее (1 литр),Fresh milk (1 liter),Янги соғилган сут (1 литр),2020-10,monthly,2020,3880.0
034,Tuxum (10 dona),Яйца (10 штук),Eggs (10 pieces ),Тухум (10 дона),2020-10,monthly,2020,10681.0
037,Sariyog',Масло сливочное,Butter,Сариёғ,2020-10,monthly,2020,53734.0
039,Limon,Лимоны,Lemons,Лимон,2020-10,monthly,2020,21600.0
0040,Olma,Яблоки,Apples,Олма,2020-10,monthly,2020,8404.0
041,Nok,Груши,Pears,Нок,2020-10,monthly,2020,14736.0
049,Uzum,Виноград,Grape,Узум,2020-10,monthly,2020,8437.0
0050,Tarvuz,Арбуз,Watermelon,Тарвуз,2020-10,monthly,2020,1364.0
0051,Qovun,Дыня,Melon,Қовун,2020-10,monthly,2020,2286.0
053,Mayiz,Кишмиш,Kishmish,Майиз,2020-10,monthly,2020,30258.0
055,Karam,Капуста,Cabbage,Карам,2020-10,monthly,2020,1796.0
057,Bodring,Огурцы,Cucumbers,Бодринг,2020-10,monthly,2020,4179.0
058,Pomidor,Помидоры,Tomatoes,Помидор,2020-10,monthly,2020,3615.0
059,Baqlajon,Баклажаны,Eggplant,Бақлажон,2020-10,monthly,2020,2269.0
0060,Bulg'or qalampiri,Перец болгарский,Bell pepper,Булғор қалампири,2020-10,monthly,2020,3075.0
061,Qovoq,Тыква,Pumpkin,Қовоқ,2020-10,monthly,2020,1978.0
063,Sabzi,Морковь,Carrot,Сабзи,2020-10,monthly,2020,2144.0
065,Sarimsoq,Чеснок,Garlic,Саримсоқ,2020-10,monthly,2020,21656.0
066,Piyoz,Лук репчатый,Onion,Пиёз,2020-10,monthly,2020,1747.0
069,Kartoshka,Картофель,Potatoes,Картошка,2020-10,monthly,2020,3589.0
0070,Loviya,Фасоль,Beans,Ловия,2020-10,monthly,2020,14942.0
071,No'xot,Горох,Peas,Нўхот,2020-10,monthly,2020,11138.0
0072,Mosh,Маш,Mash,Мош,2020-10,monthly,2020,11039.0
002,Kruppa yormasi,Крупа манная,Semolina,Круппа ёрмаси,2020-10,monthly,2020,2732.0
001,Guruch,Рис,Rice,Гуруч,2020-11,monthly,2020,8508.0
003,Arpa,Ячмень,Barley,Арпа,2020-11,monthly,2020,2794.0
0004,Bug'doy,Пшеница,Wheat,Буғдой,2020-11,monthly,2020,3147.0
005,Jo'hori,Кукуруза,Corn,Жўҳори,2020-11,monthly,2020,3333.0
006,Kepak,Отруби,Bran,Кепак,2020-11,monthly,2020,1939.0
0008,Shrot,Шрот,Schroth,Шрот,2020-11,monthly,2020,2947.0
009,Shulxa,Шелуха,Husk,Шулха,2020-11,monthly,2020,2371.0
010,Kombikorm,Комбикорм,Compound feed,Комбикорм,2020-11,monthly,2020,1976.0
017,Mol go'shti,Говядина,Beef,Мол гўшти,2020-11,monthly,2020,55800.0
0020,Qo'y go'shti,Баранина,Mutton,Қўй гўшти,2020-11,monthly,2020,52826.0
022,Tovuq go'shti,Мясо птицы,Poultry,Товуқ гўшти,2020-11,monthly,2020,17336.0
026,Turli baliqlar,Рыба всякая,Fish of all kinds,Турли балиқлар,2020-11,monthly,2020,22279.0
027,Yangi sog'ilgan sut (1 litr),Молоко свежее (1 литр),Fresh milk (1 liter),Янги соғилган сут (1 литр),2020-11,monthly,2020,3875.0
034,Tuxum (10 dona),Яйца (10 штук),Eggs (10 pieces ),Тухум (10 дона),2020-11,monthly,2020,10077.0
037,Sariyog',Масло сливочное,Butter,Сариёғ,2020-11,monthly,2020,53830.0
039,Limon,Лимоны,Lemons,Лимон,2020-11,monthly,2020,16529.0
0040,Olma,Яблоки,Apples,Олма,2020-11,monthly,2020,9148.0
041,Nok,Груши,Pears,Нок,2020-11,monthly,2020,16059.0
049,Uzum,Виноград,Grape,Узум,2020-11,monthly,2020,9649.0
0050,Tarvuz,Арбуз,Watermelon,Тарвуз,2020-11,monthly,2020,1603.0
0051,Qovun,Дыня,Melon,Қовун,2020-11,monthly,2020,2571.0
053,Mayiz,Кишмиш,Kishmish,Майиз,2020-11,monthly,2020,30375.0
055,Karam,Капуста,Cabbage,Карам,2020-11,monthly,2020,1767.0
057,Bodring,Огурцы,Cucumbers,Бодринг,2020-11,monthly,2020,8740.0
058,Pomidor,Помидоры,Tomatoes,Помидор,2020-11,monthly,2020,7089.0
059,Baqlajon,Баклажаны,Eggplant,Бақлажон,2020-11,monthly,2020,2694.0
0060,Bulg'or qalampiri,Перец болгарский,Bell pepper,Булғор қалампири,2020-11,monthly,2020,4791.0
061,Qovoq,Тыква,Pumpkin,Қовоқ,2020-11,monthly,2020,1982.0
063,Sabzi,Морковь,Carrot,Сабзи,2020-11,monthly,2020,1793.0
065,Sarimsoq,Чеснок,Garlic,Саримсоқ,2020-11,monthly,2020,20877.0
066,Piyoz,Лук репчатый,Onion,Пиёз,2020-11,monthly,2020,1784.0
069,Kartoshka,Картофель,Potatoes,Картошка,2020-11,monthly,2020,3619.0
0070,Loviya,Фасоль,Beans,Ловия,2020-11,monthly,2020,14208.0
071,No'xot,Горох,Peas,Нўхот,2020-11,monthly,2020,11288.0
0072,Mosh,Маш,Mash,Мош,2020-11,monthly,2020,10800.0
002,Kruppa yormasi,Крупа манная,Semolina,Круппа ёрмаси,2020-11,monthly,2020,2794.0
001,Guruch,Рис,Rice,Гуруч,2020-12,monthly,2020,8660.0
003,Arpa,Ячмень,Barley,Арпа,2020-12,monthly,2020,2818.0
0004,Bug'doy,Пшеница,Wheat,Буғдой,2020-12,monthly,2020,3154.0
005,Jo'hori,Кукуруза,Corn,Жўҳори,2020-12,monthly,2020,3314.0
006,Kepak,Отруби,Bran,Кепак,2020-12,monthly,2020,1950.0
0008,Shrot,Шрот,Schroth,Шрот,2020-12,monthly,2020,2936.0
009,Shulxa,Шелуха,Husk,Шулха,2020-12,monthly,2020,2377.0
010,Kombikorm,Комбикорм,Compound feed,Комбикорм,2020-12,monthly,2020,2087.0
017,Mol go'shti,Говядина,Beef,Мол гўшти,2020-12,monthly,2020,55493.0
0020,Qo'y go'shti,Баранина,Mutton,Қўй гўшти,2020-12,monthly,2020,52856.0
022,Tovuq go'shti,Мясо птицы,Poultry,Товуқ гўшти,2020-12,monthly,2020,18355.0
026,Turli baliqlar,Рыба всякая,Fish of all kinds,Турли балиқлар,2020-12,monthly,2020,22155.0
027,Yangi sog'ilgan sut (1 litr),Молоко свежее (1 литр),Fresh milk (1 liter),Янги соғилган сут (1 литр),2020-12,monthly,2020,3943.0
034,Tuxum (10 dona),Яйца (10 штук),Eggs (10 pieces ),Тухум (10 дона),2020-12,monthly,2020,10500.0
037,Sariyog',Масло сливочное,Butter,Сариёғ,2020-12,monthly,2020,53852.0
039,Limon,Лимоны,Lemons,Лимон,2020-12,monthly,2020,16551.0
0040,Olma,Яблоки,Apples,Олма,2020-12,monthly,2020,9342.0
041,Nok,Груши,Pears,Нок,2020-12,monthly,2020,21049.0
049,Uzum,Виноград,Grape,Узум,2020-12,monthly,2020,10789.0
0050,Tarvuz,Арбуз,Watermelon,Тарвуз,2020-12,monthly,2020,1848.0
0051,Qovun,Дыня,Melon,Қовун,2020-12,monthly,2020,2925.0
053,Mayiz,Кишмиш,Kishmish,Майиз,2020-12,monthly,2020,30408.0
055,Karam,Капуста,Cabbage,Карам,2020-12,monthly,2020,1795.0
057,Bodring,Огурцы,Cucumbers,Бодринг,2020-12,monthly,2020,14992.0
058,Pomidor,Помидоры,Tomatoes,Помидор,2020-12,monthly,2020,9331.0
059,Baqlajon,Баклажаны,Eggplant,Бақлажон,2020-12,monthly,2020,3066.0
0060,Bulg'or qalampiri,Перец болгарский,Bell pepper,Булғор қалампири,2020-12,monthly,2020,10422.0
061,Qovoq,Тыква,Pumpkin,Қовоқ,2020-12,monthly,2020,1997.0
063,Sabzi,Морковь,Carrot,Сабзи,2020-12,monthly,2020,1780.0
065,Sarimsoq,Чеснок,Garlic,Саримсоқ,2020-12,monthly,2020,21593.0
066,Piyoz,Лук репчатый,Onion,Пиёз,2020-12,monthly,2020,1923.0
069,Kartoshka,Картофель,Potatoes,Картошка,2020-12,monthly,2020,3709.0
0070,Loviya,Фасоль,Beans,Ловия,2020-12,monthly,2020,14246.0
071,No'xot,Горох,Peas,Нўхот,2020-12,monthly,2020,11468.0
0072,Mosh,Маш,Mash,Мош,2020-12,monthly,2020,10924.0
002,Kruppa yormasi,Крупа манная,Semolina,Круппа ёрмаси,2020-12,monthly,2020,2818.0
001,Guruch,Рис,Rice,Гуруч,2021-01,monthly,2021,8562.0
003,Arpa,Ячмень,Barley,Арпа,2021-01,monthly,2021,2820.0
0004,Bug'doy,Пшеница,Wheat,Буғдой,2021-01,monthly,2021,3041.0
005,Jo'hori,Кукуруза,Corn,Жўҳори,2021-01,monthly,2021,3283.0
006,Kepak,Отруби,Bran,Кепак,2021-01,monthly,2021,1948.0
0008,Shrot,Шрот,Schroth,Шрот,2021-01,monthly,2021,2908.0
009,Shulxa,Шелуха,Husk,Шулха,2021-01,monthly,2021,2383.0
010,Kombikorm,Комбикорм,Compound feed,Комбикорм,2021-01,monthly,2021,2035.0
013,1-nav bug'doy unidan non,Хлеб пшеничный из муки 1-го сорта,Wheat bread from 1st grade flour,1-нав буғдой унидан нон,2021-01,monthly,2021,3263.0
017,Mol go'shti,Говядина,Beef,Мол гўшти,2021-01,monthly,2021,56621.0
0020,Qo'y go'shti,Баранина,Mutton,Қўй гўшти,2021-01,monthly,2021,53227.0
022,Tovuq go'shti,Мясо птицы,Poultry,Товуқ гўшти,2021-01,monthly,2021,19314.0
026,Turli baliqlar,Рыба всякая,Fish of all kinds,Турли балиқлар,2021-01,monthly,2021,22594.0
027,Yangi sog'ilgan sut (1 litr),Молоко свежее (1 литр),Fresh milk (1 liter),Янги соғилган сут (1 литр),2021-01,monthly,2021,3845.0
034,Tuxum (10 dona),Яйца (10 штук),Eggs (10 pieces ),Тухум (10 дона),2021-01,monthly,2021,10926.0
037,Sariyog',Масло сливочное,Butter,Сариёғ,2021-01,monthly,2021,51183.0
039,Limon,Лимоны,Lemons,Лимон,2021-01,monthly,2021,18572.0
0040,Olma,Яблоки,Apples,Олма,2021-01,monthly,2021,9713.0
041,Nok,Груши,Pears,Нок,2021-01,monthly,2021,25269.0
049,Uzum,Виноград,Grape,Узум,2021-01,monthly,2021,12327.0
0050,Tarvuz,Арбуз,Watermelon,Тарвуз,2021-01,monthly,2021,2015.0
0051,Qovun,Дыня,Melon,Қовун,2021-01,monthly,2021,2958.0
053,Mayiz,Кишмиш,Kishmish,Майиз,2021-01,monthly,2021,30333.0
055,Karam,Капуста,Cabbage,Карам,2021-01,monthly,2021,1939.0
057,Bodring,Огурцы,Cucumbers,Бодринг,2021-01,monthly,2021,16743.0
058,Pomidor,Помидоры,Tomatoes,Помидор,2021-01,monthly,2021,10081.0
0060,Bulg'or qalampiri,Перец болгарский,Bell pepper,Булғор қалампири,2021-01,monthly,2021,12889.0
061,Qovoq,Тыква,Pumpkin,Қовоқ,2021-01,monthly,2021,2021.0
063,Sabzi,Морковь,Carrot,Сабзи,2021-01,monthly,2021,1813.0
065,Sarimsoq,Чеснок,Garlic,Саримсоқ,2021-01,monthly,2021,21751.0
066,Piyoz,Лук репчатый,Onion,Пиёз,2021-01,monthly,2021,1911.0
069,Kartoshka,Картофель,Potatoes,Картошка,2021-01,monthly,2021,3832.0
0070,Loviya,Фасоль,Beans,Ловия,2021-01,monthly,2021,13968.0
071,No'xot,Горох,Peas,Нўхот,2021-01,monthly,2021,11746.0
0072,Mosh,Маш,Mash,Мош,2021-01,monthly,2021,11164.0
002,Kruppa yormasi,Крупа манная,Semolina,Круппа ёрмаси,2021-01,monthly,2021,2820.0
001,Guruch,Рис,Rice,Гуруч,2021-02,monthly,2021,8560.0
003,Arpa,Ячмень,Barley,Арпа,2021-02,monthly,2021,2842.0
0004,Bug'doy,Пшеница,Wheat,Буғдой,2021-02,monthly,2021,3041.0
005,Jo'hori,Кукуруза,Corn,Жўҳори,2021-02,monthly,2021,3278.0
006,Kepak,Отруби,Bran,Кепак,2021-02,monthly,2021,1961.0
0008,Shrot,Шрот,Schroth,Шрот,2021-02,monthly,2021,2917.0
009,Shulxa,Шелуха,Husk,Шулха,2021-02,monthly,2021,2396.0
010,Kombikorm,Комбикорм,Compound feed,Комбикорм,2021-02,monthly,2021,2085.0
013,1-nav bug'doy unidan non,Хлеб пшеничный из муки 1-го сорта,Wheat bread from 1st grade flour,1-нав буғдой унидан нон,2021-02,monthly,2021,3257.0
017,Mol go'shti,Говядина,Beef,Мол гўшти,2021-02,monthly,2021,56438.0
0020,Qo'y go'shti,Баранина,Mutton,Қўй гўшти,2021-02,monthly,2021,53224.0
022,Tovuq go'shti,Мясо птицы,Poultry,Товуқ гўшти,2021-02,monthly,2021,20614.0
026,Turli baliqlar,Рыба всякая,Fish of all kinds,Турли балиқлар,2021-02,monthly,2021,22588.0
027,Yangi sog'ilgan sut (1 litr),Молоко свежее (1 литр),Fresh milk (1 liter),Янги соғилган сут (1 литр),2021-02,monthly,2021,3893.0
034,Tuxum (10 dona),Яйца (10 штук),Eggs (10 pieces ),Тухум (10 дона),2021-02,monthly,2021,10225.0
037,Sariyog',Масло сливочное,Butter,Сариёғ,2021-02,monthly,2021,51333.0
039,Limon,Лимоны,Lemons,Лимон,2021-02,monthly,2021,19500.0
0040,Olma,Яблоки,Apples,Олма,2021-02,monthly,2021,9764.0
041,Nok,Груши,Pears,Нок,2021-02,monthly,2021,25403.0
049,Uzum,Виноград,Grape,Узум,2021-02,monthly,2021,13513.0
0050,Tarvuz,Арбуз,Watermelon,Тарвуз,2021-02,monthly,2021,2032.0
0051,Qovun,Дыня,Melon,Қовун,2021-02,monthly,2021,2973.0
053,Mayiz,Кишмиш,Kishmish,Майиз,2021-02,monthly,2021,30417.0
055,Karam,Капуста,Cabbage,Карам,2021-02,monthly,2021,1956.0
057,Bodring,Огурцы,Cucumbers,Бодринг,2021-02,monthly,2021,12079.0
058,Pomidor,Помидоры,Tomatoes,Помидор,2021-02,monthly,2021,9186.0
0060,Bulg'or qalampiri,Перец болгарский,Bell pepper,Булғор қалампири,2021-02,monthly,2021,13683.0
061,Qovoq,Тыква,Pumpkin,Қовоқ,2021-02,monthly,2021,2189.0
063,Sabzi,Морковь,Carrot,Сабзи,2021-02,monthly,2021,1870.0
065,Sarimsoq,Чеснок,Garlic,Саримсоқ,2021-02,monthly,2021,21534.0
066,Piyoz,Лук репчатый,Onion,Пиёз,2021-02,monthly,2021,1910.0
069,Kartoshka,Картофель,Potatoes,Картошка,2021-02,monthly,2021,3829.0
0070,Loviya,Фасоль,Beans,Ловия,2021-02,monthly,2021,13918.0
071,No'xot,Горох,Peas,Нўхот,2021-02,monthly,2021,12112.0
0072,Mosh,Маш,Mash,Мош,2021-02,monthly,2021,11277.0
002,Kruppa yormasi,Крупа манная,Semolina,Круппа ёрмаси,2021-02,monthly,2021,2842.0
001,Guruch,Рис,Rice,Гуруч,2021-03,monthly,2021,8593.0
003,Arpa,Ячмень,Barley,Арпа,2021-03,monthly,2021,2854.0
0004,Bug'doy,Пшеница,Wheat,Буғдой,2021-03,monthly,2021,3061.0
005,Jo'hori,Кукуруза,Corn,Жўҳори,2021-03,monthly,2021,3276.0
006,Kepak,Отруби,Bran,Кепак,2021-03,monthly,2021,2030.0
0008,Shrot,Шрот,Schroth,Шрот,2021-03,monthly,2021,2945.0
009,Shulxa,Шелуха,Husk,Шулха,2021-03,monthly,2021,2404.0
010,Kombikorm,Комбикорм,Compound feed,Комбикорм,2021-03,monthly,2021,2111.0
013,1-nav bug'doy unidan non,Хлеб пшеничный из муки 1-го сорта,Wheat bread from 1st grade flour,1-нав буғдой унидан нон,2021-03,monthly,2021,3259.0
017,Mol go'shti,Говядина,Beef,Мол гўшти,2021-03,monthly,2021,56749.0
0020,Qo'y go'shti,Баранина,Mutton,Қўй гўшти,2021-03,monthly,2021,53341.0
022,Tovuq go'shti,Мясо птицы,Poultry,Товуқ гўшти,2021-03,monthly,2021,20530.0
026,Turli baliqlar,Рыба всякая,Fish of all kinds,Турли балиқлар,2021-03,monthly,2021,22598.0
027,Yangi sog'ilgan sut (1 litr),Молоко свежее (1 литр),Fresh milk (1 liter),Янги соғилган сут (1 литр),2021-03,monthly,2021,3907.0
034,Tuxum (10 dona),Яйца (10 штук),Eggs (10 pieces ),Тухум (10 дона),2021-03,monthly,2021,9869.0
037,Sariyog',Масло сливочное,Butter,Сариёғ,2021-03,monthly,2021,51208.0
039,Limon,Лимоны,Lemons,Лимон,2021-03,monthly,2021,19723.0
0040,Olma,Яблоки,Apples,Олма,2021-03,monthly,2021,10059.0
041,Nok,Груши,Pears,Нок,2021-03,monthly,2021,24456.0
049,Uzum,Виноград,Grape,Узум,2021-03,monthly,2021,14178.0
0050,Tarvuz,Арбуз,Watermelon,Тарвуз,2021-03,monthly,2021,2072.0
0051,Qovun,Дыня,Melon,Қовун,2021-03,monthly,2021,3069.0
053,Mayiz,Кишмиш,Kishmish,Майиз,2021-03,monthly,2021,30450.0
055,Karam,Капуста,Cabbage,Карам,2021-03,monthly,2021,1931.0
057,Bodring,Огурцы,Cucumbers,Бодринг,2021-03,monthly,2021,12782.0
058,Pomidor,Помидоры,Tomatoes,Помидор,2021-03,monthly,2021,12072.0
0060,Bulg'or qalampiri,Перец болгарский,Bell pepper,Булғор қалампири,2021-03,monthly,2021,22355.0
061,Qovoq,Тыква,Pumpkin,Қовоқ,2021-03,monthly,2021,2312.0
063,Sabzi,Морковь,Carrot,Сабзи,2021-03,monthly,2021,1970.0
065,Sarimsoq,Чеснок,Garlic,Саримсоқ,2021-03,monthly,2021,21582.0
066,Piyoz,Лук репчатый,Onion,Пиёз,2021-03,monthly,2021,1896.0
069,Kartoshka,Картофель,Potatoes,Картошка,2021-03,monthly,2021,3856.0
0070,Loviya,Фасоль,Beans,Ловия,2021-03,monthly,2021,13938.0
071,No'xot,Горох,Peas,Нўхот,2021-03,monthly,2021,12373.0
0072,Mosh,Маш,Mash,Мош,2021-03,monthly,2021,11422.0
002,Kruppa yormasi,Крупа манная,Semolina,Круппа ёрмаси,2021-03,monthly,2021,2854.0
001,Guruch,Рис,Rice,Гуруч,2021-04,monthly,2021,8682.0
003,Arpa,Ячмень,Barley,Арпа,2021-04,monthly,2021,2890.0
0004,Bug'doy,Пшеница,Wheat,Буғдой,2021-04,monthly,2021,3095.0
005,Jo'hori,Кукуруза,Corn,Жўҳори,2021-04,monthly,2021,3301.0
006,Kepak,Отруби,Bran,Кепак,2021-04,monthly,2021,2176.0
0008,Shrot,Шрот,Schroth,Шрот,2021-04,monthly,2021,3010.0
009,Shulxa,Шелуха,Husk,Шулха,2021-04,monthly,2021,2438.0
010,Kombikorm,Комбикорм,Compound feed,Комбикорм,2021-04,monthly,2021,2173.0
013,1-nav bug'doy unidan non,Хлеб пшеничный из муки 1-го сорта,Wheat bread from 1st grade flour,1-нав буғдой унидан нон,2021-04,monthly,2021,3306.0
017,Mol go'shti,Говядина,Beef,Мол гўшти,2021-04,monthly,2021,57621.0
0020,Qo'y go'shti,Баранина,Mutton,Қўй гўшти,2021-04,monthly,2021,53547.0
022,Tovuq go'shti,Мясо птицы,Poultry,Товуқ гўшти,2021-04,monthly,2021,20092.0
026,Turli baliqlar,Рыба всякая,Fish of all kinds,Турли балиқлар,2021-04,monthly,2021,23317.0
027,Yangi sog'ilgan sut (1 litr),Молоко свежее (1 литр),Fresh milk (1 liter),Янги соғилган сут (1 литр),2021-04,monthly,2021,3903.0
034,Tuxum (10 dona),Яйца (10 штук),Eggs (10 pieces ),Тухум (10 дона),2021-04,monthly,2021,10118.0
037,Sariyog',Масло сливочное,Butter,Сариёғ,2021-04,monthly,2021,51258.0
039,Limon,Лимоны,Lemons,Лимон,2021-04,monthly,2021,20440.0
0040,Olma,Яблоки,Apples,Олма,2021-04,monthly,2021,11113.0
041,Nok,Груши,Pears,Нок,2021-04,monthly,2021,24860.0
049,Uzum,Виноград,Grape,Узум,2021-04,monthly,2021,14180.0
053,Mayiz,Кишмиш,Kishmish,Майиз,2021-04,monthly,2021,30506.0
055,Karam,Капуста,Cabbage,Карам,2021-04,monthly,2021,2094.0
057,Bodring,Огурцы,Cucumbers,Бодринг,2021-04,monthly,2021,9837.0
058,Pomidor,Помидоры,Tomatoes,Помидор,2021-04,monthly,2021,11441.0
059,Baqlajon,Баклажаны,Eggplant,Бақлажон,2021-04,monthly,2021,13853.0
0060,Bulg'or qalampiri,Перец болгарский,Bell pepper,Булғор қалампири,2021-04,monthly,2021,21199.0
063,Sabzi,Морковь,Carrot,Сабзи,2021-04,monthly,2021,2950.0
065,Sarimsoq,Чеснок,Garlic,Саримсоқ,2021-04,monthly,2021,21846.0
066,Piyoz,Лук репчатый,Onion,Пиёз,2021-04,monthly,2021,1944.0
069,Kartoshka,Картофель,Potatoes,Картошка,2021-04,monthly,2021,4088.0
0070,Loviya,Фасоль,Beans,Ловия,2021-04,monthly,2021,13913.0
071,No'xot,Горох,Peas,Нўхот,2021-04,monthly,2021,12616.0
0072,Mosh,Маш,Mash,Мош,2021-04,monthly,2021,11328.0
002,Kruppa yormasi,Крупа манная,Semolina,Круппа ёрмаси,2021-04,monthly,2021,2890.0
001,Guruch,Рис,Rice,Гуруч,2021-05,monthly,2021,8794.0
003,Arpa,Ячмень,Barley,Арпа,2021-05,monthly,2021,2971.0
0004,Bug'doy,Пшеница,Wheat,Буғдой,2021-05,monthly,2021,3140.0
005,Jo'hori,Кукуруза,Corn,Жўҳори,2021-05,monthly,2021,3396.0
006,Kepak,Отруби,Bran,Кепак,2021-05,monthly,2021,2324.0
0008,Shrot,Шрот,Schroth,Шрот,2021-05,monthly,2021,3044.0
009,Shulxa,Шелуха,Husk,Шулха,2021-05,monthly,2021,2504.0
010,Kombikorm,Комбикорм,Compound feed,Комбикорм,2021-05,monthly,2021,2302.0
013,1-nav bug'doy unidan non,Хлеб пшеничный из муки 1-го сорта,Wheat bread from 1st grade flour,1-нав буғдой унидан нон,2021-05,monthly,2021,3321.0
017,Mol go'shti,Говядина,Beef,Мол гўшти,2021-05,monthly,2021,59152.0
0020,Qo'y go'shti,Баранина,Mutton,Қўй гўшти,2021-05,monthly,2021,54272.0
022,Tovuq go'shti,Мясо птицы,Poultry,Товуқ гўшти,2021-05,monthly,2021,19841.0
026,Turli baliqlar,Рыба всякая,Fish of all kinds,Турли балиқлар,2021-05,monthly,2021,24898.0
027,Yangi sog'ilgan sut (1 litr),Молоко свежее (1 литр),Fresh milk (1 liter),Янги соғилган сут (1 литр),2021-05,monthly,2021,3917.0
034,Tuxum (10 dona),Яйца (10 штук),Eggs (10 pieces ),Тухум (10 дона),2021-05,monthly,2021,10387.0
037,Sariyog',Масло сливочное,Butter,Сариёғ,2021-05,monthly,2021,51242.0
039,Limon,Лимоны,Lemons,Лимон,2021-05,monthly,2021,21992.0
0040,Olma,Яблоки,Apples,Олма,2021-05,monthly,2021,13388.0
041,Nok,Груши,Pears,Нок,2021-05,monthly,2021,26068.0
0050,Tarvuz,Арбуз,Watermelon,Тарвуз,2021-05,monthly,2021,11555.0
0051,Qovun,Дыня,Melon,Қовун,2021-05,monthly,2021,23864.0
053,Mayiz,Кишмиш,Kishmish,Майиз,2021-05,monthly,2021,30508.0
055,Karam,Капуста,Cabbage,Карам,2021-05,monthly,2021,1827.0
057,Bodring,Огурцы,Cucumbers,Бодринг,2021-05,monthly,2021,3676.0
058,Pomidor,Помидоры,Tomatoes,Помидор,2021-05,monthly,2021,7711.0
059,Baqlajon,Баклажаны,Eggplant,Бақлажон,2021-05,monthly,2021,7702.0
0060,Bulg'or qalampiri,Перец болгарский,Bell pepper,Булғор қалампири,2021-05,monthly,2021,12791.0
061,Qovoq,Тыква,Pumpkin,Қовоқ,2021-05,monthly,2021,5929.0
063,Sabzi,Морковь,Carrot,Сабзи,2021-05,monthly,2021,3660.0
065,Sarimsoq,Чеснок,Garlic,Саримсоқ,2021-05,monthly,2021,19272.0
066,Piyoz,Лук репчатый,Onion,Пиёз,2021-05,monthly,2021,1734.0
069,Kartoshka,Картофель,Potatoes,Картошка,2021-05,monthly,2021,3911.0
0070,Loviya,Фасоль,Beans,Ловия,2021-05,monthly,2021,13714.0
071,No'xot,Горох,Peas,Нўхот,2021-05,monthly,2021,12786.0
0072,Mosh,Маш,Mash,Мош,2021-05,monthly,2021,11269.0
002,Kruppa yormasi,Крупа манная,Semolina,Круппа ёрмаси,2021-05,monthly,2021,2971.0
001,Guruch,Рис,Rice,Гуруч,2021-06,monthly,2021,8809.0
003,Arpa,Ячмень,Barley,Арпа,2021-06,monthly,2021,3072.0
0004,Bug'doy,Пшеница,Wheat,Буғдой,2021-06,monthly,2021,3171.0
005,Jo'hori,Кукуруза,Corn,Жўҳори,2021-06,monthly,2021,3475.0
006,Kepak,Отруби,Bran,Кепак,2021-06,monthly,2021,2196.0
0008,Shrot,Шрот,Schroth,Шрот,2021-06,monthly,2021,3063.0
009,Shulxa,Шелуха,Husk,Шулха,2021-06,monthly,2021,2598.0
010,Kombikorm,Комбикорм,Compound feed,Комбикорм,2021-06,monthly,2021,2312.0
013,1-nav bug'doy unidan non,Хлеб пшеничный из муки 1-го сорта,Wheat bread from 1st grade flour,1-нав буғдой унидан нон,2021-06,monthly,2021,3321.0
017,Mol go'shti,Говядина,Beef,Мол гўшти,2021-06,monthly,2021,59417.0
0020,Qo'y go'shti,Баранина,Mutton,Қўй гўшти,2021-06,monthly,2021,54358.0
022,Tovuq go'shti,Мясо птицы,Poultry,Товуқ гўшти,2021-06,monthly,2021,19871.0
026,Turli baliqlar,Рыба всякая,Fish of all kinds,Турли балиқлар,2021-06,monthly,2021,25346.0
027,Yangi sog'ilgan sut (1 litr),Молоко свежее (1 литр),Fresh milk (1 liter),Янги соғилган сут (1 литр),2021-06,monthly,2021,3974.0
034,Tuxum (10 dona),Яйца (10 штук),Eggs (10 pieces ),Тухум (10 дона),2021-06,monthly,2021,9778.0
037,Sariyog',Масло сливочное,Butter,Сариёғ,2021-06,monthly,2021,51242.0
039,Limon,Лимоны,Lemons,Лимон,2021-06,monthly,2021,22326.0
0040,Olma,Яблоки,Apples,Олма,2021-06,monthly,2021,13608.0
041,Nok,Груши,Pears,Нок,2021-06,monthly,2021,25601.0
049,Uzum,Виноград,Grape,Узум,2021-06,monthly,2021,11443.0
0050,Tarvuz,Арбуз,Watermelon,Тарвуз,2021-06,monthly,2021,2178.0
0051,Qovun,Дыня,Melon,Қовун,2021-06,monthly,2021,4447.0
053,Mayiz,Кишмиш,Kishmish,Майиз,2021-06,monthly,2021,30567.0
055,Karam,Капуста,Cabbage,Карам,2021-06,monthly,2021,1681.0
057,Bodring,Огурцы,Cucumbers,Бодринг,2021-06,monthly,2021,2016.0
058,Pomidor,Помидоры,Tomatoes,Помидор,2021-06,monthly,2021,4439.0
059,Baqlajon,Баклажаны,Eggplant,Бақлажон,2021-06,monthly,2021,3425.0
0060,Bulg'or qalampiri,Перец болгарский,Bell pepper,Булғор қалампири,2021-06,monthly,2021,6355.0
061,Qovoq,Тыква,Pumpkin,Қовоқ,2021-06,monthly,2021,1640.0
063,Sabzi,Морковь,Carrot,Сабзи,2021-06,monthly,2021,5653.0
065,Sarimsoq,Чеснок,Garlic,Саримсоқ,2021-06,monthly,2021,14368.0
066,Piyoz,Лук репчатый,Onion,Пиёз,2021-06,monthly,2021,1555.0
069,Kartoshka,Картофель,Potatoes,Картошка,2021-06,monthly,2021,3180.0
0070,Loviya,Фасоль,Beans,Ловия,2021-06,monthly,2021,13595.0
071,No'xot,Горох,Peas,Нўхот,2021-06,monthly,2021,12843.0
0072,Mosh,Маш,Mash,Мош,2021-06,monthly,2021,11246.0
002,Kruppa yormasi,Крупа манная,Semolina,Круппа ёрмаси,2021-06,monthly,2021,3072.0
001,Guruch,Рис,Rice,Гуруч,2021-07,monthly,2021,8855.0
003,Arpa,Ячмень,Barley,Арпа,2021-07,monthly,2021,3118.0
0004,Bug'doy,Пшеница,Wheat,Буғдой,2021-07,monthly,2021,3061.0
005,Jo'hori,Кукуруза,Corn,Жўҳори,2021-07,monthly,2021,3561.0
006,Kepak,Отруби,Bran,Кепак,2021-07,monthly,2021,2276.0
0008,Shrot,Шрот,Schroth,Шрот,2021-07,monthly,2021,3089.0
009,Shulxa,Шелуха,Husk,Шулха,2021-07,monthly,2021,2693.0
010,Kombikorm,Комбикорм,Compound feed,Комбикорм,2021-07,monthly,2021,2350.0
013,1-nav bug'doy unidan non,Хлеб пшеничный из муки 1-го сорта,Wheat bread from 1st grade flour,1-нав буғдой унидан нон,2021-07,monthly,2021,3320.0
017,Mol go'shti,Говядина,Beef,Мол гўшти,2021-07,monthly,2021,60819.0
0020,Qo'y go'shti,Баранина,Mutton,Қўй гўшти,2021-07,monthly,2021,54893.0
022,Tovuq go'shti,Мясо птицы,Poultry,Товуқ гўшти,2021-07,monthly,2021,21168.0
026,Turli baliqlar,Рыба всякая,Fish of all kinds,Турли балиқлар,2021-07,monthly,2021,25346.0
027,Yangi sog'ilgan sut (1 litr),Молоко свежее (1 литр),Fresh milk (1 liter),Янги соғилган сут (1 литр),2021-07,monthly,2021,3983.0
034,Tuxum (10 dona),Яйца (10 штук),Eggs (10 pieces ),Тухум (10 дона),2021-07,monthly,2021,8516.0
037,Sariyog',Масло сливочное,Butter,Сариёғ,2021-07,monthly,2021,51242.0
039,Limon,Лимоны,Lemons,Лимон,2021-07,monthly,2021,39649.0
0040,Olma,Яблоки,Apples,Олма,2021-07,monthly,2021,11503.0
041,Nok,Груши,Pears,Нок,2021-07,monthly,2021,21360.0
049,Uzum,Виноград,Grape,Узум,2021-07,monthly,2021,8650.0
0050,Tarvuz,Арбуз,Watermelon,Тарвуз,2021-07,monthly,2021,1347.0
0051,Qovun,Дыня,Melon,Қовун,2021-07,monthly,2021,3158.0
053,Mayiz,Кишмиш,Kishmish,Майиз,2021-07,monthly,2021,30625.0
055,Karam,Капуста,Cabbage,Карам,2021-07,monthly,2021,1900.0
057,Bodring,Огурцы,Cucumbers,Бодринг,2021-07,monthly,2021,3308.0
058,Pomidor,Помидоры,Tomatoes,Помидор,2021-07,monthly,2021,2686.0
059,Baqlajon,Баклажаны,Eggplant,Бақлажон,2021-07,monthly,2021,1872.0
0060,Bulg'or qalampiri,Перец болгарский,Bell pepper,Булғор қалампири,2021-07,monthly,2021,3279.0
061,Qovoq,Тыква,Pumpkin,Қовоқ,2021-07,monthly,2021,1674.0
063,Sabzi,Морковь,Carrot,Сабзи,2021-07,monthly,2021,5056.0
065,Sarimsoq,Чеснок,Garlic,Саримсоқ,2021-07,monthly,2021,11953.0
066,Piyoz,Лук репчатый,Onion,Пиёз,2021-07,monthly,2021,1570.0
069,Kartoshka,Картофель,Potatoes,Картошка,2021-07,monthly,2021,2929.0
0070,Loviya,Фасоль,Beans,Ловия,2021-07,monthly,2021,11910.0
071,No'xot,Горох,Peas,Нўхот,2021-07,monthly,2021,13165.0
0072,Mosh,Маш,Mash,Мош,2021-07,monthly,2021,11298.0
002,Kruppa yormasi,Крупа манная,Semolina,Круппа ёрмаси,2021-07,monthly,2021,3118.0
001,Guruch,Рис,Rice,Гуруч,2021-08,monthly,2021,8907.0
003,Arpa,Ячмень,Barley,Арпа,2021-08,monthly,2021,3142.0
0004,Bug'doy,Пшеница,Wheat,Буғдой,2021-08,monthly,2021,3022.0
005,Jo'hori,Кукуруза,Corn,Жўҳори,2021-08,monthly,2021,3588.0
006,Kepak,Отруби,Bran,Кепак,2021-08,monthly,2021,2301.0
0008,Shrot,Шрот,Schroth,Шрот,2021-08,monthly,2021,3098.0
009,Shulxa,Шелуха,Husk,Шулха,2021-08,monthly,2021,2746.0
010,Kombikorm,Комбикорм,Compound feed,Комбикорм,2021-08,monthly,2021,2363.0
013,1-nav bug'doy unidan non,Хлеб пшеничный из муки 1-го сорта,Wheat bread from 1st grade flour,1-нав буғдой унидан нон,2021-08,monthly,2021,3324.0
017,Mol go'shti,Говядина,Beef,Мол гўшти,2021-08,monthly,2021,62823.0
0020,Qo'y go'shti,Баранина,Mutton,Қўй гўшти,2021-08,monthly,2021,56641.0
022,Tovuq go'shti,Мясо птицы,Poultry,Товуқ гўшти,2021-08,monthly,2021,24329.0
026,Turli baliqlar,Рыба всякая,Fish of all kinds,Турли балиқлар,2021-08,monthly,2021,25431.0
027,Yangi sog'ilgan sut (1 litr),Молоко свежее (1 литр),Fresh milk (1 liter),Янги соғилган сут (1 литр),2021-08,monthly,2021,3993.0
034,Tuxum (10 dona),Яйца (10 штук),Eggs (10 pieces ),Тухум (10 дона),2021-08,monthly,2021,8669.0
037,Sariyog',Масло сливочное,Butter,Сариёғ,2021-08,monthly,2021,51242.0
039,Limon,Лимоны,Lemons,Лимон,2021-08,monthly,2021,39143.0
0040,Olma,Яблоки,Apples,Олма,2021-08,monthly,2021,11052.0
041,Nok,Груши,Pears,Нок,2021-08,monthly,2021,20047.0
049,Uzum,Виноград,Grape,Узум,2021-08,monthly,2021,7927.0
0050,Tarvuz,Арбуз,Watermelon,Тарвуз,2021-08,monthly,2021,1278.0
0051,Qovun,Дыня,Melon,Қовун,2021-08,monthly,2021,2783.0
053,Mayiz,Кишмиш,Kishmish,Майиз,2021-08,monthly,2021,30678.0
055,Karam,Капуста,Cabbage,Карам,2021-08,monthly,2021,1918.0
057,Bodring,Огурцы,Cucumbers,Бодринг,2021-08,monthly,2021,4068.0
058,Pomidor,Помидоры,Tomatoes,Помидор,2021-08,monthly,2021,2764.0
059,Baqlajon,Баклажаны,Eggplant,Бақлажон,2021-08,monthly,2021,1846.0
0060,Bulg'or qalampiri,Перец болгарский,Bell pepper,Булғор қалампири,2021-08,monthly,2021,2747.0
061,Qovoq,Тыква,Pumpkin,Қовоқ,2021-08,monthly,2021,2426.0
063,Sabzi,Морковь,Carrot,Сабзи,2021-08,monthly,2021,4057.0
065,Sarimsoq,Чеснок,Garlic,Саримсоқ,2021-08,monthly,2021,13066.0
066,Piyoz,Лук репчатый,Onion,Пиёз,2021-08,monthly,2021,1706.0
069,Kartoshka,Картофель,Potatoes,Картошка,2021-08,monthly,2021,2938.0
0070,Loviya,Фасоль,Beans,Ловия,2021-08,monthly,2021,11053.0
071,No'xot,Горох,Peas,Нўхот,2021-08,monthly,2021,13603.0
0072,Mosh,Маш,Mash,Мош,2021-08,monthly,2021,11675.0
002,Kruppa yormasi,Крупа манная,Semolina,Круппа ёрмаси,2021-08,monthly,2021,3142.0
001,Guruch,Рис,Rice,Гуруч,2021-09,monthly,2021,8819.0
003,Arpa,Ячмень,Barley,Арпа,2021-09,monthly,2021,3149.0
0004,Bug'doy,Пшеница,Wheat,Буғдой,2021-09,monthly,2021,3016.0
005,Jo'hori,Кукуруза,Corn,Жўҳори,2021-09,monthly,2021,3579.0
006,Kepak,Отруби,Bran,Кепак,2021-09,monthly,2021,2314.0
0008,Shrot,Шрот,Schroth,Шрот,2021-09,monthly,2021,3099.0
009,Shulxa,Шелуха,Husk,Шулха,2021-09,monthly,2021,2747.0
010,Kombikorm,Комбикорм,Compound feed,Комбикорм,2021-09,monthly,2021,2363.0
013,1-nav bug'doy unidan non,Хлеб пшеничный из муки 1-го сорта,Wheat bread from 1st grade flour,1-нав буғдой унидан нон,2021-09,monthly,2021,3327.0
017,Mol go'shti,Говядина,Beef,Мол гўшти,2021-09,monthly,2021,62914.0
0020,Qo'y go'shti,Баранина,Mutton,Қўй гўшти,2021-09,monthly,2021,56516.0
022,Tovuq go'shti,Мясо птицы,Poultry,Товуқ гўшти,2021-09,monthly,2021,24021.0
026,Turli baliqlar,Рыба всякая,Fish of all kinds,Турли балиқлар,2021-09,monthly,2021,25113.0
027,Yangi sog'ilgan sut (1 litr),Молоко свежее (1 литр),Fresh milk (1 liter),Янги соғилган сут (1 литр),2021-09,monthly,2021,4018.0
034,Tuxum (10 dona),Яйца (10 штук),Eggs (10 pieces ),Тухум (10 дона),2021-09,monthly,2021,8755.0
037,Sariyog',Масло сливочное,Butter,Сариёғ,2021-09,monthly,2021,51242.0
039,Limon,Лимоны,Lemons,Лимон,2021-09,monthly,2021,33131.0
0040,Olma,Яблоки,Apples,Олма,2021-09,monthly,2021,10906.0
041,Nok,Груши,Pears,Нок,2021-09,monthly,2021,20301.0
049,Uzum,Виноград,Grape,Узум,2021-09,monthly,2021,7643.0
0050,Tarvuz,Арбуз,Watermelon,Тарвуз,2021-09,monthly,2021,1554.0
0051,Qovun,Дыня,Melon,Қовун,2021-09,monthly,2021,2681.0
053,Mayiz,Кишмиш,Kishmish,Майиз,2021-09,monthly,2021,30717.0
055,Karam,Капуста,Cabbage,Карам,2021-09,monthly,2021,2018.0
057,Bodring,Огурцы,Cucumbers,Бодринг,2021-09,monthly,2021,3697.0
058,Pomidor,Помидоры,Tomatoes,Помидор,2021-09,monthly,2021,3614.0
059,Baqlajon,Баклажаны,Eggplant,Бақлажон,2021-09,monthly,2021,2165.0
0060,Bulg'or qalampiri,Перец болгарский,Bell pepper,Булғор қалампири,2021-09,monthly,2021,2822.0
061,Qovoq,Тыква,Pumpkin,Қовоқ,2021-09,monthly,2021,2475.0
063,Sabzi,Морковь,Carrot,Сабзи,2021-09,monthly,2021,3609.0
065,Sarimsoq,Чеснок,Garlic,Саримсоқ,2021-09,monthly,2021,13792.0
066,Piyoz,Лук репчатый,Onion,Пиёз,2021-09,monthly,2021,1778.0
069,Kartoshka,Картофель,Potatoes,Картошка,2021-09,monthly,2021,3350.0
0070,Loviya,Фасоль,Beans,Ловия,2021-09,monthly,2021,11125.0
071,No'xot,Горох,Peas,Нўхот,2021-09,monthly,2021,13654.0
0072,Mosh,Маш,Mash,Мош,2021-09,monthly,2021,12038.0
002,Kruppa yormasi,Крупа манная,Semolina,Круппа ёрмаси,2021-09,monthly,2021,3149.0
001,Guruch,Рис,Rice,Гуруч,2021-10,monthly,2021,8669.0
003,Arpa,Ячмень,Barley,Арпа,2021-10,monthly,2021,3189.0
0004,Bug'doy,Пшеница,Wheat,Буғдой,2021-10,monthly,2021,3057.0
005,Jo'hori,Кукуруза,Corn,Жўҳори,2021-10,monthly,2021,3506.0
006,Kepak,Отруби,Bran,Кепак,2021-10,monthly,2021,2317.0
0008,Shrot,Шрот,Schroth,Шрот,2021-10,monthly,2021,3103.0
009,Shulxa,Шелуха,Husk,Шулха,2021-10,monthly,2021,2747.0
010,Kombikorm,Комбикорм,Compound feed,Комбикорм,2021-10,monthly,2021,2365.0
013,1-nav bug'doy unidan non,Хлеб пшеничный из муки 1-го сорта,Wheat bread from 1st grade flour,1-нав буғдой унидан нон,2021-10,monthly,2021,3328.0
017,Mol go'shti,Говядина,Beef,Мол гўшти,2021-10,monthly,2021,62677.0
0020,Qo'y go'shti,Баранина,Mutton,Қўй гўшти,2021-10,monthly,2021,56045.0
022,Tovuq go'shti,Мясо птицы,Poultry,Товуқ гўшти,2021-10,monthly,2021,24264.0
026,Turli baliqlar,Рыба всякая,Fish of all kinds,Турли балиқлар,2021-10,monthly,2021,24890.0
027,Yangi sog'ilgan sut (1 litr),Молоко свежее (1 литр),Fresh milk (1 liter),Янги соғилган сут (1 литр),2021-10,monthly,2021,4031.0
034,Tuxum (10 dona),Яйца (10 штук),Eggs (10 pieces ),Тухум (10 дона),2021-10,monthly,2021,9971.0
037,Sariyog',Масло сливочное,Butter,Сариёғ,2021-10,monthly,2021,51275.0
039,Limon,Лимоны,Lemons,Лимон,2021-10,monthly,2021,24594.0
0040,Olma,Яблоки,Apples,Олма,2021-10,monthly,2021,10424.0
041,Nok,Груши,Pears,Нок,2021-10,monthly,2021,20785.0
049,Uzum,Виноград,Grape,Узум,2021-10,monthly,2021,7646.0
0050,Tarvuz,Арбуз,Watermelon,Тарвуз,2021-10,monthly,2021,2034.0
0051,Qovun,Дыня,Melon,Қовун,2021-10,monthly,2021,2863.0
053,Mayiz,Кишмиш,Kishmish,Майиз,2021-10,monthly,2021,30885.0
055,Karam,Капуста,Cabbage,Карам,2021-10,monthly,2021,3249.0
057,Bodring,Огурцы,Cucumbers,Бодринг,2021-10,monthly,2021,4087.0
058,Pomidor,Помидоры,Tomatoes,Помидор,2021-10,monthly,2021,5223.0
059,Baqlajon,Баклажаны,Eggplant,Бақлажон,2021-10,monthly,2021,3187.0
0060,Bulg'or qalampiri,Перец болгарский,Bell pepper,Булғор қалампири,2021-10,monthly,2021,3497.0
061,Qovoq,Тыква,Pumpkin,Қовоқ,2021-10,monthly,2021,2326.0
063,Sabzi,Морковь,Carrot,Сабзи,2021-10,monthly,2021,3008.0
065,Sarimsoq,Чеснок,Garlic,Саримсоқ,2021-10,monthly,2021,16257.0
066,Piyoz,Лук репчатый,Onion,Пиёз,2021-10,monthly,2021,1898.0
069,Kartoshka,Картофель,Potatoes,Картошка,2021-10,monthly,2021,4309.0
0070,Loviya,Фасоль,Beans,Ловия,2021-10,monthly,2021,11406.0
071,No'xot,Горох,Peas,Нўхот,2021-10,monthly,2021,13796.0
0072,Mosh,Маш,Mash,Мош,2021-10,monthly,2021,12250.0
002,Kruppa yormasi,Крупа манная,Semolina,Круппа ёрмаси,2021-10,monthly,2021,3189.0
001,Guruch,Рис,Rice,Гуруч,2021-11,monthly,2021,8683.0
003,Arpa,Ячмень,Barley,Арпа,2021-11,monthly,2021,3412.0
0004,Bug'doy,Пшеница,Wheat,Буғдой,2021-11,monthly,2021,3333.0
005,Jo'hori,Кукуруза,Corn,Жўҳори,2021-11,monthly,2021,3478.0
006,Kepak,Отруби,Bran,Кепак,2021-11,monthly,2021,2551.0
0008,Shrot,Шрот,Schroth,Шрот,2021-11,monthly,2021,3320.0
009,Shulxa,Шелуха,Husk,Шулха,2021-11,monthly,2021,2941.0
010,Kombikorm,Комбикорм,Compound feed,Комбикорм,2021-11,monthly,2021,2654.0
013,1-nav bug'doy unidan non,Хлеб пшеничный из муки 1-го сорта,Wheat bread from 1st grade flour,1-нав буғдой унидан нон,2021-11,monthly,2021,3337.0
017,Mol go'shti,Говядина,Beef,Мол гўшти,2021-11,monthly,2021,62170.0
0020,Qo'y go'shti,Баранина,Mutton,Қўй гўшти,2021-11,monthly,2021,55672.0
022,Tovuq go'shti,Мясо птицы,Poultry,Товуқ гўшти,2021-11,monthly,2021,26073.0
026,Turli baliqlar,Рыба всякая,Fish of all kinds,Турли балиқлар,2021-11,monthly,2021,25898.0
027,Yangi sog'ilgan sut (1 litr),Молоко свежее (1 литр),Fresh milk (1 liter),Янги соғилган сут (1 литр),2021-11,monthly,2021,4116.0
034,Tuxum (10 dona),Яйца (10 штук),Eggs (10 pieces ),Тухум (10 дона),2021-11,monthly,2021,10462.0
037,Sariyog',Масло сливочное,Butter,Сариёғ,2021-11,monthly,2021,50475.0
039,Limon,Лимоны,Lemons,Лимон,2021-11,monthly,2021,22368.0
0040,Olma,Яблоки,Apples,Олма,2021-11,monthly,2021,10622.0
041,Nok,Груши,Pears,Нок,2021-11,monthly,2021,21351.0
049,Uzum,Виноград,Grape,Узум,2021-11,monthly,2021,8275.0
0050,Tarvuz,Арбуз,Watermelon,Тарвуз,2021-11,monthly,2021,2465.0
0051,Qovun,Дыня,Melon,Қовун,2021-11,monthly,2021,3164.0
053,Mayiz,Кишмиш,Kishmish,Майиз,2021-11,monthly,2021,30942.0
055,Karam,Капуста,Cabbage,Карам,2021-11,monthly,2021,3895.0
057,Bodring,Огурцы,Cucumbers,Бодринг,2021-11,monthly,2021,5857.0
058,Pomidor,Помидоры,Tomatoes,Помидор,2021-11,monthly,2021,8983.0
059,Baqlajon,Баклажаны,Eggplant,Бақлажон,2021-11,monthly,2021,6133.0
0060,Bulg'or qalampiri,Перец болгарский,Bell pepper,Булғор қалампири,2021-11,monthly,2021,7815.0
061,Qovoq,Тыква,Pumpkin,Қовоқ,2021-11,monthly,2021,2287.0
063,Sabzi,Морковь,Carrot,Сабзи,2021-11,monthly,2021,2479.0
065,Sarimsoq,Чеснок,Garlic,Саримсоқ,2021-11,monthly,2021,19098.0
066,Piyoz,Лук репчатый,Onion,Пиёз,2021-11,monthly,2021,1957.0
069,Kartoshka,Картофель,Potatoes,Картошка,2021-11,monthly,2021,4953.0
0070,Loviya,Фасоль,Beans,Ловия,2021-11,monthly,2021,12883.0
071,No'xot,Горох,Peas,Нўхот,2021-11,monthly,2021,16350.0
0072,Mosh,Маш,Mash,Мош,2021-11,monthly,2021,12500.0
002,Kruppa yormasi,Крупа манная,Semolina,Круппа ёрмаси,2021-11,monthly,2021,3412.0
001,Guruch,Рис,Rice,Гуруч,2021-12,monthly,2021,8679.0
003,Arpa,Ячмень,Barley,Арпа,2021-12,monthly,2021,3795.0
0004,Bug'doy,Пшеница,Wheat,Буғдой,2021-12,monthly,2021,3834.0
005,Jo'hori,Кукуруза,Corn,Жўҳори,2021-12,monthly,2021,3766.0
006,Kepak,Отруби,Bran,Кепак,2021-12,monthly,2021,2685.0
0008,Shrot,Шрот,Schroth,Шрот,2021-12,monthly,2021,3677.0
009,Shulxa,Шелуха,Husk,Шулха,2021-12,monthly,2021,3332.0
010,Kombikorm,Комбикорм,Compound feed,Комбикорм,2021-12,monthly,2021,2768.0
013,1-nav bug'doy unidan non,Хлеб пшеничный из муки 1-го сорта,Wheat bread from 1st grade flour,1-нав буғдой унидан нон,2021-12,monthly,2021,3346.0
017,Mol go'shti,Говядина,Beef,Мол гўшти,2021-12,monthly,2021,60847.0
0020,Qo'y go'shti,Баранина,Mutton,Қўй гўшти,2021-12,monthly,2021,55019.0
022,Tovuq go'shti,Мясо птицы,Poultry,Товуқ гўшти,2021-12,monthly,2021,23458.0
026,Turli baliqlar,Рыба всякая,Fish of all kinds,Турли балиқлар,2021-12,monthly,2021,26425.0
027,Yangi sog'ilgan sut (1 litr),Молоко свежее (1 литр),Fresh milk (1 liter),Янги соғилган сут (1 литр),2021-12,monthly,2021,4097.0
034,Tuxum (10 dona),Яйца (10 штук),Eggs (10 pieces ),Тухум (10 дона),2021-12,monthly,2021,10350.0
037,Sariyog',Масло сливочное,Butter,Сариёғ,2021-12,monthly,2021,51300.0
039,Limon,Лимоны,Lemons,Лимон,2021-12,monthly,2021,20358.0
0040,Olma,Яблоки,Apples,Олма,2021-12,monthly,2021,11161.0
041,Nok,Груши,Pears,Нок,2021-12,monthly,2021,22290.0
049,Uzum,Виноград,Grape,Узум,2021-12,monthly,2021,9750.0
0050,Tarvuz,Арбуз,Watermelon,Тарвуз,2021-12,monthly,2021,2916.0
0051,Qovun,Дыня,Melon,Қовун,2021-12,monthly,2021,3441.0
053,Mayiz,Кишмиш,Kishmish,Майиз,2021-12,monthly,2021,31021.0
055,Karam,Капуста,Cabbage,Карам,2021-12,monthly,2021,4754.0
057,Bodring,Огурцы,Cucumbers,Бодринг,2021-12,monthly,2021,12906.0
058,Pomidor,Помидоры,Tomatoes,Помидор,2021-12,monthly,2021,12007.0
059,Baqlajon,Баклажаны,Eggplant,Бақлажон,2021-12,monthly,2021,27500.0
0060,Bulg'or qalampiri,Перец болгарский,Bell pepper,Булғор қалампири,2021-12,monthly,2021,12131.0
061,Qovoq,Тыква,Pumpkin,Қовоқ,2021-12,monthly,2021,2437.0
063,Sabzi,Морковь,Carrot,Сабзи,2021-12,monthly,2021,2138.0
065,Sarimsoq,Чеснок,Garlic,Саримсоқ,2021-12,monthly,2021,23810.0
066,Piyoz,Лук репчатый,Onion,Пиёз,2021-12,monthly,2021,1950.0
069,Kartoshka,Картофель,Potatoes,Картошка,2021-12,monthly,2021,4965.0
0070,Loviya,Фасоль,Beans,Ловия,2021-12,monthly,2021,13262.0
071,No'xot,Горох,Peas,Нўхот,2021-12,monthly,2021,16600.0
0072,Mosh,Маш,Mash,Мош,2021-12,monthly,2021,12838.0
002,Kruppa yormasi,Крупа манная,Semolina,Круппа ёрмаси,2021-12,monthly,2021,3795.0
001,Guruch,Рис,Rice,Гуруч,2022-01,monthly,2022,8684.0
003,Arpa,Ячмень,Barley,Арпа,2022-01,monthly,2022,3901.0
0004,Bug'doy,Пшеница,Wheat,Буғдой,2022-01,monthly,2022,3924.0
005,Jo'hori,Кукуруза,Corn,Жўҳори,2022-01,monthly,2022,3836.0
006,Kepak,Отруби,Bran,Кепак,2022-01,monthly,2022,2720.0
0008,Shrot,Шрот,Schroth,Шрот,2022-01,monthly,2022,3727.0
009,Shulxa,Шелуха,Husk,Шулха,2022-01,monthly,2022,3324.0
010,Kombikorm,Комбикорм,Compound feed,Комбикорм,2022-01,monthly,2022,2885.0
011,Oliy navli bug'doy uni,Мука пшеничная высшего сорта,High-grade wheat flour,Олий навли буғдой уни,2022-01,monthly,2022,5858.0
0012,1-navli bug'doy uni,Мука пшеничная первого сорта,First grade wheat flour,1-навли буғдой уни,2022-01,monthly,2022,5016.0
013,1-nav bug'doy unidan non,Хлеб пшеничный из муки 1-го сорта,Wheat bread from 1st grade flour,1-нав буғдой унидан нон,2022-01,monthly,2022,3315.0
017,Mol go'shti,Говядина,Beef,Мол гўшти,2022-01,monthly,2022,59984.0
0020,Qo'y go'shti,Баранина,Mutton,Қўй гўшти,2022-01,monthly,2022,54933.0
022,Tovuq go'shti,Мясо птицы,Poultry,Товуқ гўшти,2022-01,monthly,2022,21920.0
026,Turli baliqlar,Рыба всякая,Fish of all kinds,Турли балиқлар,2022-01,monthly,2022,26457.0
027,Yangi sog'ilgan sut (1 litr),Молоко свежее (1 литр),Fresh milk (1 liter),Янги соғилган сут (1 литр),2022-01,monthly,2022,4382.0
034,Tuxum (10 dona),Яйца (10 штук),Eggs (10 pieces ),Тухум (10 дона),2022-01,monthly,2022,9577.0
035,Paxta yog'i (1 litr),Масло хлопковое (1 литр),Cottonseed oil (1 liter),Пахта ёғи (1 литр),2022-01,monthly,2022,17161.0
0036,Kungaboqar yog'i (1 litr),Масло подсолнечное (1 литр),Sunflower oil (1 liter),Кунгабоқар ёғи (1 литр),2022-01,monthly,2022,19440.0
037,Sariyog',Масло сливочное,Butter,Сариёғ,2022-01,monthly,2022,52169.0
039,Limon,Лимоны,Lemons,Лимон,2022-01,monthly,2022,19686.0
0040,Olma,Яблоки,Apples,Олма,2022-01,monthly,2022,11215.0
041,Nok,Груши,Pears,Нок,2022-01,monthly,2022,22929.0
049,Uzum,Виноград,Grape,Узум,2022-01,monthly,2022,10640.0
0050,Tarvuz,Арбуз,Watermelon,Тарвуз,2022-01,monthly,2022,2860.0
0051,Qovun,Дыня,Melon,Қовун,2022-01,monthly,2022,4682.0
053,Mayiz,Кишмиш,Kishmish,Майиз,2022-01,monthly,2022,30513.0
055,Karam,Капуста,Cabbage,Карам,2022-01,monthly,2022,4919.0
057,Bodring,Огурцы,Cucumbers,Бодринг,2022-01,monthly,2022,14222.0
058,Pomidor,Помидоры,Tomatoes,Помидор,2022-01,monthly,2022,13230.0
0060,Bulg'or qalampiri,Перец болгарский,Bell pepper,Булғор қалампири,2022-01,monthly,2022,14273.0
061,Qovoq,Тыква,Pumpkin,Қовоқ,2022-01,monthly,2022,2792.0
063,Sabzi,Морковь,Carrot,Сабзи,2022-01,monthly,2022,2218.0
065,Sarimsoq,Чеснок,Garlic,Саримсоқ,2022-01,monthly,2022,24733.0
066,Piyoz,Лук репчатый,Onion,Пиёз,2022-01,monthly,2022,2036.0
069,Kartoshka,Картофель,Potatoes,Картошка,2022-01,monthly,2022,4946.0
0070,Loviya,Фасоль,Beans,Ловия,2022-01,monthly,2022,12695.0
071,No'xot,Горох,Peas,Нўхот,2022-01,monthly,2022,16973.0
0072,Mosh,Маш,Mash,Мош,2022-01,monthly,2022,12724.0
073,Shakar,Сахар песок,Sugar,Шакар,2022-01,monthly,2022,9201.0
002,Kruppa yormasi,Крупа манная,Semolina,Круппа ёрмаси,2022-01,monthly,2022,3901.0
001,Guruch,Рис,Rice,Гуруч,2022-02,monthly,2022,8663.0
003,Arpa,Ячмень,Barley,Арпа,2022-02,monthly,2022,3926.0
0004,Bug'doy,Пшеница,Wheat,Буғдой,2022-02,monthly,2022,3947.0
005,Jo'hori,Кукуруза,Corn,Жўҳори,2022-02,monthly,2022,3847.0
006,Kepak,Отруби,Bran,Кепак,2022-02,monthly,2022,2758.0
0008,Shrot,Шрот,Schroth,Шрот,2022-02,monthly,2022,3745.0
009,Shulxa,Шелуха,Husk,Шулха,2022-02,monthly,2022,3322.0
010,Kombikorm,Комбикорм,Compound feed,Комбикорм,2022-02,monthly,2022,2941.0
011,Oliy navli bug'doy uni,Мука пшеничная высшего сорта,High-grade wheat flour,Олий навли буғдой уни,2022-02,monthly,2022,5956.0
0012,1-navli bug'doy uni,Мука пшеничная первого сорта,First grade wheat flour,1-навли буғдой уни,2022-02,monthly,2022,5084.0
013,1-nav bug'doy unidan non,Хлеб пшеничный из муки 1-го сорта,Wheat bread from 1st grade flour,1-нав буғдой унидан нон,2022-02,monthly,2022,3284.0
017,Mol go'shti,Говядина,Beef,Мол гўшти,2022-02,monthly,2022,59790.0
0020,Qo'y go'shti,Баранина,Mutton,Қўй гўшти,2022-02,monthly,2022,54827.0
022,Tovuq go'shti,Мясо птицы,Poultry,Товуқ гўшти,2022-02,monthly,2022,21926.0
026,Turli baliqlar,Рыба всякая,Fish of all kinds,Турли балиқлар,2022-02,monthly,2022,27181.0
027,Yangi sog'ilgan sut (1 litr),Молоко свежее (1 литр),Fresh milk (1 liter),Янги соғилган сут (1 литр),2022-02,monthly,2022,4375.0
034,Tuxum (10 dona),Яйца (10 штук),Eggs (10 pieces ),Тухум (10 дона),2022-02,monthly,2022,9282.0
035,Paxta yog'i (1 litr),Масло хлопковое (1 литр),Cottonseed oil (1 liter),Пахта ёғи (1 литр),2022-02,monthly,2022,17148.0
0036,Kungaboqar yog'i (1 litr),Масло подсолнечное (1 литр),Sunflower oil (1 liter),Кунгабоқар ёғи (1 литр),2022-02,monthly,2022,19445.0
037,Sariyog',Масло сливочное,Butter,Сариёғ,2022-02,monthly,2022,52788.0
039,Limon,Лимоны,Lemons,Лимон,2022-02,monthly,2022,20001.0
0040,Olma,Яблоки,Apples,Олма,2022-02,monthly,2022,11239.0
041,Nok,Груши,Pears,Нок,2022-02,monthly,2022,23285.0
049,Uzum,Виноград,Grape,Узум,2022-02,monthly,2022,11124.0
0051,Qovun,Дыня,Melon,Қовун,2022-02,monthly,2022,5577.0
053,Mayiz,Кишмиш,Kishmish,Майиз,2022-02,monthly,2022,30784.0
055,Karam,Капуста,Cabbage,Карам,2022-02,monthly,2022,4980.0
057,Bodring,Огурцы,Cucumbers,Бодринг,2022-02,monthly,2022,13460.0
058,Pomidor,Помидоры,Tomatoes,Помидор,2022-02,monthly,2022,12767.0
0060,Bulg'or qalampiri,Перец болгарский,Bell pepper,Булғор қалампири,2022-02,monthly,2022,16020.0
061,Qovoq,Тыква,Pumpkin,Қовоқ,2022-02,monthly,2022,3000.0
063,Sabzi,Морковь,Carrot,Сабзи,2022-02,monthly,2022,2221.0
065,Sarimsoq,Чеснок,Garlic,Саримсоқ,2022-02,monthly,2022,25456.0
066,Piyoz,Лук репчатый,Onion,Пиёз,2022-02,monthly,2022,2096.0
069,Kartoshka,Картофель,Potatoes,Картошка,2022-02,monthly,2022,4940.0
0070,Loviya,Фасоль,Beans,Ловия,2022-02,monthly,2022,12897.0
071,No'xot,Горох,Peas,Нўхот,2022-02,monthly,2022,16925.0
0072,Mosh,Маш,Mash,Мош,2022-02,monthly,2022,12648.0
073,Shakar,Сахар песок,Sugar,Шакар,2022-02,monthly,2022,9195.0
002,Kruppa yormasi,Крупа манная,Semolina,Круппа ёрмаси,2022-02,monthly,2022,3926.0
001,Guruch,Рис,Rice,Гуруч,2022-03,monthly,2022,8666.0
003,Arpa,Ячмень,Barley,Арпа,2022-03,monthly,2022,3936.0
0004,Bug'doy,Пшеница,Wheat,Буғдой,2022-03,monthly,2022,3954.0
005,Jo'hori,Кукуруза,Corn,Жўҳори,2022-03,monthly,2022,3894.0
006,Kepak,Отруби,Bran,Кепак,2022-03,monthly,2022,2805.0
0008,Shrot,Шрот,Schroth,Шрот,2022-03,monthly,2022,3783.0
009,Shulxa,Шелуха,Husk,Шулха,2022-03,monthly,2022,3353.0
010,Kombikorm,Комбикорм,Compound feed,Комбикорм,2022-03,monthly,2022,2977.0
011,Oliy navli bug'doy uni,Мука пшеничная высшего сорта,High-grade wheat flour,Олий навли буғдой уни,2022-03,monthly,2022,5976.0
0012,1-navli bug'doy uni,Мука пшеничная первого сорта,First grade wheat flour,1-навли буғдой уни,2022-03,monthly,2022,5048.0
013,1-nav bug'doy unidan non,Хлеб пшеничный из муки 1-го сорта,Wheat bread from 1st grade flour,1-нав буғдой унидан нон,2022-03,monthly,2022,3265.0
017,Mol go'shti,Говядина,Beef,Мол гўшти,2022-03,monthly,2022,59892.0
0020,Qo'y go'shti,Баранина,Mutton,Қўй гўшти,2022-03,monthly,2022,54881.0
022,Tovuq go'shti,Мясо птицы,Poultry,Товуқ гўшти,2022-03,monthly,2022,22375.0
026,Turli baliqlar,Рыба всякая,Fish of all kinds,Турли балиқлар,2022-03,monthly,2022,26881.0
027,Yangi sog'ilgan sut (1 litr),Молоко свежее (1 литр),Fresh milk (1 liter),Янги соғилган сут (1 литр),2022-03,monthly,2022,4363.0
034,Tuxum (10 dona),Яйца (10 штук),Eggs (10 pieces ),Тухум (10 дона),2022-03,monthly,2022,9162.0
035,Paxta yog'i (1 litr),Масло хлопковое (1 литр),Cottonseed oil (1 liter),Пахта ёғи (1 литр),2022-03,monthly,2022,17186.0
0036,Kungaboqar yog'i (1 litr),Масло подсолнечное (1 литр),Sunflower oil (1 liter),Кунгабоқар ёғи (1 литр),2022-03,monthly,2022,19350.0
037,Sariyog',Масло сливочное,Butter,Сариёғ,2022-03,monthly,2022,52927.0
039,Limon,Лимоны,Lemons,Лимон,2022-03,monthly,2022,20202.0
0040,Olma,Яблоки,Apples,Олма,2022-03,monthly,2022,11536.0
041,Nok,Груши,Pears,Нок,2022-03,monthly,2022,23585.0
049,Uzum,Виноград,Grape,Узум,2022-03,monthly,2022,11890.0
0051,Qovun,Дыня,Melon,Қовун,2022-03,monthly,2022,5842.0
053,Mayiz,Кишмиш,Kishmish,Майиз,2022-03,monthly,2022,30830.0
055,Karam,Капуста,Cabbage,Карам,2022-03,monthly,2022,5084.0
057,Bodring,Огурцы,Cucumbers,Бодринг,2022-03,monthly,2022,14259.0
058,Pomidor,Помидоры,Tomatoes,Помидор,2022-03,monthly,2022,14243.0
0060,Bulg'or qalampiri,Перец болгарский,Bell pepper,Булғор қалампири,2022-03,monthly,2022,19942.0
061,Qovoq,Тыква,Pumpkin,Қовоқ,2022-03,monthly,2022,2980.0
063,Sabzi,Морковь,Carrot,Сабзи,2022-03,monthly,2022,2378.0
065,Sarimsoq,Чеснок,Garlic,Саримсоқ,2022-03,monthly,2022,26008.0
066,Piyoz,Лук репчатый,Onion,Пиёз,2022-03,monthly,2022,2698.0
069,Kartoshka,Картофель,Potatoes,Картошка,2022-03,monthly,2022,4534.0
0070,Loviya,Фасоль,Beans,Ловия,2022-03,monthly,2022,12917.0
071,No'xot,Горох,Peas,Нўхот,2022-03,monthly,2022,17120.0
0072,Mosh,Маш,Mash,Мош,2022-03,monthly,2022,12721.0
073,Shakar,Сахар песок,Sugar,Шакар,2022-03,monthly,2022,9654.0
002,Kruppa yormasi,Крупа манная,Semolina,Круппа ёрмаси,2022-03,monthly,2022,3936.0
001,Guruch,Рис,Rice,Гуруч,2022-04,monthly,2022,8338.0
003,Arpa,Ячмень,Barley,Арпа,2022-04,monthly,2022,3964.0
0004,Bug'doy,Пшеница,Wheat,Буғдой,2022-04,monthly,2022,3991.0
005,Jo'hori,Кукуруза,Corn,Жўҳори,2022-04,monthly,2022,3937.0
006,Kepak,Отруби,Bran,Кепак,2022-04,monthly,2022,2863.0
0008,Shrot,Шрот,Schroth,Шрот,2022-04,monthly,2022,3852.0
009,Shulxa,Шелуха,Husk,Шулха,2022-04,monthly,2022,3391.0
010,Kombikorm,Комбикорм,Compound feed,Комбикорм,2022-04,monthly,2022,2994.0
011,Oliy navli bug'doy uni,Мука пшеничная высшего сорта,High-grade wheat flour,Олий навли буғдой уни,2022-04,monthly,2022,6004.0
0012,1-navli bug'doy uni,Мука пшеничная первого сорта,First grade wheat flour,1-навли буғдой уни,2022-04,monthly,2022,5086.0
013,1-nav bug'doy unidan non,Хлеб пшеничный из муки 1-го сорта,Wheat bread from 1st grade flour,1-нав буғдой унидан нон,2022-04,monthly,2022,3265.0
017,Mol go'shti,Говядина,Beef,Мол гўшти,2022-04,monthly,2022,59517.0
0020,Qo'y go'shti,Баранина,Mutton,Қўй гўшти,2022-04,monthly,2022,55037.0
022,Tovuq go'shti,Мясо птицы,Poultry,Товуқ гўшти,2022-04,monthly,2022,23052.0
026,Turli baliqlar,Рыба всякая,Fish of all kinds,Турли балиқлар,2022-04,monthly,2022,27020.0
027,Yangi sog'ilgan sut (1 litr),Молоко свежее (1 литр),Fresh milk (1 liter),Янги соғилган сут (1 литр),2022-04,monthly,2022,4316.0
034,Tuxum (10 dona),Яйца (10 штук),Eggs (10 pieces ),Тухум (10 дона),2022-04,monthly,2022,9174.0
035,Paxta yog'i (1 litr),Масло хлопковое (1 литр),Cottonseed oil (1 liter),Пахта ёғи (1 литр),2022-04,monthly,2022,17289.0
0036,Kungaboqar yog'i (1 litr),Масло подсолнечное (1 литр),Sunflower oil (1 liter),Кунгабоқар ёғи (1 литр),2022-04,monthly,2022,19625.0
037,Sariyog',Масло сливочное,Butter,Сариёғ,2022-04,monthly,2022,52590.0
039,Limon,Лимоны,Lemons,Лимон,2022-04,monthly,2022,20316.0
0040,Olma,Яблоки,Apples,Олма,2022-04,monthly,2022,11297.0
041,Nok,Груши,Pears,Нок,2022-04,monthly,2022,23550.0
049,Uzum,Виноград,Grape,Узум,2022-04,monthly,2022,12713.0
0051,Qovun,Дыня,Melon,Қовун,2022-04,monthly,2022,6255.0
053,Mayiz,Кишмиш,Kishmish,Майиз,2022-04,monthly,2022,30503.0
055,Karam,Капуста,Cabbage,Карам,2022-04,monthly,2022,5015.0
057,Bodring,Огурцы,Cucumbers,Бодринг,2022-04,monthly,2022,11523.0
058,Pomidor,Помидоры,Tomatoes,Помидор,2022-04,monthly,2022,13762.0
059,Baqlajon,Баклажаны,Eggplant,Бақлажон,2022-04,monthly,2022,19627.0
0060,Bulg'or qalampiri,Перец болгарский,Bell pepper,Булғор қалампири,2022-04,monthly,2022,18683.0
061,Qovoq,Тыква,Pumpkin,Қовоқ,2022-04,monthly,2022,2741.0
063,Sabzi,Морковь,Carrot,Сабзи,2022-04,monthly,2022,2560.0
065,Sarimsoq,Чеснок,Garlic,Саримсоқ,2022-04,monthly,2022,26128.0
066,Piyoz,Лук репчатый,Onion,Пиёз,2022-04,monthly,2022,2971.0
069,Kartoshka,Картофель,Potatoes,Картошка,2022-04,monthly,2022,3977.0
0070,Loviya,Фасоль,Beans,Ловия,2022-04,monthly,2022,12842.0
071,No'xot,Горох,Peas,Нўхот,2022-04,monthly,2022,16760.0
0072,Mosh,Маш,Mash,Мош,2022-04,monthly,2022,12597.0
073,Shakar,Сахар песок,Sugar,Шакар,2022-04,monthly,2022,9864.0
002,Kruppa yormasi,Крупа манная,Semolina,Круппа ёрмаси,2022-04,monthly,2022,3964.0
001,Guruch,Рис,Rice,Гуруч,2022-05,monthly,2022,8286.0
003,Arpa,Ячмень,Barley,Арпа,2022-05,monthly,2022,3992.0
0004,Bug'doy,Пшеница,Wheat,Буғдой,2022-05,monthly,2022,4051.0
005,Jo'hori,Кукуруза,Corn,Жўҳори,2022-05,monthly,2022,3977.0
006,Kepak,Отруби,Bran,Кепак,2022-05,monthly,2022,2893.0
0008,Shrot,Шрот,Schroth,Шрот,2022-05,monthly,2022,3869.0
009,Shulxa,Шелуха,Husk,Шулха,2022-05,monthly,2022,3376.0
010,Kombikorm,Комбикорм,Compound feed,Комбикорм,2022-05,monthly,2022,3004.0
011,Oliy navli bug'doy uni,Мука пшеничная высшего сорта,High-grade wheat flour,Олий навли буғдой уни,2022-05,monthly,2022,6059.0
0012,1-navli bug'doy uni,Мука пшеничная первого сорта,First grade wheat flour,1-навли буғдой уни,2022-05,monthly,2022,5143.0
013,1-nav bug'doy unidan non,Хлеб пшеничный из муки 1-го сорта,Wheat bread from 1st grade flour,1-нав буғдой унидан нон,2022-05,monthly,2022,3273.0
017,Mol go'shti,Говядина,Beef,Мол гўшти,2022-05,monthly,2022,59455.0
0020,Qo'y go'shti,Баранина,Mutton,Қўй гўшти,2022-05,monthly,2022,55067.0
022,Tovuq go'shti,Мясо птицы,Poultry,Товуқ гўшти,2022-05,monthly,2022,23043.0
026,Turli baliqlar,Рыба всякая,Fish of all kinds,Турли балиқлар,2022-05,monthly,2022,26415.0
027,Yangi sog'ilgan sut (1 litr),Молоко свежее (1 литр),Fresh milk (1 liter),Янги соғилган сут (1 литр),2022-05,monthly,2022,4367.0
034,Tuxum (10 dona),Яйца (10 штук),Eggs (10 pieces ),Тухум (10 дона),2022-05,monthly,2022,8887.0
035,Paxta yog'i (1 litr),Масло хлопковое (1 литр),Cottonseed oil (1 liter),Пахта ёғи (1 литр),2022-05,monthly,2022,17358.0
0036,Kungaboqar yog'i (1 litr),Масло подсолнечное (1 литр),Sunflower oil (1 liter),Кунгабоқар ёғи (1 литр),2022-05,monthly,2022,19684.0
037,Sariyog',Масло сливочное,Butter,Сариёғ,2022-05,monthly,2022,52700.0
039,Limon,Лимоны,Lemons,Лимон,2022-05,monthly,2022,21094.0
0040,Olma,Яблоки,Apples,Олма,2022-05,monthly,2022,11354.0
041,Nok,Груши,Pears,Нок,2022-05,monthly,2022,23570.0
049,Uzum,Виноград,Grape,Узум,2022-05,monthly,2022,12790.0
0050,Tarvuz,Арбуз,Watermelon,Тарвуз,2022-05,monthly,2022,8348.0
0051,Qovun,Дыня,Melon,Қовун,2022-05,monthly,2022,11988.0
053,Mayiz,Кишмиш,Kishmish,Майиз,2022-05,monthly,2022,30121.0
055,Karam,Капуста,Cabbage,Карам,2022-05,monthly,2022,4409.0
057,Bodring,Огурцы,Cucumbers,Бодринг,2022-05,monthly,2022,5514.0
058,Pomidor,Помидоры,Tomatoes,Помидор,2022-05,monthly,2022,10498.0
059,Baqlajon,Баклажаны,Eggplant,Бақлажон,2022-05,monthly,2022,16282.0
0060,Bulg'or qalampiri,Перец болгарский,Bell pepper,Булғор қалампири,2022-05,monthly,2022,14135.0
061,Qovoq,Тыква,Pumpkin,Қовоқ,2022-05,monthly,2022,3629.0
063,Sabzi,Морковь,Carrot,Сабзи,2022-05,monthly,2022,2675.0
065,Sarimsoq,Чеснок,Garlic,Саримсоқ,2022-05,monthly,2022,19880.0
066,Piyoz,Лук репчатый,Onion,Пиёз,2022-05,monthly,2022,2887.0
069,Kartoshka,Картофель,Potatoes,Картошка,2022-05,monthly,2022,3759.0
0070,Loviya,Фасоль,Beans,Ловия,2022-05,monthly,2022,12798.0
071,No'xot,Горох,Peas,Нўхот,2022-05,monthly,2022,16423.0
0072,Mosh,Маш,Mash,Мош,2022-05,monthly,2022,12488.0
073,Shakar,Сахар песок,Sugar,Шакар,2022-05,monthly,2022,9964.0
002,Kruppa yormasi,Крупа манная,Semolina,Круппа ёрмаси,2022-05,monthly,2022,3992.0
001,Guruch,Рис,Rice,Гуруч,2022-06,monthly,2022,8344.0
003,Arpa,Ячмень,Barley,Арпа,2022-06,monthly,2022,4009.0
0004,Bug'doy,Пшеница,Wheat,Буғдой,2022-06,monthly,2022,4652.0
005,Jo'hori,Кукуруза,Corn,Жўҳори,2022-06,monthly,2022,4111.0
006,Kepak,Отруби,Bran,Кепак,2022-06,monthly,2022,2941.0
0008,Shrot,Шрот,Schroth,Шрот,2022-06,monthly,2022,3936.0
009,Shulxa,Шелуха,Husk,Шулха,2022-06,monthly,2022,3431.0
010,Kombikorm,Комбикорм,Compound feed,Комбикорм,2022-06,monthly,2022,3043.0
011,Oliy navli bug'doy uni,Мука пшеничная высшего сорта,High-grade wheat flour,Олий навли буғдой уни,2022-06,monthly,2022,7694.0
0012,1-navli bug'doy uni,Мука пшеничная первого сорта,First grade wheat flour,1-навли буғдой уни,2022-06,monthly,2022,6528.0
013,1-nav bug'doy unidan non,Хлеб пшеничный из муки 1-го сорта,Wheat bread from 1st grade flour,1-нав буғдой унидан нон,2022-06,monthly,2022,4948.0
017,Mol go'shti,Говядина,Beef,Мол гўшти,2022-06,monthly,2022,61616.0
0020,Qo'y go'shti,Баранина,Mutton,Қўй гўшти,2022-06,monthly,2022,56185.0
022,Tovuq go'shti,Мясо птицы,Poultry,Товуқ гўшти,2022-06,monthly,2022,23316.0
026,Turli baliqlar,Рыба всякая,Fish of all kinds,Турли балиқлар,2022-06,monthly,2022,26655.0
027,Yangi sog'ilgan sut (1 litr),Молоко свежее (1 литр),Fresh milk (1 liter),Янги соғилган сут (1 литр),2022-06,monthly,2022,4520.0
034,Tuxum (10 dona),Яйца (10 штук),Eggs (10 pieces ),Тухум (10 дона),2022-06,monthly,2022,9330.0
035,Paxta yog'i (1 litr),Масло хлопковое (1 литр),Cottonseed oil (1 liter),Пахта ёғи (1 литр),2022-06,monthly,2022,17497.0
0036,Kungaboqar yog'i (1 litr),Масло подсолнечное (1 литр),Sunflower oil (1 liter),Кунгабоқар ёғи (1 литр),2022-06,monthly,2022,19917.0
037,Sariyog',Масло сливочное,Butter,Сариёғ,2022-06,monthly,2022,52918.0
039,Limon,Лимоны,Lemons,Лимон,2022-06,monthly,2022,24812.0
0040,Olma,Яблоки,Apples,Олма,2022-06,monthly,2022,10554.0
041,Nok,Груши,Pears,Нок,2022-06,monthly,2022,22927.0
049,Uzum,Виноград,Grape,Узум,2022-06,monthly,2022,14047.0
0050,Tarvuz,Арбуз,Watermelon,Тарвуз,2022-06,monthly,2022,3040.0
0051,Qovun,Дыня,Melon,Қовун,2022-06,monthly,2022,4258.0
053,Mayiz,Кишмиш,Kishmish,Майиз,2022-06,monthly,2022,30611.0
055,Karam,Капуста,Cabbage,Карам,2022-06,monthly,2022,3967.0
057,Bodring,Огурцы,Cucumbers,Бодринг,2022-06,monthly,2022,3958.0
058,Pomidor,Помидоры,Tomatoes,Помидор,2022-06,monthly,2022,6228.0
059,Baqlajon,Баклажаны,Eggplant,Бақлажон,2022-06,monthly,2022,7486.0
0060,Bulg'or qalampiri,Перец болгарский,Bell pepper,Булғор қалампири,2022-06,monthly,2022,8928.0
061,Qovoq,Тыква,Pumpkin,Қовоқ,2022-06,monthly,2022,3268.0
063,Sabzi,Морковь,Carrot,Сабзи,2022-06,monthly,2022,2859.0
065,Sarimsoq,Чеснок,Garlic,Саримсоқ,2022-06,monthly,2022,12635.0
066,Piyoz,Лук репчатый,Onion,Пиёз,2022-06,monthly,2022,3066.0
069,Kartoshka,Картофель,Potatoes,Картошка,2022-06,monthly,2022,4214.0
0070,Loviya,Фасоль,Beans,Ловия,2022-06,monthly,2022,12614.0
071,No'xot,Горох,Peas,Нўхот,2022-06,monthly,2022,16211.0
0072,Mosh,Маш,Mash,Мош,2022-06,monthly,2022,12526.0
073,Shakar,Сахар песок,Sugar,Шакар,2022-06,monthly,2022,11766.0
002,Kruppa yormasi,Крупа манная,Semolina,Круппа ёрмаси,2022-06,monthly,2022,4009.0
001,Guruch,Рис,Rice,Гуруч,2022-07,monthly,2022,8551.0
003,Arpa,Ячмень,Barley,Арпа,2022-07,monthly,2022,4004.0
0004,Bug'doy,Пшеница,Wheat,Буғдой,2022-07,monthly,2022,4614.0
005,Jo'hori,Кукуруза,Corn,Жўҳори,2022-07,monthly,2022,4179.0
006,Kepak,Отруби,Bran,Кепак,2022-07,monthly,2022,2951.0
0008,Shrot,Шрот,Schroth,Шрот,2022-07,monthly,2022,3972.0
009,Shulxa,Шелуха,Husk,Шулха,2022-07,monthly,2022,3451.0
010,Kombikorm,Комбикорм,Compound feed,Комбикорм,2022-07,monthly,2022,3186.0
011,Oliy navli bug'doy uni,Мука пшеничная высшего сорта,High-grade wheat flour,Олий навли буғдой уни,2022-07,monthly,2022,7699.0
0012,1-navli bug'doy uni,Мука пшеничная первого сорта,First grade wheat flour,1-навли буғдой уни,2022-07,monthly,2022,6082.0
013,1-nav bug'doy unidan non,Хлеб пшеничный из муки 1-го сорта,Wheat bread from 1st grade flour,1-нав буғдой унидан нон,2022-07,monthly,2022,5043.0
017,Mol go'shti,Говядина,Beef,Мол гўшти,2022-07,monthly,2022,62965.0
0020,Qo'y go'shti,Баранина,Mutton,Қўй гўшти,2022-07,monthly,2022,58014.0
022,Tovuq go'shti,Мясо птицы,Poultry,Товуқ гўшти,2022-07,monthly,2022,23431.0
026,Turli baliqlar,Рыба всякая,Fish of all kinds,Турли балиқлар,2022-07,monthly,2022,26846.0
027,Yangi sog'ilgan sut (1 litr),Молоко свежее (1 литр),Fresh milk (1 liter),Янги соғилган сут (1 литр),2022-07,monthly,2022,4714.0
034,Tuxum (10 dona),Яйца (10 штук),Eggs (10 pieces ),Тухум (10 дона),2022-07,monthly,2022,9401.0
035,Paxta yog'i (1 litr),Масло хлопковое (1 литр),Cottonseed oil (1 liter),Пахта ёғи (1 литр),2022-07,monthly,2022,17617.0
0036,Kungaboqar yog'i (1 litr),Масло подсолнечное (1 литр),Sunflower oil (1 liter),Кунгабоқар ёғи (1 литр),2022-07,monthly,2022,20039.0
037,Sariyog',Масло сливочное,Butter,Сариёғ,2022-07,monthly,2022,53132.0
039,Limon,Лимоны,Lemons,Лимон,2022-07,monthly,2022,39750.0
0040,Olma,Яблоки,Apples,Олма,2022-07,monthly,2022,10184.0
041,Nok,Груши,Pears,Нок,2022-07,monthly,2022,22633.0
049,Uzum,Виноград,Grape,Узум,2022-07,monthly,2022,9006.0
0050,Tarvuz,Арбуз,Watermelon,Тарвуз,2022-07,monthly,2022,1454.0
0051,Qovun,Дыня,Melon,Қовун,2022-07,monthly,2022,2993.0
053,Mayiz,Кишмиш,Kishmish,Майиз,2022-07,monthly,2022,31227.0
055,Karam,Капуста,Cabbage,Карам,2022-07,monthly,2022,3769.0
057,Bodring,Огурцы,Cucumbers,Бодринг,2022-07,monthly,2022,3662.0
058,Pomidor,Помидоры,Tomatoes,Помидор,2022-07,monthly,2022,3656.0
059,Baqlajon,Баклажаны,Eggplant,Бақлажон,2022-07,monthly,2022,3646.0
0060,Bulg'or qalampiri,Перец болгарский,Bell pepper,Булғор қалампири,2022-07,monthly,2022,5824.0
061,Qovoq,Тыква,Pumpkin,Қовоқ,2022-07,monthly,2022,2845.0
063,Sabzi,Морковь,Carrot,Сабзи,2022-07,monthly,2022,2874.0
065,Sarimsoq,Чеснок,Garlic,Саримсоқ,2022-07,monthly,2022,12959.0
066,Piyoz,Лук репчатый,Onion,Пиёз,2022-07,monthly,2022,3412.0
069,Kartoshka,Картофель,Potatoes,Картошка,2022-07,monthly,2022,3992.0
0070,Loviya,Фасоль,Beans,Ловия,2022-07,monthly,2022,12131.0
071,No'xot,Горох,Peas,Нўхот,2022-07,monthly,2022,16605.0
0072,Mosh,Маш,Mash,Мош,2022-07,monthly,2022,12618.0
073,Shakar,Сахар песок,Sugar,Шакар,2022-07,monthly,2022,12706.0
002,Kruppa yormasi,Крупа манная,Semolina,Круппа ёрмаси,2022-07,monthly,2022,4004.0
001,Guruch,Рис,Rice,Гуруч,2022-08,monthly,2022,9296.0
003,Arpa,Ячмень,Barley,Арпа,2022-08,monthly,2022,4036.0
0004,Bug'doy,Пшеница,Wheat,Буғдой,2022-08,monthly,2022,4480.0
005,Jo'hori,Кукуруза,Corn,Жўҳори,2022-08,monthly,2022,4182.0
006,Kepak,Отруби,Bran,Кепак,2022-08,monthly,2022,2941.0
0008,Shrot,Шрот,Schroth,Шрот,2022-08,monthly,2022,3997.0
009,Shulxa,Шелуха,Husk,Шулха,2022-08,monthly,2022,3515.0
010,Kombikorm,Комбикорм,Compound feed,Комбикорм,2022-08,monthly,2022,3241.0
011,Oliy navli bug'doy uni,Мука пшеничная высшего сорта,High-grade wheat flour,Олий навли буғдой уни,2022-08,monthly,2022,7659.0
0012,1-navli bug'doy uni,Мука пшеничная первого сорта,First grade wheat flour,1-навли буғдой уни,2022-08,monthly,2022,5544.0
013,1-nav bug'doy unidan non,Хлеб пшеничный из муки 1-го сорта,Wheat bread from 1st grade flour,1-нав буғдой унидан нон,2022-08,monthly,2022,4967.0
017,Mol go'shti,Говядина,Beef,Мол гўшти,2022-08,monthly,2022,63550.0
0020,Qo'y go'shti,Баранина,Mutton,Қўй гўшти,2022-08,monthly,2022,60595.0
022,Tovuq go'shti,Мясо птицы,Poultry,Товуқ гўшти,2022-08,monthly,2022,23372.0
026,Turli baliqlar,Рыба всякая,Fish of all kinds,Турли балиқлар,2022-08,monthly,2022,26964.0
027,Yangi sog'ilgan sut (1 litr),Молоко свежее (1 литр),Fresh milk (1 liter),Янги соғилган сут (1 литр),2022-08,monthly,2022,4777.0
034,Tuxum (10 dona),Яйца (10 штук),Eggs (10 pieces ),Тухум (10 дона),2022-08,monthly,2022,9198.0
035,Paxta yog'i (1 litr),Масло хлопковое (1 литр),Cottonseed oil (1 liter),Пахта ёғи (1 литр),2022-08,monthly,2022,17725.0
0036,Kungaboqar yog'i (1 litr),Масло подсолнечное (1 литр),Sunflower oil (1 liter),Кунгабоқар ёғи (1 литр),2022-08,monthly,2022,20034.0
037,Sariyog',Масло сливочное,Butter,Сариёғ,2022-08,monthly,2022,53750.0
039,Limon,Лимоны,Lemons,Лимон,2022-08,monthly,2022,42345.0
0040,Olma,Яблоки,Apples,Олма,2022-08,monthly,2022,10164.0
041,Nok,Груши,Pears,Нок,2022-08,monthly,2022,22202.0
049,Uzum,Виноград,Grape,Узум,2022-08,monthly,2022,6392.0
0050,Tarvuz,Арбуз,Watermelon,Тарвуз,2022-08,monthly,2022,1449.0
0051,Qovun,Дыня,Melon,Қовун,2022-08,monthly,2022,2939.0
053,Mayiz,Кишмиш,Kishmish,Майиз,2022-08,monthly,2022,31396.0
055,Karam,Капуста,Cabbage,Карам,2022-08,monthly,2022,3531.0
057,Bodring,Огурцы,Cucumbers,Бодринг,2022-08,monthly,2022,3866.0
058,Pomidor,Помидоры,Tomatoes,Помидор,2022-08,monthly,2022,3793.0
059,Baqlajon,Баклажаны,Eggplant,Бақлажон,2022-08,monthly,2022,3112.0
0060,Bulg'or qalampiri,Перец болгарский,Bell pepper,Булғор қалампири,2022-08,monthly,2022,5422.0
061,Qovoq,Тыква,Pumpkin,Қовоқ,2022-08,monthly,2022,2701.0
063,Sabzi,Морковь,Carrot,Сабзи,2022-08,monthly,2022,2649.0
065,Sarimsoq,Чеснок,Garlic,Саримсоқ,2022-08,monthly,2022,14056.0
066,Piyoz,Лук репчатый,Onion,Пиёз,2022-08,monthly,2022,3533.0
069,Kartoshka,Картофель,Potatoes,Картошка,2022-08,monthly,2022,3728.0
0070,Loviya,Фасоль,Beans,Ловия,2022-08,monthly,2022,12199.0
071,No'xot,Горох,Peas,Нўхот,2022-08,monthly,2022,16579.0
0072,Mosh,Маш,Mash,Мош,2022-08,monthly,2022,12610.0
073,Shakar,Сахар песок,Sugar,Шакар,2022-08,monthly,2022,13471.0
002,Kruppa yormasi,Крупа манная,Semolina,Круппа ёрмаси,2022-08,monthly,2022,4036.0
001,Guruch,Рис,Rice,Гуруч,2022-09,monthly,2022,9514.0
003,Arpa,Ячмень,Barley,Арпа,2022-09,monthly,2022,4039.0
0004,Bug'doy,Пшеница,Wheat,Буғдой,2022-09,monthly,2022,4356.0
005,Jo'hori,Кукуруза,Corn,Жўҳори,2022-09,monthly,2022,4178.0
006,Kepak,Отруби,Bran,Кепак,2022-09,monthly,2022,2946.0
0008,Shrot,Шрот,Schroth,Шрот,2022-09,monthly,2022,3936.0
009,Shulxa,Шелуха,Husk,Шулха,2022-09,monthly,2022,3531.0
010,Kombikorm,Комбикорм,Compound feed,Комбикорм,2022-09,monthly,2022,3204.0
011,Oliy navli bug'doy uni,Мука пшеничная высшего сорта,High-grade wheat flour,Олий навли буғдой уни,2022-09,monthly,2022,7664.0
0012,1-navli bug'doy uni,Мука пшеничная первого сорта,First grade wheat flour,1-навли буғдой уни,2022-09,monthly,2022,5543.0
013,1-nav bug'doy unidan non,Хлеб пшеничный из муки 1-го сорта,Wheat bread from 1st grade flour,1-нав буғдой унидан нон,2022-09,monthly,2022,4957.0
017,Mol go'shti,Говядина,Beef,Мол гўшти,2022-09,monthly,2022,64592.0
0020,Qo'y go'shti,Баранина,Mutton,Қўй гўшти,2022-09,monthly,2022,62186.0
022,Tovuq go'shti,Мясо птицы,Poultry,Товуқ гўшти,2022-09,monthly,2022,23494.0
026,Turli baliqlar,Рыба всякая,Fish of all kinds,Турли балиқлар,2022-09,monthly,2022,27682.0
027,Yangi sog'ilgan sut (1 litr),Молоко свежее (1 литр),Fresh milk (1 liter),Янги соғилган сут (1 литр),2022-09,monthly,2022,4839.0
034,Tuxum (10 dona),Яйца (10 штук),Eggs (10 pieces ),Тухум (10 дона),2022-09,monthly,2022,9450.0
035,Paxta yog'i (1 litr),Масло хлопковое (1 литр),Cottonseed oil (1 liter),Пахта ёғи (1 литр),2022-09,monthly,2022,17842.0
0036,Kungaboqar yog'i (1 litr),Масло подсолнечное (1 литр),Sunflower oil (1 liter),Кунгабоқар ёғи (1 литр),2022-09,monthly,2022,20050.0
037,Sariyog',Масло сливочное,Butter,Сариёғ,2022-09,monthly,2022,54108.0
039,Limon,Лимоны,Lemons,Лимон,2022-09,monthly,2022,29159.0
0040,Olma,Яблоки,Apples,Олма,2022-09,monthly,2022,9882.0
041,Nok,Груши,Pears,Нок,2022-09,monthly,2022,21960.0
049,Uzum,Виноград,Grape,Узум,2022-09,monthly,2022,6122.0
0050,Tarvuz,Арбуз,Watermelon,Тарвуз,2022-09,monthly,2022,1522.0
0051,Qovun,Дыня,Melon,Қовун,2022-09,monthly,2022,2959.0
053,Mayiz,Кишмиш,Kishmish,Майиз,2022-09,monthly,2022,31511.0
055,Karam,Капуста,Cabbage,Карам,2022-09,monthly,2022,3403.0
057,Bodring,Огурцы,Cucumbers,Бодринг,2022-09,monthly,2022,4657.0
058,Pomidor,Помидоры,Tomatoes,Помидор,2022-09,monthly,2022,5615.0
059,Baqlajon,Баклажаны,Eggplant,Бақлажон,2022-09,monthly,2022,3305.0
0060,Bulg'or qalampiri,Перец болгарский,Bell pepper,Булғор қалампири,2022-09,monthly,2022,5514.0
061,Qovoq,Тыква,Pumpkin,Қовоқ,2022-09,monthly,2022,2617.0
063,Sabzi,Морковь,Carrot,Сабзи,2022-09,monthly,2022,2637.0
065,Sarimsoq,Чеснок,Garlic,Саримсоқ,2022-09,monthly,2022,15188.0
066,Piyoz,Лук репчатый,Onion,Пиёз,2022-09,monthly,2022,3348.0
069,Kartoshka,Картофель,Potatoes,Картошка,2022-09,monthly,2022,3793.0
0070,Loviya,Фасоль,Beans,Ловия,2022-09,monthly,2022,12561.0
071,No'xot,Горох,Peas,Нўхот,2022-09,monthly,2022,16657.0
0072,Mosh,Маш,Mash,Мош,2022-09,monthly,2022,12723.0
073,Shakar,Сахар песок,Sugar,Шакар,2022-09,monthly,2022,13488.0
002,Kruppa yormasi,Крупа манная,Semolina,Круппа ёрмаси,2022-09,monthly,2022,4039.0
001,Guruch,Рис,Rice,Гуруч,2022-10,monthly,2022,9874.0
003,Arpa,Ячмень,Barley,Арпа,2022-10,monthly,2022,4070.0
0004,Bug'doy,Пшеница,Wheat,Буғдой,2022-10,monthly,2022,4325.0
005,Jo'hori,Кукуруза,Corn,Жўҳори,2022-10,monthly,2022,4179.0
006,Kepak,Отруби,Bran,Кепак,2022-10,monthly,2022,2925.0
0008,Shrot,Шрот,Schroth,Шрот,2022-10,monthly,2022,3939.0
009,Shulxa,Шелуха,Husk,Шулха,2022-10,monthly,2022,3539.0
010,Kombikorm,Комбикорм,Compound feed,Комбикорм,2022-10,monthly,2022,3211.0
011,Oliy navli bug'doy uni,Мука пшеничная высшего сорта,High-grade wheat flour,Олий навли буғдой уни,2022-10,monthly,2022,8015.0
0012,1-navli bug'doy uni,Мука пшеничная первого сорта,First grade wheat flour,1-навли буғдой уни,2022-10,monthly,2022,6404.0
013,1-nav bug'doy unidan non,Хлеб пшеничный из муки 1-го сорта,Wheat bread from 1st grade flour,1-нав буғдой унидан нон,2022-10,monthly,2022,4964.0
017,Mol go'shti,Говядина,Beef,Мол гўшти,2022-10,monthly,2022,66594.0
0020,Qo'y go'shti,Баранина,Mutton,Қўй гўшти,2022-10,monthly,2022,63214.0
022,Tovuq go'shti,Мясо птицы,Poultry,Товуқ гўшти,2022-10,monthly,2022,23673.0
026,Turli baliqlar,Рыба всякая,Fish of all kinds,Турли балиқлар,2022-10,monthly,2022,28459.0
027,Yangi sog'ilgan sut (1 litr),Молоко свежее (1 литр),Fresh milk (1 liter),Янги соғилган сут (1 литр),2022-10,monthly,2022,4893.0
034,Tuxum (10 dona),Яйца (10 штук),Eggs (10 pieces ),Тухум (10 дона),2022-10,monthly,2022,10669.0
035,Paxta yog'i (1 litr),Масло хлопковое (1 литр),Cottonseed oil (1 liter),Пахта ёғи (1 литр),2022-10,monthly,2022,18017.0
0036,Kungaboqar yog'i (1 litr),Масло подсолнечное (1 литр),Sunflower oil (1 liter),Кунгабоқар ёғи (1 литр),2022-10,monthly,2022,20155.0
037,Sariyog',Масло сливочное,Butter,Сариёғ,2022-10,monthly,2022,54709.0
039,Limon,Лимоны,Lemons,Лимон,2022-10,monthly,2022,20604.0
0040,Olma,Яблоки,Apples,Олма,2022-10,monthly,2022,9494.0
041,Nok,Груши,Pears,Нок,2022-10,monthly,2022,21283.0
049,Uzum,Виноград,Grape,Узум,2022-10,monthly,2022,5908.0
0050,Tarvuz,Арбуз,Watermelon,Тарвуз,2022-10,monthly,2022,1721.0
0051,Qovun,Дыня,Melon,Қовун,2022-10,monthly,2022,3138.0
053,Mayiz,Кишмиш,Kishmish,Майиз,2022-10,monthly,2022,31709.0
055,Karam,Капуста,Cabbage,Карам,2022-10,monthly,2022,3017.0
057,Bodring,Огурцы,Cucumbers,Бодринг,2022-10,monthly,2022,5409.0
058,Pomidor,Помидоры,Tomatoes,Помидор,2022-10,monthly,2022,6412.0
059,Baqlajon,Баклажаны,Eggplant,Бақлажон,2022-10,monthly,2022,3342.0
0060,Bulg'or qalampiri,Перец болгарский,Bell pepper,Булғор қалампири,2022-10,monthly,2022,5922.0
061,Qovoq,Тыква,Pumpkin,Қовоқ,2022-10,monthly,2022,2616.0
063,Sabzi,Морковь,Carrot,Сабзи,2022-10,monthly,2022,2655.0
065,Sarimsoq,Чеснок,Garlic,Саримсоқ,2022-10,monthly,2022,13969.0
066,Piyoz,Лук репчатый,Onion,Пиёз,2022-10,monthly,2022,3072.0
069,Kartoshka,Картофель,Potatoes,Картошка,2022-10,monthly,2022,3848.0
0070,Loviya,Фасоль,Beans,Ловия,2022-10,monthly,2022,12661.0
071,No'xot,Горох,Peas,Нўхот,2022-10,monthly,2022,16737.0
0072,Mosh,Маш,Mash,Мош,2022-10,monthly,2022,12852.0
073,Shakar,Сахар песок,Sugar,Шакар,2022-10,monthly,2022,13601.0
002,Kruppa yormasi,Крупа манная,Semolina,Круппа ёрмаси,2022-10,monthly,2022,4070.0
001,Guruch,Рис,Rice,Гуруч,2022-11,monthly,2022,10620.0
003,Arpa,Ячмень,Barley,Арпа,2022-11,monthly,2022,4041.0
0004,Bug'doy,Пшеница,Wheat,Буғдой,2022-11,monthly,2022,4323.0
005,Jo'hori,Кукуруза,Corn,Жўҳори,2022-11,monthly,2022,4198.0
006,Kepak,Отруби,Bran,Кепак,2022-11,monthly,2022,2927.0
0008,Shrot,Шрот,Schroth,Шрот,2022-11,monthly,2022,3972.0
009,Shulxa,Шелуха,Husk,Шулха,2022-11,monthly,2022,3576.0
010,Kombikorm,Комбикорм,Compound feed,Комбикорм,2022-11,monthly,2022,3229.0
011,Oliy navli bug'doy uni,Мука пшеничная высшего сорта,High-grade wheat flour,Олий навли буғдой уни,2022-11,monthly,2022,8069.0
0012,1-navli bug'doy uni,Мука пшеничная первого сорта,First grade wheat flour,1-навли буғдой уни,2022-11,monthly,2022,6458.0
013,1-nav bug'doy unidan non,Хлеб пшеничный из муки 1-го сорта,Wheat bread from 1st grade flour,1-нав буғдой унидан нон,2022-11,monthly,2022,4968.0
017,Mol go'shti,Говядина,Beef,Мол гўшти,2022-11,monthly,2022,67555.0
0020,Qo'y go'shti,Баранина,Mutton,Қўй гўшти,2022-11,monthly,2022,64094.0
022,Tovuq go'shti,Мясо птицы,Poultry,Товуқ гўшти,2022-11,monthly,2022,23868.0
026,Turli baliqlar,Рыба всякая,Fish of all kinds,Турли балиқлар,2022-11,monthly,2022,28728.0
027,Yangi sog'ilgan sut (1 litr),Молоко свежее (1 литр),Fresh milk (1 liter),Янги соғилган сут (1 литр),2022-11,monthly,2022,4967.0
034,Tuxum (10 dona),Яйца (10 штук),Eggs (10 pieces ),Тухум (10 дона),2022-11,monthly,2022,12601.0
035,Paxta yog'i (1 litr),Масло хлопковое (1 литр),Cottonseed oil (1 liter),Пахта ёғи (1 литр),2022-11,monthly,2022,18163.0
0036,Kungaboqar yog'i (1 litr),Масло подсолнечное (1 литр),Sunflower oil (1 liter),Кунгабоқар ёғи (1 литр),2022-11,monthly,2022,20266.0
037,Sariyog',Масло сливочное,Butter,Сариёғ,2022-11,monthly,2022,55657.0
039,Limon,Лимоны,Lemons,Лимон,2022-11,monthly,2022,18401.0
0040,Olma,Яблоки,Apples,Олма,2022-11,monthly,2022,9742.0
041,Nok,Груши,Pears,Нок,2022-11,monthly,2022,21630.0
049,Uzum,Виноград,Grape,Узум,2022-11,monthly,2022,6424.0
0050,Tarvuz,Арбуз,Watermelon,Тарвуз,2022-11,monthly,2022,2449.0
0051,Qovun,Дыня,Melon,Қовун,2022-11,monthly,2022,3716.0
053,Mayiz,Кишмиш,Kishmish,Майиз,2022-11,monthly,2022,32173.0
055,Karam,Капуста,Cabbage,Карам,2022-11,monthly,2022,3102.0
057,Bodring,Огурцы,Cucumbers,Бодринг,2022-11,monthly,2022,10471.0
058,Pomidor,Помидоры,Tomatoes,Помидор,2022-11,monthly,2022,9860.0
059,Baqlajon,Баклажаны,Eggplant,Бақлажон,2022-11,monthly,2022,4197.0
0060,Bulg'or qalampiri,Перец болгарский,Bell pepper,Булғор қалампири,2022-11,monthly,2022,7846.0
061,Qovoq,Тыква,Pumpkin,Қовоқ,2022-11,monthly,2022,2819.0
063,Sabzi,Морковь,Carrot,Сабзи,2022-11,monthly,2022,2621.0
065,Sarimsoq,Чеснок,Garlic,Саримсоқ,2022-11,monthly,2022,14072.0
066,Piyoz,Лук репчатый,Onion,Пиёз,2022-11,monthly,2022,3397.0
069,Kartoshka,Картофель,Potatoes,Картошка,2022-11,monthly,2022,3997.0
0070,Loviya,Фасоль,Beans,Ловия,2022-11,monthly,2022,12839.0
071,No'xot,Горох,Peas,Нўхот,2022-11,monthly,2022,16792.0
0072,Mosh,Маш,Mash,Мош,2022-11,monthly,2022,13006.0
073,Shakar,Сахар песок,Sugar,Шакар,2022-11,monthly,2022,13563.0
002,Kruppa yormasi,Крупа манная,Semolina,Круппа ёрмаси,2022-11,monthly,2022,4041.0
001,Guruch,Рис,Rice,Гуруч,2022-12,monthly,2022,10766.0
003,Arpa,Ячмень,Barley,Арпа,2022-12,monthly,2022,4166.0
0004,Bug'doy,Пшеница,Wheat,Буғдой,2022-12,monthly,2022,4320.0
005,Jo'hori,Кукуруза,Corn,Жўҳори,2022-12,monthly,2022,4205.0
006,Kepak,Отруби,Bran,Кепак,2022-12,monthly,2022,2904.0
0008,Shrot,Шрот,Schroth,Шрот,2022-12,monthly,2022,4048.0
009,Shulxa,Шелуха,Husk,Шулха,2022-12,monthly,2022,3559.0
010,Kombikorm,Комбикорм,Compound feed,Комбикорм,2022-12,monthly,2022,3246.0
011,Oliy navli bug'doy uni,Мука пшеничная высшего сорта,High-grade wheat flour,Олий навли буғдой уни,2022-12,monthly,2022,8068.0
0012,1-navli bug'doy uni,Мука пшеничная первого сорта,First grade wheat flour,1-навли буғдой уни,2022-12,monthly,2022,6471.0
013,1-nav bug'doy unidan non,Хлеб пшеничный из муки 1-го сорта,Wheat bread from 1st grade flour,1-нав буғдой унидан нон,2022-12,monthly,2022,4980.0
017,Mol go'shti,Говядина,Beef,Мол гўшти,2022-12,monthly,2022,67658.0
0020,Qo'y go'shti,Баранина,Mutton,Қўй гўшти,2022-12,monthly,2022,64392.0
022,Tovuq go'shti,Мясо птицы,Poultry,Товуқ гўшти,2022-12,monthly,2022,23926.0
026,Turli baliqlar,Рыба всякая,Fish of all kinds,Турли балиқлар,2022-12,monthly,2022,29338.0
027,Yangi sog'ilgan sut (1 litr),Молоко свежее (1 литр),Fresh milk (1 liter),Янги соғилган сут (1 литр),2022-12,monthly,2022,5079.0
034,Tuxum (10 dona),Яйца (10 штук),Eggs (10 pieces ),Тухум (10 дона),2022-12,monthly,2022,13248.0
035,Paxta yog'i (1 litr),Масло хлопковое (1 литр),Cottonseed oil (1 liter),Пахта ёғи (1 литр),2022-12,monthly,2022,18022.0
0036,Kungaboqar yog'i (1 litr),Масло подсолнечное (1 литр),Sunflower oil (1 liter),Кунгабоқар ёғи (1 литр),2022-12,monthly,2022,20106.0
037,Sariyog',Масло сливочное,Butter,Сариёғ,2022-12,monthly,2022,55856.0
039,Limon,Лимоны,Lemons,Лимон,2022-12,monthly,2022,17023.0
0040,Olma,Яблоки,Apples,Олма,2022-12,monthly,2022,10184.0
041,Nok,Груши,Pears,Нок,2022-12,monthly,2022,22710.0
049,Uzum,Виноград,Grape,Узум,2022-12,monthly,2022,8208.0
0050,Tarvuz,Арбуз,Watermelon,Тарвуз,2022-12,monthly,2022,3317.0
0051,Qovun,Дыня,Melon,Қовун,2022-12,monthly,2022,4524.0
053,Mayiz,Кишмиш,Kishmish,Майиз,2022-12,monthly,2022,33534.0
055,Karam,Капуста,Cabbage,Карам,2022-12,monthly,2022,3147.0
057,Bodring,Огурцы,Cucumbers,Бодринг,2022-12,monthly,2022,15335.0
058,Pomidor,Помидоры,Tomatoes,Помидор,2022-12,monthly,2022,13587.0
059,Baqlajon,Баклажаны,Eggplant,Бақлажон,2022-12,monthly,2022,8680.0
0060,Bulg'or qalampiri,Перец болгарский,Bell pepper,Булғор қалампири,2022-12,monthly,2022,11520.0
061,Qovoq,Тыква,Pumpkin,Қовоқ,2022-12,monthly,2022,2945.0
063,Sabzi,Морковь,Carrot,Сабзи,2022-12,monthly,2022,2605.0
065,Sarimsoq,Чеснок,Garlic,Саримсоқ,2022-12,monthly,2022,14747.0
066,Piyoz,Лук репчатый,Onion,Пиёз,2022-12,monthly,2022,3952.0
069,Kartoshka,Картофель,Potatoes,Картошка,2022-12,monthly,2022,4240.0
0070,Loviya,Фасоль,Beans,Ловия,2022-12,monthly,2022,13110.0
071,No'xot,Горох,Peas,Нўхот,2022-12,monthly,2022,16955.0
0072,Mosh,Маш,Mash,Мош,2022-12,monthly,2022,12925.0
073,Shakar,Сахар песок,Sugar,Шакар,2022-12,monthly,2022,13301.0
002,Kruppa yormasi,Крупа манная,Semolina,Круппа ёрмаси,2022-12,monthly,2022,4166.0
001,Guruch,Рис,Rice,Гуруч,2023-01,monthly,2023,12776.0
003,Arpa,Ячмень,Barley,Арпа,2023-01,monthly,2023,4300.0
0004,Bug'doy,Пшеница,Wheat,Буғдой,2023-01,monthly,2023,4273.0
005,Jo'hori,Кукуруза,Corn,Жўҳори,2023-01,monthly,2023,4365.0
006,Kepak,Отруби,Bran,Кепак,2023-01,monthly,2023,3068.0
0008,Shrot,Шрот,Schroth,Шрот,2023-01,monthly,2023,4384.0
009,Shulxa,Шелуха,Husk,Шулха,2023-01,monthly,2023,3735.0
010,Kombikorm,Комбикорм,Compound feed,Комбикорм,2023-01,monthly,2023,2881.0
011,Oliy navli bug'doy uni,Мука пшеничная высшего сорта,High-grade wheat flour,Олий навли буғдой уни,2023-01,monthly,2023,8680.0
0012,1-navli bug'doy uni,Мука пшеничная первого сорта,First grade wheat flour,1-навли буғдой уни,2023-01,monthly,2023,6994.0
013,1-nav bug'doy unidan non,Хлеб пшеничный из муки 1-го сорта,Wheat bread from 1st grade flour,1-нав буғдой унидан нон,2023-01,monthly,2023,5890.0
017,Mol go'shti,Говядина,Beef,Мол гўшти,2023-01,monthly,2023,69173.0
0020,Qo'y go'shti,Баранина,Mutton,Қўй гўшти,2023-01,monthly,2023,64574.0
022,Tovuq go'shti,Мясо птицы,Poultry,Товуқ гўшти,2023-01,monthly,2023,25658.0
026,Turli baliqlar,Рыба всякая,Fish of all kinds,Турли балиқлар,2023-01,monthly,2023,36405.0
027,Yangi sog'ilgan sut (1 litr),Молоко свежее (1 литр),Fresh milk (1 liter),Янги соғилган сут (1 литр),2023-01,monthly,2023,5731.0
034,Tuxum (10 dona),Яйца (10 штук),Eggs (10 pieces ),Тухум (10 дона),2023-01,monthly,2023,13734.0
035,Paxta yog'i (1 litr),Масло хлопковое (1 литр),Cottonseed oil (1 liter),Пахта ёғи (1 литр),2023-01,monthly,2023,17718.0
0036,Kungaboqar yog'i (1 litr),Масло подсолнечное (1 литр),Sunflower oil (1 liter),Кунгабоқар ёғи (1 литр),2023-01,monthly,2023,21023.0
037,Sariyog',Масло сливочное,Butter,Сариёғ,2023-01,monthly,2023,64792.0
039,Limon,Лимоны,Lemons,Лимон,2023-01,monthly,2023,15164.0
0040,Olma,Яблоки,Apples,Олма,2023-01,monthly,2023,11086.0
041,Nok,Груши,Pears,Нок,2023-01,monthly,2023,25165.0
049,Uzum,Виноград,Grape,Узум,2023-01,monthly,2023,11022.0
0050,Tarvuz,Арбуз,Watermelon,Тарвуз,2023-01,monthly,2023,3975.0
0051,Qovun,Дыня,Melon,Қовун,2023-01,monthly,2023,5901.0
053,Mayiz,Кишмиш,Kishmish,Майиз,2023-01,monthly,2023,39490.0
055,Karam,Капуста,Cabbage,Карам,2023-01,monthly,2023,3408.0
057,Bodring,Огурцы,Cucumbers,Бодринг,2023-01,monthly,2023,20228.0
058,Pomidor,Помидоры,Tomatoes,Помидор,2023-01,monthly,2023,17893.0
059,Baqlajon,Баклажаны,Eggplant,Бақлажон,2023-01,monthly,2023,11785.0
0060,Bulg'or qalampiri,Перец болгарский,Bell pepper,Булғор қалампири,2023-01,monthly,2023,16888.0
061,Qovoq,Тыква,Pumpkin,Қовоқ,2023-01,monthly,2023,3081.0
063,Sabzi,Морковь,Carrot,Сабзи,2023-01,monthly,2023,2806.0
065,Sarimsoq,Чеснок,Garlic,Саримсоқ,2023-01,monthly,2023,16543.0
066,Piyoz,Лук репчатый,Onion,Пиёз,2023-01,monthly,2023,5128.0
069,Kartoshka,Картофель,Potatoes,Картошка,2023-01,monthly,2023,4646.0
0070,Loviya,Фасоль,Beans,Ловия,2023-01,monthly,2023,13560.0
071,No'xot,Горох,Peas,Нўхот,2023-01,monthly,2023,19986.0
0072,Mosh,Маш,Mash,Мош,2023-01,monthly,2023,13240.0
073,Shakar,Сахар песок,Sugar,Шакар,2023-01,monthly,2023,12944.0
002,Kruppa yormasi,Крупа манная,Semolina,Круппа ёрмаси,2023-01,monthly,2023,4300.0
001,Guruch,Рис,Rice,Гуруч,2023-02,monthly,2023,14269.0
003,Arpa,Ячмень,Barley,Арпа,2023-02,monthly,2023,4300.0
0004,Bug'doy,Пшеница,Wheat,Буғдой,2023-02,monthly,2023,4273.0
005,Jo'hori,Кукуруза,Corn,Жўҳори,2023-02,monthly,2023,4385.0
006,Kepak,Отруби,Bran,Кепак,2023-02,monthly,2023,3064.0
0008,Shrot,Шрот,Schroth,Шрот,2023-02,monthly,2023,4487.0
009,Shulxa,Шелуха,Husk,Шулха,2023-02,monthly,2023,4128.0
010,Kombikorm,Комбикорм,Compound feed,Комбикорм,2023-02,monthly,2023,2798.0
011,Oliy navli bug'doy uni,Мука пшеничная высшего сорта,High-grade wheat flour,Олий навли буғдой уни,2023-02,monthly,2023,8461.0
0012,1-navli bug'doy uni,Мука пшеничная первого сорта,First grade wheat flour,1-навли буғдой уни,2023-02,monthly,2023,6976.0
013,1-nav bug'doy unidan non,Хлеб пшеничный из муки 1-го сорта,Wheat bread from 1st grade flour,1-нав буғдой унидан нон,2023-02,monthly,2023,5811.0
017,Mol go'shti,Говядина,Beef,Мол гўшти,2023-02,monthly,2023,69821.0
0020,Qo'y go'shti,Баранина,Mutton,Қўй гўшти,2023-02,monthly,2023,64902.0
022,Tovuq go'shti,Мясо птицы,Poultry,Товуқ гўшти,2023-02,monthly,2023,26062.0
026,Turli baliqlar,Рыба всякая,Fish of all kinds,Турли балиқлар,2023-02,monthly,2023,36027.0
027,Yangi sog'ilgan sut (1 litr),Молоко свежее (1 литр),Fresh milk (1 liter),Янги соғилган сут (1 литр),2023-02,monthly,2023,6072.0
034,Tuxum (10 dona),Яйца (10 штук),Eggs (10 pieces ),Тухум (10 дона),2023-02,monthly,2023,13643.0
035,Paxta yog'i (1 litr),Масло хлопковое (1 литр),Cottonseed oil (1 liter),Пахта ёғи (1 литр),2023-02,monthly,2023,17610.0
0036,Kungaboqar yog'i (1 litr),Масло подсолнечное (1 литр),Sunflower oil (1 liter),Кунгабоқар ёғи (1 литр),2023-02,monthly,2023,21001.0
037,Sariyog',Масло сливочное,Butter,Сариёғ,2023-02,monthly,2023,65671.0
039,Limon,Лимоны,Lemons,Лимон,2023-02,monthly,2023,15776.0
0040,Olma,Яблоки,Apples,Олма,2023-02,monthly,2023,11929.0
041,Nok,Груши,Pears,Нок,2023-02,monthly,2023,25558.0
049,Uzum,Виноград,Grape,Узум,2023-02,monthly,2023,12822.0
0051,Qovun,Дыня,Melon,Қовун,2023-02,monthly,2023,6773.0
053,Mayiz,Кишмиш,Kishmish,Майиз,2023-02,monthly,2023,38993.0
055,Karam,Капуста,Cabbage,Карам,2023-02,monthly,2023,3622.0
057,Bodring,Огурцы,Cucumbers,Бодринг,2023-02,monthly,2023,20663.0
058,Pomidor,Помидоры,Tomatoes,Помидор,2023-02,monthly,2023,18310.0
059,Baqlajon,Баклажаны,Eggplant,Бақлажон,2023-02,monthly,2023,16213.0
0060,Bulg'or qalampiri,Перец болгарский,Bell pepper,Булғор қалампири,2023-02,monthly,2023,26743.0
061,Qovoq,Тыква,Pumpkin,Қовоқ,2023-02,monthly,2023,3270.0
063,Sabzi,Морковь,Carrot,Сабзи,2023-02,monthly,2023,3026.0
065,Sarimsoq,Чеснок,Garlic,Саримсоқ,2023-02,monthly,2023,17705.0
066,Piyoz,Лук репчатый,Onion,Пиёз,2023-02,monthly,2023,7148.0
069,Kartoshka,Картофель,Potatoes,Картошка,2023-02,monthly,2023,4915.0
0070,Loviya,Фасоль,Beans,Ловия,2023-02,monthly,2023,13650.0
071,No'xot,Горох,Peas,Нўхот,2023-02,monthly,2023,20092.0
0072,Mosh,Маш,Mash,Мош,2023-02,monthly,2023,13092.0
073,Shakar,Сахар песок,Sugar,Шакар,2023-02,monthly,2023,12921.0
002,Kruppa yormasi,Крупа манная,Semolina,Круппа ёрмаси,2023-02,monthly,2023,4300.0
001,Guruch,Рис,Rice,Гуруч,2023-03,monthly,2023,14949.0
003,Arpa,Ячмень,Barley,Арпа,2023-03,monthly,2023,4315.0
0004,Bug'doy,Пшеница,Wheat,Буғдой,2023-03,monthly,2023,4294.0
005,Jo'hori,Кукуруза,Corn,Жўҳори,2023-03,monthly,2023,4454.0
006,Kepak,Отруби,Bran,Кепак,2023-03,monthly,2023,3128.0
0008,Shrot,Шрот,Schroth,Шрот,2023-03,monthly,2023,4693.0
009,Shulxa,Шелуха,Husk,Шулха,2023-03,monthly,2023,4028.0
010,Kombikorm,Комбикорм,Compound feed,Комбикорм,2023-03,monthly,2023,3020.0
011,Oliy navli bug'doy uni,Мука пшеничная высшего сорта,High-grade wheat flour,Олий навли буғдой уни,2023-03,monthly,2023,8437.0
0012,1-navli bug'doy uni,Мука пшеничная первого сорта,First grade wheat flour,1-навли буғдой уни,2023-03,monthly,2023,6889.0
013,1-nav bug'doy unidan non,Хлеб пшеничный из муки 1-го сорта,Wheat bread from 1st grade flour,1-нав буғдой унидан нон,2023-03,monthly,2023,5813.0
017,Mol go'shti,Говядина,Beef,Мол гўшти,2023-03,monthly,2023,70539.0
0020,Qo'y go'shti,Баранина,Mutton,Қўй гўшти,2023-03,monthly,2023,65077.0
022,Tovuq go'shti,Мясо птицы,Poultry,Товуқ гўшти,2023-03,monthly,2023,27633.0
026,Turli baliqlar,Рыба всякая,Fish of all kinds,Турли балиқлар,2023-03,monthly,2023,37036.0
027,Yangi sog'ilgan sut (1 litr),Молоко свежее (1 литр),Fresh milk (1 liter),Янги соғилган сут (1 литр),2023-03,monthly,2023,6187.0
034,Tuxum (10 dona),Яйца (10 штук),Eggs (10 pieces ),Тухум (10 дона),2023-03,monthly,2023,12865.0
035,Paxta yog'i (1 litr),Масло хлопковое (1 литр),Cottonseed oil (1 liter),Пахта ёғи (1 литр),2023-03,monthly,2023,17507.0
0036,Kungaboqar yog'i (1 litr),Масло подсолнечное (1 литр),Sunflower oil (1 liter),Кунгабоқар ёғи (1 литр),2023-03,monthly,2023,20887.0
037,Sariyog',Масло сливочное,Butter,Сариёғ,2023-03,monthly,2023,67054.0
039,Limon,Лимоны,Lemons,Лимон,2023-03,monthly,2023,16298.0
0040,Olma,Яблоки,Apples,Олма,2023-03,monthly,2023,12080.0
041,Nok,Груши,Pears,Нок,2023-03,monthly,2023,26299.0
049,Uzum,Виноград,Grape,Узум,2023-03,monthly,2023,14875.0
0051,Qovun,Дыня,Melon,Қовун,2023-03,monthly,2023,7381.0
053,Mayiz,Кишмиш,Kishmish,Майиз,2023-03,monthly,2023,38605.0
055,Karam,Капуста,Cabbage,Карам,2023-03,monthly,2023,3663.0
057,Bodring,Огурцы,Cucumbers,Бодринг,2023-03,monthly,2023,20726.0
058,Pomidor,Помидоры,Tomatoes,Помидор,2023-03,monthly,2023,21186.0
059,Baqlajon,Баклажаны,Eggplant,Бақлажон,2023-03,monthly,2023,23525.0
0060,Bulg'or qalampiri,Перец болгарский,Bell pepper,Булғор қалампири,2023-03,monthly,2023,34492.0
061,Qovoq,Тыква,Pumpkin,Қовоқ,2023-03,monthly,2023,3514.0
063,Sabzi,Морковь,Carrot,Сабзи,2023-03,monthly,2023,3076.0
065,Sarimsoq,Чеснок,Garlic,Саримсоқ,2023-03,monthly,2023,18718.0
066,Piyoz,Лук репчатый,Onion,Пиёз,2023-03,monthly,2023,6529.0
069,Kartoshka,Картофель,Potatoes,Картошка,2023-03,monthly,2023,4940.0
0070,Loviya,Фасоль,Beans,Ловия,2023-03,monthly,2023,15694.0
071,No'xot,Горох,Peas,Нўхот,2023-03,monthly,2023,20519.0
0072,Mosh,Маш,Mash,Мош,2023-03,monthly,2023,13306.0
073,Shakar,Сахар песок,Sugar,Шакар,2023-03,monthly,2023,13301.0
002,Kruppa yormasi,Крупа манная,Semolina,Круппа ёрмаси,2023-03,monthly,2023,4315.0
001,Guruch,Рис,Rice,Гуруч,2023-04,monthly,2023,15008.0
003,Arpa,Ячмень,Barley,Арпа,2023-04,monthly,2023,4162.0
0004,Bug'doy,Пшеница,Wheat,Буғдой,2023-04,monthly,2023,4220.0
005,Jo'hori,Кукуруза,Corn,Жўҳори,2023-04,monthly,2023,4458.0
006,Kepak,Отруби,Bran,Кепак,2023-04,monthly,2023,3128.0
0008,Shrot,Шрот,Schroth,Шрот,2023-04,monthly,2023,4725.0
009,Shulxa,Шелуха,Husk,Шулха,2023-04,monthly,2023,3845.0
010,Kombikorm,Комбикорм,Compound feed,Комбикорм,2023-04,monthly,2023,3055.0
011,Oliy navli bug'doy uni,Мука пшеничная высшего сорта,High-grade wheat flour,Олий навли буғдой уни,2023-04,monthly,2023,8326.0
0012,1-navli bug'doy uni,Мука пшеничная первого сорта,First grade wheat flour,1-навли буғдой уни,2023-04,monthly,2023,6790.0
013,1-nav bug'doy unidan non,Хлеб пшеничный из муки 1-го сорта,Wheat bread from 1st grade flour,1-нав буғдой унидан нон,2023-04,monthly,2023,5818.0
017,Mol go'shti,Говядина,Beef,Мол гўшти,2023-04,monthly,2023,69938.0
0020,Qo'y go'shti,Баранина,Mutton,Қўй гўшти,2023-04,monthly,2023,64842.0
022,Tovuq go'shti,Мясо птицы,Poultry,Товуқ гўшти,2023-04,monthly,2023,26283.0
026,Turli baliqlar,Рыба всякая,Fish of all kinds,Турли балиқлар,2023-04,monthly,2023,37274.0
027,Yangi sog'ilgan sut (1 litr),Молоко свежее (1 литр),Fresh milk (1 liter),Янги соғилган сут (1 литр),2023-04,monthly,2023,6161.0
034,Tuxum (10 dona),Яйца (10 штук),Eggs (10 pieces ),Тухум (10 дона),2023-04,monthly,2023,11928.0
035,Paxta yog'i (1 litr),Масло хлопковое (1 литр),Cottonseed oil (1 liter),Пахта ёғи (1 литр),2023-04,monthly,2023,17012.0
0036,Kungaboqar yog'i (1 litr),Масло подсолнечное (1 литр),Sunflower oil (1 liter),Кунгабоқар ёғи (1 литр),2023-04,monthly,2023,20324.0
037,Sariyog',Масло сливочное,Butter,Сариёғ,2023-04,monthly,2023,67116.0
039,Limon,Лимоны,Lemons,Лимон,2023-04,monthly,2023,16518.0
0040,Olma,Яблоки,Apples,Олма,2023-04,monthly,2023,11944.0
041,Nok,Груши,Pears,Нок,2023-04,monthly,2023,26643.0
049,Uzum,Виноград,Grape,Узум,2023-04,monthly,2023,14217.0
0051,Qovun,Дыня,Melon,Қовун,2023-04,monthly,2023,7000.0
053,Mayiz,Кишмиш,Kishmish,Майиз,2023-04,monthly,2023,38744.0
055,Karam,Капуста,Cabbage,Карам,2023-04,monthly,2023,3651.0
057,Bodring,Огурцы,Cucumbers,Бодринг,2023-04,monthly,2023,13373.0
058,Pomidor,Помидоры,Tomatoes,Помидор,2023-04,monthly,2023,27075.0
059,Baqlajon,Баклажаны,Eggplant,Бақлажон,2023-04,monthly,2023,27172.0
0060,Bulg'or qalampiri,Перец болгарский,Bell pepper,Булғор қалампири,2023-04,monthly,2023,34990.0
061,Qovoq,Тыква,Pumpkin,Қовоқ,2023-04,monthly,2023,4000.0
063,Sabzi,Морковь,Carrot,Сабзи,2023-04,monthly,2023,3175.0
065,Sarimsoq,Чеснок,Garlic,Саримсоқ,2023-04,monthly,2023,19010.0
066,Piyoz,Лук репчатый,Onion,Пиёз,2023-04,monthly,2023,5671.0
069,Kartoshka,Картофель,Potatoes,Картошка,2023-04,monthly,2023,4766.0
0070,Loviya,Фасоль,Beans,Ловия,2023-04,monthly,2023,16541.0
071,No'xot,Горох,Peas,Нўхот,2023-04,monthly,2023,20636.0
0072,Mosh,Маш,Mash,Мош,2023-04,monthly,2023,13135.0
073,Shakar,Сахар песок,Sugar,Шакар,2023-04,monthly,2023,13265.0
002,Kruppa yormasi,Крупа манная,Semolina,Круппа ёрмаси,2023-04,monthly,2023,4162.0
001,Guruch,Рис,Rice,Гуруч,2023-05,monthly,2023,15360.0
003,Arpa,Ячмень,Barley,Арпа,2023-05,monthly,2023,4142.0
0004,Bug'doy,Пшеница,Wheat,Буғдой,2023-05,monthly,2023,4195.0
005,Jo'hori,Кукуруза,Corn,Жўҳори,2023-05,monthly,2023,4485.0
006,Kepak,Отруби,Bran,Кепак,2023-05,monthly,2023,3138.0
0008,Shrot,Шрот,Schroth,Шрот,2023-05,monthly,2023,4720.0
009,Shulxa,Шелуха,Husk,Шулха,2023-05,monthly,2023,3834.0
010,Kombikorm,Комбикорм,Compound feed,Комбикорм,2023-05,monthly,2023,3071.0
011,Oliy navli bug'doy uni,Мука пшеничная высшего сорта,High-grade wheat flour,Олий навли буғдой уни,2023-05,monthly,2023,8274.0
0012,1-navli bug'doy uni,Мука пшеничная первого сорта,First grade wheat flour,1-навли буғдой уни,2023-05,monthly,2023,6735.0
013,1-nav bug'doy unidan non,Хлеб пшеничный из муки 1-го сорта,Wheat bread from 1st grade flour,1-нав буғдой унидан нон,2023-05,monthly,2023,5777.0
017,Mol go'shti,Говядина,Beef,Мол гўшти,2023-05,monthly,2023,70748.0
0020,Qo'y go'shti,Баранина,Mutton,Қўй гўшти,2023-05,monthly,2023,65047.0
022,Tovuq go'shti,Мясо птицы,Poultry,Товуқ гўшти,2023-05,monthly,2023,25414.0
026,Turli baliqlar,Рыба всякая,Fish of all kinds,Турли балиқлар,2023-05,monthly,2023,37586.0
027,Yangi sog'ilgan sut (1 litr),Молоко свежее (1 литр),Fresh milk (1 liter),Янги соғилган сут (1 литр),2023-05,monthly,2023,6189.0
034,Tuxum (10 dona),Яйца (10 штук),Eggs (10 pieces ),Тухум (10 дона),2023-05,monthly,2023,11620.0
035,Paxta yog'i (1 litr),Масло хлопковое (1 литр),Cottonseed oil (1 liter),Пахта ёғи (1 литр),2023-05,monthly,2023,16787.0
0036,Kungaboqar yog'i (1 litr),Масло подсолнечное (1 литр),Sunflower oil (1 liter),Кунгабоқар ёғи (1 литр),2023-05,monthly,2023,20065.0
037,Sariyog',Масло сливочное,Butter,Сариёғ,2023-05,monthly,2023,66801.0
039,Limon,Лимоны,Lemons,Лимон,2023-05,monthly,2023,18236.0
0040,Olma,Яблоки,Apples,Олма,2023-05,monthly,2023,11310.0
041,Nok,Груши,Pears,Нок,2023-05,monthly,2023,26436.0
049,Uzum,Виноград,Grape,Узум,2023-05,monthly,2023,10000.0
0050,Tarvuz,Арбуз,Watermelon,Тарвуз,2023-05,monthly,2023,6082.0
0051,Qovun,Дыня,Melon,Қовун,2023-05,monthly,2023,8321.0
053,Mayiz,Кишмиш,Kishmish,Майиз,2023-05,monthly,2023,38777.0
055,Karam,Капуста,Cabbage,Карам,2023-05,monthly,2023,3730.0
057,Bodring,Огурцы,Cucumbers,Бодринг,2023-05,monthly,2023,4822.0
058,Pomidor,Помидоры,Tomatoes,Помидор,2023-05,monthly,2023,13862.0
059,Baqlajon,Баклажаны,Eggplant,Бақлажон,2023-05,monthly,2023,14333.0
0060,Bulg'or qalampiri,Перец болгарский,Bell pepper,Булғор қалампири,2023-05,monthly,2023,15673.0
061,Qovoq,Тыква,Pumpkin,Қовоқ,2023-05,monthly,2023,4741.0
063,Sabzi,Морковь,Carrot,Сабзи,2023-05,monthly,2023,3289.0
065,Sarimsoq,Чеснок,Garlic,Саримсоқ,2023-05,monthly,2023,17813.0
066,Piyoz,Лук репчатый,Onion,Пиёз,2023-05,monthly,2023,4474.0
069,Kartoshka,Картофель,Potatoes,Картошка,2023-05,monthly,2023,4504.0
0070,Loviya,Фасоль,Beans,Ловия,2023-05,monthly,2023,16695.0
071,No'xot,Горох,Peas,Нўхот,2023-05,monthly,2023,20619.0
0072,Mosh,Маш,Mash,Мош,2023-05,monthly,2023,13010.0
073,Shakar,Сахар песок,Sugar,Шакар,2023-05,monthly,2023,13587.0
002,Kruppa yormasi,Крупа манная,Semolina,Круппа ёрмаси,2023-05,monthly,2023,4142.0
001,Guruch,Рис,Rice,Гуруч,2023-06,monthly,2023,15978.0
003,Arpa,Ячмень,Barley,Арпа,2023-06,monthly,2023,4100.0
0004,Bug'doy,Пшеница,Wheat,Буғдой,2023-06,monthly,2023,4163.0
005,Jo'hori,Кукуруза,Corn,Жўҳори,2023-06,monthly,2023,4496.0
006,Kepak,Отруби,Bran,Кепак,2023-06,monthly,2023,3130.0
0008,Shrot,Шрот,Schroth,Шрот,2023-06,monthly,2023,4733.0
009,Shulxa,Шелуха,Husk,Шулха,2023-06,monthly,2023,3830.0
010,Kombikorm,Комбикорм,Compound feed,Комбикорм,2023-06,monthly,2023,3092.0
011,Oliy navli bug'doy uni,Мука пшеничная высшего сорта,High-grade wheat flour,Олий навли буғдой уни,2023-06,monthly,2023,8275.0
0012,1-navli bug'doy uni,Мука пшеничная первого сорта,First grade wheat flour,1-навли буғдой уни,2023-06,monthly,2023,6734.0
013,1-nav bug'doy unidan non,Хлеб пшеничный из муки 1-го сорта,Wheat bread from 1st grade flour,1-нав буғдой унидан нон,2023-06,monthly,2023,5778.0
017,Mol go'shti,Говядина,Beef,Мол гўшти,2023-06,monthly,2023,71397.0
0020,Qo'y go'shti,Баранина,Mutton,Қўй гўшти,2023-06,monthly,2023,65900.0
022,Tovuq go'shti,Мясо птицы,Poultry,Товуқ гўшти,2023-06,monthly,2023,25316.0
026,Turli baliqlar,Рыба всякая,Fish of all kinds,Турли балиқлар,2023-06,monthly,2023,37919.0
027,Yangi sog'ilgan sut (1 litr),Молоко свежее (1 литр),Fresh milk (1 liter),Янги соғилган сут (1 литр),2023-06,monthly,2023,6258.0
034,Tuxum (10 dona),Яйца (10 штук),Eggs (10 pieces ),Тухум (10 дона),2023-06,monthly,2023,11125.0
035,Paxta yog'i (1 litr),Масло хлопковое (1 литр),Cottonseed oil (1 liter),Пахта ёғи (1 литр),2023-06,monthly,2023,16800.0
0036,Kungaboqar yog'i (1 litr),Масло подсолнечное (1 литр),Sunflower oil (1 liter),Кунгабоқар ёғи (1 литр),2023-06,monthly,2023,19863.0
037,Sariyog',Масло сливочное,Butter,Сариёғ,2023-06,monthly,2023,67475.0
039,Limon,Лимоны,Lemons,Лимон,2023-06,monthly,2023,27983.0
0040,Olma,Яблоки,Apples,Олма,2023-06,monthly,2023,9765.0
041,Nok,Груши,Pears,Нок,2023-06,monthly,2023,26124.0
049,Uzum,Виноград,Grape,Узум,2023-06,monthly,2023,13847.0
0050,Tarvuz,Арбуз,Watermelon,Тарвуз,2023-06,monthly,2023,1976.0
0051,Qovun,Дыня,Melon,Қовун,2023-06,monthly,2023,3740.0
053,Mayiz,Кишмиш,Kishmish,Майиз,2023-06,monthly,2023,39933.0
055,Karam,Капуста,Cabbage,Карам,2023-06,monthly,2023,2840.0
057,Bodring,Огурцы,Cucumbers,Бодринг,2023-06,monthly,2023,2796.0
058,Pomidor,Помидоры,Tomatoes,Помидор,2023-06,monthly,2023,4891.0
059,Baqlajon,Баклажаны,Eggplant,Бақлажон,2023-06,monthly,2023,6758.0
0060,Bulg'or qalampiri,Перец болгарский,Bell pepper,Булғор қалампири,2023-06,monthly,2023,6346.0
061,Qovoq,Тыква,Pumpkin,Қовоқ,2023-06,monthly,2023,2759.0
063,Sabzi,Морковь,Carrot,Сабзи,2023-06,monthly,2023,3742.0
065,Sarimsoq,Чеснок,Garlic,Саримсоқ,2023-06,monthly,2023,16419.0
066,Piyoz,Лук репчатый,Onion,Пиёз,2023-06,monthly,2023,3292.0
069,Kartoshka,Картофель,Potatoes,Картошка,2023-06,monthly,2023,3732.0
0070,Loviya,Фасоль,Beans,Ловия,2023-06,monthly,2023,17149.0
071,No'xot,Горох,Peas,Нўхот,2023-06,monthly,2023,20611.0
0072,Mosh,Маш,Mash,Мош,2023-06,monthly,2023,12657.0
073,Shakar,Сахар песок,Sugar,Шакар,2023-06,monthly,2023,13797.0
002,Kruppa yormasi,Крупа манная,Semolina,Круппа ёрмаси,2023-06,monthly,2023,4100.0
001,Guruch,Рис,Rice,Гуруч,2023-07,monthly,2023,16049.0
003,Arpa,Ячмень,Barley,Арпа,2023-07,monthly,2023,3972.0
0004,Bug'doy,Пшеница,Wheat,Буғдой,2023-07,monthly,2023,3871.0
005,Jo'hori,Кукуруза,Corn,Жўҳори,2023-07,monthly,2023,4405.0
006,Kepak,Отруби,Bran,Кепак,2023-07,monthly,2023,3099.0
0008,Shrot,Шрот,Schroth,Шрот,2023-07,monthly,2023,4735.0
009,Shulxa,Шелуха,Husk,Шулха,2023-07,monthly,2023,3765.0
010,Kombikorm,Комбикорм,Compound feed,Комбикорм,2023-07,monthly,2023,3083.0
011,Oliy navli bug'doy uni,Мука пшеничная высшего сорта,High-grade wheat flour,Олий навли буғдой уни,2023-07,monthly,2023,8271.0
0012,1-navli bug'doy uni,Мука пшеничная первого сорта,First grade wheat flour,1-навли буғдой уни,2023-07,monthly,2023,6698.0
013,1-nav bug'doy unidan non,Хлеб пшеничный из муки 1-го сорта,Wheat bread from 1st grade flour,1-нав буғдой унидан нон,2023-07,monthly,2023,5780.0
017,Mol go'shti,Говядина,Beef,Мол гўшти,2023-07,monthly,2023,71731.0
0020,Qo'y go'shti,Баранина,Mutton,Қўй гўшти,2023-07,monthly,2023,66615.0
022,Tovuq go'shti,Мясо птицы,Poultry,Товуқ гўшти,2023-07,monthly,2023,25206.0
026,Turli baliqlar,Рыба всякая,Fish of all kinds,Турли балиқлар,2023-07,monthly,2023,38116.0
027,Yangi sog'ilgan sut (1 litr),Молоко свежее (1 литр),Fresh milk (1 liter),Янги соғилган сут (1 литр),2023-07,monthly,2023,6319.0
034,Tuxum (10 dona),Яйца (10 штук),Eggs (10 pieces ),Тухум (10 дона),2023-07,monthly,2023,10505.0
035,Paxta yog'i (1 litr),Масло хлопковое (1 литр),Cottonseed oil (1 liter),Пахта ёғи (1 литр),2023-07,monthly,2023,16788.0
0036,Kungaboqar yog'i (1 litr),Масло подсолнечное (1 литр),Sunflower oil (1 liter),Кунгабоқар ёғи (1 литр),2023-07,monthly,2023,19740.0
037,Sariyog',Масло сливочное,Butter,Сариёғ,2023-07,monthly,2023,69226.0
039,Limon,Лимоны,Lemons,Лимон,2023-07,monthly,2023,30910.0
0040,Olma,Яблоки,Apples,Олма,2023-07,monthly,2023,9924.0
041,Nok,Груши,Pears,Нок,2023-07,monthly,2023,25683.0
049,Uzum,Виноград,Grape,Узум,2023-07,monthly,2023,12537.0
0050,Tarvuz,Арбуз,Watermelon,Тарвуз,2023-07,monthly,2023,2333.0
0051,Qovun,Дыня,Melon,Қовун,2023-07,monthly,2023,4117.0
053,Mayiz,Кишмиш,Kishmish,Майиз,2023-07,monthly,2023,40147.0
055,Karam,Капуста,Cabbage,Карам,2023-07,monthly,2023,2765.0
057,Bodring,Огурцы,Cucumbers,Бодринг,2023-07,monthly,2023,4116.0
058,Pomidor,Помидоры,Tomatoes,Помидор,2023-07,monthly,2023,4216.0
059,Baqlajon,Баклажаны,Eggplant,Бақлажон,2023-07,monthly,2023,5022.0
0060,Bulg'or qalampiri,Перец болгарский,Bell pepper,Булғор қалампири,2023-07,monthly,2023,5700.0
061,Qovoq,Тыква,Pumpkin,Қовоқ,2023-07,monthly,2023,2845.0
063,Sabzi,Морковь,Carrot,Сабзи,2023-07,monthly,2023,4155.0
065,Sarimsoq,Чеснок,Garlic,Саримсоқ,2023-07,monthly,2023,16110.0
066,Piyoz,Лук репчатый,Onion,Пиёз,2023-07,monthly,2023,3214.0
069,Kartoshka,Картофель,Potatoes,Картошка,2023-07,monthly,2023,3580.0
0070,Loviya,Фасоль,Beans,Ловия,2023-07,monthly,2023,17322.0
071,No'xot,Горох,Peas,Нўхот,2023-07,monthly,2023,20609.0
0072,Mosh,Маш,Mash,Мош,2023-07,monthly,2023,12547.0
073,Shakar,Сахар песок,Sugar,Шакар,2023-07,monthly,2023,13739.0
002,Kruppa yormasi,Крупа манная,Semolina,Круппа ёрмаси,2023-07,monthly,2023,3972.0
001,Guruch,Рис,Rice,Гуруч,2023-08,monthly,2023,16369.0
003,Arpa,Ячмень,Barley,Арпа,2023-08,monthly,2023,3917.0
0004,Bug'doy,Пшеница,Wheat,Буғдой,2023-08,monthly,2023,3461.0
005,Jo'hori,Кукуруза,Corn,Жўҳори,2023-08,monthly,2023,4301.0
006,Kepak,Отруби,Bran,Кепак,2023-08,monthly,2023,3094.0
0008,Shrot,Шрот,Schroth,Шрот,2023-08,monthly,2023,4722.0
009,Shulxa,Шелуха,Husk,Шулха,2023-08,monthly,2023,3800.0
010,Kombikorm,Комбикорм,Compound feed,Комбикорм,2023-08,monthly,2023,3083.0
011,Oliy navli bug'doy uni,Мука пшеничная высшего сорта,High-grade wheat flour,Олий навли буғдой уни,2023-08,monthly,2023,8116.0
0012,1-navli bug'doy uni,Мука пшеничная первого сорта,First grade wheat flour,1-навли буғдой уни,2023-08,monthly,2023,6576.0
013,1-nav bug'doy unidan non,Хлеб пшеничный из муки 1-го сорта,Wheat bread from 1st grade flour,1-нав буғдой унидан нон,2023-08,monthly,2023,5784.0
017,Mol go'shti,Говядина,Beef,Мол гўшти,2023-08,monthly,2023,72796.0
0020,Qo'y go'shti,Баранина,Mutton,Қўй гўшти,2023-08,monthly,2023,67440.0
022,Tovuq go'shti,Мясо птицы,Poultry,Товуқ гўшти,2023-08,monthly,2023,25735.0
026,Turli baliqlar,Рыба всякая,Fish of all kinds,Турли балиқлар,2023-08,monthly,2023,38351.0
027,Yangi sog'ilgan sut (1 litr),Молоко свежее (1 литр),Fresh milk (1 liter),Янги соғилган сут (1 литр),2023-08,monthly,2023,6522.0
034,Tuxum (10 dona),Яйца (10 штук),Eggs (10 pieces ),Тухум (10 дона),2023-08,monthly,2023,10880.0
035,Paxta yog'i (1 litr),Масло хлопковое (1 литр),Cottonseed oil (1 liter),Пахта ёғи (1 литр),2023-08,monthly,2023,16647.0
0036,Kungaboqar yog'i (1 litr),Масло подсолнечное (1 литр),Sunflower oil (1 liter),Кунгабоқар ёғи (1 литр),2023-08,monthly,2023,19649.0
037,Sariyog',Масло сливочное,Butter,Сариёғ,2023-08,monthly,2023,70607.0
039,Limon,Лимоны,Lemons,Лимон,2023-08,monthly,2023,32704.0
0040,Olma,Яблоки,Apples,Олма,2023-08,monthly,2023,10032.0
041,Nok,Груши,Pears,Нок,2023-08,monthly,2023,25940.0
049,Uzum,Виноград,Grape,Узум,2023-08,monthly,2023,10685.0
0050,Tarvuz,Арбуз,Watermelon,Тарвуз,2023-08,monthly,2023,2185.0
0051,Qovun,Дыня,Melon,Қовун,2023-08,monthly,2023,3850.0
053,Mayiz,Кишмиш,Kishmish,Майиз,2023-08,monthly,2023,40231.0
055,Karam,Капуста,Cabbage,Карам,2023-08,monthly,2023,4030.0
057,Bodring,Огурцы,Cucumbers,Бодринг,2023-08,monthly,2023,6734.0
058,Pomidor,Помидоры,Tomatoes,Помидор,2023-08,monthly,2023,3699.0
059,Baqlajon,Баклажаны,Eggplant,Бақлажон,2023-08,monthly,2023,4461.0
0060,Bulg'or qalampiri,Перец болгарский,Bell pepper,Булғор қалампири,2023-08,monthly,2023,5571.0
061,Qovoq,Тыква,Pumpkin,Қовоқ,2023-08,monthly,2023,3675.0
063,Sabzi,Морковь,Carrot,Сабзи,2023-08,monthly,2023,5357.0
065,Sarimsoq,Чеснок,Garlic,Саримсоқ,2023-08,monthly,2023,16614.0
066,Piyoz,Лук репчатый,Onion,Пиёз,2023-08,monthly,2023,3110.0
069,Kartoshka,Картофель,Potatoes,Картошка,2023-08,monthly,2023,3715.0
0070,Loviya,Фасоль,Beans,Ловия,2023-08,monthly,2023,16948.0
071,No'xot,Горох,Peas,Нўхот,2023-08,monthly,2023,20514.0
0072,Mosh,Маш,Mash,Мош,2023-08,monthly,2023,12357.0
073,Shakar,Сахар песок,Sugar,Шакар,2023-08,monthly,2023,13650.0
002,Kruppa yormasi,Крупа манная,Semolina,Круппа ёрмаси,2023-08,monthly,2023,3917.0
001,Guruch,Рис,Rice,Гуруч,2023-09,monthly,2023,17459.0
003,Arpa,Ячмень,Barley,Арпа,2023-09,monthly,2023,3484.0
0004,Bug'doy,Пшеница,Wheat,Буғдой,2023-09,monthly,2023,3365.0
005,Jo'hori,Кукуруза,Corn,Жўҳори,2023-09,monthly,2023,3634.0
006,Kepak,Отруби,Bran,Кепак,2023-09,monthly,2023,3017.0
0008,Shrot,Шрот,Schroth,Шрот,2023-09,monthly,2023,4668.0
009,Shulxa,Шелуха,Husk,Шулха,2023-09,monthly,2023,3800.0
010,Kombikorm,Комбикорм,Compound feed,Комбикорм,2023-09,monthly,2023,3055.0
011,Oliy navli bug'doy uni,Мука пшеничная высшего сорта,High-grade wheat flour,Олий навли буғдой уни,2023-09,monthly,2023,8386.0
0012,1-navli bug'doy uni,Мука пшеничная первого сорта,First grade wheat flour,1-навли буғдой уни,2023-09,monthly,2023,6782.0
013,1-nav bug'doy unidan non,Хлеб пшеничный из муки 1-го сорта,Wheat bread from 1st grade flour,1-нав буғдой унидан нон,2023-09,monthly,2023,5872.0
017,Mol go'shti,Говядина,Beef,Мол гўшти,2023-09,monthly,2023,74221.0
0020,Qo'y go'shti,Баранина,Mutton,Қўй гўшти,2023-09,monthly,2023,68327.0
022,Tovuq go'shti,Мясо птицы,Poultry,Товуқ гўшти,2023-09,monthly,2023,26971.0
026,Turli baliqlar,Рыба всякая,Fish of all kinds,Турли балиқлар,2023-09,monthly,2023,38470.0
027,Yangi sog'ilgan sut (1 litr),Молоко свежее (1 литр),Fresh milk (1 liter),Янги соғилган сут (1 литр),2023-09,monthly,2023,6534.0
034,Tuxum (10 dona),Яйца (10 штук),Eggs (10 pieces ),Тухум (10 дона),2023-09,monthly,2023,12739.0
035,Paxta yog'i (1 litr),Масло хлопковое (1 литр),Cottonseed oil (1 liter),Пахта ёғи (1 литр),2023-09,monthly,2023,16585.0
0036,Kungaboqar yog'i (1 litr),Масло подсолнечное (1 литр),Sunflower oil (1 liter),Кунгабоқар ёғи (1 литр),2023-09,monthly,2023,19539.0
037,Sariyog',Масло сливочное,Butter,Сариёғ,2023-09,monthly,2023,70782.0
039,Limon,Лимоны,Lemons,Лимон,2023-09,monthly,2023,34216.0
0040,Olma,Яблоки,Apples,Олма,2023-09,monthly,2023,9844.0
041,Nok,Груши,Pears,Нок,2023-09,monthly,2023,26285.0
049,Uzum,Виноград,Grape,Узум,2023-09,monthly,2023,11630.0
0050,Tarvuz,Арбуз,Watermelon,Тарвуз,2023-09,monthly,2023,2552.0
0051,Qovun,Дыня,Melon,Қовун,2023-09,monthly,2023,3944.0
053,Mayiz,Кишмиш,Kishmish,Майиз,2023-09,monthly,2023,40262.0
055,Karam,Капуста,Cabbage,Карам,2023-09,monthly,2023,5697.0
057,Bodring,Огурцы,Cucumbers,Бодринг,2023-09,monthly,2023,5696.0
058,Pomidor,Помидоры,Tomatoes,Помидор,2023-09,monthly,2023,3557.0
059,Baqlajon,Баклажаны,Eggplant,Бақлажон,2023-09,monthly,2023,3994.0
0060,Bulg'or qalampiri,Перец болгарский,Bell pepper,Булғор қалампири,2023-09,monthly,2023,5295.0
061,Qovoq,Тыква,Pumpkin,Қовоқ,2023-09,monthly,2023,3911.0
063,Sabzi,Морковь,Carrot,Сабзи,2023-09,monthly,2023,5929.0
065,Sarimsoq,Чеснок,Garlic,Саримсоқ,2023-09,monthly,2023,16740.0
066,Piyoz,Лук репчатый,Onion,Пиёз,2023-09,monthly,2023,3087.0
069,Kartoshka,Картофель,Potatoes,Картошка,2023-09,monthly,2023,4000.0
0070,Loviya,Фасоль,Beans,Ловия,2023-09,monthly,2023,16492.0
071,No'xot,Горох,Peas,Нўхот,2023-09,monthly,2023,20627.0
0072,Mosh,Маш,Mash,Мош,2023-09,monthly,2023,12414.0
073,Shakar,Сахар песок,Sugar,Шакар,2023-09,monthly,2023,13537.0
002,Kruppa yormasi,Крупа манная,Semolina,Круппа ёрмаси,2023-09,monthly,2023,3484.0
001,Guruch,Рис,Rice,Гуруч,2023-10,monthly,2023,17208.0
003,Arpa,Ячмень,Barley,Арпа,2023-10,monthly,2023,3503.0
0004,Bug'doy,Пшеница,Wheat,Буғдой,2023-10,monthly,2023,3417.0
005,Jo'hori,Кукуруза,Corn,Жўҳори,2023-10,monthly,2023,3634.0
006,Kepak,Отруби,Bran,Кепак,2023-10,monthly,2023,3017.0
0008,Shrot,Шрот,Schroth,Шрот,2023-10,monthly,2023,4668.0
009,Shulxa,Шелуха,Husk,Шулха,2023-10,monthly,2023,3800.0
010,Kombikorm,Комбикорм,Compound feed,Комбикорм,2023-10,monthly,2023,3055.0
011,Oliy navli bug'doy uni,Мука пшеничная высшего сорта,High-grade wheat flour,Олий навли буғдой уни,2023-10,monthly,2023,8567.0
0012,1-navli bug'doy uni,Мука пшеничная первого сорта,First grade wheat flour,1-навли буғдой уни,2023-10,monthly,2023,7115.0
013,1-nav bug'doy unidan non,Хлеб пшеничный из муки 1-го сорта,Wheat bread from 1st grade flour,1-нав буғдой унидан нон,2023-10,monthly,2023,6069.0
017,Mol go'shti,Говядина,Beef,Мол гўшти,2023-10,monthly,2023,71345.0
0020,Qo'y go'shti,Баранина,Mutton,Қўй гўшти,2023-10,monthly,2023,68060.0
022,Tovuq go'shti,Мясо птицы,Poultry,Товуқ гўшти,2023-10,monthly,2023,26428.0
026,Turli baliqlar,Рыба всякая,Fish of all kinds,Турли балиқлар,2023-10,monthly,2023,38632.0
027,Yangi sog'ilgan sut (1 litr),Молоко свежее (1 литр),Fresh milk (1 liter),Янги соғилган сут (1 литр),2023-10,monthly,2023,6400.0
034,Tuxum (10 dona),Яйца (10 штук),Eggs (10 pieces ),Тухум (10 дона),2023-10,monthly,2023,13709.0
035,Paxta yog'i (1 litr),Масло хлопковое (1 литр),Cottonseed oil (1 liter),Пахта ёғи (1 литр),2023-10,monthly,2023,16214.0
0036,Kungaboqar yog'i (1 litr),Масло подсолнечное (1 литр),Sunflower oil (1 liter),Кунгабоқар ёғи (1 литр),2023-10,monthly,2023,18672.0
037,Sariyog',Масло сливочное,Butter,Сариёғ,2023-10,monthly,2023,71163.0
039,Limon,Лимоны,Lemons,Лимон,2023-10,monthly,2023,33299.0
0040,Olma,Яблоки,Apples,Олма,2023-10,monthly,2023,10006.0
041,Nok,Груши,Pears,Нок,2023-10,monthly,2023,25620.0
049,Uzum,Виноград,Grape,Узум,2023-10,monthly,2023,13196.0
0050,Tarvuz,Арбуз,Watermelon,Тарвуз,2023-10,monthly,2023,2840.0
0051,Qovun,Дыня,Melon,Қовун,2023-10,monthly,2023,4210.0
053,Mayiz,Кишмиш,Kishmish,Майиз,2023-10,monthly,2023,40262.0
055,Karam,Капуста,Cabbage,Карам,2023-10,monthly,2023,4300.0
057,Bodring,Огурцы,Cucumbers,Бодринг,2023-10,monthly,2023,5736.0
058,Pomidor,Помидоры,Tomatoes,Помидор,2023-10,monthly,2023,5013.0
059,Baqlajon,Баклажаны,Eggplant,Бақлажон,2023-10,monthly,2023,4181.0
0060,Bulg'or qalampiri,Перец болгарский,Bell pepper,Булғор қалампири,2023-10,monthly,2023,5478.0
061,Qovoq,Тыква,Pumpkin,Қовоқ,2023-10,monthly,2023,3643.0
063,Sabzi,Морковь,Carrot,Сабзи,2023-10,monthly,2023,3810.0
065,Sarimsoq,Чеснок,Garlic,Саримсоқ,2023-10,monthly,2023,17413.0
066,Piyoz,Лук репчатый,Onion,Пиёз,2023-10,monthly,2023,3035.0
069,Kartoshka,Картофель,Potatoes,Картошка,2023-10,monthly,2023,3942.0
0070,Loviya,Фасоль,Beans,Ловия,2023-10,monthly,2023,16334.0
071,No'xot,Горох,Peas,Нўхот,2023-10,monthly,2023,20562.0
0072,Mosh,Маш,Mash,Мош,2023-10,monthly,2023,12429.0
073,Shakar,Сахар песок,Sugar,Шакар,2023-10,monthly,2023,13388.0
002,Kruppa yormasi,Крупа манная,Semolina,Круппа ёрмаси,2023-10,monthly,2023,3503.0
001,Guruch,Рис,Rice,Гуруч,2023-11,monthly,2023,17186.0
003,Arpa,Ячмень,Barley,Арпа,2023-11,monthly,2023,3503.0
0004,Bug'doy,Пшеница,Wheat,Буғдой,2023-11,monthly,2023,3374.0
005,Jo'hori,Кукуруза,Corn,Жўҳори,2023-11,monthly,2023,3564.0
006,Kepak,Отруби,Bran,Кепак,2023-11,monthly,2023,3041.0
0008,Shrot,Шрот,Schroth,Шрот,2023-11,monthly,2023,4668.0
009,Shulxa,Шелуха,Husk,Шулха,2023-11,monthly,2023,3800.0
010,Kombikorm,Комбикорм,Compound feed,Комбикорм,2023-11,monthly,2023,3055.0
011,Oliy navli bug'doy uni,Мука пшеничная высшего сорта,High-grade wheat flour,Олий навли буғдой уни,2023-11,monthly,2023,8432.0
0012,1-navli bug'doy uni,Мука пшеничная первого сорта,First grade wheat flour,1-навли буғдой уни,2023-11,monthly,2023,6853.0
013,1-nav bug'doy unidan non,Хлеб пшеничный из муки 1-го сорта,Wheat bread from 1st grade flour,1-нав буғдой унидан нон,2023-11,monthly,2023,6091.0
017,Mol go'shti,Говядина,Beef,Мол гўшти,2023-11,monthly,2023,71204.0
0020,Qo'y go'shti,Баранина,Mutton,Қўй гўшти,2023-11,monthly,2023,67960.0
022,Tovuq go'shti,Мясо птицы,Poultry,Товуқ гўшти,2023-11,monthly,2023,26455.0
026,Turli baliqlar,Рыба всякая,Fish of all kinds,Турли балиқлар,2023-11,monthly,2023,38906.0
027,Yangi sog'ilgan sut (1 litr),Молоко свежее (1 литр),Fresh milk (1 liter),Янги соғилган сут (1 литр),2023-11,monthly,2023,6466.0
034,Tuxum (10 dona),Яйца (10 штук),Eggs (10 pieces ),Тухум (10 дона),2023-11,monthly,2023,14155.0
035,Paxta yog'i (1 litr),Масло хлопковое (1 литр),Cottonseed oil (1 liter),Пахта ёғи (1 литр),2023-11,monthly,2023,15963.0
0036,Kungaboqar yog'i (1 litr),Масло подсолнечное (1 литр),Sunflower oil (1 liter),Кунгабоқар ёғи (1 литр),2023-11,monthly,2023,18355.0
037,Sariyog',Масло сливочное,Butter,Сариёғ,2023-11,monthly,2023,71284.0
039,Limon,Лимоны,Lemons,Лимон,2023-11,monthly,2023,29569.0
0040,Olma,Яблоки,Apples,Олма,2023-11,monthly,2023,10784.0
041,Nok,Груши,Pears,Нок,2023-11,monthly,2023,24694.0
049,Uzum,Виноград,Grape,Узум,2023-11,monthly,2023,18260.0
0050,Tarvuz,Арбуз,Watermelon,Тарвуз,2023-11,monthly,2023,3311.0
0051,Qovun,Дыня,Melon,Қовун,2023-11,monthly,2023,4643.0
053,Mayiz,Кишмиш,Kishmish,Майиз,2023-11,monthly,2023,40130.0
055,Karam,Капуста,Cabbage,Карам,2023-11,monthly,2023,3352.0
057,Bodring,Огурцы,Cucumbers,Бодринг,2023-11,monthly,2023,13676.0
058,Pomidor,Помидоры,Tomatoes,Помидор,2023-11,monthly,2023,12751.0
059,Baqlajon,Баклажаны,Eggplant,Бақлажон,2023-11,monthly,2023,4529.0
0060,Bulg'or qalampiri,Перец болгарский,Bell pepper,Булғор қалампири,2023-11,monthly,2023,7346.0
061,Qovoq,Тыква,Pumpkin,Қовоқ,2023-11,monthly,2023,3322.0
063,Sabzi,Морковь,Carrot,Сабзи,2023-11,monthly,2023,2412.0
065,Sarimsoq,Чеснок,Garlic,Саримсоқ,2023-11,monthly,2023,21826.0
066,Piyoz,Лук репчатый,Onion,Пиёз,2023-11,monthly,2023,2685.0
069,Kartoshka,Картофель,Potatoes,Картошка,2023-11,monthly,2023,3830.0
0070,Loviya,Фасоль,Beans,Ловия,2023-11,monthly,2023,18010.0
071,No'xot,Горох,Peas,Нўхот,2023-11,monthly,2023,20549.0
0072,Mosh,Маш,Mash,Мош,2023-11,monthly,2023,12920.0
073,Shakar,Сахар песок,Sugar,Шакар,2023-11,monthly,2023,13383.0
002,Kruppa yormasi,Крупа манная,Semolina,Круппа ёрмаси,2023-11,monthly,2023,3503.0
001,Guruch,Рис,Rice,Гуруч,2023-12,monthly,2023,17219.0
003,Arpa,Ячмень,Barley,Арпа,2023-12,monthly,2023,3503.0
0004,Bug'doy,Пшеница,Wheat,Буғдой,2023-12,monthly,2023,3383.0
005,Jo'hori,Кукуруза,Corn,Жўҳори,2023-12,monthly,2023,3568.0
006,Kepak,Отруби,Bran,Кепак,2023-12,monthly,2023,2941.0
0008,Shrot,Шрот,Schroth,Шрот,2023-12,monthly,2023,4668.0
009,Shulxa,Шелуха,Husk,Шулха,2023-12,monthly,2023,3800.0
010,Kombikorm,Комбикорм,Compound feed,Комбикорм,2023-12,monthly,2023,3055.0
011,Oliy navli bug'doy uni,Мука пшеничная высшего сорта,High-grade wheat flour,Олий навли буғдой уни,2023-12,monthly,2023,8346.0
0012,1-navli bug'doy uni,Мука пшеничная первого сорта,First grade wheat flour,1-навли буғдой уни,2023-12,monthly,2023,6747.0
013,1-nav bug'doy unidan non,Хлеб пшеничный из муки 1-го сорта,Wheat bread from 1st grade flour,1-нав буғдой унидан нон,2023-12,monthly,2023,6081.0
017,Mol go'shti,Говядина,Beef,Мол гўшти,2023-12,monthly,2023,71209.0
0020,Qo'y go'shti,Баранина,Mutton,Қўй гўшти,2023-12,monthly,2023,67983.0
022,Tovuq go'shti,Мясо птицы,Poultry,Товуқ гўшти,2023-12,monthly,2023,26785.0
026,Turli baliqlar,Рыба всякая,Fish of all kinds,Турли балиқлар,2023-12,monthly,2023,40335.0
027,Yangi sog'ilgan sut (1 litr),Молоко свежее (1 литр),Fresh milk (1 liter),Янги соғилган сут (1 литр),2023-12,monthly,2023,6656.0
034,Tuxum (10 dona),Яйца (10 штук),Eggs (10 pieces ),Тухум (10 дона),2023-12,monthly,2023,14369.0
035,Paxta yog'i (1 litr),Масло хлопковое (1 литр),Cottonseed oil (1 liter),Пахта ёғи (1 литр),2023-12,monthly,2023,15581.0
0036,Kungaboqar yog'i (1 litr),Масло подсолнечное (1 литр),Sunflower oil (1 liter),Кунгабоқар ёғи (1 литр),2023-12,monthly,2023,17988.0
037,Sariyog',Масло сливочное,Butter,Сариёғ,2023-12,monthly,2023,72932.0
039,Limon,Лимоны,Lemons,Лимон,2023-12,monthly,2023,26501.0
0040,Olma,Яблоки,Apples,Олма,2023-12,monthly,2023,12221.0
041,Nok,Груши,Pears,Нок,2023-12,monthly,2023,25012.0
049,Uzum,Виноград,Grape,Узум,2023-12,monthly,2023,22086.0
0050,Tarvuz,Арбуз,Watermelon,Тарвуз,2023-12,monthly,2023,5290.0
0051,Qovun,Дыня,Melon,Қовун,2023-12,monthly,2023,6811.0
053,Mayiz,Кишмиш,Kishmish,Майиз,2023-12,monthly,2023,40252.0
055,Karam,Капуста,Cabbage,Карам,2023-12,monthly,2023,2827.0
057,Bodring,Огурцы,Cucumbers,Бодринг,2023-12,monthly,2023,24032.0
058,Pomidor,Помидоры,Tomatoes,Помидор,2023-12,monthly,2023,22749.0
059,Baqlajon,Баклажаны,Eggplant,Бақлажон,2023-12,monthly,2023,6939.0
0060,Bulg'or qalampiri,Перец болгарский,Bell pepper,Булғор қалампири,2023-12,monthly,2023,11090.0
061,Qovoq,Тыква,Pumpkin,Қовоқ,2023-12,monthly,2023,3171.0
063,Sabzi,Морковь,Carrot,Сабзи,2023-12,monthly,2023,2038.0
065,Sarimsoq,Чеснок,Garlic,Саримсоқ,2023-12,monthly,2023,23715.0
066,Piyoz,Лук репчатый,Onion,Пиёз,2023-12,monthly,2023,2544.0
069,Kartoshka,Картофель,Potatoes,Картошка,2023-12,monthly,2023,3834.0
0070,Loviya,Фасоль,Beans,Ловия,2023-12,monthly,2023,18303.0
071,No'xot,Горох,Peas,Нўхот,2023-12,monthly,2023,20474.0
0072,Mosh,Маш,Mash,Мош,2023-12,monthly,2023,12990.0
073,Shakar,Сахар песок,Sugar,Шакар,2023-12,monthly,2023,13412.0
002,Kruppa yormasi,Крупа манная,Semolina,Круппа ёрмаси,2023-12,monthly,2023,3503.0
001,Guruch,Рис,Rice,Гуруч,2024-01,monthly,2024,17288.0
003,Arpa,Ячмень,Barley,Арпа,2024-01,monthly,2024,3465.0
0004,Bug'doy,Пшеница,Wheat,Буғдой,2024-01,monthly,2024,3348.0
005,Jo'hori,Кукуруза,Corn,Жўҳори,2024-01,monthly,2024,3413.0
006,Kepak,Отруби,Bran,Кепак,2024-01,monthly,2024,2810.0
0008,Shrot,Шрот,Schroth,Шрот,2024-01,monthly,2024,4645.0
009,Shulxa,Шелуха,Husk,Шулха,2024-01,monthly,2024,3763.0
010,Kombikorm,Комбикорм,Compound feed,Комбикорм,2024-01,monthly,2024,3052.0
011,Oliy navli bug'doy uni,Мука пшеничная высшего сорта,High-grade wheat flour,Олий навли буғдой уни,2024-01,monthly,2024,8139.0
0012,1-navli bug'doy uni,Мука пшеничная первого сорта,First grade wheat flour,1-навли буғдой уни,2024-01,monthly,2024,6459.0
013,1-nav bug'doy unidan non,Хлеб пшеничный из муки 1-го сорта,Wheat bread from 1st grade flour,1-нав буғдой унидан нон,2024-01,monthly,2024,6051.0
017,Mol go'shti,Говядина,Beef,Мол гўшти,2024-01,monthly,2024,71693.0
0020,Qo'y go'shti,Баранина,Mutton,Қўй гўшти,2024-01,monthly,2024,67814.0
022,Tovuq go'shti,Мясо птицы,Poultry,Товуқ гўшти,2024-01,monthly,2024,27124.0
026,Turli baliqlar,Рыба всякая,Fish of all kinds,Турли балиқлар,2024-01,monthly,2024,40124.0
027,Yangi sog'ilgan sut (1 litr),Молоко свежее (1 литр),Fresh milk (1 liter),Янги соғилган сут (1 литр),2024-01,monthly,2024,6504.0
034,Tuxum (10 dona),Яйца (10 штук),Eggs (10 pieces ),Тухум (10 дона),2024-01,monthly,2024,14485.0
035,Paxta yog'i (1 litr),Масло хлопковое (1 литр),Cottonseed oil (1 liter),Пахта ёғи (1 литр),2024-01,monthly,2024,15254.0
0036,Kungaboqar yog'i (1 litr),Масло подсолнечное (1 литр),Sunflower oil (1 liter),Кунгабоқар ёғи (1 литр),2024-01,monthly,2024,17744.0
037,Sariyog',Масло сливочное,Butter,Сариёғ,2024-01,monthly,2024,73626.0
039,Limon,Лимоны,Lemons,Лимон,2024-01,monthly,2024,25304.0
0040,Olma,Яблоки,Apples,Олма,2024-01,monthly,2024,13169.0
041,Nok,Груши,Pears,Нок,2024-01,monthly,2024,25375.0
049,Uzum,Виноград,Grape,Узум,2024-01,monthly,2024,23508.0
0050,Tarvuz,Арбуз,Watermelon,Тарвуз,2024-01,monthly,2024,5800.0
0051,Qovun,Дыня,Melon,Қовун,2024-01,monthly,2024,10346.0
053,Mayiz,Кишмиш,Kishmish,Майиз,2024-01,monthly,2024,40255.0
055,Karam,Капуста,Cabbage,Карам,2024-01,monthly,2024,2751.0
057,Bodring,Огурцы,Cucumbers,Бодринг,2024-01,monthly,2024,27246.0
058,Pomidor,Помидоры,Tomatoes,Помидор,2024-01,monthly,2024,26933.0
059,Baqlajon,Баклажаны,Eggplant,Бақлажон,2024-01,monthly,2024,16971.0
0060,Bulg'or qalampiri,Перец болгарский,Bell pepper,Булғор қалампири,2024-01,monthly,2024,20253.0
061,Qovoq,Тыква,Pumpkin,Қовоқ,2024-01,monthly,2024,3241.0
063,Sabzi,Морковь,Carrot,Сабзи,2024-01,monthly,2024,2136.0
065,Sarimsoq,Чеснок,Garlic,Саримсоқ,2024-01,monthly,2024,28889.0
066,Piyoz,Лук репчатый,Onion,Пиёз,2024-01,monthly,2024,2586.0
069,Kartoshka,Картофель,Potatoes,Картошка,2024-01,monthly,2024,3875.0
0070,Loviya,Фасоль,Beans,Ловия,2024-01,monthly,2024,18323.0
071,No'xot,Горох,Peas,Нўхот,2024-01,monthly,2024,20709.0
0072,Mosh,Маш,Mash,Мош,2024-01,monthly,2024,13061.0
073,Shakar,Сахар песок,Sugar,Шакар,2024-01,monthly,2024,13462.0
002,Kruppa yormasi,Крупа манная,Semolina,Круппа ёрмаси,2024-01,monthly,2024,3465.0
001,Guruch,Рис,Rice,Гуруч,2024-02,monthly,2024,17190.0
003,Arpa,Ячмень,Barley,Арпа,2024-02,monthly,2024,3388.0
0004,Bug'doy,Пшеница,Wheat,Буғдой,2024-02,monthly,2024,3284.0
005,Jo'hori,Кукуруза,Corn,Жўҳори,2024-02,monthly,2024,3334.0
006,Kepak,Отруби,Bran,Кепак,2024-02,monthly,2024,2771.0
0008,Shrot,Шрот,Schroth,Шрот,2024-02,monthly,2024,4498.0
009,Shulxa,Шелуха,Husk,Шулха,2024-02,monthly,2024,3653.0
010,Kombikorm,Комбикорм,Compound feed,Комбикорм,2024-02,monthly,2024,3102.0
011,Oliy navli bug'doy uni,Мука пшеничная высшего сорта,High-grade wheat flour,Олий навли буғдой уни,2024-02,monthly,2024,8162.0
0012,1-navli bug'doy uni,Мука пшеничная первого сорта,First grade wheat flour,1-навли буғдой уни,2024-02,monthly,2024,6207.0
013,1-nav bug'doy unidan non,Хлеб пшеничный из муки 1-го сорта,Wheat bread from 1st grade flour,1-нав буғдой унидан нон,2024-02,monthly,2024,6094.0
017,Mol go'shti,Говядина,Beef,Мол гўшти,2024-02,monthly,2024,71725.0
0020,Qo'y go'shti,Баранина,Mutton,Қўй гўшти,2024-02,monthly,2024,67189.0
022,Tovuq go'shti,Мясо птицы,Poultry,Товуқ гўшти,2024-02,monthly,2024,26279.0
026,Turli baliqlar,Рыба всякая,Fish of all kinds,Турли балиқлар,2024-02,monthly,2024,39919.0
027,Yangi sog'ilgan sut (1 litr),Молоко свежее (1 литр),Fresh milk (1 liter),Янги соғилган сут (1 литр),2024-02,monthly,2024,6423.0
034,Tuxum (10 dona),Яйца (10 штук),Eggs (10 pieces ),Тухум (10 дона),2024-02,monthly,2024,13456.0
035,Paxta yog'i (1 litr),Масло хлопковое (1 литр),Cottonseed oil (1 liter),Пахта ёғи (1 литр),2024-02,monthly,2024,12639.0
0036,Kungaboqar yog'i (1 litr),Масло подсолнечное (1 литр),Sunflower oil (1 liter),Кунгабоқар ёғи (1 литр),2024-02,monthly,2024,16120.0
037,Sariyog',Масло сливочное,Butter,Сариёғ,2024-02,monthly,2024,74458.0
039,Limon,Лимоны,Lemons,Лимон,2024-02,monthly,2024,25116.0
0040,Olma,Яблоки,Apples,Олма,2024-02,monthly,2024,13406.0
041,Nok,Груши,Pears,Нок,2024-02,monthly,2024,25540.0
049,Uzum,Виноград,Grape,Узум,2024-02,monthly,2024,24240.0
0051,Qovun,Дыня,Melon,Қовун,2024-02,monthly,2024,12952.0
053,Mayiz,Кишмиш,Kishmish,Майиз,2024-02,monthly,2024,40360.0
055,Karam,Капуста,Cabbage,Карам,2024-02,monthly,2024,2607.0
057,Bodring,Огурцы,Cucumbers,Бодринг,2024-02,monthly,2024,23665.0
058,Pomidor,Помидоры,Tomatoes,Помидор,2024-02,monthly,2024,24625.0
059,Baqlajon,Баклажаны,Eggplant,Бақлажон,2024-02,monthly,2024,27250.0
0060,Bulg'or qalampiri,Перец болгарский,Bell pepper,Булғор қалампири,2024-02,monthly,2024,24528.0
061,Qovoq,Тыква,Pumpkin,Қовоқ,2024-02,monthly,2024,3309.0
063,Sabzi,Морковь,Carrot,Сабзи,2024-02,monthly,2024,2147.0
065,Sarimsoq,Чеснок,Garlic,Саримсоқ,2024-02,monthly,2024,30733.0
066,Piyoz,Лук репчатый,Onion,Пиёз,2024-02,monthly,2024,2580.0
069,Kartoshka,Картофель,Potatoes,Картошка,2024-02,monthly,2024,3828.0
0070,Loviya,Фасоль,Beans,Ловия,2024-02,monthly,2024,18298.0
071,No'xot,Горох,Peas,Нўхот,2024-02,monthly,2024,20903.0
0072,Mosh,Маш,Mash,Мош,2024-02,monthly,2024,13285.0
073,Shakar,Сахар песок,Sugar,Шакар,2024-02,monthly,2024,13530.0
002,Kruppa yormasi,Крупа манная,Semolina,Круппа ёрмаси,2024-02,monthly,2024,3388.0
001,Guruch,Рис,Rice,Гуруч,2024-03,monthly,2024,17207.0
003,Arpa,Ячмень,Barley,Арпа,2024-03,monthly,2024,3382.0
0004,Bug'doy,Пшеница,Wheat,Буғдой,2024-03,monthly,2024,3274.0
005,Jo'hori,Кукуруза,Corn,Жўҳори,2024-03,monthly,2024,3327.0
006,Kepak,Отруби,Bran,Кепак,2024-03,monthly,2024,2839.0
0008,Shrot,Шрот,Schroth,Шрот,2024-03,monthly,2024,4291.0
009,Shulxa,Шелуха,Husk,Шулха,2024-03,monthly,2024,3540.0
010,Kombikorm,Комбикорм,Compound feed,Комбикорм,2024-03,monthly,2024,3280.0
011,Oliy navli bug'doy uni,Мука пшеничная высшего сорта,High-grade wheat flour,Олий навли буғдой уни,2024-03,monthly,2024,8141.0
0012,1-navli bug'doy uni,Мука пшеничная первого сорта,First grade wheat flour,1-навли буғдой уни,2024-03,monthly,2024,6129.0
013,1-nav bug'doy unidan non,Хлеб пшеничный из муки 1-го сорта,Wheat bread from 1st grade flour,1-нав буғдой унидан нон,2024-03,monthly,2024,6121.0
017,Mol go'shti,Говядина,Beef,Мол гўшти,2024-03,monthly,2024,71578.0
0020,Qo'y go'shti,Баранина,Mutton,Қўй гўшти,2024-03,monthly,2024,66724.0
022,Tovuq go'shti,Мясо птицы,Poultry,Товуқ гўшти,2024-03,monthly,2024,25671.0
026,Turli baliqlar,Рыба всякая,Fish of all kinds,Турли балиқлар,2024-03,monthly,2024,39257.0
027,Yangi sog'ilgan sut (1 litr),Молоко свежее (1 литр),Fresh milk (1 liter),Янги соғилган сут (1 литр),2024-03,monthly,2024,6377.0
034,Tuxum (10 dona),Яйца (10 штук),Eggs (10 pieces ),Тухум (10 дона),2024-03,monthly,2024,12304.0
035,Paxta yog'i (1 litr),Масло хлопковое (1 литр),Cottonseed oil (1 liter),Пахта ёғи (1 литр),2024-03,monthly,2024,11843.0
0036,Kungaboqar yog'i (1 litr),Масло подсолнечное (1 литр),Sunflower oil (1 liter),Кунгабоқар ёғи (1 литр),2024-03,monthly,2024,15532.0
037,Sariyog',Масло сливочное,Butter,Сариёғ,2024-03,monthly,2024,74124.0
039,Limon,Лимоны,Lemons,Лимон,2024-03,monthly,2024,25432.0
0040,Olma,Яблоки,Apples,Олма,2024-03,monthly,2024,13413.0
041,Nok,Груши,Pears,Нок,2024-03,monthly,2024,25244.0
049,Uzum,Виноград,Grape,Узум,2024-03,monthly,2024,24092.0
0051,Qovun,Дыня,Melon,Қовун,2024-03,monthly,2024,14877.0
053,Mayiz,Кишмиш,Kishmish,Майиз,2024-03,monthly,2024,41080.0
055,Karam,Капуста,Cabbage,Карам,2024-03,monthly,2024,2704.0
057,Bodring,Огурцы,Cucumbers,Бодринг,2024-03,monthly,2024,23192.0
058,Pomidor,Помидоры,Tomatoes,Помидор,2024-03,monthly,2024,24007.0
059,Baqlajon,Баклажаны,Eggplant,Бақлажон,2024-03,monthly,2024,31313.0
0060,Bulg'or qalampiri,Перец болгарский,Bell pepper,Булғор қалампири,2024-03,monthly,2024,30779.0
061,Qovoq,Тыква,Pumpkin,Қовоқ,2024-03,monthly,2024,3611.0
063,Sabzi,Морковь,Carrot,Сабзи,2024-03,monthly,2024,2190.0
065,Sarimsoq,Чеснок,Garlic,Саримсоқ,2024-03,monthly,2024,31280.0
066,Piyoz,Лук репчатый,Onion,Пиёз,2024-03,monthly,2024,2545.0
069,Kartoshka,Картофель,Potatoes,Картошка,2024-03,monthly,2024,3825.0
0070,Loviya,Фасоль,Beans,Ловия,2024-03,monthly,2024,18137.0
071,No'xot,Горох,Peas,Нўхот,2024-03,monthly,2024,20891.0
0072,Mosh,Маш,Mash,Мош,2024-03,monthly,2024,13327.0
073,Shakar,Сахар песок,Sugar,Шакар,2024-03,monthly,2024,13585.0
002,Kruppa yormasi,Крупа манная,Semolina,Круппа ёрмаси,2024-03,monthly,2024,3382.0
001,Guruch,Рис,Rice,Гуруч,2024-04,monthly,2024,17352.0
003,Arpa,Ячмень,Barley,Арпа,2024-04,monthly,2024,3322.0
0004,Bug'doy,Пшеница,Wheat,Буғдой,2024-04,monthly,2024,3174.0
005,Jo'hori,Кукуруза,Corn,Жўҳори,2024-04,monthly,2024,3250.0
006,Kepak,Отруби,Bran,Кепак,2024-04,monthly,2024,2789.0
0008,Shrot,Шрот,Schroth,Шрот,2024-04,monthly,2024,4343.0
009,Shulxa,Шелуха,Husk,Шулха,2024-04,monthly,2024,3394.0
010,Kombikorm,Комбикорм,Compound feed,Комбикорм,2024-04,monthly,2024,3250.0
011,Oliy navli bug'doy uni,Мука пшеничная высшего сорта,High-grade wheat flour,Олий навли буғдой уни,2024-04,monthly,2024,8139.0
0012,1-navli bug'doy uni,Мука пшеничная первого сорта,First grade wheat flour,1-навли буғдой уни,2024-04,monthly,2024,6123.0
013,1-nav bug'doy unidan non,Хлеб пшеничный из муки 1-го сорта,Wheat bread from 1st grade flour,1-нав буғдой унидан нон,2024-04,monthly,2024,6124.0
017,Mol go'shti,Говядина,Beef,Мол гўшти,2024-04,monthly,2024,71332.0
0020,Qo'y go'shti,Баранина,Mutton,Қўй гўшти,2024-04,monthly,2024,66752.0
022,Tovuq go'shti,Мясо птицы,Poultry,Товуқ гўшти,2024-04,monthly,2024,25683.0
026,Turli baliqlar,Рыба всякая,Fish of all kinds,Турли балиқлар,2024-04,monthly,2024,39179.0
027,Yangi sog'ilgan sut (1 litr),Молоко свежее (1 литр),Fresh milk (1 liter),Янги соғилган сут (1 литр),2024-04,monthly,2024,6363.0
034,Tuxum (10 dona),Яйца (10 штук),Eggs (10 pieces ),Тухум (10 дона),2024-04,monthly,2024,11307.0
035,Paxta yog'i (1 litr),Масло хлопковое (1 литр),Cottonseed oil (1 liter),Пахта ёғи (1 литр),2024-04,monthly,2024,11679.0
0036,Kungaboqar yog'i (1 litr),Масло подсолнечное (1 литр),Sunflower oil (1 liter),Кунгабоқар ёғи (1 литр),2024-04,monthly,2024,15487.0
037,Sariyog',Масло сливочное,Butter,Сариёғ,2024-04,monthly,2024,73990.0
039,Limon,Лимоны,Lemons,Лимон,2024-04,monthly,2024,25954.0
0040,Olma,Яблоки,Apples,Олма,2024-04,monthly,2024,13551.0
041,Nok,Груши,Pears,Нок,2024-04,monthly,2024,24860.0
049,Uzum,Виноград,Grape,Узум,2024-04,monthly,2024,24232.0
0051,Qovun,Дыня,Melon,Қовун,2024-04,monthly,2024,18000.0
053,Mayiz,Кишмиш,Kishmish,Майиз,2024-04,monthly,2024,41367.0
055,Karam,Капуста,Cabbage,Карам,2024-04,monthly,2024,3145.0
057,Bodring,Огурцы,Cucumbers,Бодринг,2024-04,monthly,2024,17586.0
058,Pomidor,Помидоры,Tomatoes,Помидор,2024-04,monthly,2024,23404.0
059,Baqlajon,Баклажаны,Eggplant,Бақлажон,2024-04,monthly,2024,35000.0
0060,Bulg'or qalampiri,Перец болгарский,Bell pepper,Булғор қалампири,2024-04,monthly,2024,36127.0
061,Qovoq,Тыква,Pumpkin,Қовоқ,2024-04,monthly,2024,3665.0
063,Sabzi,Морковь,Carrot,Сабзи,2024-04,monthly,2024,2220.0
065,Sarimsoq,Чеснок,Garlic,Саримсоқ,2024-04,monthly,2024,31670.0
066,Piyoz,Лук репчатый,Onion,Пиёз,2024-04,monthly,2024,2575.0
069,Kartoshka,Картофель,Potatoes,Картошка,2024-04,monthly,2024,3828.0
0070,Loviya,Фасоль,Beans,Ловия,2024-04,monthly,2024,18194.0
071,No'xot,Горох,Peas,Нўхот,2024-04,monthly,2024,20951.0
0072,Mosh,Маш,Mash,Мош,2024-04,monthly,2024,13374.0
073,Shakar,Сахар песок,Sugar,Шакар,2024-04,monthly,2024,13940.0
002,Kruppa yormasi,Крупа манная,Semolina,Круппа ёрмаси,2024-04,monthly,2024,3322.0
001,Guruch,Рис,Rice,Гуруч,2024-05,monthly,2024,17294.0
003,Arpa,Ячмень,Barley,Арпа,2024-05,monthly,2024,3323.0
0004,Bug'doy,Пшеница,Wheat,Буғдой,2024-05,monthly,2024,3170.0
005,Jo'hori,Кукуруза,Corn,Жўҳори,2024-05,monthly,2024,3222.0
006,Kepak,Отруби,Bran,Кепак,2024-05,monthly,2024,2732.0
0008,Shrot,Шрот,Schroth,Шрот,2024-05,monthly,2024,4513.0
009,Shulxa,Шелуха,Husk,Шулха,2024-05,monthly,2024,3424.0
010,Kombikorm,Комбикорм,Compound feed,Комбикорм,2024-05,monthly,2024,3105.0
011,Oliy navli bug'doy uni,Мука пшеничная высшего сорта,High-grade wheat flour,Олий навли буғдой уни,2024-05,monthly,2024,8077.0
0012,1-navli bug'doy uni,Мука пшеничная первого сорта,First grade wheat flour,1-навли буғдой уни,2024-05,monthly,2024,6064.0
013,1-nav bug'doy unidan non,Хлеб пшеничный из муки 1-го сорта,Wheat bread from 1st grade flour,1-нав буғдой унидан нон,2024-05,monthly,2024,6028.0
017,Mol go'shti,Говядина,Beef,Мол гўшти,2024-05,monthly,2024,71410.0
0020,Qo'y go'shti,Баранина,Mutton,Қўй гўшти,2024-05,monthly,2024,66747.0
022,Tovuq go'shti,Мясо птицы,Poultry,Товуқ гўшти,2024-05,monthly,2024,25530.0
026,Turli baliqlar,Рыба всякая,Fish of all kinds,Турли балиқлар,2024-05,monthly,2024,39124.0
027,Yangi sog'ilgan sut (1 litr),Молоко свежее (1 литр),Fresh milk (1 liter),Янги соғилган сут (1 литр),2024-05,monthly,2024,6306.0
034,Tuxum (10 dona),Яйца (10 штук),Eggs (10 pieces ),Тухум (10 дона),2024-05,monthly,2024,9893.0
035,Paxta yog'i (1 litr),Масло хлопковое (1 литр),Cottonseed oil (1 liter),Пахта ёғи (1 литр),2024-05,monthly,2024,11394.0
0036,Kungaboqar yog'i (1 litr),Масло подсолнечное (1 литр),Sunflower oil (1 liter),Кунгабоқар ёғи (1 литр),2024-05,monthly,2024,15354.0
037,Sariyog',Масло сливочное,Butter,Сариёғ,2024-05,monthly,2024,74078.0
039,Limon,Лимоны,Lemons,Лимон,2024-05,monthly,2024,26964.0
0040,Olma,Яблоки,Apples,Олма,2024-05,monthly,2024,13759.0
041,Nok,Груши,Pears,Нок,2024-05,monthly,2024,24439.0
049,Uzum,Виноград,Grape,Узум,2024-05,monthly,2024,26101.0
0050,Tarvuz,Арбуз,Watermelon,Тарвуз,2024-05,monthly,2024,7808.0
0051,Qovun,Дыня,Melon,Қовун,2024-05,monthly,2024,8250.0
053,Mayiz,Кишмиш,Kishmish,Майиз,2024-05,monthly,2024,41411.0
055,Karam,Капуста,Cabbage,Карам,2024-05,monthly,2024,2594.0
057,Bodring,Огурцы,Cucumbers,Бодринг,2024-05,monthly,2024,7709.0
058,Pomidor,Помидоры,Tomatoes,Помидор,2024-05,monthly,2024,16246.0
059,Baqlajon,Баклажаны,Eggplant,Бақлажон,2024-05,monthly,2024,17124.0
0060,Bulg'or qalampiri,Перец болгарский,Bell pepper,Булғор қалампири,2024-05,monthly,2024,18600.0
061,Qovoq,Тыква,Pumpkin,Қовоқ,2024-05,monthly,2024,4574.0
063,Sabzi,Морковь,Carrot,Сабзи,2024-05,monthly,2024,2209.0
065,Sarimsoq,Чеснок,Garlic,Саримсоқ,2024-05,monthly,2024,28096.0
066,Piyoz,Лук репчатый,Onion,Пиёз,2024-05,monthly,2024,2071.0
069,Kartoshka,Картофель,Potatoes,Картошка,2024-05,monthly,2024,3985.0
0070,Loviya,Фасоль,Beans,Ловия,2024-05,monthly,2024,18361.0
071,No'xot,Горох,Peas,Нўхот,2024-05,monthly,2024,20949.0
0072,Mosh,Маш,Mash,Мош,2024-05,monthly,2024,13388.0
073,Shakar,Сахар песок,Sugar,Шакар,2024-05,monthly,2024,14411.0
002,Kruppa yormasi,Крупа манная,Semolina,Круппа ёрмаси,2024-05,monthly,2024,3323.0
001,Guruch,Рис,Rice,Гуруч,2024-06,monthly,2024,17229.0
003,Arpa,Ячмень,Barley,Арпа,2024-06,monthly,2024,3292.0
0004,Bug'doy,Пшеница,Wheat,Буғдой,2024-06,monthly,2024,3103.0
005,Jo'hori,Кукуруза,Corn,Жўҳори,2024-06,monthly,2024,3229.0
006,Kepak,Отруби,Bran,Кепак,2024-06,monthly,2024,2733.0
0008,Shrot,Шрот,Schroth,Шрот,2024-06,monthly,2024,4518.0
009,Shulxa,Шелуха,Husk,Шулха,2024-06,monthly,2024,3429.0
010,Kombikorm,Комбикорм,Compound feed,Комбикорм,2024-06,monthly,2024,3075.0
011,Oliy navli bug'doy uni,Мука пшеничная высшего сорта,High-grade wheat flour,Олий навли буғдой уни,2024-06,monthly,2024,8035.0
0012,1-navli bug'doy uni,Мука пшеничная первого сорта,First grade wheat flour,1-навли буғдой уни,2024-06,monthly,2024,5973.0
013,1-nav bug'doy unidan non,Хлеб пшеничный из муки 1-го сорта,Wheat bread from 1st grade flour,1-нав буғдой унидан нон,2024-06,monthly,2024,5953.0
017,Mol go'shti,Говядина,Beef,Мол гўшти,2024-06,monthly,2024,71872.0
0020,Qo'y go'shti,Баранина,Mutton,Қўй гўшти,2024-06,monthly,2024,67140.0
022,Tovuq go'shti,Мясо птицы,Poultry,Товуқ гўшти,2024-06,monthly,2024,25345.0
026,Turli baliqlar,Рыба всякая,Fish of all kinds,Турли балиқлар,2024-06,monthly,2024,39179.0
027,Yangi sog'ilgan sut (1 litr),Молоко свежее (1 литр),Fresh milk (1 liter),Янги соғилган сут (1 литр),2024-06,monthly,2024,6251.0
034,Tuxum (10 dona),Яйца (10 штук),Eggs (10 pieces ),Тухум (10 дона),2024-06,monthly,2024,9424.0
035,Paxta yog'i (1 litr),Масло хлопковое (1 литр),Cottonseed oil (1 liter),Пахта ёғи (1 литр),2024-06,monthly,2024,11300.0
0036,Kungaboqar yog'i (1 litr),Масло подсолнечное (1 литр),Sunflower oil (1 liter),Кунгабоқар ёғи (1 литр),2024-06,monthly,2024,15269.0
037,Sariyog',Масло сливочное,Butter,Сариёғ,2024-06,monthly,2024,73917.0
039,Limon,Лимоны,Lemons,Лимон,2024-06,monthly,2024,27311.0
0040,Olma,Яблоки,Apples,Олма,2024-06,monthly,2024,12184.0
041,Nok,Груши,Pears,Нок,2024-06,monthly,2024,24273.0
049,Uzum,Виноград,Grape,Узум,2024-06,monthly,2024,27476.0
0050,Tarvuz,Арбуз,Watermelon,Тарвуз,2024-06,monthly,2024,3865.0
0051,Qovun,Дыня,Melon,Қовун,2024-06,monthly,2024,7065.0
053,Mayiz,Кишмиш,Kishmish,Майиз,2024-06,monthly,2024,42451.0
055,Karam,Капуста,Cabbage,Карам,2024-06,monthly,2024,2036.0
057,Bodring,Огурцы,Cucumbers,Бодринг,2024-06,monthly,2024,4608.0
058,Pomidor,Помидоры,Tomatoes,Помидор,2024-06,monthly,2024,7905.0
059,Baqlajon,Баклажаны,Eggplant,Бақлажон,2024-06,monthly,2024,7209.0
0060,Bulg'or qalampiri,Перец болгарский,Bell pepper,Булғор қалампири,2024-06,monthly,2024,8699.0
061,Qovoq,Тыква,Pumpkin,Қовоқ,2024-06,monthly,2024,3540.0
063,Sabzi,Морковь,Carrot,Сабзи,2024-06,monthly,2024,2281.0
065,Sarimsoq,Чеснок,Garlic,Саримсоқ,2024-06,monthly,2024,20211.0
066,Piyoz,Лук репчатый,Onion,Пиёз,2024-06,monthly,2024,1497.0
069,Kartoshka,Картофель,Potatoes,Картошка,2024-06,monthly,2024,4026.0
0070,Loviya,Фасоль,Beans,Ловия,2024-06,monthly,2024,18618.0
071,No'xot,Горох,Peas,Нўхот,2024-06,monthly,2024,21088.0
0072,Mosh,Маш,Mash,Мош,2024-06,monthly,2024,13448.0
073,Shakar,Сахар песок,Sugar,Шакар,2024-06,monthly,2024,14331.0
002,Kruppa yormasi,Крупа манная,Semolina,Круппа ёрмаси,2024-06,monthly,2024,3292.0
001,Guruch,Рис,Rice,Гуруч,2024-07,monthly,2024,17274.0
003,Arpa,Ячмень,Barley,Арпа,2024-07,monthly,2024,3245.0
0004,Bug'doy,Пшеница,Wheat,Буғдой,2024-07,monthly,2024,2990.0
005,Jo'hori,Кукуруза,Corn,Жўҳори,2024-07,monthly,2024,3275.0
006,Kepak,Отруби,Bran,Кепак,2024-07,monthly,2024,2752.0
0008,Shrot,Шрот,Schroth,Шрот,2024-07,monthly,2024,4518.0
009,Shulxa,Шелуха,Husk,Шулха,2024-07,monthly,2024,3429.0
010,Kombikorm,Комбикорм,Compound feed,Комбикорм,2024-07,monthly,2024,3050.0
011,Oliy navli bug'doy uni,Мука пшеничная высшего сорта,High-grade wheat flour,Олий навли буғдой уни,2024-07,monthly,2024,8034.0
0012,1-navli bug'doy uni,Мука пшеничная первого сорта,First grade wheat flour,1-навли буғдой уни,2024-07,monthly,2024,5956.0
013,1-nav bug'doy unidan non,Хлеб пшеничный из муки 1-го сорта,Wheat bread from 1st grade flour,1-нав буғдой унидан нон,2024-07,monthly,2024,5950.0
017,Mol go'shti,Говядина,Beef,Мол гўшти,2024-07,monthly,2024,72692.0
0020,Qo'y go'shti,Баранина,Mutton,Қўй гўшти,2024-07,monthly,2024,67922.0
022,Tovuq go'shti,Мясо птицы,Poultry,Товуқ гўшти,2024-07,monthly,2024,25335.0
026,Turli baliqlar,Рыба всякая,Fish of all kinds,Турли балиқлар,2024-07,monthly,2024,39258.0
027,Yangi sog'ilgan sut (1 litr),Молоко свежее (1 литр),Fresh milk (1 liter),Янги соғилган сут (1 литр),2024-07,monthly,2024,6251.0
034,Tuxum (10 dona),Яйца (10 штук),Eggs (10 pieces ),Тухум (10 дона),2024-07,monthly,2024,9302.0
035,Paxta yog'i (1 litr),Масло хлопковое (1 литр),Cottonseed oil (1 liter),Пахта ёғи (1 литр),2024-07,monthly,2024,11435.0
0036,Kungaboqar yog'i (1 litr),Масло подсолнечное (1 литр),Sunflower oil (1 liter),Кунгабоқар ёғи (1 литр),2024-07,monthly,2024,15287.0
037,Sariyog',Масло сливочное,Butter,Сариёғ,2024-07,monthly,2024,74078.0
039,Limon,Лимоны,Lemons,Лимон,2024-07,monthly,2024,27467.0
0040,Olma,Яблоки,Apples,Олма,2024-07,monthly,2024,11275.0
041,Nok,Груши,Pears,Нок,2024-07,monthly,2024,22616.0
049,Uzum,Виноград,Grape,Узум,2024-07,monthly,2024,14284.0
0050,Tarvuz,Арбуз,Watermelon,Тарвуз,2024-07,monthly,2024,1541.0
0051,Qovun,Дыня,Melon,Қовун,2024-07,monthly,2024,3927.0
053,Mayiz,Кишмиш,Kishmish,Майиз,2024-07,monthly,2024,42451.0
055,Karam,Капуста,Cabbage,Карам,2024-07,monthly,2024,2076.0
057,Bodring,Огурцы,Cucumbers,Бодринг,2024-07,monthly,2024,3643.0
058,Pomidor,Помидоры,Tomatoes,Помидор,2024-07,monthly,2024,3808.0
059,Baqlajon,Баклажаны,Eggplant,Бақлажон,2024-07,monthly,2024,3743.0
0060,Bulg'or qalampiri,Перец болгарский,Bell pepper,Булғор қалампири,2024-07,monthly,2024,4753.0
061,Qovoq,Тыква,Pumpkin,Қовоқ,2024-07,monthly,2024,3364.0
063,Sabzi,Морковь,Carrot,Сабзи,2024-07,monthly,2024,2492.0
065,Sarimsoq,Чеснок,Garlic,Саримсоқ,2024-07,monthly,2024,20033.0
066,Piyoz,Лук репчатый,Onion,Пиёз,2024-07,monthly,2024,1547.0
069,Kartoshka,Картофель,Potatoes,Картошка,2024-07,monthly,2024,3983.0
0070,Loviya,Фасоль,Beans,Ловия,2024-07,monthly,2024,18583.0
071,No'xot,Горох,Peas,Нўхот,2024-07,monthly,2024,21176.0
0072,Mosh,Маш,Mash,Мош,2024-07,monthly,2024,13616.0
073,Shakar,Сахар песок,Sugar,Шакар,2024-07,monthly,2024,14300.0
002,Kruppa yormasi,Крупа манная,Semolina,Круппа ёрмаси,2024-07,monthly,2024,3245.0
001,Guruch,Рис,Rice,Гуруч,2024-08,monthly,2024,17262.0
003,Arpa,Ячмень,Barley,Арпа,2024-08,monthly,2024,3270.0
0004,Bug'doy,Пшеница,Wheat,Буғдой,2024-08,monthly,2024,2953.0
005,Jo'hori,Кукуруза,Corn,Жўҳори,2024-08,monthly,2024,3406.0
006,Kepak,Отруби,Bran,Кепак,2024-08,monthly,2024,2737.0
0008,Shrot,Шрот,Schroth,Шрот,2024-08,monthly,2024,4524.0
009,Shulxa,Шелуха,Husk,Шулха,2024-08,monthly,2024,3436.0
010,Kombikorm,Комбикорм,Compound feed,Комбикорм,2024-08,monthly,2024,3052.0
011,Oliy navli bug'doy uni,Мука пшеничная высшего сорта,High-grade wheat flour,Олий навли буғдой уни,2024-08,monthly,2024,8037.0
0012,1-navli bug'doy uni,Мука пшеничная первого сорта,First grade wheat flour,1-навли буғдой уни,2024-08,monthly,2024,5957.0
013,1-nav bug'doy unidan non,Хлеб пшеничный из муки 1-го сорта,Wheat bread from 1st grade flour,1-нав буғдой унидан нон,2024-08,monthly,2024,5950.0
017,Mol go'shti,Говядина,Beef,Мол гўшти,2024-08,monthly,2024,77423.0
0020,Qo'y go'shti,Баранина,Mutton,Қўй гўшти,2024-08,monthly,2024,72248.0
022,Tovuq go'shti,Мясо птицы,Poultry,Товуқ гўшти,2024-08,monthly,2024,25566.0
026,Turli baliqlar,Рыба всякая,Fish of all kinds,Турли балиқлар,2024-08,monthly,2024,39575.0
027,Yangi sog'ilgan sut (1 litr),Молоко свежее (1 литр),Fresh milk (1 liter),Янги соғилган сут (1 литр),2024-08,monthly,2024,6359.0
034,Tuxum (10 dona),Яйца (10 штук),Eggs (10 pieces ),Тухум (10 дона),2024-08,monthly,2024,9400.0
035,Paxta yog'i (1 litr),Масло хлопковое (1 литр),Cottonseed oil (1 liter),Пахта ёғи (1 литр),2024-08,monthly,2024,11564.0
0036,Kungaboqar yog'i (1 litr),Масло подсолнечное (1 литр),Sunflower oil (1 liter),Кунгабоқар ёғи (1 литр),2024-08,monthly,2024,15408.0
037,Sariyog',Масло сливочное,Butter,Сариёғ,2024-08,monthly,2024,74103.0
039,Limon,Лимоны,Lemons,Лимон,2024-08,monthly,2024,27671.0
0040,Olma,Яблоки,Apples,Олма,2024-08,monthly,2024,10945.0
041,Nok,Груши,Pears,Нок,2024-08,monthly,2024,20673.0
049,Uzum,Виноград,Grape,Узум,2024-08,monthly,2024,10502.0
0050,Tarvuz,Арбуз,Watermelon,Тарвуз,2024-08,monthly,2024,1191.0
0051,Qovun,Дыня,Melon,Қовун,2024-08,monthly,2024,3083.0
053,Mayiz,Кишмиш,Kishmish,Майиз,2024-08,monthly,2024,42373.0
055,Karam,Капуста,Cabbage,Карам,2024-08,monthly,2024,2274.0
057,Bodring,Огурцы,Cucumbers,Бодринг,2024-08,monthly,2024,4502.0
058,Pomidor,Помидоры,Tomatoes,Помидор,2024-08,monthly,2024,3536.0
059,Baqlajon,Баклажаны,Eggplant,Бақлажон,2024-08,monthly,2024,3320.0
0060,Bulg'or qalampiri,Перец болгарский,Bell pepper,Булғор қалампири,2024-08,monthly,2024,3928.0
061,Qovoq,Тыква,Pumpkin,Қовоқ,2024-08,monthly,2024,2976.0
063,Sabzi,Морковь,Carrot,Сабзи,2024-08,monthly,2024,2816.0
065,Sarimsoq,Чеснок,Garlic,Саримсоқ,2024-08,monthly,2024,21953.0
066,Piyoz,Лук репчатый,Onion,Пиёз,2024-08,monthly,2024,2002.0
069,Kartoshka,Картофель,Potatoes,Картошка,2024-08,monthly,2024,4064.0
0070,Loviya,Фасоль,Beans,Ловия,2024-08,monthly,2024,18485.0
071,No'xot,Горох,Peas,Нўхот,2024-08,monthly,2024,21341.0
0072,Mosh,Маш,Mash,Мош,2024-08,monthly,2024,13939.0
073,Shakar,Сахар песок,Sugar,Шакар,2024-08,monthly,2024,14262.0
001,Guruch,Рис,Rice,Гуруч,2024-09,monthly,2024,17408.0
003,Arpa,Ячмень,Barley,Арпа,2024-09,monthly,2024,3299.0
0004,Bug'doy,Пшеница,Wheat,Буғдой,2024-09,monthly,2024,2826.0
005,Jo'hori,Кукуруза,Corn,Жўҳори,2024-09,monthly,2024,3269.0
006,Kepak,Отруби,Bran,Кепак,2024-09,monthly,2024,2582.0
0008,Shrot,Шрот,Schroth,Шрот,2024-09,monthly,2024,4910.0
009,Shulxa,Шелуха,Husk,Шулха,2024-09,monthly,2024,3646.0
010,Kombikorm,Комбикорм,Compound feed,Комбикорм,2024-09,monthly,2024,2744.0
011,Oliy navli bug'doy uni,Мука пшеничная высшего сорта,High-grade wheat flour,Олий навли буғдой уни,2024-09,monthly,2024,8139.0
0012,1-navli bug'doy uni,Мука пшеничная первого сорта,First grade wheat flour,1-навли буғдой уни,2024-09,monthly,2024,6032.0
013,1-nav bug'doy unidan non,Хлеб пшеничный из муки 1-го сорта,Wheat bread from 1st grade flour,1-нав буғдой унидан нон,2024-09,monthly,2024,5988.0
017,Mol go'shti,Говядина,Beef,Мол гўшти,2024-09,monthly,2024,79917.0
0020,Qo'y go'shti,Баранина,Mutton,Қўй гўшти,2024-09,monthly,2024,74568.0
022,Tovuq go'shti,Мясо птицы,Poultry,Товуқ гўшти,2024-09,monthly,2024,25757.0
026,Turli baliqlar,Рыба всякая,Fish of all kinds,Турли балиқлар,2024-09,monthly,2024,39698.0
027,Yangi sog'ilgan sut (1 litr),Молоко свежее (1 литр),Fresh milk (1 liter),Янги соғилган сут (1 литр),2024-09,monthly,2024,6391.0
034,Tuxum (10 dona),Яйца (10 штук),Eggs (10 pieces ),Тухум (10 дона),2024-09,monthly,2024,9648.0
035,Paxta yog'i (1 litr),Масло хлопковое (1 литр),Cottonseed oil (1 liter),Пахта ёғи (1 литр),2024-09,monthly,2024,11857.0
0036,Kungaboqar yog'i (1 litr),Масло подсолнечное (1 литр),Sunflower oil (1 liter),Кунгабоқар ёғи (1 литр),2024-09,monthly,2024,15571.0
037,Sariyog',Масло сливочное,Butter,Сариёғ,2024-09,monthly,2024,74491.0
039,Limon,Лимоны,Lemons,Лимон,2024-09,monthly,2024,27741.0
0040,Olma,Яблоки,Apples,Олма,2024-09,monthly,2024,10538.0
041,Nok,Груши,Pears,Нок,2024-09,monthly,2024,20884.0
049,Uzum,Виноград,Grape,Узум,2024-09,monthly,2024,9596.0
0050,Tarvuz,Арбуз,Watermelon,Тарвуз,2024-09,monthly,2024,1690.0
0051,Qovun,Дыня,Melon,Қовун,2024-09,monthly,2024,3144.0
053,Mayiz,Кишмиш,Kishmish,Майиз,2024-09,monthly,2024,42591.0
055,Karam,Капуста,Cabbage,Карам,2024-09,monthly,2024,2480.0
057,Bodring,Огурцы,Cucumbers,Бодринг,2024-09,monthly,2024,6148.0
058,Pomidor,Помидоры,Tomatoes,Помидор,2024-09,monthly,2024,4084.0
059,Baqlajon,Баклажаны,Eggplant,Бақлажон,2024-09,monthly,2024,3575.0
0060,Bulg'or qalampiri,Перец болгарский,Bell pepper,Булғор қалампири,2024-09,monthly,2024,4213.0
061,Qovoq,Тыква,Pumpkin,Қовоқ,2024-09,monthly,2024,2959.0
063,Sabzi,Морковь,Carrot,Сабзи,2024-09,monthly,2024,3260.0
065,Sarimsoq,Чеснок,Garlic,Саримсоқ,2024-09,monthly,2024,24170.0
066,Piyoz,Лук репчатый,Onion,Пиёз,2024-09,monthly,2024,2171.0
069,Kartoshka,Картофель,Potatoes,Картошка,2024-09,monthly,2024,4335.0
0070,Loviya,Фасоль,Beans,Ловия,2024-09,monthly,2024,18674.0
071,No'xot,Горох,Peas,Нўхот,2024-09,monthly,2024,21249.0
0072,Mosh,Маш,Mash,Мош,2024-09,monthly,2024,14548.0
073,Shakar,Сахар песок,Sugar,Шакар,2024-09,monthly,2024,14118.0
001,Guruch,Рис,Rice,Гуруч,2024-10,monthly,2024,17165.0
003,Arpa,Ячмень,Barley,Арпа,2024-10,monthly,2024,3319.0
0004,Bug'doy,Пшеница,Wheat,Буғдой,2024-10,monthly,2024,2842.0
005,Jo'hori,Кукуруза,Corn,Жўҳори,2024-10,monthly,2024,3189.0
006,Kepak,Отруби,Bran,Кепак,2024-10,monthly,2024,2542.0
0008,Shrot,Шрот,Schroth,Шрот,2024-10,monthly,2024,4989.0
009,Shulxa,Шелуха,Husk,Шулха,2024-10,monthly,2024,3671.0
010,Kombikorm,Комбикорм,Compound feed,Комбикорм,2024-10,monthly,2024,2744.0
011,Oliy navli bug'doy uni,Мука пшеничная высшего сорта,High-grade wheat flour,Олий навли буғдой уни,2024-10,monthly,2024,8204.0
0012,1-navli bug'doy uni,Мука пшеничная первого сорта,First grade wheat flour,1-навли буғдой уни,2024-10,monthly,2024,6053.0
013,1-nav bug'doy unidan non,Хлеб пшеничный из муки 1-го сорта,Wheat bread from 1st grade flour,1-нав буғдой унидан нон,2024-10,monthly,2024,6022.0
017,Mol go'shti,Говядина,Beef,Мол гўшти,2024-10,monthly,2024,81818.0
0020,Qo'y go'shti,Баранина,Mutton,Қўй гўшти,2024-10,monthly,2024,77754.0
022,Tovuq go'shti,Мясо птицы,Poultry,Товуқ гўшти,2024-10,monthly,2024,26120.0
026,Turli baliqlar,Рыба всякая,Fish of all kinds,Турли балиқлар,2024-10,monthly,2024,39927.0
027,Yangi sog'ilgan sut (1 litr),Молоко свежее (1 литр),Fresh milk (1 liter),Янги соғилган сут (1 литр),2024-10,monthly,2024,6454.0
034,Tuxum (10 dona),Яйца (10 штук),Eggs (10 pieces ),Тухум (10 дона),2024-10,monthly,2024,10068.0
035,Paxta yog'i (1 litr),Масло хлопковое (1 литр),Cottonseed oil (1 liter),Пахта ёғи (1 литр),2024-10,monthly,2024,12880.0
0036,Kungaboqar yog'i (1 litr),Масло подсолнечное (1 литр),Sunflower oil (1 liter),Кунгабоқар ёғи (1 литр),2024-10,monthly,2024,15965.0
037,Sariyog',Масло сливочное,Butter,Сариёғ,2024-10,monthly,2024,76063.0
039,Limon,Лимоны,Lemons,Лимон,2024-10,monthly,2024,27121.0
0040,Olma,Яблоки,Apples,Олма,2024-10,monthly,2024,10256.0
041,Nok,Груши,Pears,Нок,2024-10,monthly,2024,21089.0
049,Uzum,Виноград,Grape,Узум,2024-10,monthly,2024,9465.0
0050,Tarvuz,Арбуз,Watermelon,Тарвуз,2024-10,monthly,2024,2288.0
0051,Qovun,Дыня,Melon,Қовун,2024-10,monthly,2024,3461.0
053,Mayiz,Кишмиш,Kishmish,Майиз,2024-10,monthly,2024,42811.0
055,Karam,Капуста,Cabbage,Карам,2024-10,monthly,2024,2744.0
057,Bodring,Огурцы,Cucumbers,Бодринг,2024-10,monthly,2024,7827.0
058,Pomidor,Помидоры,Tomatoes,Помидор,2024-10,monthly,2024,5369.0
059,Baqlajon,Баклажаны,Eggplant,Бақлажон,2024-10,monthly,2024,4384.0
0060,Bulg'or qalampiri,Перец болгарский,Bell pepper,Булғор қалампири,2024-10,monthly,2024,5263.0
061,Qovoq,Тыква,Pumpkin,Қовоқ,2024-10,monthly,2024,2973.0
063,Sabzi,Морковь,Carrot,Сабзи,2024-10,monthly,2024,3354.0
065,Sarimsoq,Чеснок,Garlic,Саримсоқ,2024-10,monthly,2024,26440.0
066,Piyoz,Лук репчатый,Onion,Пиёз,2024-10,monthly,2024,2311.0
069,Kartoshka,Картофель,Potatoes,Картошка,2024-10,monthly,2024,4447.0
0070,Loviya,Фасоль,Beans,Ловия,2024-10,monthly,2024,19417.0
071,No'xot,Горох,Peas,Нўхот,2024-10,monthly,2024,21243.0
0072,Mosh,Маш,Mash,Мош,2024-10,monthly,2024,15886.0
073,Shakar,Сахар песок,Sugar,Шакар,2024-10,monthly,2024,14065.0
001,Guruch,Рис,Rice,Гуруч,2024-11,monthly,2024,16785.0
003,Arpa,Ячмень,Barley,Арпа,2024-11,monthly,2024,3305.0
0004,Bug'doy,Пшеница,Wheat,Буғдой,2024-11,monthly,2024,2991.0
005,Jo'hori,Кукуруза,Corn,Жўҳори,2024-11,monthly,2024,3330.0
006,Kepak,Отруби,Bran,Кепак,2024-11,monthly,2024,2611.0
0008,Shrot,Шрот,Schroth,Шрот,2024-11,monthly,2024,4931.0
009,Shulxa,Шелуха,Husk,Шулха,2024-11,monthly,2024,3649.0
010,Kombikorm,Комбикорм,Compound feed,Комбикорм,2024-11,monthly,2024,2805.0
011,Oliy navli bug'doy uni,Мука пшеничная высшего сорта,High-grade wheat flour,Олий навли буғдой уни,2024-11,monthly,2024,8327.0
0012,1-navli bug'doy uni,Мука пшеничная первого сорта,First grade wheat flour,1-навли буғдой уни,2024-11,monthly,2024,6101.0
013,1-nav bug'doy unidan non,Хлеб пшеничный из муки 1-го сорта,Wheat bread from 1st grade flour,1-нав буғдой унидан нон,2024-11,monthly,2024,6028.0
017,Mol go'shti,Говядина,Beef,Мол гўшти,2024-11,monthly,2024,82525.0
0020,Qo'y go'shti,Баранина,Mutton,Қўй гўшти,2024-11,monthly,2024,79477.0
022,Tovuq go'shti,Мясо птицы,Poultry,Товуқ гўшти,2024-11,monthly,2024,26236.0
026,Turli baliqlar,Рыба всякая,Fish of all kinds,Турли балиқлар,2024-11,monthly,2024,40575.0
027,Yangi sog'ilgan sut (1 litr),Молоко свежее (1 литр),Fresh milk (1 liter),Янги соғилган сут (1 литр),2024-11,monthly,2024,6493.0
034,Tuxum (10 dona),Яйца (10 штук),Eggs (10 pieces ),Тухум (10 дона),2024-11,monthly,2024,10373.0
035,Paxta yog'i (1 litr),Масло хлопковое (1 литр),Cottonseed oil (1 liter),Пахта ёғи (1 литр),2024-11,monthly,2024,14006.0
0036,Kungaboqar yog'i (1 litr),Масло подсолнечное (1 литр),Sunflower oil (1 liter),Кунгабоқар ёғи (1 литр),2024-11,monthly,2024,16769.0
037,Sariyog',Масло сливочное,Butter,Сариёғ,2024-11,monthly,2024,76549.0
039,Limon,Лимоны,Lemons,Лимон,2024-11,monthly,2024,24507.0
0040,Olma,Яблоки,Apples,Олма,2024-11,monthly,2024,10406.0
041,Nok,Груши,Pears,Нок,2024-11,monthly,2024,21620.0
049,Uzum,Виноград,Grape,Узум,2024-11,monthly,2024,10722.0
0050,Tarvuz,Арбуз,Watermelon,Тарвуз,2024-11,monthly,2024,2726.0
0051,Qovun,Дыня,Melon,Қовун,2024-11,monthly,2024,3846.0
053,Mayiz,Кишмиш,Kishmish,Майиз,2024-11,monthly,2024,42987.0
055,Karam,Капуста,Cabbage,Карам,2024-11,monthly,2024,2917.0
057,Bodring,Огурцы,Cucumbers,Бодринг,2024-11,monthly,2024,12702.0
058,Pomidor,Помидоры,Tomatoes,Помидор,2024-11,monthly,2024,12655.0
059,Baqlajon,Баклажаны,Eggplant,Бақлажон,2024-11,monthly,2024,6009.0
0060,Bulg'or qalampiri,Перец болгарский,Bell pepper,Булғор қалампири,2024-11,monthly,2024,9787.0
061,Qovoq,Тыква,Pumpkin,Қовоқ,2024-11,monthly,2024,2945.0
063,Sabzi,Морковь,Carrot,Сабзи,2024-11,monthly,2024,2989.0
065,Sarimsoq,Чеснок,Garlic,Саримсоқ,2024-11,monthly,2024,28083.0
066,Piyoz,Лук репчатый,Onion,Пиёз,2024-11,monthly,2024,2573.0
069,Kartoshka,Картофель,Potatoes,Картошка,2024-11,monthly,2024,4897.0
0070,Loviya,Фасоль,Beans,Ловия,2024-11,monthly,2024,20358.0
071,No'xot,Горох,Peas,Нўхот,2024-11,monthly,2024,21194.0
0072,Mosh,Маш,Mash,Мош,2024-11,monthly,2024,16284.0
073,Shakar,Сахар песок,Sugar,Шакар,2024-11,monthly,2024,14054.0
001,Guruch,Рис,Rice,Гуруч,2024-12,monthly,2024,16632.0
003,Arpa,Ячмень,Barley,Арпа,2024-12,monthly,2024,3314.0
0004,Bug'doy,Пшеница,Wheat,Буғдой,2024-12,monthly,2024,3003.0
005,Jo'hori,Кукуруза,Corn,Жўҳори,2024-12,monthly,2024,3301.0
006,Kepak,Отруби,Bran,Кепак,2024-12,monthly,2024,2610.0
0008,Shrot,Шрот,Schroth,Шрот,2024-12,monthly,2024,4919.0
009,Shulxa,Шелуха,Husk,Шулха,2024-12,monthly,2024,3605.0
010,Kombikorm,Комбикорм,Compound feed,Комбикорм,2024-12,monthly,2024,2805.0
011,Oliy navli bug'doy uni,Мука пшеничная высшего сорта,High-grade wheat flour,Олий навли буғдой уни,2024-12,monthly,2024,8338.0
0012,1-navli bug'doy uni,Мука пшеничная первого сорта,First grade wheat flour,1-навли буғдой уни,2024-12,monthly,2024,6107.0
013,1-nav bug'doy unidan non,Хлеб пшеничный из муки 1-го сорта,Wheat bread from 1st grade flour,1-нав буғдой унидан нон,2024-12,monthly,2024,6028.0
017,Mol go'shti,Говядина,Beef,Мол гўшти,2024-12,monthly,2024,82944.0
0020,Qo'y go'shti,Баранина,Mutton,Қўй гўшти,2024-12,monthly,2024,79684.0
022,Tovuq go'shti,Мясо птицы,Poultry,Товуқ гўшти,2024-12,monthly,2024,26327.0
026,Turli baliqlar,Рыба всякая,Fish of all kinds,Турли балиқлар,2024-12,monthly,2024,40623.0
027,Yangi sog'ilgan sut (1 litr),Молоко свежее (1 литр),Fresh milk (1 liter),Янги соғилган сут (1 литр),2024-12,monthly,2024,6519.0
034,Tuxum (10 dona),Яйца (10 штук),Eggs (10 pieces ),Тухум (10 дона),2024-12,monthly,2024,11847.0
035,Paxta yog'i (1 litr),Масло хлопковое (1 литр),Cottonseed oil (1 liter),Пахта ёғи (1 литр),2024-12,monthly,2024,14802.0
0036,Kungaboqar yog'i (1 litr),Масло подсолнечное (1 литр),Sunflower oil (1 liter),Кунгабоқар ёғи (1 литр),2024-12,monthly,2024,17442.0
037,Sariyog',Масло сливочное,Butter,Сариёғ,2024-12,monthly,2024,76497.0
039,Limon,Лимоны,Lemons,Лимон,2024-12,monthly,2024,22615.0
0040,Olma,Яблоки,Apples,Олма,2024-12,monthly,2024,10651.0
041,Nok,Груши,Pears,Нок,2024-12,monthly,2024,21548.0
049,Uzum,Виноград,Grape,Узум,2024-12,monthly,2024,12912.0
0050,Tarvuz,Арбуз,Watermelon,Тарвуз,2024-12,monthly,2024,2891.0
0051,Qovun,Дыня,Melon,Қовун,2024-12,monthly,2024,4226.0
053,Mayiz,Кишмиш,Kishmish,Майиз,2024-12,monthly,2024,43117.0
055,Karam,Капуста,Cabbage,Карам,2024-12,monthly,2024,2903.0
057,Bodring,Огурцы,Cucumbers,Бодринг,2024-12,monthly,2024,19017.0
058,Pomidor,Помидоры,Tomatoes,Помидор,2024-12,monthly,2024,19002.0
059,Baqlajon,Баклажаны,Eggplant,Бақлажон,2024-12,monthly,2024,10352.0
0060,Bulg'or qalampiri,Перец болгарский,Bell pepper,Булғор қалампири,2024-12,monthly,2024,15987.0
061,Qovoq,Тыква,Pumpkin,Қовоқ,2024-12,monthly,2024,2898.0
063,Sabzi,Морковь,Carrot,Сабзи,2024-12,monthly,2024,2885.0
065,Sarimsoq,Чеснок,Garlic,Саримсоқ,2024-12,monthly,2024,28860.0
066,Piyoz,Лук репчатый,Onion,Пиёз,2024-12,monthly,2024,2713.0
069,Kartoshka,Картофель,Potatoes,Картошка,2024-12,monthly,2024,5328.0
0070,Loviya,Фасоль,Beans,Ловия,2024-12,monthly,2024,20678.0
071,No'xot,Горох,Peas,Нўхот,2024-12,monthly,2024,21207.0
0072,Mosh,Маш,Mash,Мош,2024-12,monthly,2024,16270.0
073,Shakar,Сахар песок,Sugar,Шакар,2024-12,monthly,2024,13971.0
001,Guruch,Рис,Rice,Гуруч,2025-01,monthly,2025,16552.0
003,Arpa,Ячмень,Barley,Арпа,2025-01,monthly,2025,3320.0
0004,Bug'doy,Пшеница,Wheat,Буғдой,2025-01,monthly,2025,3021.0
005,Jo'hori,Кукуруза,Corn,Жўҳори,2025-01,monthly,2025,3321.0
006,Kepak,Отруби,Bran,Кепак,2025-01,monthly,2025,2628.0
0008,Shrot,Шрот,Schroth,Шрот,2025-01,monthly,2025,4894.0
009,Shulxa,Шелуха,Husk,Шулха,2025-01,monthly,2025,3604.0
010,Kombikorm,Комбикорм,Compound feed,Комбикорм,2025-01,monthly,2025,2812.0
011,Oliy navli bug'doy uni,Мука пшеничная высшего сорта,High-grade wheat flour,Олий навли буғдой уни,2025-01,monthly,2025,8343.0
0012,1-navli bug'doy uni,Мука пшеничная первого сорта,First grade wheat flour,1-навли буғдой уни,2025-01,monthly,2025,6106.0
013,1-nav bug'doy unidan non,Хлеб пшеничный из муки 1-го сорта,Wheat bread from 1st grade flour,1-нав буғдой унидан нон,2025-01,monthly,2025,6024.0
017,Mol go'shti,Говядина,Beef,Мол гўшти,2025-01,monthly,2025,83326.0
0020,Qo'y go'shti,Баранина,Mutton,Қўй гўшти,2025-01,monthly,2025,79725.0
022,Tovuq go'shti,Мясо птицы,Poultry,Товуқ гўшти,2025-01,monthly,2025,26664.0
026,Turli baliqlar,Рыба всякая,Fish of all kinds,Турли балиқлар,2025-01,monthly,2025,40633.0
027,Yangi sog'ilgan sut (1 litr),Молоко свежее (1 литр),Fresh milk (1 liter),Янги соғилган сут (1 литр),2025-01,monthly,2025,6519.0
034,Tuxum (10 dona),Яйца (10 штук),Eggs (10 pieces ),Тухум (10 дона),2025-01,monthly,2025,11302.0
035,Paxta yog'i (1 litr),Масло хлопковое (1 литр),Cottonseed oil (1 liter),Пахта ёғи (1 литр),2025-01,monthly,2025,14992.0
0036,Kungaboqar yog'i (1 litr),Масло подсолнечное (1 литр),Sunflower oil (1 liter),Кунгабоқар ёғи (1 литр),2025-01,monthly,2025,17618.0
037,Sariyog',Масло сливочное,Butter,Сариёғ,2025-01,monthly,2025,76942.0
039,Limon,Лимоны,Lemons,Лимон,2025-01,monthly,2025,21925.0
0040,Olma,Яблоки,Apples,Олма,2025-01,monthly,2025,10815.0
041,Nok,Груши,Pears,Нок,2025-01,monthly,2025,21709.0
049,Uzum,Виноград,Grape,Узум,2025-01,monthly,2025,14063.0
0050,Tarvuz,Арбуз,Watermelon,Тарвуз,2025-01,monthly,2025,3628.0
0051,Qovun,Дыня,Melon,Қовун,2025-01,monthly,2025,5063.0
053,Mayiz,Кишмиш,Kishmish,Майиз,2025-01,monthly,2025,43212.0
055,Karam,Капуста,Cabbage,Карам,2025-01,monthly,2025,3005.0
057,Bodring,Огурцы,Cucumbers,Бодринг,2025-01,monthly,2025,19984.0
058,Pomidor,Помидоры,Tomatoes,Помидор,2025-01,monthly,2025,19537.0
059,Baqlajon,Баклажаны,Eggplant,Бақлажон,2025-01,monthly,2025,19657.0
0060,Bulg'or qalampiri,Перец болгарский,Bell pepper,Булғор қалампири,2025-01,monthly,2025,23105.0
061,Qovoq,Тыква,Pumpkin,Қовоқ,2025-01,monthly,2025,2978.0
063,Sabzi,Морковь,Carrot,Сабзи,2025-01,monthly,2025,2897.0
065,Sarimsoq,Чеснок,Garlic,Саримсоқ,2025-01,monthly,2025,29847.0
066,Piyoz,Лук репчатый,Onion,Пиёз,2025-01,monthly,2025,2759.0
069,Kartoshka,Картофель,Potatoes,Картошка,2025-01,monthly,2025,6160.0
0070,Loviya,Фасоль,Beans,Ловия,2025-01,monthly,2025,20370.0
071,No'xot,Горох,Peas,Нўхот,2025-01,monthly,2025,21250.0
0072,Mosh,Маш,Mash,Мош,2025-01,monthly,2025,16102.0
073,Shakar,Сахар песок,Sugar,Шакар,2025-01,monthly,2025,13826.0
001,Guruch,Рис,Rice,Гуруч,2025-02,monthly,2025,16531.0
003,Arpa,Ячмень,Barley,Арпа,2025-02,monthly,2025,3333.0
0004,Bug'doy,Пшеница,Wheat,Буғдой,2025-02,monthly,2025,3065.0
005,Jo'hori,Кукуруза,Corn,Жўҳори,2025-02,monthly,2025,3372.0
006,Kepak,Отруби,Bran,Кепак,2025-02,monthly,2025,2664.0
0008,Shrot,Шрот,Schroth,Шрот,2025-02,monthly,2025,4876.0
009,Shulxa,Шелуха,Husk,Шулха,2025-02,monthly,2025,3658.0
010,Kombikorm,Комбикорм,Compound feed,Комбикорм,2025-02,monthly,2025,2812.0
011,Oliy navli bug'doy uni,Мука пшеничная высшего сорта,High-grade wheat flour,Олий навли буғдой уни,2025-02,monthly,2025,8348.0
0012,1-navli bug'doy uni,Мука пшеничная первого сорта,First grade wheat flour,1-навли буғдой уни,2025-02,monthly,2025,6085.0
013,1-nav bug'doy unidan non,Хлеб пшеничный из муки 1-го сорта,Wheat bread from 1st grade flour,1-нав буғдой унидан нон,2025-02,monthly,2025,6026.0
017,Mol go'shti,Говядина,Beef,Мол гўшти,2025-02,monthly,2025,84927.0
0020,Qo'y go'shti,Баранина,Mutton,Қўй гўшти,2025-02,monthly,2025,80717.0
022,Tovuq go'shti,Мясо птицы,Poultry,Товуқ гўшти,2025-02,monthly,2025,26618.0
026,Turli baliqlar,Рыба всякая,Fish of all kinds,Турли балиқлар,2025-02,monthly,2025,40740.0
027,Yangi sog'ilgan sut (1 litr),Молоко свежее (1 литр),Fresh milk (1 liter),Янги соғилган сут (1 литр),2025-02,monthly,2025,6570.0
034,Tuxum (10 dona),Яйца (10 штук),Eggs (10 pieces ),Тухум (10 дона),2025-02,monthly,2025,10188.0
035,Paxta yog'i (1 litr),Масло хлопковое (1 литр),Cottonseed oil (1 liter),Пахта ёғи (1 литр),2025-02,monthly,2025,15204.0
0036,Kungaboqar yog'i (1 litr),Масло подсолнечное (1 литр),Sunflower oil (1 liter),Кунгабоқар ёғи (1 литр),2025-02,monthly,2025,17874.0
037,Sariyog',Масло сливочное,Butter,Сариёғ,2025-02,monthly,2025,77336.0
039,Limon,Лимоны,Lemons,Лимон,2025-02,monthly,2025,22411.0
0040,Olma,Яблоки,Apples,Олма,2025-02,monthly,2025,10940.0
041,Nok,Груши,Pears,Нок,2025-02,monthly,2025,21456.0
049,Uzum,Виноград,Grape,Узум,2025-02,monthly,2025,15881.0
0050,Tarvuz,Арбуз,Watermelon,Тарвуз,2025-02,monthly,2025,4600.0
0051,Qovun,Дыня,Melon,Қовун,2025-02,monthly,2025,6169.0
053,Mayiz,Кишмиш,Kishmish,Майиз,2025-02,monthly,2025,43226.0
055,Karam,Капуста,Cabbage,Карам,2025-02,monthly,2025,3328.0
057,Bodring,Огурцы,Cucumbers,Бодринг,2025-02,monthly,2025,19588.0
058,Pomidor,Помидоры,Tomatoes,Помидор,2025-02,monthly,2025,18659.0
059,Baqlajon,Баклажаны,Eggplant,Бақлажон,2025-02,monthly,2025,31250.0
0060,Bulg'or qalampiri,Перец болгарский,Bell pepper,Булғор қалампири,2025-02,monthly,2025,26638.0
061,Qovoq,Тыква,Pumpkin,Қовоқ,2025-02,monthly,2025,3260.0
063,Sabzi,Морковь,Carrot,Сабзи,2025-02,monthly,2025,3020.0
065,Sarimsoq,Чеснок,Garlic,Саримсоқ,2025-02,monthly,2025,31174.0
066,Piyoz,Лук репчатый,Onion,Пиёз,2025-02,monthly,2025,2769.0
069,Kartoshka,Картофель,Potatoes,Картошка,2025-02,monthly,2025,6758.0
0070,Loviya,Фасоль,Beans,Ловия,2025-02,monthly,2025,20514.0
071,No'xot,Горох,Peas,Нўхот,2025-02,monthly,2025,21376.0
0072,Mosh,Маш,Mash,Мош,2025-02,monthly,2025,16312.0
073,Shakar,Сахар песок,Sugar,Шакар,2025-02,monthly,2025,13729.0
001,Guruch,Рис,Rice,Гуруч,2025-03,monthly,2025,16483.0
003,Arpa,Ячмень,Barley,Арпа,2025-03,monthly,2025,3459.0
0004,Bug'doy,Пшеница,Wheat,Буғдой,2025-03,monthly,2025,3129.0
005,Jo'hori,Кукуруза,Corn,Жўҳори,2025-03,monthly,2025,3590.0
006,Kepak,Отруби,Bran,Кепак,2025-03,monthly,2025,2727.0
0008,Shrot,Шрот,Schroth,Шрот,2025-03,monthly,2025,5130.0
009,Shulxa,Шелуха,Husk,Шулха,2025-03,monthly,2025,3893.0
010,Kombikorm,Комбикорм,Compound feed,Комбикорм,2025-03,monthly,2025,2833.0
011,Oliy navli bug'doy uni,Мука пшеничная высшего сорта,High-grade wheat flour,Олий навли буғдой уни,2025-03,monthly,2025,8350.0
0012,1-navli bug'doy uni,Мука пшеничная первого сорта,First grade wheat flour,1-навли буғдой уни,2025-03,monthly,2025,6072.0
013,1-nav bug'doy unidan non,Хлеб пшеничный из муки 1-го сорта,Wheat bread from 1st grade flour,1-нав буғдой унидан нон,2025-03,monthly,2025,6037.0
017,Mol go'shti,Говядина,Beef,Мол гўшти,2025-03,monthly,2025,91090.0
0020,Qo'y go'shti,Баранина,Mutton,Қўй гўшти,2025-03,monthly,2025,86654.0
022,Tovuq go'shti,Мясо птицы,Poultry,Товуқ гўшти,2025-03,monthly,2025,26619.0
026,Turli baliqlar,Рыба всякая,Fish of all kinds,Турли балиқлар,2025-03,monthly,2025,41423.0
027,Yangi sog'ilgan sut (1 litr),Молоко свежее (1 литр),Fresh milk (1 liter),Янги соғилган сут (1 литр),2025-03,monthly,2025,6628.0
034,Tuxum (10 dona),Яйца (10 штук),Eggs (10 pieces ),Тухум (10 дона),2025-03,monthly,2025,10368.0
035,Paxta yog'i (1 litr),Масло хлопковое (1 литр),Cottonseed oil (1 liter),Пахта ёғи (1 литр),2025-03,monthly,2025,15543.0
0036,Kungaboqar yog'i (1 litr),Масло подсолнечное (1 литр),Sunflower oil (1 liter),Кунгабоқар ёғи (1 литр),2025-03,monthly,2025,18305.0
037,Sariyog',Масло сливочное,Butter,Сариёғ,2025-03,monthly,2025,77915.0
039,Limon,Лимоны,Lemons,Лимон,2025-03,monthly,2025,23711.0
0040,Olma,Яблоки,Apples,Олма,2025-03,monthly,2025,11183.0
041,Nok,Груши,Pears,Нок,2025-03,monthly,2025,21568.0
049,Uzum,Виноград,Grape,Узум,2025-03,monthly,2025,19193.0
0051,Qovun,Дыня,Melon,Қовун,2025-03,monthly,2025,8839.0
053,Mayiz,Кишмиш,Kishmish,Майиз,2025-03,monthly,2025,43220.0
055,Karam,Капуста,Cabbage,Карам,2025-03,monthly,2025,3886.0
057,Bodring,Огурцы,Cucumbers,Бодринг,2025-03,monthly,2025,21948.0
058,Pomidor,Помидоры,Tomatoes,Помидор,2025-03,monthly,2025,24973.0
059,Baqlajon,Баклажаны,Eggplant,Бақлажон,2025-03,monthly,2025,36500.0
0060,Bulg'or qalampiri,Перец болгарский,Bell pepper,Булғор қалампири,2025-03,monthly,2025,29289.0
061,Qovoq,Тыква,Pumpkin,Қовоқ,2025-03,monthly,2025,4314.0
063,Sabzi,Морковь,Carrot,Сабзи,2025-03,monthly,2025,4276.0
065,Sarimsoq,Чеснок,Garlic,Саримсоқ,2025-03,monthly,2025,31504.0
066,Piyoz,Лук репчатый,Onion,Пиёз,2025-03,monthly,2025,2880.0
069,Kartoshka,Картофель,Potatoes,Картошка,2025-03,monthly,2025,6043.0
0070,Loviya,Фасоль,Beans,Ловия,2025-03,monthly,2025,20615.0
071,No'xot,Горох,Peas,Нўхот,2025-03,monthly,2025,21494.0
0072,Mosh,Маш,Mash,Мош,2025-03,monthly,2025,16780.0
073,Shakar,Сахар песок,Sugar,Шакар,2025-03,monthly,2025,13821.0
001,Guruch,Рис,Rice,Гуруч,2025-04,monthly,2025,16231.0
003,Arpa,Ячмень,Barley,Арпа,2025-04,monthly,2025,3600.0
0004,Bug'doy,Пшеница,Wheat,Буғдой,2025-04,monthly,2025,3149.0
005,Jo'hori,Кукуруза,Corn,Жўҳори,2025-04,monthly,2025,3928.0
006,Kepak,Отруби,Bran,Кепак,2025-04,monthly,2025,2878.0
0008,Shrot,Шрот,Schroth,Шрот,2025-04,monthly,2025,5358.0
009,Shulxa,Шелуха,Husk,Шулха,2025-04,monthly,2025,4341.0
010,Kombikorm,Комбикорм,Compound feed,Комбикорм,2025-04,monthly,2025,2829.0
011,Oliy navli bug'doy uni,Мука пшеничная высшего сорта,High-grade wheat flour,Олий навли буғдой уни,2025-04,monthly,2025,8390.0
0012,1-navli bug'doy uni,Мука пшеничная первого сорта,First grade wheat flour,1-навли буғдой уни,2025-04,monthly,2025,6068.0
013,1-nav bug'doy unidan non,Хлеб пшеничный из муки 1-го сорта,Wheat bread from 1st grade flour,1-нав буғдой унидан нон,2025-04,monthly,2025,6033.0
017,Mol go'shti,Говядина,Beef,Мол гўшти,2025-04,monthly,2025,94144.0
0020,Qo'y go'shti,Баранина,Mutton,Қўй гўшти,2025-04,monthly,2025,90424.0
022,Tovuq go'shti,Мясо птицы,Poultry,Товуқ гўшти,2025-04,monthly,2025,26564.0
026,Turli baliqlar,Рыба всякая,Fish of all kinds,Турли балиқлар,2025-04,monthly,2025,41745.0
027,Yangi sog'ilgan sut (1 litr),Молоко свежее (1 литр),Fresh milk (1 liter),Янги соғилган сут (1 литр),2025-04,monthly,2025,6575.0
034,Tuxum (10 dona),Яйца (10 штук),Eggs (10 pieces ),Тухум (10 дона),2025-04,monthly,2025,10137.0
035,Paxta yog'i (1 litr),Масло хлопковое (1 литр),Cottonseed oil (1 liter),Пахта ёғи (1 литр),2025-04,monthly,2025,16091.0
0036,Kungaboqar yog'i (1 litr),Масло подсолнечное (1 литр),Sunflower oil (1 liter),Кунгабоқар ёғи (1 литр),2025-04,monthly,2025,18777.0
037,Sariyog',Масло сливочное,Butter,Сариёғ,2025-04,monthly,2025,78656.0
039,Limon,Лимоны,Lemons,Лимон,2025-04,monthly,2025,25567.0
0040,Olma,Яблоки,Apples,Олма,2025-04,monthly,2025,11380.0
041,Nok,Груши,Pears,Нок,2025-04,monthly,2025,21326.0
049,Uzum,Виноград,Grape,Узум,2025-04,monthly,2025,22713.0
0051,Qovun,Дыня,Melon,Қовун,2025-04,monthly,2025,10000.0
053,Mayiz,Кишмиш,Kishmish,Майиз,2025-04,monthly,2025,43210.0
055,Karam,Капуста,Cabbage,Карам,2025-04,monthly,2025,4582.0
057,Bodring,Огурцы,Cucumbers,Бодринг,2025-04,monthly,2025,13491.0
058,Pomidor,Помидоры,Tomatoes,Помидор,2025-04,monthly,2025,24961.0
059,Baqlajon,Баклажаны,Eggplant,Бақлажон,2025-04,monthly,2025,36300.0
0060,Bulg'or qalampiri,Перец болгарский,Bell pepper,Булғор қалампири,2025-04,monthly,2025,30967.0
061,Qovoq,Тыква,Pumpkin,Қовоқ,2025-04,monthly,2025,8808.0
063,Sabzi,Морковь,Carrot,Сабзи,2025-04,monthly,2025,4768.0
065,Sarimsoq,Чеснок,Garlic,Саримсоқ,2025-04,monthly,2025,31549.0
066,Piyoz,Лук репчатый,Onion,Пиёз,2025-04,monthly,2025,3512.0
069,Kartoshka,Картофель,Potatoes,Картошка,2025-04,monthly,2025,6175.0
0070,Loviya,Фасоль,Beans,Ловия,2025-04,monthly,2025,20794.0
071,No'xot,Горох,Peas,Нўхот,2025-04,monthly,2025,21682.0
0072,Mosh,Маш,Mash,Мош,2025-04,monthly,2025,17052.0
073,Shakar,Сахар песок,Sugar,Шакар,2025-04,monthly,2025,13920.0
001,Guruch,Рис,Rice,Гуруч,2025-05,monthly,2025,16117.0
003,Arpa,Ячмень,Barley,Арпа,2025-05,monthly,2025,3660.0
0004,Bug'doy,Пшеница,Wheat,Буғдой,2025-05,monthly,2025,3139.0
005,Jo'hori,Кукуруза,Corn,Жўҳори,2025-05,monthly,2025,4054.0
006,Kepak,Отруби,Bran,Кепак,2025-05,monthly,2025,2893.0
0008,Shrot,Шрот,Schroth,Шрот,2025-05,monthly,2025,5466.0
009,Shulxa,Шелуха,Husk,Шулха,2025-05,monthly,2025,4484.0
010,Kombikorm,Комбикорм,Compound feed,Комбикорм,2025-05,monthly,2025,2862.0
011,Oliy navli bug'doy uni,Мука пшеничная высшего сорта,High-grade wheat flour,Олий навли буғдой уни,2025-05,monthly,2025,8399.0
0012,1-navli bug'doy uni,Мука пшеничная первого сорта,First grade wheat flour,1-навли буғдой уни,2025-05,monthly,2025,6067.0
013,1-nav bug'doy unidan non,Хлеб пшеничный из муки 1-го сорта,Wheat bread from 1st grade flour,1-нав буғдой унидан нон,2025-05,monthly,2025,6039.0
017,Mol go'shti,Говядина,Beef,Мол гўшти,2025-05,monthly,2025,94825.0
0020,Qo'y go'shti,Баранина,Mutton,Қўй гўшти,2025-05,monthly,2025,91233.0
022,Tovuq go'shti,Мясо птицы,Poultry,Товуқ гўшти,2025-05,monthly,2025,26499.0
026,Turli baliqlar,Рыба всякая,Fish of all kinds,Турли балиқлар,2025-05,monthly,2025,41757.0
027,Yangi sog'ilgan sut (1 litr),Молоко свежее (1 литр),Fresh milk (1 liter),Янги соғилган сут (1 литр),2025-05,monthly,2025,6550.0
034,Tuxum (10 dona),Яйца (10 штук),Eggs (10 pieces ),Тухум (10 дона),2025-05,monthly,2025,9711.0
035,Paxta yog'i (1 litr),Масло хлопковое (1 литр),Cottonseed oil (1 liter),Пахта ёғи (1 литр),2025-05,monthly,2025,16457.0
0036,Kungaboqar yog'i (1 litr),Масло подсолнечное (1 литр),Sunflower oil (1 liter),Кунгабоқар ёғи (1 литр),2025-05,monthly,2025,18987.0
037,Sariyog',Масло сливочное,Butter,Сариёғ,2025-05,monthly,2025,79030.0
039,Limon,Лимоны,Lemons,Лимон,2025-05,monthly,2025,30305.0
0040,Olma,Яблоки,Apples,Олма,2025-05,monthly,2025,11404.0
041,Nok,Груши,Pears,Нок,2025-05,monthly,2025,21399.0
0050,Tarvuz,Арбуз,Watermelon,Тарвуз,2025-05,monthly,2025,10970.0
0051,Qovun,Дыня,Melon,Қовун,2025-05,monthly,2025,7230.0
053,Mayiz,Кишмиш,Kishmish,Майиз,2025-05,monthly,2025,43210.0
055,Karam,Капуста,Cabbage,Карам,2025-05,monthly,2025,4508.0
057,Bodring,Огурцы,Cucumbers,Бодринг,2025-05,monthly,2025,4822.0
058,Pomidor,Помидоры,Tomatoes,Помидор,2025-05,monthly,2025,15762.0
059,Baqlajon,Баклажаны,Eggplant,Бақлажон,2025-05,monthly,2025,16113.0
0060,Bulg'or qalampiri,Перец болгарский,Bell pepper,Булғор қалампири,2025-05,monthly,2025,20021.0
061,Qovoq,Тыква,Pumpkin,Қовоқ,2025-05,monthly,2025,7196.0
063,Sabzi,Морковь,Carrot,Сабзи,2025-05,monthly,2025,4913.0
065,Sarimsoq,Чеснок,Garlic,Саримсоқ,2025-05,monthly,2025,27451.0
066,Piyoz,Лук репчатый,Onion,Пиёз,2025-05,monthly,2025,3765.0
069,Kartoshka,Картофель,Potatoes,Картошка,2025-05,monthly,2025,6022.0
0070,Loviya,Фасоль,Beans,Ловия,2025-05,monthly,2025,20979.0
071,No'xot,Горох,Peas,Нўхот,2025-05,monthly,2025,21670.0
0072,Mosh,Маш,Mash,Мош,2025-05,monthly,2025,17178.0
073,Shakar,Сахар песок,Sugar,Шакар,2025-05,monthly,2025,13962.0
001,Guruch,Рис,Rice,Гуруч,2025-06,monthly,2025,16086.0
003,Arpa,Ячмень,Barley,Арпа,2025-06,monthly,2025,3515.0
0004,Bug'doy,Пшеница,Wheat,Буғдой,2025-06,monthly,2025,3074.0
005,Jo'hori,Кукуруза,Corn,Жўҳори,2025-06,monthly,2025,4184.0
006,Kepak,Отруби,Bran,Кепак,2025-06,monthly,2025,2890.0
0008,Shrot,Шрот,Schroth,Шрот,2025-06,monthly,2025,5505.0
009,Shulxa,Шелуха,Husk,Шулха,2025-06,monthly,2025,4528.0
010,Kombikorm,Комбикорм,Compound feed,Комбикорм,2025-06,monthly,2025,2884.0
011,Oliy navli bug'doy uni,Мука пшеничная высшего сорта,High-grade wheat flour,Олий навли буғдой уни,2025-06,monthly,2025,8390.0
0012,1-navli bug'doy uni,Мука пшеничная первого сорта,First grade wheat flour,1-навли буғдой уни,2025-06,monthly,2025,6067.0
013,1-nav bug'doy unidan non,Хлеб пшеничный из муки 1-го сорта,Wheat bread from 1st grade flour,1-нав буғдой унидан нон,2025-06,monthly,2025,6039.0
017,Mol go'shti,Говядина,Beef,Мол гўшти,2025-06,monthly,2025,94966.0
0020,Qo'y go'shti,Баранина,Mutton,Қўй гўшти,2025-06,monthly,2025,91212.0
022,Tovuq go'shti,Мясо птицы,Poultry,Товуқ гўшти,2025-06,monthly,2025,27155.0
026,Turli baliqlar,Рыба всякая,Fish of all kinds,Турли балиқлар,2025-06,monthly,2025,41757.0
027,Yangi sog'ilgan sut (1 litr),Молоко свежее (1 литр),Fresh milk (1 liter),Янги соғилган сут (1 литр),2025-06,monthly,2025,6541.0
034,Tuxum (10 dona),Яйца (10 штук),Eggs (10 pieces ),Тухум (10 дона),2025-06,monthly,2025,9779.0
035,Paxta yog'i (1 litr),Масло хлопковое (1 литр),Cottonseed oil (1 liter),Пахта ёғи (1 литр),2025-06,monthly,2025,16567.0
0036,Kungaboqar yog'i (1 litr),Масло подсолнечное (1 литр),Sunflower oil (1 liter),Кунгабоқар ёғи (1 литр),2025-06,monthly,2025,19038.0
037,Sariyog',Масло сливочное,Butter,Сариёғ,2025-06,monthly,2025,79009.0
039,Limon,Лимоны,Lemons,Лимон,2025-06,monthly,2025,36076.0
0040,Olma,Яблоки,Apples,Олма,2025-06,monthly,2025,10844.0
041,Nok,Груши,Pears,Нок,2025-06,monthly,2025,21741.0
049,Uzum,Виноград,Grape,Узум,2025-06,monthly,2025,16917.0
0050,Tarvuz,Арбуз,Watermelon,Тарвуз,2025-06,monthly,2025,2229.0
0051,Qovun,Дыня,Melon,Қовун,2025-06,monthly,2025,4184.0
053,Mayiz,Кишмиш,Kishmish,Майиз,2025-06,monthly,2025,43244.0
055,Karam,Капуста,Cabbage,Карам,2025-06,monthly,2025,3916.0
057,Bodring,Огурцы,Cucumbers,Бодринг,2025-06,monthly,2025,3494.0
058,Pomidor,Помидоры,Tomatoes,Помидор,2025-06,monthly,2025,9022.0
059,Baqlajon,Баклажаны,Eggplant,Бақлажон,2025-06,monthly,2025,8448.0
0060,Bulg'or qalampiri,Перец болгарский,Bell pepper,Булғор қалампири,2025-06,monthly,2025,10687.0
061,Qovoq,Тыква,Pumpkin,Қовоқ,2025-06,monthly,2025,4269.0
063,Sabzi,Морковь,Carrot,Сабзи,2025-06,monthly,2025,5389.0
065,Sarimsoq,Чеснок,Garlic,Саримсоқ,2025-06,monthly,2025,24046.0
066,Piyoz,Лук репчатый,Onion,Пиёз,2025-06,monthly,2025,3678.0
069,Kartoshka,Картофель,Potatoes,Картошка,2025-06,monthly,2025,5805.0
0070,Loviya,Фасоль,Beans,Ловия,2025-06,monthly,2025,20816.0
071,No'xot,Горох,Peas,Нўхот,2025-06,monthly,2025,21627.0
0072,Mosh,Маш,Mash,Мош,2025-06,monthly,2025,17128.0
073,Shakar,Сахар песок,Sugar,Шакар,2025-06,monthly,2025,13954.0
001,Guruch,Рис,Rice,Гуруч,2025-07,monthly,2025,16095.0
003,Arpa,Ячмень,Barley,Арпа,2025-07,monthly,2025,3518.0
0004,Bug'doy,Пшеница,Wheat,Буғдой,2025-07,monthly,2025,2957.0
005,Jo'hori,Кукуруза,Corn,Жўҳори,2025-07,monthly,2025,4309.0
006,Kepak,Отруби,Bran,Кепак,2025-07,monthly,2025,2889.0
0008,Shrot,Шрот,Schroth,Шрот,2025-07,monthly,2025,5542.0
009,Shulxa,Шелуха,Husk,Шулха,2025-07,monthly,2025,4569.0
010,Kombikorm,Комбикорм,Compound feed,Комбикорм,2025-07,monthly,2025,2884.0
011,Oliy navli bug'doy uni,Мука пшеничная высшего сорта,High-grade wheat flour,Олий навли буғдой уни,2025-07,monthly,2025,8388.0
0012,1-navli bug'doy uni,Мука пшеничная первого сорта,First grade wheat flour,1-навли буғдой уни,2025-07,monthly,2025,6066.0
013,1-nav bug'doy unidan non,Хлеб пшеничный из муки 1-го сорта,Wheat bread from 1st grade flour,1-нав буғдой унидан нон,2025-07,monthly,2025,6081.0
017,Mol go'shti,Говядина,Beef,Мол гўшти,2025-07,monthly,2025,99040.0
0020,Qo'y go'shti,Баранина,Mutton,Қўй гўшти,2025-07,monthly,2025,94453.0
022,Tovuq go'shti,Мясо птицы,Poultry,Товуқ гўшти,2025-07,monthly,2025,27338.0
026,Turli baliqlar,Рыба всякая,Fish of all kinds,Турли балиқлар,2025-07,monthly,2025,41959.0
027,Yangi sog'ilgan sut (1 litr),Молоко свежее (1 литр),Fresh milk (1 liter),Янги соғилган сут (1 литр),2025-07,monthly,2025,6679.0
034,Tuxum (10 dona),Яйца (10 штук),Eggs (10 pieces ),Тухум (10 дона),2025-07,monthly,2025,9820.0
035,Paxta yog'i (1 litr),Масло хлопковое (1 литр),Cottonseed oil (1 liter),Пахта ёғи (1 литр),2025-07,monthly,2025,16666.0
0036,Kungaboqar yog'i (1 litr),Масло подсолнечное (1 литр),Sunflower oil (1 liter),Кунгабоқар ёғи (1 литр),2025-07,monthly,2025,19077.0
037,Sariyog',Масло сливочное,Butter,Сариёғ,2025-07,monthly,2025,84348.0
039,Limon,Лимоны,Lemons,Лимон,2025-07,monthly,2025,49612.0
0040,Olma,Яблоки,Apples,Олма,2025-07,monthly,2025,10764.0
041,Nok,Груши,Pears,Нок,2025-07,monthly,2025,22105.0
049,Uzum,Виноград,Grape,Узум,2025-07,monthly,2025,12906.0
0050,Tarvuz,Арбуз,Watermelon,Тарвуз,2025-07,monthly,2025,1790.0
0051,Qovun,Дыня,Melon,Қовун,2025-07,monthly,2025,3941.0
053,Mayiz,Кишмиш,Kishmish,Майиз,2025-07,monthly,2025,46455.0
055,Karam,Капуста,Cabbage,Карам,2025-07,monthly,2025,4048.0
057,Bodring,Огурцы,Cucumbers,Бодринг,2025-07,monthly,2025,6962.0
058,Pomidor,Помидоры,Tomatoes,Помидор,2025-07,monthly,2025,4844.0
059,Baqlajon,Баклажаны,Eggplant,Бақлажон,2025-07,monthly,2025,4651.0
0060,Bulg'or qalampiri,Перец болгарский,Bell pepper,Булғор қалампири,2025-07,monthly,2025,5829.0
061,Qovoq,Тыква,Pumpkin,Қовоқ,2025-07,monthly,2025,3937.0
063,Sabzi,Морковь,Carrot,Сабзи,2025-07,monthly,2025,5228.0
065,Sarimsoq,Чеснок,Garlic,Саримсоқ,2025-07,monthly,2025,23698.0
066,Piyoz,Лук репчатый,Onion,Пиёз,2025-07,monthly,2025,3621.0
069,Kartoshka,Картофель,Potatoes,Картошка,2025-07,monthly,2025,5649.0
0070,Loviya,Фасоль,Beans,Ловия,2025-07,monthly,2025,20435.0
071,No'xot,Горох,Peas,Нўхот,2025-07,monthly,2025,21616.0
0072,Mosh,Маш,Mash,Мош,2025-07,monthly,2025,17018.0
073,Shakar,Сахар песок,Sugar,Шакар,2025-07,monthly,2025,14000.0
001,Guruch,Рис,Rice,Гуруч,2025-08,monthly,2025,16167.0
003,Arpa,Ячмень,Barley,Арпа,2025-08,monthly,2025,3727.0
0004,Bug'doy,Пшеница,Wheat,Буғдой,2025-08,monthly,2025,3064.0
005,Jo'hori,Кукуруза,Corn,Жўҳори,2025-08,monthly,2025,4430.0
006,Kepak,Отруби,Bran,Кепак,2025-08,monthly,2025,3030.0
0008,Shrot,Шрот,Schroth,Шрот,2025-08,monthly,2025,5749.0
009,Shulxa,Шелуха,Husk,Шулха,2025-08,monthly,2025,4815.0
010,Kombikorm,Комбикорм,Compound feed,Комбикорм,2025-08,monthly,2025,2914.0
011,Oliy navli bug'doy uni,Мука пшеничная высшего сорта,High-grade wheat flour,Олий навли буғдой уни,2025-08,monthly,2025,8392.0
0012,1-navli bug'doy uni,Мука пшеничная первого сорта,First grade wheat flour,1-навли буғдой уни,2025-08,monthly,2025,6069.0
013,1-nav bug'doy unidan non,Хлеб пшеничный из муки 1-го сорта,Wheat bread from 1st grade flour,1-нав буғдой унидан нон,2025-08,monthly,2025,6083.0
017,Mol go'shti,Говядина,Beef,Мол гўшти,2025-08,monthly,2025,100028.0
0020,Qo'y go'shti,Баранина,Mutton,Қўй гўшти,2025-08,monthly,2025,98373.0
022,Tovuq go'shti,Мясо птицы,Poultry,Товуқ гўшти,2025-08,monthly,2025,27769.0
026,Turli baliqlar,Рыба всякая,Fish of all kinds,Турли балиқлар,2025-08,monthly,2025,41764.0
027,Yangi sog'ilgan sut (1 litr),Молоко свежее (1 литр),Fresh milk (1 liter),Янги соғилган сут (1 литр),2025-08,monthly,2025,6726.0
034,Tuxum (10 dona),Яйца (10 штук),Eggs (10 pieces ),Тухум (10 дона),2025-08,monthly,2025,10009.0
035,Paxta yog'i (1 litr),Масло хлопковое (1 литр),Cottonseed oil (1 liter),Пахта ёғи (1 литр),2025-08,monthly,2025,16981.0
0036,Kungaboqar yog'i (1 litr),Масло подсолнечное (1 литр),Sunflower oil (1 liter),Кунгабоқар ёғи (1 литр),2025-08,monthly,2025,19158.0
037,Sariyog',Масло сливочное,Butter,Сариёғ,2025-08,monthly,2025,84660.0
039,Limon,Лимоны,Lemons,Лимон,2025-08,monthly,2025,56274.0
0040,Olma,Яблоки,Apples,Олма,2025-08,monthly,2025,10863.0
041,Nok,Груши,Pears,Нок,2025-08,monthly,2025,21559.0
049,Uzum,Виноград,Grape,Узум,2025-08,monthly,2025,9369.0
0050,Tarvuz,Арбуз,Watermelon,Тарвуз,2025-08,monthly,2025,2580.0
0051,Qovun,Дыня,Melon,Қовун,2025-08,monthly,2025,4024.0
053,Mayiz,Кишмиш,Kishmish,Майиз,2025-08,monthly,2025,46424.0
055,Karam,Капуста,Cabbage,Карам,2025-08,monthly,2025,4418.0
057,Bodring,Огурцы,Cucumbers,Бодринг,2025-08,monthly,2025,8963.0
058,Pomidor,Помидоры,Tomatoes,Помидор,2025-08,monthly,2025,3740.0
059,Baqlajon,Баклажаны,Eggplant,Бақлажон,2025-08,monthly,2025,3927.0
0060,Bulg'or qalampiri,Перец болгарский,Bell pepper,Булғор қалампири,2025-08,monthly,2025,5069.0
061,Qovoq,Тыква,Pumpkin,Қовоқ,2025-08,monthly,2025,3682.0
063,Sabzi,Морковь,Carrot,Сабзи,2025-08,monthly,2025,4896.0
065,Sarimsoq,Чеснок,Garlic,Саримсоқ,2025-08,monthly,2025,24772.0
066,Piyoz,Лук репчатый,Onion,Пиёз,2025-08,monthly,2025,3531.0
069,Kartoshka,Картофель,Potatoes,Картошка,2025-08,monthly,2025,5797.0
0070,Loviya,Фасоль,Beans,Ловия,2025-08,monthly,2025,19956.0
071,No'xot,Горох,Peas,Нўхот,2025-08,monthly,2025,21638.0
0072,Mosh,Маш,Mash,Мош,2025-08,monthly,2025,17057.0
073,Shakar,Сахар песок,Sugar,Шакар,2025-08,monthly,2025,13929.0
001,Guruch,Рис,Rice,Гуруч,2025-09,monthly,2025,16234.0
003,Arpa,Ячмень,Barley,Арпа,2025-09,monthly,2025,3807.0
0004,Bug'doy,Пшеница,Wheat,Буғдой,2025-09,monthly,2025,3089.0
005,Jo'hori,Кукуруза,Corn,Жўҳори,2025-09,monthly,2025,4269.0
006,Kepak,Отруби,Bran,Кепак,2025-09,monthly,2025,2967.0
0008,Shrot,Шрот,Schroth,Шрот,2025-09,monthly,2025,5860.0
009,Shulxa,Шелуха,Husk,Шулха,2025-09,monthly,2025,5391.0
010,Kombikorm,Комбикорм,Compound feed,Комбикорм,2025-09,monthly,2025,2914.0
011,Oliy navli bug'doy uni,Мука пшеничная высшего сорта,High-grade wheat flour,Олий навли буғдой уни,2025-09,monthly,2025,8435.0
0012,1-navli bug'doy uni,Мука пшеничная первого сорта,First grade wheat flour,1-навли буғдой уни,2025-09,monthly,2025,6083.0
013,1-nav bug'doy unidan non,Хлеб пшеничный из муки 1-го сорта,Wheat bread from 1st grade flour,1-нав буғдой унидан нон,2025-09,monthly,2025,6080.0
017,Mol go'shti,Говядина,Beef,Мол гўшти,2025-09,monthly,2025,100726.0
0020,Qo'y go'shti,Баранина,Mutton,Қўй гўшти,2025-09,monthly,2025,99297.0
022,Tovuq go'shti,Мясо птицы,Poultry,Товуқ гўшти,2025-09,monthly,2025,27933.0
026,Turli baliqlar,Рыба всякая,Fish of all kinds,Турли балиқлар,2025-09,monthly,2025,41734.0
027,Yangi sog'ilgan sut (1 litr),Молоко свежее (1 литр),Fresh milk (1 liter),Янги соғилган сут (1 литр),2025-09,monthly,2025,6773.0
034,Tuxum (10 dona),Яйца (10 штук),Eggs (10 pieces ),Тухум (10 дона),2025-09,monthly,2025,11324.0
035,Paxta yog'i (1 litr),Масло хлопковое (1 литр),Cottonseed oil (1 liter),Пахта ёғи (1 литр),2025-09,monthly,2025,17511.0
0036,Kungaboqar yog'i (1 litr),Масло подсолнечное (1 литр),Sunflower oil (1 liter),Кунгабоқар ёғи (1 литр),2025-09,monthly,2025,19372.0
037,Sariyog',Масло сливочное,Butter,Сариёғ,2025-09,monthly,2025,84693.0
039,Limon,Лимоны,Lemons,Лимон,2025-09,monthly,2025,46835.0
0040,Olma,Яблоки,Apples,Олма,2025-09,monthly,2025,10930.0
041,Nok,Груши,Pears,Нок,2025-09,monthly,2025,21657.0
049,Uzum,Виноград,Grape,Узум,2025-09,monthly,2025,9072.0
0050,Tarvuz,Арбуз,Watermelon,Тарвуз,2025-09,monthly,2025,3043.0
0051,Qovun,Дыня,Melon,Қовун,2025-09,monthly,2025,4456.0
053,Mayiz,Кишмиш,Kishmish,Майиз,2025-09,monthly,2025,46354.0
055,Karam,Капуста,Cabbage,Карам,2025-09,monthly,2025,4354.0
057,Bodring,Огурцы,Cucumbers,Бодринг,2025-09,monthly,2025,6033.0
058,Pomidor,Помидоры,Tomatoes,Помидор,2025-09,monthly,2025,4811.0
059,Baqlajon,Баклажаны,Eggplant,Бақлажон,2025-09,monthly,2025,4052.0
0060,Bulg'or qalampiri,Перец болгарский,Bell pepper,Булғор қалампири,2025-09,monthly,2025,5191.0
061,Qovoq,Тыква,Pumpkin,Қовоқ,2025-09,monthly,2025,3695.0
063,Sabzi,Морковь,Carrot,Сабзи,2025-09,monthly,2025,4976.0
065,Sarimsoq,Чеснок,Garlic,Саримсоқ,2025-09,monthly,2025,25214.0
066,Piyoz,Лук репчатый,Onion,Пиёз,2025-09,monthly,2025,3334.0
069,Kartoshka,Картофель,Potatoes,Картошка,2025-09,monthly,2025,5730.0
0070,Loviya,Фасоль,Beans,Ловия,2025-09,monthly,2025,19902.0
071,No'xot,Горох,Peas,Нўхот,2025-09,monthly,2025,21657.0
0072,Mosh,Маш,Mash,Мош,2025-09,monthly,2025,17161.0
073,Shakar,Сахар песок,Sugar,Шакар,2025-09,monthly,2025,13947.0
001,Guruch,Рис,Rice,Гуруч,2025-10,monthly,2025,16055.0
003,Arpa,Ячмень,Barley,Арпа,2025-10,monthly,2025,3766.0
0004,Bug'doy,Пшеница,Wheat,Буғдой,2025-10,monthly,2025,3115.0
005,Jo'hori,Кукуруза,Corn,Жўҳори,2025-10,monthly,2025,4200.0
006,Kepak,Отруби,Bran,Кепак,2025-10,monthly,2025,2956.0
0008,Shrot,Шрот,Schroth,Шрот,2025-10,monthly,2025,6020.0
009,Shulxa,Шелуха,Husk,Шулха,2025-10,monthly,2025,5359.0
010,Kombikorm,Комбикорм,Compound feed,Комбикорм,2025-10,monthly,2025,2929.0
011,Oliy navli bug'doy uni,Мука пшеничная высшего сорта,High-grade wheat flour,Олий навли буғдой уни,2025-10,monthly,2025,8688.0
0012,1-navli bug'doy uni,Мука пшеничная первого сорта,First grade wheat flour,1-навли буғдой уни,2025-10,monthly,2025,6232.0
013,1-nav bug'doy unidan non,Хлеб пшеничный из муки 1-го сорта,Wheat bread from 1st grade flour,1-нав буғдой унидан нон,2025-10,monthly,2025,6149.0
017,Mol go'shti,Говядина,Beef,Мол гўшти,2025-10,monthly,2025,101101.0
0020,Qo'y go'shti,Баранина,Mutton,Қўй гўшти,2025-10,monthly,2025,100453.0
022,Tovuq go'shti,Мясо птицы,Poultry,Товуқ гўшти,2025-10,monthly,2025,27746.0
026,Turli baliqlar,Рыба всякая,Fish of all kinds,Турли балиқлар,2025-10,monthly,2025,41753.0
027,Yangi sog'ilgan sut (1 litr),Молоко свежее (1 литр),Fresh milk (1 liter),Янги соғилган сут (1 литр),2025-10,monthly,2025,6742.0
034,Tuxum (10 dona),Яйца (10 штук),Eggs (10 pieces ),Тухум (10 дона),2025-10,monthly,2025,12035.0
035,Paxta yog'i (1 litr),Масло хлопковое (1 литр),Cottonseed oil (1 liter),Пахта ёғи (1 литр),2025-10,monthly,2025,19047.0
0036,Kungaboqar yog'i (1 litr),Масло подсолнечное (1 литр),Sunflower oil (1 liter),Кунгабоқар ёғи (1 литр),2025-10,monthly,2025,20361.0
037,Sariyog',Масло сливочное,Butter,Сариёғ,2025-10,monthly,2025,89579.0
039,Limon,Лимоны,Lemons,Лимон,2025-10,monthly,2025,34654.0
0040,Olma,Яблоки,Apples,Олма,2025-10,monthly,2025,11523.0
041,Nok,Груши,Pears,Нок,2025-10,monthly,2025,21347.0
049,Uzum,Виноград,Grape,Узум,2025-10,monthly,2025,10107.0
0050,Tarvuz,Арбуз,Watermelon,Тарвуз,2025-10,monthly,2025,3634.0
0051,Qovun,Дыня,Melon,Қовун,2025-10,monthly,2025,4931.0
053,Mayiz,Кишмиш,Kishmish,Майиз,2025-10,monthly,2025,48217.0
055,Karam,Капуста,Cabbage,Карам,2025-10,monthly,2025,4411.0
057,Bodring,Огурцы,Cucumbers,Бодринг,2025-10,monthly,2025,9326.0
058,Pomidor,Помидоры,Tomatoes,Помидор,2025-10,monthly,2025,8290.0
059,Baqlajon,Баклажаны,Eggplant,Бақлажон,2025-10,monthly,2025,4780.0
0060,Bulg'or qalampiri,Перец болгарский,Bell pepper,Булғор қалампири,2025-10,monthly,2025,7293.0
061,Qovoq,Тыква,Pumpkin,Қовоқ,2025-10,monthly,2025,4001.0
063,Sabzi,Морковь,Carrot,Сабзи,2025-10,monthly,2025,4342.0
065,Sarimsoq,Чеснок,Garlic,Саримсоқ,2025-10,monthly,2025,25563.0
066,Piyoz,Лук репчатый,Onion,Пиёз,2025-10,monthly,2025,2826.0
069,Kartoshka,Картофель,Potatoes,Картошка,2025-10,monthly,2025,5372.0
0070,Loviya,Фасоль,Beans,Ловия,2025-10,monthly,2025,20239.0
071,No'xot,Горох,Peas,Нўхот,2025-10,monthly,2025,21742.0
0072,Mosh,Маш,Mash,Мош,2025-10,monthly,2025,17842.0
073,Shakar,Сахар песок,Sugar,Шакар,2025-10,monthly,2025,13771.0
001,Guruch,Рис,Rice,Гуруч,2025-11,monthly,2025,15087.0
003,Arpa,Ячмень,Barley,Арпа,2025-11,monthly,2025,3795.0
0004,Bug'doy,Пшеница,Wheat,Буғдой,2025-11,monthly,2025,3245.0
005,Jo'hori,Кукуруза,Corn,Жўҳори,2025-11,monthly,2025,4138.0
006,Kepak,Отруби,Bran,Кепак,2025-11,monthly,2025,2943.0
0008,Shrot,Шрот,Schroth,Шрот,2025-11,monthly,2025,5689.0
009,Shulxa,Шелуха,Husk,Шулха,2025-11,monthly,2025,4540.0
010,Kombikorm,Комбикорм,Compound feed,Комбикорм,2025-11,monthly,2025,3008.0
011,Oliy navli bug'doy uni,Мука пшеничная высшего сорта,High-grade wheat flour,Олий навли буғдой уни,2025-11,monthly,2025,8772.0
0012,1-navli bug'doy uni,Мука пшеничная первого сорта,First grade wheat flour,1-навли буғдой уни,2025-11,monthly,2025,6284.0
013,1-nav bug'doy unidan non,Хлеб пшеничный из муки 1-го сорта,Wheat bread from 1st grade flour,1-нав буғдой унидан нон,2025-11,monthly,2025,6166.0
017,Mol go'shti,Говядина,Beef,Мол гўшти,2025-11,monthly,2025,101151.0
0020,Qo'y go'shti,Баранина,Mutton,Қўй гўшти,2025-11,monthly,2025,101141.0
022,Tovuq go'shti,Мясо птицы,Poultry,Товуқ гўшти,2025-11,monthly,2025,27434.0
026,Turli baliqlar,Рыба всякая,Fish of all kinds,Турли балиқлар,2025-11,monthly,2025,41642.0
027,Yangi sog'ilgan sut (1 litr),Молоко свежее (1 литр),Fresh milk (1 liter),Янги соғилган сут (1 литр),2025-11,monthly,2025,6728.0
034,Tuxum (10 dona),Яйца (10 штук),Eggs (10 pieces ),Тухум (10 дона),2025-11,monthly,2025,12216.0
035,Paxta yog'i (1 litr),Масло хлопковое (1 литр),Cottonseed oil (1 liter),Пахта ёғи (1 литр),2025-11,monthly,2025,19292.0
0036,Kungaboqar yog'i (1 litr),Масло подсолнечное (1 литр),Sunflower oil (1 liter),Кунгабоқар ёғи (1 литр),2025-11,monthly,2025,20578.0
037,Sariyog',Масло сливочное,Butter,Сариёғ,2025-11,monthly,2025,92121.0
039,Limon,Лимоны,Lemons,Лимон,2025-11,monthly,2025,33367.0
0040,Olma,Яблоки,Apples,Олма,2025-11,monthly,2025,12143.0
041,Nok,Груши,Pears,Нок,2025-11,monthly,2025,20935.0
049,Uzum,Виноград,Grape,Узум,2025-11,monthly,2025,11760.0
0050,Tarvuz,Арбуз,Watermelon,Тарвуз,2025-11,monthly,2025,4478.0
0051,Qovun,Дыня,Melon,Қовун,2025-11,monthly,2025,5393.0
053,Mayiz,Кишмиш,Kishmish,Майиз,2025-11,monthly,2025,48951.0
055,Karam,Капуста,Cabbage,Карам,2025-11,monthly,2025,4130.0
057,Bodring,Огурцы,Cucumbers,Бодринг,2025-11,monthly,2025,17259.0
058,Pomidor,Помидоры,Tomatoes,Помидор,2025-11,monthly,2025,16174.0
059,Baqlajon,Баклажаны,Eggplant,Бақлажон,2025-11,monthly,2025,6569.0
0060,Bulg'or qalampiri,Перец болгарский,Bell pepper,Булғор қалампири,2025-11,monthly,2025,12260.0
061,Qovoq,Тыква,Pumpkin,Қовоқ,2025-11,monthly,2025,4016.0
063,Sabzi,Морковь,Carrot,Сабзи,2025-11,monthly,2025,3190.0
065,Sarimsoq,Чеснок,Garlic,Саримсоқ,2025-11,monthly,2025,25646.0
066,Piyoz,Лук репчатый,Onion,Пиёз,2025-11,monthly,2025,2590.0
069,Kartoshka,Картофель,Potatoes,Картошка,2025-11,monthly,2025,5150.0
0070,Loviya,Фасоль,Beans,Ловия,2025-11,monthly,2025,20158.0
071,No'xot,Горох,Peas,Нўхот,2025-11,monthly,2025,21719.0
0072,Mosh,Маш,Mash,Мош,2025-11,monthly,2025,17946.0
073,Shakar,Сахар песок,Sugar,Шакар,2025-11,monthly,2025,13149.0
001,Guruch,Рис,Rice,Гуруч,2025-12,monthly,2025,14596.0
003,Arpa,Ячмень,Barley,Арпа,2025-12,monthly,2025,3924.0
0004,Bug'doy,Пшеница,Wheat,Буғдой,2025-12,monthly,2025,3476.0
005,Jo'hori,Кукуруза,Corn,Жўҳори,2025-12,monthly,2025,4273.0
006,Kepak,Отруби,Bran,Кепак,2025-12,monthly,2025,3045.0
0008,Shrot,Шрот,Schroth,Шрот,2025-12,monthly,2025,5385.0
009,Shulxa,Шелуха,Husk,Шулха,2025-12,monthly,2025,4360.0
010,Kombikorm,Комбикорм,Compound feed,Комбикорм,2025-12,monthly,2025,3216.0
011,Oliy navli bug'doy uni,Мука пшеничная высшего сорта,High-grade wheat flour,Олий навли буғдой уни,2025-12,monthly,2025,8768.0
0012,1-navli bug'doy uni,Мука пшеничная первого сорта,First grade wheat flour,1-навли буғдой уни,2025-12,monthly,2025,6280.0
013,1-nav bug'doy unidan non,Хлеб пшеничный из муки 1-го сорта,Wheat bread from 1st grade flour,1-нав буғдой унидан нон,2025-12,monthly,2025,6174.0
017,Mol go'shti,Говядина,Beef,Мол гўшти,2025-12,monthly,2025,101081.0
0020,Qo'y go'shti,Баранина,Mutton,Қўй гўшти,2025-12,monthly,2025,101529.0
022,Tovuq go'shti,Мясо птицы,Poultry,Товуқ гўшти,2025-12,monthly,2025,27982.0
026,Turli baliqlar,Рыба всякая,Fish of all kinds,Турли балиқлар,2025-12,monthly,2025,41725.0
027,Yangi sog'ilgan sut (1 litr),Молоко свежее (1 литр),Fresh milk (1 liter),Янги соғилган сут (1 литр),2025-12,monthly,2025,6747.0
034,Tuxum (10 dona),Яйца (10 штук),Eggs (10 pieces ),Тухум (10 дона),2025-12,monthly,2025,12350.0
035,Paxta yog'i (1 litr),Масло хлопковое (1 литр),Cottonseed oil (1 liter),Пахта ёғи (1 литр),2025-12,monthly,2025,19376.0
0036,Kungaboqar yog'i (1 litr),Масло подсолнечное (1 литр),Sunflower oil (1 liter),Кунгабоқар ёғи (1 литр),2025-12,monthly,2025,20712.0
037,Sariyog',Масло сливочное,Butter,Сариёғ,2025-12,monthly,2025,92094.0
039,Limon,Лимоны,Lemons,Лимон,2025-12,monthly,2025,33557.0
0040,Olma,Яблоки,Apples,Олма,2025-12,monthly,2025,12984.0
041,Nok,Груши,Pears,Нок,2025-12,monthly,2025,20915.0
049,Uzum,Виноград,Grape,Узум,2025-12,monthly,2025,15096.0
0050,Tarvuz,Арбуз,Watermelon,Тарвуз,2025-12,monthly,2025,5609.0
0051,Qovun,Дыня,Melon,Қовун,2025-12,monthly,2025,6566.0
053,Mayiz,Кишмиш,Kishmish,Майиз,2025-12,monthly,2025,49065.0
055,Karam,Капуста,Cabbage,Карам,2025-12,monthly,2025,4089.0
057,Bodring,Огурцы,Cucumbers,Бодринг,2025-12,monthly,2025,27668.0
058,Pomidor,Помидоры,Tomatoes,Помидор,2025-12,monthly,2025,22236.0
059,Baqlajon,Баклажаны,Eggplant,Бақлажон,2025-12,monthly,2025,12639.0
0060,Bulg'or qalampiri,Перец болгарский,Bell pepper,Булғор қалампири,2025-12,monthly,2025,19786.0
061,Qovoq,Тыква,Pumpkin,Қовоқ,2025-12,monthly,2025,4160.0
063,Sabzi,Морковь,Carrot,Сабзи,2025-12,monthly,2025,2804.0
065,Sarimsoq,Чеснок,Garlic,Саримсоқ,2025-12,monthly,2025,26033.0
066,Piyoz,Лук репчатый,Onion,Пиёз,2025-12,monthly,2025,2528.0
069,Kartoshka,Картофель,Potatoes,Картошка,2025-12,monthly,2025,5103.0
0070,Loviya,Фасоль,Beans,Ловия,2025-12,monthly,2025,20292.0
071,No'xot,Горох,Peas,Нўхот,2025-12,monthly,2025,21631.0
0072,Mosh,Маш,Mash,Мош,2025-12,monthly,2025,18012.0
073,Shakar,Сахар песок,Sugar,Шакар,2025-12,monthly,2025,12666.0
001,Guruch,Рис,Rice,Гуруч,2026-01,monthly,2026,14611.0
003,Arpa,Ячмень,Barley,Арпа,2026-01,monthly,2026,4056.0
0004,Bug'doy,Пшеница,Wheat,Буғдой,2026-01,monthly,2026,3624.0
005,Jo'hori,Кукуруза,Corn,Жўҳори,2026-01,monthly,2026,4310.0
006,Kepak,Отруби,Bran,Кепак,2026-01,monthly,2026,3138.0
0008,Shrot,Шрот,Schroth,Шрот,2026-01,monthly,2026,5238.0
009,Shulxa,Шелуха,Husk,Шулха,2026-01,monthly,2026,4469.0
010,Kombikorm,Комбикорм,Compound feed,Комбикорм,2026-01,monthly,2026,3246.0
011,Oliy navli bug'doy uni,Мука пшеничная высшего сорта,High-grade wheat flour,Олий навли буғдой уни,2026-01,monthly,2026,8751.0
0012,1-navli bug'doy uni,Мука пшеничная первого сорта,First grade wheat flour,1-навли буғдой уни,2026-01,monthly,2026,6246.0
013,1-nav bug'doy unidan non,Хлеб пшеничный из муки 1-го сорта,Wheat bread from 1st grade flour,1-нав буғдой унидан нон,2026-01,monthly,2026,6213.0
017,Mol go'shti,Говядина,Beef,Мол гўшти,2026-01,monthly,2026,103797.0
0020,Qo'y go'shti,Баранина,Mutton,Қўй гўшти,2026-01,monthly,2026,103016.0
022,Tovuq go'shti,Мясо птицы,Poultry,Товуқ гўшти,2026-01,monthly,2026,29178.0
026,Turli baliqlar,Рыба всякая,Fish of all kinds,Турли балиқлар,2026-01,monthly,2026,42319.0
027,Yangi sog'ilgan sut (1 litr),Молоко свежее (1 литр),Fresh milk (1 liter),Янги соғилган сут (1 литр),2026-01,monthly,2026,6864.0
034,Tuxum (10 dona),Яйца (10 штук),Eggs (10 pieces ),Тухум (10 дона),2026-01,monthly,2026,12678.0
035,Paxta yog'i (1 litr),Масло хлопковое (1 литр),Cottonseed oil (1 liter),Пахта ёғи (1 литр),2026-01,monthly,2026,19309.0
0036,Kungaboqar yog'i (1 litr),Масло подсолнечное (1 литр),Sunflower oil (1 liter),Кунгабоқар ёғи (1 литр),2026-01,monthly,2026,20977.0
037,Sariyog',Масло сливочное,Butter,Сариёғ,2026-01,monthly,2026,85443.0
039,Limon,Лимоны,Lemons,Лимон,2026-01,monthly,2026,34524.0
0040,Olma,Яблоки,Apples,Олма,2026-01,monthly,2026,14406.0
041,Nok,Груши,Pears,Нок,2026-01,monthly,2026,21072.0
049,Uzum,Виноград,Grape,Узум,2026-01,monthly,2026,19101.0
0050,Tarvuz,Арбуз,Watermelon,Тарвуз,2026-01,monthly,2026,6096.0
0051,Qovun,Дыня,Melon,Қовун,2026-01,monthly,2026,8614.0
053,Mayiz,Кишмиш,Kishmish,Майиз,2026-01,monthly,2026,49607.0
055,Karam,Капуста,Cabbage,Карам,2026-01,monthly,2026,4463.0
057,Bodring,Огурцы,Cucumbers,Бодринг,2026-01,monthly,2026,33267.0
058,Pomidor,Помидоры,Tomatoes,Помидор,2026-01,monthly,2026,22750.0
059,Baqlajon,Баклажаны,Eggplant,Бақлажон,2026-01,monthly,2026,28505.0
0060,Bulg'or qalampiri,Перец болгарский,Bell pepper,Булғор қалампири,2026-01,monthly,2026,26245.0
061,Qovoq,Тыква,Pumpkin,Қовоқ,2026-01,monthly,2026,4581.0
063,Sabzi,Морковь,Carrot,Сабзи,2026-01,monthly,2026,2963.0
065,Sarimsoq,Чеснок,Garlic,Саримсоқ,2026-01,monthly,2026,26369.0
066,Piyoz,Лук репчатый,Onion,Пиёз,2026-01,monthly,2026,2629.0
069,Kartoshka,Картофель,Potatoes,Картошка,2026-01,monthly,2026,5391.0
0070,Loviya,Фасоль,Beans,Ловия,2026-01,monthly,2026,20298.0
071,No'xot,Горох,Peas,Нўхот,2026-01,monthly,2026,23145.0
0072,Mosh,Маш,Mash,Мош,2026-01,monthly,2026,18109.0
073,Shakar,Сахар песок,Sugar,Шакар,2026-01,monthly,2026,12687.0
001,Guruch,Рис,Rice,Гуруч,2026-02,monthly,2026,14725.0
003,Arpa,Ячмень,Barley,Арпа,2026-02,monthly,2026,4095.0
0004,Bug'doy,Пшеница,Wheat,Буғдой,2026-02,monthly,2026,3734.0
005,Jo'hori,Кукуруза,Corn,Жўҳори,2026-02,monthly,2026,4350.0
006,Kepak,Отруби,Bran,Кепак,2026-02,monthly,2026,3206.0
0008,Shrot,Шрот,Schroth,Шрот,2026-02,monthly,2026,5287.0
009,Shulxa,Шелуха,Husk,Шулха,2026-02,monthly,2026,4507.0
010,Kombikorm,Комбикорм,Compound feed,Комбикорм,2026-02,monthly,2026,3304.0
011,Oliy navli bug'doy uni,Мука пшеничная высшего сорта,High-grade wheat flour,Олий навли буғдой уни,2026-02,monthly,2026,8857.0
0012,1-navli bug'doy uni,Мука пшеничная первого сорта,First grade wheat flour,1-навли буғдой уни,2026-02,monthly,2026,6240.0
013,1-nav bug'doy unidan non,Хлеб пшеничный из муки 1-го сорта,Wheat bread from 1st grade flour,1-нав буғдой унидан нон,2026-02,monthly,2026,6256.0
017,Mol go'shti,Говядина,Beef,Мол гўшти,2026-02,monthly,2026,106481.0
0020,Qo'y go'shti,Баранина,Mutton,Қўй гўшти,2026-02,monthly,2026,106579.0
022,Tovuq go'shti,Мясо птицы,Poultry,Товуқ гўшти,2026-02,monthly,2026,30009.0
026,Turli baliqlar,Рыба всякая,Fish of all kinds,Турли балиқлар,2026-02,monthly,2026,43083.0
027,Yangi sog'ilgan sut (1 litr),Молоко свежее (1 литр),Fresh milk (1 liter),Янги соғилган сут (1 литр),2026-02,monthly,2026,6893.0
034,Tuxum (10 dona),Яйца (10 штук),Eggs (10 pieces ),Тухум (10 дона),2026-02,monthly,2026,12792.0
035,Paxta yog'i (1 litr),Масло хлопковое (1 литр),Cottonseed oil (1 liter),Пахта ёғи (1 литр),2026-02,monthly,2026,19333.0
0036,Kungaboqar yog'i (1 litr),Масло подсолнечное (1 литр),Sunflower oil (1 liter),Кунгабоқар ёғи (1 литр),2026-02,monthly,2026,21072.0
037,Sariyog',Масло сливочное,Butter,Сариёғ,2026-02,monthly,2026,85567.0
039,Limon,Лимоны,Lemons,Лимон,2026-02,monthly,2026,35034.0
0040,Olma,Яблоки,Apples,Олма,2026-02,monthly,2026,15206.0
041,Nok,Груши,Pears,Нок,2026-02,monthly,2026,21058.0
049,Uzum,Виноград,Grape,Узум,2026-02,monthly,2026,22841.0
0051,Qovun,Дыня,Melon,Қовун,2026-02,monthly,2026,12503.0
053,Mayiz,Кишмиш,Kishmish,Майиз,2026-02,monthly,2026,49792.0
055,Karam,Капуста,Cabbage,Карам,2026-02,monthly,2026,4519.0
057,Bodring,Огурцы,Cucumbers,Бодринг,2026-02,monthly,2026,28101.0
058,Pomidor,Помидоры,Tomatoes,Помидор,2026-02,monthly,2026,23447.0
059,Baqlajon,Баклажаны,Eggplant,Бақлажон,2026-02,monthly,2026,33733.0
0060,Bulg'or qalampiri,Перец болгарский,Bell pepper,Булғор қалампири,2026-02,monthly,2026,28537.0
061,Qovoq,Тыква,Pumpkin,Қовоқ,2026-02,monthly,2026,4821.0
063,Sabzi,Морковь,Carrot,Сабзи,2026-02,monthly,2026,3070.0
065,Sarimsoq,Чеснок,Garlic,Саримсоқ,2026-02,monthly,2026,26735.0
066,Piyoz,Лук репчатый,Onion,Пиёз,2026-02,monthly,2026,2639.0
069,Kartoshka,Картофель,Potatoes,Картошка,2026-02,monthly,2026,5666.0
0070,Loviya,Фасоль,Beans,Ловия,2026-02,monthly,2026,20248.0
071,No'xot,Горох,Peas,Нўхот,2026-02,monthly,2026,23140.0
0072,Mosh,Маш,Mash,Мош,2026-02,monthly,2026,18191.0
073,Shakar,Сахар песок,Sugar,Шакар,2026-02,monthly,2026,12768.0
001,Guruch,Рис,Rice,Гуруч,2026-03,monthly,2026,14868.0
003,Arpa,Ячмень,Barley,Арпа,2026-03,monthly,2026,4120.0
0004,Bug'doy,Пшеница,Wheat,Буғдой,2026-03,monthly,2026,3785.0
005,Jo'hori,Кукуруза,Corn,Жўҳори,2026-03,monthly,2026,4410.0
006,Kepak,Отруби,Bran,Кепак,2026-03,monthly,2026,3228.0
0008,Shrot,Шрот,Schroth,Шрот,2026-03,monthly,2026,5368.0
009,Shulxa,Шелуха,Husk,Шулха,2026-03,monthly,2026,4547.0
010,Kombikorm,Комбикорм,Compound feed,Комбикорм,2026-03,monthly,2026,3373.0
011,Oliy navli bug'doy uni,Мука пшеничная высшего сорта,High-grade wheat flour,Олий навли буғдой уни,2026-03,monthly,2026,9200.0
0012,1-navli bug'doy uni,Мука пшеничная первого сорта,First grade wheat flour,1-навли буғдой уни,2026-03,monthly,2026,6304.0
013,1-nav bug'doy unidan non,Хлеб пшеничный из муки 1-го сорта,Wheat bread from 1st grade flour,1-нав буғдой унидан нон,2026-03,monthly,2026,6298.0
017,Mol go'shti,Говядина,Beef,Мол гўшти,2026-03,monthly,2026,109843.0
0020,Qo'y go'shti,Баранина,Mutton,Қўй гўшти,2026-03,monthly,2026,110483.0
022,Tovuq go'shti,Мясо птицы,Poultry,Товуқ гўшти,2026-03,monthly,2026,30309.0
026,Turli baliqlar,Рыба всякая,Fish of all kinds,Турли балиқлар,2026-03,monthly,2026,43485.0
027,Yangi sog'ilgan sut (1 litr),Молоко свежее (1 литр),Fresh milk (1 liter),Янги соғилган сут (1 литр),2026-03,monthly,2026,7023.0
034,Tuxum (10 dona),Яйца (10 штук),Eggs (10 pieces ),Тухум (10 дона),2026-03,monthly,2026,13330.0
035,Paxta yog'i (1 litr),Масло хлопковое (1 литр),Cottonseed oil (1 liter),Пахта ёғи (1 литр),2026-03,monthly,2026,19783.0
0036,Kungaboqar yog'i (1 litr),Масло подсолнечное (1 литр),Sunflower oil (1 liter),Кунгабоқар ёғи (1 литр),2026-03,monthly,2026,21481.0
037,Sariyog',Масло сливочное,Butter,Сариёғ,2026-03,monthly,2026,85368.0
039,Limon,Лимоны,Lemons,Лимон,2026-03,monthly,2026,36435.0
0040,Olma,Яблоки,Apples,Олма,2026-03,monthly,2026,15879.0
041,Nok,Груши,Pears,Нок,2026-03,monthly,2026,21012.0
049,Uzum,Виноград,Grape,Узум,2026-03,monthly,2026,25168.0
0051,Qovun,Дыня,Melon,Қовун,2026-03,monthly,2026,13250.0
053,Mayiz,Кишмиш,Kishmish,Майиз,2026-03,monthly,2026,50135.0
055,Karam,Капуста,Cabbage,Карам,2026-03,monthly,2026,4478.0
057,Bodring,Огурцы,Cucumbers,Бодринг,2026-03,monthly,2026,22780.0
058,Pomidor,Помидоры,Tomatoes,Помидор,2026-03,monthly,2026,26096.0
059,Baqlajon,Баклажаны,Eggplant,Бақлажон,2026-03,monthly,2026,33958.0
0060,Bulg'or qalampiri,Перец болгарский,Bell pepper,Булғор қалампири,2026-03,monthly,2026,31512.0
061,Qovoq,Тыква,Pumpkin,Қовоқ,2026-03,monthly,2026,5045.0
063,Sabzi,Морковь,Carrot,Сабзи,2026-03,monthly,2026,3226.0
065,Sarimsoq,Чеснок,Garlic,Саримсоқ,2026-03,monthly,2026,27472.0
066,Piyoz,Лук репчатый,Onion,Пиёз,2026-03,monthly,2026,2568.0
069,Kartoshka,Картофель,Potatoes,Картошка,2026-03,monthly,2026,6403.0
0070,Loviya,Фасоль,Beans,Ловия,2026-03,monthly,2026,20348.0
071,No'xot,Горох,Peas,Нўхот,2026-03,monthly,2026,23331.0
0072,Mosh,Маш,Mash,Мош,2026-03,monthly,2026,18290.0
073,Shakar,Сахар песок,Sugar,Шакар,2026-03,monthly,2026,13133.0
001,Guruch,Рис,Rice,Гуруч,2026-04,monthly,2026,14546.0
003,Arpa,Ячмень,Barley,Арпа,2026-04,monthly,2026,4134.0
0004,Bug'doy,Пшеница,Wheat,Буғдой,2026-04,monthly,2026,3821.0
005,Jo'hori,Кукуруза,Corn,Жўҳори,2026-04,monthly,2026,4523.0
006,Kepak,Отруби,Bran,Кепак,2026-04,monthly,2026,3250.0
0008,Shrot,Шрот,Schroth,Шрот,2026-04,monthly,2026,5373.0
009,Shulxa,Шелуха,Husk,Шулха,2026-04,monthly,2026,4541.0
010,Kombikorm,Комбикорм,Compound feed,Комбикорм,2026-04,monthly,2026,3447.0
011,Oliy navli bug'doy uni,Мука пшеничная высшего сорта,High-grade wheat flour,Олий навли буғдой уни,2026-04,monthly,2026,9397.0
0012,1-navli bug'doy uni,Мука пшеничная первого сорта,First grade wheat flour,1-навли буғдой уни,2026-04,monthly,2026,6366.0
013,1-nav bug'doy unidan non,Хлеб пшеничный из муки 1-го сорта,Wheat bread from 1st grade flour,1-нав буғдой унидан нон,2026-04,monthly,2026,6307.0
017,Mol go'shti,Говядина,Beef,Мол гўшти,2026-04,monthly,2026,113256.0
0020,Qo'y go'shti,Баранина,Mutton,Қўй гўшти,2026-04,monthly,2026,113544.0
022,Tovuq go'shti,Мясо птицы,Poultry,Товуқ гўшти,2026-04,monthly,2026,29873.0
026,Turli baliqlar,Рыба всякая,Fish of all kinds,Турли балиқлар,2026-04,monthly,2026,43660.0
027,Yangi sog'ilgan sut (1 litr),Молоко свежее (1 литр),Fresh milk (1 liter),Янги соғилган сут (1 литр),2026-04,monthly,2026,7078.0
034,Tuxum (10 dona),Яйца (10 штук),Eggs (10 pieces ),Тухум (10 дона),2026-04,monthly,2026,11740.0
035,Paxta yog'i (1 litr),Масло хлопковое (1 литр),Cottonseed oil (1 liter),Пахта ёғи (1 литр),2026-04,monthly,2026,19919.0
0036,Kungaboqar yog'i (1 litr),Масло подсолнечное (1 литр),Sunflower oil (1 liter),Кунгабоқар ёғи (1 литр),2026-04,monthly,2026,21710.0
037,Sariyog',Масло сливочное,Butter,Сариёғ,2026-04,monthly,2026,85429.0
039,Limon,Лимоны,Lemons,Лимон,2026-04,monthly,2026,39247.0
0040,Olma,Яблоки,Apples,Олма,2026-04,monthly,2026,16526.0
041,Nok,Груши,Pears,Нок,2026-04,monthly,2026,21045.0
049,Uzum,Виноград,Grape,Узум,2026-04,monthly,2026,27502.0
053,Mayiz,Кишмиш,Kishmish,Майиз,2026-04,monthly,2026,50622.0
055,Karam,Капуста,Cabbage,Карам,2026-04,monthly,2026,4380.0
057,Bodring,Огурцы,Cucumbers,Бодринг,2026-04,monthly,2026,11553.0
058,Pomidor,Помидоры,Tomatoes,Помидор,2026-04,monthly,2026,22611.0
059,Baqlajon,Баклажаны,Eggplant,Бақлажон,2026-04,monthly,2026,36150.0
0060,Bulg'or qalampiri,Перец болгарский,Bell pepper,Булғор қалампири,2026-04,monthly,2026,31565.0
063,Sabzi,Морковь,Carrot,Сабзи,2026-04,monthly,2026,3381.0
065,Sarimsoq,Чеснок,Garlic,Саримсоқ,2026-04,monthly,2026,26765.0
066,Piyoz,Лук репчатый,Onion,Пиёз,2026-04,monthly,2026,2358.0
069,Kartoshka,Картофель,Potatoes,Картошка,2026-04,monthly,2026,6682.0
0070,Loviya,Фасоль,Beans,Ловия,2026-04,monthly,2026,20248.0
071,No'xot,Горох,Peas,Нўхот,2026-04,monthly,2026,23324.0
0072,Mosh,Маш,Mash,Мош,2026-04,monthly,2026,18228.0
073,Shakar,Сахар песок,Sugar,Шакар,2026-04,monthly,2026,13168.0
001,Guruch,Рис,Rice,Гуруч,2026-05,monthly,2026,14180.0
003,Arpa,Ячмень,Barley,Арпа,2026-05,monthly,2026,4116.0
0004,Bug'doy,Пшеница,Wheat,Буғдой,2026-05,monthly,2026,3880.0
005,Jo'hori,Кукуруза,Corn,Жўҳори,2026-05,monthly,2026,4676.0
006,Kepak,Отруби,Bran,Кепак,2026-05,monthly,2026,3273.0
0008,Shrot,Шрот,Schroth,Шрот,2026-05,monthly,2026,5425.0
009,Shulxa,Шелуха,Husk,Шулха,2026-05,monthly,2026,4569.0
010,Kombikorm,Комбикорм,Compound feed,Комбикорм,2026-05,monthly,2026,3498.0
011,Oliy navli bug'doy uni,Мука пшеничная высшего сорта,High-grade wheat flour,Олий навли буғдой уни,2026-05,monthly,2026,9423.0
0012,1-navli bug'doy uni,Мука пшеничная первого сорта,First grade wheat flour,1-навли буғдой уни,2026-05,monthly,2026,6388.0
013,1-nav bug'doy unidan non,Хлеб пшеничный из муки 1-го сорта,Wheat bread from 1st grade flour,1-нав буғдой унидан нон,2026-05,monthly,2026,6296.0
017,Mol go'shti,Говядина,Beef,Мол гўшти,2026-05,monthly,2026,115159.0
0020,Qo'y go'shti,Баранина,Mutton,Қўй гўшти,2026-05,monthly,2026,116208.0
022,Tovuq go'shti,Мясо птицы,Poultry,Товуқ гўшти,2026-05,monthly,2026,28768.0
026,Turli baliqlar,Рыба всякая,Fish of all kinds,Турли балиқлар,2026-05,monthly,2026,44506.0
027,Yangi sog'ilgan sut (1 litr),Молоко свежее (1 литр),Fresh milk (1 liter),Янги соғилган сут (1 литр),2026-05,monthly,2026,7055.0
034,Tuxum (10 dona),Яйца (10 штук),Eggs (10 pieces ),Тухум (10 дона),2026-05,monthly,2026,11147.0
035,Paxta yog'i (1 litr),Масло хлопковое (1 литр),Cottonseed oil (1 liter),Пахта ёғи (1 литр),2026-05,monthly,2026,19884.0
0036,Kungaboqar yog'i (1 litr),Масло подсолнечное (1 литр),Sunflower oil (1 liter),Кунгабоқар ёғи (1 литр),2026-05,monthly,2026,21810.0
037,Sariyog',Масло сливочное,Butter,Сариёғ,2026-05,monthly,2026,85237.0
039,Limon,Лимоны,Lemons,Лимон,2026-05,monthly,2026,45033.0
0040,Olma,Яблоки,Apples,Олма,2026-05,monthly,2026,16814.0
041,Nok,Груши,Pears,Нок,2026-05,monthly,2026,20808.0
049,Uzum,Виноград,Grape,Узум,2026-05,monthly,2026,28458.0
0050,Tarvuz,Арбуз,Watermelon,Тарвуз,2026-05,monthly,2026,8267.0
0051,Qovun,Дыня,Melon,Қовун,2026-05,monthly,2026,11300.0
053,Mayiz,Кишмиш,Kishmish,Майиз,2026-05,monthly,2026,51369.0
055,Karam,Капуста,Cabbage,Карам,2026-05,monthly,2026,4171.0
057,Bodring,Огурцы,Cucumbers,Бодринг,2026-05,monthly,2026,7860.0
058,Pomidor,Помидоры,Tomatoes,Помидор,2026-05,monthly,2026,14955.0
059,Baqlajon,Баклажаны,Eggplant,Бақлажон,2026-05,monthly,2026,15995.0
0060,Bulg'or qalampiri,Перец болгарский,Bell pepper,Булғор қалампири,2026-05,monthly,2026,17174.0
061,Qovoq,Тыква,Pumpkin,Қовоқ,2026-05,monthly,2026,9101.0
063,Sabzi,Морковь,Carrot,Сабзи,2026-05,monthly,2026,3317.0
065,Sarimsoq,Чеснок,Garlic,Саримсоқ,2026-05,monthly,2026,19352.0
066,Piyoz,Лук репчатый,Onion,Пиёз,2026-05,monthly,2026,2133.0
069,Kartoshka,Картофель,Potatoes,Картошка,2026-05,monthly,2026,6515.0
0070,Loviya,Фасоль,Beans,Ловия,2026-05,monthly,2026,20107.0
071,No'xot,Горох,Peas,Нўхот,2026-05,monthly,2026,23285.0
0072,Mosh,Маш,Mash,Мош,2026-05,monthly,2026,18231.0
073,Shakar,Сахар песок,Sugar,Шакар,2026-05,monthly,2026,13192.0
001,Guruch,Рис,Rice,Гуруч,2026-06,monthly,2026,14450.0
003,Arpa,Ячмень,Barley,Арпа,2026-06,monthly,2026,3947.0
0004,Bug'doy,Пшеница,Wheat,Буғдой,2026-06,monthly,2026,3731.0
005,Jo'hori,Кукуруза,Corn,Жўҳори,2026-06,monthly,2026,4796.0
006,Kepak,Отруби,Bran,Кепак,2026-06,monthly,2026,3329.0
0008,Shrot,Шрот,Schroth,Шрот,2026-06,monthly,2026,5562.0
009,Shulxa,Шелуха,Husk,Шулха,2026-06,monthly,2026,4628.0
010,Kombikorm,Комбикорм,Compound feed,Комбикорм,2026-06,monthly,2026,3611.0
011,Oliy navli bug'doy uni,Мука пшеничная высшего сорта,High-grade wheat flour,Олий навли буғдой уни,2026-06,monthly,2026,9230.0
0012,1-navli bug'doy uni,Мука пшеничная первого сорта,First grade wheat flour,1-навли буғдой уни,2026-06,monthly,2026,6272.0
013,1-nav bug'doy unidan non,Хлеб пшеничный из муки 1-го сорта,Wheat bread from 1st grade flour,1-нав буғдой унидан нон,2026-06,monthly,2026,6280.0
017,Mol go'shti,Говядина,Beef,Мол гўшти,2026-06,monthly,2026,117537.0
0020,Qo'y go'shti,Баранина,Mutton,Қўй гўшти,2026-06,monthly,2026,117549.0
022,Tovuq go'shti,Мясо птицы,Poultry,Товуқ гўшти,2026-06,monthly,2026,28477.0
026,Turli baliqlar,Рыба всякая,Fish of all kinds,Турли балиқлар,2026-06,monthly,2026,43052.0
027,Yangi sog'ilgan sut (1 litr),Молоко свежее (1 литр),Fresh milk (1 liter),Янги соғилган сут (1 литр),2026-06,monthly,2026,7029.0
034,Tuxum (10 dona),Яйца (10 штук),Eggs (10 pieces ),Тухум (10 дона),2026-06,monthly,2026,11381.0
035,Paxta yog'i (1 litr),Масло хлопковое (1 литр),Cottonseed oil (1 liter),Пахта ёғи (1 литр),2026-06,monthly,2026,19838.0
0036,Kungaboqar yog'i (1 litr),Масло подсолнечное (1 литр),Sunflower oil (1 liter),Кунгабоқар ёғи (1 литр),2026-06,monthly,2026,21769.0
037,Sariyog',Масло сливочное,Butter,Сариёғ,2026-06,monthly,2026,85029.0
039,Limon,Лимоны,Lemons,Лимон,2026-06,monthly,2026,45676.0
0040,Olma,Яблоки,Apples,Олма,2026-06,monthly,2026,15833.0
041,Nok,Груши,Pears,Нок,2026-06,monthly,2026,20100.0
049,Uzum,Виноград,Grape,Узум,2026-06,monthly,2026,19000.0
0050,Tarvuz,Арбуз,Watermelon,Тарвуз,2026-06,monthly,2026,2782.0
0051,Qovun,Дыня,Melon,Қовун,2026-06,monthly,2026,6469.0
053,Mayiz,Кишмиш,Kishmish,Майиз,2026-06,monthly,2026,52404.0
055,Karam,Капуста,Cabbage,Карам,2026-06,monthly,2026,3888.0
057,Bodring,Огурцы,Cucumbers,Бодринг,2026-06,monthly,2026,5699.0
058,Pomidor,Помидоры,Tomatoes,Помидор,2026-06,monthly,2026,6659.0
059,Baqlajon,Баклажаны,Eggplant,Бақлажон,2026-06,monthly,2026,7716.0
0060,Bulg'or qalampiri,Перец болгарский,Bell pepper,Булғор қалампири,2026-06,monthly,2026,8104.0
061,Qovoq,Тыква,Pumpkin,Қовоқ,2026-06,monthly,2026,6807.0
063,Sabzi,Морковь,Carrot,Сабзи,2026-06,monthly,2026,3801.0
065,Sarimsoq,Чеснок,Garlic,Саримсоқ,2026-06,monthly,2026,15139.0
066,Piyoz,Лук репчатый,Onion,Пиёз,2026-06,monthly,2026,2249.0
069,Kartoshka,Картофель,Potatoes,Картошка,2026-06,monthly,2026,5473.0
0070,Loviya,Фасоль,Beans,Ловия,2026-06,monthly,2026,19501.0
071,No'xot,Горох,Peas,Нўхот,2026-06,monthly,2026,23248.0
0072,Mosh,Маш,Mash,Мош,2026-06,monthly,2026,18290.0
073,Shakar,Сахар песок,Sugar,Шакар,2026-06,monthly,2026,13090.0
001,Guruch,Рис,Rice,Гуруч,2026-07,monthly,2026,15633.0
003,Arpa,Ячмень,Barley,Арпа,2026-07,monthly,2026,3971.0
0004,Bug'doy,Пшеница,Wheat,Буғдой,2026-07,monthly,2026,3748.0
005,Jo'hori,Кукуруза,Corn,Жўҳори,2026-07,monthly,2026,4946.0
006,Kepak,Отруби,Bran,Кепак,2026-07,monthly,2026,3372.0
0008,Shrot,Шрот,Schroth,Шрот,2026-07,monthly,2026,5597.0
009,Shulxa,Шелуха,Husk,Шулха,2026-07,monthly,2026,4715.0
010,Kombikorm,Комбикорм,Compound feed,Комбикорм,2026-07,monthly,2026,3720.0
011,Oliy navli bug'doy uni,Мука пшеничная высшего сорта,High-grade wheat flour,Олий навли буғдой уни,2026-07,monthly,2026,9204.0
0012,1-navli bug'doy uni,Мука пшеничная первого сорта,First grade wheat flour,1-навли буғдой уни,2026-07,monthly,2026,6195.0
013,1-nav bug'doy unidan non,Хлеб пшеничный из муки 1-го сорта,Wheat bread from 1st grade flour,1-нав буғдой унидан нон,2026-07,monthly,2026,6263.0
017,Mol go'shti,Говядина,Beef,Мол гўшти,2026-07,monthly,2026,118326.0
0020,Qo'y go'shti,Баранина,Mutton,Қўй гўшти,2026-07,monthly,2026,117936.0
022,Tovuq go'shti,Мясо птицы,Poultry,Товуқ гўшти,2026-07,monthly,2026,28649.0
026,Turli baliqlar,Рыба всякая,Fish of all kinds,Турли балиқлар,2026-07,monthly,2026,41272.0
027,Yangi sog'ilgan sut (1 litr),Молоко свежее (1 литр),Fresh milk (1 liter),Янги соғилган сут (1 литр),2026-07,monthly,2026,7004.0
034,Tuxum (10 dona),Яйца (10 штук),Eggs (10 pieces ),Тухум (10 дона),2026-07,monthly,2026,10917.0
035,Paxta yog'i (1 litr),Масло хлопковое (1 литр),Cottonseed oil (1 liter),Пахта ёғи (1 литр),2026-07,monthly,2026,19709.0
0036,Kungaboqar yog'i (1 litr),Масло подсолнечное (1 литр),Sunflower oil (1 liter),Кунгабоқар ёғи (1 литр),2026-07,monthly,2026,21619.0
037,Sariyog',Масло сливочное,Butter,Сариёғ,2026-07,monthly,2026,83282.0
039,Limon,Лимоны,Lemons,Лимон,2026-07,monthly,2026,47879.0
0040,Olma,Яблоки,Apples,Олма,2026-07,monthly,2026,13706.0
041,Nok,Груши,Pears,Нок,2026-07,monthly,2026,18172.0
049,Uzum,Виноград,Grape,Узум,2026-07,monthly,2026,14818.0
0050,Tarvuz,Арбуз,Watermelon,Тарвуз,2026-07,monthly,2026,2119.0
0051,Qovun,Дыня,Melon,Қовун,2026-07,monthly,2026,5620.0
053,Mayiz,Кишмиш,Kishmish,Майиз,2026-07,monthly,2026,54594.0
055,Karam,Капуста,Cabbage,Карам,2026-07,monthly,2026,3847.0
057,Bodring,Огурцы,Cucumbers,Бодринг,2026-07,monthly,2026,5140.0
058,Pomidor,Помидоры,Tomatoes,Помидор,2026-07,monthly,2026,4560.0
059,Baqlajon,Баклажаны,Eggplant,Бақлажон,2026-07,monthly,2026,4798.0
0060,Bulg'or qalampiri,Перец болгарский,Bell pepper,Булғор қалампири,2026-07,monthly,2026,6763.0
061,Qovoq,Тыква,Pumpkin,Қовоқ,2026-07,monthly,2026,4203.0
063,Sabzi,Морковь,Carrot,Сабзи,2026-07,monthly,2026,4231.0
065,Sarimsoq,Чеснок,Garlic,Саримсоқ,2026-07,monthly,2026,14475.0
066,Piyoz,Лук репчатый,Onion,Пиёз,2026-07,monthly,2026,2454.0
069,Kartoshka,Картофель,Potatoes,Картошка,2026-07,monthly,2026,4374.0
0070,Loviya,Фасоль,Beans,Ловия,2026-07,monthly,2026,17821.0
071,No'xot,Горох,Peas,Нўхот,2026-07,monthly,2026,22685.0
0072,Mosh,Маш,Mash,Мош,2026-07,monthly,2026,18150.0
073,Shakar,Сахар песок,Sugar,Шакар,2026-07,monthly,2026,13023.0
001,Guruch,Рис,Rice,Гуруч,2026-08,monthly,2026,15556.0
003,Arpa,Ячмень,Barley,Арпа,2026-08,monthly,2026,4063.0
0004,Bug'doy,Пшеница,Wheat,Буғдой,2026-08,monthly,2026,3833.0
005,Jo'hori,Кукуруза,Corn,Жўҳори,2026-08,monthly,2026,4956.0
006,Kepak,Отруби,Bran,Кепак,2026-08,monthly,2026,3380.0
0008,Shrot,Шрот,Schroth,Шрот,2026-08,monthly,2026,5595.0
009,Shulxa,Шелуха,Husk,Шулха,2026-08,monthly,2026,4764.0
010,Kombikorm,Комбикорм,Compound feed,Комбикорм,2026-08,monthly,2026,3746.0
011,Oliy navli bug'doy uni,Мука пшеничная высшего сорта,High-grade wheat flour,Олий навли буғдой уни,2026-08,monthly,2026,9140.0
0012,1-navli bug'doy uni,Мука пшеничная первого сорта,First grade wheat flour,1-навли буғдой уни,2026-08,monthly,2026,6109.0
013,1-nav bug'doy unidan non,Хлеб пшеничный из муки 1-го сорта,Wheat bread from 1st grade flour,1-нав буғдой унидан нон,2026-08,monthly,2026,6230.0
017,Mol go'shti,Говядина,Beef,Мол гўшти,2026-08,monthly,2026,119129.0
0020,Qo'y go'shti,Баранина,Mutton,Қўй гўшти,2026-08,monthly,2026,119514.0
022,Tovuq go'shti,Мясо птицы,Poultry,Товуқ гўшти,2026-08,monthly,2026,29476.0
026,Turli baliqlar,Рыба всякая,Fish of all kinds,Турли балиқлар,2026-08,monthly,2026,39791.0
027,Yangi sog'ilgan sut (1 litr),Молоко свежее (1 литр),Fresh milk (1 liter),Янги соғилган сут (1 литр),2026-08,monthly,2026,6987.0
034,Tuxum (10 dona),Яйца (10 штук),Eggs (10 pieces ),Тухум (10 дона),2026-08,monthly,2026,11218.0
035,Paxta yog'i (1 litr),Масло хлопковое (1 литр),Cottonseed oil (1 liter),Пахта ёғи (1 литр),2026-08,monthly,2026,19676.0
0036,Kungaboqar yog'i (1 litr),Масло подсолнечное (1 литр),Sunflower oil (1 liter),Кунгабоқар ёғи (1 литр),2026-08,monthly,2026,21594.0
037,Sariyog',Масло сливочное,Butter,Сариёғ,2026-08,monthly,2026,80441.0
039,Limon,Лимоны,Lemons,Лимон,2026-08,monthly,2026,48740.0
0040,Olma,Яблоки,Apples,Олма,2026-08,monthly,2026,12559.0
041,Nok,Груши,Pears,Нок,2026-08,monthly,2026,17267.0
049,Uzum,Виноград,Grape,Узум,2026-08,monthly,2026,12340.0
0050,Tarvuz,Арбуз,Watermelon,Тарвуз,2026-08,monthly,2026,2795.0
0051,Qovun,Дыня,Melon,Қовун,2026-08,monthly,2026,4952.0
053,Mayiz,Кишмиш,Kishmish,Майиз,2026-08,monthly,2026,54750.0
055,Karam,Капуста,Cabbage,Карам,2026-08,monthly,2026,3639.0
057,Bodring,Огурцы,Cucumbers,Бодринг,2026-08,monthly,2026,6284.0
058,Pomidor,Помидоры,Tomatoes,Помидор,2026-08,monthly,2026,5749.0
059,Baqlajon,Баклажаны,Eggplant,Бақлажон,2026-08,monthly,2026,4657.0
0060,Bulg'or qalampiri,Перец болгарский,Bell pepper,Булғор қалампири,2026-08,monthly,2026,6563.0
061,Qovoq,Тыква,Pumpkin,Қовоқ,2026-08,monthly,2026,4012.0
063,Sabzi,Морковь,Carrot,Сабзи,2026-08,monthly,2026,4773.0
065,Sarimsoq,Чеснок,Garlic,Саримсоқ,2026-08,monthly,2026,14014.0
066,Piyoz,Лук репчатый,Onion,Пиёз,2026-08,monthly,2026,2602.0
069,Kartoshka,Картофель,Potatoes,Картошка,2026-08,monthly,2026,4567.0
0070,Loviya,Фасоль,Beans,Ловия,2026-08,monthly,2026,17098.0
071,No'xot,Горох,Peas,Нўхот,2026-08,monthly,2026,21494.0
0072,Mosh,Маш,Mash,Мош,2026-08,monthly,2026,18705.0
073,Shakar,Сахар песок,Sugar,Шакар,2026-08,monthly,2026,12945.0
