code,name_uz,name_ru,name_en,name_uz_cyrillic,period,year,value
001,Guruch,Рис,Rice,Гуруч,2013-M01,2013,2670.0
003,Arpa,Ячмень,Barley,Арпа,2013-M01,2013,898.0
0004,Bug'doy,Пшеница,Wheat,Буғдой,2013-M01,2013,871.0
005,Jo'hori,Кукуруза,Corn,Жўҳори,2013-M01,2013,804.0
006,Kepak,Отруби,Bran,Кепак,2013-M01,2013,537.0
0008,Shrot,Шрот,Schroth,Шрот,2013-M01,2013,0.0
009,Shulxa,Шелуха,Husk,Шулха,2013-M01,2013,0.0
010,Kombikorm,Комбикорм,Compound feed,Комбикорм,2013-M01,2013,800.0
011,Oliy navli bug'doy uni,Мука пшеничная высшего сорта,High-grade wheat flour,Олий навли буғдой уни,2013-M01,2013,1519.0
0012,1-navli bug'doy uni,Мука пшеничная первого сорта,First grade wheat flour,1-навли буғдой уни,2013-M01,2013,0.0
013,1-nav bug'doy unidan non,Хлеб пшеничный из муки 1-го сорта,Wheat bread from 1st grade flour,1-нав буғдой унидан нон,2013-M01,2013,0.0
017,Mol go'shti,Говядина,Beef,Мол гўшти,2013-M01,2013,15348.0
0020,Qo'y go'shti,Баранина,Mutton,Қўй гўшти,2013-M01,2013,16409.0
022,Tovuq go'shti,Мясо птицы,Poultry,Товуқ гўшти,2013-M01,2013,0.0
026,Turli baliqlar,Рыба всякая,Fish of all kinds,Турли балиқлар,2013-M01,2013,8200.0
027,Yangi sog'ilgan sut (1 litr),Молоко свежее (1 литр),Fresh milk (1 liter),Янги соғилган сут (1 литр),2013-M01,2013,1700.0
034,Tuxum (10 dona),Яйца (10 штук),Eggs (10 pieces ),Тухум (10 дона),2013-M01,2013,3597.0
035,Paxta yog'i (1 litr),Масло хлопковое (1 литр),Cottonseed oil (1 liter),Пахта ёғи (1 литр),2013-M01,2013,0.0
0036,Kungaboqar yog'i (1 litr),Масло подсолнечное (1 литр),Sunflower oil (1 liter),Кунгабоқар ёғи (1 литр),2013-M01,2013,0.0
037,Sariyog',Масло сливочное,Butter,Сариёғ,2013-M01,2013,14667.0
039,Limon,Лимоны,Lemons,Лимон,2013-M01,2013,7550.0
0040,Olma,Яблоки,Apples,Олма,2013-M01,2013,2309.0
041,Nok,Груши,Pears,Нок,2013-M01,2013,4227.0
049,Uzum,Виноград,Grape,Узум,2013-M01,2013,3796.0
0050,Tarvuz,Арбуз,Watermelon,Тарвуз,2013-M01,2013,948.0
0051,Qovun,Дыня,Melon,Қовун,2013-M01,2013,1200.0
053,Mayiz,Кишмиш,Kishmish,Майиз,2013-M01,2013,10524.0
055,Karam,Капуста,Cabbage,Карам,2013-M01,2013,630.0
057,Bodring,Огурцы,Cucumbers,Бодринг,2013-M01,2013,4463.0
058,Pomidor,Помидоры,Tomatoes,Помидор,2013-M01,2013,4246.0
059,Baqlajon,Баклажаны,Eggplant,Бақлажон,2013-M01,2013,0.0
0060,Bulg'or qalampiri,Перец болгарский,Bell pepper,Булғор қалампири,2013-M01,2013,0.0
061,Qovoq,Тыква,Pumpkin,Қовоқ,2013-M01,2013,905.0
063,Sabzi,Морковь,Carrot,Сабзи,2013-M01,2013,498.0
065,Sarimsoq,Чеснок,Garlic,Саримсоқ,2013-M01,2013,3048.0
066,Piyoz,Лук репчатый,Onion,Пиёз,2013-M01,2013,509.0
069,Kartoshka,Картофель,Potatoes,Картошка,2013-M01,2013,1705.0
0070,Loviya,Фасоль,Beans,Ловия,2013-M01,2013,0.0
071,No'xot,Горох,Peas,Нўхот,2013-M01,2013,0.0
0072,Mosh,Маш,Mash,Мош,2013-M01,2013,0.0
073,Shakar,Сахар песок,Sugar,Шакар,2013-M01,2013,0.0
002,Kruppa yormasi,Крупа манная,Semolina,Круппа ёрмаси,2013-M01,2013,898.0
001,Guruch,Рис,Rice,Гуруч,2013-M02,2013,2715.0
003,Arpa,Ячмень,Barley,Арпа,2013-M02,2013,925.0
0004,Bug'doy,Пшеница,Wheat,Буғдой,2013-M02,2013,920.0
005,Jo'hori,Кукуруза,Corn,Жўҳори,2013-M02,2013,850.0
006,Kepak,Отруби,Bran,Кепак,2013-M02,2013,560.0
0008,Shrot,Шрот,Schroth,Шрот,2013-M02,2013,0.0
009,Shulxa,Шелуха,Husk,Шулха,2013-M02,2013,0.0
010,Kombikorm,Комбикорм,Compound feed,Комбикорм,2013-M02,2013,800.0
011,Oliy navli bug'doy uni,Мука пшеничная высшего сорта,High-grade wheat flour,Олий навли буғдой уни,2013-M02,2013,1573.0
0012,1-navli bug'doy uni,Мука пшеничная первого сорта,First grade wheat flour,1-навли буғдой уни,2013-M02,2013,0.0
013,1-nav bug'doy unidan non,Хлеб пшеничный из муки 1-го сорта,Wheat bread from 1st grade flour,1-нав буғдой унидан нон,2013-M02,2013,0.0
017,Mol go'shti,Говядина,Beef,Мол гўшти,2013-M02,2013,15455.0
0020,Qo'y go'shti,Баранина,Mutton,Қўй гўшти,2013-M02,2013,16545.0
022,Tovuq go'shti,Мясо птицы,Poultry,Товуқ гўшти,2013-M02,2013,0.0
026,Turli baliqlar,Рыба всякая,Fish of all kinds,Турли балиқлар,2013-M02,2013,8251.0
027,Yangi sog'ilgan sut (1 litr),Молоко свежее (1 литр),Fresh milk (1 liter),Янги соғилган сут (1 литр),2013-M02,2013,1733.0
034,Tuxum (10 dona),Яйца (10 штук),Eggs (10 pieces ),Тухум (10 дона),2013-M02,2013,3453.0
035,Paxta yog'i (1 litr),Масло хлопковое (1 литр),Cottonseed oil (1 liter),Пахта ёғи (1 литр),2013-M02,2013,0.0
0036,Kungaboqar yog'i (1 litr),Масло подсолнечное (1 литр),Sunflower oil (1 liter),Кунгабоқар ёғи (1 литр),2013-M02,2013,0.0
037,Sariyog',Масло сливочное,Butter,Сариёғ,2013-M02,2013,14907.0
039,Limon,Лимоны,Lemons,Лимон,2013-M02,2013,7733.0
0040,Olma,Яблоки,Apples,Олма,2013-M02,2013,2455.0
041,Nok,Груши,Pears,Нок,2013-M02,2013,5033.0
049,Uzum,Виноград,Grape,Узум,2013-M02,2013,4317.0
0050,Tarvuz,Арбуз,Watermelon,Тарвуз,2013-M02,2013,0.0
0051,Qovun,Дыня,Melon,Қовун,2013-M02,2013,0.0
053,Mayiz,Кишмиш,Kishmish,Майиз,2013-M02,2013,10606.0
055,Karam,Капуста,Cabbage,Карам,2013-M02,2013,574.0
057,Bodring,Огурцы,Cucumbers,Бодринг,2013-M02,2013,5529.0
058,Pomidor,Помидоры,Tomatoes,Помидор,2013-M02,2013,5510.0
059,Baqlajon,Баклажаны,Eggplant,Бақлажон,2013-M02,2013,0.0
0060,Bulg'or qalampiri,Перец болгарский,Bell pepper,Булғор қалампири,2013-M02,2013,0.0
061,Qovoq,Тыква,Pumpkin,Қовоқ,2013-M02,2013,933.0
063,Sabzi,Морковь,Carrot,Сабзи,2013-M02,2013,473.0
065,Sarimsoq,Чеснок,Garlic,Саримсоқ,2013-M02,2013,3109.0
066,Piyoz,Лук репчатый,Onion,Пиёз,2013-M02,2013,452.0
069,Kartoshka,Картофель,Potatoes,Картошка,2013-M02,2013,1605.0
0070,Loviya,Фасоль,Beans,Ловия,2013-M02,2013,0.0
071,No'xot,Горох,Peas,Нўхот,2013-M02,2013,0.0
0072,Mosh,Маш,Mash,Мош,2013-M02,2013,0.0
073,Shakar,Сахар песок,Sugar,Шакар,2013-M02,2013,0.0
002,Kruppa yormasi,Крупа манная,Semolina,Круппа ёрмаси,2013-M02,2013,968.0
001,Guruch,Рис,Rice,Гуруч,2013-M03,2013,2658.0
003,Arpa,Ячмень,Barley,Арпа,2013-M03,2013,952.0
0004,Bug'doy,Пшеница,Wheat,Буғдой,2013-M03,2013,916.0
005,Jo'hori,Кукуруза,Corn,Жўҳори,2013-M03,2013,853.0
006,Kepak,Отруби,Bran,Кепак,2013-M03,2013,568.0
0008,Shrot,Шрот,Schroth,Шрот,2013-M03,2013,0.0
009,Shulxa,Шелуха,Husk,Шулха,2013-M03,2013,0.0
010,Kombikorm,Комбикорм,Compound feed,Комбикорм,2013-M03,2013,778.0
011,Oliy navli bug'doy uni,Мука пшеничная высшего сорта,High-grade wheat flour,Олий навли буғдой уни,2013-M03,2013,1538.0
0012,1-navli bug'doy uni,Мука пшеничная первого сорта,First grade wheat flour,1-навли буғдой уни,2013-M03,2013,0.0
013,1-nav bug'doy unidan non,Хлеб пшеничный из муки 1-го сорта,Wheat bread from 1st grade flour,1-нав буғдой унидан нон,2013-M03,2013,0.0
017,Mol go'shti,Говядина,Beef,Мол гўшти,2013-M03,2013,15515.0
0020,Qo'y go'shti,Баранина,Mutton,Қўй гўшти,2013-M03,2013,16636.0
022,Tovuq go'shti,Мясо птицы,Poultry,Товуқ гўшти,2013-M03,2013,0.0
026,Turli baliqlar,Рыба всякая,Fish of all kinds,Турли балиқлар,2013-M03,2013,8479.0
027,Yangi sog'ilgan sut (1 litr),Молоко свежее (1 литр),Fresh milk (1 liter),Янги соғилган сут (1 литр),2013-M03,2013,1756.0
034,Tuxum (10 dona),Яйца (10 штук),Eggs (10 pieces ),Тухум (10 дона),2013-M03,2013,3370.0
035,Paxta yog'i (1 litr),Масло хлопковое (1 литр),Cottonseed oil (1 liter),Пахта ёғи (1 литр),2013-M03,2013,0.0
0036,Kungaboqar yog'i (1 litr),Масло подсолнечное (1 литр),Sunflower oil (1 liter),Кунгабоқар ёғи (1 литр),2013-M03,2013,0.0
037,Sariyog',Масло сливочное,Butter,Сариёғ,2013-M03,2013,14800.0
039,Limon,Лимоны,Lemons,Лимон,2013-M03,2013,8713.0
0040,Olma,Яблоки,Apples,Олма,2013-M03,2013,3033.0
041,Nok,Груши,Pears,Нок,2013-M03,2013,5967.0
049,Uzum,Виноград,Grape,Узум,2013-M03,2013,4693.0
0050,Tarvuz,Арбуз,Watermelon,Тарвуз,2013-M03,2013,0.0
0051,Qovun,Дыня,Melon,Қовун,2013-M03,2013,0.0
053,Mayiz,Кишмиш,Kishmish,Майиз,2013-M03,2013,10455.0
055,Karam,Капуста,Cabbage,Карам,2013-M03,2013,605.0
057,Bodring,Огурцы,Cucumbers,Бодринг,2013-M03,2013,6652.0
058,Pomidor,Помидоры,Tomatoes,Помидор,2013-M03,2013,6678.0
059,Baqlajon,Баклажаны,Eggplant,Бақлажон,2013-M03,2013,0.0
0060,Bulg'or qalampiri,Перец болгарский,Bell pepper,Булғор қалампири,2013-M03,2013,0.0
061,Qovoq,Тыква,Pumpkin,Қовоқ,2013-M03,2013,811.0
063,Sabzi,Морковь,Carrot,Сабзи,2013-M03,2013,444.0
065,Sarimsoq,Чеснок,Garlic,Саримсоқ,2013-M03,2013,3288.0
066,Piyoz,Лук репчатый,Onion,Пиёз,2013-M03,2013,383.0
069,Kartoshka,Картофель,Potatoes,Картошка,2013-M03,2013,1542.0
0070,Loviya,Фасоль,Beans,Ловия,2013-M03,2013,0.0
071,No'xot,Горох,Peas,Нўхот,2013-M03,2013,0.0
0072,Mosh,Маш,Mash,Мош,2013-M03,2013,0.0
073,Shakar,Сахар песок,Sugar,Шакар,2013-M03,2013,0.0
002,Kruppa yormasi,Крупа манная,Semolina,Круппа ёрмаси,2013-M03,2013,952.0
001,Guruch,Рис,Rice,Гуруч,2013-M04,2013,2676.0
003,Arpa,Ячмень,Barley,Арпа,2013-M04,2013,949.0
0004,Bug'doy,Пшеница,Wheat,Буғдой,2013-M04,2013,926.0
005,Jo'hori,Кукуруза,Corn,Жўҳори,2013-M04,2013,878.0
006,Kepak,Отруби,Bran,Кепак,2013-M04,2013,578.0
0008,Shrot,Шрот,Schroth,Шрот,2013-M04,2013,0.0
009,Shulxa,Шелуха,Husk,Шулха,2013-M04,2013,0.0
010,Kombikorm,Комбикорм,Compound feed,Комбикорм,2013-M04,2013,787.0
011,Oliy navli bug'doy uni,Мука пшеничная высшего сорта,High-grade wheat flour,Олий навли буғдой уни,2013-M04,2013,1533.0
0012,1-navli bug'doy uni,Мука пшеничная первого сорта,First grade wheat flour,1-навли буғдой уни,2013-M04,2013,0.0
013,1-nav bug'doy unidan non,Хлеб пшеничный из муки 1-го сорта,Wheat bread from 1st grade flour,1-нав буғдой унидан нон,2013-M04,2013,0.0
017,Mol go'shti,Говядина,Beef,Мол гўшти,2013-M04,2013,15636.0
0020,Qo'y go'shti,Баранина,Mutton,Қўй гўшти,2013-M04,2013,16727.0
022,Tovuq go'shti,Мясо птицы,Poultry,Товуқ гўшти,2013-M04,2013,0.0
026,Turli baliqlar,Рыба всякая,Fish of all kinds,Турли балиқлар,2013-M04,2013,8624.0
027,Yangi sog'ilgan sut (1 litr),Молоко свежее (1 литр),Fresh milk (1 liter),Янги соғилган сут (1 литр),2013-M04,2013,1676.0
034,Tuxum (10 dona),Яйца (10 штук),Eggs (10 pieces ),Тухум (10 дона),2013-M04,2013,3173.0
035,Paxta yog'i (1 litr),Масло хлопковое (1 литр),Cottonseed oil (1 liter),Пахта ёғи (1 литр),2013-M04,2013,0.0
0036,Kungaboqar yog'i (1 litr),Масло подсолнечное (1 литр),Sunflower oil (1 liter),Кунгабоқар ёғи (1 литр),2013-M04,2013,0.0
037,Sariyog',Масло сливочное,Butter,Сариёғ,2013-M04,2013,14597.0
039,Limon,Лимоны,Lemons,Лимон,2013-M04,2013,9707.0
0040,Olma,Яблоки,Apples,Олма,2013-M04,2013,4018.0
041,Nok,Груши,Pears,Нок,2013-M04,2013,6950.0
049,Uzum,Виноград,Grape,Узум,2013-M04,2013,0.0
0050,Tarvuz,Арбуз,Watermelon,Тарвуз,2013-M04,2013,0.0
0051,Qovun,Дыня,Melon,Қовун,2013-M04,2013,0.0
053,Mayiz,Кишмиш,Kishmish,Майиз,2013-M04,2013,10515.0
055,Karam,Капуста,Cabbage,Карам,2013-M04,2013,630.0
057,Bodring,Огурцы,Cucumbers,Бодринг,2013-M04,2013,5506.0
058,Pomidor,Помидоры,Tomatoes,Помидор,2013-M04,2013,6252.0
059,Baqlajon,Баклажаны,Eggplant,Бақлажон,2013-M04,2013,0.0
0060,Bulg'or qalampiri,Перец болгарский,Bell pepper,Булғор қалампири,2013-M04,2013,0.0
061,Qovoq,Тыква,Pumpkin,Қовоқ,2013-M04,2013,0.0
063,Sabzi,Морковь,Carrot,Сабзи,2013-M04,2013,503.0
065,Sarimsoq,Чеснок,Garlic,Саримсоқ,2013-M04,2013,3592.0
066,Piyoz,Лук репчатый,Onion,Пиёз,2013-M04,2013,412.0
069,Kartoshka,Картофель,Potatoes,Картошка,2013-M04,2013,2081.0
0070,Loviya,Фасоль,Beans,Ловия,2013-M04,2013,0.0
071,No'xot,Горох,Peas,Нўхот,2013-M04,2013,0.0
0072,Mosh,Маш,Mash,Мош,2013-M04,2013,0.0
073,Shakar,Сахар песок,Sugar,Шакар,2013-M04,2013,0.0
002,Kruppa yormasi,Крупа манная,Semolina,Круппа ёрмаси,2013-M04,2013,949.0
001,Guruch,Рис,Rice,Гуруч,2013-M05,2013,2727.0
003,Arpa,Ячмень,Barley,Арпа,2013-M05,2013,899.0
0004,Bug'doy,Пшеница,Wheat,Буғдой,2013-M05,2013,906.0
005,Jo'hori,Кукуруза,Corn,Жўҳори,2013-M05,2013,842.0
006,Kepak,Отруби,Bran,Кепак,2013-M05,2013,578.0
0008,Shrot,Шрот,Schroth,Шрот,2013-M05,2013,0.0
009,Shulxa,Шелуха,Husk,Шулха,2013-M05,2013,0.0
010,Kombikorm,Комбикорм,Compound feed,Комбикорм,2013-M05,2013,774.0
011,Oliy navli bug'doy uni,Мука пшеничная высшего сорта,High-grade wheat flour,Олий навли буғдой уни,2013-M05,2013,1556.0
0012,1-navli bug'doy uni,Мука пшеничная первого сорта,First grade wheat flour,1-навли буғдой уни,2013-M05,2013,0.0
013,1-nav bug'doy unidan non,Хлеб пшеничный из муки 1-го сорта,Wheat bread from 1st grade flour,1-нав буғдой унидан нон,2013-M05,2013,0.0
017,Mol go'shti,Говядина,Beef,Мол гўшти,2013-M05,2013,15697.0
0020,Qo'y go'shti,Баранина,Mutton,Қўй гўшти,2013-M05,2013,16773.0
022,Tovuq go'shti,Мясо птицы,Poultry,Товуқ гўшти,2013-M05,2013,0.0
026,Turli baliqlar,Рыба всякая,Fish of all kinds,Турли балиқлар,2013-M05,2013,0.0
027,Yangi sog'ilgan sut (1 litr),Молоко свежее (1 литр),Fresh milk (1 liter),Янги соғилган сут (1 литр),2013-M05,2013,1400.0
034,Tuxum (10 dona),Яйца (10 штук),Eggs (10 pieces ),Тухум (10 дона),2013-M05,2013,2892.0
035,Paxta yog'i (1 litr),Масло хлопковое (1 литр),Cottonseed oil (1 liter),Пахта ёғи (1 литр),2013-M05,2013,0.0
0036,Kungaboqar yog'i (1 litr),Масло подсолнечное (1 литр),Sunflower oil (1 liter),Кунгабоқар ёғи (1 литр),2013-M05,2013,0.0
037,Sariyog',Масло сливочное,Butter,Сариёғ,2013-M05,2013,14430.0
039,Limon,Лимоны,Lemons,Лимон,2013-M05,2013,13500.0
0040,Olma,Яблоки,Apples,Олма,2013-M05,2013,5064.0
041,Nok,Груши,Pears,Нок,2013-M05,2013,6800.0
049,Uzum,Виноград,Grape,Узум,2013-M05,2013,0.0
0050,Tarvuz,Арбуз,Watermelon,Тарвуз,2013-M05,2013,0.0
0051,Qovun,Дыня,Melon,Қовун,2013-M05,2013,0.0
053,Mayiz,Кишмиш,Kishmish,Майиз,2013-M05,2013,11197.0
055,Karam,Капуста,Cabbage,Карам,2013-M05,2013,989.0
057,Bodring,Огурцы,Cucumbers,Бодринг,2013-M05,2013,2802.0
058,Pomidor,Помидоры,Tomatoes,Помидор,2013-M05,2013,3803.0
059,Baqlajon,Баклажаны,Eggplant,Бақлажон,2013-M05,2013,0.0
0060,Bulg'or qalampiri,Перец болгарский,Bell pepper,Булғор қалампири,2013-M05,2013,8000.0
061,Qovoq,Тыква,Pumpkin,Қовоқ,2013-M05,2013,0.0
063,Sabzi,Морковь,Carrot,Сабзи,2013-M05,2013,583.0
065,Sarimsoq,Чеснок,Garlic,Саримсоқ,2013-M05,2013,3821.0
066,Piyoz,Лук репчатый,Onion,Пиёз,2013-M05,2013,691.0
069,Kartoshka,Картофель,Potatoes,Картошка,2013-M05,2013,1706.0
0070,Loviya,Фасоль,Beans,Ловия,2013-M05,2013,0.0
071,No'xot,Горох,Peas,Нўхот,2013-M05,2013,0.0
0072,Mosh,Маш,Mash,Мош,2013-M05,2013,0.0
073,Shakar,Сахар песок,Sugar,Шакар,2013-M05,2013,0.0
002,Kruppa yormasi,Крупа манная,Semolina,Круппа ёрмаси,2013-M05,2013,899.0
001,Guruch,Рис,Rice,Гуруч,2013-M06,2013,2727.0
003,Arpa,Ячмень,Barley,Арпа,2013-M06,2013,816.0
0004,Bug'doy,Пшеница,Wheat,Буғдой,2013-M06,2013,857.0
005,Jo'hori,Кукуруза,Corn,Жўҳори,2013-M06,2013,820.0
006,Kepak,Отруби,Bran,Кепак,2013-M06,2013,552.0
0008,Shrot,Шрот,Schroth,Шрот,2013-M06,2013,0.0
009,Shulxa,Шелуха,Husk,Шулха,2013-M06,2013,0.0
010,Kombikorm,Комбикорм,Compound feed,Комбикорм,2013-M06,2013,729.0
011,Oliy navli bug'doy uni,Мука пшеничная высшего сорта,High-grade wheat flour,Олий навли буғдой уни,2013-M06,2013,1448.0
0012,1-navli bug'doy uni,Мука пшеничная первого сорта,First grade wheat flour,1-навли буғдой уни,2013-M06,2013,0.0
013,1-nav bug'doy unidan non,Хлеб пшеничный из муки 1-го сорта,Wheat bread from 1st grade flour,1-нав буғдой унидан нон,2013-M06,2013,0.0
017,Mol go'shti,Говядина,Beef,Мол гўшти,2013-M06,2013,15803.0
0020,Qo'y go'shti,Баранина,Mutton,Қўй гўшти,2013-M06,2013,16970.0
022,Tovuq go'shti,Мясо птицы,Poultry,Товуқ гўшти,2013-M06,2013,0.0
026,Turli baliqlar,Рыба всякая,Fish of all kinds,Турли балиқлар,2013-M06,2013,0.0
027,Yangi sog'ilgan sut (1 litr),Молоко свежее (1 литр),Fresh milk (1 liter),Янги соғилган сут (1 литр),2013-M06,2013,1237.0
034,Tuxum (10 dona),Яйца (10 штук),Eggs (10 pieces ),Тухум (10 дона),2013-M06,2013,3105.0
035,Paxta yog'i (1 litr),Масло хлопковое (1 литр),Cottonseed oil (1 liter),Пахта ёғи (1 литр),2013-M06,2013,0.0
0036,Kungaboqar yog'i (1 litr),Масло подсолнечное (1 литр),Sunflower oil (1 liter),Кунгабоқар ёғи (1 литр),2013-M06,2013,0.0
037,Sariyog',Масло сливочное,Butter,Сариёғ,2013-M06,2013,13733.0
039,Limon,Лимоны,Lemons,Лимон,2013-M06,2013,18500.0
0040,Olma,Яблоки,Apples,Олма,2013-M06,2013,3773.0
041,Nok,Груши,Pears,Нок,2013-M06,2013,7100.0
049,Uzum,Виноград,Grape,Узум,2013-M06,2013,4500.0
0050,Tarvuz,Арбуз,Watermelon,Тарвуз,2013-M06,2013,1402.0
0051,Qovun,Дыня,Melon,Қовун,2013-M06,2013,2500.0
053,Mayiz,Кишмиш,Kishmish,Майиз,2013-M06,2013,11576.0
055,Karam,Капуста,Cabbage,Карам,2013-M06,2013,983.0
057,Bodring,Огурцы,Cucumbers,Бодринг,2013-M06,2013,1444.0
058,Pomidor,Помидоры,Tomatoes,Помидор,2013-M06,2013,2682.0
059,Baqlajon,Баклажаны,Eggplant,Бақлажон,2013-M06,2013,3082.0
0060,Bulg'or qalampiri,Перец болгарский,Bell pepper,Булғор қалампири,2013-M06,2013,3285.0
061,Qovoq,Тыква,Pumpkin,Қовоқ,2013-M06,2013,0.0
063,Sabzi,Морковь,Carrot,Сабзи,2013-M06,2013,818.0
065,Sarimsoq,Чеснок,Garlic,Саримсоқ,2013-M06,2013,3227.0
066,Piyoz,Лук репчатый,Onion,Пиёз,2013-M06,2013,608.0
069,Kartoshka,Картофель,Potatoes,Картошка,2013-M06,2013,1091.0
0070,Loviya,Фасоль,Beans,Ловия,2013-M06,2013,0.0
071,No'xot,Горох,Peas,Нўхот,2013-M06,2013,0.0
0072,Mosh,Маш,Mash,Мош,2013-M06,2013,0.0
073,Shakar,Сахар песок,Sugar,Шакар,2013-M06,2013,0.0
002,Kruppa yormasi,Крупа манная,Semolina,Круппа ёрмаси,2013-M06,2013,816.0
001,Guruch,Рис,Rice,Гуруч,2013-M07,2013,2921.0
003,Arpa,Ячмень,Barley,Арпа,2013-M07,2013,770.0
0004,Bug'doy,Пшеница,Wheat,Буғдой,2013-M07,2013,706.0
005,Jo'hori,Кукуруза,Corn,Жўҳори,2013-M07,2013,892.0
006,Kepak,Отруби,Bran,Кепак,2013-M07,2013,519.0
0008,Shrot,Шрот,Schroth,Шрот,2013-M07,2013,0.0
009,Shulxa,Шелуха,Husk,Шулха,2013-M07,2013,0.0
010,Kombikorm,Комбикорм,Compound feed,Комбикорм,2013-M07,2013,757.0
011,Oliy navli bug'doy uni,Мука пшеничная высшего сорта,High-grade wheat flour,Олий навли буғдой уни,2013-M07,2013,1415.0
0012,1-navli bug'doy uni,Мука пшеничная первого сорта,First grade wheat flour,1-навли буғдой уни,2013-M07,2013,0.0
013,1-nav bug'doy unidan non,Хлеб пшеничный из муки 1-го сорта,Wheat bread from 1st grade flour,1-нав буғдой унидан нон,2013-M07,2013,0.0
017,Mol go'shti,Говядина,Beef,Мол гўшти,2013-M07,2013,16227.0
0020,Qo'y go'shti,Баранина,Mutton,Қўй гўшти,2013-M07,2013,17379.0
022,Tovuq go'shti,Мясо птицы,Poultry,Товуқ гўшти,2013-M07,2013,0.0
026,Turli baliqlar,Рыба всякая,Fish of all kinds,Турли балиқлар,2013-M07,2013,0.0
027,Yangi sog'ilgan sut (1 litr),Молоко свежее (1 литр),Fresh milk (1 liter),Янги соғилган сут (1 литр),2013-M07,2013,1160.0
034,Tuxum (10 dona),Яйца (10 штук),Eggs (10 pieces ),Тухум (10 дона),2013-M07,2013,3264.0
035,Paxta yog'i (1 litr),Масло хлопковое (1 литр),Cottonseed oil (1 liter),Пахта ёғи (1 литр),2013-M07,2013,0.0
0036,Kungaboqar yog'i (1 litr),Масло подсолнечное (1 литр),Sunflower oil (1 liter),Кунгабоқар ёғи (1 литр),2013-M07,2013,0.0
037,Sariyog',Масло сливочное,Butter,Сариёғ,2013-M07,2013,13019.0
039,Limon,Лимоны,Lemons,Лимон,2013-M07,2013,18000.0
0040,Olma,Яблоки,Apples,Олма,2013-M07,2013,2127.0
041,Nok,Груши,Pears,Нок,2013-M07,2013,4306.0
049,Uzum,Виноград,Grape,Узум,2013-M07,2013,2989.0
0050,Tarvuz,Арбуз,Watermelon,Тарвуз,2013-M07,2013,747.0
0051,Qovun,Дыня,Melon,Қовун,2013-M07,2013,1731.0
053,Mayiz,Кишмиш,Kishmish,Майиз,2013-M07,2013,10307.0
055,Karam,Капуста,Cabbage,Карам,2013-M07,2013,917.0
057,Bodring,Огурцы,Cucumbers,Бодринг,2013-M07,2013,1068.0
058,Pomidor,Помидоры,Tomatoes,Помидор,2013-M07,2013,1333.0
059,Baqlajon,Баклажаны,Eggplant,Бақлажон,2013-M07,2013,1409.0
0060,Bulg'or qalampiri,Перец болгарский,Bell pepper,Булғор қалампири,2013-M07,2013,1767.0
061,Qovoq,Тыква,Pumpkin,Қовоқ,2013-M07,2013,1300.0
063,Sabzi,Морковь,Carrot,Сабзи,2013-M07,2013,1027.0
065,Sarimsoq,Чеснок,Garlic,Саримсоқ,2013-M07,2013,2730.0
066,Piyoz,Лук репчатый,Onion,Пиёз,2013-M07,2013,570.0
069,Kartoshka,Картофель,Potatoes,Картошка,2013-M07,2013,826.0
0070,Loviya,Фасоль,Beans,Ловия,2013-M07,2013,0.0
071,No'xot,Горох,Peas,Нўхот,2013-M07,2013,0.0
0072,Mosh,Маш,Mash,Мош,2013-M07,2013,0.0
073,Shakar,Сахар песок,Sugar,Шакар,2013-M07,2013,0.0
002,Kruppa yormasi,Крупа манная,Semolina,Круппа ёрмаси,2013-M07,2013,770.0
001,Guruch,Рис,Rice,Гуруч,2013-M08,2013,2967.0
003,Arpa,Ячмень,Barley,Арпа,2013-M08,2013,804.0
0004,Bug'doy,Пшеница,Wheat,Буғдой,2013-M08,2013,697.0
005,Jo'hori,Кукуруза,Corn,Жўҳори,2013-M08,2013,914.0
006,Kepak,Отруби,Bran,Кепак,2013-M08,2013,492.0
0008,Shrot,Шрот,Schroth,Шрот,2013-M08,2013,0.0
009,Shulxa,Шелуха,Husk,Шулха,2013-M08,2013,0.0
010,Kombikorm,Комбикорм,Compound feed,Комбикорм,2013-M08,2013,802.0
011,Oliy navli bug'doy uni,Мука пшеничная высшего сорта,High-grade wheat flour,Олий навли буғдой уни,2013-M08,2013,1398.0
0012,1-navli bug'doy uni,Мука пшеничная первого сорта,First grade wheat flour,1-навли буғдой уни,2013-M08,2013,0.0
013,1-nav bug'doy unidan non,Хлеб пшеничный из муки 1-го сорта,Wheat bread from 1st grade flour,1-нав буғдой унидан нон,2013-M08,2013,0.0
017,Mol go'shti,Говядина,Beef,Мол гўшти,2013-M08,2013,17055.0
0020,Qo'y go'shti,Баранина,Mutton,Қўй гўшти,2013-M08,2013,18176.0
022,Tovuq go'shti,Мясо птицы,Poultry,Товуқ гўшти,2013-M08,2013,0.0
026,Turli baliqlar,Рыба всякая,Fish of all kinds,Турли балиқлар,2013-M08,2013,0.0
027,Yangi sog'ilgan sut (1 litr),Молоко свежее (1 литр),Fresh milk (1 liter),Янги соғилган сут (1 литр),2013-M08,2013,1144.0
034,Tuxum (10 dona),Яйца (10 штук),Eggs (10 pieces ),Тухум (10 дона),2013-M08,2013,3388.0
035,Paxta yog'i (1 litr),Масло хлопковое (1 литр),Cottonseed oil (1 liter),Пахта ёғи (1 литр),2013-M08,2013,0.0
0036,Kungaboqar yog'i (1 litr),Масло подсолнечное (1 литр),Sunflower oil (1 liter),Кунгабоқар ёғи (1 литр),2013-M08,2013,0.0
037,Sariyog',Масло сливочное,Butter,Сариёғ,2013-M08,2013,12907.0
039,Limon,Лимоны,Lemons,Лимон,2013-M08,2013,19083.0
0040,Olma,Яблоки,Apples,Олма,2013-M08,2013,1864.0
041,Nok,Груши,Pears,Нок,2013-M08,2013,3296.0
049,Uzum,Виноград,Grape,Узум,2013-M08,2013,2048.0
0050,Tarvuz,Арбуз,Watermelon,Тарвуз,2013-M08,2013,699.0
0051,Qovun,Дыня,Melon,Қовун,2013-M08,2013,1055.0
053,Mayiz,Кишмиш,Kishmish,Майиз,2013-M08,2013,11410.0
055,Karam,Капуста,Cabbage,Карам,2013-M08,2013,862.0
057,Bodring,Огурцы,Cucumbers,Бодринг,2013-M08,2013,917.0
058,Pomidor,Помидоры,Tomatoes,Помидор,2013-M08,2013,894.0
059,Baqlajon,Баклажаны,Eggplant,Бақлажон,2013-M08,2013,786.0
0060,Bulg'or qalampiri,Перец болгарский,Bell pepper,Булғор қалампири,2013-M08,2013,855.0
061,Qovoq,Тыква,Pumpkin,Қовоқ,2013-M08,2013,1067.0
063,Sabzi,Морковь,Carrot,Сабзи,2013-M08,2013,1029.0
065,Sarimsoq,Чеснок,Garlic,Саримсоқ,2013-M08,2013,2404.0
066,Piyoz,Лук репчатый,Onion,Пиёз,2013-M08,2013,561.0
069,Kartoshka,Картофель,Potatoes,Картошка,2013-M08,2013,893.0
0070,Loviya,Фасоль,Beans,Ловия,2013-M08,2013,0.0
071,No'xot,Горох,Peas,Нўхот,2013-M08,2013,0.0
0072,Mosh,Маш,Mash,Мош,2013-M08,2013,0.0
073,Shakar,Сахар песок,Sugar,Шакар,2013-M08,2013,0.0
002,Kruppa yormasi,Крупа манная,Semolina,Круппа ёрмаси,2013-M08,2013,804.0
001,Guruch,Рис,Rice,Гуруч,2013-M09,2013,3029.0
003,Arpa,Ячмень,Barley,Арпа,2013-M09,2013,801.0
0004,Bug'doy,Пшеница,Wheat,Буғдой,2013-M09,2013,720.0
005,Jo'hori,Кукуруза,Corn,Жўҳори,2013-M09,2013,916.0
006,Kepak,Отруби,Bran,Кепак,2013-M09,2013,532.0
0008,Shrot,Шрот,Schroth,Шрот,2013-M09,2013,0.0
009,Shulxa,Шелуха,Husk,Шулха,2013-M09,2013,0.0
010,Kombikorm,Комбикорм,Compound feed,Комбикорм,2013-M09,2013,816.0
011,Oliy navli bug'doy uni,Мука пшеничная высшего сорта,High-grade wheat flour,Олий навли буғдой уни,2013-M09,2013,1443.0
0012,1-navli bug'doy uni,Мука пшеничная первого сорта,First grade wheat flour,1-навли буғдой уни,2013-M09,2013,0.0
013,1-nav bug'doy unidan non,Хлеб пшеничный из муки 1-го сорта,Wheat bread from 1st grade flour,1-нав буғдой унидан нон,2013-M09,2013,0.0
017,Mol go'shti,Говядина,Beef,Мол гўшти,2013-M09,2013,17358.0
0020,Qo'y go'shti,Баранина,Mutton,Қўй гўшти,2013-M09,2013,18388.0
022,Tovuq go'shti,Мясо птицы,Poultry,Товуқ гўшти,2013-M09,2013,0.0
026,Turli baliqlar,Рыба всякая,Fish of all kinds,Турли балиқлар,2013-M09,2013,9167.0
027,Yangi sog'ilgan sut (1 litr),Молоко свежее (1 литр),Fresh milk (1 liter),Янги соғилган сут (1 литр),2013-M09,2013,1181.0
034,Tuxum (10 dona),Яйца (10 штук),Eggs (10 pieces ),Тухум (10 дона),2013-M09,2013,3691.0
035,Paxta yog'i (1 litr),Масло хлопковое (1 литр),Cottonseed oil (1 liter),Пахта ёғи (1 литр),2013-M09,2013,0.0
0036,Kungaboqar yog'i (1 litr),Масло подсолнечное (1 литр),Sunflower oil (1 liter),Кунгабоқар ёғи (1 литр),2013-M09,2013,0.0
037,Sariyog',Масло сливочное,Butter,Сариёғ,2013-M09,2013,12856.0
039,Limon,Лимоны,Lemons,Лимон,2013-M09,2013,15583.0
0040,Olma,Яблоки,Apples,Олма,2013-M09,2013,1727.0
041,Nok,Груши,Pears,Нок,2013-M09,2013,2963.0
049,Uzum,Виноград,Grape,Узум,2013-M09,2013,1735.0
0050,Tarvuz,Арбуз,Watermelon,Тарвуз,2013-M09,2013,617.0
0051,Qovun,Дыня,Melon,Қовун,2013-M09,2013,804.0
053,Mayiz,Кишмиш,Kishmish,Майиз,2013-M09,2013,11190.0
055,Karam,Капуста,Cabbage,Карам,2013-M09,2013,880.0
057,Bodring,Огурцы,Cucumbers,Бодринг,2013-M09,2013,1097.0
058,Pomidor,Помидоры,Tomatoes,Помидор,2013-M09,2013,1000.0
059,Baqlajon,Баклажаны,Eggplant,Бақлажон,2013-M09,2013,795.0
0060,Bulg'or qalampiri,Перец болгарский,Bell pepper,Булғор қалампири,2013-M09,2013,767.0
061,Qovoq,Тыква,Pumpkin,Қовоқ,2013-M09,2013,867.0
063,Sabzi,Морковь,Carrot,Сабзи,2013-M09,2013,992.0
065,Sarimsoq,Чеснок,Garlic,Саримсоқ,2013-M09,2013,2142.0
066,Piyoz,Лук репчатый,Onion,Пиёз,2013-M09,2013,528.0
069,Kartoshka,Картофель,Potatoes,Картошка,2013-M09,2013,1003.0
0070,Loviya,Фасоль,Beans,Ловия,2013-M09,2013,0.0
071,No'xot,Горох,Peas,Нўхот,2013-M09,2013,0.0
0072,Mosh,Маш,Mash,Мош,2013-M09,2013,0.0
073,Shakar,Сахар песок,Sugar,Шакар,2013-M09,2013,0.0
002,Kruppa yormasi,Крупа манная,Semolina,Круппа ёрмаси,2013-M09,2013,801.0
001,Guruch,Рис,Rice,Гуруч,2013-M10,2013,3102.0
003,Arpa,Ячмень,Barley,Арпа,2013-M10,2013,823.0
0004,Bug'doy,Пшеница,Wheat,Буғдой,2013-M10,2013,747.0
005,Jo'hori,Кукуруза,Corn,Жўҳори,2013-M10,2013,878.0
006,Kepak,Отруби,Bran,Кепак,2013-M10,2013,551.0
0008,Shrot,Шрот,Schroth,Шрот,2013-M10,2013,0.0
009,Shulxa,Шелуха,Husk,Шулха,2013-M10,2013,0.0
010,Kombikorm,Комбикорм,Compound feed,Комбикорм,2013-M10,2013,870.0
011,Oliy navli bug'doy uni,Мука пшеничная высшего сорта,High-grade wheat flour,Олий навли буғдой уни,2013-M10,2013,1465.0
0012,1-navli bug'doy uni,Мука пшеничная первого сорта,First grade wheat flour,1-навли буғдой уни,2013-M10,2013,0.0
013,1-nav bug'doy unidan non,Хлеб пшеничный из муки 1-го сорта,Wheat bread from 1st grade flour,1-нав буғдой унидан нон,2013-M10,2013,0.0
017,Mol go'shti,Говядина,Beef,Мол гўшти,2013-M10,2013,17561.0
0020,Qo'y go'shti,Баранина,Mutton,Қўй гўшти,2013-M10,2013,18561.0
022,Tovuq go'shti,Мясо птицы,Poultry,Товуқ гўшти,2013-M10,2013,0.0
026,Turli baliqlar,Рыба всякая,Fish of all kinds,Турли балиқлар,2013-M10,2013,9900.0
027,Yangi sog'ilgan sut (1 litr),Молоко свежее (1 литр),Fresh milk (1 liter),Янги соғилган сут (1 литр),2013-M10,2013,1273.0
034,Tuxum (10 dona),Яйца (10 штук),Eggs (10 pieces ),Тухум (10 дона),2013-M10,2013,4009.0
035,Paxta yog'i (1 litr),Масло хлопковое (1 литр),Cottonseed oil (1 liter),Пахта ёғи (1 литр),2013-M10,2013,0.0
0036,Kungaboqar yog'i (1 litr),Масло подсолнечное (1 литр),Sunflower oil (1 liter),Кунгабоқар ёғи (1 литр),2013-M10,2013,0.0
037,Sariyog',Масло сливочное,Butter,Сариёғ,2013-M10,2013,13183.0
039,Limon,Лимоны,Lemons,Лимон,2013-M10,2013,10566.0
0040,Olma,Яблоки,Apples,Олма,2013-M10,2013,1789.0
041,Nok,Груши,Pears,Нок,2013-M10,2013,3139.0
049,Uzum,Виноград,Grape,Узум,2013-M10,2013,1888.0
0050,Tarvuz,Арбуз,Watermelon,Тарвуз,2013-M10,2013,580.0
0051,Qovun,Дыня,Melon,Қовун,2013-M10,2013,735.0
053,Mayiz,Кишмиш,Kishmish,Майиз,2013-M10,2013,10677.0
055,Karam,Капуста,Cabbage,Карам,2013-M10,2013,858.0
057,Bodring,Огурцы,Cucumbers,Бодринг,2013-M10,2013,1362.0
058,Pomidor,Помидоры,Tomatoes,Помидор,2013-M10,2013,1073.0
059,Baqlajon,Баклажаны,Eggplant,Бақлажон,2013-M10,2013,955.0
0060,Bulg'or qalampiri,Перец болгарский,Bell pepper,Булғор қалампири,2013-M10,2013,919.0
061,Qovoq,Тыква,Pumpkin,Қовоқ,2013-M10,2013,721.0
063,Sabzi,Морковь,Carrot,Сабзи,2013-M10,2013,841.0
065,Sarimsoq,Чеснок,Garlic,Саримсоқ,2013-M10,2013,2055.0
066,Piyoz,Лук репчатый,Onion,Пиёз,2013-M10,2013,514.0
069,Kartoshka,Картофель,Potatoes,Картошка,2013-M10,2013,1047.0
0070,Loviya,Фасоль,Beans,Ловия,2013-M10,2013,0.0
071,No'xot,Горох,Peas,Нўхот,2013-M10,2013,0.0
0072,Mosh,Маш,Mash,Мош,2013-M10,2013,0.0
073,Shakar,Сахар песок,Sugar,Шакар,2013-M10,2013,0.0
002,Kruppa yormasi,Крупа манная,Semolina,Круппа ёрмаси,2013-M10,2013,823.0
001,Guruch,Рис,Rice,Гуруч,2013-M11,2013,3039.0
003,Arpa,Ячмень,Barley,Арпа,2013-M11,2013,811.0
0004,Bug'doy,Пшеница,Wheat,Буғдой,2013-M11,2013,775.0
005,Jo'hori,Кукуруза,Corn,Жўҳори,2013-M11,2013,874.0
006,Kepak,Отруби,Bran,Кепак,2013-M11,2013,508.0
0008,Shrot,Шрот,Schroth,Шрот,2013-M11,2013,0.0
009,Shulxa,Шелуха,Husk,Шулха,2013-M11,2013,0.0
010,Kombikorm,Комбикорм,Compound feed,Комбикорм,2013-M11,2013,815.0
011,Oliy navli bug'doy uni,Мука пшеничная высшего сорта,High-grade wheat flour,Олий навли буғдой уни,2013-M11,2013,1510.0
0012,1-navli bug'doy uni,Мука пшеничная первого сорта,First grade wheat flour,1-навли буғдой уни,2013-M11,2013,0.0
013,1-nav bug'doy unidan non,Хлеб пшеничный из муки 1-го сорта,Wheat bread from 1st grade flour,1-нав буғдой унидан нон,2013-M11,2013,0.0
017,Mol go'shti,Говядина,Beef,Мол гўшти,2013-M11,2013,17739.0
0020,Qo'y go'shti,Баранина,Mutton,Қўй гўшти,2013-M11,2013,18682.0
022,Tovuq go'shti,Мясо птицы,Poultry,Товуқ гўшти,2013-M11,2013,0.0
026,Turli baliqlar,Рыба всякая,Fish of all kinds,Турли балиқлар,2013-M11,2013,8108.0
027,Yangi sog'ilgan sut (1 litr),Молоко свежее (1 литр),Fresh milk (1 liter),Янги соғилган сут (1 литр),2013-M11,2013,1383.0
034,Tuxum (10 dona),Яйца (10 штук),Eggs (10 pieces ),Тухум (10 дона),2013-M11,2013,4127.0
035,Paxta yog'i (1 litr),Масло хлопковое (1 литр),Cottonseed oil (1 liter),Пахта ёғи (1 литр),2013-M11,2013,0.0
0036,Kungaboqar yog'i (1 litr),Масло подсолнечное (1 литр),Sunflower oil (1 liter),Кунгабоқар ёғи (1 литр),2013-M11,2013,0.0
037,Sariyog',Масло сливочное,Butter,Сариёғ,2013-M11,2013,13333.0
039,Limon,Лимоны,Lemons,Лимон,2013-M11,2013,9152.0
0040,Olma,Яблоки,Apples,Олма,2013-M11,2013,2261.0
041,Nok,Груши,Pears,Нок,2013-M11,2013,4478.0
049,Uzum,Виноград,Grape,Узум,2013-M11,2013,3279.0
0050,Tarvuz,Арбуз,Watermelon,Тарвуз,2013-M11,2013,717.0
0051,Qovun,Дыня,Melon,Қовун,2013-M11,2013,837.0
053,Mayiz,Кишмиш,Kishmish,Майиз,2013-M11,2013,11150.0
055,Karam,Капуста,Cabbage,Карам,2013-M11,2013,600.0
057,Bodring,Огурцы,Cucumbers,Бодринг,2013-M11,2013,2690.0
058,Pomidor,Помидоры,Tomatoes,Помидор,2013-M11,2013,1963.0
059,Baqlajon,Баклажаны,Eggplant,Бақлажон,2013-M11,2013,1105.0
0060,Bulg'or qalampiri,Перец болгарский,Bell pepper,Булғор қалампири,2013-M11,2013,1063.0
061,Qovoq,Тыква,Pumpkin,Қовоқ,2013-M11,2013,630.0
063,Sabzi,Морковь,Carrot,Сабзи,2013-M11,2013,756.0
065,Sarimsoq,Чеснок,Garlic,Саримсоқ,2013-M11,2013,2367.0
066,Piyoz,Лук репчатый,Onion,Пиёз,2013-M11,2013,456.0
069,Kartoshka,Картофель,Potatoes,Картошка,2013-M11,2013,1120.0
0070,Loviya,Фасоль,Beans,Ловия,2013-M11,2013,0.0
071,No'xot,Горох,Peas,Нўхот,2013-M11,2013,0.0
0072,Mosh,Маш,Mash,Мош,2013-M11,2013,0.0
073,Shakar,Сахар песок,Sugar,Шакар,2013-M11,2013,0.0
002,Kruppa yormasi,Крупа манная,Semolina,Круппа ёрмаси,2013-M11,2013,811.0
001,Guruch,Рис,Rice,Гуруч,2013-M12,2013,3020.0
003,Arpa,Ячмень,Barley,Арпа,2013-M12,2013,870.0
0004,Bug'doy,Пшеница,Wheat,Буғдой,2013-M12,2013,793.0
005,Jo'hori,Кукуруза,Corn,Жўҳори,2013-M12,2013,871.0
006,Kepak,Отруби,Bran,Кепак,2013-M12,2013,528.0
0008,Shrot,Шрот,Schroth,Шрот,2013-M12,2013,0.0
009,Shulxa,Шелуха,Husk,Шулха,2013-M12,2013,0.0
010,Kombikorm,Комбикорм,Compound feed,Комбикорм,2013-M12,2013,844.0
011,Oliy navli bug'doy uni,Мука пшеничная высшего сорта,High-grade wheat flour,Олий навли буғдой уни,2013-M12,2013,1504.0
0012,1-navli bug'doy uni,Мука пшеничная первого сорта,First grade wheat flour,1-навли буғдой уни,2013-M12,2013,0.0
013,1-nav bug'doy unidan non,Хлеб пшеничный из муки 1-го сорта,Wheat bread from 1st grade flour,1-нав буғдой унидан нон,2013-M12,2013,0.0
017,Mol go'shti,Говядина,Beef,Мол гўшти,2013-M12,2013,17818.0
0020,Qo'y go'shti,Баранина,Mutton,Қўй гўшти,2013-M12,2013,18985.0
022,Tovuq go'shti,Мясо птицы,Poultry,Товуқ гўшти,2013-M12,2013,0.0
026,Turli baliqlar,Рыба всякая,Fish of all kinds,Турли балиқлар,2013-M12,2013,9154.0
027,Yangi sog'ilgan sut (1 litr),Молоко свежее (1 литр),Fresh milk (1 liter),Янги соғилган сут (1 литр),2013-M12,2013,1452.0
034,Tuxum (10 dona),Яйца (10 штук),Eggs (10 pieces ),Тухум (10 дона),2013-M12,2013,4105.0
035,Paxta yog'i (1 litr),Масло хлопковое (1 литр),Cottonseed oil (1 liter),Пахта ёғи (1 литр),2013-M12,2013,0.0
0036,Kungaboqar yog'i (1 litr),Масло подсолнечное (1 литр),Sunflower oil (1 liter),Кунгабоқар ёғи (1 литр),2013-M12,2013,0.0
037,Sariyog',Масло сливочное,Butter,Сариёғ,2013-M12,2013,14267.0
039,Limon,Лимоны,Lemons,Лимон,2013-M12,2013,8022.0
0040,Olma,Яблоки,Apples,Олма,2013-M12,2013,2717.0
041,Nok,Груши,Pears,Нок,2013-M12,2013,5737.0
049,Uzum,Виноград,Grape,Узум,2013-M12,2013,4598.0
0050,Tarvuz,Арбуз,Watermelon,Тарвуз,2013-M12,2013,902.0
0051,Qovun,Дыня,Melon,Қовун,2013-M12,2013,1054.0
053,Mayiz,Кишмиш,Kishmish,Майиз,2013-M12,2013,11552.0
055,Karam,Капуста,Cabbage,Карам,2013-M12,2013,507.0
057,Bodring,Огурцы,Cucumbers,Бодринг,2013-M12,2013,3994.0
058,Pomidor,Помидоры,Tomatoes,Помидор,2013-M12,2013,3217.0
059,Baqlajon,Баклажаны,Eggplant,Бақлажон,2013-M12,2013,0.0
0060,Bulg'or qalampiri,Перец болгарский,Bell pepper,Булғор қалампири,2013-M12,2013,1425.0
061,Qovoq,Тыква,Pumpkin,Қовоқ,2013-M12,2013,563.0
063,Sabzi,Морковь,Carrot,Сабзи,2013-M12,2013,633.0
065,Sarimsoq,Чеснок,Garlic,Саримсоқ,2013-M12,2013,2554.0
066,Piyoz,Лук репчатый,Onion,Пиёз,2013-M12,2013,466.0
069,Kartoshka,Картофель,Potatoes,Картошка,2013-M12,2013,1239.0
0070,Loviya,Фасоль,Beans,Ловия,2013-M12,2013,0.0
071,No'xot,Горох,Peas,Нўхот,2013-M12,2013,0.0
0072,Mosh,Маш,Mash,Мош,2013-M12,2013,0.0
073,Shakar,Сахар песок,Sugar,Шакар,2013-M12,2013,0.0
002,Kruppa yormasi,Крупа манная,Semolina,Круппа ёрмаси,2013-M12,2013,870.0
001,Guruch,Рис,Rice,Гуруч,2014-M01,2014,2906.0
003,Arpa,Ячмень,Barley,Арпа,2014-M01,2014,919.0
0004,Bug'doy,Пшеница,Wheat,Буғдой,2014-M01,2014,806.0
005,Jo'hori,Кукуруза,Corn,Жўҳори,2014-M01,2014,905.0
006,Kepak,Отруби,Bran,Кепак,2014-M01,2014,541.0
0008,Shrot,Шрот,Schroth,Шрот,2014-M01,2014,0.0
009,Shulxa,Шелуха,Husk,Шулха,2014-M01,2014,0.0
010,Kombikorm,Комбикорм,Compound feed,Комбикорм,2014-M01,2014,861.0
011,Oliy navli bug'doy uni,Мука пшеничная высшего сорта,High-grade wheat flour,Олий навли буғдой уни,2014-M01,2014,1452.0
0012,1-navli bug'doy uni,Мука пшеничная первого сорта,First grade wheat flour,1-навли буғдой уни,2014-M01,2014,0.0
013,1-nav bug'doy unidan non,Хлеб пшеничный из муки 1-го сорта,Wheat bread from 1st grade flour,1-нав буғдой унидан нон,2014-M01,2014,0.0
017,Mol go'shti,Говядина,Beef,Мол гўшти,2014-M01,2014,18530.0
0020,Qo'y go'shti,Баранина,Mutton,Қўй гўшти,2014-M01,2014,19652.0
022,Tovuq go'shti,Мясо птицы,Poultry,Товуқ гўшти,2014-M01,2014,0.0
026,Turli baliqlar,Рыба всякая,Fish of all kinds,Турли балиқлар,2014-M01,2014,9637.0
027,Yangi sog'ilgan sut (1 litr),Молоко свежее (1 литр),Fresh milk (1 liter),Янги соғилган сут (1 литр),2014-M01,2014,1585.0
034,Tuxum (10 dona),Яйца (10 штук),Eggs (10 pieces ),Тухум (10 дона),2014-M01,2014,3989.0
035,Paxta yog'i (1 litr),Масло хлопковое (1 литр),Cottonseed oil (1 liter),Пахта ёғи (1 литр),2014-M01,2014,0.0
0036,Kungaboqar yog'i (1 litr),Масло подсолнечное (1 литр),Sunflower oil (1 liter),Кунгабоқар ёғи (1 литр),2014-M01,2014,0.0
037,Sariyog',Масло сливочное,Butter,Сариёғ,2014-M01,2014,14250.0
039,Limon,Лимоны,Lemons,Лимон,2014-M01,2014,7663.0
0040,Olma,Яблоки,Apples,Олма,2014-M01,2014,3448.0
041,Nok,Груши,Pears,Нок,2014-M01,2014,6127.0
049,Uzum,Виноград,Grape,Узум,2014-M01,2014,5382.0
0050,Tarvuz,Арбуз,Watermelon,Тарвуз,2014-M01,2014,1125.0
0051,Qovun,Дыня,Melon,Қовун,2014-M01,2014,0.0
053,Mayiz,Кишмиш,Kishmish,Майиз,2014-M01,2014,12136.0
055,Karam,Капуста,Cabbage,Карам,2014-M01,2014,629.0
057,Bodring,Огурцы,Cucumbers,Бодринг,2014-M01,2014,5521.0
058,Pomidor,Помидоры,Tomatoes,Помидор,2014-M01,2014,4219.0
059,Baqlajon,Баклажаны,Eggplant,Бақлажон,2014-M01,2014,0.0
0060,Bulg'or qalampiri,Перец болгарский,Bell pepper,Булғор қалампири,2014-M01,2014,0.0
061,Qovoq,Тыква,Pumpkin,Қовоқ,2014-M01,2014,631.0
063,Sabzi,Морковь,Carrot,Сабзи,2014-M01,2014,706.0
065,Sarimsoq,Чеснок,Garlic,Саримсоқ,2014-M01,2014,2977.0
066,Piyoz,Лук репчатый,Onion,Пиёз,2014-M01,2014,462.0
069,Kartoshka,Картофель,Potatoes,Картошка,2014-M01,2014,1414.0
0070,Loviya,Фасоль,Beans,Ловия,2014-M01,2014,0.0
071,No'xot,Горох,Peas,Нўхот,2014-M01,2014,0.0
0072,Mosh,Маш,Mash,Мош,2014-M01,2014,0.0
073,Shakar,Сахар песок,Sugar,Шакар,2014-M01,2014,0.0
002,Kruppa yormasi,Крупа манная,Semolina,Круппа ёрмаси,2014-M01,2014,919.0
001,Guruch,Рис,Rice,Гуруч,2014-M02,2014,2945.0
003,Arpa,Ячмень,Barley,Арпа,2014-M02,2014,919.0
0004,Bug'doy,Пшеница,Wheat,Буғдой,2014-M02,2014,854.0
005,Jo'hori,Кукуруза,Corn,Жўҳори,2014-M02,2014,954.0
006,Kepak,Отруби,Bran,Кепак,2014-M02,2014,573.0
0008,Shrot,Шрот,Schroth,Шрот,2014-M02,2014,0.0
009,Shulxa,Шелуха,Husk,Шулха,2014-M02,2014,0.0
010,Kombikorm,Комбикорм,Compound feed,Комбикорм,2014-M02,2014,909.0
011,Oliy navli bug'doy uni,Мука пшеничная высшего сорта,High-grade wheat flour,Олий навли буғдой уни,2014-M02,2014,1537.0
0012,1-navli bug'doy uni,Мука пшеничная первого сорта,First grade wheat flour,1-навли буғдой уни,2014-M02,2014,0.0
013,1-nav bug'doy unidan non,Хлеб пшеничный из муки 1-го сорта,Wheat bread from 1st grade flour,1-нав буғдой унидан нон,2014-M02,2014,0.0
017,Mol go'shti,Говядина,Beef,Мол гўшти,2014-M02,2014,19545.0
0020,Qo'y go'shti,Баранина,Mutton,Қўй гўшти,2014-M02,2014,20788.0
022,Tovuq go'shti,Мясо птицы,Poultry,Товуқ гўшти,2014-M02,2014,0.0
026,Turli baliqlar,Рыба всякая,Fish of all kinds,Турли балиқлар,2014-M02,2014,10621.0
027,Yangi sog'ilgan sut (1 litr),Молоко свежее (1 литр),Fresh milk (1 liter),Янги соғилган сут (1 литр),2014-M02,2014,1700.0
034,Tuxum (10 dona),Яйца (10 штук),Eggs (10 pieces ),Тухум (10 дона),2014-M02,2014,3982.0
035,Paxta yog'i (1 litr),Масло хлопковое (1 литр),Cottonseed oil (1 liter),Пахта ёғи (1 литр),2014-M02,2014,0.0
0036,Kungaboqar yog'i (1 litr),Масло подсолнечное (1 литр),Sunflower oil (1 liter),Кунгабоқар ёғи (1 литр),2014-M02,2014,0.0
037,Sariyog',Масло сливочное,Butter,Сариёғ,2014-M02,2014,14267.0
039,Limon,Лимоны,Lemons,Лимон,2014-M02,2014,7496.0
0040,Olma,Яблоки,Apples,Олма,2014-M02,2014,3891.0
041,Nok,Груши,Pears,Нок,2014-M02,2014,6078.0
049,Uzum,Виноград,Grape,Узум,2014-M02,2014,6092.0
0050,Tarvuz,Арбуз,Watermelon,Тарвуз,2014-M02,2014,0.0
0051,Qovun,Дыня,Melon,Қовун,2014-M02,2014,0.0
053,Mayiz,Кишмиш,Kishmish,Майиз,2014-M02,2014,11652.0
055,Karam,Капуста,Cabbage,Карам,2014-M02,2014,614.0
057,Bodring,Огурцы,Cucumbers,Бодринг,2014-M02,2014,5729.0
058,Pomidor,Помидоры,Tomatoes,Помидор,2014-M02,2014,4714.0
059,Baqlajon,Баклажаны,Eggplant,Бақлажон,2014-M02,2014,0.0
0060,Bulg'or qalampiri,Перец болгарский,Bell pepper,Булғор қалампири,2014-M02,2014,0.0
061,Qovoq,Тыква,Pumpkin,Қовоқ,2014-M02,2014,706.0
063,Sabzi,Морковь,Carrot,Сабзи,2014-M02,2014,755.0
065,Sarimsoq,Чеснок,Garlic,Саримсоқ,2014-M02,2014,3200.0
066,Piyoz,Лук репчатый,Onion,Пиёз,2014-M02,2014,533.0
069,Kartoshka,Картофель,Potatoes,Картошка,2014-M02,2014,1485.0
0070,Loviya,Фасоль,Beans,Ловия,2014-M02,2014,0.0
071,No'xot,Горох,Peas,Нўхот,2014-M02,2014,0.0
0072,Mosh,Маш,Mash,Мош,2014-M02,2014,0.0
073,Shakar,Сахар песок,Sugar,Шакар,2014-M02,2014,0.0
002,Kruppa yormasi,Крупа манная,Semolina,Круппа ёрмаси,2014-M02,2014,919.0
001,Guruch,Рис,Rice,Гуруч,2014-M03,2014,2947.0
003,Arpa,Ячмень,Barley,Арпа,2014-M03,2014,914.0
0004,Bug'doy,Пшеница,Wheat,Буғдой,2014-M03,2014,864.0
005,Jo'hori,Кукуруза,Corn,Жўҳори,2014-M03,2014,975.0
006,Kepak,Отруби,Bran,Кепак,2014-M03,2014,563.0
0008,Shrot,Шрот,Schroth,Шрот,2014-M03,2014,0.0
009,Shulxa,Шелуха,Husk,Шулха,2014-M03,2014,0.0
010,Kombikorm,Комбикорм,Compound feed,Комбикорм,2014-M03,2014,901.0
011,Oliy navli bug'doy uni,Мука пшеничная высшего сорта,High-grade wheat flour,Олий навли буғдой уни,2014-M03,2014,1517.0
0012,1-navli bug'doy uni,Мука пшеничная первого сорта,First grade wheat flour,1-навли буғдой уни,2014-M03,2014,0.0
013,1-nav bug'doy unidan non,Хлеб пшеничный из муки 1-го сорта,Wheat bread from 1st grade flour,1-нав буғдой унидан нон,2014-M03,2014,0.0
017,Mol go'shti,Говядина,Beef,Мол гўшти,2014-M03,2014,19848.0
0020,Qo'y go'shti,Баранина,Mutton,Қўй гўшти,2014-M03,2014,21091.0
022,Tovuq go'shti,Мясо птицы,Poultry,Товуқ гўшти,2014-M03,2014,0.0
026,Turli baliqlar,Рыба всякая,Fish of all kinds,Турли балиқлар,2014-M03,2014,10455.0
027,Yangi sog'ilgan sut (1 litr),Молоко свежее (1 литр),Fresh milk (1 liter),Янги соғилган сут (1 литр),2014-M03,2014,1674.0
034,Tuxum (10 dona),Яйца (10 штук),Eggs (10 pieces ),Тухум (10 дона),2014-M03,2014,3818.0
035,Paxta yog'i (1 litr),Масло хлопковое (1 литр),Cottonseed oil (1 liter),Пахта ёғи (1 литр),2014-M03,2014,0.0
0036,Kungaboqar yog'i (1 litr),Масло подсолнечное (1 литр),Sunflower oil (1 liter),Кунгабоқар ёғи (1 литр),2014-M03,2014,0.0
037,Sariyog',Масло сливочное,Butter,Сариёғ,2014-M03,2014,14483.0
039,Limon,Лимоны,Lemons,Лимон,2014-M03,2014,7789.0
0040,Olma,Яблоки,Apples,Олма,2014-M03,2014,4215.0
041,Nok,Груши,Pears,Нок,2014-M03,2014,6331.0
049,Uzum,Виноград,Grape,Узум,2014-M03,2014,7267.0
0050,Tarvuz,Арбуз,Watermelon,Тарвуз,2014-M03,2014,0.0
0051,Qovun,Дыня,Melon,Қовун,2014-M03,2014,0.0
053,Mayiz,Кишмиш,Kishmish,Майиз,2014-M03,2014,11622.0
055,Karam,Капуста,Cabbage,Карам,2014-M03,2014,637.0
057,Bodring,Огурцы,Cucumbers,Бодринг,2014-M03,2014,6629.0
058,Pomidor,Помидоры,Tomatoes,Помидор,2014-M03,2014,6233.0
059,Baqlajon,Баклажаны,Eggplant,Бақлажон,2014-M03,2014,0.0
0060,Bulg'or qalampiri,Перец болгарский,Bell pepper,Булғор қалампири,2014-M03,2014,0.0
061,Qovoq,Тыква,Pumpkin,Қовоқ,2014-M03,2014,711.0
063,Sabzi,Морковь,Carrot,Сабзи,2014-M03,2014,826.0
065,Sarimsoq,Чеснок,Garlic,Саримсоқ,2014-M03,2014,3940.0
066,Piyoz,Лук репчатый,Onion,Пиёз,2014-M03,2014,618.0
069,Kartoshka,Картофель,Potatoes,Картошка,2014-M03,2014,1608.0
0070,Loviya,Фасоль,Beans,Ловия,2014-M03,2014,0.0
071,No'xot,Горох,Peas,Нўхот,2014-M03,2014,0.0
0072,Mosh,Маш,Mash,Мош,2014-M03,2014,0.0
073,Shakar,Сахар песок,Sugar,Шакар,2014-M03,2014,0.0
002,Kruppa yormasi,Крупа манная,Semolina,Круппа ёрмаси,2014-M03,2014,914.0
001,Guruch,Рис,Rice,Гуруч,2014-M04,2014,2947.0
003,Arpa,Ячмень,Barley,Арпа,2014-M04,2014,934.0
0004,Bug'doy,Пшеница,Wheat,Буғдой,2014-M04,2014,900.0
005,Jo'hori,Кукуруза,Corn,Жўҳори,2014-M04,2014,1003.0
006,Kepak,Отруби,Bran,Кепак,2014-M04,2014,566.0
0008,Shrot,Шрот,Schroth,Шрот,2014-M04,2014,0.0
009,Shulxa,Шелуха,Husk,Шулха,2014-M04,2014,0.0
010,Kombikorm,Комбикорм,Compound feed,Комбикорм,2014-M04,2014,910.0
011,Oliy navli bug'doy uni,Мука пшеничная высшего сорта,High-grade wheat flour,Олий навли буғдой уни,2014-M04,2014,1480.0
0012,1-navli bug'doy uni,Мука пшеничная первого сорта,First grade wheat flour,1-навли буғдой уни,2014-M04,2014,0.0
013,1-nav bug'doy unidan non,Хлеб пшеничный из муки 1-го сорта,Wheat bread from 1st grade flour,1-нав буғдой унидан нон,2014-M04,2014,0.0
017,Mol go'shti,Говядина,Beef,Мол гўшти,2014-M04,2014,20000.0
0020,Qo'y go'shti,Баранина,Mutton,Қўй гўшти,2014-M04,2014,21227.0
022,Tovuq go'shti,Мясо птицы,Poultry,Товуқ гўшти,2014-M04,2014,0.0
026,Turli baliqlar,Рыба всякая,Fish of all kinds,Турли балиқлар,2014-M04,2014,10790.0
027,Yangi sog'ilgan sut (1 litr),Молоко свежее (1 литр),Fresh milk (1 liter),Янги соғилган сут (1 литр),2014-M04,2014,1595.0
034,Tuxum (10 dona),Яйца (10 штук),Eggs (10 pieces ),Тухум (10 дона),2014-M04,2014,3570.0
035,Paxta yog'i (1 litr),Масло хлопковое (1 литр),Cottonseed oil (1 liter),Пахта ёғи (1 литр),2014-M04,2014,0.0
0036,Kungaboqar yog'i (1 litr),Масло подсолнечное (1 литр),Sunflower oil (1 liter),Кунгабоқар ёғи (1 литр),2014-M04,2014,0.0
037,Sariyog',Масло сливочное,Butter,Сариёғ,2014-M04,2014,14073.0
039,Limon,Лимоны,Lemons,Лимон,2014-M04,2014,8011.0
0040,Olma,Яблоки,Apples,Олма,2014-M04,2014,4536.0
041,Nok,Груши,Pears,Нок,2014-M04,2014,7300.0
049,Uzum,Виноград,Grape,Узум,2014-M04,2014,7900.0
0050,Tarvuz,Арбуз,Watermelon,Тарвуз,2014-M04,2014,0.0
0051,Qovun,Дыня,Melon,Қовун,2014-M04,2014,0.0
053,Mayiz,Кишмиш,Kishmish,Майиз,2014-M04,2014,12687.0
055,Karam,Капуста,Cabbage,Карам,2014-M04,2014,1173.0
057,Bodring,Огурцы,Cucumbers,Бодринг,2014-M04,2014,6603.0
058,Pomidor,Помидоры,Tomatoes,Помидор,2014-M04,2014,7509.0
059,Baqlajon,Баклажаны,Eggplant,Бақлажон,2014-M04,2014,0.0
0060,Bulg'or qalampiri,Перец болгарский,Bell pepper,Булғор қалампири,2014-M04,2014,0.0
061,Qovoq,Тыква,Pumpkin,Қовоқ,2014-M04,2014,0.0
063,Sabzi,Морковь,Carrot,Сабзи,2014-M04,2014,1014.0
065,Sarimsoq,Чеснок,Garlic,Саримсоқ,2014-M04,2014,4675.0
066,Piyoz,Лук репчатый,Onion,Пиёз,2014-M04,2014,820.0
069,Kartoshka,Картофель,Potatoes,Картошка,2014-M04,2014,2953.0
0070,Loviya,Фасоль,Beans,Ловия,2014-M04,2014,0.0
071,No'xot,Горох,Peas,Нўхот,2014-M04,2014,0.0
0072,Mosh,Маш,Mash,Мош,2014-M04,2014,0.0
073,Shakar,Сахар песок,Sugar,Шакар,2014-M04,2014,0.0
002,Kruppa yormasi,Крупа манная,Semolina,Круппа ёрмаси,2014-M04,2014,934.0
001,Guruch,Рис,Rice,Гуруч,2014-M05,2014,3027.0
003,Arpa,Ячмень,Barley,Арпа,2014-M05,2014,918.0
0004,Bug'doy,Пшеница,Wheat,Буғдой,2014-M05,2014,893.0
005,Jo'hori,Кукуруза,Corn,Жўҳори,2014-M05,2014,1050.0
006,Kepak,Отруби,Bran,Кепак,2014-M05,2014,571.0
0008,Shrot,Шрот,Schroth,Шрот,2014-M05,2014,0.0
009,Shulxa,Шелуха,Husk,Шулха,2014-M05,2014,0.0
010,Kombikorm,Комбикорм,Compound feed,Комбикорм,2014-M05,2014,927.0
011,Oliy navli bug'doy uni,Мука пшеничная высшего сорта,High-grade wheat flour,Олий навли буғдой уни,2014-M05,2014,1460.0
0012,1-navli bug'doy uni,Мука пшеничная первого сорта,First grade wheat flour,1-навли буғдой уни,2014-M05,2014,0.0
013,1-nav bug'doy unidan non,Хлеб пшеничный из муки 1-го сорта,Wheat bread from 1st grade flour,1-нав буғдой унидан нон,2014-M05,2014,0.0
017,Mol go'shti,Говядина,Beef,Мол гўшти,2014-M05,2014,20682.0
0020,Qo'y go'shti,Баранина,Mutton,Қўй гўшти,2014-M05,2014,21833.0
022,Tovuq go'shti,Мясо птицы,Poultry,Товуқ гўшти,2014-M05,2014,0.0
026,Turli baliqlar,Рыба всякая,Fish of all kinds,Турли балиқлар,2014-M05,2014,10540.0
027,Yangi sog'ilgan sut (1 litr),Молоко свежее (1 литр),Fresh milk (1 liter),Янги соғилган сут (1 литр),2014-M05,2014,1483.0
034,Tuxum (10 dona),Яйца (10 штук),Eggs (10 pieces ),Тухум (10 дона),2014-M05,2014,3336.0
035,Paxta yog'i (1 litr),Масло хлопковое (1 литр),Cottonseed oil (1 liter),Пахта ёғи (1 литр),2014-M05,2014,0.0
0036,Kungaboqar yog'i (1 litr),Масло подсолнечное (1 литр),Sunflower oil (1 liter),Кунгабоқар ёғи (1 литр),2014-M05,2014,0.0
037,Sariyog',Масло сливочное,Butter,Сариёғ,2014-M05,2014,13705.0
039,Limon,Лимоны,Lemons,Лимон,2014-M05,2014,8430.0
0040,Olma,Яблоки,Apples,Олма,2014-M05,2014,4552.0
041,Nok,Груши,Pears,Нок,2014-M05,2014,8380.0
049,Uzum,Виноград,Grape,Узум,2014-M05,2014,0.0
0050,Tarvuz,Арбуз,Watermelon,Тарвуз,2014-M05,2014,0.0
0051,Qovun,Дыня,Melon,Қовун,2014-M05,2014,0.0
053,Mayiz,Кишмиш,Kishmish,Майиз,2014-M05,2014,12623.0
055,Karam,Капуста,Cabbage,Карам,2014-M05,2014,967.0
057,Bodring,Огурцы,Cucumbers,Бодринг,2014-M05,2014,2562.0
058,Pomidor,Помидоры,Tomatoes,Помидор,2014-M05,2014,5470.0
059,Baqlajon,Баклажаны,Eggplant,Бақлажон,2014-M05,2014,0.0
0060,Bulg'or qalampiri,Перец болгарский,Bell pepper,Булғор қалампири,2014-M05,2014,7508.0
061,Qovoq,Тыква,Pumpkin,Қовоқ,2014-M05,2014,0.0
063,Sabzi,Морковь,Carrot,Сабзи,2014-M05,2014,1417.0
065,Sarimsoq,Чеснок,Garlic,Саримсоқ,2014-M05,2014,4475.0
066,Piyoz,Лук репчатый,Onion,Пиёз,2014-M05,2014,1080.0
069,Kartoshka,Картофель,Potatoes,Картошка,2014-M05,2014,2640.0
0070,Loviya,Фасоль,Beans,Ловия,2014-M05,2014,0.0
071,No'xot,Горох,Peas,Нўхот,2014-M05,2014,0.0
0072,Mosh,Маш,Mash,Мош,2014-M05,2014,0.0
073,Shakar,Сахар песок,Sugar,Шакар,2014-M05,2014,0.0
002,Kruppa yormasi,Крупа манная,Semolina,Круппа ёрмаси,2014-M05,2014,918.0
001,Guruch,Рис,Rice,Гуруч,2014-M06,2014,3021.0
003,Arpa,Ячмень,Barley,Арпа,2014-M06,2014,949.0
0004,Bug'doy,Пшеница,Wheat,Буғдой,2014-M06,2014,870.0
005,Jo'hori,Кукуруза,Corn,Жўҳори,2014-M06,2014,1129.0
006,Kepak,Отруби,Bran,Кепак,2014-M06,2014,558.0
0008,Shrot,Шрот,Schroth,Шрот,2014-M06,2014,0.0
009,Shulxa,Шелуха,Husk,Шулха,2014-M06,2014,0.0
010,Kombikorm,Комбикорм,Compound feed,Комбикорм,2014-M06,2014,896.0
011,Oliy navli bug'doy uni,Мука пшеничная высшего сорта,High-grade wheat flour,Олий навли буғдой уни,2014-M06,2014,1450.0
0012,1-navli bug'doy uni,Мука пшеничная первого сорта,First grade wheat flour,1-навли буғдой уни,2014-M06,2014,0.0
013,1-nav bug'doy unidan non,Хлеб пшеничный из муки 1-го сорта,Wheat bread from 1st grade flour,1-нав буғдой унидан нон,2014-M06,2014,0.0
017,Mol go'shti,Говядина,Beef,Мол гўшти,2014-M06,2014,21364.0
0020,Qo'y go'shti,Баранина,Mutton,Қўй гўшти,2014-M06,2014,22515.0
022,Tovuq go'shti,Мясо птицы,Poultry,Товуқ гўшти,2014-M06,2014,0.0
026,Turli baliqlar,Рыба всякая,Fish of all kinds,Турли балиқлар,2014-M06,2014,9333.0
027,Yangi sog'ilgan sut (1 litr),Молоко свежее (1 литр),Fresh milk (1 liter),Янги соғилган сут (1 литр),2014-M06,2014,1383.0
034,Tuxum (10 dona),Яйца (10 штук),Eggs (10 pieces ),Тухум (10 дона),2014-M06,2014,3294.0
035,Paxta yog'i (1 litr),Масло хлопковое (1 литр),Cottonseed oil (1 liter),Пахта ёғи (1 литр),2014-M06,2014,0.0
0036,Kungaboqar yog'i (1 litr),Масло подсолнечное (1 литр),Sunflower oil (1 liter),Кунгабоқар ёғи (1 литр),2014-M06,2014,0.0
037,Sariyog',Масло сливочное,Butter,Сариёғ,2014-M06,2014,13667.0
039,Limon,Лимоны,Lemons,Лимон,2014-M06,2014,8542.0
0040,Olma,Яблоки,Apples,Олма,2014-M06,2014,3865.0
041,Nok,Груши,Pears,Нок,2014-M06,2014,6925.0
049,Uzum,Виноград,Grape,Узум,2014-M06,2014,5500.0
0050,Tarvuz,Арбуз,Watermelon,Тарвуз,2014-M06,2014,2083.0
0051,Qovun,Дыня,Melon,Қовун,2014-M06,2014,2883.0
053,Mayiz,Кишмиш,Kishmish,Майиз,2014-M06,2014,12342.0
055,Karam,Капуста,Cabbage,Карам,2014-M06,2014,1040.0
057,Bodring,Огурцы,Cucumbers,Бодринг,2014-M06,2014,964.0
058,Pomidor,Помидоры,Tomatoes,Помидор,2014-M06,2014,3397.0
059,Baqlajon,Баклажаны,Eggplant,Бақлажон,2014-M06,2014,2552.0
0060,Bulg'or qalampiri,Перец болгарский,Bell pepper,Булғор қалампири,2014-M06,2014,3420.0
061,Qovoq,Тыква,Pumpkin,Қовоқ,2014-M06,2014,0.0
063,Sabzi,Морковь,Carrot,Сабзи,2014-M06,2014,1800.0
065,Sarimsoq,Чеснок,Garlic,Саримсоқ,2014-M06,2014,3688.0
066,Piyoz,Лук репчатый,Onion,Пиёз,2014-M06,2014,803.0
069,Kartoshka,Картофель,Potatoes,Картошка,2014-M06,2014,1997.0
0070,Loviya,Фасоль,Beans,Ловия,2014-M06,2014,0.0
071,No'xot,Горох,Peas,Нўхот,2014-M06,2014,0.0
0072,Mosh,Маш,Mash,Мош,2014-M06,2014,0.0
073,Shakar,Сахар песок,Sugar,Шакар,2014-M06,2014,0.0
002,Kruppa yormasi,Крупа манная,Semolina,Круппа ёрмаси,2014-M06,2014,949.0
001,Guruch,Рис,Rice,Гуруч,2014-M07,2014,3158.0
003,Arpa,Ячмень,Barley,Арпа,2014-M07,2014,931.0
0004,Bug'doy,Пшеница,Wheat,Буғдой,2014-M07,2014,805.0
005,Jo'hori,Кукуруза,Corn,Жўҳори,2014-M07,2014,1157.0
006,Kepak,Отруби,Bran,Кепак,2014-M07,2014,563.0
0008,Shrot,Шрот,Schroth,Шрот,2014-M07,2014,0.0
009,Shulxa,Шелуха,Husk,Шулха,2014-M07,2014,0.0
010,Kombikorm,Комбикорм,Compound feed,Комбикорм,2014-M07,2014,866.0
011,Oliy navli bug'doy uni,Мука пшеничная высшего сорта,High-grade wheat flour,Олий навли буғдой уни,2014-M07,2014,1444.0
0012,1-navli bug'doy uni,Мука пшеничная первого сорта,First grade wheat flour,1-навли буғдой уни,2014-M07,2014,0.0
013,1-nav bug'doy unidan non,Хлеб пшеничный из муки 1-го сорта,Wheat bread from 1st grade flour,1-нав буғдой унидан нон,2014-M07,2014,0.0
017,Mol go'shti,Говядина,Beef,Мол гўшти,2014-M07,2014,21924.0
0020,Qo'y go'shti,Баранина,Mutton,Қўй гўшти,2014-M07,2014,23167.0
022,Tovuq go'shti,Мясо птицы,Poultry,Товуқ гўшти,2014-M07,2014,0.0
026,Turli baliqlar,Рыба всякая,Fish of all kinds,Турли балиқлар,2014-M07,2014,10833.0
027,Yangi sog'ilgan sut (1 litr),Молоко свежее (1 литр),Fresh milk (1 liter),Янги соғилган сут (1 литр),2014-M07,2014,1360.0
034,Tuxum (10 dona),Яйца (10 штук),Eggs (10 pieces ),Тухум (10 дона),2014-M07,2014,3309.0
035,Paxta yog'i (1 litr),Масло хлопковое (1 литр),Cottonseed oil (1 liter),Пахта ёғи (1 литр),2014-M07,2014,0.0
0036,Kungaboqar yog'i (1 litr),Масло подсолнечное (1 литр),Sunflower oil (1 liter),Кунгабоқар ёғи (1 литр),2014-M07,2014,0.0
037,Sariyog',Масло сливочное,Butter,Сариёғ,2014-M07,2014,13600.0
039,Limon,Лимоны,Lemons,Лимон,2014-M07,2014,7928.0
0040,Olma,Яблоки,Apples,Олма,2014-M07,2014,2430.0
041,Nok,Груши,Pears,Нок,2014-M07,2014,5566.0
049,Uzum,Виноград,Grape,Узум,2014-M07,2014,3257.0
0050,Tarvuz,Арбуз,Watermelon,Тарвуз,2014-M07,2014,1032.0
0051,Qovun,Дыня,Melon,Қовун,2014-M07,2014,1540.0
053,Mayiz,Кишмиш,Kishmish,Майиз,2014-M07,2014,12375.0
055,Karam,Капуста,Cabbage,Карам,2014-M07,2014,1003.0
057,Bodring,Огурцы,Cucumbers,Бодринг,2014-M07,2014,758.0
058,Pomidor,Помидоры,Tomatoes,Помидор,2014-M07,2014,1370.0
059,Baqlajon,Баклажаны,Eggplant,Бақлажон,2014-M07,2014,1373.0
0060,Bulg'or qalampiri,Перец болгарский,Bell pepper,Булғор қалампири,2014-M07,2014,1652.0
061,Qovoq,Тыква,Pumpkin,Қовоқ,2014-M07,2014,1650.0
063,Sabzi,Морковь,Carrot,Сабзи,2014-M07,2014,1355.0
065,Sarimsoq,Чеснок,Garlic,Саримсоқ,2014-M07,2014,3208.0
066,Piyoz,Лук репчатый,Onion,Пиёз,2014-M07,2014,932.0
069,Kartoshka,Картофель,Potatoes,Картошка,2014-M07,2014,1252.0
0070,Loviya,Фасоль,Beans,Ловия,2014-M07,2014,0.0
071,No'xot,Горох,Peas,Нўхот,2014-M07,2014,0.0
0072,Mosh,Маш,Mash,Мош,2014-M07,2014,0.0
073,Shakar,Сахар песок,Sugar,Шакар,2014-M07,2014,0.0
002,Kruppa yormasi,Крупа манная,Semolina,Круппа ёрмаси,2014-M07,2014,931.0
001,Guruch,Рис,Rice,Гуруч,2014-M08,2014,3423.0
003,Arpa,Ячмень,Barley,Арпа,2014-M08,2014,881.0
0004,Bug'doy,Пшеница,Wheat,Буғдой,2014-M08,2014,811.0
005,Jo'hori,Кукуруза,Corn,Жўҳори,2014-M08,2014,1223.0
006,Kepak,Отруби,Bran,Кепак,2014-M08,2014,562.0
0008,Shrot,Шрот,Schroth,Шрот,2014-M08,2014,0.0
009,Shulxa,Шелуха,Husk,Шулха,2014-M08,2014,0.0
010,Kombikorm,Комбикорм,Compound feed,Комбикорм,2014-M08,2014,861.0
011,Oliy navli bug'doy uni,Мука пшеничная высшего сорта,High-grade wheat flour,Олий навли буғдой уни,2014-M08,2014,1492.0
0012,1-navli bug'doy uni,Мука пшеничная первого сорта,First grade wheat flour,1-навли буғдой уни,2014-M08,2014,0.0
013,1-nav bug'doy unidan non,Хлеб пшеничный из муки 1-го сорта,Wheat bread from 1st grade flour,1-нав буғдой унидан нон,2014-M08,2014,0.0
017,Mol go'shti,Говядина,Beef,Мол гўшти,2014-M08,2014,22955.0
0020,Qo'y go'shti,Баранина,Mutton,Қўй гўшти,2014-M08,2014,24136.0
022,Tovuq go'shti,Мясо птицы,Poultry,Товуқ гўшти,2014-M08,2014,0.0
026,Turli baliqlar,Рыба всякая,Fish of all kinds,Турли балиқлар,2014-M08,2014,12000.0
027,Yangi sog'ilgan sut (1 litr),Молоко свежее (1 литр),Fresh milk (1 liter),Янги соғилган сут (1 литр),2014-M08,2014,1405.0
034,Tuxum (10 dona),Яйца (10 штук),Eggs (10 pieces ),Тухум (10 дона),2014-M08,2014,3436.0
035,Paxta yog'i (1 litr),Масло хлопковое (1 литр),Cottonseed oil (1 liter),Пахта ёғи (1 литр),2014-M08,2014,0.0
0036,Kungaboqar yog'i (1 litr),Масло подсолнечное (1 литр),Sunflower oil (1 liter),Кунгабоқар ёғи (1 литр),2014-M08,2014,0.0
037,Sariyog',Масло сливочное,Butter,Сариёғ,2014-M08,2014,14067.0
039,Limon,Лимоны,Lemons,Лимон,2014-M08,2014,10111.0
0040,Olma,Яблоки,Apples,Олма,2014-M08,2014,2085.0
041,Nok,Груши,Pears,Нок,2014-M08,2014,3263.0
049,Uzum,Виноград,Grape,Узум,2014-M08,2014,2625.0
0050,Tarvuz,Арбуз,Watermelon,Тарвуз,2014-M08,2014,577.0
0051,Qovun,Дыня,Melon,Қовун,2014-M08,2014,805.0
053,Mayiz,Кишмиш,Kishmish,Майиз,2014-M08,2014,12182.0
055,Karam,Капуста,Cabbage,Карам,2014-M08,2014,950.0
057,Bodring,Огурцы,Cucumbers,Бодринг,2014-M08,2014,1032.0
058,Pomidor,Помидоры,Tomatoes,Помидор,2014-M08,2014,876.0
059,Baqlajon,Баклажаны,Eggplant,Бақлажон,2014-M08,2014,850.0
0060,Bulg'or qalampiri,Перец болгарский,Bell pepper,Булғор қалампири,2014-M08,2014,960.0
061,Qovoq,Тыква,Pumpkin,Қовоқ,2014-M08,2014,967.0
063,Sabzi,Морковь,Carrot,Сабзи,2014-M08,2014,1091.0
065,Sarimsoq,Чеснок,Garlic,Саримсоқ,2014-M08,2014,4280.0
066,Piyoz,Лук репчатый,Onion,Пиёз,2014-M08,2014,1245.0
069,Kartoshka,Картофель,Potatoes,Картошка,2014-M08,2014,1208.0
0070,Loviya,Фасоль,Beans,Ловия,2014-M08,2014,0.0
071,No'xot,Горох,Peas,Нўхот,2014-M08,2014,0.0
0072,Mosh,Маш,Mash,Мош,2014-M08,2014,0.0
073,Shakar,Сахар песок,Sugar,Шакар,2014-M08,2014,0.0
002,Kruppa yormasi,Крупа манная,Semolina,Круппа ёрмаси,2014-M08,2014,881.0
001,Guruch,Рис,Rice,Гуруч,2014-M09,2014,3682.0
003,Arpa,Ячмень,Barley,Арпа,2014-M09,2014,869.0
0004,Bug'doy,Пшеница,Wheat,Буғдой,2014-M09,2014,804.0
005,Jo'hori,Кукуруза,Corn,Жўҳори,2014-M09,2014,1170.0
006,Kepak,Отруби,Bran,Кепак,2014-M09,2014,562.0
0008,Shrot,Шрот,Schroth,Шрот,2014-M09,2014,0.0
009,Shulxa,Шелуха,Husk,Шулха,2014-M09,2014,0.0
010,Kombikorm,Комбикорм,Compound feed,Комбикорм,2014-M09,2014,865.0
011,Oliy navli bug'doy uni,Мука пшеничная высшего сорта,High-grade wheat flour,Олий навли буғдой уни,2014-M09,2014,1481.0
0012,1-navli bug'doy uni,Мука пшеничная первого сорта,First grade wheat flour,1-навли буғдой уни,2014-M09,2014,0.0
013,1-nav bug'doy unidan non,Хлеб пшеничный из муки 1-го сорта,Wheat bread from 1st grade flour,1-нав буғдой унидан нон,2014-M09,2014,0.0
017,Mol go'shti,Говядина,Beef,Мол гўшти,2014-M09,2014,23585.0
0020,Qo'y go'shti,Баранина,Mutton,Қўй гўшти,2014-M09,2014,24685.0
022,Tovuq go'shti,Мясо птицы,Poultry,Товуқ гўшти,2014-M09,2014,0.0
026,Turli baliqlar,Рыба всякая,Fish of all kinds,Турли балиқлар,2014-M09,2014,11778.0
027,Yangi sog'ilgan sut (1 litr),Молоко свежее (1 литр),Fresh milk (1 liter),Янги соғилган сут (1 литр),2014-M09,2014,1411.0
034,Tuxum (10 dona),Яйца (10 штук),Eggs (10 pieces ),Тухум (10 дона),2014-M09,2014,3691.0
035,Paxta yog'i (1 litr),Масло хлопковое (1 литр),Cottonseed oil (1 liter),Пахта ёғи (1 литр),2014-M09,2014,0.0
0036,Kungaboqar yog'i (1 litr),Масло подсолнечное (1 литр),Sunflower oil (1 liter),Кунгабоқар ёғи (1 литр),2014-M09,2014,0.0
037,Sariyog',Масло сливочное,Butter,Сариёғ,2014-M09,2014,14017.0
039,Limon,Лимоны,Lemons,Лимон,2014-M09,2014,10750.0
0040,Olma,Яблоки,Apples,Олма,2014-M09,2014,2003.0
041,Nok,Груши,Pears,Нок,2014-M09,2014,3108.0
049,Uzum,Виноград,Grape,Узум,2014-M09,2014,2097.0
0050,Tarvuz,Арбуз,Watermelon,Тарвуз,2014-M09,2014,474.0
0051,Qovun,Дыня,Melon,Қовун,2014-M09,2014,663.0
053,Mayiz,Кишмиш,Kishmish,Майиз,2014-M09,2014,12370.0
055,Karam,Капуста,Cabbage,Карам,2014-M09,2014,884.0
057,Bodring,Огурцы,Cucumbers,Бодринг,2014-M09,2014,1445.0
058,Pomidor,Помидоры,Tomatoes,Помидор,2014-M09,2014,785.0
059,Baqlajon,Баклажаны,Eggplant,Бақлажон,2014-M09,2014,903.0
0060,Bulg'or qalampiri,Перец болгарский,Bell pepper,Булғор қалампири,2014-M09,2014,938.0
061,Qovoq,Тыква,Pumpkin,Қовоқ,2014-M09,2014,761.0
063,Sabzi,Морковь,Carrot,Сабзи,2014-M09,2014,883.0
065,Sarimsoq,Чеснок,Garlic,Саримсоқ,2014-M09,2014,5691.0
066,Piyoz,Лук репчатый,Onion,Пиёз,2014-M09,2014,1218.0
069,Kartoshka,Картофель,Potatoes,Картошка,2014-M09,2014,1183.0
0070,Loviya,Фасоль,Beans,Ловия,2014-M09,2014,0.0
071,No'xot,Горох,Peas,Нўхот,2014-M09,2014,0.0
0072,Mosh,Маш,Mash,Мош,2014-M09,2014,0.0
073,Shakar,Сахар песок,Sugar,Шакар,2014-M09,2014,0.0
002,Kruppa yormasi,Крупа манная,Semolina,Круппа ёрмаси,2014-M09,2014,869.0
001,Guruch,Рис,Rice,Гуруч,2014-M10,2014,4042.0
003,Arpa,Ячмень,Barley,Арпа,2014-M10,2014,888.0
0004,Bug'doy,Пшеница,Wheat,Буғдой,2014-M10,2014,827.0
005,Jo'hori,Кукуруза,Corn,Жўҳори,2014-M10,2014,1151.0
006,Kepak,Отруби,Bran,Кепак,2014-M10,2014,584.0
0008,Shrot,Шрот,Schroth,Шрот,2014-M10,2014,0.0
009,Shulxa,Шелуха,Husk,Шулха,2014-M10,2014,0.0
010,Kombikorm,Комбикорм,Compound feed,Комбикорм,2014-M10,2014,912.0
011,Oliy navli bug'doy uni,Мука пшеничная высшего сорта,High-grade wheat flour,Олий навли буғдой уни,2014-M10,2014,1556.0
0012,1-navli bug'doy uni,Мука пшеничная первого сорта,First grade wheat flour,1-навли буғдой уни,2014-M10,2014,0.0
013,1-nav bug'doy unidan non,Хлеб пшеничный из муки 1-го сорта,Wheat bread from 1st grade flour,1-нав буғдой унидан нон,2014-M10,2014,0.0
017,Mol go'shti,Говядина,Beef,Мол гўшти,2014-M10,2014,23615.0
0020,Qo'y go'shti,Баранина,Mutton,Қўй гўшти,2014-M10,2014,24667.0
022,Tovuq go'shti,Мясо птицы,Poultry,Товуқ гўшти,2014-M10,2014,0.0
026,Turli baliqlar,Рыба всякая,Fish of all kinds,Турли балиқлар,2014-M10,2014,11206.0
027,Yangi sog'ilgan sut (1 litr),Молоко свежее (1 литр),Fresh milk (1 liter),Янги соғилган сут (1 литр),2014-M10,2014,1453.0
034,Tuxum (10 dona),Яйца (10 штук),Eggs (10 pieces ),Тухум (10 дона),2014-M10,2014,4258.0
035,Paxta yog'i (1 litr),Масло хлопковое (1 литр),Cottonseed oil (1 liter),Пахта ёғи (1 литр),2014-M10,2014,0.0
0036,Kungaboqar yog'i (1 litr),Масло подсолнечное (1 литр),Sunflower oil (1 liter),Кунгабоқар ёғи (1 литр),2014-M10,2014,0.0
037,Sariyog',Масло сливочное,Butter,Сариёғ,2014-M10,2014,15087.0
039,Limon,Лимоны,Lemons,Лимон,2014-M10,2014,10367.0
0040,Olma,Яблоки,Apples,Олма,2014-M10,2014,2086.0
041,Nok,Груши,Pears,Нок,2014-M10,2014,3462.0
049,Uzum,Виноград,Grape,Узум,2014-M10,2014,2073.0
0050,Tarvuz,Арбуз,Watermelon,Тарвуз,2014-M10,2014,533.0
0051,Qovun,Дыня,Melon,Қовун,2014-M10,2014,686.0
053,Mayiz,Кишмиш,Kishmish,Майиз,2014-M10,2014,12788.0
055,Karam,Капуста,Cabbage,Карам,2014-M10,2014,946.0
057,Bodring,Огурцы,Cucumbers,Бодринг,2014-M10,2014,1514.0
058,Pomidor,Помидоры,Tomatoes,Помидор,2014-M10,2014,848.0
059,Baqlajon,Баклажаны,Eggplant,Бақлажон,2014-M10,2014,1134.0
0060,Bulg'or qalampiri,Перец болгарский,Bell pepper,Булғор қалампири,2014-M10,2014,1122.0
061,Qovoq,Тыква,Pumpkin,Қовоқ,2014-M10,2014,862.0
063,Sabzi,Морковь,Carrot,Сабзи,2014-M10,2014,873.0
065,Sarimsoq,Чеснок,Garlic,Саримсоқ,2014-M10,2014,7603.0
066,Piyoz,Лук репчатый,Onion,Пиёз,2014-M10,2014,1423.0
069,Kartoshka,Картофель,Potatoes,Картошка,2014-M10,2014,1193.0
0070,Loviya,Фасоль,Beans,Ловия,2014-M10,2014,0.0
071,No'xot,Горох,Peas,Нўхот,2014-M10,2014,0.0
0072,Mosh,Маш,Mash,Мош,2014-M10,2014,0.0
073,Shakar,Сахар песок,Sugar,Шакар,2014-M10,2014,0.0
002,Kruppa yormasi,Крупа манная,Semolina,Круппа ёрмаси,2014-M10,2014,888.0
001,Guruch,Рис,Rice,Гуруч,2014-M11,2014,4194.0
003,Arpa,Ячмень,Barley,Арпа,2014-M11,2014,942.0
0004,Bug'doy,Пшеница,Wheat,Буғдой,2014-M11,2014,850.0
005,Jo'hori,Кукуруза,Corn,Жўҳори,2014-M11,2014,1179.0
006,Kepak,Отруби,Bran,Кепак,2014-M11,2014,614.0
0008,Shrot,Шрот,Schroth,Шрот,2014-M11,2014,0.0
009,Shulxa,Шелуха,Husk,Шулха,2014-M11,2014,0.0
010,Kombikorm,Комбикорм,Compound feed,Комбикорм,2014-M11,2014,984.0
011,Oliy navli bug'doy uni,Мука пшеничная высшего сорта,High-grade wheat flour,Олий навли буғдой уни,2014-M11,2014,1596.0
0012,1-navli bug'doy uni,Мука пшеничная первого сорта,First grade wheat flour,1-навли буғдой уни,2014-M11,2014,0.0
013,1-nav bug'doy unidan non,Хлеб пшеничный из муки 1-го сорта,Wheat bread from 1st grade flour,1-нав буғдой унидан нон,2014-M11,2014,0.0
017,Mol go'shti,Говядина,Beef,Мол гўшти,2014-M11,2014,23579.0
0020,Qo'y go'shti,Баранина,Mutton,Қўй гўшти,2014-M11,2014,24667.0
022,Tovuq go'shti,Мясо птицы,Poultry,Товуқ гўшти,2014-M11,2014,0.0
026,Turli baliqlar,Рыба всякая,Fish of all kinds,Турли балиқлар,2014-M11,2014,11000.0
027,Yangi sog'ilgan sut (1 litr),Молоко свежее (1 литр),Fresh milk (1 liter),Янги соғилган сут (1 литр),2014-M11,2014,1569.0
034,Tuxum (10 dona),Яйца (10 штук),Eggs (10 pieces ),Тухум (10 дона),2014-M11,2014,4521.0
035,Paxta yog'i (1 litr),Масло хлопковое (1 литр),Cottonseed oil (1 liter),Пахта ёғи (1 литр),2014-M11,2014,0.0
0036,Kungaboqar yog'i (1 litr),Масло подсолнечное (1 литр),Sunflower oil (1 liter),Кунгабоқар ёғи (1 литр),2014-M11,2014,0.0
037,Sariyog',Масло сливочное,Butter,Сариёғ,2014-M11,2014,15087.0
039,Limon,Лимоны,Lemons,Лимон,2014-M11,2014,9822.0
0040,Olma,Яблоки,Apples,Олма,2014-M11,2014,2503.0
041,Nok,Груши,Pears,Нок,2014-M11,2014,4038.0
049,Uzum,Виноград,Grape,Узум,2014-M11,2014,2488.0
0050,Tarvuz,Арбуз,Watermelon,Тарвуз,2014-M11,2014,748.0
0051,Qovun,Дыня,Melon,Қовун,2014-M11,2014,954.0
053,Mayiz,Кишмиш,Kishmish,Майиз,2014-M11,2014,13170.0
055,Karam,Капуста,Cabbage,Карам,2014-M11,2014,919.0
057,Bodring,Огурцы,Cucumbers,Бодринг,2014-M11,2014,2303.0
058,Pomidor,Помидоры,Tomatoes,Помидор,2014-M11,2014,1665.0
059,Baqlajon,Баклажаны,Eggplant,Бақлажон,2014-M11,2014,1546.0
0060,Bulg'or qalampiri,Перец болгарский,Bell pepper,Булғор қалампири,2014-M11,2014,1491.0
061,Qovoq,Тыква,Pumpkin,Қовоқ,2014-M11,2014,678.0
063,Sabzi,Морковь,Carrot,Сабзи,2014-M11,2014,839.0
065,Sarimsoq,Чеснок,Garlic,Саримсоқ,2014-M11,2014,8636.0
066,Piyoz,Лук репчатый,Onion,Пиёз,2014-M11,2014,1779.0
069,Kartoshka,Картофель,Potatoes,Картошка,2014-M11,2014,1355.0
0070,Loviya,Фасоль,Beans,Ловия,2014-M11,2014,0.0
071,No'xot,Горох,Peas,Нўхот,2014-M11,2014,0.0
0072,Mosh,Маш,Mash,Мош,2014-M11,2014,0.0
073,Shakar,Сахар песок,Sugar,Шакар,2014-M11,2014,0.0
002,Kruppa yormasi,Крупа манная,Semolina,Круппа ёрмаси,2014-M11,2014,942.0
001,Guruch,Рис,Rice,Гуруч,2014-M12,2014,4439.0
003,Arpa,Ячмень,Barley,Арпа,2014-M12,2014,1021.0
0004,Bug'doy,Пшеница,Wheat,Буғдой,2014-M12,2014,958.0
005,Jo'hori,Кукуруза,Corn,Жўҳори,2014-M12,2014,1258.0
006,Kepak,Отруби,Bran,Кепак,2014-M12,2014,664.0
0008,Shrot,Шрот,Schroth,Шрот,2014-M12,2014,0.0
009,Shulxa,Шелуха,Husk,Шулха,2014-M12,2014,0.0
010,Kombikorm,Комбикорм,Compound feed,Комбикорм,2014-M12,2014,1023.0
011,Oliy navli bug'doy uni,Мука пшеничная высшего сорта,High-grade wheat flour,Олий навли буғдой уни,2014-M12,2014,1603.0
0012,1-navli bug'doy uni,Мука пшеничная первого сорта,First grade wheat flour,1-навли буғдой уни,2014-M12,2014,0.0
013,1-nav bug'doy unidan non,Хлеб пшеничный из муки 1-го сорта,Wheat bread from 1st grade flour,1-нав буғдой унидан нон,2014-M12,2014,0.0
017,Mol go'shti,Говядина,Beef,Мол гўшти,2014-M12,2014,23212.0
0020,Qo'y go'shti,Баранина,Mutton,Қўй гўшти,2014-M12,2014,24348.0
022,Tovuq go'shti,Мясо птицы,Poultry,Товуқ гўшти,2014-M12,2014,0.0
026,Turli baliqlar,Рыба всякая,Fish of all kinds,Турли балиқлар,2014-M12,2014,11283.0
027,Yangi sog'ilgan sut (1 litr),Молоко свежее (1 литр),Fresh milk (1 liter),Янги соғилган сут (1 литр),2014-M12,2014,1743.0
034,Tuxum (10 dona),Яйца (10 штук),Eggs (10 pieces ),Тухум (10 дона),2014-M12,2014,4445.0
035,Paxta yog'i (1 litr),Масло хлопковое (1 литр),Cottonseed oil (1 liter),Пахта ёғи (1 литр),2014-M12,2014,0.0
0036,Kungaboqar yog'i (1 litr),Масло подсолнечное (1 литр),Sunflower oil (1 liter),Кунгабоқар ёғи (1 литр),2014-M12,2014,0.0
037,Sariyog',Масло сливочное,Butter,Сариёғ,2014-M12,2014,15283.0
039,Limon,Лимоны,Lemons,Лимон,2014-M12,2014,8412.0
0040,Olma,Яблоки,Apples,Олма,2014-M12,2014,2806.0
041,Nok,Груши,Pears,Нок,2014-M12,2014,5032.0
049,Uzum,Виноград,Grape,Узум,2014-M12,2014,3833.0
0050,Tarvuz,Арбуз,Watermelon,Тарвуз,2014-M12,2014,930.0
0051,Qovun,Дыня,Melon,Қовун,2014-M12,2014,1125.0
053,Mayiz,Кишмиш,Kishmish,Майиз,2014-M12,2014,12903.0
055,Karam,Капуста,Cabbage,Карам,2014-M12,2014,754.0
057,Bodring,Огурцы,Cucumbers,Бодринг,2014-M12,2014,4697.0
058,Pomidor,Помидоры,Tomatoes,Помидор,2014-M12,2014,3644.0
059,Baqlajon,Баклажаны,Eggplant,Бақлажон,2014-M12,2014,2000.0
0060,Bulg'or qalampiri,Перец болгарский,Bell pepper,Булғор қалампири,2014-M12,2014,1958.0
061,Qovoq,Тыква,Pumpkin,Қовоқ,2014-M12,2014,788.0
063,Sabzi,Морковь,Carrot,Сабзи,2014-M12,2014,766.0
065,Sarimsoq,Чеснок,Garlic,Саримсоқ,2014-M12,2014,8697.0
066,Piyoz,Лук репчатый,Onion,Пиёз,2014-M12,2014,2117.0
069,Kartoshka,Картофель,Potatoes,Картошка,2014-M12,2014,1359.0
0070,Loviya,Фасоль,Beans,Ловия,2014-M12,2014,0.0
071,No'xot,Горох,Peas,Нўхот,2014-M12,2014,0.0
0072,Mosh,Маш,Mash,Мош,2014-M12,2014,0.0
073,Shakar,Сахар песок,Sugar,Шакар,2014-M12,2014,0.0
002,Kruppa yormasi,Крупа манная,Semolina,Круппа ёрмаси,2014-M12,2014,1021.0
001,Guruch,Рис,Rice,Гуруч,2015-M01,2015,4512.0
003,Arpa,Ячмень,Barley,Арпа,2015-M01,2015,1079.0
0004,Bug'doy,Пшеница,Wheat,Буғдой,2015-M01,2015,1016.0
005,Jo'hori,Кукуруза,Corn,Жўҳори,2015-M01,2015,1283.0
006,Kepak,Отруби,Bran,Кепак,2015-M01,2015,692.0
0008,Shrot,Шрот,Schroth,Шрот,2015-M01,2015,0.0
009,Shulxa,Шелуха,Husk,Шулха,2015-M01,2015,0.0
010,Kombikorm,Комбикорм,Compound feed,Комбикорм,2015-M01,2015,1055.0
011,Oliy navli bug'doy uni,Мука пшеничная высшего сорта,High-grade wheat flour,Олий навли буғдой уни,2015-M01,2015,1651.0
0012,1-navli bug'doy uni,Мука пшеничная первого сорта,First grade wheat flour,1-навли буғдой уни,2015-M01,2015,0.0
013,1-nav bug'doy unidan non,Хлеб пшеничный из муки 1-го сорта,Wheat bread from 1st grade flour,1-нав буғдой унидан нон,2015-M01,2015,0.0
017,Mol go'shti,Говядина,Beef,Мол гўшти,2015-M01,2015,23182.0
0020,Qo'y go'shti,Баранина,Mutton,Қўй гўшти,2015-M01,2015,24152.0
022,Tovuq go'shti,Мясо птицы,Poultry,Товуқ гўшти,2015-M01,2015,0.0
026,Turli baliqlar,Рыба всякая,Fish of all kinds,Турли балиқлар,2015-M01,2015,11141.0
027,Yangi sog'ilgan sut (1 litr),Молоко свежее (1 литр),Fresh milk (1 liter),Янги соғилган сут (1 литр),2015-M01,2015,1807.0
034,Tuxum (10 dona),Яйца (10 штук),Eggs (10 pieces ),Тухум (10 дона),2015-M01,2015,4273.0
035,Paxta yog'i (1 litr),Масло хлопковое (1 литр),Cottonseed oil (1 liter),Пахта ёғи (1 литр),2015-M01,2015,0.0
0036,Kungaboqar yog'i (1 litr),Масло подсолнечное (1 литр),Sunflower oil (1 liter),Кунгабоқар ёғи (1 литр),2015-M01,2015,0.0
037,Sariyog',Масло сливочное,Butter,Сариёғ,2015-M01,2015,15373.0
039,Limon,Лимоны,Lemons,Лимон,2015-M01,2015,7327.0
0040,Olma,Яблоки,Apples,Олма,2015-M01,2015,3245.0
041,Nok,Груши,Pears,Нок,2015-M01,2015,6488.0
049,Uzum,Виноград,Grape,Узум,2015-M01,2015,5214.0
0050,Tarvuz,Арбуз,Watermelon,Тарвуз,2015-M01,2015,1344.0
0051,Qovun,Дыня,Melon,Қовун,2015-M01,2015,1322.0
053,Mayiz,Кишмиш,Kishmish,Майиз,2015-M01,2015,12526.0
055,Karam,Капуста,Cabbage,Карам,2015-M01,2015,683.0
057,Bodring,Огурцы,Cucumbers,Бодринг,2015-M01,2015,6352.0
058,Pomidor,Помидоры,Tomatoes,Помидор,2015-M01,2015,5533.0
059,Baqlajon,Баклажаны,Eggplant,Бақлажон,2015-M01,2015,0.0
0060,Bulg'or qalampiri,Перец болгарский,Bell pepper,Булғор қалампири,2015-M01,2015,0.0
061,Qovoq,Тыква,Pumpkin,Қовоқ,2015-M01,2015,903.0
063,Sabzi,Морковь,Carrot,Сабзи,2015-M01,2015,771.0
065,Sarimsoq,Чеснок,Garlic,Саримсоқ,2015-M01,2015,8283.0
066,Piyoz,Лук репчатый,Onion,Пиёз,2015-M01,2015,2117.0
069,Kartoshka,Картофель,Potatoes,Картошка,2015-M01,2015,1388.0
0070,Loviya,Фасоль,Beans,Ловия,2015-M01,2015,0.0
071,No'xot,Горох,Peas,Нўхот,2015-M01,2015,0.0
0072,Mosh,Маш,Mash,Мош,2015-M01,2015,0.0
073,Shakar,Сахар песок,Sugar,Шакар,2015-M01,2015,0.0
002,Kruppa yormasi,Крупа манная,Semolina,Круппа ёрмаси,2015-M01,2015,1079.0
001,Guruch,Рис,Rice,Гуруч,2015-M02,2015,4794.0
003,Arpa,Ячмень,Barley,Арпа,2015-M02,2015,1174.0
0004,Bug'doy,Пшеница,Wheat,Буғдой,2015-M02,2015,1095.0
005,Jo'hori,Кукуруза,Corn,Жўҳори,2015-M02,2015,1314.0
006,Kepak,Отруби,Bran,Кепак,2015-M02,2015,717.0
0008,Shrot,Шрот,Schroth,Шрот,2015-M02,2015,0.0
009,Shulxa,Шелуха,Husk,Шулха,2015-M02,2015,0.0
010,Kombikorm,Комбикорм,Compound feed,Комбикорм,2015-M02,2015,1057.0
011,Oliy navli bug'doy uni,Мука пшеничная высшего сорта,High-grade wheat flour,Олий навли буғдой уни,2015-M02,2015,1684.0
0012,1-navli bug'doy uni,Мука пшеничная первого сорта,First grade wheat flour,1-навли буғдой уни,2015-M02,2015,0.0
013,1-nav bug'doy unidan non,Хлеб пшеничный из муки 1-го сорта,Wheat bread from 1st grade flour,1-нав буғдой унидан нон,2015-M02,2015,0.0
017,Mol go'shti,Говядина,Beef,Мол гўшти,2015-M02,2015,23182.0
0020,Qo'y go'shti,Баранина,Mutton,Қўй гўшти,2015-M02,2015,24106.0
022,Tovuq go'shti,Мясо птицы,Poultry,Товуқ гўшти,2015-M02,2015,0.0
026,Turli baliqlar,Рыба всякая,Fish of all kinds,Турли балиқлар,2015-M02,2015,11337.0
027,Yangi sog'ilgan sut (1 litr),Молоко свежее (1 литр),Fresh milk (1 liter),Янги соғилган сут (1 литр),2015-M02,2015,1720.0
034,Tuxum (10 dona),Яйца (10 штук),Eggs (10 pieces ),Тухум (10 дона),2015-M02,2015,4270.0
035,Paxta yog'i (1 litr),Масло хлопковое (1 литр),Cottonseed oil (1 liter),Пахта ёғи (1 литр),2015-M02,2015,0.0
0036,Kungaboqar yog'i (1 litr),Масло подсолнечное (1 литр),Sunflower oil (1 liter),Кунгабоқар ёғи (1 литр),2015-M02,2015,0.0
037,Sariyog',Масло сливочное,Butter,Сариёғ,2015-M02,2015,15870.0
039,Limon,Лимоны,Lemons,Лимон,2015-M02,2015,7490.0
0040,Olma,Яблоки,Apples,Олма,2015-M02,2015,3423.0
041,Nok,Груши,Pears,Нок,2015-M02,2015,7557.0
049,Uzum,Виноград,Grape,Узум,2015-M02,2015,8042.0
0050,Tarvuz,Арбуз,Watermelon,Тарвуз,2015-M02,2015,1333.0
0051,Qovun,Дыня,Melon,Қовун,2015-M02,2015,1567.0
053,Mayiz,Кишмиш,Kishmish,Майиз,2015-M02,2015,12230.0
055,Karam,Капуста,Cabbage,Карам,2015-M02,2015,883.0
057,Bodring,Огурцы,Cucumbers,Бодринг,2015-M02,2015,6541.0
058,Pomidor,Помидоры,Tomatoes,Помидор,2015-M02,2015,7510.0
059,Baqlajon,Баклажаны,Eggplant,Бақлажон,2015-M02,2015,0.0
0060,Bulg'or qalampiri,Перец болгарский,Bell pepper,Булғор қалампири,2015-M02,2015,0.0
061,Qovoq,Тыква,Pumpkin,Қовоқ,2015-M02,2015,935.0
063,Sabzi,Морковь,Carrot,Сабзи,2015-M02,2015,755.0
065,Sarimsoq,Чеснок,Garlic,Саримсоқ,2015-M02,2015,8330.0
066,Piyoz,Лук репчатый,Onion,Пиёз,2015-M02,2015,2144.0
069,Kartoshka,Картофель,Potatoes,Картошка,2015-M02,2015,1403.0
0070,Loviya,Фасоль,Beans,Ловия,2015-M02,2015,0.0
071,No'xot,Горох,Peas,Нўхот,2015-M02,2015,0.0
0072,Mosh,Маш,Mash,Мош,2015-M02,2015,0.0
073,Shakar,Сахар песок,Sugar,Шакар,2015-M02,2015,0.0
002,Kruppa yormasi,Крупа манная,Semolina,Круппа ёрмаси,2015-M02,2015,1174.0
001,Guruch,Рис,Rice,Гуруч,2015-M03,2015,5094.0
003,Arpa,Ячмень,Barley,Арпа,2015-M03,2015,1242.0
0004,Bug'doy,Пшеница,Wheat,Буғдой,2015-M03,2015,1130.0
005,Jo'hori,Кукуруза,Corn,Жўҳори,2015-M03,2015,1316.0
006,Kepak,Отруби,Bran,Кепак,2015-M03,2015,725.0
0008,Shrot,Шрот,Schroth,Шрот,2015-M03,2015,0.0
009,Shulxa,Шелуха,Husk,Шулха,2015-M03,2015,0.0
010,Kombikorm,Комбикорм,Compound feed,Комбикорм,2015-M03,2015,1073.0
011,Oliy navli bug'doy uni,Мука пшеничная высшего сорта,High-grade wheat flour,Олий навли буғдой уни,2015-M03,2015,1666.0
0012,1-navli bug'doy uni,Мука пшеничная первого сорта,First grade wheat flour,1-навли буғдой уни,2015-M03,2015,0.0
013,1-nav bug'doy unidan non,Хлеб пшеничный из муки 1-го сорта,Wheat bread from 1st grade flour,1-нав буғдой унидан нон,2015-M03,2015,0.0
017,Mol go'shti,Говядина,Beef,Мол гўшти,2015-M03,2015,23106.0
0020,Qo'y go'shti,Баранина,Mutton,Қўй гўшти,2015-M03,2015,23848.0
022,Tovuq go'shti,Мясо птицы,Poultry,Товуқ гўшти,2015-M03,2015,0.0
026,Turli baliqlar,Рыба всякая,Fish of all kinds,Турли балиқлар,2015-M03,2015,11183.0
027,Yangi sog'ilgan sut (1 litr),Молоко свежее (1 литр),Fresh milk (1 liter),Янги соғилган сут (1 литр),2015-M03,2015,1660.0
034,Tuxum (10 dona),Яйца (10 штук),Eggs (10 pieces ),Тухум (10 дона),2015-M03,2015,3855.0
035,Paxta yog'i (1 litr),Масло хлопковое (1 литр),Cottonseed oil (1 liter),Пахта ёғи (1 литр),2015-M03,2015,0.0
0036,Kungaboqar yog'i (1 litr),Масло подсолнечное (1 литр),Sunflower oil (1 liter),Кунгабоқар ёғи (1 литр),2015-M03,2015,0.0
037,Sariyog',Масло сливочное,Butter,Сариёғ,2015-M03,2015,15533.0
039,Limon,Лимоны,Lemons,Лимон,2015-M03,2015,7782.0
0040,Olma,Яблоки,Apples,Олма,2015-M03,2015,4218.0
041,Nok,Груши,Pears,Нок,2015-M03,2015,8793.0
049,Uzum,Виноград,Grape,Узум,2015-M03,2015,10000.0
0050,Tarvuz,Арбуз,Watermelon,Тарвуз,2015-M03,2015,0.0
0051,Qovun,Дыня,Melon,Қовун,2015-M03,2015,0.0
053,Mayiz,Кишмиш,Kishmish,Майиз,2015-M03,2015,12421.0
055,Karam,Капуста,Cabbage,Карам,2015-M03,2015,1182.0
057,Bodring,Огурцы,Cucumbers,Бодринг,2015-M03,2015,7741.0
058,Pomidor,Помидоры,Tomatoes,Помидор,2015-M03,2015,9061.0
059,Baqlajon,Баклажаны,Eggplant,Бақлажон,2015-M03,2015,0.0
0060,Bulg'or qalampiri,Перец болгарский,Bell pepper,Булғор қалампири,2015-M03,2015,0.0
061,Qovoq,Тыква,Pumpkin,Қовоқ,2015-M03,2015,1010.0
063,Sabzi,Морковь,Carrot,Сабзи,2015-M03,2015,782.0
065,Sarimsoq,Чеснок,Garlic,Саримсоқ,2015-M03,2015,8018.0
066,Piyoz,Лук репчатый,Onion,Пиёз,2015-M03,2015,2314.0
069,Kartoshka,Картофель,Potatoes,Картошка,2015-M03,2015,1408.0
0070,Loviya,Фасоль,Beans,Ловия,2015-M03,2015,0.0
071,No'xot,Горох,Peas,Нўхот,2015-M03,2015,0.0
0072,Mosh,Маш,Mash,Мош,2015-M03,2015,0.0
073,Shakar,Сахар песок,Sugar,Шакар,2015-M03,2015,0.0
002,Kruppa yormasi,Крупа манная,Semolina,Круппа ёрмаси,2015-M03,2015,1242.0
001,Guruch,Рис,Rice,Гуруч,2015-M04,2015,5718.0
003,Arpa,Ячмень,Barley,Арпа,2015-M04,2015,1259.0
0004,Bug'doy,Пшеница,Wheat,Буғдой,2015-M04,2015,1239.0
005,Jo'hori,Кукуруза,Corn,Жўҳори,2015-M04,2015,1388.0
006,Kepak,Отруби,Bran,Кепак,2015-M04,2015,786.0
0008,Shrot,Шрот,Schroth,Шрот,2015-M04,2015,0.0
009,Shulxa,Шелуха,Husk,Шулха,2015-M04,2015,0.0
010,Kombikorm,Комбикорм,Compound feed,Комбикорм,2015-M04,2015,1135.0
011,Oliy navli bug'doy uni,Мука пшеничная высшего сорта,High-grade wheat flour,Олий навли буғдой уни,2015-M04,2015,1720.0
0012,1-navli bug'doy uni,Мука пшеничная первого сорта,First grade wheat flour,1-навли буғдой уни,2015-M04,2015,0.0
013,1-nav bug'doy unidan non,Хлеб пшеничный из муки 1-го сорта,Wheat bread from 1st grade flour,1-нав буғдой унидан нон,2015-M04,2015,0.0
017,Mol go'shti,Говядина,Beef,Мол гўшти,2015-M04,2015,22970.0
0020,Qo'y go'shti,Баранина,Mutton,Қўй гўшти,2015-M04,2015,23939.0
022,Tovuq go'shti,Мясо птицы,Poultry,Товуқ гўшти,2015-M04,2015,0.0
026,Turli baliqlar,Рыба всякая,Fish of all kinds,Турли балиқлар,2015-M04,2015,11236.0
027,Yangi sog'ilgan sut (1 litr),Молоко свежее (1 литр),Fresh milk (1 liter),Янги соғилган сут (1 литр),2015-M04,2015,1625.0
034,Tuxum (10 dona),Яйца (10 штук),Eggs (10 pieces ),Тухум (10 дона),2015-M04,2015,3567.0
035,Paxta yog'i (1 litr),Масло хлопковое (1 литр),Cottonseed oil (1 liter),Пахта ёғи (1 литр),2015-M04,2015,0.0
0036,Kungaboqar yog'i (1 litr),Масло подсолнечное (1 литр),Sunflower oil (1 liter),Кунгабоқар ёғи (1 литр),2015-M04,2015,0.0
037,Sariyog',Масло сливочное,Butter,Сариёғ,2015-M04,2015,15277.0
039,Limon,Лимоны,Lemons,Лимон,2015-M04,2015,9161.0
0040,Olma,Яблоки,Apples,Олма,2015-M04,2015,4813.0
041,Nok,Груши,Pears,Нок,2015-M04,2015,9273.0
049,Uzum,Виноград,Grape,Узум,2015-M04,2015,9250.0
0050,Tarvuz,Арбуз,Watermelon,Тарвуз,2015-M04,2015,0.0
0051,Qovun,Дыня,Melon,Қовун,2015-M04,2015,0.0
053,Mayiz,Кишмиш,Kishmish,Майиз,2015-M04,2015,12553.0
055,Karam,Капуста,Cabbage,Карам,2015-M04,2015,1563.0
057,Bodring,Огурцы,Cucumbers,Бодринг,2015-M04,2015,6658.0
058,Pomidor,Помидоры,Tomatoes,Помидор,2015-M04,2015,8829.0
059,Baqlajon,Баклажаны,Eggplant,Бақлажон,2015-M04,2015,0.0
0060,Bulg'or qalampiri,Перец болгарский,Bell pepper,Булғор қалампири,2015-M04,2015,0.0
061,Qovoq,Тыква,Pumpkin,Қовоқ,2015-M04,2015,0.0
063,Sabzi,Морковь,Carrot,Сабзи,2015-M04,2015,882.0
065,Sarimsoq,Чеснок,Garlic,Саримсоқ,2015-M04,2015,8463.0
066,Piyoz,Лук репчатый,Onion,Пиёз,2015-M04,2015,2638.0
069,Kartoshka,Картофель,Potatoes,Картошка,2015-M04,2015,1983.0
0070,Loviya,Фасоль,Beans,Ловия,2015-M04,2015,0.0
071,No'xot,Горох,Peas,Нўхот,2015-M04,2015,0.0
0072,Mosh,Маш,Mash,Мош,2015-M04,2015,0.0
073,Shakar,Сахар песок,Sugar,Шакар,2015-M04,2015,0.0
002,Kruppa yormasi,Крупа манная,Semolina,Круппа ёрмаси,2015-M04,2015,1259.0
001,Guruch,Рис,Rice,Гуруч,2015-M05,2015,6509.0
003,Arpa,Ячмень,Barley,Арпа,2015-M05,2015,1363.0
0004,Bug'doy,Пшеница,Wheat,Буғдой,2015-M05,2015,1298.0
005,Jo'hori,Кукуруза,Corn,Жўҳори,2015-M05,2015,1555.0
006,Kepak,Отруби,Bran,Кепак,2015-M05,2015,803.0
0008,Shrot,Шрот,Schroth,Шрот,2015-M05,2015,0.0
009,Shulxa,Шелуха,Husk,Шулха,2015-M05,2015,0.0
010,Kombikorm,Комбикорм,Compound feed,Комбикорм,2015-M05,2015,1110.0
011,Oliy navli bug'doy uni,Мука пшеничная высшего сорта,High-grade wheat flour,Олий навли буғдой уни,2015-M05,2015,1860.0
0012,1-navli bug'doy uni,Мука пшеничная первого сорта,First grade wheat flour,1-навли буғдой уни,2015-M05,2015,0.0
013,1-nav bug'doy unidan non,Хлеб пшеничный из муки 1-го сорта,Wheat bread from 1st grade flour,1-нав буғдой унидан нон,2015-M05,2015,0.0
017,Mol go'shti,Говядина,Beef,Мол гўшти,2015-M05,2015,23182.0
0020,Qo'y go'shti,Баранина,Mutton,Қўй гўшти,2015-M05,2015,24303.0
022,Tovuq go'shti,Мясо птицы,Poultry,Товуқ гўшти,2015-M05,2015,0.0
026,Turli baliqlar,Рыба всякая,Fish of all kinds,Турли балиқлар,2015-M05,2015,13000.0
027,Yangi sog'ilgan sut (1 litr),Молоко свежее (1 литр),Fresh milk (1 liter),Янги соғилган сут (1 литр),2015-M05,2015,1577.0
034,Tuxum (10 dona),Яйца (10 штук),Eggs (10 pieces ),Тухум (10 дона),2015-M05,2015,3683.0
035,Paxta yog'i (1 litr),Масло хлопковое (1 литр),Cottonseed oil (1 liter),Пахта ёғи (1 литр),2015-M05,2015,0.0
0036,Kungaboqar yog'i (1 litr),Масло подсолнечное (1 литр),Sunflower oil (1 liter),Кунгабоқар ёғи (1 литр),2015-M05,2015,0.0
037,Sariyog',Масло сливочное,Butter,Сариёғ,2015-M05,2015,15433.0
039,Limon,Лимоны,Lemons,Лимон,2015-M05,2015,10648.0
0040,Olma,Яблоки,Apples,Олма,2015-M05,2015,6306.0
041,Nok,Груши,Pears,Нок,2015-M05,2015,11379.0
049,Uzum,Виноград,Grape,Узум,2015-M05,2015,0.0
0050,Tarvuz,Арбуз,Watermelon,Тарвуз,2015-M05,2015,0.0
0051,Qovun,Дыня,Melon,Қовун,2015-M05,2015,0.0
053,Mayiz,Кишмиш,Kishmish,Майиз,2015-M05,2015,12608.0
055,Karam,Капуста,Cabbage,Карам,2015-M05,2015,1143.0
057,Bodring,Огурцы,Cucumbers,Бодринг,2015-M05,2015,3764.0
058,Pomidor,Помидоры,Tomatoes,Помидор,2015-M05,2015,5648.0
059,Baqlajon,Баклажаны,Eggplant,Бақлажон,2015-M05,2015,6250.0
0060,Bulg'or qalampiri,Перец болгарский,Bell pepper,Булғор қалампири,2015-M05,2015,7289.0
061,Qovoq,Тыква,Pumpkin,Қовоқ,2015-M05,2015,0.0
063,Sabzi,Морковь,Carrot,Сабзи,2015-M05,2015,1023.0
065,Sarimsoq,Чеснок,Garlic,Саримсоқ,2015-M05,2015,9552.0
066,Piyoz,Лук репчатый,Onion,Пиёз,2015-M05,2015,1591.0
069,Kartoshka,Картофель,Potatoes,Картошка,2015-M05,2015,1350.0
0070,Loviya,Фасоль,Beans,Ловия,2015-M05,2015,0.0
071,No'xot,Горох,Peas,Нўхот,2015-M05,2015,0.0
0072,Mosh,Маш,Mash,Мош,2015-M05,2015,0.0
073,Shakar,Сахар песок,Sugar,Шакар,2015-M05,2015,0.0
002,Kruppa yormasi,Крупа манная,Semolina,Круппа ёрмаси,2015-M05,2015,1363.0
001,Guruch,Рис,Rice,Гуруч,2015-M06,2015,6606.0
003,Arpa,Ячмень,Barley,Арпа,2015-M06,2015,1360.0
0004,Bug'doy,Пшеница,Wheat,Буғдой,2015-M06,2015,1313.0
005,Jo'hori,Кукуруза,Corn,Жўҳори,2015-M06,2015,1642.0
006,Kepak,Отруби,Bran,Кепак,2015-M06,2015,798.0
0008,Shrot,Шрот,Schroth,Шрот,2015-M06,2015,0.0
009,Shulxa,Шелуха,Husk,Шулха,2015-M06,2015,0.0
010,Kombikorm,Комбикорм,Compound feed,Комбикорм,2015-M06,2015,1102.0
011,Oliy navli bug'doy uni,Мука пшеничная высшего сорта,High-grade wheat flour,Олий навли буғдой уни,2015-M06,2015,1917.0
0012,1-navli bug'doy uni,Мука пшеничная первого сорта,First grade wheat flour,1-навли буғдой уни,2015-M06,2015,0.0
013,1-nav bug'doy unidan non,Хлеб пшеничный из муки 1-го сорта,Wheat bread from 1st grade flour,1-нав буғдой унидан нон,2015-M06,2015,0.0
017,Mol go'shti,Говядина,Beef,Мол гўшти,2015-M06,2015,23212.0
0020,Qo'y go'shti,Баранина,Mutton,Қўй гўшти,2015-M06,2015,24333.0
022,Tovuq go'shti,Мясо птицы,Poultry,Товуқ гўшти,2015-M06,2015,0.0
026,Turli baliqlar,Рыба всякая,Fish of all kinds,Турли балиқлар,2015-M06,2015,0.0
027,Yangi sog'ilgan sut (1 litr),Молоко свежее (1 литр),Fresh milk (1 liter),Янги соғилган сут (1 литр),2015-M06,2015,1483.0
034,Tuxum (10 dona),Яйца (10 штук),Eggs (10 pieces ),Тухум (10 дона),2015-M06,2015,3695.0
035,Paxta yog'i (1 litr),Масло хлопковое (1 литр),Cottonseed oil (1 liter),Пахта ёғи (1 литр),2015-M06,2015,0.0
0036,Kungaboqar yog'i (1 litr),Масло подсолнечное (1 литр),Sunflower oil (1 liter),Кунгабоқар ёғи (1 литр),2015-M06,2015,0.0
037,Sariyog',Масло сливочное,Butter,Сариёғ,2015-M06,2015,15060.0
039,Limon,Лимоны,Lemons,Лимон,2015-M06,2015,11944.0
0040,Olma,Яблоки,Apples,Олма,2015-M06,2015,5464.0
041,Nok,Груши,Pears,Нок,2015-M06,2015,9844.0
049,Uzum,Виноград,Grape,Узум,2015-M06,2015,7571.0
0050,Tarvuz,Арбуз,Watermelon,Тарвуз,2015-M06,2015,2082.0
0051,Qovun,Дыня,Melon,Қовун,2015-M06,2015,2620.0
053,Mayiz,Кишмиш,Kishmish,Майиз,2015-M06,2015,12797.0
055,Karam,Капуста,Cabbage,Карам,2015-M06,2015,913.0
057,Bodring,Огурцы,Cucumbers,Бодринг,2015-M06,2015,1479.0
058,Pomidor,Помидоры,Tomatoes,Помидор,2015-M06,2015,3073.0
059,Baqlajon,Баклажаны,Eggplant,Бақлажон,2015-M06,2015,3370.0
0060,Bulg'or qalampiri,Перец болгарский,Bell pepper,Булғор қалампири,2015-M06,2015,3667.0
061,Qovoq,Тыква,Pumpkin,Қовоқ,2015-M06,2015,0.0
063,Sabzi,Морковь,Carrot,Сабзи,2015-M06,2015,1194.0
065,Sarimsoq,Чеснок,Garlic,Саримсоқ,2015-M06,2015,8064.0
066,Piyoz,Лук репчатый,Onion,Пиёз,2015-M06,2015,898.0
069,Kartoshka,Картофель,Potatoes,Картошка,2015-M06,2015,1070.0
0070,Loviya,Фасоль,Beans,Ловия,2015-M06,2015,0.0
071,No'xot,Горох,Peas,Нўхот,2015-M06,2015,0.0
0072,Mosh,Маш,Mash,Мош,2015-M06,2015,0.0
073,Shakar,Сахар песок,Sugar,Шакар,2015-M06,2015,0.0
002,Kruppa yormasi,Крупа манная,Semolina,Круппа ёрмаси,2015-M06,2015,1360.0
001,Guruch,Рис,Rice,Гуруч,2015-M07,2015,6533.0
003,Arpa,Ячмень,Barley,Арпа,2015-M07,2015,1123.0
0004,Bug'doy,Пшеница,Wheat,Буғдой,2015-M07,2015,1111.0
005,Jo'hori,Кукуруза,Corn,Жўҳори,2015-M07,2015,1564.0
006,Kepak,Отруби,Bran,Кепак,2015-M07,2015,781.0
0008,Shrot,Шрот,Schroth,Шрот,2015-M07,2015,0.0
009,Shulxa,Шелуха,Husk,Шулха,2015-M07,2015,0.0
010,Kombikorm,Комбикорм,Compound feed,Комбикорм,2015-M07,2015,1062.0
011,Oliy navli bug'doy uni,Мука пшеничная высшего сорта,High-grade wheat flour,Олий навли буғдой уни,2015-M07,2015,1835.0
0012,1-navli bug'doy uni,Мука пшеничная первого сорта,First grade wheat flour,1-навли буғдой уни,2015-M07,2015,0.0
013,1-nav bug'doy unidan non,Хлеб пшеничный из муки 1-го сорта,Wheat bread from 1st grade flour,1-нав буғдой унидан нон,2015-M07,2015,0.0
017,Mol go'shti,Говядина,Beef,Мол гўшти,2015-M07,2015,23106.0
0020,Qo'y go'shti,Баранина,Mutton,Қўй гўшти,2015-M07,2015,24182.0
022,Tovuq go'shti,Мясо птицы,Poultry,Товуқ гўшти,2015-M07,2015,0.0
026,Turli baliqlar,Рыба всякая,Fish of all kinds,Турли балиқлар,2015-M07,2015,0.0
027,Yangi sog'ilgan sut (1 litr),Молоко свежее (1 литр),Fresh milk (1 liter),Янги соғилган сут (1 литр),2015-M07,2015,1500.0
034,Tuxum (10 dona),Яйца (10 штук),Eggs (10 pieces ),Тухум (10 дона),2015-M07,2015,3608.0
035,Paxta yog'i (1 litr),Масло хлопковое (1 литр),Cottonseed oil (1 liter),Пахта ёғи (1 литр),2015-M07,2015,0.0
0036,Kungaboqar yog'i (1 litr),Масло подсолнечное (1 литр),Sunflower oil (1 liter),Кунгабоқар ёғи (1 литр),2015-M07,2015,0.0
037,Sariyog',Масло сливочное,Butter,Сариёғ,2015-M07,2015,15393.0
039,Limon,Лимоны,Lemons,Лимон,2015-M07,2015,16250.0
0040,Olma,Яблоки,Apples,Олма,2015-M07,2015,3485.0
041,Nok,Груши,Pears,Нок,2015-M07,2015,5861.0
049,Uzum,Виноград,Grape,Узум,2015-M07,2015,4691.0
0050,Tarvuz,Арбуз,Watermelon,Тарвуз,2015-M07,2015,877.0
0051,Qovun,Дыня,Melon,Қовун,2015-M07,2015,1282.0
053,Mayiz,Кишмиш,Kishmish,Майиз,2015-M07,2015,13855.0
055,Karam,Капуста,Cabbage,Карам,2015-M07,2015,792.0
057,Bodring,Огурцы,Cucumbers,Бодринг,2015-M07,2015,835.0
058,Pomidor,Помидоры,Tomatoes,Помидор,2015-M07,2015,1103.0
059,Baqlajon,Баклажаны,Eggplant,Бақлажон,2015-M07,2015,1090.0
0060,Bulg'or qalampiri,Перец болгарский,Bell pepper,Булғор қалампири,2015-M07,2015,1405.0
061,Qovoq,Тыква,Pumpkin,Қовоқ,2015-M07,2015,1200.0
063,Sabzi,Морковь,Carrot,Сабзи,2015-M07,2015,1147.0
065,Sarimsoq,Чеснок,Garlic,Саримсоқ,2015-M07,2015,8333.0
066,Piyoz,Лук репчатый,Onion,Пиёз,2015-M07,2015,747.0
069,Kartoshka,Картофель,Potatoes,Картошка,2015-M07,2015,858.0
0070,Loviya,Фасоль,Beans,Ловия,2015-M07,2015,0.0
071,No'xot,Горох,Peas,Нўхот,2015-M07,2015,0.0
0072,Mosh,Маш,Mash,Мош,2015-M07,2015,0.0
073,Shakar,Сахар песок,Sugar,Шакар,2015-M07,2015,0.0
002,Kruppa yormasi,Крупа манная,Semolina,Круппа ёрмаси,2015-M07,2015,1123.0
001,Guruch,Рис,Rice,Гуруч,2015-M08,2015,6382.0
003,Arpa,Ячмень,Barley,Арпа,2015-M08,2015,1095.0
0004,Bug'doy,Пшеница,Wheat,Буғдой,2015-M08,2015,1103.0
005,Jo'hori,Кукуруза,Corn,Жўҳори,2015-M08,2015,1598.0
006,Kepak,Отруби,Bran,Кепак,2015-M08,2015,764.0
0008,Shrot,Шрот,Schroth,Шрот,2015-M08,2015,0.0
009,Shulxa,Шелуха,Husk,Шулха,2015-M08,2015,0.0
010,Kombikorm,Комбикорм,Compound feed,Комбикорм,2015-M08,2015,1067.0
011,Oliy navli bug'doy uni,Мука пшеничная высшего сорта,High-grade wheat flour,Олий навли буғдой уни,2015-M08,2015,1843.0
0012,1-navli bug'doy uni,Мука пшеничная первого сорта,First grade wheat flour,1-навли буғдой уни,2015-M08,2015,0.0
013,1-nav bug'doy unidan non,Хлеб пшеничный из муки 1-го сорта,Wheat bread from 1st grade flour,1-нав буғдой унидан нон,2015-M08,2015,0.0
017,Mol go'shti,Говядина,Beef,Мол гўшти,2015-M08,2015,23167.0
0020,Qo'y go'shti,Баранина,Mutton,Қўй гўшти,2015-M08,2015,24182.0
022,Tovuq go'shti,Мясо птицы,Poultry,Товуқ гўшти,2015-M08,2015,0.0
026,Turli baliqlar,Рыба всякая,Fish of all kinds,Турли балиқлар,2015-M08,2015,16000.0
027,Yangi sog'ilgan sut (1 litr),Молоко свежее (1 литр),Fresh milk (1 liter),Янги соғилган сут (1 литр),2015-M08,2015,1490.0
034,Tuxum (10 dona),Яйца (10 штук),Eggs (10 pieces ),Тухум (10 дона),2015-M08,2015,3830.0
035,Paxta yog'i (1 litr),Масло хлопковое (1 литр),Cottonseed oil (1 liter),Пахта ёғи (1 литр),2015-M08,2015,0.0
0036,Kungaboqar yog'i (1 litr),Масло подсолнечное (1 литр),Sunflower oil (1 liter),Кунгабоқар ёғи (1 литр),2015-M08,2015,0.0
037,Sariyog',Масло сливочное,Butter,Сариёғ,2015-M08,2015,15717.0
039,Limon,Лимоны,Lemons,Лимон,2015-M08,2015,14190.0
0040,Olma,Яблоки,Apples,Олма,2015-M08,2015,2973.0
041,Nok,Груши,Pears,Нок,2015-M08,2015,5369.0
049,Uzum,Виноград,Grape,Узум,2015-M08,2015,3267.0
0050,Tarvuz,Арбуз,Watermelon,Тарвуз,2015-M08,2015,650.0
0051,Qovun,Дыня,Melon,Қовун,2015-M08,2015,961.0
053,Mayiz,Кишмиш,Kishmish,Майиз,2015-M08,2015,14152.0
055,Karam,Капуста,Cabbage,Карам,2015-M08,2015,768.0
057,Bodring,Огурцы,Cucumbers,Бодринг,2015-M08,2015,862.0
058,Pomidor,Помидоры,Tomatoes,Помидор,2015-M08,2015,753.0
059,Baqlajon,Баклажаны,Eggplant,Бақлажон,2015-M08,2015,788.0
0060,Bulg'or qalampiri,Перец болгарский,Bell pepper,Булғор қалампири,2015-M08,2015,892.0
061,Qovoq,Тыква,Pumpkin,Қовоқ,2015-M08,2015,1300.0
063,Sabzi,Морковь,Carrot,Сабзи,2015-M08,2015,1210.0
065,Sarimsoq,Чеснок,Garlic,Саримсоқ,2015-M08,2015,8750.0
066,Piyoz,Лук репчатый,Onion,Пиёз,2015-M08,2015,709.0
069,Kartoshka,Картофель,Potatoes,Картошка,2015-M08,2015,780.0
0070,Loviya,Фасоль,Beans,Ловия,2015-M08,2015,0.0
071,No'xot,Горох,Peas,Нўхот,2015-M08,2015,0.0
0072,Mosh,Маш,Mash,Мош,2015-M08,2015,0.0
073,Shakar,Сахар песок,Sugar,Шакар,2015-M08,2015,0.0
002,Kruppa yormasi,Крупа манная,Semolina,Круппа ёрмаси,2015-M08,2015,1095.0
001,Guruch,Рис,Rice,Гуруч,2015-M09,2015,6312.0
003,Arpa,Ячмень,Barley,Арпа,2015-M09,2015,1171.0
0004,Bug'doy,Пшеница,Wheat,Буғдой,2015-M09,2015,1111.0
005,Jo'hori,Кукуруза,Corn,Жўҳори,2015-M09,2015,1632.0
006,Kepak,Отруби,Bran,Кепак,2015-M09,2015,779.0
0008,Shrot,Шрот,Schroth,Шрот,2015-M09,2015,0.0
009,Shulxa,Шелуха,Husk,Шулха,2015-M09,2015,0.0
010,Kombikorm,Комбикорм,Compound feed,Комбикорм,2015-M09,2015,1161.0
011,Oliy navli bug'doy uni,Мука пшеничная высшего сорта,High-grade wheat flour,Олий навли буғдой уни,2015-M09,2015,1967.0
0012,1-navli bug'doy uni,Мука пшеничная первого сорта,First grade wheat flour,1-навли буғдой уни,2015-M09,2015,0.0
013,1-nav bug'doy unidan non,Хлеб пшеничный из муки 1-го сорта,Wheat bread from 1st grade flour,1-нав буғдой унидан нон,2015-M09,2015,0.0
017,Mol go'shti,Говядина,Beef,Мол гўшти,2015-M09,2015,23364.0
0020,Qo'y go'shti,Баранина,Mutton,Қўй гўшти,2015-M09,2015,24364.0
022,Tovuq go'shti,Мясо птицы,Poultry,Товуқ гўшти,2015-M09,2015,0.0
026,Turli baliqlar,Рыба всякая,Fish of all kinds,Турли балиқлар,2015-M09,2015,13967.0
027,Yangi sog'ilgan sut (1 litr),Молоко свежее (1 литр),Fresh milk (1 liter),Янги соғилган сут (1 литр),2015-M09,2015,1492.0
034,Tuxum (10 dona),Яйца (10 штук),Eggs (10 pieces ),Тухум (10 дона),2015-M09,2015,4836.0
035,Paxta yog'i (1 litr),Масло хлопковое (1 литр),Cottonseed oil (1 liter),Пахта ёғи (1 литр),2015-M09,2015,0.0
0036,Kungaboqar yog'i (1 litr),Масло подсолнечное (1 литр),Sunflower oil (1 liter),Кунгабоқар ёғи (1 литр),2015-M09,2015,0.0
037,Sariyog',Масло сливочное,Butter,Сариёғ,2015-M09,2015,16333.0
039,Limon,Лимоны,Lemons,Лимон,2015-M09,2015,14452.0
0040,Olma,Яблоки,Apples,Олма,2015-M09,2015,2574.0
041,Nok,Груши,Pears,Нок,2015-M09,2015,4502.0
049,Uzum,Виноград,Grape,Узум,2015-M09,2015,2550.0
0050,Tarvuz,Арбуз,Watermelon,Тарвуз,2015-M09,2015,547.0
0051,Qovun,Дыня,Melon,Қовун,2015-M09,2015,864.0
053,Mayiz,Кишмиш,Kishmish,Майиз,2015-M09,2015,14293.0
055,Karam,Капуста,Cabbage,Карам,2015-M09,2015,855.0
057,Bodring,Огурцы,Cucumbers,Бодринг,2015-M09,2015,1052.0
058,Pomidor,Помидоры,Tomatoes,Помидор,2015-M09,2015,1305.0
059,Baqlajon,Баклажаны,Eggplant,Бақлажон,2015-M09,2015,958.0
0060,Bulg'or qalampiri,Перец болгарский,Bell pepper,Булғор қалампири,2015-M09,2015,991.0
061,Qovoq,Тыква,Pumpkin,Қовоқ,2015-M09,2015,1008.0
063,Sabzi,Морковь,Carrot,Сабзи,2015-M09,2015,1809.0
065,Sarimsoq,Чеснок,Garlic,Саримсоқ,2015-M09,2015,10485.0
066,Piyoz,Лук репчатый,Onion,Пиёз,2015-M09,2015,822.0
069,Kartoshka,Картофель,Potatoes,Картошка,2015-M09,2015,1079.0
0070,Loviya,Фасоль,Beans,Ловия,2015-M09,2015,0.0
071,No'xot,Горох,Peas,Нўхот,2015-M09,2015,0.0
0072,Mosh,Маш,Mash,Мош,2015-M09,2015,0.0
073,Shakar,Сахар песок,Sugar,Шакар,2015-M09,2015,0.0
002,Kruppa yormasi,Крупа манная,Semolina,Круппа ёрмаси,2015-M09,2015,1171.0
001,Guruch,Рис,Rice,Гуруч,2015-M10,2015,5785.0
003,Arpa,Ячмень,Barley,Арпа,2015-M10,2015,1211.0
0004,Bug'doy,Пшеница,Wheat,Буғдой,2015-M10,2015,1161.0
005,Jo'hori,Кукуруза,Corn,Жўҳори,2015-M10,2015,1403.0
006,Kepak,Отруби,Bran,Кепак,2015-M10,2015,764.0
0008,Shrot,Шрот,Schroth,Шрот,2015-M10,2015,0.0
009,Shulxa,Шелуха,Husk,Шулха,2015-M10,2015,0.0
010,Kombikorm,Комбикорм,Compound feed,Комбикорм,2015-M10,2015,1161.0
011,Oliy navli bug'doy uni,Мука пшеничная высшего сорта,High-grade wheat flour,Олий навли буғдой уни,2015-M10,2015,2025.0
0012,1-navli bug'doy uni,Мука пшеничная первого сорта,First grade wheat flour,1-навли буғдой уни,2015-M10,2015,0.0
013,1-nav bug'doy unidan non,Хлеб пшеничный из муки 1-го сорта,Wheat bread from 1st grade flour,1-нав буғдой унидан нон,2015-M10,2015,0.0
017,Mol go'shti,Говядина,Beef,Мол гўшти,2015-M10,2015,23409.0
0020,Qo'y go'shti,Баранина,Mutton,Қўй гўшти,2015-M10,2015,24348.0
022,Tovuq go'shti,Мясо птицы,Poultry,Товуқ гўшти,2015-M10,2015,0.0
026,Turli baliqlar,Рыба всякая,Fish of all kinds,Турли балиқлар,2015-M10,2015,14283.0
027,Yangi sog'ilgan sut (1 litr),Молоко свежее (1 литр),Fresh milk (1 liter),Янги соғилган сут (1 литр),2015-M10,2015,1648.0
034,Tuxum (10 dona),Яйца (10 штук),Eggs (10 pieces ),Тухум (10 дона),2015-M10,2015,4884.0
035,Paxta yog'i (1 litr),Масло хлопковое (1 литр),Cottonseed oil (1 liter),Пахта ёғи (1 литр),2015-M10,2015,0.0
0036,Kungaboqar yog'i (1 litr),Масло подсолнечное (1 литр),Sunflower oil (1 liter),Кунгабоқар ёғи (1 литр),2015-M10,2015,0.0
037,Sariyog',Масло сливочное,Butter,Сариёғ,2015-M10,2015,16200.0
039,Limon,Лимоны,Lemons,Лимон,2015-M10,2015,11354.0
0040,Olma,Яблоки,Apples,Олма,2015-M10,2015,2555.0
041,Nok,Груши,Pears,Нок,2015-M10,2015,5130.0
049,Uzum,Виноград,Grape,Узум,2015-M10,2015,2700.0
0050,Tarvuz,Арбуз,Watermelon,Тарвуз,2015-M10,2015,641.0
0051,Qovun,Дыня,Melon,Қовун,2015-M10,2015,1001.0
053,Mayiz,Кишмиш,Kishmish,Майиз,2015-M10,2015,14510.0
055,Karam,Капуста,Cabbage,Карам,2015-M10,2015,933.0
057,Bodring,Огурцы,Cucumbers,Бодринг,2015-M10,2015,1706.0
058,Pomidor,Помидоры,Tomatoes,Помидор,2015-M10,2015,1948.0
059,Baqlajon,Баклажаны,Eggplant,Бақлажон,2015-M10,2015,1115.0
0060,Bulg'or qalampiri,Перец болгарский,Bell pepper,Булғор қалампири,2015-M10,2015,1192.0
061,Qovoq,Тыква,Pumpkin,Қовоқ,2015-M10,2015,1057.0
063,Sabzi,Морковь,Carrot,Сабзи,2015-M10,2015,1983.0
065,Sarimsoq,Чеснок,Garlic,Саримсоқ,2015-M10,2015,10907.0
066,Piyoz,Лук репчатый,Onion,Пиёз,2015-M10,2015,885.0
069,Kartoshka,Картофель,Potatoes,Картошка,2015-M10,2015,1181.0
0070,Loviya,Фасоль,Beans,Ловия,2015-M10,2015,0.0
071,No'xot,Горох,Peas,Нўхот,2015-M10,2015,0.0
0072,Mosh,Маш,Mash,Мош,2015-M10,2015,0.0
073,Shakar,Сахар песок,Sugar,Шакар,2015-M10,2015,0.0
002,Kruppa yormasi,Крупа манная,Semolina,Круппа ёрмаси,2015-M10,2015,1211.0
001,Guruch,Рис,Rice,Гуруч,2015-M11,2015,4918.0
003,Arpa,Ячмень,Barley,Арпа,2015-M11,2015,1193.0
0004,Bug'doy,Пшеница,Wheat,Буғдой,2015-M11,2015,1197.0
005,Jo'hori,Кукуруза,Corn,Жўҳори,2015-M11,2015,1420.0
006,Kepak,Отруби,Bran,Кепак,2015-M11,2015,750.0
0008,Shrot,Шрот,Schroth,Шрот,2015-M11,2015,0.0
009,Shulxa,Шелуха,Husk,Шулха,2015-M11,2015,0.0
010,Kombikorm,Комбикорм,Compound feed,Комбикорм,2015-M11,2015,1078.0
011,Oliy navli bug'doy uni,Мука пшеничная высшего сорта,High-grade wheat flour,Олий навли буғдой уни,2015-M11,2015,2042.0
0012,1-navli bug'doy uni,Мука пшеничная первого сорта,First grade wheat flour,1-навли буғдой уни,2015-M11,2015,0.0
013,1-nav bug'doy unidan non,Хлеб пшеничный из муки 1-го сорта,Wheat bread from 1st grade flour,1-нав буғдой унидан нон,2015-M11,2015,0.0
017,Mol go'shti,Говядина,Beef,Мол гўшти,2015-M11,2015,23061.0
0020,Qo'y go'shti,Баранина,Mutton,Қўй гўшти,2015-M11,2015,24227.0
022,Tovuq go'shti,Мясо птицы,Poultry,Товуқ гўшти,2015-M11,2015,0.0
026,Turli baliqlar,Рыба всякая,Fish of all kinds,Турли балиқлар,2015-M11,2015,12472.0
027,Yangi sog'ilgan sut (1 litr),Молоко свежее (1 литр),Fresh milk (1 liter),Янги соғилган сут (1 литр),2015-M11,2015,1723.0
034,Tuxum (10 dona),Яйца (10 штук),Eggs (10 pieces ),Тухум (10 дона),2015-M11,2015,4576.0
035,Paxta yog'i (1 litr),Масло хлопковое (1 литр),Cottonseed oil (1 liter),Пахта ёғи (1 литр),2015-M11,2015,0.0
0036,Kungaboqar yog'i (1 litr),Масло подсолнечное (1 литр),Sunflower oil (1 liter),Кунгабоқар ёғи (1 литр),2015-M11,2015,0.0
037,Sariyog',Масло сливочное,Butter,Сариёғ,2015-M11,2015,17030.0
039,Limon,Лимоны,Lemons,Лимон,2015-M11,2015,10259.0
0040,Olma,Яблоки,Apples,Олма,2015-M11,2015,3197.0
041,Nok,Груши,Pears,Нок,2015-M11,2015,5793.0
049,Uzum,Виноград,Grape,Узум,2015-M11,2015,3097.0
0050,Tarvuz,Арбуз,Watermelon,Тарвуз,2015-M11,2015,852.0
0051,Qovun,Дыня,Melon,Қовун,2015-M11,2015,1195.0
053,Mayiz,Кишмиш,Kishmish,Майиз,2015-M11,2015,14469.0
055,Karam,Капуста,Cabbage,Карам,2015-M11,2015,867.0
057,Bodring,Огурцы,Cucumbers,Бодринг,2015-M11,2015,3427.0
058,Pomidor,Помидоры,Tomatoes,Помидор,2015-M11,2015,2970.0
059,Baqlajon,Баклажаны,Eggplant,Бақлажон,2015-M11,2015,1133.0
0060,Bulg'or qalampiri,Перец болгарский,Bell pepper,Булғор қалампири,2015-M11,2015,1194.0
061,Qovoq,Тыква,Pumpkin,Қовоқ,2015-M11,2015,947.0
063,Sabzi,Морковь,Carrot,Сабзи,2015-M11,2015,1344.0
065,Sarimsoq,Чеснок,Garlic,Саримсоқ,2015-M11,2015,12083.0
066,Piyoz,Лук репчатый,Onion,Пиёз,2015-M11,2015,815.0
069,Kartoshka,Картофель,Potatoes,Картошка,2015-M11,2015,1107.0
0070,Loviya,Фасоль,Beans,Ловия,2015-M11,2015,0.0
071,No'xot,Горох,Peas,Нўхот,2015-M11,2015,0.0
0072,Mosh,Маш,Mash,Мош,2015-M11,2015,0.0
073,Shakar,Сахар песок,Sugar,Шакар,2015-M11,2015,0.0
002,Kruppa yormasi,Крупа манная,Semolina,Круппа ёрмаси,2015-M11,2015,1193.0
001,Guruch,Рис,Rice,Гуруч,2015-M12,2015,4558.0
003,Arpa,Ячмень,Barley,Арпа,2015-M12,2015,1210.0
0004,Bug'doy,Пшеница,Wheat,Буғдой,2015-M12,2015,1259.0
005,Jo'hori,Кукуруза,Corn,Жўҳори,2015-M12,2015,1340.0
006,Kepak,Отруби,Bran,Кепак,2015-M12,2015,783.0
0008,Shrot,Шрот,Schroth,Шрот,2015-M12,2015,0.0
009,Shulxa,Шелуха,Husk,Шулха,2015-M12,2015,0.0
010,Kombikorm,Комбикорм,Compound feed,Комбикорм,2015-M12,2015,1093.0
011,Oliy navli bug'doy uni,Мука пшеничная высшего сорта,High-grade wheat flour,Олий навли буғдой уни,2015-M12,2015,2077.0
0012,1-navli bug'doy uni,Мука пшеничная первого сорта,First grade wheat flour,1-навли буғдой уни,2015-M12,2015,0.0
013,1-nav bug'doy unidan non,Хлеб пшеничный из муки 1-го сорта,Wheat bread from 1st grade flour,1-нав буғдой унидан нон,2015-M12,2015,0.0
017,Mol go'shti,Говядина,Beef,Мол гўшти,2015-M12,2015,21667.0
0020,Qo'y go'shti,Баранина,Mutton,Қўй гўшти,2015-M12,2015,23030.0
022,Tovuq go'shti,Мясо птицы,Poultry,Товуқ гўшти,2015-M12,2015,0.0
026,Turli baliqlar,Рыба всякая,Fish of all kinds,Турли балиқлар,2015-M12,2015,12595.0
027,Yangi sog'ilgan sut (1 litr),Молоко свежее (1 литр),Fresh milk (1 liter),Янги соғилган сут (1 литр),2015-M12,2015,1760.0
034,Tuxum (10 dona),Яйца (10 штук),Eggs (10 pieces ),Тухум (10 дона),2015-M12,2015,4858.0
035,Paxta yog'i (1 litr),Масло хлопковое (1 литр),Cottonseed oil (1 liter),Пахта ёғи (1 литр),2015-M12,2015,0.0
0036,Kungaboqar yog'i (1 litr),Масло подсолнечное (1 литр),Sunflower oil (1 liter),Кунгабоқар ёғи (1 литр),2015-M12,2015,0.0
037,Sariyog',Масло сливочное,Butter,Сариёғ,2015-M12,2015,17722.0
039,Limon,Лимоны,Lemons,Лимон,2015-M12,2015,8567.0
0040,Olma,Яблоки,Apples,Олма,2015-M12,2015,3510.0
041,Nok,Груши,Pears,Нок,2015-M12,2015,6697.0
049,Uzum,Виноград,Grape,Узум,2015-M12,2015,4594.0
0050,Tarvuz,Арбуз,Watermelon,Тарвуз,2015-M12,2015,907.0
0051,Qovun,Дыня,Melon,Қовун,2015-M12,2015,1227.0
053,Mayiz,Кишмиш,Kishmish,Майиз,2015-M12,2015,14543.0
055,Karam,Капуста,Cabbage,Карам,2015-M12,2015,792.0
057,Bodring,Огурцы,Cucumbers,Бодринг,2015-M12,2015,5603.0
058,Pomidor,Помидоры,Tomatoes,Помидор,2015-M12,2015,4357.0
059,Baqlajon,Баклажаны,Eggplant,Бақлажон,2015-M12,2015,0.0
0060,Bulg'or qalampiri,Перец болгарский,Bell pepper,Булғор қалампири,2015-M12,2015,2000.0
061,Qovoq,Тыква,Pumpkin,Қовоқ,2015-M12,2015,908.0
063,Sabzi,Морковь,Carrot,Сабзи,2015-M12,2015,935.0
065,Sarimsoq,Чеснок,Garlic,Саримсоқ,2015-M12,2015,13217.0
066,Piyoz,Лук репчатый,Onion,Пиёз,2015-M12,2015,727.0
069,Kartoshka,Картофель,Potatoes,Картошка,2015-M12,2015,926.0
0070,Loviya,Фасоль,Beans,Ловия,2015-M12,2015,0.0
071,No'xot,Горох,Peas,Нўхот,2015-M12,2015,0.0
0072,Mosh,Маш,Mash,Мош,2015-M12,2015,0.0
073,Shakar,Сахар песок,Sugar,Шакар,2015-M12,2015,0.0
002,Kruppa yormasi,Крупа манная,Semolina,Круппа ёрмаси,2015-M12,2015,1210.0
001,Guruch,Рис,Rice,Гуруч,2016-M01,2016,4345.0
003,Arpa,Ячмень,Barley,Арпа,2016-M01,2016,1219.0
0004,Bug'doy,Пшеница,Wheat,Буғдой,2016-M01,2016,1246.0
005,Jo'hori,Кукуруза,Corn,Жўҳори,2016-M01,2016,1300.0
006,Kepak,Отруби,Bran,Кепак,2016-M01,2016,758.0
0008,Shrot,Шрот,Schroth,Шрот,2016-M01,2016,0.0
009,Shulxa,Шелуха,Husk,Шулха,2016-M01,2016,0.0
010,Kombikorm,Комбикорм,Compound feed,Комбикорм,2016-M01,2016,1105.0
011,Oliy navli bug'doy uni,Мука пшеничная высшего сорта,High-grade wheat flour,Олий навли буғдой уни,2016-M01,2016,2000.0
0012,1-navli bug'doy uni,Мука пшеничная первого сорта,First grade wheat flour,1-навли буғдой уни,2016-M01,2016,0.0
013,1-nav bug'doy unidan non,Хлеб пшеничный из муки 1-го сорта,Wheat bread from 1st grade flour,1-нав буғдой унидан нон,2016-M01,2016,0.0
017,Mol go'shti,Говядина,Beef,Мол гўшти,2016-M01,2016,21197.0
0020,Qo'y go'shti,Баранина,Mutton,Қўй гўшти,2016-M01,2016,22682.0
022,Tovuq go'shti,Мясо птицы,Poultry,Товуқ гўшти,2016-M01,2016,0.0
026,Turli baliqlar,Рыба всякая,Fish of all kinds,Турли балиқлар,2016-M01,2016,12095.0
027,Yangi sog'ilgan sut (1 litr),Молоко свежее (1 литр),Fresh milk (1 liter),Янги соғилган сут (1 литр),2016-M01,2016,1867.0
034,Tuxum (10 dona),Яйца (10 штук),Eggs (10 pieces ),Тухум (10 дона),2016-M01,2016,4930.0
035,Paxta yog'i (1 litr),Масло хлопковое (1 литр),Cottonseed oil (1 liter),Пахта ёғи (1 литр),2016-M01,2016,0.0
0036,Kungaboqar yog'i (1 litr),Масло подсолнечное (1 литр),Sunflower oil (1 liter),Кунгабоқар ёғи (1 литр),2016-M01,2016,0.0
037,Sariyog',Масло сливочное,Butter,Сариёғ,2016-M01,2016,17204.0
039,Limon,Лимоны,Lemons,Лимон,2016-M01,2016,9688.0
0040,Olma,Яблоки,Apples,Олма,2016-M01,2016,4124.0
041,Nok,Груши,Pears,Нок,2016-M01,2016,7221.0
049,Uzum,Виноград,Grape,Узум,2016-M01,2016,6329.0
0050,Tarvuz,Арбуз,Watermelon,Тарвуз,2016-M01,2016,1249.0
0051,Qovun,Дыня,Melon,Қовун,2016-M01,2016,1606.0
053,Mayiz,Кишмиш,Kishmish,Майиз,2016-M01,2016,15479.0
055,Karam,Капуста,Cabbage,Карам,2016-M01,2016,787.0
057,Bodring,Огурцы,Cucumbers,Бодринг,2016-M01,2016,7167.0
058,Pomidor,Помидоры,Tomatoes,Помидор,2016-M01,2016,6263.0
059,Baqlajon,Баклажаны,Eggplant,Бақлажон,2016-M01,2016,0.0
0060,Bulg'or qalampiri,Перец болгарский,Bell pepper,Булғор қалампири,2016-M01,2016,0.0
061,Qovoq,Тыква,Pumpkin,Қовоқ,2016-M01,2016,1070.0
063,Sabzi,Морковь,Carrot,Сабзи,2016-M01,2016,814.0
065,Sarimsoq,Чеснок,Garlic,Саримсоқ,2016-M01,2016,12800.0
066,Piyoz,Лук репчатый,Onion,Пиёз,2016-M01,2016,729.0
069,Kartoshka,Картофель,Potatoes,Картошка,2016-M01,2016,873.0
0070,Loviya,Фасоль,Beans,Ловия,2016-M01,2016,0.0
071,No'xot,Горох,Peas,Нўхот,2016-M01,2016,0.0
0072,Mosh,Маш,Mash,Мош,2016-M01,2016,0.0
073,Shakar,Сахар песок,Sugar,Шакар,2016-M01,2016,0.0
002,Kruppa yormasi,Крупа манная,Semolina,Круппа ёрмаси,2016-M01,2016,1219.0
001,Guruch,Рис,Rice,Гуруч,2016-M02,2016,4188.0
003,Arpa,Ячмень,Barley,Арпа,2016-M02,2016,1242.0
0004,Bug'doy,Пшеница,Wheat,Буғдой,2016-M02,2016,1311.0
005,Jo'hori,Кукуруза,Corn,Жўҳори,2016-M02,2016,1312.0
006,Kepak,Отруби,Bran,Кепак,2016-M02,2016,770.0
0008,Shrot,Шрот,Schroth,Шрот,2016-M02,2016,0.0
009,Shulxa,Шелуха,Husk,Шулха,2016-M02,2016,0.0
010,Kombikorm,Комбикорм,Compound feed,Комбикорм,2016-M02,2016,1170.0
011,Oliy navli bug'doy uni,Мука пшеничная высшего сорта,High-grade wheat flour,Олий навли буғдой уни,2016-M02,2016,2018.0
0012,1-navli bug'doy uni,Мука пшеничная первого сорта,First grade wheat flour,1-навли буғдой уни,2016-M02,2016,0.0
013,1-nav bug'doy unidan non,Хлеб пшеничный из муки 1-го сорта,Wheat bread from 1st grade flour,1-нав буғдой унидан нон,2016-M02,2016,0.0
017,Mol go'shti,Говядина,Beef,Мол гўшти,2016-M02,2016,22106.0
0020,Qo'y go'shti,Баранина,Mutton,Қўй гўшти,2016-M02,2016,23439.0
022,Tovuq go'shti,Мясо птицы,Poultry,Товуқ гўшти,2016-M02,2016,0.0
026,Turli baliqlar,Рыба всякая,Fish of all kinds,Турли балиқлар,2016-M02,2016,12429.0
027,Yangi sog'ilgan sut (1 litr),Молоко свежее (1 литр),Fresh milk (1 liter),Янги соғилган сут (1 литр),2016-M02,2016,1907.0
034,Tuxum (10 dona),Яйца (10 штук),Eggs (10 pieces ),Тухум (10 дона),2016-M02,2016,4800.0
035,Paxta yog'i (1 litr),Масло хлопковое (1 литр),Cottonseed oil (1 liter),Пахта ёғи (1 литр),2016-M02,2016,0.0
0036,Kungaboqar yog'i (1 litr),Масло подсолнечное (1 литр),Sunflower oil (1 liter),Кунгабоқар ёғи (1 литр),2016-M02,2016,0.0
037,Sariyog',Масло сливочное,Butter,Сариёғ,2016-M02,2016,17467.0
039,Limon,Лимоны,Lemons,Лимон,2016-M02,2016,10218.0
0040,Olma,Яблоки,Apples,Олма,2016-M02,2016,4385.0
041,Nok,Груши,Pears,Нок,2016-M02,2016,7396.0
049,Uzum,Виноград,Grape,Узум,2016-M02,2016,7833.0
0050,Tarvuz,Арбуз,Watermelon,Тарвуз,2016-M02,2016,0.0
0051,Qovun,Дыня,Melon,Қовун,2016-M02,2016,0.0
053,Mayiz,Кишмиш,Kishmish,Майиз,2016-M02,2016,16136.0
055,Karam,Капуста,Cabbage,Карам,2016-M02,2016,817.0
057,Bodring,Огурцы,Cucumbers,Бодринг,2016-M02,2016,7944.0
058,Pomidor,Помидоры,Tomatoes,Помидор,2016-M02,2016,8185.0
059,Baqlajon,Баклажаны,Eggplant,Бақлажон,2016-M02,2016,0.0
0060,Bulg'or qalampiri,Перец болгарский,Bell pepper,Булғор қалампири,2016-M02,2016,0.0
061,Qovoq,Тыква,Pumpkin,Қовоқ,2016-M02,2016,1165.0
063,Sabzi,Морковь,Carrot,Сабзи,2016-M02,2016,768.0
065,Sarimsoq,Чеснок,Garlic,Саримсоқ,2016-M02,2016,13758.0
066,Piyoz,Лук репчатый,Onion,Пиёз,2016-M02,2016,700.0
069,Kartoshka,Картофель,Potatoes,Картошка,2016-M02,2016,833.0
0070,Loviya,Фасоль,Beans,Ловия,2016-M02,2016,0.0
071,No'xot,Горох,Peas,Нўхот,2016-M02,2016,0.0
0072,Mosh,Маш,Mash,Мош,2016-M02,2016,0.0
073,Shakar,Сахар песок,Sugar,Шакар,2016-M02,2016,0.0
002,Kruppa yormasi,Крупа манная,Semolina,Круппа ёрмаси,2016-M02,2016,1242.0
001,Guruch,Рис,Rice,Гуруч,2016-M03,2016,4127.0
003,Arpa,Ячмень,Barley,Арпа,2016-M03,2016,1240.0
0004,Bug'doy,Пшеница,Wheat,Буғдой,2016-M03,2016,1290.0
005,Jo'hori,Кукуруза,Corn,Жўҳори,2016-M03,2016,1343.0
006,Kepak,Отруби,Bran,Кепак,2016-M03,2016,798.0
0008,Shrot,Шрот,Schroth,Шрот,2016-M03,2016,0.0
009,Shulxa,Шелуха,Husk,Шулха,2016-M03,2016,0.0
010,Kombikorm,Комбикорм,Compound feed,Комбикорм,2016-M03,2016,1168.0
011,Oliy navli bug'doy uni,Мука пшеничная высшего сорта,High-grade wheat flour,Олий навли буғдой уни,2016-M03,2016,2138.0
0012,1-navli bug'doy uni,Мука пшеничная первого сорта,First grade wheat flour,1-навли буғдой уни,2016-M03,2016,0.0
013,1-nav bug'doy unidan non,Хлеб пшеничный из муки 1-го сорта,Wheat bread from 1st grade flour,1-нав буғдой унидан нон,2016-M03,2016,0.0
017,Mol go'shti,Говядина,Beef,Мол гўшти,2016-M03,2016,22364.0
0020,Qo'y go'shti,Баранина,Mutton,Қўй гўшти,2016-M03,2016,23667.0
022,Tovuq go'shti,Мясо птицы,Poultry,Товуқ гўшти,2016-M03,2016,0.0
026,Turli baliqlar,Рыба всякая,Fish of all kinds,Турли балиқлар,2016-M03,2016,12190.0
027,Yangi sog'ilgan sut (1 litr),Молоко свежее (1 литр),Fresh milk (1 liter),Янги соғилган сут (1 литр),2016-M03,2016,1827.0
034,Tuxum (10 dona),Яйца (10 штук),Eggs (10 pieces ),Тухум (10 дона),2016-M03,2016,4473.0
035,Paxta yog'i (1 litr),Масло хлопковое (1 литр),Cottonseed oil (1 liter),Пахта ёғи (1 литр),2016-M03,2016,0.0
0036,Kungaboqar yog'i (1 litr),Масло подсолнечное (1 литр),Sunflower oil (1 liter),Кунгабоқар ёғи (1 литр),2016-M03,2016,0.0
037,Sariyog',Масло сливочное,Butter,Сариёғ,2016-M03,2016,17403.0
039,Limon,Лимоны,Lemons,Лимон,2016-M03,2016,10697.0
0040,Olma,Яблоки,Apples,Олма,2016-M03,2016,4652.0
041,Nok,Груши,Pears,Нок,2016-M03,2016,8333.0
049,Uzum,Виноград,Grape,Узум,2016-M03,2016,0.0
0050,Tarvuz,Арбуз,Watermelon,Тарвуз,2016-M03,2016,0.0
0051,Qovun,Дыня,Melon,Қовун,2016-M03,2016,0.0
053,Mayiz,Кишмиш,Kishmish,Майиз,2016-M03,2016,16030.0
055,Karam,Капуста,Cabbage,Карам,2016-M03,2016,791.0
057,Bodring,Огурцы,Cucumbers,Бодринг,2016-M03,2016,7593.0
058,Pomidor,Помидоры,Tomatoes,Помидор,2016-M03,2016,9714.0
059,Baqlajon,Баклажаны,Eggplant,Бақлажон,2016-M03,2016,0.0
0060,Bulg'or qalampiri,Перец болгарский,Bell pepper,Булғор қалампири,2016-M03,2016,0.0
061,Qovoq,Тыква,Pumpkin,Қовоқ,2016-M03,2016,1315.0
063,Sabzi,Морковь,Carrot,Сабзи,2016-M03,2016,745.0
065,Sarimsoq,Чеснок,Garlic,Саримсоқ,2016-M03,2016,13655.0
066,Piyoz,Лук репчатый,Onion,Пиёз,2016-M03,2016,661.0
069,Kartoshka,Картофель,Potatoes,Картошка,2016-M03,2016,835.0
0070,Loviya,Фасоль,Beans,Ловия,2016-M03,2016,0.0
071,No'xot,Горох,Peas,Нўхот,2016-M03,2016,0.0
0072,Mosh,Маш,Mash,Мош,2016-M03,2016,0.0
073,Shakar,Сахар песок,Sugar,Шакар,2016-M03,2016,0.0
002,Kruppa yormasi,Крупа манная,Semolina,Круппа ёрмаси,2016-M03,2016,1240.0
001,Guruch,Рис,Rice,Гуруч,2016-M04,2016,4222.0
003,Arpa,Ячмень,Barley,Арпа,2016-M04,2016,1226.0
0004,Bug'doy,Пшеница,Wheat,Буғдой,2016-M04,2016,1304.0
005,Jo'hori,Кукуруза,Corn,Жўҳори,2016-M04,2016,1356.0
006,Kepak,Отруби,Bran,Кепак,2016-M04,2016,795.0
0008,Shrot,Шрот,Schroth,Шрот,2016-M04,2016,0.0
009,Shulxa,Шелуха,Husk,Шулха,2016-M04,2016,0.0
010,Kombikorm,Комбикорм,Compound feed,Комбикорм,2016-M04,2016,1188.0
011,Oliy navli bug'doy uni,Мука пшеничная высшего сорта,High-grade wheat flour,Олий навли буғдой уни,2016-M04,2016,2139.0
0012,1-navli bug'doy uni,Мука пшеничная первого сорта,First grade wheat flour,1-навли буғдой уни,2016-M04,2016,0.0
013,1-nav bug'doy unidan non,Хлеб пшеничный из муки 1-го сорта,Wheat bread from 1st grade flour,1-нав буғдой унидан нон,2016-M04,2016,0.0
017,Mol go'shti,Говядина,Beef,Мол гўшти,2016-M04,2016,22535.0
0020,Qo'y go'shti,Баранина,Mutton,Қўй гўшти,2016-M04,2016,23732.0
022,Tovuq go'shti,Мясо птицы,Poultry,Товуқ гўшти,2016-M04,2016,0.0
026,Turli baliqlar,Рыба всякая,Fish of all kinds,Турли балиқлар,2016-M04,2016,11663.0
027,Yangi sog'ilgan sut (1 litr),Молоко свежее (1 литр),Fresh milk (1 liter),Янги соғилган сут (1 литр),2016-M04,2016,1800.0
034,Tuxum (10 dona),Яйца (10 штук),Eggs (10 pieces ),Тухум (10 дона),2016-M04,2016,4376.0
035,Paxta yog'i (1 litr),Масло хлопковое (1 литр),Cottonseed oil (1 liter),Пахта ёғи (1 литр),2016-M04,2016,0.0
0036,Kungaboqar yog'i (1 litr),Масло подсолнечное (1 литр),Sunflower oil (1 liter),Кунгабоқар ёғи (1 литр),2016-M04,2016,0.0
037,Sariyog',Масло сливочное,Butter,Сариёғ,2016-M04,2016,16502.0
039,Limon,Лимоны,Lemons,Лимон,2016-M04,2016,11241.0
0040,Olma,Яблоки,Apples,Олма,2016-M04,2016,4609.0
041,Nok,Груши,Pears,Нок,2016-M04,2016,8629.0
049,Uzum,Виноград,Grape,Узум,2016-M04,2016,0.0
0050,Tarvuz,Арбуз,Watermelon,Тарвуз,2016-M04,2016,0.0
0051,Qovun,Дыня,Melon,Қовун,2016-M04,2016,0.0
053,Mayiz,Кишмиш,Kishmish,Майиз,2016-M04,2016,16015.0
055,Karam,Капуста,Cabbage,Карам,2016-M04,2016,1054.0
057,Bodring,Огурцы,Cucumbers,Бодринг,2016-M04,2016,5358.0
058,Pomidor,Помидоры,Tomatoes,Помидор,2016-M04,2016,10561.0
059,Baqlajon,Баклажаны,Eggplant,Бақлажон,2016-M04,2016,0.0
0060,Bulg'or qalampiri,Перец болгарский,Bell pepper,Булғор қалампири,2016-M04,2016,12667.0
061,Qovoq,Тыква,Pumpkin,Қовоқ,2016-M04,2016,0.0
063,Sabzi,Морковь,Carrot,Сабзи,2016-M04,2016,906.0
065,Sarimsoq,Чеснок,Garlic,Саримсоқ,2016-M04,2016,14040.0
066,Piyoz,Лук репчатый,Onion,Пиёз,2016-M04,2016,703.0
069,Kartoshka,Картофель,Potatoes,Картошка,2016-M04,2016,1482.0
0070,Loviya,Фасоль,Beans,Ловия,2016-M04,2016,0.0
071,No'xot,Горох,Peas,Нўхот,2016-M04,2016,0.0
0072,Mosh,Маш,Mash,Мош,2016-M04,2016,0.0
073,Shakar,Сахар песок,Sugar,Шакар,2016-M04,2016,0.0
002,Kruppa yormasi,Крупа манная,Semolina,Круппа ёрмаси,2016-M04,2016,1226.0
001,Guruch,Рис,Rice,Гуруч,2016-M05,2016,4474.0
003,Arpa,Ячмень,Barley,Арпа,2016-M05,2016,1226.0
0004,Bug'doy,Пшеница,Wheat,Буғдой,2016-M05,2016,1275.0
005,Jo'hori,Кукуруза,Corn,Жўҳори,2016-M05,2016,1430.0
006,Kepak,Отруби,Bran,Кепак,2016-M05,2016,785.0
0008,Shrot,Шрот,Schroth,Шрот,2016-M05,2016,0.0
009,Shulxa,Шелуха,Husk,Шулха,2016-M05,2016,0.0
010,Kombikorm,Комбикорм,Compound feed,Комбикорм,2016-M05,2016,1173.0
011,Oliy navli bug'doy uni,Мука пшеничная высшего сорта,High-grade wheat flour,Олий навли буғдой уни,2016-M05,2016,2039.0
0012,1-navli bug'doy uni,Мука пшеничная первого сорта,First grade wheat flour,1-навли буғдой уни,2016-M05,2016,0.0
013,1-nav bug'doy unidan non,Хлеб пшеничный из муки 1-го сорта,Wheat bread from 1st grade flour,1-нав буғдой унидан нон,2016-M05,2016,0.0
017,Mol go'shti,Говядина,Beef,Мол гўшти,2016-M05,2016,22667.0
0020,Qo'y go'shti,Баранина,Mutton,Қўй гўшти,2016-M05,2016,23818.0
022,Tovuq go'shti,Мясо птицы,Poultry,Товуқ гўшти,2016-M05,2016,0.0
026,Turli baliqlar,Рыба всякая,Fish of all kinds,Турли балиқлар,2016-M05,2016,11800.0
027,Yangi sog'ilgan sut (1 litr),Молоко свежее (1 литр),Fresh milk (1 liter),Янги соғилган сут (1 литр),2016-M05,2016,1740.0
034,Tuxum (10 dona),Яйца (10 штук),Eggs (10 pieces ),Тухум (10 дона),2016-M05,2016,4506.0
035,Paxta yog'i (1 litr),Масло хлопковое (1 литр),Cottonseed oil (1 liter),Пахта ёғи (1 литр),2016-M05,2016,0.0
0036,Kungaboqar yog'i (1 litr),Масло подсолнечное (1 литр),Sunflower oil (1 liter),Кунгабоқар ёғи (1 литр),2016-M05,2016,0.0
037,Sariyog',Масло сливочное,Butter,Сариёғ,2016-M05,2016,16433.0
039,Limon,Лимоны,Lemons,Лимон,2016-M05,2016,12137.0
0040,Olma,Яблоки,Apples,Олма,2016-M05,2016,4913.0
041,Nok,Груши,Pears,Нок,2016-M05,2016,10556.0
049,Uzum,Виноград,Grape,Узум,2016-M05,2016,0.0
0050,Tarvuz,Арбуз,Watermelon,Тарвуз,2016-M05,2016,0.0
0051,Qovun,Дыня,Melon,Қовун,2016-M05,2016,0.0
053,Mayiz,Кишмиш,Kishmish,Майиз,2016-M05,2016,15597.0
055,Karam,Капуста,Cabbage,Карам,2016-M05,2016,988.0
057,Bodring,Огурцы,Cucumbers,Бодринг,2016-M05,2016,2345.0
058,Pomidor,Помидоры,Tomatoes,Помидор,2016-M05,2016,5555.0
059,Baqlajon,Баклажаны,Eggplant,Бақлажон,2016-M05,2016,5000.0
0060,Bulg'or qalampiri,Перец болгарский,Bell pepper,Булғор қалампири,2016-M05,2016,8260.0
061,Qovoq,Тыква,Pumpkin,Қовоқ,2016-M05,2016,0.0
063,Sabzi,Морковь,Carrot,Сабзи,2016-M05,2016,1088.0
065,Sarimsoq,Чеснок,Garlic,Саримсоқ,2016-M05,2016,12961.0
066,Piyoz,Лук репчатый,Onion,Пиёз,2016-M05,2016,662.0
069,Kartoshka,Картофель,Potatoes,Картошка,2016-M05,2016,987.0
0070,Loviya,Фасоль,Beans,Ловия,2016-M05,2016,0.0
071,No'xot,Горох,Peas,Нўхот,2016-M05,2016,0.0
0072,Mosh,Маш,Mash,Мош,2016-M05,2016,0.0
073,Shakar,Сахар песок,Sugar,Шакар,2016-M05,2016,0.0
002,Kruppa yormasi,Крупа манная,Semolina,Круппа ёрмаси,2016-M05,2016,1226.0
001,Guruch,Рис,Rice,Гуруч,2016-M06,2016,4611.0
003,Arpa,Ячмень,Barley,Арпа,2016-M06,2016,1195.0
0004,Bug'doy,Пшеница,Wheat,Буғдой,2016-M06,2016,1185.0
005,Jo'hori,Кукуруза,Corn,Жўҳори,2016-M06,2016,1438.0
006,Kepak,Отруби,Bran,Кепак,2016-M06,2016,734.0
0008,Shrot,Шрот,Schroth,Шрот,2016-M06,2016,0.0
009,Shulxa,Шелуха,Husk,Шулха,2016-M06,2016,0.0
010,Kombikorm,Комбикорм,Compound feed,Комбикорм,2016-M06,2016,1096.0
011,Oliy navli bug'doy uni,Мука пшеничная высшего сорта,High-grade wheat flour,Олий навли буғдой уни,2016-M06,2016,1994.0
0012,1-navli bug'doy uni,Мука пшеничная первого сорта,First grade wheat flour,1-навли буғдой уни,2016-M06,2016,0.0
013,1-nav bug'doy unidan non,Хлеб пшеничный из муки 1-го сорта,Wheat bread from 1st grade flour,1-нав буғдой унидан нон,2016-M06,2016,0.0
017,Mol go'shti,Говядина,Beef,Мол гўшти,2016-M06,2016,22833.0
0020,Qo'y go'shti,Баранина,Mutton,Қўй гўшти,2016-M06,2016,23985.0
022,Tovuq go'shti,Мясо птицы,Poultry,Товуқ гўшти,2016-M06,2016,0.0
026,Turli baliqlar,Рыба всякая,Fish of all kinds,Турли балиқлар,2016-M06,2016,11833.0
027,Yangi sog'ilgan sut (1 litr),Молоко свежее (1 литр),Fresh milk (1 liter),Янги соғилган сут (1 литр),2016-M06,2016,1700.0
034,Tuxum (10 dona),Яйца (10 штук),Eggs (10 pieces ),Тухум (10 дона),2016-M06,2016,4585.0
035,Paxta yog'i (1 litr),Масло хлопковое (1 литр),Cottonseed oil (1 liter),Пахта ёғи (1 литр),2016-M06,2016,0.0
0036,Kungaboqar yog'i (1 litr),Масло подсолнечное (1 литр),Sunflower oil (1 liter),Кунгабоқар ёғи (1 литр),2016-M06,2016,0.0
037,Sariyog',Масло сливочное,Butter,Сариёғ,2016-M06,2016,16790.0
039,Limon,Лимоны,Lemons,Лимон,2016-M06,2016,12873.0
0040,Olma,Яблоки,Apples,Олма,2016-M06,2016,3245.0
041,Nok,Груши,Pears,Нок,2016-M06,2016,9157.0
049,Uzum,Виноград,Grape,Узум,2016-M06,2016,5667.0
0050,Tarvuz,Арбуз,Watermelon,Тарвуз,2016-M06,2016,2226.0
0051,Qovun,Дыня,Melon,Қовун,2016-M06,2016,2340.0
053,Mayiz,Кишмиш,Kishmish,Майиз,2016-M06,2016,15280.0
055,Karam,Капуста,Cabbage,Карам,2016-M06,2016,733.0
057,Bodring,Огурцы,Cucumbers,Бодринг,2016-M06,2016,1624.0
058,Pomidor,Помидоры,Tomatoes,Помидор,2016-M06,2016,2476.0
059,Baqlajon,Баклажаны,Eggplant,Бақлажон,2016-M06,2016,2086.0
0060,Bulg'or qalampiri,Перец болгарский,Bell pepper,Булғор қалампири,2016-M06,2016,3461.0
061,Qovoq,Тыква,Pumpkin,Қовоқ,2016-M06,2016,0.0
063,Sabzi,Морковь,Carrot,Сабзи,2016-M06,2016,1141.0
065,Sarimsoq,Чеснок,Garlic,Саримсоқ,2016-M06,2016,9450.0
066,Piyoz,Лук репчатый,Onion,Пиёз,2016-M06,2016,605.0
069,Kartoshka,Картофель,Potatoes,Картошка,2016-M06,2016,925.0
0070,Loviya,Фасоль,Beans,Ловия,2016-M06,2016,0.0
071,No'xot,Горох,Peas,Нўхот,2016-M06,2016,0.0
0072,Mosh,Маш,Mash,Мош,2016-M06,2016,0.0
073,Shakar,Сахар песок,Sugar,Шакар,2016-M06,2016,0.0
002,Kruppa yormasi,Крупа манная,Semolina,Круппа ёрмаси,2016-M06,2016,1195.0
001,Guruch,Рис,Rice,Гуруч,2016-M07,2016,4521.0
003,Arpa,Ячмень,Barley,Арпа,2016-M07,2016,1026.0
0004,Bug'doy,Пшеница,Wheat,Буғдой,2016-M07,2016,1000.0
005,Jo'hori,Кукуруза,Corn,Жўҳори,2016-M07,2016,1420.0
006,Kepak,Отруби,Bran,Кепак,2016-M07,2016,710.0
0008,Shrot,Шрот,Schroth,Шрот,2016-M07,2016,0.0
009,Shulxa,Шелуха,Husk,Шулха,2016-M07,2016,0.0
010,Kombikorm,Комбикорм,Compound feed,Комбикорм,2016-M07,2016,1050.0
011,Oliy navli bug'doy uni,Мука пшеничная высшего сорта,High-grade wheat flour,Олий навли буғдой уни,2016-M07,2016,1969.0
0012,1-navli bug'doy uni,Мука пшеничная первого сорта,First grade wheat flour,1-навли буғдой уни,2016-M07,2016,0.0
013,1-nav bug'doy unidan non,Хлеб пшеничный из муки 1-го сорта,Wheat bread from 1st grade flour,1-нав буғдой унидан нон,2016-M07,2016,0.0
017,Mol go'shti,Говядина,Beef,Мол гўшти,2016-M07,2016,23091.0
0020,Qo'y go'shti,Баранина,Mutton,Қўй гўшти,2016-M07,2016,24242.0
022,Tovuq go'shti,Мясо птицы,Poultry,Товуқ гўшти,2016-M07,2016,0.0
026,Turli baliqlar,Рыба всякая,Fish of all kinds,Турли балиқлар,2016-M07,2016,11958.0
027,Yangi sog'ilgan sut (1 litr),Молоко свежее (1 литр),Fresh milk (1 liter),Янги соғилган сут (1 литр),2016-M07,2016,1707.0
034,Tuxum (10 dona),Яйца (10 штук),Eggs (10 pieces ),Тухум (10 дона),2016-M07,2016,4587.0
035,Paxta yog'i (1 litr),Масло хлопковое (1 литр),Cottonseed oil (1 liter),Пахта ёғи (1 литр),2016-M07,2016,0.0
0036,Kungaboqar yog'i (1 litr),Масло подсолнечное (1 литр),Sunflower oil (1 liter),Кунгабоқар ёғи (1 литр),2016-M07,2016,0.0
037,Sariyog',Масло сливочное,Butter,Сариёғ,2016-M07,2016,16817.0
039,Limon,Лимоны,Lemons,Лимон,2016-M07,2016,12948.0
0040,Olma,Яблоки,Apples,Олма,2016-M07,2016,2655.0
041,Nok,Груши,Pears,Нок,2016-M07,2016,8122.0
049,Uzum,Виноград,Grape,Узум,2016-M07,2016,4008.0
0050,Tarvuz,Арбуз,Watermelon,Тарвуз,2016-M07,2016,1220.0
0051,Qovun,Дыня,Melon,Қовун,2016-M07,2016,1962.0
053,Mayiz,Кишмиш,Kishmish,Майиз,2016-M07,2016,14444.0
055,Karam,Капуста,Cabbage,Карам,2016-M07,2016,686.0
057,Bodring,Огурцы,Cucumbers,Бодринг,2016-M07,2016,1548.0
058,Pomidor,Помидоры,Tomatoes,Помидор,2016-M07,2016,2045.0
059,Baqlajon,Баклажаны,Eggplant,Бақлажон,2016-M07,2016,1142.0
0060,Bulg'or qalampiri,Перец болгарский,Bell pepper,Булғор қалампири,2016-M07,2016,1973.0
061,Qovoq,Тыква,Pumpkin,Қовоқ,2016-M07,2016,0.0
063,Sabzi,Морковь,Carrot,Сабзи,2016-M07,2016,1224.0
065,Sarimsoq,Чеснок,Garlic,Саримсоқ,2016-M07,2016,10333.0
066,Piyoz,Лук репчатый,Onion,Пиёз,2016-M07,2016,668.0
069,Kartoshka,Картофель,Potatoes,Картошка,2016-M07,2016,885.0
0070,Loviya,Фасоль,Beans,Ловия,2016-M07,2016,0.0
071,No'xot,Горох,Peas,Нўхот,2016-M07,2016,0.0
0072,Mosh,Маш,Mash,Мош,2016-M07,2016,0.0
073,Shakar,Сахар песок,Sugar,Шакар,2016-M07,2016,0.0
002,Kruppa yormasi,Крупа манная,Semolina,Круппа ёрмаси,2016-M07,2016,1026.0
001,Guruch,Рис,Rice,Гуруч,2016-M08,2016,4456.0
003,Arpa,Ячмень,Barley,Арпа,2016-M08,2016,1016.0
0004,Bug'doy,Пшеница,Wheat,Буғдой,2016-M08,2016,995.0
005,Jo'hori,Кукуруза,Corn,Жўҳори,2016-M08,2016,1364.0
006,Kepak,Отруби,Bran,Кепак,2016-M08,2016,700.0
0008,Shrot,Шрот,Schroth,Шрот,2016-M08,2016,0.0
009,Shulxa,Шелуха,Husk,Шулха,2016-M08,2016,0.0
010,Kombikorm,Комбикорм,Compound feed,Комбикорм,2016-M08,2016,1079.0
011,Oliy navli bug'doy uni,Мука пшеничная высшего сорта,High-grade wheat flour,Олий навли буғдой уни,2016-M08,2016,1974.0
0012,1-navli bug'doy uni,Мука пшеничная первого сорта,First grade wheat flour,1-навли буғдой уни,2016-M08,2016,0.0
013,1-nav bug'doy unidan non,Хлеб пшеничный из муки 1-го сорта,Wheat bread from 1st grade flour,1-нав буғдой унидан нон,2016-M08,2016,0.0
017,Mol go'shti,Говядина,Beef,Мол гўшти,2016-M08,2016,23333.0
0020,Qo'y go'shti,Баранина,Mutton,Қўй гўшти,2016-M08,2016,24424.0
022,Tovuq go'shti,Мясо птицы,Poultry,Товуқ гўшти,2016-M08,2016,0.0
026,Turli baliqlar,Рыба всякая,Fish of all kinds,Турли балиқлар,2016-M08,2016,12833.0
027,Yangi sog'ilgan sut (1 litr),Молоко свежее (1 литр),Fresh milk (1 liter),Янги соғилган сут (1 литр),2016-M08,2016,1647.0
034,Tuxum (10 dona),Яйца (10 штук),Eggs (10 pieces ),Тухум (10 дона),2016-M08,2016,4626.0
035,Paxta yog'i (1 litr),Масло хлопковое (1 литр),Cottonseed oil (1 liter),Пахта ёғи (1 литр),2016-M08,2016,0.0
0036,Kungaboqar yog'i (1 litr),Масло подсолнечное (1 литр),Sunflower oil (1 liter),Кунгабоқар ёғи (1 литр),2016-M08,2016,0.0
037,Sariyog',Масло сливочное,Butter,Сариёғ,2016-M08,2016,16933.0
039,Limon,Лимоны,Lemons,Лимон,2016-M08,2016,16407.0
0040,Olma,Яблоки,Apples,Олма,2016-M08,2016,2506.0
041,Nok,Груши,Pears,Нок,2016-M08,2016,5517.0
049,Uzum,Виноград,Grape,Узум,2016-M08,2016,3148.0
0050,Tarvuz,Арбуз,Watermelon,Тарвуз,2016-M08,2016,814.0
0051,Qovun,Дыня,Melon,Қовун,2016-M08,2016,1270.0
053,Mayiz,Кишмиш,Kishmish,Майиз,2016-M08,2016,14796.0
055,Karam,Капуста,Cabbage,Карам,2016-M08,2016,816.0
057,Bodring,Огурцы,Cucumbers,Бодринг,2016-M08,2016,1502.0
058,Pomidor,Помидоры,Tomatoes,Помидор,2016-M08,2016,1847.0
059,Baqlajon,Баклажаны,Eggplant,Бақлажон,2016-M08,2016,946.0
0060,Bulg'or qalampiri,Перец болгарский,Bell pepper,Булғор қалампири,2016-M08,2016,1317.0
061,Qovoq,Тыква,Pumpkin,Қовоқ,2016-M08,2016,1403.0
063,Sabzi,Морковь,Carrot,Сабзи,2016-M08,2016,1023.0
065,Sarimsoq,Чеснок,Garlic,Саримсоқ,2016-M08,2016,10167.0
066,Piyoz,Лук репчатый,Onion,Пиёз,2016-M08,2016,773.0
069,Kartoshka,Картофель,Potatoes,Картошка,2016-M08,2016,939.0
0070,Loviya,Фасоль,Beans,Ловия,2016-M08,2016,0.0
071,No'xot,Горох,Peas,Нўхот,2016-M08,2016,0.0
0072,Mosh,Маш,Mash,Мош,2016-M08,2016,0.0
073,Shakar,Сахар песок,Sugar,Шакар,2016-M08,2016,0.0
002,Kruppa yormasi,Крупа манная,Semolina,Круппа ёрмаси,2016-M08,2016,1016.0
001,Guruch,Рис,Rice,Гуруч,2016-M09,2016,4474.0
003,Arpa,Ячмень,Barley,Арпа,2016-M09,2016,1044.0
0004,Bug'doy,Пшеница,Wheat,Буғдой,2016-M09,2016,1025.0
005,Jo'hori,Кукуруза,Corn,Жўҳори,2016-M09,2016,1307.0
006,Kepak,Отруби,Bran,Кепак,2016-M09,2016,704.0
0008,Shrot,Шрот,Schroth,Шрот,2016-M09,2016,0.0
009,Shulxa,Шелуха,Husk,Шулха,2016-M09,2016,0.0
010,Kombikorm,Комбикорм,Compound feed,Комбикорм,2016-M09,2016,1085.0
011,Oliy navli bug'doy uni,Мука пшеничная высшего сорта,High-grade wheat flour,Олий навли буғдой уни,2016-M09,2016,1947.0
0012,1-navli bug'doy uni,Мука пшеничная первого сорта,First grade wheat flour,1-навли буғдой уни,2016-M09,2016,0.0
013,1-nav bug'doy unidan non,Хлеб пшеничный из муки 1-го сорта,Wheat bread from 1st grade flour,1-нав буғдой унидан нон,2016-M09,2016,0.0
017,Mol go'shti,Говядина,Beef,Мол гўшти,2016-M09,2016,23267.0
0020,Qo'y go'shti,Баранина,Mutton,Қўй гўшти,2016-M09,2016,24365.0
022,Tovuq go'shti,Мясо птицы,Poultry,Товуқ гўшти,2016-M09,2016,0.0
026,Turli baliqlar,Рыба всякая,Fish of all kinds,Турли балиқлар,2016-M09,2016,12444.0
027,Yangi sog'ilgan sut (1 litr),Молоко свежее (1 литр),Fresh milk (1 liter),Янги соғилган сут (1 литр),2016-M09,2016,1659.0
034,Tuxum (10 dona),Яйца (10 штук),Eggs (10 pieces ),Тухум (10 дона),2016-M09,2016,4673.0
035,Paxta yog'i (1 litr),Масло хлопковое (1 литр),Cottonseed oil (1 liter),Пахта ёғи (1 литр),2016-M09,2016,0.0
0036,Kungaboqar yog'i (1 litr),Масло подсолнечное (1 литр),Sunflower oil (1 liter),Кунгабоқар ёғи (1 литр),2016-M09,2016,0.0
037,Sariyog',Масло сливочное,Butter,Сариёғ,2016-M09,2016,17004.0
039,Limon,Лимоны,Lemons,Лимон,2016-M09,2016,15819.0
0040,Olma,Яблоки,Apples,Олма,2016-M09,2016,2366.0
041,Nok,Груши,Pears,Нок,2016-M09,2016,5365.0
049,Uzum,Виноград,Grape,Узум,2016-M09,2016,2705.0
0050,Tarvuz,Арбуз,Watermelon,Тарвуз,2016-M09,2016,925.0
0051,Qovun,Дыня,Melon,Қовун,2016-M09,2016,1346.0
053,Mayiz,Кишмиш,Kishmish,Майиз,2016-M09,2016,15063.0
055,Karam,Капуста,Cabbage,Карам,2016-M09,2016,997.0
057,Bodring,Огурцы,Cucumbers,Бодринг,2016-M09,2016,1621.0
058,Pomidor,Помидоры,Tomatoes,Помидор,2016-M09,2016,1893.0
059,Baqlajon,Баклажаны,Eggplant,Бақлажон,2016-M09,2016,955.0
0060,Bulg'or qalampiri,Перец болгарский,Bell pepper,Булғор қалампири,2016-M09,2016,1127.0
061,Qovoq,Тыква,Pumpkin,Қовоқ,2016-M09,2016,1261.0
063,Sabzi,Морковь,Carrot,Сабзи,2016-M09,2016,1105.0
065,Sarimsoq,Чеснок,Garlic,Саримсоқ,2016-M09,2016,10979.0
066,Piyoz,Лук репчатый,Onion,Пиёз,2016-M09,2016,858.0
069,Kartoshka,Картофель,Potatoes,Картошка,2016-M09,2016,1143.0
0070,Loviya,Фасоль,Beans,Ловия,2016-M09,2016,0.0
071,No'xot,Горох,Peas,Нўхот,2016-M09,2016,0.0
0072,Mosh,Маш,Mash,Мош,2016-M09,2016,0.0
073,Shakar,Сахар песок,Sugar,Шакар,2016-M09,2016,0.0
002,Kruppa yormasi,Крупа манная,Semolina,Круппа ёрмаси,2016-M09,2016,1044.0
001,Guruch,Рис,Rice,Гуруч,2016-M10,2016,4182.0
003,Arpa,Ячмень,Barley,Арпа,2016-M10,2016,1059.0
0004,Bug'doy,Пшеница,Wheat,Буғдой,2016-M10,2016,1045.0
005,Jo'hori,Кукуруза,Corn,Жўҳори,2016-M10,2016,1265.0
006,Kepak,Отруби,Bran,Кепак,2016-M10,2016,719.0
0008,Shrot,Шрот,Schroth,Шрот,2016-M10,2016,0.0
009,Shulxa,Шелуха,Husk,Шулха,2016-M10,2016,0.0
010,Kombikorm,Комбикорм,Compound feed,Комбикорм,2016-M10,2016,1148.0
011,Oliy navli bug'doy uni,Мука пшеничная высшего сорта,High-grade wheat flour,Олий навли буғдой уни,2016-M10,2016,1952.0
0012,1-navli bug'doy uni,Мука пшеничная первого сорта,First grade wheat flour,1-навли буғдой уни,2016-M10,2016,0.0
013,1-nav bug'doy unidan non,Хлеб пшеничный из муки 1-го сорта,Wheat bread from 1st grade flour,1-нав буғдой унидан нон,2016-M10,2016,0.0
017,Mol go'shti,Говядина,Beef,Мол гўшти,2016-M10,2016,23576.0
0020,Qo'y go'shti,Баранина,Mutton,Қўй гўшти,2016-M10,2016,24452.0
022,Tovuq go'shti,Мясо птицы,Poultry,Товуқ гўшти,2016-M10,2016,0.0
026,Turli baliqlar,Рыба всякая,Fish of all kinds,Турли балиқлар,2016-M10,2016,12833.0
027,Yangi sog'ilgan sut (1 litr),Молоко свежее (1 литр),Fresh milk (1 liter),Янги соғилган сут (1 литр),2016-M10,2016,1787.0
034,Tuxum (10 dona),Яйца (10 штук),Eggs (10 pieces ),Тухум (10 дона),2016-M10,2016,4827.0
035,Paxta yog'i (1 litr),Масло хлопковое (1 литр),Cottonseed oil (1 liter),Пахта ёғи (1 литр),2016-M10,2016,0.0
0036,Kungaboqar yog'i (1 litr),Масло подсолнечное (1 литр),Sunflower oil (1 liter),Кунгабоқар ёғи (1 литр),2016-M10,2016,0.0
037,Sariyog',Масло сливочное,Butter,Сариёғ,2016-M10,2016,17222.0
039,Limon,Лимоны,Lemons,Лимон,2016-M10,2016,14204.0
0040,Olma,Яблоки,Apples,Олма,2016-M10,2016,2396.0
041,Nok,Груши,Pears,Нок,2016-M10,2016,5430.0
049,Uzum,Виноград,Grape,Узум,2016-M10,2016,2753.0
0050,Tarvuz,Арбуз,Watermelon,Тарвуз,2016-M10,2016,1027.0
0051,Qovun,Дыня,Melon,Қовун,2016-M10,2016,1207.0
053,Mayiz,Кишмиш,Kishmish,Майиз,2016-M10,2016,15370.0
055,Karam,Капуста,Cabbage,Карам,2016-M10,2016,1039.0
057,Bodring,Огурцы,Cucumbers,Бодринг,2016-M10,2016,2473.0
058,Pomidor,Помидоры,Tomatoes,Помидор,2016-M10,2016,2870.0
059,Baqlajon,Баклажаны,Eggplant,Бақлажон,2016-M10,2016,1255.0
0060,Bulg'or qalampiri,Перец болгарский,Bell pepper,Булғор қалампири,2016-M10,2016,1493.0
061,Qovoq,Тыква,Pumpkin,Қовоқ,2016-M10,2016,980.0
063,Sabzi,Морковь,Carrot,Сабзи,2016-M10,2016,1358.0
065,Sarimsoq,Чеснок,Garlic,Саримсоқ,2016-M10,2016,11258.0
066,Piyoz,Лук репчатый,Onion,Пиёз,2016-M10,2016,844.0
069,Kartoshka,Картофель,Potatoes,Картошка,2016-M10,2016,1763.0
0070,Loviya,Фасоль,Beans,Ловия,2016-M10,2016,0.0
071,No'xot,Горох,Peas,Нўхот,2016-M10,2016,0.0
0072,Mosh,Маш,Mash,Мош,2016-M10,2016,0.0
073,Shakar,Сахар песок,Sugar,Шакар,2016-M10,2016,0.0
002,Kruppa yormasi,Крупа манная,Semolina,Круппа ёрмаси,2016-M10,2016,1059.0
001,Guruch,Рис,Rice,Гуруч,2016-M11,2016,4079.0
003,Arpa,Ячмень,Barley,Арпа,2016-M11,2016,1135.0
0004,Bug'doy,Пшеница,Wheat,Буғдой,2016-M11,2016,1141.0
005,Jo'hori,Кукуруза,Corn,Жўҳори,2016-M11,2016,1305.0
006,Kepak,Отруби,Bran,Кепак,2016-M11,2016,745.0
0008,Shrot,Шрот,Schroth,Шрот,2016-M11,2016,0.0
009,Shulxa,Шелуха,Husk,Шулха,2016-M11,2016,0.0
010,Kombikorm,Комбикорм,Compound feed,Комбикорм,2016-M11,2016,1174.0
011,Oliy navli bug'doy uni,Мука пшеничная высшего сорта,High-grade wheat flour,Олий навли буғдой уни,2016-M11,2016,1986.0
0012,1-navli bug'doy uni,Мука пшеничная первого сорта,First grade wheat flour,1-навли буғдой уни,2016-M11,2016,0.0
013,1-nav bug'doy unidan non,Хлеб пшеничный из муки 1-го сорта,Wheat bread from 1st grade flour,1-нав буғдой унидан нон,2016-M11,2016,0.0
017,Mol go'shti,Говядина,Beef,Мол гўшти,2016-M11,2016,23515.0
0020,Qo'y go'shti,Баранина,Mutton,Қўй гўшти,2016-M11,2016,24455.0
022,Tovuq go'shti,Мясо птицы,Poultry,Товуқ гўшти,2016-M11,2016,0.0
026,Turli baliqlar,Рыба всякая,Fish of all kinds,Турли балиқлар,2016-M11,2016,11896.0
027,Yangi sog'ilgan sut (1 litr),Молоко свежее (1 литр),Fresh milk (1 liter),Янги соғилган сут (1 литр),2016-M11,2016,1902.0
034,Tuxum (10 dona),Яйца (10 штук),Eggs (10 pieces ),Тухум (10 дона),2016-M11,2016,5058.0
035,Paxta yog'i (1 litr),Масло хлопковое (1 литр),Cottonseed oil (1 liter),Пахта ёғи (1 литр),2016-M11,2016,0.0
0036,Kungaboqar yog'i (1 litr),Масло подсолнечное (1 литр),Sunflower oil (1 liter),Кунгабоқар ёғи (1 литр),2016-M11,2016,0.0
037,Sariyog',Масло сливочное,Butter,Сариёғ,2016-M11,2016,17759.0
039,Limon,Лимоны,Lemons,Лимон,2016-M11,2016,10403.0
0040,Olma,Яблоки,Apples,Олма,2016-M11,2016,2800.0
041,Nok,Груши,Pears,Нок,2016-M11,2016,6207.0
049,Uzum,Виноград,Grape,Узум,2016-M11,2016,3494.0
0050,Tarvuz,Арбуз,Watermelon,Тарвуз,2016-M11,2016,1174.0
0051,Qovun,Дыня,Melon,Қовун,2016-M11,2016,1371.0
053,Mayiz,Кишмиш,Kishmish,Майиз,2016-M11,2016,15545.0
055,Karam,Капуста,Cabbage,Карам,2016-M11,2016,1048.0
057,Bodring,Огурцы,Cucumbers,Бодринг,2016-M11,2016,3421.0
058,Pomidor,Помидоры,Tomatoes,Помидор,2016-M11,2016,3868.0
059,Baqlajon,Баклажаны,Eggplant,Бақлажон,2016-M11,2016,1763.0
0060,Bulg'or qalampiri,Перец болгарский,Bell pepper,Булғор қалампири,2016-M11,2016,1670.0
061,Qovoq,Тыква,Pumpkin,Қовоқ,2016-M11,2016,866.0
063,Sabzi,Морковь,Carrot,Сабзи,2016-M11,2016,1128.0
065,Sarimsoq,Чеснок,Garlic,Саримсоқ,2016-M11,2016,11530.0
066,Piyoz,Лук репчатый,Onion,Пиёз,2016-M11,2016,1035.0
069,Kartoshka,Картофель,Potatoes,Картошка,2016-M11,2016,1948.0
0070,Loviya,Фасоль,Beans,Ловия,2016-M11,2016,0.0
071,No'xot,Горох,Peas,Нўхот,2016-M11,2016,0.0
0072,Mosh,Маш,Mash,Мош,2016-M11,2016,0.0
073,Shakar,Сахар песок,Sugar,Шакар,2016-M11,2016,0.0
002,Kruppa yormasi,Крупа манная,Semolina,Круппа ёрмаси,2016-M11,2016,1135.0
001,Guruch,Рис,Rice,Гуруч,2016-M12,2016,3999.0
003,Arpa,Ячмень,Barley,Арпа,2016-M12,2016,1191.0
0004,Bug'doy,Пшеница,Wheat,Буғдой,2016-M12,2016,1165.0
005,Jo'hori,Кукуруза,Corn,Жўҳори,2016-M12,2016,1313.0
006,Kepak,Отруби,Bran,Кепак,2016-M12,2016,784.0
0008,Shrot,Шрот,Schroth,Шрот,2016-M12,2016,0.0
009,Shulxa,Шелуха,Husk,Шулха,2016-M12,2016,0.0
010,Kombikorm,Комбикорм,Compound feed,Комбикорм,2016-M12,2016,1204.0
011,Oliy navli bug'doy uni,Мука пшеничная высшего сорта,High-grade wheat flour,Олий навли буғдой уни,2016-M12,2016,2023.0
0012,1-navli bug'doy uni,Мука пшеничная первого сорта,First grade wheat flour,1-навли буғдой уни,2016-M12,2016,0.0
013,1-nav bug'doy unidan non,Хлеб пшеничный из муки 1-го сорта,Wheat bread from 1st grade flour,1-нав буғдой унидан нон,2016-M12,2016,0.0
017,Mol go'shti,Говядина,Beef,Мол гўшти,2016-M12,2016,23333.0
0020,Qo'y go'shti,Баранина,Mutton,Қўй гўшти,2016-M12,2016,24424.0
022,Tovuq go'shti,Мясо птицы,Poultry,Товуқ гўшти,2016-M12,2016,0.0
026,Turli baliqlar,Рыба всякая,Fish of all kinds,Турли балиқлар,2016-M12,2016,11944.0
027,Yangi sog'ilgan sut (1 litr),Молоко свежее (1 литр),Fresh milk (1 liter),Янги соғилган сут (1 литр),2016-M12,2016,2018.0
034,Tuxum (10 dona),Яйца (10 штук),Eggs (10 pieces ),Тухум (10 дона),2016-M12,2016,5373.0
035,Paxta yog'i (1 litr),Масло хлопковое (1 литр),Cottonseed oil (1 liter),Пахта ёғи (1 литр),2016-M12,2016,0.0
0036,Kungaboqar yog'i (1 litr),Масло подсолнечное (1 литр),Sunflower oil (1 liter),Кунгабоқар ёғи (1 литр),2016-M12,2016,0.0
037,Sariyog',Масло сливочное,Butter,Сариёғ,2016-M12,2016,18367.0
039,Limon,Лимоны,Lemons,Лимон,2016-M12,2016,9773.0
0040,Olma,Яблоки,Apples,Олма,2016-M12,2016,3508.0
041,Nok,Груши,Pears,Нок,2016-M12,2016,7567.0
049,Uzum,Виноград,Grape,Узум,2016-M12,2016,5155.0
0050,Tarvuz,Арбуз,Watermelon,Тарвуз,2016-M12,2016,1610.0
0051,Qovun,Дыня,Melon,Қовун,2016-M12,2016,1793.0
053,Mayiz,Кишмиш,Kishmish,Майиз,2016-M12,2016,16061.0
055,Karam,Капуста,Cabbage,Карам,2016-M12,2016,1212.0
057,Bodring,Огурцы,Cucumbers,Бодринг,2016-M12,2016,9407.0
058,Pomidor,Помидоры,Tomatoes,Помидор,2016-M12,2016,7193.0
059,Baqlajon,Баклажаны,Eggplant,Бақлажон,2016-M12,2016,0.0
0060,Bulg'or qalampiri,Перец болгарский,Bell pepper,Булғор қалампири,2016-M12,2016,2858.0
061,Qovoq,Тыква,Pumpkin,Қовоқ,2016-M12,2016,862.0
063,Sabzi,Морковь,Carrot,Сабзи,2016-M12,2016,1106.0
065,Sarimsoq,Чеснок,Garlic,Саримсоқ,2016-M12,2016,13230.0
066,Piyoz,Лук репчатый,Onion,Пиёз,2016-M12,2016,1126.0
069,Kartoshka,Картофель,Potatoes,Картошка,2016-M12,2016,2414.0
0070,Loviya,Фасоль,Beans,Ловия,2016-M12,2016,0.0
071,No'xot,Горох,Peas,Нўхот,2016-M12,2016,0.0
0072,Mosh,Маш,Mash,Мош,2016-M12,2016,0.0
073,Shakar,Сахар песок,Sugar,Шакар,2016-M12,2016,0.0
002,Kruppa yormasi,Крупа манная,Semolina,Круппа ёрмаси,2016-M12,2016,1191.0
001,Guruch,Рис,Rice,Гуруч,2017-M01,2017,3962.0
003,Arpa,Ячмень,Barley,Арпа,2017-M01,2017,1222.0
0004,Bug'doy,Пшеница,Wheat,Буғдой,2017-M01,2017,1200.0
005,Jo'hori,Кукуруза,Corn,Жўҳори,2017-M01,2017,1274.0
006,Kepak,Отруби,Bran,Кепак,2017-M01,2017,782.0
0008,Shrot,Шрот,Schroth,Шрот,2017-M01,2017,0.0
009,Shulxa,Шелуха,Husk,Шулха,2017-M01,2017,0.0
010,Kombikorm,Комбикорм,Compound feed,Комбикорм,2017-M01,2017,1216.0
011,Oliy navli bug'doy uni,Мука пшеничная высшего сорта,High-grade wheat flour,Олий навли буғдой уни,2017-M01,2017,2044.0
0012,1-navli bug'doy uni,Мука пшеничная первого сорта,First grade wheat flour,1-навли буғдой уни,2017-M01,2017,0.0
013,1-nav bug'doy unidan non,Хлеб пшеничный из муки 1-го сорта,Wheat bread from 1st grade flour,1-нав буғдой унидан нон,2017-M01,2017,0.0
017,Mol go'shti,Говядина,Beef,Мол гўшти,2017-M01,2017,22909.0
0020,Qo'y go'shti,Баранина,Mutton,Қўй гўшти,2017-M01,2017,24242.0
022,Tovuq go'shti,Мясо птицы,Poultry,Товуқ гўшти,2017-M01,2017,0.0
026,Turli baliqlar,Рыба всякая,Fish of all kinds,Турли балиқлар,2017-M01,2017,11933.0
027,Yangi sog'ilgan sut (1 litr),Молоко свежее (1 литр),Fresh milk (1 liter),Янги соғилган сут (1 литр),2017-M01,2017,2096.0
034,Tuxum (10 dona),Яйца (10 штук),Eggs (10 pieces ),Тухум (10 дона),2017-M01,2017,5439.0
035,Paxta yog'i (1 litr),Масло хлопковое (1 литр),Cottonseed oil (1 liter),Пахта ёғи (1 литр),2017-M01,2017,0.0
0036,Kungaboqar yog'i (1 litr),Масло подсолнечное (1 литр),Sunflower oil (1 liter),Кунгабоқар ёғи (1 литр),2017-M01,2017,0.0
037,Sariyog',Масло сливочное,Butter,Сариёғ,2017-M01,2017,18432.0
039,Limon,Лимоны,Lemons,Лимон,2017-M01,2017,10244.0
0040,Olma,Яблоки,Apples,Олма,2017-M01,2017,3800.0
041,Nok,Груши,Pears,Нок,2017-M01,2017,8230.0
049,Uzum,Виноград,Grape,Узум,2017-M01,2017,5950.0
0050,Tarvuz,Арбуз,Watermelon,Тарвуз,2017-M01,2017,1765.0
0051,Qovun,Дыня,Melon,Қовун,2017-M01,2017,1939.0
053,Mayiz,Кишмиш,Kishmish,Майиз,2017-M01,2017,15950.0
055,Karam,Капуста,Cabbage,Карам,2017-M01,2017,1440.0
057,Bodring,Огурцы,Cucumbers,Бодринг,2017-M01,2017,9201.0
058,Pomidor,Помидоры,Tomatoes,Помидор,2017-M01,2017,8302.0
059,Baqlajon,Баклажаны,Eggplant,Бақлажон,2017-M01,2017,0.0
0060,Bulg'or qalampiri,Перец болгарский,Bell pepper,Булғор қалампири,2017-M01,2017,0.0
061,Qovoq,Тыква,Pumpkin,Қовоқ,2017-M01,2017,822.0
063,Sabzi,Морковь,Carrot,Сабзи,2017-M01,2017,933.0
065,Sarimsoq,Чеснок,Garlic,Саримсоқ,2017-M01,2017,12533.0
066,Piyoz,Лук репчатый,Onion,Пиёз,2017-M01,2017,1102.0
069,Kartoshka,Картофель,Potatoes,Картошка,2017-M01,2017,2614.0
0070,Loviya,Фасоль,Beans,Ловия,2017-M01,2017,0.0
071,No'xot,Горох,Peas,Нўхот,2017-M01,2017,0.0
0072,Mosh,Маш,Mash,Мош,2017-M01,2017,0.0
073,Shakar,Сахар песок,Sugar,Шакар,2017-M01,2017,0.0
002,Kruppa yormasi,Крупа манная,Semolina,Круппа ёрмаси,2017-M01,2017,1222.0
001,Guruch,Рис,Rice,Гуруч,2017-M02,2017,3861.0
003,Arpa,Ячмень,Barley,Арпа,2017-M02,2017,1241.0
0004,Bug'doy,Пшеница,Wheat,Буғдой,2017-M02,2017,1257.0
005,Jo'hori,Кукуруза,Corn,Жўҳори,2017-M02,2017,1328.0
006,Kepak,Отруби,Bran,Кепак,2017-M02,2017,793.0
0008,Shrot,Шрот,Schroth,Шрот,2017-M02,2017,0.0
009,Shulxa,Шелуха,Husk,Шулха,2017-M02,2017,0.0
010,Kombikorm,Комбикорм,Compound feed,Комбикорм,2017-M02,2017,1210.0
011,Oliy navli bug'doy uni,Мука пшеничная высшего сорта,High-grade wheat flour,Олий навли буғдой уни,2017-M02,2017,2019.0
0012,1-navli bug'doy uni,Мука пшеничная первого сорта,First grade wheat flour,1-навли буғдой уни,2017-M02,2017,0.0
013,1-nav bug'doy unidan non,Хлеб пшеничный из муки 1-го сорта,Wheat bread from 1st grade flour,1-нав буғдой унидан нон,2017-M02,2017,0.0
017,Mol go'shti,Говядина,Beef,Мол гўшти,2017-M02,2017,22848.0
0020,Qo'y go'shti,Баранина,Mutton,Қўй гўшти,2017-M02,2017,24091.0
022,Tovuq go'shti,Мясо птицы,Poultry,Товуқ гўшти,2017-M02,2017,0.0
026,Turli baliqlar,Рыба всякая,Fish of all kinds,Турли балиқлар,2017-M02,2017,11563.0
027,Yangi sog'ilgan sut (1 litr),Молоко свежее (1 литр),Fresh milk (1 liter),Янги соғилган сут (1 литр),2017-M02,2017,2056.0
034,Tuxum (10 dona),Яйца (10 штук),Eggs (10 pieces ),Тухум (10 дона),2017-M02,2017,5321.0
035,Paxta yog'i (1 litr),Масло хлопковое (1 литр),Cottonseed oil (1 liter),Пахта ёғи (1 литр),2017-M02,2017,0.0
0036,Kungaboqar yog'i (1 litr),Масло подсолнечное (1 литр),Sunflower oil (1 liter),Кунгабоқар ёғи (1 литр),2017-M02,2017,0.0
037,Sariyog',Масло сливочное,Butter,Сариёғ,2017-M02,2017,19048.0
039,Limon,Лимоны,Lemons,Лимон,2017-M02,2017,10143.0
0040,Olma,Яблоки,Apples,Олма,2017-M02,2017,3761.0
041,Nok,Груши,Pears,Нок,2017-M02,2017,8604.0
049,Uzum,Виноград,Grape,Узум,2017-M02,2017,6021.0
0050,Tarvuz,Арбуз,Watermelon,Тарвуз,2017-M02,2017,0.0
0051,Qovun,Дыня,Melon,Қовун,2017-M02,2017,0.0
053,Mayiz,Кишмиш,Kishmish,Майиз,2017-M02,2017,16400.0
055,Karam,Капуста,Cabbage,Карам,2017-M02,2017,1864.0
057,Bodring,Огурцы,Cucumbers,Бодринг,2017-M02,2017,9888.0
058,Pomidor,Помидоры,Tomatoes,Помидор,2017-M02,2017,9444.0
059,Baqlajon,Баклажаны,Eggplant,Бақлажон,2017-M02,2017,0.0
0060,Bulg'or qalampiri,Перец болгарский,Bell pepper,Булғор қалампири,2017-M02,2017,0.0
061,Qovoq,Тыква,Pumpkin,Қовоқ,2017-M02,2017,870.0
063,Sabzi,Морковь,Carrot,Сабзи,2017-M02,2017,870.0
065,Sarimsoq,Чеснок,Garlic,Саримсоқ,2017-M02,2017,13182.0
066,Piyoz,Лук репчатый,Onion,Пиёз,2017-M02,2017,1520.0
069,Kartoshka,Картофель,Potatoes,Картошка,2017-M02,2017,2536.0
0070,Loviya,Фасоль,Beans,Ловия,2017-M02,2017,0.0
071,No'xot,Горох,Peas,Нўхот,2017-M02,2017,0.0
0072,Mosh,Маш,Mash,Мош,2017-M02,2017,0.0
073,Shakar,Сахар песок,Sugar,Шакар,2017-M02,2017,0.0
002,Kruppa yormasi,Крупа манная,Semolina,Круппа ёрмаси,2017-M02,2017,1241.0
001,Guruch,Рис,Rice,Гуруч,2017-M03,2017,3976.0
003,Arpa,Ячмень,Barley,Арпа,2017-M03,2017,1282.0
0004,Bug'doy,Пшеница,Wheat,Буғдой,2017-M03,2017,1288.0
005,Jo'hori,Кукуруза,Corn,Жўҳори,2017-M03,2017,1327.0
006,Kepak,Отруби,Bran,Кепак,2017-M03,2017,796.0
0008,Shrot,Шрот,Schroth,Шрот,2017-M03,2017,0.0
009,Shulxa,Шелуха,Husk,Шулха,2017-M03,2017,0.0
010,Kombikorm,Комбикорм,Compound feed,Комбикорм,2017-M03,2017,1238.0
011,Oliy navli bug'doy uni,Мука пшеничная высшего сорта,High-grade wheat flour,Олий навли буғдой уни,2017-M03,2017,2039.0
0012,1-navli bug'doy uni,Мука пшеничная первого сорта,First grade wheat flour,1-навли буғдой уни,2017-M03,2017,0.0
013,1-nav bug'doy unidan non,Хлеб пшеничный из муки 1-го сорта,Wheat bread from 1st grade flour,1-нав буғдой унидан нон,2017-M03,2017,0.0
017,Mol go'shti,Говядина,Beef,Мол гўшти,2017-M03,2017,23318.0
0020,Qo'y go'shti,Баранина,Mutton,Қўй гўшти,2017-M03,2017,24309.0
022,Tovuq go'shti,Мясо птицы,Poultry,Товуқ гўшти,2017-M03,2017,0.0
026,Turli baliqlar,Рыба всякая,Fish of all kinds,Турли балиқлар,2017-M03,2017,11511.0
027,Yangi sog'ilgan sut (1 litr),Молоко свежее (1 литр),Fresh milk (1 liter),Янги соғилган сут (1 литр),2017-M03,2017,2185.0
034,Tuxum (10 dona),Яйца (10 штук),Eggs (10 pieces ),Тухум (10 дона),2017-M03,2017,5250.0
035,Paxta yog'i (1 litr),Масло хлопковое (1 литр),Cottonseed oil (1 liter),Пахта ёғи (1 литр),2017-M03,2017,0.0
0036,Kungaboqar yog'i (1 litr),Масло подсолнечное (1 литр),Sunflower oil (1 liter),Кунгабоқар ёғи (1 литр),2017-M03,2017,0.0
037,Sariyog',Масло сливочное,Butter,Сариёғ,2017-M03,2017,18848.0
039,Limon,Лимоны,Lemons,Лимон,2017-M03,2017,10077.0
0040,Olma,Яблоки,Apples,Олма,2017-M03,2017,4103.0
041,Nok,Груши,Pears,Нок,2017-M03,2017,10189.0
049,Uzum,Виноград,Grape,Узум,2017-M03,2017,6984.0
0050,Tarvuz,Арбуз,Watermelon,Тарвуз,2017-M03,2017,0.0
0051,Qovun,Дыня,Melon,Қовун,2017-M03,2017,0.0
053,Mayiz,Кишмиш,Kishmish,Майиз,2017-M03,2017,16970.0
055,Karam,Капуста,Cabbage,Карам,2017-M03,2017,1912.0
057,Bodring,Огурцы,Cucumbers,Бодринг,2017-M03,2017,10878.0
058,Pomidor,Помидоры,Tomatoes,Помидор,2017-M03,2017,11478.0
059,Baqlajon,Баклажаны,Eggplant,Бақлажон,2017-M03,2017,0.0
0060,Bulg'or qalampiri,Перец болгарский,Bell pepper,Булғор қалампири,2017-M03,2017,0.0
061,Qovoq,Тыква,Pumpkin,Қовоқ,2017-M03,2017,1059.0
063,Sabzi,Морковь,Carrot,Сабзи,2017-M03,2017,878.0
065,Sarimsoq,Чеснок,Garlic,Саримсоқ,2017-M03,2017,13285.0
066,Piyoz,Лук репчатый,Onion,Пиёз,2017-M03,2017,2106.0
069,Kartoshka,Картофель,Potatoes,Картошка,2017-M03,2017,2739.0
0070,Loviya,Фасоль,Beans,Ловия,2017-M03,2017,0.0
071,No'xot,Горох,Peas,Нўхот,2017-M03,2017,0.0
0072,Mosh,Маш,Mash,Мош,2017-M03,2017,0.0
073,Shakar,Сахар песок,Sugar,Шакар,2017-M03,2017,0.0
002,Kruppa yormasi,Крупа манная,Semolina,Круппа ёрмаси,2017-M03,2017,1282.0
001,Guruch,Рис,Rice,Гуруч,2017-M04,2017,3943.0
003,Arpa,Ячмень,Barley,Арпа,2017-M04,2017,1309.0
0004,Bug'doy,Пшеница,Wheat,Буғдой,2017-M04,2017,1335.0
005,Jo'hori,Кукуруза,Corn,Жўҳори,2017-M04,2017,1397.0
006,Kepak,Отруби,Bran,Кепак,2017-M04,2017,821.0
0008,Shrot,Шрот,Schroth,Шрот,2017-M04,2017,0.0
009,Shulxa,Шелуха,Husk,Шулха,2017-M04,2017,0.0
010,Kombikorm,Комбикорм,Compound feed,Комбикорм,2017-M04,2017,1256.0
011,Oliy navli bug'doy uni,Мука пшеничная высшего сорта,High-grade wheat flour,Олий навли буғдой уни,2017-M04,2017,2110.0
0012,1-navli bug'doy uni,Мука пшеничная первого сорта,First grade wheat flour,1-навли буғдой уни,2017-M04,2017,0.0
013,1-nav bug'doy unidan non,Хлеб пшеничный из муки 1-го сорта,Wheat bread from 1st grade flour,1-нав буғдой унидан нон,2017-M04,2017,0.0
017,Mol go'shti,Говядина,Beef,Мол гўшти,2017-M04,2017,23742.0
0020,Qo'y go'shti,Баранина,Mutton,Қўй гўшти,2017-M04,2017,24655.0
022,Tovuq go'shti,Мясо птицы,Poultry,Товуқ гўшти,2017-M04,2017,0.0
026,Turli baliqlar,Рыба всякая,Fish of all kinds,Турли балиқлар,2017-M04,2017,11642.0
027,Yangi sog'ilgan sut (1 litr),Молоко свежее (1 литр),Fresh milk (1 liter),Янги соғилган сут (1 литр),2017-M04,2017,2178.0
034,Tuxum (10 dona),Яйца (10 штук),Eggs (10 pieces ),Тухум (10 дона),2017-M04,2017,5179.0
035,Paxta yog'i (1 litr),Масло хлопковое (1 литр),Cottonseed oil (1 liter),Пахта ёғи (1 литр),2017-M04,2017,0.0
0036,Kungaboqar yog'i (1 litr),Масло подсолнечное (1 литр),Sunflower oil (1 liter),Кунгабоқар ёғи (1 литр),2017-M04,2017,0.0
037,Sariyog',Масло сливочное,Butter,Сариёғ,2017-M04,2017,19005.0
039,Limon,Лимоны,Lemons,Лимон,2017-M04,2017,10983.0
0040,Olma,Яблоки,Apples,Олма,2017-M04,2017,4318.0
041,Nok,Груши,Pears,Нок,2017-M04,2017,13341.0
049,Uzum,Виноград,Grape,Узум,2017-M04,2017,8754.0
0050,Tarvuz,Арбуз,Watermelon,Тарвуз,2017-M04,2017,0.0
0051,Qovun,Дыня,Melon,Қовун,2017-M04,2017,0.0
053,Mayiz,Кишмиш,Kishmish,Майиз,2017-M04,2017,17515.0
055,Karam,Капуста,Cabbage,Карам,2017-M04,2017,2570.0
057,Bodring,Огурцы,Cucumbers,Бодринг,2017-M04,2017,8442.0
058,Pomidor,Помидоры,Tomatoes,Помидор,2017-M04,2017,12061.0
059,Baqlajon,Баклажаны,Eggplant,Бақлажон,2017-M04,2017,0.0
0060,Bulg'or qalampiri,Перец болгарский,Bell pepper,Булғор қалампири,2017-M04,2017,22167.0
061,Qovoq,Тыква,Pumpkin,Қовоқ,2017-M04,2017,1367.0
063,Sabzi,Морковь,Carrot,Сабзи,2017-M04,2017,1082.0
065,Sarimsoq,Чеснок,Garlic,Саримсоқ,2017-M04,2017,14061.0
066,Piyoz,Лук репчатый,Onion,Пиёз,2017-M04,2017,2670.0
069,Kartoshka,Картофель,Potatoes,Картошка,2017-M04,2017,3582.0
0070,Loviya,Фасоль,Beans,Ловия,2017-M04,2017,0.0
071,No'xot,Горох,Peas,Нўхот,2017-M04,2017,0.0
0072,Mosh,Маш,Mash,Мош,2017-M04,2017,0.0
073,Shakar,Сахар песок,Sugar,Шакар,2017-M04,2017,0.0
002,Kruppa yormasi,Крупа манная,Semolina,Круппа ёрмаси,2017-M04,2017,1309.0
001,Guruch,Рис,Rice,Гуруч,2017-M05,2017,3690.0
003,Arpa,Ячмень,Barley,Арпа,2017-M05,2017,1336.0
0004,Bug'doy,Пшеница,Wheat,Буғдой,2017-M05,2017,1368.0
005,Jo'hori,Кукуруза,Corn,Жўҳори,2017-M05,2017,1514.0
006,Kepak,Отруби,Bran,Кепак,2017-M05,2017,857.0
0008,Shrot,Шрот,Schroth,Шрот,2017-M05,2017,0.0
009,Shulxa,Шелуха,Husk,Шулха,2017-M05,2017,0.0
010,Kombikorm,Комбикорм,Compound feed,Комбикорм,2017-M05,2017,1313.0
011,Oliy navli bug'doy uni,Мука пшеничная высшего сорта,High-grade wheat flour,Олий навли буғдой уни,2017-M05,2017,2194.0
0012,1-navli bug'doy uni,Мука пшеничная первого сорта,First grade wheat flour,1-навли буғдой уни,2017-M05,2017,0.0
013,1-nav bug'doy unidan non,Хлеб пшеничный из муки 1-го сорта,Wheat bread from 1st grade flour,1-нав буғдой унидан нон,2017-M05,2017,0.0
017,Mol go'shti,Говядина,Beef,Мол гўшти,2017-M05,2017,24500.0
0020,Qo'y go'shti,Баранина,Mutton,Қўй гўшти,2017-M05,2017,25424.0
022,Tovuq go'shti,Мясо птицы,Poultry,Товуқ гўшти,2017-M05,2017,0.0
026,Turli baliqlar,Рыба всякая,Fish of all kinds,Турли балиқлар,2017-M05,2017,11167.0
027,Yangi sog'ilgan sut (1 litr),Молоко свежее (1 литр),Fresh milk (1 liter),Янги соғилган сут (1 литр),2017-M05,2017,2072.0
034,Tuxum (10 dona),Яйца (10 штук),Eggs (10 pieces ),Тухум (10 дона),2017-M05,2017,4862.0
035,Paxta yog'i (1 litr),Масло хлопковое (1 литр),Cottonseed oil (1 liter),Пахта ёғи (1 литр),2017-M05,2017,0.0
0036,Kungaboqar yog'i (1 litr),Масло подсолнечное (1 литр),Sunflower oil (1 liter),Кунгабоқар ёғи (1 литр),2017-M05,2017,0.0
037,Sariyog',Масло сливочное,Butter,Сариёғ,2017-M05,2017,18963.0
039,Limon,Лимоны,Lemons,Лимон,2017-M05,2017,11925.0
0040,Olma,Яблоки,Apples,Олма,2017-M05,2017,4639.0
041,Nok,Груши,Pears,Нок,2017-M05,2017,16595.0
049,Uzum,Виноград,Grape,Узум,2017-M05,2017,0.0
0050,Tarvuz,Арбуз,Watermelon,Тарвуз,2017-M05,2017,0.0
0051,Qovun,Дыня,Melon,Қовун,2017-M05,2017,0.0
053,Mayiz,Кишмиш,Kishmish,Майиз,2017-M05,2017,17364.0
055,Karam,Капуста,Cabbage,Карам,2017-M05,2017,2077.0
057,Bodring,Огурцы,Cucumbers,Бодринг,2017-M05,2017,3606.0
058,Pomidor,Помидоры,Tomatoes,Помидор,2017-M05,2017,8859.0
059,Baqlajon,Баклажаны,Eggplant,Бақлажон,2017-M05,2017,9833.0
0060,Bulg'or qalampiri,Перец болгарский,Bell pepper,Булғор қалампири,2017-M05,2017,9996.0
061,Qovoq,Тыква,Pumpkin,Қовоқ,2017-M05,2017,0.0
063,Sabzi,Морковь,Carrot,Сабзи,2017-M05,2017,1461.0
065,Sarimsoq,Чеснок,Garlic,Саримсоқ,2017-M05,2017,11317.0
066,Piyoz,Лук репчатый,Onion,Пиёз,2017-M05,2017,2220.0
069,Kartoshka,Картофель,Potatoes,Картошка,2017-M05,2017,4123.0
0070,Loviya,Фасоль,Beans,Ловия,2017-M05,2017,0.0
071,No'xot,Горох,Peas,Нўхот,2017-M05,2017,0.0
0072,Mosh,Маш,Mash,Мош,2017-M05,2017,0.0
073,Shakar,Сахар песок,Sugar,Шакар,2017-M05,2017,0.0
002,Kruppa yormasi,Крупа манная,Semolina,Круппа ёрмаси,2017-M05,2017,1336.0
001,Guruch,Рис,Rice,Гуруч,2017-M06,2017,3584.0
003,Arpa,Ячмень,Barley,Арпа,2017-M06,2017,1338.0
0004,Bug'doy,Пшеница,Wheat,Буғдой,2017-M06,2017,1401.0
005,Jo'hori,Кукуруза,Corn,Жўҳори,2017-M06,2017,1599.0
006,Kepak,Отруби,Bran,Кепак,2017-M06,2017,1073.0
0008,Shrot,Шрот,Schroth,Шрот,2017-M06,2017,0.0
009,Shulxa,Шелуха,Husk,Шулха,2017-M06,2017,0.0
010,Kombikorm,Комбикорм,Compound feed,Комбикорм,2017-M06,2017,1330.0
011,Oliy navli bug'doy uni,Мука пшеничная высшего сорта,High-grade wheat flour,Олий навли буғдой уни,2017-M06,2017,2139.0
0012,1-navli bug'doy uni,Мука пшеничная первого сорта,First grade wheat flour,1-навли буғдой уни,2017-M06,2017,0.0
013,1-nav bug'doy unidan non,Хлеб пшеничный из муки 1-го сорта,Wheat bread from 1st grade flour,1-нав буғдой унидан нон,2017-M06,2017,0.0
017,Mol go'shti,Говядина,Beef,Мол гўшти,2017-M06,2017,25727.0
0020,Qo'y go'shti,Баранина,Mutton,Қўй гўшти,2017-M06,2017,26515.0
022,Tovuq go'shti,Мясо птицы,Poultry,Товуқ гўшти,2017-M06,2017,0.0
026,Turli baliqlar,Рыба всякая,Fish of all kinds,Турли балиқлар,2017-M06,2017,0.0
027,Yangi sog'ilgan sut (1 litr),Молоко свежее (1 литр),Fresh milk (1 liter),Янги соғилган сут (1 литр),2017-M06,2017,1911.0
034,Tuxum (10 dona),Яйца (10 штук),Eggs (10 pieces ),Тухум (10 дона),2017-M06,2017,4930.0
035,Paxta yog'i (1 litr),Масло хлопковое (1 литр),Cottonseed oil (1 liter),Пахта ёғи (1 литр),2017-M06,2017,0.0
0036,Kungaboqar yog'i (1 litr),Масло подсолнечное (1 литр),Sunflower oil (1 liter),Кунгабоқар ёғи (1 литр),2017-M06,2017,0.0
037,Sariyog',Масло сливочное,Butter,Сариёғ,2017-M06,2017,22000.0
039,Limon,Лимоны,Lemons,Лимон,2017-M06,2017,13370.0
0040,Olma,Яблоки,Apples,Олма,2017-M06,2017,4403.0
041,Nok,Груши,Pears,Нок,2017-M06,2017,20167.0
049,Uzum,Виноград,Grape,Узум,2017-M06,2017,6667.0
0050,Tarvuz,Арбуз,Watermelon,Тарвуз,2017-M06,2017,2311.0
0051,Qovun,Дыня,Melon,Қовун,2017-M06,2017,3000.0
053,Mayiz,Кишмиш,Kishmish,Майиз,2017-M06,2017,17217.0
055,Karam,Капуста,Cabbage,Карам,2017-M06,2017,1792.0
057,Bodring,Огурцы,Cucumbers,Бодринг,2017-M06,2017,1217.0
058,Pomidor,Помидоры,Tomatoes,Помидор,2017-M06,2017,3945.0
059,Baqlajon,Баклажаны,Eggplant,Бақлажон,2017-M06,2017,4000.0
0060,Bulg'or qalampiri,Перец болгарский,Bell pepper,Булғор қалампири,2017-M06,2017,4439.0
061,Qovoq,Тыква,Pumpkin,Қовоқ,2017-M06,2017,3350.0
063,Sabzi,Морковь,Carrot,Сабзи,2017-M06,2017,1850.0
065,Sarimsoq,Чеснок,Garlic,Саримсоқ,2017-M06,2017,8737.0
066,Piyoz,Лук репчатый,Onion,Пиёз,2017-M06,2017,2215.0
069,Kartoshka,Картофель,Potatoes,Картошка,2017-M06,2017,3601.0
0070,Loviya,Фасоль,Beans,Ловия,2017-M06,2017,0.0
071,No'xot,Горох,Peas,Нўхот,2017-M06,2017,0.0
0072,Mosh,Маш,Mash,Мош,2017-M06,2017,0.0
073,Shakar,Сахар песок,Sugar,Шакар,2017-M06,2017,0.0
002,Kruppa yormasi,Крупа манная,Semolina,Круппа ёрмаси,2017-M06,2017,1338.0
001,Guruch,Рис,Rice,Гуруч,2017-M07,2017,3512.0
003,Arpa,Ячмень,Barley,Арпа,2017-M07,2017,1446.0
0004,Bug'doy,Пшеница,Wheat,Буғдой,2017-M07,2017,1346.0
005,Jo'hori,Кукуруза,Corn,Жўҳори,2017-M07,2017,1634.0
006,Kepak,Отруби,Bran,Кепак,2017-M07,2017,1265.0
0008,Shrot,Шрот,Schroth,Шрот,2017-M07,2017,0.0
009,Shulxa,Шелуха,Husk,Шулха,2017-M07,2017,0.0
010,Kombikorm,Комбикорм,Compound feed,Комбикорм,2017-M07,2017,1315.0
011,Oliy navli bug'doy uni,Мука пшеничная высшего сорта,High-grade wheat flour,Олий навли буғдой уни,2017-M07,2017,2290.0
0012,1-navli bug'doy uni,Мука пшеничная первого сорта,First grade wheat flour,1-навли буғдой уни,2017-M07,2017,0.0
013,1-nav bug'doy unidan non,Хлеб пшеничный из муки 1-го сорта,Wheat bread from 1st grade flour,1-нав буғдой унидан нон,2017-M07,2017,0.0
017,Mol go'shti,Говядина,Beef,Мол гўшти,2017-M07,2017,27515.0
0020,Qo'y go'shti,Баранина,Mutton,Қўй гўшти,2017-M07,2017,27970.0
022,Tovuq go'shti,Мясо птицы,Poultry,Товуқ гўшти,2017-M07,2017,0.0
026,Turli baliqlar,Рыба всякая,Fish of all kinds,Турли балиқлар,2017-M07,2017,0.0
027,Yangi sog'ilgan sut (1 litr),Молоко свежее (1 литр),Fresh milk (1 liter),Янги соғилган сут (1 литр),2017-M07,2017,1827.0
034,Tuxum (10 dona),Яйца (10 штук),Eggs (10 pieces ),Тухум (10 дона),2017-M07,2017,4857.0
035,Paxta yog'i (1 litr),Масло хлопковое (1 литр),Cottonseed oil (1 liter),Пахта ёғи (1 литр),2017-M07,2017,0.0
0036,Kungaboqar yog'i (1 litr),Масло подсолнечное (1 литр),Sunflower oil (1 liter),Кунгабоқар ёғи (1 литр),2017-M07,2017,0.0
037,Sariyog',Масло сливочное,Butter,Сариёғ,2017-M07,2017,22850.0
039,Limon,Лимоны,Lemons,Лимон,2017-M07,2017,15304.0
0040,Olma,Яблоки,Apples,Олма,2017-M07,2017,3448.0
041,Nok,Груши,Pears,Нок,2017-M07,2017,8597.0
049,Uzum,Виноград,Grape,Узум,2017-M07,2017,4064.0
0050,Tarvuz,Арбуз,Watermelon,Тарвуз,2017-M07,2017,898.0
0051,Qovun,Дыня,Melon,Қовун,2017-M07,2017,1787.0
053,Mayiz,Кишмиш,Kishmish,Майиз,2017-M07,2017,17317.0
055,Karam,Капуста,Cabbage,Карам,2017-M07,2017,2109.0
057,Bodring,Огурцы,Cucumbers,Бодринг,2017-M07,2017,1248.0
058,Pomidor,Помидоры,Tomatoes,Помидор,2017-M07,2017,2242.0
059,Baqlajon,Баклажаны,Eggplant,Бақлажон,2017-M07,2017,2199.0
0060,Bulg'or qalampiri,Перец болгарский,Bell pepper,Булғор қалампири,2017-M07,2017,2455.0
061,Qovoq,Тыква,Pumpkin,Қовоқ,2017-M07,2017,1311.0
063,Sabzi,Морковь,Carrot,Сабзи,2017-M07,2017,2333.0
065,Sarimsoq,Чеснок,Garlic,Саримсоқ,2017-M07,2017,9741.0
066,Piyoz,Лук репчатый,Onion,Пиёз,2017-M07,2017,3024.0
069,Kartoshka,Картофель,Potatoes,Картошка,2017-M07,2017,3452.0
0070,Loviya,Фасоль,Beans,Ловия,2017-M07,2017,0.0
071,No'xot,Горох,Peas,Нўхот,2017-M07,2017,0.0
0072,Mosh,Маш,Mash,Мош,2017-M07,2017,0.0
073,Shakar,Сахар песок,Sugar,Шакар,2017-M07,2017,0.0
002,Kruppa yormasi,Крупа манная,Semolina,Круппа ёрмаси,2017-M07,2017,1446.0
001,Guruch,Рис,Rice,Гуруч,2017-M08,2017,3482.0
003,Arpa,Ячмень,Barley,Арпа,2017-M08,2017,1335.0
0004,Bug'doy,Пшеница,Wheat,Буғдой,2017-M08,2017,1334.0
005,Jo'hori,Кукуруза,Corn,Жўҳори,2017-M08,2017,1721.0
006,Kepak,Отруби,Bran,Кепак,2017-M08,2017,953.0
0008,Shrot,Шрот,Schroth,Шрот,2017-M08,2017,0.0
009,Shulxa,Шелуха,Husk,Шулха,2017-M08,2017,0.0
010,Kombikorm,Комбикорм,Compound feed,Комбикорм,2017-M08,2017,1385.0
011,Oliy navli bug'doy uni,Мука пшеничная высшего сорта,High-grade wheat flour,Олий навли буғдой уни,2017-M08,2017,2359.0
0012,1-navli bug'doy uni,Мука пшеничная первого сорта,First grade wheat flour,1-навли буғдой уни,2017-M08,2017,0.0
013,1-nav bug'doy unidan non,Хлеб пшеничный из муки 1-го сорта,Wheat bread from 1st grade flour,1-нав буғдой унидан нон,2017-M08,2017,0.0
017,Mol go'shti,Говядина,Beef,Мол гўшти,2017-M08,2017,28909.0
0020,Qo'y go'shti,Баранина,Mutton,Қўй гўшти,2017-M08,2017,29409.0
022,Tovuq go'shti,Мясо птицы,Poultry,Товуқ гўшти,2017-M08,2017,0.0
026,Turli baliqlar,Рыба всякая,Fish of all kinds,Турли балиқлар,2017-M08,2017,11333.0
027,Yangi sog'ilgan sut (1 litr),Молоко свежее (1 литр),Fresh milk (1 liter),Янги соғилган сут (1 литр),2017-M08,2017,1857.0
034,Tuxum (10 dona),Яйца (10 штук),Eggs (10 pieces ),Тухум (10 дона),2017-M08,2017,4788.0
035,Paxta yog'i (1 litr),Масло хлопковое (1 литр),Cottonseed oil (1 liter),Пахта ёғи (1 литр),2017-M08,2017,0.0
0036,Kungaboqar yog'i (1 litr),Масло подсолнечное (1 литр),Sunflower oil (1 liter),Кунгабоқар ёғи (1 литр),2017-M08,2017,0.0
037,Sariyog',Масло сливочное,Butter,Сариёғ,2017-M08,2017,21750.0
039,Limon,Лимоны,Lemons,Лимон,2017-M08,2017,16444.0
0040,Olma,Яблоки,Apples,Олма,2017-M08,2017,3324.0
041,Nok,Груши,Pears,Нок,2017-M08,2017,5474.0
049,Uzum,Виноград,Grape,Узум,2017-M08,2017,3452.0
0050,Tarvuz,Арбуз,Watermelon,Тарвуз,2017-M08,2017,747.0
0051,Qovun,Дыня,Melon,Қовун,2017-M08,2017,1332.0
053,Mayiz,Кишмиш,Kishmish,Майиз,2017-M08,2017,17083.0
055,Karam,Капуста,Cabbage,Карам,2017-M08,2017,1902.0
057,Bodring,Огурцы,Cucumbers,Бодринг,2017-M08,2017,2433.0
058,Pomidor,Помидоры,Tomatoes,Помидор,2017-M08,2017,1156.0
059,Baqlajon,Баклажаны,Eggplant,Бақлажон,2017-M08,2017,1547.0
0060,Bulg'or qalampiri,Перец болгарский,Bell pepper,Булғор қалампири,2017-M08,2017,1757.0
061,Qovoq,Тыква,Pumpkin,Қовоқ,2017-M08,2017,1033.0
063,Sabzi,Морковь,Carrot,Сабзи,2017-M08,2017,2193.0
065,Sarimsoq,Чеснок,Garlic,Саримсоқ,2017-M08,2017,8421.0
066,Piyoz,Лук репчатый,Onion,Пиёз,2017-M08,2017,2625.0
069,Kartoshka,Картофель,Potatoes,Картошка,2017-M08,2017,3354.0
0070,Loviya,Фасоль,Beans,Ловия,2017-M08,2017,0.0
071,No'xot,Горох,Peas,Нўхот,2017-M08,2017,0.0
0072,Mosh,Маш,Mash,Мош,2017-M08,2017,0.0
073,Shakar,Сахар песок,Sugar,Шакар,2017-M08,2017,0.0
002,Kruppa yormasi,Крупа манная,Semolina,Круппа ёрмаси,2017-M08,2017,1335.0
001,Guruch,Рис,Rice,Гуруч,2017-M09,2017,3411.0
003,Arpa,Ячмень,Barley,Арпа,2017-M09,2017,1395.0
0004,Bug'doy,Пшеница,Wheat,Буғдой,2017-M09,2017,1347.0
005,Jo'hori,Кукуруза,Corn,Жўҳори,2017-M09,2017,1774.0
006,Kepak,Отруби,Bran,Кепак,2017-M09,2017,992.0
0008,Shrot,Шрот,Schroth,Шрот,2017-M09,2017,0.0
009,Shulxa,Шелуха,Husk,Шулха,2017-M09,2017,0.0
010,Kombikorm,Комбикорм,Compound feed,Комбикорм,2017-M09,2017,1423.0
011,Oliy navli bug'doy uni,Мука пшеничная высшего сорта,High-grade wheat flour,Олий навли буғдой уни,2017-M09,2017,2348.0
0012,1-navli bug'doy uni,Мука пшеничная первого сорта,First grade wheat flour,1-навли буғдой уни,2017-M09,2017,0.0
013,1-nav bug'doy unidan non,Хлеб пшеничный из муки 1-го сорта,Wheat bread from 1st grade flour,1-нав буғдой унидан нон,2017-M09,2017,0.0
017,Mol go'shti,Говядина,Beef,Мол гўшти,2017-M09,2017,29227.0
0020,Qo'y go'shti,Баранина,Mutton,Қўй гўшти,2017-M09,2017,29833.0
022,Tovuq go'shti,Мясо птицы,Poultry,Товуқ гўшти,2017-M09,2017,0.0
026,Turli baliqlar,Рыба всякая,Fish of all kinds,Турли балиқлар,2017-M09,2017,10667.0
027,Yangi sog'ilgan sut (1 litr),Молоко свежее (1 литр),Fresh milk (1 liter),Янги соғилган сут (1 литр),2017-M09,2017,1875.0
034,Tuxum (10 dona),Яйца (10 штук),Eggs (10 pieces ),Тухум (10 дона),2017-M09,2017,5292.0
035,Paxta yog'i (1 litr),Масло хлопковое (1 литр),Cottonseed oil (1 liter),Пахта ёғи (1 литр),2017-M09,2017,0.0
0036,Kungaboqar yog'i (1 litr),Масло подсолнечное (1 литр),Sunflower oil (1 liter),Кунгабоқар ёғи (1 литр),2017-M09,2017,0.0
037,Sariyog',Масло сливочное,Butter,Сариёғ,2017-M09,2017,20000.0
039,Limon,Лимоны,Lemons,Лимон,2017-M09,2017,16400.0
0040,Olma,Яблоки,Apples,Олма,2017-M09,2017,3376.0
041,Nok,Груши,Pears,Нок,2017-M09,2017,5402.0
049,Uzum,Виноград,Grape,Узум,2017-M09,2017,3320.0
0050,Tarvuz,Арбуз,Watermelon,Тарвуз,2017-M09,2017,661.0
0051,Qovun,Дыня,Melon,Қовун,2017-M09,2017,1091.0
053,Mayiz,Кишмиш,Kishmish,Майиз,2017-M09,2017,17318.0
055,Karam,Капуста,Cabbage,Карам,2017-M09,2017,1673.0
057,Bodring,Огурцы,Cucumbers,Бодринг,2017-M09,2017,2747.0
058,Pomidor,Помидоры,Tomatoes,Помидор,2017-M09,2017,988.0
059,Baqlajon,Баклажаны,Eggplant,Бақлажон,2017-M09,2017,1591.0
0060,Bulg'or qalampiri,Перец болгарский,Bell pepper,Булғор қалампири,2017-M09,2017,1910.0
061,Qovoq,Тыква,Pumpkin,Қовоқ,2017-M09,2017,828.0
063,Sabzi,Морковь,Carrot,Сабзи,2017-M09,2017,1938.0
065,Sarimsoq,Чеснок,Garlic,Саримсоқ,2017-M09,2017,8448.0
066,Piyoz,Лук репчатый,Onion,Пиёз,2017-M09,2017,2010.0
069,Kartoshka,Картофель,Potatoes,Картошка,2017-M09,2017,3095.0
0070,Loviya,Фасоль,Beans,Ловия,2017-M09,2017,0.0
071,No'xot,Горох,Peas,Нўхот,2017-M09,2017,0.0
0072,Mosh,Маш,Mash,Мош,2017-M09,2017,0.0
073,Shakar,Сахар песок,Sugar,Шакар,2017-M09,2017,0.0
002,Kruppa yormasi,Крупа манная,Semolina,Круппа ёрмаси,2017-M09,2017,1395.0
001,Guruch,Рис,Rice,Гуруч,2017-M10,2017,3439.0
003,Arpa,Ячмень,Barley,Арпа,2017-M10,2017,1409.0
0004,Bug'doy,Пшеница,Wheat,Буғдой,2017-M10,2017,1359.0
005,Jo'hori,Кукуруза,Corn,Жўҳори,2017-M10,2017,1732.0
006,Kepak,Отруби,Bran,Кепак,2017-M10,2017,916.0
0008,Shrot,Шрот,Schroth,Шрот,2017-M10,2017,0.0
009,Shulxa,Шелуха,Husk,Шулха,2017-M10,2017,0.0
010,Kombikorm,Комбикорм,Compound feed,Комбикорм,2017-M10,2017,1452.0
011,Oliy navli bug'doy uni,Мука пшеничная высшего сорта,High-grade wheat flour,Олий навли буғдой уни,2017-M10,2017,2318.0
0012,1-navli bug'doy uni,Мука пшеничная первого сорта,First grade wheat flour,1-навли буғдой уни,2017-M10,2017,0.0
013,1-nav bug'doy unidan non,Хлеб пшеничный из муки 1-го сорта,Wheat bread from 1st grade flour,1-нав буғдой унидан нон,2017-M10,2017,0.0
017,Mol go'shti,Говядина,Beef,Мол гўшти,2017-M10,2017,29394.0
0020,Qo'y go'shti,Баранина,Mutton,Қўй гўшти,2017-M10,2017,30136.0
022,Tovuq go'shti,Мясо птицы,Poultry,Товуқ гўшти,2017-M10,2017,0.0
026,Turli baliqlar,Рыба всякая,Fish of all kinds,Турли балиқлар,2017-M10,2017,10448.0
027,Yangi sog'ilgan sut (1 litr),Молоко свежее (1 литр),Fresh milk (1 liter),Янги соғилган сут (1 литр),2017-M10,2017,1950.0
034,Tuxum (10 dona),Яйца (10 штук),Eggs (10 pieces ),Тухум (10 дона),2017-M10,2017,5767.0
035,Paxta yog'i (1 litr),Масло хлопковое (1 литр),Cottonseed oil (1 liter),Пахта ёғи (1 литр),2017-M10,2017,0.0
0036,Kungaboqar yog'i (1 litr),Масло подсолнечное (1 литр),Sunflower oil (1 liter),Кунгабоқар ёғи (1 литр),2017-M10,2017,0.0
037,Sariyog',Масло сливочное,Butter,Сариёғ,2017-M10,2017,20750.0
039,Limon,Лимоны,Lemons,Лимон,2017-M10,2017,15290.0
0040,Olma,Яблоки,Apples,Олма,2017-M10,2017,3579.0
041,Nok,Груши,Pears,Нок,2017-M10,2017,5509.0
049,Uzum,Виноград,Grape,Узум,2017-M10,2017,3641.0
0050,Tarvuz,Арбуз,Watermelon,Тарвуз,2017-M10,2017,659.0
0051,Qovun,Дыня,Melon,Қовун,2017-M10,2017,1164.0
053,Mayiz,Кишмиш,Kishmish,Майиз,2017-M10,2017,17788.0
055,Karam,Капуста,Cabbage,Карам,2017-M10,2017,1523.0
057,Bodring,Огурцы,Cucumbers,Бодринг,2017-M10,2017,2732.0
058,Pomidor,Помидоры,Tomatoes,Помидор,2017-M10,2017,1156.0
059,Baqlajon,Баклажаны,Eggplant,Бақлажон,2017-M10,2017,1533.0
0060,Bulg'or qalampiri,Перец болгарский,Bell pepper,Булғор қалампири,2017-M10,2017,1980.0
061,Qovoq,Тыква,Pumpkin,Қовоқ,2017-M10,2017,822.0
063,Sabzi,Морковь,Carrot,Сабзи,2017-M10,2017,1724.0
065,Sarimsoq,Чеснок,Garlic,Саримсоқ,2017-M10,2017,8009.0
066,Piyoz,Лук репчатый,Onion,Пиёз,2017-M10,2017,1776.0
069,Kartoshka,Картофель,Potatoes,Картошка,2017-M10,2017,2960.0
0070,Loviya,Фасоль,Beans,Ловия,2017-M10,2017,0.0
071,No'xot,Горох,Peas,Нўхот,2017-M10,2017,0.0
0072,Mosh,Маш,Mash,Мош,2017-M10,2017,0.0
073,Shakar,Сахар песок,Sugar,Шакар,2017-M10,2017,0.0
002,Kruppa yormasi,Крупа манная,Semolina,Круппа ёрмаси,2017-M10,2017,1409.0
001,Guruch,Рис,Rice,Гуруч,2017-M11,2017,3683.0
003,Arpa,Ячмень,Barley,Арпа,2017-M11,2017,1438.0
0004,Bug'doy,Пшеница,Wheat,Буғдой,2017-M11,2017,1427.0
005,Jo'hori,Кукуруза,Corn,Жўҳори,2017-M11,2017,1666.0
006,Kepak,Отруби,Bran,Кепак,2017-M11,2017,946.0
0008,Shrot,Шрот,Schroth,Шрот,2017-M11,2017,0.0
009,Shulxa,Шелуха,Husk,Шулха,2017-M11,2017,0.0
010,Kombikorm,Комбикорм,Compound feed,Комбикорм,2017-M11,2017,1505.0
011,Oliy navli bug'doy uni,Мука пшеничная высшего сорта,High-grade wheat flour,Олий навли буғдой уни,2017-M11,2017,2329.0
0012,1-navli bug'doy uni,Мука пшеничная первого сорта,First grade wheat flour,1-навли буғдой уни,2017-M11,2017,0.0
013,1-nav bug'doy unidan non,Хлеб пшеничный из муки 1-го сорта,Wheat bread from 1st grade flour,1-нав буғдой унидан нон,2017-M11,2017,0.0
017,Mol go'shti,Говядина,Beef,Мол гўшти,2017-M11,2017,29561.0
0020,Qo'y go'shti,Баранина,Mutton,Қўй гўшти,2017-M11,2017,30636.0
022,Tovuq go'shti,Мясо птицы,Poultry,Товуқ гўшти,2017-M11,2017,0.0
026,Turli baliqlar,Рыба всякая,Fish of all kinds,Турли балиқлар,2017-M11,2017,9891.0
027,Yangi sog'ilgan sut (1 litr),Молоко свежее (1 литр),Fresh milk (1 liter),Янги соғилган сут (1 литр),2017-M11,2017,2148.0
034,Tuxum (10 dona),Яйца (10 штук),Eggs (10 pieces ),Тухум (10 дона),2017-M11,2017,6261.0
035,Paxta yog'i (1 litr),Масло хлопковое (1 литр),Cottonseed oil (1 liter),Пахта ёғи (1 литр),2017-M11,2017,0.0
0036,Kungaboqar yog'i (1 litr),Масло подсолнечное (1 литр),Sunflower oil (1 liter),Кунгабоқар ёғи (1 литр),2017-M11,2017,0.0
037,Sariyog',Масло сливочное,Butter,Сариёғ,2017-M11,2017,24571.0
039,Limon,Лимоны,Lemons,Лимон,2017-M11,2017,14770.0
0040,Olma,Яблоки,Apples,Олма,2017-M11,2017,4398.0
041,Nok,Груши,Pears,Нок,2017-M11,2017,6036.0
049,Uzum,Виноград,Grape,Узум,2017-M11,2017,5215.0
0050,Tarvuz,Арбуз,Watermelon,Тарвуз,2017-M11,2017,783.0
0051,Qovun,Дыня,Melon,Қовун,2017-M11,2017,1209.0
053,Mayiz,Кишмиш,Kishmish,Майиз,2017-M11,2017,18303.0
055,Karam,Капуста,Cabbage,Карам,2017-M11,2017,1221.0
057,Bodring,Огурцы,Cucumbers,Бодринг,2017-M11,2017,3624.0
058,Pomidor,Помидоры,Tomatoes,Помидор,2017-M11,2017,2206.0
059,Baqlajon,Баклажаны,Eggplant,Бақлажон,2017-M11,2017,1578.0
0060,Bulg'or qalampiri,Перец болгарский,Bell pepper,Булғор қалампири,2017-M11,2017,2097.0
061,Qovoq,Тыква,Pumpkin,Қовоқ,2017-M11,2017,798.0
063,Sabzi,Морковь,Carrot,Сабзи,2017-M11,2017,1271.0
065,Sarimsoq,Чеснок,Garlic,Саримсоқ,2017-M11,2017,6803.0
066,Piyoz,Лук репчатый,Onion,Пиёз,2017-M11,2017,1395.0
069,Kartoshka,Картофель,Potatoes,Картошка,2017-M11,2017,2652.0
0070,Loviya,Фасоль,Beans,Ловия,2017-M11,2017,0.0
071,No'xot,Горох,Peas,Нўхот,2017-M11,2017,0.0
0072,Mosh,Маш,Mash,Мош,2017-M11,2017,0.0
073,Shakar,Сахар песок,Sugar,Шакар,2017-M11,2017,0.0
002,Kruppa yormasi,Крупа манная,Semolina,Круппа ёрмаси,2017-M11,2017,1438.0
001,Guruch,Рис,Rice,Гуруч,2017-M12,2017,5415.0
003,Arpa,Ячмень,Barley,Арпа,2017-M12,2017,1572.0
0004,Bug'doy,Пшеница,Wheat,Буғдой,2017-M12,2017,1610.0
005,Jo'hori,Кукуруза,Corn,Жўҳори,2017-M12,2017,1819.0
006,Kepak,Отруби,Bran,Кепак,2017-M12,2017,1110.0
0008,Shrot,Шрот,Schroth,Шрот,2017-M12,2017,0.0
009,Shulxa,Шелуха,Husk,Шулха,2017-M12,2017,0.0
010,Kombikorm,Комбикорм,Compound feed,Комбикорм,2017-M12,2017,1603.0
011,Oliy navli bug'doy uni,Мука пшеничная высшего сорта,High-grade wheat flour,Олий навли буғдой уни,2017-M12,2017,2592.0
0012,1-navli bug'doy uni,Мука пшеничная первого сорта,First grade wheat flour,1-навли буғдой уни,2017-M12,2017,0.0
013,1-nav bug'doy unidan non,Хлеб пшеничный из муки 1-го сорта,Wheat bread from 1st grade flour,1-нав буғдой унидан нон,2017-M12,2017,0.0
017,Mol go'shti,Говядина,Beef,Мол гўшти,2017-M12,2017,30606.0
0020,Qo'y go'shti,Баранина,Mutton,Қўй гўшти,2017-M12,2017,31394.0
022,Tovuq go'shti,Мясо птицы,Poultry,Товуқ гўшти,2017-M12,2017,0.0
026,Turli baliqlar,Рыба всякая,Fish of all kinds,Турли балиқлар,2017-M12,2017,11011.0
027,Yangi sog'ilgan sut (1 litr),Молоко свежее (1 литр),Fresh milk (1 liter),Янги соғилган сут (1 литр),2017-M12,2017,2517.0
034,Tuxum (10 dona),Яйца (10 штук),Eggs (10 pieces ),Тухум (10 дона),2017-M12,2017,6732.0
035,Paxta yog'i (1 litr),Масло хлопковое (1 литр),Cottonseed oil (1 liter),Пахта ёғи (1 литр),2017-M12,2017,0.0
0036,Kungaboqar yog'i (1 litr),Масло подсолнечное (1 литр),Sunflower oil (1 liter),Кунгабоқар ёғи (1 литр),2017-M12,2017,0.0
037,Sariyog',Масло сливочное,Butter,Сариёғ,2017-M12,2017,27388.0
039,Limon,Лимоны,Lemons,Лимон,2017-M12,2017,14190.0
0040,Olma,Яблоки,Apples,Олма,2017-M12,2017,7809.0
041,Nok,Груши,Pears,Нок,2017-M12,2017,8385.0
049,Uzum,Виноград,Grape,Узум,2017-M12,2017,11724.0
0050,Tarvuz,Арбуз,Watermelon,Тарвуз,2017-M12,2017,999.0
0051,Qovun,Дыня,Melon,Қовун,2017-M12,2017,1428.0
053,Mayiz,Кишмиш,Kishmish,Майиз,2017-M12,2017,21318.0
055,Karam,Капуста,Cabbage,Карам,2017-M12,2017,1206.0
057,Bodring,Огурцы,Cucumbers,Бодринг,2017-M12,2017,9286.0
058,Pomidor,Помидоры,Tomatoes,Помидор,2017-M12,2017,8688.0
059,Baqlajon,Баклажаны,Eggplant,Бақлажон,2017-M12,2017,2598.0
0060,Bulg'or qalampiri,Перец болгарский,Bell pepper,Булғор қалампири,2017-M12,2017,3626.0
061,Qovoq,Тыква,Pumpkin,Қовоқ,2017-M12,2017,959.0
063,Sabzi,Морковь,Carrot,Сабзи,2017-M12,2017,1238.0
065,Sarimsoq,Чеснок,Garlic,Саримсоқ,2017-M12,2017,7058.0
066,Piyoz,Лук репчатый,Onion,Пиёз,2017-M12,2017,1714.0
069,Kartoshka,Картофель,Potatoes,Картошка,2017-M12,2017,3424.0
0070,Loviya,Фасоль,Beans,Ловия,2017-M12,2017,0.0
071,No'xot,Горох,Peas,Нўхот,2017-M12,2017,0.0
0072,Mosh,Маш,Mash,Мош,2017-M12,2017,0.0
073,Shakar,Сахар песок,Sugar,Шакар,2017-M12,2017,0.0
002,Kruppa yormasi,Крупа манная,Semolina,Круппа ёрмаси,2017-M12,2017,1572.0
001,Guruch,Рис,Rice,Гуруч,2018-M01,2018,4833.0
003,Arpa,Ячмень,Barley,Арпа,2018-M01,2018,1782.0
0004,Bug'doy,Пшеница,Wheat,Буғдой,2018-M01,2018,1751.0
005,Jo'hori,Кукуруза,Corn,Жўҳори,2018-M01,2018,1953.0
006,Kepak,Отруби,Bran,Кепак,2018-M01,2018,1274.0
0008,Shrot,Шрот,Schroth,Шрот,2018-M01,2018,0.0
009,Shulxa,Шелуха,Husk,Шулха,2018-M01,2018,0.0
010,Kombikorm,Комбикорм,Compound feed,Комбикорм,2018-M01,2018,1765.0
011,Oliy navli bug'doy uni,Мука пшеничная высшего сорта,High-grade wheat flour,Олий навли буғдой уни,2018-M01,2018,2768.0
0012,1-navli bug'doy uni,Мука пшеничная первого сорта,First grade wheat flour,1-навли буғдой уни,2018-M01,2018,0.0
013,1-nav bug'doy unidan non,Хлеб пшеничный из муки 1-го сорта,Wheat bread from 1st grade flour,1-нав буғдой унидан нон,2018-M01,2018,0.0
017,Mol go'shti,Говядина,Beef,Мол гўшти,2018-M01,2018,31894.0
0020,Qo'y go'shti,Баранина,Mutton,Қўй гўшти,2018-M01,2018,32864.0
022,Tovuq go'shti,Мясо птицы,Poultry,Товуқ гўшти,2018-M01,2018,0.0
026,Turli baliqlar,Рыба всякая,Fish of all kinds,Турли балиқлар,2018-M01,2018,12033.0
027,Yangi sog'ilgan sut (1 litr),Молоко свежее (1 литр),Fresh milk (1 liter),Янги соғилган сут (1 литр),2018-M01,2018,3011.0
034,Tuxum (10 dona),Яйца (10 штук),Eggs (10 pieces ),Тухум (10 дона),2018-M01,2018,6727.0
035,Paxta yog'i (1 litr),Масло хлопковое (1 литр),Cottonseed oil (1 liter),Пахта ёғи (1 литр),2018-M01,2018,0.0
0036,Kungaboqar yog'i (1 litr),Масло подсолнечное (1 литр),Sunflower oil (1 liter),Кунгабоқар ёғи (1 литр),2018-M01,2018,0.0
037,Sariyog',Масло сливочное,Butter,Сариёғ,2018-M01,2018,28697.0
039,Limon,Лимоны,Lemons,Лимон,2018-M01,2018,11861.0
0040,Olma,Яблоки,Apples,Олма,2018-M01,2018,8221.0
041,Nok,Груши,Pears,Нок,2018-M01,2018,12521.0
049,Uzum,Виноград,Grape,Узум,2018-M01,2018,13561.0
0050,Tarvuz,Арбуз,Watermelon,Тарвуз,2018-M01,2018,1398.0
0051,Qovun,Дыня,Melon,Қовун,2018-M01,2018,1579.0
053,Mayiz,Кишмиш,Kishmish,Майиз,2018-M01,2018,23697.0
055,Karam,Капуста,Cabbage,Карам,2018-M01,2018,909.0
057,Bodring,Огурцы,Cucumbers,Бодринг,2018-M01,2018,12297.0
058,Pomidor,Помидоры,Tomatoes,Помидор,2018-M01,2018,11217.0
059,Baqlajon,Баклажаны,Eggplant,Бақлажон,2018-M01,2018,0.0
0060,Bulg'or qalampiri,Перец болгарский,Bell pepper,Булғор қалампири,2018-M01,2018,9608.0
061,Qovoq,Тыква,Pumpkin,Қовоқ,2018-M01,2018,989.0
063,Sabzi,Морковь,Carrot,Сабзи,2018-M01,2018,944.0
065,Sarimsoq,Чеснок,Garlic,Саримсоқ,2018-M01,2018,6130.0
066,Piyoz,Лук репчатый,Onion,Пиёз,2018-M01,2018,1727.0
069,Kartoshka,Картофель,Potatoes,Картошка,2018-M01,2018,3424.0
0070,Loviya,Фасоль,Beans,Ловия,2018-M01,2018,0.0
071,No'xot,Горох,Peas,Нўхот,2018-M01,2018,0.0
0072,Mosh,Маш,Mash,Мош,2018-M01,2018,0.0
073,Shakar,Сахар песок,Sugar,Шакар,2018-M01,2018,0.0
002,Kruppa yormasi,Крупа манная,Semolina,Круппа ёрмаси,2018-M01,2018,1782.0
001,Guruch,Рис,Rice,Гуруч,2018-M02,2018,5247.0
003,Arpa,Ячмень,Barley,Арпа,2018-M02,2018,1882.0
0004,Bug'doy,Пшеница,Wheat,Буғдой,2018-M02,2018,1839.0
005,Jo'hori,Кукуруза,Corn,Жўҳори,2018-M02,2018,2047.0
006,Kepak,Отруби,Bran,Кепак,2018-M02,2018,1347.0
0008,Shrot,Шрот,Schroth,Шрот,2018-M02,2018,0.0
009,Shulxa,Шелуха,Husk,Шулха,2018-M02,2018,0.0
010,Kombikorm,Комбикорм,Compound feed,Комбикорм,2018-M02,2018,1893.0
011,Oliy navli bug'doy uni,Мука пшеничная высшего сорта,High-grade wheat flour,Олий навли буғдой уни,2018-M02,2018,2852.0
0012,1-navli bug'doy uni,Мука пшеничная первого сорта,First grade wheat flour,1-навли буғдой уни,2018-M02,2018,0.0
013,1-nav bug'doy unidan non,Хлеб пшеничный из муки 1-го сорта,Wheat bread from 1st grade flour,1-нав буғдой унидан нон,2018-M02,2018,0.0
017,Mol go'shti,Говядина,Beef,Мол гўшти,2018-M02,2018,32985.0
0020,Qo'y go'shti,Баранина,Mutton,Қўй гўшти,2018-M02,2018,33803.0
022,Tovuq go'shti,Мясо птицы,Poultry,Товуқ гўшти,2018-M02,2018,0.0
026,Turli baliqlar,Рыба всякая,Fish of all kinds,Турли балиқлар,2018-M02,2018,12603.0
027,Yangi sog'ilgan sut (1 litr),Молоко свежее (1 литр),Fresh milk (1 liter),Янги соғилган сут (1 литр),2018-M02,2018,3170.0
034,Tuxum (10 dona),Яйца (10 штук),Eggs (10 pieces ),Тухум (10 дона),2018-M02,2018,6109.0
035,Paxta yog'i (1 litr),Масло хлопковое (1 литр),Cottonseed oil (1 liter),Пахта ёғи (1 литр),2018-M02,2018,0.0
0036,Kungaboqar yog'i (1 litr),Масло подсолнечное (1 литр),Sunflower oil (1 liter),Кунгабоқар ёғи (1 литр),2018-M02,2018,0.0
037,Sariyog',Масло сливочное,Butter,Сариёғ,2018-M02,2018,29591.0
039,Limon,Лимоны,Lemons,Лимон,2018-M02,2018,12945.0
0040,Olma,Яблоки,Apples,Олма,2018-M02,2018,8400.0
041,Nok,Груши,Pears,Нок,2018-M02,2018,15606.0
049,Uzum,Виноград,Grape,Узум,2018-M02,2018,14433.0
0050,Tarvuz,Арбуз,Watermelon,Тарвуз,2018-M02,2018,0.0
0051,Qovun,Дыня,Melon,Қовун,2018-M02,2018,0.0
053,Mayiz,Кишмиш,Kishmish,Майиз,2018-M02,2018,24333.0
055,Karam,Капуста,Cabbage,Карам,2018-M02,2018,952.0
057,Bodring,Огурцы,Cucumbers,Бодринг,2018-M02,2018,13724.0
058,Pomidor,Помидоры,Tomatoes,Помидор,2018-M02,2018,12445.0
059,Baqlajon,Баклажаны,Eggplant,Бақлажон,2018-M02,2018,0.0
0060,Bulg'or qalampiri,Перец болгарский,Bell pepper,Булғор қалампири,2018-M02,2018,15050.0
061,Qovoq,Тыква,Pumpkin,Қовоқ,2018-M02,2018,961.0
063,Sabzi,Морковь,Carrot,Сабзи,2018-M02,2018,942.0
065,Sarimsoq,Чеснок,Garlic,Саримсоқ,2018-M02,2018,6403.0
066,Piyoz,Лук репчатый,Onion,Пиёз,2018-M02,2018,1511.0
069,Kartoshka,Картофель,Potatoes,Картошка,2018-M02,2018,3358.0
0070,Loviya,Фасоль,Beans,Ловия,2018-M02,2018,0.0
071,No'xot,Горох,Peas,Нўхот,2018-M02,2018,0.0
0072,Mosh,Маш,Mash,Мош,2018-M02,2018,0.0
073,Shakar,Сахар песок,Sugar,Шакар,2018-M02,2018,0.0
002,Kruppa yormasi,Крупа манная,Semolina,Круппа ёрмаси,2018-M02,2018,1882.0
001,Guruch,Рис,Rice,Гуруч,2018-M03,2018,5442.0
003,Arpa,Ячмень,Barley,Арпа,2018-M03,2018,1982.0
0004,Bug'doy,Пшеница,Wheat,Буғдой,2018-M03,2018,2024.0
005,Jo'hori,Кукуруза,Corn,Жўҳори,2018-M03,2018,2105.0
006,Kepak,Отруби,Bran,Кепак,2018-M03,2018,1442.0
0008,Shrot,Шрот,Schroth,Шрот,2018-M03,2018,0.0
009,Shulxa,Шелуха,Husk,Шулха,2018-M03,2018,0.0
010,Kombikorm,Комбикорм,Compound feed,Комбикорм,2018-M03,2018,2031.0
011,Oliy navli bug'doy uni,Мука пшеничная высшего сорта,High-grade wheat flour,Олий навли буғдой уни,2018-M03,2018,2926.0
0012,1-navli bug'doy uni,Мука пшеничная первого сорта,First grade wheat flour,1-навли буғдой уни,2018-M03,2018,0.0
013,1-nav bug'doy unidan non,Хлеб пшеничный из муки 1-го сорта,Wheat bread from 1st grade flour,1-нав буғдой унидан нон,2018-M03,2018,0.0
017,Mol go'shti,Говядина,Beef,Мол гўшти,2018-M03,2018,33788.0
0020,Qo'y go'shti,Баранина,Mutton,Қўй гўшти,2018-M03,2018,34545.0
022,Tovuq go'shti,Мясо птицы,Poultry,Товуқ гўшти,2018-M03,2018,0.0
026,Turli baliqlar,Рыба всякая,Fish of all kinds,Турли балиқлар,2018-M03,2018,13500.0
027,Yangi sog'ilgan sut (1 litr),Молоко свежее (1 литр),Fresh milk (1 liter),Янги соғилган сут (1 литр),2018-M03,2018,3187.0
034,Tuxum (10 dona),Яйца (10 штук),Eggs (10 pieces ),Тухум (10 дона),2018-M03,2018,5527.0
035,Paxta yog'i (1 litr),Масло хлопковое (1 литр),Cottonseed oil (1 liter),Пахта ёғи (1 литр),2018-M03,2018,0.0
0036,Kungaboqar yog'i (1 litr),Масло подсолнечное (1 литр),Sunflower oil (1 liter),Кунгабоқар ёғи (1 литр),2018-M03,2018,0.0
037,Sariyog',Масло сливочное,Butter,Сариёғ,2018-M03,2018,30152.0
039,Limon,Лимоны,Lemons,Лимон,2018-M03,2018,14612.0
0040,Olma,Яблоки,Apples,Олма,2018-M03,2018,8245.0
041,Nok,Груши,Pears,Нок,2018-M03,2018,14983.0
049,Uzum,Виноград,Grape,Узум,2018-M03,2018,14052.0
0050,Tarvuz,Арбуз,Watermelon,Тарвуз,2018-M03,2018,0.0
0051,Qovun,Дыня,Melon,Қовун,2018-M03,2018,0.0
053,Mayiz,Кишмиш,Kishmish,Майиз,2018-M03,2018,25242.0
055,Karam,Капуста,Cabbage,Карам,2018-M03,2018,950.0
057,Bodring,Огурцы,Cucumbers,Бодринг,2018-M03,2018,14606.0
058,Pomidor,Помидоры,Tomatoes,Помидор,2018-M03,2018,13833.0
059,Baqlajon,Баклажаны,Eggplant,Бақлажон,2018-M03,2018,0.0
0060,Bulg'or qalampiri,Перец болгарский,Bell pepper,Булғор қалампири,2018-M03,2018,30500.0
061,Qovoq,Тыква,Pumpkin,Қовоқ,2018-M03,2018,967.0
063,Sabzi,Морковь,Carrot,Сабзи,2018-M03,2018,892.0
065,Sarimsoq,Чеснок,Garlic,Саримсоқ,2018-M03,2018,7333.0
066,Piyoz,Лук репчатый,Onion,Пиёз,2018-M03,2018,1285.0
069,Kartoshka,Картофель,Potatoes,Картошка,2018-M03,2018,3171.0
0070,Loviya,Фасоль,Beans,Ловия,2018-M03,2018,0.0
071,No'xot,Горох,Peas,Нўхот,2018-M03,2018,0.0
0072,Mosh,Маш,Mash,Мош,2018-M03,2018,0.0
073,Shakar,Сахар песок,Sugar,Шакар,2018-M03,2018,0.0
002,Kruppa yormasi,Крупа манная,Semolina,Круппа ёрмаси,2018-M03,2018,1982.0
001,Guruch,Рис,Rice,Гуруч,2018-M04,2018,5291.0
003,Arpa,Ячмень,Barley,Арпа,2018-M04,2018,1995.0
0004,Bug'doy,Пшеница,Wheat,Буғдой,2018-M04,2018,2053.0
005,Jo'hori,Кукуруза,Corn,Жўҳори,2018-M04,2018,2126.0
006,Kepak,Отруби,Bran,Кепак,2018-M04,2018,1455.0
0008,Shrot,Шрот,Schroth,Шрот,2018-M04,2018,0.0
009,Shulxa,Шелуха,Husk,Шулха,2018-M04,2018,0.0
010,Kombikorm,Комбикорм,Compound feed,Комбикорм,2018-M04,2018,2065.0
011,Oliy navli bug'doy uni,Мука пшеничная высшего сорта,High-grade wheat flour,Олий навли буғдой уни,2018-M04,2018,2935.0
0012,1-navli bug'doy uni,Мука пшеничная первого сорта,First grade wheat flour,1-навли буғдой уни,2018-M04,2018,0.0
013,1-nav bug'doy unidan non,Хлеб пшеничный из муки 1-го сорта,Wheat bread from 1st grade flour,1-нав буғдой унидан нон,2018-M04,2018,0.0
017,Mol go'shti,Говядина,Beef,Мол гўшти,2018-M04,2018,34030.0
0020,Qo'y go'shti,Баранина,Mutton,Қўй гўшти,2018-M04,2018,34727.0
022,Tovuq go'shti,Мясо птицы,Poultry,Товуқ гўшти,2018-M04,2018,0.0
026,Turli baliqlar,Рыба всякая,Fish of all kinds,Турли балиқлар,2018-M04,2018,13736.0
027,Yangi sog'ilgan sut (1 litr),Молоко свежее (1 литр),Fresh milk (1 liter),Янги соғилган сут (1 литр),2018-M04,2018,3070.0
034,Tuxum (10 dona),Яйца (10 штук),Eggs (10 pieces ),Тухум (10 дона),2018-M04,2018,4997.0
035,Paxta yog'i (1 litr),Масло хлопковое (1 литр),Cottonseed oil (1 liter),Пахта ёғи (1 литр),2018-M04,2018,0.0
0036,Kungaboqar yog'i (1 litr),Масло подсолнечное (1 литр),Sunflower oil (1 liter),Кунгабоқар ёғи (1 литр),2018-M04,2018,0.0
037,Sariyog',Масло сливочное,Butter,Сариёғ,2018-M04,2018,30364.0
039,Limon,Лимоны,Lemons,Лимон,2018-M04,2018,17545.0
0040,Olma,Яблоки,Apples,Олма,2018-M04,2018,8885.0
041,Nok,Груши,Pears,Нок,2018-M04,2018,17852.0
049,Uzum,Виноград,Grape,Узум,2018-M04,2018,17089.0
0050,Tarvuz,Арбуз,Watermelon,Тарвуз,2018-M04,2018,0.0
0051,Qovun,Дыня,Melon,Қовун,2018-M04,2018,0.0
053,Mayiz,Кишмиш,Kishmish,Майиз,2018-M04,2018,25409.0
055,Karam,Капуста,Cabbage,Карам,2018-M04,2018,1376.0
057,Bodring,Огурцы,Cucumbers,Бодринг,2018-M04,2018,9697.0
058,Pomidor,Помидоры,Tomatoes,Помидор,2018-M04,2018,14061.0
059,Baqlajon,Баклажаны,Eggplant,Бақлажон,2018-M04,2018,0.0
0060,Bulg'or qalampiri,Перец болгарский,Bell pepper,Булғор қалампири,2018-M04,2018,26644.0
061,Qovoq,Тыква,Pumpkin,Қовоқ,2018-M04,2018,1050.0
063,Sabzi,Морковь,Carrot,Сабзи,2018-M04,2018,888.0
065,Sarimsoq,Чеснок,Garlic,Саримсоқ,2018-M04,2018,7630.0
066,Piyoz,Лук репчатый,Onion,Пиёз,2018-M04,2018,1158.0
069,Kartoshka,Картофель,Potatoes,Картошка,2018-M04,2018,4416.0
0070,Loviya,Фасоль,Beans,Ловия,2018-M04,2018,0.0
071,No'xot,Горох,Peas,Нўхот,2018-M04,2018,0.0
0072,Mosh,Маш,Mash,Мош,2018-M04,2018,0.0
073,Shakar,Сахар песок,Sugar,Шакар,2018-M04,2018,0.0
002,Kruppa yormasi,Крупа манная,Semolina,Круппа ёрмаси,2018-M04,2018,1995.0
001,Guruch,Рис,Rice,Гуруч,2018-M05,2018,5600.0
003,Arpa,Ячмень,Barley,Арпа,2018-M05,2018,1955.0
0004,Bug'doy,Пшеница,Wheat,Буғдой,2018-M05,2018,1997.0
005,Jo'hori,Кукуруза,Corn,Жўҳори,2018-M05,2018,2094.0
006,Kepak,Отруби,Bran,Кепак,2018-M05,2018,1439.0
0008,Shrot,Шрот,Schroth,Шрот,2018-M05,2018,0.0
009,Shulxa,Шелуха,Husk,Шулха,2018-M05,2018,0.0
010,Kombikorm,Комбикорм,Compound feed,Комбикорм,2018-M05,2018,2065.0
011,Oliy navli bug'doy uni,Мука пшеничная высшего сорта,High-grade wheat flour,Олий навли буғдой уни,2018-M05,2018,2939.0
0012,1-navli bug'doy uni,Мука пшеничная первого сорта,First grade wheat flour,1-навли буғдой уни,2018-M05,2018,0.0
013,1-nav bug'doy unidan non,Хлеб пшеничный из муки 1-го сорта,Wheat bread from 1st grade flour,1-нав буғдой унидан нон,2018-M05,2018,0.0
017,Mol go'shti,Говядина,Beef,Мол гўшти,2018-M05,2018,34167.0
0020,Qo'y go'shti,Баранина,Mutton,Қўй гўшти,2018-M05,2018,35015.0
022,Tovuq go'shti,Мясо птицы,Poultry,Товуқ гўшти,2018-M05,2018,0.0
026,Turli baliqlar,Рыба всякая,Fish of all kinds,Турли балиқлар,2018-M05,2018,0.0
027,Yangi sog'ilgan sut (1 litr),Молоко свежее (1 литр),Fresh milk (1 liter),Янги соғилган сут (1 литр),2018-M05,2018,2857.0
034,Tuxum (10 dona),Яйца (10 штук),Eggs (10 pieces ),Тухум (10 дона),2018-M05,2018,4994.0
035,Paxta yog'i (1 litr),Масло хлопковое (1 литр),Cottonseed oil (1 liter),Пахта ёғи (1 литр),2018-M05,2018,0.0
0036,Kungaboqar yog'i (1 litr),Масло подсолнечное (1 литр),Sunflower oil (1 liter),Кунгабоқар ёғи (1 литр),2018-M05,2018,0.0
037,Sariyog',Масло сливочное,Butter,Сариёғ,2018-M05,2018,28727.0
039,Limon,Лимоны,Lemons,Лимон,2018-M05,2018,23318.0
0040,Olma,Яблоки,Apples,Олма,2018-M05,2018,11779.0
041,Nok,Груши,Pears,Нок,2018-M05,2018,18056.0
049,Uzum,Виноград,Grape,Узум,2018-M05,2018,0.0
0050,Tarvuz,Арбуз,Watermelon,Тарвуз,2018-M05,2018,0.0
0051,Qovun,Дыня,Melon,Қовун,2018-M05,2018,0.0
053,Mayiz,Кишмиш,Kishmish,Майиз,2018-M05,2018,24818.0
055,Karam,Капуста,Cabbage,Карам,2018-M05,2018,1570.0
057,Bodring,Огурцы,Cucumbers,Бодринг,2018-M05,2018,4927.0
058,Pomidor,Помидоры,Tomatoes,Помидор,2018-M05,2018,8494.0
059,Baqlajon,Баклажаны,Eggplant,Бақлажон,2018-M05,2018,15167.0
0060,Bulg'or qalampiri,Перец болгарский,Bell pepper,Булғор қалампири,2018-M05,2018,13152.0
061,Qovoq,Тыква,Pumpkin,Қовоқ,2018-M05,2018,0.0
063,Sabzi,Морковь,Carrot,Сабзи,2018-M05,2018,1327.0
065,Sarimsoq,Чеснок,Garlic,Саримсоқ,2018-M05,2018,6915.0
066,Piyoz,Лук репчатый,Onion,Пиёз,2018-M05,2018,967.0
069,Kartoshka,Картофель,Potatoes,Картошка,2018-M05,2018,2744.0
0070,Loviya,Фасоль,Beans,Ловия,2018-M05,2018,0.0
071,No'xot,Горох,Peas,Нўхот,2018-M05,2018,0.0
0072,Mosh,Маш,Mash,Мош,2018-M05,2018,0.0
073,Shakar,Сахар песок,Sugar,Шакар,2018-M05,2018,0.0
002,Kruppa yormasi,Крупа манная,Semolina,Круппа ёрмаси,2018-M05,2018,1955.0
001,Guruch,Рис,Rice,Гуруч,2018-M06,2018,6888.0
003,Arpa,Ячмень,Barley,Арпа,2018-M06,2018,1850.0
0004,Bug'doy,Пшеница,Wheat,Буғдой,2018-M06,2018,1852.0
005,Jo'hori,Кукуруза,Corn,Жўҳори,2018-M06,2018,2035.0
006,Kepak,Отруби,Bran,Кепак,2018-M06,2018,1389.0
0008,Shrot,Шрот,Schroth,Шрот,2018-M06,2018,0.0
009,Shulxa,Шелуха,Husk,Шулха,2018-M06,2018,0.0
010,Kombikorm,Комбикорм,Compound feed,Комбикорм,2018-M06,2018,2044.0
011,Oliy navli bug'doy uni,Мука пшеничная высшего сорта,High-grade wheat flour,Олий навли буғдой уни,2018-M06,2018,2908.0
0012,1-navli bug'doy uni,Мука пшеничная первого сорта,First grade wheat flour,1-навли буғдой уни,2018-M06,2018,0.0
013,1-nav bug'doy unidan non,Хлеб пшеничный из муки 1-го сорта,Wheat bread from 1st grade flour,1-нав буғдой унидан нон,2018-M06,2018,0.0
017,Mol go'shti,Говядина,Beef,Мол гўшти,2018-M06,2018,36424.0
0020,Qo'y go'shti,Баранина,Mutton,Қўй гўшти,2018-M06,2018,36955.0
022,Tovuq go'shti,Мясо птицы,Poultry,Товуқ гўшти,2018-M06,2018,0.0
026,Turli baliqlar,Рыба всякая,Fish of all kinds,Турли балиқлар,2018-M06,2018,0.0
027,Yangi sog'ilgan sut (1 litr),Молоко свежее (1 литр),Fresh milk (1 liter),Янги соғилган сут (1 литр),2018-M06,2018,2770.0
034,Tuxum (10 dona),Яйца (10 штук),Eggs (10 pieces ),Тухум (10 дона),2018-M06,2018,4833.0
035,Paxta yog'i (1 litr),Масло хлопковое (1 литр),Cottonseed oil (1 liter),Пахта ёғи (1 литр),2018-M06,2018,0.0
0036,Kungaboqar yog'i (1 litr),Масло подсолнечное (1 литр),Sunflower oil (1 liter),Кунгабоқар ёғи (1 литр),2018-M06,2018,0.0
037,Sariyog',Масло сливочное,Butter,Сариёғ,2018-M06,2018,28303.0
039,Limon,Лимоны,Lemons,Лимон,2018-M06,2018,27273.0
0040,Olma,Яблоки,Apples,Олма,2018-M06,2018,9303.0
041,Nok,Груши,Pears,Нок,2018-M06,2018,18067.0
049,Uzum,Виноград,Grape,Узум,2018-M06,2018,8750.0
0050,Tarvuz,Арбуз,Watermelon,Тарвуз,2018-M06,2018,2844.0
0051,Qovun,Дыня,Melon,Қовун,2018-M06,2018,5775.0
053,Mayiz,Кишмиш,Kishmish,Майиз,2018-M06,2018,24606.0
055,Karam,Капуста,Cabbage,Карам,2018-M06,2018,1548.0
057,Bodring,Огурцы,Cucumbers,Бодринг,2018-M06,2018,2417.0
058,Pomidor,Помидоры,Tomatoes,Помидор,2018-M06,2018,3612.0
059,Baqlajon,Баклажаны,Eggplant,Бақлажон,2018-M06,2018,5768.0
0060,Bulg'or qalampiri,Перец болгарский,Bell pepper,Булғор қалампири,2018-M06,2018,5597.0
061,Qovoq,Тыква,Pumpkin,Қовоқ,2018-M06,2018,2525.0
063,Sabzi,Морковь,Carrot,Сабзи,2018-M06,2018,1353.0
065,Sarimsoq,Чеснок,Garlic,Саримсоқ,2018-M06,2018,6488.0
066,Piyoz,Лук репчатый,Onion,Пиёз,2018-M06,2018,935.0
069,Kartoshka,Картофель,Potatoes,Картошка,2018-M06,2018,1836.0
0070,Loviya,Фасоль,Beans,Ловия,2018-M06,2018,0.0
071,No'xot,Горох,Peas,Нўхот,2018-M06,2018,0.0
0072,Mosh,Маш,Mash,Мош,2018-M06,2018,0.0
073,Shakar,Сахар песок,Sugar,Шакар,2018-M06,2018,0.0
002,Kruppa yormasi,Крупа манная,Semolina,Круппа ёрмаси,2018-M06,2018,1850.0
001,Guruch,Рис,Rice,Гуруч,2018-M07,2018,7085.0
003,Arpa,Ячмень,Barley,Арпа,2018-M07,2018,1930.0
0004,Bug'doy,Пшеница,Wheat,Буғдой,2018-M07,2018,1814.0
005,Jo'hori,Кукуруза,Corn,Жўҳори,2018-M07,2018,2220.0
006,Kepak,Отруби,Bran,Кепак,2018-M07,2018,1476.0
0008,Shrot,Шрот,Schroth,Шрот,2018-M07,2018,0.0
009,Shulxa,Шелуха,Husk,Шулха,2018-M07,2018,0.0
010,Kombikorm,Комбикорм,Compound feed,Комбикорм,2018-M07,2018,2002.0
011,Oliy navli bug'doy uni,Мука пшеничная высшего сорта,High-grade wheat flour,Олий навли буғдой уни,2018-M07,2018,2876.0
0012,1-navli bug'doy uni,Мука пшеничная первого сорта,First grade wheat flour,1-навли буғдой уни,2018-M07,2018,0.0
013,1-nav bug'doy unidan non,Хлеб пшеничный из муки 1-го сорта,Wheat bread from 1st grade flour,1-нав буғдой унидан нон,2018-M07,2018,0.0
017,Mol go'shti,Говядина,Beef,Мол гўшти,2018-M07,2018,37409.0
0020,Qo'y go'shti,Баранина,Mutton,Қўй гўшти,2018-M07,2018,38000.0
022,Tovuq go'shti,Мясо птицы,Poultry,Товуқ гўшти,2018-M07,2018,0.0
026,Turli baliqlar,Рыба всякая,Fish of all kinds,Турли балиқлар,2018-M07,2018,0.0
027,Yangi sog'ilgan sut (1 litr),Молоко свежее (1 литр),Fresh milk (1 liter),Янги соғилган сут (1 литр),2018-M07,2018,2839.0
034,Tuxum (10 dona),Яйца (10 штук),Eggs (10 pieces ),Тухум (10 дона),2018-M07,2018,4906.0
035,Paxta yog'i (1 litr),Масло хлопковое (1 литр),Cottonseed oil (1 liter),Пахта ёғи (1 литр),2018-M07,2018,0.0
0036,Kungaboqar yog'i (1 litr),Масло подсолнечное (1 литр),Sunflower oil (1 liter),Кунгабоқар ёғи (1 литр),2018-M07,2018,0.0
037,Sariyog',Масло сливочное,Butter,Сариёғ,2018-M07,2018,29955.0
039,Limon,Лимоны,Lemons,Лимон,2018-M07,2018,26750.0
0040,Olma,Яблоки,Apples,Олма,2018-M07,2018,4788.0
041,Nok,Груши,Pears,Нок,2018-M07,2018,15611.0
049,Uzum,Виноград,Grape,Узум,2018-M07,2018,5676.0
0050,Tarvuz,Арбуз,Watermelon,Тарвуз,2018-M07,2018,1412.0
0051,Qovun,Дыня,Melon,Қовун,2018-M07,2018,2615.0
053,Mayiz,Кишмиш,Kishmish,Майиз,2018-M07,2018,23288.0
055,Karam,Капуста,Cabbage,Карам,2018-M07,2018,1352.0
057,Bodring,Огурцы,Cucumbers,Бодринг,2018-M07,2018,1942.0
058,Pomidor,Помидоры,Tomatoes,Помидор,2018-M07,2018,1853.0
059,Baqlajon,Баклажаны,Eggplant,Бақлажон,2018-M07,2018,2506.0
0060,Bulg'or qalampiri,Перец болгарский,Bell pepper,Булғор қалампири,2018-M07,2018,2882.0
061,Qovoq,Тыква,Pumpkin,Қовоқ,2018-M07,2018,1700.0
063,Sabzi,Морковь,Carrot,Сабзи,2018-M07,2018,1427.0
065,Sarimsoq,Чеснок,Garlic,Саримсоқ,2018-M07,2018,5485.0
066,Piyoz,Лук репчатый,Onion,Пиёз,2018-M07,2018,932.0
069,Kartoshka,Картофель,Potatoes,Картошка,2018-M07,2018,1479.0
0070,Loviya,Фасоль,Beans,Ловия,2018-M07,2018,0.0
071,No'xot,Горох,Peas,Нўхот,2018-M07,2018,0.0
0072,Mosh,Маш,Mash,Мош,2018-M07,2018,0.0
073,Shakar,Сахар песок,Sugar,Шакар,2018-M07,2018,0.0
002,Kruppa yormasi,Крупа манная,Semolina,Круппа ёрмаси,2018-M07,2018,1930.0
001,Guruch,Рис,Rice,Гуруч,2018-M08,2018,7018.0
003,Arpa,Ячмень,Barley,Арпа,2018-M08,2018,1958.0
0004,Bug'doy,Пшеница,Wheat,Буғдой,2018-M08,2018,1829.0
005,Jo'hori,Кукуруза,Corn,Жўҳори,2018-M08,2018,2235.0
006,Kepak,Отруби,Bran,Кепак,2018-M08,2018,1468.0
0008,Shrot,Шрот,Schroth,Шрот,2018-M08,2018,0.0
009,Shulxa,Шелуха,Husk,Шулха,2018-M08,2018,0.0
010,Kombikorm,Комбикорм,Compound feed,Комбикорм,2018-M08,2018,2000.0
011,Oliy navli bug'doy uni,Мука пшеничная высшего сорта,High-grade wheat flour,Олий навли буғдой уни,2018-M08,2018,2855.0
0012,1-navli bug'doy uni,Мука пшеничная первого сорта,First grade wheat flour,1-навли буғдой уни,2018-M08,2018,0.0
013,1-nav bug'doy unidan non,Хлеб пшеничный из муки 1-го сорта,Wheat bread from 1st grade flour,1-нав буғдой унидан нон,2018-M08,2018,0.0
017,Mol go'shti,Говядина,Beef,Мол гўшти,2018-M08,2018,37939.0
0020,Qo'y go'shti,Баранина,Mutton,Қўй гўшти,2018-M08,2018,38576.0
022,Tovuq go'shti,Мясо птицы,Poultry,Товуқ гўшти,2018-M08,2018,0.0
026,Turli baliqlar,Рыба всякая,Fish of all kinds,Турли балиқлар,2018-M08,2018,12500.0
027,Yangi sog'ilgan sut (1 litr),Молоко свежее (1 литр),Fresh milk (1 liter),Янги соғилган сут (1 литр),2018-M08,2018,2627.0
034,Tuxum (10 dona),Яйца (10 штук),Eggs (10 pieces ),Тухум (10 дона),2018-M08,2018,4800.0
035,Paxta yog'i (1 litr),Масло хлопковое (1 литр),Cottonseed oil (1 liter),Пахта ёғи (1 литр),2018-M08,2018,0.0
0036,Kungaboqar yog'i (1 litr),Масло подсолнечное (1 литр),Sunflower oil (1 liter),Кунгабоқар ёғи (1 литр),2018-M08,2018,0.0
037,Sariyog',Масло сливочное,Butter,Сариёғ,2018-M08,2018,29818.0
039,Limon,Лимоны,Lemons,Лимон,2018-M08,2018,32889.0
0040,Olma,Яблоки,Apples,Олма,2018-M08,2018,4227.0
041,Nok,Груши,Pears,Нок,2018-M08,2018,9236.0
049,Uzum,Виноград,Grape,Узум,2018-M08,2018,4894.0
0050,Tarvuz,Арбуз,Watermelon,Тарвуз,2018-M08,2018,1424.0
0051,Qovun,Дыня,Melon,Қовун,2018-M08,2018,2115.0
053,Mayiz,Кишмиш,Kishmish,Майиз,2018-M08,2018,22955.0
055,Karam,Капуста,Cabbage,Карам,2018-M08,2018,1212.0
057,Bodring,Огурцы,Cucumbers,Бодринг,2018-M08,2018,1894.0
058,Pomidor,Помидоры,Tomatoes,Помидор,2018-M08,2018,1900.0
059,Baqlajon,Баклажаны,Eggplant,Бақлажон,2018-M08,2018,1888.0
0060,Bulg'or qalampiri,Перец болгарский,Bell pepper,Булғор қалампири,2018-M08,2018,2285.0
061,Qovoq,Тыква,Pumpkin,Қовоқ,2018-M08,2018,1773.0
063,Sabzi,Морковь,Carrot,Сабзи,2018-M08,2018,1406.0
065,Sarimsoq,Чеснок,Garlic,Саримсоқ,2018-M08,2018,4848.0
066,Piyoz,Лук репчатый,Onion,Пиёз,2018-M08,2018,891.0
069,Kartoshka,Картофель,Potatoes,Картошка,2018-M08,2018,1270.0
0070,Loviya,Фасоль,Beans,Ловия,2018-M08,2018,0.0
071,No'xot,Горох,Peas,Нўхот,2018-M08,2018,0.0
0072,Mosh,Маш,Mash,Мош,2018-M08,2018,0.0
073,Shakar,Сахар песок,Sugar,Шакар,2018-M08,2018,0.0
002,Kruppa yormasi,Крупа манная,Semolina,Круппа ёрмаси,2018-M08,2018,1958.0
001,Guruch,Рис,Rice,Гуруч,2018-M09,2018,7027.0
003,Arpa,Ячмень,Barley,Арпа,2018-M09,2018,1945.0
0004,Bug'doy,Пшеница,Wheat,Буғдой,2018-M09,2018,1844.0
005,Jo'hori,Кукуруза,Corn,Жўҳори,2018-M09,2018,2241.0
006,Kepak,Отруби,Bran,Кепак,2018-M09,2018,1471.0
0008,Shrot,Шрот,Schroth,Шрот,2018-M09,2018,0.0
009,Shulxa,Шелуха,Husk,Шулха,2018-M09,2018,0.0
010,Kombikorm,Комбикорм,Compound feed,Комбикорм,2018-M09,2018,2003.0
011,Oliy navli bug'doy uni,Мука пшеничная высшего сорта,High-grade wheat flour,Олий навли буғдой уни,2018-M09,2018,2861.0
0012,1-navli bug'doy uni,Мука пшеничная первого сорта,First grade wheat flour,1-навли буғдой уни,2018-M09,2018,0.0
013,1-nav bug'doy unidan non,Хлеб пшеничный из муки 1-го сорта,Wheat bread from 1st grade flour,1-нав буғдой унидан нон,2018-M09,2018,0.0
017,Mol go'shti,Говядина,Beef,Мол гўшти,2018-M09,2018,38000.0
0020,Qo'y go'shti,Баранина,Mutton,Қўй гўшти,2018-M09,2018,38727.0
022,Tovuq go'shti,Мясо птицы,Poultry,Товуқ гўшти,2018-M09,2018,0.0
026,Turli baliqlar,Рыба всякая,Fish of all kinds,Турли балиқлар,2018-M09,2018,12500.0
027,Yangi sog'ilgan sut (1 litr),Молоко свежее (1 литр),Fresh milk (1 liter),Янги соғилган сут (1 литр),2018-M09,2018,2745.0
034,Tuxum (10 dona),Яйца (10 штук),Eggs (10 pieces ),Тухум (10 дона),2018-M09,2018,4970.0
035,Paxta yog'i (1 litr),Масло хлопковое (1 литр),Cottonseed oil (1 liter),Пахта ёғи (1 литр),2018-M09,2018,0.0
0036,Kungaboqar yog'i (1 litr),Масло подсолнечное (1 литр),Sunflower oil (1 liter),Кунгабоқар ёғи (1 литр),2018-M09,2018,0.0
037,Sariyog',Масло сливочное,Butter,Сариёғ,2018-M09,2018,29561.0
039,Limon,Лимоны,Lemons,Лимон,2018-M09,2018,31556.0
0040,Olma,Яблоки,Apples,Олма,2018-M09,2018,4030.0
041,Nok,Груши,Pears,Нок,2018-M09,2018,7867.0
049,Uzum,Виноград,Grape,Узум,2018-M09,2018,4115.0
0050,Tarvuz,Арбуз,Watermelon,Тарвуз,2018-M09,2018,1294.0
0051,Qovun,Дыня,Melon,Қовун,2018-M09,2018,1855.0
053,Mayiz,Кишмиш,Kishmish,Майиз,2018-M09,2018,22924.0
055,Karam,Капуста,Cabbage,Карам,2018-M09,2018,1579.0
057,Bodring,Огурцы,Cucumbers,Бодринг,2018-M09,2018,2539.0
058,Pomidor,Помидоры,Tomatoes,Помидор,2018-M09,2018,3691.0
059,Baqlajon,Баклажаны,Eggplant,Бақлажон,2018-M09,2018,1806.0
0060,Bulg'or qalampiri,Перец болгарский,Bell pepper,Булғор қалампири,2018-M09,2018,2133.0
061,Qovoq,Тыква,Pumpkin,Қовоқ,2018-M09,2018,1668.0
063,Sabzi,Морковь,Carrot,Сабзи,2018-M09,2018,1800.0
065,Sarimsoq,Чеснок,Garlic,Саримсоқ,2018-M09,2018,4212.0
066,Piyoz,Лук репчатый,Onion,Пиёз,2018-M09,2018,918.0
069,Kartoshka,Картофель,Potatoes,Картошка,2018-M09,2018,1621.0
0070,Loviya,Фасоль,Beans,Ловия,2018-M09,2018,0.0
071,No'xot,Горох,Peas,Нўхот,2018-M09,2018,0.0
0072,Mosh,Маш,Mash,Мош,2018-M09,2018,0.0
073,Shakar,Сахар песок,Sugar,Шакар,2018-M09,2018,0.0
002,Kruppa yormasi,Крупа манная,Semolina,Круппа ёрмаси,2018-M09,2018,1945.0
001,Guruch,Рис,Rice,Гуруч,2018-M10,2018,7106.0
003,Arpa,Ячмень,Barley,Арпа,2018-M10,2018,1973.0
0004,Bug'doy,Пшеница,Wheat,Буғдой,2018-M10,2018,1856.0
005,Jo'hori,Кукуруза,Corn,Жўҳори,2018-M10,2018,2236.0
006,Kepak,Отруби,Bran,Кепак,2018-M10,2018,1480.0
0008,Shrot,Шрот,Schroth,Шрот,2018-M10,2018,0.0
009,Shulxa,Шелуха,Husk,Шулха,2018-M10,2018,0.0
010,Kombikorm,Комбикорм,Compound feed,Комбикорм,2018-M10,2018,2029.0
011,Oliy navli bug'doy uni,Мука пшеничная высшего сорта,High-grade wheat flour,Олий навли буғдой уни,2018-M10,2018,2874.0
0012,1-navli bug'doy uni,Мука пшеничная первого сорта,First grade wheat flour,1-навли буғдой уни,2018-M10,2018,0.0
013,1-nav bug'doy unidan non,Хлеб пшеничный из муки 1-го сорта,Wheat bread from 1st grade flour,1-нав буғдой унидан нон,2018-M10,2018,0.0
017,Mol go'shti,Говядина,Beef,Мол гўшти,2018-M10,2018,38000.0
0020,Qo'y go'shti,Баранина,Mutton,Қўй гўшти,2018-M10,2018,38697.0
022,Tovuq go'shti,Мясо птицы,Poultry,Товуқ гўшти,2018-M10,2018,0.0
026,Turli baliqlar,Рыба всякая,Fish of all kinds,Турли балиқлар,2018-M10,2018,12583.0
027,Yangi sog'ilgan sut (1 litr),Молоко свежее (1 литр),Fresh milk (1 liter),Янги соғилган сут (1 литр),2018-M10,2018,2867.0
034,Tuxum (10 dona),Яйца (10 штук),Eggs (10 pieces ),Тухум (10 дона),2018-M10,2018,5424.0
035,Paxta yog'i (1 litr),Масло хлопковое (1 литр),Cottonseed oil (1 liter),Пахта ёғи (1 литр),2018-M10,2018,0.0
0036,Kungaboqar yog'i (1 litr),Масло подсолнечное (1 литр),Sunflower oil (1 liter),Кунгабоқар ёғи (1 литр),2018-M10,2018,0.0
037,Sariyog',Масло сливочное,Butter,Сариёғ,2018-M10,2018,29970.0
039,Limon,Лимоны,Lemons,Лимон,2018-M10,2018,25130.0
0040,Olma,Яблоки,Apples,Олма,2018-M10,2018,3600.0
041,Nok,Груши,Pears,Нок,2018-M10,2018,7897.0
049,Uzum,Виноград,Grape,Узум,2018-M10,2018,3709.0
0050,Tarvuz,Арбуз,Watermelon,Тарвуз,2018-M10,2018,1197.0
0051,Qovun,Дыня,Melon,Қовун,2018-M10,2018,1694.0
053,Mayiz,Кишмиш,Kishmish,Майиз,2018-M10,2018,23106.0
055,Karam,Капуста,Cabbage,Карам,2018-M10,2018,2475.0
057,Bodring,Огурцы,Cucumbers,Бодринг,2018-M10,2018,2867.0
058,Pomidor,Помидоры,Tomatoes,Помидор,2018-M10,2018,3645.0
059,Baqlajon,Баклажаны,Eggplant,Бақлажон,2018-M10,2018,1894.0
0060,Bulg'or qalampiri,Перец болгарский,Bell pepper,Булғор қалампири,2018-M10,2018,2273.0
061,Qovoq,Тыква,Pumpkin,Қовоқ,2018-M10,2018,1413.0
063,Sabzi,Морковь,Carrot,Сабзи,2018-M10,2018,2120.0
065,Sarimsoq,Чеснок,Garlic,Саримсоқ,2018-M10,2018,3964.0
066,Piyoz,Лук репчатый,Onion,Пиёз,2018-M10,2018,988.0
069,Kartoshka,Картофель,Potatoes,Картошка,2018-M10,2018,1977.0
0070,Loviya,Фасоль,Beans,Ловия,2018-M10,2018,0.0
071,No'xot,Горох,Peas,Нўхот,2018-M10,2018,0.0
0072,Mosh,Маш,Mash,Мош,2018-M10,2018,0.0
073,Shakar,Сахар песок,Sugar,Шакар,2018-M10,2018,0.0
002,Kruppa yormasi,Крупа манная,Semolina,Круппа ёрмаси,2018-M10,2018,1973.0
001,Guruch,Рис,Rice,Гуруч,2018-M11,2018,7630.0
003,Arpa,Ячмень,Barley,Арпа,2018-M11,2018,2080.0
0004,Bug'doy,Пшеница,Wheat,Буғдой,2018-M11,2018,1936.0
005,Jo'hori,Кукуруза,Corn,Жўҳори,2018-M11,2018,2258.0
006,Kepak,Отруби,Bran,Кепак,2018-M11,2018,1494.0
0008,Shrot,Шрот,Schroth,Шрот,2018-M11,2018,0.0
009,Shulxa,Шелуха,Husk,Шулха,2018-M11,2018,0.0
010,Kombikorm,Комбикорм,Compound feed,Комбикорм,2018-M11,2018,2132.0
011,Oliy navli bug'doy uni,Мука пшеничная высшего сорта,High-grade wheat flour,Олий навли буғдой уни,2018-M11,2018,2917.0
0012,1-navli bug'doy uni,Мука пшеничная первого сорта,First grade wheat flour,1-навли буғдой уни,2018-M11,2018,0.0
013,1-nav bug'doy unidan non,Хлеб пшеничный из муки 1-го сорта,Wheat bread from 1st grade flour,1-нав буғдой унидан нон,2018-M11,2018,0.0
017,Mol go'shti,Говядина,Beef,Мол гўшти,2018-M11,2018,37848.0
0020,Qo'y go'shti,Баранина,Mutton,Қўй гўшти,2018-M11,2018,38727.0
022,Tovuq go'shti,Мясо птицы,Poultry,Товуқ гўшти,2018-M11,2018,0.0
026,Turli baliqlar,Рыба всякая,Fish of all kinds,Турли балиқлар,2018-M11,2018,14729.0
027,Yangi sog'ilgan sut (1 litr),Молоко свежее (1 литр),Fresh milk (1 liter),Янги соғилган сут (1 литр),2018-M11,2018,2979.0
034,Tuxum (10 dona),Яйца (10 штук),Eggs (10 pieces ),Тухум (10 дона),2018-M11,2018,6058.0
035,Paxta yog'i (1 litr),Масло хлопковое (1 литр),Cottonseed oil (1 liter),Пахта ёғи (1 литр),2018-M11,2018,0.0
0036,Kungaboqar yog'i (1 litr),Масло подсолнечное (1 литр),Sunflower oil (1 liter),Кунгабоқар ёғи (1 литр),2018-M11,2018,0.0
037,Sariyog',Масло сливочное,Butter,Сариёғ,2018-M11,2018,29879.0
039,Limon,Лимоны,Lemons,Лимон,2018-M11,2018,19176.0
0040,Olma,Яблоки,Apples,Олма,2018-M11,2018,3418.0
041,Nok,Груши,Pears,Нок,2018-M11,2018,8258.0
049,Uzum,Виноград,Grape,Узум,2018-M11,2018,3667.0
0050,Tarvuz,Арбуз,Watermelon,Тарвуз,2018-M11,2018,1244.0
0051,Qovun,Дыня,Melon,Қовун,2018-M11,2018,1721.0
053,Mayiz,Кишмиш,Kishmish,Майиз,2018-M11,2018,23500.0
055,Karam,Капуста,Cabbage,Карам,2018-M11,2018,2460.0
057,Bodring,Огурцы,Cucumbers,Бодринг,2018-M11,2018,5597.0
058,Pomidor,Помидоры,Tomatoes,Помидор,2018-M11,2018,4936.0
059,Baqlajon,Баклажаны,Eggplant,Бақлажон,2018-M11,2018,2222.0
0060,Bulg'or qalampiri,Перец болгарский,Bell pepper,Булғор қалампири,2018-M11,2018,2384.0
061,Qovoq,Тыква,Pumpkin,Қовоқ,2018-M11,2018,1297.0
063,Sabzi,Морковь,Carrot,Сабзи,2018-M11,2018,2195.0
065,Sarimsoq,Чеснок,Garlic,Саримсоқ,2018-M11,2018,4024.0
066,Piyoz,Лук репчатый,Onion,Пиёз,2018-M11,2018,945.0
069,Kartoshka,Картофель,Potatoes,Картошка,2018-M11,2018,2343.0
0070,Loviya,Фасоль,Beans,Ловия,2018-M11,2018,0.0
071,No'xot,Горох,Peas,Нўхот,2018-M11,2018,0.0
0072,Mosh,Маш,Mash,Мош,2018-M11,2018,0.0
073,Shakar,Сахар песок,Sugar,Шакар,2018-M11,2018,0.0
002,Kruppa yormasi,Крупа манная,Semolina,Круппа ёрмаси,2018-M11,2018,2080.0
001,Guruch,Рис,Rice,Гуруч,2018-M12,2018,7870.0
003,Arpa,Ячмень,Barley,Арпа,2018-M12,2018,2240.0
0004,Bug'doy,Пшеница,Wheat,Буғдой,2018-M12,2018,2197.0
005,Jo'hori,Кукуруза,Corn,Жўҳори,2018-M12,2018,2442.0
006,Kepak,Отруби,Bran,Кепак,2018-M12,2018,1541.0
0008,Shrot,Шрот,Schroth,Шрот,2018-M12,2018,0.0
009,Shulxa,Шелуха,Husk,Шулха,2018-M12,2018,0.0
010,Kombikorm,Комбикорм,Compound feed,Комбикорм,2018-M12,2018,2519.0
011,Oliy navli bug'doy uni,Мука пшеничная высшего сорта,High-grade wheat flour,Олий навли буғдой уни,2018-M12,2018,3182.0
0012,1-navli bug'doy uni,Мука пшеничная первого сорта,First grade wheat flour,1-навли буғдой уни,2018-M12,2018,0.0
013,1-nav bug'doy unidan non,Хлеб пшеничный из муки 1-го сорта,Wheat bread from 1st grade flour,1-нав буғдой унидан нон,2018-M12,2018,0.0
017,Mol go'shti,Говядина,Beef,Мол гўшти,2018-M12,2018,37727.0
0020,Qo'y go'shti,Баранина,Mutton,Қўй гўшти,2018-M12,2018,38636.0
022,Tovuq go'shti,Мясо птицы,Poultry,Товуқ гўшти,2018-M12,2018,0.0
026,Turli baliqlar,Рыба всякая,Fish of all kinds,Турли балиқлар,2018-M12,2018,14856.0
027,Yangi sog'ilgan sut (1 litr),Молоко свежее (1 литр),Fresh milk (1 liter),Янги соғилган сут (1 литр),2018-M12,2018,3200.0
034,Tuxum (10 dona),Яйца (10 штук),Eggs (10 pieces ),Тухум (10 дона),2018-M12,2018,6397.0
035,Paxta yog'i (1 litr),Масло хлопковое (1 литр),Cottonseed oil (1 liter),Пахта ёғи (1 литр),2018-M12,2018,0.0
0036,Kungaboqar yog'i (1 litr),Масло подсолнечное (1 литр),Sunflower oil (1 liter),Кунгабоқар ёғи (1 литр),2018-M12,2018,0.0
037,Sariyog',Масло сливочное,Butter,Сариёғ,2018-M12,2018,30076.0
039,Limon,Лимоны,Lemons,Лимон,2018-M12,2018,14879.0
0040,Olma,Яблоки,Apples,Олма,2018-M12,2018,3630.0
041,Nok,Груши,Pears,Нок,2018-M12,2018,10479.0
049,Uzum,Виноград,Grape,Узум,2018-M12,2018,4779.0
0050,Tarvuz,Арбуз,Watermelon,Тарвуз,2018-M12,2018,1333.0
0051,Qovun,Дыня,Melon,Қовун,2018-M12,2018,1770.0
053,Mayiz,Кишмиш,Kishmish,Майиз,2018-M12,2018,23667.0
055,Karam,Капуста,Cabbage,Карам,2018-M12,2018,2256.0
057,Bodring,Огурцы,Cucumbers,Бодринг,2018-M12,2018,11361.0
058,Pomidor,Помидоры,Tomatoes,Помидор,2018-M12,2018,7206.0
059,Baqlajon,Баклажаны,Eggplant,Бақлажон,2018-M12,2018,0.0
0060,Bulg'or qalampiri,Перец болгарский,Bell pepper,Булғор қалампири,2018-M12,2018,6850.0
061,Qovoq,Тыква,Pumpkin,Қовоқ,2018-M12,2018,1252.0
063,Sabzi,Морковь,Carrot,Сабзи,2018-M12,2018,2024.0
065,Sarimsoq,Чеснок,Garlic,Саримсоқ,2018-M12,2018,3858.0
066,Piyoz,Лук репчатый,Onion,Пиёз,2018-M12,2018,894.0
069,Kartoshka,Картофель,Potatoes,Картошка,2018-M12,2018,2445.0
0070,Loviya,Фасоль,Beans,Ловия,2018-M12,2018,0.0
071,No'xot,Горох,Peas,Нўхот,2018-M12,2018,0.0
0072,Mosh,Маш,Mash,Мош,2018-M12,2018,0.0
073,Shakar,Сахар песок,Sugar,Шакар,2018-M12,2018,0.0
002,Kruppa yormasi,Крупа манная,Semolina,Круппа ёрмаси,2018-M12,2018,2240.0
001,Guruch,Рис,Rice,Гуруч,2019-M01,2019,7755.0
003,Arpa,Ячмень,Barley,Арпа,2019-M01,2019,2236.0
0004,Bug'doy,Пшеница,Wheat,Буғдой,2019-M01,2019,2212.0
005,Jo'hori,Кукуруза,Corn,Жўҳори,2019-M01,2019,2438.0
006,Kepak,Отруби,Bran,Кепак,2019-M01,2019,1614.0
0008,Shrot,Шрот,Schroth,Шрот,2019-M01,2019,2451.0
009,Shulxa,Шелуха,Husk,Шулха,2019-M01,2019,2060.0
010,Kombikorm,Комбикорм,Compound feed,Комбикорм,2019-M01,2019,1828.0
011,Oliy navli bug'doy uni,Мука пшеничная высшего сорта,High-grade wheat flour,Олий навли буғдой уни,2019-M01,2019,0.0
0012,1-navli bug'doy uni,Мука пшеничная первого сорта,First grade wheat flour,1-навли буғдой уни,2019-M01,2019,0.0
013,1-nav bug'doy unidan non,Хлеб пшеничный из муки 1-го сорта,Wheat bread from 1st grade flour,1-нав буғдой унидан нон,2019-M01,2019,0.0
017,Mol go'shti,Говядина,Beef,Мол гўшти,2019-M01,2019,37247.0
0020,Qo'y go'shti,Баранина,Mutton,Қўй гўшти,2019-M01,2019,38036.0
022,Tovuq go'shti,Мясо птицы,Poultry,Товуқ гўшти,2019-M01,2019,17603.0
026,Turli baliqlar,Рыба всякая,Fish of all kinds,Турли балиқлар,2019-M01,2019,14458.0
027,Yangi sog'ilgan sut (1 litr),Молоко свежее (1 литр),Fresh milk (1 liter),Янги соғилган сут (1 литр),2019-M01,2019,3176.0
034,Tuxum (10 dona),Яйца (10 штук),Eggs (10 pieces ),Тухум (10 дона),2019-M01,2019,5967.0
035,Paxta yog'i (1 litr),Масло хлопковое (1 литр),Cottonseed oil (1 liter),Пахта ёғи (1 литр),2019-M01,2019,0.0
0036,Kungaboqar yog'i (1 litr),Масло подсолнечное (1 литр),Sunflower oil (1 liter),Кунгабоқар ёғи (1 литр),2019-M01,2019,0.0
037,Sariyog',Масло сливочное,Butter,Сариёғ,2019-M01,2019,30653.0
039,Limon,Лимоны,Lemons,Лимон,2019-M01,2019,11439.0
0040,Olma,Яблоки,Apples,Олма,2019-M01,2019,3794.0
041,Nok,Груши,Pears,Нок,2019-M01,2019,11411.0
049,Uzum,Виноград,Grape,Узум,2019-M01,2019,7777.0
0050,Tarvuz,Арбуз,Watermelon,Тарвуз,2019-M01,2019,1393.0
0051,Qovun,Дыня,Melon,Қовун,2019-M01,2019,1915.0
053,Mayiz,Кишмиш,Kishmish,Майиз,2019-M01,2019,24197.0
055,Karam,Капуста,Cabbage,Карам,2019-M01,2019,1784.0
057,Bodring,Огурцы,Cucumbers,Бодринг,2019-M01,2019,14630.0
058,Pomidor,Помидоры,Tomatoes,Помидор,2019-M01,2019,11615.0
059,Baqlajon,Баклажаны,Eggplant,Бақлажон,2019-M01,2019,0.0
0060,Bulg'or qalampiri,Перец болгарский,Bell pepper,Булғор қалампири,2019-M01,2019,10280.0
061,Qovoq,Тыква,Pumpkin,Қовоқ,2019-M01,2019,1136.0
063,Sabzi,Морковь,Carrot,Сабзи,2019-M01,2019,1638.0
065,Sarimsoq,Чеснок,Garlic,Саримсоқ,2019-M01,2019,3896.0
066,Piyoz,Лук репчатый,Onion,Пиёз,2019-M01,2019,874.0
069,Kartoshka,Картофель,Potatoes,Картошка,2019-M01,2019,2064.0
0070,Loviya,Фасоль,Beans,Ловия,2019-M01,2019,6385.0
071,No'xot,Горох,Peas,Нўхот,2019-M01,2019,7967.0
0072,Mosh,Маш,Mash,Мош,2019-M01,2019,5891.0
073,Shakar,Сахар песок,Sugar,Шакар,2019-M01,2019,0.0
002,Kruppa yormasi,Крупа манная,Semolina,Круппа ёрмаси,2019-M01,2019,2236.0
001,Guruch,Рис,Rice,Гуруч,2019-M02,2019,7991.0
003,Arpa,Ячмень,Barley,Арпа,2019-M02,2019,2214.0
0004,Bug'doy,Пшеница,Wheat,Буғдой,2019-M02,2019,2219.0
005,Jo'hori,Кукуруза,Corn,Жўҳори,2019-M02,2019,2415.0
006,Kepak,Отруби,Bran,Кепак,2019-M02,2019,1588.0
0008,Shrot,Шрот,Schroth,Шрот,2019-M02,2019,2434.0
009,Shulxa,Шелуха,Husk,Шулха,2019-M02,2019,2096.0
010,Kombikorm,Комбикорм,Compound feed,Комбикорм,2019-M02,2019,1765.0
011,Oliy navli bug'doy uni,Мука пшеничная высшего сорта,High-grade wheat flour,Олий навли буғдой уни,2019-M02,2019,0.0
0012,1-navli bug'doy uni,Мука пшеничная первого сорта,First grade wheat flour,1-навли буғдой уни,2019-M02,2019,0.0
013,1-nav bug'doy unidan non,Хлеб пшеничный из муки 1-го сорта,Wheat bread from 1st grade flour,1-нав буғдой унидан нон,2019-M02,2019,0.0
017,Mol go'shti,Говядина,Beef,Мол гўшти,2019-M02,2019,37356.0
0020,Qo'y go'shti,Баранина,Mutton,Қўй гўшти,2019-M02,2019,38109.0
022,Tovuq go'shti,Мясо птицы,Poultry,Товуқ гўшти,2019-M02,2019,17541.0
026,Turli baliqlar,Рыба всякая,Fish of all kinds,Турли балиқлар,2019-M02,2019,15316.0
027,Yangi sog'ilgan sut (1 litr),Молоко свежее (1 литр),Fresh milk (1 liter),Янги соғилган сут (1 литр),2019-M02,2019,3413.0
034,Tuxum (10 dona),Яйца (10 штук),Eggs (10 pieces ),Тухум (10 дона),2019-M02,2019,5552.0
035,Paxta yog'i (1 litr),Масло хлопковое (1 литр),Cottonseed oil (1 liter),Пахта ёғи (1 литр),2019-M02,2019,0.0
0036,Kungaboqar yog'i (1 litr),Масло подсолнечное (1 литр),Sunflower oil (1 liter),Кунгабоқар ёғи (1 литр),2019-M02,2019,0.0
037,Sariyog',Масло сливочное,Butter,Сариёғ,2019-M02,2019,30952.0
039,Limon,Лимоны,Lemons,Лимон,2019-M02,2019,11050.0
0040,Olma,Яблоки,Apples,Олма,2019-M02,2019,4005.0
041,Nok,Груши,Pears,Нок,2019-M02,2019,12661.0
049,Uzum,Виноград,Grape,Узум,2019-M02,2019,8927.0
0050,Tarvuz,Арбуз,Watermelon,Тарвуз,2019-M02,2019,1625.0
0051,Qovun,Дыня,Melon,Қовун,2019-M02,2019,2113.0
053,Mayiz,Кишмиш,Kishmish,Майиз,2019-M02,2019,23700.0
055,Karam,Капуста,Cabbage,Карам,2019-M02,2019,1705.0
057,Bodring,Огурцы,Cucumbers,Бодринг,2019-M02,2019,12665.0
058,Pomidor,Помидоры,Tomatoes,Помидор,2019-M02,2019,11852.0
059,Baqlajon,Баклажаны,Eggplant,Бақлажон,2019-M02,2019,0.0
0060,Bulg'or qalampiri,Перец болгарский,Bell pepper,Булғор қалампири,2019-M02,2019,16500.0
061,Qovoq,Тыква,Pumpkin,Қовоқ,2019-M02,2019,1400.0
063,Sabzi,Морковь,Carrot,Сабзи,2019-M02,2019,1497.0
065,Sarimsoq,Чеснок,Garlic,Саримсоқ,2019-M02,2019,4087.0
066,Piyoz,Лук репчатый,Onion,Пиёз,2019-M02,2019,849.0
069,Kartoshka,Картофель,Potatoes,Картошка,2019-M02,2019,2021.0
0070,Loviya,Фасоль,Beans,Ловия,2019-M02,2019,6331.0
071,No'xot,Горох,Peas,Нўхот,2019-M02,2019,7772.0
0072,Mosh,Маш,Mash,Мош,2019-M02,2019,6108.0
073,Shakar,Сахар песок,Sugar,Шакар,2019-M02,2019,0.0
002,Kruppa yormasi,Крупа манная,Semolina,Круппа ёрмаси,2019-M02,2019,2214.0
001,Guruch,Рис,Rice,Гуруч,2019-M03,2019,8065.0
003,Arpa,Ячмень,Barley,Арпа,2019-M03,2019,2201.0
0004,Bug'doy,Пшеница,Wheat,Буғдой,2019-M03,2019,2226.0
005,Jo'hori,Кукуруза,Corn,Жўҳори,2019-M03,2019,2442.0
006,Kepak,Отруби,Bran,Кепак,2019-M03,2019,1590.0
0008,Shrot,Шрот,Schroth,Шрот,2019-M03,2019,2347.0
009,Shulxa,Шелуха,Husk,Шулха,2019-M03,2019,2014.0
010,Kombikorm,Комбикорм,Compound feed,Комбикорм,2019-M03,2019,1689.0
011,Oliy navli bug'doy uni,Мука пшеничная высшего сорта,High-grade wheat flour,Олий навли буғдой уни,2019-M03,2019,0.0
0012,1-navli bug'doy uni,Мука пшеничная первого сорта,First grade wheat flour,1-навли буғдой уни,2019-M03,2019,0.0
013,1-nav bug'doy unidan non,Хлеб пшеничный из муки 1-го сорта,Wheat bread from 1st grade flour,1-нав буғдой унидан нон,2019-M03,2019,0.0
017,Mol go'shti,Говядина,Beef,Мол гўшти,2019-M03,2019,37500.0
0020,Qo'y go'shti,Баранина,Mutton,Қўй гўшти,2019-M03,2019,38200.0
022,Tovuq go'shti,Мясо птицы,Poultry,Товуқ гўшти,2019-M03,2019,17161.0
026,Turli baliqlar,Рыба всякая,Fish of all kinds,Турли балиқлар,2019-M03,2019,15361.0
027,Yangi sog'ilgan sut (1 litr),Молоко свежее (1 литр),Fresh milk (1 liter),Янги соғилган сут (1 литр),2019-M03,2019,3552.0
034,Tuxum (10 dona),Яйца (10 штук),Eggs (10 pieces ),Тухум (10 дона),2019-M03,2019,5285.0
035,Paxta yog'i (1 litr),Масло хлопковое (1 литр),Cottonseed oil (1 liter),Пахта ёғи (1 литр),2019-M03,2019,0.0
0036,Kungaboqar yog'i (1 litr),Масло подсолнечное (1 литр),Sunflower oil (1 liter),Кунгабоқар ёғи (1 литр),2019-M03,2019,0.0
037,Sariyog',Масло сливочное,Butter,Сариёғ,2019-M03,2019,31580.0
039,Limon,Лимоны,Lemons,Лимон,2019-M03,2019,11382.0
0040,Olma,Яблоки,Apples,Олма,2019-M03,2019,4162.0
041,Nok,Груши,Pears,Нок,2019-M03,2019,13109.0
049,Uzum,Виноград,Grape,Узум,2019-M03,2019,9605.0
0050,Tarvuz,Арбуз,Watermelon,Тарвуз,2019-M03,2019,0.0
0051,Qovun,Дыня,Melon,Қовун,2019-M03,2019,0.0
053,Mayiz,Кишмиш,Kishmish,Майиз,2019-M03,2019,24045.0
055,Karam,Капуста,Cabbage,Карам,2019-M03,2019,2648.0
057,Bodring,Огурцы,Cucumbers,Бодринг,2019-M03,2019,12840.0
058,Pomidor,Помидоры,Tomatoes,Помидор,2019-M03,2019,12848.0
059,Baqlajon,Баклажаны,Eggplant,Бақлажон,2019-M03,2019,0.0
0060,Bulg'or qalampiri,Перец болгарский,Bell pepper,Булғор қалампири,2019-M03,2019,20011.0
061,Qovoq,Тыква,Pumpkin,Қовоқ,2019-M03,2019,1528.0
063,Sabzi,Морковь,Carrot,Сабзи,2019-M03,2019,1664.0
065,Sarimsoq,Чеснок,Garlic,Саримсоқ,2019-M03,2019,4885.0
066,Piyoz,Лук репчатый,Onion,Пиёз,2019-M03,2019,916.0
069,Kartoshka,Картофель,Potatoes,Картошка,2019-M03,2019,1957.0
0070,Loviya,Фасоль,Beans,Ловия,2019-M03,2019,6554.0
071,No'xot,Горох,Peas,Нўхот,2019-M03,2019,7699.0
0072,Mosh,Маш,Mash,Мош,2019-M03,2019,6534.0
073,Shakar,Сахар песок,Sugar,Шакар,2019-M03,2019,0.0
002,Kruppa yormasi,Крупа манная,Semolina,Круппа ёрмаси,2019-M03,2019,2201.0
001,Guruch,Рис,Rice,Гуруч,2019-M04,2019,8143.0
003,Arpa,Ячмень,Barley,Арпа,2019-M04,2019,2203.0
0004,Bug'doy,Пшеница,Wheat,Буғдой,2019-M04,2019,2213.0
005,Jo'hori,Кукуруза,Corn,Жўҳори,2019-M04,2019,2454.0
006,Kepak,Отруби,Bran,Кепак,2019-M04,2019,1580.0
0008,Shrot,Шрот,Schroth,Шрот,2019-M04,2019,2347.0
009,Shulxa,Шелуха,Husk,Шулха,2019-M04,2019,2014.0
010,Kombikorm,Комбикорм,Compound feed,Комбикорм,2019-M04,2019,1630.0
011,Oliy navli bug'doy uni,Мука пшеничная высшего сорта,High-grade wheat flour,Олий навли буғдой уни,2019-M04,2019,0.0
0012,1-navli bug'doy uni,Мука пшеничная первого сорта,First grade wheat flour,1-навли буғдой уни,2019-M04,2019,0.0
013,1-nav bug'doy unidan non,Хлеб пшеничный из муки 1-го сорта,Wheat bread from 1st grade flour,1-нав буғдой унидан нон,2019-M04,2019,0.0
017,Mol go'shti,Говядина,Beef,Мол гўшти,2019-M04,2019,37453.0
0020,Qo'y go'shti,Баранина,Mutton,Қўй гўшти,2019-M04,2019,38212.0
022,Tovuq go'shti,Мясо птицы,Poultry,Товуқ гўшти,2019-M04,2019,17150.0
026,Turli baliqlar,Рыба всякая,Fish of all kinds,Турли балиқлар,2019-M04,2019,15398.0
027,Yangi sog'ilgan sut (1 litr),Молоко свежее (1 литр),Fresh milk (1 liter),Янги соғилган сут (1 литр),2019-M04,2019,3649.0
034,Tuxum (10 dona),Яйца (10 штук),Eggs (10 pieces ),Тухум (10 дона),2019-M04,2019,5037.0
035,Paxta yog'i (1 litr),Масло хлопковое (1 литр),Cottonseed oil (1 liter),Пахта ёғи (1 литр),2019-M04,2019,0.0
0036,Kungaboqar yog'i (1 litr),Масло подсолнечное (1 литр),Sunflower oil (1 liter),Кунгабоқар ёғи (1 литр),2019-M04,2019,0.0
037,Sariyog',Масло сливочное,Butter,Сариёғ,2019-M04,2019,31595.0
039,Limon,Лимоны,Lemons,Лимон,2019-M04,2019,11489.0
0040,Olma,Яблоки,Apples,Олма,2019-M04,2019,4475.0
041,Nok,Груши,Pears,Нок,2019-M04,2019,14029.0
049,Uzum,Виноград,Grape,Узум,2019-M04,2019,10495.0
0050,Tarvuz,Арбуз,Watermelon,Тарвуз,2019-M04,2019,0.0
0051,Qovun,Дыня,Melon,Қовун,2019-M04,2019,0.0
053,Mayiz,Кишмиш,Kishmish,Майиз,2019-M04,2019,24045.0
055,Karam,Капуста,Cabbage,Карам,2019-M04,2019,4019.0
057,Bodring,Огурцы,Cucumbers,Бодринг,2019-M04,2019,8323.0
058,Pomidor,Помидоры,Tomatoes,Помидор,2019-M04,2019,13137.0
059,Baqlajon,Баклажаны,Eggplant,Бақлажон,2019-M04,2019,0.0
0060,Bulg'or qalampiri,Перец болгарский,Bell pepper,Булғор қалампири,2019-M04,2019,30732.0
061,Qovoq,Тыква,Pumpkin,Қовоқ,2019-M04,2019,1553.0
063,Sabzi,Морковь,Carrot,Сабзи,2019-M04,2019,2095.0
065,Sarimsoq,Чеснок,Garlic,Саримсоқ,2019-M04,2019,6036.0
066,Piyoz,Лук репчатый,Onion,Пиёз,2019-M04,2019,1229.0
069,Kartoshka,Картофель,Potatoes,Картошка,2019-M04,2019,2299.0
0070,Loviya,Фасоль,Beans,Ловия,2019-M04,2019,7169.0
071,No'xot,Горох,Peas,Нўхот,2019-M04,2019,7805.0
0072,Mosh,Маш,Mash,Мош,2019-M04,2019,7013.0
073,Shakar,Сахар песок,Sugar,Шакар,2019-M04,2019,0.0
002,Kruppa yormasi,Крупа манная,Semolina,Круппа ёрмаси,2019-M04,2019,2203.0
001,Guruch,Рис,Rice,Гуруч,2019-M05,2019,8220.0
003,Arpa,Ячмень,Barley,Арпа,2019-M05,2019,2211.0
0004,Bug'doy,Пшеница,Wheat,Буғдой,2019-M05,2019,2205.0
005,Jo'hori,Кукуруза,Corn,Жўҳори,2019-M05,2019,2454.0
006,Kepak,Отруби,Bran,Кепак,2019-M05,2019,1580.0
0008,Shrot,Шрот,Schroth,Шрот,2019-M05,2019,2347.0
009,Shulxa,Шелуха,Husk,Шулха,2019-M05,2019,2014.0
010,Kombikorm,Комбикорм,Compound feed,Комбикорм,2019-M05,2019,1622.0
011,Oliy navli bug'doy uni,Мука пшеничная высшего сорта,High-grade wheat flour,Олий навли буғдой уни,2019-M05,2019,0.0
0012,1-navli bug'doy uni,Мука пшеничная первого сорта,First grade wheat flour,1-навли буғдой уни,2019-M05,2019,0.0
013,1-nav bug'doy unidan non,Хлеб пшеничный из муки 1-го сорта,Wheat bread from 1st grade flour,1-нав буғдой унидан нон,2019-M05,2019,0.0
017,Mol go'shti,Говядина,Beef,Мол гўшти,2019-M05,2019,37829.0
0020,Qo'y go'shti,Баранина,Mutton,Қўй гўшти,2019-M05,2019,38248.0
022,Tovuq go'shti,Мясо птицы,Poultry,Товуқ гўшти,2019-M05,2019,16672.0
026,Turli baliqlar,Рыба всякая,Fish of all kinds,Турли балиқлар,2019-M05,2019,16651.0
027,Yangi sog'ilgan sut (1 litr),Молоко свежее (1 литр),Fresh milk (1 liter),Янги соғилган сут (1 литр),2019-M05,2019,3649.0
034,Tuxum (10 dona),Яйца (10 штук),Eggs (10 pieces ),Тухум (10 дона),2019-M05,2019,4961.0
035,Paxta yog'i (1 litr),Масло хлопковое (1 литр),Cottonseed oil (1 liter),Пахта ёғи (1 литр),2019-M05,2019,0.0
0036,Kungaboqar yog'i (1 litr),Масло подсолнечное (1 литр),Sunflower oil (1 liter),Кунгабоқар ёғи (1 литр),2019-M05,2019,0.0
037,Sariyog',Масло сливочное,Butter,Сариёғ,2019-M05,2019,31595.0
039,Limon,Лимоны,Lemons,Лимон,2019-M05,2019,13512.0
0040,Olma,Яблоки,Apples,Олма,2019-M05,2019,5717.0
041,Nok,Груши,Pears,Нок,2019-M05,2019,19248.0
049,Uzum,Виноград,Grape,Узум,2019-M05,2019,17400.0
0050,Tarvuz,Арбуз,Watermelon,Тарвуз,2019-M05,2019,0.0
0051,Qovun,Дыня,Melon,Қовун,2019-M05,2019,0.0
053,Mayiz,Кишмиш,Kishmish,Майиз,2019-M05,2019,24045.0
055,Karam,Капуста,Cabbage,Карам,2019-M05,2019,3893.0
057,Bodring,Огурцы,Cucumbers,Бодринг,2019-M05,2019,4273.0
058,Pomidor,Помидоры,Tomatoes,Помидор,2019-M05,2019,10844.0
059,Baqlajon,Баклажаны,Eggplant,Бақлажон,2019-M05,2019,10850.0
0060,Bulg'or qalampiri,Перец болгарский,Bell pepper,Булғор қалампири,2019-M05,2019,15305.0
061,Qovoq,Тыква,Pumpkin,Қовоқ,2019-M05,2019,0.0
063,Sabzi,Морковь,Carrot,Сабзи,2019-M05,2019,2382.0
065,Sarimsoq,Чеснок,Garlic,Саримсоқ,2019-M05,2019,5864.0
066,Piyoz,Лук репчатый,Onion,Пиёз,2019-M05,2019,1994.0
069,Kartoshka,Картофель,Potatoes,Картошка,2019-M05,2019,2739.0
0070,Loviya,Фасоль,Beans,Ловия,2019-M05,2019,7687.0
071,No'xot,Горох,Peas,Нўхот,2019-M05,2019,8316.0
0072,Mosh,Маш,Mash,Мош,2019-M05,2019,7396.0
073,Shakar,Сахар песок,Sugar,Шакар,2019-M05,2019,0.0
002,Kruppa yormasi,Крупа манная,Semolina,Круппа ёрмаси,2019-M05,2019,2211.0
001,Guruch,Рис,Rice,Гуруч,2019-M06,2019,8280.0
003,Arpa,Ячмень,Barley,Арпа,2019-M06,2019,2217.0
0004,Bug'doy,Пшеница,Wheat,Буғдой,2019-M06,2019,2202.0
005,Jo'hori,Кукуруза,Corn,Жўҳори,2019-M06,2019,2454.0
006,Kepak,Отруби,Bran,Кепак,2019-M06,2019,1580.0
0008,Shrot,Шрот,Schroth,Шрот,2019-M06,2019,2347.0
009,Shulxa,Шелуха,Husk,Шулха,2019-M06,2019,2014.0
010,Kombikorm,Комбикорм,Compound feed,Комбикорм,2019-M06,2019,1622.0
011,Oliy navli bug'doy uni,Мука пшеничная высшего сорта,High-grade wheat flour,Олий навли буғдой уни,2019-M06,2019,0.0
0012,1-navli bug'doy uni,Мука пшеничная первого сорта,First grade wheat flour,1-навли буғдой уни,2019-M06,2019,0.0
013,1-nav bug'doy unidan non,Хлеб пшеничный из муки 1-го сорта,Wheat bread from 1st grade flour,1-нав буғдой унидан нон,2019-M06,2019,0.0
017,Mol go'shti,Говядина,Beef,Мол гўшти,2019-M06,2019,38344.0
0020,Qo'y go'shti,Баранина,Mutton,Қўй гўшти,2019-M06,2019,38720.0
022,Tovuq go'shti,Мясо птицы,Poultry,Товуқ гўшти,2019-M06,2019,16831.0
026,Turli baliqlar,Рыба всякая,Fish of all kinds,Турли балиқлар,2019-M06,2019,16200.0
027,Yangi sog'ilgan sut (1 litr),Молоко свежее (1 литр),Fresh milk (1 liter),Янги соғилган сут (1 литр),2019-M06,2019,3649.0
034,Tuxum (10 dona),Яйца (10 штук),Eggs (10 pieces ),Тухум (10 дона),2019-M06,2019,4897.0
035,Paxta yog'i (1 litr),Масло хлопковое (1 литр),Cottonseed oil (1 liter),Пахта ёғи (1 литр),2019-M06,2019,0.0
0036,Kungaboqar yog'i (1 litr),Масло подсолнечное (1 литр),Sunflower oil (1 liter),Кунгабоқар ёғи (1 литр),2019-M06,2019,0.0
037,Sariyog',Масло сливочное,Butter,Сариёғ,2019-M06,2019,32598.0
039,Limon,Лимоны,Lemons,Лимон,2019-M06,2019,15878.0
0040,Olma,Яблоки,Apples,Олма,2019-M06,2019,6742.0
041,Nok,Груши,Pears,Нок,2019-M06,2019,23079.0
049,Uzum,Виноград,Grape,Узум,2019-M06,2019,11880.0
0050,Tarvuz,Арбуз,Watermelon,Тарвуз,2019-M06,2019,4358.0
0051,Qovun,Дыня,Melon,Қовун,2019-M06,2019,4827.0
053,Mayiz,Кишмиш,Kishmish,Майиз,2019-M06,2019,24045.0
055,Karam,Капуста,Cabbage,Карам,2019-M06,2019,2554.0
057,Bodring,Огурцы,Cucumbers,Бодринг,2019-M06,2019,2280.0
058,Pomidor,Помидоры,Tomatoes,Помидор,2019-M06,2019,4527.0
059,Baqlajon,Баклажаны,Eggplant,Бақлажон,2019-M06,2019,6027.0
0060,Bulg'or qalampiri,Перец болгарский,Bell pepper,Булғор қалампири,2019-M06,2019,4274.0
061,Qovoq,Тыква,Pumpkin,Қовоқ,2019-M06,2019,1590.0
063,Sabzi,Морковь,Carrot,Сабзи,2019-M06,2019,2391.0
065,Sarimsoq,Чеснок,Garlic,Саримсоқ,2019-M06,2019,5852.0
066,Piyoz,Лук репчатый,Onion,Пиёз,2019-M06,2019,2744.0
069,Kartoshka,Картофель,Potatoes,Картошка,2019-M06,2019,2471.0
0070,Loviya,Фасоль,Beans,Ловия,2019-M06,2019,8866.0
071,No'xot,Горох,Peas,Нўхот,2019-M06,2019,8545.0
0072,Mosh,Маш,Mash,Мош,2019-M06,2019,8166.0
073,Shakar,Сахар песок,Sugar,Шакар,2019-M06,2019,0.0
002,Kruppa yormasi,Крупа манная,Semolina,Круппа ёрмаси,2019-M06,2019,2217.0
001,Guruch,Рис,Rice,Гуруч,2019-M07,2019,8560.0
003,Arpa,Ячмень,Barley,Арпа,2019-M07,2019,1724.0
0004,Bug'doy,Пшеница,Wheat,Буғдой,2019-M07,2019,1757.0
005,Jo'hori,Кукуруза,Corn,Жўҳори,2019-M07,2019,2454.0
006,Kepak,Отруби,Bran,Кепак,2019-M07,2019,1459.0
0008,Shrot,Шрот,Schroth,Шрот,2019-M07,2019,2388.0
009,Shulxa,Шелуха,Husk,Шулха,2019-M07,2019,2013.0
010,Kombikorm,Комбикорм,Compound feed,Комбикорм,2019-M07,2019,1571.0
011,Oliy navli bug'doy uni,Мука пшеничная высшего сорта,High-grade wheat flour,Олий навли буғдой уни,2019-M07,2019,0.0
0012,1-navli bug'doy uni,Мука пшеничная первого сорта,First grade wheat flour,1-навли буғдой уни,2019-M07,2019,0.0
013,1-nav bug'doy unidan non,Хлеб пшеничный из муки 1-го сорта,Wheat bread from 1st grade flour,1-нав буғдой унидан нон,2019-M07,2019,0.0
017,Mol go'shti,Говядина,Beef,Мол гўшти,2019-M07,2019,40050.0
0020,Qo'y go'shti,Баранина,Mutton,Қўй гўшти,2019-M07,2019,40848.0
022,Tovuq go'shti,Мясо птицы,Poultry,Товуқ гўшти,2019-M07,2019,17195.0
026,Turli baliqlar,Рыба всякая,Fish of all kinds,Турли балиқлар,2019-M07,2019,16200.0
027,Yangi sog'ilgan sut (1 litr),Молоко свежее (1 литр),Fresh milk (1 liter),Янги соғилган сут (1 литр),2019-M07,2019,3649.0
034,Tuxum (10 dona),Яйца (10 штук),Eggs (10 pieces ),Тухум (10 дона),2019-M07,2019,4897.0
035,Paxta yog'i (1 litr),Масло хлопковое (1 литр),Cottonseed oil (1 liter),Пахта ёғи (1 литр),2019-M07,2019,0.0
0036,Kungaboqar yog'i (1 litr),Масло подсолнечное (1 литр),Sunflower oil (1 liter),Кунгабоқар ёғи (1 литр),2019-M07,2019,0.0
037,Sariyog',Масло сливочное,Butter,Сариёғ,2019-M07,2019,32891.0
039,Limon,Лимоны,Lemons,Лимон,2019-M07,2019,19218.0
0040,Olma,Яблоки,Apples,Олма,2019-M07,2019,5026.0
041,Nok,Груши,Pears,Нок,2019-M07,2019,13746.0
049,Uzum,Виноград,Grape,Узум,2019-M07,2019,6633.0
0050,Tarvuz,Арбуз,Watermelon,Тарвуз,2019-M07,2019,1967.0
0051,Qovun,Дыня,Melon,Қовун,2019-M07,2019,2584.0
053,Mayiz,Кишмиш,Kishmish,Майиз,2019-M07,2019,24045.0
055,Karam,Капуста,Cabbage,Карам,2019-M07,2019,1893.0
057,Bodring,Огурцы,Cucumbers,Бодринг,2019-M07,2019,2170.0
058,Pomidor,Помидоры,Tomatoes,Помидор,2019-M07,2019,3101.0
059,Baqlajon,Баклажаны,Eggplant,Бақлажон,2019-M07,2019,2408.0
0060,Bulg'or qalampiri,Перец болгарский,Bell pepper,Булғор қалампири,2019-M07,2019,2836.0
061,Qovoq,Тыква,Pumpkin,Қовоқ,2019-M07,2019,1463.0
063,Sabzi,Морковь,Carrot,Сабзи,2019-M07,2019,2243.0
065,Sarimsoq,Чеснок,Garlic,Саримсоқ,2019-M07,2019,5930.0
066,Piyoz,Лук репчатый,Onion,Пиёз,2019-M07,2019,2877.0
069,Kartoshka,Картофель,Potatoes,Картошка,2019-M07,2019,2095.0
0070,Loviya,Фасоль,Beans,Ловия,2019-M07,2019,9302.0
071,No'xot,Горох,Peas,Нўхот,2019-M07,2019,8493.0
0072,Mosh,Маш,Mash,Мош,2019-M07,2019,8710.0
073,Shakar,Сахар песок,Sugar,Шакар,2019-M07,2019,0.0
002,Kruppa yormasi,Крупа манная,Semolina,Круппа ёрмаси,2019-M07,2019,1724.0
001,Guruch,Рис,Rice,Гуруч,2019-M08,2019,8751.0
003,Arpa,Ячмень,Barley,Арпа,2019-M08,2019,1615.0
0004,Bug'doy,Пшеница,Wheat,Буғдой,2019-M08,2019,1658.0
005,Jo'hori,Кукуруза,Corn,Жўҳори,2019-M08,2019,2632.0
006,Kepak,Отруби,Bran,Кепак,2019-M08,2019,1452.0
0008,Shrot,Шрот,Schroth,Шрот,2019-M08,2019,2478.0
009,Shulxa,Шелуха,Husk,Шулха,2019-M08,2019,2036.0
010,Kombikorm,Комбикорм,Compound feed,Комбикорм,2019-M08,2019,1410.0
011,Oliy navli bug'doy uni,Мука пшеничная высшего сорта,High-grade wheat flour,Олий навли буғдой уни,2019-M08,2019,0.0
0012,1-navli bug'doy uni,Мука пшеничная первого сорта,First grade wheat flour,1-навли буғдой уни,2019-M08,2019,0.0
013,1-nav bug'doy unidan non,Хлеб пшеничный из муки 1-го сорта,Wheat bread from 1st grade flour,1-нав буғдой унидан нон,2019-M08,2019,0.0
017,Mol go'shti,Говядина,Beef,Мол гўшти,2019-M08,2019,43979.0
0020,Qo'y go'shti,Баранина,Mutton,Қўй гўшти,2019-M08,2019,44955.0
022,Tovuq go'shti,Мясо птицы,Poultry,Товуқ гўшти,2019-M08,2019,17402.0
026,Turli baliqlar,Рыба всякая,Fish of all kinds,Турли балиқлар,2019-M08,2019,16200.0
027,Yangi sog'ilgan sut (1 litr),Молоко свежее (1 литр),Fresh milk (1 liter),Янги соғилган сут (1 литр),2019-M08,2019,3631.0
034,Tuxum (10 dona),Яйца (10 штук),Eggs (10 pieces ),Тухум (10 дона),2019-M08,2019,5138.0
035,Paxta yog'i (1 litr),Масло хлопковое (1 литр),Cottonseed oil (1 liter),Пахта ёғи (1 литр),2019-M08,2019,0.0
0036,Kungaboqar yog'i (1 litr),Масло подсолнечное (1 литр),Sunflower oil (1 liter),Кунгабоқар ёғи (1 литр),2019-M08,2019,0.0
037,Sariyog',Масло сливочное,Butter,Сариёғ,2019-M08,2019,32891.0
039,Limon,Лимоны,Lemons,Лимон,2019-M08,2019,26478.0
0040,Olma,Яблоки,Apples,Олма,2019-M08,2019,5879.0
041,Nok,Груши,Pears,Нок,2019-M08,2019,9611.0
049,Uzum,Виноград,Grape,Узум,2019-M08,2019,5889.0
0050,Tarvuz,Арбуз,Watermelon,Тарвуз,2019-M08,2019,1298.0
0051,Qovun,Дыня,Melon,Қовун,2019-M08,2019,1716.0
053,Mayiz,Кишмиш,Kishmish,Майиз,2019-M08,2019,24045.0
055,Karam,Капуста,Cabbage,Карам,2019-M08,2019,2458.0
057,Bodring,Огурцы,Cucumbers,Бодринг,2019-M08,2019,2544.0
058,Pomidor,Помидоры,Tomatoes,Помидор,2019-M08,2019,2073.0
059,Baqlajon,Баклажаны,Eggplant,Бақлажон,2019-M08,2019,1962.0
0060,Bulg'or qalampiri,Перец болгарский,Bell pepper,Булғор қалампири,2019-M08,2019,2450.0
061,Qovoq,Тыква,Pumpkin,Қовоқ,2019-M08,2019,1233.0
063,Sabzi,Морковь,Carrot,Сабзи,2019-M08,2019,2260.0
065,Sarimsoq,Чеснок,Garlic,Саримсоқ,2019-M08,2019,6118.0
066,Piyoz,Лук репчатый,Onion,Пиёз,2019-M08,2019,2164.0
069,Kartoshka,Картофель,Potatoes,Картошка,2019-M08,2019,2098.0
0070,Loviya,Фасоль,Beans,Ловия,2019-M08,2019,9677.0
071,No'xot,Горох,Peas,Нўхот,2019-M08,2019,8466.0
0072,Mosh,Маш,Mash,Мош,2019-M08,2019,8835.0
073,Shakar,Сахар песок,Sugar,Шакар,2019-M08,2019,0.0
002,Kruppa yormasi,Крупа манная,Semolina,Круппа ёрмаси,2019-M08,2019,1615.0
001,Guruch,Рис,Rice,Гуруч,2019-M09,2019,8842.0
003,Arpa,Ячмень,Barley,Арпа,2019-M09,2019,1699.0
0004,Bug'doy,Пшеница,Wheat,Буғдой,2019-M09,2019,1750.0
005,Jo'hori,Кукуруза,Corn,Жўҳори,2019-M09,2019,2605.0
006,Kepak,Отруби,Bran,Кепак,2019-M09,2019,1487.0
0008,Shrot,Шрот,Schroth,Шрот,2019-M09,2019,2478.0
009,Shulxa,Шелуха,Husk,Шулха,2019-M09,2019,2036.0
010,Kombikorm,Комбикорм,Compound feed,Комбикорм,2019-M09,2019,1435.0
011,Oliy navli bug'doy uni,Мука пшеничная высшего сорта,High-grade wheat flour,Олий навли буғдой уни,2019-M09,2019,0.0
0012,1-navli bug'doy uni,Мука пшеничная первого сорта,First grade wheat flour,1-навли буғдой уни,2019-M09,2019,0.0
013,1-nav bug'doy unidan non,Хлеб пшеничный из муки 1-го сорта,Wheat bread from 1st grade flour,1-нав буғдой унидан нон,2019-M09,2019,0.0
017,Mol go'shti,Говядина,Beef,Мол гўшти,2019-M09,2019,46459.0
0020,Qo'y go'shti,Баранина,Mutton,Қўй гўшти,2019-M09,2019,47409.0
022,Tovuq go'shti,Мясо птицы,Poultry,Товуқ гўшти,2019-M09,2019,18156.0
026,Turli baliqlar,Рыба всякая,Fish of all kinds,Турли балиқлар,2019-M09,2019,15211.0
027,Yangi sog'ilgan sut (1 litr),Молоко свежее (1 литр),Fresh milk (1 liter),Янги соғилган сут (1 литр),2019-M09,2019,3570.0
034,Tuxum (10 dona),Яйца (10 штук),Eggs (10 pieces ),Тухум (10 дона),2019-M09,2019,6575.0
035,Paxta yog'i (1 litr),Масло хлопковое (1 литр),Cottonseed oil (1 liter),Пахта ёғи (1 литр),2019-M09,2019,0.0
0036,Kungaboqar yog'i (1 litr),Масло подсолнечное (1 литр),Sunflower oil (1 liter),Кунгабоқар ёғи (1 литр),2019-M09,2019,0.0
037,Sariyog',Масло сливочное,Butter,Сариёғ,2019-M09,2019,37529.0
039,Limon,Лимоны,Lemons,Лимон,2019-M09,2019,27364.0
0040,Olma,Яблоки,Apples,Олма,2019-M09,2019,6170.0
041,Nok,Груши,Pears,Нок,2019-M09,2019,10379.0
049,Uzum,Виноград,Grape,Узум,2019-M09,2019,6013.0
0050,Tarvuz,Арбуз,Watermelon,Тарвуз,2019-M09,2019,1203.0
0051,Qovun,Дыня,Melon,Қовун,2019-M09,2019,1601.0
053,Mayiz,Кишмиш,Kishmish,Майиз,2019-M09,2019,24045.0
055,Karam,Капуста,Cabbage,Карам,2019-M09,2019,2747.0
057,Bodring,Огурцы,Cucumbers,Бодринг,2019-M09,2019,3223.0
058,Pomidor,Помидоры,Tomatoes,Помидор,2019-M09,2019,3204.0
059,Baqlajon,Баклажаны,Eggplant,Бақлажон,2019-M09,2019,2030.0
0060,Bulg'or qalampiri,Перец болгарский,Bell pepper,Булғор қалампири,2019-M09,2019,2465.0
061,Qovoq,Тыква,Pumpkin,Қовоқ,2019-M09,2019,1494.0
063,Sabzi,Морковь,Carrot,Сабзи,2019-M09,2019,2414.0
065,Sarimsoq,Чеснок,Garlic,Саримсоқ,2019-M09,2019,7345.0
066,Piyoz,Лук репчатый,Onion,Пиёз,2019-M09,2019,1773.0
069,Kartoshka,Картофель,Potatoes,Картошка,2019-M09,2019,2307.0
0070,Loviya,Фасоль,Beans,Ловия,2019-M09,2019,10609.0
071,No'xot,Горох,Peas,Нўхот,2019-M09,2019,8592.0
0072,Mosh,Маш,Mash,Мош,2019-M09,2019,9226.0
073,Shakar,Сахар песок,Sugar,Шакар,2019-M09,2019,0.0
002,Kruppa yormasi,Крупа манная,Semolina,Круппа ёрмаси,2019-M09,2019,1699.0
001,Guruch,Рис,Rice,Гуруч,2019-M10,2019,8778.0
003,Arpa,Ячмень,Barley,Арпа,2019-M10,2019,1779.0
0004,Bug'doy,Пшеница,Wheat,Буғдой,2019-M10,2019,1878.0
005,Jo'hori,Кукуруза,Corn,Жўҳори,2019-M10,2019,2597.0
006,Kepak,Отруби,Bran,Кепак,2019-M10,2019,1521.0
0008,Shrot,Шрот,Schroth,Шрот,2019-M10,2019,2478.0
009,Shulxa,Шелуха,Husk,Шулха,2019-M10,2019,2036.0
010,Kombikorm,Комбикорм,Compound feed,Комбикорм,2019-M10,2019,1473.0
011,Oliy navli bug'doy uni,Мука пшеничная высшего сорта,High-grade wheat flour,Олий навли буғдой уни,2019-M10,2019,0.0
0012,1-navli bug'doy uni,Мука пшеничная первого сорта,First grade wheat flour,1-навли буғдой уни,2019-M10,2019,0.0
013,1-nav bug'doy unidan non,Хлеб пшеничный из муки 1-го сорта,Wheat bread from 1st grade flour,1-нав буғдой унидан нон,2019-M10,2019,0.0
017,Mol go'shti,Говядина,Beef,Мол гўшти,2019-M10,2019,46705.0
0020,Qo'y go'shti,Баранина,Mutton,Қўй гўшти,2019-M10,2019,47852.0
022,Tovuq go'shti,Мясо птицы,Poultry,Товуқ гўшти,2019-M10,2019,18739.0
026,Turli baliqlar,Рыба всякая,Fish of all kinds,Турли балиқлар,2019-M10,2019,15754.0
027,Yangi sog'ilgan sut (1 litr),Молоко свежее (1 литр),Fresh milk (1 liter),Янги соғилган сут (1 литр),2019-M10,2019,3728.0
034,Tuxum (10 dona),Яйца (10 штук),Eggs (10 pieces ),Тухум (10 дона),2019-M10,2019,7406.0
035,Paxta yog'i (1 litr),Масло хлопковое (1 литр),Cottonseed oil (1 liter),Пахта ёғи (1 литр),2019-M10,2019,0.0
0036,Kungaboqar yog'i (1 litr),Масло подсолнечное (1 литр),Sunflower oil (1 liter),Кунгабоқар ёғи (1 литр),2019-M10,2019,0.0
037,Sariyog',Масло сливочное,Butter,Сариёғ,2019-M10,2019,39911.0
039,Limon,Лимоны,Lemons,Лимон,2019-M10,2019,21502.0
0040,Olma,Яблоки,Apples,Олма,2019-M10,2019,6695.0
041,Nok,Груши,Pears,Нок,2019-M10,2019,10794.0
049,Uzum,Виноград,Grape,Узум,2019-M10,2019,6070.0
0050,Tarvuz,Арбуз,Watermelon,Тарвуз,2019-M10,2019,1197.0
0051,Qovun,Дыня,Melon,Қовун,2019-M10,2019,1598.0
053,Mayiz,Кишмиш,Kishmish,Майиз,2019-M10,2019,24218.0
055,Karam,Капуста,Cabbage,Карам,2019-M10,2019,2708.0
057,Bodring,Огурцы,Cucumbers,Бодринг,2019-M10,2019,3285.0
058,Pomidor,Помидоры,Tomatoes,Помидор,2019-M10,2019,3860.0
059,Baqlajon,Баклажаны,Eggplant,Бақлажон,2019-M10,2019,2088.0
0060,Bulg'or qalampiri,Перец болгарский,Bell pepper,Булғор қалампири,2019-M10,2019,2511.0
061,Qovoq,Тыква,Pumpkin,Қовоқ,2019-M10,2019,1353.0
063,Sabzi,Морковь,Carrot,Сабзи,2019-M10,2019,2227.0
065,Sarimsoq,Чеснок,Garlic,Саримсоқ,2019-M10,2019,8194.0
066,Piyoz,Лук репчатый,Onion,Пиёз,2019-M10,2019,1448.0
069,Kartoshka,Картофель,Potatoes,Картошка,2019-M10,2019,2362.0
0070,Loviya,Фасоль,Beans,Ловия,2019-M10,2019,10630.0
071,No'xot,Горох,Peas,Нўхот,2019-M10,2019,8658.0
0072,Mosh,Маш,Mash,Мош,2019-M10,2019,9239.0
073,Shakar,Сахар песок,Sugar,Шакар,2019-M10,2019,0.0
002,Kruppa yormasi,Крупа манная,Semolina,Круппа ёрмаси,2019-M10,2019,1779.0
001,Guruch,Рис,Rice,Гуруч,2019-M11,2019,8699.0
003,Arpa,Ячмень,Barley,Арпа,2019-M11,2019,1926.0
0004,Bug'doy,Пшеница,Wheat,Буғдой,2019-M11,2019,2127.0
005,Jo'hori,Кукуруза,Corn,Жўҳори,2019-M11,2019,2615.0
006,Kepak,Отруби,Bran,Кепак,2019-M11,2019,1544.0
0008,Shrot,Шрот,Schroth,Шрот,2019-M11,2019,2478.0
009,Shulxa,Шелуха,Husk,Шулха,2019-M11,2019,2036.0
010,Kombikorm,Комбикорм,Compound feed,Комбикорм,2019-M11,2019,1503.0
011,Oliy navli bug'doy uni,Мука пшеничная высшего сорта,High-grade wheat flour,Олий навли буғдой уни,2019-M11,2019,0.0
0012,1-navli bug'doy uni,Мука пшеничная первого сорта,First grade wheat flour,1-навли буғдой уни,2019-M11,2019,0.0
013,1-nav bug'doy unidan non,Хлеб пшеничный из муки 1-го сорта,Wheat bread from 1st grade flour,1-нав буғдой унидан нон,2019-M11,2019,0.0
017,Mol go'shti,Говядина,Beef,Мол гўшти,2019-M11,2019,46656.0
0020,Qo'y go'shti,Баранина,Mutton,Қўй гўшти,2019-M11,2019,47776.0
022,Tovuq go'shti,Мясо птицы,Poultry,Товуқ гўшти,2019-M11,2019,20029.0
026,Turli baliqlar,Рыба всякая,Fish of all kinds,Турли балиқлар,2019-M11,2019,15139.0
027,Yangi sog'ilgan sut (1 litr),Молоко свежее (1 литр),Fresh milk (1 liter),Янги соғилган сут (1 литр),2019-M11,2019,4152.0
034,Tuxum (10 dona),Яйца (10 штук),Eggs (10 pieces ),Тухум (10 дона),2019-M11,2019,7552.0
035,Paxta yog'i (1 litr),Масло хлопковое (1 литр),Cottonseed oil (1 liter),Пахта ёғи (1 литр),2019-M11,2019,0.0
0036,Kungaboqar yog'i (1 litr),Масло подсолнечное (1 литр),Sunflower oil (1 liter),Кунгабоқар ёғи (1 литр),2019-M11,2019,0.0
037,Sariyog',Масло сливочное,Butter,Сариёғ,2019-M11,2019,39911.0
039,Limon,Лимоны,Lemons,Лимон,2019-M11,2019,14442.0
0040,Olma,Яблоки,Apples,Олма,2019-M11,2019,8977.0
041,Nok,Груши,Pears,Нок,2019-M11,2019,11356.0
049,Uzum,Виноград,Grape,Узум,2019-M11,2019,7803.0
0050,Tarvuz,Арбуз,Watermelon,Тарвуз,2019-M11,2019,1322.0
0051,Qovun,Дыня,Melon,Қовун,2019-M11,2019,1678.0
053,Mayiz,Кишмиш,Kishmish,Майиз,2019-M11,2019,24564.0
055,Karam,Капуста,Cabbage,Карам,2019-M11,2019,2247.0
057,Bodring,Огурцы,Cucumbers,Бодринг,2019-M11,2019,6461.0
058,Pomidor,Помидоры,Tomatoes,Помидор,2019-M11,2019,5801.0
059,Baqlajon,Баклажаны,Eggplant,Бақлажон,2019-M11,2019,2246.0
0060,Bulg'or qalampiri,Перец болгарский,Bell pepper,Булғор қалампири,2019-M11,2019,2654.0
061,Qovoq,Тыква,Pumpkin,Қовоқ,2019-M11,2019,1345.0
063,Sabzi,Морковь,Carrot,Сабзи,2019-M11,2019,1896.0
065,Sarimsoq,Чеснок,Garlic,Саримсоқ,2019-M11,2019,10211.0
066,Piyoz,Лук репчатый,Onion,Пиёз,2019-M11,2019,1424.0
069,Kartoshka,Картофель,Potatoes,Картошка,2019-M11,2019,2318.0
0070,Loviya,Фасоль,Beans,Ловия,2019-M11,2019,10539.0
071,No'xot,Горох,Peas,Нўхот,2019-M11,2019,8677.0
0072,Mosh,Маш,Mash,Мош,2019-M11,2019,9103.0
073,Shakar,Сахар песок,Sugar,Шакар,2019-M11,2019,0.0
002,Kruppa yormasi,Крупа манная,Semolina,Круппа ёрмаси,2019-M11,2019,1926.0
001,Guruch,Рис,Rice,Гуруч,2019-M12,2019,8705.0
003,Arpa,Ячмень,Barley,Арпа,2019-M12,2019,2147.0
0004,Bug'doy,Пшеница,Wheat,Буғдой,2019-M12,2019,2300.0
005,Jo'hori,Кукуруза,Corn,Жўҳори,2019-M12,2019,2621.0
006,Kepak,Отруби,Bran,Кепак,2019-M12,2019,1657.0
0008,Shrot,Шрот,Schroth,Шрот,2019-M12,2019,2508.0
009,Shulxa,Шелуха,Husk,Шулха,2019-M12,2019,2111.0
010,Kombikorm,Комбикорм,Compound feed,Комбикорм,2019-M12,2019,1591.0
011,Oliy navli bug'doy uni,Мука пшеничная высшего сорта,High-grade wheat flour,Олий навли буғдой уни,2019-M12,2019,0.0
0012,1-navli bug'doy uni,Мука пшеничная первого сорта,First grade wheat flour,1-навли буғдой уни,2019-M12,2019,0.0
013,1-nav bug'doy unidan non,Хлеб пшеничный из муки 1-го сорта,Wheat bread from 1st grade flour,1-нав буғдой унидан нон,2019-M12,2019,0.0
017,Mol go'shti,Говядина,Beef,Мол гўшти,2019-M12,2019,46348.0
0020,Qo'y go'shti,Баранина,Mutton,Қўй гўшти,2019-M12,2019,47576.0
022,Tovuq go'shti,Мясо птицы,Poultry,Товуқ гўшти,2019-M12,2019,20217.0
026,Turli baliqlar,Рыба всякая,Fish of all kinds,Турли балиқлар,2019-M12,2019,15612.0
027,Yangi sog'ilgan sut (1 litr),Молоко свежее (1 литр),Fresh milk (1 liter),Янги соғилган сут (1 литр),2019-M12,2019,4373.0
034,Tuxum (10 dona),Яйца (10 штук),Eggs (10 pieces ),Тухум (10 дона),2019-M12,2019,8094.0
035,Paxta yog'i (1 litr),Масло хлопковое (1 литр),Cottonseed oil (1 liter),Пахта ёғи (1 литр),2019-M12,2019,0.0
0036,Kungaboqar yog'i (1 litr),Масло подсолнечное (1 литр),Sunflower oil (1 liter),Кунгабоқар ёғи (1 литр),2019-M12,2019,0.0
037,Sariyog',Масло сливочное,Butter,Сариёғ,2019-M12,2019,40292.0
039,Limon,Лимоны,Lemons,Лимон,2019-M12,2019,10038.0
0040,Olma,Яблоки,Apples,Олма,2019-M12,2019,10879.0
041,Nok,Груши,Pears,Нок,2019-M12,2019,13045.0
049,Uzum,Виноград,Grape,Узум,2019-M12,2019,10693.0
0050,Tarvuz,Арбуз,Watermelon,Тарвуз,2019-M12,2019,1814.0
0051,Qovun,Дыня,Melon,Қовун,2019-M12,2019,2093.0
053,Mayiz,Кишмиш,Kishmish,Майиз,2019-M12,2019,24573.0
055,Karam,Капуста,Cabbage,Карам,2019-M12,2019,1970.0
057,Bodring,Огурцы,Cucumbers,Бодринг,2019-M12,2019,10452.0
058,Pomidor,Помидоры,Tomatoes,Помидор,2019-M12,2019,9526.0
059,Baqlajon,Баклажаны,Eggplant,Бақлажон,2019-M12,2019,4990.0
0060,Bulg'or qalampiri,Перец болгарский,Bell pepper,Булғор қалампири,2019-M12,2019,5641.0
061,Qovoq,Тыква,Pumpkin,Қовоқ,2019-M12,2019,1575.0
063,Sabzi,Морковь,Carrot,Сабзи,2019-M12,2019,1736.0
065,Sarimsoq,Чеснок,Garlic,Саримсоқ,2019-M12,2019,12159.0
066,Piyoz,Лук репчатый,Onion,Пиёз,2019-M12,2019,1492.0
069,Kartoshka,Картофель,Potatoes,Картошка,2019-M12,2019,2320.0
0070,Loviya,Фасоль,Beans,Ловия,2019-M12,2019,10355.0
071,No'xot,Горох,Peas,Нўхот,2019-M12,2019,8695.0
0072,Mosh,Маш,Mash,Мош,2019-M12,2019,8945.0
073,Shakar,Сахар песок,Sugar,Шакар,2019-M12,2019,0.0
002,Kruppa yormasi,Крупа манная,Semolina,Круппа ёрмаси,2019-M12,2019,2147.0
001,Guruch,Рис,Rice,Гуруч,2020-M01,2020,8699.0
003,Arpa,Ячмень,Barley,Арпа,2020-M01,2020,2168.0
0004,Bug'doy,Пшеница,Wheat,Буғдой,2020-M01,2020,2304.0
005,Jo'hori,Кукуруза,Corn,Жўҳори,2020-M01,2020,2621.0
006,Kepak,Отруби,Bran,Кепак,2020-M01,2020,1710.0
0008,Shrot,Шрот,Schroth,Шрот,2020-M01,2020,2508.0
009,Shulxa,Шелуха,Husk,Шулха,2020-M01,2020,2192.0
010,Kombikorm,Комбикорм,Compound feed,Комбикорм,2020-M01,2020,2337.0
011,Oliy navli bug'doy uni,Мука пшеничная высшего сорта,High-grade wheat flour,Олий навли буғдой уни,2020-M01,2020,0.0
0012,1-navli bug'doy uni,Мука пшеничная первого сорта,First grade wheat flour,1-навли буғдой уни,2020-M01,2020,0.0
013,1-nav bug'doy unidan non,Хлеб пшеничный из муки 1-го сорта,Wheat bread from 1st grade flour,1-нав буғдой унидан нон,2020-M01,2020,0.0
017,Mol go'shti,Говядина,Beef,Мол гўшти,2020-M01,2020,46249.0
0020,Qo'y go'shti,Баранина,Mutton,Қўй гўшти,2020-M01,2020,47355.0
022,Tovuq go'shti,Мясо птицы,Poultry,Товуқ гўшти,2020-M01,2020,19943.0
026,Turli baliqlar,Рыба всякая,Fish of all kinds,Турли балиқлар,2020-M01,2020,16206.0
027,Yangi sog'ilgan sut (1 litr),Молоко свежее (1 литр),Fresh milk (1 liter),Янги соғилган сут (1 литр),2020-M01,2020,4578.0
034,Tuxum (10 dona),Яйца (10 штук),Eggs (10 pieces ),Тухум (10 дона),2020-M01,2020,8367.0
035,Paxta yog'i (1 litr),Масло хлопковое (1 литр),Cottonseed oil (1 liter),Пахта ёғи (1 литр),2020-M01,2020,0.0
0036,Kungaboqar yog'i (1 litr),Масло подсолнечное (1 литр),Sunflower oil (1 liter),Кунгабоқар ёғи (1 литр),2020-M01,2020,0.0
037,Sariyog',Масло сливочное,Butter,Сариёғ,2020-M01,2020,40482.0
039,Limon,Лимоны,Lemons,Лимон,2020-M01,2020,9355.0
0040,Olma,Яблоки,Apples,Олма,2020-M01,2020,13468.0
041,Nok,Груши,Pears,Нок,2020-M01,2020,14807.0
049,Uzum,Виноград,Grape,Узум,2020-M01,2020,13286.0
0050,Tarvuz,Арбуз,Watermelon,Тарвуз,2020-M01,2020,2022.0
0051,Qovun,Дыня,Melon,Қовун,2020-M01,2020,2143.0
053,Mayiz,Кишмиш,Kishmish,Майиз,2020-M01,2020,24591.0
055,Karam,Капуста,Cabbage,Карам,2020-M01,2020,1962.0
057,Bodring,Огурцы,Cucumbers,Бодринг,2020-M01,2020,15905.0
058,Pomidor,Помидоры,Tomatoes,Помидор,2020-M01,2020,13352.0
059,Baqlajon,Баклажаны,Eggplant,Бақлажон,2020-M01,2020,0.0
0060,Bulg'or qalampiri,Перец болгарский,Bell pepper,Булғор қалампири,2020-M01,2020,10790.0
061,Qovoq,Тыква,Pumpkin,Қовоқ,2020-M01,2020,1649.0
063,Sabzi,Морковь,Carrot,Сабзи,2020-M01,2020,1440.0
065,Sarimsoq,Чеснок,Garlic,Саримсоқ,2020-M01,2020,17277.0
066,Piyoz,Лук репчатый,Onion,Пиёз,2020-M01,2020,1763.0
069,Kartoshka,Картофель,Potatoes,Картошка,2020-M01,2020,2623.0
0070,Loviya,Фасоль,Beans,Ловия,2020-M01,2020,10518.0
071,No'xot,Горох,Peas,Нўхот,2020-M01,2020,9007.0
0072,Mosh,Маш,Mash,Мош,2020-M01,2020,9339.0
073,Shakar,Сахар песок,Sugar,Шакар,2020-M01,2020,0.0
002,Kruppa yormasi,Крупа манная,Semolina,Круппа ёрмаси,2020-M01,2020,2168.0
001,Guruch,Рис,Rice,Гуруч,2020-M02,2020,8654.0
003,Arpa,Ячмень,Barley,Арпа,2020-M02,2020,2162.0
0004,Bug'doy,Пшеница,Wheat,Буғдой,2020-M02,2020,2305.0
005,Jo'hori,Кукуруза,Corn,Жўҳори,2020-M02,2020,2630.0
006,Kepak,Отруби,Bran,Кепак,2020-M02,2020,1715.0
0008,Shrot,Шрот,Schroth,Шрот,2020-M02,2020,2508.0
009,Shulxa,Шелуха,Husk,Шулха,2020-M02,2020,2197.0
010,Kombikorm,Комбикорм,Compound feed,Комбикорм,2020-M02,2020,2337.0
011,Oliy navli bug'doy uni,Мука пшеничная высшего сорта,High-grade wheat flour,Олий навли буғдой уни,2020-M02,2020,0.0
0012,1-navli bug'doy uni,Мука пшеничная первого сорта,First grade wheat flour,1-навли буғдой уни,2020-M02,2020,0.0
013,1-nav bug'doy unidan non,Хлеб пшеничный из муки 1-го сорта,Wheat bread from 1st grade flour,1-нав буғдой унидан нон,2020-M02,2020,0.0
017,Mol go'shti,Говядина,Beef,Мол гўшти,2020-M02,2020,47091.0
0020,Qo'y go'shti,Баранина,Mutton,Қўй гўшти,2020-M02,2020,48282.0
022,Tovuq go'shti,Мясо птицы,Poultry,Товуқ гўшти,2020-M02,2020,19942.0
026,Turli baliqlar,Рыба всякая,Fish of all kinds,Турли балиқлар,2020-M02,2020,16155.0
027,Yangi sog'ilgan sut (1 litr),Молоко свежее (1 литр),Fresh milk (1 liter),Янги соғилган сут (1 литр),2020-M02,2020,4633.0
034,Tuxum (10 dona),Яйца (10 штук),Eggs (10 pieces ),Тухум (10 дона),2020-M02,2020,8156.0
035,Paxta yog'i (1 litr),Масло хлопковое (1 литр),Cottonseed oil (1 liter),Пахта ёғи (1 литр),2020-M02,2020,0.0
0036,Kungaboqar yog'i (1 litr),Масло подсолнечное (1 литр),Sunflower oil (1 liter),Кунгабоқар ёғи (1 литр),2020-M02,2020,0.0
037,Sariyog',Масло сливочное,Butter,Сариёғ,2020-M02,2020,40482.0
039,Limon,Лимоны,Lemons,Лимон,2020-M02,2020,9341.0
0040,Olma,Яблоки,Apples,Олма,2020-M02,2020,13084.0
041,Nok,Груши,Pears,Нок,2020-M02,2020,14745.0
049,Uzum,Виноград,Grape,Узум,2020-M02,2020,13468.0
0050,Tarvuz,Арбуз,Watermelon,Тарвуз,2020-M02,2020,2250.0
0051,Qovun,Дыня,Melon,Қовун,2020-M02,2020,2120.0
053,Mayiz,Кишмиш,Kishmish,Майиз,2020-M02,2020,24591.0
055,Karam,Капуста,Cabbage,Карам,2020-M02,2020,1960.0
057,Bodring,Огурцы,Cucumbers,Бодринг,2020-M02,2020,15566.0
058,Pomidor,Помидоры,Tomatoes,Помидор,2020-M02,2020,13706.0
059,Baqlajon,Баклажаны,Eggplant,Бақлажон,2020-M02,2020,0.0
0060,Bulg'or qalampiri,Перец болгарский,Bell pepper,Булғор қалампири,2020-M02,2020,13388.0
061,Qovoq,Тыква,Pumpkin,Қовоқ,2020-M02,2020,1655.0
063,Sabzi,Морковь,Carrot,Сабзи,2020-M02,2020,1440.0
065,Sarimsoq,Чеснок,Garlic,Саримсоқ,2020-M02,2020,23414.0
066,Piyoz,Лук репчатый,Onion,Пиёз,2020-M02,2020,1847.0
069,Kartoshka,Картофель,Potatoes,Картошка,2020-M02,2020,2878.0
0070,Loviya,Фасоль,Beans,Ловия,2020-M02,2020,10586.0
071,No'xot,Горох,Peas,Нўхот,2020-M02,2020,9136.0
0072,Mosh,Маш,Mash,Мош,2020-M02,2020,9727.0
073,Shakar,Сахар песок,Sugar,Шакар,2020-M02,2020,0.0
002,Kruppa yormasi,Крупа манная,Semolina,Круппа ёрмаси,2020-M02,2020,2162.0
001,Guruch,Рис,Rice,Гуруч,2020-M03,2020,8654.0
003,Arpa,Ячмень,Barley,Арпа,2020-M03,2020,2237.0
0004,Bug'doy,Пшеница,Wheat,Буғдой,2020-M03,2020,2378.0
005,Jo'hori,Кукуруза,Corn,Жўҳори,2020-M03,2020,2630.0
006,Kepak,Отруби,Bran,Кепак,2020-M03,2020,1719.0
0008,Shrot,Шрот,Schroth,Шрот,2020-M03,2020,2508.0
009,Shulxa,Шелуха,Husk,Шулха,2020-M03,2020,2202.0
010,Kombikorm,Комбикорм,Compound feed,Комбикорм,2020-M03,2020,2337.0
011,Oliy navli bug'doy uni,Мука пшеничная высшего сорта,High-grade wheat flour,Олий навли буғдой уни,2020-M03,2020,0.0
0012,1-navli bug'doy uni,Мука пшеничная первого сорта,First grade wheat flour,1-навли буғдой уни,2020-M03,2020,0.0
013,1-nav bug'doy unidan non,Хлеб пшеничный из муки 1-го сорта,Wheat bread from 1st grade flour,1-нав буғдой унидан нон,2020-M03,2020,0.0
017,Mol go'shti,Говядина,Beef,Мол гўшти,2020-M03,2020,47554.0
0020,Qo'y go'shti,Баранина,Mutton,Қўй гўшти,2020-M03,2020,48809.0
022,Tovuq go'shti,Мясо птицы,Poultry,Товуқ гўшти,2020-M03,2020,20057.0
026,Turli baliqlar,Рыба всякая,Fish of all kinds,Турли балиқлар,2020-M03,2020,16226.0
027,Yangi sog'ilgan sut (1 litr),Молоко свежее (1 литр),Fresh milk (1 liter),Янги соғилган сут (1 литр),2020-M03,2020,4593.0
034,Tuxum (10 dona),Яйца (10 штук),Eggs (10 pieces ),Тухум (10 дона),2020-M03,2020,7506.0
035,Paxta yog'i (1 litr),Масло хлопковое (1 литр),Cottonseed oil (1 liter),Пахта ёғи (1 литр),2020-M03,2020,0.0
0036,Kungaboqar yog'i (1 litr),Масло подсолнечное (1 литр),Sunflower oil (1 liter),Кунгабоқар ёғи (1 литр),2020-M03,2020,0.0
037,Sariyog',Масло сливочное,Butter,Сариёғ,2020-M03,2020,40518.0
039,Limon,Лимоны,Lemons,Лимон,2020-M03,2020,11210.0
0040,Olma,Яблоки,Apples,Олма,2020-M03,2020,13082.0
041,Nok,Груши,Pears,Нок,2020-M03,2020,14727.0
049,Uzum,Виноград,Grape,Узум,2020-M03,2020,13345.0
0050,Tarvuz,Арбуз,Watermelon,Тарвуз,2020-M03,2020,0.0
0051,Qovun,Дыня,Melon,Қовун,2020-M03,2020,0.0
053,Mayiz,Кишмиш,Kishmish,Майиз,2020-M03,2020,24591.0
055,Karam,Капуста,Cabbage,Карам,2020-M03,2020,1927.0
057,Bodring,Огурцы,Cucumbers,Бодринг,2020-M03,2020,13568.0
058,Pomidor,Помидоры,Tomatoes,Помидор,2020-M03,2020,14475.0
059,Baqlajon,Баклажаны,Eggplant,Бақлажон,2020-M03,2020,0.0
0060,Bulg'or qalampiri,Перец болгарский,Bell pepper,Булғор қалампири,2020-M03,2020,22410.0
061,Qovoq,Тыква,Pumpkin,Қовоқ,2020-M03,2020,1759.0
063,Sabzi,Морковь,Carrot,Сабзи,2020-M03,2020,1485.0
065,Sarimsoq,Чеснок,Garlic,Саримсоқ,2020-M03,2020,44967.0
066,Piyoz,Лук репчатый,Onion,Пиёз,2020-M03,2020,2090.0
069,Kartoshka,Картофель,Potatoes,Картошка,2020-M03,2020,3425.0
0070,Loviya,Фасоль,Beans,Ловия,2020-M03,2020,11132.0
071,No'xot,Горох,Peas,Нўхот,2020-M03,2020,9085.0
0072,Mosh,Маш,Mash,Мош,2020-M03,2020,9727.0
073,Shakar,Сахар песок,Sugar,Шакар,2020-M03,2020,0.0
002,Kruppa yormasi,Крупа манная,Semolina,Круппа ёрмаси,2020-M03,2020,2237.0
001,Guruch,Рис,Rice,Гуруч,2020-M04,2020,8776.0
003,Arpa,Ячмень,Barley,Арпа,2020-M04,2020,2430.0
0004,Bug'doy,Пшеница,Wheat,Буғдой,2020-M04,2020,2760.0
005,Jo'hori,Кукуруза,Corn,Жўҳори,2020-M04,2020,2705.0
006,Kepak,Отруби,Bran,Кепак,2020-M04,2020,1964.0
0008,Shrot,Шрот,Schroth,Шрот,2020-M04,2020,2582.0
009,Shulxa,Шелуха,Husk,Шулха,2020-M04,2020,2253.0
010,Kombikorm,Комбикорм,Compound feed,Комбикорм,2020-M04,2020,2370.0
011,Oliy navli bug'doy uni,Мука пшеничная высшего сорта,High-grade wheat flour,Олий навли буғдой уни,2020-M04,2020,0.0
0012,1-navli bug'doy uni,Мука пшеничная первого сорта,First grade wheat flour,1-навли буғдой уни,2020-M04,2020,0.0
013,1-nav bug'doy unidan non,Хлеб пшеничный из муки 1-го сорта,Wheat bread from 1st grade flour,1-нав буғдой унидан нон,2020-M04,2020,0.0
017,Mol go'shti,Говядина,Beef,Мол гўшти,2020-M04,2020,47886.0
0020,Qo'y go'shti,Баранина,Mutton,Қўй гўшти,2020-M04,2020,49316.0
022,Tovuq go'shti,Мясо птицы,Poultry,Товуқ гўшти,2020-M04,2020,20064.0
026,Turli baliqlar,Рыба всякая,Fish of all kinds,Турли балиқлар,2020-M04,2020,16320.0
027,Yangi sog'ilgan sut (1 litr),Молоко свежее (1 литр),Fresh milk (1 liter),Янги соғилган сут (1 литр),2020-M04,2020,4505.0
034,Tuxum (10 dona),Яйца (10 штук),Eggs (10 pieces ),Тухум (10 дона),2020-M04,2020,7806.0
035,Paxta yog'i (1 litr),Масло хлопковое (1 литр),Cottonseed oil (1 liter),Пахта ёғи (1 литр),2020-M04,2020,0.0
0036,Kungaboqar yog'i (1 litr),Масло подсолнечное (1 литр),Sunflower oil (1 liter),Кунгабоқар ёғи (1 литр),2020-M04,2020,0.0
037,Sariyog',Масло сливочное,Butter,Сариёғ,2020-M04,2020,40518.0
039,Limon,Лимоны,Lemons,Лимон,2020-M04,2020,29645.0
0040,Olma,Яблоки,Apples,Олма,2020-M04,2020,13082.0
041,Nok,Груши,Pears,Нок,2020-M04,2020,14727.0
049,Uzum,Виноград,Grape,Узум,2020-M04,2020,13345.0
0050,Tarvuz,Арбуз,Watermelon,Тарвуз,2020-M04,2020,0.0
0051,Qovun,Дыня,Melon,Қовун,2020-M04,2020,0.0
053,Mayiz,Кишмиш,Kishmish,Майиз,2020-M04,2020,24591.0
055,Karam,Капуста,Cabbage,Карам,2020-M04,2020,2056.0
057,Bodring,Огурцы,Cucumbers,Бодринг,2020-M04,2020,8275.0
058,Pomidor,Помидоры,Tomatoes,Помидор,2020-M04,2020,11186.0
059,Baqlajon,Баклажаны,Eggplant,Бақлажон,2020-M04,2020,0.0
0060,Bulg'or qalampiri,Перец болгарский,Bell pepper,Булғор қалампири,2020-M04,2020,29394.0
061,Qovoq,Тыква,Pumpkin,Қовоқ,2020-M04,2020,1707.0
063,Sabzi,Морковь,Carrot,Сабзи,2020-M04,2020,1672.0
065,Sarimsoq,Чеснок,Garlic,Саримсоқ,2020-M04,2020,52807.0
066,Piyoz,Лук репчатый,Onion,Пиёз,2020-M04,2020,2769.0
069,Kartoshka,Картофель,Potatoes,Картошка,2020-M04,2020,4580.0
0070,Loviya,Фасоль,Beans,Ловия,2020-M04,2020,12417.0
071,No'xot,Горох,Peas,Нўхот,2020-M04,2020,9045.0
0072,Mosh,Маш,Mash,Мош,2020-M04,2020,9750.0
073,Shakar,Сахар песок,Sugar,Шакар,2020-M04,2020,0.0
002,Kruppa yormasi,Крупа манная,Semolina,Круппа ёрмаси,2020-M04,2020,2430.0
001,Guruch,Рис,Rice,Гуруч,2020-M05,2020,8776.0
003,Arpa,Ячмень,Barley,Арпа,2020-M05,2020,2671.0
0004,Bug'doy,Пшеница,Wheat,Буғдой,2020-M05,2020,3244.0
005,Jo'hori,Кукуруза,Corn,Жўҳори,2020-M05,2020,2877.0
006,Kepak,Отруби,Bran,Кепак,2020-M05,2020,2052.0
0008,Shrot,Шрот,Schroth,Шрот,2020-M05,2020,2606.0
009,Shulxa,Шелуха,Husk,Шулха,2020-M05,2020,2270.0
010,Kombikorm,Комбикорм,Compound feed,Комбикорм,2020-M05,2020,2394.0
011,Oliy navli bug'doy uni,Мука пшеничная высшего сорта,High-grade wheat flour,Олий навли буғдой уни,2020-M05,2020,0.0
0012,1-navli bug'doy uni,Мука пшеничная первого сорта,First grade wheat flour,1-навли буғдой уни,2020-M05,2020,0.0
013,1-nav bug'doy unidan non,Хлеб пшеничный из муки 1-го сорта,Wheat bread from 1st grade flour,1-нав буғдой унидан нон,2020-M05,2020,0.0
017,Mol go'shti,Говядина,Beef,Мол гўшти,2020-M05,2020,48230.0
0020,Qo'y go'shti,Баранина,Mutton,Қўй гўшти,2020-M05,2020,49668.0
022,Tovuq go'shti,Мясо птицы,Poultry,Товуқ гўшти,2020-M05,2020,19984.0
026,Turli baliqlar,Рыба всякая,Fish of all kinds,Турли балиқлар,2020-M05,2020,16533.0
027,Yangi sog'ilgan sut (1 litr),Молоко свежее (1 литр),Fresh milk (1 liter),Янги соғилган сут (1 литр),2020-M05,2020,4436.0
034,Tuxum (10 dona),Яйца (10 штук),Eggs (10 pieces ),Тухум (10 дона),2020-M05,2020,8714.0
035,Paxta yog'i (1 litr),Масло хлопковое (1 литр),Cottonseed oil (1 liter),Пахта ёғи (1 литр),2020-M05,2020,0.0
0036,Kungaboqar yog'i (1 litr),Масло подсолнечное (1 литр),Sunflower oil (1 liter),Кунгабоқар ёғи (1 литр),2020-M05,2020,0.0
037,Sariyog',Масло сливочное,Butter,Сариёғ,2020-M05,2020,40518.0
039,Limon,Лимоны,Lemons,Лимон,2020-M05,2020,32005.0
0040,Olma,Яблоки,Apples,Олма,2020-M05,2020,12745.0
041,Nok,Груши,Pears,Нок,2020-M05,2020,14727.0
049,Uzum,Виноград,Grape,Узум,2020-M05,2020,15532.0
0050,Tarvuz,Арбуз,Watermelon,Тарвуз,2020-M05,2020,0.0
0051,Qovun,Дыня,Melon,Қовун,2020-M05,2020,0.0
053,Mayiz,Кишмиш,Kishmish,Майиз,2020-M05,2020,24591.0
055,Karam,Капуста,Cabbage,Карам,2020-M05,2020,1596.0
057,Bodring,Огурцы,Cucumbers,Бодринг,2020-M05,2020,4333.0
058,Pomidor,Помидоры,Tomatoes,Помидор,2020-M05,2020,7314.0
059,Baqlajon,Баклажаны,Eggplant,Бақлажон,2020-M05,2020,15200.0
0060,Bulg'or qalampiri,Перец болгарский,Bell pepper,Булғор қалампири,2020-M05,2020,13209.0
061,Qovoq,Тыква,Pumpkin,Қовоқ,2020-M05,2020,0.0
063,Sabzi,Морковь,Carrot,Сабзи,2020-M05,2020,1661.0
065,Sarimsoq,Чеснок,Garlic,Саримсоқ,2020-M05,2020,37509.0
066,Piyoz,Лук репчатый,Onion,Пиёз,2020-M05,2020,1979.0
069,Kartoshka,Картофель,Potatoes,Картошка,2020-M05,2020,4208.0
0070,Loviya,Фасоль,Beans,Ловия,2020-M05,2020,20157.0
071,No'xot,Горох,Peas,Нўхот,2020-M05,2020,9250.0
0072,Mosh,Маш,Mash,Мош,2020-M05,2020,10019.0
073,Shakar,Сахар песок,Sugar,Шакар,2020-M05,2020,0.0
002,Kruppa yormasi,Крупа манная,Semolina,Круппа ёрмаси,2020-M05,2020,2671.0
001,Guruch,Рис,Rice,Гуруч,2020-M06,2020,8751.0
003,Arpa,Ячмень,Barley,Арпа,2020-M06,2020,2667.0
0004,Bug'doy,Пшеница,Wheat,Буғдой,2020-M06,2020,3162.0
005,Jo'hori,Кукуруза,Corn,Жўҳори,2020-M06,2020,3087.0
006,Kepak,Отруби,Bran,Кепак,2020-M06,2020,2047.0
0008,Shrot,Шрот,Schroth,Шрот,2020-M06,2020,2606.0
009,Shulxa,Шелуха,Husk,Шулха,2020-M06,2020,2270.0
010,Kombikorm,Комбикорм,Compound feed,Комбикорм,2020-M06,2020,2407.0
011,Oliy navli bug'doy uni,Мука пшеничная высшего сорта,High-grade wheat flour,Олий навли буғдой уни,2020-M06,2020,0.0
0012,1-navli bug'doy uni,Мука пшеничная первого сорта,First grade wheat flour,1-навли буғдой уни,2020-M06,2020,0.0
013,1-nav bug'doy unidan non,Хлеб пшеничный из муки 1-го сорта,Wheat bread from 1st grade flour,1-нав буғдой унидан нон,2020-M06,2020,0.0
017,Mol go'shti,Говядина,Beef,Мол гўшти,2020-M06,2020,48640.0
0020,Qo'y go'shti,Баранина,Mutton,Қўй гўшти,2020-M06,2020,50025.0
022,Tovuq go'shti,Мясо птицы,Poultry,Товуқ гўшти,2020-M06,2020,20069.0
026,Turli baliqlar,Рыба всякая,Fish of all kinds,Турли балиқлар,2020-M06,2020,15780.0
027,Yangi sog'ilgan sut (1 litr),Молоко свежее (1 литр),Fresh milk (1 liter),Янги соғилган сут (1 литр),2020-M06,2020,4415.0
034,Tuxum (10 dona),Яйца (10 штук),Eggs (10 pieces ),Тухум (10 дона),2020-M06,2020,8425.0
035,Paxta yog'i (1 litr),Масло хлопковое (1 литр),Cottonseed oil (1 liter),Пахта ёғи (1 литр),2020-M06,2020,0.0
0036,Kungaboqar yog'i (1 litr),Масло подсолнечное (1 литр),Sunflower oil (1 liter),Кунгабоқар ёғи (1 литр),2020-M06,2020,0.0
037,Sariyog',Масло сливочное,Butter,Сариёғ,2020-M06,2020,40518.0
039,Limon,Лимоны,Lemons,Лимон,2020-M06,2020,33618.0
0040,Olma,Яблоки,Apples,Олма,2020-M06,2020,10731.0
041,Nok,Груши,Pears,Нок,2020-M06,2020,14727.0
049,Uzum,Виноград,Grape,Узум,2020-M06,2020,11292.0
0050,Tarvuz,Арбуз,Watermelon,Тарвуз,2020-M06,2020,3409.0
0051,Qovun,Дыня,Melon,Қовун,2020-M06,2020,5050.0
053,Mayiz,Кишмиш,Kishmish,Майиз,2020-M06,2020,24815.0
055,Karam,Капуста,Cabbage,Карам,2020-M06,2020,1464.0
057,Bodring,Огурцы,Cucumbers,Бодринг,2020-M06,2020,3042.0
058,Pomidor,Помидоры,Tomatoes,Помидор,2020-M06,2020,4145.0
059,Baqlajon,Баклажаны,Eggplant,Бақлажон,2020-M06,2020,5704.0
0060,Bulg'or qalampiri,Перец болгарский,Bell pepper,Булғор қалампири,2020-M06,2020,5736.0
061,Qovoq,Тыква,Pumpkin,Қовоқ,2020-M06,2020,2750.0
063,Sabzi,Морковь,Carrot,Сабзи,2020-M06,2020,1695.0
065,Sarimsoq,Чеснок,Garlic,Саримсоқ,2020-M06,2020,19637.0
066,Piyoz,Лук репчатый,Onion,Пиёз,2020-M06,2020,1733.0
069,Kartoshka,Картофель,Potatoes,Картошка,2020-M06,2020,3727.0
0070,Loviya,Фасоль,Beans,Ловия,2020-M06,2020,21680.0
071,No'xot,Горох,Peas,Нўхот,2020-M06,2020,9239.0
0072,Mosh,Маш,Mash,Мош,2020-M06,2020,10243.0
073,Shakar,Сахар песок,Sugar,Шакар,2020-M06,2020,0.0
002,Kruppa yormasi,Крупа манная,Semolina,Круппа ёрмаси,2020-M06,2020,2667.0
001,Guruch,Рис,Rice,Гуруч,2020-M07,2020,8749.0
003,Arpa,Ячмень,Barley,Арпа,2020-M07,2020,2588.0
0004,Bug'doy,Пшеница,Wheat,Буғдой,2020-M07,2020,2938.0
005,Jo'hori,Кукуруза,Corn,Жўҳори,2020-M07,2020,3128.0
006,Kepak,Отруби,Bran,Кепак,2020-M07,2020,2043.0
0008,Shrot,Шрот,Schroth,Шрот,2020-M07,2020,2604.0
009,Shulxa,Шелуха,Husk,Шулха,2020-M07,2020,2270.0
010,Kombikorm,Комбикорм,Compound feed,Комбикорм,2020-M07,2020,2407.0
011,Oliy navli bug'doy uni,Мука пшеничная высшего сорта,High-grade wheat flour,Олий навли буғдой уни,2020-M07,2020,0.0
0012,1-navli bug'doy uni,Мука пшеничная первого сорта,First grade wheat flour,1-навли буғдой уни,2020-M07,2020,0.0
013,1-nav bug'doy unidan non,Хлеб пшеничный из муки 1-го сорта,Wheat bread from 1st grade flour,1-нав буғдой унидан нон,2020-M07,2020,0.0
017,Mol go'shti,Говядина,Beef,Мол гўшти,2020-M07,2020,48855.0
0020,Qo'y go'shti,Баранина,Mutton,Қўй гўшти,2020-M07,2020,50502.0
022,Tovuq go'shti,Мясо птицы,Poultry,Товуқ гўшти,2020-M07,2020,20436.0
026,Turli baliqlar,Рыба всякая,Fish of all kinds,Турли балиқлар,2020-M07,2020,15780.0
027,Yangi sog'ilgan sut (1 litr),Молоко свежее (1 литр),Fresh milk (1 liter),Янги соғилган сут (1 литр),2020-M07,2020,4205.0
034,Tuxum (10 dona),Яйца (10 штук),Eggs (10 pieces ),Тухум (10 дона),2020-M07,2020,8239.0
035,Paxta yog'i (1 litr),Масло хлопковое (1 литр),Cottonseed oil (1 liter),Пахта ёғи (1 литр),2020-M07,2020,0.0
0036,Kungaboqar yog'i (1 litr),Масло подсолнечное (1 литр),Sunflower oil (1 liter),Кунгабоқар ёғи (1 литр),2020-M07,2020,0.0
037,Sariyog',Масло сливочное,Butter,Сариёғ,2020-M07,2020,40518.0
039,Limon,Лимоны,Lemons,Лимон,2020-M07,2020,40918.0
0040,Olma,Яблоки,Apples,Олма,2020-M07,2020,9468.0
041,Nok,Груши,Pears,Нок,2020-M07,2020,14389.0
049,Uzum,Виноград,Grape,Узум,2020-M07,2020,8139.0
0050,Tarvuz,Арбуз,Watermelon,Тарвуз,2020-M07,2020,2068.0
0051,Qovun,Дыня,Melon,Қовун,2020-M07,2020,3155.0
053,Mayiz,Кишмиш,Kishmish,Майиз,2020-M07,2020,25709.0
055,Karam,Капуста,Cabbage,Карам,2020-M07,2020,1535.0
057,Bodring,Огурцы,Cucumbers,Бодринг,2020-M07,2020,2685.0
058,Pomidor,Помидоры,Tomatoes,Помидор,2020-M07,2020,3023.0
059,Baqlajon,Баклажаны,Eggplant,Бақлажон,2020-M07,2020,4161.0
0060,Bulg'or qalampiri,Перец болгарский,Bell pepper,Булғор қалампири,2020-M07,2020,4123.0
061,Qovoq,Тыква,Pumpkin,Қовоқ,2020-M07,2020,2250.0
063,Sabzi,Морковь,Carrot,Сабзи,2020-M07,2020,1934.0
065,Sarimsoq,Чеснок,Garlic,Саримсоқ,2020-M07,2020,18090.0
066,Piyoz,Лук репчатый,Onion,Пиёз,2020-M07,2020,1644.0
069,Kartoshka,Картофель,Potatoes,Картошка,2020-M07,2020,3242.0
0070,Loviya,Фасоль,Beans,Ловия,2020-M07,2020,21323.0
071,No'xot,Горох,Peas,Нўхот,2020-M07,2020,9214.0
0072,Mosh,Маш,Mash,Мош,2020-M07,2020,10291.0
073,Shakar,Сахар песок,Sugar,Шакар,2020-M07,2020,0.0
002,Kruppa yormasi,Крупа манная,Semolina,Круппа ёрмаси,2020-M07,2020,2588.0
001,Guruch,Рис,Rice,Гуруч,2020-M08,2020,8968.0
003,Arpa,Ячмень,Barley,Арпа,2020-M08,2020,2585.0
0004,Bug'doy,Пшеница,Wheat,Буғдой,2020-M08,2020,3076.0
005,Jo'hori,Кукуруза,Corn,Жўҳори,2020-M08,2020,3278.0
006,Kepak,Отруби,Bran,Кепак,2020-M08,2020,2043.0
0008,Shrot,Шрот,Schroth,Шрот,2020-M08,2020,2604.0
009,Shulxa,Шелуха,Husk,Шулха,2020-M08,2020,2270.0
010,Kombikorm,Комбикорм,Compound feed,Комбикорм,2020-M08,2020,2407.0
011,Oliy navli bug'doy uni,Мука пшеничная высшего сорта,High-grade wheat flour,Олий навли буғдой уни,2020-M08,2020,0.0
0012,1-navli bug'doy uni,Мука пшеничная первого сорта,First grade wheat flour,1-навли буғдой уни,2020-M08,2020,0.0
013,1-nav bug'doy unidan non,Хлеб пшеничный из муки 1-го сорта,Wheat bread from 1st grade flour,1-нав буғдой унидан нон,2020-M08,2020,0.0
017,Mol go'shti,Говядина,Beef,Мол гўшти,2020-M08,2020,50382.0
0020,Qo'y go'shti,Баранина,Mutton,Қўй гўшти,2020-M08,2020,51643.0
022,Tovuq go'shti,Мясо птицы,Poultry,Товуқ гўшти,2020-M08,2020,20373.0
026,Turli baliqlar,Рыба всякая,Fish of all kinds,Турли балиқлар,2020-M08,2020,15780.0
027,Yangi sog'ilgan sut (1 litr),Молоко свежее (1 литр),Fresh milk (1 liter),Янги соғилган сут (1 литр),2020-M08,2020,4205.0
034,Tuxum (10 dona),Яйца (10 штук),Eggs (10 pieces ),Тухум (10 дона),2020-M08,2020,8514.0
035,Paxta yog'i (1 litr),Масло хлопковое (1 литр),Cottonseed oil (1 liter),Пахта ёғи (1 литр),2020-M08,2020,0.0
0036,Kungaboqar yog'i (1 litr),Масло подсолнечное (1 литр),Sunflower oil (1 liter),Кунгабоқар ёғи (1 литр),2020-M08,2020,0.0
037,Sariyog',Масло сливочное,Butter,Сариёғ,2020-M08,2020,40518.0
039,Limon,Лимоны,Lemons,Лимон,2020-M08,2020,44818.0
0040,Olma,Яблоки,Apples,Олма,2020-M08,2020,9373.0
041,Nok,Груши,Pears,Нок,2020-M08,2020,13918.0
049,Uzum,Виноград,Grape,Узум,2020-M08,2020,7978.0
0050,Tarvuz,Арбуз,Watermelon,Тарвуз,2020-M08,2020,1172.0
0051,Qovun,Дыня,Melon,Қовун,2020-M08,2020,1700.0
053,Mayiz,Кишмиш,Kishmish,Майиз,2020-M08,2020,25709.0
055,Karam,Капуста,Cabbage,Карам,2020-M08,2020,1802.0
057,Bodring,Огурцы,Cucumbers,Бодринг,2020-M08,2020,2269.0
058,Pomidor,Помидоры,Tomatoes,Помидор,2020-M08,2020,1934.0
059,Baqlajon,Баклажаны,Eggplant,Бақлажон,2020-M08,2020,2432.0
0060,Bulg'or qalampiri,Перец болгарский,Bell pepper,Булғор қалампири,2020-M08,2020,2666.0
061,Qovoq,Тыква,Pumpkin,Қовоқ,2020-M08,2020,2125.0
063,Sabzi,Морковь,Carrot,Сабзи,2020-M08,2020,2058.0
065,Sarimsoq,Чеснок,Garlic,Саримсоқ,2020-M08,2020,24225.0
066,Piyoz,Лук репчатый,Onion,Пиёз,2020-M08,2020,1705.0
069,Kartoshka,Картофель,Potatoes,Картошка,2020-M08,2020,3223.0
0070,Loviya,Фасоль,Beans,Ловия,2020-M08,2020,20677.0
071,No'xot,Горох,Peas,Нўхот,2020-M08,2020,9214.0
0072,Mosh,Маш,Mash,Мош,2020-M08,2020,10173.0
073,Shakar,Сахар песок,Sugar,Шакар,2020-M08,2020,0.0
002,Kruppa yormasi,Крупа манная,Semolina,Круппа ёрмаси,2020-M08,2020,2585.0
001,Guruch,Рис,Rice,Гуруч,2020-M09,2020,9218.0
003,Arpa,Ячмень,Barley,Арпа,2020-M09,2020,2594.0
0004,Bug'doy,Пшеница,Wheat,Буғдой,2020-M09,2020,3071.0
005,Jo'hori,Кукуруза,Corn,Жўҳори,2020-M09,2020,3267.0
006,Kepak,Отруби,Bran,Кепак,2020-M09,2020,2053.0
0008,Shrot,Шрот,Schroth,Шрот,2020-M09,2020,2604.0
009,Shulxa,Шелуха,Husk,Шулха,2020-M09,2020,2270.0
010,Kombikorm,Комбикорм,Compound feed,Комбикорм,2020-M09,2020,2337.0
011,Oliy navli bug'doy uni,Мука пшеничная высшего сорта,High-grade wheat flour,Олий навли буғдой уни,2020-M09,2020,0.0
0012,1-navli bug'doy uni,Мука пшеничная первого сорта,First grade wheat flour,1-навли буғдой уни,2020-M09,2020,0.0
013,1-nav bug'doy unidan non,Хлеб пшеничный из муки 1-го сорта,Wheat bread from 1st grade flour,1-нав буғдой унидан нон,2020-M09,2020,0.0
017,Mol go'shti,Говядина,Beef,Мол гўшти,2020-M09,2020,55304.0
0020,Qo'y go'shti,Баранина,Mutton,Қўй гўшти,2020-M09,2020,56905.0
022,Tovuq go'shti,Мясо птицы,Poultry,Товуқ гўшти,2020-M09,2020,20429.0
026,Turli baliqlar,Рыба всякая,Fish of all kinds,Турли балиқлар,2020-M09,2020,15765.0
027,Yangi sog'ilgan sut (1 litr),Молоко свежее (1 литр),Fresh milk (1 liter),Янги соғилган сут (1 литр),2020-M09,2020,4209.0
034,Tuxum (10 dona),Яйца (10 штук),Eggs (10 pieces ),Тухум (10 дона),2020-M09,2020,9197.0
035,Paxta yog'i (1 litr),Масло хлопковое (1 литр),Cottonseed oil (1 liter),Пахта ёғи (1 литр),2020-M09,2020,0.0
0036,Kungaboqar yog'i (1 litr),Масло подсолнечное (1 литр),Sunflower oil (1 liter),Кунгабоқар ёғи (1 литр),2020-M09,2020,0.0
037,Sariyog',Масло сливочное,Butter,Сариёғ,2020-M09,2020,40518.0
039,Limon,Лимоны,Lemons,Лимон,2020-M09,2020,35595.0
0040,Olma,Яблоки,Apples,Олма,2020-M09,2020,9113.0
041,Nok,Груши,Pears,Нок,2020-M09,2020,13825.0
049,Uzum,Виноград,Grape,Узум,2020-M09,2020,8028.0
0050,Tarvuz,Арбуз,Watermelon,Тарвуз,2020-M09,2020,1149.0
0051,Qovun,Дыня,Melon,Қовун,2020-M09,2020,1571.0
053,Mayiz,Кишмиш,Kishmish,Майиз,2020-M09,2020,25862.0
055,Karam,Капуста,Cabbage,Карам,2020-M09,2020,1860.0
057,Bodring,Огурцы,Cucumbers,Бодринг,2020-M09,2020,2621.0
058,Pomidor,Помидоры,Tomatoes,Помидор,2020-M09,2020,1542.0
059,Baqlajon,Баклажаны,Eggplant,Бақлажон,2020-M09,2020,2403.0
0060,Bulg'or qalampiri,Перец болгарский,Bell pepper,Булғор қалампири,2020-M09,2020,2459.0
061,Qovoq,Тыква,Pumpkin,Қовоқ,2020-M09,2020,1821.0
063,Sabzi,Морковь,Carrot,Сабзи,2020-M09,2020,2306.0
065,Sarimsoq,Чеснок,Garlic,Саримсоқ,2020-M09,2020,22696.0
066,Piyoz,Лук репчатый,Onion,Пиёз,2020-M09,2020,1535.0
069,Kartoshka,Картофель,Potatoes,Картошка,2020-M09,2020,3138.0
0070,Loviya,Фасоль,Beans,Ловия,2020-M09,2020,18078.0
071,No'xot,Горох,Peas,Нўхот,2020-M09,2020,9445.0
0072,Mosh,Маш,Mash,Мош,2020-M09,2020,10275.0
073,Shakar,Сахар песок,Sugar,Шакар,2020-M09,2020,0.0
002,Kruppa yormasi,Крупа манная,Semolina,Круппа ёрмаси,2020-M09,2020,2594.0
001,Guruch,Рис,Rice,Гуруч,2020-M10,2020,9374.0
003,Arpa,Ячмень,Barley,Арпа,2020-M10,2020,2601.0
0004,Bug'doy,Пшеница,Wheat,Буғдой,2020-M10,2020,3096.0
005,Jo'hori,Кукуруза,Corn,Жўҳори,2020-M10,2020,3238.0
006,Kepak,Отруби,Bran,Кепак,2020-M10,2020,2124.0
0008,Shrot,Шрот,Schroth,Шрот,2020-M10,2020,2604.0
009,Shulxa,Шелуха,Husk,Шулха,2020-M10,2020,2270.0
010,Kombikorm,Комбикорм,Compound feed,Комбикорм,2020-M10,2020,2320.0
011,Oliy navli bug'doy uni,Мука пшеничная высшего сорта,High-grade wheat flour,Олий навли буғдой уни,2020-M10,2020,0.0
0012,1-navli bug'doy uni,Мука пшеничная первого сорта,First grade wheat flour,1-навли буғдой уни,2020-M10,2020,0.0
013,1-nav bug'doy unidan non,Хлеб пшеничный из муки 1-го сорта,Wheat bread from 1st grade flour,1-нав буғдой унидан нон,2020-M10,2020,0.0
017,Mol go'shti,Говядина,Beef,Мол гўшти,2020-M10,2020,56236.0
0020,Qo'y go'shti,Баранина,Mutton,Қўй гўшти,2020-M10,2020,57990.0
022,Tovuq go'shti,Мясо птицы,Poultry,Товуқ гўшти,2020-M10,2020,20457.0
026,Turli baliqlar,Рыба всякая,Fish of all kinds,Турли балиқлар,2020-M10,2020,14177.0
027,Yangi sog'ilgan sut (1 litr),Молоко свежее (1 литр),Fresh milk (1 liter),Янги соғилган сут (1 литр),2020-M10,2020,4227.0
034,Tuxum (10 dona),Яйца (10 штук),Eggs (10 pieces ),Тухум (10 дона),2020-M10,2020,11399.0
035,Paxta yog'i (1 litr),Масло хлопковое (1 литр),Cottonseed oil (1 liter),Пахта ёғи (1 литр),2020-M10,2020,0.0
0036,Kungaboqar yog'i (1 litr),Масло подсолнечное (1 литр),Sunflower oil (1 liter),Кунгабоқар ёғи (1 литр),2020-M10,2020,0.0
037,Sariyog',Масло сливочное,Butter,Сариёғ,2020-M10,2020,40518.0
039,Limon,Лимоны,Lemons,Лимон,2020-M10,2020,25676.0
0040,Olma,Яблоки,Apples,Олма,2020-M10,2020,8448.0
041,Nok,Груши,Pears,Нок,2020-M10,2020,13882.0
049,Uzum,Виноград,Grape,Узум,2020-M10,2020,9146.0
0050,Tarvuz,Арбуз,Watermelon,Тарвуз,2020-M10,2020,1217.0
0051,Qovun,Дыня,Melon,Қовун,2020-M10,2020,1621.0
053,Mayiz,Кишмиш,Kishmish,Майиз,2020-M10,2020,25970.0
055,Karam,Капуста,Cabbage,Карам,2020-M10,2020,1893.0
057,Bodring,Огурцы,Cucumbers,Бодринг,2020-M10,2020,4543.0
058,Pomidor,Помидоры,Tomatoes,Помидор,2020-M10,2020,3659.0
059,Baqlajon,Баклажаны,Eggplant,Бақлажон,2020-M10,2020,2359.0
0060,Bulg'or qalampiri,Перец болгарский,Bell pepper,Булғор қалампири,2020-M10,2020,2282.0
061,Qovoq,Тыква,Pumpkin,Қовоқ,2020-M10,2020,1803.0
063,Sabzi,Морковь,Carrot,Сабзи,2020-M10,2020,2454.0
065,Sarimsoq,Чеснок,Garlic,Саримсоқ,2020-M10,2020,21364.0
066,Piyoz,Лук репчатый,Onion,Пиёз,2020-M10,2020,1633.0
069,Kartoshka,Картофель,Potatoes,Картошка,2020-M10,2020,3211.0
0070,Loviya,Фасоль,Beans,Ловия,2020-M10,2020,15572.0
071,No'xot,Горох,Peas,Нўхот,2020-M10,2020,10484.0
0072,Mosh,Маш,Mash,Мош,2020-M10,2020,10648.0
073,Shakar,Сахар песок,Sugar,Шакар,2020-M10,2020,0.0
002,Kruppa yormasi,Крупа манная,Semolina,Круппа ёрмаси,2020-M10,2020,2601.0
001,Guruch,Рис,Rice,Гуруч,2020-M11,2020,9319.0
003,Arpa,Ячмень,Barley,Арпа,2020-M11,2020,2603.0
0004,Bug'doy,Пшеница,Wheat,Буғдой,2020-M11,2020,3101.0
005,Jo'hori,Кукуруза,Corn,Жўҳори,2020-M11,2020,3156.0
006,Kepak,Отруби,Bran,Кепак,2020-M11,2020,2135.0
0008,Shrot,Шрот,Schroth,Шрот,2020-M11,2020,2604.0
009,Shulxa,Шелуха,Husk,Шулха,2020-M11,2020,2270.0
010,Kombikorm,Комбикорм,Compound feed,Комбикорм,2020-M11,2020,2320.0
011,Oliy navli bug'doy uni,Мука пшеничная высшего сорта,High-grade wheat flour,Олий навли буғдой уни,2020-M11,2020,0.0
0012,1-navli bug'doy uni,Мука пшеничная первого сорта,First grade wheat flour,1-навли буғдой уни,2020-M11,2020,0.0
013,1-nav bug'doy unidan non,Хлеб пшеничный из муки 1-го сорта,Wheat bread from 1st grade flour,1-нав буғдой унидан нон,2020-M11,2020,0.0
017,Mol go'shti,Говядина,Beef,Мол гўшти,2020-M11,2020,56417.0
0020,Qo'y go'shti,Баранина,Mutton,Қўй гўшти,2020-M11,2020,58230.0
022,Tovuq go'shti,Мясо птицы,Poultry,Товуқ гўшти,2020-M11,2020,20434.0
026,Turli baliqlar,Рыба всякая,Fish of all kinds,Турли балиқлар,2020-M11,2020,14264.0
027,Yangi sog'ilgan sut (1 litr),Молоко свежее (1 литр),Fresh milk (1 liter),Янги соғилган сут (1 литр),2020-M11,2020,4389.0
034,Tuxum (10 dona),Яйца (10 штук),Eggs (10 pieces ),Тухум (10 дона),2020-M11,2020,10416.0
035,Paxta yog'i (1 litr),Масло хлопковое (1 литр),Cottonseed oil (1 liter),Пахта ёғи (1 литр),2020-M11,2020,0.0
0036,Kungaboqar yog'i (1 litr),Масло подсолнечное (1 литр),Sunflower oil (1 liter),Кунгабоқар ёғи (1 литр),2020-M11,2020,0.0
037,Sariyog',Масло сливочное,Butter,Сариёғ,2020-M11,2020,40518.0
039,Limon,Лимоны,Lemons,Лимон,2020-M11,2020,18525.0
0040,Olma,Яблоки,Apples,Олма,2020-M11,2020,8792.0
041,Nok,Груши,Pears,Нок,2020-M11,2020,16106.0
049,Uzum,Виноград,Grape,Узум,2020-M11,2020,10944.0
0050,Tarvuz,Арбуз,Watermelon,Тарвуз,2020-M11,2020,1596.0
0051,Qovun,Дыня,Melon,Қовун,2020-M11,2020,1950.0
053,Mayiz,Кишмиш,Kishmish,Майиз,2020-M11,2020,26136.0
055,Karam,Капуста,Cabbage,Карам,2020-M11,2020,1815.0
057,Bodring,Огурцы,Cucumbers,Бодринг,2020-M11,2020,8160.0
058,Pomidor,Помидоры,Tomatoes,Помидор,2020-M11,2020,6826.0
059,Baqlajon,Баклажаны,Eggplant,Бақлажон,2020-M11,2020,2546.0
0060,Bulg'or qalampiri,Перец болгарский,Bell pepper,Булғор қалампири,2020-M11,2020,2757.0
061,Qovoq,Тыква,Pumpkin,Қовоқ,2020-M11,2020,1642.0
063,Sabzi,Морковь,Carrot,Сабзи,2020-M11,2020,1821.0
065,Sarimsoq,Чеснок,Garlic,Саримсоқ,2020-M11,2020,19407.0
066,Piyoz,Лук репчатый,Onion,Пиёз,2020-M11,2020,1673.0
069,Kartoshka,Картофель,Potatoes,Картошка,2020-M11,2020,3257.0
0070,Loviya,Фасоль,Beans,Ловия,2020-M11,2020,13798.0
071,No'xot,Горох,Peas,Нўхот,2020-M11,2020,10902.0
0072,Mosh,Маш,Mash,Мош,2020-M11,2020,10730.0
073,Shakar,Сахар песок,Sugar,Шакар,2020-M11,2020,0.0
002,Kruppa yormasi,Крупа манная,Semolina,Круппа ёрмаси,2020-M11,2020,2603.0
001,Guruch,Рис,Rice,Гуруч,2020-M12,2020,9235.0
003,Arpa,Ячмень,Barley,Арпа,2020-M12,2020,2648.0
0004,Bug'doy,Пшеница,Wheat,Буғдой,2020-M12,2020,3149.0
005,Jo'hori,Кукуруза,Corn,Жўҳори,2020-M12,2020,3127.0
006,Kepak,Отруби,Bran,Кепак,2020-M12,2020,2163.0
0008,Shrot,Шрот,Schroth,Шрот,2020-M12,2020,2604.0
009,Shulxa,Шелуха,Husk,Шулха,2020-M12,2020,2294.0
010,Kombikorm,Комбикорм,Compound feed,Комбикорм,2020-M12,2020,2306.0
011,Oliy navli bug'doy uni,Мука пшеничная высшего сорта,High-grade wheat flour,Олий навли буғдой уни,2020-M12,2020,0.0
0012,1-navli bug'doy uni,Мука пшеничная первого сорта,First grade wheat flour,1-навли буғдой уни,2020-M12,2020,0.0
013,1-nav bug'doy unidan non,Хлеб пшеничный из муки 1-го сорта,Wheat bread from 1st grade flour,1-нав буғдой унидан нон,2020-M12,2020,0.0
017,Mol go'shti,Говядина,Beef,Мол гўшти,2020-M12,2020,56461.0
0020,Qo'y go'shti,Баранина,Mutton,Қўй гўшти,2020-M12,2020,58284.0
022,Tovuq go'shti,Мясо птицы,Poultry,Товуқ гўшти,2020-M12,2020,20672.0
026,Turli baliqlar,Рыба всякая,Fish of all kinds,Турли балиқлар,2020-M12,2020,14705.0
027,Yangi sog'ilgan sut (1 litr),Молоко свежее (1 литр),Fresh milk (1 liter),Янги соғилган сут (1 литр),2020-M12,2020,4618.0
034,Tuxum (10 dona),Яйца (10 штук),Eggs (10 pieces ),Тухум (10 дона),2020-M12,2020,11040.0
035,Paxta yog'i (1 litr),Масло хлопковое (1 литр),Cottonseed oil (1 liter),Пахта ёғи (1 литр),2020-M12,2020,0.0
0036,Kungaboqar yog'i (1 litr),Масло подсолнечное (1 литр),Sunflower oil (1 liter),Кунгабоқар ёғи (1 литр),2020-M12,2020,0.0
037,Sariyog',Масло сливочное,Butter,Сариёғ,2020-M12,2020,40567.0
039,Limon,Лимоны,Lemons,Лимон,2020-M12,2020,16715.0
0040,Olma,Яблоки,Apples,Олма,2020-M12,2020,9341.0
041,Nok,Груши,Pears,Нок,2020-M12,2020,18666.0
049,Uzum,Виноград,Grape,Узум,2020-M12,2020,12377.0
0050,Tarvuz,Арбуз,Watermelon,Тарвуз,2020-M12,2020,1862.0
0051,Qovun,Дыня,Melon,Қовун,2020-M12,2020,2239.0
053,Mayiz,Кишмиш,Kishmish,Майиз,2020-M12,2020,27004.0
055,Karam,Капуста,Cabbage,Карам,2020-M12,2020,1785.0
057,Bodring,Огурцы,Cucumbers,Бодринг,2020-M12,2020,15047.0
058,Pomidor,Помидоры,Tomatoes,Помидор,2020-M12,2020,9143.0
059,Baqlajon,Баклажаны,Eggplant,Бақлажон,2020-M12,2020,2774.0
0060,Bulg'or qalampiri,Перец болгарский,Bell pepper,Булғор қалампири,2020-M12,2020,6654.0
061,Qovoq,Тыква,Pumpkin,Қовоқ,2020-M12,2020,1593.0
063,Sabzi,Морковь,Carrot,Сабзи,2020-M12,2020,1795.0
065,Sarimsoq,Чеснок,Garlic,Саримсоқ,2020-M12,2020,21033.0
066,Piyoz,Лук репчатый,Onion,Пиёз,2020-M12,2020,1720.0
069,Kartoshka,Картофель,Potatoes,Картошка,2020-M12,2020,3507.0
0070,Loviya,Фасоль,Beans,Ловия,2020-M12,2020,13037.0
071,No'xot,Горох,Peas,Нўхот,2020-M12,2020,11122.0
0072,Mosh,Маш,Mash,Мош,2020-M12,2020,10836.0
073,Shakar,Сахар песок,Sugar,Шакар,2020-M12,2020,0.0
002,Kruppa yormasi,Крупа манная,Semolina,Круппа ёрмаси,2020-M12,2020,2648.0
001,Guruch,Рис,Rice,Гуруч,2021-M01,2021,9191.0
003,Arpa,Ячмень,Barley,Арпа,2021-M01,2021,2653.0
0004,Bug'doy,Пшеница,Wheat,Буғдой,2021-M01,2021,3150.0
005,Jo'hori,Кукуруза,Corn,Жўҳори,2021-M01,2021,3142.0
006,Kepak,Отруби,Bran,Кепак,2021-M01,2021,2191.0
0008,Shrot,Шрот,Schroth,Шрот,2021-M01,2021,2604.0
009,Shulxa,Шелуха,Husk,Шулха,2021-M01,2021,2300.0
010,Kombikorm,Комбикорм,Compound feed,Комбикорм,2021-M01,2021,2288.0
011,Oliy navli bug'doy uni,Мука пшеничная высшего сорта,High-grade wheat flour,Олий навли буғдой уни,2021-M01,2021,0.0
0012,1-navli bug'doy uni,Мука пшеничная первого сорта,First grade wheat flour,1-навли буғдой уни,2021-M01,2021,0.0
013,1-nav bug'doy unidan non,Хлеб пшеничный из муки 1-го сорта,Wheat bread from 1st grade flour,1-нав буғдой унидан нон,2021-M01,2021,3103.0
017,Mol go'shti,Говядина,Beef,Мол гўшти,2021-M01,2021,60228.0
0020,Qo'y go'shti,Баранина,Mutton,Қўй гўшти,2021-M01,2021,59001.0
022,Tovuq go'shti,Мясо птицы,Poultry,Товуқ гўшти,2021-M01,2021,21147.0
026,Turli baliqlar,Рыба всякая,Fish of all kinds,Турли балиқлар,2021-M01,2021,15079.0
027,Yangi sog'ilgan sut (1 litr),Молоко свежее (1 литр),Fresh milk (1 liter),Янги соғилган сут (1 литр),2021-M01,2021,4902.0
034,Tuxum (10 dona),Яйца (10 штук),Eggs (10 pieces ),Тухум (10 дона),2021-M01,2021,11413.0
035,Paxta yog'i (1 litr),Масло хлопковое (1 литр),Cottonseed oil (1 liter),Пахта ёғи (1 литр),2021-M01,2021,0.0
0036,Kungaboqar yog'i (1 litr),Масло подсолнечное (1 литр),Sunflower oil (1 liter),Кунгабоқар ёғи (1 литр),2021-M01,2021,0.0
037,Sariyog',Масло сливочное,Butter,Сариёғ,2021-M01,2021,43746.0
039,Limon,Лимоны,Lemons,Лимон,2021-M01,2021,18627.0
0040,Olma,Яблоки,Apples,Олма,2021-M01,2021,9740.0
041,Nok,Груши,Pears,Нок,2021-M01,2021,21152.0
049,Uzum,Виноград,Grape,Узум,2021-M01,2021,13520.0
0050,Tarvuz,Арбуз,Watermelon,Тарвуз,2021-M01,2021,2038.0
0051,Qovun,Дыня,Melon,Қовун,2021-M01,2021,2373.0
053,Mayiz,Кишмиш,Kishmish,Майиз,2021-M01,2021,27425.0
055,Karam,Капуста,Cabbage,Карам,2021-M01,2021,1746.0
057,Bodring,Огурцы,Cucumbers,Бодринг,2021-M01,2021,18972.0
058,Pomidor,Помидоры,Tomatoes,Помидор,2021-M01,2021,11167.0
059,Baqlajon,Баклажаны,Eggplant,Бақлажон,2021-M01,2021,0.0
0060,Bulg'or qalampiri,Перец болгарский,Bell pepper,Булғор қалампири,2021-M01,2021,10992.0
061,Qovoq,Тыква,Pumpkin,Қовоқ,2021-M01,2021,1530.0
063,Sabzi,Морковь,Carrot,Сабзи,2021-M01,2021,1701.0
065,Sarimsoq,Чеснок,Garlic,Саримсоқ,2021-M01,2021,22389.0
066,Piyoz,Лук репчатый,Onion,Пиёз,2021-M01,2021,1719.0
069,Kartoshka,Картофель,Potatoes,Картошка,2021-M01,2021,3616.0
0070,Loviya,Фасоль,Beans,Ловия,2021-M01,2021,13028.0
071,No'xot,Горох,Peas,Нўхот,2021-M01,2021,11147.0
0072,Mosh,Маш,Mash,Мош,2021-M01,2021,11169.0
073,Shakar,Сахар песок,Sugar,Шакар,2021-M01,2021,0.0
002,Kruppa yormasi,Крупа манная,Semolina,Круппа ёрмаси,2021-M01,2021,2653.0
001,Guruch,Рис,Rice,Гуруч,2021-M02,2021,9477.0
003,Arpa,Ячмень,Barley,Арпа,2021-M02,2021,2684.0
0004,Bug'doy,Пшеница,Wheat,Буғдой,2021-M02,2021,3157.0
005,Jo'hori,Кукуруза,Corn,Жўҳори,2021-M02,2021,3146.0
006,Kepak,Отруби,Bran,Кепак,2021-M02,2021,2252.0
0008,Shrot,Шрот,Schroth,Шрот,2021-M02,2021,2605.0
009,Shulxa,Шелуха,Husk,Шулха,2021-M02,2021,2303.0
010,Kombikorm,Комбикорм,Compound feed,Комбикорм,2021-M02,2021,2231.0
011,Oliy navli bug'doy uni,Мука пшеничная высшего сорта,High-grade wheat flour,Олий навли буғдой уни,2021-M02,2021,0.0
0012,1-navli bug'doy uni,Мука пшеничная первого сорта,First grade wheat flour,1-навли буғдой уни,2021-M02,2021,0.0
013,1-nav bug'doy unidan non,Хлеб пшеничный из муки 1-го сорта,Wheat bread from 1st grade flour,1-нав буғдой унидан нон,2021-M02,2021,2950.0
017,Mol go'shti,Говядина,Beef,Мол гўшти,2021-M02,2021,60840.0
0020,Qo'y go'shti,Баранина,Mutton,Қўй гўшти,2021-M02,2021,59674.0
022,Tovuq go'shti,Мясо птицы,Poultry,Товуқ гўшти,2021-M02,2021,21869.0
026,Turli baliqlar,Рыба всякая,Fish of all kinds,Турли балиқлар,2021-M02,2021,15296.0
027,Yangi sog'ilgan sut (1 litr),Молоко свежее (1 литр),Fresh milk (1 liter),Янги соғилган сут (1 литр),2021-M02,2021,4963.0
034,Tuxum (10 dona),Яйца (10 штук),Eggs (10 pieces ),Тухум (10 дона),2021-M02,2021,10631.0
035,Paxta yog'i (1 litr),Масло хлопковое (1 литр),Cottonseed oil (1 liter),Пахта ёғи (1 литр),2021-M02,2021,0.0
0036,Kungaboqar yog'i (1 litr),Масло подсолнечное (1 литр),Sunflower oil (1 liter),Кунгабоқар ёғи (1 литр),2021-M02,2021,0.0
037,Sariyog',Масло сливочное,Butter,Сариёғ,2021-M02,2021,42980.0
039,Limon,Лимоны,Lemons,Лимон,2021-M02,2021,20732.0
0040,Olma,Яблоки,Apples,Олма,2021-M02,2021,9821.0
041,Nok,Груши,Pears,Нок,2021-M02,2021,22976.0
049,Uzum,Виноград,Grape,Узум,2021-M02,2021,15739.0
0050,Tarvuz,Арбуз,Watermelon,Тарвуз,2021-M02,2021,2259.0
0051,Qovun,Дыня,Melon,Қовун,2021-M02,2021,2512.0
053,Mayiz,Кишмиш,Kishmish,Майиз,2021-M02,2021,27518.0
055,Karam,Капуста,Cabbage,Карам,2021-M02,2021,1979.0
057,Bodring,Огурцы,Cucumbers,Бодринг,2021-M02,2021,16122.0
058,Pomidor,Помидоры,Tomatoes,Помидор,2021-M02,2021,10673.0
059,Baqlajon,Баклажаны,Eggplant,Бақлажон,2021-M02,2021,0.0
0060,Bulg'or qalampiri,Перец болгарский,Bell pepper,Булғор қалампири,2021-M02,2021,17000.0
061,Qovoq,Тыква,Pumpkin,Қовоқ,2021-M02,2021,1478.0
063,Sabzi,Морковь,Carrot,Сабзи,2021-M02,2021,1759.0
065,Sarimsoq,Чеснок,Garlic,Саримсоқ,2021-M02,2021,22317.0
066,Piyoz,Лук репчатый,Onion,Пиёз,2021-M02,2021,1716.0
069,Kartoshka,Картофель,Potatoes,Картошка,2021-M02,2021,3683.0
0070,Loviya,Фасоль,Beans,Ловия,2021-M02,2021,13130.0
071,No'xot,Горох,Peas,Нўхот,2021-M02,2021,11694.0
0072,Mosh,Маш,Mash,Мош,2021-M02,2021,11580.0
073,Shakar,Сахар песок,Sugar,Шакар,2021-M02,2021,0.0
002,Kruppa yormasi,Крупа манная,Semolina,Круппа ёрмаси,2021-M02,2021,2684.0
001,Guruch,Рис,Rice,Гуруч,2021-M03,2021,9389.0
003,Arpa,Ячмень,Barley,Арпа,2021-M03,2021,2778.0
0004,Bug'doy,Пшеница,Wheat,Буғдой,2021-M03,2021,3193.0
005,Jo'hori,Кукуруза,Corn,Жўҳори,2021-M03,2021,3169.0
006,Kepak,Отруби,Bran,Кепак,2021-M03,2021,2286.0
0008,Shrot,Шрот,Schroth,Шрот,2021-M03,2021,2611.0
009,Shulxa,Шелуха,Husk,Шулха,2021-M03,2021,2312.0
010,Kombikorm,Комбикорм,Compound feed,Комбикорм,2021-M03,2021,2237.0
011,Oliy navli bug'doy uni,Мука пшеничная высшего сорта,High-grade wheat flour,Олий навли буғдой уни,2021-M03,2021,0.0
0012,1-navli bug'doy uni,Мука пшеничная первого сорта,First grade wheat flour,1-навли буғдой уни,2021-M03,2021,0.0
013,1-nav bug'doy unidan non,Хлеб пшеничный из муки 1-го сорта,Wheat bread from 1st grade flour,1-нав буғдой унидан нон,2021-M03,2021,3229.0
017,Mol go'shti,Говядина,Beef,Мол гўшти,2021-M03,2021,61838.0
0020,Qo'y go'shti,Баранина,Mutton,Қўй гўшти,2021-M03,2021,60889.0
022,Tovuq go'shti,Мясо птицы,Poultry,Товуқ гўшти,2021-M03,2021,22496.0
026,Turli baliqlar,Рыба всякая,Fish of all kinds,Турли балиқлар,2021-M03,2021,16035.0
027,Yangi sog'ilgan sut (1 litr),Молоко свежее (1 литр),Fresh milk (1 liter),Янги соғилган сут (1 литр),2021-M03,2021,5071.0
034,Tuxum (10 dona),Яйца (10 штук),Eggs (10 pieces ),Тухум (10 дона),2021-M03,2021,10103.0
035,Paxta yog'i (1 litr),Масло хлопковое (1 литр),Cottonseed oil (1 liter),Пахта ёғи (1 литр),2021-M03,2021,0.0
0036,Kungaboqar yog'i (1 litr),Масло подсолнечное (1 литр),Sunflower oil (1 liter),Кунгабоқар ёғи (1 литр),2021-M03,2021,0.0
037,Sariyog',Масло сливочное,Butter,Сариёғ,2021-M03,2021,43021.0
039,Limon,Лимоны,Lemons,Лимон,2021-M03,2021,21722.0
0040,Olma,Яблоки,Apples,Олма,2021-M03,2021,10136.0
041,Nok,Груши,Pears,Нок,2021-M03,2021,26024.0
049,Uzum,Виноград,Grape,Узум,2021-M03,2021,18852.0
0050,Tarvuz,Арбуз,Watermelon,Тарвуз,2021-M03,2021,2408.0
0051,Qovun,Дыня,Melon,Қовун,2021-M03,2021,2500.0
053,Mayiz,Кишмиш,Kishmish,Майиз,2021-M03,2021,27946.0
055,Karam,Капуста,Cabbage,Карам,2021-M03,2021,1976.0
057,Bodring,Огурцы,Cucumbers,Бодринг,2021-M03,2021,16153.0
058,Pomidor,Помидоры,Tomatoes,Помидор,2021-M03,2021,14884.0
059,Baqlajon,Баклажаны,Eggplant,Бақлажон,2021-M03,2021,40000.0
0060,Bulg'or qalampiri,Перец болгарский,Bell pepper,Булғор қалампири,2021-M03,2021,24685.0
061,Qovoq,Тыква,Pumpkin,Қовоқ,2021-M03,2021,1719.0
063,Sabzi,Морковь,Carrot,Сабзи,2021-M03,2021,1929.0
065,Sarimsoq,Чеснок,Garlic,Саримсоқ,2021-M03,2021,22705.0
066,Piyoz,Лук репчатый,Onion,Пиёз,2021-M03,2021,1707.0
069,Kartoshka,Картофель,Potatoes,Картошка,2021-M03,2021,3919.0
0070,Loviya,Фасоль,Beans,Ловия,2021-M03,2021,13423.0
071,No'xot,Горох,Peas,Нўхот,2021-M03,2021,12726.0
0072,Mosh,Маш,Mash,Мош,2021-M03,2021,12084.0
073,Shakar,Сахар песок,Sugar,Шакар,2021-M03,2021,0.0
002,Kruppa yormasi,Крупа манная,Semolina,Круппа ёрмаси,2021-M03,2021,2778.0
001,Guruch,Рис,Rice,Гуруч,2021-M04,2021,9315.0
003,Arpa,Ячмень,Barley,Арпа,2021-M04,2021,2959.0
0004,Bug'doy,Пшеница,Wheat,Буғдой,2021-M04,2021,3299.0
005,Jo'hori,Кукуруза,Corn,Жўҳори,2021-M04,2021,3357.0
006,Kepak,Отруби,Bran,Кепак,2021-M04,2021,2362.0
0008,Shrot,Шрот,Schroth,Шрот,2021-M04,2021,2655.0
009,Shulxa,Шелуха,Husk,Шулха,2021-M04,2021,2382.0
010,Kombikorm,Комбикорм,Compound feed,Комбикорм,2021-M04,2021,2345.0
011,Oliy navli bug'doy uni,Мука пшеничная высшего сорта,High-grade wheat flour,Олий навли буғдой уни,2021-M04,2021,0.0
0012,1-navli bug'doy uni,Мука пшеничная первого сорта,First grade wheat flour,1-навли буғдой уни,2021-M04,2021,0.0
013,1-nav bug'doy unidan non,Хлеб пшеничный из муки 1-го сорта,Wheat bread from 1st grade flour,1-нав буғдой унидан нон,2021-M04,2021,3208.0
017,Mol go'shti,Говядина,Beef,Мол гўшти,2021-M04,2021,62761.0
0020,Qo'y go'shti,Баранина,Mutton,Қўй гўшти,2021-M04,2021,62907.0
022,Tovuq go'shti,Мясо птицы,Poultry,Товуқ гўшти,2021-M04,2021,23066.0
026,Turli baliqlar,Рыба всякая,Fish of all kinds,Турли балиқлар,2021-M04,2021,16699.0
027,Yangi sog'ilgan sut (1 litr),Молоко свежее (1 литр),Fresh milk (1 liter),Янги соғилган сут (1 литр),2021-M04,2021,5110.0
034,Tuxum (10 dona),Яйца (10 штук),Eggs (10 pieces ),Тухум (10 дона),2021-M04,2021,10309.0
035,Paxta yog'i (1 litr),Масло хлопковое (1 литр),Cottonseed oil (1 liter),Пахта ёғи (1 литр),2021-M04,2021,0.0
0036,Kungaboqar yog'i (1 litr),Масло подсолнечное (1 литр),Sunflower oil (1 liter),Кунгабоқар ёғи (1 литр),2021-M04,2021,0.0
037,Sariyog',Масло сливочное,Butter,Сариёғ,2021-M04,2021,44016.0
039,Limon,Лимоны,Lemons,Лимон,2021-M04,2021,24102.0
0040,Olma,Яблоки,Apples,Олма,2021-M04,2021,11623.0
041,Nok,Груши,Pears,Нок,2021-M04,2021,29823.0
049,Uzum,Виноград,Grape,Узум,2021-M04,2021,30088.0
0050,Tarvuz,Арбуз,Watermelon,Тарвуз,2021-M04,2021,0.0
0051,Qovun,Дыня,Melon,Қовун,2021-M04,2021,0.0
053,Mayiz,Кишмиш,Kishmish,Майиз,2021-M04,2021,29439.0
055,Karam,Капуста,Cabbage,Карам,2021-M04,2021,2362.0
057,Bodring,Огурцы,Cucumbers,Бодринг,2021-M04,2021,11786.0
058,Pomidor,Помидоры,Tomatoes,Помидор,2021-M04,2021,15494.0
059,Baqlajon,Баклажаны,Eggplant,Бақлажон,2021-M04,2021,31250.0
0060,Bulg'or qalampiri,Перец болгарский,Bell pepper,Булғор қалампири,2021-M04,2021,33888.0
061,Qovoq,Тыква,Pumpkin,Қовоқ,2021-M04,2021,1820.0
063,Sabzi,Морковь,Carrot,Сабзи,2021-M04,2021,2809.0
065,Sarimsoq,Чеснок,Garlic,Саримсоқ,2021-M04,2021,23720.0
066,Piyoz,Лук репчатый,Onion,Пиёз,2021-M04,2021,1875.0
069,Kartoshka,Картофель,Potatoes,Картошка,2021-M04,2021,4276.0
0070,Loviya,Фасоль,Beans,Ловия,2021-M04,2021,13832.0
071,No'xot,Горох,Peas,Нўхот,2021-M04,2021,14387.0
0072,Mosh,Маш,Mash,Мош,2021-M04,2021,12302.0
073,Shakar,Сахар песок,Sugar,Шакар,2021-M04,2021,0.0
002,Kruppa yormasi,Крупа манная,Semolina,Круппа ёрмаси,2021-M04,2021,2959.0
001,Guruch,Рис,Rice,Гуруч,2021-M05,2021,9378.0
003,Arpa,Ячмень,Barley,Арпа,2021-M05,2021,3192.0
0004,Bug'doy,Пшеница,Wheat,Буғдой,2021-M05,2021,3396.0
005,Jo'hori,Кукуруза,Corn,Жўҳори,2021-M05,2021,3608.0
006,Kepak,Отруби,Bran,Кепак,2021-M05,2021,2477.0
0008,Shrot,Шрот,Schroth,Шрот,2021-M05,2021,2688.0
009,Shulxa,Шелуха,Husk,Шулха,2021-M05,2021,2509.0
010,Kombikorm,Комбикорм,Compound feed,Комбикорм,2021-M05,2021,2508.0
011,Oliy navli bug'doy uni,Мука пшеничная высшего сорта,High-grade wheat flour,Олий навли буғдой уни,2021-M05,2021,0.0
0012,1-navli bug'doy uni,Мука пшеничная первого сорта,First grade wheat flour,1-навли буғдой уни,2021-M05,2021,0.0
013,1-nav bug'doy unidan non,Хлеб пшеничный из муки 1-го сорта,Wheat bread from 1st grade flour,1-нав буғдой унидан нон,2021-M05,2021,3233.0
017,Mol go'shti,Говядина,Beef,Мол гўшти,2021-M05,2021,64766.0
0020,Qo'y go'shti,Баранина,Mutton,Қўй гўшти,2021-M05,2021,65126.0
022,Tovuq go'shti,Мясо птицы,Poultry,Товуқ гўшти,2021-M05,2021,23163.0
026,Turli baliqlar,Рыба всякая,Fish of all kinds,Турли балиқлар,2021-M05,2021,18854.0
027,Yangi sog'ilgan sut (1 litr),Молоко свежее (1 литр),Fresh milk (1 liter),Янги соғилган сут (1 литр),2021-M05,2021,5062.0
034,Tuxum (10 dona),Яйца (10 штук),Eggs (10 pieces ),Тухум (10 дона),2021-M05,2021,10352.0
035,Paxta yog'i (1 litr),Масло хлопковое (1 литр),Cottonseed oil (1 liter),Пахта ёғи (1 литр),2021-M05,2021,0.0
0036,Kungaboqar yog'i (1 litr),Масло подсолнечное (1 литр),Sunflower oil (1 liter),Кунгабоқар ёғи (1 литр),2021-M05,2021,0.0
037,Sariyog',Масло сливочное,Butter,Сариёғ,2021-M05,2021,43668.0
039,Limon,Лимоны,Lemons,Лимон,2021-M05,2021,24391.0
0040,Olma,Яблоки,Apples,Олма,2021-M05,2021,14893.0
041,Nok,Груши,Pears,Нок,2021-M05,2021,32367.0
049,Uzum,Виноград,Grape,Узум,2021-M05,2021,0.0
0050,Tarvuz,Арбуз,Watermelon,Тарвуз,2021-M05,2021,18313.0
0051,Qovun,Дыня,Melon,Қовун,2021-M05,2021,12500.0
053,Mayiz,Кишмиш,Kishmish,Майиз,2021-M05,2021,30105.0
055,Karam,Капуста,Cabbage,Карам,2021-M05,2021,2165.0
057,Bodring,Огурцы,Cucumbers,Бодринг,2021-M05,2021,4528.0
058,Pomidor,Помидоры,Tomatoes,Помидор,2021-M05,2021,10041.0
059,Baqlajon,Баклажаны,Eggplant,Бақлажон,2021-M05,2021,9888.0
0060,Bulg'or qalampiri,Перец болгарский,Bell pepper,Булғор қалампири,2021-M05,2021,17138.0
061,Qovoq,Тыква,Pumpkin,Қовоқ,2021-M05,2021,0.0
063,Sabzi,Морковь,Carrot,Сабзи,2021-M05,2021,4244.0
065,Sarimsoq,Чеснок,Garlic,Саримсоқ,2021-M05,2021,21316.0
066,Piyoz,Лук репчатый,Onion,Пиёз,2021-M05,2021,1601.0
069,Kartoshka,Картофель,Potatoes,Картошка,2021-M05,2021,4366.0
0070,Loviya,Фасоль,Beans,Ловия,2021-M05,2021,14026.0
071,No'xot,Горох,Peas,Нўхот,2021-M05,2021,15255.0
0072,Mosh,Маш,Mash,Мош,2021-M05,2021,12608.0
073,Shakar,Сахар песок,Sugar,Шакар,2021-M05,2021,0.0
002,Kruppa yormasi,Крупа манная,Semolina,Круппа ёрмаси,2021-M05,2021,3192.0
001,Guruch,Рис,Rice,Гуруч,2021-M06,2021,9352.0
003,Arpa,Ячмень,Barley,Арпа,2021-M06,2021,3241.0
0004,Bug'doy,Пшеница,Wheat,Буғдой,2021-M06,2021,3311.0
005,Jo'hori,Кукуруза,Corn,Жўҳори,2021-M06,2021,3840.0
006,Kepak,Отруби,Bran,Кепак,2021-M06,2021,2607.0
0008,Shrot,Шрот,Schroth,Шрот,2021-M06,2021,2629.0
009,Shulxa,Шелуха,Husk,Шулха,2021-M06,2021,2671.0
010,Kombikorm,Комбикорм,Compound feed,Комбикорм,2021-M06,2021,2540.0
011,Oliy navli bug'doy uni,Мука пшеничная высшего сорта,High-grade wheat flour,Олий навли буғдой уни,2021-M06,2021,0.0
0012,1-navli bug'doy uni,Мука пшеничная первого сорта,First grade wheat flour,1-навли буғдой уни,2021-M06,2021,0.0
013,1-nav bug'doy unidan non,Хлеб пшеничный из муки 1-го сорта,Wheat bread from 1st grade flour,1-нав буғдой унидан нон,2021-M06,2021,3291.0
017,Mol go'shti,Говядина,Beef,Мол гўшти,2021-M06,2021,64870.0
0020,Qo'y go'shti,Баранина,Mutton,Қўй гўшти,2021-M06,2021,66739.0
022,Tovuq go'shti,Мясо птицы,Poultry,Товуқ гўшти,2021-M06,2021,22922.0
026,Turli baliqlar,Рыба всякая,Fish of all kinds,Турли балиқлар,2021-M06,2021,21042.0
027,Yangi sog'ilgan sut (1 litr),Молоко свежее (1 литр),Fresh milk (1 liter),Янги соғилган сут (1 литр),2021-M06,2021,4962.0
034,Tuxum (10 dona),Яйца (10 штук),Eggs (10 pieces ),Тухум (10 дона),2021-M06,2021,8973.0
035,Paxta yog'i (1 litr),Масло хлопковое (1 литр),Cottonseed oil (1 liter),Пахта ёғи (1 литр),2021-M06,2021,0.0
0036,Kungaboqar yog'i (1 litr),Масло подсолнечное (1 литр),Sunflower oil (1 liter),Кунгабоқар ёғи (1 литр),2021-M06,2021,0.0
037,Sariyog',Масло сливочное,Butter,Сариёғ,2021-M06,2021,43634.0
039,Limon,Лимоны,Lemons,Лимон,2021-M06,2021,25244.0
0040,Olma,Яблоки,Apples,Олма,2021-M06,2021,16251.0
041,Nok,Груши,Pears,Нок,2021-M06,2021,34597.0
049,Uzum,Виноград,Grape,Узум,2021-M06,2021,15316.0
0050,Tarvuz,Арбуз,Watermelon,Тарвуз,2021-M06,2021,2806.0
0051,Qovun,Дыня,Melon,Қовун,2021-M06,2021,6690.0
053,Mayiz,Кишмиш,Kishmish,Майиз,2021-M06,2021,30669.0
055,Karam,Капуста,Cabbage,Карам,2021-M06,2021,1886.0
057,Bodring,Огурцы,Cucumbers,Бодринг,2021-M06,2021,2184.0
058,Pomidor,Помидоры,Tomatoes,Помидор,2021-M06,2021,5738.0
059,Baqlajon,Баклажаны,Eggplant,Бақлажон,2021-M06,2021,3560.0
0060,Bulg'or qalampiri,Перец болгарский,Bell pepper,Булғор қалампири,2021-M06,2021,5657.0
061,Qovoq,Тыква,Pumpkin,Қовоқ,2021-M06,2021,1960.0
063,Sabzi,Морковь,Carrot,Сабзи,2021-M06,2021,7475.0
065,Sarimsoq,Чеснок,Garlic,Саримсоқ,2021-M06,2021,16313.0
066,Piyoz,Лук репчатый,Onion,Пиёз,2021-M06,2021,1448.0
069,Kartoshka,Картофель,Potatoes,Картошка,2021-M06,2021,3346.0
0070,Loviya,Фасоль,Beans,Ловия,2021-M06,2021,14020.0
071,No'xot,Горох,Peas,Нўхот,2021-M06,2021,16428.0
0072,Mosh,Маш,Mash,Мош,2021-M06,2021,12925.0
073,Shakar,Сахар песок,Sugar,Шакар,2021-M06,2021,0.0
002,Kruppa yormasi,Крупа манная,Semolina,Круппа ёрмаси,2021-M06,2021,3241.0
001,Guruch,Рис,Rice,Гуруч,2021-M07,2021,9300.0
003,Arpa,Ячмень,Barley,Арпа,2021-M07,2021,3153.0
0004,Bug'doy,Пшеница,Wheat,Буғдой,2021-M07,2021,3154.0
005,Jo'hori,Кукуруза,Corn,Жўҳори,2021-M07,2021,3840.0
006,Kepak,Отруби,Bran,Кепак,2021-M07,2021,2561.0
0008,Shrot,Шрот,Schroth,Шрот,2021-M07,2021,2608.0
009,Shulxa,Шелуха,Husk,Шулха,2021-M07,2021,2648.0
010,Kombikorm,Комбикорм,Compound feed,Комбикорм,2021-M07,2021,2545.0
011,Oliy navli bug'doy uni,Мука пшеничная высшего сорта,High-grade wheat flour,Олий навли буғдой уни,2021-M07,2021,0.0
0012,1-navli bug'doy uni,Мука пшеничная первого сорта,First grade wheat flour,1-навли буғдой уни,2021-M07,2021,0.0
013,1-nav bug'doy unidan non,Хлеб пшеничный из муки 1-го сорта,Wheat bread from 1st grade flour,1-нав буғдой унидан нон,2021-M07,2021,3396.0
017,Mol go'shti,Говядина,Beef,Мол гўшти,2021-M07,2021,65069.0
0020,Qo'y go'shti,Баранина,Mutton,Қўй гўшти,2021-M07,2021,67168.0
022,Tovuq go'shti,Мясо птицы,Poultry,Товуқ гўшти,2021-M07,2021,23579.0
026,Turli baliqlar,Рыба всякая,Fish of all kinds,Турли балиқлар,2021-M07,2021,20125.0
027,Yangi sog'ilgan sut (1 litr),Молоко свежее (1 литр),Fresh milk (1 liter),Янги соғилган сут (1 литр),2021-M07,2021,4942.0
034,Tuxum (10 dona),Яйца (10 штук),Eggs (10 pieces ),Тухум (10 дона),2021-M07,2021,8864.0
035,Paxta yog'i (1 litr),Масло хлопковое (1 литр),Cottonseed oil (1 liter),Пахта ёғи (1 литр),2021-M07,2021,0.0
0036,Kungaboqar yog'i (1 litr),Масло подсолнечное (1 литр),Sunflower oil (1 liter),Кунгабоқар ёғи (1 литр),2021-M07,2021,0.0
037,Sariyog',Масло сливочное,Butter,Сариёғ,2021-M07,2021,43323.0
039,Limon,Лимоны,Lemons,Лимон,2021-M07,2021,28053.0
0040,Olma,Яблоки,Apples,Олма,2021-M07,2021,13682.0
041,Nok,Груши,Pears,Нок,2021-M07,2021,31501.0
049,Uzum,Виноград,Grape,Узум,2021-M07,2021,10722.0
0050,Tarvuz,Арбуз,Watermelon,Тарвуз,2021-M07,2021,1893.0
0051,Qovun,Дыня,Melon,Қовун,2021-M07,2021,3848.0
053,Mayiz,Кишмиш,Kishmish,Майиз,2021-M07,2021,31079.0
055,Karam,Капуста,Cabbage,Карам,2021-M07,2021,2031.0
057,Bodring,Огурцы,Cucumbers,Бодринг,2021-M07,2021,3065.0
058,Pomidor,Помидоры,Tomatoes,Помидор,2021-M07,2021,3595.0
059,Baqlajon,Баклажаны,Eggplant,Бақлажон,2021-M07,2021,3016.0
0060,Bulg'or qalampiri,Перец болгарский,Bell pepper,Булғор қалампири,2021-M07,2021,4262.0
061,Qovoq,Тыква,Pumpkin,Қовоқ,2021-M07,2021,1792.0
063,Sabzi,Морковь,Carrot,Сабзи,2021-M07,2021,6568.0
065,Sarimsoq,Чеснок,Garlic,Саримсоқ,2021-M07,2021,15765.0
066,Piyoz,Лук репчатый,Onion,Пиёз,2021-M07,2021,1452.0
069,Kartoshka,Картофель,Potatoes,Картошка,2021-M07,2021,3040.0
0070,Loviya,Фасоль,Beans,Ловия,2021-M07,2021,14023.0
071,No'xot,Горох,Peas,Нўхот,2021-M07,2021,16186.0
0072,Mosh,Маш,Mash,Мош,2021-M07,2021,13115.0
073,Shakar,Сахар песок,Sugar,Шакар,2021-M07,2021,0.0
002,Kruppa yormasi,Крупа манная,Semolina,Круппа ёрмаси,2021-M07,2021,3153.0
001,Guruch,Рис,Rice,Гуруч,2021-M08,2021,9322.0
003,Arpa,Ячмень,Barley,Арпа,2021-M08,2021,3119.0
0004,Bug'doy,Пшеница,Wheat,Буғдой,2021-M08,2021,3097.0
005,Jo'hori,Кукуруза,Corn,Жўҳори,2021-M08,2021,3792.0
006,Kepak,Отруби,Bran,Кепак,2021-M08,2021,2580.0
0008,Shrot,Шрот,Schroth,Шрот,2021-M08,2021,2598.0
009,Shulxa,Шелуха,Husk,Шулха,2021-M08,2021,2646.0
010,Kombikorm,Комбикорм,Compound feed,Комбикорм,2021-M08,2021,2649.0
011,Oliy navli bug'doy uni,Мука пшеничная высшего сорта,High-grade wheat flour,Олий навли буғдой уни,2021-M08,2021,0.0
0012,1-navli bug'doy uni,Мука пшеничная первого сорта,First grade wheat flour,1-навли буғдой уни,2021-M08,2021,0.0
013,1-nav bug'doy unidan non,Хлеб пшеничный из муки 1-го сорта,Wheat bread from 1st grade flour,1-нав буғдой унидан нон,2021-M08,2021,3460.0
017,Mol go'shti,Говядина,Beef,Мол гўшти,2021-M08,2021,67496.0
0020,Qo'y go'shti,Баранина,Mutton,Қўй гўшти,2021-M08,2021,68618.0
022,Tovuq go'shti,Мясо птицы,Poultry,Товуқ гўшти,2021-M08,2021,24524.0
026,Turli baliqlar,Рыба всякая,Fish of all kinds,Турли балиқлар,2021-M08,2021,18915.0
027,Yangi sog'ilgan sut (1 litr),Молоко свежее (1 литр),Fresh milk (1 liter),Янги соғилган сут (1 литр),2021-M08,2021,4952.0
034,Tuxum (10 dona),Яйца (10 штук),Eggs (10 pieces ),Тухум (10 дона),2021-M08,2021,8966.0
035,Paxta yog'i (1 litr),Масло хлопковое (1 литр),Cottonseed oil (1 liter),Пахта ёғи (1 литр),2021-M08,2021,0.0
0036,Kungaboqar yog'i (1 litr),Масло подсолнечное (1 литр),Sunflower oil (1 liter),Кунгабоқар ёғи (1 литр),2021-M08,2021,0.0
037,Sariyog',Масло сливочное,Butter,Сариёғ,2021-M08,2021,43472.0
039,Limon,Лимоны,Lemons,Лимон,2021-M08,2021,33119.0
0040,Olma,Яблоки,Apples,Олма,2021-M08,2021,12929.0
041,Nok,Груши,Pears,Нок,2021-M08,2021,24513.0
049,Uzum,Виноград,Grape,Узум,2021-M08,2021,9874.0
0050,Tarvuz,Арбуз,Watermelon,Тарвуз,2021-M08,2021,1601.0
0051,Qovun,Дыня,Melon,Қовун,2021-M08,2021,2847.0
053,Mayiz,Кишмиш,Kishmish,Майиз,2021-M08,2021,31885.0
055,Karam,Капуста,Cabbage,Карам,2021-M08,2021,2222.0
057,Bodring,Огурцы,Cucumbers,Бодринг,2021-M08,2021,3930.0
058,Pomidor,Помидоры,Tomatoes,Помидор,2021-M08,2021,3308.0
059,Baqlajon,Баклажаны,Eggplant,Бақлажон,2021-M08,2021,2463.0
0060,Bulg'or qalampiri,Перец болгарский,Bell pepper,Булғор қалампири,2021-M08,2021,3412.0
061,Qovoq,Тыква,Pumpkin,Қовоқ,2021-M08,2021,1898.0
063,Sabzi,Морковь,Carrot,Сабзи,2021-M08,2021,5258.0
065,Sarimsoq,Чеснок,Garlic,Саримсоқ,2021-M08,2021,16242.0
066,Piyoz,Лук репчатый,Onion,Пиёз,2021-M08,2021,1532.0
069,Kartoshka,Картофель,Potatoes,Картошка,2021-M08,2021,2996.0
0070,Loviya,Фасоль,Beans,Ловия,2021-M08,2021,13944.0
071,No'xot,Горох,Peas,Нўхот,2021-M08,2021,16435.0
0072,Mosh,Маш,Mash,Мош,2021-M08,2021,13677.0
073,Shakar,Сахар песок,Sugar,Шакар,2021-M08,2021,0.0
002,Kruppa yormasi,Крупа манная,Semolina,Круппа ёрмаси,2021-M08,2021,3119.0
001,Guruch,Рис,Rice,Гуруч,2021-M09,2021,9367.0
003,Arpa,Ячмень,Barley,Арпа,2021-M09,2021,3160.0
0004,Bug'doy,Пшеница,Wheat,Буғдой,2021-M09,2021,3087.0
005,Jo'hori,Кукуруза,Corn,Жўҳори,2021-M09,2021,3626.0
006,Kepak,Отруби,Bran,Кепак,2021-M09,2021,2601.0
0008,Shrot,Шрот,Schroth,Шрот,2021-M09,2021,2598.0
009,Shulxa,Шелуха,Husk,Шулха,2021-M09,2021,2667.0
010,Kombikorm,Комбикорм,Compound feed,Комбикорм,2021-M09,2021,2707.0
011,Oliy navli bug'doy uni,Мука пшеничная высшего сорта,High-grade wheat flour,Олий навли буғдой уни,2021-M09,2021,0.0
0012,1-navli bug'doy uni,Мука пшеничная первого сорта,First grade wheat flour,1-навли буғдой уни,2021-M09,2021,0.0
013,1-nav bug'doy unidan non,Хлеб пшеничный из муки 1-го сорта,Wheat bread from 1st grade flour,1-нав буғдой унидан нон,2021-M09,2021,3681.0
017,Mol go'shti,Говядина,Beef,Мол гўшти,2021-M09,2021,67199.0
0020,Qo'y go'shti,Баранина,Mutton,Қўй гўшти,2021-M09,2021,68366.0
022,Tovuq go'shti,Мясо птицы,Poultry,Товуқ гўшти,2021-M09,2021,24590.0
026,Turli baliqlar,Рыба всякая,Fish of all kinds,Турли балиқлар,2021-M09,2021,18080.0
027,Yangi sog'ilgan sut (1 litr),Молоко свежее (1 литр),Fresh milk (1 liter),Янги соғилган сут (1 литр),2021-M09,2021,4996.0
034,Tuxum (10 dona),Яйца (10 штук),Eggs (10 pieces ),Тухум (10 дона),2021-M09,2021,9364.0
035,Paxta yog'i (1 litr),Масло хлопковое (1 литр),Cottonseed oil (1 liter),Пахта ёғи (1 литр),2021-M09,2021,0.0
0036,Kungaboqar yog'i (1 litr),Масло подсолнечное (1 литр),Sunflower oil (1 liter),Кунгабоқар ёғи (1 литр),2021-M09,2021,0.0
037,Sariyog',Масло сливочное,Butter,Сариёғ,2021-M09,2021,43553.0
039,Limon,Лимоны,Lemons,Лимон,2021-M09,2021,31703.0
0040,Olma,Яблоки,Apples,Олма,2021-M09,2021,12009.0
041,Nok,Груши,Pears,Нок,2021-M09,2021,24228.0
049,Uzum,Виноград,Grape,Узум,2021-M09,2021,8622.0
0050,Tarvuz,Арбуз,Watermelon,Тарвуз,2021-M09,2021,1634.0
0051,Qovun,Дыня,Melon,Қовун,2021-M09,2021,2587.0
053,Mayiz,Кишмиш,Kishmish,Майиз,2021-M09,2021,32079.0
055,Karam,Капуста,Cabbage,Карам,2021-M09,2021,2633.0
057,Bodring,Огурцы,Cucumbers,Бодринг,2021-M09,2021,4315.0
058,Pomidor,Помидоры,Tomatoes,Помидор,2021-M09,2021,3994.0
059,Baqlajon,Баклажаны,Eggplant,Бақлажон,2021-M09,2021,2675.0
0060,Bulg'or qalampiri,Перец болгарский,Bell pepper,Булғор қалампири,2021-M09,2021,3472.0
061,Qovoq,Тыква,Pumpkin,Қовоқ,2021-M09,2021,2118.0
063,Sabzi,Морковь,Carrot,Сабзи,2021-M09,2021,4399.0
065,Sarimsoq,Чеснок,Garlic,Саримсоқ,2021-M09,2021,18242.0
066,Piyoz,Лук репчатый,Onion,Пиёз,2021-M09,2021,1774.0
069,Kartoshka,Картофель,Potatoes,Картошка,2021-M09,2021,3358.0
0070,Loviya,Фасоль,Beans,Ловия,2021-M09,2021,13848.0
071,No'xot,Горох,Peas,Нўхот,2021-M09,2021,17761.0
0072,Mosh,Маш,Mash,Мош,2021-M09,2021,13982.0
073,Shakar,Сахар песок,Sugar,Шакар,2021-M09,2021,0.0
002,Kruppa yormasi,Крупа манная,Semolina,Круппа ёрмаси,2021-M09,2021,3160.0
001,Guruch,Рис,Rice,Гуруч,2021-M10,2021,9295.0
003,Arpa,Ячмень,Barley,Арпа,2021-M10,2021,3253.0
0004,Bug'doy,Пшеница,Wheat,Буғдой,2021-M10,2021,3141.0
005,Jo'hori,Кукуруза,Corn,Жўҳори,2021-M10,2021,3309.0
006,Kepak,Отруби,Bran,Кепак,2021-M10,2021,2593.0
0008,Shrot,Шрот,Schroth,Шрот,2021-M10,2021,2628.0
009,Shulxa,Шелуха,Husk,Шулха,2021-M10,2021,2712.0
010,Kombikorm,Комбикорм,Compound feed,Комбикорм,2021-M10,2021,2656.0
011,Oliy navli bug'doy uni,Мука пшеничная высшего сорта,High-grade wheat flour,Олий навли буғдой уни,2021-M10,2021,0.0
0012,1-navli bug'doy uni,Мука пшеничная первого сорта,First grade wheat flour,1-навли буғдой уни,2021-M10,2021,0.0
013,1-nav bug'doy unidan non,Хлеб пшеничный из муки 1-го сорта,Wheat bread from 1st grade flour,1-нав буғдой унидан нон,2021-M10,2021,3760.0
017,Mol go'shti,Говядина,Beef,Мол гўшти,2021-M10,2021,65957.0
0020,Qo'y go'shti,Баранина,Mutton,Қўй гўшти,2021-M10,2021,67294.0
022,Tovuq go'shti,Мясо птицы,Poultry,Товуқ гўшти,2021-M10,2021,25758.0
026,Turli baliqlar,Рыба всякая,Fish of all kinds,Турли балиқлар,2021-M10,2021,17442.0
027,Yangi sog'ilgan sut (1 litr),Молоко свежее (1 литр),Fresh milk (1 liter),Янги соғилган сут (1 литр),2021-M10,2021,5051.0
034,Tuxum (10 dona),Яйца (10 штук),Eggs (10 pieces ),Тухум (10 дона),2021-M10,2021,10247.0
035,Paxta yog'i (1 litr),Масло хлопковое (1 литр),Cottonseed oil (1 liter),Пахта ёғи (1 литр),2021-M10,2021,0.0
0036,Kungaboqar yog'i (1 litr),Масло подсолнечное (1 литр),Sunflower oil (1 liter),Кунгабоқар ёғи (1 литр),2021-M10,2021,0.0
037,Sariyog',Масло сливочное,Butter,Сариёғ,2021-M10,2021,42783.0
039,Limon,Лимоны,Lemons,Лимон,2021-M10,2021,27513.0
0040,Olma,Яблоки,Apples,Олма,2021-M10,2021,10770.0
041,Nok,Груши,Pears,Нок,2021-M10,2021,23376.0
049,Uzum,Виноград,Grape,Узум,2021-M10,2021,8138.0
0050,Tarvuz,Арбуз,Watermelon,Тарвуз,2021-M10,2021,1870.0
0051,Qovun,Дыня,Melon,Қовун,2021-M10,2021,2656.0
053,Mayiz,Кишмиш,Kishmish,Майиз,2021-M10,2021,32217.0
055,Karam,Капуста,Cabbage,Карам,2021-M10,2021,3090.0
057,Bodring,Огурцы,Cucumbers,Бодринг,2021-M10,2021,5143.0
058,Pomidor,Помидоры,Tomatoes,Помидор,2021-M10,2021,5596.0
059,Baqlajon,Баклажаны,Eggplant,Бақлажон,2021-M10,2021,3258.0
0060,Bulg'or qalampiri,Перец болгарский,Bell pepper,Булғор қалампири,2021-M10,2021,3960.0
061,Qovoq,Тыква,Pumpkin,Қовоқ,2021-M10,2021,2176.0
063,Sabzi,Морковь,Carrot,Сабзи,2021-M10,2021,3734.0
065,Sarimsoq,Чеснок,Garlic,Саримсоқ,2021-M10,2021,20089.0
066,Piyoz,Лук репчатый,Onion,Пиёз,2021-M10,2021,1826.0
069,Kartoshka,Картофель,Potatoes,Картошка,2021-M10,2021,3851.0
0070,Loviya,Фасоль,Beans,Ловия,2021-M10,2021,13773.0
071,No'xot,Горох,Peas,Нўхот,2021-M10,2021,18009.0
0072,Mosh,Маш,Mash,Мош,2021-M10,2021,13644.0
073,Shakar,Сахар песок,Sugar,Шакар,2021-M10,2021,0.0
002,Kruppa yormasi,Крупа манная,Semolina,Круппа ёрмаси,2021-M10,2021,3253.0
001,Guruch,Рис,Rice,Гуруч,2021-M11,2021,9354.0
003,Arpa,Ячмень,Barley,Арпа,2021-M11,2021,3512.0
0004,Bug'doy,Пшеница,Wheat,Буғдой,2021-M11,2021,3398.0
005,Jo'hori,Кукуруза,Corn,Жўҳори,2021-M11,2021,3412.0
006,Kepak,Отруби,Bran,Кепак,2021-M11,2021,2645.0
0008,Shrot,Шрот,Schroth,Шрот,2021-M11,2021,2627.0
009,Shulxa,Шелуха,Husk,Шулха,2021-M11,2021,2762.0
010,Kombikorm,Комбикорм,Compound feed,Комбикорм,2021-M11,2021,2659.0
011,Oliy navli bug'doy uni,Мука пшеничная высшего сорта,High-grade wheat flour,Олий навли буғдой уни,2021-M11,2021,0.0
0012,1-navli bug'doy uni,Мука пшеничная первого сорта,First grade wheat flour,1-навли буғдой уни,2021-M11,2021,0.0
013,1-nav bug'doy unidan non,Хлеб пшеничный из муки 1-го сорта,Wheat bread from 1st grade flour,1-нав буғдой унидан нон,2021-M11,2021,3785.0
017,Mol go'shti,Говядина,Beef,Мол гўшти,2021-M11,2021,65602.0
0020,Qo'y go'shti,Баранина,Mutton,Қўй гўшти,2021-M11,2021,67113.0
022,Tovuq go'shti,Мясо птицы,Poultry,Товуқ гўшти,2021-M11,2021,27118.0
026,Turli baliqlar,Рыба всякая,Fish of all kinds,Турли балиқлар,2021-M11,2021,17426.0
027,Yangi sog'ilgan sut (1 litr),Молоко свежее (1 литр),Fresh milk (1 liter),Янги соғилган сут (1 литр),2021-M11,2021,5369.0
034,Tuxum (10 dona),Яйца (10 штук),Eggs (10 pieces ),Тухум (10 дона),2021-M11,2021,10808.0
035,Paxta yog'i (1 litr),Масло хлопковое (1 литр),Cottonseed oil (1 liter),Пахта ёғи (1 литр),2021-M11,2021,0.0
0036,Kungaboqar yog'i (1 litr),Масло подсолнечное (1 литр),Sunflower oil (1 liter),Кунгабоқар ёғи (1 литр),2021-M11,2021,0.0
037,Sariyog',Масло сливочное,Butter,Сариёғ,2021-M11,2021,42723.0
039,Limon,Лимоны,Lemons,Лимон,2021-M11,2021,25686.0
0040,Olma,Яблоки,Apples,Олма,2021-M11,2021,10569.0
041,Nok,Груши,Pears,Нок,2021-M11,2021,25327.0
049,Uzum,Виноград,Grape,Узум,2021-M11,2021,8793.0
0050,Tarvuz,Арбуз,Watermelon,Тарвуз,2021-M11,2021,2208.0
0051,Qovun,Дыня,Melon,Қовун,2021-M11,2021,2983.0
053,Mayiz,Кишмиш,Kishmish,Майиз,2021-M11,2021,33338.0
055,Karam,Капуста,Cabbage,Карам,2021-M11,2021,3365.0
057,Bodring,Огурцы,Cucumbers,Бодринг,2021-M11,2021,6749.0
058,Pomidor,Помидоры,Tomatoes,Помидор,2021-M11,2021,10199.0
059,Baqlajon,Баклажаны,Eggplant,Бақлажон,2021-M11,2021,3786.0
0060,Bulg'or qalampiri,Перец болгарский,Bell pepper,Булғор қалампири,2021-M11,2021,4683.0
061,Qovoq,Тыква,Pumpkin,Қовоқ,2021-M11,2021,2172.0
063,Sabzi,Морковь,Carrot,Сабзи,2021-M11,2021,2723.0
065,Sarimsoq,Чеснок,Garlic,Саримсоқ,2021-M11,2021,21720.0
066,Piyoz,Лук репчатый,Onion,Пиёз,2021-M11,2021,1814.0
069,Kartoshka,Картофель,Potatoes,Картошка,2021-M11,2021,4179.0
0070,Loviya,Фасоль,Beans,Ловия,2021-M11,2021,13382.0
071,No'xot,Горох,Peas,Нўхот,2021-M11,2021,17969.0
0072,Mosh,Маш,Mash,Мош,2021-M11,2021,13503.0
073,Shakar,Сахар песок,Sugar,Шакар,2021-M11,2021,0.0
002,Kruppa yormasi,Крупа манная,Semolina,Круппа ёрмаси,2021-M11,2021,3512.0
001,Guruch,Рис,Rice,Гуруч,2021-M12,2021,9409.0
003,Arpa,Ячмень,Barley,Арпа,2021-M12,2021,3728.0
0004,Bug'doy,Пшеница,Wheat,Буғдой,2021-M12,2021,3460.0
005,Jo'hori,Кукуруза,Corn,Жўҳори,2021-M12,2021,3524.0
006,Kepak,Отруби,Bran,Кепак,2021-M12,2021,2647.0
0008,Shrot,Шрот,Schroth,Шрот,2021-M12,2021,2630.0
009,Shulxa,Шелуха,Husk,Шулха,2021-M12,2021,2798.0
010,Kombikorm,Комбикорм,Compound feed,Комбикорм,2021-M12,2021,2656.0
011,Oliy navli bug'doy uni,Мука пшеничная высшего сорта,High-grade wheat flour,Олий навли буғдой уни,2021-M12,2021,0.0
0012,1-navli bug'doy uni,Мука пшеничная первого сорта,First grade wheat flour,1-навли буғдой уни,2021-M12,2021,0.0
013,1-nav bug'doy unidan non,Хлеб пшеничный из муки 1-го сорта,Wheat bread from 1st grade flour,1-нав буғдой унидан нон,2021-M12,2021,3748.0
017,Mol go'shti,Говядина,Beef,Мол гўшти,2021-M12,2021,64453.0
0020,Qo'y go'shti,Баранина,Mutton,Қўй гўшти,2021-M12,2021,65932.0
022,Tovuq go'shti,Мясо птицы,Poultry,Товуқ гўшти,2021-M12,2021,26685.0
026,Turli baliqlar,Рыба всякая,Fish of all kinds,Турли балиқлар,2021-M12,2021,18464.0
027,Yangi sog'ilgan sut (1 litr),Молоко свежее (1 литр),Fresh milk (1 liter),Янги соғилган сут (1 литр),2021-M12,2021,5373.0
034,Tuxum (10 dona),Яйца (10 штук),Eggs (10 pieces ),Тухум (10 дона),2021-M12,2021,10548.0
035,Paxta yog'i (1 litr),Масло хлопковое (1 литр),Cottonseed oil (1 liter),Пахта ёғи (1 литр),2021-M12,2021,0.0
0036,Kungaboqar yog'i (1 litr),Масло подсолнечное (1 литр),Sunflower oil (1 liter),Кунгабоқар ёғи (1 литр),2021-M12,2021,0.0
037,Sariyog',Масло сливочное,Butter,Сариёғ,2021-M12,2021,43611.0
039,Limon,Лимоны,Lemons,Лимон,2021-M12,2021,22695.0
0040,Olma,Яблоки,Apples,Олма,2021-M12,2021,10267.0
041,Nok,Груши,Pears,Нок,2021-M12,2021,26035.0
049,Uzum,Виноград,Grape,Узум,2021-M12,2021,10669.0
0050,Tarvuz,Арбуз,Watermelon,Тарвуз,2021-M12,2021,2382.0
0051,Qovun,Дыня,Melon,Қовун,2021-M12,2021,3024.0
053,Mayiz,Кишмиш,Kishmish,Майиз,2021-M12,2021,33560.0
055,Karam,Капуста,Cabbage,Карам,2021-M12,2021,3507.0
057,Bodring,Огурцы,Cucumbers,Бодринг,2021-M12,2021,11627.0
058,Pomidor,Помидоры,Tomatoes,Помидор,2021-M12,2021,13087.0
059,Baqlajon,Баклажаны,Eggplant,Бақлажон,2021-M12,2021,7104.0
0060,Bulg'or qalampiri,Перец болгарский,Bell pepper,Булғор қалампири,2021-M12,2021,7356.0
061,Qovoq,Тыква,Pumpkin,Қовоқ,2021-M12,2021,2086.0
063,Sabzi,Морковь,Carrot,Сабзи,2021-M12,2021,2215.0
065,Sarimsoq,Чеснок,Garlic,Саримсоқ,2021-M12,2021,23008.0
066,Piyoz,Лук репчатый,Onion,Пиёз,2021-M12,2021,1800.0
069,Kartoshka,Картофель,Potatoes,Картошка,2021-M12,2021,4229.0
0070,Loviya,Фасоль,Beans,Ловия,2021-M12,2021,13292.0
071,No'xot,Горох,Peas,Нўхот,2021-M12,2021,18466.0
0072,Mosh,Маш,Mash,Мош,2021-M12,2021,13521.0
073,Shakar,Сахар песок,Sugar,Шакар,2021-M12,2021,0.0
002,Kruppa yormasi,Крупа манная,Semolina,Круппа ёрмаси,2021-M12,2021,3728.0
001,Guruch,Рис,Rice,Гуруч,2022-M01,2022,9204.0
003,Arpa,Ячмень,Barley,Арпа,2022-M01,2022,3809.0
0004,Bug'doy,Пшеница,Wheat,Буғдой,2022-M01,2022,3679.0
005,Jo'hori,Кукуруза,Corn,Жўҳори,2022-M01,2022,3773.0
006,Kepak,Отруби,Bran,Кепак,2022-M01,2022,2812.0
0008,Shrot,Шрот,Schroth,Шрот,2022-M01,2022,2783.0
009,Shulxa,Шелуха,Husk,Шулха,2022-M01,2022,3017.0
010,Kombikorm,Комбикорм,Compound feed,Комбикорм,2022-M01,2022,2718.0
011,Oliy navli bug'doy uni,Мука пшеничная высшего сорта,High-grade wheat flour,Олий навли буғдой уни,2022-M01,2022,5517.0
0012,1-navli bug'doy uni,Мука пшеничная первого сорта,First grade wheat flour,1-навли буғдой уни,2022-M01,2022,4355.0
013,1-nav bug'doy unidan non,Хлеб пшеничный из муки 1-го сорта,Wheat bread from 1st grade flour,1-нав буғдой унидан нон,2022-M01,2022,3982.0
017,Mol go'shti,Говядина,Beef,Мол гўшти,2022-M01,2022,63645.0
0020,Qo'y go'shti,Баранина,Mutton,Қўй гўшти,2022-M01,2022,66927.0
022,Tovuq go'shti,Мясо птицы,Poultry,Товуқ гўшти,2022-M01,2022,24275.0
026,Turli baliqlar,Рыба всякая,Fish of all kinds,Турли балиқлар,2022-M01,2022,21106.0
027,Yangi sog'ilgan sut (1 litr),Молоко свежее (1 литр),Fresh milk (1 liter),Янги соғилган сут (1 литр),2022-M01,2022,5483.0
034,Tuxum (10 dona),Яйца (10 штук),Eggs (10 pieces ),Тухум (10 дона),2022-M01,2022,9868.0
035,Paxta yog'i (1 litr),Масло хлопковое (1 литр),Cottonseed oil (1 liter),Пахта ёғи (1 литр),2022-M01,2022,16611.0
0036,Kungaboqar yog'i (1 litr),Масло подсолнечное (1 литр),Sunflower oil (1 liter),Кунгабоқар ёғи (1 литр),2022-M01,2022,18620.0
037,Sariyog',Масло сливочное,Butter,Сариёғ,2022-M01,2022,40671.0
039,Limon,Лимоны,Lemons,Лимон,2022-M01,2022,20640.0
0040,Olma,Яблоки,Apples,Олма,2022-M01,2022,11147.0
041,Nok,Груши,Pears,Нок,2022-M01,2022,25313.0
049,Uzum,Виноград,Grape,Узум,2022-M01,2022,13306.0
0050,Tarvuz,Арбуз,Watermelon,Тарвуз,2022-M01,2022,2580.0
0051,Qovun,Дыня,Melon,Қовун,2022-M01,2022,2993.0
053,Mayiz,Кишмиш,Kishmish,Майиз,2022-M01,2022,34458.0
055,Karam,Капуста,Cabbage,Карам,2022-M01,2022,4274.0
057,Bodring,Огурцы,Cucumbers,Бодринг,2022-M01,2022,17346.0
058,Pomidor,Помидоры,Tomatoes,Помидор,2022-M01,2022,15352.0
059,Baqlajon,Баклажаны,Eggplant,Бақлажон,2022-M01,2022,13000.0
0060,Bulg'or qalampiri,Перец болгарский,Bell pepper,Булғор қалампири,2022-M01,2022,16689.0
061,Qovoq,Тыква,Pumpkin,Қовоқ,2022-M01,2022,2899.0
063,Sabzi,Морковь,Carrot,Сабзи,2022-M01,2022,2176.0
065,Sarimsoq,Чеснок,Garlic,Саримсоқ,2022-M01,2022,24605.0
066,Piyoz,Лук репчатый,Onion,Пиёз,2022-M01,2022,1882.0
069,Kartoshka,Картофель,Potatoes,Картошка,2022-M01,2022,4599.0
0070,Loviya,Фасоль,Beans,Ловия,2022-M01,2022,14715.0
071,No'xot,Горох,Peas,Нўхот,2022-M01,2022,19281.0
0072,Mosh,Маш,Mash,Мош,2022-M01,2022,13582.0
073,Shakar,Сахар песок,Sugar,Шакар,2022-M01,2022,9482.0
002,Kruppa yormasi,Крупа манная,Semolina,Круппа ёрмаси,2022-M01,2022,3809.0
001,Guruch,Рис,Rice,Гуруч,2022-M02,2022,9090.0
003,Arpa,Ячмень,Barley,Арпа,2022-M02,2022,3928.0
0004,Bug'doy,Пшеница,Wheat,Буғдой,2022-M02,2022,3817.0
005,Jo'hori,Кукуруза,Corn,Жўҳори,2022-M02,2022,3828.0
006,Kepak,Отруби,Bran,Кепак,2022-M02,2022,2881.0
0008,Shrot,Шрот,Schroth,Шрот,2022-M02,2022,2833.0
009,Shulxa,Шелуха,Husk,Шулха,2022-M02,2022,3100.0
010,Kombikorm,Комбикорм,Compound feed,Комбикорм,2022-M02,2022,2715.0
011,Oliy navli bug'doy uni,Мука пшеничная высшего сорта,High-grade wheat flour,Олий навли буғдой уни,2022-M02,2022,5724.0
0012,1-navli bug'doy uni,Мука пшеничная первого сорта,First grade wheat flour,1-навли буғдой уни,2022-M02,2022,4325.0
013,1-nav bug'doy unidan non,Хлеб пшеничный из муки 1-го сорта,Wheat bread from 1st grade flour,1-нав буғдой унидан нон,2022-M02,2022,4041.0
017,Mol go'shti,Говядина,Beef,Мол гўшти,2022-M02,2022,63227.0
0020,Qo'y go'shti,Баранина,Mutton,Қўй гўшти,2022-M02,2022,66840.0
022,Tovuq go'shti,Мясо птицы,Poultry,Товуқ гўшти,2022-M02,2022,24066.0
026,Turli baliqlar,Рыба всякая,Fish of all kinds,Турли балиқлар,2022-M02,2022,21984.0
027,Yangi sog'ilgan sut (1 litr),Молоко свежее (1 литр),Fresh milk (1 liter),Янги соғилган сут (1 литр),2022-M02,2022,5538.0
034,Tuxum (10 dona),Яйца (10 штук),Eggs (10 pieces ),Тухум (10 дона),2022-M02,2022,9341.0
035,Paxta yog'i (1 litr),Масло хлопковое (1 литр),Cottonseed oil (1 liter),Пахта ёғи (1 литр),2022-M02,2022,16578.0
0036,Kungaboqar yog'i (1 litr),Масло подсолнечное (1 литр),Sunflower oil (1 liter),Кунгабоқар ёғи (1 литр),2022-M02,2022,18633.0
037,Sariyog',Масло сливочное,Butter,Сариёғ,2022-M02,2022,40458.0
039,Limon,Лимоны,Lemons,Лимон,2022-M02,2022,20961.0
0040,Olma,Яблоки,Apples,Олма,2022-M02,2022,11132.0
041,Nok,Груши,Pears,Нок,2022-M02,2022,25912.0
049,Uzum,Виноград,Grape,Узум,2022-M02,2022,14133.0
0050,Tarvuz,Арбуз,Watermelon,Тарвуз,2022-M02,2022,1906.0
0051,Qovun,Дыня,Melon,Қовун,2022-M02,2022,2250.0
053,Mayiz,Кишмиш,Kishmish,Майиз,2022-M02,2022,35107.0
055,Karam,Капуста,Cabbage,Карам,2022-M02,2022,4624.0
057,Bodring,Огурцы,Cucumbers,Бодринг,2022-M02,2022,16983.0
058,Pomidor,Помидоры,Tomatoes,Помидор,2022-M02,2022,15667.0
059,Baqlajon,Баклажаны,Eggplant,Бақлажон,2022-M02,2022,44333.0
0060,Bulg'or qalampiri,Перец болгарский,Bell pepper,Булғор қалампири,2022-M02,2022,18793.0
061,Qovoq,Тыква,Pumpkin,Қовоқ,2022-M02,2022,3589.0
063,Sabzi,Морковь,Carrot,Сабзи,2022-M02,2022,2285.0
065,Sarimsoq,Чеснок,Garlic,Саримсоқ,2022-M02,2022,25590.0
066,Piyoz,Лук репчатый,Onion,Пиёз,2022-M02,2022,2143.0
069,Kartoshka,Картофель,Potatoes,Картошка,2022-M02,2022,4559.0
0070,Loviya,Фасоль,Beans,Ловия,2022-M02,2022,14511.0
071,No'xot,Горох,Peas,Нўхот,2022-M02,2022,20684.0
0072,Mosh,Маш,Mash,Мош,2022-M02,2022,13314.0
073,Shakar,Сахар песок,Sugar,Шакар,2022-M02,2022,9400.0
002,Kruppa yormasi,Крупа манная,Semolina,Круппа ёрмаси,2022-M02,2022,3928.0
001,Guruch,Рис,Rice,Гуруч,2022-M03,2022,9013.0
003,Arpa,Ячмень,Barley,Арпа,2022-M03,2022,4051.0
0004,Bug'doy,Пшеница,Wheat,Буғдой,2022-M03,2022,3954.0
005,Jo'hori,Кукуруза,Corn,Жўҳори,2022-M03,2022,3858.0
006,Kepak,Отруби,Bran,Кепак,2022-M03,2022,2922.0
0008,Shrot,Шрот,Schroth,Шрот,2022-M03,2022,2843.0
009,Shulxa,Шелуха,Husk,Шулха,2022-M03,2022,3194.0
010,Kombikorm,Комбикорм,Compound feed,Комбикорм,2022-M03,2022,2727.0
011,Oliy navli bug'doy uni,Мука пшеничная высшего сорта,High-grade wheat flour,Олий навли буғдой уни,2022-M03,2022,5759.0
0012,1-navli bug'doy uni,Мука пшеничная первого сорта,First grade wheat flour,1-навли буғдой уни,2022-M03,2022,4365.0
013,1-nav bug'doy unidan non,Хлеб пшеничный из муки 1-го сорта,Wheat bread from 1st grade flour,1-нав буғдой унидан нон,2022-M03,2022,4004.0
017,Mol go'shti,Говядина,Beef,Мол гўшти,2022-M03,2022,62738.0
0020,Qo'y go'shti,Баранина,Mutton,Қўй гўшти,2022-M03,2022,66089.0
022,Tovuq go'shti,Мясо птицы,Poultry,Товуқ гўшти,2022-M03,2022,23734.0
026,Turli baliqlar,Рыба всякая,Fish of all kinds,Турли балиқлар,2022-M03,2022,23095.0
027,Yangi sog'ilgan sut (1 litr),Молоко свежее (1 литр),Fresh milk (1 liter),Янги соғилган сут (1 литр),2022-M03,2022,5522.0
034,Tuxum (10 dona),Яйца (10 штук),Eggs (10 pieces ),Тухум (10 дона),2022-M03,2022,9478.0
035,Paxta yog'i (1 litr),Масло хлопковое (1 литр),Cottonseed oil (1 liter),Пахта ёғи (1 литр),2022-M03,2022,16689.0
0036,Kungaboqar yog'i (1 litr),Масло подсолнечное (1 литр),Sunflower oil (1 liter),Кунгабоқар ёғи (1 литр),2022-M03,2022,18861.0
037,Sariyog',Масло сливочное,Butter,Сариёғ,2022-M03,2022,39858.0
039,Limon,Лимоны,Lemons,Лимон,2022-M03,2022,22200.0
0040,Olma,Яблоки,Apples,Олма,2022-M03,2022,11397.0
041,Nok,Груши,Pears,Нок,2022-M03,2022,27774.0
049,Uzum,Виноград,Grape,Узум,2022-M03,2022,15641.0
0050,Tarvuz,Арбуз,Watermelon,Тарвуз,2022-M03,2022,0.0
0051,Qovun,Дыня,Melon,Қовун,2022-M03,2022,0.0
053,Mayiz,Кишмиш,Kishmish,Майиз,2022-M03,2022,35435.0
055,Karam,Капуста,Cabbage,Карам,2022-M03,2022,4836.0
057,Bodring,Огурцы,Cucumbers,Бодринг,2022-M03,2022,17100.0
058,Pomidor,Помидоры,Tomatoes,Помидор,2022-M03,2022,18065.0
059,Baqlajon,Баклажаны,Eggplant,Бақлажон,2022-M03,2022,25800.0
0060,Bulg'or qalampiri,Перец болгарский,Bell pepper,Булғор қалампири,2022-M03,2022,24953.0
061,Qovoq,Тыква,Pumpkin,Қовоқ,2022-M03,2022,3713.0
063,Sabzi,Морковь,Carrot,Сабзи,2022-M03,2022,2340.0
065,Sarimsoq,Чеснок,Garlic,Саримсоқ,2022-M03,2022,26488.0
066,Piyoz,Лук репчатый,Onion,Пиёз,2022-M03,2022,2592.0
069,Kartoshka,Картофель,Potatoes,Картошка,2022-M03,2022,4010.0
0070,Loviya,Фасоль,Beans,Ловия,2022-M03,2022,13934.0
071,No'xot,Горох,Peas,Нўхот,2022-M03,2022,20739.0
0072,Mosh,Маш,Mash,Мош,2022-M03,2022,13096.0
073,Shakar,Сахар песок,Sugar,Шакар,2022-M03,2022,9502.0
002,Kruppa yormasi,Крупа манная,Semolina,Круппа ёрмаси,2022-M03,2022,4051.0
001,Guruch,Рис,Rice,Гуруч,2022-M04,2022,8867.0
003,Arpa,Ячмень,Barley,Арпа,2022-M04,2022,4073.0
0004,Bug'doy,Пшеница,Wheat,Буғдой,2022-M04,2022,4006.0
005,Jo'hori,Кукуруза,Corn,Жўҳори,2022-M04,2022,3932.0
006,Kepak,Отруби,Bran,Кепак,2022-M04,2022,2966.0
0008,Shrot,Шрот,Schroth,Шрот,2022-M04,2022,2878.0
009,Shulxa,Шелуха,Husk,Шулха,2022-M04,2022,3299.0
010,Kombikorm,Комбикорм,Compound feed,Комбикорм,2022-M04,2022,2743.0
011,Oliy navli bug'doy uni,Мука пшеничная высшего сорта,High-grade wheat flour,Олий навли буғдой уни,2022-M04,2022,5866.0
0012,1-navli bug'doy uni,Мука пшеничная первого сорта,First grade wheat flour,1-навли буғдой уни,2022-M04,2022,4532.0
013,1-nav bug'doy unidan non,Хлеб пшеничный из муки 1-го сорта,Wheat bread from 1st grade flour,1-нав буғдой унидан нон,2022-M04,2022,3987.0
017,Mol go'shti,Говядина,Beef,Мол гўшти,2022-M04,2022,62629.0
0020,Qo'y go'shti,Баранина,Mutton,Қўй гўшти,2022-M04,2022,64321.0
022,Tovuq go'shti,Мясо птицы,Poultry,Товуқ гўшти,2022-M04,2022,23426.0
026,Turli baliqlar,Рыба всякая,Fish of all kinds,Турли балиқлар,2022-M04,2022,23969.0
027,Yangi sog'ilgan sut (1 litr),Молоко свежее (1 литр),Fresh milk (1 liter),Янги соғилган сут (1 литр),2022-M04,2022,5469.0
034,Tuxum (10 dona),Яйца (10 штук),Eggs (10 pieces ),Тухум (10 дона),2022-M04,2022,9405.0
035,Paxta yog'i (1 litr),Масло хлопковое (1 литр),Cottonseed oil (1 liter),Пахта ёғи (1 литр),2022-M04,2022,16990.0
0036,Kungaboqar yog'i (1 litr),Масло подсолнечное (1 литр),Sunflower oil (1 liter),Кунгабоқар ёғи (1 литр),2022-M04,2022,19540.0
037,Sariyog',Масло сливочное,Butter,Сариёғ,2022-M04,2022,41780.0
039,Limon,Лимоны,Lemons,Лимон,2022-M04,2022,22557.0
0040,Olma,Яблоки,Apples,Олма,2022-M04,2022,11811.0
041,Nok,Груши,Pears,Нок,2022-M04,2022,28201.0
049,Uzum,Виноград,Grape,Узум,2022-M04,2022,17331.0
0050,Tarvuz,Арбуз,Watermelon,Тарвуз,2022-M04,2022,0.0
0051,Qovun,Дыня,Melon,Қовун,2022-M04,2022,0.0
053,Mayiz,Кишмиш,Kishmish,Майиз,2022-M04,2022,35990.0
055,Karam,Капуста,Cabbage,Карам,2022-M04,2022,5074.0
057,Bodring,Огурцы,Cucumbers,Бодринг,2022-M04,2022,14216.0
058,Pomidor,Помидоры,Tomatoes,Помидор,2022-M04,2022,18248.0
059,Baqlajon,Баклажаны,Eggplant,Бақлажон,2022-M04,2022,30125.0
0060,Bulg'or qalampiri,Перец болгарский,Bell pepper,Булғор қалампири,2022-M04,2022,29895.0
061,Qovoq,Тыква,Pumpkin,Қовоқ,2022-M04,2022,5191.0
063,Sabzi,Морковь,Carrot,Сабзи,2022-M04,2022,2537.0
065,Sarimsoq,Чеснок,Garlic,Саримсоқ,2022-M04,2022,28292.0
066,Piyoz,Лук репчатый,Onion,Пиёз,2022-M04,2022,2548.0
069,Kartoshka,Картофель,Potatoes,Картошка,2022-M04,2022,3145.0
0070,Loviya,Фасоль,Beans,Ловия,2022-M04,2022,13404.0
071,No'xot,Горох,Peas,Нўхот,2022-M04,2022,20976.0
0072,Mosh,Маш,Mash,Мош,2022-M04,2022,13155.0
073,Shakar,Сахар песок,Sugar,Шакар,2022-M04,2022,9673.0
002,Kruppa yormasi,Крупа манная,Semolina,Круппа ёрмаси,2022-M04,2022,4073.0
001,Guruch,Рис,Rice,Гуруч,2022-M05,2022,9016.0
003,Arpa,Ячмень,Barley,Арпа,2022-M05,2022,4125.0
0004,Bug'doy,Пшеница,Wheat,Буғдой,2022-M05,2022,4089.0
005,Jo'hori,Кукуруза,Corn,Жўҳори,2022-M05,2022,4005.0
006,Kepak,Отруби,Bran,Кепак,2022-M05,2022,3008.0
0008,Shrot,Шрот,Schroth,Шрот,2022-M05,2022,2933.0
009,Shulxa,Шелуха,Husk,Шулха,2022-M05,2022,3306.0
010,Kombikorm,Комбикорм,Compound feed,Комбикорм,2022-M05,2022,2759.0
011,Oliy navli bug'doy uni,Мука пшеничная высшего сорта,High-grade wheat flour,Олий навли буғдой уни,2022-M05,2022,6111.0
0012,1-navli bug'doy uni,Мука пшеничная первого сорта,First grade wheat flour,1-навли буғдой уни,2022-M05,2022,4598.0
013,1-nav bug'doy unidan non,Хлеб пшеничный из муки 1-го сорта,Wheat bread from 1st grade flour,1-нав буғдой унидан нон,2022-M05,2022,4080.0
017,Mol go'shti,Говядина,Beef,Мол гўшти,2022-M05,2022,63024.0
0020,Qo'y go'shti,Баранина,Mutton,Қўй гўшти,2022-M05,2022,65226.0
022,Tovuq go'shti,Мясо птицы,Poultry,Товуқ гўшти,2022-M05,2022,23965.0
026,Turli baliqlar,Рыба всякая,Fish of all kinds,Турли балиқлар,2022-M05,2022,21120.0
027,Yangi sog'ilgan sut (1 litr),Молоко свежее (1 литр),Fresh milk (1 liter),Янги соғилган сут (1 литр),2022-M05,2022,5476.0
034,Tuxum (10 dona),Яйца (10 штук),Eggs (10 pieces ),Тухум (10 дона),2022-M05,2022,9180.0
035,Paxta yog'i (1 litr),Масло хлопковое (1 литр),Cottonseed oil (1 liter),Пахта ёғи (1 литр),2022-M05,2022,17093.0
0036,Kungaboqar yog'i (1 litr),Масло подсолнечное (1 литр),Sunflower oil (1 liter),Кунгабоқар ёғи (1 литр),2022-M05,2022,19724.0
037,Sariyog',Масло сливочное,Butter,Сариёғ,2022-M05,2022,42460.0
039,Limon,Лимоны,Lemons,Лимон,2022-M05,2022,24043.0
0040,Olma,Яблоки,Apples,Олма,2022-M05,2022,11801.0
041,Nok,Груши,Pears,Нок,2022-M05,2022,29156.0
049,Uzum,Виноград,Grape,Узум,2022-M05,2022,16958.0
0050,Tarvuz,Арбуз,Watermelon,Тарвуз,2022-M05,2022,5250.0
0051,Qovun,Дыня,Melon,Қовун,2022-M05,2022,0.0
053,Mayiz,Кишмиш,Kishmish,Майиз,2022-M05,2022,36496.0
055,Karam,Капуста,Cabbage,Карам,2022-M05,2022,4777.0
057,Bodring,Огурцы,Cucumbers,Бодринг,2022-M05,2022,6132.0
058,Pomidor,Помидоры,Tomatoes,Помидор,2022-M05,2022,13198.0
059,Baqlajon,Баклажаны,Eggplant,Бақлажон,2022-M05,2022,14285.0
0060,Bulg'or qalampiri,Перец болгарский,Bell pepper,Булғор қалампири,2022-M05,2022,18314.0
061,Qovoq,Тыква,Pumpkin,Қовоқ,2022-M05,2022,0.0
063,Sabzi,Морковь,Carrot,Сабзи,2022-M05,2022,2687.0
065,Sarimsoq,Чеснок,Garlic,Саримсоқ,2022-M05,2022,26945.0
066,Piyoz,Лук репчатый,Onion,Пиёз,2022-M05,2022,2745.0
069,Kartoshka,Картофель,Potatoes,Картошка,2022-M05,2022,3313.0
0070,Loviya,Фасоль,Beans,Ловия,2022-M05,2022,13413.0
071,No'xot,Горох,Peas,Нўхот,2022-M05,2022,21388.0
0072,Mosh,Маш,Mash,Мош,2022-M05,2022,13143.0
073,Shakar,Сахар песок,Sugar,Шакар,2022-M05,2022,9987.0
002,Kruppa yormasi,Крупа манная,Semolina,Круппа ёрмаси,2022-M05,2022,4125.0
001,Guruch,Рис,Rice,Гуруч,2022-M06,2022,9997.0
003,Arpa,Ячмень,Barley,Арпа,2022-M06,2022,4223.0
0004,Bug'doy,Пшеница,Wheat,Буғдой,2022-M06,2022,4384.0
005,Jo'hori,Кукуруза,Corn,Жўҳори,2022-M06,2022,4285.0
006,Kepak,Отруби,Bran,Кепак,2022-M06,2022,3129.0
0008,Shrot,Шрот,Schroth,Шрот,2022-M06,2022,3022.0
009,Shulxa,Шелуха,Husk,Шулха,2022-M06,2022,3357.0
010,Kombikorm,Комбикорм,Compound feed,Комбикорм,2022-M06,2022,2800.0
011,Oliy navli bug'doy uni,Мука пшеничная высшего сорта,High-grade wheat flour,Олий навли буғдой уни,2022-M06,2022,7198.0
0012,1-navli bug'doy uni,Мука пшеничная первого сорта,First grade wheat flour,1-навли буғдой уни,2022-M06,2022,5727.0
013,1-nav bug'doy unidan non,Хлеб пшеничный из муки 1-го сорта,Wheat bread from 1st grade flour,1-нав буғдой унидан нон,2022-M06,2022,5205.0
017,Mol go'shti,Говядина,Beef,Мол гўшти,2022-M06,2022,63559.0
0020,Qo'y go'shti,Баранина,Mutton,Қўй гўшти,2022-M06,2022,66129.0
022,Tovuq go'shti,Мясо птицы,Poultry,Товуқ гўшти,2022-M06,2022,25598.0
026,Turli baliqlar,Рыба всякая,Fish of all kinds,Турли балиқлар,2022-M06,2022,22037.0
027,Yangi sog'ilgan sut (1 litr),Молоко свежее (1 литр),Fresh milk (1 liter),Янги соғилган сут (1 литр),2022-M06,2022,5435.0
034,Tuxum (10 dona),Яйца (10 штук),Eggs (10 pieces ),Тухум (10 дона),2022-M06,2022,10304.0
035,Paxta yog'i (1 litr),Масло хлопковое (1 литр),Cottonseed oil (1 liter),Пахта ёғи (1 литр),2022-M06,2022,18336.0
0036,Kungaboqar yog'i (1 litr),Масло подсолнечное (1 литр),Sunflower oil (1 liter),Кунгабоқар ёғи (1 литр),2022-M06,2022,21242.0
037,Sariyog',Масло сливочное,Butter,Сариёғ,2022-M06,2022,44262.0
039,Limon,Лимоны,Lemons,Лимон,2022-M06,2022,28810.0
0040,Olma,Яблоки,Apples,Олма,2022-M06,2022,12320.0
041,Nok,Груши,Pears,Нок,2022-M06,2022,29537.0
049,Uzum,Виноград,Grape,Узум,2022-M06,2022,14145.0
0050,Tarvuz,Арбуз,Watermelon,Тарвуз,2022-M06,2022,3223.0
0051,Qovun,Дыня,Melon,Қовун,2022-M06,2022,4761.0
053,Mayiz,Кишмиш,Kishmish,Майиз,2022-M06,2022,36763.0
055,Karam,Капуста,Cabbage,Карам,2022-M06,2022,4088.0
057,Bodring,Огурцы,Cucumbers,Бодринг,2022-M06,2022,4794.0
058,Pomidor,Помидоры,Tomatoes,Помидор,2022-M06,2022,7747.0
059,Baqlajon,Баклажаны,Eggplant,Бақлажон,2022-M06,2022,7182.0
0060,Bulg'or qalampiri,Перец болгарский,Bell pepper,Булғор қалампири,2022-M06,2022,9007.0
061,Qovoq,Тыква,Pumpkin,Қовоқ,2022-M06,2022,0.0
063,Sabzi,Морковь,Carrot,Сабзи,2022-M06,2022,2970.0
065,Sarimsoq,Чеснок,Garlic,Саримсоқ,2022-M06,2022,21698.0
066,Piyoz,Лук репчатый,Onion,Пиёз,2022-M06,2022,3452.0
069,Kartoshka,Картофель,Potatoes,Картошка,2022-M06,2022,4027.0
0070,Loviya,Фасоль,Beans,Ловия,2022-M06,2022,13429.0
071,No'xot,Горох,Peas,Нўхот,2022-M06,2022,21644.0
0072,Mosh,Маш,Mash,Мош,2022-M06,2022,13203.0
073,Shakar,Сахар песок,Sugar,Шакар,2022-M06,2022,12758.0
002,Kruppa yormasi,Крупа манная,Semolina,Круппа ёрмаси,2022-M06,2022,4223.0
001,Guruch,Рис,Rice,Гуруч,2022-M07,2022,10337.0
003,Arpa,Ячмень,Barley,Арпа,2022-M07,2022,4089.0
0004,Bug'doy,Пшеница,Wheat,Буғдой,2022-M07,2022,4167.0
005,Jo'hori,Кукуруза,Corn,Жўҳори,2022-M07,2022,4341.0
006,Kepak,Отруби,Bran,Кепак,2022-M07,2022,3110.0
0008,Shrot,Шрот,Schroth,Шрот,2022-M07,2022,3091.0
009,Shulxa,Шелуха,Husk,Шулха,2022-M07,2022,3358.0
010,Kombikorm,Комбикорм,Compound feed,Комбикорм,2022-M07,2022,2929.0
011,Oliy navli bug'doy uni,Мука пшеничная высшего сорта,High-grade wheat flour,Олий навли буғдой уни,2022-M07,2022,7374.0
0012,1-navli bug'doy uni,Мука пшеничная первого сорта,First grade wheat flour,1-навли буғдой уни,2022-M07,2022,5806.0
013,1-nav bug'doy unidan non,Хлеб пшеничный из муки 1-го сорта,Wheat bread from 1st grade flour,1-нав буғдой унидан нон,2022-M07,2022,5253.0
017,Mol go'shti,Говядина,Beef,Мол гўшти,2022-M07,2022,63960.0
0020,Qo'y go'shti,Баранина,Mutton,Қўй гўшти,2022-M07,2022,66178.0
022,Tovuq go'shti,Мясо птицы,Poultry,Товуқ гўшти,2022-M07,2022,25588.0
026,Turli baliqlar,Рыба всякая,Fish of all kinds,Турли балиқлар,2022-M07,2022,23333.0
027,Yangi sog'ilgan sut (1 litr),Молоко свежее (1 литр),Fresh milk (1 liter),Янги соғилган сут (1 литр),2022-M07,2022,5462.0
034,Tuxum (10 dona),Яйца (10 штук),Eggs (10 pieces ),Тухум (10 дона),2022-M07,2022,9977.0
035,Paxta yog'i (1 litr),Масло хлопковое (1 литр),Cottonseed oil (1 liter),Пахта ёғи (1 литр),2022-M07,2022,18588.0
0036,Kungaboqar yog'i (1 litr),Масло подсолнечное (1 литр),Sunflower oil (1 liter),Кунгабоқар ёғи (1 литр),2022-M07,2022,21458.0
037,Sariyog',Масло сливочное,Butter,Сариёғ,2022-M07,2022,44424.0
039,Limon,Лимоны,Lemons,Лимон,2022-M07,2022,32692.0
0040,Olma,Яблоки,Apples,Олма,2022-M07,2022,10692.0
041,Nok,Груши,Pears,Нок,2022-M07,2022,22081.0
049,Uzum,Виноград,Grape,Узум,2022-M07,2022,10680.0
0050,Tarvuz,Арбуз,Watermelon,Тарвуз,2022-M07,2022,1968.0
0051,Qovun,Дыня,Melon,Қовун,2022-M07,2022,2910.0
053,Mayiz,Кишмиш,Kishmish,Майиз,2022-M07,2022,36947.0
055,Karam,Капуста,Cabbage,Карам,2022-M07,2022,3571.0
057,Bodring,Огурцы,Cucumbers,Бодринг,2022-M07,2022,4388.0
058,Pomidor,Помидоры,Tomatoes,Помидор,2022-M07,2022,3859.0
059,Baqlajon,Баклажаны,Eggplant,Бақлажон,2022-M07,2022,3756.0
0060,Bulg'or qalampiri,Перец болгарский,Bell pepper,Булғор қалампири,2022-M07,2022,7075.0
061,Qovoq,Тыква,Pumpkin,Қовоқ,2022-M07,2022,4320.0
063,Sabzi,Морковь,Carrot,Сабзи,2022-M07,2022,2724.0
065,Sarimsoq,Чеснок,Garlic,Саримсоқ,2022-M07,2022,19239.0
066,Piyoz,Лук репчатый,Onion,Пиёз,2022-M07,2022,3657.0
069,Kartoshka,Картофель,Potatoes,Картошка,2022-M07,2022,3531.0
0070,Loviya,Фасоль,Beans,Ловия,2022-M07,2022,13311.0
071,No'xot,Горох,Peas,Нўхот,2022-M07,2022,21422.0
0072,Mosh,Маш,Mash,Мош,2022-M07,2022,13259.0
073,Shakar,Сахар песок,Sugar,Шакар,2022-M07,2022,13981.0
002,Kruppa yormasi,Крупа манная,Semolina,Круппа ёрмаси,2022-M07,2022,4089.0
001,Guruch,Рис,Rice,Гуруч,2022-M08,2022,11569.0
003,Arpa,Ячмень,Barley,Арпа,2022-M08,2022,4056.0
0004,Bug'doy,Пшеница,Wheat,Буғдой,2022-M08,2022,4169.0
005,Jo'hori,Кукуруза,Corn,Жўҳори,2022-M08,2022,4323.0
006,Kepak,Отруби,Bran,Кепак,2022-M08,2022,3109.0
0008,Shrot,Шрот,Schroth,Шрот,2022-M08,2022,3129.0
009,Shulxa,Шелуха,Husk,Шулха,2022-M08,2022,3332.0
010,Kombikorm,Комбикорм,Compound feed,Комбикорм,2022-M08,2022,2951.0
011,Oliy navli bug'doy uni,Мука пшеничная высшего сорта,High-grade wheat flour,Олий навли буғдой уни,2022-M08,2022,7363.0
0012,1-navli bug'doy uni,Мука пшеничная первого сорта,First grade wheat flour,1-навли буғдой уни,2022-M08,2022,5862.0
013,1-nav bug'doy unidan non,Хлеб пшеничный из муки 1-го сорта,Wheat bread from 1st grade flour,1-нав буғдой унидан нон,2022-M08,2022,5250.0
017,Mol go'shti,Говядина,Beef,Мол гўшти,2022-M08,2022,64780.0
0020,Qo'y go'shti,Баранина,Mutton,Қўй гўшти,2022-M08,2022,66411.0
022,Tovuq go'shti,Мясо птицы,Poultry,Товуқ гўшти,2022-M08,2022,25664.0
026,Turli baliqlar,Рыба всякая,Fish of all kinds,Турли балиқлар,2022-M08,2022,21100.0
027,Yangi sog'ilgan sut (1 litr),Молоко свежее (1 литр),Fresh milk (1 liter),Янги соғилган сут (1 литр),2022-M08,2022,5466.0
034,Tuxum (10 dona),Яйца (10 штук),Eggs (10 pieces ),Тухум (10 дона),2022-M08,2022,9565.0
035,Paxta yog'i (1 litr),Масло хлопковое (1 литр),Cottonseed oil (1 liter),Пахта ёғи (1 литр),2022-M08,2022,18600.0
0036,Kungaboqar yog'i (1 litr),Масло подсолнечное (1 литр),Sunflower oil (1 liter),Кунгабоқар ёғи (1 литр),2022-M08,2022,21338.0
037,Sariyog',Масло сливочное,Butter,Сариёғ,2022-M08,2022,45049.0
039,Limon,Лимоны,Lemons,Лимон,2022-M08,2022,33265.0
0040,Olma,Яблоки,Apples,Олма,2022-M08,2022,9833.0
041,Nok,Груши,Pears,Нок,2022-M08,2022,16816.0
049,Uzum,Виноград,Grape,Узум,2022-M08,2022,9370.0
0050,Tarvuz,Арбуз,Watermelon,Тарвуз,2022-M08,2022,1856.0
0051,Qovun,Дыня,Melon,Қовун,2022-M08,2022,2584.0
053,Mayiz,Кишмиш,Kishmish,Майиз,2022-M08,2022,37354.0
055,Karam,Капуста,Cabbage,Карам,2022-M08,2022,3396.0
057,Bodring,Огурцы,Cucumbers,Бодринг,2022-M08,2022,4000.0
058,Pomidor,Помидоры,Tomatoes,Помидор,2022-M08,2022,3867.0
059,Baqlajon,Баклажаны,Eggplant,Бақлажон,2022-M08,2022,3283.0
0060,Bulg'or qalampiri,Перец болгарский,Bell pepper,Булғор қалампири,2022-M08,2022,5651.0
061,Qovoq,Тыква,Pumpkin,Қовоқ,2022-M08,2022,3767.0
063,Sabzi,Морковь,Carrot,Сабзи,2022-M08,2022,2324.0
065,Sarimsoq,Чеснок,Garlic,Саримсоқ,2022-M08,2022,17523.0
066,Piyoz,Лук репчатый,Onion,Пиёз,2022-M08,2022,3447.0
069,Kartoshka,Картофель,Potatoes,Картошка,2022-M08,2022,3389.0
0070,Loviya,Фасоль,Beans,Ловия,2022-M08,2022,13490.0
071,No'xot,Горох,Peas,Нўхот,2022-M08,2022,21355.0
0072,Mosh,Маш,Mash,Мош,2022-M08,2022,13515.0
073,Shakar,Сахар песок,Sugar,Шакар,2022-M08,2022,13895.0
002,Kruppa yormasi,Крупа манная,Semolina,Круппа ёрмаси,2022-M08,2022,4056.0
001,Guruch,Рис,Rice,Гуруч,2022-M09,2022,13280.0
003,Arpa,Ячмень,Barley,Арпа,2022-M09,2022,4017.0
0004,Bug'doy,Пшеница,Wheat,Буғдой,2022-M09,2022,4164.0
005,Jo'hori,Кукуруза,Corn,Жўҳори,2022-M09,2022,4079.0
006,Kepak,Отруби,Bran,Кепак,2022-M09,2022,3096.0
0008,Shrot,Шрот,Schroth,Шрот,2022-M09,2022,3290.0
009,Shulxa,Шелуха,Husk,Шулха,2022-M09,2022,3078.0
010,Kombikorm,Комбикорм,Compound feed,Комбикорм,2022-M09,2022,2957.0
011,Oliy navli bug'doy uni,Мука пшеничная высшего сорта,High-grade wheat flour,Олий навли буғдой уни,2022-M09,2022,7423.0
0012,1-navli bug'doy uni,Мука пшеничная первого сорта,First grade wheat flour,1-навли буғдой уни,2022-M09,2022,5923.0
013,1-nav bug'doy unidan non,Хлеб пшеничный из муки 1-го сорта,Wheat bread from 1st grade flour,1-нав буғдой унидан нон,2022-M09,2022,5615.0
017,Mol go'shti,Говядина,Beef,Мол гўшти,2022-M09,2022,66870.0
0020,Qo'y go'shti,Баранина,Mutton,Қўй гўшти,2022-M09,2022,68123.0
022,Tovuq go'shti,Мясо птицы,Poultry,Товуқ гўшти,2022-M09,2022,26108.0
026,Turli baliqlar,Рыба всякая,Fish of all kinds,Турли балиқлар,2022-M09,2022,22642.0
027,Yangi sog'ilgan sut (1 litr),Молоко свежее (1 литр),Fresh milk (1 liter),Янги соғилган сут (1 литр),2022-M09,2022,5507.0
034,Tuxum (10 dona),Яйца (10 штук),Eggs (10 pieces ),Тухум (10 дона),2022-M09,2022,10142.0
035,Paxta yog'i (1 litr),Масло хлопковое (1 литр),Cottonseed oil (1 liter),Пахта ёғи (1 литр),2022-M09,2022,18618.0
0036,Kungaboqar yog'i (1 litr),Масло подсолнечное (1 литр),Sunflower oil (1 liter),Кунгабоқар ёғи (1 литр),2022-M09,2022,21246.0
037,Sariyog',Масло сливочное,Butter,Сариёғ,2022-M09,2022,46137.0
039,Limon,Лимоны,Lemons,Лимон,2022-M09,2022,34516.0
0040,Olma,Яблоки,Apples,Олма,2022-M09,2022,9260.0
041,Nok,Груши,Pears,Нок,2022-M09,2022,16849.0
049,Uzum,Виноград,Grape,Узум,2022-M09,2022,8959.0
0050,Tarvuz,Арбуз,Watermelon,Тарвуз,2022-M09,2022,1882.0
0051,Qovun,Дыня,Melon,Қовун,2022-M09,2022,2504.0
053,Mayiz,Кишмиш,Kishmish,Майиз,2022-M09,2022,37452.0
055,Karam,Капуста,Cabbage,Карам,2022-M09,2022,3047.0
057,Bodring,Огурцы,Cucumbers,Бодринг,2022-M09,2022,5082.0
058,Pomidor,Помидоры,Tomatoes,Помидор,2022-M09,2022,6300.0
059,Baqlajon,Баклажаны,Eggplant,Бақлажон,2022-M09,2022,3422.0
0060,Bulg'or qalampiri,Перец болгарский,Bell pepper,Булғор қалампири,2022-M09,2022,6077.0
061,Qovoq,Тыква,Pumpkin,Қовоқ,2022-M09,2022,2808.0
063,Sabzi,Морковь,Carrot,Сабзи,2022-M09,2022,2439.0
065,Sarimsoq,Чеснок,Garlic,Саримсоқ,2022-M09,2022,17288.0
066,Piyoz,Лук репчатый,Onion,Пиёз,2022-M09,2022,3050.0
069,Kartoshka,Картофель,Potatoes,Картошка,2022-M09,2022,3500.0
0070,Loviya,Фасоль,Beans,Ловия,2022-M09,2022,13690.0
071,No'xot,Горох,Peas,Нўхот,2022-M09,2022,21712.0
0072,Mosh,Маш,Mash,Мош,2022-M09,2022,13867.0
073,Shakar,Сахар песок,Sugar,Шакар,2022-M09,2022,13832.0
002,Kruppa yormasi,Крупа манная,Semolina,Круппа ёрмаси,2022-M09,2022,4017.0
001,Guruch,Рис,Rice,Гуруч,2022-M10,2022,14025.0
003,Arpa,Ячмень,Barley,Арпа,2022-M10,2022,4036.0
0004,Bug'doy,Пшеница,Wheat,Буғдой,2022-M10,2022,4211.0
005,Jo'hori,Кукуруза,Corn,Жўҳори,2022-M10,2022,4034.0
006,Kepak,Отруби,Bran,Кепак,2022-M10,2022,3157.0
0008,Shrot,Шрот,Schroth,Шрот,2022-M10,2022,3315.0
009,Shulxa,Шелуха,Husk,Шулха,2022-M10,2022,3082.0
010,Kombikorm,Комбикорм,Compound feed,Комбикорм,2022-M10,2022,2962.0
011,Oliy navli bug'doy uni,Мука пшеничная высшего сорта,High-grade wheat flour,Олий навли буғдой уни,2022-M10,2022,7939.0
0012,1-navli bug'doy uni,Мука пшеничная первого сорта,First grade wheat flour,1-навли буғдой уни,2022-M10,2022,6590.0
013,1-nav bug'doy unidan non,Хлеб пшеничный из муки 1-го сорта,Wheat bread from 1st grade flour,1-нав буғдой унидан нон,2022-M10,2022,6084.0
017,Mol go'shti,Говядина,Beef,Мол гўшти,2022-M10,2022,69121.0
0020,Qo'y go'shti,Баранина,Mutton,Қўй гўшти,2022-M10,2022,70095.0
022,Tovuq go'shti,Мясо птицы,Poultry,Товуқ гўшти,2022-M10,2022,27311.0
026,Turli baliqlar,Рыба всякая,Fish of all kinds,Турли балиқлар,2022-M10,2022,21388.0
027,Yangi sog'ilgan sut (1 litr),Молоко свежее (1 литр),Fresh milk (1 liter),Янги соғилган сут (1 литр),2022-M10,2022,5793.0
034,Tuxum (10 dona),Яйца (10 штук),Eggs (10 pieces ),Тухум (10 дона),2022-M10,2022,11935.0
035,Paxta yog'i (1 litr),Масло хлопковое (1 литр),Cottonseed oil (1 liter),Пахта ёғи (1 литр),2022-M10,2022,18882.0
0036,Kungaboqar yog'i (1 litr),Масло подсолнечное (1 литр),Sunflower oil (1 liter),Кунгабоқар ёғи (1 литр),2022-M10,2022,21177.0
037,Sariyog',Масло сливочное,Butter,Сариёғ,2022-M10,2022,47240.0
039,Limon,Лимоны,Lemons,Лимон,2022-M10,2022,27527.0
0040,Olma,Яблоки,Apples,Олма,2022-M10,2022,8263.0
041,Nok,Груши,Pears,Нок,2022-M10,2022,17300.0
049,Uzum,Виноград,Grape,Узум,2022-M10,2022,8868.0
0050,Tarvuz,Арбуз,Watermelon,Тарвуз,2022-M10,2022,2021.0
0051,Qovun,Дыня,Melon,Қовун,2022-M10,2022,2523.0
053,Mayiz,Кишмиш,Kishmish,Майиз,2022-M10,2022,37463.0
055,Karam,Капуста,Cabbage,Карам,2022-M10,2022,2942.0
057,Bodring,Огурцы,Cucumbers,Бодринг,2022-M10,2022,7562.0
058,Pomidor,Помидоры,Tomatoes,Помидор,2022-M10,2022,7990.0
059,Baqlajon,Баклажаны,Eggplant,Бақлажон,2022-M10,2022,3627.0
0060,Bulg'or qalampiri,Перец болгарский,Bell pepper,Булғор қалампири,2022-M10,2022,6609.0
061,Qovoq,Тыква,Pumpkin,Қовоқ,2022-M10,2022,2286.0
063,Sabzi,Морковь,Carrot,Сабзи,2022-M10,2022,2634.0
065,Sarimsoq,Чеснок,Garlic,Саримсоқ,2022-M10,2022,16919.0
066,Piyoz,Лук репчатый,Onion,Пиёз,2022-M10,2022,2879.0
069,Kartoshka,Картофель,Potatoes,Картошка,2022-M10,2022,3719.0
0070,Loviya,Фасоль,Beans,Ловия,2022-M10,2022,13598.0
071,No'xot,Горох,Peas,Нўхот,2022-M10,2022,21919.0
0072,Mosh,Маш,Mash,Мош,2022-M10,2022,13756.0
073,Shakar,Сахар песок,Sugar,Шакар,2022-M10,2022,13797.0
002,Kruppa yormasi,Крупа манная,Semolina,Круппа ёрмаси,2022-M10,2022,4036.0
001,Guruch,Рис,Rice,Гуруч,2022-M11,2022,13665.0
003,Arpa,Ячмень,Barley,Арпа,2022-M11,2022,4076.0
0004,Bug'doy,Пшеница,Wheat,Буғдой,2022-M11,2022,4205.0
005,Jo'hori,Кукуруза,Corn,Жўҳори,2022-M11,2022,4019.0
006,Kepak,Отруби,Bran,Кепак,2022-M11,2022,3176.0
0008,Shrot,Шрот,Schroth,Шрот,2022-M11,2022,3505.0
009,Shulxa,Шелуха,Husk,Шулха,2022-M11,2022,3335.0
010,Kombikorm,Комбикорм,Compound feed,Комбикорм,2022-M11,2022,3032.0
011,Oliy navli bug'doy uni,Мука пшеничная высшего сорта,High-grade wheat flour,Олий навли буғдой уни,2022-M11,2022,8012.0
0012,1-navli bug'doy uni,Мука пшеничная первого сорта,First grade wheat flour,1-навли буғдой уни,2022-M11,2022,6502.0
013,1-nav bug'doy unidan non,Хлеб пшеничный из муки 1-го сорта,Wheat bread from 1st grade flour,1-нав буғдой унидан нон,2022-M11,2022,6167.0
017,Mol go'shti,Говядина,Beef,Мол гўшти,2022-M11,2022,69470.0
0020,Qo'y go'shti,Баранина,Mutton,Қўй гўшти,2022-M11,2022,70328.0
022,Tovuq go'shti,Мясо птицы,Poultry,Товуқ гўшти,2022-M11,2022,27494.0
026,Turli baliqlar,Рыба всякая,Fish of all kinds,Турли балиқлар,2022-M11,2022,25746.0
027,Yangi sog'ilgan sut (1 litr),Молоко свежее (1 литр),Fresh milk (1 liter),Янги соғилган сут (1 литр),2022-M11,2022,6008.0
034,Tuxum (10 dona),Яйца (10 штук),Eggs (10 pieces ),Тухум (10 дона),2022-M11,2022,12634.0
035,Paxta yog'i (1 litr),Масло хлопковое (1 литр),Cottonseed oil (1 liter),Пахта ёғи (1 литр),2022-M11,2022,18841.0
0036,Kungaboqar yog'i (1 litr),Масло подсолнечное (1 литр),Sunflower oil (1 liter),Кунгабоқар ёғи (1 литр),2022-M11,2022,21060.0
037,Sariyog',Масло сливочное,Butter,Сариёғ,2022-M11,2022,48704.0
039,Limon,Лимоны,Lemons,Лимон,2022-M11,2022,21566.0
0040,Olma,Яблоки,Apples,Олма,2022-M11,2022,8289.0
041,Nok,Груши,Pears,Нок,2022-M11,2022,18503.0
049,Uzum,Виноград,Grape,Узум,2022-M11,2022,10021.0
0050,Tarvuz,Арбуз,Watermelon,Тарвуз,2022-M11,2022,2350.0
0051,Qovun,Дыня,Melon,Қовун,2022-M11,2022,2789.0
053,Mayiz,Кишмиш,Kishmish,Майиз,2022-M11,2022,36739.0
055,Karam,Капуста,Cabbage,Карам,2022-M11,2022,2800.0
057,Bodring,Огурцы,Cucumbers,Бодринг,2022-M11,2022,13375.0
058,Pomidor,Помидоры,Tomatoes,Помидор,2022-M11,2022,11117.0
059,Baqlajon,Баклажаны,Eggplant,Бақлажон,2022-M11,2022,4223.0
0060,Bulg'or qalampiri,Перец болгарский,Bell pepper,Булғор қалампири,2022-M11,2022,9542.0
061,Qovoq,Тыква,Pumpkin,Қовоқ,2022-M11,2022,2256.0
063,Sabzi,Морковь,Carrot,Сабзи,2022-M11,2022,2841.0
065,Sarimsoq,Чеснок,Garlic,Саримсоқ,2022-M11,2022,16246.0
066,Piyoz,Лук репчатый,Onion,Пиёз,2022-M11,2022,3183.0
069,Kartoshka,Картофель,Potatoes,Картошка,2022-M11,2022,3787.0
0070,Loviya,Фасоль,Beans,Ловия,2022-M11,2022,13772.0
071,No'xot,Горох,Peas,Нўхот,2022-M11,2022,22108.0
0072,Mosh,Маш,Mash,Мош,2022-M11,2022,13868.0
073,Shakar,Сахар песок,Sugar,Шакар,2022-M11,2022,13500.0
002,Kruppa yormasi,Крупа манная,Semolina,Круппа ёрмаси,2022-M11,2022,4076.0
001,Guruch,Рис,Rice,Гуруч,2022-M12,2022,13213.0
003,Arpa,Ячмень,Barley,Арпа,2022-M12,2022,4112.0
0004,Bug'doy,Пшеница,Wheat,Буғдой,2022-M12,2022,4226.0
005,Jo'hori,Кукуруза,Corn,Жўҳори,2022-M12,2022,4048.0
006,Kepak,Отруби,Bran,Кепак,2022-M12,2022,3196.0
0008,Shrot,Шрот,Schroth,Шрот,2022-M12,2022,3565.0
009,Shulxa,Шелуха,Husk,Шулха,2022-M12,2022,3667.0
010,Kombikorm,Комбикорм,Compound feed,Комбикорм,2022-M12,2022,3087.0
011,Oliy navli bug'doy uni,Мука пшеничная высшего сорта,High-grade wheat flour,Олий навли буғдой уни,2022-M12,2022,8127.0
0012,1-navli bug'doy uni,Мука пшеничная первого сорта,First grade wheat flour,1-навли буғдой уни,2022-M12,2022,6478.0
013,1-nav bug'doy unidan non,Хлеб пшеничный из муки 1-го сорта,Wheat bread from 1st grade flour,1-нав буғдой унидан нон,2022-M12,2022,6166.0
017,Mol go'shti,Говядина,Beef,Мол гўшти,2022-M12,2022,69643.0
0020,Qo'y go'shti,Баранина,Mutton,Қўй гўшти,2022-M12,2022,70336.0
022,Tovuq go'shti,Мясо птицы,Poultry,Товуқ гўшти,2022-M12,2022,27665.0
026,Turli baliqlar,Рыба всякая,Fish of all kinds,Турли балиқлар,2022-M12,2022,26541.0
027,Yangi sog'ilgan sut (1 litr),Молоко свежее (1 литр),Fresh milk (1 liter),Янги соғилган сут (1 литр),2022-M12,2022,6362.0
034,Tuxum (10 dona),Яйца (10 штук),Eggs (10 pieces ),Тухум (10 дона),2022-M12,2022,13150.0
035,Paxta yog'i (1 litr),Масло хлопковое (1 литр),Cottonseed oil (1 liter),Пахта ёғи (1 литр),2022-M12,2022,18711.0
0036,Kungaboqar yog'i (1 litr),Масло подсолнечное (1 литр),Sunflower oil (1 liter),Кунгабоқар ёғи (1 литр),2022-M12,2022,20914.0
037,Sariyog',Масло сливочное,Butter,Сариёғ,2022-M12,2022,49673.0
039,Limon,Лимоны,Lemons,Лимон,2022-M12,2022,14330.0
0040,Olma,Яблоки,Apples,Олма,2022-M12,2022,8637.0
041,Nok,Груши,Pears,Нок,2022-M12,2022,20760.0
049,Uzum,Виноград,Grape,Узум,2022-M12,2022,11845.0
0050,Tarvuz,Арбуз,Watermelon,Тарвуз,2022-M12,2022,2822.0
0051,Qovun,Дыня,Melon,Қовун,2022-M12,2022,2816.0
053,Mayiz,Кишмиш,Kishmish,Майиз,2022-M12,2022,36060.0
055,Karam,Капуста,Cabbage,Карам,2022-M12,2022,2675.0
057,Bodring,Огурцы,Cucumbers,Бодринг,2022-M12,2022,19053.0
058,Pomidor,Помидоры,Tomatoes,Помидор,2022-M12,2022,15088.0
059,Baqlajon,Баклажаны,Eggplant,Бақлажон,2022-M12,2022,9565.0
0060,Bulg'or qalampiri,Перец болгарский,Bell pepper,Булғор қалампири,2022-M12,2022,13091.0
061,Qovoq,Тыква,Pumpkin,Қовоқ,2022-M12,2022,2324.0
063,Sabzi,Морковь,Carrot,Сабзи,2022-M12,2022,2770.0
065,Sarimsoq,Чеснок,Garlic,Саримсоқ,2022-M12,2022,16422.0
066,Piyoz,Лук репчатый,Onion,Пиёз,2022-M12,2022,3781.0
069,Kartoshka,Картофель,Potatoes,Картошка,2022-M12,2022,3872.0
0070,Loviya,Фасоль,Beans,Ловия,2022-M12,2022,13933.0
071,No'xot,Горох,Peas,Нўхот,2022-M12,2022,22124.0
0072,Mosh,Маш,Mash,Мош,2022-M12,2022,13905.0
073,Shakar,Сахар песок,Sugar,Шакар,2022-M12,2022,13204.0
002,Kruppa yormasi,Крупа манная,Semolina,Круппа ёрмаси,2022-M12,2022,4112.0
001,Guruch,Рис,Rice,Гуруч,2023-M01,2023,15297.0
003,Arpa,Ячмень,Barley,Арпа,2023-M01,2023,3915.0
0004,Bug'doy,Пшеница,Wheat,Буғдой,2023-M01,2023,4088.0
005,Jo'hori,Кукуруза,Corn,Жўҳори,2023-M01,2023,3854.0
006,Kepak,Отруби,Bran,Кепак,2023-M01,2023,3187.0
0008,Shrot,Шрот,Schroth,Шрот,2023-M01,2023,4272.0
009,Shulxa,Шелуха,Husk,Шулха,2023-M01,2023,4248.0
010,Kombikorm,Комбикорм,Compound feed,Комбикорм,2023-M01,2023,3251.0
011,Oliy navli bug'doy uni,Мука пшеничная высшего сорта,High-grade wheat flour,Олий навли буғдой уни,2023-M01,2023,8122.0
0012,1-navli bug'doy uni,Мука пшеничная первого сорта,First grade wheat flour,1-навли буғдой уни,2023-M01,2023,6877.0
013,1-nav bug'doy unidan non,Хлеб пшеничный из муки 1-го сорта,Wheat bread from 1st grade flour,1-нав буғдой унидан нон,2023-M01,2023,6442.0
017,Mol go'shti,Говядина,Beef,Мол гўшти,2023-M01,2023,71877.0
0020,Qo'y go'shti,Баранина,Mutton,Қўй гўшти,2023-M01,2023,72551.0
022,Tovuq go'shti,Мясо птицы,Poultry,Товуқ гўшти,2023-M01,2023,29067.0
026,Turli baliqlar,Рыба всякая,Fish of all kinds,Турли балиқлар,2023-M01,2023,28958.0
027,Yangi sog'ilgan sut (1 litr),Молоко свежее (1 литр),Fresh milk (1 liter),Янги соғилган сут (1 литр),2023-M01,2023,6954.0
034,Tuxum (10 dona),Яйца (10 штук),Eggs (10 pieces ),Тухум (10 дона),2023-M01,2023,13658.0
035,Paxta yog'i (1 litr),Масло хлопковое (1 литр),Cottonseed oil (1 liter),Пахта ёғи (1 литр),2023-M01,2023,18570.0
0036,Kungaboqar yog'i (1 litr),Масло подсолнечное (1 литр),Sunflower oil (1 liter),Кунгабоқар ёғи (1 литр),2023-M01,2023,20218.0
037,Sariyog',Масло сливочное,Butter,Сариёғ,2023-M01,2023,53782.0
039,Limon,Лимоны,Lemons,Лимон,2023-M01,2023,11924.0
0040,Olma,Яблоки,Apples,Олма,2023-M01,2023,9675.0
041,Nok,Груши,Pears,Нок,2023-M01,2023,23293.0
049,Uzum,Виноград,Grape,Узум,2023-M01,2023,14960.0
0050,Tarvuz,Арбуз,Watermelon,Тарвуз,2023-M01,2023,2646.0
0051,Qovun,Дыня,Melon,Қовун,2023-M01,2023,3087.0
053,Mayiz,Кишмиш,Kishmish,Майиз,2023-M01,2023,33761.0
055,Karam,Капуста,Cabbage,Карам,2023-M01,2023,2878.0
057,Bodring,Огурцы,Cucumbers,Бодринг,2023-M01,2023,26392.0
058,Pomidor,Помидоры,Tomatoes,Помидор,2023-M01,2023,19335.0
059,Baqlajon,Баклажаны,Eggplant,Бақлажон,2023-M01,2023,12269.0
0060,Bulg'or qalampiri,Перец болгарский,Bell pepper,Булғор қалампири,2023-M01,2023,20351.0
061,Qovoq,Тыква,Pumpkin,Қовоқ,2023-M01,2023,2674.0
063,Sabzi,Морковь,Carrot,Сабзи,2023-M01,2023,2921.0
065,Sarimsoq,Чеснок,Garlic,Саримсоқ,2023-M01,2023,16908.0
066,Piyoz,Лук репчатый,Onion,Пиёз,2023-M01,2023,4912.0
069,Kartoshka,Картофель,Potatoes,Картошка,2023-M01,2023,4399.0
0070,Loviya,Фасоль,Beans,Ловия,2023-M01,2023,14386.0
071,No'xot,Горох,Peas,Нўхот,2023-M01,2023,23124.0
0072,Mosh,Маш,Mash,Мош,2023-M01,2023,14210.0
073,Shakar,Сахар песок,Sugar,Шакар,2023-M01,2023,12948.0
002,Kruppa yormasi,Крупа манная,Semolina,Круппа ёрмаси,2023-M01,2023,3915.0
001,Guruch,Рис,Rice,Гуруч,2023-M02,2023,16471.0
003,Arpa,Ячмень,Barley,Арпа,2023-M02,2023,3924.0
0004,Bug'doy,Пшеница,Wheat,Буғдой,2023-M02,2023,4092.0
005,Jo'hori,Кукуруза,Corn,Жўҳори,2023-M02,2023,3802.0
006,Kepak,Отруби,Bran,Кепак,2023-M02,2023,3142.0
0008,Shrot,Шрот,Schroth,Шрот,2023-M02,2023,4288.0
009,Shulxa,Шелуха,Husk,Шулха,2023-M02,2023,4350.0
010,Kombikorm,Комбикорм,Compound feed,Комбикорм,2023-M02,2023,3462.0
011,Oliy navli bug'doy uni,Мука пшеничная высшего сорта,High-grade wheat flour,Олий навли буғдой уни,2023-M02,2023,8300.0
0012,1-navli bug'doy uni,Мука пшеничная первого сорта,First grade wheat flour,1-навли буғдой уни,2023-M02,2023,6917.0
013,1-nav bug'doy unidan non,Хлеб пшеничный из муки 1-го сорта,Wheat bread from 1st grade flour,1-нав буғдой унидан нон,2023-M02,2023,6497.0
017,Mol go'shti,Говядина,Beef,Мол гўшти,2023-M02,2023,73040.0
0020,Qo'y go'shti,Баранина,Mutton,Қўй гўшти,2023-M02,2023,73261.0
022,Tovuq go'shti,Мясо птицы,Poultry,Товуқ гўшти,2023-M02,2023,29358.0
026,Turli baliqlar,Рыба всякая,Fish of all kinds,Турли балиқлар,2023-M02,2023,29582.0
027,Yangi sog'ilgan sut (1 litr),Молоко свежее (1 литр),Fresh milk (1 liter),Янги соғилган сут (1 литр),2023-M02,2023,7460.0
034,Tuxum (10 dona),Яйца (10 штук),Eggs (10 pieces ),Тухум (10 дона),2023-M02,2023,13262.0
035,Paxta yog'i (1 litr),Масло хлопковое (1 литр),Cottonseed oil (1 liter),Пахта ёғи (1 литр),2023-M02,2023,18403.0
0036,Kungaboqar yog'i (1 litr),Масло подсолнечное (1 литр),Sunflower oil (1 liter),Кунгабоқар ёғи (1 литр),2023-M02,2023,19888.0
037,Sariyog',Масло сливочное,Butter,Сариёғ,2023-M02,2023,56072.0
039,Limon,Лимоны,Lemons,Лимон,2023-M02,2023,12941.0
0040,Olma,Яблоки,Apples,Олма,2023-M02,2023,9959.0
041,Nok,Груши,Pears,Нок,2023-M02,2023,24412.0
049,Uzum,Виноград,Grape,Узум,2023-M02,2023,16106.0
0050,Tarvuz,Арбуз,Watermelon,Тарвуз,2023-M02,2023,2000.0
0051,Qovun,Дыня,Melon,Қовун,2023-M02,2023,2500.0
053,Mayiz,Кишмиш,Kishmish,Майиз,2023-M02,2023,35555.0
055,Karam,Капуста,Cabbage,Карам,2023-M02,2023,3449.0
057,Bodring,Огурцы,Cucumbers,Бодринг,2023-M02,2023,22914.0
058,Pomidor,Помидоры,Tomatoes,Помидор,2023-M02,2023,19903.0
059,Baqlajon,Баклажаны,Eggplant,Бақлажон,2023-M02,2023,0.0
0060,Bulg'or qalampiri,Перец болгарский,Bell pepper,Булғор қалампири,2023-M02,2023,30913.0
061,Qovoq,Тыква,Pumpkin,Қовоқ,2023-M02,2023,2909.0
063,Sabzi,Морковь,Carrot,Сабзи,2023-M02,2023,3294.0
065,Sarimsoq,Чеснок,Garlic,Саримсоқ,2023-M02,2023,18180.0
066,Piyoz,Лук репчатый,Onion,Пиёз,2023-M02,2023,6788.0
069,Kartoshka,Картофель,Potatoes,Картошка,2023-M02,2023,4631.0
0070,Loviya,Фасоль,Beans,Ловия,2023-M02,2023,14782.0
071,No'xot,Горох,Peas,Нўхот,2023-M02,2023,23465.0
0072,Mosh,Маш,Mash,Мош,2023-M02,2023,14452.0
073,Shakar,Сахар песок,Sugar,Шакар,2023-M02,2023,13036.0
002,Kruppa yormasi,Крупа манная,Semolina,Круппа ёрмаси,2023-M02,2023,3924.0
001,Guruch,Рис,Rice,Гуруч,2023-M03,2023,17491.0
003,Arpa,Ячмень,Barley,Арпа,2023-M03,2023,3957.0
0004,Bug'doy,Пшеница,Wheat,Буғдой,2023-M03,2023,4095.0
005,Jo'hori,Кукуруза,Corn,Жўҳори,2023-M03,2023,3796.0
006,Kepak,Отруби,Bran,Кепак,2023-M03,2023,3129.0
0008,Shrot,Шрот,Schroth,Шрот,2023-M03,2023,4278.0
009,Shulxa,Шелуха,Husk,Шулха,2023-M03,2023,4342.0
010,Kombikorm,Комбикорм,Compound feed,Комбикорм,2023-M03,2023,3461.0
011,Oliy navli bug'doy uni,Мука пшеничная высшего сорта,High-grade wheat flour,Олий навли буғдой уни,2023-M03,2023,8623.0
0012,1-navli bug'doy uni,Мука пшеничная первого сорта,First grade wheat flour,1-навли буғдой уни,2023-M03,2023,6861.0
013,1-nav bug'doy unidan non,Хлеб пшеничный из муки 1-го сорта,Wheat bread from 1st grade flour,1-нав буғдой унидан нон,2023-M03,2023,6462.0
017,Mol go'shti,Говядина,Beef,Мол гўшти,2023-M03,2023,73780.0
0020,Qo'y go'shti,Баранина,Mutton,Қўй гўшти,2023-M03,2023,73545.0
022,Tovuq go'shti,Мясо птицы,Poultry,Товуқ гўшти,2023-M03,2023,29763.0
026,Turli baliqlar,Рыба всякая,Fish of all kinds,Турли балиқлар,2023-M03,2023,30387.0
027,Yangi sog'ilgan sut (1 litr),Молоко свежее (1 литр),Fresh milk (1 liter),Янги соғилган сут (1 литр),2023-M03,2023,7614.0
034,Tuxum (10 dona),Яйца (10 штук),Eggs (10 pieces ),Тухум (10 дона),2023-M03,2023,12786.0
035,Paxta yog'i (1 litr),Масло хлопковое (1 литр),Cottonseed oil (1 liter),Пахта ёғи (1 литр),2023-M03,2023,18354.0
0036,Kungaboqar yog'i (1 litr),Масло подсолнечное (1 литр),Sunflower oil (1 liter),Кунгабоқар ёғи (1 литр),2023-M03,2023,19793.0
037,Sariyog',Масло сливочное,Butter,Сариёғ,2023-M03,2023,57110.0
039,Limon,Лимоны,Lemons,Лимон,2023-M03,2023,14662.0
0040,Olma,Яблоки,Apples,Олма,2023-M03,2023,10216.0
041,Nok,Груши,Pears,Нок,2023-M03,2023,25757.0
049,Uzum,Виноград,Grape,Узум,2023-M03,2023,18136.0
0050,Tarvuz,Арбуз,Watermelon,Тарвуз,2023-M03,2023,0.0
0051,Qovun,Дыня,Melon,Қовун,2023-M03,2023,0.0
053,Mayiz,Кишмиш,Kishmish,Майиз,2023-M03,2023,35922.0
055,Karam,Капуста,Cabbage,Карам,2023-M03,2023,3769.0
057,Bodring,Огурцы,Cucumbers,Бодринг,2023-M03,2023,22236.0
058,Pomidor,Помидоры,Tomatoes,Помидор,2023-M03,2023,25233.0
059,Baqlajon,Баклажаны,Eggplant,Бақлажон,2023-M03,2023,0.0
0060,Bulg'or qalampiri,Перец болгарский,Bell pepper,Булғор қалампири,2023-M03,2023,42230.0
061,Qovoq,Тыква,Pumpkin,Қовоқ,2023-M03,2023,3141.0
063,Sabzi,Морковь,Carrot,Сабзи,2023-M03,2023,3076.0
065,Sarimsoq,Чеснок,Garlic,Саримсоқ,2023-M03,2023,18424.0
066,Piyoz,Лук репчатый,Onion,Пиёз,2023-M03,2023,6182.0
069,Kartoshka,Картофель,Potatoes,Картошка,2023-M03,2023,4433.0
0070,Loviya,Фасоль,Beans,Ловия,2023-M03,2023,15314.0
071,No'xot,Горох,Peas,Нўхот,2023-M03,2023,23586.0
0072,Mosh,Маш,Mash,Мош,2023-M03,2023,14486.0
073,Shakar,Сахар песок,Sugar,Шакар,2023-M03,2023,13476.0
002,Kruppa yormasi,Крупа манная,Semolina,Круппа ёрмаси,2023-M03,2023,3957.0
001,Guruch,Рис,Rice,Гуруч,2023-M04,2023,18390.0
003,Arpa,Ячмень,Barley,Арпа,2023-M04,2023,4028.0
0004,Bug'doy,Пшеница,Wheat,Буғдой,2023-M04,2023,4069.0
005,Jo'hori,Кукуруза,Corn,Жўҳори,2023-M04,2023,3857.0
006,Kepak,Отруби,Bran,Кепак,2023-M04,2023,3124.0
0008,Shrot,Шрот,Schroth,Шрот,2023-M04,2023,4359.0
009,Shulxa,Шелуха,Husk,Шулха,2023-M04,2023,4340.0
010,Kombikorm,Комбикорм,Compound feed,Комбикорм,2023-M04,2023,3352.0
011,Oliy navli bug'doy uni,Мука пшеничная высшего сорта,High-grade wheat flour,Олий навли буғдой уни,2023-M04,2023,8502.0
0012,1-navli bug'doy uni,Мука пшеничная первого сорта,First grade wheat flour,1-навли буғдой уни,2023-M04,2023,6577.0
013,1-nav bug'doy unidan non,Хлеб пшеничный из муки 1-го сорта,Wheat bread from 1st grade flour,1-нав буғдой унидан нон,2023-M04,2023,6402.0
017,Mol go'shti,Говядина,Beef,Мол гўшти,2023-M04,2023,74742.0
0020,Qo'y go'shti,Баранина,Mutton,Қўй гўшти,2023-M04,2023,75537.0
022,Tovuq go'shti,Мясо птицы,Poultry,Товуқ гўшти,2023-M04,2023,29681.0
026,Turli baliqlar,Рыба всякая,Fish of all kinds,Турли балиқлар,2023-M04,2023,31005.0
027,Yangi sog'ilgan sut (1 litr),Молоко свежее (1 литр),Fresh milk (1 liter),Янги соғилган сут (1 литр),2023-M04,2023,7479.0
034,Tuxum (10 dona),Яйца (10 штук),Eggs (10 pieces ),Тухум (10 дона),2023-M04,2023,12289.0
035,Paxta yog'i (1 litr),Масло хлопковое (1 литр),Cottonseed oil (1 liter),Пахта ёғи (1 литр),2023-M04,2023,17251.0
0036,Kungaboqar yog'i (1 litr),Масло подсолнечное (1 литр),Sunflower oil (1 liter),Кунгабоқар ёғи (1 литр),2023-M04,2023,18474.0
037,Sariyog',Масло сливочное,Butter,Сариёғ,2023-M04,2023,57255.0
039,Limon,Лимоны,Lemons,Лимон,2023-M04,2023,17111.0
0040,Olma,Яблоки,Apples,Олма,2023-M04,2023,10880.0
041,Nok,Груши,Pears,Нок,2023-M04,2023,28310.0
049,Uzum,Виноград,Grape,Узум,2023-M04,2023,17840.0
0050,Tarvuz,Арбуз,Watermelon,Тарвуз,2023-M04,2023,25000.0
0051,Qovun,Дыня,Melon,Қовун,2023-M04,2023,0.0
053,Mayiz,Кишмиш,Kishmish,Майиз,2023-M04,2023,36255.0
055,Karam,Капуста,Cabbage,Карам,2023-M04,2023,4444.0
057,Bodring,Огурцы,Cucumbers,Бодринг,2023-M04,2023,12179.0
058,Pomidor,Помидоры,Tomatoes,Помидор,2023-M04,2023,33387.0
059,Baqlajon,Баклажаны,Eggplant,Бақлажон,2023-M04,2023,40583.0
0060,Bulg'or qalampiri,Перец болгарский,Bell pepper,Булғор қалампири,2023-M04,2023,44977.0
061,Qovoq,Тыква,Pumpkin,Қовоқ,2023-M04,2023,2877.0
063,Sabzi,Морковь,Carrot,Сабзи,2023-M04,2023,3268.0
065,Sarimsoq,Чеснок,Garlic,Саримсоқ,2023-M04,2023,18919.0
066,Piyoz,Лук репчатый,Onion,Пиёз,2023-M04,2023,5692.0
069,Kartoshka,Картофель,Potatoes,Картошка,2023-M04,2023,4478.0
0070,Loviya,Фасоль,Beans,Ловия,2023-M04,2023,17348.0
071,No'xot,Горох,Peas,Нўхот,2023-M04,2023,24044.0
0072,Mosh,Маш,Mash,Мош,2023-M04,2023,14529.0
073,Shakar,Сахар песок,Sugar,Шакар,2023-M04,2023,14624.0
002,Kruppa yormasi,Крупа манная,Semolina,Круппа ёрмаси,2023-M04,2023,4028.0
001,Guruch,Рис,Rice,Гуруч,2023-M05,2023,19714.0
003,Arpa,Ячмень,Barley,Арпа,2023-M05,2023,4051.0
0004,Bug'doy,Пшеница,Wheat,Буғдой,2023-M05,2023,3910.0
005,Jo'hori,Кукуруза,Corn,Жўҳори,2023-M05,2023,3830.0
006,Kepak,Отруби,Bran,Кепак,2023-M05,2023,3148.0
0008,Shrot,Шрот,Schroth,Шрот,2023-M05,2023,4588.0
009,Shulxa,Шелуха,Husk,Шулха,2023-M05,2023,4260.0
010,Kombikorm,Комбикорм,Compound feed,Комбикорм,2023-M05,2023,3095.0
011,Oliy navli bug'doy uni,Мука пшеничная высшего сорта,High-grade wheat flour,Олий навли буғдой уни,2023-M05,2023,8279.0
0012,1-navli bug'doy uni,Мука пшеничная первого сорта,First grade wheat flour,1-навли буғдой уни,2023-M05,2023,6433.0
013,1-nav bug'doy unidan non,Хлеб пшеничный из муки 1-го сорта,Wheat bread from 1st grade flour,1-нав буғдой унидан нон,2023-M05,2023,6355.0
017,Mol go'shti,Говядина,Beef,Мол гўшти,2023-M05,2023,76479.0
0020,Qo'y go'shti,Баранина,Mutton,Қўй гўшти,2023-M05,2023,77031.0
022,Tovuq go'shti,Мясо птицы,Poultry,Товуқ гўшти,2023-M05,2023,30623.0
026,Turli baliqlar,Рыба всякая,Fish of all kinds,Турли балиқлар,2023-M05,2023,30779.0
027,Yangi sog'ilgan sut (1 litr),Молоко свежее (1 литр),Fresh milk (1 liter),Янги соғилган сут (1 литр),2023-M05,2023,7190.0
034,Tuxum (10 dona),Яйца (10 штук),Eggs (10 pieces ),Тухум (10 дона),2023-M05,2023,11823.0
035,Paxta yog'i (1 litr),Масло хлопковое (1 литр),Cottonseed oil (1 liter),Пахта ёғи (1 литр),2023-M05,2023,16247.0
0036,Kungaboqar yog'i (1 litr),Масло подсолнечное (1 литр),Sunflower oil (1 liter),Кунгабоқар ёғи (1 литр),2023-M05,2023,17362.0
037,Sariyog',Масло сливочное,Butter,Сариёғ,2023-M05,2023,56170.0
039,Limon,Лимоны,Lemons,Лимон,2023-M05,2023,23598.0
0040,Olma,Яблоки,Apples,Олма,2023-M05,2023,12655.0
041,Nok,Груши,Pears,Нок,2023-M05,2023,32212.0
049,Uzum,Виноград,Grape,Узум,2023-M05,2023,17575.0
0050,Tarvuz,Арбуз,Watermelon,Тарвуз,2023-M05,2023,18071.0
0051,Qovun,Дыня,Melon,Қовун,2023-M05,2023,10623.0
053,Mayiz,Кишмиш,Kishmish,Майиз,2023-M05,2023,36006.0
055,Karam,Капуста,Cabbage,Карам,2023-M05,2023,5000.0
057,Bodring,Огурцы,Cucumbers,Бодринг,2023-M05,2023,4782.0
058,Pomidor,Помидоры,Tomatoes,Помидор,2023-M05,2023,14235.0
059,Baqlajon,Баклажаны,Eggplant,Бақлажон,2023-M05,2023,15341.0
0060,Bulg'or qalampiri,Перец болгарский,Bell pepper,Булғор қалампири,2023-M05,2023,15745.0
061,Qovoq,Тыква,Pumpkin,Қовоқ,2023-M05,2023,3367.0
063,Sabzi,Морковь,Carrot,Сабзи,2023-M05,2023,3402.0
065,Sarimsoq,Чеснок,Garlic,Саримсоқ,2023-M05,2023,18399.0
066,Piyoz,Лук репчатый,Onion,Пиёз,2023-M05,2023,4500.0
069,Kartoshka,Картофель,Potatoes,Картошка,2023-M05,2023,4440.0
0070,Loviya,Фасоль,Beans,Ловия,2023-M05,2023,18726.0
071,No'xot,Горох,Peas,Нўхот,2023-M05,2023,24622.0
0072,Mosh,Маш,Mash,Мош,2023-M05,2023,14485.0
073,Shakar,Сахар песок,Sugar,Шакар,2023-M05,2023,15369.0
002,Kruppa yormasi,Крупа манная,Semolina,Круппа ёрмаси,2023-M05,2023,4051.0
001,Guruch,Рис,Rice,Гуруч,2023-M06,2023,20262.0
003,Arpa,Ячмень,Barley,Арпа,2023-M06,2023,3932.0
0004,Bug'doy,Пшеница,Wheat,Буғдой,2023-M06,2023,3711.0
005,Jo'hori,Кукуруза,Corn,Жўҳори,2023-M06,2023,3887.0
006,Kepak,Отруби,Bran,Кепак,2023-M06,2023,3178.0
0008,Shrot,Шрот,Schroth,Шрот,2023-M06,2023,4488.0
009,Shulxa,Шелуха,Husk,Шулха,2023-M06,2023,4000.0
010,Kombikorm,Комбикорм,Compound feed,Комбикорм,2023-M06,2023,3136.0
011,Oliy navli bug'doy uni,Мука пшеничная высшего сорта,High-grade wheat flour,Олий навли буғдой уни,2023-M06,2023,8207.0
0012,1-navli bug'doy uni,Мука пшеничная первого сорта,First grade wheat flour,1-навли буғдой уни,2023-M06,2023,6338.0
013,1-nav bug'doy unidan non,Хлеб пшеничный из муки 1-го сорта,Wheat bread from 1st grade flour,1-нав буғдой унидан нон,2023-M06,2023,6324.0
017,Mol go'shti,Говядина,Beef,Мол гўшти,2023-M06,2023,77225.0
0020,Qo'y go'shti,Баранина,Mutton,Қўй гўшти,2023-M06,2023,77898.0
022,Tovuq go'shti,Мясо птицы,Poultry,Товуқ гўшти,2023-M06,2023,30703.0
026,Turli baliqlar,Рыба всякая,Fish of all kinds,Турли балиқлар,2023-M06,2023,31537.0
027,Yangi sog'ilgan sut (1 litr),Молоко свежее (1 литр),Fresh milk (1 liter),Янги соғилган сут (1 литр),2023-M06,2023,7136.0
034,Tuxum (10 dona),Яйца (10 штук),Eggs (10 pieces ),Тухум (10 дона),2023-M06,2023,10788.0
035,Paxta yog'i (1 litr),Масло хлопковое (1 литр),Cottonseed oil (1 liter),Пахта ёғи (1 литр),2023-M06,2023,15973.0
0036,Kungaboqar yog'i (1 litr),Масло подсолнечное (1 литр),Sunflower oil (1 liter),Кунгабоқар ёғи (1 литр),2023-M06,2023,16921.0
037,Sariyog',Масло сливочное,Butter,Сариёғ,2023-M06,2023,55733.0
039,Limon,Лимоны,Lemons,Лимон,2023-M06,2023,28859.0
0040,Olma,Яблоки,Apples,Олма,2023-M06,2023,12249.0
041,Nok,Груши,Pears,Нок,2023-M06,2023,32365.0
049,Uzum,Виноград,Grape,Узум,2023-M06,2023,20407.0
0050,Tarvuz,Арбуз,Watermelon,Тарвуз,2023-M06,2023,2405.0
0051,Qovun,Дыня,Melon,Қовун,2023-M06,2023,4633.0
053,Mayiz,Кишмиш,Kishmish,Майиз,2023-M06,2023,36643.0
055,Karam,Капуста,Cabbage,Карам,2023-M06,2023,3269.0
057,Bodring,Огурцы,Cucumbers,Бодринг,2023-M06,2023,2983.0
058,Pomidor,Помидоры,Tomatoes,Помидор,2023-M06,2023,5884.0
059,Baqlajon,Баклажаны,Eggplant,Бақлажон,2023-M06,2023,7193.0
0060,Bulg'or qalampiri,Перец болгарский,Bell pepper,Булғор қалампири,2023-M06,2023,6587.0
061,Qovoq,Тыква,Pumpkin,Қовоқ,2023-M06,2023,3888.0
063,Sabzi,Морковь,Carrot,Сабзи,2023-M06,2023,3318.0
065,Sarimsoq,Чеснок,Garlic,Саримсоқ,2023-M06,2023,17237.0
066,Piyoz,Лук репчатый,Onion,Пиёз,2023-M06,2023,3114.0
069,Kartoshka,Картофель,Potatoes,Картошка,2023-M06,2023,3530.0
0070,Loviya,Фасоль,Beans,Ловия,2023-M06,2023,19272.0
071,No'xot,Горох,Peas,Нўхот,2023-M06,2023,24550.0
0072,Mosh,Маш,Mash,Мош,2023-M06,2023,14433.0
073,Shakar,Сахар песок,Sugar,Шакар,2023-M06,2023,14906.0
002,Kruppa yormasi,Крупа манная,Semolina,Круппа ёрмаси,2023-M06,2023,3932.0
001,Guruch,Рис,Rice,Гуруч,2023-M07,2023,20366.0
003,Arpa,Ячмень,Barley,Арпа,2023-M07,2023,3591.0
0004,Bug'doy,Пшеница,Wheat,Буғдой,2023-M07,2023,3291.0
005,Jo'hori,Кукуруза,Corn,Жўҳори,2023-M07,2023,3873.0
006,Kepak,Отруби,Bran,Кепак,2023-M07,2023,3157.0
0008,Shrot,Шрот,Schroth,Шрот,2023-M07,2023,4584.0
009,Shulxa,Шелуха,Husk,Шулха,2023-M07,2023,4040.0
010,Kombikorm,Комбикорм,Compound feed,Комбикорм,2023-M07,2023,3143.0
011,Oliy navli bug'doy uni,Мука пшеничная высшего сорта,High-grade wheat flour,Олий навли буғдой уни,2023-M07,2023,8189.0
0012,1-navli bug'doy uni,Мука пшеничная первого сорта,First grade wheat flour,1-навли буғдой уни,2023-M07,2023,6240.0
013,1-nav bug'doy unidan non,Хлеб пшеничный из муки 1-го сорта,Wheat bread from 1st grade flour,1-нав буғдой унидан нон,2023-M07,2023,6318.0
017,Mol go'shti,Говядина,Beef,Мол гўшти,2023-M07,2023,77410.0
0020,Qo'y go'shti,Баранина,Mutton,Қўй гўшти,2023-M07,2023,78072.0
022,Tovuq go'shti,Мясо птицы,Poultry,Товуқ гўшти,2023-M07,2023,30521.0
026,Turli baliqlar,Рыба всякая,Fish of all kinds,Турли балиқлар,2023-M07,2023,31537.0
027,Yangi sog'ilgan sut (1 litr),Молоко свежее (1 литр),Fresh milk (1 liter),Янги соғилган сут (1 литр),2023-M07,2023,7139.0
034,Tuxum (10 dona),Яйца (10 штук),Eggs (10 pieces ),Тухум (10 дона),2023-M07,2023,10099.0
035,Paxta yog'i (1 litr),Масло хлопковое (1 литр),Cottonseed oil (1 liter),Пахта ёғи (1 литр),2023-M07,2023,15455.0
0036,Kungaboqar yog'i (1 litr),Масло подсолнечное (1 литр),Sunflower oil (1 liter),Кунгабоқар ёғи (1 литр),2023-M07,2023,16303.0
037,Sariyog',Масло сливочное,Butter,Сариёғ,2023-M07,2023,54895.0
039,Limon,Лимоны,Lemons,Лимон,2023-M07,2023,32244.0
0040,Olma,Яблоки,Apples,Олма,2023-M07,2023,11554.0
041,Nok,Груши,Pears,Нок,2023-M07,2023,27736.0
049,Uzum,Виноград,Grape,Узум,2023-M07,2023,17201.0
0050,Tarvuz,Арбуз,Watermelon,Тарвуз,2023-M07,2023,2329.0
0051,Qovun,Дыня,Melon,Қовун,2023-M07,2023,3792.0
053,Mayiz,Кишмиш,Kishmish,Майиз,2023-M07,2023,37105.0
055,Karam,Капуста,Cabbage,Карам,2023-M07,2023,3537.0
057,Bodring,Огурцы,Cucumbers,Бодринг,2023-M07,2023,4492.0
058,Pomidor,Помидоры,Tomatoes,Помидор,2023-M07,2023,4121.0
059,Baqlajon,Баклажаны,Eggplant,Бақлажон,2023-M07,2023,5377.0
0060,Bulg'or qalampiri,Перец болгарский,Bell pepper,Булғор қалампири,2023-M07,2023,5570.0
061,Qovoq,Тыква,Pumpkin,Қовоқ,2023-M07,2023,3325.0
063,Sabzi,Морковь,Carrot,Сабзи,2023-M07,2023,3900.0
065,Sarimsoq,Чеснок,Garlic,Саримсоқ,2023-M07,2023,16177.0
066,Piyoz,Лук репчатый,Onion,Пиёз,2023-M07,2023,3186.0
069,Kartoshka,Картофель,Potatoes,Картошка,2023-M07,2023,3450.0
0070,Loviya,Фасоль,Beans,Ловия,2023-M07,2023,19368.0
071,No'xot,Горох,Peas,Нўхот,2023-M07,2023,24325.0
0072,Mosh,Маш,Mash,Мош,2023-M07,2023,14367.0
073,Shakar,Сахар песок,Sugar,Шакар,2023-M07,2023,14138.0
002,Kruppa yormasi,Крупа манная,Semolina,Круппа ёрмаси,2023-M07,2023,3591.0
001,Guruch,Рис,Rice,Гуруч,2023-M08,2023,20568.0
003,Arpa,Ячмень,Barley,Арпа,2023-M08,2023,3417.0
0004,Bug'doy,Пшеница,Wheat,Буғдой,2023-M08,2023,3178.0
005,Jo'hori,Кукуруза,Corn,Жўҳори,2023-M08,2023,3804.0
006,Kepak,Отруби,Bran,Кепак,2023-M08,2023,3162.0
0008,Shrot,Шрот,Schroth,Шрот,2023-M08,2023,4553.0
009,Shulxa,Шелуха,Husk,Шулха,2023-M08,2023,4058.0
010,Kombikorm,Комбикорм,Compound feed,Комбикорм,2023-M08,2023,3139.0
011,Oliy navli bug'doy uni,Мука пшеничная высшего сорта,High-grade wheat flour,Олий навли буғдой уни,2023-M08,2023,8182.0
0012,1-navli bug'doy uni,Мука пшеничная первого сорта,First grade wheat flour,1-навли буғдой уни,2023-M08,2023,6212.0
013,1-nav bug'doy unidan non,Хлеб пшеничный из муки 1-го сорта,Wheat bread from 1st grade flour,1-нав буғдой унидан нон,2023-M08,2023,6318.0
017,Mol go'shti,Говядина,Beef,Мол гўшти,2023-M08,2023,78106.0
0020,Qo'y go'shti,Баранина,Mutton,Қўй гўшти,2023-M08,2023,79153.0
022,Tovuq go'shti,Мясо птицы,Poultry,Товуқ гўшти,2023-M08,2023,30742.0
026,Turli baliqlar,Рыба всякая,Fish of all kinds,Турли балиқлар,2023-M08,2023,31537.0
027,Yangi sog'ilgan sut (1 litr),Молоко свежее (1 литр),Fresh milk (1 liter),Янги соғилган сут (1 литр),2023-M08,2023,7246.0
034,Tuxum (10 dona),Яйца (10 штук),Eggs (10 pieces ),Тухум (10 дона),2023-M08,2023,11063.0
035,Paxta yog'i (1 litr),Масло хлопковое (1 литр),Cottonseed oil (1 liter),Пахта ёғи (1 литр),2023-M08,2023,15581.0
0036,Kungaboqar yog'i (1 litr),Масло подсолнечное (1 литр),Sunflower oil (1 liter),Кунгабоқар ёғи (1 литр),2023-M08,2023,16428.0
037,Sariyog',Масло сливочное,Butter,Сариёғ,2023-M08,2023,54548.0
039,Limon,Лимоны,Lemons,Лимон,2023-M08,2023,34923.0
0040,Olma,Яблоки,Apples,Олма,2023-M08,2023,11439.0
041,Nok,Груши,Pears,Нок,2023-M08,2023,28472.0
049,Uzum,Виноград,Grape,Узум,2023-M08,2023,15461.0
0050,Tarvuz,Арбуз,Watermelon,Тарвуз,2023-M08,2023,1777.0
0051,Qovun,Дыня,Melon,Қовун,2023-M08,2023,3113.0
053,Mayiz,Кишмиш,Kishmish,Майиз,2023-M08,2023,37226.0
055,Karam,Капуста,Cabbage,Карам,2023-M08,2023,5093.0
057,Bodring,Огурцы,Cucumbers,Бодринг,2023-M08,2023,5243.0
058,Pomidor,Помидоры,Tomatoes,Помидор,2023-M08,2023,3622.0
059,Baqlajon,Баклажаны,Eggplant,Бақлажон,2023-M08,2023,4187.0
0060,Bulg'or qalampiri,Перец болгарский,Bell pepper,Булғор қалампири,2023-M08,2023,5091.0
061,Qovoq,Тыква,Pumpkin,Қовоқ,2023-M08,2023,3333.0
063,Sabzi,Морковь,Carrot,Сабзи,2023-M08,2023,5166.0
065,Sarimsoq,Чеснок,Garlic,Саримсоқ,2023-M08,2023,15415.0
066,Piyoz,Лук репчатый,Onion,Пиёз,2023-M08,2023,2871.0
069,Kartoshka,Картофель,Potatoes,Картошка,2023-M08,2023,3489.0
0070,Loviya,Фасоль,Beans,Ловия,2023-M08,2023,19592.0
071,No'xot,Горох,Peas,Нўхот,2023-M08,2023,24006.0
0072,Mosh,Маш,Mash,Мош,2023-M08,2023,14362.0
073,Shakar,Сахар песок,Sugar,Шакар,2023-M08,2023,14334.0
002,Kruppa yormasi,Крупа манная,Semolina,Круппа ёрмаси,2023-M08,2023,3417.0
001,Guruch,Рис,Rice,Гуруч,2023-M09,2023,20650.0
003,Arpa,Ячмень,Barley,Арпа,2023-M09,2023,3426.0
0004,Bug'doy,Пшеница,Wheat,Буғдой,2023-M09,2023,3138.0
005,Jo'hori,Кукуруза,Corn,Жўҳори,2023-M09,2023,3664.0
006,Kepak,Отруби,Bran,Кепак,2023-M09,2023,3075.0
0008,Shrot,Шрот,Schroth,Шрот,2023-M09,2023,4529.0
009,Shulxa,Шелуха,Husk,Шулха,2023-M09,2023,4064.0
010,Kombikorm,Комбикорм,Compound feed,Комбикорм,2023-M09,2023,3120.0
011,Oliy navli bug'doy uni,Мука пшеничная высшего сорта,High-grade wheat flour,Олий навли буғдой уни,2023-M09,2023,8455.0
0012,1-navli bug'doy uni,Мука пшеничная первого сорта,First grade wheat flour,1-навли буғдой уни,2023-M09,2023,6308.0
013,1-nav bug'doy unidan non,Хлеб пшеничный из муки 1-го сорта,Wheat bread from 1st grade flour,1-нав буғдой унидан нон,2023-M09,2023,6617.0
017,Mol go'shti,Говядина,Beef,Мол гўшти,2023-M09,2023,78405.0
0020,Qo'y go'shti,Баранина,Mutton,Қўй гўшти,2023-M09,2023,80052.0
022,Tovuq go'shti,Мясо птицы,Poultry,Товуқ гўшти,2023-M09,2023,31338.0
026,Turli baliqlar,Рыба всякая,Fish of all kinds,Турли балиқлар,2023-M09,2023,30150.0
027,Yangi sog'ilgan sut (1 litr),Молоко свежее (1 литр),Fresh milk (1 liter),Янги соғилган сут (1 литр),2023-M09,2023,7498.0
034,Tuxum (10 dona),Яйца (10 штук),Eggs (10 pieces ),Тухум (10 дона),2023-M09,2023,13261.0
035,Paxta yog'i (1 litr),Масло хлопковое (1 литр),Cottonseed oil (1 liter),Пахта ёғи (1 литр),2023-M09,2023,15709.0
0036,Kungaboqar yog'i (1 litr),Масло подсолнечное (1 литр),Sunflower oil (1 liter),Кунгабоқар ёғи (1 литр),2023-M09,2023,16496.0
037,Sariyog',Масло сливочное,Butter,Сариёғ,2023-M09,2023,54576.0
039,Limon,Лимоны,Lemons,Лимон,2023-M09,2023,36586.0
0040,Olma,Яблоки,Apples,Олма,2023-M09,2023,10923.0
041,Nok,Груши,Pears,Нок,2023-M09,2023,29367.0
049,Uzum,Виноград,Grape,Узум,2023-M09,2023,17098.0
0050,Tarvuz,Арбуз,Watermelon,Тарвуз,2023-M09,2023,1590.0
0051,Qovun,Дыня,Melon,Қовун,2023-M09,2023,2997.0
053,Mayiz,Кишмиш,Kishmish,Майиз,2023-M09,2023,37249.0
055,Karam,Капуста,Cabbage,Карам,2023-M09,2023,5611.0
057,Bodring,Огурцы,Cucumbers,Бодринг,2023-M09,2023,5453.0
058,Pomidor,Помидоры,Tomatoes,Помидор,2023-M09,2023,3359.0
059,Baqlajon,Баклажаны,Eggplant,Бақлажон,2023-M09,2023,4111.0
0060,Bulg'or qalampiri,Перец болгарский,Bell pepper,Булғор қалампири,2023-M09,2023,4867.0
061,Qovoq,Тыква,Pumpkin,Қовоқ,2023-M09,2023,3346.0
063,Sabzi,Морковь,Carrot,Сабзи,2023-M09,2023,5463.0
065,Sarimsoq,Чеснок,Garlic,Саримсоқ,2023-M09,2023,16306.0
066,Piyoz,Лук репчатый,Onion,Пиёз,2023-M09,2023,2699.0
069,Kartoshka,Картофель,Potatoes,Картошка,2023-M09,2023,3701.0
0070,Loviya,Фасоль,Beans,Ловия,2023-M09,2023,19591.0
071,No'xot,Горох,Peas,Нўхот,2023-M09,2023,23871.0
0072,Mosh,Маш,Mash,Мош,2023-M09,2023,14405.0
073,Shakar,Сахар песок,Sugar,Шакар,2023-M09,2023,14371.0
002,Kruppa yormasi,Крупа манная,Semolina,Круппа ёрмаси,2023-M09,2023,3426.0
001,Guruch,Рис,Rice,Гуруч,2023-M10,2023,20513.0
003,Arpa,Ячмень,Barley,Арпа,2023-M10,2023,3346.0
0004,Bug'doy,Пшеница,Wheat,Буғдой,2023-M10,2023,3120.0
005,Jo'hori,Кукуруза,Corn,Жўҳори,2023-M10,2023,3215.0
006,Kepak,Отруби,Bran,Кепак,2023-M10,2023,2901.0
0008,Shrot,Шрот,Schroth,Шрот,2023-M10,2023,4500.0
009,Shulxa,Шелуха,Husk,Шулха,2023-M10,2023,4163.0
010,Kombikorm,Комбикорм,Compound feed,Комбикорм,2023-M10,2023,3056.0
011,Oliy navli bug'doy uni,Мука пшеничная высшего сорта,High-grade wheat flour,Олий навли буғдой уни,2023-M10,2023,8780.0
0012,1-navli bug'doy uni,Мука пшеничная первого сорта,First grade wheat flour,1-навли буғдой уни,2023-M10,2023,6338.0
013,1-nav bug'doy unidan non,Хлеб пшеничный из муки 1-го сорта,Wheat bread from 1st grade flour,1-нав буғдой унидан нон,2023-M10,2023,6843.0
017,Mol go'shti,Говядина,Beef,Мол гўшти,2023-M10,2023,78863.0
0020,Qo'y go'shti,Баранина,Mutton,Қўй гўшти,2023-M10,2023,80453.0
022,Tovuq go'shti,Мясо птицы,Poultry,Товуқ гўшти,2023-M10,2023,30554.0
026,Turli baliqlar,Рыба всякая,Fish of all kinds,Турли балиқлар,2023-M10,2023,26579.0
027,Yangi sog'ilgan sut (1 litr),Молоко свежее (1 литр),Fresh milk (1 liter),Янги соғилган сут (1 литр),2023-M10,2023,7662.0
034,Tuxum (10 dona),Яйца (10 штук),Eggs (10 pieces ),Тухум (10 дона),2023-M10,2023,14128.0
035,Paxta yog'i (1 litr),Масло хлопковое (1 литр),Cottonseed oil (1 liter),Пахта ёғи (1 литр),2023-M10,2023,15567.0
0036,Kungaboqar yog'i (1 litr),Масло подсолнечное (1 литр),Sunflower oil (1 liter),Кунгабоқар ёғи (1 литр),2023-M10,2023,16425.0
037,Sariyog',Масло сливочное,Butter,Сариёғ,2023-M10,2023,54713.0
039,Limon,Лимоны,Lemons,Лимон,2023-M10,2023,35459.0
0040,Olma,Яблоки,Apples,Олма,2023-M10,2023,10776.0
041,Nok,Груши,Pears,Нок,2023-M10,2023,28673.0
049,Uzum,Виноград,Grape,Узум,2023-M10,2023,19157.0
0050,Tarvuz,Арбуз,Watermelon,Тарвуз,2023-M10,2023,1768.0
0051,Qovun,Дыня,Melon,Қовун,2023-M10,2023,3250.0
053,Mayiz,Кишмиш,Kishmish,Майиз,2023-M10,2023,37306.0
055,Karam,Капуста,Cabbage,Карам,2023-M10,2023,4281.0
057,Bodring,Огурцы,Cucumbers,Бодринг,2023-M10,2023,6517.0
058,Pomidor,Помидоры,Tomatoes,Помидор,2023-M10,2023,4731.0
059,Baqlajon,Баклажаны,Eggplant,Бақлажон,2023-M10,2023,4271.0
0060,Bulg'or qalampiri,Перец болгарский,Bell pepper,Булғор қалампири,2023-M10,2023,5032.0
061,Qovoq,Тыква,Pumpkin,Қовоқ,2023-M10,2023,3102.0
063,Sabzi,Морковь,Carrot,Сабзи,2023-M10,2023,4486.0
065,Sarimsoq,Чеснок,Garlic,Саримсоқ,2023-M10,2023,17954.0
066,Piyoz,Лук репчатый,Onion,Пиёз,2023-M10,2023,2678.0
069,Kartoshka,Картофель,Potatoes,Картошка,2023-M10,2023,3718.0
0070,Loviya,Фасоль,Beans,Ловия,2023-M10,2023,19582.0
071,No'xot,Горох,Peas,Нўхот,2023-M10,2023,23921.0
0072,Mosh,Маш,Mash,Мош,2023-M10,2023,14261.0
073,Shakar,Сахар песок,Sugar,Шакар,2023-M10,2023,14377.0
002,Kruppa yormasi,Крупа манная,Semolina,Круппа ёрмаси,2023-M10,2023,3346.0
001,Guruch,Рис,Rice,Гуруч,2023-M11,2023,20302.0
003,Arpa,Ячмень,Barley,Арпа,2023-M11,2023,3287.0
0004,Bug'doy,Пшеница,Wheat,Буғдой,2023-M11,2023,3132.0
005,Jo'hori,Кукуруза,Corn,Жўҳори,2023-M11,2023,3164.0
006,Kepak,Отруби,Bran,Кепак,2023-M11,2023,2860.0
0008,Shrot,Шрот,Schroth,Шрот,2023-M11,2023,4500.0
009,Shulxa,Шелуха,Husk,Шулха,2023-M11,2023,4168.0
010,Kombikorm,Комбикорм,Compound feed,Комбикорм,2023-M11,2023,3039.0
011,Oliy navli bug'doy uni,Мука пшеничная высшего сорта,High-grade wheat flour,Олий навли буғдой уни,2023-M11,2023,8654.0
0012,1-navli bug'doy uni,Мука пшеничная первого сорта,First grade wheat flour,1-навли буғдой уни,2023-M11,2023,6205.0
013,1-nav bug'doy unidan non,Хлеб пшеничный из муки 1-го сорта,Wheat bread from 1st grade flour,1-нав буғдой унидан нон,2023-M11,2023,6696.0
017,Mol go'shti,Говядина,Beef,Мол гўшти,2023-M11,2023,78529.0
0020,Qo'y go'shti,Баранина,Mutton,Қўй гўшти,2023-M11,2023,80304.0
022,Tovuq go'shti,Мясо птицы,Poultry,Товуқ гўшти,2023-M11,2023,30097.0
026,Turli baliqlar,Рыба всякая,Fish of all kinds,Турли балиқлар,2023-M11,2023,28446.0
027,Yangi sog'ilgan sut (1 litr),Молоко свежее (1 литр),Fresh milk (1 liter),Янги соғилган сут (1 литр),2023-M11,2023,7959.0
034,Tuxum (10 dona),Яйца (10 штук),Eggs (10 pieces ),Тухум (10 дона),2023-M11,2023,14755.0
035,Paxta yog'i (1 litr),Масло хлопковое (1 литр),Cottonseed oil (1 liter),Пахта ёғи (1 литр),2023-M11,2023,15294.0
0036,Kungaboqar yog'i (1 litr),Масло подсолнечное (1 литр),Sunflower oil (1 liter),Кунгабоқар ёғи (1 литр),2023-M11,2023,16302.0
037,Sariyog',Масло сливочное,Butter,Сариёғ,2023-M11,2023,55087.0
039,Limon,Лимоны,Lemons,Лимон,2023-M11,2023,31439.0
0040,Olma,Яблоки,Apples,Олма,2023-M11,2023,11431.0
041,Nok,Груши,Pears,Нок,2023-M11,2023,28705.0
049,Uzum,Виноград,Grape,Узум,2023-M11,2023,24052.0
0050,Tarvuz,Арбуз,Watermelon,Тарвуз,2023-M11,2023,2207.0
0051,Qovun,Дыня,Melon,Қовун,2023-M11,2023,3240.0
053,Mayiz,Кишмиш,Kishmish,Майиз,2023-M11,2023,37870.0
055,Karam,Капуста,Cabbage,Карам,2023-M11,2023,2921.0
057,Bodring,Огурцы,Cucumbers,Бодринг,2023-M11,2023,15552.0
058,Pomidor,Помидоры,Tomatoes,Помидор,2023-M11,2023,12865.0
059,Baqlajon,Баклажаны,Eggplant,Бақлажон,2023-M11,2023,4805.0
0060,Bulg'or qalampiri,Перец болгарский,Bell pepper,Булғор қалампири,2023-M11,2023,7441.0
061,Qovoq,Тыква,Pumpkin,Қовоқ,2023-M11,2023,2823.0
063,Sabzi,Морковь,Carrot,Сабзи,2023-M11,2023,2899.0
065,Sarimsoq,Чеснок,Garlic,Саримсоқ,2023-M11,2023,19990.0
066,Piyoz,Лук репчатый,Onion,Пиёз,2023-M11,2023,2579.0
069,Kartoshka,Картофель,Potatoes,Картошка,2023-M11,2023,3715.0
0070,Loviya,Фасоль,Beans,Ловия,2023-M11,2023,19312.0
071,No'xot,Горох,Peas,Нўхот,2023-M11,2023,23844.0
0072,Mosh,Маш,Mash,Мош,2023-M11,2023,14132.0
073,Shakar,Сахар песок,Sugar,Шакар,2023-M11,2023,14537.0
002,Kruppa yormasi,Крупа манная,Semolina,Круппа ёрмаси,2023-M11,2023,3287.0
001,Guruch,Рис,Rice,Гуруч,2023-M12,2023,20211.0
003,Arpa,Ячмень,Barley,Арпа,2023-M12,2023,3162.0
0004,Bug'doy,Пшеница,Wheat,Буғдой,2023-M12,2023,3089.0
005,Jo'hori,Кукуруза,Corn,Жўҳори,2023-M12,2023,3096.0
006,Kepak,Отруби,Bran,Кепак,2023-M12,2023,2843.0
0008,Shrot,Шрот,Schroth,Шрот,2023-M12,2023,4358.0
009,Shulxa,Шелуха,Husk,Шулха,2023-M12,2023,4113.0
010,Kombikorm,Комбикорм,Compound feed,Комбикорм,2023-M12,2023,2949.0
011,Oliy navli bug'doy uni,Мука пшеничная высшего сорта,High-grade wheat flour,Олий навли буғдой уни,2023-M12,2023,8619.0
0012,1-navli bug'doy uni,Мука пшеничная первого сорта,First grade wheat flour,1-навли буғдой уни,2023-M12,2023,6165.0
013,1-nav bug'doy unidan non,Хлеб пшеничный из муки 1-го сорта,Wheat bread from 1st grade flour,1-нав буғдой унидан нон,2023-M12,2023,6652.0
017,Mol go'shti,Говядина,Beef,Мол гўшти,2023-M12,2023,78199.0
0020,Qo'y go'shti,Баранина,Mutton,Қўй гўшти,2023-M12,2023,80186.0
022,Tovuq go'shti,Мясо птицы,Poultry,Товуқ гўшти,2023-M12,2023,30216.0
026,Turli baliqlar,Рыба всякая,Fish of all kinds,Турли балиқлар,2023-M12,2023,31449.0
027,Yangi sog'ilgan sut (1 litr),Молоко свежее (1 литр),Fresh milk (1 liter),Янги соғилган сут (1 литр),2023-M12,2023,8248.0
034,Tuxum (10 dona),Яйца (10 штук),Eggs (10 pieces ),Тухум (10 дона),2023-M12,2023,14848.0
035,Paxta yog'i (1 litr),Масло хлопковое (1 литр),Cottonseed oil (1 liter),Пахта ёғи (1 литр),2023-M12,2023,15196.0
0036,Kungaboqar yog'i (1 litr),Масло подсолнечное (1 литр),Sunflower oil (1 liter),Кунгабоқар ёғи (1 литр),2023-M12,2023,16265.0
037,Sariyog',Масло сливочное,Butter,Сариёғ,2023-M12,2023,55845.0
039,Limon,Лимоны,Lemons,Лимон,2023-M12,2023,28041.0
0040,Olma,Яблоки,Apples,Олма,2023-M12,2023,11861.0
041,Nok,Груши,Pears,Нок,2023-M12,2023,28667.0
049,Uzum,Виноград,Grape,Узум,2023-M12,2023,26414.0
0050,Tarvuz,Арбуз,Watermelon,Тарвуз,2023-M12,2023,2811.0
0051,Qovun,Дыня,Melon,Қовун,2023-M12,2023,3760.0
053,Mayiz,Кишмиш,Kishmish,Майиз,2023-M12,2023,38766.0
055,Karam,Капуста,Cabbage,Карам,2023-M12,2023,2549.0
057,Bodring,Огурцы,Cucumbers,Бодринг,2023-M12,2023,25133.0
058,Pomidor,Помидоры,Tomatoes,Помидор,2023-M12,2023,23921.0
059,Baqlajon,Баклажаны,Eggplant,Бақлажон,2023-M12,2023,8554.0
0060,Bulg'or qalampiri,Перец болгарский,Bell pepper,Булғор қалампири,2023-M12,2023,13285.0
061,Qovoq,Тыква,Pumpkin,Қовоқ,2023-M12,2023,2701.0
063,Sabzi,Морковь,Carrot,Сабзи,2023-M12,2023,2589.0
065,Sarimsoq,Чеснок,Garlic,Саримсоқ,2023-M12,2023,22439.0
066,Piyoz,Лук репчатый,Onion,Пиёз,2023-M12,2023,2490.0
069,Kartoshka,Картофель,Potatoes,Картошка,2023-M12,2023,3730.0
0070,Loviya,Фасоль,Beans,Ловия,2023-M12,2023,19428.0
071,No'xot,Горох,Peas,Нўхот,2023-M12,2023,23816.0
0072,Mosh,Маш,Mash,Мош,2023-M12,2023,14112.0
073,Shakar,Сахар песок,Sugar,Шакар,2023-M12,2023,14571.0
002,Kruppa yormasi,Крупа манная,Semolina,Круппа ёрмаси,2023-M12,2023,3162.0
001,Guruch,Рис,Rice,Гуруч,2024-M01,2024,20117.0
003,Arpa,Ячмень,Barley,Арпа,2024-M01,2024,3272.0
0004,Bug'doy,Пшеница,Wheat,Буғдой,2024-M01,2024,3082.0
005,Jo'hori,Кукуруза,Corn,Жўҳори,2024-M01,2024,3001.0
006,Kepak,Отруби,Bran,Кепак,2024-M01,2024,2801.0
0008,Shrot,Шрот,Schroth,Шрот,2024-M01,2024,4190.0
009,Shulxa,Шелуха,Husk,Шулха,2024-M01,2024,4000.0
010,Kombikorm,Комбикорм,Compound feed,Комбикорм,2024-M01,2024,2905.0
011,Oliy navli bug'doy uni,Мука пшеничная высшего сорта,High-grade wheat flour,Олий навли буғдой уни,2024-M01,2024,8582.0
0012,1-navli bug'doy uni,Мука пшеничная первого сорта,First grade wheat flour,1-навли буғдой уни,2024-M01,2024,6058.0
013,1-nav bug'doy unidan non,Хлеб пшеничный из муки 1-го сорта,Wheat bread from 1st grade flour,1-нав буғдой унидан нон,2024-M01,2024,6666.0
017,Mol go'shti,Говядина,Beef,Мол гўшти,2024-M01,2024,78165.0
0020,Qo'y go'shti,Баранина,Mutton,Қўй гўшти,2024-M01,2024,80173.0
022,Tovuq go'shti,Мясо птицы,Poultry,Товуқ гўшти,2024-M01,2024,30723.0
026,Turli baliqlar,Рыба всякая,Fish of all kinds,Турли балиқлар,2024-M01,2024,30660.0
027,Yangi sog'ilgan sut (1 litr),Молоко свежее (1 литр),Fresh milk (1 liter),Янги соғилган сут (1 литр),2024-M01,2024,7997.0
034,Tuxum (10 dona),Яйца (10 штук),Eggs (10 pieces ),Тухум (10 дона),2024-M01,2024,15047.0
035,Paxta yog'i (1 litr),Масло хлопковое (1 литр),Cottonseed oil (1 liter),Пахта ёғи (1 литр),2024-M01,2024,14780.0
0036,Kungaboqar yog'i (1 litr),Масло подсолнечное (1 литр),Sunflower oil (1 liter),Кунгабоқар ёғи (1 литр),2024-M01,2024,16085.0
037,Sariyog',Масло сливочное,Butter,Сариёғ,2024-M01,2024,57425.0
039,Limon,Лимоны,Lemons,Лимон,2024-M01,2024,27152.0
0040,Olma,Яблоки,Apples,Олма,2024-M01,2024,12178.0
041,Nok,Груши,Pears,Нок,2024-M01,2024,28248.0
049,Uzum,Виноград,Grape,Узум,2024-M01,2024,27777.0
0050,Tarvuz,Арбуз,Watermelon,Тарвуз,2024-M01,2024,3943.0
0051,Qovun,Дыня,Melon,Қовун,2024-M01,2024,4802.0
053,Mayiz,Кишмиш,Kishmish,Майиз,2024-M01,2024,40925.0
055,Karam,Капуста,Cabbage,Карам,2024-M01,2024,2722.0
057,Bodring,Огурцы,Cucumbers,Бодринг,2024-M01,2024,27881.0
058,Pomidor,Помидоры,Tomatoes,Помидор,2024-M01,2024,29052.0
059,Baqlajon,Баклажаны,Eggplant,Бақлажон,2024-M01,2024,28414.0
0060,Bulg'or qalampiri,Перец болгарский,Bell pepper,Булғор қалампири,2024-M01,2024,28204.0
061,Qovoq,Тыква,Pumpkin,Қовоқ,2024-M01,2024,2863.0
063,Sabzi,Морковь,Carrot,Сабзи,2024-M01,2024,2572.0
065,Sarimsoq,Чеснок,Garlic,Саримсоқ,2024-M01,2024,26877.0
066,Piyoz,Лук репчатый,Onion,Пиёз,2024-M01,2024,2530.0
069,Kartoshka,Картофель,Potatoes,Картошка,2024-M01,2024,3746.0
0070,Loviya,Фасоль,Beans,Ловия,2024-M01,2024,19485.0
071,No'xot,Горох,Peas,Нўхот,2024-M01,2024,23944.0
0072,Mosh,Маш,Mash,Мош,2024-M01,2024,14067.0
073,Shakar,Сахар песок,Sugar,Шакар,2024-M01,2024,14482.0
002,Kruppa yormasi,Крупа манная,Semolina,Круппа ёрмаси,2024-M01,2024,3272.0
001,Guruch,Рис,Rice,Гуруч,2024-M02,2024,19976.0
003,Arpa,Ячмень,Barley,Арпа,2024-M02,2024,3203.0
0004,Bug'doy,Пшеница,Wheat,Буғдой,2024-M02,2024,3087.0
005,Jo'hori,Кукуруза,Corn,Жўҳори,2024-M02,2024,2955.0
006,Kepak,Отруби,Bran,Кепак,2024-M02,2024,2730.0
0008,Shrot,Шрот,Schroth,Шрот,2024-M02,2024,4150.0
009,Shulxa,Шелуха,Husk,Шулха,2024-M02,2024,3800.0
010,Kombikorm,Комбикорм,Compound feed,Комбикорм,2024-M02,2024,2868.0
011,Oliy navli bug'doy uni,Мука пшеничная высшего сорта,High-grade wheat flour,Олий навли буғдой уни,2024-M02,2024,8713.0
0012,1-navli bug'doy uni,Мука пшеничная первого сорта,First grade wheat flour,1-навли буғдой уни,2024-M02,2024,5930.0
013,1-nav bug'doy unidan non,Хлеб пшеничный из муки 1-го сорта,Wheat bread from 1st grade flour,1-нав буғдой унидан нон,2024-M02,2024,6653.0
017,Mol go'shti,Говядина,Beef,Мол гўшти,2024-M02,2024,77229.0
0020,Qo'y go'shti,Баранина,Mutton,Қўй гўшти,2024-M02,2024,79325.0
022,Tovuq go'shti,Мясо птицы,Poultry,Товуқ гўшти,2024-M02,2024,30277.0
026,Turli baliqlar,Рыба всякая,Fish of all kinds,Турли балиқлар,2024-M02,2024,30215.0
027,Yangi sog'ilgan sut (1 litr),Молоко свежее (1 литр),Fresh milk (1 liter),Янги соғилган сут (1 литр),2024-M02,2024,7932.0
034,Tuxum (10 dona),Яйца (10 штук),Eggs (10 pieces ),Тухум (10 дона),2024-M02,2024,14006.0
035,Paxta yog'i (1 litr),Масло хлопковое (1 литр),Cottonseed oil (1 liter),Пахта ёғи (1 литр),2024-M02,2024,13758.0
0036,Kungaboqar yog'i (1 litr),Масло подсолнечное (1 литр),Sunflower oil (1 liter),Кунгабоқар ёғи (1 литр),2024-M02,2024,15431.0
037,Sariyog',Масло сливочное,Butter,Сариёғ,2024-M02,2024,57945.0
039,Limon,Лимоны,Lemons,Лимон,2024-M02,2024,27186.0
0040,Olma,Яблоки,Apples,Олма,2024-M02,2024,12256.0
041,Nok,Груши,Pears,Нок,2024-M02,2024,28137.0
049,Uzum,Виноград,Grape,Узум,2024-M02,2024,30426.0
0050,Tarvuz,Арбуз,Watermelon,Тарвуз,2024-M02,2024,4833.0
0051,Qovun,Дыня,Melon,Қовун,2024-M02,2024,4917.0
053,Mayiz,Кишмиш,Kishmish,Майиз,2024-M02,2024,42974.0
055,Karam,Капуста,Cabbage,Карам,2024-M02,2024,2540.0
057,Bodring,Огурцы,Cucumbers,Бодринг,2024-M02,2024,26816.0
058,Pomidor,Помидоры,Tomatoes,Помидор,2024-M02,2024,27990.0
059,Baqlajon,Баклажаны,Eggplant,Бақлажон,2024-M02,2024,33188.0
0060,Bulg'or qalampiri,Перец болгарский,Bell pepper,Булғор қалампири,2024-M02,2024,35700.0
061,Qovoq,Тыква,Pumpkin,Қовоқ,2024-M02,2024,3009.0
063,Sabzi,Морковь,Carrot,Сабзи,2024-M02,2024,2469.0
065,Sarimsoq,Чеснок,Garlic,Саримсоқ,2024-M02,2024,30163.0
066,Piyoz,Лук репчатый,Onion,Пиёз,2024-M02,2024,2465.0
069,Kartoshka,Картофель,Potatoes,Картошка,2024-M02,2024,3673.0
0070,Loviya,Фасоль,Beans,Ловия,2024-M02,2024,19573.0
071,No'xot,Горох,Peas,Нўхот,2024-M02,2024,23909.0
0072,Mosh,Маш,Mash,Мош,2024-M02,2024,14088.0
073,Shakar,Сахар песок,Sugar,Шакар,2024-M02,2024,14279.0
002,Kruppa yormasi,Крупа манная,Semolina,Круппа ёрмаси,2024-M02,2024,3203.0
001,Guruch,Рис,Rice,Гуруч,2024-M03,2024,19861.0
003,Arpa,Ячмень,Barley,Арпа,2024-M03,2024,3247.0
0004,Bug'doy,Пшеница,Wheat,Буғдой,2024-M03,2024,3095.0
005,Jo'hori,Кукуруза,Corn,Жўҳори,2024-M03,2024,2960.0
006,Kepak,Отруби,Bran,Кепак,2024-M03,2024,2715.0
0008,Shrot,Шрот,Schroth,Шрот,2024-M03,2024,4150.0
009,Shulxa,Шелуха,Husk,Шулха,2024-M03,2024,3750.0
010,Kombikorm,Комбикорм,Compound feed,Комбикорм,2024-M03,2024,2865.0
011,Oliy navli bug'doy uni,Мука пшеничная высшего сорта,High-grade wheat flour,Олий навли буғдой уни,2024-M03,2024,8650.0
0012,1-navli bug'doy uni,Мука пшеничная первого сорта,First grade wheat flour,1-навли буғдой уни,2024-M03,2024,5935.0
013,1-nav bug'doy unidan non,Хлеб пшеничный из муки 1-го сорта,Wheat bread from 1st grade flour,1-нав буғдой унидан нон,2024-M03,2024,6636.0
017,Mol go'shti,Говядина,Beef,Мол гўшти,2024-M03,2024,76501.0
0020,Qo'y go'shti,Баранина,Mutton,Қўй гўшти,2024-M03,2024,78814.0
022,Tovuq go'shti,Мясо птицы,Poultry,Товуқ гўшти,2024-M03,2024,29410.0
026,Turli baliqlar,Рыба всякая,Fish of all kinds,Турли балиқлар,2024-M03,2024,31146.0
027,Yangi sog'ilgan sut (1 litr),Молоко свежее (1 литр),Fresh milk (1 liter),Янги соғилган сут (1 литр),2024-M03,2024,7879.0
034,Tuxum (10 dona),Яйца (10 штук),Eggs (10 pieces ),Тухум (10 дона),2024-M03,2024,12646.0
035,Paxta yog'i (1 litr),Масло хлопковое (1 литр),Cottonseed oil (1 liter),Пахта ёғи (1 литр),2024-M03,2024,13366.0
0036,Kungaboqar yog'i (1 litr),Масло подсолнечное (1 литр),Sunflower oil (1 liter),Кунгабоқар ёғи (1 литр),2024-M03,2024,15232.0
037,Sariyog',Масло сливочное,Butter,Сариёғ,2024-M03,2024,58023.0
039,Limon,Лимоны,Lemons,Лимон,2024-M03,2024,27877.0
0040,Olma,Яблоки,Apples,Олма,2024-M03,2024,12483.0
041,Nok,Груши,Pears,Нок,2024-M03,2024,27254.0
049,Uzum,Виноград,Grape,Узум,2024-M03,2024,31095.0
0050,Tarvuz,Арбуз,Watermelon,Тарвуз,2024-M03,2024,0.0
0051,Qovun,Дыня,Melon,Қовун,2024-M03,2024,0.0
053,Mayiz,Кишмиш,Kishmish,Майиз,2024-M03,2024,44170.0
055,Karam,Капуста,Cabbage,Карам,2024-M03,2024,2708.0
057,Bodring,Огурцы,Cucumbers,Бодринг,2024-M03,2024,26859.0
058,Pomidor,Помидоры,Tomatoes,Помидор,2024-M03,2024,27214.0
059,Baqlajon,Баклажаны,Eggplant,Бақлажон,2024-M03,2024,34198.0
0060,Bulg'or qalampiri,Перец болгарский,Bell pepper,Булғор қалампири,2024-M03,2024,39983.0
061,Qovoq,Тыква,Pumpkin,Қовоқ,2024-M03,2024,3307.0
063,Sabzi,Морковь,Carrot,Сабзи,2024-M03,2024,2457.0
065,Sarimsoq,Чеснок,Garlic,Саримсоқ,2024-M03,2024,31074.0
066,Piyoz,Лук репчатый,Onion,Пиёз,2024-M03,2024,2399.0
069,Kartoshka,Картофель,Potatoes,Картошка,2024-M03,2024,3672.0
0070,Loviya,Фасоль,Beans,Ловия,2024-M03,2024,19973.0
071,No'xot,Горох,Peas,Нўхот,2024-M03,2024,23977.0
0072,Mosh,Маш,Mash,Мош,2024-M03,2024,14152.0
073,Shakar,Сахар песок,Sugar,Шакар,2024-M03,2024,14114.0
002,Kruppa yormasi,Крупа манная,Semolina,Круппа ёрмаси,2024-M03,2024,3247.0
001,Guruch,Рис,Rice,Гуруч,2024-M04,2024,19917.0
003,Arpa,Ячмень,Barley,Арпа,2024-M04,2024,3260.0
0004,Bug'doy,Пшеница,Wheat,Буғдой,2024-M04,2024,3090.0
005,Jo'hori,Кукуруза,Corn,Жўҳори,2024-M04,2024,2980.0
006,Kepak,Отруби,Bran,Кепак,2024-M04,2024,2705.0
0008,Shrot,Шрот,Schroth,Шрот,2024-M04,2024,4113.0
009,Shulxa,Шелуха,Husk,Шулха,2024-M04,2024,3738.0
010,Kombikorm,Комбикорм,Compound feed,Комбикорм,2024-M04,2024,2865.0
011,Oliy navli bug'doy uni,Мука пшеничная высшего сорта,High-grade wheat flour,Олий навли буғдой уни,2024-M04,2024,8657.0
0012,1-navli bug'doy uni,Мука пшеничная первого сорта,First grade wheat flour,1-навли буғдой уни,2024-M04,2024,5949.0
013,1-nav bug'doy unidan non,Хлеб пшеничный из муки 1-го сорта,Wheat bread from 1st grade flour,1-нав буғдой унидан нон,2024-M04,2024,6640.0
017,Mol go'shti,Говядина,Beef,Мол гўшти,2024-M04,2024,76222.0
0020,Qo'y go'shti,Баранина,Mutton,Қўй гўшти,2024-M04,2024,78863.0
022,Tovuq go'shti,Мясо птицы,Poultry,Товуқ гўшти,2024-M04,2024,29166.0
026,Turli baliqlar,Рыба всякая,Fish of all kinds,Турли балиқлар,2024-M04,2024,31757.0
027,Yangi sog'ilgan sut (1 litr),Молоко свежее (1 литр),Fresh milk (1 liter),Янги соғилган сут (1 литр),2024-M04,2024,7650.0
034,Tuxum (10 dona),Яйца (10 штук),Eggs (10 pieces ),Тухум (10 дона),2024-M04,2024,11512.0
035,Paxta yog'i (1 litr),Масло хлопковое (1 литр),Cottonseed oil (1 liter),Пахта ёғи (1 литр),2024-M04,2024,13262.0
0036,Kungaboqar yog'i (1 litr),Масло подсолнечное (1 литр),Sunflower oil (1 liter),Кунгабоқар ёғи (1 литр),2024-M04,2024,15185.0
037,Sariyog',Масло сливочное,Butter,Сариёғ,2024-M04,2024,57904.0
039,Limon,Лимоны,Lemons,Лимон,2024-M04,2024,27626.0
0040,Olma,Яблоки,Apples,Олма,2024-M04,2024,12709.0
041,Nok,Груши,Pears,Нок,2024-M04,2024,26951.0
049,Uzum,Виноград,Grape,Узум,2024-M04,2024,31265.0
0050,Tarvuz,Арбуз,Watermelon,Тарвуз,2024-M04,2024,0.0
0051,Qovun,Дыня,Melon,Қовун,2024-M04,2024,0.0
053,Mayiz,Кишмиш,Kishmish,Майиз,2024-M04,2024,44819.0
055,Karam,Капуста,Cabbage,Карам,2024-M04,2024,3002.0
057,Bodring,Огурцы,Cucumbers,Бодринг,2024-M04,2024,19596.0
058,Pomidor,Помидоры,Tomatoes,Помидор,2024-M04,2024,28122.0
059,Baqlajon,Баклажаны,Eggplant,Бақлажон,2024-M04,2024,36625.0
0060,Bulg'or qalampiri,Перец болгарский,Bell pepper,Булғор қалампири,2024-M04,2024,43113.0
061,Qovoq,Тыква,Pumpkin,Қовоқ,2024-M04,2024,3452.0
063,Sabzi,Морковь,Carrot,Сабзи,2024-M04,2024,2476.0
065,Sarimsoq,Чеснок,Garlic,Саримсоқ,2024-M04,2024,31350.0
066,Piyoz,Лук репчатый,Onion,Пиёз,2024-M04,2024,2429.0
069,Kartoshka,Картофель,Potatoes,Картошка,2024-M04,2024,3684.0
0070,Loviya,Фасоль,Beans,Ловия,2024-M04,2024,20737.0
071,No'xot,Горох,Peas,Нўхот,2024-M04,2024,24112.0
0072,Mosh,Маш,Mash,Мош,2024-M04,2024,14254.0
073,Shakar,Сахар песок,Sugar,Шакар,2024-M04,2024,14287.0
002,Kruppa yormasi,Крупа манная,Semolina,Круппа ёрмаси,2024-M04,2024,3260.0
001,Guruch,Рис,Rice,Гуруч,2024-M05,2024,20217.0
003,Arpa,Ячмень,Barley,Арпа,2024-M05,2024,3332.0
0004,Bug'doy,Пшеница,Wheat,Буғдой,2024-M05,2024,3103.0
005,Jo'hori,Кукуруза,Corn,Жўҳори,2024-M05,2024,3040.0
006,Kepak,Отруби,Bran,Кепак,2024-M05,2024,2705.0
0008,Shrot,Шрот,Schroth,Шрот,2024-M05,2024,4040.0
009,Shulxa,Шелуха,Husk,Шулха,2024-M05,2024,3740.0
010,Kombikorm,Комбикорм,Compound feed,Комбикорм,2024-M05,2024,2865.0
011,Oliy navli bug'doy uni,Мука пшеничная высшего сорта,High-grade wheat flour,Олий навли буғдой уни,2024-M05,2024,8685.0
0012,1-navli bug'doy uni,Мука пшеничная первого сорта,First grade wheat flour,1-навли буғдой уни,2024-M05,2024,5957.0
013,1-nav bug'doy unidan non,Хлеб пшеничный из муки 1-го сорта,Wheat bread from 1st grade flour,1-нав буғдой унидан нон,2024-M05,2024,6652.0
017,Mol go'shti,Говядина,Beef,Мол гўшти,2024-M05,2024,76358.0
0020,Qo'y go'shti,Баранина,Mutton,Қўй гўшти,2024-M05,2024,78926.0
022,Tovuq go'shti,Мясо птицы,Poultry,Товуқ гўшти,2024-M05,2024,29164.0
026,Turli baliqlar,Рыба всякая,Fish of all kinds,Турли балиқлар,2024-M05,2024,30363.0
027,Yangi sog'ilgan sut (1 litr),Молоко свежее (1 литр),Fresh milk (1 liter),Янги соғилган сут (1 литр),2024-M05,2024,7350.0
034,Tuxum (10 dona),Яйца (10 штук),Eggs (10 pieces ),Тухум (10 дона),2024-M05,2024,9498.0
035,Paxta yog'i (1 litr),Масло хлопковое (1 литр),Cottonseed oil (1 liter),Пахта ёғи (1 литр),2024-M05,2024,13208.0
0036,Kungaboqar yog'i (1 litr),Масло подсолнечное (1 литр),Sunflower oil (1 liter),Кунгабоқар ёғи (1 литр),2024-M05,2024,15194.0
037,Sariyog',Масло сливочное,Butter,Сариёғ,2024-M05,2024,56904.0
039,Limon,Лимоны,Lemons,Лимон,2024-M05,2024,32211.0
0040,Olma,Яблоки,Apples,Олма,2024-M05,2024,12924.0
041,Nok,Груши,Pears,Нок,2024-M05,2024,26688.0
049,Uzum,Виноград,Grape,Узум,2024-M05,2024,33163.0
0050,Tarvuz,Арбуз,Watermelon,Тарвуз,2024-M05,2024,8653.0
0051,Qovun,Дыня,Melon,Қовун,2024-M05,2024,11278.0
053,Mayiz,Кишмиш,Kishmish,Майиз,2024-M05,2024,45238.0
055,Karam,Капуста,Cabbage,Карам,2024-M05,2024,2696.0
057,Bodring,Огурцы,Cucumbers,Бодринг,2024-M05,2024,8063.0
058,Pomidor,Помидоры,Tomatoes,Помидор,2024-M05,2024,19688.0
059,Baqlajon,Баклажаны,Eggplant,Бақлажон,2024-M05,2024,19980.0
0060,Bulg'or qalampiri,Перец болгарский,Bell pepper,Булғор қалампири,2024-M05,2024,23505.0
061,Qovoq,Тыква,Pumpkin,Қовоқ,2024-M05,2024,3000.0
063,Sabzi,Морковь,Carrot,Сабзи,2024-M05,2024,2492.0
065,Sarimsoq,Чеснок,Garlic,Саримсоқ,2024-M05,2024,30077.0
066,Piyoz,Лук репчатый,Onion,Пиёз,2024-M05,2024,2314.0
069,Kartoshka,Картофель,Potatoes,Картошка,2024-M05,2024,3771.0
0070,Loviya,Фасоль,Beans,Ловия,2024-M05,2024,21353.0
071,No'xot,Горох,Peas,Нўхот,2024-M05,2024,23950.0
0072,Mosh,Маш,Mash,Мош,2024-M05,2024,14462.0
073,Shakar,Сахар песок,Sugar,Шакар,2024-M05,2024,14524.0
002,Kruppa yormasi,Крупа манная,Semolina,Круппа ёрмаси,2024-M05,2024,3332.0
001,Guruch,Рис,Rice,Гуруч,2024-M06,2024,20342.0
003,Arpa,Ячмень,Barley,Арпа,2024-M06,2024,3461.0
0004,Bug'doy,Пшеница,Wheat,Буғдой,2024-M06,2024,3163.0
005,Jo'hori,Кукуруза,Corn,Жўҳори,2024-M06,2024,3094.0
006,Kepak,Отруби,Bran,Кепак,2024-M06,2024,2698.0
0008,Shrot,Шрот,Schroth,Шрот,2024-M06,2024,4200.0
009,Shulxa,Шелуха,Husk,Шулха,2024-M06,2024,3900.0
010,Kombikorm,Комбикорм,Compound feed,Комбикорм,2024-M06,2024,2865.0
011,Oliy navli bug'doy uni,Мука пшеничная высшего сорта,High-grade wheat flour,Олий навли буғдой уни,2024-M06,2024,8693.0
0012,1-navli bug'doy uni,Мука пшеничная первого сорта,First grade wheat flour,1-навли буғдой уни,2024-M06,2024,5957.0
013,1-nav bug'doy unidan non,Хлеб пшеничный из муки 1-го сорта,Wheat bread from 1st grade flour,1-нав буғдой унидан нон,2024-M06,2024,6704.0
017,Mol go'shti,Говядина,Beef,Мол гўшти,2024-M06,2024,76509.0
0020,Qo'y go'shti,Баранина,Mutton,Қўй гўшти,2024-M06,2024,79327.0
022,Tovuq go'shti,Мясо птицы,Poultry,Товуқ гўшти,2024-M06,2024,29167.0
026,Turli baliqlar,Рыба всякая,Fish of all kinds,Турли балиқлар,2024-M06,2024,31520.0
027,Yangi sog'ilgan sut (1 litr),Молоко свежее (1 литр),Fresh milk (1 liter),Янги соғилган сут (1 литр),2024-M06,2024,7189.0
034,Tuxum (10 dona),Яйца (10 штук),Eggs (10 pieces ),Тухум (10 дона),2024-M06,2024,9571.0
035,Paxta yog'i (1 litr),Масло хлопковое (1 литр),Cottonseed oil (1 liter),Пахта ёғи (1 литр),2024-M06,2024,13202.0
0036,Kungaboqar yog'i (1 litr),Масло подсолнечное (1 литр),Sunflower oil (1 liter),Кунгабоқар ёғи (1 литр),2024-M06,2024,15189.0
037,Sariyog',Масло сливочное,Butter,Сариёғ,2024-M06,2024,56378.0
039,Limon,Лимоны,Lemons,Лимон,2024-M06,2024,32448.0
0040,Olma,Яблоки,Apples,Олма,2024-M06,2024,12807.0
041,Nok,Груши,Pears,Нок,2024-M06,2024,26597.0
049,Uzum,Виноград,Grape,Узум,2024-M06,2024,34217.0
0050,Tarvuz,Арбуз,Watermelon,Тарвуз,2024-M06,2024,4266.0
0051,Qovun,Дыня,Melon,Қовун,2024-M06,2024,8152.0
053,Mayiz,Кишмиш,Kishmish,Майиз,2024-M06,2024,45553.0
055,Karam,Капуста,Cabbage,Карам,2024-M06,2024,2402.0
057,Bodring,Огурцы,Cucumbers,Бодринг,2024-M06,2024,5179.0
058,Pomidor,Помидоры,Tomatoes,Помидор,2024-M06,2024,9635.0
059,Baqlajon,Баклажаны,Eggplant,Бақлажон,2024-M06,2024,9009.0
0060,Bulg'or qalampiri,Перец болгарский,Bell pepper,Булғор қалампири,2024-M06,2024,12343.0
061,Qovoq,Тыква,Pumpkin,Қовоқ,2024-M06,2024,0.0
063,Sabzi,Морковь,Carrot,Сабзи,2024-M06,2024,2438.0
065,Sarimsoq,Чеснок,Garlic,Саримсоқ,2024-M06,2024,24577.0
066,Piyoz,Лук репчатый,Onion,Пиёз,2024-M06,2024,2178.0
069,Kartoshka,Картофель,Potatoes,Картошка,2024-M06,2024,3810.0
0070,Loviya,Фасоль,Beans,Ловия,2024-M06,2024,22087.0
071,No'xot,Горох,Peas,Нўхот,2024-M06,2024,24037.0
0072,Mosh,Маш,Mash,Мош,2024-M06,2024,15031.0
073,Shakar,Сахар песок,Sugar,Шакар,2024-M06,2024,14593.0
002,Kruppa yormasi,Крупа манная,Semolina,Круппа ёрмаси,2024-M06,2024,3461.0
001,Guruch,Рис,Rice,Гуруч,2024-M07,2024,20388.0
003,Arpa,Ячмень,Barley,Арпа,2024-M07,2024,3382.0
0004,Bug'doy,Пшеница,Wheat,Буғдой,2024-M07,2024,3109.0
005,Jo'hori,Кукуруза,Corn,Жўҳори,2024-M07,2024,3135.0
006,Kepak,Отруби,Bran,Кепак,2024-M07,2024,2690.0
0008,Shrot,Шрот,Schroth,Шрот,2024-M07,2024,4200.0
009,Shulxa,Шелуха,Husk,Шулха,2024-M07,2024,3900.0
010,Kombikorm,Комбикорм,Compound feed,Комбикорм,2024-M07,2024,2865.0
011,Oliy navli bug'doy uni,Мука пшеничная высшего сорта,High-grade wheat flour,Олий навли буғдой уни,2024-M07,2024,8691.0
0012,1-navli bug'doy uni,Мука пшеничная первого сорта,First grade wheat flour,1-навли буғдой уни,2024-M07,2024,5948.0
013,1-nav bug'doy unidan non,Хлеб пшеничный из муки 1-го сорта,Wheat bread from 1st grade flour,1-нав буғдой унидан нон,2024-M07,2024,6721.0
017,Mol go'shti,Говядина,Beef,Мол гўшти,2024-M07,2024,76806.0
0020,Qo'y go'shti,Баранина,Mutton,Қўй гўшти,2024-M07,2024,79552.0
022,Tovuq go'shti,Мясо птицы,Poultry,Товуқ гўшти,2024-M07,2024,28980.0
026,Turli baliqlar,Рыба всякая,Fish of all kinds,Турли балиқлар,2024-M07,2024,31520.0
027,Yangi sog'ilgan sut (1 litr),Молоко свежее (1 литр),Fresh milk (1 liter),Янги соғилган сут (1 литр),2024-M07,2024,7222.0
034,Tuxum (10 dona),Яйца (10 штук),Eggs (10 pieces ),Тухум (10 дона),2024-M07,2024,9354.0
035,Paxta yog'i (1 litr),Масло хлопковое (1 литр),Cottonseed oil (1 liter),Пахта ёғи (1 литр),2024-M07,2024,13220.0
0036,Kungaboqar yog'i (1 litr),Масло подсолнечное (1 литр),Sunflower oil (1 liter),Кунгабоқар ёғи (1 литр),2024-M07,2024,15205.0
037,Sariyog',Масло сливочное,Butter,Сариёғ,2024-M07,2024,56806.0
039,Limon,Лимоны,Lemons,Лимон,2024-M07,2024,32309.0
0040,Olma,Яблоки,Apples,Олма,2024-M07,2024,11639.0
041,Nok,Груши,Pears,Нок,2024-M07,2024,24670.0
049,Uzum,Виноград,Grape,Узум,2024-M07,2024,17375.0
0050,Tarvuz,Арбуз,Watermelon,Тарвуз,2024-M07,2024,2017.0
0051,Qovun,Дыня,Melon,Қовун,2024-M07,2024,3631.0
053,Mayiz,Кишмиш,Kishmish,Майиз,2024-M07,2024,45626.0
055,Karam,Капуста,Cabbage,Карам,2024-M07,2024,2379.0
057,Bodring,Огурцы,Cucumbers,Бодринг,2024-M07,2024,3778.0
058,Pomidor,Помидоры,Tomatoes,Помидор,2024-M07,2024,4932.0
059,Baqlajon,Баклажаны,Eggplant,Бақлажон,2024-M07,2024,5293.0
0060,Bulg'or qalampiri,Перец болгарский,Bell pepper,Булғор қалампири,2024-M07,2024,8100.0
061,Qovoq,Тыква,Pumpkin,Қовоқ,2024-M07,2024,3491.0
063,Sabzi,Морковь,Carrot,Сабзи,2024-M07,2024,2507.0
065,Sarimsoq,Чеснок,Garlic,Саримсоқ,2024-M07,2024,21667.0
066,Piyoz,Лук репчатый,Onion,Пиёз,2024-M07,2024,2169.0
069,Kartoshka,Картофель,Potatoes,Картошка,2024-M07,2024,3748.0
0070,Loviya,Фасоль,Beans,Ловия,2024-M07,2024,22979.0
071,No'xot,Горох,Peas,Нўхот,2024-M07,2024,24396.0
0072,Mosh,Маш,Mash,Мош,2024-M07,2024,15891.0
073,Shakar,Сахар песок,Sugar,Шакар,2024-M07,2024,14587.0
002,Kruppa yormasi,Крупа манная,Semolina,Круппа ёрмаси,2024-M07,2024,0.0
001,Guruch,Рис,Rice,Гуруч,2024-M08,2024,20568.0
003,Arpa,Ячмень,Barley,Арпа,2024-M08,2024,3115.0
0004,Bug'doy,Пшеница,Wheat,Буғдой,2024-M08,2024,2983.0
005,Jo'hori,Кукуруза,Corn,Жўҳори,2024-M08,2024,3158.0
006,Kepak,Отруби,Bran,Кепак,2024-M08,2024,2690.0
0008,Shrot,Шрот,Schroth,Шрот,2024-M08,2024,4200.0
009,Shulxa,Шелуха,Husk,Шулха,2024-M08,2024,3900.0
010,Kombikorm,Комбикорм,Compound feed,Комбикорм,2024-M08,2024,2860.0
011,Oliy navli bug'doy uni,Мука пшеничная высшего сорта,High-grade wheat flour,Олий навли буғдой уни,2024-M08,2024,8690.0
0012,1-navli bug'doy uni,Мука пшеничная первого сорта,First grade wheat flour,1-навли буғдой уни,2024-M08,2024,5995.0
013,1-nav bug'doy unidan non,Хлеб пшеничный из муки 1-го сорта,Wheat bread from 1st grade flour,1-нав буғдой унидан нон,2024-M08,2024,6721.0
017,Mol go'shti,Говядина,Beef,Мол гўшти,2024-M08,2024,83491.0
0020,Qo'y go'shti,Баранина,Mutton,Қўй гўшти,2024-M08,2024,86934.0
022,Tovuq go'shti,Мясо птицы,Poultry,Товуқ гўшти,2024-M08,2024,29529.0
026,Turli baliqlar,Рыба всякая,Fish of all kinds,Турли балиқлар,2024-M08,2024,31520.0
027,Yangi sog'ilgan sut (1 litr),Молоко свежее (1 литр),Fresh milk (1 liter),Янги соғилган сут (1 литр),2024-M08,2024,7315.0
034,Tuxum (10 dona),Яйца (10 штук),Eggs (10 pieces ),Тухум (10 дона),2024-M08,2024,9550.0
035,Paxta yog'i (1 litr),Масло хлопковое (1 литр),Cottonseed oil (1 liter),Пахта ёғи (1 литр),2024-M08,2024,13757.0
0036,Kungaboqar yog'i (1 litr),Масло подсолнечное (1 литр),Sunflower oil (1 liter),Кунгабоқар ёғи (1 литр),2024-M08,2024,15689.0
037,Sariyog',Масло сливочное,Butter,Сариёғ,2024-M08,2024,57073.0
039,Limon,Лимоны,Lemons,Лимон,2024-M08,2024,30969.0
0040,Olma,Яблоки,Apples,Олма,2024-M08,2024,11293.0
041,Nok,Груши,Pears,Нок,2024-M08,2024,21324.0
049,Uzum,Виноград,Grape,Узум,2024-M08,2024,13842.0
0050,Tarvuz,Арбуз,Watermelon,Тарвуз,2024-M08,2024,1254.0
0051,Qovun,Дыня,Melon,Қовун,2024-M08,2024,2451.0
053,Mayiz,Кишмиш,Kishmish,Майиз,2024-M08,2024,45957.0
055,Karam,Капуста,Cabbage,Карам,2024-M08,2024,2509.0
057,Bodring,Огурцы,Cucumbers,Бодринг,2024-M08,2024,3458.0
058,Pomidor,Помидоры,Tomatoes,Помидор,2024-M08,2024,3756.0
059,Baqlajon,Баклажаны,Eggplant,Бақлажон,2024-M08,2024,4014.0
0060,Bulg'or qalampiri,Перец болгарский,Bell pepper,Булғор қалампири,2024-M08,2024,6113.0
061,Qovoq,Тыква,Pumpkin,Қовоқ,2024-M08,2024,3494.0
063,Sabzi,Морковь,Carrot,Сабзи,2024-M08,2024,3001.0
065,Sarimsoq,Чеснок,Garlic,Саримсоқ,2024-M08,2024,21293.0
066,Piyoz,Лук репчатый,Onion,Пиёз,2024-M08,2024,2281.0
069,Kartoshka,Картофель,Potatoes,Картошка,2024-M08,2024,3825.0
0070,Loviya,Фасоль,Beans,Ловия,2024-M08,2024,23773.0
071,No'xot,Горох,Peas,Нўхот,2024-M08,2024,23856.0
0072,Mosh,Маш,Mash,Мош,2024-M08,2024,16678.0
073,Shakar,Сахар песок,Sugar,Шакар,2024-M08,2024,14620.0
002,Kruppa yormasi,Крупа манная,Semolina,Круппа ёрмаси,2024-M08,2024,0.0
001,Guruch,Рис,Rice,Гуруч,2024-M09,2024,20909.0
003,Arpa,Ячмень,Barley,Арпа,2024-M09,2024,3044.0
0004,Bug'doy,Пшеница,Wheat,Буғдой,2024-M09,2024,2859.0
005,Jo'hori,Кукуруза,Corn,Жўҳори,2024-M09,2024,3201.0
006,Kepak,Отруби,Bran,Кепак,2024-M09,2024,2690.0
0008,Shrot,Шрот,Schroth,Шрот,2024-M09,2024,4600.0
009,Shulxa,Шелуха,Husk,Шулха,2024-M09,2024,3900.0
010,Kombikorm,Комбикорм,Compound feed,Комбикорм,2024-M09,2024,2858.0
011,Oliy navli bug'doy uni,Мука пшеничная высшего сорта,High-grade wheat flour,Олий навли буғдой уни,2024-M09,2024,8653.0
0012,1-navli bug'doy uni,Мука пшеничная первого сорта,First grade wheat flour,1-навли буғдой уни,2024-M09,2024,5939.0
013,1-nav bug'doy unidan non,Хлеб пшеничный из муки 1-го сорта,Wheat bread from 1st grade flour,1-нав буғдой унидан нон,2024-M09,2024,6705.0
017,Mol go'shti,Говядина,Beef,Мол гўшти,2024-M09,2024,91989.0
0020,Qo'y go'shti,Баранина,Mutton,Қўй гўшти,2024-M09,2024,95338.0
022,Tovuq go'shti,Мясо птицы,Poultry,Товуқ гўшти,2024-M09,2024,30775.0
026,Turli baliqlar,Рыба всякая,Fish of all kinds,Турли балиқлар,2024-M09,2024,30976.0
027,Yangi sog'ilgan sut (1 litr),Молоко свежее (1 литр),Fresh milk (1 liter),Янги соғилган сут (1 литр),2024-M09,2024,7552.0
034,Tuxum (10 dona),Яйца (10 штук),Eggs (10 pieces ),Тухум (10 дона),2024-M09,2024,9909.0
035,Paxta yog'i (1 litr),Масло хлопковое (1 литр),Cottonseed oil (1 liter),Пахта ёғи (1 литр),2024-M09,2024,14422.0
0036,Kungaboqar yog'i (1 litr),Масло подсолнечное (1 литр),Sunflower oil (1 liter),Кунгабоқар ёғи (1 литр),2024-M09,2024,16129.0
037,Sariyog',Масло сливочное,Butter,Сариёғ,2024-M09,2024,57814.0
039,Limon,Лимоны,Lemons,Лимон,2024-M09,2024,30418.0
0040,Olma,Яблоки,Apples,Олма,2024-M09,2024,11308.0
041,Nok,Груши,Pears,Нок,2024-M09,2024,19729.0
049,Uzum,Виноград,Grape,Узум,2024-M09,2024,13077.0
0050,Tarvuz,Арбуз,Watermelon,Тарвуз,2024-M09,2024,1742.0
0051,Qovun,Дыня,Melon,Қовун,2024-M09,2024,2599.0
053,Mayiz,Кишмиш,Kishmish,Майиз,2024-M09,2024,47530.0
055,Karam,Капуста,Cabbage,Карам,2024-M09,2024,2635.0
057,Bodring,Огурцы,Cucumbers,Бодринг,2024-M09,2024,6074.0
058,Pomidor,Помидоры,Tomatoes,Помидор,2024-M09,2024,4263.0
059,Baqlajon,Баклажаны,Eggplant,Бақлажон,2024-M09,2024,4270.0
0060,Bulg'or qalampiri,Перец болгарский,Bell pepper,Булғор қалампири,2024-M09,2024,6092.0
061,Qovoq,Тыква,Pumpkin,Қовоқ,2024-M09,2024,3322.0
063,Sabzi,Морковь,Carrot,Сабзи,2024-M09,2024,3723.0
065,Sarimsoq,Чеснок,Garlic,Саримсоқ,2024-M09,2024,24185.0
066,Piyoz,Лук репчатый,Onion,Пиёз,2024-M09,2024,2420.0
069,Kartoshka,Картофель,Potatoes,Картошка,2024-M09,2024,4323.0
0070,Loviya,Фасоль,Beans,Ловия,2024-M09,2024,24341.0
071,No'xot,Горох,Peas,Нўхот,2024-M09,2024,23722.0
0072,Mosh,Маш,Mash,Мош,2024-M09,2024,17427.0
073,Shakar,Сахар песок,Sugar,Шакар,2024-M09,2024,14621.0
002,Kruppa yormasi,Крупа манная,Semolina,Круппа ёрмаси,2024-M09,2024,0.0
001,Guruch,Рис,Rice,Гуруч,2024-M10,2024,20848.0
003,Arpa,Ячмень,Barley,Арпа,2024-M10,2024,3074.0
0004,Bug'doy,Пшеница,Wheat,Буғдой,2024-M10,2024,2963.0
005,Jo'hori,Кукуруза,Corn,Жўҳори,2024-M10,2024,3105.0
006,Kepak,Отруби,Bran,Кепак,2024-M10,2024,2686.0
0008,Shrot,Шрот,Schroth,Шрот,2024-M10,2024,4567.0
009,Shulxa,Шелуха,Husk,Шулха,2024-M10,2024,3951.0
010,Kombikorm,Комбикорм,Compound feed,Комбикорм,2024-M10,2024,2838.0
011,Oliy navli bug'doy uni,Мука пшеничная высшего сорта,High-grade wheat flour,Олий навли буғдой уни,2024-M10,2024,8740.0
0012,1-navli bug'doy uni,Мука пшеничная первого сорта,First grade wheat flour,1-навли буғдой уни,2024-M10,2024,5940.0
013,1-nav bug'doy unidan non,Хлеб пшеничный из муки 1-го сорта,Wheat bread from 1st grade flour,1-нав буғдой унидан нон,2024-M10,2024,6690.0
017,Mol go'shti,Говядина,Beef,Мол гўшти,2024-M10,2024,94963.0
0020,Qo'y go'shti,Баранина,Mutton,Қўй гўшти,2024-M10,2024,98002.0
022,Tovuq go'shti,Мясо птицы,Poultry,Товуқ гўшти,2024-M10,2024,31855.0
026,Turli baliqlar,Рыба всякая,Fish of all kinds,Турли балиқлар,2024-M10,2024,32936.0
027,Yangi sog'ilgan sut (1 litr),Молоко свежее (1 литр),Fresh milk (1 liter),Янги соғилган сут (1 литр),2024-M10,2024,7632.0
034,Tuxum (10 dona),Яйца (10 штук),Eggs (10 pieces ),Тухум (10 дона),2024-M10,2024,9962.0
035,Paxta yog'i (1 litr),Масло хлопковое (1 литр),Cottonseed oil (1 liter),Пахта ёғи (1 литр),2024-M10,2024,14867.0
0036,Kungaboqar yog'i (1 litr),Масло подсолнечное (1 литр),Sunflower oil (1 liter),Кунгабоқар ёғи (1 литр),2024-M10,2024,16673.0
037,Sariyog',Масло сливочное,Butter,Сариёғ,2024-M10,2024,58542.0
039,Limon,Лимоны,Lemons,Лимон,2024-M10,2024,28772.0
0040,Olma,Яблоки,Apples,Олма,2024-M10,2024,9916.0
041,Nok,Груши,Pears,Нок,2024-M10,2024,18783.0
049,Uzum,Виноград,Grape,Узум,2024-M10,2024,12396.0
0050,Tarvuz,Арбуз,Watermelon,Тарвуз,2024-M10,2024,2224.0
0051,Qovun,Дыня,Melon,Қовун,2024-M10,2024,2932.0
053,Mayiz,Кишмиш,Kishmish,Майиз,2024-M10,2024,49034.0
055,Karam,Капуста,Cabbage,Карам,2024-M10,2024,2744.0
057,Bodring,Огурцы,Cucumbers,Бодринг,2024-M10,2024,8677.0
058,Pomidor,Помидоры,Tomatoes,Помидор,2024-M10,2024,6062.0
059,Baqlajon,Баклажаны,Eggplant,Бақлажон,2024-M10,2024,4750.0
0060,Bulg'or qalampiri,Перец болгарский,Bell pepper,Булғор қалампири,2024-M10,2024,6544.0
061,Qovoq,Тыква,Pumpkin,Қовоқ,2024-M10,2024,3164.0
063,Sabzi,Морковь,Carrot,Сабзи,2024-M10,2024,3992.0
065,Sarimsoq,Чеснок,Garlic,Саримсоқ,2024-M10,2024,27526.0
066,Piyoz,Лук репчатый,Onion,Пиёз,2024-M10,2024,2537.0
069,Kartoshka,Картофель,Potatoes,Картошка,2024-M10,2024,4526.0
0070,Loviya,Фасоль,Beans,Ловия,2024-M10,2024,23822.0
071,No'xot,Горох,Peas,Нўхот,2024-M10,2024,23268.0
0072,Mosh,Маш,Mash,Мош,2024-M10,2024,17677.0
073,Shakar,Сахар песок,Sugar,Шакар,2024-M10,2024,14690.0
002,Kruppa yormasi,Крупа манная,Semolina,Круппа ёрмаси,2024-M10,2024,0.0
001,Guruch,Рис,Rice,Гуруч,2024-M11,2024,20128.0
003,Arpa,Ячмень,Barley,Арпа,2024-M11,2024,2959.0
0004,Bug'doy,Пшеница,Wheat,Буғдой,2024-M11,2024,3012.0
005,Jo'hori,Кукуруза,Corn,Жўҳори,2024-M11,2024,2984.0
006,Kepak,Отруби,Bran,Кепак,2024-M11,2024,2641.0
0008,Shrot,Шрот,Schroth,Шрот,2024-M11,2024,4054.0
009,Shulxa,Шелуха,Husk,Шулха,2024-M11,2024,3837.0
010,Kombikorm,Комбикорм,Compound feed,Комбикорм,2024-M11,2024,2814.0
011,Oliy navli bug'doy uni,Мука пшеничная высшего сорта,High-grade wheat flour,Олий навли буғдой уни,2024-M11,2024,8796.0
0012,1-navli bug'doy uni,Мука пшеничная первого сорта,First grade wheat flour,1-навли буғдой уни,2024-M11,2024,5911.0
013,1-nav bug'doy unidan non,Хлеб пшеничный из муки 1-го сорта,Wheat bread from 1st grade flour,1-нав буғдой унидан нон,2024-M11,2024,6692.0
017,Mol go'shti,Говядина,Beef,Мол гўшти,2024-M11,2024,92569.0
0020,Qo'y go'shti,Баранина,Mutton,Қўй гўшти,2024-M11,2024,94303.0
022,Tovuq go'shti,Мясо птицы,Poultry,Товуқ гўшти,2024-M11,2024,32247.0
026,Turli baliqlar,Рыба всякая,Fish of all kinds,Турли балиқлар,2024-M11,2024,35769.0
027,Yangi sog'ilgan sut (1 litr),Молоко свежее (1 литр),Fresh milk (1 liter),Янги соғилган сут (1 литр),2024-M11,2024,7838.0
034,Tuxum (10 dona),Яйца (10 штук),Eggs (10 pieces ),Тухум (10 дона),2024-M11,2024,10303.0
035,Paxta yog'i (1 litr),Масло хлопковое (1 литр),Cottonseed oil (1 liter),Пахта ёғи (1 литр),2024-M11,2024,15863.0
0036,Kungaboqar yog'i (1 litr),Масло подсолнечное (1 литр),Sunflower oil (1 liter),Кунгабоқар ёғи (1 литр),2024-M11,2024,17864.0
037,Sariyog',Масло сливочное,Butter,Сариёғ,2024-M11,2024,59538.0
039,Limon,Лимоны,Lemons,Лимон,2024-M11,2024,27028.0
0040,Olma,Яблоки,Apples,Олма,2024-M11,2024,9807.0
041,Nok,Груши,Pears,Нок,2024-M11,2024,18750.0
049,Uzum,Виноград,Grape,Узум,2024-M11,2024,14246.0
0050,Tarvuz,Арбуз,Watermelon,Тарвуз,2024-M11,2024,2594.0
0051,Qovun,Дыня,Melon,Қовун,2024-M11,2024,3128.0
053,Mayiz,Кишмиш,Kishmish,Майиз,2024-M11,2024,49548.0
055,Karam,Капуста,Cabbage,Карам,2024-M11,2024,2734.0
057,Bodring,Огурцы,Cucumbers,Бодринг,2024-M11,2024,14437.0
058,Pomidor,Помидоры,Tomatoes,Помидор,2024-M11,2024,14237.0
059,Baqlajon,Баклажаны,Eggplant,Бақлажон,2024-M11,2024,5645.0
0060,Bulg'or qalampiri,Перец болгарский,Bell pepper,Булғор қалампири,2024-M11,2024,10147.0
061,Qovoq,Тыква,Pumpkin,Қовоқ,2024-M11,2024,2939.0
063,Sabzi,Морковь,Carrot,Сабзи,2024-M11,2024,3652.0
065,Sarimsoq,Чеснок,Garlic,Саримсоқ,2024-M11,2024,28699.0
066,Piyoz,Лук репчатый,Onion,Пиёз,2024-M11,2024,2570.0
069,Kartoshka,Картофель,Potatoes,Картошка,2024-M11,2024,4943.0
0070,Loviya,Фасоль,Beans,Ловия,2024-M11,2024,22131.0
071,No'xot,Горох,Peas,Нўхот,2024-M11,2024,21723.0
0072,Mosh,Маш,Mash,Мош,2024-M11,2024,16778.0
073,Shakar,Сахар песок,Sugar,Шакар,2024-M11,2024,14422.0
002,Kruppa yormasi,Крупа манная,Semolina,Круппа ёрмаси,2024-M11,2024,0.0
001,Guruch,Рис,Rice,Гуруч,2024-M12,2024,19425.0
003,Arpa,Ячмень,Barley,Арпа,2024-M12,2024,2957.0
0004,Bug'doy,Пшеница,Wheat,Буғдой,2024-M12,2024,3013.0
005,Jo'hori,Кукуруза,Corn,Жўҳори,2024-M12,2024,3010.0
006,Kepak,Отруби,Bran,Кепак,2024-M12,2024,2637.0
0008,Shrot,Шрот,Schroth,Шрот,2024-M12,2024,4047.0
009,Shulxa,Шелуха,Husk,Шулха,2024-M12,2024,3836.0
010,Kombikorm,Комбикорм,Compound feed,Комбикорм,2024-M12,2024,2823.0
011,Oliy navli bug'doy uni,Мука пшеничная высшего сорта,High-grade wheat flour,Олий навли буғдой уни,2024-M12,2024,8846.0
0012,1-navli bug'doy uni,Мука пшеничная первого сорта,First grade wheat flour,1-навли буғдой уни,2024-M12,2024,5888.0
013,1-nav bug'doy unidan non,Хлеб пшеничный из муки 1-го сорта,Wheat bread from 1st grade flour,1-нав буғдой унидан нон,2024-M12,2024,6693.0
017,Mol go'shti,Говядина,Beef,Мол гўшти,2024-M12,2024,91556.0
0020,Qo'y go'shti,Баранина,Mutton,Қўй гўшти,2024-M12,2024,93801.0
022,Tovuq go'shti,Мясо птицы,Poultry,Товуқ гўшти,2024-M12,2024,31129.0
026,Turli baliqlar,Рыба всякая,Fish of all kinds,Турли балиқлар,2024-M12,2024,34828.0
027,Yangi sog'ilgan sut (1 litr),Молоко свежее (1 литр),Fresh milk (1 liter),Янги соғилган сут (1 литр),2024-M12,2024,7999.0
034,Tuxum (10 dona),Яйца (10 штук),Eggs (10 pieces ),Тухум (10 дона),2024-M12,2024,12576.0
035,Paxta yog'i (1 litr),Масло хлопковое (1 литр),Cottonseed oil (1 liter),Пахта ёғи (1 литр),2024-M12,2024,16282.0
0036,Kungaboqar yog'i (1 litr),Масло подсолнечное (1 литр),Sunflower oil (1 liter),Кунгабоқар ёғи (1 литр),2024-M12,2024,18457.0
037,Sariyog',Масло сливочное,Butter,Сариёғ,2024-M12,2024,60497.0
039,Limon,Лимоны,Lemons,Лимон,2024-M12,2024,26547.0
0040,Olma,Яблоки,Apples,Олма,2024-M12,2024,10275.0
041,Nok,Груши,Pears,Нок,2024-M12,2024,19736.0
049,Uzum,Виноград,Grape,Узум,2024-M12,2024,18422.0
0050,Tarvuz,Арбуз,Watermelon,Тарвуз,2024-M12,2024,3011.0
0051,Qovun,Дыня,Melon,Қовун,2024-M12,2024,3341.0
053,Mayiz,Кишмиш,Kishmish,Майиз,2024-M12,2024,49937.0
055,Karam,Капуста,Cabbage,Карам,2024-M12,2024,2781.0
057,Bodring,Огурцы,Cucumbers,Бодринг,2024-M12,2024,21460.0
058,Pomidor,Помидоры,Tomatoes,Помидор,2024-M12,2024,19683.0
059,Baqlajon,Баклажаны,Eggplant,Бақлажон,2024-M12,2024,11944.0
0060,Bulg'or qalampiri,Перец болгарский,Bell pepper,Булғор қалампири,2024-M12,2024,20535.0
061,Qovoq,Тыква,Pumpkin,Қовоқ,2024-M12,2024,2973.0
063,Sabzi,Морковь,Carrot,Сабзи,2024-M12,2024,3587.0
065,Sarimsoq,Чеснок,Garlic,Саримсоқ,2024-M12,2024,29161.0
066,Piyoz,Лук репчатый,Onion,Пиёз,2024-M12,2024,2632.0
069,Kartoshka,Картофель,Potatoes,Картошка,2024-M12,2024,5404.0
0070,Loviya,Фасоль,Beans,Ловия,2024-M12,2024,21568.0
071,No'xot,Горох,Peas,Нўхот,2024-M12,2024,21414.0
0072,Mosh,Маш,Mash,Мош,2024-M12,2024,16555.0
073,Shakar,Сахар песок,Sugar,Шакар,2024-M12,2024,13798.0
002,Kruppa yormasi,Крупа манная,Semolina,Круппа ёрмаси,2024-M12,2024,0.0
001,Guruch,Рис,Rice,Гуруч,2025-M01,2025,19081.0
003,Arpa,Ячмень,Barley,Арпа,2025-M01,2025,3032.0
0004,Bug'doy,Пшеница,Wheat,Буғдой,2025-M01,2025,3066.0
005,Jo'hori,Кукуруза,Corn,Жўҳори,2025-M01,2025,3104.0
006,Kepak,Отруби,Bran,Кепак,2025-M01,2025,2685.0
0008,Shrot,Шрот,Schroth,Шрот,2025-M01,2025,4023.0
009,Shulxa,Шелуха,Husk,Шулха,2025-M01,2025,3809.0
010,Kombikorm,Комбикорм,Compound feed,Комбикорм,2025-M01,2025,2837.0
011,Oliy navli bug'doy uni,Мука пшеничная высшего сорта,High-grade wheat flour,Олий навли буғдой уни,2025-M01,2025,8839.0
0012,1-navli bug'doy uni,Мука пшеничная первого сорта,First grade wheat flour,1-навли буғдой уни,2025-M01,2025,5874.0
013,1-nav bug'doy unidan non,Хлеб пшеничный из муки 1-го сорта,Wheat bread from 1st grade flour,1-нав буғдой унидан нон,2025-M01,2025,6638.0
017,Mol go'shti,Говядина,Beef,Мол гўшти,2025-M01,2025,91298.0
0020,Qo'y go'shti,Баранина,Mutton,Қўй гўшти,2025-M01,2025,93347.0
022,Tovuq go'shti,Мясо птицы,Poultry,Товуқ гўшти,2025-M01,2025,30657.0
026,Turli baliqlar,Рыба всякая,Fish of all kinds,Турли балиқлар,2025-M01,2025,34368.0
027,Yangi sog'ilgan sut (1 litr),Молоко свежее (1 литр),Fresh milk (1 liter),Янги соғилган сут (1 литр),2025-M01,2025,8205.0
034,Tuxum (10 dona),Яйца (10 штук),Eggs (10 pieces ),Тухум (10 дона),2025-M01,2025,11062.0
035,Paxta yog'i (1 litr),Масло хлопковое (1 литр),Cottonseed oil (1 liter),Пахта ёғи (1 литр),2025-M01,2025,16353.0
0036,Kungaboqar yog'i (1 litr),Масло подсолнечное (1 литр),Sunflower oil (1 liter),Кунгабоқар ёғи (1 литр),2025-M01,2025,18623.0
037,Sariyog',Масло сливочное,Butter,Сариёғ,2025-M01,2025,61104.0
039,Limon,Лимоны,Lemons,Лимон,2025-M01,2025,25947.0
0040,Olma,Яблоки,Apples,Олма,2025-M01,2025,10632.0
041,Nok,Груши,Pears,Нок,2025-M01,2025,20363.0
049,Uzum,Виноград,Grape,Узум,2025-M01,2025,21738.0
0050,Tarvuz,Арбуз,Watermelon,Тарвуз,2025-M01,2025,3470.0
0051,Qovun,Дыня,Melon,Қовун,2025-M01,2025,3731.0
053,Mayiz,Кишмиш,Kishmish,Майиз,2025-M01,2025,49842.0
055,Karam,Капуста,Cabbage,Карам,2025-M01,2025,3148.0
057,Bodring,Огурцы,Cucumbers,Бодринг,2025-M01,2025,23619.0
058,Pomidor,Помидоры,Tomatoes,Помидор,2025-M01,2025,21749.0
059,Baqlajon,Баклажаны,Eggplant,Бақлажон,2025-M01,2025,22167.0
0060,Bulg'or qalampiri,Перец болгарский,Bell pepper,Булғор қалампири,2025-M01,2025,31241.0
061,Qovoq,Тыква,Pumpkin,Қовоқ,2025-M01,2025,3064.0
063,Sabzi,Морковь,Carrot,Сабзи,2025-M01,2025,3535.0
065,Sarimsoq,Чеснок,Garlic,Саримсоқ,2025-M01,2025,30393.0
066,Piyoz,Лук репчатый,Onion,Пиёз,2025-M01,2025,2823.0
069,Kartoshka,Картофель,Potatoes,Картошка,2025-M01,2025,6464.0
0070,Loviya,Фасоль,Beans,Ловия,2025-M01,2025,21482.0
071,No'xot,Горох,Peas,Нўхот,2025-M01,2025,21422.0
0072,Mosh,Маш,Mash,Мош,2025-M01,2025,16476.0
073,Shakar,Сахар песок,Sugar,Шакар,2025-M01,2025,13523.0
002,Kruppa yormasi,Крупа манная,Semolina,Круппа ёрмаси,2025-M01,2025,0.0
001,Guruch,Рис,Rice,Гуруч,2025-M02,2025,18920.0
003,Arpa,Ячмень,Barley,Арпа,2025-M02,2025,3151.0
0004,Bug'doy,Пшеница,Wheat,Буғдой,2025-M02,2025,3138.0
005,Jo'hori,Кукуруза,Corn,Жўҳори,2025-M02,2025,3211.0
006,Kepak,Отруби,Bran,Кепак,2025-M02,2025,2704.0
0008,Shrot,Шрот,Schroth,Шрот,2025-M02,2025,4034.0
009,Shulxa,Шелуха,Husk,Шулха,2025-M02,2025,3801.0
010,Kombikorm,Комбикорм,Compound feed,Комбикорм,2025-M02,2025,2859.0
011,Oliy navli bug'doy uni,Мука пшеничная высшего сорта,High-grade wheat flour,Олий навли буғдой уни,2025-M02,2025,9058.0
0012,1-navli bug'doy uni,Мука пшеничная первого сорта,First grade wheat flour,1-навли буғдой уни,2025-M02,2025,5879.0
013,1-nav bug'doy unidan non,Хлеб пшеничный из муки 1-го сорта,Wheat bread from 1st grade flour,1-нав буғдой унидан нон,2025-M02,2025,6722.0
017,Mol go'shti,Говядина,Beef,Мол гўшти,2025-M02,2025,95759.0
0020,Qo'y go'shti,Баранина,Mutton,Қўй гўшти,2025-M02,2025,97794.0
022,Tovuq go'shti,Мясо птицы,Poultry,Товуқ гўшти,2025-M02,2025,30978.0
026,Turli baliqlar,Рыба всякая,Fish of all kinds,Турли балиқлар,2025-M02,2025,35220.0
027,Yangi sog'ilgan sut (1 litr),Молоко свежее (1 литр),Fresh milk (1 liter),Янги соғилган сут (1 литр),2025-M02,2025,8169.0
034,Tuxum (10 dona),Яйца (10 штук),Eggs (10 pieces ),Тухум (10 дона),2025-M02,2025,9776.0
035,Paxta yog'i (1 litr),Масло хлопковое (1 литр),Cottonseed oil (1 liter),Пахта ёғи (1 литр),2025-M02,2025,16721.0
0036,Kungaboqar yog'i (1 litr),Масло подсолнечное (1 литр),Sunflower oil (1 liter),Кунгабоқар ёғи (1 литр),2025-M02,2025,18985.0
037,Sariyog',Масло сливочное,Butter,Сариёғ,2025-M02,2025,62085.0
039,Limon,Лимоны,Lemons,Лимон,2025-M02,2025,26019.0
0040,Olma,Яблоки,Apples,Олма,2025-M02,2025,10660.0
041,Nok,Груши,Pears,Нок,2025-M02,2025,22026.0
049,Uzum,Виноград,Grape,Узум,2025-M02,2025,23662.0
0050,Tarvuz,Арбуз,Watermelon,Тарвуз,2025-M02,2025,3750.0
0051,Qovun,Дыня,Melon,Қовун,2025-M02,2025,4000.0
053,Mayiz,Кишмиш,Kishmish,Майиз,2025-M02,2025,49636.0
055,Karam,Капуста,Cabbage,Карам,2025-M02,2025,4814.0
057,Bodring,Огурцы,Cucumbers,Бодринг,2025-M02,2025,24812.0
058,Pomidor,Помидоры,Tomatoes,Помидор,2025-M02,2025,23230.0
059,Baqlajon,Баклажаны,Eggplant,Бақлажон,2025-M02,2025,31083.0
0060,Bulg'or qalampiri,Перец болгарский,Bell pepper,Булғор қалампири,2025-M02,2025,39084.0
061,Qovoq,Тыква,Pumpkin,Қовоқ,2025-M02,2025,3626.0
063,Sabzi,Морковь,Carrot,Сабзи,2025-M02,2025,3659.0
065,Sarimsoq,Чеснок,Garlic,Саримсоқ,2025-M02,2025,32163.0
066,Piyoz,Лук репчатый,Onion,Пиёз,2025-M02,2025,2996.0
069,Kartoshka,Картофель,Potatoes,Картошка,2025-M02,2025,6906.0
0070,Loviya,Фасоль,Beans,Ловия,2025-M02,2025,21999.0
071,No'xot,Горох,Peas,Нўхот,2025-M02,2025,21908.0
0072,Mosh,Маш,Mash,Мош,2025-M02,2025,16955.0
073,Shakar,Сахар песок,Sugar,Шакар,2025-M02,2025,13466.0
002,Kruppa yormasi,Крупа манная,Semolina,Круппа ёрмаси,2025-M02,2025,0.0
001,Guruch,Рис,Rice,Гуруч,2025-M03,2025,18846.0
003,Arpa,Ячмень,Barley,Арпа,2025-M03,2025,3255.0
0004,Bug'doy,Пшеница,Wheat,Буғдой,2025-M03,2025,3231.0
005,Jo'hori,Кукуруза,Corn,Жўҳори,2025-M03,2025,3399.0
006,Kepak,Отруби,Bran,Кепак,2025-M03,2025,2761.0
0008,Shrot,Шрот,Schroth,Шрот,2025-M03,2025,4034.0
009,Shulxa,Шелуха,Husk,Шулха,2025-M03,2025,3880.0
010,Kombikorm,Комбикорм,Compound feed,Комбикорм,2025-M03,2025,2918.0
011,Oliy navli bug'doy uni,Мука пшеничная высшего сорта,High-grade wheat flour,Олий навли буғдой уни,2025-M03,2025,9118.0
0012,1-navli bug'doy uni,Мука пшеничная первого сорта,First grade wheat flour,1-навли буғдой уни,2025-M03,2025,5881.0
013,1-nav bug'doy unidan non,Хлеб пшеничный из муки 1-го сорта,Wheat bread from 1st grade flour,1-нав буғдой унидан нон,2025-M03,2025,6724.0
017,Mol go'shti,Говядина,Beef,Мол гўшти,2025-M03,2025,105315.0
0020,Qo'y go'shti,Баранина,Mutton,Қўй гўшти,2025-M03,2025,107886.0
022,Tovuq go'shti,Мясо птицы,Poultry,Товуқ гўшти,2025-M03,2025,31809.0
026,Turli baliqlar,Рыба всякая,Fish of all kinds,Турли балиқлар,2025-M03,2025,36008.0
027,Yangi sog'ilgan sut (1 litr),Молоко свежее (1 литр),Fresh milk (1 liter),Янги соғилган сут (1 литр),2025-M03,2025,8246.0
034,Tuxum (10 dona),Яйца (10 штук),Eggs (10 pieces ),Тухум (10 дона),2025-M03,2025,10892.0
035,Paxta yog'i (1 litr),Масло хлопковое (1 литр),Cottonseed oil (1 liter),Пахта ёғи (1 литр),2025-M03,2025,17443.0
0036,Kungaboqar yog'i (1 litr),Масло подсолнечное (1 литр),Sunflower oil (1 liter),Кунгабоқар ёғи (1 литр),2025-M03,2025,19348.0
037,Sariyog',Масло сливочное,Butter,Сариёғ,2025-M03,2025,62334.0
039,Limon,Лимоны,Lemons,Лимон,2025-M03,2025,26892.0
0040,Olma,Яблоки,Apples,Олма,2025-M03,2025,10705.0
041,Nok,Груши,Pears,Нок,2025-M03,2025,23538.0
049,Uzum,Виноград,Grape,Узум,2025-M03,2025,24254.0
0050,Tarvuz,Арбуз,Watermelon,Тарвуз,2025-M03,2025,0.0
0051,Qovun,Дыня,Melon,Қовун,2025-M03,2025,0.0
053,Mayiz,Кишмиш,Kishmish,Майиз,2025-M03,2025,50449.0
055,Karam,Капуста,Cabbage,Карам,2025-M03,2025,5192.0
057,Bodring,Огурцы,Cucumbers,Бодринг,2025-M03,2025,27406.0
058,Pomidor,Помидоры,Tomatoes,Помидор,2025-M03,2025,32645.0
059,Baqlajon,Баклажаны,Eggplant,Бақлажон,2025-M03,2025,30681.0
0060,Bulg'or qalampiri,Перец болгарский,Bell pepper,Булғор қалампири,2025-M03,2025,45249.0
061,Qovoq,Тыква,Pumpkin,Қовоқ,2025-M03,2025,3529.0
063,Sabzi,Морковь,Carrot,Сабзи,2025-M03,2025,5136.0
065,Sarimsoq,Чеснок,Garlic,Саримсоқ,2025-M03,2025,34175.0
066,Piyoz,Лук репчатый,Onion,Пиёз,2025-M03,2025,3107.0
069,Kartoshka,Картофель,Potatoes,Картошка,2025-M03,2025,6186.0
0070,Loviya,Фасоль,Beans,Ловия,2025-M03,2025,23088.0
071,No'xot,Горох,Peas,Нўхот,2025-M03,2025,22353.0
0072,Mosh,Маш,Mash,Мош,2025-M03,2025,18050.0
073,Shakar,Сахар песок,Sugar,Шакар,2025-M03,2025,13591.0
002,Kruppa yormasi,Крупа манная,Semolina,Круппа ёрмаси,2025-M03,2025,0.0
001,Guruch,Рис,Rice,Гуруч,2025-M04,2025,18625.0
003,Arpa,Ячмень,Barley,Арпа,2025-M04,2025,3544.0
0004,Bug'doy,Пшеница,Wheat,Буғдой,2025-M04,2025,3457.0
005,Jo'hori,Кукуруза,Corn,Жўҳори,2025-M04,2025,3884.0
006,Kepak,Отруби,Bran,Кепак,2025-M04,2025,2965.0
0008,Shrot,Шрот,Schroth,Шрот,2025-M04,2025,4140.0
009,Shulxa,Шелуха,Husk,Шулха,2025-M04,2025,4189.0
010,Kombikorm,Комбикорм,Compound feed,Комбикорм,2025-M04,2025,3138.0
011,Oliy navli bug'doy uni,Мука пшеничная высшего сорта,High-grade wheat flour,Олий навли буғдой уни,2025-M04,2025,9117.0
0012,1-navli bug'doy uni,Мука пшеничная первого сорта,First grade wheat flour,1-навли буғдой уни,2025-M04,2025,5899.0
013,1-nav bug'doy unidan non,Хлеб пшеничный из муки 1-го сорта,Wheat bread from 1st grade flour,1-нав буғдой унидан нон,2025-M04,2025,6718.0
017,Mol go'shti,Говядина,Beef,Мол гўшти,2025-M04,2025,112358.0
0020,Qo'y go'shti,Баранина,Mutton,Қўй гўшти,2025-M04,2025,114789.0
022,Tovuq go'shti,Мясо птицы,Poultry,Товуқ гўшти,2025-M04,2025,31944.0
026,Turli baliqlar,Рыба всякая,Fish of all kinds,Турли балиқлар,2025-M04,2025,37182.0
027,Yangi sog'ilgan sut (1 litr),Молоко свежее (1 литр),Fresh milk (1 liter),Янги соғилган сут (1 литр),2025-M04,2025,8276.0
034,Tuxum (10 dona),Яйца (10 штук),Eggs (10 pieces ),Тухум (10 дона),2025-M04,2025,9952.0
035,Paxta yog'i (1 litr),Масло хлопковое (1 литр),Cottonseed oil (1 liter),Пахта ёғи (1 литр),2025-M04,2025,18444.0
0036,Kungaboqar yog'i (1 litr),Масло подсолнечное (1 литр),Sunflower oil (1 liter),Кунгабоқар ёғи (1 литр),2025-M04,2025,20323.0
037,Sariyog',Масло сливочное,Butter,Сариёғ,2025-M04,2025,61377.0
039,Limon,Лимоны,Lemons,Лимон,2025-M04,2025,29947.0
0040,Olma,Яблоки,Apples,Олма,2025-M04,2025,11046.0
041,Nok,Груши,Pears,Нок,2025-M04,2025,23761.0
049,Uzum,Виноград,Grape,Узум,2025-M04,2025,26449.0
0050,Tarvuz,Арбуз,Watermelon,Тарвуз,2025-M04,2025,0.0
0051,Qovun,Дыня,Melon,Қовун,2025-M04,2025,0.0
053,Mayiz,Кишмиш,Kishmish,Майиз,2025-M04,2025,50874.0
055,Karam,Капуста,Cabbage,Карам,2025-M04,2025,6127.0
057,Bodring,Огурцы,Cucumbers,Бодринг,2025-M04,2025,14752.0
058,Pomidor,Помидоры,Tomatoes,Помидор,2025-M04,2025,29894.0
059,Baqlajon,Баклажаны,Eggplant,Бақлажон,2025-M04,2025,29672.0
0060,Bulg'or qalampiri,Перец болгарский,Bell pepper,Булғор қалампири,2025-M04,2025,45372.0
061,Qovoq,Тыква,Pumpkin,Қовоқ,2025-M04,2025,3774.0
063,Sabzi,Морковь,Carrot,Сабзи,2025-M04,2025,5472.0
065,Sarimsoq,Чеснок,Garlic,Саримсоқ,2025-M04,2025,34815.0
066,Piyoz,Лук репчатый,Onion,Пиёз,2025-M04,2025,4066.0
069,Kartoshka,Картофель,Potatoes,Картошка,2025-M04,2025,6516.0
0070,Loviya,Фасоль,Beans,Ловия,2025-M04,2025,24791.0
071,No'xot,Горох,Peas,Нўхот,2025-M04,2025,22945.0
0072,Mosh,Маш,Mash,Мош,2025-M04,2025,18570.0
073,Shakar,Сахар песок,Sugar,Шакар,2025-M04,2025,13765.0
002,Kruppa yormasi,Крупа манная,Semolina,Круппа ёрмаси,2025-M04,2025,0.0
001,Guruch,Рис,Rice,Гуруч,2025-M05,2025,18398.0
003,Arpa,Ячмень,Barley,Арпа,2025-M05,2025,3643.0
0004,Bug'doy,Пшеница,Wheat,Буғдой,2025-M05,2025,3535.0
005,Jo'hori,Кукуруза,Corn,Жўҳори,2025-M05,2025,4086.0
006,Kepak,Отруби,Bran,Кепак,2025-M05,2025,3059.0
0008,Shrot,Шрот,Schroth,Шрот,2025-M05,2025,4184.0
009,Shulxa,Шелуха,Husk,Шулха,2025-M05,2025,4231.0
010,Kombikorm,Комбикорм,Compound feed,Комбикорм,2025-M05,2025,3202.0
011,Oliy navli bug'doy uni,Мука пшеничная высшего сорта,High-grade wheat flour,Олий навли буғдой уни,2025-M05,2025,9115.0
0012,1-navli bug'doy uni,Мука пшеничная первого сорта,First grade wheat flour,1-навли буғдой уни,2025-M05,2025,5899.0
013,1-nav bug'doy unidan non,Хлеб пшеничный из муки 1-го сорта,Wheat bread from 1st grade flour,1-нав буғдой унидан нон,2025-M05,2025,6737.0
017,Mol go'shti,Говядина,Beef,Мол гўшти,2025-M05,2025,114116.0
0020,Qo'y go'shti,Баранина,Mutton,Қўй гўшти,2025-M05,2025,117174.0
022,Tovuq go'shti,Мясо птицы,Poultry,Товуқ гўшти,2025-M05,2025,31687.0
026,Turli baliqlar,Рыба всякая,Fish of all kinds,Турли балиқлар,2025-M05,2025,38405.0
027,Yangi sog'ilgan sut (1 litr),Молоко свежее (1 литр),Fresh milk (1 liter),Янги соғилган сут (1 литр),2025-M05,2025,8147.0
034,Tuxum (10 dona),Яйца (10 штук),Eggs (10 pieces ),Тухум (10 дона),2025-M05,2025,9436.0
035,Paxta yog'i (1 litr),Масло хлопковое (1 литр),Cottonseed oil (1 liter),Пахта ёғи (1 литр),2025-M05,2025,18703.0
0036,Kungaboqar yog'i (1 litr),Масло подсолнечное (1 литр),Sunflower oil (1 liter),Кунгабоқар ёғи (1 литр),2025-M05,2025,20481.0
037,Sariyog',Масло сливочное,Butter,Сариёғ,2025-M05,2025,61096.0
039,Limon,Лимоны,Lemons,Лимон,2025-M05,2025,34155.0
0040,Olma,Яблоки,Apples,Олма,2025-M05,2025,11332.0
041,Nok,Груши,Pears,Нок,2025-M05,2025,24629.0
049,Uzum,Виноград,Grape,Узум,2025-M05,2025,27583.0
0050,Tarvuz,Арбуз,Watermelon,Тарвуз,2025-M05,2025,7874.0
0051,Qovun,Дыня,Melon,Қовун,2025-M05,2025,7964.0
053,Mayiz,Кишмиш,Kishmish,Майиз,2025-M05,2025,51035.0
055,Karam,Капуста,Cabbage,Карам,2025-M05,2025,5289.0
057,Bodring,Огурцы,Cucumbers,Бодринг,2025-M05,2025,4778.0
058,Pomidor,Помидоры,Tomatoes,Помидор,2025-M05,2025,18220.0
059,Baqlajon,Баклажаны,Eggplant,Бақлажон,2025-M05,2025,19268.0
0060,Bulg'or qalampiri,Перец болгарский,Bell pepper,Булғор қалампири,2025-M05,2025,21652.0
061,Qovoq,Тыква,Pumpkin,Қовоқ,2025-M05,2025,0.0
063,Sabzi,Морковь,Carrot,Сабзи,2025-M05,2025,5388.0
065,Sarimsoq,Чеснок,Garlic,Саримсоқ,2025-M05,2025,33784.0
066,Piyoz,Лук репчатый,Onion,Пиёз,2025-M05,2025,4209.0
069,Kartoshka,Картофель,Potatoes,Картошка,2025-M05,2025,6221.0
0070,Loviya,Фасоль,Beans,Ловия,2025-M05,2025,25405.0
071,No'xot,Горох,Peas,Нўхот,2025-M05,2025,23268.0
0072,Mosh,Маш,Mash,Мош,2025-M05,2025,18940.0
073,Shakar,Сахар песок,Sugar,Шакар,2025-M05,2025,13811.0
002,Kruppa yormasi,Крупа манная,Semolina,Круппа ёрмаси,2025-M05,2025,0.0
001,Guruch,Рис,Rice,Гуруч,2025-M06,2025,18184.0
003,Arpa,Ячмень,Barley,Арпа,2025-M06,2025,3558.0
0004,Bug'doy,Пшеница,Wheat,Буғдой,2025-M06,2025,3470.0
005,Jo'hori,Кукуруза,Corn,Жўҳори,2025-M06,2025,4160.0
006,Kepak,Отруби,Bran,Кепак,2025-M06,2025,3024.0
0008,Shrot,Шрот,Schroth,Шрот,2025-M06,2025,4174.0
009,Shulxa,Шелуха,Husk,Шулха,2025-M06,2025,4239.0
010,Kombikorm,Комбикорм,Compound feed,Комбикорм,2025-M06,2025,3225.0
011,Oliy navli bug'doy uni,Мука пшеничная высшего сорта,High-grade wheat flour,Олий навли буғдой уни,2025-M06,2025,9114.0
0012,1-navli bug'doy uni,Мука пшеничная первого сорта,First grade wheat flour,1-навли буғдой уни,2025-M06,2025,5867.0
013,1-nav bug'doy unidan non,Хлеб пшеничный из муки 1-го сорта,Wheat bread from 1st grade flour,1-нав буғдой унидан нон,2025-M06,2025,6777.0
017,Mol go'shti,Говядина,Beef,Мол гўшти,2025-M06,2025,114121.0
0020,Qo'y go'shti,Баранина,Mutton,Қўй гўшти,2025-M06,2025,117866.0
022,Tovuq go'shti,Мясо птицы,Poultry,Товуқ гўшти,2025-M06,2025,31478.0
026,Turli baliqlar,Рыба всякая,Fish of all kinds,Турли балиқлар,2025-M06,2025,38405.0
027,Yangi sog'ilgan sut (1 litr),Молоко свежее (1 литр),Fresh milk (1 liter),Янги соғилган сут (1 литр),2025-M06,2025,8113.0
034,Tuxum (10 dona),Яйца (10 штук),Eggs (10 pieces ),Тухум (10 дона),2025-M06,2025,10065.0
035,Paxta yog'i (1 litr),Масло хлопковое (1 литр),Cottonseed oil (1 liter),Пахта ёғи (1 литр),2025-M06,2025,18863.0
0036,Kungaboqar yog'i (1 litr),Масло подсолнечное (1 литр),Sunflower oil (1 liter),Кунгабоқар ёғи (1 литр),2025-M06,2025,20553.0
037,Sariyog',Масло сливочное,Butter,Сариёғ,2025-M06,2025,61306.0
039,Limon,Лимоны,Lemons,Лимон,2025-M06,2025,50367.0
0040,Olma,Яблоки,Apples,Олма,2025-M06,2025,11602.0
041,Nok,Груши,Pears,Нок,2025-M06,2025,25390.0
049,Uzum,Виноград,Grape,Узум,2025-M06,2025,21067.0
0050,Tarvuz,Арбуз,Watermelon,Тарвуз,2025-M06,2025,2775.0
0051,Qovun,Дыня,Melon,Қовун,2025-M06,2025,4492.0
053,Mayiz,Кишмиш,Kishmish,Майиз,2025-M06,2025,51108.0
055,Karam,Капуста,Cabbage,Карам,2025-M06,2025,4401.0
057,Bodring,Огурцы,Cucumbers,Бодринг,2025-M06,2025,3720.0
058,Pomidor,Помидоры,Tomatoes,Помидор,2025-M06,2025,11306.0
059,Baqlajon,Баклажаны,Eggplant,Бақлажон,2025-M06,2025,8831.0
0060,Bulg'or qalampiri,Перец болгарский,Bell pepper,Булғор қалампири,2025-M06,2025,13001.0
061,Qovoq,Тыква,Pumpkin,Қовоқ,2025-M06,2025,0.0
063,Sabzi,Морковь,Carrot,Сабзи,2025-M06,2025,6868.0
065,Sarimsoq,Чеснок,Garlic,Саримсоқ,2025-M06,2025,30653.0
066,Piyoz,Лук репчатый,Onion,Пиёз,2025-M06,2025,3868.0
069,Kartoshka,Картофель,Potatoes,Картошка,2025-M06,2025,5953.0
0070,Loviya,Фасоль,Beans,Ловия,2025-M06,2025,25410.0
071,No'xot,Горох,Peas,Нўхот,2025-M06,2025,23386.0
0072,Mosh,Маш,Mash,Мош,2025-M06,2025,19418.0
073,Shakar,Сахар песок,Sugar,Шакар,2025-M06,2025,13989.0
002,Kruppa yormasi,Крупа манная,Semolina,Круппа ёрмаси,2025-M06,2025,0.0
001,Guruch,Рис,Rice,Гуруч,2025-M07,2025,18039.0
003,Arpa,Ячмень,Barley,Арпа,2025-M07,2025,3409.0
0004,Bug'doy,Пшеница,Wheat,Буғдой,2025-M07,2025,3289.0
005,Jo'hori,Кукуруза,Corn,Жўҳори,2025-M07,2025,4192.0
006,Kepak,Отруби,Bran,Кепак,2025-M07,2025,2840.0
0008,Shrot,Шрот,Schroth,Шрот,2025-M07,2025,4206.0
009,Shulxa,Шелуха,Husk,Шулха,2025-M07,2025,4299.0
010,Kombikorm,Комбикорм,Compound feed,Комбикорм,2025-M07,2025,3216.0
011,Oliy navli bug'doy uni,Мука пшеничная высшего сорта,High-grade wheat flour,Олий навли буғдой уни,2025-M07,2025,9132.0
0012,1-navli bug'doy uni,Мука пшеничная первого сорта,First grade wheat flour,1-навли буғдой уни,2025-M07,2025,5865.0
013,1-nav bug'doy unidan non,Хлеб пшеничный из муки 1-го сорта,Wheat bread from 1st grade flour,1-нав буғдой унидан нон,2025-M07,2025,6822.0
017,Mol go'shti,Говядина,Beef,Мол гўшти,2025-M07,2025,115301.0
0020,Qo'y go'shti,Баранина,Mutton,Қўй гўшти,2025-M07,2025,119386.0
022,Tovuq go'shti,Мясо птицы,Poultry,Товуқ гўшти,2025-M07,2025,31615.0
026,Turli baliqlar,Рыба всякая,Fish of all kinds,Турли балиқлар,2025-M07,2025,38488.0
027,Yangi sog'ilgan sut (1 litr),Молоко свежее (1 литр),Fresh milk (1 liter),Янги соғилган сут (1 литр),2025-M07,2025,8129.0
034,Tuxum (10 dona),Яйца (10 штук),Eggs (10 pieces ),Тухум (10 дона),2025-M07,2025,9936.0
035,Paxta yog'i (1 litr),Масло хлопковое (1 литр),Cottonseed oil (1 liter),Пахта ёғи (1 литр),2025-M07,2025,19207.0
0036,Kungaboqar yog'i (1 litr),Масло подсолнечное (1 литр),Sunflower oil (1 liter),Кунгабоқар ёғи (1 литр),2025-M07,2025,20747.0
037,Sariyog',Масло сливочное,Butter,Сариёғ,2025-M07,2025,62480.0
039,Limon,Лимоны,Lemons,Лимон,2025-M07,2025,72759.0
0040,Olma,Яблоки,Apples,Олма,2025-M07,2025,11265.0
041,Nok,Груши,Pears,Нок,2025-M07,2025,24419.0
049,Uzum,Виноград,Grape,Узум,2025-M07,2025,15281.0
0050,Tarvuz,Арбуз,Watermelon,Тарвуз,2025-M07,2025,2016.0
0051,Qovun,Дыня,Melon,Қовун,2025-M07,2025,3367.0
053,Mayiz,Кишмиш,Kishmish,Майиз,2025-M07,2025,54790.0
055,Karam,Капуста,Cabbage,Карам,2025-M07,2025,4919.0
057,Bodring,Огурцы,Cucumbers,Бодринг,2025-M07,2025,8496.0
058,Pomidor,Помидоры,Tomatoes,Помидор,2025-M07,2025,4945.0
059,Baqlajon,Баклажаны,Eggplant,Бақлажон,2025-M07,2025,4911.0
0060,Bulg'or qalampiri,Перец болгарский,Bell pepper,Булғор қалампири,2025-M07,2025,8792.0
061,Qovoq,Тыква,Pumpkin,Қовоқ,2025-M07,2025,5563.0
063,Sabzi,Морковь,Carrot,Сабзи,2025-M07,2025,6014.0
065,Sarimsoq,Чеснок,Garlic,Саримсоқ,2025-M07,2025,28432.0
066,Piyoz,Лук репчатый,Onion,Пиёз,2025-M07,2025,3851.0
069,Kartoshka,Картофель,Potatoes,Картошка,2025-M07,2025,5705.0
0070,Loviya,Фасоль,Beans,Ловия,2025-M07,2025,25432.0
071,No'xot,Горох,Peas,Нўхот,2025-M07,2025,23275.0
0072,Mosh,Маш,Mash,Мош,2025-M07,2025,19663.0
073,Shakar,Сахар песок,Sugar,Шакар,2025-M07,2025,14113.0
002,Kruppa yormasi,Крупа манная,Semolina,Круппа ёрмаси,2025-M07,2025,0.0
001,Guruch,Рис,Rice,Гуруч,2025-M08,2025,18010.0
003,Arpa,Ячмень,Barley,Арпа,2025-M08,2025,3495.0
0004,Bug'doy,Пшеница,Wheat,Буғдой,2025-M08,2025,3358.0
005,Jo'hori,Кукуруза,Corn,Жўҳори,2025-M08,2025,4366.0
006,Kepak,Отруби,Bran,Кепак,2025-M08,2025,2858.0
0008,Shrot,Шрот,Schroth,Шрот,2025-M08,2025,4274.0
009,Shulxa,Шелуха,Husk,Шулха,2025-M08,2025,4359.0
010,Kombikorm,Комбикорм,Compound feed,Комбикорм,2025-M08,2025,3251.0
011,Oliy navli bug'doy uni,Мука пшеничная высшего сорта,High-grade wheat flour,Олий навли буғдой уни,2025-M08,2025,9226.0
0012,1-navli bug'doy uni,Мука пшеничная первого сорта,First grade wheat flour,1-навли буғдой уни,2025-M08,2025,5855.0
013,1-nav bug'doy unidan non,Хлеб пшеничный из муки 1-го сорта,Wheat bread from 1st grade flour,1-нав буғдой унидан нон,2025-M08,2025,6822.0
017,Mol go'shti,Говядина,Beef,Мол гўшти,2025-M08,2025,116294.0
0020,Qo'y go'shti,Баранина,Mutton,Қўй гўшти,2025-M08,2025,123063.0
022,Tovuq go'shti,Мясо птицы,Poultry,Товуқ гўшти,2025-M08,2025,32924.0
026,Turli baliqlar,Рыба всякая,Fish of all kinds,Турли балиқлар,2025-M08,2025,38555.0
027,Yangi sog'ilgan sut (1 litr),Молоко свежее (1 литр),Fresh milk (1 liter),Янги соғилган сут (1 литр),2025-M08,2025,8086.0
034,Tuxum (10 dona),Яйца (10 штук),Eggs (10 pieces ),Тухум (10 дона),2025-M08,2025,11071.0
035,Paxta yog'i (1 litr),Масло хлопковое (1 литр),Cottonseed oil (1 liter),Пахта ёғи (1 литр),2025-M08,2025,19980.0
0036,Kungaboqar yog'i (1 litr),Масло подсолнечное (1 литр),Sunflower oil (1 liter),Кунгабоқар ёғи (1 литр),2025-M08,2025,21077.0
037,Sariyog',Масло сливочное,Butter,Сариёғ,2025-M08,2025,61741.0
039,Limon,Лимоны,Lemons,Лимон,2025-M08,2025,72315.0
0040,Olma,Яблоки,Apples,Олма,2025-M08,2025,12015.0
041,Nok,Груши,Pears,Нок,2025-M08,2025,24282.0
049,Uzum,Виноград,Grape,Узум,2025-M08,2025,14389.0
0050,Tarvuz,Арбуз,Watermelon,Тарвуз,2025-M08,2025,2358.0
0051,Qovun,Дыня,Melon,Қовун,2025-M08,2025,3380.0
053,Mayiz,Кишмиш,Kishmish,Майиз,2025-M08,2025,54813.0
055,Karam,Капуста,Cabbage,Карам,2025-M08,2025,6121.0
057,Bodring,Огурцы,Cucumbers,Бодринг,2025-M08,2025,9001.0
058,Pomidor,Помидоры,Tomatoes,Помидор,2025-M08,2025,3880.0
059,Baqlajon,Баклажаны,Eggplant,Бақлажон,2025-M08,2025,4359.0
0060,Bulg'or qalampiri,Перец болгарский,Bell pepper,Булғор қалампири,2025-M08,2025,7298.0
061,Qovoq,Тыква,Pumpkin,Қовоқ,2025-M08,2025,4516.0
063,Sabzi,Морковь,Carrot,Сабзи,2025-M08,2025,5354.0
065,Sarimsoq,Чеснок,Garlic,Саримсоқ,2025-M08,2025,27114.0
066,Piyoz,Лук репчатый,Onion,Пиёз,2025-M08,2025,3543.0
069,Kartoshka,Картофель,Potatoes,Картошка,2025-M08,2025,5882.0
0070,Loviya,Фасоль,Beans,Ловия,2025-M08,2025,25070.0
071,No'xot,Горох,Peas,Нўхот,2025-M08,2025,23270.0
0072,Mosh,Маш,Mash,Мош,2025-M08,2025,20284.0
073,Shakar,Сахар песок,Sugar,Шакар,2025-M08,2025,14044.0
002,Kruppa yormasi,Крупа манная,Semolina,Круппа ёрмаси,2025-M08,2025,0.0
001,Guruch,Рис,Rice,Гуруч,2025-M09,2025,18047.0
003,Arpa,Ячмень,Barley,Арпа,2025-M09,2025,3618.0
0004,Bug'doy,Пшеница,Wheat,Буғдой,2025-M09,2025,3372.0
005,Jo'hori,Кукуруза,Corn,Жўҳори,2025-M09,2025,4307.0
006,Kepak,Отруби,Bran,Кепак,2025-M09,2025,2901.0
0008,Shrot,Шрот,Schroth,Шрот,2025-M09,2025,4282.0
009,Shulxa,Шелуха,Husk,Шулха,2025-M09,2025,4359.0
010,Kombikorm,Комбикорм,Compound feed,Комбикорм,2025-M09,2025,3259.0
011,Oliy navli bug'doy uni,Мука пшеничная высшего сорта,High-grade wheat flour,Олий навли буғдой уни,2025-M09,2025,9433.0
0012,1-navli bug'doy uni,Мука пшеничная первого сорта,First grade wheat flour,1-навли буғдой уни,2025-M09,2025,5904.0
013,1-nav bug'doy unidan non,Хлеб пшеничный из муки 1-го сорта,Wheat bread from 1st grade flour,1-нав буғдой унидан нон,2025-M09,2025,6852.0
017,Mol go'shti,Говядина,Beef,Мол гўшти,2025-M09,2025,113576.0
0020,Qo'y go'shti,Баранина,Mutton,Қўй гўшти,2025-M09,2025,124034.0
022,Tovuq go'shti,Мясо птицы,Poultry,Товуқ гўшти,2025-M09,2025,34065.0
026,Turli baliqlar,Рыба всякая,Fish of all kinds,Турли балиқлар,2025-M09,2025,37317.0
027,Yangi sog'ilgan sut (1 litr),Молоко свежее (1 литр),Fresh milk (1 liter),Янги соғилган сут (1 литр),2025-M09,2025,8182.0
034,Tuxum (10 dona),Яйца (10 штук),Eggs (10 pieces ),Тухум (10 дона),2025-M09,2025,12169.0
035,Paxta yog'i (1 litr),Масло хлопковое (1 литр),Cottonseed oil (1 liter),Пахта ёғи (1 литр),2025-M09,2025,20125.0
0036,Kungaboqar yog'i (1 litr),Масло подсолнечное (1 литр),Sunflower oil (1 liter),Кунгабоқар ёғи (1 литр),2025-M09,2025,21152.0
037,Sariyog',Масло сливочное,Butter,Сариёғ,2025-M09,2025,61688.0
039,Limon,Лимоны,Lemons,Лимон,2025-M09,2025,53273.0
0040,Olma,Яблоки,Apples,Олма,2025-M09,2025,12271.0
041,Nok,Груши,Pears,Нок,2025-M09,2025,22784.0
049,Uzum,Виноград,Grape,Узум,2025-M09,2025,14012.0
0050,Tarvuz,Арбуз,Watermelon,Тарвуз,2025-M09,2025,2540.0
0051,Qovun,Дыня,Melon,Қовун,2025-M09,2025,3494.0
053,Mayiz,Кишмиш,Kishmish,Майиз,2025-M09,2025,55273.0
055,Karam,Капуста,Cabbage,Карам,2025-M09,2025,5363.0
057,Bodring,Огурцы,Cucumbers,Бодринг,2025-M09,2025,6692.0
058,Pomidor,Помидоры,Tomatoes,Помидор,2025-M09,2025,4889.0
059,Baqlajon,Баклажаны,Eggplant,Бақлажон,2025-M09,2025,4453.0
0060,Bulg'or qalampiri,Перец болгарский,Bell pepper,Булғор қалампири,2025-M09,2025,7086.0
061,Qovoq,Тыква,Pumpkin,Қовоқ,2025-M09,2025,4163.0
063,Sabzi,Морковь,Carrot,Сабзи,2025-M09,2025,5685.0
065,Sarimsoq,Чеснок,Garlic,Саримсоқ,2025-M09,2025,25750.0
066,Piyoz,Лук репчатый,Onion,Пиёз,2025-M09,2025,3149.0
069,Kartoshka,Картофель,Potatoes,Картошка,2025-M09,2025,5705.0
0070,Loviya,Фасоль,Beans,Ловия,2025-M09,2025,24992.0
071,No'xot,Горох,Peas,Нўхот,2025-M09,2025,23349.0
0072,Mosh,Маш,Mash,Мош,2025-M09,2025,20401.0
073,Shakar,Сахар песок,Sugar,Шакар,2025-M09,2025,14095.0
002,Kruppa yormasi,Крупа манная,Semolina,Круппа ёрмаси,2025-M09,2025,0.0
001,Guruch,Рис,Rice,Гуруч,2025-M10,2025,17551.0
003,Arpa,Ячмень,Barley,Арпа,2025-M10,2025,3691.0
0004,Bug'doy,Пшеница,Wheat,Буғдой,2025-M10,2025,3418.0
005,Jo'hori,Кукуруза,Corn,Жўҳори,2025-M10,2025,4129.0
006,Kepak,Отруби,Bran,Кепак,2025-M10,2025,2943.0
0008,Shrot,Шрот,Schroth,Шрот,2025-M10,2025,4380.0
009,Shulxa,Шелуха,Husk,Шулха,2025-M10,2025,4401.0
010,Kombikorm,Комбикорм,Compound feed,Комбикорм,2025-M10,2025,3258.0
011,Oliy navli bug'doy uni,Мука пшеничная высшего сорта,High-grade wheat flour,Олий навли буғдой уни,2025-M10,2025,9600.0
0012,1-navli bug'doy uni,Мука пшеничная первого сорта,First grade wheat flour,1-навли буғдой уни,2025-M10,2025,5935.0
013,1-nav bug'doy unidan non,Хлеб пшеничный из муки 1-го сорта,Wheat bread from 1st grade flour,1-нав буғдой унидан нон,2025-M10,2025,6867.0
017,Mol go'shti,Говядина,Beef,Мол гўшти,2025-M10,2025,114112.0
0020,Qo'y go'shti,Баранина,Mutton,Қўй гўшти,2025-M10,2025,125707.0
022,Tovuq go'shti,Мясо птицы,Poultry,Товуқ гўшти,2025-M10,2025,33457.0
026,Turli baliqlar,Рыба всякая,Fish of all kinds,Турли балиқлар,2025-M10,2025,34634.0
027,Yangi sog'ilgan sut (1 litr),Молоко свежее (1 литр),Fresh milk (1 liter),Янги соғилган сут (1 литр),2025-M10,2025,8341.0
034,Tuxum (10 dona),Яйца (10 штук),Eggs (10 pieces ),Тухум (10 дона),2025-M10,2025,12661.0
035,Paxta yog'i (1 litr),Масло хлопковое (1 литр),Cottonseed oil (1 liter),Пахта ёғи (1 литр),2025-M10,2025,20645.0
0036,Kungaboqar yog'i (1 litr),Масло подсолнечное (1 литр),Sunflower oil (1 liter),Кунгабоқар ёғи (1 литр),2025-M10,2025,21199.0
037,Sariyog',Масло сливочное,Butter,Сариёғ,2025-M10,2025,62344.0
039,Limon,Лимоны,Lemons,Лимон,2025-M10,2025,40031.0
0040,Olma,Яблоки,Apples,Олма,2025-M10,2025,11788.0
041,Nok,Груши,Pears,Нок,2025-M10,2025,22481.0
049,Uzum,Виноград,Grape,Узум,2025-M10,2025,14045.0
0050,Tarvuz,Арбуз,Watermelon,Тарвуз,2025-M10,2025,2842.0
0051,Qovun,Дыня,Melon,Қовун,2025-M10,2025,3560.0
053,Mayiz,Кишмиш,Kishmish,Майиз,2025-M10,2025,56191.0
055,Karam,Капуста,Cabbage,Карам,2025-M10,2025,4762.0
057,Bodring,Огурцы,Cucumbers,Бодринг,2025-M10,2025,11964.0
058,Pomidor,Помидоры,Tomatoes,Помидор,2025-M10,2025,8561.0
059,Baqlajon,Баклажаны,Eggplant,Бақлажон,2025-M10,2025,4827.0
0060,Bulg'or qalampiri,Перец болгарский,Bell pepper,Булғор қалампири,2025-M10,2025,9153.0
061,Qovoq,Тыква,Pumpkin,Қовоқ,2025-M10,2025,3704.0
063,Sabzi,Морковь,Carrot,Сабзи,2025-M10,2025,5071.0
065,Sarimsoq,Чеснок,Garlic,Саримсоқ,2025-M10,2025,24535.0
066,Piyoz,Лук репчатый,Onion,Пиёз,2025-M10,2025,2817.0
069,Kartoshka,Картофель,Potatoes,Картошка,2025-M10,2025,5395.0
0070,Loviya,Фасоль,Beans,Ловия,2025-M10,2025,23954.0
071,No'xot,Горох,Peas,Нўхот,2025-M10,2025,23523.0
0072,Mosh,Маш,Mash,Мош,2025-M10,2025,20026.0
073,Shakar,Сахар песок,Sugar,Шакар,2025-M10,2025,13580.0
002,Kruppa yormasi,Крупа манная,Semolina,Круппа ёрмаси,2025-M10,2025,0.0
001,Guruch,Рис,Rice,Гуруч,2025-M11,2025,16592.0
003,Arpa,Ячмень,Barley,Арпа,2025-M11,2025,3920.0
0004,Bug'doy,Пшеница,Wheat,Буғдой,2025-M11,2025,3642.0
005,Jo'hori,Кукуруза,Corn,Жўҳори,2025-M11,2025,4125.0
006,Kepak,Отруби,Bran,Кепак,2025-M11,2025,3010.0
0008,Shrot,Шрот,Schroth,Шрот,2025-M11,2025,4364.0
009,Shulxa,Шелуха,Husk,Шулха,2025-M11,2025,4328.0
010,Kombikorm,Комбикорм,Compound feed,Комбикорм,2025-M11,2025,3303.0
011,Oliy navli bug'doy uni,Мука пшеничная высшего сорта,High-grade wheat flour,Олий навли буғдой уни,2025-M11,2025,9660.0
0012,1-navli bug'doy uni,Мука пшеничная первого сорта,First grade wheat flour,1-навли буғдой уни,2025-M11,2025,5974.0
013,1-nav bug'doy unidan non,Хлеб пшеничный из муки 1-го сорта,Wheat bread from 1st grade flour,1-нав буғдой унидан нон,2025-M11,2025,6867.0
017,Mol go'shti,Говядина,Beef,Мол гўшти,2025-M11,2025,115809.0
0020,Qo'y go'shti,Баранина,Mutton,Қўй гўшти,2025-M11,2025,127321.0
022,Tovuq go'shti,Мясо птицы,Poultry,Товуқ гўшти,2025-M11,2025,32732.0
026,Turli baliqlar,Рыба всякая,Fish of all kinds,Турли балиқлар,2025-M11,2025,36114.0
027,Yangi sog'ilgan sut (1 litr),Молоко свежее (1 литр),Fresh milk (1 liter),Янги соғилган сут (1 литр),2025-M11,2025,8482.0
034,Tuxum (10 dona),Яйца (10 штук),Eggs (10 pieces ),Тухум (10 дона),2025-M11,2025,12745.0
035,Paxta yog'i (1 litr),Масло хлопковое (1 литр),Cottonseed oil (1 liter),Пахта ёғи (1 литр),2025-M11,2025,20691.0
0036,Kungaboqar yog'i (1 litr),Масло подсолнечное (1 литр),Sunflower oil (1 liter),Кунгабоқар ёғи (1 литр),2025-M11,2025,21333.0
037,Sariyog',Масло сливочное,Butter,Сариёғ,2025-M11,2025,63023.0
039,Limon,Лимоны,Lemons,Лимон,2025-M11,2025,37762.0
0040,Olma,Яблоки,Apples,Олма,2025-M11,2025,12770.0
041,Nok,Груши,Pears,Нок,2025-M11,2025,22690.0
049,Uzum,Виноград,Grape,Узум,2025-M11,2025,14913.0
0050,Tarvuz,Арбуз,Watermelon,Тарвуз,2025-M11,2025,2887.0
0051,Qovun,Дыня,Melon,Қовун,2025-M11,2025,3736.0
053,Mayiz,Кишмиш,Kishmish,Майиз,2025-M11,2025,57336.0
055,Karam,Капуста,Cabbage,Карам,2025-M11,2025,4328.0
057,Bodring,Огурцы,Cucumbers,Бодринг,2025-M11,2025,21743.0
058,Pomidor,Помидоры,Tomatoes,Помидор,2025-M11,2025,17947.0
059,Baqlajon,Баклажаны,Eggplant,Бақлажон,2025-M11,2025,6800.0
0060,Bulg'or qalampiri,Перец болгарский,Bell pepper,Булғор қалампири,2025-M11,2025,15697.0
061,Qovoq,Тыква,Pumpkin,Қовоқ,2025-M11,2025,3794.0
063,Sabzi,Морковь,Carrot,Сабзи,2025-M11,2025,4245.0
065,Sarimsoq,Чеснок,Garlic,Саримсоқ,2025-M11,2025,24589.0
066,Piyoz,Лук репчатый,Onion,Пиёз,2025-M11,2025,2645.0
069,Kartoshka,Картофель,Potatoes,Картошка,2025-M11,2025,5346.0
0070,Loviya,Фасоль,Beans,Ловия,2025-M11,2025,23417.0
071,No'xot,Горох,Peas,Нўхот,2025-M11,2025,23466.0
0072,Mosh,Маш,Mash,Мош,2025-M11,2025,20084.0
073,Shakar,Сахар песок,Sugar,Шакар,2025-M11,2025,12943.0
002,Kruppa yormasi,Крупа манная,Semolina,Круппа ёрмаси,2025-M11,2025,0.0
001,Guruch,Рис,Rice,Гуруч,2025-M12,2025,15837.0
003,Arpa,Ячмень,Barley,Арпа,2025-M12,2025,4007.0
0004,Bug'doy,Пшеница,Wheat,Буғдой,2025-M12,2025,3761.0
005,Jo'hori,Кукуруза,Corn,Жўҳори,2025-M12,2025,4230.0
006,Kepak,Отруби,Bran,Кепак,2025-M12,2025,3055.0
0008,Shrot,Шрот,Schroth,Шрот,2025-M12,2025,4353.0
009,Shulxa,Шелуха,Husk,Шулха,2025-M12,2025,4256.0
010,Kombikorm,Комбикорм,Compound feed,Комбикорм,2025-M12,2025,3381.0
011,Oliy navli bug'doy uni,Мука пшеничная высшего сорта,High-grade wheat flour,Олий навли буғдой уни,2025-M12,2025,9702.0
0012,1-navli bug'doy uni,Мука пшеничная первого сорта,First grade wheat flour,1-навли буғдой уни,2025-M12,2025,6009.0
013,1-nav bug'doy unidan non,Хлеб пшеничный из муки 1-го сорта,Wheat bread from 1st grade flour,1-нав буғдой унидан нон,2025-M12,2025,6867.0
017,Mol go'shti,Говядина,Beef,Мол гўшти,2025-M12,2025,115560.0
0020,Qo'y go'shti,Баранина,Mutton,Қўй гўшти,2025-M12,2025,126698.0
022,Tovuq go'shti,Мясо птицы,Poultry,Товуқ гўшти,2025-M12,2025,32615.0
026,Turli baliqlar,Рыба всякая,Fish of all kinds,Турли балиқлар,2025-M12,2025,36298.0
027,Yangi sog'ilgan sut (1 litr),Молоко свежее (1 литр),Fresh milk (1 liter),Янги соғилган сут (1 литр),2025-M12,2025,8655.0
034,Tuxum (10 dona),Яйца (10 штук),Eggs (10 pieces ),Тухум (10 дона),2025-M12,2025,12976.0
035,Paxta yog'i (1 litr),Масло хлопковое (1 литр),Cottonseed oil (1 liter),Пахта ёғи (1 литр),2025-M12,2025,20528.0
0036,Kungaboqar yog'i (1 litr),Масло подсолнечное (1 литр),Sunflower oil (1 liter),Кунгабоқар ёғи (1 литр),2025-M12,2025,21316.0
037,Sariyog',Масло сливочное,Butter,Сариёғ,2025-M12,2025,63420.0
039,Limon,Лимоны,Lemons,Лимон,2025-M12,2025,38360.0
0040,Olma,Яблоки,Apples,Олма,2025-M12,2025,13767.0
041,Nok,Груши,Pears,Нок,2025-M12,2025,24092.0
049,Uzum,Виноград,Grape,Узум,2025-M12,2025,18629.0
0050,Tarvuz,Арбуз,Watermelon,Тарвуз,2025-M12,2025,3223.0
0051,Qovun,Дыня,Melon,Қовун,2025-M12,2025,3885.0
053,Mayiz,Кишмиш,Kishmish,Майиз,2025-M12,2025,55265.0
055,Karam,Капуста,Cabbage,Карам,2025-M12,2025,4399.0
057,Bodring,Огурцы,Cucumbers,Бодринг,2025-M12,2025,34073.0
058,Pomidor,Помидоры,Tomatoes,Помидор,2025-M12,2025,25976.0
059,Baqlajon,Баклажаны,Eggplant,Бақлажон,2025-M12,2025,24689.0
0060,Bulg'or qalampiri,Перец болгарский,Bell pepper,Булғор қалампири,2025-M12,2025,27117.0
061,Qovoq,Тыква,Pumpkin,Қовоқ,2025-M12,2025,4062.0
063,Sabzi,Морковь,Carrot,Сабзи,2025-M12,2025,3741.0
065,Sarimsoq,Чеснок,Garlic,Саримсоқ,2025-M12,2025,25445.0
066,Piyoz,Лук репчатый,Onion,Пиёз,2025-M12,2025,2583.0
069,Kartoshka,Картофель,Potatoes,Картошка,2025-M12,2025,5393.0
0070,Loviya,Фасоль,Beans,Ловия,2025-M12,2025,22887.0
071,No'xot,Горох,Peas,Нўхот,2025-M12,2025,23321.0
0072,Mosh,Маш,Mash,Мош,2025-M12,2025,20044.0
073,Shakar,Сахар песок,Sugar,Шакар,2025-M12,2025,12692.0
002,Kruppa yormasi,Крупа манная,Semolina,Круппа ёрмаси,2025-M12,2025,0.0
001,Guruch,Рис,Rice,Гуруч,2026-M01,2026,15338.0
003,Arpa,Ячмень,Barley,Арпа,2026-M01,2026,4088.0
0004,Bug'doy,Пшеница,Wheat,Буғдой,2026-M01,2026,3827.0
005,Jo'hori,Кукуруза,Corn,Жўҳори,2026-M01,2026,4222.0
006,Kepak,Отруби,Bran,Кепак,2026-M01,2026,3206.0
0008,Shrot,Шрот,Schroth,Шрот,2026-M01,2026,4483.0
009,Shulxa,Шелуха,Husk,Шулха,2026-M01,2026,4285.0
010,Kombikorm,Комбикорм,Compound feed,Комбикорм,2026-M01,2026,3510.0
011,Oliy navli bug'doy uni,Мука пшеничная высшего сорта,High-grade wheat flour,Олий навли буғдой уни,2026-M01,2026,9727.0
0012,1-navli bug'doy uni,Мука пшеничная первого сорта,First grade wheat flour,1-навли буғдой уни,2026-M01,2026,5911.0
013,1-nav bug'doy unidan non,Хлеб пшеничный из муки 1-го сорта,Wheat bread from 1st grade flour,1-нав буғдой унидан нон,2026-M01,2026,6980.0
017,Mol go'shti,Говядина,Beef,Мол гўшти,2026-M01,2026,119625.0
0020,Qo'y go'shti,Баранина,Mutton,Қўй гўшти,2026-M01,2026,126983.0
022,Tovuq go'shti,Мясо птицы,Poultry,Товуқ гўшти,2026-M01,2026,33253.0
026,Turli baliqlar,Рыба всякая,Fish of all kinds,Турли балиқлар,2026-M01,2026,36675.0
027,Yangi sog'ilgan sut (1 litr),Молоко свежее (1 литр),Fresh milk (1 liter),Янги соғилган сут (1 литр),2026-M01,2026,8805.0
034,Tuxum (10 dona),Яйца (10 штук),Eggs (10 pieces ),Тухум (10 дона),2026-M01,2026,12971.0
035,Paxta yog'i (1 litr),Масло хлопковое (1 литр),Cottonseed oil (1 liter),Пахта ёғи (1 литр),2026-M01,2026,20638.0
0036,Kungaboqar yog'i (1 litr),Масло подсолнечное (1 литр),Sunflower oil (1 liter),Кунгабоқар ёғи (1 литр),2026-M01,2026,21423.0
037,Sariyog',Масло сливочное,Butter,Сариёғ,2026-M01,2026,63710.0
039,Limon,Лимоны,Lemons,Лимон,2026-M01,2026,39479.0
0040,Olma,Яблоки,Apples,Олма,2026-M01,2026,15680.0
041,Nok,Груши,Pears,Нок,2026-M01,2026,24637.0
049,Uzum,Виноград,Grape,Узум,2026-M01,2026,19997.0
0050,Tarvuz,Арбуз,Watermelon,Тарвуз,2026-M01,2026,0.0
0051,Qovun,Дыня,Melon,Қовун,2026-M01,2026,0.0
053,Mayiz,Кишмиш,Kishmish,Майиз,2026-M01,2026,55473.0
055,Karam,Капуста,Cabbage,Карам,2026-M01,2026,4853.0
057,Bodring,Огурцы,Cucumbers,Бодринг,2026-M01,2026,38078.0
058,Pomidor,Помидоры,Tomatoes,Помидор,2026-M01,2026,25892.0
059,Baqlajon,Баклажаны,Eggplant,Бақлажон,2026-M01,2026,33874.0
0060,Bulg'or qalampiri,Перец болгарский,Bell pepper,Булғор қалампири,2026-M01,2026,34535.0
061,Qovoq,Тыква,Pumpkin,Қовоқ,2026-M01,2026,4332.0
063,Sabzi,Морковь,Carrot,Сабзи,2026-M01,2026,3970.0
065,Sarimsoq,Чеснок,Garlic,Саримсоқ,2026-M01,2026,25807.0
066,Piyoz,Лук репчатый,Onion,Пиёз,2026-M01,2026,2586.0
069,Kartoshka,Картофель,Potatoes,Картошка,2026-M01,2026,5732.0
0070,Loviya,Фасоль,Beans,Ловия,2026-M01,2026,22186.0
071,No'xot,Горох,Peas,Нўхот,2026-M01,2026,23279.0
0072,Mosh,Маш,Mash,Мош,2026-M01,2026,20285.0
073,Shakar,Сахар песок,Sugar,Шакар,2026-M01,2026,12651.0
002,Kruppa yormasi,Крупа манная,Semolina,Круппа ёрмаси,2026-M01,2026,0.0
001,Guruch,Рис,Rice,Гуруч,2026-M02,2026,14894.0
003,Arpa,Ячмень,Barley,Арпа,2026-M02,2026,4131.0
0004,Bug'doy,Пшеница,Wheat,Буғдой,2026-M02,2026,3895.0
005,Jo'hori,Кукуруза,Corn,Жўҳори,2026-M02,2026,4213.0
006,Kepak,Отруби,Bran,Кепак,2026-M02,2026,3255.0
0008,Shrot,Шрот,Schroth,Шрот,2026-M02,2026,4632.0
009,Shulxa,Шелуха,Husk,Шулха,2026-M02,2026,4315.0
010,Kombikorm,Комбикорм,Compound feed,Комбикорм,2026-M02,2026,3649.0
011,Oliy navli bug'doy uni,Мука пшеничная высшего сорта,High-grade wheat flour,Олий навли буғдой уни,2026-M02,2026,9728.0
0012,1-navli bug'doy uni,Мука пшеничная первого сорта,First grade wheat flour,1-навли буғдой уни,2026-M02,2026,6005.0
013,1-nav bug'doy unidan non,Хлеб пшеничный из муки 1-го сорта,Wheat bread from 1st grade flour,1-нав буғдой унидан нон,2026-M02,2026,7036.0
017,Mol go'shti,Говядина,Beef,Мол гўшти,2026-M02,2026,121906.0
0020,Qo'y go'shti,Баранина,Mutton,Қўй гўшти,2026-M02,2026,127603.0
022,Tovuq go'shti,Мясо птицы,Poultry,Товуқ гўшти,2026-M02,2026,33478.0
026,Turli baliqlar,Рыба всякая,Fish of all kinds,Турли балиқлар,2026-M02,2026,37641.0
027,Yangi sog'ilgan sut (1 litr),Молоко свежее (1 литр),Fresh milk (1 liter),Янги соғилган сут (1 литр),2026-M02,2026,8798.0
034,Tuxum (10 dona),Яйца (10 штук),Eggs (10 pieces ),Тухум (10 дона),2026-M02,2026,12856.0
035,Paxta yog'i (1 litr),Масло хлопковое (1 литр),Cottonseed oil (1 liter),Пахта ёғи (1 литр),2026-M02,2026,20637.0
0036,Kungaboqar yog'i (1 litr),Масло подсолнечное (1 литр),Sunflower oil (1 liter),Кунгабоқар ёғи (1 литр),2026-M02,2026,21406.0
037,Sariyog',Масло сливочное,Butter,Сариёғ,2026-M02,2026,63188.0
039,Limon,Лимоны,Lemons,Лимон,2026-M02,2026,39381.0
0040,Olma,Яблоки,Apples,Олма,2026-M02,2026,16028.0
041,Nok,Груши,Pears,Нок,2026-M02,2026,23991.0
049,Uzum,Виноград,Grape,Узум,2026-M02,2026,20336.0
0050,Tarvuz,Арбуз,Watermelon,Тарвуз,2026-M02,2026,0.0
0051,Qovun,Дыня,Melon,Қовун,2026-M02,2026,0.0
053,Mayiz,Кишмиш,Kishmish,Майиз,2026-M02,2026,55300.0
055,Karam,Капуста,Cabbage,Карам,2026-M02,2026,5005.0
057,Bodring,Огурцы,Cucumbers,Бодринг,2026-M02,2026,31770.0
058,Pomidor,Помидоры,Tomatoes,Помидор,2026-M02,2026,27398.0
059,Baqlajon,Баклажаны,Eggplant,Бақлажон,2026-M02,2026,28592.0
0060,Bulg'or qalampiri,Перец болгарский,Bell pepper,Булғор қалампири,2026-M02,2026,36452.0
061,Qovoq,Тыква,Pumpkin,Қовоқ,2026-M02,2026,5009.0
063,Sabzi,Морковь,Carrot,Сабзи,2026-M02,2026,4063.0
065,Sarimsoq,Чеснок,Garlic,Саримсоқ,2026-M02,2026,25800.0
066,Piyoz,Лук репчатый,Onion,Пиёз,2026-M02,2026,2485.0
069,Kartoshka,Картофель,Potatoes,Картошка,2026-M02,2026,5971.0
0070,Loviya,Фасоль,Beans,Ловия,2026-M02,2026,21951.0
071,No'xot,Горох,Peas,Нўхот,2026-M02,2026,23078.0
0072,Mosh,Маш,Mash,Мош,2026-M02,2026,20102.0
073,Shakar,Сахар песок,Sugar,Шакар,2026-M02,2026,12650.0
002,Kruppa yormasi,Крупа манная,Semolina,Круппа ёрмаси,2026-M02,2026,0.0
001,Guruch,Рис,Rice,Гуруч,2026-M03,2026,14854.0
003,Arpa,Ячмень,Barley,Арпа,2026-M03,2026,4244.0
0004,Bug'doy,Пшеница,Wheat,Буғдой,2026-M03,2026,4014.0
005,Jo'hori,Кукуруза,Corn,Жўҳори,2026-M03,2026,4331.0
006,Kepak,Отруби,Bran,Кепак,2026-M03,2026,3317.0
0008,Shrot,Шрот,Schroth,Шрот,2026-M03,2026,4674.0
009,Shulxa,Шелуха,Husk,Шулха,2026-M03,2026,4346.0
010,Kombikorm,Комбикорм,Compound feed,Комбикорм,2026-M03,2026,3673.0
011,Oliy navli bug'doy uni,Мука пшеничная высшего сорта,High-grade wheat flour,Олий навли буғдой уни,2026-M03,2026,9813.0
0012,1-navli bug'doy uni,Мука пшеничная первого сорта,First grade wheat flour,1-навли буғдой уни,2026-M03,2026,6010.0
013,1-nav bug'doy unidan non,Хлеб пшеничный из муки 1-го сорта,Wheat bread from 1st grade flour,1-нав буғдой унидан нон,2026-M03,2026,7083.0
017,Mol go'shti,Говядина,Beef,Мол гўшти,2026-M03,2026,122637.0
0020,Qo'y go'shti,Баранина,Mutton,Қўй гўшти,2026-M03,2026,129467.0
022,Tovuq go'shti,Мясо птицы,Poultry,Товуқ гўшти,2026-M03,2026,33705.0
026,Turli baliqlar,Рыба всякая,Fish of all kinds,Турли балиқлар,2026-M03,2026,37719.0
027,Yangi sog'ilgan sut (1 litr),Молоко свежее (1 литр),Fresh milk (1 liter),Янги соғилган сут (1 литр),2026-M03,2026,8806.0
034,Tuxum (10 dona),Яйца (10 штук),Eggs (10 pieces ),Тухум (10 дона),2026-M03,2026,13213.0
035,Paxta yog'i (1 litr),Масло хлопковое (1 литр),Cottonseed oil (1 liter),Пахта ёғи (1 литр),2026-M03,2026,20577.0
0036,Kungaboqar yog'i (1 litr),Масло подсолнечное (1 литр),Sunflower oil (1 liter),Кунгабоқар ёғи (1 литр),2026-M03,2026,21356.0
037,Sariyog',Масло сливочное,Butter,Сариёғ,2026-M03,2026,64023.0
039,Limon,Лимоны,Lemons,Лимон,2026-M03,2026,41845.0
0040,Olma,Яблоки,Apples,Олма,2026-M03,2026,16527.0
041,Nok,Груши,Pears,Нок,2026-M03,2026,23377.0
049,Uzum,Виноград,Grape,Узум,2026-M03,2026,21841.0
0050,Tarvuz,Арбуз,Watermelon,Тарвуз,2026-M03,2026,0.0
0051,Qovun,Дыня,Melon,Қовун,2026-M03,2026,0.0
053,Mayiz,Кишмиш,Kishmish,Майиз,2026-M03,2026,55228.0
055,Karam,Капуста,Cabbage,Карам,2026-M03,2026,4867.0
057,Bodring,Огурцы,Cucumbers,Бодринг,2026-M03,2026,26030.0
058,Pomidor,Помидоры,Tomatoes,Помидор,2026-M03,2026,30366.0
059,Baqlajon,Баклажаны,Eggplant,Бақлажон,2026-M03,2026,29425.0
0060,Bulg'or qalampiri,Перец болгарский,Bell pepper,Булғор қалампири,2026-M03,2026,43391.0
061,Qovoq,Тыква,Pumpkin,Қовоқ,2026-M03,2026,5171.0
063,Sabzi,Морковь,Carrot,Сабзи,2026-M03,2026,3986.0
065,Sarimsoq,Чеснок,Garlic,Саримсоқ,2026-M03,2026,25791.0
066,Piyoz,Лук репчатый,Onion,Пиёз,2026-M03,2026,2255.0
069,Kartoshka,Картофель,Potatoes,Картошка,2026-M03,2026,6684.0
0070,Loviya,Фасоль,Beans,Ловия,2026-M03,2026,21632.0
071,No'xot,Горох,Peas,Нўхот,2026-M03,2026,22748.0
0072,Mosh,Маш,Mash,Мош,2026-M03,2026,19927.0
073,Shakar,Сахар песок,Sugar,Шакар,2026-M03,2026,13142.0
002,Kruppa yormasi,Крупа манная,Semolina,Круппа ёрмаси,2026-M03,2026,0.0
001,Guruch,Рис,Rice,Гуруч,2026-M04,2026,14283.0
003,Arpa,Ячмень,Barley,Арпа,2026-M04,2026,4253.0
0004,Bug'doy,Пшеница,Wheat,Буғдой,2026-M04,2026,4065.0
005,Jo'hori,Кукуруза,Corn,Жўҳори,2026-M04,2026,4385.0
006,Kepak,Отруби,Bran,Кепак,2026-M04,2026,3336.0
0008,Shrot,Шрот,Schroth,Шрот,2026-M04,2026,4670.0
009,Shulxa,Шелуха,Husk,Шулха,2026-M04,2026,4324.0
010,Kombikorm,Комбикорм,Compound feed,Комбикорм,2026-M04,2026,3679.0
011,Oliy navli bug'doy uni,Мука пшеничная высшего сорта,High-grade wheat flour,Олий навли буғдой уни,2026-M04,2026,9936.0
0012,1-navli bug'doy uni,Мука пшеничная первого сорта,First grade wheat flour,1-навли буғдой уни,2026-M04,2026,6096.0
013,1-nav bug'doy unidan non,Хлеб пшеничный из муки 1-го сорта,Wheat bread from 1st grade flour,1-нав буғдой унидан нон,2026-M04,2026,7061.0
017,Mol go'shti,Говядина,Beef,Мол гўшти,2026-M04,2026,126731.0
0020,Qo'y go'shti,Баранина,Mutton,Қўй гўшти,2026-M04,2026,133314.0
022,Tovuq go'shti,Мясо птицы,Poultry,Товуқ гўшти,2026-M04,2026,33586.0
026,Turli baliqlar,Рыба всякая,Fish of all kinds,Турли балиқлар,2026-M04,2026,39819.0
027,Yangi sog'ilgan sut (1 litr),Молоко свежее (1 литр),Fresh milk (1 liter),Янги соғилган сут (1 литр),2026-M04,2026,8520.0
034,Tuxum (10 dona),Яйца (10 штук),Eggs (10 pieces ),Тухум (10 дона),2026-M04,2026,12193.0
035,Paxta yog'i (1 litr),Масло хлопковое (1 литр),Cottonseed oil (1 liter),Пахта ёғи (1 литр),2026-M04,2026,20631.0
0036,Kungaboqar yog'i (1 litr),Масло подсолнечное (1 литр),Sunflower oil (1 liter),Кунгабоқар ёғи (1 литр),2026-M04,2026,21386.0
037,Sariyog',Масло сливочное,Butter,Сариёғ,2026-M04,2026,63353.0
039,Limon,Лимоны,Lemons,Лимон,2026-M04,2026,50095.0
0040,Olma,Яблоки,Apples,Олма,2026-M04,2026,17734.0
041,Nok,Груши,Pears,Нок,2026-M04,2026,23036.0
049,Uzum,Виноград,Grape,Узум,2026-M04,2026,23238.0
0050,Tarvuz,Арбуз,Watermelon,Тарвуз,2026-M04,2026,0.0
0051,Qovun,Дыня,Melon,Қовун,2026-M04,2026,0.0
053,Mayiz,Кишмиш,Kishmish,Майиз,2026-M04,2026,53848.0
055,Karam,Капуста,Cabbage,Карам,2026-M04,2026,4534.0
057,Bodring,Огурцы,Cucumbers,Бодринг,2026-M04,2026,13330.0
058,Pomidor,Помидоры,Tomatoes,Помидор,2026-M04,2026,26487.0
059,Baqlajon,Баклажаны,Eggplant,Бақлажон,2026-M04,2026,31393.0
0060,Bulg'or qalampiri,Перец болгарский,Bell pepper,Булғор қалампири,2026-M04,2026,42073.0
061,Qovoq,Тыква,Pumpkin,Қовоқ,2026-M04,2026,5719.0
063,Sabzi,Морковь,Carrot,Сабзи,2026-M04,2026,4087.0
065,Sarimsoq,Чеснок,Garlic,Саримсоқ,2026-M04,2026,25775.0
066,Piyoz,Лук репчатый,Onion,Пиёз,2026-M04,2026,2244.0
069,Kartoshka,Картофель,Potatoes,Картошка,2026-M04,2026,7126.0
0070,Loviya,Фасоль,Beans,Ловия,2026-M04,2026,21340.0
071,No'xot,Горох,Peas,Нўхот,2026-M04,2026,22749.0
0072,Mosh,Маш,Mash,Мош,2026-M04,2026,20002.0
073,Shakar,Сахар песок,Sugar,Шакар,2026-M04,2026,13255.0
002,Kruppa yormasi,Крупа манная,Semolina,Круппа ёрмаси,2026-M04,2026,0.0
001,Guruch,Рис,Rice,Гуруч,2026-M05,2026,14014.0
003,Arpa,Ячмень,Barley,Арпа,2026-M05,2026,4331.0
0004,Bug'doy,Пшеница,Wheat,Буғдой,2026-M05,2026,4075.0
005,Jo'hori,Кукуруза,Corn,Жўҳори,2026-M05,2026,4429.0
006,Kepak,Отруби,Bran,Кепак,2026-M05,2026,3346.0
0008,Shrot,Шрот,Schroth,Шрот,2026-M05,2026,4696.0
009,Shulxa,Шелуха,Husk,Шулха,2026-M05,2026,4305.0
010,Kombikorm,Комбикорм,Compound feed,Комбикорм,2026-M05,2026,3644.0
011,Oliy navli bug'doy uni,Мука пшеничная высшего сорта,High-grade wheat flour,Олий навли буғдой уни,2026-M05,2026,10026.0
0012,1-navli bug'doy uni,Мука пшеничная первого сорта,First grade wheat flour,1-навли буғдой уни,2026-M05,2026,6304.0
013,1-nav bug'doy unidan non,Хлеб пшеничный из муки 1-го сорта,Wheat bread from 1st grade flour,1-нав буғдой унидан нон,2026-M05,2026,7073.0
017,Mol go'shti,Говядина,Beef,Мол гўшти,2026-M05,2026,130149.0
0020,Qo'y go'shti,Баранина,Mutton,Қўй гўшти,2026-M05,2026,138645.0
022,Tovuq go'shti,Мясо птицы,Poultry,Товуқ гўшти,2026-M05,2026,33548.0
026,Turli baliqlar,Рыба всякая,Fish of all kinds,Турли балиқлар,2026-M05,2026,43642.0
027,Yangi sog'ilgan sut (1 litr),Молоко свежее (1 литр),Fresh milk (1 liter),Янги соғилган сут (1 литр),2026-M05,2026,8473.0
034,Tuxum (10 dona),Яйца (10 штук),Eggs (10 pieces ),Тухум (10 дона),2026-M05,2026,12412.0
035,Paxta yog'i (1 litr),Масло хлопковое (1 литр),Cottonseed oil (1 liter),Пахта ёғи (1 литр),2026-M05,2026,20570.0
0036,Kungaboqar yog'i (1 litr),Масло подсолнечное (1 литр),Sunflower oil (1 liter),Кунгабоқар ёғи (1 литр),2026-M05,2026,21427.0
037,Sariyog',Масло сливочное,Butter,Сариёғ,2026-M05,2026,61988.0
039,Limon,Лимоны,Lemons,Лимон,2026-M05,2026,54286.0
0040,Olma,Яблоки,Apples,Олма,2026-M05,2026,19030.0
041,Nok,Груши,Pears,Нок,2026-M05,2026,22777.0
049,Uzum,Виноград,Grape,Узум,2026-M05,2026,0.0
0050,Tarvuz,Арбуз,Watermelon,Тарвуз,2026-M05,2026,11250.0
0051,Qovun,Дыня,Melon,Қовун,2026-M05,2026,12500.0
053,Mayiz,Кишмиш,Kishmish,Майиз,2026-M05,2026,53036.0
055,Karam,Капуста,Cabbage,Карам,2026-M05,2026,4125.0
057,Bodring,Огурцы,Cucumbers,Бодринг,2026-M05,2026,8314.0
058,Pomidor,Помидоры,Tomatoes,Помидор,2026-M05,2026,17103.0
059,Baqlajon,Баклажаны,Eggplant,Бақлажон,2026-M05,2026,18400.0
0060,Bulg'or qalampiri,Перец болгарский,Bell pepper,Булғор қалампири,2026-M05,2026,22102.0
061,Qovoq,Тыква,Pumpkin,Қовоқ,2026-M05,2026,0.0
063,Sabzi,Морковь,Carrot,Сабзи,2026-M05,2026,4138.0
065,Sarimsoq,Чеснок,Garlic,Саримсоқ,2026-M05,2026,25220.0
066,Piyoz,Лук репчатый,Onion,Пиёз,2026-M05,2026,2266.0
069,Kartoshka,Картофель,Potatoes,Картошка,2026-M05,2026,7169.0
0070,Loviya,Фасоль,Beans,Ловия,2026-M05,2026,21025.0
071,No'xot,Горох,Peas,Нўхот,2026-M05,2026,22790.0
0072,Mosh,Маш,Mash,Мош,2026-M05,2026,20410.0
073,Shakar,Сахар песок,Sugar,Шакар,2026-M05,2026,13371.0
002,Kruppa yormasi,Крупа манная,Semolina,Круппа ёрмаси,2026-M05,2026,0.0
001,Guruch,Рис,Rice,Гуруч,2026-M06,2026,14046.0
003,Arpa,Ячмень,Barley,Арпа,2026-M06,2026,4052.0
0004,Bug'doy,Пшеница,Wheat,Буғдой,2026-M06,2026,3885.0
005,Jo'hori,Кукуруза,Corn,Жўҳори,2026-M06,2026,4502.0
006,Kepak,Отруби,Bran,Кепак,2026-M06,2026,3374.0
0008,Shrot,Шрот,Schroth,Шрот,2026-M06,2026,4696.0
009,Shulxa,Шелуха,Husk,Шулха,2026-M06,2026,4297.0
010,Kombikorm,Комбикорм,Compound feed,Комбикорм,2026-M06,2026,3645.0
011,Oliy navli bug'doy uni,Мука пшеничная высшего сорта,High-grade wheat flour,Олий навли буғдой уни,2026-M06,2026,9866.0
0012,1-navli bug'doy uni,Мука пшеничная первого сорта,First grade wheat flour,1-навли буғдой уни,2026-M06,2026,6383.0
013,1-nav bug'doy unidan non,Хлеб пшеничный из муки 1-го сорта,Wheat bread from 1st grade flour,1-нав буғдой унидан нон,2026-M06,2026,7020.0
017,Mol go'shti,Говядина,Beef,Мол гўшти,2026-M06,2026,129814.0
0020,Qo'y go'shti,Баранина,Mutton,Қўй гўшти,2026-M06,2026,137618.0
022,Tovuq go'shti,Мясо птицы,Poultry,Товуқ гўшти,2026-M06,2026,32658.0
026,Turli baliqlar,Рыба всякая,Fish of all kinds,Турли балиқлар,2026-M06,2026,43537.0
027,Yangi sog'ilgan sut (1 litr),Молоко свежее (1 литр),Fresh milk (1 liter),Янги соғилган сут (1 литр),2026-M06,2026,8327.0
034,Tuxum (10 dona),Яйца (10 штук),Eggs (10 pieces ),Тухум (10 дона),2026-M06,2026,12045.0
035,Paxta yog'i (1 litr),Масло хлопковое (1 литр),Cottonseed oil (1 liter),Пахта ёғи (1 литр),2026-M06,2026,20265.0
0036,Kungaboqar yog'i (1 litr),Масло подсолнечное (1 литр),Sunflower oil (1 liter),Кунгабоқар ёғи (1 литр),2026-M06,2026,21222.0
037,Sariyog',Масло сливочное,Butter,Сариёғ,2026-M06,2026,61020.0
039,Limon,Лимоны,Lemons,Лимон,2026-M06,2026,54118.0
0040,Olma,Яблоки,Apples,Олма,2026-M06,2026,18002.0
041,Nok,Груши,Pears,Нок,2026-M06,2026,22277.0
049,Uzum,Виноград,Grape,Узум,2026-M06,2026,17792.0
0050,Tarvuz,Арбуз,Watermelon,Тарвуз,2026-M06,2026,3437.0
0051,Qovun,Дыня,Melon,Қовун,2026-M06,2026,8176.0
053,Mayiz,Кишмиш,Kishmish,Майиз,2026-M06,2026,53082.0
055,Karam,Капуста,Cabbage,Карам,2026-M06,2026,3938.0
057,Bodring,Огурцы,Cucumbers,Бодринг,2026-M06,2026,6610.0
058,Pomidor,Помидоры,Tomatoes,Помидор,2026-M06,2026,8444.0
059,Baqlajon,Баклажаны,Eggplant,Бақлажон,2026-M06,2026,9153.0
0060,Bulg'or qalampiri,Перец болгарский,Bell pepper,Булғор қалампири,2026-M06,2026,12068.0
061,Qovoq,Тыква,Pumpkin,Қовоқ,2026-M06,2026,0.0
063,Sabzi,Морковь,Carrot,Сабзи,2026-M06,2026,4281.0
065,Sarimsoq,Чеснок,Garlic,Саримсоқ,2026-M06,2026,22192.0
066,Piyoz,Лук репчатый,Onion,Пиёз,2026-M06,2026,2353.0
069,Kartoshka,Картофель,Potatoes,Картошка,2026-M06,2026,5559.0
0070,Loviya,Фасоль,Beans,Ловия,2026-M06,2026,20269.0
071,No'xot,Горох,Peas,Нўхот,2026-M06,2026,22809.0
0072,Mosh,Маш,Mash,Мош,2026-M06,2026,20728.0
073,Shakar,Сахар песок,Sugar,Шакар,2026-M06,2026,13197.0
002,Kruppa yormasi,Крупа манная,Semolina,Круппа ёрмаси,2026-M06,2026,0.0
001,Guruch,Рис,Rice,Гуруч,2026-M07,2026,14895.0
003,Arpa,Ячмень,Barley,Арпа,2026-M07,2026,3895.0
0004,Bug'doy,Пшеница,Wheat,Буғдой,2026-M07,2026,3768.0
005,Jo'hori,Кукуруза,Corn,Жўҳори,2026-M07,2026,4461.0
006,Kepak,Отруби,Bran,Кепак,2026-M07,2026,3323.0
0008,Shrot,Шрот,Schroth,Шрот,2026-M07,2026,4696.0
009,Shulxa,Шелуха,Husk,Шулха,2026-M07,2026,4312.0
010,Kombikorm,Комбикорм,Compound feed,Комбикорм,2026-M07,2026,3645.0
011,Oliy navli bug'doy uni,Мука пшеничная высшего сорта,High-grade wheat flour,Олий навли буғдой уни,2026-M07,2026,9894.0
0012,1-navli bug'doy uni,Мука пшеничная первого сорта,First grade wheat flour,1-навли буғдой уни,2026-M07,2026,6294.0
013,1-nav bug'doy unidan non,Хлеб пшеничный из муки 1-го сорта,Wheat bread from 1st grade flour,1-нав буғдой унидан нон,2026-M07,2026,6896.0
017,Mol go'shti,Говядина,Beef,Мол гўшти,2026-M07,2026,126691.0
0020,Qo'y go'shti,Баранина,Mutton,Қўй гўшти,2026-M07,2026,135577.0
022,Tovuq go'shti,Мясо птицы,Poultry,Товуқ гўшти,2026-M07,2026,31840.0
026,Turli baliqlar,Рыба всякая,Fish of all kinds,Турли балиқлар,2026-M07,2026,43367.0
027,Yangi sog'ilgan sut (1 litr),Молоко свежее (1 литр),Fresh milk (1 liter),Янги соғилган сут (1 литр),2026-M07,2026,8347.0
034,Tuxum (10 dona),Яйца (10 штук),Eggs (10 pieces ),Тухум (10 дона),2026-M07,2026,10978.0
035,Paxta yog'i (1 litr),Масло хлопковое (1 литр),Cottonseed oil (1 liter),Пахта ёғи (1 литр),2026-M07,2026,20099.0
0036,Kungaboqar yog'i (1 litr),Масло подсолнечное (1 литр),Sunflower oil (1 liter),Кунгабоқар ёғи (1 литр),2026-M07,2026,20986.0
037,Sariyog',Масло сливочное,Butter,Сариёғ,2026-M07,2026,61180.0
039,Limon,Лимоны,Lemons,Лимон,2026-M07,2026,55284.0
0040,Olma,Яблоки,Apples,Олма,2026-M07,2026,16543.0
041,Nok,Груши,Pears,Нок,2026-M07,2026,20796.0
049,Uzum,Виноград,Grape,Узум,2026-M07,2026,16468.0
0050,Tarvuz,Арбуз,Watermelon,Тарвуз,2026-M07,2026,2338.0
0051,Qovun,Дыня,Melon,Қовун,2026-M07,2026,4941.0
053,Mayiz,Кишмиш,Kishmish,Майиз,2026-M07,2026,53748.0
055,Karam,Капуста,Cabbage,Карам,2026-M07,2026,3944.0
057,Bodring,Огурцы,Cucumbers,Бодринг,2026-M07,2026,5433.0
058,Pomidor,Помидоры,Tomatoes,Помидор,2026-M07,2026,5295.0
059,Baqlajon,Баклажаны,Eggplant,Бақлажон,2026-M07,2026,6119.0
0060,Bulg'or qalampiri,Перец болгарский,Bell pepper,Булғор қалампири,2026-M07,2026,9908.0
061,Qovoq,Тыква,Pumpkin,Қовоқ,2026-M07,2026,4667.0
063,Sabzi,Морковь,Carrot,Сабзи,2026-M07,2026,4240.0
065,Sarimsoq,Чеснок,Garlic,Саримсоқ,2026-M07,2026,18690.0
066,Piyoz,Лук репчатый,Onion,Пиёз,2026-M07,2026,2296.0
069,Kartoshka,Картофель,Potatoes,Картошка,2026-M07,2026,4283.0
0070,Loviya,Фасоль,Beans,Ловия,2026-M07,2026,20167.0
071,No'xot,Горох,Peas,Нўхот,2026-M07,2026,22673.0
0072,Mosh,Маш,Mash,Мош,2026-M07,2026,21071.0
073,Shakar,Сахар песок,Sugar,Шакар,2026-M07,2026,12858.0
002,Kruppa yormasi,Крупа манная,Semolina,Круппа ёрмаси,2026-M07,2026,0.0
001,Guruch,Рис,Rice,Гуруч,2026-M08,2026,14989.0
003,Arpa,Ячмень,Barley,Арпа,2026-M08,2026,3869.0
0004,Bug'doy,Пшеница,Wheat,Буғдой,2026-M08,2026,3767.0
005,Jo'hori,Кукуруза,Corn,Жўҳори,2026-M08,2026,4456.0
006,Kepak,Отруби,Bran,Кепак,2026-M08,2026,3319.0
0008,Shrot,Шрот,Schroth,Шрот,2026-M08,2026,4696.0
009,Shulxa,Шелуха,Husk,Шулха,2026-M08,2026,4334.0
010,Kombikorm,Комбикорм,Compound feed,Комбикорм,2026-M08,2026,3642.0
011,Oliy navli bug'doy uni,Мука пшеничная высшего сорта,High-grade wheat flour,Олий навли буғдой уни,2026-M08,2026,9890.0
0012,1-navli bug'doy uni,Мука пшеничная первого сорта,First grade wheat flour,1-навли буғдой уни,2026-M08,2026,6301.0
013,1-nav bug'doy unidan non,Хлеб пшеничный из муки 1-го сорта,Wheat bread from 1st grade flour,1-нав буғдой унидан нон,2026-M08,2026,6473.0
017,Mol go'shti,Говядина,Beef,Мол гўшти,2026-M08,2026,125230.0
0020,Qo'y go'shti,Баранина,Mutton,Қўй гўшти,2026-M08,2026,134433.0
022,Tovuq go'shti,Мясо птицы,Poultry,Товуқ гўшти,2026-M08,2026,31945.0
026,Turli baliqlar,Рыба всякая,Fish of all kinds,Турли балиқлар,2026-M08,2026,43447.0
027,Yangi sog'ilgan sut (1 litr),Молоко свежее (1 литр),Fresh milk (1 liter),Янги соғилган сут (1 литр),2026-M08,2026,7812.0
034,Tuxum (10 dona),Яйца (10 штук),Eggs (10 pieces ),Тухум (10 дона),2026-M08,2026,10927.0
035,Paxta yog'i (1 litr),Масло хлопковое (1 литр),Cottonseed oil (1 liter),Пахта ёғи (1 литр),2026-M08,2026,20134.0
0036,Kungaboqar yog'i (1 litr),Масло подсолнечное (1 литр),Sunflower oil (1 liter),Кунгабоқар ёғи (1 литр),2026-M08,2026,20957.0
037,Sariyog',Масло сливочное,Butter,Сариёғ,2026-M08,2026,61220.0
039,Limon,Лимоны,Lemons,Лимон,2026-M08,2026,55375.0
0040,Olma,Яблоки,Apples,Олма,2026-M08,2026,14923.0
041,Nok,Груши,Pears,Нок,2026-M08,2026,20040.0
049,Uzum,Виноград,Grape,Узум,2026-M08,2026,14083.0
0050,Tarvuz,Арбуз,Watermelon,Тарвуз,2026-M08,2026,2377.0
0051,Qovun,Дыня,Melon,Қовун,2026-M08,2026,4096.0
053,Mayiz,Кишмиш,Kishmish,Майиз,2026-M08,2026,53485.0
055,Karam,Капуста,Cabbage,Карам,2026-M08,2026,3907.0
057,Bodring,Огурцы,Cucumbers,Бодринг,2026-M08,2026,5445.0
058,Pomidor,Помидоры,Tomatoes,Помидор,2026-M08,2026,5506.0
059,Baqlajon,Баклажаны,Eggplant,Бақлажон,2026-M08,2026,4806.0
0060,Bulg'or qalampiri,Перец болгарский,Bell pepper,Булғор қалампири,2026-M08,2026,7948.0
061,Qovoq,Тыква,Pumpkin,Қовоқ,2026-M08,2026,4563.0
063,Sabzi,Морковь,Carrot,Сабзи,2026-M08,2026,4571.0
065,Sarimsoq,Чеснок,Garlic,Саримсоқ,2026-M08,2026,16800.0
066,Piyoz,Лук репчатый,Onion,Пиёз,2026-M08,2026,2369.0
069,Kartoshka,Картофель,Potatoes,Картошка,2026-M08,2026,3988.0
0070,Loviya,Фасоль,Beans,Ловия,2026-M08,2026,20251.0
071,No'xot,Горох,Peas,Нўхот,2026-M08,2026,22753.0
0072,Mosh,Маш,Mash,Мош,2026-M08,2026,21178.0
073,Shakar,Сахар песок,Sugar,Шакар,2026-M08,2026,12674.0
002,Kruppa yormasi,Крупа манная,Semolina,Круппа ёрмаси,2026-M08,2026,0.0
