code,name_uz,name_ru,name_en,name_uz_cyrillic,period,year,value
001,Guruch,Рис,Rice,Гуруч,2013-M01,2013,2601.0
003,Arpa,Ячмень,Barley,Арпа,2013-M01,2013,1044.0
0004,Bug'doy,Пшеница,Wheat,Буғдой,2013-M01,2013,932.0
005,Jo'hori,Кукуруза,Corn,Жўҳори,2013-M01,2013,896.0
006,Kepak,Отруби,Bran,Кепак,2013-M01,2013,697.0
0008,Shrot,Шрот,Schroth,Шрот,2013-M01,2013,0.0
009,Shulxa,Шелуха,Husk,Шулха,2013-M01,2013,0.0
010,Kombikorm,Комбикорм,Compound feed,Комбикорм,2013-M01,2013,966.0
011,Oliy navli bug'doy uni,Мука пшеничная высшего сорта,High-grade wheat flour,Олий навли буғдой уни,2013-M01,2013,1331.0
0012,1-navli bug'doy uni,Мука пшеничная первого сорта,First grade wheat flour,1-навли буғдой уни,2013-M01,2013,0.0
013,1-nav bug'doy unidan non,Хлеб пшеничный из муки 1-го сорта,Wheat bread from 1st grade flour,1-нав буғдой унидан нон,2013-M01,2013,0.0
017,Mol go'shti,Говядина,Beef,Мол гўшти,2013-M01,2013,14000.0
0020,Qo'y go'shti,Баранина,Mutton,Қўй гўшти,2013-M01,2013,14917.0
022,Tovuq go'shti,Мясо птицы,Poultry,Товуқ гўшти,2013-M01,2013,0.0
026,Turli baliqlar,Рыба всякая,Fish of all kinds,Турли балиқлар,2013-M01,2013,7605.0
027,Yangi sog'ilgan sut (1 litr),Молоко свежее (1 литр),Fresh milk (1 liter),Янги соғилган сут (1 литр),2013-M01,2013,1379.0
034,Tuxum (10 dona),Яйца (10 штук),Eggs (10 pieces ),Тухум (10 дона),2013-M01,2013,3022.0
035,Paxta yog'i (1 litr),Масло хлопковое (1 литр),Cottonseed oil (1 liter),Пахта ёғи (1 литр),2013-M01,2013,0.0
0036,Kungaboqar yog'i (1 litr),Масло подсолнечное (1 литр),Sunflower oil (1 liter),Кунгабоқар ёғи (1 литр),2013-M01,2013,0.0
037,Sariyog',Масло сливочное,Butter,Сариёғ,2013-M01,2013,12933.0
039,Limon,Лимоны,Lemons,Лимон,2013-M01,2013,6311.0
0040,Olma,Яблоки,Apples,Олма,2013-M01,2013,1952.0
041,Nok,Груши,Pears,Нок,2013-M01,2013,5928.0
049,Uzum,Виноград,Grape,Узум,2013-M01,2013,2863.0
0050,Tarvuz,Арбуз,Watermelon,Тарвуз,2013-M01,2013,1025.0
0051,Qovun,Дыня,Melon,Қовун,2013-M01,2013,1469.0
053,Mayiz,Кишмиш,Kishmish,Майиз,2013-M01,2013,9360.0
055,Karam,Капуста,Cabbage,Карам,2013-M01,2013,721.0
057,Bodring,Огурцы,Cucumbers,Бодринг,2013-M01,2013,3973.0
058,Pomidor,Помидоры,Tomatoes,Помидор,2013-M01,2013,4313.0
059,Baqlajon,Баклажаны,Eggplant,Бақлажон,2013-M01,2013,0.0
0060,Bulg'or qalampiri,Перец болгарский,Bell pepper,Булғор қалампири,2013-M01,2013,2433.0
061,Qovoq,Тыква,Pumpkin,Қовоқ,2013-M01,2013,888.0
063,Sabzi,Морковь,Carrot,Сабзи,2013-M01,2013,473.0
065,Sarimsoq,Чеснок,Garlic,Саримсоқ,2013-M01,2013,2714.0
066,Piyoz,Лук репчатый,Onion,Пиёз,2013-M01,2013,491.0
069,Kartoshka,Картофель,Potatoes,Картошка,2013-M01,2013,1436.0
0070,Loviya,Фасоль,Beans,Ловия,2013-M01,2013,0.0
071,No'xot,Горох,Peas,Нўхот,2013-M01,2013,0.0
0072,Mosh,Маш,Mash,Мош,2013-M01,2013,0.0
073,Shakar,Сахар песок,Sugar,Шакар,2013-M01,2013,0.0
002,Kruppa yormasi,Крупа манная,Semolina,Круппа ёрмаси,2013-M01,2013,1044.0
001,Guruch,Рис,Rice,Гуруч,2013-M02,2013,2650.0
003,Arpa,Ячмень,Barley,Арпа,2013-M02,2013,1078.0
0004,Bug'doy,Пшеница,Wheat,Буғдой,2013-M02,2013,958.0
005,Jo'hori,Кукуруза,Corn,Жўҳори,2013-M02,2013,919.0
006,Kepak,Отруби,Bran,Кепак,2013-M02,2013,729.0
0008,Shrot,Шрот,Schroth,Шрот,2013-M02,2013,0.0
009,Shulxa,Шелуха,Husk,Шулха,2013-M02,2013,0.0
010,Kombikorm,Комбикорм,Compound feed,Комбикорм,2013-M02,2013,1003.0
011,Oliy navli bug'doy uni,Мука пшеничная высшего сорта,High-grade wheat flour,Олий навли буғдой уни,2013-M02,2013,1366.0
0012,1-navli bug'doy uni,Мука пшеничная первого сорта,First grade wheat flour,1-навли буғдой уни,2013-M02,2013,0.0
013,1-nav bug'doy unidan non,Хлеб пшеничный из муки 1-го сорта,Wheat bread from 1st grade flour,1-нав буғдой унидан нон,2013-M02,2013,0.0
017,Mol go'shti,Говядина,Beef,Мол гўшти,2013-M02,2013,14000.0
0020,Qo'y go'shti,Баранина,Mutton,Қўй гўшти,2013-M02,2013,15000.0
022,Tovuq go'shti,Мясо птицы,Poultry,Товуқ гўшти,2013-M02,2013,0.0
026,Turli baliqlar,Рыба всякая,Fish of all kinds,Турли балиқлар,2013-M02,2013,7905.0
027,Yangi sog'ilgan sut (1 litr),Молоко свежее (1 литр),Fresh milk (1 liter),Янги соғилган сут (1 литр),2013-M02,2013,1490.0
034,Tuxum (10 dona),Яйца (10 штук),Eggs (10 pieces ),Тухум (10 дона),2013-M02,2013,3115.0
035,Paxta yog'i (1 litr),Масло хлопковое (1 литр),Cottonseed oil (1 liter),Пахта ёғи (1 литр),2013-M02,2013,0.0
0036,Kungaboqar yog'i (1 litr),Масло подсолнечное (1 литр),Sunflower oil (1 liter),Кунгабоқар ёғи (1 литр),2013-M02,2013,0.0
037,Sariyog',Масло сливочное,Butter,Сариёғ,2013-M02,2013,13954.0
039,Limon,Лимоны,Lemons,Лимон,2013-M02,2013,6667.0
0040,Olma,Яблоки,Apples,Олма,2013-M02,2013,2065.0
041,Nok,Груши,Pears,Нок,2013-M02,2013,6451.0
049,Uzum,Виноград,Grape,Узум,2013-M02,2013,3138.0
0050,Tarvuz,Арбуз,Watermelon,Тарвуз,2013-M02,2013,0.0
0051,Qovun,Дыня,Melon,Қовун,2013-M02,2013,1628.0
053,Mayiz,Кишмиш,Kishmish,Майиз,2013-M02,2013,9731.0
055,Karam,Капуста,Cabbage,Карам,2013-M02,2013,761.0
057,Bodring,Огурцы,Cucumbers,Бодринг,2013-M02,2013,4925.0
058,Pomidor,Помидоры,Tomatoes,Помидор,2013-M02,2013,5394.0
059,Baqlajon,Баклажаны,Eggplant,Бақлажон,2013-M02,2013,0.0
0060,Bulg'or qalampiri,Перец болгарский,Bell pepper,Булғор қалампири,2013-M02,2013,0.0
061,Qovoq,Тыква,Pumpkin,Қовоқ,2013-M02,2013,812.0
063,Sabzi,Морковь,Carrot,Сабзи,2013-M02,2013,499.0
065,Sarimsoq,Чеснок,Garlic,Саримсоқ,2013-M02,2013,2921.0
066,Piyoz,Лук репчатый,Onion,Пиёз,2013-M02,2013,464.0
069,Kartoshka,Картофель,Potatoes,Картошка,2013-M02,2013,1543.0
0070,Loviya,Фасоль,Beans,Ловия,2013-M02,2013,0.0
071,No'xot,Горох,Peas,Нўхот,2013-M02,2013,0.0
0072,Mosh,Маш,Mash,Мош,2013-M02,2013,0.0
073,Shakar,Сахар песок,Sugar,Шакар,2013-M02,2013,0.0
002,Kruppa yormasi,Крупа манная,Semolina,Круппа ёрмаси,2013-M02,2013,1078.0
001,Guruch,Рис,Rice,Гуруч,2013-M03,2013,2699.0
003,Arpa,Ячмень,Barley,Арпа,2013-M03,2013,1097.0
0004,Bug'doy,Пшеница,Wheat,Буғдой,2013-M03,2013,978.0
005,Jo'hori,Кукуруза,Corn,Жўҳори,2013-M03,2013,943.0
006,Kepak,Отруби,Bran,Кепак,2013-M03,2013,755.0
0008,Shrot,Шрот,Schroth,Шрот,2013-M03,2013,0.0
009,Shulxa,Шелуха,Husk,Шулха,2013-M03,2013,0.0
010,Kombikorm,Комбикорм,Compound feed,Комбикорм,2013-M03,2013,1061.0
011,Oliy navli bug'doy uni,Мука пшеничная высшего сорта,High-grade wheat flour,Олий навли буғдой уни,2013-M03,2013,1386.0
0012,1-navli bug'doy uni,Мука пшеничная первого сорта,First grade wheat flour,1-навли буғдой уни,2013-M03,2013,0.0
013,1-nav bug'doy unidan non,Хлеб пшеничный из муки 1-го сорта,Wheat bread from 1st grade flour,1-нав буғдой унидан нон,2013-M03,2013,0.0
017,Mol go'shti,Говядина,Beef,Мол гўшти,2013-M03,2013,14292.0
0020,Qo'y go'shti,Баранина,Mutton,Қўй гўшти,2013-M03,2013,15313.0
022,Tovuq go'shti,Мясо птицы,Poultry,Товуқ гўшти,2013-M03,2013,0.0
026,Turli baliqlar,Рыба всякая,Fish of all kinds,Турли балиқлар,2013-M03,2013,8283.0
027,Yangi sog'ilgan sut (1 litr),Молоко свежее (1 литр),Fresh milk (1 liter),Янги соғилган сут (1 литр),2013-M03,2013,1579.0
034,Tuxum (10 dona),Яйца (10 штук),Eggs (10 pieces ),Тухум (10 дона),2013-M03,2013,3071.0
035,Paxta yog'i (1 litr),Масло хлопковое (1 литр),Cottonseed oil (1 liter),Пахта ёғи (1 литр),2013-M03,2013,0.0
0036,Kungaboqar yog'i (1 litr),Масло подсолнечное (1 литр),Sunflower oil (1 liter),Кунгабоқар ёғи (1 литр),2013-M03,2013,0.0
037,Sariyog',Масло сливочное,Butter,Сариёғ,2013-M03,2013,14325.0
039,Limon,Лимоны,Lemons,Лимон,2013-M03,2013,7328.0
0040,Olma,Яблоки,Apples,Олма,2013-M03,2013,2473.0
041,Nok,Груши,Pears,Нок,2013-M03,2013,6931.0
049,Uzum,Виноград,Grape,Узум,2013-M03,2013,3484.0
0050,Tarvuz,Арбуз,Watermelon,Тарвуз,2013-M03,2013,0.0
0051,Qovun,Дыня,Melon,Қовун,2013-M03,2013,0.0
053,Mayiz,Кишмиш,Kishmish,Майиз,2013-M03,2013,9919.0
055,Karam,Капуста,Cabbage,Карам,2013-M03,2013,726.0
057,Bodring,Огурцы,Cucumbers,Бодринг,2013-M03,2013,5225.0
058,Pomidor,Помидоры,Tomatoes,Помидор,2013-M03,2013,5925.0
059,Baqlajon,Баклажаны,Eggplant,Бақлажон,2013-M03,2013,0.0
0060,Bulg'or qalampiri,Перец болгарский,Bell pepper,Булғор қалампири,2013-M03,2013,0.0
061,Qovoq,Тыква,Pumpkin,Қовоқ,2013-M03,2013,750.0
063,Sabzi,Морковь,Carrot,Сабзи,2013-M03,2013,527.0
065,Sarimsoq,Чеснок,Garlic,Саримсоқ,2013-M03,2013,3400.0
066,Piyoz,Лук репчатый,Onion,Пиёз,2013-M03,2013,386.0
069,Kartoshka,Картофель,Potatoes,Картошка,2013-M03,2013,1526.0
0070,Loviya,Фасоль,Beans,Ловия,2013-M03,2013,0.0
071,No'xot,Горох,Peas,Нўхот,2013-M03,2013,0.0
0072,Mosh,Маш,Mash,Мош,2013-M03,2013,0.0
073,Shakar,Сахар песок,Sugar,Шакар,2013-M03,2013,0.0
002,Kruppa yormasi,Крупа манная,Semolina,Круппа ёрмаси,2013-M03,2013,1097.0
001,Guruch,Рис,Rice,Гуруч,2013-M04,2013,2729.0
003,Arpa,Ячмень,Barley,Арпа,2013-M04,2013,1111.0
0004,Bug'doy,Пшеница,Wheat,Буғдой,2013-M04,2013,993.0
005,Jo'hori,Кукуруза,Corn,Жўҳори,2013-M04,2013,959.0
006,Kepak,Отруби,Bran,Кепак,2013-M04,2013,772.0
0008,Shrot,Шрот,Schroth,Шрот,2013-M04,2013,0.0
009,Shulxa,Шелуха,Husk,Шулха,2013-M04,2013,0.0
010,Kombikorm,Комбикорм,Compound feed,Комбикорм,2013-M04,2013,1106.0
011,Oliy navli bug'doy uni,Мука пшеничная высшего сорта,High-grade wheat flour,Олий навли буғдой уни,2013-M04,2013,1404.0
0012,1-navli bug'doy uni,Мука пшеничная первого сорта,First grade wheat flour,1-навли буғдой уни,2013-M04,2013,0.0
013,1-nav bug'doy unidan non,Хлеб пшеничный из муки 1-го сорта,Wheat bread from 1st grade flour,1-нав буғдой унидан нон,2013-M04,2013,0.0
017,Mol go'shti,Говядина,Beef,Мол гўшти,2013-M04,2013,14500.0
0020,Qo'y go'shti,Баранина,Mutton,Қўй гўшти,2013-M04,2013,15500.0
022,Tovuq go'shti,Мясо птицы,Poultry,Товуқ гўшти,2013-M04,2013,0.0
026,Turli baliqlar,Рыба всякая,Fish of all kinds,Турли балиқлар,2013-M04,2013,8650.0
027,Yangi sog'ilgan sut (1 litr),Молоко свежее (1 литр),Fresh milk (1 liter),Янги соғилган сут (1 литр),2013-M04,2013,1568.0
034,Tuxum (10 dona),Яйца (10 штук),Eggs (10 pieces ),Тухум (10 дона),2013-M04,2013,2904.0
035,Paxta yog'i (1 litr),Масло хлопковое (1 литр),Cottonseed oil (1 liter),Пахта ёғи (1 литр),2013-M04,2013,0.0
0036,Kungaboqar yog'i (1 litr),Масло подсолнечное (1 литр),Sunflower oil (1 liter),Кунгабоқар ёғи (1 литр),2013-M04,2013,0.0
037,Sariyog',Масло сливочное,Butter,Сариёғ,2013-M04,2013,14646.0
039,Limon,Лимоны,Lemons,Лимон,2013-M04,2013,8378.0
0040,Olma,Яблоки,Apples,Олма,2013-M04,2013,3471.0
041,Nok,Груши,Pears,Нок,2013-M04,2013,7451.0
049,Uzum,Виноград,Grape,Узум,2013-M04,2013,0.0
0050,Tarvuz,Арбуз,Watermelon,Тарвуз,2013-M04,2013,0.0
0051,Qovun,Дыня,Melon,Қовун,2013-M04,2013,0.0
053,Mayiz,Кишмиш,Kishmish,Майиз,2013-M04,2013,10181.0
055,Karam,Капуста,Cabbage,Карам,2013-M04,2013,975.0
057,Bodring,Огурцы,Cucumbers,Бодринг,2013-M04,2013,4596.0
058,Pomidor,Помидоры,Tomatoes,Помидор,2013-M04,2013,5806.0
059,Baqlajon,Баклажаны,Eggplant,Бақлажон,2013-M04,2013,0.0
0060,Bulg'or qalampiri,Перец болгарский,Bell pepper,Булғор қалампири,2013-M04,2013,0.0
061,Qovoq,Тыква,Pumpkin,Қовоқ,2013-M04,2013,723.0
063,Sabzi,Морковь,Carrot,Сабзи,2013-M04,2013,562.0
065,Sarimsoq,Чеснок,Garlic,Саримсоқ,2013-M04,2013,3694.0
066,Piyoz,Лук репчатый,Onion,Пиёз,2013-M04,2013,345.0
069,Kartoshka,Картофель,Potatoes,Картошка,2013-M04,2013,1518.0
0070,Loviya,Фасоль,Beans,Ловия,2013-M04,2013,0.0
071,No'xot,Горох,Peas,Нўхот,2013-M04,2013,0.0
0072,Mosh,Маш,Mash,Мош,2013-M04,2013,0.0
073,Shakar,Сахар песок,Sugar,Шакар,2013-M04,2013,0.0
002,Kruppa yormasi,Крупа манная,Semolina,Круппа ёрмаси,2013-M04,2013,1111.0
001,Guruch,Рис,Rice,Гуруч,2013-M05,2013,2750.0
003,Arpa,Ячмень,Barley,Арпа,2013-M05,2013,1125.0
0004,Bug'doy,Пшеница,Wheat,Буғдой,2013-M05,2013,1010.0
005,Jo'hori,Кукуруза,Corn,Жўҳори,2013-M05,2013,975.0
006,Kepak,Отруби,Bran,Кепак,2013-M05,2013,754.0
0008,Shrot,Шрот,Schroth,Шрот,2013-M05,2013,0.0
009,Shulxa,Шелуха,Husk,Шулха,2013-M05,2013,0.0
010,Kombikorm,Комбикорм,Compound feed,Комбикорм,2013-M05,2013,1097.0
011,Oliy navli bug'doy uni,Мука пшеничная высшего сорта,High-grade wheat flour,Олий навли буғдой уни,2013-M05,2013,1398.0
0012,1-navli bug'doy uni,Мука пшеничная первого сорта,First grade wheat flour,1-навли буғдой уни,2013-M05,2013,0.0
013,1-nav bug'doy unidan non,Хлеб пшеничный из муки 1-го сорта,Wheat bread from 1st grade flour,1-нав буғдой унидан нон,2013-M05,2013,0.0
017,Mol go'shti,Говядина,Beef,Мол гўшти,2013-M05,2013,14500.0
0020,Qo'y go'shti,Баранина,Mutton,Қўй гўшти,2013-M05,2013,15500.0
022,Tovuq go'shti,Мясо птицы,Poultry,Товуқ гўшти,2013-M05,2013,0.0
026,Turli baliqlar,Рыба всякая,Fish of all kinds,Турли балиқлар,2013-M05,2013,8571.0
027,Yangi sog'ilgan sut (1 litr),Молоко свежее (1 литр),Fresh milk (1 liter),Янги соғилган сут (1 литр),2013-M05,2013,1539.0
034,Tuxum (10 dona),Яйца (10 штук),Eggs (10 pieces ),Тухум (10 дона),2013-M05,2013,2888.0
035,Paxta yog'i (1 litr),Масло хлопковое (1 литр),Cottonseed oil (1 liter),Пахта ёғи (1 литр),2013-M05,2013,0.0
0036,Kungaboqar yog'i (1 litr),Масло подсолнечное (1 литр),Sunflower oil (1 liter),Кунгабоқар ёғи (1 литр),2013-M05,2013,0.0
037,Sariyog',Масло сливочное,Butter,Сариёғ,2013-M05,2013,14715.0
039,Limon,Лимоны,Lemons,Лимон,2013-M05,2013,10283.0
0040,Olma,Яблоки,Apples,Олма,2013-M05,2013,4460.0
041,Nok,Груши,Pears,Нок,2013-M05,2013,8292.0
049,Uzum,Виноград,Grape,Узум,2013-M05,2013,0.0
0050,Tarvuz,Арбуз,Watermelon,Тарвуз,2013-M05,2013,0.0
0051,Qovun,Дыня,Melon,Қовун,2013-M05,2013,0.0
053,Mayiz,Кишмиш,Kishmish,Майиз,2013-M05,2013,10583.0
055,Karam,Капуста,Cabbage,Карам,2013-M05,2013,972.0
057,Bodring,Огурцы,Cucumbers,Бодринг,2013-M05,2013,1896.0
058,Pomidor,Помидоры,Tomatoes,Помидор,2013-M05,2013,4108.0
059,Baqlajon,Баклажаны,Eggplant,Бақлажон,2013-M05,2013,0.0
0060,Bulg'or qalampiri,Перец болгарский,Bell pepper,Булғор қалампири,2013-M05,2013,0.0
061,Qovoq,Тыква,Pumpkin,Қовоқ,2013-M05,2013,0.0
063,Sabzi,Морковь,Carrot,Сабзи,2013-M05,2013,591.0
065,Sarimsoq,Чеснок,Garlic,Саримсоқ,2013-M05,2013,3519.0
066,Piyoz,Лук репчатый,Onion,Пиёз,2013-M05,2013,438.0
069,Kartoshka,Картофель,Potatoes,Картошка,2013-M05,2013,1261.0
0070,Loviya,Фасоль,Beans,Ловия,2013-M05,2013,0.0
071,No'xot,Горох,Peas,Нўхот,2013-M05,2013,0.0
0072,Mosh,Маш,Mash,Мош,2013-M05,2013,0.0
073,Shakar,Сахар песок,Sugar,Шакар,2013-M05,2013,0.0
002,Kruppa yormasi,Крупа манная,Semolina,Круппа ёрмаси,2013-M05,2013,1125.0
001,Guruch,Рис,Rice,Гуруч,2013-M06,2013,2698.0
003,Arpa,Ячмень,Barley,Арпа,2013-M06,2013,1114.0
0004,Bug'doy,Пшеница,Wheat,Буғдой,2013-M06,2013,999.0
005,Jo'hori,Кукуруза,Corn,Жўҳори,2013-M06,2013,973.0
006,Kepak,Отруби,Bran,Кепак,2013-M06,2013,721.0
0008,Shrot,Шрот,Schroth,Шрот,2013-M06,2013,0.0
009,Shulxa,Шелуха,Husk,Шулха,2013-M06,2013,0.0
010,Kombikorm,Комбикорм,Compound feed,Комбикорм,2013-M06,2013,1066.0
011,Oliy navli bug'doy uni,Мука пшеничная высшего сорта,High-grade wheat flour,Олий навли буғдой уни,2013-M06,2013,1368.0
0012,1-navli bug'doy uni,Мука пшеничная первого сорта,First grade wheat flour,1-навли буғдой уни,2013-M06,2013,0.0
013,1-nav bug'doy unidan non,Хлеб пшеничный из муки 1-го сорта,Wheat bread from 1st grade flour,1-нав буғдой унидан нон,2013-M06,2013,0.0
017,Mol go'shti,Говядина,Beef,Мол гўшти,2013-M06,2013,14756.0
0020,Qo'y go'shti,Баранина,Mutton,Қўй гўшти,2013-M06,2013,15711.0
022,Tovuq go'shti,Мясо птицы,Poultry,Товуқ гўшти,2013-M06,2013,0.0
026,Turli baliqlar,Рыба всякая,Fish of all kinds,Турли балиқлар,2013-M06,2013,8330.0
027,Yangi sog'ilgan sut (1 litr),Молоко свежее (1 литр),Fresh milk (1 liter),Янги соғилган сут (1 литр),2013-M06,2013,1509.0
034,Tuxum (10 dona),Яйца (10 штук),Eggs (10 pieces ),Тухум (10 дона),2013-M06,2013,2904.0
035,Paxta yog'i (1 litr),Масло хлопковое (1 литр),Cottonseed oil (1 liter),Пахта ёғи (1 литр),2013-M06,2013,0.0
0036,Kungaboqar yog'i (1 litr),Масло подсолнечное (1 литр),Sunflower oil (1 liter),Кунгабоқар ёғи (1 литр),2013-M06,2013,0.0
037,Sariyog',Масло сливочное,Butter,Сариёғ,2013-M06,2013,14560.0
039,Limon,Лимоны,Lemons,Лимон,2013-M06,2013,12017.0
0040,Olma,Яблоки,Apples,Олма,2013-M06,2013,3483.0
041,Nok,Груши,Pears,Нок,2013-M06,2013,7040.0
049,Uzum,Виноград,Grape,Узум,2013-M06,2013,3600.0
0050,Tarvuz,Арбуз,Watermelon,Тарвуз,2013-M06,2013,1160.0
0051,Qovun,Дыня,Melon,Қовун,2013-M06,2013,1669.0
053,Mayiz,Кишмиш,Kishmish,Майиз,2013-M06,2013,11088.0
055,Karam,Капуста,Cabbage,Карам,2013-M06,2013,897.0
057,Bodring,Огурцы,Cucumbers,Бодринг,2013-M06,2013,1310.0
058,Pomidor,Помидоры,Tomatoes,Помидор,2013-M06,2013,2474.0
059,Baqlajon,Баклажаны,Eggplant,Бақлажон,2013-M06,2013,2379.0
0060,Bulg'or qalampiri,Перец болгарский,Bell pepper,Булғор қалампири,2013-M06,2013,3396.0
061,Qovoq,Тыква,Pumpkin,Қовоқ,2013-M06,2013,0.0
063,Sabzi,Морковь,Carrot,Сабзи,2013-M06,2013,869.0
065,Sarimsoq,Чеснок,Garlic,Саримсоқ,2013-M06,2013,2614.0
066,Piyoz,Лук репчатый,Onion,Пиёз,2013-M06,2013,539.0
069,Kartoshka,Картофель,Potatoes,Картошка,2013-M06,2013,966.0
0070,Loviya,Фасоль,Beans,Ловия,2013-M06,2013,0.0
071,No'xot,Горох,Peas,Нўхот,2013-M06,2013,0.0
0072,Mosh,Маш,Mash,Мош,2013-M06,2013,0.0
073,Shakar,Сахар песок,Sugar,Шакар,2013-M06,2013,0.0
002,Kruppa yormasi,Крупа манная,Semolina,Круппа ёрмаси,2013-M06,2013,1114.0
001,Guruch,Рис,Rice,Гуруч,2013-M07,2013,2530.0
003,Arpa,Ячмень,Barley,Арпа,2013-M07,2013,980.0
0004,Bug'doy,Пшеница,Wheat,Буғдой,2013-M07,2013,821.0
005,Jo'hori,Кукуруза,Corn,Жўҳори,2013-M07,2013,946.0
006,Kepak,Отруби,Bran,Кепак,2013-M07,2013,646.0
0008,Shrot,Шрот,Schroth,Шрот,2013-M07,2013,0.0
009,Shulxa,Шелуха,Husk,Шулха,2013-M07,2013,0.0
010,Kombikorm,Комбикорм,Compound feed,Комбикорм,2013-M07,2013,1013.0
011,Oliy navli bug'doy uni,Мука пшеничная высшего сорта,High-grade wheat flour,Олий навли буғдой уни,2013-M07,2013,1225.0
0012,1-navli bug'doy uni,Мука пшеничная первого сорта,First grade wheat flour,1-навли буғдой уни,2013-M07,2013,0.0
013,1-nav bug'doy unidan non,Хлеб пшеничный из муки 1-го сорта,Wheat bread from 1st grade flour,1-нав буғдой унидан нон,2013-M07,2013,0.0
017,Mol go'shti,Говядина,Beef,Мол гўшти,2013-M07,2013,15869.0
0020,Qo'y go'shti,Баранина,Mutton,Қўй гўшти,2013-M07,2013,16770.0
022,Tovuq go'shti,Мясо птицы,Poultry,Товуқ гўшти,2013-M07,2013,0.0
026,Turli baliqlar,Рыба всякая,Fish of all kinds,Турли балиқлар,2013-M07,2013,8196.0
027,Yangi sog'ilgan sut (1 litr),Молоко свежее (1 литр),Fresh milk (1 liter),Янги соғилган сут (1 литр),2013-M07,2013,1341.0
034,Tuxum (10 dona),Яйца (10 штук),Eggs (10 pieces ),Тухум (10 дона),2013-M07,2013,2961.0
035,Paxta yog'i (1 litr),Масло хлопковое (1 литр),Cottonseed oil (1 liter),Пахта ёғи (1 литр),2013-M07,2013,0.0
0036,Kungaboqar yog'i (1 litr),Масло подсолнечное (1 литр),Sunflower oil (1 liter),Кунгабоқар ёғи (1 литр),2013-M07,2013,0.0
037,Sariyog',Масло сливочное,Butter,Сариёғ,2013-M07,2013,12917.0
039,Limon,Лимоны,Lemons,Лимон,2013-M07,2013,11094.0
0040,Olma,Яблоки,Apples,Олма,2013-M07,2013,1558.0
041,Nok,Груши,Pears,Нок,2013-M07,2013,3398.0
049,Uzum,Виноград,Grape,Узум,2013-M07,2013,2892.0
0050,Tarvuz,Арбуз,Watermelon,Тарвуз,2013-M07,2013,669.0
0051,Qovun,Дыня,Melon,Қовун,2013-M07,2013,1287.0
053,Mayiz,Кишмиш,Kishmish,Майиз,2013-M07,2013,10781.0
055,Karam,Капуста,Cabbage,Карам,2013-M07,2013,728.0
057,Bodring,Огурцы,Cucumbers,Бодринг,2013-M07,2013,760.0
058,Pomidor,Помидоры,Tomatoes,Помидор,2013-M07,2013,1199.0
059,Baqlajon,Баклажаны,Eggplant,Бақлажон,2013-M07,2013,1440.0
0060,Bulg'or qalampiri,Перец болгарский,Bell pepper,Булғор қалампири,2013-M07,2013,2160.0
061,Qovoq,Тыква,Pumpkin,Қовоқ,2013-M07,2013,0.0
063,Sabzi,Морковь,Carrot,Сабзи,2013-M07,2013,811.0
065,Sarimsoq,Чеснок,Garlic,Саримсоқ,2013-M07,2013,2072.0
066,Piyoz,Лук репчатый,Onion,Пиёз,2013-M07,2013,489.0
069,Kartoshka,Картофель,Potatoes,Картошка,2013-M07,2013,734.0
0070,Loviya,Фасоль,Beans,Ловия,2013-M07,2013,0.0
071,No'xot,Горох,Peas,Нўхот,2013-M07,2013,0.0
0072,Mosh,Маш,Mash,Мош,2013-M07,2013,0.0
073,Shakar,Сахар песок,Sugar,Шакар,2013-M07,2013,0.0
002,Kruppa yormasi,Крупа манная,Semolina,Круппа ёрмаси,2013-M07,2013,980.0
001,Guruch,Рис,Rice,Гуруч,2013-M08,2013,2593.0
003,Arpa,Ячмень,Barley,Арпа,2013-M08,2013,919.0
0004,Bug'doy,Пшеница,Wheat,Буғдой,2013-M08,2013,753.0
005,Jo'hori,Кукуруза,Corn,Жўҳори,2013-M08,2013,986.0
006,Kepak,Отруби,Bran,Кепак,2013-M08,2013,588.0
0008,Shrot,Шрот,Schroth,Шрот,2013-M08,2013,0.0
009,Shulxa,Шелуха,Husk,Шулха,2013-M08,2013,0.0
010,Kombikorm,Комбикорм,Compound feed,Комбикорм,2013-M08,2013,979.0
011,Oliy navli bug'doy uni,Мука пшеничная высшего сорта,High-grade wheat flour,Олий навли буғдой уни,2013-M08,2013,1141.0
0012,1-navli bug'doy uni,Мука пшеничная первого сорта,First grade wheat flour,1-навли буғдой уни,2013-M08,2013,0.0
013,1-nav bug'doy unidan non,Хлеб пшеничный из муки 1-го сорта,Wheat bread from 1st grade flour,1-нав буғдой унидан нон,2013-M08,2013,0.0
017,Mol go'shti,Говядина,Beef,Мол гўшти,2013-M08,2013,16389.0
0020,Qo'y go'shti,Баранина,Mutton,Қўй гўшти,2013-M08,2013,17387.0
022,Tovuq go'shti,Мясо птицы,Poultry,Товуқ гўшти,2013-M08,2013,0.0
026,Turli baliqlar,Рыба всякая,Fish of all kinds,Турли балиқлар,2013-M08,2013,8333.0
027,Yangi sog'ilgan sut (1 litr),Молоко свежее (1 литр),Fresh milk (1 liter),Янги соғилган сут (1 литр),2013-M08,2013,1338.0
034,Tuxum (10 dona),Яйца (10 штук),Eggs (10 pieces ),Тухум (10 дона),2013-M08,2013,3037.0
035,Paxta yog'i (1 litr),Масло хлопковое (1 литр),Cottonseed oil (1 liter),Пахта ёғи (1 литр),2013-M08,2013,0.0
0036,Kungaboqar yog'i (1 litr),Масло подсолнечное (1 литр),Sunflower oil (1 liter),Кунгабоқар ёғи (1 литр),2013-M08,2013,0.0
037,Sariyog',Масло сливочное,Butter,Сариёғ,2013-M08,2013,12436.0
039,Limon,Лимоны,Lemons,Лимон,2013-M08,2013,9671.0
0040,Olma,Яблоки,Apples,Олма,2013-M08,2013,1535.0
041,Nok,Груши,Pears,Нок,2013-M08,2013,3046.0
049,Uzum,Виноград,Grape,Узум,2013-M08,2013,2257.0
0050,Tarvuz,Арбуз,Watermelon,Тарвуз,2013-M08,2013,638.0
0051,Qovun,Дыня,Melon,Қовун,2013-M08,2013,1237.0
053,Mayiz,Кишмиш,Kishmish,Майиз,2013-M08,2013,11156.0
055,Karam,Капуста,Cabbage,Карам,2013-M08,2013,742.0
057,Bodring,Огурцы,Cucumbers,Бодринг,2013-M08,2013,675.0
058,Pomidor,Помидоры,Tomatoes,Помидор,2013-M08,2013,852.0
059,Baqlajon,Баклажаны,Eggplant,Бақлажон,2013-M08,2013,1083.0
0060,Bulg'or qalampiri,Перец болгарский,Bell pepper,Булғор қалампири,2013-M08,2013,1812.0
061,Qovoq,Тыква,Pumpkin,Қовоқ,2013-M08,2013,731.0
063,Sabzi,Морковь,Carrot,Сабзи,2013-M08,2013,896.0
065,Sarimsoq,Чеснок,Garlic,Саримсоқ,2013-M08,2013,2043.0
066,Piyoz,Лук репчатый,Onion,Пиёз,2013-M08,2013,497.0
069,Kartoshka,Картофель,Potatoes,Картошка,2013-M08,2013,737.0
0070,Loviya,Фасоль,Beans,Ловия,2013-M08,2013,0.0
071,No'xot,Горох,Peas,Нўхот,2013-M08,2013,0.0
0072,Mosh,Маш,Mash,Мош,2013-M08,2013,0.0
073,Shakar,Сахар песок,Sugar,Шакар,2013-M08,2013,0.0
002,Kruppa yormasi,Крупа манная,Semolina,Круппа ёрмаси,2013-M08,2013,919.0
001,Guruch,Рис,Rice,Гуруч,2013-M09,2013,2606.0
003,Arpa,Ячмень,Barley,Арпа,2013-M09,2013,963.0
0004,Bug'doy,Пшеница,Wheat,Буғдой,2013-M09,2013,796.0
005,Jo'hori,Кукуруза,Corn,Жўҳори,2013-M09,2013,996.0
006,Kepak,Отруби,Bran,Кепак,2013-M09,2013,580.0
0008,Shrot,Шрот,Schroth,Шрот,2013-M09,2013,0.0
009,Shulxa,Шелуха,Husk,Шулха,2013-M09,2013,0.0
010,Kombikorm,Комбикорм,Compound feed,Комбикорм,2013-M09,2013,1022.0
011,Oliy navli bug'doy uni,Мука пшеничная высшего сорта,High-grade wheat flour,Олий навли буғдой уни,2013-M09,2013,1191.0
0012,1-navli bug'doy uni,Мука пшеничная первого сорта,First grade wheat flour,1-навли буғдой уни,2013-M09,2013,0.0
013,1-nav bug'doy unidan non,Хлеб пшеничный из муки 1-го сорта,Wheat bread from 1st grade flour,1-нав буғдой унидан нон,2013-M09,2013,0.0
017,Mol go'shti,Говядина,Beef,Мол гўшти,2013-M09,2013,16867.0
0020,Qo'y go'shti,Баранина,Mutton,Қўй гўшти,2013-M09,2013,18000.0
022,Tovuq go'shti,Мясо птицы,Poultry,Товуқ гўшти,2013-M09,2013,0.0
026,Turli baliqlar,Рыба всякая,Fish of all kinds,Турли балиқлар,2013-M09,2013,10000.0
027,Yangi sog'ilgan sut (1 litr),Молоко свежее (1 литр),Fresh milk (1 liter),Янги соғилган сут (1 литр),2013-M09,2013,1358.0
034,Tuxum (10 dona),Яйца (10 штук),Eggs (10 pieces ),Тухум (10 дона),2013-M09,2013,3241.0
035,Paxta yog'i (1 litr),Масло хлопковое (1 литр),Cottonseed oil (1 liter),Пахта ёғи (1 литр),2013-M09,2013,0.0
0036,Kungaboqar yog'i (1 litr),Масло подсолнечное (1 литр),Sunflower oil (1 liter),Кунгабоқар ёғи (1 литр),2013-M09,2013,0.0
037,Sariyog',Масло сливочное,Butter,Сариёғ,2013-M09,2013,12745.0
039,Limon,Лимоны,Lemons,Лимон,2013-M09,2013,9920.0
0040,Olma,Яблоки,Apples,Олма,2013-M09,2013,1559.0
041,Nok,Груши,Pears,Нок,2013-M09,2013,3027.0
049,Uzum,Виноград,Grape,Узум,2013-M09,2013,2037.0
0050,Tarvuz,Арбуз,Watermelon,Тарвуз,2013-M09,2013,687.0
0051,Qovun,Дыня,Melon,Қовун,2013-M09,2013,1202.0
053,Mayiz,Кишмиш,Kishmish,Майиз,2013-M09,2013,11731.0
055,Karam,Капуста,Cabbage,Карам,2013-M09,2013,813.0
057,Bodring,Огурцы,Cucumbers,Бодринг,2013-M09,2013,817.0
058,Pomidor,Помидоры,Tomatoes,Помидор,2013-M09,2013,851.0
059,Baqlajon,Баклажаны,Eggplant,Бақлажон,2013-M09,2013,1071.0
0060,Bulg'or qalampiri,Перец болгарский,Bell pepper,Булғор қалампири,2013-M09,2013,1761.0
061,Qovoq,Тыква,Pumpkin,Қовоқ,2013-M09,2013,685.0
063,Sabzi,Морковь,Carrot,Сабзи,2013-M09,2013,990.0
065,Sarimsoq,Чеснок,Garlic,Саримсоқ,2013-M09,2013,1896.0
066,Piyoz,Лук репчатый,Onion,Пиёз,2013-M09,2013,526.0
069,Kartoshka,Картофель,Potatoes,Картошка,2013-M09,2013,877.0
0070,Loviya,Фасоль,Beans,Ловия,2013-M09,2013,0.0
071,No'xot,Горох,Peas,Нўхот,2013-M09,2013,0.0
0072,Mosh,Маш,Mash,Мош,2013-M09,2013,0.0
073,Shakar,Сахар песок,Sugar,Шакар,2013-M09,2013,0.0
002,Kruppa yormasi,Крупа манная,Semolina,Круппа ёрмаси,2013-M09,2013,963.0
001,Guruch,Рис,Rice,Гуруч,2013-M10,2013,2659.0
003,Arpa,Ячмень,Barley,Арпа,2013-M10,2013,979.0
0004,Bug'doy,Пшеница,Wheat,Буғдой,2013-M10,2013,825.0
005,Jo'hori,Кукуруза,Corn,Жўҳори,2013-M10,2013,1039.0
006,Kepak,Отруби,Bran,Кепак,2013-M10,2013,594.0
0008,Shrot,Шрот,Schroth,Шрот,2013-M10,2013,0.0
009,Shulxa,Шелуха,Husk,Шулха,2013-M10,2013,0.0
010,Kombikorm,Комбикорм,Compound feed,Комбикорм,2013-M10,2013,1043.0
011,Oliy navli bug'doy uni,Мука пшеничная высшего сорта,High-grade wheat flour,Олий навли буғдой уни,2013-M10,2013,1239.0
0012,1-navli bug'doy uni,Мука пшеничная первого сорта,First grade wheat flour,1-навли буғдой уни,2013-M10,2013,0.0
013,1-nav bug'doy unidan non,Хлеб пшеничный из муки 1-го сорта,Wheat bread from 1st grade flour,1-нав буғдой унидан нон,2013-M10,2013,0.0
017,Mol go'shti,Говядина,Beef,Мол гўшти,2013-M10,2013,17244.0
0020,Qo'y go'shti,Баранина,Mutton,Қўй гўшти,2013-M10,2013,18311.0
022,Tovuq go'shti,Мясо птицы,Poultry,Товуқ гўшти,2013-M10,2013,0.0
026,Turli baliqlar,Рыба всякая,Fish of all kinds,Турли балиқлар,2013-M10,2013,9426.0
027,Yangi sog'ilgan sut (1 litr),Молоко свежее (1 литр),Fresh milk (1 liter),Янги соғилган сут (1 литр),2013-M10,2013,1456.0
034,Tuxum (10 dona),Яйца (10 штук),Eggs (10 pieces ),Тухум (10 дона),2013-M10,2013,3644.0
035,Paxta yog'i (1 litr),Масло хлопковое (1 литр),Cottonseed oil (1 liter),Пахта ёғи (1 литр),2013-M10,2013,0.0
0036,Kungaboqar yog'i (1 litr),Масло подсолнечное (1 литр),Sunflower oil (1 liter),Кунгабоқар ёғи (1 литр),2013-M10,2013,0.0
037,Sariyog',Масло сливочное,Butter,Сариёғ,2013-M10,2013,12960.0
039,Limon,Лимоны,Lemons,Лимон,2013-M10,2013,10143.0
0040,Olma,Яблоки,Apples,Олма,2013-M10,2013,1631.0
041,Nok,Груши,Pears,Нок,2013-M10,2013,3306.0
049,Uzum,Виноград,Grape,Узум,2013-M10,2013,2183.0
0050,Tarvuz,Арбуз,Watermelon,Тарвуз,2013-M10,2013,729.0
0051,Qovun,Дыня,Melon,Қовун,2013-M10,2013,1327.0
053,Mayiz,Кишмиш,Kishmish,Майиз,2013-M10,2013,11741.0
055,Karam,Капуста,Cabbage,Карам,2013-M10,2013,749.0
057,Bodring,Огурцы,Cucumbers,Бодринг,2013-M10,2013,994.0
058,Pomidor,Помидоры,Tomatoes,Помидор,2013-M10,2013,1087.0
059,Baqlajon,Баклажаны,Eggplant,Бақлажон,2013-M10,2013,1072.0
0060,Bulg'or qalampiri,Перец болгарский,Bell pepper,Булғор қалампири,2013-M10,2013,1682.0
061,Qovoq,Тыква,Pumpkin,Қовоқ,2013-M10,2013,858.0
063,Sabzi,Морковь,Carrot,Сабзи,2013-M10,2013,993.0
065,Sarimsoq,Чеснок,Garlic,Саримсоқ,2013-M10,2013,2028.0
066,Piyoz,Лук репчатый,Onion,Пиёз,2013-M10,2013,512.0
069,Kartoshka,Картофель,Potatoes,Картошка,2013-M10,2013,984.0
0070,Loviya,Фасоль,Beans,Ловия,2013-M10,2013,0.0
071,No'xot,Горох,Peas,Нўхот,2013-M10,2013,0.0
0072,Mosh,Маш,Mash,Мош,2013-M10,2013,0.0
073,Shakar,Сахар песок,Sugar,Шакар,2013-M10,2013,0.0
002,Kruppa yormasi,Крупа манная,Semolina,Круппа ёрмаси,2013-M10,2013,979.0
001,Guruch,Рис,Rice,Гуруч,2013-M11,2013,2644.0
003,Arpa,Ячмень,Barley,Арпа,2013-M11,2013,981.0
0004,Bug'doy,Пшеница,Wheat,Буғдой,2013-M11,2013,846.0
005,Jo'hori,Кукуруза,Corn,Жўҳори,2013-M11,2013,967.0
006,Kepak,Отруби,Bran,Кепак,2013-M11,2013,600.0
0008,Shrot,Шрот,Schroth,Шрот,2013-M11,2013,0.0
009,Shulxa,Шелуха,Husk,Шулха,2013-M11,2013,0.0
010,Kombikorm,Комбикорм,Compound feed,Комбикорм,2013-M11,2013,1033.0
011,Oliy navli bug'doy uni,Мука пшеничная высшего сорта,High-grade wheat flour,Олий навли буғдой уни,2013-M11,2013,1250.0
0012,1-navli bug'doy uni,Мука пшеничная первого сорта,First grade wheat flour,1-навли буғдой уни,2013-M11,2013,0.0
013,1-nav bug'doy unidan non,Хлеб пшеничный из муки 1-го сорта,Wheat bread from 1st grade flour,1-нав буғдой унидан нон,2013-M11,2013,0.0
017,Mol go'shti,Говядина,Beef,Мол гўшти,2013-M11,2013,17667.0
0020,Qo'y go'shti,Баранина,Mutton,Қўй гўшти,2013-M11,2013,18700.0
022,Tovuq go'shti,Мясо птицы,Poultry,Товуқ гўшти,2013-M11,2013,0.0
026,Turli baliqlar,Рыба всякая,Fish of all kinds,Турли балиқлар,2013-M11,2013,8543.0
027,Yangi sog'ilgan sut (1 litr),Молоко свежее (1 литр),Fresh milk (1 liter),Янги соғилган сут (1 литр),2013-M11,2013,1504.0
034,Tuxum (10 dona),Яйца (10 штук),Eggs (10 pieces ),Тухум (10 дона),2013-M11,2013,3864.0
035,Paxta yog'i (1 litr),Масло хлопковое (1 литр),Cottonseed oil (1 liter),Пахта ёғи (1 литр),2013-M11,2013,0.0
0036,Kungaboqar yog'i (1 litr),Масло подсолнечное (1 литр),Sunflower oil (1 liter),Кунгабоқар ёғи (1 литр),2013-M11,2013,0.0
037,Sariyog',Масло сливочное,Butter,Сариёғ,2013-M11,2013,13149.0
039,Limon,Лимоны,Lemons,Лимон,2013-M11,2013,8973.0
0040,Olma,Яблоки,Apples,Олма,2013-M11,2013,1676.0
041,Nok,Груши,Pears,Нок,2013-M11,2013,3737.0
049,Uzum,Виноград,Grape,Узум,2013-M11,2013,2118.0
0050,Tarvuz,Арбуз,Watermelon,Тарвуз,2013-M11,2013,787.0
0051,Qovun,Дыня,Melon,Қовун,2013-M11,2013,1334.0
053,Mayiz,Кишмиш,Kishmish,Майиз,2013-M11,2013,10640.0
055,Karam,Капуста,Cabbage,Карам,2013-M11,2013,644.0
057,Bodring,Огурцы,Cucumbers,Бодринг,2013-M11,2013,1551.0
058,Pomidor,Помидоры,Tomatoes,Помидор,2013-M11,2013,1450.0
059,Baqlajon,Баклажаны,Eggplant,Бақлажон,2013-M11,2013,1126.0
0060,Bulg'or qalampiri,Перец болгарский,Bell pepper,Булғор қалампири,2013-M11,2013,1417.0
061,Qovoq,Тыква,Pumpkin,Қовоқ,2013-M11,2013,894.0
063,Sabzi,Морковь,Carrot,Сабзи,2013-M11,2013,754.0
065,Sarimsoq,Чеснок,Garlic,Саримсоқ,2013-M11,2013,2066.0
066,Piyoz,Лук репчатый,Onion,Пиёз,2013-M11,2013,462.0
069,Kartoshka,Картофель,Potatoes,Картошка,2013-M11,2013,1018.0
0070,Loviya,Фасоль,Beans,Ловия,2013-M11,2013,0.0
071,No'xot,Горох,Peas,Нўхот,2013-M11,2013,0.0
0072,Mosh,Маш,Mash,Мош,2013-M11,2013,0.0
073,Shakar,Сахар песок,Sugar,Шакар,2013-M11,2013,0.0
002,Kruppa yormasi,Крупа манная,Semolina,Круппа ёрмаси,2013-M11,2013,981.0
001,Guruch,Рис,Rice,Гуруч,2013-M12,2013,2654.0
003,Arpa,Ячмень,Barley,Арпа,2013-M12,2013,1001.0
0004,Bug'doy,Пшеница,Wheat,Буғдой,2013-M12,2013,887.0
005,Jo'hori,Кукуруза,Corn,Жўҳори,2013-M12,2013,950.0
006,Kepak,Отруби,Bran,Кепак,2013-M12,2013,624.0
0008,Shrot,Шрот,Schroth,Шрот,2013-M12,2013,0.0
009,Shulxa,Шелуха,Husk,Шулха,2013-M12,2013,0.0
010,Kombikorm,Комбикорм,Compound feed,Комбикорм,2013-M12,2013,1073.0
011,Oliy navli bug'doy uni,Мука пшеничная высшего сорта,High-grade wheat flour,Олий навли буғдой уни,2013-M12,2013,1265.0
0012,1-navli bug'doy uni,Мука пшеничная первого сорта,First grade wheat flour,1-навли буғдой уни,2013-M12,2013,0.0
013,1-nav bug'doy unidan non,Хлеб пшеничный из муки 1-го сорта,Wheat bread from 1st grade flour,1-нав буғдой унидан нон,2013-M12,2013,0.0
017,Mol go'shti,Говядина,Beef,Мол гўшти,2013-M12,2013,17938.0
0020,Qo'y go'shti,Баранина,Mutton,Қўй гўшти,2013-M12,2013,18733.0
022,Tovuq go'shti,Мясо птицы,Poultry,Товуқ гўшти,2013-M12,2013,0.0
026,Turli baliqlar,Рыба всякая,Fish of all kinds,Турли балиқлар,2013-M12,2013,7898.0
027,Yangi sog'ilgan sut (1 litr),Молоко свежее (1 литр),Fresh milk (1 liter),Янги соғилган сут (1 литр),2013-M12,2013,1559.0
034,Tuxum (10 dona),Яйца (10 штук),Eggs (10 pieces ),Тухум (10 дона),2013-M12,2013,3978.0
035,Paxta yog'i (1 litr),Масло хлопковое (1 литр),Cottonseed oil (1 liter),Пахта ёғи (1 литр),2013-M12,2013,0.0
0036,Kungaboqar yog'i (1 litr),Масло подсолнечное (1 литр),Sunflower oil (1 liter),Кунгабоқар ёғи (1 литр),2013-M12,2013,0.0
037,Sariyog',Масло сливочное,Butter,Сариёғ,2013-M12,2013,13940.0
039,Limon,Лимоны,Lemons,Лимон,2013-M12,2013,8628.0
0040,Olma,Яблоки,Apples,Олма,2013-M12,2013,2006.0
041,Nok,Груши,Pears,Нок,2013-M12,2013,4193.0
049,Uzum,Виноград,Grape,Узум,2013-M12,2013,2753.0
0050,Tarvuz,Арбуз,Watermelon,Тарвуз,2013-M12,2013,921.0
0051,Qovun,Дыня,Melon,Қовун,2013-M12,2013,1353.0
053,Mayiz,Кишмиш,Kishmish,Майиз,2013-M12,2013,10823.0
055,Karam,Капуста,Cabbage,Карам,2013-M12,2013,592.0
057,Bodring,Огурцы,Cucumbers,Бодринг,2013-M12,2013,2546.0
058,Pomidor,Помидоры,Tomatoes,Помидор,2013-M12,2013,2360.0
059,Baqlajon,Баклажаны,Eggplant,Бақлажон,2013-M12,2013,0.0
0060,Bulg'or qalampiri,Перец болгарский,Bell pepper,Булғор қалампири,2013-M12,2013,1660.0
061,Qovoq,Тыква,Pumpkin,Қовоқ,2013-M12,2013,796.0
063,Sabzi,Морковь,Carrot,Сабзи,2013-M12,2013,572.0
065,Sarimsoq,Чеснок,Garlic,Саримсоқ,2013-M12,2013,2222.0
066,Piyoz,Лук репчатый,Onion,Пиёз,2013-M12,2013,476.0
069,Kartoshka,Картофель,Potatoes,Картошка,2013-M12,2013,1133.0
0070,Loviya,Фасоль,Beans,Ловия,2013-M12,2013,0.0
071,No'xot,Горох,Peas,Нўхот,2013-M12,2013,0.0
0072,Mosh,Маш,Mash,Мош,2013-M12,2013,0.0
073,Shakar,Сахар песок,Sugar,Шакар,2013-M12,2013,0.0
002,Kruppa yormasi,Крупа манная,Semolina,Круппа ёрмаси,2013-M12,2013,1001.0
001,Guruch,Рис,Rice,Гуруч,2014-M01,2014,2779.0
003,Arpa,Ячмень,Barley,Арпа,2014-M01,2014,1048.0
0004,Bug'doy,Пшеница,Wheat,Буғдой,2014-M01,2014,920.0
005,Jo'hori,Кукуруза,Corn,Жўҳори,2014-M01,2014,990.0
006,Kepak,Отруби,Bran,Кепак,2014-M01,2014,688.0
0008,Shrot,Шрот,Schroth,Шрот,2014-M01,2014,0.0
009,Shulxa,Шелуха,Husk,Шулха,2014-M01,2014,0.0
010,Kombikorm,Комбикорм,Compound feed,Комбикорм,2014-M01,2014,1102.0
011,Oliy navli bug'doy uni,Мука пшеничная высшего сорта,High-grade wheat flour,Олий навли буғдой уни,2014-M01,2014,1545.0
0012,1-navli bug'doy uni,Мука пшеничная первого сорта,First grade wheat flour,1-навли буғдой уни,2014-M01,2014,0.0
013,1-nav bug'doy unidan non,Хлеб пшеничный из муки 1-го сорта,Wheat bread from 1st grade flour,1-нав буғдой унидан нон,2014-M01,2014,0.0
017,Mol go'shti,Говядина,Beef,Мол гўшти,2014-M01,2014,18489.0
0020,Qo'y go'shti,Баранина,Mutton,Қўй гўшти,2014-M01,2014,19356.0
022,Tovuq go'shti,Мясо птицы,Poultry,Товуқ гўшти,2014-M01,2014,0.0
026,Turli baliqlar,Рыба всякая,Fish of all kinds,Турли балиқлар,2014-M01,2014,8642.0
027,Yangi sog'ilgan sut (1 litr),Молоко свежее (1 литр),Fresh milk (1 liter),Янги соғилган сут (1 литр),2014-M01,2014,1649.0
034,Tuxum (10 dona),Яйца (10 штук),Eggs (10 pieces ),Тухум (10 дона),2014-M01,2014,4011.0
035,Paxta yog'i (1 litr),Масло хлопковое (1 литр),Cottonseed oil (1 liter),Пахта ёғи (1 литр),2014-M01,2014,0.0
0036,Kungaboqar yog'i (1 litr),Масло подсолнечное (1 литр),Sunflower oil (1 liter),Кунгабоқар ёғи (1 литр),2014-M01,2014,0.0
037,Sariyog',Масло сливочное,Butter,Сариёғ,2014-M01,2014,14531.0
039,Limon,Лимоны,Lemons,Лимон,2014-M01,2014,8707.0
0040,Olma,Яблоки,Apples,Олма,2014-M01,2014,2767.0
041,Nok,Груши,Pears,Нок,2014-M01,2014,4604.0
049,Uzum,Виноград,Grape,Узум,2014-M01,2014,3402.0
0050,Tarvuz,Арбуз,Watermelon,Тарвуз,2014-M01,2014,1073.0
0051,Qovun,Дыня,Melon,Қовун,2014-M01,2014,1447.0
053,Mayiz,Кишмиш,Kishmish,Майиз,2014-M01,2014,11258.0
055,Karam,Капуста,Cabbage,Карам,2014-M01,2014,644.0
057,Bodring,Огурцы,Cucumbers,Бодринг,2014-M01,2014,3686.0
058,Pomidor,Помидоры,Tomatoes,Помидор,2014-M01,2014,3367.0
059,Baqlajon,Баклажаны,Eggplant,Бақлажон,2014-M01,2014,0.0
0060,Bulg'or qalampiri,Перец болгарский,Bell pepper,Булғор қалампири,2014-M01,2014,0.0
061,Qovoq,Тыква,Pumpkin,Қовоқ,2014-M01,2014,847.0
063,Sabzi,Морковь,Carrot,Сабзи,2014-M01,2014,614.0
065,Sarimsoq,Чеснок,Garlic,Саримсоқ,2014-M01,2014,2530.0
066,Piyoz,Лук репчатый,Onion,Пиёз,2014-M01,2014,521.0
069,Kartoshka,Картофель,Potatoes,Картошка,2014-M01,2014,1300.0
0070,Loviya,Фасоль,Beans,Ловия,2014-M01,2014,0.0
071,No'xot,Горох,Peas,Нўхот,2014-M01,2014,0.0
0072,Mosh,Маш,Mash,Мош,2014-M01,2014,0.0
073,Shakar,Сахар песок,Sugar,Шакар,2014-M01,2014,0.0
002,Kruppa yormasi,Крупа манная,Semolina,Круппа ёрмаси,2014-M01,2014,1048.0
001,Guruch,Рис,Rice,Гуруч,2014-M02,2014,2837.0
003,Arpa,Ячмень,Barley,Арпа,2014-M02,2014,1069.0
0004,Bug'doy,Пшеница,Wheat,Буғдой,2014-M02,2014,948.0
005,Jo'hori,Кукуруза,Corn,Жўҳори,2014-M02,2014,1020.0
006,Kepak,Отруби,Bran,Кепак,2014-M02,2014,721.0
0008,Shrot,Шрот,Schroth,Шрот,2014-M02,2014,0.0
009,Shulxa,Шелуха,Husk,Шулха,2014-M02,2014,0.0
010,Kombikorm,Комбикорм,Compound feed,Комбикорм,2014-M02,2014,1124.0
011,Oliy navli bug'doy uni,Мука пшеничная высшего сорта,High-grade wheat flour,Олий навли буғдой уни,2014-M02,2014,1674.0
0012,1-navli bug'doy uni,Мука пшеничная первого сорта,First grade wheat flour,1-навли буғдой уни,2014-M02,2014,0.0
013,1-nav bug'doy unidan non,Хлеб пшеничный из муки 1-го сорта,Wheat bread from 1st grade flour,1-нав буғдой унидан нон,2014-M02,2014,0.0
017,Mol go'shti,Говядина,Beef,Мол гўшти,2014-M02,2014,18922.0
0020,Qo'y go'shti,Баранина,Mutton,Қўй гўшти,2014-M02,2014,20111.0
022,Tovuq go'shti,Мясо птицы,Poultry,Товуқ гўшти,2014-M02,2014,0.0
026,Turli baliqlar,Рыба всякая,Fish of all kinds,Турли балиқлар,2014-M02,2014,9067.0
027,Yangi sog'ilgan sut (1 litr),Молоко свежее (1 литр),Fresh milk (1 liter),Янги соғилган сут (1 литр),2014-M02,2014,1700.0
034,Tuxum (10 dona),Яйца (10 штук),Eggs (10 pieces ),Тухум (10 дона),2014-M02,2014,4010.0
035,Paxta yog'i (1 litr),Масло хлопковое (1 литр),Cottonseed oil (1 liter),Пахта ёғи (1 литр),2014-M02,2014,0.0
0036,Kungaboqar yog'i (1 litr),Масло подсолнечное (1 литр),Sunflower oil (1 liter),Кунгабоқар ёғи (1 литр),2014-M02,2014,0.0
037,Sariyog',Масло сливочное,Butter,Сариёғ,2014-M02,2014,14810.0
039,Limon,Лимоны,Lemons,Лимон,2014-M02,2014,8831.0
0040,Olma,Яблоки,Apples,Олма,2014-M02,2014,3274.0
041,Nok,Груши,Pears,Нок,2014-M02,2014,5069.0
049,Uzum,Виноград,Grape,Узум,2014-M02,2014,4209.0
0050,Tarvuz,Арбуз,Watermelon,Тарвуз,2014-M02,2014,0.0
0051,Qovun,Дыня,Melon,Қовун,2014-M02,2014,0.0
053,Mayiz,Кишмиш,Kishmish,Майиз,2014-M02,2014,11669.0
055,Karam,Капуста,Cabbage,Карам,2014-M02,2014,691.0
057,Bodring,Огурцы,Cucumbers,Бодринг,2014-M02,2014,4991.0
058,Pomidor,Помидоры,Tomatoes,Помидор,2014-M02,2014,4282.0
059,Baqlajon,Баклажаны,Eggplant,Бақлажон,2014-M02,2014,0.0
0060,Bulg'or qalampiri,Перец болгарский,Bell pepper,Булғор қалампири,2014-M02,2014,0.0
061,Qovoq,Тыква,Pumpkin,Қовоқ,2014-M02,2014,941.0
063,Sabzi,Морковь,Carrot,Сабзи,2014-M02,2014,705.0
065,Sarimsoq,Чеснок,Garlic,Саримсоқ,2014-M02,2014,3131.0
066,Piyoz,Лук репчатый,Onion,Пиёз,2014-M02,2014,569.0
069,Kartoshka,Картофель,Potatoes,Картошка,2014-M02,2014,1432.0
0070,Loviya,Фасоль,Beans,Ловия,2014-M02,2014,0.0
071,No'xot,Горох,Peas,Нўхот,2014-M02,2014,0.0
0072,Mosh,Маш,Mash,Мош,2014-M02,2014,0.0
073,Shakar,Сахар песок,Sugar,Шакар,2014-M02,2014,0.0
002,Kruppa yormasi,Крупа манная,Semolina,Круппа ёрмаси,2014-M02,2014,1069.0
001,Guruch,Рис,Rice,Гуруч,2014-M03,2014,2913.0
003,Arpa,Ячмень,Barley,Арпа,2014-M03,2014,1078.0
0004,Bug'doy,Пшеница,Wheat,Буғдой,2014-M03,2014,970.0
005,Jo'hori,Кукуруза,Corn,Жўҳори,2014-M03,2014,1044.0
006,Kepak,Отруби,Bran,Кепак,2014-M03,2014,737.0
0008,Shrot,Шрот,Schroth,Шрот,2014-M03,2014,0.0
009,Shulxa,Шелуха,Husk,Шулха,2014-M03,2014,0.0
010,Kombikorm,Комбикорм,Compound feed,Комбикорм,2014-M03,2014,1168.0
011,Oliy navli bug'doy uni,Мука пшеничная высшего сорта,High-grade wheat flour,Олий навли буғдой уни,2014-M03,2014,1689.0
0012,1-navli bug'doy uni,Мука пшеничная первого сорта,First grade wheat flour,1-навли буғдой уни,2014-M03,2014,0.0
013,1-nav bug'doy unidan non,Хлеб пшеничный из муки 1-го сорта,Wheat bread from 1st grade flour,1-нав буғдой унидан нон,2014-M03,2014,0.0
017,Mol go'shti,Говядина,Beef,Мол гўшти,2014-M03,2014,19367.0
0020,Qo'y go'shti,Баранина,Mutton,Қўй гўшти,2014-M03,2014,20444.0
022,Tovuq go'shti,Мясо птицы,Poultry,Товуқ гўшти,2014-M03,2014,0.0
026,Turli baliqlar,Рыба всякая,Fish of all kinds,Турли балиқлар,2014-M03,2014,9444.0
027,Yangi sog'ilgan sut (1 litr),Молоко свежее (1 литр),Fresh milk (1 liter),Янги соғилган сут (1 литр),2014-M03,2014,1698.0
034,Tuxum (10 dona),Яйца (10 штук),Eggs (10 pieces ),Тухум (10 дона),2014-M03,2014,3730.0
035,Paxta yog'i (1 litr),Масло хлопковое (1 литр),Cottonseed oil (1 liter),Пахта ёғи (1 литр),2014-M03,2014,0.0
0036,Kungaboqar yog'i (1 litr),Масло подсолнечное (1 литр),Sunflower oil (1 liter),Кунгабоқар ёғи (1 литр),2014-M03,2014,0.0
037,Sariyog',Масло сливочное,Butter,Сариёғ,2014-M03,2014,15155.0
039,Limon,Лимоны,Lemons,Лимон,2014-M03,2014,8233.0
0040,Olma,Яблоки,Apples,Олма,2014-M03,2014,3282.0
041,Nok,Груши,Pears,Нок,2014-M03,2014,5202.0
049,Uzum,Виноград,Grape,Узум,2014-M03,2014,5575.0
0050,Tarvuz,Арбуз,Watermelon,Тарвуз,2014-M03,2014,0.0
0051,Qovun,Дыня,Melon,Қовун,2014-M03,2014,0.0
053,Mayiz,Кишмиш,Kishmish,Майиз,2014-M03,2014,12511.0
055,Karam,Капуста,Cabbage,Карам,2014-M03,2014,714.0
057,Bodring,Огурцы,Cucumbers,Бодринг,2014-M03,2014,5667.0
058,Pomidor,Помидоры,Tomatoes,Помидор,2014-M03,2014,5446.0
059,Baqlajon,Баклажаны,Eggplant,Бақлажон,2014-M03,2014,0.0
0060,Bulg'or qalampiri,Перец болгарский,Bell pepper,Булғор қалампири,2014-M03,2014,0.0
061,Qovoq,Тыква,Pumpkin,Қовоқ,2014-M03,2014,1217.0
063,Sabzi,Морковь,Carrot,Сабзи,2014-M03,2014,796.0
065,Sarimsoq,Чеснок,Garlic,Саримсоқ,2014-M03,2014,4491.0
066,Piyoz,Лук репчатый,Onion,Пиёз,2014-M03,2014,612.0
069,Kartoshka,Картофель,Potatoes,Картошка,2014-M03,2014,1613.0
0070,Loviya,Фасоль,Beans,Ловия,2014-M03,2014,0.0
071,No'xot,Горох,Peas,Нўхот,2014-M03,2014,0.0
0072,Mosh,Маш,Mash,Мош,2014-M03,2014,0.0
073,Shakar,Сахар песок,Sugar,Шакар,2014-M03,2014,0.0
002,Kruppa yormasi,Крупа манная,Semolina,Круппа ёрмаси,2014-M03,2014,1078.0
001,Guruch,Рис,Rice,Гуруч,2014-M04,2014,2969.0
003,Arpa,Ячмень,Barley,Арпа,2014-M04,2014,1101.0
0004,Bug'doy,Пшеница,Wheat,Буғдой,2014-M04,2014,1012.0
005,Jo'hori,Кукуруза,Corn,Жўҳори,2014-M04,2014,1073.0
006,Kepak,Отруби,Bran,Кепак,2014-M04,2014,759.0
0008,Shrot,Шрот,Schroth,Шрот,2014-M04,2014,0.0
009,Shulxa,Шелуха,Husk,Шулха,2014-M04,2014,0.0
010,Kombikorm,Комбикорм,Compound feed,Комбикорм,2014-M04,2014,1222.0
011,Oliy navli bug'doy uni,Мука пшеничная высшего сорта,High-grade wheat flour,Олий навли буғдой уни,2014-M04,2014,1712.0
0012,1-navli bug'doy uni,Мука пшеничная первого сорта,First grade wheat flour,1-навли буғдой уни,2014-M04,2014,0.0
013,1-nav bug'doy unidan non,Хлеб пшеничный из муки 1-го сорта,Wheat bread from 1st grade flour,1-нав буғдой унидан нон,2014-M04,2014,0.0
017,Mol go'shti,Говядина,Beef,Мол гўшти,2014-M04,2014,19722.0
0020,Qo'y go'shti,Баранина,Mutton,Қўй гўшти,2014-M04,2014,20922.0
022,Tovuq go'shti,Мясо птицы,Poultry,Товуқ гўшти,2014-M04,2014,0.0
026,Turli baliqlar,Рыба всякая,Fish of all kinds,Турли балиқлар,2014-M04,2014,9967.0
027,Yangi sog'ilgan sut (1 litr),Молоко свежее (1 литр),Fresh milk (1 liter),Янги соғилган сут (1 литр),2014-M04,2014,1707.0
034,Tuxum (10 dona),Яйца (10 штук),Eggs (10 pieces ),Тухум (10 дона),2014-M04,2014,3228.0
035,Paxta yog'i (1 litr),Масло хлопковое (1 литр),Cottonseed oil (1 liter),Пахта ёғи (1 литр),2014-M04,2014,0.0
0036,Kungaboqar yog'i (1 litr),Масло подсолнечное (1 литр),Sunflower oil (1 liter),Кунгабоқар ёғи (1 литр),2014-M04,2014,0.0
037,Sariyog',Масло сливочное,Butter,Сариёғ,2014-M04,2014,15333.0
039,Limon,Лимоны,Lemons,Лимон,2014-M04,2014,7264.0
0040,Olma,Яблоки,Apples,Олма,2014-M04,2014,3340.0
041,Nok,Груши,Pears,Нок,2014-M04,2014,5497.0
049,Uzum,Виноград,Grape,Узум,2014-M04,2014,6463.0
0050,Tarvuz,Арбуз,Watermelon,Тарвуз,2014-M04,2014,0.0
0051,Qovun,Дыня,Melon,Қовун,2014-M04,2014,0.0
053,Mayiz,Кишмиш,Kishmish,Майиз,2014-M04,2014,13156.0
055,Karam,Капуста,Cabbage,Карам,2014-M04,2014,1115.0
057,Bodring,Огурцы,Cucumbers,Бодринг,2014-M04,2014,5656.0
058,Pomidor,Помидоры,Tomatoes,Помидор,2014-M04,2014,6687.0
059,Baqlajon,Баклажаны,Eggplant,Бақлажон,2014-M04,2014,0.0
0060,Bulg'or qalampiri,Перец болгарский,Bell pepper,Булғор қалампири,2014-M04,2014,0.0
061,Qovoq,Тыква,Pumpkin,Қовоқ,2014-M04,2014,0.0
063,Sabzi,Морковь,Carrot,Сабзи,2014-M04,2014,980.0
065,Sarimsoq,Чеснок,Garlic,Саримсоқ,2014-M04,2014,4702.0
066,Piyoz,Лук репчатый,Onion,Пиёз,2014-M04,2014,773.0
069,Kartoshka,Картофель,Potatoes,Картошка,2014-M04,2014,2342.0
0070,Loviya,Фасоль,Beans,Ловия,2014-M04,2014,0.0
071,No'xot,Горох,Peas,Нўхот,2014-M04,2014,0.0
0072,Mosh,Маш,Mash,Мош,2014-M04,2014,0.0
073,Shakar,Сахар песок,Sugar,Шакар,2014-M04,2014,0.0
002,Kruppa yormasi,Крупа манная,Semolina,Круппа ёрмаси,2014-M04,2014,1101.0
001,Guruch,Рис,Rice,Гуруч,2014-M05,2014,3023.0
003,Arpa,Ячмень,Barley,Арпа,2014-M05,2014,1122.0
0004,Bug'doy,Пшеница,Wheat,Буғдой,2014-M05,2014,1060.0
005,Jo'hori,Кукуруза,Corn,Жўҳори,2014-M05,2014,1137.0
006,Kepak,Отруби,Bran,Кепак,2014-M05,2014,814.0
0008,Shrot,Шрот,Schroth,Шрот,2014-M05,2014,0.0
009,Shulxa,Шелуха,Husk,Шулха,2014-M05,2014,0.0
010,Kombikorm,Комбикорм,Compound feed,Комбикорм,2014-M05,2014,1009.0
011,Oliy navli bug'doy uni,Мука пшеничная высшего сорта,High-grade wheat flour,Олий навли буғдой уни,2014-M05,2014,1736.0
0012,1-navli bug'doy uni,Мука пшеничная первого сорта,First grade wheat flour,1-навли буғдой уни,2014-M05,2014,0.0
013,1-nav bug'doy unidan non,Хлеб пшеничный из муки 1-го сорта,Wheat bread from 1st grade flour,1-нав буғдой унидан нон,2014-M05,2014,0.0
017,Mol go'shti,Говядина,Beef,Мол гўшти,2014-M05,2014,20189.0
0020,Qo'y go'shti,Баранина,Mutton,Қўй гўшти,2014-M05,2014,21222.0
022,Tovuq go'shti,Мясо птицы,Poultry,Товуқ гўшти,2014-M05,2014,0.0
026,Turli baliqlar,Рыба всякая,Fish of all kinds,Турли балиқлар,2014-M05,2014,11417.0
027,Yangi sog'ilgan sut (1 litr),Молоко свежее (1 литр),Fresh milk (1 liter),Янги соғилган сут (1 литр),2014-M05,2014,1629.0
034,Tuxum (10 dona),Яйца (10 штук),Eggs (10 pieces ),Тухум (10 дона),2014-M05,2014,3119.0
035,Paxta yog'i (1 litr),Масло хлопковое (1 литр),Cottonseed oil (1 liter),Пахта ёғи (1 литр),2014-M05,2014,0.0
0036,Kungaboqar yog'i (1 litr),Масло подсолнечное (1 литр),Sunflower oil (1 liter),Кунгабоқар ёғи (1 литр),2014-M05,2014,0.0
037,Sariyog',Масло сливочное,Butter,Сариёғ,2014-M05,2014,15452.0
039,Limon,Лимоны,Lemons,Лимон,2014-M05,2014,6916.0
0040,Olma,Яблоки,Apples,Олма,2014-M05,2014,3742.0
041,Nok,Груши,Pears,Нок,2014-M05,2014,6382.0
049,Uzum,Виноград,Grape,Узум,2014-M05,2014,0.0
0050,Tarvuz,Арбуз,Watermelon,Тарвуз,2014-M05,2014,0.0
0051,Qovun,Дыня,Melon,Қовун,2014-M05,2014,0.0
053,Mayiz,Кишмиш,Kishmish,Майиз,2014-M05,2014,13144.0
055,Karam,Капуста,Cabbage,Карам,2014-M05,2014,1139.0
057,Bodring,Огурцы,Cucumbers,Бодринг,2014-M05,2014,1676.0
058,Pomidor,Помидоры,Tomatoes,Помидор,2014-M05,2014,5136.0
059,Baqlajon,Баклажаны,Eggplant,Бақлажон,2014-M05,2014,0.0
0060,Bulg'or qalampiri,Перец болгарский,Bell pepper,Булғор қалампири,2014-M05,2014,5063.0
061,Qovoq,Тыква,Pumpkin,Қовоқ,2014-M05,2014,0.0
063,Sabzi,Морковь,Carrot,Сабзи,2014-M05,2014,1349.0
065,Sarimsoq,Чеснок,Garlic,Саримсоқ,2014-M05,2014,4064.0
066,Piyoz,Лук репчатый,Onion,Пиёз,2014-M05,2014,987.0
069,Kartoshka,Картофель,Potatoes,Картошка,2014-M05,2014,2395.0
0070,Loviya,Фасоль,Beans,Ловия,2014-M05,2014,0.0
071,No'xot,Горох,Peas,Нўхот,2014-M05,2014,0.0
0072,Mosh,Маш,Mash,Мош,2014-M05,2014,0.0
073,Shakar,Сахар песок,Sugar,Шакар,2014-M05,2014,0.0
002,Kruppa yormasi,Крупа манная,Semolina,Круппа ёрмаси,2014-M05,2014,1122.0
001,Guruch,Рис,Rice,Гуруч,2014-M06,2014,3042.0
003,Arpa,Ячмень,Barley,Арпа,2014-M06,2014,1131.0
0004,Bug'doy,Пшеница,Wheat,Буғдой,2014-M06,2014,1082.0
005,Jo'hori,Кукуруза,Corn,Жўҳори,2014-M06,2014,1216.0
006,Kepak,Отруби,Bran,Кепак,2014-M06,2014,836.0
0008,Shrot,Шрот,Schroth,Шрот,2014-M06,2014,0.0
009,Shulxa,Шелуха,Husk,Шулха,2014-M06,2014,0.0
010,Kombikorm,Комбикорм,Compound feed,Комбикорм,2014-M06,2014,906.0
011,Oliy navli bug'doy uni,Мука пшеничная высшего сорта,High-grade wheat flour,Олий навли буғдой уни,2014-M06,2014,1755.0
0012,1-navli bug'doy uni,Мука пшеничная первого сорта,First grade wheat flour,1-навли буғдой уни,2014-M06,2014,0.0
013,1-nav bug'doy unidan non,Хлеб пшеничный из муки 1-го сорта,Wheat bread from 1st grade flour,1-нав буғдой унидан нон,2014-M06,2014,0.0
017,Mol go'shti,Говядина,Beef,Мол гўшти,2014-M06,2014,20467.0
0020,Qo'y go'shti,Баранина,Mutton,Қўй гўшти,2014-M06,2014,21456.0
022,Tovuq go'shti,Мясо птицы,Poultry,Товуқ гўшти,2014-M06,2014,0.0
026,Turli baliqlar,Рыба всякая,Fish of all kinds,Турли балиқлар,2014-M06,2014,0.0
027,Yangi sog'ilgan sut (1 litr),Молоко свежее (1 литр),Fresh milk (1 liter),Янги соғилган сут (1 литр),2014-M06,2014,1612.0
034,Tuxum (10 dona),Яйца (10 штук),Eggs (10 pieces ),Тухум (10 дона),2014-M06,2014,3100.0
035,Paxta yog'i (1 litr),Масло хлопковое (1 литр),Cottonseed oil (1 liter),Пахта ёғи (1 литр),2014-M06,2014,0.0
0036,Kungaboqar yog'i (1 litr),Масло подсолнечное (1 литр),Sunflower oil (1 liter),Кунгабоқар ёғи (1 литр),2014-M06,2014,0.0
037,Sariyog',Масло сливочное,Butter,Сариёғ,2014-M06,2014,15548.0
039,Limon,Лимоны,Lemons,Лимон,2014-M06,2014,7527.0
0040,Olma,Яблоки,Apples,Олма,2014-M06,2014,3447.0
041,Nok,Груши,Pears,Нок,2014-M06,2014,0.0
049,Uzum,Виноград,Grape,Узум,2014-M06,2014,3667.0
0050,Tarvuz,Арбуз,Watermelon,Тарвуз,2014-M06,2014,1179.0
0051,Qovun,Дыня,Melon,Қовун,2014-M06,2014,2675.0
053,Mayiz,Кишмиш,Kishmish,Майиз,2014-M06,2014,13078.0
055,Karam,Капуста,Cabbage,Карам,2014-M06,2014,899.0
057,Bodring,Огурцы,Cucumbers,Бодринг,2014-M06,2014,888.0
058,Pomidor,Помидоры,Tomatoes,Помидор,2014-M06,2014,3523.0
059,Baqlajon,Баклажаны,Eggplant,Бақлажон,2014-M06,2014,3319.0
0060,Bulg'or qalampiri,Перец болгарский,Bell pepper,Булғор қалампири,2014-M06,2014,3735.0
061,Qovoq,Тыква,Pumpkin,Қовоқ,2014-M06,2014,0.0
063,Sabzi,Морковь,Carrot,Сабзи,2014-M06,2014,1671.0
065,Sarimsoq,Чеснок,Garlic,Саримсоқ,2014-M06,2014,3058.0
066,Piyoz,Лук репчатый,Onion,Пиёз,2014-M06,2014,823.0
069,Kartoshka,Картофель,Potatoes,Картошка,2014-M06,2014,1549.0
0070,Loviya,Фасоль,Beans,Ловия,2014-M06,2014,0.0
071,No'xot,Горох,Peas,Нўхот,2014-M06,2014,0.0
0072,Mosh,Маш,Mash,Мош,2014-M06,2014,0.0
073,Shakar,Сахар песок,Sugar,Шакар,2014-M06,2014,0.0
002,Kruppa yormasi,Крупа манная,Semolina,Круппа ёрмаси,2014-M06,2014,1131.0
001,Guruch,Рис,Rice,Гуруч,2014-M07,2014,3104.0
003,Arpa,Ячмень,Barley,Арпа,2014-M07,2014,1128.0
0004,Bug'doy,Пшеница,Wheat,Буғдой,2014-M07,2014,1093.0
005,Jo'hori,Кукуруза,Corn,Жўҳори,2014-M07,2014,1228.0
006,Kepak,Отруби,Bran,Кепак,2014-M07,2014,829.0
0008,Shrot,Шрот,Schroth,Шрот,2014-M07,2014,0.0
009,Shulxa,Шелуха,Husk,Шулха,2014-M07,2014,0.0
010,Kombikorm,Комбикорм,Compound feed,Комбикорм,2014-M07,2014,931.0
011,Oliy navli bug'doy uni,Мука пшеничная высшего сорта,High-grade wheat flour,Олий навли буғдой уни,2014-M07,2014,1761.0
0012,1-navli bug'doy uni,Мука пшеничная первого сорта,First grade wheat flour,1-навли буғдой уни,2014-M07,2014,0.0
013,1-nav bug'doy unidan non,Хлеб пшеничный из муки 1-го сорта,Wheat bread from 1st grade flour,1-нав буғдой унидан нон,2014-M07,2014,0.0
017,Mol go'shti,Говядина,Beef,Мол гўшти,2014-M07,2014,21367.0
0020,Qo'y go'shti,Баранина,Mutton,Қўй гўшти,2014-M07,2014,22156.0
022,Tovuq go'shti,Мясо птицы,Poultry,Товуқ гўшти,2014-M07,2014,0.0
026,Turli baliqlar,Рыба всякая,Fish of all kinds,Турли балиқлар,2014-M07,2014,9117.0
027,Yangi sog'ilgan sut (1 litr),Молоко свежее (1 литр),Fresh milk (1 liter),Янги соғилган сут (1 литр),2014-M07,2014,1510.0
034,Tuxum (10 dona),Яйца (10 штук),Eggs (10 pieces ),Тухум (10 дона),2014-M07,2014,3008.0
035,Paxta yog'i (1 litr),Масло хлопковое (1 литр),Cottonseed oil (1 liter),Пахта ёғи (1 литр),2014-M07,2014,0.0
0036,Kungaboqar yog'i (1 litr),Масло подсолнечное (1 литр),Sunflower oil (1 liter),Кунгабоқар ёғи (1 литр),2014-M07,2014,0.0
037,Sariyog',Масло сливочное,Butter,Сариёғ,2014-M07,2014,15488.0
039,Limon,Лимоны,Lemons,Лимон,2014-M07,2014,7900.0
0040,Olma,Яблоки,Apples,Олма,2014-M07,2014,1947.0
041,Nok,Груши,Pears,Нок,2014-M07,2014,3614.0
049,Uzum,Виноград,Grape,Узум,2014-M07,2014,3022.0
0050,Tarvuz,Арбуз,Watermelon,Тарвуз,2014-M07,2014,868.0
0051,Qovun,Дыня,Melon,Қовун,2014-M07,2014,1487.0
053,Mayiz,Кишмиш,Kishmish,Майиз,2014-M07,2014,12933.0
055,Karam,Капуста,Cabbage,Карам,2014-M07,2014,758.0
057,Bodring,Огурцы,Cucumbers,Бодринг,2014-M07,2014,691.0
058,Pomidor,Помидоры,Tomatoes,Помидор,2014-M07,2014,1412.0
059,Baqlajon,Баклажаны,Eggplant,Бақлажон,2014-M07,2014,1628.0
0060,Bulg'or qalampiri,Перец болгарский,Bell pepper,Булғор қалампири,2014-M07,2014,1962.0
061,Qovoq,Тыква,Pumpkin,Қовоқ,2014-M07,2014,0.0
063,Sabzi,Морковь,Carrot,Сабзи,2014-M07,2014,1321.0
065,Sarimsoq,Чеснок,Garlic,Саримсоқ,2014-M07,2014,3836.0
066,Piyoz,Лук репчатый,Onion,Пиёз,2014-M07,2014,920.0
069,Kartoshka,Картофель,Potatoes,Картошка,2014-M07,2014,1220.0
0070,Loviya,Фасоль,Beans,Ловия,2014-M07,2014,0.0
071,No'xot,Горох,Peas,Нўхот,2014-M07,2014,0.0
0072,Mosh,Маш,Mash,Мош,2014-M07,2014,0.0
073,Shakar,Сахар песок,Sugar,Шакар,2014-M07,2014,0.0
002,Kruppa yormasi,Крупа манная,Semolina,Круппа ёрмаси,2014-M07,2014,1128.0
001,Guruch,Рис,Rice,Гуруч,2014-M08,2014,3238.0
003,Arpa,Ячмень,Barley,Арпа,2014-M08,2014,1001.0
0004,Bug'doy,Пшеница,Wheat,Буғдой,2014-M08,2014,900.0
005,Jo'hori,Кукуруза,Corn,Жўҳори,2014-M08,2014,1410.0
006,Kepak,Отруби,Bran,Кепак,2014-M08,2014,706.0
0008,Shrot,Шрот,Schroth,Шрот,2014-M08,2014,0.0
009,Shulxa,Шелуха,Husk,Шулха,2014-M08,2014,0.0
010,Kombikorm,Комбикорм,Compound feed,Комбикорм,2014-M08,2014,1107.0
011,Oliy navli bug'doy uni,Мука пшеничная высшего сорта,High-grade wheat flour,Олий навли буғдой уни,2014-M08,2014,1432.0
0012,1-navli bug'doy uni,Мука пшеничная первого сорта,First grade wheat flour,1-навли буғдой уни,2014-M08,2014,0.0
013,1-nav bug'doy unidan non,Хлеб пшеничный из муки 1-го сорта,Wheat bread from 1st grade flour,1-нав буғдой унидан нон,2014-M08,2014,0.0
017,Mol go'shti,Говядина,Beef,Мол гўшти,2014-M08,2014,22167.0
0020,Qo'y go'shti,Баранина,Mutton,Қўй гўшти,2014-M08,2014,22811.0
022,Tovuq go'shti,Мясо птицы,Poultry,Товуқ гўшти,2014-M08,2014,0.0
026,Turli baliqlar,Рыба всякая,Fish of all kinds,Турли балиқлар,2014-M08,2014,10083.0
027,Yangi sog'ilgan sut (1 litr),Молоко свежее (1 литр),Fresh milk (1 liter),Янги соғилган сут (1 литр),2014-M08,2014,1514.0
034,Tuxum (10 dona),Яйца (10 штук),Eggs (10 pieces ),Тухум (10 дона),2014-M08,2014,3159.0
035,Paxta yog'i (1 litr),Масло хлопковое (1 литр),Cottonseed oil (1 liter),Пахта ёғи (1 литр),2014-M08,2014,0.0
0036,Kungaboqar yog'i (1 litr),Масло подсолнечное (1 литр),Sunflower oil (1 liter),Кунгабоқар ёғи (1 литр),2014-M08,2014,0.0
037,Sariyog',Масло сливочное,Butter,Сариёғ,2014-M08,2014,14500.0
039,Limon,Лимоны,Lemons,Лимон,2014-M08,2014,8152.0
0040,Olma,Яблоки,Apples,Олма,2014-M08,2014,1716.0
041,Nok,Груши,Pears,Нок,2014-M08,2014,3282.0
049,Uzum,Виноград,Grape,Узум,2014-M08,2014,2378.0
0050,Tarvuz,Арбуз,Watermelon,Тарвуз,2014-M08,2014,686.0
0051,Qovun,Дыня,Melon,Қовун,2014-M08,2014,976.0
053,Mayiz,Кишмиш,Kishmish,Майиз,2014-M08,2014,11571.0
055,Karam,Капуста,Cabbage,Карам,2014-M08,2014,756.0
057,Bodring,Огурцы,Cucumbers,Бодринг,2014-M08,2014,959.0
058,Pomidor,Помидоры,Tomatoes,Помидор,2014-M08,2014,764.0
059,Baqlajon,Баклажаны,Eggplant,Бақлажон,2014-M08,2014,1058.0
0060,Bulg'or qalampiri,Перец болгарский,Bell pepper,Булғор қалампири,2014-M08,2014,1198.0
061,Qovoq,Тыква,Pumpkin,Қовоқ,2014-M08,2014,798.0
063,Sabzi,Морковь,Carrot,Сабзи,2014-M08,2014,974.0
065,Sarimsoq,Чеснок,Garlic,Саримсоқ,2014-M08,2014,4573.0
066,Piyoz,Лук репчатый,Onion,Пиёз,2014-M08,2014,1264.0
069,Kartoshka,Картофель,Potatoes,Картошка,2014-M08,2014,1029.0
0070,Loviya,Фасоль,Beans,Ловия,2014-M08,2014,0.0
071,No'xot,Горох,Peas,Нўхот,2014-M08,2014,0.0
0072,Mosh,Маш,Mash,Мош,2014-M08,2014,0.0
073,Shakar,Сахар песок,Sugar,Шакар,2014-M08,2014,0.0
002,Kruppa yormasi,Крупа манная,Semolina,Круппа ёрмаси,2014-M08,2014,1001.0
001,Guruch,Рис,Rice,Гуруч,2014-M09,2014,3486.0
003,Arpa,Ячмень,Barley,Арпа,2014-M09,2014,1022.0
0004,Bug'doy,Пшеница,Wheat,Буғдой,2014-M09,2014,877.0
005,Jo'hori,Кукуруза,Corn,Жўҳори,2014-M09,2014,1458.0
006,Kepak,Отруби,Bran,Кепак,2014-M09,2014,690.0
0008,Shrot,Шрот,Schroth,Шрот,2014-M09,2014,0.0
009,Shulxa,Шелуха,Husk,Шулха,2014-M09,2014,0.0
010,Kombikorm,Комбикорм,Compound feed,Комбикорм,2014-M09,2014,1157.0
011,Oliy navli bug'doy uni,Мука пшеничная высшего сорта,High-grade wheat flour,Олий навли буғдой уни,2014-M09,2014,1392.0
0012,1-navli bug'doy uni,Мука пшеничная первого сорта,First grade wheat flour,1-навли буғдой уни,2014-M09,2014,0.0
013,1-nav bug'doy unidan non,Хлеб пшеничный из муки 1-го сорта,Wheat bread from 1st grade flour,1-нав буғдой унидан нон,2014-M09,2014,0.0
017,Mol go'shti,Говядина,Beef,Мол гўшти,2014-M09,2014,22956.0
0020,Qo'y go'shti,Баранина,Mutton,Қўй гўшти,2014-M09,2014,23789.0
022,Tovuq go'shti,Мясо птицы,Poultry,Товуқ гўшти,2014-M09,2014,0.0
026,Turli baliqlar,Рыба всякая,Fish of all kinds,Турли балиқлар,2014-M09,2014,11306.0
027,Yangi sog'ilgan sut (1 litr),Молоко свежее (1 литр),Fresh milk (1 liter),Янги соғилган сут (1 литр),2014-M09,2014,1548.0
034,Tuxum (10 dona),Яйца (10 штук),Eggs (10 pieces ),Тухум (10 дона),2014-M09,2014,3486.0
035,Paxta yog'i (1 litr),Масло хлопковое (1 литр),Cottonseed oil (1 liter),Пахта ёғи (1 литр),2014-M09,2014,0.0
0036,Kungaboqar yog'i (1 litr),Масло подсолнечное (1 литр),Sunflower oil (1 liter),Кунгабоқар ёғи (1 литр),2014-M09,2014,0.0
037,Sariyog',Масло сливочное,Butter,Сариёғ,2014-M09,2014,14707.0
039,Limon,Лимоны,Lemons,Лимон,2014-M09,2014,7922.0
0040,Olma,Яблоки,Apples,Олма,2014-M09,2014,1797.0
041,Nok,Груши,Pears,Нок,2014-M09,2014,3120.0
049,Uzum,Виноград,Grape,Узум,2014-M09,2014,1877.0
0050,Tarvuz,Арбуз,Watermelon,Тарвуз,2014-M09,2014,600.0
0051,Qovun,Дыня,Melon,Қовун,2014-M09,2014,888.0
053,Mayiz,Кишмиш,Kishmish,Майиз,2014-M09,2014,10371.0
055,Karam,Капуста,Cabbage,Карам,2014-M09,2014,741.0
057,Bodring,Огурцы,Cucumbers,Бодринг,2014-M09,2014,1283.0
058,Pomidor,Помидоры,Tomatoes,Помидор,2014-M09,2014,597.0
059,Baqlajon,Баклажаны,Eggplant,Бақлажон,2014-M09,2014,988.0
0060,Bulg'or qalampiri,Перец болгарский,Bell pepper,Булғор қалампири,2014-M09,2014,1027.0
061,Qovoq,Тыква,Pumpkin,Қовоқ,2014-M09,2014,777.0
063,Sabzi,Морковь,Carrot,Сабзи,2014-M09,2014,818.0
065,Sarimsoq,Чеснок,Garlic,Саримсоқ,2014-M09,2014,5976.0
066,Piyoz,Лук репчатый,Onion,Пиёз,2014-M09,2014,1201.0
069,Kartoshka,Картофель,Potatoes,Картошка,2014-M09,2014,1106.0
0070,Loviya,Фасоль,Beans,Ловия,2014-M09,2014,0.0
071,No'xot,Горох,Peas,Нўхот,2014-M09,2014,0.0
0072,Mosh,Маш,Mash,Мош,2014-M09,2014,0.0
073,Shakar,Сахар песок,Sugar,Шакар,2014-M09,2014,0.0
002,Kruppa yormasi,Крупа манная,Semolina,Круппа ёрмаси,2014-M09,2014,1022.0
001,Guruch,Рис,Rice,Гуруч,2014-M10,2014,3750.0
003,Arpa,Ячмень,Barley,Арпа,2014-M10,2014,1025.0
0004,Bug'doy,Пшеница,Wheat,Буғдой,2014-M10,2014,921.0
005,Jo'hori,Кукуруза,Corn,Жўҳори,2014-M10,2014,1278.0
006,Kepak,Отруби,Bran,Кепак,2014-M10,2014,703.0
0008,Shrot,Шрот,Schroth,Шрот,2014-M10,2014,0.0
009,Shulxa,Шелуха,Husk,Шулха,2014-M10,2014,0.0
010,Kombikorm,Комбикорм,Compound feed,Комбикорм,2014-M10,2014,1083.0
011,Oliy navli bug'doy uni,Мука пшеничная высшего сорта,High-grade wheat flour,Олий навли буғдой уни,2014-M10,2014,1400.0
0012,1-navli bug'doy uni,Мука пшеничная первого сорта,First grade wheat flour,1-навли буғдой уни,2014-M10,2014,0.0
013,1-nav bug'doy unidan non,Хлеб пшеничный из муки 1-го сорта,Wheat bread from 1st grade flour,1-нав буғдой унидан нон,2014-M10,2014,0.0
017,Mol go'shti,Говядина,Beef,Мол гўшти,2014-M10,2014,23289.0
0020,Qo'y go'shti,Баранина,Mutton,Қўй гўшти,2014-M10,2014,24122.0
022,Tovuq go'shti,Мясо птицы,Poultry,Товуқ гўшти,2014-M10,2014,0.0
026,Turli baliqlar,Рыба всякая,Fish of all kinds,Турли балиқлар,2014-M10,2014,10983.0
027,Yangi sog'ilgan sut (1 litr),Молоко свежее (1 литр),Fresh milk (1 liter),Янги соғилган сут (1 литр),2014-M10,2014,1586.0
034,Tuxum (10 dona),Яйца (10 штук),Eggs (10 pieces ),Тухум (10 дона),2014-M10,2014,3918.0
035,Paxta yog'i (1 litr),Масло хлопковое (1 литр),Cottonseed oil (1 liter),Пахта ёғи (1 литр),2014-M10,2014,0.0
0036,Kungaboqar yog'i (1 litr),Масло подсолнечное (1 литр),Sunflower oil (1 liter),Кунгабоқар ёғи (1 литр),2014-M10,2014,0.0
037,Sariyog',Масло сливочное,Butter,Сариёғ,2014-M10,2014,15940.0
039,Limon,Лимоны,Lemons,Лимон,2014-M10,2014,8013.0
0040,Olma,Яблоки,Apples,Олма,2014-M10,2014,1896.0
041,Nok,Груши,Pears,Нок,2014-M10,2014,3504.0
049,Uzum,Виноград,Grape,Узум,2014-M10,2014,2098.0
0050,Tarvuz,Арбуз,Watermelon,Тарвуз,2014-M10,2014,667.0
0051,Qovun,Дыня,Melon,Қовун,2014-M10,2014,969.0
053,Mayiz,Кишмиш,Kishmish,Майиз,2014-M10,2014,10348.0
055,Karam,Капуста,Cabbage,Карам,2014-M10,2014,769.0
057,Bodring,Огурцы,Cucumbers,Бодринг,2014-M10,2014,1328.0
058,Pomidor,Помидоры,Tomatoes,Помидор,2014-M10,2014,660.0
059,Baqlajon,Баклажаны,Eggplant,Бақлажон,2014-M10,2014,1024.0
0060,Bulg'or qalampiri,Перец болгарский,Bell pepper,Булғор қалампири,2014-M10,2014,1168.0
061,Qovoq,Тыква,Pumpkin,Қовоқ,2014-M10,2014,748.0
063,Sabzi,Морковь,Carrot,Сабзи,2014-M10,2014,804.0
065,Sarimsoq,Чеснок,Garlic,Саримсоқ,2014-M10,2014,7218.0
066,Piyoz,Лук репчатый,Onion,Пиёз,2014-M10,2014,1276.0
069,Kartoshka,Картофель,Potatoes,Картошка,2014-M10,2014,1201.0
0070,Loviya,Фасоль,Beans,Ловия,2014-M10,2014,0.0
071,No'xot,Горох,Peas,Нўхот,2014-M10,2014,0.0
0072,Mosh,Маш,Mash,Мош,2014-M10,2014,0.0
073,Shakar,Сахар песок,Sugar,Шакар,2014-M10,2014,0.0
002,Kruppa yormasi,Крупа манная,Semolina,Круппа ёрмаси,2014-M10,2014,1025.0
001,Guruch,Рис,Rice,Гуруч,2014-M11,2014,3869.0
003,Arpa,Ячмень,Barley,Арпа,2014-M11,2014,1063.0
0004,Bug'doy,Пшеница,Wheat,Буғдой,2014-M11,2014,943.0
005,Jo'hori,Кукуруза,Corn,Жўҳори,2014-M11,2014,1199.0
006,Kepak,Отруби,Bran,Кепак,2014-M11,2014,726.0
0008,Shrot,Шрот,Schroth,Шрот,2014-M11,2014,0.0
009,Shulxa,Шелуха,Husk,Шулха,2014-M11,2014,0.0
010,Kombikorm,Комбикорм,Compound feed,Комбикорм,2014-M11,2014,1154.0
011,Oliy navli bug'doy uni,Мука пшеничная высшего сорта,High-grade wheat flour,Олий навли буғдой уни,2014-M11,2014,1421.0
0012,1-navli bug'doy uni,Мука пшеничная первого сорта,First grade wheat flour,1-навли буғдой уни,2014-M11,2014,0.0
013,1-nav bug'doy unidan non,Хлеб пшеничный из муки 1-го сорта,Wheat bread from 1st grade flour,1-нав буғдой унидан нон,2014-M11,2014,0.0
017,Mol go'shti,Говядина,Beef,Мол гўшти,2014-M11,2014,23478.0
0020,Qo'y go'shti,Баранина,Mutton,Қўй гўшти,2014-M11,2014,24333.0
022,Tovuq go'shti,Мясо птицы,Poultry,Товуқ гўшти,2014-M11,2014,0.0
026,Turli baliqlar,Рыба всякая,Fish of all kinds,Турли балиқлар,2014-M11,2014,10097.0
027,Yangi sog'ilgan sut (1 litr),Молоко свежее (1 литр),Fresh milk (1 liter),Янги соғилган сут (1 литр),2014-M11,2014,1609.0
034,Tuxum (10 dona),Яйца (10 штук),Eggs (10 pieces ),Тухум (10 дона),2014-M11,2014,4209.0
035,Paxta yog'i (1 litr),Масло хлопковое (1 литр),Cottonseed oil (1 liter),Пахта ёғи (1 литр),2014-M11,2014,0.0
0036,Kungaboqar yog'i (1 litr),Масло подсолнечное (1 литр),Sunflower oil (1 liter),Кунгабоқар ёғи (1 литр),2014-M11,2014,0.0
037,Sariyog',Масло сливочное,Butter,Сариёғ,2014-M11,2014,14905.0
039,Limon,Лимоны,Lemons,Лимон,2014-M11,2014,8114.0
0040,Olma,Яблоки,Apples,Олма,2014-M11,2014,2242.0
041,Nok,Груши,Pears,Нок,2014-M11,2014,3902.0
049,Uzum,Виноград,Grape,Узум,2014-M11,2014,2292.0
0050,Tarvuz,Арбуз,Watermelon,Тарвуз,2014-M11,2014,882.0
0051,Qovun,Дыня,Melon,Қовун,2014-M11,2014,1196.0
053,Mayiz,Кишмиш,Kishmish,Майиз,2014-M11,2014,9893.0
055,Karam,Капуста,Cabbage,Карам,2014-M11,2014,733.0
057,Bodring,Огурцы,Cucumbers,Бодринг,2014-M11,2014,1854.0
058,Pomidor,Помидоры,Tomatoes,Помидор,2014-M11,2014,1052.0
059,Baqlajon,Баклажаны,Eggplant,Бақлажон,2014-M11,2014,1243.0
0060,Bulg'or qalampiri,Перец болгарский,Bell pepper,Булғор қалампири,2014-M11,2014,1288.0
061,Qovoq,Тыква,Pumpkin,Қовоқ,2014-M11,2014,871.0
063,Sabzi,Морковь,Carrot,Сабзи,2014-M11,2014,886.0
065,Sarimsoq,Чеснок,Garlic,Саримсоқ,2014-M11,2014,8053.0
066,Piyoz,Лук репчатый,Onion,Пиёз,2014-M11,2014,1667.0
069,Kartoshka,Картофель,Potatoes,Картошка,2014-M11,2014,1302.0
0070,Loviya,Фасоль,Beans,Ловия,2014-M11,2014,0.0
071,No'xot,Горох,Peas,Нўхот,2014-M11,2014,0.0
0072,Mosh,Маш,Mash,Мош,2014-M11,2014,0.0
073,Shakar,Сахар песок,Sugar,Шакар,2014-M11,2014,0.0
002,Kruppa yormasi,Крупа манная,Semolina,Круппа ёрмаси,2014-M11,2014,1063.0
001,Guruch,Рис,Rice,Гуруч,2014-M12,2014,4240.0
003,Arpa,Ячмень,Barley,Арпа,2014-M12,2014,1136.0
0004,Bug'doy,Пшеница,Wheat,Буғдой,2014-M12,2014,1047.0
005,Jo'hori,Кукуруза,Corn,Жўҳори,2014-M12,2014,1208.0
006,Kepak,Отруби,Bran,Кепак,2014-M12,2014,777.0
0008,Shrot,Шрот,Schroth,Шрот,2014-M12,2014,0.0
009,Shulxa,Шелуха,Husk,Шулха,2014-M12,2014,0.0
010,Kombikorm,Комбикорм,Compound feed,Комбикорм,2014-M12,2014,1196.0
011,Oliy navli bug'doy uni,Мука пшеничная высшего сорта,High-grade wheat flour,Олий навли буғдой уни,2014-M12,2014,1439.0
0012,1-navli bug'doy uni,Мука пшеничная первого сорта,First grade wheat flour,1-навли буғдой уни,2014-M12,2014,0.0
013,1-nav bug'doy unidan non,Хлеб пшеничный из муки 1-го сорта,Wheat bread from 1st grade flour,1-нав буғдой унидан нон,2014-M12,2014,0.0
017,Mol go'shti,Говядина,Beef,Мол гўшти,2014-M12,2014,23122.0
0020,Qo'y go'shti,Баранина,Mutton,Қўй гўшти,2014-M12,2014,23967.0
022,Tovuq go'shti,Мясо птицы,Poultry,Товуқ гўшти,2014-M12,2014,0.0
026,Turli baliqlar,Рыба всякая,Fish of all kinds,Турли балиқлар,2014-M12,2014,10081.0
027,Yangi sog'ilgan sut (1 litr),Молоко свежее (1 литр),Fresh milk (1 liter),Янги соғилган сут (1 литр),2014-M12,2014,1596.0
034,Tuxum (10 dona),Яйца (10 штук),Eggs (10 pieces ),Тухум (10 дона),2014-M12,2014,4247.0
035,Paxta yog'i (1 litr),Масло хлопковое (1 литр),Cottonseed oil (1 liter),Пахта ёғи (1 литр),2014-M12,2014,0.0
0036,Kungaboqar yog'i (1 litr),Масло подсолнечное (1 литр),Sunflower oil (1 liter),Кунгабоқар ёғи (1 литр),2014-M12,2014,0.0
037,Sariyog',Масло сливочное,Butter,Сариёғ,2014-M12,2014,15048.0
039,Limon,Лимоны,Lemons,Лимон,2014-M12,2014,8026.0
0040,Olma,Яблоки,Apples,Олма,2014-M12,2014,2639.0
041,Nok,Груши,Pears,Нок,2014-M12,2014,4200.0
049,Uzum,Виноград,Grape,Узум,2014-M12,2014,3098.0
0050,Tarvuz,Арбуз,Watermelon,Тарвуз,2014-M12,2014,1201.0
0051,Qovun,Дыня,Melon,Қовун,2014-M12,2014,1564.0
053,Mayiz,Кишмиш,Kishmish,Майиз,2014-M12,2014,9464.0
055,Karam,Капуста,Cabbage,Карам,2014-M12,2014,709.0
057,Bodring,Огурцы,Cucumbers,Бодринг,2014-M12,2014,3563.0
058,Pomidor,Помидоры,Tomatoes,Помидор,2014-M12,2014,3269.0
059,Baqlajon,Баклажаны,Eggplant,Бақлажон,2014-M12,2014,1563.0
0060,Bulg'or qalampiri,Перец болгарский,Bell pepper,Булғор қалампири,2014-M12,2014,1498.0
061,Qovoq,Тыква,Pumpkin,Қовоқ,2014-M12,2014,1010.0
063,Sabzi,Морковь,Carrot,Сабзи,2014-M12,2014,787.0
065,Sarimsoq,Чеснок,Garlic,Саримсоқ,2014-M12,2014,8336.0
066,Piyoz,Лук репчатый,Onion,Пиёз,2014-M12,2014,1938.0
069,Kartoshka,Картофель,Potatoes,Картошка,2014-M12,2014,1334.0
0070,Loviya,Фасоль,Beans,Ловия,2014-M12,2014,0.0
071,No'xot,Горох,Peas,Нўхот,2014-M12,2014,0.0
0072,Mosh,Маш,Mash,Мош,2014-M12,2014,0.0
073,Shakar,Сахар песок,Sugar,Шакар,2014-M12,2014,0.0
002,Kruppa yormasi,Крупа манная,Semolina,Круппа ёрмаси,2014-M12,2014,1136.0
001,Guruch,Рис,Rice,Гуруч,2015-M01,2015,4469.0
003,Arpa,Ячмень,Barley,Арпа,2015-M01,2015,1220.0
0004,Bug'doy,Пшеница,Wheat,Буғдой,2015-M01,2015,1144.0
005,Jo'hori,Кукуруза,Corn,Жўҳори,2015-M01,2015,1239.0
006,Kepak,Отруби,Bran,Кепак,2015-M01,2015,793.0
0008,Shrot,Шрот,Schroth,Шрот,2015-M01,2015,0.0
009,Shulxa,Шелуха,Husk,Шулха,2015-M01,2015,0.0
010,Kombikorm,Комбикорм,Compound feed,Комбикорм,2015-M01,2015,1222.0
011,Oliy navli bug'doy uni,Мука пшеничная высшего сорта,High-grade wheat flour,Олий навли буғдой уни,2015-M01,2015,1461.0
0012,1-navli bug'doy uni,Мука пшеничная первого сорта,First grade wheat flour,1-навли буғдой уни,2015-M01,2015,0.0
013,1-nav bug'doy unidan non,Хлеб пшеничный из муки 1-го сорта,Wheat bread from 1st grade flour,1-нав буғдой унидан нон,2015-M01,2015,0.0
017,Mol go'shti,Говядина,Beef,Мол гўшти,2015-M01,2015,22822.0
0020,Qo'y go'shti,Баранина,Mutton,Қўй гўшти,2015-M01,2015,23700.0
022,Tovuq go'shti,Мясо птицы,Poultry,Товуқ гўшти,2015-M01,2015,0.0
026,Turli baliqlar,Рыба всякая,Fish of all kinds,Турли балиқлар,2015-M01,2015,10006.0
027,Yangi sog'ilgan sut (1 litr),Молоко свежее (1 литр),Fresh milk (1 liter),Янги соғилган сут (1 литр),2015-M01,2015,1616.0
034,Tuxum (10 dona),Яйца (10 штук),Eggs (10 pieces ),Тухум (10 дона),2015-M01,2015,4143.0
035,Paxta yog'i (1 litr),Масло хлопковое (1 литр),Cottonseed oil (1 liter),Пахта ёғи (1 литр),2015-M01,2015,0.0
0036,Kungaboqar yog'i (1 litr),Масло подсолнечное (1 литр),Sunflower oil (1 liter),Кунгабоқар ёғи (1 литр),2015-M01,2015,0.0
037,Sariyog',Масло сливочное,Butter,Сариёғ,2015-M01,2015,15226.0
039,Limon,Лимоны,Lemons,Лимон,2015-M01,2015,7239.0
0040,Olma,Яблоки,Apples,Олма,2015-M01,2015,2984.0
041,Nok,Груши,Pears,Нок,2015-M01,2015,4863.0
049,Uzum,Виноград,Grape,Узум,2015-M01,2015,4007.0
0050,Tarvuz,Арбуз,Watermelon,Тарвуз,2015-M01,2015,1512.0
0051,Qovun,Дыня,Melon,Қовун,2015-M01,2015,1896.0
053,Mayiz,Кишмиш,Kishmish,Майиз,2015-M01,2015,9104.0
055,Karam,Капуста,Cabbage,Карам,2015-M01,2015,783.0
057,Bodring,Огурцы,Cucumbers,Бодринг,2015-M01,2015,5061.0
058,Pomidor,Помидоры,Tomatoes,Помидор,2015-M01,2015,5045.0
059,Baqlajon,Баклажаны,Eggplant,Бақлажон,2015-M01,2015,0.0
0060,Bulg'or qalampiri,Перец болгарский,Bell pepper,Булғор қалампири,2015-M01,2015,4833.0
061,Qovoq,Тыква,Pumpkin,Қовоқ,2015-M01,2015,1149.0
063,Sabzi,Морковь,Carrot,Сабзи,2015-M01,2015,771.0
065,Sarimsoq,Чеснок,Garlic,Саримсоқ,2015-M01,2015,8167.0
066,Piyoz,Лук репчатый,Onion,Пиёз,2015-M01,2015,2031.0
069,Kartoshka,Картофель,Potatoes,Картошка,2015-M01,2015,1338.0
0070,Loviya,Фасоль,Beans,Ловия,2015-M01,2015,0.0
071,No'xot,Горох,Peas,Нўхот,2015-M01,2015,0.0
0072,Mosh,Маш,Mash,Мош,2015-M01,2015,0.0
073,Shakar,Сахар песок,Sugar,Шакар,2015-M01,2015,0.0
002,Kruppa yormasi,Крупа манная,Semolina,Круппа ёрмаси,2015-M01,2015,1220.0
001,Guruch,Рис,Rice,Гуруч,2015-M02,2015,4728.0
003,Arpa,Ячмень,Barley,Арпа,2015-M02,2015,1260.0
0004,Bug'doy,Пшеница,Wheat,Буғдой,2015-M02,2015,1170.0
005,Jo'hori,Кукуруза,Corn,Жўҳори,2015-M02,2015,1286.0
006,Kepak,Отруби,Bran,Кепак,2015-M02,2015,849.0
0008,Shrot,Шрот,Schroth,Шрот,2015-M02,2015,0.0
009,Shulxa,Шелуха,Husk,Шулха,2015-M02,2015,0.0
010,Kombikorm,Комбикорм,Compound feed,Комбикорм,2015-M02,2015,1094.0
011,Oliy navli bug'doy uni,Мука пшеничная высшего сорта,High-grade wheat flour,Олий навли буғдой уни,2015-M02,2015,1570.0
0012,1-navli bug'doy uni,Мука пшеничная первого сорта,First grade wheat flour,1-навли буғдой уни,2015-M02,2015,0.0
013,1-nav bug'doy unidan non,Хлеб пшеничный из муки 1-го сорта,Wheat bread from 1st grade flour,1-нав буғдой унидан нон,2015-M02,2015,0.0
017,Mol go'shti,Говядина,Beef,Мол гўшти,2015-M02,2015,23056.0
0020,Qo'y go'shti,Баранина,Mutton,Қўй гўшти,2015-M02,2015,23967.0
022,Tovuq go'shti,Мясо птицы,Poultry,Товуқ гўшти,2015-M02,2015,0.0
026,Turli baliqlar,Рыба всякая,Fish of all kinds,Турли балиқлар,2015-M02,2015,9711.0
027,Yangi sog'ilgan sut (1 litr),Молоко свежее (1 литр),Fresh milk (1 liter),Янги соғилган сут (1 литр),2015-M02,2015,1617.0
034,Tuxum (10 dona),Яйца (10 штук),Eggs (10 pieces ),Тухум (10 дона),2015-M02,2015,4194.0
035,Paxta yog'i (1 litr),Масло хлопковое (1 литр),Cottonseed oil (1 liter),Пахта ёғи (1 литр),2015-M02,2015,0.0
0036,Kungaboqar yog'i (1 litr),Масло подсолнечное (1 литр),Sunflower oil (1 liter),Кунгабоқар ёғи (1 литр),2015-M02,2015,0.0
037,Sariyog',Масло сливочное,Butter,Сариёғ,2015-M02,2015,15095.0
039,Limon,Лимоны,Lemons,Лимон,2015-M02,2015,7583.0
0040,Olma,Яблоки,Apples,Олма,2015-M02,2015,3310.0
041,Nok,Груши,Pears,Нок,2015-M02,2015,5626.0
049,Uzum,Виноград,Grape,Узум,2015-M02,2015,4866.0
0050,Tarvuz,Арбуз,Watermelon,Тарвуз,2015-M02,2015,0.0
0051,Qovun,Дыня,Melon,Қовун,2015-M02,2015,2333.0
053,Mayiz,Кишмиш,Kishmish,Майиз,2015-M02,2015,9492.0
055,Karam,Капуста,Cabbage,Карам,2015-M02,2015,852.0
057,Bodring,Огурцы,Cucumbers,Бодринг,2015-M02,2015,5422.0
058,Pomidor,Помидоры,Tomatoes,Помидор,2015-M02,2015,5861.0
059,Baqlajon,Баклажаны,Eggplant,Бақлажон,2015-M02,2015,0.0
0060,Bulg'or qalampiri,Перец болгарский,Bell pepper,Булғор қалампири,2015-M02,2015,0.0
061,Qovoq,Тыква,Pumpkin,Қовоқ,2015-M02,2015,1257.0
063,Sabzi,Морковь,Carrot,Сабзи,2015-M02,2015,743.0
065,Sarimsoq,Чеснок,Garlic,Саримсоқ,2015-M02,2015,8404.0
066,Piyoz,Лук репчатый,Onion,Пиёз,2015-M02,2015,1992.0
069,Kartoshka,Картофель,Potatoes,Картошка,2015-M02,2015,1441.0
0070,Loviya,Фасоль,Beans,Ловия,2015-M02,2015,0.0
071,No'xot,Горох,Peas,Нўхот,2015-M02,2015,0.0
0072,Mosh,Маш,Mash,Мош,2015-M02,2015,0.0
073,Shakar,Сахар песок,Sugar,Шакар,2015-M02,2015,0.0
002,Kruppa yormasi,Крупа манная,Semolina,Круппа ёрмаси,2015-M02,2015,1260.0
001,Guruch,Рис,Rice,Гуруч,2015-M03,2015,4751.0
003,Arpa,Ячмень,Barley,Арпа,2015-M03,2015,1267.0
0004,Bug'doy,Пшеница,Wheat,Буғдой,2015-M03,2015,1177.0
005,Jo'hori,Кукуруза,Corn,Жўҳори,2015-M03,2015,1296.0
006,Kepak,Отруби,Bran,Кепак,2015-M03,2015,861.0
0008,Shrot,Шрот,Schroth,Шрот,2015-M03,2015,0.0
009,Shulxa,Шелуха,Husk,Шулха,2015-M03,2015,0.0
010,Kombikorm,Комбикорм,Compound feed,Комбикорм,2015-M03,2015,993.0
011,Oliy navli bug'doy uni,Мука пшеничная высшего сорта,High-grade wheat flour,Олий навли буғдой уни,2015-M03,2015,1583.0
0012,1-navli bug'doy uni,Мука пшеничная первого сорта,First grade wheat flour,1-навли буғдой уни,2015-M03,2015,0.0
013,1-nav bug'doy unidan non,Хлеб пшеничный из муки 1-го сорта,Wheat bread from 1st grade flour,1-нав буғдой унидан нон,2015-M03,2015,0.0
017,Mol go'shti,Говядина,Beef,Мол гўшти,2015-M03,2015,22889.0
0020,Qo'y go'shti,Баранина,Mutton,Қўй гўшти,2015-M03,2015,23833.0
022,Tovuq go'shti,Мясо птицы,Poultry,Товуқ гўшти,2015-M03,2015,0.0
026,Turli baliqlar,Рыба всякая,Fish of all kinds,Турли балиқлар,2015-M03,2015,9659.0
027,Yangi sog'ilgan sut (1 litr),Молоко свежее (1 литр),Fresh milk (1 liter),Янги соғилган сут (1 литр),2015-M03,2015,1649.0
034,Tuxum (10 dona),Яйца (10 штук),Eggs (10 pieces ),Тухум (10 дона),2015-M03,2015,3930.0
035,Paxta yog'i (1 litr),Масло хлопковое (1 литр),Cottonseed oil (1 liter),Пахта ёғи (1 литр),2015-M03,2015,0.0
0036,Kungaboqar yog'i (1 litr),Масло подсолнечное (1 литр),Sunflower oil (1 liter),Кунгабоқар ёғи (1 литр),2015-M03,2015,0.0
037,Sariyog',Масло сливочное,Butter,Сариёғ,2015-M03,2015,15012.0
039,Limon,Лимоны,Lemons,Лимон,2015-M03,2015,7618.0
0040,Olma,Яблоки,Apples,Олма,2015-M03,2015,3552.0
041,Nok,Груши,Pears,Нок,2015-M03,2015,6794.0
049,Uzum,Виноград,Grape,Узум,2015-M03,2015,8111.0
0050,Tarvuz,Арбуз,Watermelon,Тарвуз,2015-M03,2015,0.0
0051,Qovun,Дыня,Melon,Қовун,2015-M03,2015,0.0
053,Mayiz,Кишмиш,Kishmish,Майиз,2015-M03,2015,9393.0
055,Karam,Капуста,Cabbage,Карам,2015-M03,2015,1122.0
057,Bodring,Огурцы,Cucumbers,Бодринг,2015-M03,2015,6600.0
058,Pomidor,Помидоры,Tomatoes,Помидор,2015-M03,2015,8564.0
059,Baqlajon,Баклажаны,Eggplant,Бақлажон,2015-M03,2015,0.0
0060,Bulg'or qalampiri,Перец болгарский,Bell pepper,Булғор қалампири,2015-M03,2015,0.0
061,Qovoq,Тыква,Pumpkin,Қовоқ,2015-M03,2015,1234.0
063,Sabzi,Морковь,Carrot,Сабзи,2015-M03,2015,732.0
065,Sarimsoq,Чеснок,Garlic,Саримсоқ,2015-M03,2015,8479.0
066,Piyoz,Лук репчатый,Onion,Пиёз,2015-M03,2015,2124.0
069,Kartoshka,Картофель,Potatoes,Картошка,2015-M03,2015,1453.0
0070,Loviya,Фасоль,Beans,Ловия,2015-M03,2015,0.0
071,No'xot,Горох,Peas,Нўхот,2015-M03,2015,0.0
0072,Mosh,Маш,Mash,Мош,2015-M03,2015,0.0
073,Shakar,Сахар песок,Sugar,Шакар,2015-M03,2015,0.0
002,Kruppa yormasi,Крупа манная,Semolina,Круппа ёрмаси,2015-M03,2015,1267.0
001,Guruch,Рис,Rice,Гуруч,2015-M04,2015,5110.0
003,Arpa,Ячмень,Barley,Арпа,2015-M04,2015,1313.0
0004,Bug'doy,Пшеница,Wheat,Буғдой,2015-M04,2015,1240.0
005,Jo'hori,Кукуруза,Corn,Жўҳори,2015-M04,2015,1499.0
006,Kepak,Отруби,Bran,Кепак,2015-M04,2015,914.0
0008,Shrot,Шрот,Schroth,Шрот,2015-M04,2015,0.0
009,Shulxa,Шелуха,Husk,Шулха,2015-M04,2015,0.0
010,Kombikorm,Комбикорм,Compound feed,Комбикорм,2015-M04,2015,1188.0
011,Oliy navli bug'doy uni,Мука пшеничная высшего сорта,High-grade wheat flour,Олий навли буғдой уни,2015-M04,2015,1562.0
0012,1-navli bug'doy uni,Мука пшеничная первого сорта,First grade wheat flour,1-навли буғдой уни,2015-M04,2015,0.0
013,1-nav bug'doy unidan non,Хлеб пшеничный из муки 1-го сорта,Wheat bread from 1st grade flour,1-нав буғдой унидан нон,2015-M04,2015,0.0
017,Mol go'shti,Говядина,Beef,Мол гўшти,2015-M04,2015,22811.0
0020,Qo'y go'shti,Баранина,Mutton,Қўй гўшти,2015-M04,2015,23744.0
022,Tovuq go'shti,Мясо птицы,Poultry,Товуқ гўшти,2015-M04,2015,0.0
026,Turli baliqlar,Рыба всякая,Fish of all kinds,Турли балиқлар,2015-M04,2015,10609.0
027,Yangi sog'ilgan sut (1 litr),Молоко свежее (1 литр),Fresh milk (1 liter),Янги соғилган сут (1 литр),2015-M04,2015,1675.0
034,Tuxum (10 dona),Яйца (10 штук),Eggs (10 pieces ),Тухум (10 дона),2015-M04,2015,3803.0
035,Paxta yog'i (1 litr),Масло хлопковое (1 литр),Cottonseed oil (1 liter),Пахта ёғи (1 литр),2015-M04,2015,0.0
0036,Kungaboqar yog'i (1 litr),Масло подсолнечное (1 литр),Sunflower oil (1 liter),Кунгабоқар ёғи (1 литр),2015-M04,2015,0.0
037,Sariyog',Масло сливочное,Butter,Сариёғ,2015-M04,2015,14821.0
039,Limon,Лимоны,Lemons,Лимон,2015-M04,2015,7610.0
0040,Olma,Яблоки,Apples,Олма,2015-M04,2015,4164.0
041,Nok,Груши,Pears,Нок,2015-M04,2015,7817.0
049,Uzum,Виноград,Grape,Узум,2015-M04,2015,0.0
0050,Tarvuz,Арбуз,Watermelon,Тарвуз,2015-M04,2015,0.0
0051,Qovun,Дыня,Melon,Қовун,2015-M04,2015,0.0
053,Mayiz,Кишмиш,Kishmish,Майиз,2015-M04,2015,9416.0
055,Karam,Капуста,Cabbage,Карам,2015-M04,2015,1383.0
057,Bodring,Огурцы,Cucumbers,Бодринг,2015-M04,2015,5838.0
058,Pomidor,Помидоры,Tomatoes,Помидор,2015-M04,2015,8373.0
059,Baqlajon,Баклажаны,Eggplant,Бақлажон,2015-M04,2015,0.0
0060,Bulg'or qalampiri,Перец болгарский,Bell pepper,Булғор қалампири,2015-M04,2015,0.0
061,Qovoq,Тыква,Pumpkin,Қовоқ,2015-M04,2015,0.0
063,Sabzi,Морковь,Carrot,Сабзи,2015-M04,2015,753.0
065,Sarimsoq,Чеснок,Garlic,Саримсоқ,2015-M04,2015,8973.0
066,Piyoz,Лук репчатый,Onion,Пиёз,2015-M04,2015,2436.0
069,Kartoshka,Картофель,Potatoes,Картошка,2015-M04,2015,2283.0
0070,Loviya,Фасоль,Beans,Ловия,2015-M04,2015,0.0
071,No'xot,Горох,Peas,Нўхот,2015-M04,2015,0.0
0072,Mosh,Маш,Mash,Мош,2015-M04,2015,0.0
073,Shakar,Сахар песок,Sugar,Шакар,2015-M04,2015,0.0
002,Kruppa yormasi,Крупа манная,Semolina,Круппа ёрмаси,2015-M04,2015,1313.0
001,Guruch,Рис,Rice,Гуруч,2015-M05,2015,6018.0
003,Arpa,Ячмень,Barley,Арпа,2015-M05,2015,1306.0
0004,Bug'doy,Пшеница,Wheat,Буғдой,2015-M05,2015,1282.0
005,Jo'hori,Кукуруза,Corn,Жўҳори,2015-M05,2015,1557.0
006,Kepak,Отруби,Bran,Кепак,2015-M05,2015,888.0
0008,Shrot,Шрот,Schroth,Шрот,2015-M05,2015,0.0
009,Shulxa,Шелуха,Husk,Шулха,2015-M05,2015,0.0
010,Kombikorm,Комбикорм,Compound feed,Комбикорм,2015-M05,2015,1261.0
011,Oliy navli bug'doy uni,Мука пшеничная высшего сорта,High-grade wheat flour,Олий навли буғдой уни,2015-M05,2015,1542.0
0012,1-navli bug'doy uni,Мука пшеничная первого сорта,First grade wheat flour,1-навли буғдой уни,2015-M05,2015,0.0
013,1-nav bug'doy unidan non,Хлеб пшеничный из муки 1-го сорта,Wheat bread from 1st grade flour,1-нав буғдой унидан нон,2015-M05,2015,0.0
017,Mol go'shti,Говядина,Beef,Мол гўшти,2015-M05,2015,22767.0
0020,Qo'y go'shti,Баранина,Mutton,Қўй гўшти,2015-M05,2015,23700.0
022,Tovuq go'shti,Мясо птицы,Poultry,Товуқ гўшти,2015-M05,2015,0.0
026,Turli baliqlar,Рыба всякая,Fish of all kinds,Турли балиқлар,2015-M05,2015,0.0
027,Yangi sog'ilgan sut (1 litr),Молоко свежее (1 литр),Fresh milk (1 liter),Янги соғилган сут (1 литр),2015-M05,2015,1646.0
034,Tuxum (10 dona),Яйца (10 штук),Eggs (10 pieces ),Тухум (10 дона),2015-M05,2015,3816.0
035,Paxta yog'i (1 litr),Масло хлопковое (1 литр),Cottonseed oil (1 liter),Пахта ёғи (1 литр),2015-M05,2015,0.0
0036,Kungaboqar yog'i (1 litr),Масло подсолнечное (1 литр),Sunflower oil (1 liter),Кунгабоқар ёғи (1 литр),2015-M05,2015,0.0
037,Sariyog',Масло сливочное,Butter,Сариёғ,2015-M05,2015,14083.0
039,Limon,Лимоны,Lemons,Лимон,2015-M05,2015,8684.0
0040,Olma,Яблоки,Apples,Олма,2015-M05,2015,4771.0
041,Nok,Груши,Pears,Нок,2015-M05,2015,7097.0
049,Uzum,Виноград,Grape,Узум,2015-M05,2015,0.0
0050,Tarvuz,Арбуз,Watermelon,Тарвуз,2015-M05,2015,0.0
0051,Qovun,Дыня,Melon,Қовун,2015-M05,2015,0.0
053,Mayiz,Кишмиш,Kishmish,Майиз,2015-M05,2015,9174.0
055,Karam,Капуста,Cabbage,Карам,2015-M05,2015,993.0
057,Bodring,Огурцы,Cucumbers,Бодринг,2015-M05,2015,3807.0
058,Pomidor,Помидоры,Tomatoes,Помидор,2015-M05,2015,6056.0
059,Baqlajon,Баклажаны,Eggplant,Бақлажон,2015-M05,2015,5275.0
0060,Bulg'or qalampiri,Перец болгарский,Bell pepper,Булғор қалампири,2015-M05,2015,5875.0
061,Qovoq,Тыква,Pumpkin,Қовоқ,2015-M05,2015,0.0
063,Sabzi,Морковь,Carrot,Сабзи,2015-M05,2015,843.0
065,Sarimsoq,Чеснок,Garlic,Саримсоқ,2015-M05,2015,8756.0
066,Piyoz,Лук репчатый,Onion,Пиёз,2015-M05,2015,1558.0
069,Kartoshka,Картофель,Potatoes,Картошка,2015-M05,2015,1741.0
0070,Loviya,Фасоль,Beans,Ловия,2015-M05,2015,0.0
071,No'xot,Горох,Peas,Нўхот,2015-M05,2015,0.0
0072,Mosh,Маш,Mash,Мош,2015-M05,2015,0.0
073,Shakar,Сахар песок,Sugar,Шакар,2015-M05,2015,0.0
002,Kruppa yormasi,Крупа манная,Semolina,Круппа ёрмаси,2015-M05,2015,1306.0
001,Guruch,Рис,Rice,Гуруч,2015-M06,2015,6138.0
003,Arpa,Ячмень,Barley,Арпа,2015-M06,2015,1292.0
0004,Bug'doy,Пшеница,Wheat,Буғдой,2015-M06,2015,1250.0
005,Jo'hori,Кукуруза,Corn,Жўҳори,2015-M06,2015,1499.0
006,Kepak,Отруби,Bran,Кепак,2015-M06,2015,864.0
0008,Shrot,Шрот,Schroth,Шрот,2015-M06,2015,0.0
009,Shulxa,Шелуха,Husk,Шулха,2015-M06,2015,0.0
010,Kombikorm,Комбикорм,Compound feed,Комбикорм,2015-M06,2015,1233.0
011,Oliy navli bug'doy uni,Мука пшеничная высшего сорта,High-grade wheat flour,Олий навли буғдой уни,2015-M06,2015,1786.0
0012,1-navli bug'doy uni,Мука пшеничная первого сорта,First grade wheat flour,1-навли буғдой уни,2015-M06,2015,0.0
013,1-nav bug'doy unidan non,Хлеб пшеничный из муки 1-го сорта,Wheat bread from 1st grade flour,1-нав буғдой унидан нон,2015-M06,2015,0.0
017,Mol go'shti,Говядина,Beef,Мол гўшти,2015-M06,2015,22811.0
0020,Qo'y go'shti,Баранина,Mutton,Қўй гўшти,2015-M06,2015,23700.0
022,Tovuq go'shti,Мясо птицы,Poultry,Товуқ гўшти,2015-M06,2015,0.0
026,Turli baliqlar,Рыба всякая,Fish of all kinds,Турли балиқлар,2015-M06,2015,0.0
027,Yangi sog'ilgan sut (1 litr),Молоко свежее (1 литр),Fresh milk (1 liter),Янги соғилган сут (1 литр),2015-M06,2015,1604.0
034,Tuxum (10 dona),Яйца (10 штук),Eggs (10 pieces ),Тухум (10 дона),2015-M06,2015,3808.0
035,Paxta yog'i (1 litr),Масло хлопковое (1 литр),Cottonseed oil (1 liter),Пахта ёғи (1 литр),2015-M06,2015,0.0
0036,Kungaboqar yog'i (1 litr),Масло подсолнечное (1 литр),Sunflower oil (1 liter),Кунгабоқар ёғи (1 литр),2015-M06,2015,0.0
037,Sariyog',Масло сливочное,Butter,Сариёғ,2015-M06,2015,14062.0
039,Limon,Лимоны,Lemons,Лимон,2015-M06,2015,9182.0
0040,Olma,Яблоки,Apples,Олма,2015-M06,2015,3978.0
041,Nok,Груши,Pears,Нок,2015-M06,2015,8000.0
049,Uzum,Виноград,Grape,Узум,2015-M06,2015,6292.0
0050,Tarvuz,Арбуз,Watermelon,Тарвуз,2015-M06,2015,1680.0
0051,Qovun,Дыня,Melon,Қовун,2015-M06,2015,1973.0
053,Mayiz,Кишмиш,Kishmish,Майиз,2015-M06,2015,8900.0
055,Karam,Капуста,Cabbage,Карам,2015-M06,2015,868.0
057,Bodring,Огурцы,Cucumbers,Бодринг,2015-M06,2015,1643.0
058,Pomidor,Помидоры,Tomatoes,Помидор,2015-M06,2015,2484.0
059,Baqlajon,Баклажаны,Eggplant,Бақлажон,2015-M06,2015,3347.0
0060,Bulg'or qalampiri,Перец болгарский,Bell pepper,Булғор қалампири,2015-M06,2015,3898.0
061,Qovoq,Тыква,Pumpkin,Қовоқ,2015-M06,2015,0.0
063,Sabzi,Морковь,Carrot,Сабзи,2015-M06,2015,860.0
065,Sarimsoq,Чеснок,Garlic,Саримсоқ,2015-M06,2015,7738.0
066,Piyoz,Лук репчатый,Onion,Пиёз,2015-M06,2015,902.0
069,Kartoshka,Картофель,Potatoes,Картошка,2015-M06,2015,1002.0
0070,Loviya,Фасоль,Beans,Ловия,2015-M06,2015,0.0
071,No'xot,Горох,Peas,Нўхот,2015-M06,2015,0.0
0072,Mosh,Маш,Mash,Мош,2015-M06,2015,0.0
073,Shakar,Сахар песок,Sugar,Шакар,2015-M06,2015,0.0
002,Kruppa yormasi,Крупа манная,Semolina,Круппа ёрмаси,2015-M06,2015,1292.0
001,Guruch,Рис,Rice,Гуруч,2015-M07,2015,6160.0
003,Arpa,Ячмень,Barley,Арпа,2015-M07,2015,1240.0
0004,Bug'doy,Пшеница,Wheat,Буғдой,2015-M07,2015,1151.0
005,Jo'hori,Кукуруза,Corn,Жўҳори,2015-M07,2015,1604.0
006,Kepak,Отруби,Bran,Кепак,2015-M07,2015,852.0
0008,Shrot,Шрот,Schroth,Шрот,2015-M07,2015,0.0
009,Shulxa,Шелуха,Husk,Шулха,2015-M07,2015,0.0
010,Kombikorm,Комбикорм,Compound feed,Комбикорм,2015-M07,2015,1220.0
011,Oliy navli bug'doy uni,Мука пшеничная высшего сорта,High-grade wheat flour,Олий навли буғдой уни,2015-M07,2015,1759.0
0012,1-navli bug'doy uni,Мука пшеничная первого сорта,First grade wheat flour,1-навли буғдой уни,2015-M07,2015,0.0
013,1-nav bug'doy unidan non,Хлеб пшеничный из муки 1-го сорта,Wheat bread from 1st grade flour,1-нав буғдой унидан нон,2015-M07,2015,0.0
017,Mol go'shti,Говядина,Beef,Мол гўшти,2015-M07,2015,22611.0
0020,Qo'y go'shti,Баранина,Mutton,Қўй гўшти,2015-M07,2015,23567.0
022,Tovuq go'shti,Мясо птицы,Poultry,Товуқ гўшти,2015-M07,2015,0.0
026,Turli baliqlar,Рыба всякая,Fish of all kinds,Турли балиқлар,2015-M07,2015,0.0
027,Yangi sog'ilgan sut (1 litr),Молоко свежее (1 литр),Fresh milk (1 liter),Янги соғилган сут (1 литр),2015-M07,2015,1606.0
034,Tuxum (10 dona),Яйца (10 штук),Eggs (10 pieces ),Тухум (10 дона),2015-M07,2015,3551.0
035,Paxta yog'i (1 litr),Масло хлопковое (1 литр),Cottonseed oil (1 liter),Пахта ёғи (1 литр),2015-M07,2015,0.0
0036,Kungaboqar yog'i (1 litr),Масло подсолнечное (1 литр),Sunflower oil (1 liter),Кунгабоқар ёғи (1 литр),2015-M07,2015,0.0
037,Sariyog',Масло сливочное,Butter,Сариёғ,2015-M07,2015,15226.0
039,Limon,Лимоны,Lemons,Лимон,2015-M07,2015,9590.0
0040,Olma,Яблоки,Apples,Олма,2015-M07,2015,3084.0
041,Nok,Груши,Pears,Нок,2015-M07,2015,5272.0
049,Uzum,Виноград,Grape,Узум,2015-M07,2015,4218.0
0050,Tarvuz,Арбуз,Watermelon,Тарвуз,2015-M07,2015,755.0
0051,Qovun,Дыня,Melon,Қовун,2015-M07,2015,1095.0
053,Mayiz,Кишмиш,Kishmish,Майиз,2015-M07,2015,9583.0
055,Karam,Капуста,Cabbage,Карам,2015-M07,2015,629.0
057,Bodring,Огурцы,Cucumbers,Бодринг,2015-M07,2015,791.0
058,Pomidor,Помидоры,Tomatoes,Помидор,2015-M07,2015,1133.0
059,Baqlajon,Баклажаны,Eggplant,Бақлажон,2015-M07,2015,1394.0
0060,Bulg'or qalampiri,Перец болгарский,Bell pepper,Булғор қалампири,2015-M07,2015,1476.0
061,Qovoq,Тыква,Pumpkin,Қовоқ,2015-M07,2015,1024.0
063,Sabzi,Морковь,Carrot,Сабзи,2015-M07,2015,923.0
065,Sarimsoq,Чеснок,Garlic,Саримсоқ,2015-M07,2015,6573.0
066,Piyoz,Лук репчатый,Onion,Пиёз,2015-M07,2015,728.0
069,Kartoshka,Картофель,Potatoes,Картошка,2015-M07,2015,772.0
0070,Loviya,Фасоль,Beans,Ловия,2015-M07,2015,0.0
071,No'xot,Горох,Peas,Нўхот,2015-M07,2015,0.0
0072,Mosh,Маш,Mash,Мош,2015-M07,2015,0.0
073,Shakar,Сахар песок,Sugar,Шакар,2015-M07,2015,0.0
002,Kruppa yormasi,Крупа манная,Semolina,Круппа ёрмаси,2015-M07,2015,1240.0
001,Guruch,Рис,Rice,Гуруч,2015-M08,2015,5993.0
003,Arpa,Ячмень,Barley,Арпа,2015-M08,2015,1266.0
0004,Bug'doy,Пшеница,Wheat,Буғдой,2015-M08,2015,1184.0
005,Jo'hori,Кукуруза,Corn,Жўҳори,2015-M08,2015,1615.0
006,Kepak,Отруби,Bran,Кепак,2015-M08,2015,840.0
0008,Shrot,Шрот,Schroth,Шрот,2015-M08,2015,0.0
009,Shulxa,Шелуха,Husk,Шулха,2015-M08,2015,0.0
010,Kombikorm,Комбикорм,Compound feed,Комбикорм,2015-M08,2015,1262.0
011,Oliy navli bug'doy uni,Мука пшеничная высшего сорта,High-grade wheat flour,Олий навли буғдой уни,2015-M08,2015,1697.0
0012,1-navli bug'doy uni,Мука пшеничная первого сорта,First grade wheat flour,1-навли буғдой уни,2015-M08,2015,0.0
013,1-nav bug'doy unidan non,Хлеб пшеничный из муки 1-го сорта,Wheat bread from 1st grade flour,1-нав буғдой унидан нон,2015-M08,2015,0.0
017,Mol go'shti,Говядина,Beef,Мол гўшти,2015-M08,2015,23022.0
0020,Qo'y go'shti,Баранина,Mutton,Қўй гўшти,2015-M08,2015,23889.0
022,Tovuq go'shti,Мясо птицы,Poultry,Товуқ гўшти,2015-M08,2015,0.0
026,Turli baliqlar,Рыба всякая,Fish of all kinds,Турли балиқлар,2015-M08,2015,16250.0
027,Yangi sog'ilgan sut (1 litr),Молоко свежее (1 литр),Fresh milk (1 liter),Янги соғилган сут (1 литр),2015-M08,2015,1607.0
034,Tuxum (10 dona),Яйца (10 штук),Eggs (10 pieces ),Тухум (10 дона),2015-M08,2015,3500.0
035,Paxta yog'i (1 litr),Масло хлопковое (1 литр),Cottonseed oil (1 liter),Пахта ёғи (1 литр),2015-M08,2015,0.0
0036,Kungaboqar yog'i (1 litr),Масло подсолнечное (1 литр),Sunflower oil (1 liter),Кунгабоқар ёғи (1 литр),2015-M08,2015,0.0
037,Sariyog',Масло сливочное,Butter,Сариёғ,2015-M08,2015,13997.0
039,Limon,Лимоны,Lemons,Лимон,2015-M08,2015,11012.0
0040,Olma,Яблоки,Apples,Олма,2015-M08,2015,2606.0
041,Nok,Груши,Pears,Нок,2015-M08,2015,4829.0
049,Uzum,Виноград,Grape,Узум,2015-M08,2015,2481.0
0050,Tarvuz,Арбуз,Watermelon,Тарвуз,2015-M08,2015,580.0
0051,Qovun,Дыня,Melon,Қовун,2015-M08,2015,766.0
053,Mayiz,Кишмиш,Kishmish,Майиз,2015-M08,2015,9676.0
055,Karam,Капуста,Cabbage,Карам,2015-M08,2015,633.0
057,Bodring,Огурцы,Cucumbers,Бодринг,2015-M08,2015,801.0
058,Pomidor,Помидоры,Tomatoes,Помидор,2015-M08,2015,753.0
059,Baqlajon,Баклажаны,Eggplant,Бақлажон,2015-M08,2015,912.0
0060,Bulg'or qalampiri,Перец болгарский,Bell pepper,Булғор қалампири,2015-M08,2015,1236.0
061,Qovoq,Тыква,Pumpkin,Қовоқ,2015-M08,2015,946.0
063,Sabzi,Морковь,Carrot,Сабзи,2015-M08,2015,1060.0
065,Sarimsoq,Чеснок,Garlic,Саримсоқ,2015-M08,2015,8336.0
066,Piyoz,Лук репчатый,Onion,Пиёз,2015-M08,2015,648.0
069,Kartoshka,Картофель,Potatoes,Картошка,2015-M08,2015,659.0
0070,Loviya,Фасоль,Beans,Ловия,2015-M08,2015,0.0
071,No'xot,Горох,Peas,Нўхот,2015-M08,2015,0.0
0072,Mosh,Маш,Mash,Мош,2015-M08,2015,0.0
073,Shakar,Сахар песок,Sugar,Шакар,2015-M08,2015,0.0
002,Kruppa yormasi,Крупа манная,Semolina,Круппа ёрмаси,2015-M08,2015,1266.0
001,Guruch,Рис,Rice,Гуруч,2015-M09,2015,6038.0
003,Arpa,Ячмень,Barley,Арпа,2015-M09,2015,1308.0
0004,Bug'doy,Пшеница,Wheat,Буғдой,2015-M09,2015,1232.0
005,Jo'hori,Кукуруза,Corn,Жўҳори,2015-M09,2015,1523.0
006,Kepak,Отруби,Bran,Кепак,2015-M09,2015,874.0
0008,Shrot,Шрот,Schroth,Шрот,2015-M09,2015,0.0
009,Shulxa,Шелуха,Husk,Шулха,2015-M09,2015,0.0
010,Kombikorm,Комбикорм,Compound feed,Комбикорм,2015-M09,2015,1245.0
011,Oliy navli bug'doy uni,Мука пшеничная высшего сорта,High-grade wheat flour,Олий навли буғдой уни,2015-M09,2015,1727.0
0012,1-navli bug'doy uni,Мука пшеничная первого сорта,First grade wheat flour,1-навли буғдой уни,2015-M09,2015,0.0
013,1-nav bug'doy unidan non,Хлеб пшеничный из муки 1-го сорта,Wheat bread from 1st grade flour,1-нав буғдой унидан нон,2015-M09,2015,0.0
017,Mol go'shti,Говядина,Beef,Мол гўшти,2015-M09,2015,23178.0
0020,Qo'y go'shti,Баранина,Mutton,Қўй гўшти,2015-M09,2015,24033.0
022,Tovuq go'shti,Мясо птицы,Poultry,Товуқ гўшти,2015-M09,2015,0.0
026,Turli baliqlar,Рыба всякая,Fish of all kinds,Турли балиқлар,2015-M09,2015,15778.0
027,Yangi sog'ilgan sut (1 litr),Молоко свежее (1 литр),Fresh milk (1 liter),Янги соғилган сут (1 литр),2015-M09,2015,1645.0
034,Tuxum (10 dona),Яйца (10 штук),Eggs (10 pieces ),Тухум (10 дона),2015-M09,2015,4526.0
035,Paxta yog'i (1 litr),Масло хлопковое (1 литр),Cottonseed oil (1 liter),Пахта ёғи (1 литр),2015-M09,2015,0.0
0036,Kungaboqar yog'i (1 litr),Масло подсолнечное (1 литр),Sunflower oil (1 liter),Кунгабоқар ёғи (1 литр),2015-M09,2015,0.0
037,Sariyog',Масло сливочное,Butter,Сариёғ,2015-M09,2015,14264.0
039,Limon,Лимоны,Lemons,Лимон,2015-M09,2015,13005.0
0040,Olma,Яблоки,Apples,Олма,2015-M09,2015,2641.0
041,Nok,Груши,Pears,Нок,2015-M09,2015,4333.0
049,Uzum,Виноград,Grape,Узум,2015-M09,2015,2231.0
0050,Tarvuz,Арбуз,Watermelon,Тарвуз,2015-M09,2015,667.0
0051,Qovun,Дыня,Melon,Қовун,2015-M09,2015,848.0
053,Mayiz,Кишмиш,Kishmish,Майиз,2015-M09,2015,10107.0
055,Karam,Капуста,Cabbage,Карам,2015-M09,2015,748.0
057,Bodring,Огурцы,Cucumbers,Бодринг,2015-M09,2015,1079.0
058,Pomidor,Помидоры,Tomatoes,Помидор,2015-M09,2015,1230.0
059,Baqlajon,Баклажаны,Eggplant,Бақлажон,2015-M09,2015,975.0
0060,Bulg'or qalampiri,Перец болгарский,Bell pepper,Булғор қалампири,2015-M09,2015,1191.0
061,Qovoq,Тыква,Pumpkin,Қовоқ,2015-M09,2015,1044.0
063,Sabzi,Морковь,Carrot,Сабзи,2015-M09,2015,1546.0
065,Sarimsoq,Чеснок,Garlic,Саримсоқ,2015-M09,2015,8992.0
066,Piyoz,Лук репчатый,Onion,Пиёз,2015-M09,2015,733.0
069,Kartoshka,Картофель,Potatoes,Картошка,2015-M09,2015,833.0
0070,Loviya,Фасоль,Beans,Ловия,2015-M09,2015,0.0
071,No'xot,Горох,Peas,Нўхот,2015-M09,2015,0.0
0072,Mosh,Маш,Mash,Мош,2015-M09,2015,0.0
073,Shakar,Сахар песок,Sugar,Шакар,2015-M09,2015,0.0
002,Kruppa yormasi,Крупа манная,Semolina,Круппа ёрмаси,2015-M09,2015,1308.0
001,Guruch,Рис,Rice,Гуруч,2015-M10,2015,5073.0
003,Arpa,Ячмень,Barley,Арпа,2015-M10,2015,1321.0
0004,Bug'doy,Пшеница,Wheat,Буғдой,2015-M10,2015,1258.0
005,Jo'hori,Кукуруза,Corn,Жўҳори,2015-M10,2015,1526.0
006,Kepak,Отруби,Bran,Кепак,2015-M10,2015,929.0
0008,Shrot,Шрот,Schroth,Шрот,2015-M10,2015,0.0
009,Shulxa,Шелуха,Husk,Шулха,2015-M10,2015,0.0
010,Kombikorm,Комбикорм,Compound feed,Комбикорм,2015-M10,2015,1299.0
011,Oliy navli bug'doy uni,Мука пшеничная высшего сорта,High-grade wheat flour,Олий навли буғдой уни,2015-M10,2015,1736.0
0012,1-navli bug'doy uni,Мука пшеничная первого сорта,First grade wheat flour,1-навли буғдой уни,2015-M10,2015,0.0
013,1-nav bug'doy unidan non,Хлеб пшеничный из муки 1-го сорта,Wheat bread from 1st grade flour,1-нав буғдой унидан нон,2015-M10,2015,0.0
017,Mol go'shti,Говядина,Beef,Мол гўшти,2015-M10,2015,23289.0
0020,Qo'y go'shti,Баранина,Mutton,Қўй гўшти,2015-M10,2015,24156.0
022,Tovuq go'shti,Мясо птицы,Poultry,Товуқ гўшти,2015-M10,2015,0.0
026,Turli baliqlar,Рыба всякая,Fish of all kinds,Турли балиқлар,2015-M10,2015,12961.0
027,Yangi sog'ilgan sut (1 litr),Молоко свежее (1 литр),Fresh milk (1 liter),Янги соғилган сут (1 литр),2015-M10,2015,1638.0
034,Tuxum (10 dona),Яйца (10 штук),Eggs (10 pieces ),Тухум (10 дона),2015-M10,2015,4743.0
035,Paxta yog'i (1 litr),Масло хлопковое (1 литр),Cottonseed oil (1 liter),Пахта ёғи (1 литр),2015-M10,2015,0.0
0036,Kungaboqar yog'i (1 litr),Масло подсолнечное (1 литр),Sunflower oil (1 liter),Кунгабоқар ёғи (1 литр),2015-M10,2015,0.0
037,Sariyog',Масло сливочное,Butter,Сариёғ,2015-M10,2015,18316.0
039,Limon,Лимоны,Lemons,Лимон,2015-M10,2015,10807.0
0040,Olma,Яблоки,Apples,Олма,2015-M10,2015,2712.0
041,Nok,Груши,Pears,Нок,2015-M10,2015,4731.0
049,Uzum,Виноград,Grape,Узум,2015-M10,2015,2149.0
0050,Tarvuz,Арбуз,Watermelon,Тарвуз,2015-M10,2015,770.0
0051,Qovun,Дыня,Melon,Қовун,2015-M10,2015,953.0
053,Mayiz,Кишмиш,Kishmish,Майиз,2015-M10,2015,10762.0
055,Karam,Капуста,Cabbage,Карам,2015-M10,2015,875.0
057,Bodring,Огурцы,Cucumbers,Бодринг,2015-M10,2015,1332.0
058,Pomidor,Помидоры,Tomatoes,Помидор,2015-M10,2015,1638.0
059,Baqlajon,Баклажаны,Eggplant,Бақлажон,2015-M10,2015,949.0
0060,Bulg'or qalampiri,Перец болгарский,Bell pepper,Булғор қалампири,2015-M10,2015,1097.0
061,Qovoq,Тыква,Pumpkin,Қовоқ,2015-M10,2015,986.0
063,Sabzi,Морковь,Carrot,Сабзи,2015-M10,2015,1621.0
065,Sarimsoq,Чеснок,Garlic,Саримсоқ,2015-M10,2015,10133.0
066,Piyoz,Лук репчатый,Onion,Пиёз,2015-M10,2015,760.0
069,Kartoshka,Картофель,Potatoes,Картошка,2015-M10,2015,1052.0
0070,Loviya,Фасоль,Beans,Ловия,2015-M10,2015,0.0
071,No'xot,Горох,Peas,Нўхот,2015-M10,2015,0.0
0072,Mosh,Маш,Mash,Мош,2015-M10,2015,0.0
073,Shakar,Сахар песок,Sugar,Шакар,2015-M10,2015,0.0
002,Kruppa yormasi,Крупа манная,Semolina,Круппа ёрмаси,2015-M10,2015,1321.0
001,Guruch,Рис,Rice,Гуруч,2015-M11,2015,4145.0
003,Arpa,Ячмень,Barley,Арпа,2015-M11,2015,1313.0
0004,Bug'doy,Пшеница,Wheat,Буғдой,2015-M11,2015,1321.0
005,Jo'hori,Кукуруза,Corn,Жўҳори,2015-M11,2015,1497.0
006,Kepak,Отруби,Bran,Кепак,2015-M11,2015,924.0
0008,Shrot,Шрот,Schroth,Шрот,2015-M11,2015,0.0
009,Shulxa,Шелуха,Husk,Шулха,2015-M11,2015,0.0
010,Kombikorm,Комбикорм,Compound feed,Комбикорм,2015-M11,2015,1283.0
011,Oliy navli bug'doy uni,Мука пшеничная высшего сорта,High-grade wheat flour,Олий навли буғдой уни,2015-M11,2015,1748.0
0012,1-navli bug'doy uni,Мука пшеничная первого сорта,First grade wheat flour,1-навли буғдой уни,2015-M11,2015,0.0
013,1-nav bug'doy unidan non,Хлеб пшеничный из муки 1-го сорта,Wheat bread from 1st grade flour,1-нав буғдой унидан нон,2015-M11,2015,0.0
017,Mol go'shti,Говядина,Beef,Мол гўшти,2015-M11,2015,23052.0
0020,Qo'y go'shti,Баранина,Mutton,Қўй гўшти,2015-M11,2015,24021.0
022,Tovuq go'shti,Мясо птицы,Poultry,Товуқ гўшти,2015-M11,2015,0.0
026,Turli baliqlar,Рыба всякая,Fish of all kinds,Турли балиқлар,2015-M11,2015,11918.0
027,Yangi sog'ilgan sut (1 litr),Молоко свежее (1 литр),Fresh milk (1 liter),Янги соғилган сут (1 литр),2015-M11,2015,1671.0
034,Tuxum (10 dona),Яйца (10 штук),Eggs (10 pieces ),Тухум (10 дона),2015-M11,2015,4384.0
035,Paxta yog'i (1 litr),Масло хлопковое (1 литр),Cottonseed oil (1 liter),Пахта ёғи (1 литр),2015-M11,2015,0.0
0036,Kungaboqar yog'i (1 litr),Масло подсолнечное (1 литр),Sunflower oil (1 liter),Кунгабоқар ёғи (1 литр),2015-M11,2015,0.0
037,Sariyog',Масло сливочное,Butter,Сариёғ,2015-M11,2015,17933.0
039,Limon,Лимоны,Lemons,Лимон,2015-M11,2015,10276.0
0040,Olma,Яблоки,Apples,Олма,2015-M11,2015,3542.0
041,Nok,Груши,Pears,Нок,2015-M11,2015,5548.0
049,Uzum,Виноград,Grape,Узум,2015-M11,2015,3115.0
0050,Tarvuz,Арбуз,Watermelon,Тарвуз,2015-M11,2015,938.0
0051,Qovun,Дыня,Melon,Қовун,2015-M11,2015,1169.0
053,Mayiz,Кишмиш,Kishmish,Майиз,2015-M11,2015,10792.0
055,Karam,Капуста,Cabbage,Карам,2015-M11,2015,850.0
057,Bodring,Огурцы,Cucumbers,Бодринг,2015-M11,2015,2974.0
058,Pomidor,Помидоры,Tomatoes,Помидор,2015-M11,2015,3024.0
059,Baqlajon,Баклажаны,Eggplant,Бақлажон,2015-M11,2015,1048.0
0060,Bulg'or qalampiri,Перец болгарский,Bell pepper,Булғор қалампири,2015-M11,2015,1188.0
061,Qovoq,Тыква,Pumpkin,Қовоқ,2015-M11,2015,985.0
063,Sabzi,Морковь,Carrot,Сабзи,2015-M11,2015,1090.0
065,Sarimsoq,Чеснок,Garlic,Саримсоқ,2015-M11,2015,11175.0
066,Piyoz,Лук репчатый,Onion,Пиёз,2015-M11,2015,709.0
069,Kartoshka,Картофель,Potatoes,Картошка,2015-M11,2015,1037.0
0070,Loviya,Фасоль,Beans,Ловия,2015-M11,2015,0.0
071,No'xot,Горох,Peas,Нўхот,2015-M11,2015,0.0
0072,Mosh,Маш,Mash,Мош,2015-M11,2015,0.0
073,Shakar,Сахар песок,Sugar,Шакар,2015-M11,2015,0.0
002,Kruppa yormasi,Крупа манная,Semolina,Круппа ёрмаси,2015-M11,2015,1313.0
001,Guruch,Рис,Rice,Гуруч,2015-M12,2015,3957.0
003,Arpa,Ячмень,Barley,Арпа,2015-M12,2015,1339.0
0004,Bug'doy,Пшеница,Wheat,Буғдой,2015-M12,2015,1365.0
005,Jo'hori,Кукуруза,Corn,Жўҳори,2015-M12,2015,1513.0
006,Kepak,Отруби,Bran,Кепак,2015-M12,2015,1144.0
0008,Shrot,Шрот,Schroth,Шрот,2015-M12,2015,0.0
009,Shulxa,Шелуха,Husk,Шулха,2015-M12,2015,0.0
010,Kombikorm,Комбикорм,Compound feed,Комбикорм,2015-M12,2015,1286.0
011,Oliy navli bug'doy uni,Мука пшеничная высшего сорта,High-grade wheat flour,Олий навли буғдой уни,2015-M12,2015,1800.0
0012,1-navli bug'doy uni,Мука пшеничная первого сорта,First grade wheat flour,1-навли буғдой уни,2015-M12,2015,0.0
013,1-nav bug'doy unidan non,Хлеб пшеничный из муки 1-го сорта,Wheat bread from 1st grade flour,1-нав буғдой унидан нон,2015-M12,2015,0.0
017,Mol go'shti,Говядина,Beef,Мол гўшти,2015-M12,2015,22240.0
0020,Qo'y go'shti,Баранина,Mutton,Қўй гўшти,2015-M12,2015,23115.0
022,Tovuq go'shti,Мясо птицы,Poultry,Товуқ гўшти,2015-M12,2015,0.0
026,Turli baliqlar,Рыба всякая,Fish of all kinds,Турли балиқлар,2015-M12,2015,11348.0
027,Yangi sog'ilgan sut (1 litr),Молоко свежее (1 литр),Fresh milk (1 liter),Янги соғилган сут (1 литр),2015-M12,2015,1763.0
034,Tuxum (10 dona),Яйца (10 штук),Eggs (10 pieces ),Тухум (10 дона),2015-M12,2015,4664.0
035,Paxta yog'i (1 litr),Масло хлопковое (1 литр),Cottonseed oil (1 liter),Пахта ёғи (1 литр),2015-M12,2015,0.0
0036,Kungaboqar yog'i (1 litr),Масло подсолнечное (1 литр),Sunflower oil (1 liter),Кунгабоқар ёғи (1 литр),2015-M12,2015,0.0
037,Sariyog',Масло сливочное,Butter,Сариёғ,2015-M12,2015,17602.0
039,Limon,Лимоны,Lemons,Лимон,2015-M12,2015,9540.0
0040,Olma,Яблоки,Apples,Олма,2015-M12,2015,4648.0
041,Nok,Груши,Pears,Нок,2015-M12,2015,6319.0
049,Uzum,Виноград,Grape,Узум,2015-M12,2015,4718.0
0050,Tarvuz,Арбуз,Watermelon,Тарвуз,2015-M12,2015,1156.0
0051,Qovun,Дыня,Melon,Қовун,2015-M12,2015,1429.0
053,Mayiz,Кишмиш,Kishmish,Майиз,2015-M12,2015,11233.0
055,Karam,Капуста,Cabbage,Карам,2015-M12,2015,830.0
057,Bodring,Огурцы,Cucumbers,Бодринг,2015-M12,2015,6292.0
058,Pomidor,Помидоры,Tomatoes,Помидор,2015-M12,2015,4956.0
059,Baqlajon,Баклажаны,Eggplant,Бақлажон,2015-M12,2015,0.0
0060,Bulg'or qalampiri,Перец болгарский,Bell pepper,Булғор қалампири,2015-M12,2015,1620.0
061,Qovoq,Тыква,Pumpkin,Қовоқ,2015-M12,2015,983.0
063,Sabzi,Морковь,Carrot,Сабзи,2015-M12,2015,886.0
065,Sarimsoq,Чеснок,Garlic,Саримсоқ,2015-M12,2015,12125.0
066,Piyoz,Лук репчатый,Onion,Пиёз,2015-M12,2015,746.0
069,Kartoshka,Картофель,Potatoes,Картошка,2015-M12,2015,1008.0
0070,Loviya,Фасоль,Beans,Ловия,2015-M12,2015,0.0
071,No'xot,Горох,Peas,Нўхот,2015-M12,2015,0.0
0072,Mosh,Маш,Mash,Мош,2015-M12,2015,0.0
073,Shakar,Сахар песок,Sugar,Шакар,2015-M12,2015,0.0
002,Kruppa yormasi,Крупа манная,Semolina,Круппа ёрмаси,2015-M12,2015,1339.0
001,Guruch,Рис,Rice,Гуруч,2016-M01,2016,3884.0
003,Arpa,Ячмень,Barley,Арпа,2016-M01,2016,1329.0
0004,Bug'doy,Пшеница,Wheat,Буғдой,2016-M01,2016,1351.0
005,Jo'hori,Кукуруза,Corn,Жўҳори,2016-M01,2016,1444.0
006,Kepak,Отруби,Bran,Кепак,2016-M01,2016,958.0
0008,Shrot,Шрот,Schroth,Шрот,2016-M01,2016,0.0
009,Shulxa,Шелуха,Husk,Шулха,2016-M01,2016,0.0
010,Kombikorm,Комбикорм,Compound feed,Комбикорм,2016-M01,2016,1257.0
011,Oliy navli bug'doy uni,Мука пшеничная высшего сорта,High-grade wheat flour,Олий навли буғдой уни,2016-M01,2016,1876.0
0012,1-navli bug'doy uni,Мука пшеничная первого сорта,First grade wheat flour,1-навли буғдой уни,2016-M01,2016,0.0
013,1-nav bug'doy unidan non,Хлеб пшеничный из муки 1-го сорта,Wheat bread from 1st grade flour,1-нав буғдой унидан нон,2016-M01,2016,0.0
017,Mol go'shti,Говядина,Beef,Мол гўшти,2016-M01,2016,21615.0
0020,Qo'y go'shti,Баранина,Mutton,Қўй гўшти,2016-M01,2016,22552.0
022,Tovuq go'shti,Мясо птицы,Poultry,Товуқ гўшти,2016-M01,2016,0.0
026,Turli baliqlar,Рыба всякая,Fish of all kinds,Турли балиқлар,2016-M01,2016,10921.0
027,Yangi sog'ilgan sut (1 litr),Молоко свежее (1 литр),Fresh milk (1 liter),Янги соғилган сут (1 литр),2016-M01,2016,1779.0
034,Tuxum (10 dona),Яйца (10 штук),Eggs (10 pieces ),Тухум (10 дона),2016-M01,2016,4766.0
035,Paxta yog'i (1 litr),Масло хлопковое (1 литр),Cottonseed oil (1 liter),Пахта ёғи (1 литр),2016-M01,2016,0.0
0036,Kungaboqar yog'i (1 litr),Масло подсолнечное (1 литр),Sunflower oil (1 liter),Кунгабоқар ёғи (1 литр),2016-M01,2016,0.0
037,Sariyog',Масло сливочное,Butter,Сариёғ,2016-M01,2016,17635.0
039,Limon,Лимоны,Lemons,Лимон,2016-M01,2016,9185.0
0040,Olma,Яблоки,Apples,Олма,2016-M01,2016,4396.0
041,Nok,Груши,Pears,Нок,2016-M01,2016,7577.0
049,Uzum,Виноград,Grape,Узум,2016-M01,2016,5616.0
0050,Tarvuz,Арбуз,Watermelon,Тарвуз,2016-M01,2016,1448.0
0051,Qovun,Дыня,Melon,Қовун,2016-M01,2016,1745.0
053,Mayiz,Кишмиш,Kishmish,Майиз,2016-M01,2016,12013.0
055,Karam,Капуста,Cabbage,Карам,2016-M01,2016,778.0
057,Bodring,Огурцы,Cucumbers,Бодринг,2016-M01,2016,8044.0
058,Pomidor,Помидоры,Tomatoes,Помидор,2016-M01,2016,6885.0
059,Baqlajon,Баклажаны,Eggplant,Бақлажон,2016-M01,2016,0.0
0060,Bulg'or qalampiri,Перец болгарский,Bell pepper,Булғор қалампири,2016-M01,2016,0.0
061,Qovoq,Тыква,Pumpkin,Қовоқ,2016-M01,2016,991.0
063,Sabzi,Морковь,Carrot,Сабзи,2016-M01,2016,801.0
065,Sarimsoq,Чеснок,Garlic,Саримсоқ,2016-M01,2016,13396.0
066,Piyoz,Лук репчатый,Onion,Пиёз,2016-M01,2016,779.0
069,Kartoshka,Картофель,Potatoes,Картошка,2016-M01,2016,999.0
0070,Loviya,Фасоль,Beans,Ловия,2016-M01,2016,0.0
071,No'xot,Горох,Peas,Нўхот,2016-M01,2016,0.0
0072,Mosh,Маш,Mash,Мош,2016-M01,2016,0.0
073,Shakar,Сахар песок,Sugar,Шакар,2016-M01,2016,0.0
002,Kruppa yormasi,Крупа манная,Semolina,Круппа ёрмаси,2016-M01,2016,1329.0
001,Guruch,Рис,Rice,Гуруч,2016-M02,2016,3961.0
003,Arpa,Ячмень,Barley,Арпа,2016-M02,2016,1325.0
0004,Bug'doy,Пшеница,Wheat,Буғдой,2016-M02,2016,1348.0
005,Jo'hori,Кукуруза,Corn,Жўҳори,2016-M02,2016,1427.0
006,Kepak,Отруби,Bran,Кепак,2016-M02,2016,948.0
0008,Shrot,Шрот,Schroth,Шрот,2016-M02,2016,0.0
009,Shulxa,Шелуха,Husk,Шулха,2016-M02,2016,0.0
010,Kombikorm,Комбикорм,Compound feed,Комбикорм,2016-M02,2016,1263.0
011,Oliy navli bug'doy uni,Мука пшеничная высшего сорта,High-grade wheat flour,Олий навли буғдой уни,2016-M02,2016,2114.0
0012,1-navli bug'doy uni,Мука пшеничная первого сорта,First grade wheat flour,1-навли буғдой уни,2016-M02,2016,0.0
013,1-nav bug'doy unidan non,Хлеб пшеничный из муки 1-го сорта,Wheat bread from 1st grade flour,1-нав буғдой унидан нон,2016-M02,2016,0.0
017,Mol go'shti,Говядина,Beef,Мол гўшти,2016-M02,2016,21919.0
0020,Qo'y go'shti,Баранина,Mutton,Қўй гўшти,2016-M02,2016,22854.0
022,Tovuq go'shti,Мясо птицы,Poultry,Товуқ гўшти,2016-M02,2016,0.0
026,Turli baliqlar,Рыба всякая,Fish of all kinds,Турли балиқлар,2016-M02,2016,10988.0
027,Yangi sog'ilgan sut (1 litr),Молоко свежее (1 литр),Fresh milk (1 liter),Янги соғилган сут (1 литр),2016-M02,2016,1813.0
034,Tuxum (10 dona),Яйца (10 штук),Eggs (10 pieces ),Тухум (10 дона),2016-M02,2016,4793.0
035,Paxta yog'i (1 litr),Масло хлопковое (1 литр),Cottonseed oil (1 liter),Пахта ёғи (1 литр),2016-M02,2016,0.0
0036,Kungaboqar yog'i (1 litr),Масло подсолнечное (1 литр),Sunflower oil (1 liter),Кунгабоқар ёғи (1 литр),2016-M02,2016,0.0
037,Sariyog',Масло сливочное,Butter,Сариёғ,2016-M02,2016,18865.0
039,Limon,Лимоны,Lemons,Лимон,2016-M02,2016,9548.0
0040,Olma,Яблоки,Apples,Олма,2016-M02,2016,3958.0
041,Nok,Груши,Pears,Нок,2016-M02,2016,8401.0
049,Uzum,Виноград,Grape,Узум,2016-M02,2016,6130.0
0050,Tarvuz,Арбуз,Watermelon,Тарвуз,2016-M02,2016,0.0
0051,Qovun,Дыня,Melon,Қовун,2016-M02,2016,1788.0
053,Mayiz,Кишмиш,Kishmish,Майиз,2016-M02,2016,12821.0
055,Karam,Капуста,Cabbage,Карам,2016-M02,2016,771.0
057,Bodring,Огурцы,Cucumbers,Бодринг,2016-M02,2016,7240.0
058,Pomidor,Помидоры,Tomatoes,Помидор,2016-M02,2016,7625.0
059,Baqlajon,Баклажаны,Eggplant,Бақлажон,2016-M02,2016,0.0
0060,Bulg'or qalampiri,Перец болгарский,Bell pepper,Булғор қалампири,2016-M02,2016,0.0
061,Qovoq,Тыква,Pumpkin,Қовоқ,2016-M02,2016,971.0
063,Sabzi,Морковь,Carrot,Сабзи,2016-M02,2016,767.0
065,Sarimsoq,Чеснок,Garlic,Саримсоқ,2016-M02,2016,15346.0
066,Piyoz,Лук репчатый,Onion,Пиёз,2016-M02,2016,830.0
069,Kartoshka,Картофель,Potatoes,Картошка,2016-M02,2016,960.0
0070,Loviya,Фасоль,Beans,Ловия,2016-M02,2016,0.0
071,No'xot,Горох,Peas,Нўхот,2016-M02,2016,0.0
0072,Mosh,Маш,Mash,Мош,2016-M02,2016,0.0
073,Shakar,Сахар песок,Sugar,Шакар,2016-M02,2016,0.0
002,Kruppa yormasi,Крупа манная,Semolina,Круппа ёрмаси,2016-M02,2016,1325.0
001,Guruch,Рис,Rice,Гуруч,2016-M03,2016,3991.0
003,Arpa,Ячмень,Barley,Арпа,2016-M03,2016,1324.0
0004,Bug'doy,Пшеница,Wheat,Буғдой,2016-M03,2016,1348.0
005,Jo'hori,Кукуруза,Corn,Жўҳори,2016-M03,2016,1421.0
006,Kepak,Отруби,Bran,Кепак,2016-M03,2016,950.0
0008,Shrot,Шрот,Schroth,Шрот,2016-M03,2016,0.0
009,Shulxa,Шелуха,Husk,Шулха,2016-M03,2016,0.0
010,Kombikorm,Комбикорм,Compound feed,Комбикорм,2016-M03,2016,1265.0
011,Oliy navli bug'doy uni,Мука пшеничная высшего сорта,High-grade wheat flour,Олий навли буғдой уни,2016-M03,2016,2036.0
0012,1-navli bug'doy uni,Мука пшеничная первого сорта,First grade wheat flour,1-навли буғдой уни,2016-M03,2016,0.0
013,1-nav bug'doy unidan non,Хлеб пшеничный из муки 1-го сорта,Wheat bread from 1st grade flour,1-нав буғдой унидан нон,2016-M03,2016,0.0
017,Mol go'shti,Говядина,Beef,Мол гўшти,2016-M03,2016,21906.0
0020,Qo'y go'shti,Баранина,Mutton,Қўй гўшти,2016-M03,2016,22844.0
022,Tovuq go'shti,Мясо птицы,Poultry,Товуқ гўшти,2016-M03,2016,0.0
026,Turli baliqlar,Рыба всякая,Fish of all kinds,Турли балиқлар,2016-M03,2016,10940.0
027,Yangi sog'ilgan sut (1 litr),Молоко свежее (1 литр),Fresh milk (1 liter),Янги соғилган сут (1 литр),2016-M03,2016,1821.0
034,Tuxum (10 dona),Яйца (10 штук),Eggs (10 pieces ),Тухум (10 дона),2016-M03,2016,4749.0
035,Paxta yog'i (1 litr),Масло хлопковое (1 литр),Cottonseed oil (1 liter),Пахта ёғи (1 литр),2016-M03,2016,0.0
0036,Kungaboqar yog'i (1 litr),Масло подсолнечное (1 литр),Sunflower oil (1 liter),Кунгабоқар ёғи (1 литр),2016-M03,2016,0.0
037,Sariyog',Масло сливочное,Butter,Сариёғ,2016-M03,2016,18521.0
039,Limon,Лимоны,Lemons,Лимон,2016-M03,2016,9274.0
0040,Olma,Яблоки,Apples,Олма,2016-M03,2016,4613.0
041,Nok,Груши,Pears,Нок,2016-M03,2016,8263.0
049,Uzum,Виноград,Grape,Узум,2016-M03,2016,6694.0
0050,Tarvuz,Арбуз,Watermelon,Тарвуз,2016-M03,2016,0.0
0051,Qovun,Дыня,Melon,Қовун,2016-M03,2016,2013.0
053,Mayiz,Кишмиш,Kishmish,Майиз,2016-M03,2016,13060.0
055,Karam,Капуста,Cabbage,Карам,2016-M03,2016,770.0
057,Bodring,Огурцы,Cucumbers,Бодринг,2016-M03,2016,6969.0
058,Pomidor,Помидоры,Tomatoes,Помидор,2016-M03,2016,8135.0
059,Baqlajon,Баклажаны,Eggplant,Бақлажон,2016-M03,2016,0.0
0060,Bulg'or qalampiri,Перец болгарский,Bell pepper,Булғор қалампири,2016-M03,2016,0.0
061,Qovoq,Тыква,Pumpkin,Қовоқ,2016-M03,2016,1149.0
063,Sabzi,Морковь,Carrot,Сабзи,2016-M03,2016,769.0
065,Sarimsoq,Чеснок,Garlic,Саримсоқ,2016-M03,2016,14917.0
066,Piyoz,Лук репчатый,Onion,Пиёз,2016-M03,2016,793.0
069,Kartoshka,Картофель,Potatoes,Картошка,2016-M03,2016,956.0
0070,Loviya,Фасоль,Beans,Ловия,2016-M03,2016,0.0
071,No'xot,Горох,Peas,Нўхот,2016-M03,2016,0.0
0072,Mosh,Маш,Mash,Мош,2016-M03,2016,0.0
073,Shakar,Сахар песок,Sugar,Шакар,2016-M03,2016,0.0
002,Kruppa yormasi,Крупа манная,Semolina,Круппа ёрмаси,2016-M03,2016,1324.0
001,Guruch,Рис,Rice,Гуруч,2016-M04,2016,3959.0
003,Arpa,Ячмень,Barley,Арпа,2016-M04,2016,1329.0
0004,Bug'doy,Пшеница,Wheat,Буғдой,2016-M04,2016,1353.0
005,Jo'hori,Кукуруза,Corn,Жўҳори,2016-M04,2016,1428.0
006,Kepak,Отруби,Bran,Кепак,2016-M04,2016,965.0
0008,Shrot,Шрот,Schroth,Шрот,2016-M04,2016,0.0
009,Shulxa,Шелуха,Husk,Шулха,2016-M04,2016,0.0
010,Kombikorm,Комбикорм,Compound feed,Комбикорм,2016-M04,2016,1257.0
011,Oliy navli bug'doy uni,Мука пшеничная высшего сорта,High-grade wheat flour,Олий навли буғдой уни,2016-M04,2016,2027.0
0012,1-navli bug'doy uni,Мука пшеничная первого сорта,First grade wheat flour,1-навли буғдой уни,2016-M04,2016,0.0
013,1-nav bug'doy unidan non,Хлеб пшеничный из муки 1-го сорта,Wheat bread from 1st grade flour,1-нав буғдой унидан нон,2016-M04,2016,0.0
017,Mol go'shti,Говядина,Beef,Мол гўшти,2016-M04,2016,21906.0
0020,Qo'y go'shti,Баранина,Mutton,Қўй гўшти,2016-M04,2016,22844.0
022,Tovuq go'shti,Мясо птицы,Poultry,Товуқ гўшти,2016-M04,2016,0.0
026,Turli baliqlar,Рыба всякая,Fish of all kinds,Турли балиқлар,2016-M04,2016,10917.0
027,Yangi sog'ilgan sut (1 litr),Молоко свежее (1 литр),Fresh milk (1 liter),Янги соғилган сут (1 литр),2016-M04,2016,1843.0
034,Tuxum (10 dona),Яйца (10 штук),Eggs (10 pieces ),Тухум (10 дона),2016-M04,2016,4607.0
035,Paxta yog'i (1 litr),Масло хлопковое (1 литр),Cottonseed oil (1 liter),Пахта ёғи (1 литр),2016-M04,2016,0.0
0036,Kungaboqar yog'i (1 litr),Масло подсолнечное (1 литр),Sunflower oil (1 liter),Кунгабоқар ёғи (1 литр),2016-M04,2016,0.0
037,Sariyog',Масло сливочное,Butter,Сариёғ,2016-M04,2016,18010.0
039,Limon,Лимоны,Lemons,Лимон,2016-M04,2016,8952.0
0040,Olma,Яблоки,Apples,Олма,2016-M04,2016,5231.0
041,Nok,Груши,Pears,Нок,2016-M04,2016,8196.0
049,Uzum,Виноград,Grape,Узум,2016-M04,2016,0.0
0050,Tarvuz,Арбуз,Watermelon,Тарвуз,2016-M04,2016,0.0
0051,Qovun,Дыня,Melon,Қовун,2016-M04,2016,0.0
053,Mayiz,Кишмиш,Kishmish,Майиз,2016-M04,2016,13563.0
055,Karam,Капуста,Cabbage,Карам,2016-M04,2016,939.0
057,Bodring,Огурцы,Cucumbers,Бодринг,2016-M04,2016,5792.0
058,Pomidor,Помидоры,Tomatoes,Помидор,2016-M04,2016,8708.0
059,Baqlajon,Баклажаны,Eggplant,Бақлажон,2016-M04,2016,0.0
0060,Bulg'or qalampiri,Перец болгарский,Bell pepper,Булғор қалампири,2016-M04,2016,0.0
061,Qovoq,Тыква,Pumpkin,Қовоқ,2016-M04,2016,0.0
063,Sabzi,Морковь,Carrot,Сабзи,2016-M04,2016,782.0
065,Sarimsoq,Чеснок,Garlic,Саримсоқ,2016-M04,2016,14896.0
066,Piyoz,Лук репчатый,Onion,Пиёз,2016-M04,2016,792.0
069,Kartoshka,Картофель,Potatoes,Картошка,2016-M04,2016,1552.0
0070,Loviya,Фасоль,Beans,Ловия,2016-M04,2016,0.0
071,No'xot,Горох,Peas,Нўхот,2016-M04,2016,0.0
0072,Mosh,Маш,Mash,Мош,2016-M04,2016,0.0
073,Shakar,Сахар песок,Sugar,Шакар,2016-M04,2016,0.0
002,Kruppa yormasi,Крупа манная,Semolina,Круппа ёрмаси,2016-M04,2016,1329.0
001,Guruch,Рис,Rice,Гуруч,2016-M05,2016,3997.0
003,Arpa,Ячмень,Barley,Арпа,2016-M05,2016,1338.0
0004,Bug'doy,Пшеница,Wheat,Буғдой,2016-M05,2016,1341.0
005,Jo'hori,Кукуруза,Corn,Жўҳори,2016-M05,2016,1443.0
006,Kepak,Отруби,Bran,Кепак,2016-M05,2016,955.0
0008,Shrot,Шрот,Schroth,Шрот,2016-M05,2016,0.0
009,Shulxa,Шелуха,Husk,Шулха,2016-M05,2016,0.0
010,Kombikorm,Комбикорм,Compound feed,Комбикорм,2016-M05,2016,1254.0
011,Oliy navli bug'doy uni,Мука пшеничная высшего сорта,High-grade wheat flour,Олий навли буғдой уни,2016-M05,2016,2073.0
0012,1-navli bug'doy uni,Мука пшеничная первого сорта,First grade wheat flour,1-навли буғдой уни,2016-M05,2016,0.0
013,1-nav bug'doy unidan non,Хлеб пшеничный из муки 1-го сорта,Wheat bread from 1st grade flour,1-нав буғдой унидан нон,2016-M05,2016,0.0
017,Mol go'shti,Говядина,Beef,Мол гўшти,2016-M05,2016,21906.0
0020,Qo'y go'shti,Баранина,Mutton,Қўй гўшти,2016-M05,2016,22844.0
022,Tovuq go'shti,Мясо птицы,Poultry,Товуқ гўшти,2016-M05,2016,0.0
026,Turli baliqlar,Рыба всякая,Fish of all kinds,Турли балиқлар,2016-M05,2016,10964.0
027,Yangi sog'ilgan sut (1 litr),Молоко свежее (1 литр),Fresh milk (1 liter),Янги соғилган сут (1 литр),2016-M05,2016,1810.0
034,Tuxum (10 dona),Яйца (10 штук),Eggs (10 pieces ),Тухум (10 дона),2016-M05,2016,4401.0
035,Paxta yog'i (1 litr),Масло хлопковое (1 литр),Cottonseed oil (1 liter),Пахта ёғи (1 литр),2016-M05,2016,0.0
0036,Kungaboqar yog'i (1 litr),Масло подсолнечное (1 литр),Sunflower oil (1 liter),Кунгабоқар ёғи (1 литр),2016-M05,2016,0.0
037,Sariyog',Масло сливочное,Butter,Сариёғ,2016-M05,2016,17188.0
039,Limon,Лимоны,Lemons,Лимон,2016-M05,2016,9298.0
0040,Olma,Яблоки,Apples,Олма,2016-M05,2016,5027.0
041,Nok,Груши,Pears,Нок,2016-M05,2016,0.0
049,Uzum,Виноград,Grape,Узум,2016-M05,2016,0.0
0050,Tarvuz,Арбуз,Watermelon,Тарвуз,2016-M05,2016,0.0
0051,Qovun,Дыня,Melon,Қовун,2016-M05,2016,0.0
053,Mayiz,Кишмиш,Kishmish,Майиз,2016-M05,2016,13563.0
055,Karam,Капуста,Cabbage,Карам,2016-M05,2016,871.0
057,Bodring,Огурцы,Cucumbers,Бодринг,2016-M05,2016,2649.0
058,Pomidor,Помидоры,Tomatoes,Помидор,2016-M05,2016,5914.0
059,Baqlajon,Баклажаны,Eggplant,Бақлажон,2016-M05,2016,8167.0
0060,Bulg'or qalampiri,Перец болгарский,Bell pepper,Булғор қалампири,2016-M05,2016,6500.0
061,Qovoq,Тыква,Pumpkin,Қовоқ,2016-M05,2016,0.0
063,Sabzi,Морковь,Carrot,Сабзи,2016-M05,2016,852.0
065,Sarimsoq,Чеснок,Garlic,Саримсоқ,2016-M05,2016,13896.0
066,Piyoz,Лук репчатый,Onion,Пиёз,2016-M05,2016,715.0
069,Kartoshka,Картофель,Potatoes,Картошка,2016-M05,2016,1396.0
0070,Loviya,Фасоль,Beans,Ловия,2016-M05,2016,0.0
071,No'xot,Горох,Peas,Нўхот,2016-M05,2016,0.0
0072,Mosh,Маш,Mash,Мош,2016-M05,2016,0.0
073,Shakar,Сахар песок,Sugar,Шакар,2016-M05,2016,0.0
002,Kruppa yormasi,Крупа манная,Semolina,Круппа ёрмаси,2016-M05,2016,1338.0
001,Guruch,Рис,Rice,Гуруч,2016-M06,2016,4054.0
003,Arpa,Ячмень,Barley,Арпа,2016-M06,2016,1275.0
0004,Bug'doy,Пшеница,Wheat,Буғдой,2016-M06,2016,1303.0
005,Jo'hori,Кукуруза,Corn,Жўҳори,2016-M06,2016,1468.0
006,Kepak,Отруби,Bran,Кепак,2016-M06,2016,901.0
0008,Shrot,Шрот,Schroth,Шрот,2016-M06,2016,0.0
009,Shulxa,Шелуха,Husk,Шулха,2016-M06,2016,0.0
010,Kombikorm,Комбикорм,Compound feed,Комбикорм,2016-M06,2016,1292.0
011,Oliy navli bug'doy uni,Мука пшеничная высшего сорта,High-grade wheat flour,Олий навли буғдой уни,2016-M06,2016,1941.0
0012,1-navli bug'doy uni,Мука пшеничная первого сорта,First grade wheat flour,1-навли буғдой уни,2016-M06,2016,0.0
013,1-nav bug'doy unidan non,Хлеб пшеничный из муки 1-го сорта,Wheat bread from 1st grade flour,1-нав буғдой унидан нон,2016-M06,2016,0.0
017,Mol go'shti,Говядина,Beef,Мол гўшти,2016-M06,2016,22177.0
0020,Qo'y go'shti,Баранина,Mutton,Қўй гўшти,2016-M06,2016,23073.0
022,Tovuq go'shti,Мясо птицы,Poultry,Товуқ гўшти,2016-M06,2016,0.0
026,Turli baliqlar,Рыба всякая,Fish of all kinds,Турли балиқлар,2016-M06,2016,12517.0
027,Yangi sog'ilgan sut (1 litr),Молоко свежее (1 литр),Fresh milk (1 liter),Янги соғилган сут (1 литр),2016-M06,2016,1714.0
034,Tuxum (10 dona),Яйца (10 штук),Eggs (10 pieces ),Тухум (10 дона),2016-M06,2016,4285.0
035,Paxta yog'i (1 litr),Масло хлопковое (1 литр),Cottonseed oil (1 liter),Пахта ёғи (1 литр),2016-M06,2016,0.0
0036,Kungaboqar yog'i (1 litr),Масло подсолнечное (1 литр),Sunflower oil (1 liter),Кунгабоқар ёғи (1 литр),2016-M06,2016,0.0
037,Sariyog',Масло сливочное,Butter,Сариёғ,2016-M06,2016,15885.0
039,Limon,Лимоны,Lemons,Лимон,2016-M06,2016,9762.0
0040,Olma,Яблоки,Apples,Олма,2016-M06,2016,2626.0
041,Nok,Груши,Pears,Нок,2016-M06,2016,4500.0
049,Uzum,Виноград,Grape,Узум,2016-M06,2016,5250.0
0050,Tarvuz,Арбуз,Watermelon,Тарвуз,2016-M06,2016,1427.0
0051,Qovun,Дыня,Melon,Қовун,2016-M06,2016,1989.0
053,Mayiz,Кишмиш,Kishmish,Майиз,2016-M06,2016,13229.0
055,Karam,Капуста,Cabbage,Карам,2016-M06,2016,627.0
057,Bodring,Огурцы,Cucumbers,Бодринг,2016-M06,2016,1454.0
058,Pomidor,Помидоры,Tomatoes,Помидор,2016-M06,2016,2691.0
059,Baqlajon,Баклажаны,Eggplant,Бақлажон,2016-M06,2016,2772.0
0060,Bulg'or qalampiri,Перец болгарский,Bell pepper,Булғор қалампири,2016-M06,2016,2798.0
061,Qovoq,Тыква,Pumpkin,Қовоқ,2016-M06,2016,0.0
063,Sabzi,Морковь,Carrot,Сабзи,2016-M06,2016,1030.0
065,Sarimsoq,Чеснок,Garlic,Саримсоқ,2016-M06,2016,11635.0
066,Piyoz,Лук репчатый,Onion,Пиёз,2016-M06,2016,547.0
069,Kartoshka,Картофель,Potatoes,Картошка,2016-M06,2016,973.0
0070,Loviya,Фасоль,Beans,Ловия,2016-M06,2016,0.0
071,No'xot,Горох,Peas,Нўхот,2016-M06,2016,0.0
0072,Mosh,Маш,Mash,Мош,2016-M06,2016,0.0
073,Shakar,Сахар песок,Sugar,Шакар,2016-M06,2016,0.0
002,Kruppa yormasi,Крупа манная,Semolina,Круппа ёрмаси,2016-M06,2016,1275.0
001,Guruch,Рис,Rice,Гуруч,2016-M07,2016,4150.0
003,Arpa,Ячмень,Barley,Арпа,2016-M07,2016,1195.0
0004,Bug'doy,Пшеница,Wheat,Буғдой,2016-M07,2016,1217.0
005,Jo'hori,Кукуруза,Corn,Жўҳори,2016-M07,2016,1450.0
006,Kepak,Отруби,Bran,Кепак,2016-M07,2016,883.0
0008,Shrot,Шрот,Schroth,Шрот,2016-M07,2016,0.0
009,Shulxa,Шелуха,Husk,Шулха,2016-M07,2016,0.0
010,Kombikorm,Комбикорм,Compound feed,Комбикорм,2016-M07,2016,1271.0
011,Oliy navli bug'doy uni,Мука пшеничная высшего сорта,High-grade wheat flour,Олий навли буғдой уни,2016-M07,2016,1907.0
0012,1-navli bug'doy uni,Мука пшеничная первого сорта,First grade wheat flour,1-навли буғдой уни,2016-M07,2016,0.0
013,1-nav bug'doy unidan non,Хлеб пшеничный из муки 1-го сорта,Wheat bread from 1st grade flour,1-нав буғдой унидан нон,2016-M07,2016,0.0
017,Mol go'shti,Говядина,Beef,Мол гўшти,2016-M07,2016,22375.0
0020,Qo'y go'shti,Баранина,Mutton,Қўй гўшти,2016-M07,2016,23260.0
022,Tovuq go'shti,Мясо птицы,Poultry,Товуқ гўшти,2016-M07,2016,0.0
026,Turli baliqlar,Рыба всякая,Fish of all kinds,Турли балиқлар,2016-M07,2016,12667.0
027,Yangi sog'ilgan sut (1 litr),Молоко свежее (1 литр),Fresh milk (1 liter),Янги соғилган сут (1 литр),2016-M07,2016,1677.0
034,Tuxum (10 dona),Яйца (10 штук),Eggs (10 pieces ),Тухум (10 дона),2016-M07,2016,4269.0
035,Paxta yog'i (1 litr),Масло хлопковое (1 литр),Cottonseed oil (1 liter),Пахта ёғи (1 литр),2016-M07,2016,0.0
0036,Kungaboqar yog'i (1 litr),Масло подсолнечное (1 литр),Sunflower oil (1 liter),Кунгабоқар ёғи (1 литр),2016-M07,2016,0.0
037,Sariyog',Масло сливочное,Butter,Сариёғ,2016-M07,2016,17208.0
039,Limon,Лимоны,Lemons,Лимон,2016-M07,2016,10845.0
0040,Olma,Яблоки,Apples,Олма,2016-M07,2016,2177.0
041,Nok,Груши,Pears,Нок,2016-M07,2016,5350.0
049,Uzum,Виноград,Grape,Узум,2016-M07,2016,3720.0
0050,Tarvuz,Арбуз,Watermelon,Тарвуз,2016-M07,2016,769.0
0051,Qovun,Дыня,Melon,Қовун,2016-M07,2016,1233.0
053,Mayiz,Кишмиш,Kishmish,Майиз,2016-M07,2016,13723.0
055,Karam,Капуста,Cabbage,Карам,2016-M07,2016,628.0
057,Bodring,Огурцы,Cucumbers,Бодринг,2016-M07,2016,1452.0
058,Pomidor,Помидоры,Tomatoes,Помидор,2016-M07,2016,2120.0
059,Baqlajon,Баклажаны,Eggplant,Бақлажон,2016-M07,2016,1496.0
0060,Bulg'or qalampiri,Перец болгарский,Bell pepper,Булғор қалампири,2016-M07,2016,2136.0
061,Qovoq,Тыква,Pumpkin,Қовоқ,2016-M07,2016,1170.0
063,Sabzi,Морковь,Carrot,Сабзи,2016-M07,2016,984.0
065,Sarimsoq,Чеснок,Garlic,Саримсоқ,2016-M07,2016,10354.0
066,Piyoz,Лук репчатый,Onion,Пиёз,2016-M07,2016,641.0
069,Kartoshka,Картофель,Potatoes,Картошка,2016-M07,2016,943.0
0070,Loviya,Фасоль,Beans,Ловия,2016-M07,2016,0.0
071,No'xot,Горох,Peas,Нўхот,2016-M07,2016,0.0
0072,Mosh,Маш,Mash,Мош,2016-M07,2016,0.0
073,Shakar,Сахар песок,Sugar,Шакар,2016-M07,2016,0.0
002,Kruppa yormasi,Крупа манная,Semolina,Круппа ёрмаси,2016-M07,2016,1195.0
001,Guruch,Рис,Rice,Гуруч,2016-M08,2016,4149.0
003,Arpa,Ячмень,Barley,Арпа,2016-M08,2016,1209.0
0004,Bug'doy,Пшеница,Wheat,Буғдой,2016-M08,2016,1217.0
005,Jo'hori,Кукуруза,Corn,Жўҳори,2016-M08,2016,1446.0
006,Kepak,Отруби,Bran,Кепак,2016-M08,2016,854.0
0008,Shrot,Шрот,Schroth,Шрот,2016-M08,2016,0.0
009,Shulxa,Шелуха,Husk,Шулха,2016-M08,2016,0.0
010,Kombikorm,Комбикорм,Compound feed,Комбикорм,2016-M08,2016,1279.0
011,Oliy navli bug'doy uni,Мука пшеничная высшего сорта,High-grade wheat flour,Олий навли буғдой уни,2016-M08,2016,1910.0
0012,1-navli bug'doy uni,Мука пшеничная первого сорта,First grade wheat flour,1-навли буғдой уни,2016-M08,2016,0.0
013,1-nav bug'doy unidan non,Хлеб пшеничный из муки 1-го сорта,Wheat bread from 1st grade flour,1-нав буғдой унидан нон,2016-M08,2016,0.0
017,Mol go'shti,Говядина,Beef,Мол гўшти,2016-M08,2016,22750.0
0020,Qo'y go'shti,Баранина,Mutton,Қўй гўшти,2016-M08,2016,23552.0
022,Tovuq go'shti,Мясо птицы,Poultry,Товуқ гўшти,2016-M08,2016,0.0
026,Turli baliqlar,Рыба всякая,Fish of all kinds,Турли балиқлар,2016-M08,2016,12472.0
027,Yangi sog'ilgan sut (1 litr),Молоко свежее (1 литр),Fresh milk (1 liter),Янги соғилган сут (1 литр),2016-M08,2016,1699.0
034,Tuxum (10 dona),Яйца (10 штук),Eggs (10 pieces ),Тухум (10 дона),2016-M08,2016,4305.0
035,Paxta yog'i (1 litr),Масло хлопковое (1 литр),Cottonseed oil (1 liter),Пахта ёғи (1 литр),2016-M08,2016,0.0
0036,Kungaboqar yog'i (1 litr),Масло подсолнечное (1 литр),Sunflower oil (1 liter),Кунгабоқар ёғи (1 литр),2016-M08,2016,0.0
037,Sariyog',Масло сливочное,Butter,Сариёғ,2016-M08,2016,16521.0
039,Limon,Лимоны,Lemons,Лимон,2016-M08,2016,12510.0
0040,Olma,Яблоки,Apples,Олма,2016-M08,2016,2196.0
041,Nok,Груши,Pears,Нок,2016-M08,2016,4385.0
049,Uzum,Виноград,Grape,Узум,2016-M08,2016,2888.0
0050,Tarvuz,Арбуз,Watermelon,Тарвуз,2016-M08,2016,667.0
0051,Qovun,Дыня,Melon,Қовун,2016-M08,2016,977.0
053,Mayiz,Кишмиш,Kishmish,Майиз,2016-M08,2016,13408.0
055,Karam,Капуста,Cabbage,Карам,2016-M08,2016,771.0
057,Bodring,Огурцы,Cucumbers,Бодринг,2016-M08,2016,1334.0
058,Pomidor,Помидоры,Tomatoes,Помидор,2016-M08,2016,1713.0
059,Baqlajon,Баклажаны,Eggplant,Бақлажон,2016-M08,2016,1067.0
0060,Bulg'or qalampiri,Перец болгарский,Bell pepper,Булғор қалампири,2016-M08,2016,1386.0
061,Qovoq,Тыква,Pumpkin,Қовоқ,2016-M08,2016,1090.0
063,Sabzi,Морковь,Carrot,Сабзи,2016-M08,2016,1108.0
065,Sarimsoq,Чеснок,Garlic,Саримсоқ,2016-M08,2016,9156.0
066,Piyoz,Лук репчатый,Onion,Пиёз,2016-M08,2016,804.0
069,Kartoshka,Картофель,Potatoes,Картошка,2016-M08,2016,1061.0
0070,Loviya,Фасоль,Beans,Ловия,2016-M08,2016,0.0
071,No'xot,Горох,Peas,Нўхот,2016-M08,2016,0.0
0072,Mosh,Маш,Mash,Мош,2016-M08,2016,0.0
073,Shakar,Сахар песок,Sugar,Шакар,2016-M08,2016,0.0
002,Kruppa yormasi,Крупа манная,Semolina,Круппа ёрмаси,2016-M08,2016,1209.0
001,Guruch,Рис,Rice,Гуруч,2016-M09,2016,4158.0
003,Arpa,Ячмень,Barley,Арпа,2016-M09,2016,1233.0
0004,Bug'doy,Пшеница,Wheat,Буғдой,2016-M09,2016,1234.0
005,Jo'hori,Кукуруза,Corn,Жўҳори,2016-M09,2016,1437.0
006,Kepak,Отруби,Bran,Кепак,2016-M09,2016,842.0
0008,Shrot,Шрот,Schroth,Шрот,2016-M09,2016,0.0
009,Shulxa,Шелуха,Husk,Шулха,2016-M09,2016,0.0
010,Kombikorm,Комбикорм,Compound feed,Комбикорм,2016-M09,2016,1301.0
011,Oliy navli bug'doy uni,Мука пшеничная высшего сорта,High-grade wheat flour,Олий навли буғдой уни,2016-M09,2016,1897.0
0012,1-navli bug'doy uni,Мука пшеничная первого сорта,First grade wheat flour,1-навли буғдой уни,2016-M09,2016,0.0
013,1-nav bug'doy unidan non,Хлеб пшеничный из муки 1-го сорта,Wheat bread from 1st grade flour,1-нав буғдой унидан нон,2016-M09,2016,0.0
017,Mol go'shti,Говядина,Beef,Мол гўшти,2016-M09,2016,23010.0
0020,Qo'y go'shti,Баранина,Mutton,Қўй гўшти,2016-M09,2016,23823.0
022,Tovuq go'shti,Мясо птицы,Poultry,Товуқ гўшти,2016-M09,2016,0.0
026,Turli baliqlar,Рыба всякая,Fish of all kinds,Турли балиқлар,2016-M09,2016,12111.0
027,Yangi sog'ilgan sut (1 litr),Молоко свежее (1 литр),Fresh milk (1 liter),Янги соғилган сут (1 литр),2016-M09,2016,1711.0
034,Tuxum (10 dona),Яйца (10 штук),Eggs (10 pieces ),Тухум (10 дона),2016-M09,2016,4385.0
035,Paxta yog'i (1 litr),Масло хлопковое (1 литр),Cottonseed oil (1 liter),Пахта ёғи (1 литр),2016-M09,2016,0.0
0036,Kungaboqar yog'i (1 litr),Масло подсолнечное (1 литр),Sunflower oil (1 liter),Кунгабоқар ёғи (1 литр),2016-M09,2016,0.0
037,Sariyog',Масло сливочное,Butter,Сариёғ,2016-M09,2016,16042.0
039,Limon,Лимоны,Lemons,Лимон,2016-M09,2016,13194.0
0040,Olma,Яблоки,Apples,Олма,2016-M09,2016,2329.0
041,Nok,Груши,Pears,Нок,2016-M09,2016,4208.0
049,Uzum,Виноград,Grape,Узум,2016-M09,2016,2922.0
0050,Tarvuz,Арбуз,Watermelon,Тарвуз,2016-M09,2016,819.0
0051,Qovun,Дыня,Melon,Қовун,2016-M09,2016,1067.0
053,Mayiz,Кишмиш,Kishmish,Майиз,2016-M09,2016,13148.0
055,Karam,Капуста,Cabbage,Карам,2016-M09,2016,1243.0
057,Bodring,Огурцы,Cucumbers,Бодринг,2016-M09,2016,1438.0
058,Pomidor,Помидоры,Tomatoes,Помидор,2016-M09,2016,2133.0
059,Baqlajon,Баклажаны,Eggplant,Бақлажон,2016-M09,2016,1069.0
0060,Bulg'or qalampiri,Перец болгарский,Bell pepper,Булғор қалампири,2016-M09,2016,1186.0
061,Qovoq,Тыква,Pumpkin,Қовоқ,2016-M09,2016,967.0
063,Sabzi,Морковь,Carrot,Сабзи,2016-M09,2016,1379.0
065,Sarimsoq,Чеснок,Garlic,Саримсоқ,2016-M09,2016,9313.0
066,Piyoz,Лук репчатый,Onion,Пиёз,2016-M09,2016,969.0
069,Kartoshka,Картофель,Potatoes,Картошка,2016-M09,2016,1579.0
0070,Loviya,Фасоль,Beans,Ловия,2016-M09,2016,0.0
071,No'xot,Горох,Peas,Нўхот,2016-M09,2016,0.0
0072,Mosh,Маш,Mash,Мош,2016-M09,2016,0.0
073,Shakar,Сахар песок,Sugar,Шакар,2016-M09,2016,0.0
002,Kruppa yormasi,Крупа манная,Semolina,Круппа ёрмаси,2016-M09,2016,1233.0
001,Guruch,Рис,Rice,Гуруч,2016-M10,2016,4140.0
003,Arpa,Ячмень,Barley,Арпа,2016-M10,2016,1271.0
0004,Bug'doy,Пшеница,Wheat,Буғдой,2016-M10,2016,1275.0
005,Jo'hori,Кукуруза,Corn,Жўҳори,2016-M10,2016,1431.0
006,Kepak,Отруби,Bran,Кепак,2016-M10,2016,954.0
0008,Shrot,Шрот,Schroth,Шрот,2016-M10,2016,0.0
009,Shulxa,Шелуха,Husk,Шулха,2016-M10,2016,0.0
010,Kombikorm,Комбикорм,Compound feed,Комбикорм,2016-M10,2016,1343.0
011,Oliy navli bug'doy uni,Мука пшеничная высшего сорта,High-grade wheat flour,Олий навли буғдой уни,2016-M10,2016,1967.0
0012,1-navli bug'doy uni,Мука пшеничная первого сорта,First grade wheat flour,1-навли буғдой уни,2016-M10,2016,0.0
013,1-nav bug'doy unidan non,Хлеб пшеничный из муки 1-го сорта,Wheat bread from 1st grade flour,1-нав буғдой унидан нон,2016-M10,2016,0.0
017,Mol go'shti,Говядина,Beef,Мол гўшти,2016-M10,2016,23240.0
0020,Qo'y go'shti,Баранина,Mutton,Қўй гўшти,2016-M10,2016,24115.0
022,Tovuq go'shti,Мясо птицы,Poultry,Товуқ гўшти,2016-M10,2016,0.0
026,Turli baliqlar,Рыба всякая,Fish of all kinds,Турли балиқлар,2016-M10,2016,11894.0
027,Yangi sog'ilgan sut (1 litr),Молоко свежее (1 литр),Fresh milk (1 liter),Янги соғилган сут (1 литр),2016-M10,2016,1721.0
034,Tuxum (10 dona),Яйца (10 штук),Eggs (10 pieces ),Тухум (10 дона),2016-M10,2016,4531.0
035,Paxta yog'i (1 litr),Масло хлопковое (1 литр),Cottonseed oil (1 liter),Пахта ёғи (1 литр),2016-M10,2016,0.0
0036,Kungaboqar yog'i (1 litr),Масло подсолнечное (1 литр),Sunflower oil (1 liter),Кунгабоқар ёғи (1 литр),2016-M10,2016,0.0
037,Sariyog',Масло сливочное,Butter,Сариёғ,2016-M10,2016,16396.0
039,Limon,Лимоны,Lemons,Лимон,2016-M10,2016,12959.0
0040,Olma,Яблоки,Apples,Олма,2016-M10,2016,2531.0
041,Nok,Груши,Pears,Нок,2016-M10,2016,4766.0
049,Uzum,Виноград,Grape,Узум,2016-M10,2016,2873.0
0050,Tarvuz,Арбуз,Watermelon,Тарвуз,2016-M10,2016,994.0
0051,Qovun,Дыня,Melon,Қовун,2016-M10,2016,1303.0
053,Mayiz,Кишмиш,Kishmish,Майиз,2016-M10,2016,13740.0
055,Karam,Капуста,Cabbage,Карам,2016-M10,2016,1287.0
057,Bodring,Огурцы,Cucumbers,Бодринг,2016-M10,2016,1879.0
058,Pomidor,Помидоры,Tomatoes,Помидор,2016-M10,2016,2894.0
059,Baqlajon,Баклажаны,Eggplant,Бақлажон,2016-M10,2016,1265.0
0060,Bulg'or qalampiri,Перец болгарский,Bell pepper,Булғор қалампири,2016-M10,2016,1378.0
061,Qovoq,Тыква,Pumpkin,Қовоқ,2016-M10,2016,1030.0
063,Sabzi,Морковь,Carrot,Сабзи,2016-M10,2016,1371.0
065,Sarimsoq,Чеснок,Garlic,Саримсоқ,2016-M10,2016,9854.0
066,Piyoz,Лук репчатый,Onion,Пиёз,2016-M10,2016,969.0
069,Kartoshka,Картофель,Potatoes,Картошка,2016-M10,2016,2132.0
0070,Loviya,Фасоль,Beans,Ловия,2016-M10,2016,0.0
071,No'xot,Горох,Peas,Нўхот,2016-M10,2016,0.0
0072,Mosh,Маш,Mash,Мош,2016-M10,2016,0.0
073,Shakar,Сахар песок,Sugar,Шакар,2016-M10,2016,0.0
002,Kruppa yormasi,Крупа манная,Semolina,Круппа ёрмаси,2016-M10,2016,1271.0
001,Guruch,Рис,Rice,Гуруч,2016-M11,2016,3724.0
003,Arpa,Ячмень,Barley,Арпа,2016-M11,2016,1311.0
0004,Bug'doy,Пшеница,Wheat,Буғдой,2016-M11,2016,1298.0
005,Jo'hori,Кукуруза,Corn,Жўҳори,2016-M11,2016,1439.0
006,Kepak,Отруби,Bran,Кепак,2016-M11,2016,996.0
0008,Shrot,Шрот,Schroth,Шрот,2016-M11,2016,0.0
009,Shulxa,Шелуха,Husk,Шулха,2016-M11,2016,0.0
010,Kombikorm,Комбикорм,Compound feed,Комбикорм,2016-M11,2016,1377.0
011,Oliy navli bug'doy uni,Мука пшеничная высшего сорта,High-grade wheat flour,Олий навли буғдой уни,2016-M11,2016,2117.0
0012,1-navli bug'doy uni,Мука пшеничная первого сорта,First grade wheat flour,1-навли буғдой уни,2016-M11,2016,0.0
013,1-nav bug'doy unidan non,Хлеб пшеничный из муки 1-го сорта,Wheat bread from 1st grade flour,1-нав буғдой унидан нон,2016-M11,2016,0.0
017,Mol go'shti,Говядина,Beef,Мол гўшти,2016-M11,2016,23396.0
0020,Qo'y go'shti,Баранина,Mutton,Қўй гўшти,2016-M11,2016,24260.0
022,Tovuq go'shti,Мясо птицы,Poultry,Товуқ гўшти,2016-M11,2016,0.0
026,Turli baliqlar,Рыба всякая,Fish of all kinds,Турли балиқлар,2016-M11,2016,12271.0
027,Yangi sog'ilgan sut (1 litr),Молоко свежее (1 литр),Fresh milk (1 liter),Янги соғилган сут (1 литр),2016-M11,2016,1799.0
034,Tuxum (10 dona),Яйца (10 штук),Eggs (10 pieces ),Тухум (10 дона),2016-M11,2016,4673.0
035,Paxta yog'i (1 litr),Масло хлопковое (1 литр),Cottonseed oil (1 liter),Пахта ёғи (1 литр),2016-M11,2016,0.0
0036,Kungaboqar yog'i (1 litr),Масло подсолнечное (1 литр),Sunflower oil (1 liter),Кунгабоқар ёғи (1 литр),2016-M11,2016,0.0
037,Sariyog',Масло сливочное,Butter,Сариёғ,2016-M11,2016,17063.0
039,Limon,Лимоны,Lemons,Лимон,2016-M11,2016,10042.0
0040,Olma,Яблоки,Apples,Олма,2016-M11,2016,3284.0
041,Nok,Груши,Pears,Нок,2016-M11,2016,5410.0
049,Uzum,Виноград,Grape,Узум,2016-M11,2016,3471.0
0050,Tarvuz,Арбуз,Watermelon,Тарвуз,2016-M11,2016,1169.0
0051,Qovun,Дыня,Melon,Қовун,2016-M11,2016,1463.0
053,Mayiz,Кишмиш,Kishmish,Майиз,2016-M11,2016,14094.0
055,Karam,Капуста,Cabbage,Карам,2016-M11,2016,1035.0
057,Bodring,Огурцы,Cucumbers,Бодринг,2016-M11,2016,3081.0
058,Pomidor,Помидоры,Tomatoes,Помидор,2016-M11,2016,4448.0
059,Baqlajon,Баклажаны,Eggplant,Бақлажон,2016-M11,2016,1567.0
0060,Bulg'or qalampiri,Перец болгарский,Bell pepper,Булғор қалампири,2016-M11,2016,1572.0
061,Qovoq,Тыква,Pumpkin,Қовоқ,2016-M11,2016,1092.0
063,Sabzi,Морковь,Carrot,Сабзи,2016-M11,2016,1096.0
065,Sarimsoq,Чеснок,Garlic,Саримсоқ,2016-M11,2016,10188.0
066,Piyoz,Лук репчатый,Onion,Пиёз,2016-M11,2016,1043.0
069,Kartoshka,Картофель,Potatoes,Картошка,2016-M11,2016,2052.0
0070,Loviya,Фасоль,Beans,Ловия,2016-M11,2016,0.0
071,No'xot,Горох,Peas,Нўхот,2016-M11,2016,0.0
0072,Mosh,Маш,Mash,Мош,2016-M11,2016,0.0
073,Shakar,Сахар песок,Sugar,Шакар,2016-M11,2016,0.0
002,Kruppa yormasi,Крупа манная,Semolina,Круппа ёрмаси,2016-M11,2016,1311.0
001,Guruch,Рис,Rice,Гуруч,2016-M12,2016,3535.0
003,Arpa,Ячмень,Barley,Арпа,2016-M12,2016,1311.0
0004,Bug'doy,Пшеница,Wheat,Буғдой,2016-M12,2016,1320.0
005,Jo'hori,Кукуруза,Corn,Жўҳори,2016-M12,2016,1417.0
006,Kepak,Отруби,Bran,Кепак,2016-M12,2016,982.0
0008,Shrot,Шрот,Schroth,Шрот,2016-M12,2016,0.0
009,Shulxa,Шелуха,Husk,Шулха,2016-M12,2016,0.0
010,Kombikorm,Комбикорм,Compound feed,Комбикорм,2016-M12,2016,1382.0
011,Oliy navli bug'doy uni,Мука пшеничная высшего сорта,High-grade wheat flour,Олий навли буғдой уни,2016-M12,2016,2091.0
0012,1-navli bug'doy uni,Мука пшеничная первого сорта,First grade wheat flour,1-навли буғдой уни,2016-M12,2016,0.0
013,1-nav bug'doy unidan non,Хлеб пшеничный из муки 1-го сорта,Wheat bread from 1st grade flour,1-нав буғдой унидан нон,2016-M12,2016,0.0
017,Mol go'shti,Говядина,Beef,Мол гўшти,2016-M12,2016,23375.0
0020,Qo'y go'shti,Баранина,Mutton,Қўй гўшти,2016-M12,2016,24292.0
022,Tovuq go'shti,Мясо птицы,Poultry,Товуқ гўшти,2016-M12,2016,0.0
026,Turli baliqlar,Рыба всякая,Fish of all kinds,Турли балиқлар,2016-M12,2016,12229.0
027,Yangi sog'ilgan sut (1 litr),Молоко свежее (1 литр),Fresh milk (1 liter),Янги соғилган сут (1 литр),2016-M12,2016,1852.0
034,Tuxum (10 dona),Яйца (10 штук),Eggs (10 pieces ),Тухум (10 дона),2016-M12,2016,4941.0
035,Paxta yog'i (1 litr),Масло хлопковое (1 литр),Cottonseed oil (1 liter),Пахта ёғи (1 литр),2016-M12,2016,0.0
0036,Kungaboqar yog'i (1 litr),Масло подсолнечное (1 литр),Sunflower oil (1 liter),Кунгабоқар ёғи (1 литр),2016-M12,2016,0.0
037,Sariyog',Масло сливочное,Butter,Сариёғ,2016-M12,2016,17531.0
039,Limon,Лимоны,Lemons,Лимон,2016-M12,2016,8090.0
0040,Olma,Яблоки,Apples,Олма,2016-M12,2016,4296.0
041,Nok,Груши,Pears,Нок,2016-M12,2016,6139.0
049,Uzum,Виноград,Grape,Узум,2016-M12,2016,4748.0
0050,Tarvuz,Арбуз,Watermelon,Тарвуз,2016-M12,2016,1369.0
0051,Qovun,Дыня,Melon,Қовун,2016-M12,2016,1671.0
053,Mayiz,Кишмиш,Kishmish,Майиз,2016-M12,2016,14760.0
055,Karam,Капуста,Cabbage,Карам,2016-M12,2016,1174.0
057,Bodring,Огурцы,Cucumbers,Бодринг,2016-M12,2016,10548.0
058,Pomidor,Помидоры,Tomatoes,Помидор,2016-M12,2016,5777.0
059,Baqlajon,Баклажаны,Eggplant,Бақлажон,2016-M12,2016,0.0
0060,Bulg'or qalampiri,Перец болгарский,Bell pepper,Булғор қалампири,2016-M12,2016,0.0
061,Qovoq,Тыква,Pumpkin,Қовоқ,2016-M12,2016,1053.0
063,Sabzi,Морковь,Carrot,Сабзи,2016-M12,2016,884.0
065,Sarimsoq,Чеснок,Garlic,Саримсоқ,2016-M12,2016,13050.0
066,Piyoz,Лук репчатый,Onion,Пиёз,2016-M12,2016,1189.0
069,Kartoshka,Картофель,Potatoes,Картошка,2016-M12,2016,2408.0
0070,Loviya,Фасоль,Beans,Ловия,2016-M12,2016,0.0
071,No'xot,Горох,Peas,Нўхот,2016-M12,2016,0.0
0072,Mosh,Маш,Mash,Мош,2016-M12,2016,0.0
073,Shakar,Сахар песок,Sugar,Шакар,2016-M12,2016,0.0
002,Kruppa yormasi,Крупа манная,Semolina,Круппа ёрмаси,2016-M12,2016,1311.0
001,Guruch,Рис,Rice,Гуруч,2017-M01,2017,3527.0
003,Arpa,Ячмень,Barley,Арпа,2017-M01,2017,1315.0
0004,Bug'doy,Пшеница,Wheat,Буғдой,2017-M01,2017,1343.0
005,Jo'hori,Кукуруза,Corn,Жўҳори,2017-M01,2017,1414.0
006,Kepak,Отруби,Bran,Кепак,2017-M01,2017,967.0
0008,Shrot,Шрот,Schroth,Шрот,2017-M01,2017,0.0
009,Shulxa,Шелуха,Husk,Шулха,2017-M01,2017,0.0
010,Kombikorm,Комбикорм,Compound feed,Комбикорм,2017-M01,2017,1372.0
011,Oliy navli bug'doy uni,Мука пшеничная высшего сорта,High-grade wheat flour,Олий навли буғдой уни,2017-M01,2017,2119.0
0012,1-navli bug'doy uni,Мука пшеничная первого сорта,First grade wheat flour,1-навли буғдой уни,2017-M01,2017,0.0
013,1-nav bug'doy unidan non,Хлеб пшеничный из муки 1-го сорта,Wheat bread from 1st grade flour,1-нав буғдой унидан нон,2017-M01,2017,0.0
017,Mol go'shti,Говядина,Beef,Мол гўшти,2017-M01,2017,23000.0
0020,Qo'y go'shti,Баранина,Mutton,Қўй гўшти,2017-M01,2017,23875.0
022,Tovuq go'shti,Мясо птицы,Poultry,Товуқ гўшти,2017-M01,2017,0.0
026,Turli baliqlar,Рыба всякая,Fish of all kinds,Турли балиқлар,2017-M01,2017,12146.0
027,Yangi sog'ilgan sut (1 litr),Молоко свежее (1 литр),Fresh milk (1 liter),Янги соғилган сут (1 литр),2017-M01,2017,1881.0
034,Tuxum (10 dona),Яйца (10 штук),Eggs (10 pieces ),Тухум (10 дона),2017-M01,2017,5050.0
035,Paxta yog'i (1 litr),Масло хлопковое (1 литр),Cottonseed oil (1 liter),Пахта ёғи (1 литр),2017-M01,2017,0.0
0036,Kungaboqar yog'i (1 litr),Масло подсолнечное (1 литр),Sunflower oil (1 liter),Кунгабоқар ёғи (1 литр),2017-M01,2017,0.0
037,Sariyog',Масло сливочное,Butter,Сариёғ,2017-M01,2017,17719.0
039,Limon,Лимоны,Lemons,Лимон,2017-M01,2017,7917.0
0040,Olma,Яблоки,Apples,Олма,2017-M01,2017,4383.0
041,Nok,Груши,Pears,Нок,2017-M01,2017,7100.0
049,Uzum,Виноград,Grape,Узум,2017-M01,2017,4971.0
0050,Tarvuz,Арбуз,Watermelon,Тарвуз,2017-M01,2017,1444.0
0051,Qovun,Дыня,Melon,Қовун,2017-M01,2017,1747.0
053,Mayiz,Кишмиш,Kishmish,Майиз,2017-M01,2017,14958.0
055,Karam,Капуста,Cabbage,Карам,2017-M01,2017,1654.0
057,Bodring,Огурцы,Cucumbers,Бодринг,2017-M01,2017,11818.0
058,Pomidor,Помидоры,Tomatoes,Помидор,2017-M01,2017,8010.0
059,Baqlajon,Баклажаны,Eggplant,Бақлажон,2017-M01,2017,0.0
0060,Bulg'or qalampiri,Перец болгарский,Bell pepper,Булғор қалампири,2017-M01,2017,0.0
061,Qovoq,Тыква,Pumpkin,Қовоқ,2017-M01,2017,1081.0
063,Sabzi,Морковь,Carrot,Сабзи,2017-M01,2017,851.0
065,Sarimsoq,Чеснок,Garlic,Саримсоқ,2017-M01,2017,14128.0
066,Piyoz,Лук репчатый,Onion,Пиёз,2017-M01,2017,1205.0
069,Kartoshka,Картофель,Potatoes,Картошка,2017-M01,2017,2519.0
0070,Loviya,Фасоль,Beans,Ловия,2017-M01,2017,0.0
071,No'xot,Горох,Peas,Нўхот,2017-M01,2017,0.0
0072,Mosh,Маш,Mash,Мош,2017-M01,2017,0.0
073,Shakar,Сахар песок,Sugar,Шакар,2017-M01,2017,0.0
002,Kruppa yormasi,Крупа манная,Semolina,Круппа ёрмаси,2017-M01,2017,1315.0
001,Guruch,Рис,Rice,Гуруч,2017-M02,2017,3529.0
003,Arpa,Ячмень,Barley,Арпа,2017-M02,2017,1317.0
0004,Bug'doy,Пшеница,Wheat,Буғдой,2017-M02,2017,1344.0
005,Jo'hori,Кукуруза,Corn,Жўҳори,2017-M02,2017,1418.0
006,Kepak,Отруби,Bran,Кепак,2017-M02,2017,950.0
0008,Shrot,Шрот,Schroth,Шрот,2017-M02,2017,0.0
009,Shulxa,Шелуха,Husk,Шулха,2017-M02,2017,0.0
010,Kombikorm,Комбикорм,Compound feed,Комбикорм,2017-M02,2017,1379.0
011,Oliy navli bug'doy uni,Мука пшеничная высшего сорта,High-grade wheat flour,Олий навли буғдой уни,2017-M02,2017,2119.0
0012,1-navli bug'doy uni,Мука пшеничная первого сорта,First grade wheat flour,1-навли буғдой уни,2017-M02,2017,0.0
013,1-nav bug'doy unidan non,Хлеб пшеничный из муки 1-го сорта,Wheat bread from 1st grade flour,1-нав буғдой унидан нон,2017-M02,2017,0.0
017,Mol go'shti,Говядина,Beef,Мол гўшти,2017-M02,2017,23198.0
0020,Qo'y go'shti,Баранина,Mutton,Қўй гўшти,2017-M02,2017,24156.0
022,Tovuq go'shti,Мясо птицы,Poultry,Товуқ гўшти,2017-M02,2017,0.0
026,Turli baliqlar,Рыба всякая,Fish of all kinds,Турли балиқлар,2017-M02,2017,12052.0
027,Yangi sog'ilgan sut (1 litr),Молоко свежее (1 литр),Fresh milk (1 liter),Янги соғилган сут (1 литр),2017-M02,2017,1899.0
034,Tuxum (10 dona),Яйца (10 штук),Eggs (10 pieces ),Тухум (10 дона),2017-M02,2017,4952.0
035,Paxta yog'i (1 litr),Масло хлопковое (1 литр),Cottonseed oil (1 liter),Пахта ёғи (1 литр),2017-M02,2017,0.0
0036,Kungaboqar yog'i (1 litr),Масло подсолнечное (1 литр),Sunflower oil (1 liter),Кунгабоқар ёғи (1 литр),2017-M02,2017,0.0
037,Sariyog',Масло сливочное,Butter,Сариёғ,2017-M02,2017,17740.0
039,Limon,Лимоны,Lemons,Лимон,2017-M02,2017,8104.0
0040,Olma,Яблоки,Apples,Олма,2017-M02,2017,4413.0
041,Nok,Груши,Pears,Нок,2017-M02,2017,7833.0
049,Uzum,Виноград,Grape,Узум,2017-M02,2017,5146.0
0050,Tarvuz,Арбуз,Watermelon,Тарвуз,2017-M02,2017,0.0
0051,Qovun,Дыня,Melon,Қовун,2017-M02,2017,2085.0
053,Mayiz,Кишмиш,Kishmish,Майиз,2017-M02,2017,15354.0
055,Karam,Капуста,Cabbage,Карам,2017-M02,2017,1893.0
057,Bodring,Огурцы,Cucumbers,Бодринг,2017-M02,2017,11281.0
058,Pomidor,Помидоры,Tomatoes,Помидор,2017-M02,2017,11396.0
059,Baqlajon,Баклажаны,Eggplant,Бақлажон,2017-M02,2017,0.0
0060,Bulg'or qalampiri,Перец болгарский,Bell pepper,Булғор қалампири,2017-M02,2017,0.0
061,Qovoq,Тыква,Pumpkin,Қовоқ,2017-M02,2017,1275.0
063,Sabzi,Морковь,Carrot,Сабзи,2017-M02,2017,863.0
065,Sarimsoq,Чеснок,Garlic,Саримсоқ,2017-M02,2017,14356.0
066,Piyoz,Лук репчатый,Onion,Пиёз,2017-M02,2017,1665.0
069,Kartoshka,Картофель,Potatoes,Картошка,2017-M02,2017,2527.0
0070,Loviya,Фасоль,Beans,Ловия,2017-M02,2017,0.0
071,No'xot,Горох,Peas,Нўхот,2017-M02,2017,0.0
0072,Mosh,Маш,Mash,Мош,2017-M02,2017,0.0
073,Shakar,Сахар песок,Sugar,Шакар,2017-M02,2017,0.0
002,Kruppa yormasi,Крупа манная,Semolina,Круппа ёрмаси,2017-M02,2017,1317.0
001,Guruch,Рис,Rice,Гуруч,2017-M03,2017,3531.0
003,Arpa,Ячмень,Barley,Арпа,2017-M03,2017,1329.0
0004,Bug'doy,Пшеница,Wheat,Буғдой,2017-M03,2017,1357.0
005,Jo'hori,Кукуруза,Corn,Жўҳори,2017-M03,2017,1420.0
006,Kepak,Отруби,Bran,Кепак,2017-M03,2017,944.0
0008,Shrot,Шрот,Schroth,Шрот,2017-M03,2017,0.0
009,Shulxa,Шелуха,Husk,Шулха,2017-M03,2017,0.0
010,Kombikorm,Комбикорм,Compound feed,Комбикорм,2017-M03,2017,1377.0
011,Oliy navli bug'doy uni,Мука пшеничная высшего сорта,High-grade wheat flour,Олий навли буғдой уни,2017-M03,2017,2119.0
0012,1-navli bug'doy uni,Мука пшеничная первого сорта,First grade wheat flour,1-навли буғдой уни,2017-M03,2017,0.0
013,1-nav bug'doy unidan non,Хлеб пшеничный из муки 1-го сорта,Wheat bread from 1st grade flour,1-нав буғдой унидан нон,2017-M03,2017,0.0
017,Mol go'shti,Говядина,Beef,Мол гўшти,2017-M03,2017,23271.0
0020,Qo'y go'shti,Баранина,Mutton,Қўй гўшти,2017-M03,2017,24146.0
022,Tovuq go'shti,Мясо птицы,Poultry,Товуқ гўшти,2017-M03,2017,0.0
026,Turli baliqlar,Рыба всякая,Fish of all kinds,Турли балиқлар,2017-M03,2017,12010.0
027,Yangi sog'ilgan sut (1 litr),Молоко свежее (1 литр),Fresh milk (1 liter),Янги соғилган сут (1 литр),2017-M03,2017,1953.0
034,Tuxum (10 dona),Яйца (10 штук),Eggs (10 pieces ),Тухум (10 дона),2017-M03,2017,4953.0
035,Paxta yog'i (1 litr),Масло хлопковое (1 литр),Cottonseed oil (1 liter),Пахта ёғи (1 литр),2017-M03,2017,0.0
0036,Kungaboqar yog'i (1 litr),Масло подсолнечное (1 литр),Sunflower oil (1 liter),Кунгабоқар ёғи (1 литр),2017-M03,2017,0.0
037,Sariyog',Масло сливочное,Butter,Сариёғ,2017-M03,2017,19063.0
039,Limon,Лимоны,Lemons,Лимон,2017-M03,2017,8125.0
0040,Olma,Яблоки,Apples,Олма,2017-M03,2017,4419.0
041,Nok,Груши,Pears,Нок,2017-M03,2017,11583.0
049,Uzum,Виноград,Grape,Узум,2017-M03,2017,6031.0
0050,Tarvuz,Арбуз,Watermelon,Тарвуз,2017-M03,2017,0.0
0051,Qovun,Дыня,Melon,Қовун,2017-M03,2017,0.0
053,Mayiz,Кишмиш,Kishmish,Майиз,2017-M03,2017,15573.0
055,Karam,Капуста,Cabbage,Карам,2017-M03,2017,1931.0
057,Bodring,Огурцы,Cucumbers,Бодринг,2017-M03,2017,11375.0
058,Pomidor,Помидоры,Tomatoes,Помидор,2017-M03,2017,12073.0
059,Baqlajon,Баклажаны,Eggplant,Бақлажон,2017-M03,2017,0.0
0060,Bulg'or qalampiri,Перец болгарский,Bell pepper,Булғор қалампири,2017-M03,2017,0.0
061,Qovoq,Тыква,Pumpkin,Қовоқ,2017-M03,2017,1528.0
063,Sabzi,Морковь,Carrot,Сабзи,2017-M03,2017,910.0
065,Sarimsoq,Чеснок,Garlic,Саримсоқ,2017-M03,2017,14646.0
066,Piyoz,Лук репчатый,Onion,Пиёз,2017-M03,2017,2091.0
069,Kartoshka,Картофель,Potatoes,Картошка,2017-M03,2017,2734.0
0070,Loviya,Фасоль,Beans,Ловия,2017-M03,2017,0.0
071,No'xot,Горох,Peas,Нўхот,2017-M03,2017,0.0
0072,Mosh,Маш,Mash,Мош,2017-M03,2017,0.0
073,Shakar,Сахар песок,Sugar,Шакар,2017-M03,2017,0.0
002,Kruppa yormasi,Крупа манная,Semolina,Круппа ёрмаси,2017-M03,2017,1329.0
001,Guruch,Рис,Rice,Гуруч,2017-M04,2017,3532.0
003,Arpa,Ячмень,Barley,Арпа,2017-M04,2017,1380.0
0004,Bug'doy,Пшеница,Wheat,Буғдой,2017-M04,2017,1424.0
005,Jo'hori,Кукуруза,Corn,Жўҳори,2017-M04,2017,1452.0
006,Kepak,Отруби,Bran,Кепак,2017-M04,2017,938.0
0008,Shrot,Шрот,Schroth,Шрот,2017-M04,2017,0.0
009,Shulxa,Шелуха,Husk,Шулха,2017-M04,2017,0.0
010,Kombikorm,Комбикорм,Compound feed,Комбикорм,2017-M04,2017,1401.0
011,Oliy navli bug'doy uni,Мука пшеничная высшего сорта,High-grade wheat flour,Олий навли буғдой уни,2017-M04,2017,2135.0
0012,1-navli bug'doy uni,Мука пшеничная первого сорта,First grade wheat flour,1-навли буғдой уни,2017-M04,2017,0.0
013,1-nav bug'doy unidan non,Хлеб пшеничный из муки 1-го сорта,Wheat bread from 1st grade flour,1-нав буғдой унидан нон,2017-M04,2017,0.0
017,Mol go'shti,Говядина,Beef,Мол гўшти,2017-M04,2017,23323.0
0020,Qo'y go'shti,Баранина,Mutton,Қўй гўшти,2017-M04,2017,24167.0
022,Tovuq go'shti,Мясо птицы,Poultry,Товуқ гўшти,2017-M04,2017,0.0
026,Turli baliqlar,Рыба всякая,Fish of all kinds,Турли балиқлар,2017-M04,2017,11917.0
027,Yangi sog'ilgan sut (1 litr),Молоко свежее (1 литр),Fresh milk (1 liter),Янги соғилган сут (1 литр),2017-M04,2017,2049.0
034,Tuxum (10 dona),Яйца (10 штук),Eggs (10 pieces ),Тухум (10 дона),2017-M04,2017,4991.0
035,Paxta yog'i (1 litr),Масло хлопковое (1 литр),Cottonseed oil (1 liter),Пахта ёғи (1 литр),2017-M04,2017,0.0
0036,Kungaboqar yog'i (1 litr),Масло подсолнечное (1 литр),Sunflower oil (1 liter),Кунгабоқар ёғи (1 литр),2017-M04,2017,0.0
037,Sariyog',Масло сливочное,Butter,Сариёғ,2017-M04,2017,19188.0
039,Limon,Лимоны,Lemons,Лимон,2017-M04,2017,8094.0
0040,Olma,Яблоки,Apples,Олма,2017-M04,2017,4457.0
041,Nok,Груши,Pears,Нок,2017-M04,2017,14417.0
049,Uzum,Виноград,Grape,Узум,2017-M04,2017,7156.0
0050,Tarvuz,Арбуз,Watermelon,Тарвуз,2017-M04,2017,0.0
0051,Qovun,Дыня,Melon,Қовун,2017-M04,2017,0.0
053,Mayiz,Кишмиш,Kishmish,Майиз,2017-M04,2017,15969.0
055,Karam,Капуста,Cabbage,Карам,2017-M04,2017,2293.0
057,Bodring,Огурцы,Cucumbers,Бодринг,2017-M04,2017,8552.0
058,Pomidor,Помидоры,Tomatoes,Помидор,2017-M04,2017,12167.0
059,Baqlajon,Баклажаны,Eggplant,Бақлажон,2017-M04,2017,0.0
0060,Bulg'or qalampiri,Перец болгарский,Bell pepper,Булғор қалампири,2017-M04,2017,0.0
061,Qovoq,Тыква,Pumpkin,Қовоқ,2017-M04,2017,0.0
063,Sabzi,Морковь,Carrot,Сабзи,2017-M04,2017,1081.0
065,Sarimsoq,Чеснок,Garlic,Саримсоқ,2017-M04,2017,15271.0
066,Piyoz,Лук репчатый,Onion,Пиёз,2017-M04,2017,2481.0
069,Kartoshka,Картофель,Potatoes,Картошка,2017-M04,2017,3727.0
0070,Loviya,Фасоль,Beans,Ловия,2017-M04,2017,0.0
071,No'xot,Горох,Peas,Нўхот,2017-M04,2017,0.0
0072,Mosh,Маш,Mash,Мош,2017-M04,2017,0.0
073,Shakar,Сахар песок,Sugar,Шакар,2017-M04,2017,0.0
002,Kruppa yormasi,Крупа манная,Semolina,Круппа ёрмаси,2017-M04,2017,1380.0
001,Guruch,Рис,Rice,Гуруч,2017-M05,2017,3545.0
003,Arpa,Ячмень,Barley,Арпа,2017-M05,2017,1459.0
0004,Bug'doy,Пшеница,Wheat,Буғдой,2017-M05,2017,1502.0
005,Jo'hori,Кукуруза,Corn,Жўҳори,2017-M05,2017,1543.0
006,Kepak,Отруби,Bran,Кепак,2017-M05,2017,960.0
0008,Shrot,Шрот,Schroth,Шрот,2017-M05,2017,0.0
009,Shulxa,Шелуха,Husk,Шулха,2017-M05,2017,0.0
010,Kombikorm,Комбикорм,Compound feed,Комбикорм,2017-M05,2017,1474.0
011,Oliy navli bug'doy uni,Мука пшеничная высшего сорта,High-grade wheat flour,Олий навли буғдой уни,2017-M05,2017,2160.0
0012,1-navli bug'doy uni,Мука пшеничная первого сорта,First grade wheat flour,1-навли буғдой уни,2017-M05,2017,0.0
013,1-nav bug'doy unidan non,Хлеб пшеничный из муки 1-го сорта,Wheat bread from 1st grade flour,1-нав буғдой унидан нон,2017-M05,2017,0.0
017,Mol go'shti,Говядина,Beef,Мол гўшти,2017-M05,2017,24690.0
0020,Qo'y go'shti,Баранина,Mutton,Қўй гўшти,2017-M05,2017,25542.0
022,Tovuq go'shti,Мясо птицы,Poultry,Товуқ гўшти,2017-M05,2017,0.0
026,Turli baliqlar,Рыба всякая,Fish of all kinds,Турли балиқлар,2017-M05,2017,12094.0
027,Yangi sog'ilgan sut (1 litr),Молоко свежее (1 литр),Fresh milk (1 liter),Янги соғилган сут (1 литр),2017-M05,2017,2066.0
034,Tuxum (10 dona),Яйца (10 штук),Eggs (10 pieces ),Тухум (10 дона),2017-M05,2017,5002.0
035,Paxta yog'i (1 litr),Масло хлопковое (1 литр),Cottonseed oil (1 liter),Пахта ёғи (1 литр),2017-M05,2017,0.0
0036,Kungaboqar yog'i (1 litr),Масло подсолнечное (1 литр),Sunflower oil (1 liter),Кунгабоқар ёғи (1 литр),2017-M05,2017,0.0
037,Sariyog',Масло сливочное,Butter,Сариёғ,2017-M05,2017,19208.0
039,Limon,Лимоны,Lemons,Лимон,2017-M05,2017,8142.0
0040,Olma,Яблоки,Apples,Олма,2017-M05,2017,4629.0
041,Nok,Груши,Pears,Нок,2017-M05,2017,16750.0
049,Uzum,Виноград,Grape,Узум,2017-M05,2017,0.0
0050,Tarvuz,Арбуз,Watermelon,Тарвуз,2017-M05,2017,0.0
0051,Qovun,Дыня,Melon,Қовун,2017-M05,2017,0.0
053,Mayiz,Кишмиш,Kishmish,Майиз,2017-M05,2017,16271.0
055,Karam,Капуста,Cabbage,Карам,2017-M05,2017,2116.0
057,Bodring,Огурцы,Cucumbers,Бодринг,2017-M05,2017,3219.0
058,Pomidor,Помидоры,Tomatoes,Помидор,2017-M05,2017,8724.0
059,Baqlajon,Баклажаны,Eggplant,Бақлажон,2017-M05,2017,5140.0
0060,Bulg'or qalampiri,Перец болгарский,Bell pepper,Булғор қалампири,2017-M05,2017,7547.0
061,Qovoq,Тыква,Pumpkin,Қовоқ,2017-M05,2017,0.0
063,Sabzi,Морковь,Carrot,Сабзи,2017-M05,2017,1526.0
065,Sarimsoq,Чеснок,Garlic,Саримсоқ,2017-M05,2017,12833.0
066,Piyoz,Лук репчатый,Onion,Пиёз,2017-M05,2017,2182.0
069,Kartoshka,Картофель,Potatoes,Картошка,2017-M05,2017,3707.0
0070,Loviya,Фасоль,Beans,Ловия,2017-M05,2017,0.0
071,No'xot,Горох,Peas,Нўхот,2017-M05,2017,0.0
0072,Mosh,Маш,Mash,Мош,2017-M05,2017,0.0
073,Shakar,Сахар песок,Sugar,Шакар,2017-M05,2017,0.0
002,Kruppa yormasi,Крупа манная,Semolina,Круппа ёрмаси,2017-M05,2017,1459.0
001,Guruch,Рис,Rice,Гуруч,2017-M06,2017,3566.0
003,Arpa,Ячмень,Barley,Арпа,2017-M06,2017,1572.0
0004,Bug'doy,Пшеница,Wheat,Буғдой,2017-M06,2017,1572.0
005,Jo'hori,Кукуруза,Corn,Жўҳори,2017-M06,2017,1656.0
006,Kepak,Отруби,Bran,Кепак,2017-M06,2017,1020.0
0008,Shrot,Шрот,Schroth,Шрот,2017-M06,2017,0.0
009,Shulxa,Шелуха,Husk,Шулха,2017-M06,2017,0.0
010,Kombikorm,Комбикорм,Compound feed,Комбикорм,2017-M06,2017,1524.0
011,Oliy navli bug'doy uni,Мука пшеничная высшего сорта,High-grade wheat flour,Олий навли буғдой уни,2017-M06,2017,2194.0
0012,1-navli bug'doy uni,Мука пшеничная первого сорта,First grade wheat flour,1-навли буғдой уни,2017-M06,2017,0.0
013,1-nav bug'doy unidan non,Хлеб пшеничный из муки 1-го сорта,Wheat bread from 1st grade flour,1-нав буғдой унидан нон,2017-M06,2017,0.0
017,Mol go'shti,Говядина,Beef,Мол гўшти,2017-M06,2017,26260.0
0020,Qo'y go'shti,Баранина,Mutton,Қўй гўшти,2017-M06,2017,26948.0
022,Tovuq go'shti,Мясо птицы,Poultry,Товуқ гўшти,2017-M06,2017,0.0
026,Turli baliqlar,Рыба всякая,Fish of all kinds,Турли балиқлар,2017-M06,2017,0.0
027,Yangi sog'ilgan sut (1 litr),Молоко свежее (1 литр),Fresh milk (1 liter),Янги соғилган сут (1 литр),2017-M06,2017,2055.0
034,Tuxum (10 dona),Яйца (10 штук),Eggs (10 pieces ),Тухум (10 дона),2017-M06,2017,5002.0
035,Paxta yog'i (1 litr),Масло хлопковое (1 литр),Cottonseed oil (1 liter),Пахта ёғи (1 литр),2017-M06,2017,0.0
0036,Kungaboqar yog'i (1 litr),Масло подсолнечное (1 литр),Sunflower oil (1 liter),Кунгабоқар ёғи (1 литр),2017-M06,2017,0.0
037,Sariyog',Масло сливочное,Butter,Сариёғ,2017-M06,2017,19281.0
039,Limon,Лимоны,Lemons,Лимон,2017-M06,2017,10435.0
0040,Olma,Яблоки,Apples,Олма,2017-M06,2017,4351.0
041,Nok,Груши,Pears,Нок,2017-M06,2017,0.0
049,Uzum,Виноград,Grape,Узум,2017-M06,2017,6776.0
0050,Tarvuz,Арбуз,Watermelon,Тарвуз,2017-M06,2017,2147.0
0051,Qovun,Дыня,Melon,Қовун,2017-M06,2017,3069.0
053,Mayiz,Кишмиш,Kishmish,Майиз,2017-M06,2017,16490.0
055,Karam,Капуста,Cabbage,Карам,2017-M06,2017,1614.0
057,Bodring,Огурцы,Cucumbers,Бодринг,2017-M06,2017,1147.0
058,Pomidor,Помидоры,Tomatoes,Помидор,2017-M06,2017,3599.0
059,Baqlajon,Баклажаны,Eggplant,Бақлажон,2017-M06,2017,4461.0
0060,Bulg'or qalampiri,Перец болгарский,Bell pepper,Булғор қалампири,2017-M06,2017,5281.0
061,Qovoq,Тыква,Pumpkin,Қовоқ,2017-M06,2017,0.0
063,Sabzi,Морковь,Carrot,Сабзи,2017-M06,2017,2025.0
065,Sarimsoq,Чеснок,Garlic,Саримсоқ,2017-M06,2017,7896.0
066,Piyoz,Лук репчатый,Onion,Пиёз,2017-M06,2017,2228.0
069,Kartoshka,Картофель,Potatoes,Картошка,2017-M06,2017,3286.0
0070,Loviya,Фасоль,Beans,Ловия,2017-M06,2017,0.0
071,No'xot,Горох,Peas,Нўхот,2017-M06,2017,0.0
0072,Mosh,Маш,Mash,Мош,2017-M06,2017,0.0
073,Shakar,Сахар песок,Sugar,Шакар,2017-M06,2017,0.0
002,Kruppa yormasi,Крупа манная,Semolina,Круппа ёрмаси,2017-M06,2017,1572.0
001,Guruch,Рис,Rice,Гуруч,2017-M07,2017,3566.0
003,Arpa,Ячмень,Barley,Арпа,2017-M07,2017,1535.0
0004,Bug'doy,Пшеница,Wheat,Буғдой,2017-M07,2017,1486.0
005,Jo'hori,Кукуруза,Corn,Жўҳори,2017-M07,2017,1691.0
006,Kepak,Отруби,Bran,Кепак,2017-M07,2017,1170.0
0008,Shrot,Шрот,Schroth,Шрот,2017-M07,2017,0.0
009,Shulxa,Шелуха,Husk,Шулха,2017-M07,2017,0.0
010,Kombikorm,Комбикорм,Compound feed,Комбикорм,2017-M07,2017,1527.0
011,Oliy navli bug'doy uni,Мука пшеничная высшего сорта,High-grade wheat flour,Олий навли буғдой уни,2017-M07,2017,2354.0
0012,1-navli bug'doy uni,Мука пшеничная первого сорта,First grade wheat flour,1-навли буғдой уни,2017-M07,2017,0.0
013,1-nav bug'doy unidan non,Хлеб пшеничный из муки 1-го сорта,Wheat bread from 1st grade flour,1-нав буғдой унидан нон,2017-M07,2017,0.0
017,Mol go'shti,Говядина,Beef,Мол гўшти,2017-M07,2017,27958.0
0020,Qo'y go'shti,Баранина,Mutton,Қўй гўшти,2017-M07,2017,28708.0
022,Tovuq go'shti,Мясо птицы,Poultry,Товуқ гўшти,2017-M07,2017,0.0
026,Turli baliqlar,Рыба всякая,Fish of all kinds,Турли балиқлар,2017-M07,2017,0.0
027,Yangi sog'ilgan sut (1 litr),Молоко свежее (1 литр),Fresh milk (1 liter),Янги соғилган сут (1 литр),2017-M07,2017,2022.0
034,Tuxum (10 dona),Яйца (10 штук),Eggs (10 pieces ),Тухум (10 дона),2017-M07,2017,4936.0
035,Paxta yog'i (1 litr),Масло хлопковое (1 литр),Cottonseed oil (1 liter),Пахта ёғи (1 литр),2017-M07,2017,0.0
0036,Kungaboqar yog'i (1 litr),Масло подсолнечное (1 литр),Sunflower oil (1 liter),Кунгабоқар ёғи (1 литр),2017-M07,2017,0.0
037,Sariyog',Масло сливочное,Butter,Сариёғ,2017-M07,2017,21844.0
039,Limon,Лимоны,Lemons,Лимон,2017-M07,2017,15469.0
0040,Olma,Яблоки,Apples,Олма,2017-M07,2017,3181.0
041,Nok,Груши,Pears,Нок,2017-M07,2017,5611.0
049,Uzum,Виноград,Grape,Узум,2017-M07,2017,4744.0
0050,Tarvuz,Арбуз,Watermelon,Тарвуз,2017-M07,2017,752.0
0051,Qovun,Дыня,Melon,Қовун,2017-M07,2017,2083.0
053,Mayiz,Кишмиш,Kishmish,Майиз,2017-M07,2017,16688.0
055,Karam,Капуста,Cabbage,Карам,2017-M07,2017,1852.0
057,Bodring,Огурцы,Cucumbers,Бодринг,2017-M07,2017,1297.0
058,Pomidor,Помидоры,Tomatoes,Помидор,2017-M07,2017,2125.0
059,Baqlajon,Баклажаны,Eggplant,Бақлажон,2017-M07,2017,2100.0
0060,Bulg'or qalampiri,Перец болгарский,Bell pepper,Булғор қалампири,2017-M07,2017,2511.0
061,Qovoq,Тыква,Pumpkin,Қовоқ,2017-M07,2017,1175.0
063,Sabzi,Морковь,Carrot,Сабзи,2017-M07,2017,2002.0
065,Sarimsoq,Чеснок,Garlic,Саримсоқ,2017-M07,2017,6802.0
066,Piyoz,Лук репчатый,Onion,Пиёз,2017-M07,2017,2704.0
069,Kartoshka,Картофель,Potatoes,Картошка,2017-M07,2017,2922.0
0070,Loviya,Фасоль,Beans,Ловия,2017-M07,2017,0.0
071,No'xot,Горох,Peas,Нўхот,2017-M07,2017,0.0
0072,Mosh,Маш,Mash,Мош,2017-M07,2017,0.0
073,Shakar,Сахар песок,Sugar,Шакар,2017-M07,2017,0.0
002,Kruppa yormasi,Крупа манная,Semolina,Круппа ёрмаси,2017-M07,2017,1535.0
001,Guruch,Рис,Rice,Гуруч,2017-M08,2017,3558.0
003,Arpa,Ячмень,Barley,Арпа,2017-M08,2017,1463.0
0004,Bug'doy,Пшеница,Wheat,Буғдой,2017-M08,2017,1368.0
005,Jo'hori,Кукуруза,Corn,Жўҳори,2017-M08,2017,1696.0
006,Kepak,Отруби,Bran,Кепак,2017-M08,2017,1186.0
0008,Shrot,Шрот,Schroth,Шрот,2017-M08,2017,0.0
009,Shulxa,Шелуха,Husk,Шулха,2017-M08,2017,0.0
010,Kombikorm,Комбикорм,Compound feed,Комбикорм,2017-M08,2017,1540.0
011,Oliy navli bug'doy uni,Мука пшеничная высшего сорта,High-grade wheat flour,Олий навли буғдой уни,2017-M08,2017,2509.0
0012,1-navli bug'doy uni,Мука пшеничная первого сорта,First grade wheat flour,1-навли буғдой уни,2017-M08,2017,0.0
013,1-nav bug'doy unidan non,Хлеб пшеничный из муки 1-го сорта,Wheat bread from 1st grade flour,1-нав буғдой унидан нон,2017-M08,2017,0.0
017,Mol go'shti,Говядина,Beef,Мол гўшти,2017-M08,2017,30104.0
0020,Qo'y go'shti,Баранина,Mutton,Қўй гўшти,2017-M08,2017,30354.0
022,Tovuq go'shti,Мясо птицы,Poultry,Товуқ гўшти,2017-M08,2017,0.0
026,Turli baliqlar,Рыба всякая,Fish of all kinds,Турли балиқлар,2017-M08,2017,0.0
027,Yangi sog'ilgan sut (1 litr),Молоко свежее (1 литр),Fresh milk (1 liter),Янги соғилган сут (1 литр),2017-M08,2017,2010.0
034,Tuxum (10 dona),Яйца (10 штук),Eggs (10 pieces ),Тухум (10 дона),2017-M08,2017,4956.0
035,Paxta yog'i (1 litr),Масло хлопковое (1 литр),Cottonseed oil (1 liter),Пахта ёғи (1 литр),2017-M08,2017,0.0
0036,Kungaboqar yog'i (1 litr),Масло подсолнечное (1 литр),Sunflower oil (1 liter),Кунгабоқар ёғи (1 литр),2017-M08,2017,0.0
037,Sariyog',Масло сливочное,Butter,Сариёғ,2017-M08,2017,24063.0
039,Limon,Лимоны,Lemons,Лимон,2017-M08,2017,16406.0
0040,Olma,Яблоки,Apples,Олма,2017-M08,2017,3158.0
041,Nok,Груши,Pears,Нок,2017-M08,2017,4906.0
049,Uzum,Виноград,Grape,Узум,2017-M08,2017,3746.0
0050,Tarvuz,Арбуз,Watermelon,Тарвуз,2017-M08,2017,685.0
0051,Qovun,Дыня,Melon,Қовун,2017-M08,2017,1360.0
053,Mayiz,Кишмиш,Kishmish,Майиз,2017-M08,2017,17010.0
055,Karam,Капуста,Cabbage,Карам,2017-M08,2017,1491.0
057,Bodring,Огурцы,Cucumbers,Бодринг,2017-M08,2017,2494.0
058,Pomidor,Помидоры,Tomatoes,Помидор,2017-M08,2017,1067.0
059,Baqlajon,Баклажаны,Eggplant,Бақлажон,2017-M08,2017,1365.0
0060,Bulg'or qalampiri,Перец болгарский,Bell pepper,Булғор қалампири,2017-M08,2017,1763.0
061,Qovoq,Тыква,Pumpkin,Қовоқ,2017-M08,2017,1264.0
063,Sabzi,Морковь,Carrot,Сабзи,2017-M08,2017,1763.0
065,Sarimsoq,Чеснок,Garlic,Саримсоқ,2017-M08,2017,6750.0
066,Piyoz,Лук репчатый,Onion,Пиёз,2017-M08,2017,2505.0
069,Kartoshka,Картофель,Potatoes,Картошка,2017-M08,2017,2949.0
0070,Loviya,Фасоль,Beans,Ловия,2017-M08,2017,0.0
071,No'xot,Горох,Peas,Нўхот,2017-M08,2017,0.0
0072,Mosh,Маш,Mash,Мош,2017-M08,2017,0.0
073,Shakar,Сахар песок,Sugar,Шакар,2017-M08,2017,0.0
002,Kruppa yormasi,Крупа манная,Semolina,Круппа ёрмаси,2017-M08,2017,1463.0
001,Guruch,Рис,Rice,Гуруч,2017-M09,2017,3761.0
003,Arpa,Ячмень,Barley,Арпа,2017-M09,2017,1444.0
0004,Bug'doy,Пшеница,Wheat,Буғдой,2017-M09,2017,1347.0
005,Jo'hori,Кукуруза,Corn,Жўҳори,2017-M09,2017,1751.0
006,Kepak,Отруби,Bran,Кепак,2017-M09,2017,1195.0
0008,Shrot,Шрот,Schroth,Шрот,2017-M09,2017,0.0
009,Shulxa,Шелуха,Husk,Шулха,2017-M09,2017,0.0
010,Kombikorm,Комбикорм,Compound feed,Комбикорм,2017-M09,2017,1540.0
011,Oliy navli bug'doy uni,Мука пшеничная высшего сорта,High-grade wheat flour,Олий навли буғдой уни,2017-M09,2017,2527.0
0012,1-navli bug'doy uni,Мука пшеничная первого сорта,First grade wheat flour,1-навли буғдой уни,2017-M09,2017,0.0
013,1-nav bug'doy unidan non,Хлеб пшеничный из муки 1-го сорта,Wheat bread from 1st grade flour,1-нав буғдой унидан нон,2017-M09,2017,0.0
017,Mol go'shti,Говядина,Beef,Мол гўшти,2017-M09,2017,30188.0
0020,Qo'y go'shti,Баранина,Mutton,Қўй гўшти,2017-M09,2017,30250.0
022,Tovuq go'shti,Мясо птицы,Poultry,Товуқ гўшти,2017-M09,2017,0.0
026,Turli baliqlar,Рыба всякая,Fish of all kinds,Турли балиқлар,2017-M09,2017,14875.0
027,Yangi sog'ilgan sut (1 litr),Молоко свежее (1 литр),Fresh milk (1 liter),Янги соғилган сут (1 литр),2017-M09,2017,2013.0
034,Tuxum (10 dona),Яйца (10 штук),Eggs (10 pieces ),Тухум (10 дона),2017-M09,2017,5061.0
035,Paxta yog'i (1 litr),Масло хлопковое (1 литр),Cottonseed oil (1 liter),Пахта ёғи (1 литр),2017-M09,2017,0.0
0036,Kungaboqar yog'i (1 litr),Масло подсолнечное (1 литр),Sunflower oil (1 liter),Кунгабоқар ёғи (1 литр),2017-M09,2017,0.0
037,Sariyog',Масло сливочное,Butter,Сариёғ,2017-M09,2017,24688.0
039,Limon,Лимоны,Lemons,Лимон,2017-M09,2017,16073.0
0040,Olma,Яблоки,Apples,Олма,2017-M09,2017,3158.0
041,Nok,Груши,Pears,Нок,2017-M09,2017,5006.0
049,Uzum,Виноград,Grape,Узум,2017-M09,2017,3740.0
0050,Tarvuz,Арбуз,Watermelon,Тарвуз,2017-M09,2017,690.0
0051,Qovun,Дыня,Melon,Қовун,2017-M09,2017,1141.0
053,Mayiz,Кишмиш,Kishmish,Майиз,2017-M09,2017,17031.0
055,Karam,Капуста,Cabbage,Карам,2017-M09,2017,1089.0
057,Bodring,Огурцы,Cucumbers,Бодринг,2017-M09,2017,2252.0
058,Pomidor,Помидоры,Tomatoes,Помидор,2017-M09,2017,948.0
059,Baqlajon,Баклажаны,Eggplant,Бақлажон,2017-M09,2017,1356.0
0060,Bulg'or qalampiri,Перец болгарский,Bell pepper,Булғор қалампири,2017-M09,2017,1592.0
061,Qovoq,Тыква,Pumpkin,Қовоқ,2017-M09,2017,1229.0
063,Sabzi,Морковь,Carrot,Сабзи,2017-M09,2017,1621.0
065,Sarimsoq,Чеснок,Garlic,Саримсоқ,2017-M09,2017,6656.0
066,Piyoz,Лук репчатый,Onion,Пиёз,2017-M09,2017,1850.0
069,Kartoshka,Картофель,Potatoes,Картошка,2017-M09,2017,2889.0
0070,Loviya,Фасоль,Beans,Ловия,2017-M09,2017,0.0
071,No'xot,Горох,Peas,Нўхот,2017-M09,2017,0.0
0072,Mosh,Маш,Mash,Мош,2017-M09,2017,0.0
073,Shakar,Сахар песок,Sugar,Шакар,2017-M09,2017,0.0
002,Kruppa yormasi,Крупа манная,Semolina,Круппа ёрмаси,2017-M09,2017,1444.0
001,Guruch,Рис,Rice,Гуруч,2017-M10,2017,3819.0
003,Arpa,Ячмень,Barley,Арпа,2017-M10,2017,1448.0
0004,Bug'doy,Пшеница,Wheat,Буғдой,2017-M10,2017,1352.0
005,Jo'hori,Кукуруза,Corn,Жўҳори,2017-M10,2017,1759.0
006,Kepak,Отруби,Bran,Кепак,2017-M10,2017,1201.0
0008,Shrot,Шрот,Schroth,Шрот,2017-M10,2017,0.0
009,Shulxa,Шелуха,Husk,Шулха,2017-M10,2017,0.0
010,Kombikorm,Комбикорм,Compound feed,Комбикорм,2017-M10,2017,1549.0
011,Oliy navli bug'doy uni,Мука пшеничная высшего сорта,High-grade wheat flour,Олий навли буғдой уни,2017-M10,2017,2528.0
0012,1-navli bug'doy uni,Мука пшеничная первого сорта,First grade wheat flour,1-навли буғдой уни,2017-M10,2017,0.0
013,1-nav bug'doy unidan non,Хлеб пшеничный из муки 1-го сорта,Wheat bread from 1st grade flour,1-нав буғдой унидан нон,2017-M10,2017,0.0
017,Mol go'shti,Говядина,Beef,Мол гўшти,2017-M10,2017,30219.0
0020,Qo'y go'shti,Баранина,Mutton,Қўй гўшти,2017-M10,2017,30313.0
022,Tovuq go'shti,Мясо птицы,Poultry,Товуқ гўшти,2017-M10,2017,0.0
026,Turli baliqlar,Рыба всякая,Fish of all kinds,Турли балиқлар,2017-M10,2017,13288.0
027,Yangi sog'ilgan sut (1 litr),Молоко свежее (1 литр),Fresh milk (1 liter),Янги соғилган сут (1 литр),2017-M10,2017,2044.0
034,Tuxum (10 dona),Яйца (10 штук),Eggs (10 pieces ),Тухум (10 дона),2017-M10,2017,5091.0
035,Paxta yog'i (1 litr),Масло хлопковое (1 литр),Cottonseed oil (1 liter),Пахта ёғи (1 литр),2017-M10,2017,0.0
0036,Kungaboqar yog'i (1 litr),Масло подсолнечное (1 литр),Sunflower oil (1 liter),Кунгабоқар ёғи (1 литр),2017-M10,2017,0.0
037,Sariyog',Масло сливочное,Butter,Сариёғ,2017-M10,2017,24792.0
039,Limon,Лимоны,Lemons,Лимон,2017-M10,2017,13885.0
0040,Olma,Яблоки,Apples,Олма,2017-M10,2017,3206.0
041,Nok,Груши,Pears,Нок,2017-M10,2017,5094.0
049,Uzum,Виноград,Grape,Узум,2017-M10,2017,3942.0
0050,Tarvuz,Арбуз,Watermelon,Тарвуз,2017-M10,2017,709.0
0051,Qovun,Дыня,Melon,Қовун,2017-M10,2017,1282.0
053,Mayiz,Кишмиш,Kishmish,Майиз,2017-M10,2017,17073.0
055,Karam,Капуста,Cabbage,Карам,2017-M10,2017,879.0
057,Bodring,Огурцы,Cucumbers,Бодринг,2017-M10,2017,2132.0
058,Pomidor,Помидоры,Tomatoes,Помидор,2017-M10,2017,1309.0
059,Baqlajon,Баклажаны,Eggplant,Бақлажон,2017-M10,2017,1469.0
0060,Bulg'or qalampiri,Перец болгарский,Bell pepper,Булғор қалампири,2017-M10,2017,1720.0
061,Qovoq,Тыква,Pumpkin,Қовоқ,2017-M10,2017,1222.0
063,Sabzi,Морковь,Carrot,Сабзи,2017-M10,2017,1386.0
065,Sarimsoq,Чеснок,Garlic,Саримсоқ,2017-M10,2017,6375.0
066,Piyoz,Лук репчатый,Onion,Пиёз,2017-M10,2017,1580.0
069,Kartoshka,Картофель,Potatoes,Картошка,2017-M10,2017,2839.0
0070,Loviya,Фасоль,Beans,Ловия,2017-M10,2017,0.0
071,No'xot,Горох,Peas,Нўхот,2017-M10,2017,0.0
0072,Mosh,Маш,Mash,Мош,2017-M10,2017,0.0
073,Shakar,Сахар песок,Sugar,Шакар,2017-M10,2017,0.0
002,Kruppa yormasi,Крупа манная,Semolina,Круппа ёрмаси,2017-M10,2017,1448.0
001,Guruch,Рис,Rice,Гуруч,2017-M11,2017,3817.0
003,Arpa,Ячмень,Barley,Арпа,2017-M11,2017,1459.0
0004,Bug'doy,Пшеница,Wheat,Буғдой,2017-M11,2017,1385.0
005,Jo'hori,Кукуруза,Corn,Жўҳори,2017-M11,2017,1750.0
006,Kepak,Отруби,Bran,Кепак,2017-M11,2017,1204.0
0008,Shrot,Шрот,Schroth,Шрот,2017-M11,2017,0.0
009,Shulxa,Шелуха,Husk,Шулха,2017-M11,2017,0.0
010,Kombikorm,Комбикорм,Compound feed,Комбикорм,2017-M11,2017,1560.0
011,Oliy navli bug'doy uni,Мука пшеничная высшего сорта,High-grade wheat flour,Олий навли буғдой уни,2017-M11,2017,2530.0
0012,1-navli bug'doy uni,Мука пшеничная первого сорта,First grade wheat flour,1-навли буғдой уни,2017-M11,2017,0.0
013,1-nav bug'doy unidan non,Хлеб пшеничный из муки 1-го сорта,Wheat bread from 1st grade flour,1-нав буғдой унидан нон,2017-M11,2017,0.0
017,Mol go'shti,Говядина,Beef,Мол гўшти,2017-M11,2017,30219.0
0020,Qo'y go'shti,Баранина,Mutton,Қўй гўшти,2017-M11,2017,30313.0
022,Tovuq go'shti,Мясо птицы,Poultry,Товуқ гўшти,2017-M11,2017,0.0
026,Turli baliqlar,Рыба всякая,Fish of all kinds,Турли балиқлар,2017-M11,2017,12071.0
027,Yangi sog'ilgan sut (1 litr),Молоко свежее (1 литр),Fresh milk (1 liter),Янги соғилган сут (1 литр),2017-M11,2017,2151.0
034,Tuxum (10 dona),Яйца (10 штук),Eggs (10 pieces ),Тухум (10 дона),2017-M11,2017,5282.0
035,Paxta yog'i (1 litr),Масло хлопковое (1 литр),Cottonseed oil (1 liter),Пахта ёғи (1 литр),2017-M11,2017,0.0
0036,Kungaboqar yog'i (1 litr),Масло подсолнечное (1 литр),Sunflower oil (1 liter),Кунгабоқар ёғи (1 литр),2017-M11,2017,0.0
037,Sariyog',Масло сливочное,Butter,Сариёғ,2017-M11,2017,25146.0
039,Limon,Лимоны,Lemons,Лимон,2017-M11,2017,12292.0
0040,Olma,Яблоки,Apples,Олма,2017-M11,2017,3359.0
041,Nok,Груши,Pears,Нок,2017-M11,2017,5519.0
049,Uzum,Виноград,Grape,Узум,2017-M11,2017,4269.0
0050,Tarvuz,Арбуз,Watermelon,Тарвуз,2017-M11,2017,678.0
0051,Qovun,Дыня,Melon,Қовун,2017-M11,2017,1336.0
053,Mayiz,Кишмиш,Kishmish,Майиз,2017-M11,2017,17635.0
055,Karam,Капуста,Cabbage,Карам,2017-M11,2017,707.0
057,Bodring,Огурцы,Cucumbers,Бодринг,2017-M11,2017,4242.0
058,Pomidor,Помидоры,Tomatoes,Помидор,2017-M11,2017,3220.0
059,Baqlajon,Баклажаны,Eggplant,Бақлажон,2017-M11,2017,1511.0
0060,Bulg'or qalampiri,Перец болгарский,Bell pepper,Булғор қалампири,2017-M11,2017,1982.0
061,Qovoq,Тыква,Pumpkin,Қовоқ,2017-M11,2017,1064.0
063,Sabzi,Морковь,Carrot,Сабзи,2017-M11,2017,1078.0
065,Sarimsoq,Чеснок,Garlic,Саримсоқ,2017-M11,2017,5293.0
066,Piyoz,Лук репчатый,Onion,Пиёз,2017-M11,2017,1217.0
069,Kartoshka,Картофель,Potatoes,Картошка,2017-M11,2017,2652.0
0070,Loviya,Фасоль,Beans,Ловия,2017-M11,2017,0.0
071,No'xot,Горох,Peas,Нўхот,2017-M11,2017,0.0
0072,Mosh,Маш,Mash,Мош,2017-M11,2017,0.0
073,Shakar,Сахар песок,Sugar,Шакар,2017-M11,2017,0.0
002,Kruppa yormasi,Крупа манная,Semolina,Круппа ёрмаси,2017-M11,2017,1459.0
001,Guruch,Рис,Rice,Гуруч,2017-M12,2017,4924.0
003,Arpa,Ячмень,Barley,Арпа,2017-M12,2017,1510.0
0004,Bug'doy,Пшеница,Wheat,Буғдой,2017-M12,2017,1571.0
005,Jo'hori,Кукуруза,Corn,Жўҳори,2017-M12,2017,1756.0
006,Kepak,Отруби,Bran,Кепак,2017-M12,2017,1208.0
0008,Shrot,Шрот,Schroth,Шрот,2017-M12,2017,0.0
009,Shulxa,Шелуха,Husk,Шулха,2017-M12,2017,0.0
010,Kombikorm,Комбикорм,Compound feed,Комбикорм,2017-M12,2017,1722.0
011,Oliy navli bug'doy uni,Мука пшеничная высшего сорта,High-grade wheat flour,Олий навли буғдой уни,2017-M12,2017,2635.0
0012,1-navli bug'doy uni,Мука пшеничная первого сорта,First grade wheat flour,1-навли буғдой уни,2017-M12,2017,0.0
013,1-nav bug'doy unidan non,Хлеб пшеничный из муки 1-го сорта,Wheat bread from 1st grade flour,1-нав буғдой унидан нон,2017-M12,2017,0.0
017,Mol go'shti,Говядина,Beef,Мол гўшти,2017-M12,2017,30708.0
0020,Qo'y go'shti,Баранина,Mutton,Қўй гўшти,2017-M12,2017,30719.0
022,Tovuq go'shti,Мясо птицы,Poultry,Товуқ гўшти,2017-M12,2017,0.0
026,Turli baliqlar,Рыба всякая,Fish of all kinds,Турли балиқлар,2017-M12,2017,12292.0
027,Yangi sog'ilgan sut (1 litr),Молоко свежее (1 литр),Fresh milk (1 liter),Янги соғилган сут (1 литр),2017-M12,2017,2319.0
034,Tuxum (10 dona),Яйца (10 штук),Eggs (10 pieces ),Тухум (10 дона),2017-M12,2017,6008.0
035,Paxta yog'i (1 litr),Масло хлопковое (1 литр),Cottonseed oil (1 liter),Пахта ёғи (1 литр),2017-M12,2017,0.0
0036,Kungaboqar yog'i (1 litr),Масло подсолнечное (1 литр),Sunflower oil (1 liter),Кунгабоқар ёғи (1 литр),2017-M12,2017,0.0
037,Sariyog',Масло сливочное,Butter,Сариёғ,2017-M12,2017,29010.0
039,Limon,Лимоны,Lemons,Лимон,2017-M12,2017,11323.0
0040,Olma,Яблоки,Apples,Олма,2017-M12,2017,4364.0
041,Nok,Груши,Pears,Нок,2017-M12,2017,6096.0
049,Uzum,Виноград,Grape,Узум,2017-M12,2017,5196.0
0050,Tarvuz,Арбуз,Watermelon,Тарвуз,2017-M12,2017,1039.0
0051,Qovun,Дыня,Melon,Қовун,2017-M12,2017,1602.0
053,Mayiz,Кишмиш,Kishmish,Майиз,2017-M12,2017,22708.0
055,Karam,Капуста,Cabbage,Карам,2017-M12,2017,708.0
057,Bodring,Огурцы,Cucumbers,Бодринг,2017-M12,2017,8111.0
058,Pomidor,Помидоры,Tomatoes,Помидор,2017-M12,2017,6818.0
059,Baqlajon,Баклажаны,Eggplant,Бақлажон,2017-M12,2017,2471.0
0060,Bulg'or qalampiri,Перец болгарский,Bell pepper,Булғор қалампири,2017-M12,2017,4025.0
061,Qovoq,Тыква,Pumpkin,Қовоқ,2017-M12,2017,1000.0
063,Sabzi,Морковь,Carrot,Сабзи,2017-M12,2017,963.0
065,Sarimsoq,Чеснок,Garlic,Саримсоқ,2017-M12,2017,5485.0
066,Piyoz,Лук репчатый,Onion,Пиёз,2017-M12,2017,1649.0
069,Kartoshka,Картофель,Potatoes,Картошка,2017-M12,2017,3500.0
0070,Loviya,Фасоль,Beans,Ловия,2017-M12,2017,0.0
071,No'xot,Горох,Peas,Нўхот,2017-M12,2017,0.0
0072,Mosh,Маш,Mash,Мош,2017-M12,2017,0.0
073,Shakar,Сахар песок,Sugar,Шакар,2017-M12,2017,0.0
002,Kruppa yormasi,Крупа манная,Semolina,Круппа ёрмаси,2017-M12,2017,1510.0
001,Guruch,Рис,Rice,Гуруч,2018-M01,2018,5574.0
003,Arpa,Ячмень,Barley,Арпа,2018-M01,2018,1654.0
0004,Bug'doy,Пшеница,Wheat,Буғдой,2018-M01,2018,1759.0
005,Jo'hori,Кукуруза,Corn,Жўҳори,2018-M01,2018,1788.0
006,Kepak,Отруби,Bran,Кепак,2018-M01,2018,1206.0
0008,Shrot,Шрот,Schroth,Шрот,2018-M01,2018,0.0
009,Shulxa,Шелуха,Husk,Шулха,2018-M01,2018,0.0
010,Kombikorm,Комбикорм,Compound feed,Комбикорм,2018-M01,2018,1882.0
011,Oliy navli bug'doy uni,Мука пшеничная высшего сорта,High-grade wheat flour,Олий навли буғдой уни,2018-M01,2018,2649.0
0012,1-navli bug'doy uni,Мука пшеничная первого сорта,First grade wheat flour,1-навли буғдой уни,2018-M01,2018,0.0
013,1-nav bug'doy unidan non,Хлеб пшеничный из муки 1-го сорта,Wheat bread from 1st grade flour,1-нав буғдой унидан нон,2018-M01,2018,0.0
017,Mol go'shti,Говядина,Beef,Мол гўшти,2018-M01,2018,31380.0
0020,Qo'y go'shti,Баранина,Mutton,Қўй гўшти,2018-M01,2018,31469.0
022,Tovuq go'shti,Мясо птицы,Poultry,Товуқ гўшти,2018-M01,2018,0.0
026,Turli baliqlar,Рыба всякая,Fish of all kinds,Турли балиқлар,2018-M01,2018,13006.0
027,Yangi sog'ilgan sut (1 litr),Молоко свежее (1 литр),Fresh milk (1 liter),Янги соғилган сут (1 литр),2018-M01,2018,2331.0
034,Tuxum (10 dona),Яйца (10 штук),Eggs (10 pieces ),Тухум (10 дона),2018-M01,2018,6391.0
035,Paxta yog'i (1 litr),Масло хлопковое (1 литр),Cottonseed oil (1 liter),Пахта ёғи (1 литр),2018-M01,2018,0.0
0036,Kungaboqar yog'i (1 litr),Масло подсолнечное (1 литр),Sunflower oil (1 liter),Кунгабоқар ёғи (1 литр),2018-M01,2018,0.0
037,Sariyog',Масло сливочное,Butter,Сариёғ,2018-M01,2018,30500.0
039,Limon,Лимоны,Lemons,Лимон,2018-M01,2018,11349.0
0040,Olma,Яблоки,Apples,Олма,2018-M01,2018,5131.0
041,Nok,Груши,Pears,Нок,2018-M01,2018,7401.0
049,Uzum,Виноград,Grape,Узум,2018-M01,2018,7002.0
0050,Tarvuz,Арбуз,Watermelon,Тарвуз,2018-M01,2018,1593.0
0051,Qovun,Дыня,Melon,Қовун,2018-M01,2018,1846.0
053,Mayiz,Кишмиш,Kishmish,Майиз,2018-M01,2018,25208.0
055,Karam,Капуста,Cabbage,Карам,2018-M01,2018,806.0
057,Bodring,Огурцы,Cucumbers,Бодринг,2018-M01,2018,10610.0
058,Pomidor,Помидоры,Tomatoes,Помидор,2018-M01,2018,9663.0
059,Baqlajon,Баклажаны,Eggplant,Бақлажон,2018-M01,2018,0.0
0060,Bulg'or qalampiri,Перец болгарский,Bell pepper,Булғор қалампири,2018-M01,2018,5533.0
061,Qovoq,Тыква,Pumpkin,Қовоқ,2018-M01,2018,1149.0
063,Sabzi,Морковь,Carrot,Сабзи,2018-M01,2018,898.0
065,Sarimsoq,Чеснок,Garlic,Саримсоқ,2018-M01,2018,6458.0
066,Piyoz,Лук репчатый,Onion,Пиёз,2018-M01,2018,1764.0
069,Kartoshka,Картофель,Potatoes,Картошка,2018-M01,2018,3561.0
0070,Loviya,Фасоль,Beans,Ловия,2018-M01,2018,0.0
071,No'xot,Горох,Peas,Нўхот,2018-M01,2018,0.0
0072,Mosh,Маш,Mash,Мош,2018-M01,2018,0.0
073,Shakar,Сахар песок,Sugar,Шакар,2018-M01,2018,0.0
002,Kruppa yormasi,Крупа манная,Semolina,Круппа ёрмаси,2018-M01,2018,1654.0
001,Guruch,Рис,Rice,Гуруч,2018-M02,2018,5704.0
003,Arpa,Ячмень,Barley,Арпа,2018-M02,2018,1734.0
0004,Bug'doy,Пшеница,Wheat,Буғдой,2018-M02,2018,1830.0
005,Jo'hori,Кукуруза,Corn,Жўҳори,2018-M02,2018,1850.0
006,Kepak,Отруби,Bran,Кепак,2018-M02,2018,1219.0
0008,Shrot,Шрот,Schroth,Шрот,2018-M02,2018,0.0
009,Shulxa,Шелуха,Husk,Шулха,2018-M02,2018,0.0
010,Kombikorm,Комбикорм,Compound feed,Комбикорм,2018-M02,2018,1948.0
011,Oliy navli bug'doy uni,Мука пшеничная высшего сорта,High-grade wheat flour,Олий навли буғдой уни,2018-M02,2018,2664.0
0012,1-navli bug'doy uni,Мука пшеничная первого сорта,First grade wheat flour,1-навли буғдой уни,2018-M02,2018,0.0
013,1-nav bug'doy unidan non,Хлеб пшеничный из муки 1-го сорта,Wheat bread from 1st grade flour,1-нав буғдой унидан нон,2018-M02,2018,0.0
017,Mol go'shti,Говядина,Beef,Мол гўшти,2018-M02,2018,32797.0
0020,Qo'y go'shti,Баранина,Mutton,Қўй гўшти,2018-M02,2018,33052.0
022,Tovuq go'shti,Мясо птицы,Poultry,Товуқ гўшти,2018-M02,2018,0.0
026,Turli baliqlar,Рыба всякая,Fish of all kinds,Турли балиқлар,2018-M02,2018,13238.0
027,Yangi sog'ilgan sut (1 litr),Молоко свежее (1 литр),Fresh milk (1 liter),Янги соғилган сут (1 литр),2018-M02,2018,2396.0
034,Tuxum (10 dona),Яйца (10 штук),Eggs (10 pieces ),Тухум (10 дона),2018-M02,2018,6153.0
035,Paxta yog'i (1 litr),Масло хлопковое (1 литр),Cottonseed oil (1 liter),Пахта ёғи (1 литр),2018-M02,2018,0.0
0036,Kungaboqar yog'i (1 litr),Масло подсолнечное (1 литр),Sunflower oil (1 liter),Кунгабоқар ёғи (1 литр),2018-M02,2018,0.0
037,Sariyog',Масло сливочное,Butter,Сариёғ,2018-M02,2018,31205.0
039,Limon,Лимоны,Lemons,Лимон,2018-M02,2018,12253.0
0040,Olma,Яблоки,Apples,Олма,2018-M02,2018,6080.0
041,Nok,Груши,Pears,Нок,2018-M02,2018,8726.0
049,Uzum,Виноград,Grape,Узум,2018-M02,2018,8523.0
0050,Tarvuz,Арбуз,Watermelon,Тарвуз,2018-M02,2018,1950.0
0051,Qovun,Дыня,Melon,Қовун,2018-M02,2018,2275.0
053,Mayiz,Кишмиш,Kishmish,Майиз,2018-M02,2018,25608.0
055,Karam,Капуста,Cabbage,Карам,2018-M02,2018,825.0
057,Bodring,Огурцы,Cucumbers,Бодринг,2018-M02,2018,11768.0
058,Pomidor,Помидоры,Tomatoes,Помидор,2018-M02,2018,11720.0
059,Baqlajon,Баклажаны,Eggplant,Бақлажон,2018-M02,2018,0.0
0060,Bulg'or qalampiri,Перец болгарский,Bell pepper,Булғор қалампири,2018-M02,2018,7833.0
061,Qovoq,Тыква,Pumpkin,Қовоқ,2018-M02,2018,1349.0
063,Sabzi,Морковь,Carrot,Сабзи,2018-M02,2018,909.0
065,Sarimsoq,Чеснок,Garlic,Саримсоқ,2018-M02,2018,6958.0
066,Piyoz,Лук репчатый,Onion,Пиёз,2018-M02,2018,1599.0
069,Kartoshka,Картофель,Potatoes,Картошка,2018-M02,2018,3274.0
0070,Loviya,Фасоль,Beans,Ловия,2018-M02,2018,0.0
071,No'xot,Горох,Peas,Нўхот,2018-M02,2018,0.0
0072,Mosh,Маш,Mash,Мош,2018-M02,2018,0.0
073,Shakar,Сахар песок,Sugar,Шакар,2018-M02,2018,0.0
002,Kruppa yormasi,Крупа манная,Semolina,Круппа ёрмаси,2018-M02,2018,1734.0
001,Guruch,Рис,Rice,Гуруч,2018-M03,2018,5367.0
003,Arpa,Ячмень,Barley,Арпа,2018-M03,2018,1811.0
0004,Bug'doy,Пшеница,Wheat,Буғдой,2018-M03,2018,1876.0
005,Jo'hori,Кукуруза,Corn,Жўҳори,2018-M03,2018,1907.0
006,Kepak,Отруби,Bran,Кепак,2018-M03,2018,1219.0
0008,Shrot,Шрот,Schroth,Шрот,2018-M03,2018,0.0
009,Shulxa,Шелуха,Husk,Шулха,2018-M03,2018,0.0
010,Kombikorm,Комбикорм,Compound feed,Комбикорм,2018-M03,2018,1998.0
011,Oliy navli bug'doy uni,Мука пшеничная высшего сорта,High-grade wheat flour,Олий навли буғдой уни,2018-M03,2018,2672.0
0012,1-navli bug'doy uni,Мука пшеничная первого сорта,First grade wheat flour,1-навли буғдой уни,2018-M03,2018,0.0
013,1-nav bug'doy unidan non,Хлеб пшеничный из муки 1-го сорта,Wheat bread from 1st grade flour,1-нав буғдой унидан нон,2018-M03,2018,0.0
017,Mol go'shti,Говядина,Beef,Мол гўшти,2018-M03,2018,33682.0
0020,Qo'y go'shti,Баранина,Mutton,Қўй гўшти,2018-M03,2018,33938.0
022,Tovuq go'shti,Мясо птицы,Poultry,Товуқ гўшти,2018-M03,2018,0.0
026,Turli baliqlar,Рыба всякая,Fish of all kinds,Турли балиқлар,2018-M03,2018,14050.0
027,Yangi sog'ilgan sut (1 litr),Молоко свежее (1 литр),Fresh milk (1 liter),Янги соғилган сут (1 литр),2018-M03,2018,2461.0
034,Tuxum (10 dona),Яйца (10 штук),Eggs (10 pieces ),Тухум (10 дона),2018-M03,2018,5664.0
035,Paxta yog'i (1 litr),Масло хлопковое (1 литр),Cottonseed oil (1 liter),Пахта ёғи (1 литр),2018-M03,2018,0.0
0036,Kungaboqar yog'i (1 litr),Масло подсолнечное (1 литр),Sunflower oil (1 liter),Кунгабоқар ёғи (1 литр),2018-M03,2018,0.0
037,Sariyog',Масло сливочное,Butter,Сариёғ,2018-M03,2018,31678.0
039,Limon,Лимоны,Lemons,Лимон,2018-M03,2018,14167.0
0040,Olma,Яблоки,Apples,Олма,2018-M03,2018,6828.0
041,Nok,Груши,Pears,Нок,2018-M03,2018,9333.0
049,Uzum,Виноград,Grape,Узум,2018-M03,2018,9042.0
0050,Tarvuz,Арбуз,Watermelon,Тарвуз,2018-M03,2018,0.0
0051,Qovun,Дыня,Melon,Қовун,2018-M03,2018,0.0
053,Mayiz,Кишмиш,Kishmish,Майиз,2018-M03,2018,25725.0
055,Karam,Капуста,Cabbage,Карам,2018-M03,2018,886.0
057,Bodring,Огурцы,Cucumbers,Бодринг,2018-M03,2018,13049.0
058,Pomidor,Помидоры,Tomatoes,Помидор,2018-M03,2018,13995.0
059,Baqlajon,Баклажаны,Eggplant,Бақлажон,2018-M03,2018,0.0
0060,Bulg'or qalampiri,Перец болгарский,Bell pepper,Булғор қалампири,2018-M03,2018,0.0
061,Qovoq,Тыква,Pumpkin,Қовоқ,2018-M03,2018,1593.0
063,Sabzi,Морковь,Carrot,Сабзи,2018-M03,2018,931.0
065,Sarimsoq,Чеснок,Garlic,Саримсоқ,2018-M03,2018,8039.0
066,Piyoz,Лук репчатый,Onion,Пиёз,2018-M03,2018,1134.0
069,Kartoshka,Картофель,Potatoes,Картошка,2018-M03,2018,3251.0
0070,Loviya,Фасоль,Beans,Ловия,2018-M03,2018,0.0
071,No'xot,Горох,Peas,Нўхот,2018-M03,2018,0.0
0072,Mosh,Маш,Mash,Мош,2018-M03,2018,0.0
073,Shakar,Сахар песок,Sugar,Шакар,2018-M03,2018,0.0
002,Kruppa yormasi,Крупа манная,Semolina,Круппа ёрмаси,2018-M03,2018,1811.0
001,Guruch,Рис,Rice,Гуруч,2018-M04,2018,5239.0
003,Arpa,Ячмень,Barley,Арпа,2018-M04,2018,1900.0
0004,Bug'doy,Пшеница,Wheat,Буғдой,2018-M04,2018,1911.0
005,Jo'hori,Кукуруза,Corn,Жўҳори,2018-M04,2018,1969.0
006,Kepak,Отруби,Bran,Кепак,2018-M04,2018,1219.0
0008,Shrot,Шрот,Schroth,Шрот,2018-M04,2018,0.0
009,Shulxa,Шелуха,Husk,Шулха,2018-M04,2018,0.0
010,Kombikorm,Комбикорм,Compound feed,Комбикорм,2018-M04,2018,1927.0
011,Oliy navli bug'doy uni,Мука пшеничная высшего сорта,High-grade wheat flour,Олий навли буғдой уни,2018-M04,2018,2681.0
0012,1-navli bug'doy uni,Мука пшеничная первого сорта,First grade wheat flour,1-навли буғдой уни,2018-M04,2018,0.0
013,1-nav bug'doy unidan non,Хлеб пшеничный из муки 1-го сорта,Wheat bread from 1st grade flour,1-нав буғдой унидан нон,2018-M04,2018,0.0
017,Mol go'shti,Говядина,Beef,Мол гўшти,2018-M04,2018,33833.0
0020,Qo'y go'shti,Баранина,Mutton,Қўй гўшти,2018-M04,2018,34094.0
022,Tovuq go'shti,Мясо птицы,Poultry,Товуқ гўшти,2018-M04,2018,0.0
026,Turli baliqlar,Рыба всякая,Fish of all kinds,Турли балиқлар,2018-M04,2018,14510.0
027,Yangi sog'ilgan sut (1 litr),Молоко свежее (1 литр),Fresh milk (1 liter),Янги соғилган сут (1 литр),2018-M04,2018,2469.0
034,Tuxum (10 dona),Яйца (10 штук),Eggs (10 pieces ),Тухум (10 дона),2018-M04,2018,5218.0
035,Paxta yog'i (1 litr),Масло хлопковое (1 литр),Cottonseed oil (1 liter),Пахта ёғи (1 литр),2018-M04,2018,0.0
0036,Kungaboqar yog'i (1 litr),Масло подсолнечное (1 литр),Sunflower oil (1 liter),Кунгабоқар ёғи (1 литр),2018-M04,2018,0.0
037,Sariyog',Масло сливочное,Butter,Сариёғ,2018-M04,2018,31709.0
039,Limon,Лимоны,Lemons,Лимон,2018-M04,2018,17104.0
0040,Olma,Яблоки,Apples,Олма,2018-M04,2018,8232.0
041,Nok,Груши,Pears,Нок,2018-M04,2018,9905.0
049,Uzum,Виноград,Grape,Узум,2018-M04,2018,11858.0
0050,Tarvuz,Арбуз,Watermelon,Тарвуз,2018-M04,2018,0.0
0051,Qovun,Дыня,Melon,Қовун,2018-M04,2018,0.0
053,Mayiz,Кишмиш,Kishmish,Майиз,2018-M04,2018,25725.0
055,Karam,Капуста,Cabbage,Карам,2018-M04,2018,1673.0
057,Bodring,Огурцы,Cucumbers,Бодринг,2018-M04,2018,7844.0
058,Pomidor,Помидоры,Tomatoes,Помидор,2018-M04,2018,13833.0
059,Baqlajon,Баклажаны,Eggplant,Бақлажон,2018-M04,2018,0.0
0060,Bulg'or qalampiri,Перец болгарский,Bell pepper,Булғор қалампири,2018-M04,2018,18000.0
061,Qovoq,Тыква,Pumpkin,Қовоқ,2018-M04,2018,0.0
063,Sabzi,Морковь,Carrot,Сабзи,2018-M04,2018,988.0
065,Sarimsoq,Чеснок,Garlic,Саримсоқ,2018-M04,2018,8710.0
066,Piyoz,Лук репчатый,Onion,Пиёз,2018-M04,2018,1005.0
069,Kartoshka,Картофель,Potatoes,Картошка,2018-M04,2018,4418.0
0070,Loviya,Фасоль,Beans,Ловия,2018-M04,2018,0.0
071,No'xot,Горох,Peas,Нўхот,2018-M04,2018,0.0
0072,Mosh,Маш,Mash,Мош,2018-M04,2018,0.0
073,Shakar,Сахар песок,Sugar,Шакар,2018-M04,2018,0.0
002,Kruppa yormasi,Крупа манная,Semolina,Круппа ёрмаси,2018-M04,2018,1900.0
001,Guruch,Рис,Rice,Гуруч,2018-M05,2018,5689.0
003,Arpa,Ячмень,Barley,Арпа,2018-M05,2018,1883.0
0004,Bug'doy,Пшеница,Wheat,Буғдой,2018-M05,2018,1881.0
005,Jo'hori,Кукуруза,Corn,Жўҳори,2018-M05,2018,2045.0
006,Kepak,Отруби,Bran,Кепак,2018-M05,2018,1219.0
0008,Shrot,Шрот,Schroth,Шрот,2018-M05,2018,0.0
009,Shulxa,Шелуха,Husk,Шулха,2018-M05,2018,0.0
010,Kombikorm,Комбикорм,Compound feed,Комбикорм,2018-M05,2018,1909.0
011,Oliy navli bug'doy uni,Мука пшеничная высшего сорта,High-grade wheat flour,Олий навли буғдой уни,2018-M05,2018,2681.0
0012,1-navli bug'doy uni,Мука пшеничная первого сорта,First grade wheat flour,1-навли буғдой уни,2018-M05,2018,0.0
013,1-nav bug'doy unidan non,Хлеб пшеничный из муки 1-го сорта,Wheat bread from 1st grade flour,1-нав буғдой унидан нон,2018-M05,2018,0.0
017,Mol go'shti,Говядина,Beef,Мол гўшти,2018-M05,2018,34604.0
0020,Qo'y go'shti,Баранина,Mutton,Қўй гўшти,2018-M05,2018,34750.0
022,Tovuq go'shti,Мясо птицы,Poultry,Товуқ гўшти,2018-M05,2018,0.0
026,Turli baliqlar,Рыба всякая,Fish of all kinds,Турли балиқлар,2018-M05,2018,17000.0
027,Yangi sog'ilgan sut (1 litr),Молоко свежее (1 литр),Fresh milk (1 liter),Янги соғилган сут (1 литр),2018-M05,2018,2469.0
034,Tuxum (10 dona),Яйца (10 штук),Eggs (10 pieces ),Тухум (10 дона),2018-M05,2018,5244.0
035,Paxta yog'i (1 litr),Масло хлопковое (1 литр),Cottonseed oil (1 liter),Пахта ёғи (1 литр),2018-M05,2018,0.0
0036,Kungaboqar yog'i (1 litr),Масло подсолнечное (1 литр),Sunflower oil (1 liter),Кунгабоқар ёғи (1 литр),2018-M05,2018,0.0
037,Sariyog',Масло сливочное,Butter,Сариёғ,2018-M05,2018,31709.0
039,Limon,Лимоны,Lemons,Лимон,2018-M05,2018,23000.0
0040,Olma,Яблоки,Apples,Олма,2018-M05,2018,9279.0
041,Nok,Груши,Pears,Нок,2018-M05,2018,13467.0
049,Uzum,Виноград,Grape,Узум,2018-M05,2018,0.0
0050,Tarvuz,Арбуз,Watermelon,Тарвуз,2018-M05,2018,0.0
0051,Qovun,Дыня,Melon,Қовун,2018-M05,2018,0.0
053,Mayiz,Кишмиш,Kishmish,Майиз,2018-M05,2018,25871.0
055,Karam,Капуста,Cabbage,Карам,2018-M05,2018,1435.0
057,Bodring,Огурцы,Cucumbers,Бодринг,2018-M05,2018,3845.0
058,Pomidor,Помидоры,Tomatoes,Помидор,2018-M05,2018,8621.0
059,Baqlajon,Баклажаны,Eggplant,Бақлажон,2018-M05,2018,0.0
0060,Bulg'or qalampiri,Перец болгарский,Bell pepper,Булғор қалампири,2018-M05,2018,10817.0
061,Qovoq,Тыква,Pumpkin,Қовоқ,2018-M05,2018,0.0
063,Sabzi,Морковь,Carrot,Сабзи,2018-M05,2018,1825.0
065,Sarimsoq,Чеснок,Garlic,Саримсоқ,2018-M05,2018,7458.0
066,Piyoz,Лук репчатый,Onion,Пиёз,2018-M05,2018,1053.0
069,Kartoshka,Картофель,Potatoes,Картошка,2018-M05,2018,2996.0
0070,Loviya,Фасоль,Beans,Ловия,2018-M05,2018,0.0
071,No'xot,Горох,Peas,Нўхот,2018-M05,2018,0.0
0072,Mosh,Маш,Mash,Мош,2018-M05,2018,0.0
073,Shakar,Сахар песок,Sugar,Шакар,2018-M05,2018,0.0
002,Kruppa yormasi,Крупа манная,Semolina,Круппа ёрмаси,2018-M05,2018,1883.0
001,Guruch,Рис,Rice,Гуруч,2018-M06,2018,7142.0
003,Arpa,Ячмень,Barley,Арпа,2018-M06,2018,1866.0
0004,Bug'doy,Пшеница,Wheat,Буғдой,2018-M06,2018,1850.0
005,Jo'hori,Кукуруза,Corn,Жўҳори,2018-M06,2018,2203.0
006,Kepak,Отруби,Bran,Кепак,2018-M06,2018,1213.0
0008,Shrot,Шрот,Schroth,Шрот,2018-M06,2018,0.0
009,Shulxa,Шелуха,Husk,Шулха,2018-M06,2018,0.0
010,Kombikorm,Комбикорм,Compound feed,Комбикорм,2018-M06,2018,1957.0
011,Oliy navli bug'doy uni,Мука пшеничная высшего сорта,High-grade wheat flour,Олий навли буғдой уни,2018-M06,2018,2681.0
0012,1-navli bug'doy uni,Мука пшеничная первого сорта,First grade wheat flour,1-навли буғдой уни,2018-M06,2018,0.0
013,1-nav bug'doy unidan non,Хлеб пшеничный из муки 1-го сорта,Wheat bread from 1st grade flour,1-нав буғдой унидан нон,2018-M06,2018,0.0
017,Mol go'shti,Говядина,Beef,Мол гўшти,2018-M06,2018,37021.0
0020,Qo'y go'shti,Баранина,Mutton,Қўй гўшти,2018-M06,2018,37490.0
022,Tovuq go'shti,Мясо птицы,Poultry,Товуқ гўшти,2018-M06,2018,0.0
026,Turli baliqlar,Рыба всякая,Fish of all kinds,Турли балиқлар,2018-M06,2018,19000.0
027,Yangi sog'ilgan sut (1 litr),Молоко свежее (1 литр),Fresh milk (1 liter),Янги соғилган сут (1 литр),2018-M06,2018,2453.0
034,Tuxum (10 dona),Яйца (10 штук),Eggs (10 pieces ),Тухум (10 дона),2018-M06,2018,5106.0
035,Paxta yog'i (1 litr),Масло хлопковое (1 литр),Cottonseed oil (1 liter),Пахта ёғи (1 литр),2018-M06,2018,0.0
0036,Kungaboqar yog'i (1 litr),Масло подсолнечное (1 литр),Sunflower oil (1 liter),Кунгабоқар ёғи (1 литр),2018-M06,2018,0.0
037,Sariyog',Масло сливочное,Butter,Сариёғ,2018-M06,2018,32413.0
039,Limon,Лимоны,Lemons,Лимон,2018-M06,2018,29115.0
0040,Olma,Яблоки,Apples,Олма,2018-M06,2018,5949.0
041,Nok,Груши,Pears,Нок,2018-M06,2018,14711.0
049,Uzum,Виноград,Grape,Узум,2018-M06,2018,7017.0
0050,Tarvuz,Арбуз,Watermelon,Тарвуз,2018-M06,2018,1679.0
0051,Qovun,Дыня,Melon,Қовун,2018-M06,2018,2716.0
053,Mayiz,Кишмиш,Kishmish,Майиз,2018-M06,2018,26194.0
055,Karam,Капуста,Cabbage,Карам,2018-M06,2018,1153.0
057,Bodring,Огурцы,Cucumbers,Бодринг,2018-M06,2018,1967.0
058,Pomidor,Помидоры,Tomatoes,Помидор,2018-M06,2018,3301.0
059,Baqlajon,Баклажаны,Eggplant,Бақлажон,2018-M06,2018,3851.0
0060,Bulg'or qalampiri,Перец болгарский,Bell pepper,Булғор қалампири,2018-M06,2018,5734.0
061,Qovoq,Тыква,Pumpkin,Қовоқ,2018-M06,2018,0.0
063,Sabzi,Морковь,Carrot,Сабзи,2018-M06,2018,2140.0
065,Sarimsoq,Чеснок,Garlic,Саримсоқ,2018-M06,2018,5125.0
066,Piyoz,Лук репчатый,Onion,Пиёз,2018-M06,2018,960.0
069,Kartoshka,Картофель,Potatoes,Картошка,2018-M06,2018,1585.0
0070,Loviya,Фасоль,Beans,Ловия,2018-M06,2018,0.0
071,No'xot,Горох,Peas,Нўхот,2018-M06,2018,0.0
0072,Mosh,Маш,Mash,Мош,2018-M06,2018,0.0
073,Shakar,Сахар песок,Sugar,Шакар,2018-M06,2018,0.0
002,Kruppa yormasi,Крупа манная,Semolina,Круппа ёрмаси,2018-M06,2018,1866.0
001,Guruch,Рис,Rice,Гуруч,2018-M07,2018,8097.0
003,Arpa,Ячмень,Barley,Арпа,2018-M07,2018,1866.0
0004,Bug'doy,Пшеница,Wheat,Буғдой,2018-M07,2018,1847.0
005,Jo'hori,Кукуруза,Corn,Жўҳори,2018-M07,2018,2564.0
006,Kepak,Отруби,Bran,Кепак,2018-M07,2018,1386.0
0008,Shrot,Шрот,Schroth,Шрот,2018-M07,2018,0.0
009,Shulxa,Шелуха,Husk,Шулха,2018-M07,2018,0.0
010,Kombikorm,Комбикорм,Compound feed,Комбикорм,2018-M07,2018,1976.0
011,Oliy navli bug'doy uni,Мука пшеничная высшего сорта,High-grade wheat flour,Олий навли буғдой уни,2018-M07,2018,2681.0
0012,1-navli bug'doy uni,Мука пшеничная первого сорта,First grade wheat flour,1-навли буғдой уни,2018-M07,2018,0.0
013,1-nav bug'doy unidan non,Хлеб пшеничный из муки 1-го сорта,Wheat bread from 1st grade flour,1-нав буғдой унидан нон,2018-M07,2018,0.0
017,Mol go'shti,Говядина,Beef,Мол гўшти,2018-M07,2018,37188.0
0020,Qo'y go'shti,Баранина,Mutton,Қўй гўшти,2018-M07,2018,37594.0
022,Tovuq go'shti,Мясо птицы,Poultry,Товуқ гўшти,2018-M07,2018,0.0
026,Turli baliqlar,Рыба всякая,Fish of all kinds,Турли балиқлар,2018-M07,2018,0.0
027,Yangi sog'ilgan sut (1 litr),Молоко свежее (1 литр),Fresh milk (1 liter),Янги соғилган сут (1 литр),2018-M07,2018,2453.0
034,Tuxum (10 dona),Яйца (10 штук),Eggs (10 pieces ),Тухум (10 дона),2018-M07,2018,4614.0
035,Paxta yog'i (1 litr),Масло хлопковое (1 литр),Cottonseed oil (1 liter),Пахта ёғи (1 литр),2018-M07,2018,0.0
0036,Kungaboqar yog'i (1 litr),Масло подсолнечное (1 литр),Sunflower oil (1 liter),Кунгабоқар ёғи (1 литр),2018-M07,2018,0.0
037,Sariyog',Масло сливочное,Butter,Сариёғ,2018-M07,2018,32413.0
039,Limon,Лимоны,Lemons,Лимон,2018-M07,2018,31875.0
0040,Olma,Яблоки,Apples,Олма,2018-M07,2018,3822.0
041,Nok,Груши,Pears,Нок,2018-M07,2018,7303.0
049,Uzum,Виноград,Grape,Узум,2018-M07,2018,5303.0
0050,Tarvuz,Арбуз,Watermelon,Тарвуз,2018-M07,2018,1404.0
0051,Qovun,Дыня,Melon,Қовун,2018-M07,2018,2292.0
053,Mayiz,Кишмиш,Kishmish,Майиз,2018-M07,2018,26163.0
055,Karam,Капуста,Cabbage,Карам,2018-M07,2018,800.0
057,Bodring,Огурцы,Cucumbers,Бодринг,2018-M07,2018,1598.0
058,Pomidor,Помидоры,Tomatoes,Помидор,2018-M07,2018,1877.0
059,Baqlajon,Баклажаны,Eggplant,Бақлажон,2018-M07,2018,1472.0
0060,Bulg'or qalampiri,Перец болгарский,Bell pepper,Булғор қалампири,2018-M07,2018,3107.0
061,Qovoq,Тыква,Pumpkin,Қовоқ,2018-M07,2018,1225.0
063,Sabzi,Морковь,Carrot,Сабзи,2018-M07,2018,1506.0
065,Sarimsoq,Чеснок,Garlic,Саримсоқ,2018-M07,2018,3979.0
066,Piyoz,Лук репчатый,Onion,Пиёз,2018-M07,2018,861.0
069,Kartoshka,Картофель,Potatoes,Картошка,2018-M07,2018,1216.0
0070,Loviya,Фасоль,Beans,Ловия,2018-M07,2018,0.0
071,No'xot,Горох,Peas,Нўхот,2018-M07,2018,0.0
0072,Mosh,Маш,Mash,Мош,2018-M07,2018,0.0
073,Shakar,Сахар песок,Sugar,Шакар,2018-M07,2018,0.0
002,Kruppa yormasi,Крупа манная,Semolina,Круппа ёрмаси,2018-M07,2018,1866.0
001,Guruch,Рис,Rice,Гуруч,2018-M08,2018,8065.0
003,Arpa,Ячмень,Barley,Арпа,2018-M08,2018,1892.0
0004,Bug'doy,Пшеница,Wheat,Буғдой,2018-M08,2018,1842.0
005,Jo'hori,Кукуруза,Corn,Жўҳори,2018-M08,2018,3073.0
006,Kepak,Отруби,Bran,Кепак,2018-M08,2018,1400.0
0008,Shrot,Шрот,Schroth,Шрот,2018-M08,2018,0.0
009,Shulxa,Шелуха,Husk,Шулха,2018-M08,2018,0.0
010,Kombikorm,Комбикорм,Compound feed,Комбикорм,2018-M08,2018,2016.0
011,Oliy navli bug'doy uni,Мука пшеничная высшего сорта,High-grade wheat flour,Олий навли буғдой уни,2018-M08,2018,2681.0
0012,1-navli bug'doy uni,Мука пшеничная первого сорта,First grade wheat flour,1-навли буғдой уни,2018-M08,2018,0.0
013,1-nav bug'doy unidan non,Хлеб пшеничный из муки 1-го сорта,Wheat bread from 1st grade flour,1-нав буғдой унидан нон,2018-M08,2018,0.0
017,Mol go'shti,Говядина,Beef,Мол гўшти,2018-M08,2018,37188.0
0020,Qo'y go'shti,Баранина,Mutton,Қўй гўшти,2018-M08,2018,37594.0
022,Tovuq go'shti,Мясо птицы,Poultry,Товуқ гўшти,2018-M08,2018,0.0
026,Turli baliqlar,Рыба всякая,Fish of all kinds,Турли балиқлар,2018-M08,2018,0.0
027,Yangi sog'ilgan sut (1 litr),Молоко свежее (1 литр),Fresh milk (1 liter),Янги соғилган сут (1 литр),2018-M08,2018,2453.0
034,Tuxum (10 dona),Яйца (10 штук),Eggs (10 pieces ),Тухум (10 дона),2018-M08,2018,4377.0
035,Paxta yog'i (1 litr),Масло хлопковое (1 литр),Cottonseed oil (1 liter),Пахта ёғи (1 литр),2018-M08,2018,0.0
0036,Kungaboqar yog'i (1 litr),Масло подсолнечное (1 литр),Sunflower oil (1 liter),Кунгабоқар ёғи (1 литр),2018-M08,2018,0.0
037,Sariyog',Масло сливочное,Butter,Сариёғ,2018-M08,2018,33525.0
039,Limon,Лимоны,Lemons,Лимон,2018-M08,2018,31702.0
0040,Olma,Яблоки,Apples,Олма,2018-M08,2018,3928.0
041,Nok,Груши,Pears,Нок,2018-M08,2018,7092.0
049,Uzum,Виноград,Grape,Узум,2018-M08,2018,4709.0
0050,Tarvuz,Арбуз,Watermelon,Тарвуз,2018-M08,2018,1535.0
0051,Qovun,Дыня,Melon,Қовун,2018-M08,2018,2544.0
053,Mayiz,Кишмиш,Kishmish,Майиз,2018-M08,2018,25702.0
055,Karam,Капуста,Cabbage,Карам,2018-M08,2018,855.0
057,Bodring,Огурцы,Cucumbers,Бодринг,2018-M08,2018,1769.0
058,Pomidor,Помидоры,Tomatoes,Помидор,2018-M08,2018,2365.0
059,Baqlajon,Баклажаны,Eggplant,Бақлажон,2018-M08,2018,1267.0
0060,Bulg'or qalampiri,Перец болгарский,Bell pepper,Булғор қалампири,2018-M08,2018,2402.0
061,Qovoq,Тыква,Pumpkin,Қовоқ,2018-M08,2018,1354.0
063,Sabzi,Морковь,Carrot,Сабзи,2018-M08,2018,1640.0
065,Sarimsoq,Чеснок,Garlic,Саримсоқ,2018-M08,2018,3385.0
066,Piyoz,Лук репчатый,Onion,Пиёз,2018-M08,2018,864.0
069,Kartoshka,Картофель,Potatoes,Картошка,2018-M08,2018,1168.0
0070,Loviya,Фасоль,Beans,Ловия,2018-M08,2018,0.0
071,No'xot,Горох,Peas,Нўхот,2018-M08,2018,0.0
0072,Mosh,Маш,Mash,Мош,2018-M08,2018,0.0
073,Shakar,Сахар песок,Sugar,Шакар,2018-M08,2018,0.0
002,Kruppa yormasi,Крупа манная,Semolina,Круппа ёрмаси,2018-M08,2018,1892.0
001,Guruch,Рис,Rice,Гуруч,2018-M09,2018,7900.0
003,Arpa,Ячмень,Barley,Арпа,2018-M09,2018,2044.0
0004,Bug'doy,Пшеница,Wheat,Буғдой,2018-M09,2018,1807.0
005,Jo'hori,Кукуруза,Corn,Жўҳори,2018-M09,2018,2658.0
006,Kepak,Отруби,Bran,Кепак,2018-M09,2018,1407.0
0008,Shrot,Шрот,Schroth,Шрот,2018-M09,2018,0.0
009,Shulxa,Шелуха,Husk,Шулха,2018-M09,2018,0.0
010,Kombikorm,Комбикорм,Compound feed,Комбикорм,2018-M09,2018,2016.0
011,Oliy navli bug'doy uni,Мука пшеничная высшего сорта,High-grade wheat flour,Олий навли буғдой уни,2018-M09,2018,2748.0
0012,1-navli bug'doy uni,Мука пшеничная первого сорта,First grade wheat flour,1-навли буғдой уни,2018-M09,2018,0.0
013,1-nav bug'doy unidan non,Хлеб пшеничный из муки 1-го сорта,Wheat bread from 1st grade flour,1-нав буғдой унидан нон,2018-M09,2018,0.0
017,Mol go'shti,Говядина,Beef,Мол гўшти,2018-M09,2018,37656.0
0020,Qo'y go'shti,Баранина,Mutton,Қўй гўшти,2018-M09,2018,37885.0
022,Tovuq go'shti,Мясо птицы,Poultry,Товуқ гўшти,2018-M09,2018,0.0
026,Turli baliqlar,Рыба всякая,Fish of all kinds,Турли балиқлар,2018-M09,2018,14259.0
027,Yangi sog'ilgan sut (1 litr),Молоко свежее (1 литр),Fresh milk (1 liter),Янги соғилган сут (1 литр),2018-M09,2018,2535.0
034,Tuxum (10 dona),Яйца (10 штук),Eggs (10 pieces ),Тухум (10 дона),2018-M09,2018,4660.0
035,Paxta yog'i (1 litr),Масло хлопковое (1 литр),Cottonseed oil (1 liter),Пахта ёғи (1 литр),2018-M09,2018,0.0
0036,Kungaboqar yog'i (1 litr),Масло подсолнечное (1 литр),Sunflower oil (1 liter),Кунгабоқар ёғи (1 литр),2018-M09,2018,0.0
037,Sariyog',Масло сливочное,Butter,Сариёғ,2018-M09,2018,35859.0
039,Limon,Лимоны,Lemons,Лимон,2018-M09,2018,27464.0
0040,Olma,Яблоки,Apples,Олма,2018-M09,2018,3975.0
041,Nok,Груши,Pears,Нок,2018-M09,2018,7490.0
049,Uzum,Виноград,Grape,Узум,2018-M09,2018,4384.0
0050,Tarvuz,Арбуз,Watermelon,Тарвуз,2018-M09,2018,1240.0
0051,Qovun,Дыня,Melon,Қовун,2018-M09,2018,2265.0
053,Mayiz,Кишмиш,Kishmish,Майиз,2018-M09,2018,24232.0
055,Karam,Капуста,Cabbage,Карам,2018-M09,2018,1308.0
057,Bodring,Огурцы,Cucumbers,Бодринг,2018-M09,2018,2063.0
058,Pomidor,Помидоры,Tomatoes,Помидор,2018-M09,2018,3472.0
059,Baqlajon,Баклажаны,Eggplant,Бақлажон,2018-M09,2018,1249.0
0060,Bulg'or qalampiri,Перец болгарский,Bell pepper,Булғор қалампири,2018-M09,2018,2165.0
061,Qovoq,Тыква,Pumpkin,Қовоқ,2018-M09,2018,1342.0
063,Sabzi,Морковь,Carrot,Сабзи,2018-M09,2018,1968.0
065,Sarimsoq,Чеснок,Garlic,Саримсоқ,2018-M09,2018,2679.0
066,Piyoz,Лук репчатый,Onion,Пиёз,2018-M09,2018,990.0
069,Kartoshka,Картофель,Potatoes,Картошка,2018-M09,2018,1619.0
0070,Loviya,Фасоль,Beans,Ловия,2018-M09,2018,0.0
071,No'xot,Горох,Peas,Нўхот,2018-M09,2018,0.0
0072,Mosh,Маш,Mash,Мош,2018-M09,2018,0.0
073,Shakar,Сахар песок,Sugar,Шакар,2018-M09,2018,0.0
002,Kruppa yormasi,Крупа манная,Semolina,Круппа ёрмаси,2018-M09,2018,2044.0
001,Guruch,Рис,Rice,Гуруч,2018-M10,2018,8122.0
003,Arpa,Ячмень,Barley,Арпа,2018-M10,2018,2231.0
0004,Bug'doy,Пшеница,Wheat,Буғдой,2018-M10,2018,1850.0
005,Jo'hori,Кукуруза,Corn,Жўҳори,2018-M10,2018,2450.0
006,Kepak,Отруби,Bran,Кепак,2018-M10,2018,1422.0
0008,Shrot,Шрот,Schroth,Шрот,2018-M10,2018,0.0
009,Shulxa,Шелуха,Husk,Шулха,2018-M10,2018,0.0
010,Kombikorm,Комбикорм,Compound feed,Комбикорм,2018-M10,2018,2016.0
011,Oliy navli bug'doy uni,Мука пшеничная высшего сорта,High-grade wheat flour,Олий навли буғдой уни,2018-M10,2018,2881.0
0012,1-navli bug'doy uni,Мука пшеничная первого сорта,First grade wheat flour,1-навли буғдой уни,2018-M10,2018,0.0
013,1-nav bug'doy unidan non,Хлеб пшеничный из муки 1-го сорта,Wheat bread from 1st grade flour,1-нав буғдой унидан нон,2018-M10,2018,0.0
017,Mol go'shti,Говядина,Beef,Мол гўшти,2018-M10,2018,38219.0
0020,Qo'y go'shti,Баранина,Mutton,Қўй гўшти,2018-M10,2018,38656.0
022,Tovuq go'shti,Мясо птицы,Poultry,Товуқ гўшти,2018-M10,2018,0.0
026,Turli baliqlar,Рыба всякая,Fish of all kinds,Турли балиқлар,2018-M10,2018,14422.0
027,Yangi sog'ilgan sut (1 litr),Молоко свежее (1 литр),Fresh milk (1 liter),Янги соғилган сут (1 литр),2018-M10,2018,2755.0
034,Tuxum (10 dona),Яйца (10 штук),Eggs (10 pieces ),Тухум (10 дона),2018-M10,2018,5448.0
035,Paxta yog'i (1 litr),Масло хлопковое (1 литр),Cottonseed oil (1 liter),Пахта ёғи (1 литр),2018-M10,2018,0.0
0036,Kungaboqar yog'i (1 litr),Масло подсолнечное (1 литр),Sunflower oil (1 liter),Кунгабоқар ёғи (1 литр),2018-M10,2018,0.0
037,Sariyog',Масло сливочное,Butter,Сариёғ,2018-M10,2018,37232.0
039,Limon,Лимоны,Lemons,Лимон,2018-M10,2018,17604.0
0040,Olma,Яблоки,Apples,Олма,2018-M10,2018,3807.0
041,Nok,Груши,Pears,Нок,2018-M10,2018,7977.0
049,Uzum,Виноград,Grape,Узум,2018-M10,2018,4046.0
0050,Tarvuz,Арбуз,Watermelon,Тарвуз,2018-M10,2018,1203.0
0051,Qovun,Дыня,Melon,Қовун,2018-M10,2018,2119.0
053,Mayiz,Кишмиш,Kishmish,Майиз,2018-M10,2018,24141.0
055,Karam,Капуста,Cabbage,Карам,2018-M10,2018,2201.0
057,Bodring,Огурцы,Cucumbers,Бодринг,2018-M10,2018,2729.0
058,Pomidor,Помидоры,Tomatoes,Помидор,2018-M10,2018,3689.0
059,Baqlajon,Баклажаны,Eggplant,Бақлажон,2018-M10,2018,1565.0
0060,Bulg'or qalampiri,Перец болгарский,Bell pepper,Булғор қалампири,2018-M10,2018,2260.0
061,Qovoq,Тыква,Pumpkin,Қовоқ,2018-M10,2018,1335.0
063,Sabzi,Морковь,Carrot,Сабзи,2018-M10,2018,2141.0
065,Sarimsoq,Чеснок,Garlic,Саримсоқ,2018-M10,2018,2616.0
066,Piyoz,Лук репчатый,Onion,Пиёз,2018-M10,2018,969.0
069,Kartoshka,Картофель,Potatoes,Картошка,2018-M10,2018,2122.0
0070,Loviya,Фасоль,Beans,Ловия,2018-M10,2018,0.0
071,No'xot,Горох,Peas,Нўхот,2018-M10,2018,0.0
0072,Mosh,Маш,Mash,Мош,2018-M10,2018,0.0
073,Shakar,Сахар песок,Sugar,Шакар,2018-M10,2018,0.0
002,Kruppa yormasi,Крупа манная,Semolina,Круппа ёрмаси,2018-M10,2018,2231.0
001,Guruch,Рис,Rice,Гуруч,2018-M11,2018,8352.0
003,Arpa,Ячмень,Barley,Арпа,2018-M11,2018,2280.0
0004,Bug'doy,Пшеница,Wheat,Буғдой,2018-M11,2018,2119.0
005,Jo'hori,Кукуруза,Corn,Жўҳори,2018-M11,2018,2450.0
006,Kepak,Отруби,Bran,Кепак,2018-M11,2018,1528.0
0008,Shrot,Шрот,Schroth,Шрот,2018-M11,2018,0.0
009,Shulxa,Шелуха,Husk,Шулха,2018-M11,2018,0.0
010,Kombikorm,Комбикорм,Compound feed,Комбикорм,2018-M11,2018,2057.0
011,Oliy navli bug'doy uni,Мука пшеничная высшего сорта,High-grade wheat flour,Олий навли буғдой уни,2018-M11,2018,2914.0
0012,1-navli bug'doy uni,Мука пшеничная первого сорта,First grade wheat flour,1-навли буғдой уни,2018-M11,2018,0.0
013,1-nav bug'doy unidan non,Хлеб пшеничный из муки 1-го сорта,Wheat bread from 1st grade flour,1-нав буғдой унидан нон,2018-M11,2018,0.0
017,Mol go'shti,Говядина,Beef,Мол гўшти,2018-M11,2018,38448.0
0020,Qo'y go'shti,Баранина,Mutton,Қўй гўшти,2018-M11,2018,38917.0
022,Tovuq go'shti,Мясо птицы,Poultry,Товуқ гўшти,2018-M11,2018,0.0
026,Turli baliqlar,Рыба всякая,Fish of all kinds,Турли балиқлар,2018-M11,2018,14597.0
027,Yangi sog'ilgan sut (1 litr),Молоко свежее (1 литр),Fresh milk (1 liter),Янги соғилган сут (1 литр),2018-M11,2018,2970.0
034,Tuxum (10 dona),Яйца (10 штук),Eggs (10 pieces ),Тухум (10 дона),2018-M11,2018,6270.0
035,Paxta yog'i (1 litr),Масло хлопковое (1 литр),Cottonseed oil (1 liter),Пахта ёғи (1 литр),2018-M11,2018,0.0
0036,Kungaboqar yog'i (1 litr),Масло подсолнечное (1 литр),Sunflower oil (1 liter),Кунгабоқар ёғи (1 литр),2018-M11,2018,0.0
037,Sariyog',Масло сливочное,Butter,Сариёғ,2018-M11,2018,38024.0
039,Limon,Лимоны,Lemons,Лимон,2018-M11,2018,12281.0
0040,Olma,Яблоки,Apples,Олма,2018-M11,2018,3900.0
041,Nok,Груши,Pears,Нок,2018-M11,2018,8308.0
049,Uzum,Виноград,Grape,Узум,2018-M11,2018,4029.0
0050,Tarvuz,Арбуз,Watermelon,Тарвуз,2018-M11,2018,1250.0
0051,Qovun,Дыня,Melon,Қовун,2018-M11,2018,2132.0
053,Mayiz,Кишмиш,Kishmish,Майиз,2018-M11,2018,24926.0
055,Karam,Капуста,Cabbage,Карам,2018-M11,2018,2236.0
057,Bodring,Огурцы,Cucumbers,Бодринг,2018-M11,2018,4868.0
058,Pomidor,Помидоры,Tomatoes,Помидор,2018-M11,2018,5638.0
059,Baqlajon,Баклажаны,Eggplant,Бақлажон,2018-M11,2018,2766.0
0060,Bulg'or qalampiri,Перец болгарский,Bell pepper,Булғор қалампири,2018-M11,2018,3324.0
061,Qovoq,Тыква,Pumpkin,Қовоқ,2018-M11,2018,1380.0
063,Sabzi,Морковь,Carrot,Сабзи,2018-M11,2018,2172.0
065,Sarimsoq,Чеснок,Garlic,Саримсоқ,2018-M11,2018,2720.0
066,Piyoz,Лук репчатый,Onion,Пиёз,2018-M11,2018,969.0
069,Kartoshka,Картофель,Potatoes,Картошка,2018-M11,2018,2279.0
0070,Loviya,Фасоль,Beans,Ловия,2018-M11,2018,0.0
071,No'xot,Горох,Peas,Нўхот,2018-M11,2018,0.0
0072,Mosh,Маш,Mash,Мош,2018-M11,2018,0.0
073,Shakar,Сахар песок,Sugar,Шакар,2018-M11,2018,0.0
002,Kruppa yormasi,Крупа манная,Semolina,Круппа ёрмаси,2018-M11,2018,2280.0
001,Guruch,Рис,Rice,Гуруч,2018-M12,2018,8636.0
003,Arpa,Ячмень,Barley,Арпа,2018-M12,2018,2328.0
0004,Bug'doy,Пшеница,Wheat,Буғдой,2018-M12,2018,2238.0
005,Jo'hori,Кукуруза,Corn,Жўҳори,2018-M12,2018,2458.0
006,Kepak,Отруби,Bran,Кепак,2018-M12,2018,1602.0
0008,Shrot,Шрот,Schroth,Шрот,2018-M12,2018,0.0
009,Shulxa,Шелуха,Husk,Шулха,2018-M12,2018,0.0
010,Kombikorm,Комбикорм,Compound feed,Комбикорм,2018-M12,2018,2233.0
011,Oliy navli bug'doy uni,Мука пшеничная высшего сорта,High-grade wheat flour,Олий навли буғдой уни,2018-M12,2018,3004.0
0012,1-navli bug'doy uni,Мука пшеничная первого сорта,First grade wheat flour,1-навли буғдой уни,2018-M12,2018,0.0
013,1-nav bug'doy unidan non,Хлеб пшеничный из муки 1-го сорта,Wheat bread from 1st grade flour,1-нав буғдой унидан нон,2018-M12,2018,0.0
017,Mol go'shti,Говядина,Beef,Мол гўшти,2018-M12,2018,38042.0
0020,Qo'y go'shti,Баранина,Mutton,Қўй гўшти,2018-M12,2018,38406.0
022,Tovuq go'shti,Мясо птицы,Poultry,Товуқ гўшти,2018-M12,2018,0.0
026,Turli baliqlar,Рыба всякая,Fish of all kinds,Турли балиқлар,2018-M12,2018,14715.0
027,Yangi sog'ilgan sut (1 litr),Молоко свежее (1 литр),Fresh milk (1 liter),Янги соғилган сут (1 литр),2018-M12,2018,3021.0
034,Tuxum (10 dona),Яйца (10 штук),Eggs (10 pieces ),Тухум (10 дона),2018-M12,2018,6165.0
035,Paxta yog'i (1 litr),Масло хлопковое (1 литр),Cottonseed oil (1 liter),Пахта ёғи (1 литр),2018-M12,2018,0.0
0036,Kungaboqar yog'i (1 litr),Масло подсолнечное (1 литр),Sunflower oil (1 liter),Кунгабоқар ёғи (1 литр),2018-M12,2018,0.0
037,Sariyog',Масло сливочное,Butter,Сариёғ,2018-M12,2018,38247.0
039,Limon,Лимоны,Lemons,Лимон,2018-M12,2018,10469.0
0040,Olma,Яблоки,Apples,Олма,2018-M12,2018,3973.0
041,Nok,Груши,Pears,Нок,2018-M12,2018,9927.0
049,Uzum,Виноград,Grape,Узум,2018-M12,2018,4586.0
0050,Tarvuz,Арбуз,Watermelon,Тарвуз,2018-M12,2018,1451.0
0051,Qovun,Дыня,Melon,Қовун,2018-M12,2018,2231.0
053,Mayiz,Кишмиш,Kishmish,Майиз,2018-M12,2018,25397.0
055,Karam,Капуста,Cabbage,Карам,2018-M12,2018,1838.0
057,Bodring,Огурцы,Cucumbers,Бодринг,2018-M12,2018,10271.0
058,Pomidor,Помидоры,Tomatoes,Помидор,2018-M12,2018,7955.0
059,Baqlajon,Баклажаны,Eggplant,Бақлажон,2018-M12,2018,10000.0
0060,Bulg'or qalampiri,Перец болгарский,Bell pepper,Булғор қалампири,2018-M12,2018,9352.0
061,Qovoq,Тыква,Pumpkin,Қовоқ,2018-M12,2018,1524.0
063,Sabzi,Морковь,Carrot,Сабзи,2018-M12,2018,1788.0
065,Sarimsoq,Чеснок,Garlic,Саримсоқ,2018-M12,2018,3100.0
066,Piyoz,Лук репчатый,Onion,Пиёз,2018-M12,2018,915.0
069,Kartoshka,Картофель,Potatoes,Картошка,2018-M12,2018,2131.0
0070,Loviya,Фасоль,Beans,Ловия,2018-M12,2018,0.0
071,No'xot,Горох,Peas,Нўхот,2018-M12,2018,0.0
0072,Mosh,Маш,Mash,Мош,2018-M12,2018,0.0
073,Shakar,Сахар песок,Sugar,Шакар,2018-M12,2018,0.0
002,Kruppa yormasi,Крупа манная,Semolina,Круппа ёрмаси,2018-M12,2018,2328.0
001,Guruch,Рис,Rice,Гуруч,2019-M01,2019,9229.0
003,Arpa,Ячмень,Barley,Арпа,2019-M01,2019,2456.0
0004,Bug'doy,Пшеница,Wheat,Буғдой,2019-M01,2019,2334.0
005,Jo'hori,Кукуруза,Corn,Жўҳори,2019-M01,2019,2450.0
006,Kepak,Отруби,Bran,Кепак,2019-M01,2019,1631.0
0008,Shrot,Шрот,Schroth,Шрот,2019-M01,2019,2700.0
009,Shulxa,Шелуха,Husk,Шулха,2019-M01,2019,2266.0
010,Kombikorm,Комбикорм,Compound feed,Комбикорм,2019-M01,2019,2097.0
011,Oliy navli bug'doy uni,Мука пшеничная высшего сорта,High-grade wheat flour,Олий навли буғдой уни,2019-M01,2019,0.0
0012,1-navli bug'doy uni,Мука пшеничная первого сорта,First grade wheat flour,1-навли буғдой уни,2019-M01,2019,0.0
013,1-nav bug'doy unidan non,Хлеб пшеничный из муки 1-го сорта,Wheat bread from 1st grade flour,1-нав буғдой унидан нон,2019-M01,2019,0.0
017,Mol go'shti,Говядина,Beef,Мол гўшти,2019-M01,2019,37740.0
0020,Qo'y go'shti,Баранина,Mutton,Қўй гўшти,2019-M01,2019,38250.0
022,Tovuq go'shti,Мясо птицы,Poultry,Товуқ гўшти,2019-M01,2019,17311.0
026,Turli baliqlar,Рыба всякая,Fish of all kinds,Турли балиқлар,2019-M01,2019,14802.0
027,Yangi sog'ilgan sut (1 litr),Молоко свежее (1 литр),Fresh milk (1 liter),Янги соғилган сут (1 литр),2019-M01,2019,3837.0
034,Tuxum (10 dona),Яйца (10 штук),Eggs (10 pieces ),Тухум (10 дона),2019-M01,2019,6161.0
035,Paxta yog'i (1 litr),Масло хлопковое (1 литр),Cottonseed oil (1 liter),Пахта ёғи (1 литр),2019-M01,2019,0.0
0036,Kungaboqar yog'i (1 litr),Масло подсолнечное (1 литр),Sunflower oil (1 liter),Кунгабоқар ёғи (1 литр),2019-M01,2019,0.0
037,Sariyog',Масло сливочное,Butter,Сариёғ,2019-M01,2019,39379.0
039,Limon,Лимоны,Lemons,Лимон,2019-M01,2019,10177.0
0040,Olma,Яблоки,Apples,Олма,2019-M01,2019,3650.0
041,Nok,Груши,Pears,Нок,2019-M01,2019,9972.0
049,Uzum,Виноград,Grape,Узум,2019-M01,2019,5717.0
0050,Tarvuz,Арбуз,Watermelon,Тарвуз,2019-M01,2019,1883.0
0051,Qovun,Дыня,Melon,Қовун,2019-M01,2019,2719.0
053,Mayiz,Кишмиш,Kishmish,Майиз,2019-M01,2019,25525.0
055,Karam,Капуста,Cabbage,Карам,2019-M01,2019,2109.0
057,Bodring,Огурцы,Cucumbers,Бодринг,2019-M01,2019,12948.0
058,Pomidor,Помидоры,Tomatoes,Помидор,2019-M01,2019,11401.0
059,Baqlajon,Баклажаны,Eggplant,Бақлажон,2019-M01,2019,0.0
0060,Bulg'or qalampiri,Перец болгарский,Bell pepper,Булғор қалампири,2019-M01,2019,27167.0
061,Qovoq,Тыква,Pumpkin,Қовоқ,2019-M01,2019,1703.0
063,Sabzi,Морковь,Carrot,Сабзи,2019-M01,2019,2060.0
065,Sarimsoq,Чеснок,Garlic,Саримсоқ,2019-M01,2019,3169.0
066,Piyoz,Лук репчатый,Onion,Пиёз,2019-M01,2019,898.0
069,Kartoshka,Картофель,Potatoes,Картошка,2019-M01,2019,2130.0
0070,Loviya,Фасоль,Beans,Ловия,2019-M01,2019,7101.0
071,No'xot,Горох,Peas,Нўхот,2019-M01,2019,12027.0
0072,Mosh,Маш,Mash,Мош,2019-M01,2019,6082.0
073,Shakar,Сахар песок,Sugar,Шакар,2019-M01,2019,0.0
002,Kruppa yormasi,Крупа манная,Semolina,Круппа ёрмаси,2019-M01,2019,2456.0
001,Guruch,Рис,Rice,Гуруч,2019-M02,2019,9341.0
003,Arpa,Ячмень,Barley,Арпа,2019-M02,2019,2459.0
0004,Bug'doy,Пшеница,Wheat,Буғдой,2019-M02,2019,2335.0
005,Jo'hori,Кукуруза,Corn,Жўҳори,2019-M02,2019,2456.0
006,Kepak,Отруби,Bran,Кепак,2019-M02,2019,1625.0
0008,Shrot,Шрот,Schroth,Шрот,2019-M02,2019,2695.0
009,Shulxa,Шелуха,Husk,Шулха,2019-M02,2019,2253.0
010,Kombikorm,Комбикорм,Compound feed,Комбикорм,2019-M02,2019,2067.0
011,Oliy navli bug'doy uni,Мука пшеничная высшего сорта,High-grade wheat flour,Олий навли буғдой уни,2019-M02,2019,0.0
0012,1-navli bug'doy uni,Мука пшеничная первого сорта,First grade wheat flour,1-навли буғдой уни,2019-M02,2019,0.0
013,1-nav bug'doy unidan non,Хлеб пшеничный из муки 1-го сорта,Wheat bread from 1st grade flour,1-нав буғдой унидан нон,2019-M02,2019,0.0
017,Mol go'shti,Говядина,Beef,Мол гўшти,2019-M02,2019,38177.0
0020,Qo'y go'shti,Баранина,Mutton,Қўй гўшти,2019-M02,2019,38756.0
022,Tovuq go'shti,Мясо птицы,Poultry,Товуқ гўшти,2019-M02,2019,17082.0
026,Turli baliqlar,Рыба всякая,Fish of all kinds,Турли балиқлар,2019-M02,2019,15107.0
027,Yangi sog'ilgan sut (1 litr),Молоко свежее (1 литр),Fresh milk (1 liter),Янги соғилган сут (1 литр),2019-M02,2019,3696.0
034,Tuxum (10 dona),Яйца (10 штук),Eggs (10 pieces ),Тухум (10 дона),2019-M02,2019,6031.0
035,Paxta yog'i (1 litr),Масло хлопковое (1 литр),Cottonseed oil (1 liter),Пахта ёғи (1 литр),2019-M02,2019,0.0
0036,Kungaboqar yog'i (1 litr),Масло подсолнечное (1 литр),Sunflower oil (1 liter),Кунгабоқар ёғи (1 литр),2019-M02,2019,0.0
037,Sariyog',Масло сливочное,Butter,Сариёғ,2019-M02,2019,38717.0
039,Limon,Лимоны,Lemons,Лимон,2019-M02,2019,9916.0
0040,Olma,Яблоки,Apples,Олма,2019-M02,2019,3762.0
041,Nok,Груши,Pears,Нок,2019-M02,2019,10340.0
049,Uzum,Виноград,Grape,Узум,2019-M02,2019,5939.0
0050,Tarvuz,Арбуз,Watermelon,Тарвуз,2019-M02,2019,2061.0
0051,Qovun,Дыня,Melon,Қовун,2019-M02,2019,2770.0
053,Mayiz,Кишмиш,Kishmish,Майиз,2019-M02,2019,26406.0
055,Karam,Капуста,Cabbage,Карам,2019-M02,2019,2195.0
057,Bodring,Огурцы,Cucumbers,Бодринг,2019-M02,2019,12681.0
058,Pomidor,Помидоры,Tomatoes,Помидор,2019-M02,2019,12278.0
059,Baqlajon,Баклажаны,Eggplant,Бақлажон,2019-M02,2019,17000.0
0060,Bulg'or qalampiri,Перец болгарский,Bell pepper,Булғор қалампири,2019-M02,2019,16275.0
061,Qovoq,Тыква,Pumpkin,Қовоқ,2019-M02,2019,1736.0
063,Sabzi,Морковь,Carrot,Сабзи,2019-M02,2019,1991.0
065,Sarimsoq,Чеснок,Garlic,Саримсоқ,2019-M02,2019,3159.0
066,Piyoz,Лук репчатый,Onion,Пиёз,2019-M02,2019,920.0
069,Kartoshka,Картофель,Potatoes,Картошка,2019-M02,2019,2137.0
0070,Loviya,Фасоль,Beans,Ловия,2019-M02,2019,7111.0
071,No'xot,Горох,Peas,Нўхот,2019-M02,2019,12064.0
0072,Mosh,Маш,Mash,Мош,2019-M02,2019,6307.0
073,Shakar,Сахар песок,Sugar,Шакар,2019-M02,2019,0.0
002,Kruppa yormasi,Крупа манная,Semolina,Круппа ёрмаси,2019-M02,2019,2459.0
001,Guruch,Рис,Rice,Гуруч,2019-M03,2019,9333.0
003,Arpa,Ячмень,Barley,Арпа,2019-M03,2019,2459.0
0004,Bug'doy,Пшеница,Wheat,Буғдой,2019-M03,2019,2335.0
005,Jo'hori,Кукуруза,Corn,Жўҳори,2019-M03,2019,2456.0
006,Kepak,Отруби,Bran,Кепак,2019-M03,2019,1625.0
0008,Shrot,Шрот,Schroth,Шрот,2019-M03,2019,2684.0
009,Shulxa,Шелуха,Husk,Шулха,2019-M03,2019,2246.0
010,Kombikorm,Комбикорм,Compound feed,Комбикорм,2019-M03,2019,2058.0
011,Oliy navli bug'doy uni,Мука пшеничная высшего сорта,High-grade wheat flour,Олий навли буғдой уни,2019-M03,2019,0.0
0012,1-navli bug'doy uni,Мука пшеничная первого сорта,First grade wheat flour,1-навли буғдой уни,2019-M03,2019,0.0
013,1-nav bug'doy unidan non,Хлеб пшеничный из муки 1-го сорта,Wheat bread from 1st grade flour,1-нав буғдой унидан нон,2019-M03,2019,0.0
017,Mol go'shti,Говядина,Beef,Мол гўшти,2019-M03,2019,38228.0
0020,Qo'y go'shti,Баранина,Mutton,Қўй гўшти,2019-M03,2019,38785.0
022,Tovuq go'shti,Мясо птицы,Poultry,Товуқ гўшти,2019-M03,2019,16934.0
026,Turli baliqlar,Рыба всякая,Fish of all kinds,Турли балиқлар,2019-M03,2019,15149.0
027,Yangi sog'ilgan sut (1 litr),Молоко свежее (1 литр),Fresh milk (1 liter),Янги соғилган сут (1 литр),2019-M03,2019,3632.0
034,Tuxum (10 dona),Яйца (10 штук),Eggs (10 pieces ),Тухум (10 дона),2019-M03,2019,5965.0
035,Paxta yog'i (1 litr),Масло хлопковое (1 литр),Cottonseed oil (1 liter),Пахта ёғи (1 литр),2019-M03,2019,0.0
0036,Kungaboqar yog'i (1 litr),Масло подсолнечное (1 литр),Sunflower oil (1 liter),Кунгабоқар ёғи (1 литр),2019-M03,2019,0.0
037,Sariyog',Масло сливочное,Butter,Сариёғ,2019-M03,2019,39481.0
039,Limon,Лимоны,Lemons,Лимон,2019-M03,2019,9923.0
0040,Olma,Яблоки,Apples,Олма,2019-M03,2019,3857.0
041,Nok,Груши,Pears,Нок,2019-M03,2019,12507.0
049,Uzum,Виноград,Grape,Узум,2019-M03,2019,9378.0
0050,Tarvuz,Арбуз,Watermelon,Тарвуз,2019-M03,2019,2034.0
0051,Qovun,Дыня,Melon,Қовун,2019-M03,2019,2770.0
053,Mayiz,Кишмиш,Kishmish,Майиз,2019-M03,2019,26419.0
055,Karam,Капуста,Cabbage,Карам,2019-M03,2019,2371.0
057,Bodring,Огурцы,Cucumbers,Бодринг,2019-M03,2019,12512.0
058,Pomidor,Помидоры,Tomatoes,Помидор,2019-M03,2019,14341.0
059,Baqlajon,Баклажаны,Eggplant,Бақлажон,2019-M03,2019,17000.0
0060,Bulg'or qalampiri,Перец болгарский,Bell pepper,Булғор қалампири,2019-M03,2019,16275.0
061,Qovoq,Тыква,Pumpkin,Қовоқ,2019-M03,2019,1822.0
063,Sabzi,Морковь,Carrot,Сабзи,2019-M03,2019,2032.0
065,Sarimsoq,Чеснок,Garlic,Саримсоқ,2019-M03,2019,3158.0
066,Piyoz,Лук репчатый,Onion,Пиёз,2019-M03,2019,951.0
069,Kartoshka,Картофель,Potatoes,Картошка,2019-M03,2019,2096.0
0070,Loviya,Фасоль,Beans,Ловия,2019-M03,2019,7085.0
071,No'xot,Горох,Peas,Нўхот,2019-M03,2019,12051.0
0072,Mosh,Маш,Mash,Мош,2019-M03,2019,6411.0
073,Shakar,Сахар песок,Sugar,Шакар,2019-M03,2019,0.0
002,Kruppa yormasi,Крупа манная,Semolina,Круппа ёрмаси,2019-M03,2019,2459.0
001,Guruch,Рис,Rice,Гуруч,2019-M04,2019,9319.0
003,Arpa,Ячмень,Barley,Арпа,2019-M04,2019,2462.0
0004,Bug'doy,Пшеница,Wheat,Буғдой,2019-M04,2019,2335.0
005,Jo'hori,Кукуруза,Corn,Жўҳори,2019-M04,2019,2456.0
006,Kepak,Отруби,Bran,Кепак,2019-M04,2019,1625.0
0008,Shrot,Шрот,Schroth,Шрот,2019-M04,2019,2684.0
009,Shulxa,Шелуха,Husk,Шулха,2019-M04,2019,2226.0
010,Kombikorm,Комбикорм,Compound feed,Комбикорм,2019-M04,2019,2058.0
011,Oliy navli bug'doy uni,Мука пшеничная высшего сорта,High-grade wheat flour,Олий навли буғдой уни,2019-M04,2019,0.0
0012,1-navli bug'doy uni,Мука пшеничная первого сорта,First grade wheat flour,1-навли буғдой уни,2019-M04,2019,0.0
013,1-nav bug'doy unidan non,Хлеб пшеничный из муки 1-го сорта,Wheat bread from 1st grade flour,1-нав буғдой унидан нон,2019-M04,2019,0.0
017,Mol go'shti,Говядина,Beef,Мол гўшти,2019-M04,2019,38203.0
0020,Qo'y go'shti,Баранина,Mutton,Қўй гўшти,2019-M04,2019,38902.0
022,Tovuq go'shti,Мясо птицы,Poultry,Товуқ гўшти,2019-M04,2019,16852.0
026,Turli baliqlar,Рыба всякая,Fish of all kinds,Турли балиқлар,2019-M04,2019,15519.0
027,Yangi sog'ilgan sut (1 litr),Молоко свежее (1 литр),Fresh milk (1 liter),Янги соғилган сут (1 литр),2019-M04,2019,3642.0
034,Tuxum (10 dona),Яйца (10 штук),Eggs (10 pieces ),Тухум (10 дона),2019-M04,2019,5722.0
035,Paxta yog'i (1 litr),Масло хлопковое (1 литр),Cottonseed oil (1 liter),Пахта ёғи (1 литр),2019-M04,2019,0.0
0036,Kungaboqar yog'i (1 litr),Масло подсолнечное (1 литр),Sunflower oil (1 liter),Кунгабоқар ёғи (1 литр),2019-M04,2019,0.0
037,Sariyog',Масло сливочное,Butter,Сариёғ,2019-M04,2019,39481.0
039,Limon,Лимоны,Lemons,Лимон,2019-M04,2019,11132.0
0040,Olma,Яблоки,Apples,Олма,2019-M04,2019,3927.0
041,Nok,Груши,Pears,Нок,2019-M04,2019,12893.0
049,Uzum,Виноград,Grape,Узум,2019-M04,2019,9882.0
0050,Tarvuz,Арбуз,Watermelon,Тарвуз,2019-M04,2019,0.0
0051,Qovun,Дыня,Melon,Қовун,2019-M04,2019,0.0
053,Mayiz,Кишмиш,Kishmish,Майиз,2019-M04,2019,26419.0
055,Karam,Капуста,Cabbage,Карам,2019-M04,2019,2773.0
057,Bodring,Огурцы,Cucumbers,Бодринг,2019-M04,2019,7118.0
058,Pomidor,Помидоры,Tomatoes,Помидор,2019-M04,2019,14331.0
059,Baqlajon,Баклажаны,Eggplant,Бақлажон,2019-M04,2019,17000.0
0060,Bulg'or qalampiri,Перец болгарский,Bell pepper,Булғор қалампири,2019-M04,2019,23683.0
061,Qovoq,Тыква,Pumpkin,Қовоқ,2019-M04,2019,1924.0
063,Sabzi,Морковь,Carrot,Сабзи,2019-M04,2019,2245.0
065,Sarimsoq,Чеснок,Garlic,Саримсоқ,2019-M04,2019,3158.0
066,Piyoz,Лук репчатый,Onion,Пиёз,2019-M04,2019,1300.0
069,Kartoshka,Картофель,Potatoes,Картошка,2019-M04,2019,2600.0
0070,Loviya,Фасоль,Beans,Ловия,2019-M04,2019,7118.0
071,No'xot,Горох,Peas,Нўхот,2019-M04,2019,12001.0
0072,Mosh,Маш,Mash,Мош,2019-M04,2019,6443.0
073,Shakar,Сахар песок,Sugar,Шакар,2019-M04,2019,0.0
002,Kruppa yormasi,Крупа манная,Semolina,Круппа ёрмаси,2019-M04,2019,2462.0
001,Guruch,Рис,Rice,Гуруч,2019-M05,2019,9359.0
003,Arpa,Ячмень,Barley,Арпа,2019-M05,2019,2463.0
0004,Bug'doy,Пшеница,Wheat,Буғдой,2019-M05,2019,2335.0
005,Jo'hori,Кукуруза,Corn,Жўҳори,2019-M05,2019,2460.0
006,Kepak,Отруби,Bran,Кепак,2019-M05,2019,1625.0
0008,Shrot,Шрот,Schroth,Шрот,2019-M05,2019,2684.0
009,Shulxa,Шелуха,Husk,Шулха,2019-M05,2019,2226.0
010,Kombikorm,Комбикорм,Compound feed,Комбикорм,2019-M05,2019,2058.0
011,Oliy navli bug'doy uni,Мука пшеничная высшего сорта,High-grade wheat flour,Олий навли буғдой уни,2019-M05,2019,0.0
0012,1-navli bug'doy uni,Мука пшеничная первого сорта,First grade wheat flour,1-навли буғдой уни,2019-M05,2019,0.0
013,1-nav bug'doy unidan non,Хлеб пшеничный из муки 1-го сорта,Wheat bread from 1st grade flour,1-нав буғдой унидан нон,2019-M05,2019,0.0
017,Mol go'shti,Говядина,Beef,Мол гўшти,2019-M05,2019,38501.0
0020,Qo'y go'shti,Баранина,Mutton,Қўй гўшти,2019-M05,2019,39476.0
022,Tovuq go'shti,Мясо птицы,Poultry,Товуқ гўшти,2019-M05,2019,16772.0
026,Turli baliqlar,Рыба всякая,Fish of all kinds,Турли балиқлар,2019-M05,2019,16506.0
027,Yangi sog'ilgan sut (1 litr),Молоко свежее (1 литр),Fresh milk (1 liter),Янги соғилган сут (1 литр),2019-M05,2019,3718.0
034,Tuxum (10 dona),Яйца (10 штук),Eggs (10 pieces ),Тухум (10 дона),2019-M05,2019,5450.0
035,Paxta yog'i (1 litr),Масло хлопковое (1 литр),Cottonseed oil (1 liter),Пахта ёғи (1 литр),2019-M05,2019,0.0
0036,Kungaboqar yog'i (1 litr),Масло подсолнечное (1 литр),Sunflower oil (1 liter),Кунгабоқар ёғи (1 литр),2019-M05,2019,0.0
037,Sariyog',Масло сливочное,Butter,Сариёғ,2019-M05,2019,40136.0
039,Limon,Лимоны,Lemons,Лимон,2019-M05,2019,12144.0
0040,Olma,Яблоки,Apples,Олма,2019-M05,2019,5462.0
041,Nok,Груши,Pears,Нок,2019-M05,2019,29500.0
049,Uzum,Виноград,Grape,Узум,2019-M05,2019,0.0
0050,Tarvuz,Арбуз,Watermelon,Тарвуз,2019-M05,2019,0.0
0051,Qovun,Дыня,Melon,Қовун,2019-M05,2019,0.0
053,Mayiz,Кишмиш,Kishmish,Майиз,2019-M05,2019,26423.0
055,Karam,Капуста,Cabbage,Карам,2019-M05,2019,2571.0
057,Bodring,Огурцы,Cucumbers,Бодринг,2019-M05,2019,3452.0
058,Pomidor,Помидоры,Tomatoes,Помидор,2019-M05,2019,9326.0
059,Baqlajon,Баклажаны,Eggplant,Бақлажон,2019-M05,2019,13651.0
0060,Bulg'or qalampiri,Перец болгарский,Bell pepper,Булғор қалампири,2019-M05,2019,15196.0
061,Qovoq,Тыква,Pumpkin,Қовоқ,2019-M05,2019,0.0
063,Sabzi,Морковь,Carrot,Сабзи,2019-M05,2019,2700.0
065,Sarimsoq,Чеснок,Garlic,Саримсоқ,2019-M05,2019,3210.0
066,Piyoz,Лук репчатый,Onion,Пиёз,2019-M05,2019,2234.0
069,Kartoshka,Картофель,Potatoes,Картошка,2019-M05,2019,2541.0
0070,Loviya,Фасоль,Beans,Ловия,2019-M05,2019,7120.0
071,No'xot,Горох,Peas,Нўхот,2019-M05,2019,11959.0
0072,Mosh,Маш,Mash,Мош,2019-M05,2019,6443.0
073,Shakar,Сахар песок,Sugar,Шакар,2019-M05,2019,0.0
002,Kruppa yormasi,Крупа манная,Semolina,Круппа ёрмаси,2019-M05,2019,2463.0
001,Guruch,Рис,Rice,Гуруч,2019-M06,2019,9422.0
003,Arpa,Ячмень,Barley,Арпа,2019-M06,2019,2449.0
0004,Bug'doy,Пшеница,Wheat,Буғдой,2019-M06,2019,2325.0
005,Jo'hori,Кукуруза,Corn,Жўҳори,2019-M06,2019,2467.0
006,Kepak,Отруби,Bran,Кепак,2019-M06,2019,1625.0
0008,Shrot,Шрот,Schroth,Шрот,2019-M06,2019,2684.0
009,Shulxa,Шелуха,Husk,Шулха,2019-M06,2019,2226.0
010,Kombikorm,Комбикорм,Compound feed,Комбикорм,2019-M06,2019,2051.0
011,Oliy navli bug'doy uni,Мука пшеничная высшего сорта,High-grade wheat flour,Олий навли буғдой уни,2019-M06,2019,0.0
0012,1-navli bug'doy uni,Мука пшеничная первого сорта,First grade wheat flour,1-навли буғдой уни,2019-M06,2019,0.0
013,1-nav bug'doy unidan non,Хлеб пшеничный из муки 1-го сорта,Wheat bread from 1st grade flour,1-нав буғдой унидан нон,2019-M06,2019,0.0
017,Mol go'shti,Говядина,Beef,Мол гўшти,2019-M06,2019,39501.0
0020,Qo'y go'shti,Баранина,Mutton,Қўй гўшти,2019-M06,2019,40560.0
022,Tovuq go'shti,Мясо птицы,Poultry,Товуқ гўшти,2019-M06,2019,16763.0
026,Turli baliqlar,Рыба всякая,Fish of all kinds,Турли балиқлар,2019-M06,2019,0.0
027,Yangi sog'ilgan sut (1 litr),Молоко свежее (1 литр),Fresh milk (1 liter),Янги соғилган сут (1 литр),2019-M06,2019,3800.0
034,Tuxum (10 dona),Яйца (10 штук),Eggs (10 pieces ),Тухум (10 дона),2019-M06,2019,5467.0
035,Paxta yog'i (1 litr),Масло хлопковое (1 литр),Cottonseed oil (1 liter),Пахта ёғи (1 литр),2019-M06,2019,0.0
0036,Kungaboqar yog'i (1 litr),Масло подсолнечное (1 литр),Sunflower oil (1 liter),Кунгабоқар ёғи (1 литр),2019-M06,2019,0.0
037,Sariyog',Масло сливочное,Butter,Сариёғ,2019-M06,2019,40178.0
039,Limon,Лимоны,Lemons,Лимон,2019-M06,2019,12115.0
0040,Olma,Яблоки,Apples,Олма,2019-M06,2019,5417.0
041,Nok,Груши,Pears,Нок,2019-M06,2019,24242.0
049,Uzum,Виноград,Grape,Узум,2019-M06,2019,7066.0
0050,Tarvuz,Арбуз,Watermelon,Тарвуз,2019-M06,2019,1858.0
0051,Qovun,Дыня,Melon,Қовун,2019-M06,2019,2819.0
053,Mayiz,Кишмиш,Kishmish,Майиз,2019-M06,2019,26431.0
055,Karam,Капуста,Cabbage,Карам,2019-M06,2019,1614.0
057,Bodring,Огурцы,Cucumbers,Бодринг,2019-M06,2019,1644.0
058,Pomidor,Помидоры,Tomatoes,Помидор,2019-M06,2019,4664.0
059,Baqlajon,Баклажаны,Eggplant,Бақлажон,2019-M06,2019,7345.0
0060,Bulg'or qalampiri,Перец болгарский,Bell pepper,Булғор қалампири,2019-M06,2019,5518.0
061,Qovoq,Тыква,Pumpkin,Қовоқ,2019-M06,2019,1930.0
063,Sabzi,Морковь,Carrot,Сабзи,2019-M06,2019,2760.0
065,Sarimsoq,Чеснок,Garlic,Саримсоқ,2019-M06,2019,4516.0
066,Piyoz,Лук репчатый,Onion,Пиёз,2019-M06,2019,2645.0
069,Kartoshka,Картофель,Potatoes,Картошка,2019-M06,2019,2028.0
0070,Loviya,Фасоль,Beans,Ловия,2019-M06,2019,7136.0
071,No'xot,Горох,Peas,Нўхот,2019-M06,2019,11376.0
0072,Mosh,Маш,Mash,Мош,2019-M06,2019,6443.0
073,Shakar,Сахар песок,Sugar,Шакар,2019-M06,2019,0.0
002,Kruppa yormasi,Крупа манная,Semolina,Круппа ёрмаси,2019-M06,2019,2449.0
001,Guruch,Рис,Rice,Гуруч,2019-M07,2019,9422.0
003,Arpa,Ячмень,Barley,Арпа,2019-M07,2019,2420.0
0004,Bug'doy,Пшеница,Wheat,Буғдой,2019-M07,2019,2296.0
005,Jo'hori,Кукуруза,Corn,Жўҳори,2019-M07,2019,2472.0
006,Kepak,Отруби,Bran,Кепак,2019-M07,2019,1625.0
0008,Shrot,Шрот,Schroth,Шрот,2019-M07,2019,2684.0
009,Shulxa,Шелуха,Husk,Шулха,2019-M07,2019,2226.0
010,Kombikorm,Комбикорм,Compound feed,Комбикорм,2019-M07,2019,2051.0
011,Oliy navli bug'doy uni,Мука пшеничная высшего сорта,High-grade wheat flour,Олий навли буғдой уни,2019-M07,2019,0.0
0012,1-navli bug'doy uni,Мука пшеничная первого сорта,First grade wheat flour,1-навли буғдой уни,2019-M07,2019,0.0
013,1-nav bug'doy unidan non,Хлеб пшеничный из муки 1-го сорта,Wheat bread from 1st grade flour,1-нав буғдой унидан нон,2019-M07,2019,0.0
017,Mol go'shti,Говядина,Beef,Мол гўшти,2019-M07,2019,41225.0
0020,Qo'y go'shti,Баранина,Mutton,Қўй гўшти,2019-M07,2019,41369.0
022,Tovuq go'shti,Мясо птицы,Poultry,Товуқ гўшти,2019-M07,2019,16903.0
026,Turli baliqlar,Рыба всякая,Fish of all kinds,Турли балиқлар,2019-M07,2019,0.0
027,Yangi sog'ilgan sut (1 litr),Молоко свежее (1 литр),Fresh milk (1 liter),Янги соғилган сут (1 литр),2019-M07,2019,3831.0
034,Tuxum (10 dona),Яйца (10 штук),Eggs (10 pieces ),Тухум (10 дона),2019-M07,2019,5398.0
035,Paxta yog'i (1 litr),Масло хлопковое (1 литр),Cottonseed oil (1 liter),Пахта ёғи (1 литр),2019-M07,2019,0.0
0036,Kungaboqar yog'i (1 litr),Масло подсолнечное (1 литр),Sunflower oil (1 liter),Кунгабоқар ёғи (1 литр),2019-M07,2019,0.0
037,Sariyog',Масло сливочное,Butter,Сариёғ,2019-M07,2019,40198.0
039,Limon,Лимоны,Lemons,Лимон,2019-M07,2019,12517.0
0040,Olma,Яблоки,Apples,Олма,2019-M07,2019,4383.0
041,Nok,Груши,Pears,Нок,2019-M07,2019,16276.0
049,Uzum,Виноград,Grape,Узум,2019-M07,2019,6170.0
0050,Tarvuz,Арбуз,Watermelon,Тарвуз,2019-M07,2019,1687.0
0051,Qovun,Дыня,Melon,Қовун,2019-M07,2019,2686.0
053,Mayiz,Кишмиш,Kishmish,Майиз,2019-M07,2019,26484.0
055,Karam,Капуста,Cabbage,Карам,2019-M07,2019,1348.0
057,Bodring,Огурцы,Cucumbers,Бодринг,2019-M07,2019,1711.0
058,Pomidor,Помидоры,Tomatoes,Помидор,2019-M07,2019,3668.0
059,Baqlajon,Баклажаны,Eggplant,Бақлажон,2019-M07,2019,2888.0
0060,Bulg'or qalampiri,Перец болгарский,Bell pepper,Булғор қалампири,2019-M07,2019,2881.0
061,Qovoq,Тыква,Pumpkin,Қовоқ,2019-M07,2019,1752.0
063,Sabzi,Морковь,Carrot,Сабзи,2019-M07,2019,2477.0
065,Sarimsoq,Чеснок,Garlic,Саримсоқ,2019-M07,2019,4416.0
066,Piyoz,Лук репчатый,Onion,Пиёз,2019-M07,2019,2731.0
069,Kartoshka,Картофель,Potatoes,Картошка,2019-M07,2019,1936.0
0070,Loviya,Фасоль,Beans,Ловия,2019-M07,2019,7176.0
071,No'xot,Горох,Peas,Нўхот,2019-M07,2019,11047.0
0072,Mosh,Маш,Mash,Мош,2019-M07,2019,6443.0
073,Shakar,Сахар песок,Sugar,Шакар,2019-M07,2019,0.0
002,Kruppa yormasi,Крупа манная,Semolina,Круппа ёрмаси,2019-M07,2019,2420.0
001,Guruch,Рис,Rice,Гуруч,2019-M08,2019,10211.0
003,Arpa,Ячмень,Barley,Арпа,2019-M08,2019,2437.0
0004,Bug'doy,Пшеница,Wheat,Буғдой,2019-M08,2019,2309.0
005,Jo'hori,Кукуруза,Corn,Жўҳори,2019-M08,2019,2505.0
006,Kepak,Отруби,Bran,Кепак,2019-M08,2019,1625.0
0008,Shrot,Шрот,Schroth,Шрот,2019-M08,2019,2684.0
009,Shulxa,Шелуха,Husk,Шулха,2019-M08,2019,2226.0
010,Kombikorm,Комбикорм,Compound feed,Комбикорм,2019-M08,2019,2051.0
011,Oliy navli bug'doy uni,Мука пшеничная высшего сорта,High-grade wheat flour,Олий навли буғдой уни,2019-M08,2019,0.0
0012,1-navli bug'doy uni,Мука пшеничная первого сорта,First grade wheat flour,1-навли буғдой уни,2019-M08,2019,0.0
013,1-nav bug'doy unidan non,Хлеб пшеничный из муки 1-го сорта,Wheat bread from 1st grade flour,1-нав буғдой унидан нон,2019-M08,2019,0.0
017,Mol go'shti,Говядина,Beef,Мол гўшти,2019-M08,2019,47577.0
0020,Qo'y go'shti,Баранина,Mutton,Қўй гўшти,2019-M08,2019,47732.0
022,Tovuq go'shti,Мясо птицы,Poultry,Товуқ гўшти,2019-M08,2019,17377.0
026,Turli baliqlar,Рыба всякая,Fish of all kinds,Турли балиқлар,2019-M08,2019,0.0
027,Yangi sog'ilgan sut (1 litr),Молоко свежее (1 литр),Fresh milk (1 liter),Янги соғилган сут (1 литр),2019-M08,2019,3835.0
034,Tuxum (10 dona),Яйца (10 штук),Eggs (10 pieces ),Тухум (10 дона),2019-M08,2019,5642.0
035,Paxta yog'i (1 litr),Масло хлопковое (1 литр),Cottonseed oil (1 liter),Пахта ёғи (1 литр),2019-M08,2019,0.0
0036,Kungaboqar yog'i (1 litr),Масло подсолнечное (1 литр),Sunflower oil (1 liter),Кунгабоқар ёғи (1 литр),2019-M08,2019,0.0
037,Sariyog',Масло сливочное,Butter,Сариёғ,2019-M08,2019,40198.0
039,Limon,Лимоны,Lemons,Лимон,2019-M08,2019,27241.0
0040,Olma,Яблоки,Apples,Олма,2019-M08,2019,4281.0
041,Nok,Груши,Pears,Нок,2019-M08,2019,6890.0
049,Uzum,Виноград,Grape,Узум,2019-M08,2019,5293.0
0050,Tarvuz,Арбуз,Watermelon,Тарвуз,2019-M08,2019,1433.0
0051,Qovun,Дыня,Melon,Қовун,2019-M08,2019,2105.0
053,Mayiz,Кишмиш,Kishmish,Майиз,2019-M08,2019,26484.0
055,Karam,Капуста,Cabbage,Карам,2019-M08,2019,2030.0
057,Bodring,Огурцы,Cucumbers,Бодринг,2019-M08,2019,2446.0
058,Pomidor,Помидоры,Tomatoes,Помидор,2019-M08,2019,1906.0
059,Baqlajon,Баклажаны,Eggplant,Бақлажон,2019-M08,2019,2502.0
0060,Bulg'or qalampiri,Перец болгарский,Bell pepper,Булғор қалампири,2019-M08,2019,2280.0
061,Qovoq,Тыква,Pumpkin,Қовоқ,2019-M08,2019,1600.0
063,Sabzi,Морковь,Carrot,Сабзи,2019-M08,2019,2161.0
065,Sarimsoq,Чеснок,Garlic,Саримсоқ,2019-M08,2019,6405.0
066,Piyoz,Лук репчатый,Onion,Пиёз,2019-M08,2019,2200.0
069,Kartoshka,Картофель,Potatoes,Картошка,2019-M08,2019,2028.0
0070,Loviya,Фасоль,Beans,Ловия,2019-M08,2019,7614.0
071,No'xot,Горох,Peas,Нўхот,2019-M08,2019,10034.0
0072,Mosh,Маш,Mash,Мош,2019-M08,2019,6587.0
073,Shakar,Сахар песок,Sugar,Шакар,2019-M08,2019,0.0
002,Kruppa yormasi,Крупа манная,Semolina,Круппа ёрмаси,2019-M08,2019,2437.0
001,Guruch,Рис,Rice,Гуруч,2019-M09,2019,10606.0
003,Arpa,Ячмень,Barley,Арпа,2019-M09,2019,2432.0
0004,Bug'doy,Пшеница,Wheat,Буғдой,2019-M09,2019,2320.0
005,Jo'hori,Кукуруза,Corn,Жўҳори,2019-M09,2019,2474.0
006,Kepak,Отруби,Bran,Кепак,2019-M09,2019,1625.0
0008,Shrot,Шрот,Schroth,Шрот,2019-M09,2019,2689.0
009,Shulxa,Шелуха,Husk,Шулха,2019-M09,2019,2226.0
010,Kombikorm,Комбикорм,Compound feed,Комбикорм,2019-M09,2019,2097.0
011,Oliy navli bug'doy uni,Мука пшеничная высшего сорта,High-grade wheat flour,Олий навли буғдой уни,2019-M09,2019,0.0
0012,1-navli bug'doy uni,Мука пшеничная первого сорта,First grade wheat flour,1-навли буғдой уни,2019-M09,2019,0.0
013,1-nav bug'doy unidan non,Хлеб пшеничный из муки 1-го сорта,Wheat bread from 1st grade flour,1-нав буғдой унидан нон,2019-M09,2019,0.0
017,Mol go'shti,Говядина,Beef,Мол гўшти,2019-M09,2019,49549.0
0020,Qo'y go'shti,Баранина,Mutton,Қўй гўшти,2019-M09,2019,49707.0
022,Tovuq go'shti,Мясо птицы,Poultry,Товуқ гўшти,2019-M09,2019,17938.0
026,Turli baliqlar,Рыба всякая,Fish of all kinds,Турли балиқлар,2019-M09,2019,17132.0
027,Yangi sog'ilgan sut (1 litr),Молоко свежее (1 литр),Fresh milk (1 liter),Янги соғилган сут (1 литр),2019-M09,2019,3852.0
034,Tuxum (10 dona),Яйца (10 штук),Eggs (10 pieces ),Тухум (10 дона),2019-M09,2019,6607.0
035,Paxta yog'i (1 litr),Масло хлопковое (1 литр),Cottonseed oil (1 liter),Пахта ёғи (1 литр),2019-M09,2019,0.0
0036,Kungaboqar yog'i (1 litr),Масло подсолнечное (1 литр),Sunflower oil (1 liter),Кунгабоқар ёғи (1 литр),2019-M09,2019,0.0
037,Sariyog',Масло сливочное,Butter,Сариёғ,2019-M09,2019,40383.0
039,Limon,Лимоны,Lemons,Лимон,2019-M09,2019,26702.0
0040,Olma,Яблоки,Apples,Олма,2019-M09,2019,4692.0
041,Nok,Груши,Pears,Нок,2019-M09,2019,7362.0
049,Uzum,Виноград,Grape,Узум,2019-M09,2019,5196.0
0050,Tarvuz,Арбуз,Watermelon,Тарвуз,2019-M09,2019,1411.0
0051,Qovun,Дыня,Melon,Қовун,2019-M09,2019,1944.0
053,Mayiz,Кишмиш,Kishmish,Майиз,2019-M09,2019,26526.0
055,Karam,Капуста,Cabbage,Карам,2019-M09,2019,2396.0
057,Bodring,Огурцы,Cucumbers,Бодринг,2019-M09,2019,2380.0
058,Pomidor,Помидоры,Tomatoes,Помидор,2019-M09,2019,3118.0
059,Baqlajon,Баклажаны,Eggplant,Бақлажон,2019-M09,2019,2731.0
0060,Bulg'or qalampiri,Перец болгарский,Bell pepper,Булғор қалампири,2019-M09,2019,2482.0
061,Qovoq,Тыква,Pumpkin,Қовоқ,2019-M09,2019,1904.0
063,Sabzi,Морковь,Carrot,Сабзи,2019-M09,2019,2565.0
065,Sarimsoq,Чеснок,Garlic,Саримсоқ,2019-M09,2019,6389.0
066,Piyoz,Лук репчатый,Onion,Пиёз,2019-M09,2019,1812.0
069,Kartoshka,Картофель,Potatoes,Картошка,2019-M09,2019,2278.0
0070,Loviya,Фасоль,Beans,Ловия,2019-M09,2019,8019.0
071,No'xot,Горох,Peas,Нўхот,2019-M09,2019,9589.0
0072,Mosh,Маш,Mash,Мош,2019-M09,2019,6911.0
073,Shakar,Сахар песок,Sugar,Шакар,2019-M09,2019,0.0
002,Kruppa yormasi,Крупа манная,Semolina,Круппа ёрмаси,2019-M09,2019,2432.0
001,Guruch,Рис,Rice,Гуруч,2019-M10,2019,10415.0
003,Arpa,Ячмень,Barley,Арпа,2019-M10,2019,2442.0
0004,Bug'doy,Пшеница,Wheat,Буғдой,2019-M10,2019,2322.0
005,Jo'hori,Кукуруза,Corn,Жўҳори,2019-M10,2019,2491.0
006,Kepak,Отруби,Bran,Кепак,2019-M10,2019,1625.0
0008,Shrot,Шрот,Schroth,Шрот,2019-M10,2019,2691.0
009,Shulxa,Шелуха,Husk,Шулха,2019-M10,2019,2250.0
010,Kombikorm,Комбикорм,Compound feed,Комбикорм,2019-M10,2019,2119.0
011,Oliy navli bug'doy uni,Мука пшеничная высшего сорта,High-grade wheat flour,Олий навли буғдой уни,2019-M10,2019,0.0
0012,1-navli bug'doy uni,Мука пшеничная первого сорта,First grade wheat flour,1-навли буғдой уни,2019-M10,2019,0.0
013,1-nav bug'doy unidan non,Хлеб пшеничный из муки 1-го сорта,Wheat bread from 1st grade flour,1-нав буғдой унидан нон,2019-M10,2019,0.0
017,Mol go'shti,Говядина,Beef,Мол гўшти,2019-M10,2019,49506.0
0020,Qo'y go'shti,Баранина,Mutton,Қўй гўшти,2019-M10,2019,49643.0
022,Tovuq go'shti,Мясо птицы,Poultry,Товуқ гўшти,2019-M10,2019,18948.0
026,Turli baliqlar,Рыба всякая,Fish of all kinds,Турли балиқлар,2019-M10,2019,16779.0
027,Yangi sog'ilgan sut (1 litr),Молоко свежее (1 литр),Fresh milk (1 liter),Янги соғилган сут (1 литр),2019-M10,2019,3889.0
034,Tuxum (10 dona),Яйца (10 штук),Eggs (10 pieces ),Тухум (10 дона),2019-M10,2019,7209.0
035,Paxta yog'i (1 litr),Масло хлопковое (1 литр),Cottonseed oil (1 liter),Пахта ёғи (1 литр),2019-M10,2019,0.0
0036,Kungaboqar yog'i (1 litr),Масло подсолнечное (1 литр),Sunflower oil (1 liter),Кунгабоқар ёғи (1 литр),2019-M10,2019,0.0
037,Sariyog',Масло сливочное,Butter,Сариёғ,2019-M10,2019,40719.0
039,Limon,Лимоны,Lemons,Лимон,2019-M10,2019,16018.0
0040,Olma,Яблоки,Apples,Олма,2019-M10,2019,5345.0
041,Nok,Груши,Pears,Нок,2019-M10,2019,7909.0
049,Uzum,Виноград,Grape,Узум,2019-M10,2019,5380.0
0050,Tarvuz,Арбуз,Watermelon,Тарвуз,2019-M10,2019,1394.0
0051,Qovun,Дыня,Melon,Қовун,2019-M10,2019,1816.0
053,Mayiz,Кишмиш,Kishmish,Майиз,2019-M10,2019,26541.0
055,Karam,Капуста,Cabbage,Карам,2019-M10,2019,2083.0
057,Bodring,Огурцы,Cucumbers,Бодринг,2019-M10,2019,2769.0
058,Pomidor,Помидоры,Tomatoes,Помидор,2019-M10,2019,3989.0
059,Baqlajon,Баклажаны,Eggplant,Бақлажон,2019-M10,2019,2388.0
0060,Bulg'or qalampiri,Перец болгарский,Bell pepper,Булғор қалампири,2019-M10,2019,2483.0
061,Qovoq,Тыква,Pumpkin,Қовоқ,2019-M10,2019,1790.0
063,Sabzi,Морковь,Carrot,Сабзи,2019-M10,2019,2156.0
065,Sarimsoq,Чеснок,Garlic,Саримсоқ,2019-M10,2019,9780.0
066,Piyoz,Лук репчатый,Onion,Пиёз,2019-M10,2019,1415.0
069,Kartoshka,Картофель,Potatoes,Картошка,2019-M10,2019,2326.0
0070,Loviya,Фасоль,Beans,Ловия,2019-M10,2019,8193.0
071,No'xot,Горох,Peas,Нўхот,2019-M10,2019,9675.0
0072,Mosh,Маш,Mash,Мош,2019-M10,2019,7494.0
073,Shakar,Сахар песок,Sugar,Шакар,2019-M10,2019,0.0
002,Kruppa yormasi,Крупа манная,Semolina,Круппа ёрмаси,2019-M10,2019,2442.0
001,Guruch,Рис,Rice,Гуруч,2019-M11,2019,9988.0
003,Arpa,Ячмень,Barley,Арпа,2019-M11,2019,2452.0
0004,Bug'doy,Пшеница,Wheat,Буғдой,2019-M11,2019,2356.0
005,Jo'hori,Кукуруза,Corn,Жўҳори,2019-M11,2019,2498.0
006,Kepak,Отруби,Bran,Кепак,2019-M11,2019,1625.0
0008,Shrot,Шрот,Schroth,Шрот,2019-M11,2019,2698.0
009,Shulxa,Шелуха,Husk,Шулха,2019-M11,2019,2259.0
010,Kombikorm,Комбикорм,Compound feed,Комбикорм,2019-M11,2019,2112.0
011,Oliy navli bug'doy uni,Мука пшеничная высшего сорта,High-grade wheat flour,Олий навли буғдой уни,2019-M11,2019,0.0
0012,1-navli bug'doy uni,Мука пшеничная первого сорта,First grade wheat flour,1-навли буғдой уни,2019-M11,2019,0.0
013,1-nav bug'doy unidan non,Хлеб пшеничный из муки 1-го сорта,Wheat bread from 1st grade flour,1-нав буғдой унидан нон,2019-M11,2019,0.0
017,Mol go'shti,Говядина,Beef,Мол гўшти,2019-M11,2019,49546.0
0020,Qo'y go'shti,Баранина,Mutton,Қўй гўшти,2019-M11,2019,49985.0
022,Tovuq go'shti,Мясо птицы,Poultry,Товуқ гўшти,2019-M11,2019,19657.0
026,Turli baliqlar,Рыба всякая,Fish of all kinds,Турли балиқлар,2019-M11,2019,16569.0
027,Yangi sog'ilgan sut (1 litr),Молоко свежее (1 литр),Fresh milk (1 liter),Янги соғилган сут (1 литр),2019-M11,2019,3923.0
034,Tuxum (10 dona),Яйца (10 штук),Eggs (10 pieces ),Тухум (10 дона),2019-M11,2019,7342.0
035,Paxta yog'i (1 litr),Масло хлопковое (1 литр),Cottonseed oil (1 liter),Пахта ёғи (1 литр),2019-M11,2019,0.0
0036,Kungaboqar yog'i (1 litr),Масло подсолнечное (1 литр),Sunflower oil (1 liter),Кунгабоқар ёғи (1 литр),2019-M11,2019,0.0
037,Sariyog',Масло сливочное,Butter,Сариёғ,2019-M11,2019,40719.0
039,Limon,Лимоны,Lemons,Лимон,2019-M11,2019,12542.0
0040,Olma,Яблоки,Apples,Олма,2019-M11,2019,6597.0
041,Nok,Груши,Pears,Нок,2019-M11,2019,10513.0
049,Uzum,Виноград,Grape,Узум,2019-M11,2019,7078.0
0050,Tarvuz,Арбуз,Watermelon,Тарвуз,2019-M11,2019,1548.0
0051,Qovun,Дыня,Melon,Қовун,2019-M11,2019,1871.0
053,Mayiz,Кишмиш,Kishmish,Майиз,2019-M11,2019,26620.0
055,Karam,Капуста,Cabbage,Карам,2019-M11,2019,1605.0
057,Bodring,Огурцы,Cucumbers,Бодринг,2019-M11,2019,5985.0
058,Pomidor,Помидоры,Tomatoes,Помидор,2019-M11,2019,6456.0
059,Baqlajon,Баклажаны,Eggplant,Бақлажон,2019-M11,2019,2773.0
0060,Bulg'or qalampiri,Перец болгарский,Bell pepper,Булғор қалампири,2019-M11,2019,2998.0
061,Qovoq,Тыква,Pumpkin,Қовоқ,2019-M11,2019,1688.0
063,Sabzi,Морковь,Carrot,Сабзи,2019-M11,2019,1771.0
065,Sarimsoq,Чеснок,Garlic,Саримсоқ,2019-M11,2019,11641.0
066,Piyoz,Лук репчатый,Onion,Пиёз,2019-M11,2019,1350.0
069,Kartoshka,Картофель,Potatoes,Картошка,2019-M11,2019,2282.0
0070,Loviya,Фасоль,Beans,Ловия,2019-M11,2019,8289.0
071,No'xot,Горох,Peas,Нўхот,2019-M11,2019,9709.0
0072,Mosh,Маш,Mash,Мош,2019-M11,2019,7828.0
073,Shakar,Сахар песок,Sugar,Шакар,2019-M11,2019,0.0
002,Kruppa yormasi,Крупа манная,Semolina,Круппа ёрмаси,2019-M11,2019,2452.0
001,Guruch,Рис,Rice,Гуруч,2019-M12,2019,9619.0
003,Arpa,Ячмень,Barley,Арпа,2019-M12,2019,2451.0
0004,Bug'doy,Пшеница,Wheat,Буғдой,2019-M12,2019,2365.0
005,Jo'hori,Кукуруза,Corn,Жўҳори,2019-M12,2019,2498.0
006,Kepak,Отруби,Bran,Кепак,2019-M12,2019,1625.0
0008,Shrot,Шрот,Schroth,Шрот,2019-M12,2019,2712.0
009,Shulxa,Шелуха,Husk,Шулха,2019-M12,2019,2275.0
010,Kombikorm,Комбикорм,Compound feed,Комбикорм,2019-M12,2019,2097.0
011,Oliy navli bug'doy uni,Мука пшеничная высшего сорта,High-grade wheat flour,Олий навли буғдой уни,2019-M12,2019,0.0
0012,1-navli bug'doy uni,Мука пшеничная первого сорта,First grade wheat flour,1-навли буғдой уни,2019-M12,2019,0.0
013,1-nav bug'doy unidan non,Хлеб пшеничный из муки 1-го сорта,Wheat bread from 1st grade flour,1-нав буғдой унидан нон,2019-M12,2019,0.0
017,Mol go'shti,Говядина,Beef,Мол гўшти,2019-M12,2019,49291.0
0020,Qo'y go'shti,Баранина,Mutton,Қўй гўшти,2019-M12,2019,49832.0
022,Tovuq go'shti,Мясо птицы,Poultry,Товуқ гўшти,2019-M12,2019,19756.0
026,Turli baliqlar,Рыба всякая,Fish of all kinds,Турли балиқлар,2019-M12,2019,17007.0
027,Yangi sog'ilgan sut (1 litr),Молоко свежее (1 литр),Fresh milk (1 liter),Янги соғилган сут (1 литр),2019-M12,2019,3977.0
034,Tuxum (10 dona),Яйца (10 штук),Eggs (10 pieces ),Тухум (10 дона),2019-M12,2019,7646.0
035,Paxta yog'i (1 litr),Масло хлопковое (1 литр),Cottonseed oil (1 liter),Пахта ёғи (1 литр),2019-M12,2019,0.0
0036,Kungaboqar yog'i (1 litr),Масло подсолнечное (1 литр),Sunflower oil (1 liter),Кунгабоқар ёғи (1 литр),2019-M12,2019,0.0
037,Sariyog',Масло сливочное,Butter,Сариёғ,2019-M12,2019,40719.0
039,Limon,Лимоны,Lemons,Лимон,2019-M12,2019,9481.0
0040,Olma,Яблоки,Apples,Олма,2019-M12,2019,8785.0
041,Nok,Груши,Pears,Нок,2019-M12,2019,11740.0
049,Uzum,Виноград,Grape,Узум,2019-M12,2019,9062.0
0050,Tarvuz,Арбуз,Watermelon,Тарвуз,2019-M12,2019,1988.0
0051,Qovun,Дыня,Melon,Қовун,2019-M12,2019,2188.0
053,Mayiz,Кишмиш,Kishmish,Майиз,2019-M12,2019,26778.0
055,Karam,Капуста,Cabbage,Карам,2019-M12,2019,1608.0
057,Bodring,Огурцы,Cucumbers,Бодринг,2019-M12,2019,11383.0
058,Pomidor,Помидоры,Tomatoes,Помидор,2019-M12,2019,10258.0
059,Baqlajon,Баклажаны,Eggplant,Бақлажон,2019-M12,2019,5080.0
0060,Bulg'or qalampiri,Перец болгарский,Bell pepper,Булғор қалампири,2019-M12,2019,4973.0
061,Qovoq,Тыква,Pumpkin,Қовоқ,2019-M12,2019,1760.0
063,Sabzi,Морковь,Carrot,Сабзи,2019-M12,2019,1662.0
065,Sarimsoq,Чеснок,Garlic,Саримсоқ,2019-M12,2019,18966.0
066,Piyoz,Лук репчатый,Onion,Пиёз,2019-M12,2019,1579.0
069,Kartoshka,Картофель,Potatoes,Картошка,2019-M12,2019,2312.0
0070,Loviya,Фасоль,Beans,Ловия,2019-M12,2019,8528.0
071,No'xot,Горох,Peas,Нўхот,2019-M12,2019,9697.0
0072,Mosh,Маш,Mash,Мош,2019-M12,2019,8145.0
073,Shakar,Сахар песок,Sugar,Шакар,2019-M12,2019,0.0
002,Kruppa yormasi,Крупа манная,Semolina,Круппа ёрмаси,2019-M12,2019,2451.0
001,Guruch,Рис,Rice,Гуруч,2020-M01,2020,9359.0
003,Arpa,Ячмень,Barley,Арпа,2020-M01,2020,2454.0
0004,Bug'doy,Пшеница,Wheat,Буғдой,2020-M01,2020,2363.0
005,Jo'hori,Кукуруза,Corn,Жўҳори,2020-M01,2020,2483.0
006,Kepak,Отруби,Bran,Кепак,2020-M01,2020,1627.0
0008,Shrot,Шрот,Schroth,Шрот,2020-M01,2020,2712.0
009,Shulxa,Шелуха,Husk,Шулха,2020-M01,2020,2282.0
010,Kombikorm,Комбикорм,Compound feed,Комбикорм,2020-M01,2020,2097.0
011,Oliy navli bug'doy uni,Мука пшеничная высшего сорта,High-grade wheat flour,Олий навли буғдой уни,2020-M01,2020,0.0
0012,1-navli bug'doy uni,Мука пшеничная первого сорта,First grade wheat flour,1-навли буғдой уни,2020-M01,2020,0.0
013,1-nav bug'doy unidan non,Хлеб пшеничный из муки 1-го сорта,Wheat bread from 1st grade flour,1-нав буғдой унидан нон,2020-M01,2020,0.0
017,Mol go'shti,Говядина,Beef,Мол гўшти,2020-M01,2020,49089.0
0020,Qo'y go'shti,Баранина,Mutton,Қўй гўшти,2020-M01,2020,49446.0
022,Tovuq go'shti,Мясо птицы,Poultry,Товуқ гўшти,2020-M01,2020,18836.0
026,Turli baliqlar,Рыба всякая,Fish of all kinds,Турли балиқлар,2020-M01,2020,17089.0
027,Yangi sog'ilgan sut (1 litr),Молоко свежее (1 литр),Fresh milk (1 liter),Янги соғилган сут (1 литр),2020-M01,2020,4018.0
034,Tuxum (10 dona),Яйца (10 штук),Eggs (10 pieces ),Тухум (10 дона),2020-M01,2020,7771.0
035,Paxta yog'i (1 litr),Масло хлопковое (1 литр),Cottonseed oil (1 liter),Пахта ёғи (1 литр),2020-M01,2020,0.0
0036,Kungaboqar yog'i (1 litr),Масло подсолнечное (1 литр),Sunflower oil (1 liter),Кунгабоқар ёғи (1 литр),2020-M01,2020,0.0
037,Sariyog',Масло сливочное,Butter,Сариёғ,2020-M01,2020,40719.0
039,Limon,Лимоны,Lemons,Лимон,2020-M01,2020,7998.0
0040,Olma,Яблоки,Apples,Олма,2020-M01,2020,10837.0
041,Nok,Груши,Pears,Нок,2020-M01,2020,13058.0
049,Uzum,Виноград,Grape,Узум,2020-M01,2020,11044.0
0050,Tarvuz,Арбуз,Watermelon,Тарвуз,2020-M01,2020,2342.0
0051,Qovun,Дыня,Melon,Қовун,2020-M01,2020,2623.0
053,Mayiz,Кишмиш,Kishmish,Майиз,2020-M01,2020,26817.0
055,Karam,Капуста,Cabbage,Карам,2020-M01,2020,1776.0
057,Bodring,Огурцы,Cucumbers,Бодринг,2020-M01,2020,14706.0
058,Pomidor,Помидоры,Tomatoes,Помидор,2020-M01,2020,13236.0
059,Baqlajon,Баклажаны,Eggplant,Бақлажон,2020-M01,2020,7350.0
0060,Bulg'or qalampiri,Перец болгарский,Bell pepper,Булғор қалампири,2020-M01,2020,10814.0
061,Qovoq,Тыква,Pumpkin,Қовоқ,2020-M01,2020,1967.0
063,Sabzi,Морковь,Carrot,Сабзи,2020-M01,2020,1684.0
065,Sarimsoq,Чеснок,Garlic,Саримсоқ,2020-M01,2020,24119.0
066,Piyoz,Лук репчатый,Onion,Пиёз,2020-M01,2020,1826.0
069,Kartoshka,Картофель,Potatoes,Картошка,2020-M01,2020,2481.0
0070,Loviya,Фасоль,Beans,Ловия,2020-M01,2020,8723.0
071,No'xot,Горох,Peas,Нўхот,2020-M01,2020,9650.0
0072,Mosh,Маш,Mash,Мош,2020-M01,2020,8263.0
073,Shakar,Сахар песок,Sugar,Шакар,2020-M01,2020,0.0
002,Kruppa yormasi,Крупа манная,Semolina,Круппа ёрмаси,2020-M01,2020,2454.0
001,Guruch,Рис,Rice,Гуруч,2020-M02,2020,9285.0
003,Arpa,Ячмень,Barley,Арпа,2020-M02,2020,2455.0
0004,Bug'doy,Пшеница,Wheat,Буғдой,2020-M02,2020,2379.0
005,Jo'hori,Кукуруза,Corn,Жўҳори,2020-M02,2020,2480.0
006,Kepak,Отруби,Bran,Кепак,2020-M02,2020,1635.0
0008,Shrot,Шрот,Schroth,Шрот,2020-M02,2020,2712.0
009,Shulxa,Шелуха,Husk,Шулха,2020-M02,2020,2282.0
010,Kombikorm,Комбикорм,Compound feed,Комбикорм,2020-M02,2020,2097.0
011,Oliy navli bug'doy uni,Мука пшеничная высшего сорта,High-grade wheat flour,Олий навли буғдой уни,2020-M02,2020,0.0
0012,1-navli bug'doy uni,Мука пшеничная первого сорта,First grade wheat flour,1-навли буғдой уни,2020-M02,2020,0.0
013,1-nav bug'doy unidan non,Хлеб пшеничный из муки 1-го сорта,Wheat bread from 1st grade flour,1-нав буғдой унидан нон,2020-M02,2020,0.0
017,Mol go'shti,Говядина,Beef,Мол гўшти,2020-M02,2020,49252.0
0020,Qo'y go'shti,Баранина,Mutton,Қўй гўшти,2020-M02,2020,49626.0
022,Tovuq go'shti,Мясо птицы,Poultry,Товуқ гўшти,2020-M02,2020,18279.0
026,Turli baliqlar,Рыба всякая,Fish of all kinds,Турли балиқлар,2020-M02,2020,17141.0
027,Yangi sog'ilgan sut (1 litr),Молоко свежее (1 литр),Fresh milk (1 liter),Янги соғилган сут (1 литр),2020-M02,2020,4025.0
034,Tuxum (10 dona),Яйца (10 штук),Eggs (10 pieces ),Тухум (10 дона),2020-M02,2020,7752.0
035,Paxta yog'i (1 litr),Масло хлопковое (1 литр),Cottonseed oil (1 liter),Пахта ёғи (1 литр),2020-M02,2020,0.0
0036,Kungaboqar yog'i (1 litr),Масло подсолнечное (1 литр),Sunflower oil (1 liter),Кунгабоқар ёғи (1 литр),2020-M02,2020,0.0
037,Sariyog',Масло сливочное,Butter,Сариёғ,2020-M02,2020,40719.0
039,Limon,Лимоны,Lemons,Лимон,2020-M02,2020,8243.0
0040,Olma,Яблоки,Apples,Олма,2020-M02,2020,11135.0
041,Nok,Груши,Pears,Нок,2020-M02,2020,13525.0
049,Uzum,Виноград,Grape,Узум,2020-M02,2020,11678.0
0050,Tarvuz,Арбуз,Watermelon,Тарвуз,2020-M02,2020,2677.0
0051,Qovun,Дыня,Melon,Қовун,2020-M02,2020,2952.0
053,Mayiz,Кишмиш,Kishmish,Майиз,2020-M02,2020,26869.0
055,Karam,Капуста,Cabbage,Карам,2020-M02,2020,1811.0
057,Bodring,Огурцы,Cucumbers,Бодринг,2020-M02,2020,14875.0
058,Pomidor,Помидоры,Tomatoes,Помидор,2020-M02,2020,13954.0
059,Baqlajon,Баклажаны,Eggplant,Бақлажон,2020-M02,2020,0.0
0060,Bulg'or qalampiri,Перец болгарский,Bell pepper,Булғор қалампири,2020-M02,2020,23263.0
061,Qovoq,Тыква,Pumpkin,Қовоқ,2020-M02,2020,2002.0
063,Sabzi,Морковь,Carrot,Сабзи,2020-M02,2020,1586.0
065,Sarimsoq,Чеснок,Garlic,Саримсоқ,2020-M02,2020,24924.0
066,Piyoz,Лук репчатый,Onion,Пиёз,2020-M02,2020,1988.0
069,Kartoshka,Картофель,Potatoes,Картошка,2020-M02,2020,2671.0
0070,Loviya,Фасоль,Beans,Ловия,2020-M02,2020,8795.0
071,No'xot,Горох,Peas,Нўхот,2020-M02,2020,9511.0
0072,Mosh,Маш,Mash,Мош,2020-M02,2020,8342.0
073,Shakar,Сахар песок,Sugar,Шакар,2020-M02,2020,0.0
002,Kruppa yormasi,Крупа манная,Semolina,Круппа ёрмаси,2020-M02,2020,2455.0
001,Guruch,Рис,Rice,Гуруч,2020-M03,2020,9097.0
003,Arpa,Ячмень,Barley,Арпа,2020-M03,2020,2485.0
0004,Bug'doy,Пшеница,Wheat,Буғдой,2020-M03,2020,2488.0
005,Jo'hori,Кукуруза,Corn,Жўҳори,2020-M03,2020,2591.0
006,Kepak,Отруби,Bran,Кепак,2020-M03,2020,1639.0
0008,Shrot,Шрот,Schroth,Шрот,2020-M03,2020,2713.0
009,Shulxa,Шелуха,Husk,Шулха,2020-M03,2020,2278.0
010,Kombikorm,Комбикорм,Compound feed,Комбикорм,2020-M03,2020,2098.0
011,Oliy navli bug'doy uni,Мука пшеничная высшего сорта,High-grade wheat flour,Олий навли буғдой уни,2020-M03,2020,0.0
0012,1-navli bug'doy uni,Мука пшеничная первого сорта,First grade wheat flour,1-навли буғдой уни,2020-M03,2020,0.0
013,1-nav bug'doy unidan non,Хлеб пшеничный из муки 1-го сорта,Wheat bread from 1st grade flour,1-нав буғдой унидан нон,2020-M03,2020,0.0
017,Mol go'shti,Говядина,Beef,Мол гўшти,2020-M03,2020,49712.0
0020,Qo'y go'shti,Баранина,Mutton,Қўй гўшти,2020-M03,2020,50598.0
022,Tovuq go'shti,Мясо птицы,Poultry,Товуқ гўшти,2020-M03,2020,18440.0
026,Turli baliqlar,Рыба всякая,Fish of all kinds,Турли балиқлар,2020-M03,2020,18119.0
027,Yangi sog'ilgan sut (1 litr),Молоко свежее (1 литр),Fresh milk (1 liter),Янги соғилган сут (1 литр),2020-M03,2020,4039.0
034,Tuxum (10 dona),Яйца (10 штук),Eggs (10 pieces ),Тухум (10 дона),2020-M03,2020,7566.0
035,Paxta yog'i (1 litr),Масло хлопковое (1 литр),Cottonseed oil (1 liter),Пахта ёғи (1 литр),2020-M03,2020,0.0
0036,Kungaboqar yog'i (1 litr),Масло подсолнечное (1 литр),Sunflower oil (1 liter),Кунгабоқар ёғи (1 литр),2020-M03,2020,0.0
037,Sariyog',Масло сливочное,Butter,Сариёғ,2020-M03,2020,40719.0
039,Limon,Лимоны,Lemons,Лимон,2020-M03,2020,10407.0
0040,Olma,Яблоки,Apples,Олма,2020-M03,2020,11205.0
041,Nok,Груши,Pears,Нок,2020-M03,2020,14733.0
049,Uzum,Виноград,Grape,Узум,2020-M03,2020,11896.0
0050,Tarvuz,Арбуз,Watermelon,Тарвуз,2020-M03,2020,0.0
0051,Qovun,Дыня,Melon,Қовун,2020-M03,2020,0.0
053,Mayiz,Кишмиш,Kishmish,Майиз,2020-M03,2020,26863.0
055,Karam,Капуста,Cabbage,Карам,2020-M03,2020,2002.0
057,Bodring,Огурцы,Cucumbers,Бодринг,2020-M03,2020,12787.0
058,Pomidor,Помидоры,Tomatoes,Помидор,2020-M03,2020,14873.0
059,Baqlajon,Баклажаны,Eggplant,Бақлажон,2020-M03,2020,0.0
0060,Bulg'or qalampiri,Перец болгарский,Bell pepper,Булғор қалампири,2020-M03,2020,27985.0
061,Qovoq,Тыква,Pumpkin,Қовоқ,2020-M03,2020,2206.0
063,Sabzi,Морковь,Carrot,Сабзи,2020-M03,2020,1580.0
065,Sarimsoq,Чеснок,Garlic,Саримсоқ,2020-M03,2020,30458.0
066,Piyoz,Лук репчатый,Onion,Пиёз,2020-M03,2020,2140.0
069,Kartoshka,Картофель,Potatoes,Картошка,2020-M03,2020,3243.0
0070,Loviya,Фасоль,Beans,Ловия,2020-M03,2020,9213.0
071,No'xot,Горох,Peas,Нўхот,2020-M03,2020,9638.0
0072,Mosh,Маш,Mash,Мош,2020-M03,2020,8451.0
073,Shakar,Сахар песок,Sugar,Шакар,2020-M03,2020,0.0
002,Kruppa yormasi,Крупа манная,Semolina,Круппа ёрмаси,2020-M03,2020,2485.0
001,Guruch,Рис,Rice,Гуруч,2020-M04,2020,8826.0
003,Arpa,Ячмень,Barley,Арпа,2020-M04,2020,2625.0
0004,Bug'doy,Пшеница,Wheat,Буғдой,2020-M04,2020,2867.0
005,Jo'hori,Кукуруза,Corn,Жўҳори,2020-M04,2020,2813.0
006,Kepak,Отруби,Bran,Кепак,2020-M04,2020,1676.0
0008,Shrot,Шрот,Schroth,Шрот,2020-M04,2020,2713.0
009,Shulxa,Шелуха,Husk,Шулха,2020-M04,2020,2284.0
010,Kombikorm,Комбикорм,Compound feed,Комбикорм,2020-M04,2020,2109.0
011,Oliy navli bug'doy uni,Мука пшеничная высшего сорта,High-grade wheat flour,Олий навли буғдой уни,2020-M04,2020,0.0
0012,1-navli bug'doy uni,Мука пшеничная первого сорта,First grade wheat flour,1-навли буғдой уни,2020-M04,2020,0.0
013,1-nav bug'doy unidan non,Хлеб пшеничный из муки 1-го сорта,Wheat bread from 1st grade flour,1-нав буғдой унидан нон,2020-M04,2020,0.0
017,Mol go'shti,Говядина,Beef,Мол гўшти,2020-M04,2020,49526.0
0020,Qo'y go'shti,Баранина,Mutton,Қўй гўшти,2020-M04,2020,51473.0
022,Tovuq go'shti,Мясо птицы,Poultry,Товуқ гўшти,2020-M04,2020,18239.0
026,Turli baliqlar,Рыба всякая,Fish of all kinds,Турли балиқлар,2020-M04,2020,18163.0
027,Yangi sog'ilgan sut (1 litr),Молоко свежее (1 литр),Fresh milk (1 liter),Янги соғилган сут (1 литр),2020-M04,2020,3959.0
034,Tuxum (10 dona),Яйца (10 штук),Eggs (10 pieces ),Тухум (10 дона),2020-M04,2020,7780.0
035,Paxta yog'i (1 litr),Масло хлопковое (1 литр),Cottonseed oil (1 liter),Пахта ёғи (1 литр),2020-M04,2020,0.0
0036,Kungaboqar yog'i (1 litr),Масло подсолнечное (1 литр),Sunflower oil (1 liter),Кунгабоқар ёғи (1 литр),2020-M04,2020,0.0
037,Sariyog',Масло сливочное,Butter,Сариёғ,2020-M04,2020,40719.0
039,Limon,Лимоны,Lemons,Лимон,2020-M04,2020,19303.0
0040,Olma,Яблоки,Apples,Олма,2020-M04,2020,11022.0
041,Nok,Груши,Pears,Нок,2020-M04,2020,15538.0
049,Uzum,Виноград,Grape,Узум,2020-M04,2020,11206.0
0050,Tarvuz,Арбуз,Watermelon,Тарвуз,2020-M04,2020,0.0
0051,Qovun,Дыня,Melon,Қовун,2020-M04,2020,0.0
053,Mayiz,Кишмиш,Kishmish,Майиз,2020-M04,2020,26863.0
055,Karam,Капуста,Cabbage,Карам,2020-M04,2020,1952.0
057,Bodring,Огурцы,Cucumbers,Бодринг,2020-M04,2020,8331.0
058,Pomidor,Помидоры,Tomatoes,Помидор,2020-M04,2020,11398.0
059,Baqlajon,Баклажаны,Eggplant,Бақлажон,2020-M04,2020,0.0
0060,Bulg'or qalampiri,Перец болгарский,Bell pepper,Булғор қалампири,2020-M04,2020,31210.0
061,Qovoq,Тыква,Pumpkin,Қовоқ,2020-M04,2020,2360.0
063,Sabzi,Морковь,Carrot,Сабзи,2020-M04,2020,1707.0
065,Sarimsoq,Чеснок,Garlic,Саримсоқ,2020-M04,2020,34525.0
066,Piyoz,Лук репчатый,Onion,Пиёз,2020-M04,2020,2621.0
069,Kartoshka,Картофель,Potatoes,Картошка,2020-M04,2020,4771.0
0070,Loviya,Фасоль,Beans,Ловия,2020-M04,2020,10068.0
071,No'xot,Горох,Peas,Нўхот,2020-M04,2020,9655.0
0072,Mosh,Маш,Mash,Мош,2020-M04,2020,8860.0
073,Shakar,Сахар песок,Sugar,Шакар,2020-M04,2020,0.0
002,Kruppa yormasi,Крупа манная,Semolina,Круппа ёрмаси,2020-M04,2020,2625.0
001,Guruch,Рис,Rice,Гуруч,2020-M05,2020,8931.0
003,Arpa,Ячмень,Barley,Арпа,2020-M05,2020,2702.0
0004,Bug'doy,Пшеница,Wheat,Буғдой,2020-M05,2020,3246.0
005,Jo'hori,Кукуруза,Corn,Жўҳори,2020-M05,2020,3079.0
006,Kepak,Отруби,Bran,Кепак,2020-M05,2020,1712.0
0008,Shrot,Шрот,Schroth,Шрот,2020-M05,2020,2722.0
009,Shulxa,Шелуха,Husk,Шулха,2020-M05,2020,2296.0
010,Kombikorm,Комбикорм,Compound feed,Комбикорм,2020-M05,2020,2121.0
011,Oliy navli bug'doy uni,Мука пшеничная высшего сорта,High-grade wheat flour,Олий навли буғдой уни,2020-M05,2020,0.0
0012,1-navli bug'doy uni,Мука пшеничная первого сорта,First grade wheat flour,1-навли буғдой уни,2020-M05,2020,0.0
013,1-nav bug'doy unidan non,Хлеб пшеничный из муки 1-го сорта,Wheat bread from 1st grade flour,1-нав буғдой унидан нон,2020-M05,2020,0.0
017,Mol go'shti,Говядина,Beef,Мол гўшти,2020-M05,2020,49607.0
0020,Qo'y go'shti,Баранина,Mutton,Қўй гўшти,2020-M05,2020,51878.0
022,Tovuq go'shti,Мясо птицы,Poultry,Товуқ гўшти,2020-M05,2020,18058.0
026,Turli baliqlar,Рыба всякая,Fish of all kinds,Турли балиқлар,2020-M05,2020,19370.0
027,Yangi sog'ilgan sut (1 litr),Молоко свежее (1 литр),Fresh milk (1 liter),Янги соғилган сут (1 литр),2020-M05,2020,3935.0
034,Tuxum (10 dona),Яйца (10 штук),Eggs (10 pieces ),Тухум (10 дона),2020-M05,2020,8283.0
035,Paxta yog'i (1 litr),Масло хлопковое (1 литр),Cottonseed oil (1 liter),Пахта ёғи (1 литр),2020-M05,2020,0.0
0036,Kungaboqar yog'i (1 litr),Масло подсолнечное (1 литр),Sunflower oil (1 liter),Кунгабоқар ёғи (1 литр),2020-M05,2020,0.0
037,Sariyog',Масло сливочное,Butter,Сариёғ,2020-M05,2020,40719.0
039,Limon,Лимоны,Lemons,Лимон,2020-M05,2020,24899.0
0040,Olma,Яблоки,Apples,Олма,2020-M05,2020,10619.0
041,Nok,Груши,Pears,Нок,2020-M05,2020,15499.0
049,Uzum,Виноград,Grape,Узум,2020-M05,2020,10684.0
0050,Tarvuz,Арбуз,Watermelon,Тарвуз,2020-M05,2020,0.0
0051,Qovun,Дыня,Melon,Қовун,2020-M05,2020,0.0
053,Mayiz,Кишмиш,Kishmish,Майиз,2020-M05,2020,26858.0
055,Karam,Капуста,Cabbage,Карам,2020-M05,2020,1334.0
057,Bodring,Огурцы,Cucumbers,Бодринг,2020-M05,2020,3642.0
058,Pomidor,Помидоры,Tomatoes,Помидор,2020-M05,2020,7447.0
059,Baqlajon,Баклажаны,Eggplant,Бақлажон,2020-M05,2020,14715.0
0060,Bulg'or qalampiri,Перец болгарский,Bell pepper,Булғор қалампири,2020-M05,2020,15202.0
061,Qovoq,Тыква,Pumpkin,Қовоқ,2020-M05,2020,2360.0
063,Sabzi,Морковь,Carrot,Сабзи,2020-M05,2020,2138.0
065,Sarimsoq,Чеснок,Garlic,Саримсоқ,2020-M05,2020,30759.0
066,Piyoz,Лук репчатый,Onion,Пиёз,2020-M05,2020,1934.0
069,Kartoshka,Картофель,Potatoes,Картошка,2020-M05,2020,4373.0
0070,Loviya,Фасоль,Beans,Ловия,2020-M05,2020,11603.0
071,No'xot,Горох,Peas,Нўхот,2020-M05,2020,9690.0
0072,Mosh,Маш,Mash,Мош,2020-M05,2020,9564.0
073,Shakar,Сахар песок,Sugar,Шакар,2020-M05,2020,0.0
002,Kruppa yormasi,Крупа манная,Semolina,Круппа ёрмаси,2020-M05,2020,2702.0
001,Guruch,Рис,Rice,Гуруч,2020-M06,2020,8839.0
003,Arpa,Ячмень,Barley,Арпа,2020-M06,2020,2706.0
0004,Bug'doy,Пшеница,Wheat,Буғдой,2020-M06,2020,3252.0
005,Jo'hori,Кукуруза,Corn,Жўҳори,2020-M06,2020,3164.0
006,Kepak,Отруби,Bran,Кепак,2020-M06,2020,1716.0
0008,Shrot,Шрот,Schroth,Шрот,2020-M06,2020,2724.0
009,Shulxa,Шелуха,Husk,Шулха,2020-M06,2020,2297.0
010,Kombikorm,Комбикорм,Compound feed,Комбикорм,2020-M06,2020,2123.0
011,Oliy navli bug'doy uni,Мука пшеничная высшего сорта,High-grade wheat flour,Олий навли буғдой уни,2020-M06,2020,0.0
0012,1-navli bug'doy uni,Мука пшеничная первого сорта,First grade wheat flour,1-навли буғдой уни,2020-M06,2020,0.0
013,1-nav bug'doy unidan non,Хлеб пшеничный из муки 1-го сорта,Wheat bread from 1st grade flour,1-нав буғдой унидан нон,2020-M06,2020,0.0
017,Mol go'shti,Говядина,Beef,Мол гўшти,2020-M06,2020,49863.0
0020,Qo'y go'shti,Баранина,Mutton,Қўй гўшти,2020-M06,2020,52062.0
022,Tovuq go'shti,Мясо птицы,Poultry,Товуқ гўшти,2020-M06,2020,18452.0
026,Turli baliqlar,Рыба всякая,Fish of all kinds,Турли балиқлар,2020-M06,2020,19693.0
027,Yangi sog'ilgan sut (1 litr),Молоко свежее (1 литр),Fresh milk (1 liter),Янги соғилган сут (1 литр),2020-M06,2020,3911.0
034,Tuxum (10 dona),Яйца (10 штук),Eggs (10 pieces ),Тухум (10 дона),2020-M06,2020,8211.0
035,Paxta yog'i (1 litr),Масло хлопковое (1 литр),Cottonseed oil (1 liter),Пахта ёғи (1 литр),2020-M06,2020,0.0
0036,Kungaboqar yog'i (1 litr),Масло подсолнечное (1 литр),Sunflower oil (1 liter),Кунгабоқар ёғи (1 литр),2020-M06,2020,0.0
037,Sariyog',Масло сливочное,Butter,Сариёғ,2020-M06,2020,40719.0
039,Limon,Лимоны,Lemons,Лимон,2020-M06,2020,28665.0
0040,Olma,Яблоки,Apples,Олма,2020-M06,2020,7846.0
041,Nok,Груши,Pears,Нок,2020-M06,2020,17423.0
049,Uzum,Виноград,Grape,Узум,2020-M06,2020,10799.0
0050,Tarvuz,Арбуз,Watermelon,Тарвуз,2020-M06,2020,2979.0
0051,Qovun,Дыня,Melon,Қовун,2020-M06,2020,4252.0
053,Mayiz,Кишмиш,Kishmish,Майиз,2020-M06,2020,26896.0
055,Karam,Капуста,Cabbage,Карам,2020-M06,2020,937.0
057,Bodring,Огурцы,Cucumbers,Бодринг,2020-M06,2020,2461.0
058,Pomidor,Помидоры,Tomatoes,Помидор,2020-M06,2020,4074.0
059,Baqlajon,Баклажаны,Eggplant,Бақлажон,2020-M06,2020,6539.0
0060,Bulg'or qalampiri,Перец болгарский,Bell pepper,Булғор қалампири,2020-M06,2020,6150.0
061,Qovoq,Тыква,Pumpkin,Қовоқ,2020-M06,2020,2530.0
063,Sabzi,Морковь,Carrot,Сабзи,2020-M06,2020,2164.0
065,Sarimsoq,Чеснок,Garlic,Саримсоқ,2020-M06,2020,21802.0
066,Piyoz,Лук репчатый,Onion,Пиёз,2020-M06,2020,1486.0
069,Kartoshka,Картофель,Potatoes,Картошка,2020-M06,2020,3389.0
0070,Loviya,Фасоль,Beans,Ловия,2020-M06,2020,12750.0
071,No'xot,Горох,Peas,Нўхот,2020-M06,2020,9730.0
0072,Mosh,Маш,Mash,Мош,2020-M06,2020,9813.0
073,Shakar,Сахар песок,Sugar,Шакар,2020-M06,2020,0.0
002,Kruppa yormasi,Крупа манная,Semolina,Круппа ёрмаси,2020-M06,2020,2706.0
001,Guruch,Рис,Rice,Гуруч,2020-M07,2020,8842.0
003,Arpa,Ячмень,Barley,Арпа,2020-M07,2020,2713.0
0004,Bug'doy,Пшеница,Wheat,Буғдой,2020-M07,2020,3027.0
005,Jo'hori,Кукуруза,Corn,Жўҳори,2020-M07,2020,3235.0
006,Kepak,Отруби,Bran,Кепак,2020-M07,2020,1718.0
0008,Shrot,Шрот,Schroth,Шрот,2020-M07,2020,2728.0
009,Shulxa,Шелуха,Husk,Шулха,2020-M07,2020,2298.0
010,Kombikorm,Комбикорм,Compound feed,Комбикорм,2020-M07,2020,2123.0
011,Oliy navli bug'doy uni,Мука пшеничная высшего сорта,High-grade wheat flour,Олий навли буғдой уни,2020-M07,2020,0.0
0012,1-navli bug'doy uni,Мука пшеничная первого сорта,First grade wheat flour,1-навли буғдой уни,2020-M07,2020,0.0
013,1-nav bug'doy unidan non,Хлеб пшеничный из муки 1-го сорта,Wheat bread from 1st grade flour,1-нав буғдой унидан нон,2020-M07,2020,0.0
017,Mol go'shti,Говядина,Beef,Мол гўшти,2020-M07,2020,50524.0
0020,Qo'y go'shti,Баранина,Mutton,Қўй гўшти,2020-M07,2020,52460.0
022,Tovuq go'shti,Мясо птицы,Poultry,Товуқ гўшти,2020-M07,2020,18429.0
026,Turli baliqlar,Рыба всякая,Fish of all kinds,Турли балиқлар,2020-M07,2020,20148.0
027,Yangi sog'ilgan sut (1 litr),Молоко свежее (1 литр),Fresh milk (1 liter),Янги соғилган сут (1 литр),2020-M07,2020,3902.0
034,Tuxum (10 dona),Яйца (10 штук),Eggs (10 pieces ),Тухум (10 дона),2020-M07,2020,7951.0
035,Paxta yog'i (1 litr),Масло хлопковое (1 литр),Cottonseed oil (1 liter),Пахта ёғи (1 литр),2020-M07,2020,0.0
0036,Kungaboqar yog'i (1 litr),Масло подсолнечное (1 литр),Sunflower oil (1 liter),Кунгабоқар ёғи (1 литр),2020-M07,2020,0.0
037,Sariyog',Масло сливочное,Butter,Сариёғ,2020-M07,2020,40719.0
039,Limon,Лимоны,Lemons,Лимон,2020-M07,2020,31449.0
0040,Olma,Яблоки,Apples,Олма,2020-M07,2020,6752.0
041,Nok,Груши,Pears,Нок,2020-M07,2020,12888.0
049,Uzum,Виноград,Grape,Узум,2020-M07,2020,9066.0
0050,Tarvuz,Арбуз,Watermelon,Тарвуз,2020-M07,2020,1607.0
0051,Qovun,Дыня,Melon,Қовун,2020-M07,2020,2813.0
053,Mayiz,Кишмиш,Kishmish,Майиз,2020-M07,2020,26878.0
055,Karam,Капуста,Cabbage,Карам,2020-M07,2020,1113.0
057,Bodring,Огурцы,Cucumbers,Бодринг,2020-M07,2020,1856.0
058,Pomidor,Помидоры,Tomatoes,Помидор,2020-M07,2020,3110.0
059,Baqlajon,Баклажаны,Eggplant,Бақлажон,2020-M07,2020,2551.0
0060,Bulg'or qalampiri,Перец болгарский,Bell pepper,Булғор қалампири,2020-M07,2020,3883.0
061,Qovoq,Тыква,Pumpkin,Қовоқ,2020-M07,2020,2545.0
063,Sabzi,Морковь,Carrot,Сабзи,2020-M07,2020,2212.0
065,Sarimsoq,Чеснок,Garlic,Саримсоқ,2020-M07,2020,21373.0
066,Piyoz,Лук репчатый,Onion,Пиёз,2020-M07,2020,1435.0
069,Kartoshka,Картофель,Potatoes,Картошка,2020-M07,2020,2981.0
0070,Loviya,Фасоль,Beans,Ловия,2020-M07,2020,12794.0
071,No'xot,Горох,Peas,Нўхот,2020-M07,2020,9725.0
0072,Mosh,Маш,Mash,Мош,2020-M07,2020,9898.0
073,Shakar,Сахар песок,Sugar,Шакар,2020-M07,2020,0.0
002,Kruppa yormasi,Крупа манная,Semolina,Круппа ёрмаси,2020-M07,2020,2713.0
001,Guruch,Рис,Rice,Гуруч,2020-M08,2020,9071.0
003,Arpa,Ячмень,Barley,Арпа,2020-M08,2020,2877.0
0004,Bug'doy,Пшеница,Wheat,Буғдой,2020-M08,2020,3184.0
005,Jo'hori,Кукуруза,Corn,Жўҳори,2020-M08,2020,3512.0
006,Kepak,Отруби,Bran,Кепак,2020-M08,2020,1743.0
0008,Shrot,Шрот,Schroth,Шрот,2020-M08,2020,2746.0
009,Shulxa,Шелуха,Husk,Шулха,2020-M08,2020,2319.0
010,Kombikorm,Комбикорм,Compound feed,Комбикорм,2020-M08,2020,2140.0
011,Oliy navli bug'doy uni,Мука пшеничная высшего сорта,High-grade wheat flour,Олий навли буғдой уни,2020-M08,2020,0.0
0012,1-navli bug'doy uni,Мука пшеничная первого сорта,First grade wheat flour,1-навли буғдой уни,2020-M08,2020,0.0
013,1-nav bug'doy unidan non,Хлеб пшеничный из муки 1-го сорта,Wheat bread from 1st grade flour,1-нав буғдой унидан нон,2020-M08,2020,0.0
017,Mol go'shti,Говядина,Beef,Мол гўшти,2020-M08,2020,54406.0
0020,Qo'y go'shti,Баранина,Mutton,Қўй гўшти,2020-M08,2020,56577.0
022,Tovuq go'shti,Мясо птицы,Poultry,Товуқ гўшти,2020-M08,2020,18370.0
026,Turli baliqlar,Рыба всякая,Fish of all kinds,Турли балиқлар,2020-M08,2020,19942.0
027,Yangi sog'ilgan sut (1 litr),Молоко свежее (1 литр),Fresh milk (1 liter),Янги соғилган сут (1 литр),2020-M08,2020,3902.0
034,Tuxum (10 dona),Яйца (10 штук),Eggs (10 pieces ),Тухум (10 дона),2020-M08,2020,8025.0
035,Paxta yog'i (1 litr),Масло хлопковое (1 литр),Cottonseed oil (1 liter),Пахта ёғи (1 литр),2020-M08,2020,0.0
0036,Kungaboqar yog'i (1 litr),Масло подсолнечное (1 литр),Sunflower oil (1 liter),Кунгабоқар ёғи (1 литр),2020-M08,2020,0.0
037,Sariyog',Масло сливочное,Butter,Сариёғ,2020-M08,2020,40719.0
039,Limon,Лимоны,Lemons,Лимон,2020-M08,2020,34372.0
0040,Olma,Яблоки,Apples,Олма,2020-M08,2020,6717.0
041,Nok,Груши,Pears,Нок,2020-M08,2020,11499.0
049,Uzum,Виноград,Grape,Узум,2020-M08,2020,7574.0
0050,Tarvuz,Арбуз,Watermelon,Тарвуз,2020-M08,2020,1292.0
0051,Qovun,Дыня,Melon,Қовун,2020-M08,2020,2191.0
053,Mayiz,Кишмиш,Kishmish,Майиз,2020-M08,2020,26875.0
055,Karam,Капуста,Cabbage,Карам,2020-M08,2020,1652.0
057,Bodring,Огурцы,Cucumbers,Бодринг,2020-M08,2020,2413.0
058,Pomidor,Помидоры,Tomatoes,Помидор,2020-M08,2020,2094.0
059,Baqlajon,Баклажаны,Eggplant,Бақлажон,2020-M08,2020,2334.0
0060,Bulg'or qalampiri,Перец болгарский,Bell pepper,Булғор қалампири,2020-M08,2020,3452.0
061,Qovoq,Тыква,Pumpkin,Қовоқ,2020-M08,2020,2404.0
063,Sabzi,Морковь,Carrot,Сабзи,2020-M08,2020,2292.0
065,Sarimsoq,Чеснок,Garlic,Саримсоқ,2020-M08,2020,26009.0
066,Piyoz,Лук репчатый,Onion,Пиёз,2020-M08,2020,1557.0
069,Kartoshka,Картофель,Potatoes,Картошка,2020-M08,2020,3030.0
0070,Loviya,Фасоль,Beans,Ловия,2020-M08,2020,13046.0
071,No'xot,Горох,Peas,Нўхот,2020-M08,2020,9765.0
0072,Mosh,Маш,Mash,Мош,2020-M08,2020,9846.0
073,Shakar,Сахар песок,Sugar,Шакар,2020-M08,2020,0.0
002,Kruppa yormasi,Крупа манная,Semolina,Круппа ёрмаси,2020-M08,2020,2877.0
001,Guruch,Рис,Rice,Гуруч,2020-M09,2020,9418.0
003,Arpa,Ячмень,Barley,Арпа,2020-M09,2020,2850.0
0004,Bug'doy,Пшеница,Wheat,Буғдой,2020-M09,2020,3192.0
005,Jo'hori,Кукуруза,Corn,Жўҳори,2020-M09,2020,3386.0
006,Kepak,Отруби,Bran,Кепак,2020-M09,2020,1768.0
0008,Shrot,Шрот,Schroth,Шрот,2020-M09,2020,2804.0
009,Shulxa,Шелуха,Husk,Шулха,2020-M09,2020,2378.0
010,Kombikorm,Комбикорм,Compound feed,Комбикорм,2020-M09,2020,2186.0
011,Oliy navli bug'doy uni,Мука пшеничная высшего сорта,High-grade wheat flour,Олий навли буғдой уни,2020-M09,2020,0.0
0012,1-navli bug'doy uni,Мука пшеничная первого сорта,First grade wheat flour,1-навли буғдой уни,2020-M09,2020,0.0
013,1-nav bug'doy unidan non,Хлеб пшеничный из муки 1-го сорта,Wheat bread from 1st grade flour,1-нав буғдой унидан нон,2020-M09,2020,0.0
017,Mol go'shti,Говядина,Beef,Мол гўшти,2020-M09,2020,58339.0
0020,Qo'y go'shti,Баранина,Mutton,Қўй гўшти,2020-M09,2020,60692.0
022,Tovuq go'shti,Мясо птицы,Poultry,Товуқ гўшти,2020-M09,2020,18394.0
026,Turli baliqlar,Рыба всякая,Fish of all kinds,Турли балиқлар,2020-M09,2020,17911.0
027,Yangi sog'ilgan sut (1 litr),Молоко свежее (1 литр),Fresh milk (1 liter),Янги соғилган сут (1 литр),2020-M09,2020,3858.0
034,Tuxum (10 dona),Яйца (10 штук),Eggs (10 pieces ),Тухум (10 дона),2020-M09,2020,8515.0
035,Paxta yog'i (1 litr),Масло хлопковое (1 литр),Cottonseed oil (1 liter),Пахта ёғи (1 литр),2020-M09,2020,0.0
0036,Kungaboqar yog'i (1 litr),Масло подсолнечное (1 литр),Sunflower oil (1 liter),Кунгабоқар ёғи (1 литр),2020-M09,2020,0.0
037,Sariyog',Масло сливочное,Butter,Сариёғ,2020-M09,2020,40719.0
039,Limon,Лимоны,Lemons,Лимон,2020-M09,2020,28644.0
0040,Olma,Яблоки,Apples,Олма,2020-M09,2020,6594.0
041,Nok,Груши,Pears,Нок,2020-M09,2020,11366.0
049,Uzum,Виноград,Grape,Узум,2020-M09,2020,6666.0
0050,Tarvuz,Арбуз,Watermelon,Тарвуз,2020-M09,2020,1176.0
0051,Qovun,Дыня,Melon,Қовун,2020-M09,2020,1957.0
053,Mayiz,Кишмиш,Kishmish,Майиз,2020-M09,2020,26878.0
055,Karam,Капуста,Cabbage,Карам,2020-M09,2020,1586.0
057,Bodring,Огурцы,Cucumbers,Бодринг,2020-M09,2020,2451.0
058,Pomidor,Помидоры,Tomatoes,Помидор,2020-M09,2020,1580.0
059,Baqlajon,Баклажаны,Eggplant,Бақлажон,2020-M09,2020,2306.0
0060,Bulg'or qalampiri,Перец болгарский,Bell pepper,Булғор қалампири,2020-M09,2020,2595.0
061,Qovoq,Тыква,Pumpkin,Қовоқ,2020-M09,2020,2288.0
063,Sabzi,Морковь,Carrot,Сабзи,2020-M09,2020,2314.0
065,Sarimsoq,Чеснок,Garlic,Саримсоқ,2020-M09,2020,23661.0
066,Piyoz,Лук репчатый,Onion,Пиёз,2020-M09,2020,1486.0
069,Kartoshka,Картофель,Potatoes,Картошка,2020-M09,2020,3094.0
0070,Loviya,Фасоль,Beans,Ловия,2020-M09,2020,12632.0
071,No'xot,Горох,Peas,Нўхот,2020-M09,2020,10348.0
0072,Mosh,Маш,Mash,Мош,2020-M09,2020,10050.0
073,Shakar,Сахар песок,Sugar,Шакар,2020-M09,2020,0.0
002,Kruppa yormasi,Крупа манная,Semolina,Круппа ёрмаси,2020-M09,2020,2850.0
001,Guruch,Рис,Rice,Гуруч,2020-M10,2020,9702.0
003,Arpa,Ячмень,Barley,Арпа,2020-M10,2020,2810.0
0004,Bug'doy,Пшеница,Wheat,Буғдой,2020-M10,2020,3184.0
005,Jo'hori,Кукуруза,Corn,Жўҳори,2020-M10,2020,3097.0
006,Kepak,Отруби,Bran,Кепак,2020-M10,2020,1801.0
0008,Shrot,Шрот,Schroth,Шрот,2020-M10,2020,2831.0
009,Shulxa,Шелуха,Husk,Шулха,2020-M10,2020,2401.0
010,Kombikorm,Комбикорм,Compound feed,Комбикорм,2020-M10,2020,2212.0
011,Oliy navli bug'doy uni,Мука пшеничная высшего сорта,High-grade wheat flour,Олий навли буғдой уни,2020-M10,2020,0.0
0012,1-navli bug'doy uni,Мука пшеничная первого сорта,First grade wheat flour,1-навли буғдой уни,2020-M10,2020,0.0
013,1-nav bug'doy unidan non,Хлеб пшеничный из муки 1-го сорта,Wheat bread from 1st grade flour,1-нав буғдой унидан нон,2020-M10,2020,0.0
017,Mol go'shti,Говядина,Beef,Мол гўшти,2020-M10,2020,58716.0
0020,Qo'y go'shti,Баранина,Mutton,Қўй гўшти,2020-M10,2020,62196.0
022,Tovuq go'shti,Мясо птицы,Poultry,Товуқ гўшти,2020-M10,2020,18210.0
026,Turli baliqlar,Рыба всякая,Fish of all kinds,Турли балиқлар,2020-M10,2020,17699.0
027,Yangi sog'ilgan sut (1 litr),Молоко свежее (1 литр),Fresh milk (1 liter),Янги соғилган сут (1 литр),2020-M10,2020,3929.0
034,Tuxum (10 dona),Яйца (10 штук),Eggs (10 pieces ),Тухум (10 дона),2020-M10,2020,10566.0
035,Paxta yog'i (1 litr),Масло хлопковое (1 литр),Cottonseed oil (1 liter),Пахта ёғи (1 литр),2020-M10,2020,0.0
0036,Kungaboqar yog'i (1 litr),Масло подсолнечное (1 литр),Sunflower oil (1 liter),Кунгабоқар ёғи (1 литр),2020-M10,2020,0.0
037,Sariyog',Масло сливочное,Butter,Сариёғ,2020-M10,2020,40719.0
039,Limon,Лимоны,Lemons,Лимон,2020-M10,2020,19631.0
0040,Olma,Яблоки,Apples,Олма,2020-M10,2020,7108.0
041,Nok,Груши,Pears,Нок,2020-M10,2020,12559.0
049,Uzum,Виноград,Grape,Узум,2020-M10,2020,8769.0
0050,Tarvuz,Арбуз,Watermelon,Тарвуз,2020-M10,2020,1730.0
0051,Qovun,Дыня,Melon,Қовун,2020-M10,2020,2429.0
053,Mayiz,Кишмиш,Kishmish,Майиз,2020-M10,2020,26944.0
055,Karam,Капуста,Cabbage,Карам,2020-M10,2020,1450.0
057,Bodring,Огурцы,Cucumbers,Бодринг,2020-M10,2020,3980.0
058,Pomidor,Помидоры,Tomatoes,Помидор,2020-M10,2020,3681.0
059,Baqlajon,Баклажаны,Eggplant,Бақлажон,2020-M10,2020,2274.0
0060,Bulg'or qalampiri,Перец болгарский,Bell pepper,Булғор қалампири,2020-M10,2020,2563.0
061,Qovoq,Тыква,Pumpkin,Қовоқ,2020-M10,2020,2200.0
063,Sabzi,Морковь,Carrot,Сабзи,2020-M10,2020,2230.0
065,Sarimsoq,Чеснок,Garlic,Саримсоқ,2020-M10,2020,20488.0
066,Piyoz,Лук репчатый,Onion,Пиёз,2020-M10,2020,1541.0
069,Kartoshka,Картофель,Potatoes,Картошка,2020-M10,2020,3191.0
0070,Loviya,Фасоль,Beans,Ловия,2020-M10,2020,12077.0
071,No'xot,Горох,Peas,Нўхот,2020-M10,2020,10686.0
0072,Mosh,Маш,Mash,Мош,2020-M10,2020,10175.0
073,Shakar,Сахар песок,Sugar,Шакар,2020-M10,2020,0.0
002,Kruppa yormasi,Крупа манная,Semolina,Круппа ёрмаси,2020-M10,2020,2810.0
001,Guruch,Рис,Rice,Гуруч,2020-M11,2020,9598.0
003,Arpa,Ячмень,Barley,Арпа,2020-M11,2020,2788.0
0004,Bug'doy,Пшеница,Wheat,Буғдой,2020-M11,2020,3139.0
005,Jo'hori,Кукуруза,Corn,Жўҳори,2020-M11,2020,2983.0
006,Kepak,Отруби,Bran,Кепак,2020-M11,2020,1815.0
0008,Shrot,Шрот,Schroth,Шрот,2020-M11,2020,2856.0
009,Shulxa,Шелуха,Husk,Шулха,2020-M11,2020,2398.0
010,Kombikorm,Комбикорм,Compound feed,Комбикорм,2020-M11,2020,2229.0
011,Oliy navli bug'doy uni,Мука пшеничная высшего сорта,High-grade wheat flour,Олий навли буғдой уни,2020-M11,2020,0.0
0012,1-navli bug'doy uni,Мука пшеничная первого сорта,First grade wheat flour,1-навли буғдой уни,2020-M11,2020,0.0
013,1-nav bug'doy unidan non,Хлеб пшеничный из муки 1-го сорта,Wheat bread from 1st grade flour,1-нав буғдой унидан нон,2020-M11,2020,0.0
017,Mol go'shti,Говядина,Beef,Мол гўшти,2020-M11,2020,58440.0
0020,Qo'y go'shti,Баранина,Mutton,Қўй гўшти,2020-M11,2020,62523.0
022,Tovuq go'shti,Мясо птицы,Poultry,Товуқ гўшти,2020-M11,2020,18103.0
026,Turli baliqlar,Рыба всякая,Fish of all kinds,Турли балиқлар,2020-M11,2020,18083.0
027,Yangi sog'ilgan sut (1 litr),Молоко свежее (1 литр),Fresh milk (1 liter),Янги соғилган сут (1 литр),2020-M11,2020,3959.0
034,Tuxum (10 dona),Яйца (10 штук),Eggs (10 pieces ),Тухум (10 дона),2020-M11,2020,10310.0
035,Paxta yog'i (1 litr),Масло хлопковое (1 литр),Cottonseed oil (1 liter),Пахта ёғи (1 литр),2020-M11,2020,0.0
0036,Kungaboqar yog'i (1 litr),Масло подсолнечное (1 литр),Sunflower oil (1 liter),Кунгабоқар ёғи (1 литр),2020-M11,2020,0.0
037,Sariyog',Масло сливочное,Butter,Сариёғ,2020-M11,2020,40719.0
039,Limon,Лимоны,Lemons,Лимон,2020-M11,2020,15301.0
0040,Olma,Яблоки,Apples,Олма,2020-M11,2020,7588.0
041,Nok,Груши,Pears,Нок,2020-M11,2020,15297.0
049,Uzum,Виноград,Grape,Узум,2020-M11,2020,10772.0
0050,Tarvuz,Арбуз,Watermelon,Тарвуз,2020-M11,2020,2005.0
0051,Qovun,Дыня,Melon,Қовун,2020-M11,2020,2484.0
053,Mayiz,Кишмиш,Kishmish,Майиз,2020-M11,2020,27010.0
055,Karam,Капуста,Cabbage,Карам,2020-M11,2020,1539.0
057,Bodring,Огурцы,Cucumbers,Бодринг,2020-M11,2020,9070.0
058,Pomidor,Помидоры,Tomatoes,Помидор,2020-M11,2020,7539.0
059,Baqlajon,Баклажаны,Eggplant,Бақлажон,2020-M11,2020,3433.0
0060,Bulg'or qalampiri,Перец болгарский,Bell pepper,Булғор қалампири,2020-M11,2020,4232.0
061,Qovoq,Тыква,Pumpkin,Қовоқ,2020-M11,2020,2070.0
063,Sabzi,Морковь,Carrot,Сабзи,2020-M11,2020,1953.0
065,Sarimsoq,Чеснок,Garlic,Саримсоқ,2020-M11,2020,19749.0
066,Piyoz,Лук репчатый,Onion,Пиёз,2020-M11,2020,1557.0
069,Kartoshka,Картофель,Potatoes,Картошка,2020-M11,2020,3335.0
0070,Loviya,Фасоль,Beans,Ловия,2020-M11,2020,11377.0
071,No'xot,Горох,Peas,Нўхот,2020-M11,2020,11259.0
0072,Mosh,Маш,Mash,Мош,2020-M11,2020,10007.0
073,Shakar,Сахар песок,Sugar,Шакар,2020-M11,2020,0.0
002,Kruppa yormasi,Крупа манная,Semolina,Круппа ёрмаси,2020-M11,2020,2788.0
001,Guruch,Рис,Rice,Гуруч,2020-M12,2020,9657.0
003,Arpa,Ячмень,Barley,Арпа,2020-M12,2020,2763.0
0004,Bug'doy,Пшеница,Wheat,Буғдой,2020-M12,2020,3122.0
005,Jo'hori,Кукуруза,Corn,Жўҳори,2020-M12,2020,2894.0
006,Kepak,Отруби,Bran,Кепак,2020-M12,2020,1845.0
0008,Shrot,Шрот,Schroth,Шрот,2020-M12,2020,2857.0
009,Shulxa,Шелуха,Husk,Шулха,2020-M12,2020,2396.0
010,Kombikorm,Комбикорм,Compound feed,Комбикорм,2020-M12,2020,2244.0
011,Oliy navli bug'doy uni,Мука пшеничная высшего сорта,High-grade wheat flour,Олий навли буғдой уни,2020-M12,2020,0.0
0012,1-navli bug'doy uni,Мука пшеничная первого сорта,First grade wheat flour,1-навли буғдой уни,2020-M12,2020,0.0
013,1-nav bug'doy unidan non,Хлеб пшеничный из муки 1-го сорта,Wheat bread from 1st grade flour,1-нав буғдой унидан нон,2020-M12,2020,0.0
017,Mol go'shti,Говядина,Beef,Мол гўшти,2020-M12,2020,58580.0
0020,Qo'y go'shti,Баранина,Mutton,Қўй гўшти,2020-M12,2020,63078.0
022,Tovuq go'shti,Мясо птицы,Poultry,Товуқ гўшти,2020-M12,2020,18846.0
026,Turli baliqlar,Рыба всякая,Fish of all kinds,Турли балиқлар,2020-M12,2020,18257.0
027,Yangi sog'ilgan sut (1 litr),Молоко свежее (1 литр),Fresh milk (1 liter),Янги соғилган сут (1 литр),2020-M12,2020,4016.0
034,Tuxum (10 dona),Яйца (10 штук),Eggs (10 pieces ),Тухум (10 дона),2020-M12,2020,10545.0
035,Paxta yog'i (1 litr),Масло хлопковое (1 литр),Cottonseed oil (1 liter),Пахта ёғи (1 литр),2020-M12,2020,0.0
0036,Kungaboqar yog'i (1 litr),Масло подсолнечное (1 литр),Sunflower oil (1 liter),Кунгабоқар ёғи (1 литр),2020-M12,2020,0.0
037,Sariyog',Масло сливочное,Butter,Сариёғ,2020-M12,2020,40719.0
039,Limon,Лимоны,Lemons,Лимон,2020-M12,2020,15124.0
0040,Olma,Яблоки,Apples,Олма,2020-M12,2020,7959.0
041,Nok,Груши,Pears,Нок,2020-M12,2020,17092.0
049,Uzum,Виноград,Grape,Узум,2020-M12,2020,12420.0
0050,Tarvuz,Арбуз,Watermelon,Тарвуз,2020-M12,2020,2446.0
0051,Qovun,Дыня,Melon,Қовун,2020-M12,2020,3379.0
053,Mayiz,Кишмиш,Kishmish,Майиз,2020-M12,2020,26991.0
055,Karam,Капуста,Cabbage,Карам,2020-M12,2020,1661.0
057,Bodring,Огурцы,Cucumbers,Бодринг,2020-M12,2020,14717.0
058,Pomidor,Помидоры,Tomatoes,Помидор,2020-M12,2020,9589.0
059,Baqlajon,Баклажаны,Eggplant,Бақлажон,2020-M12,2020,6069.0
0060,Bulg'or qalampiri,Перец болгарский,Bell pepper,Булғор қалампири,2020-M12,2020,10084.0
061,Qovoq,Тыква,Pumpkin,Қовоқ,2020-M12,2020,2101.0
063,Sabzi,Морковь,Carrot,Сабзи,2020-M12,2020,1841.0
065,Sarimsoq,Чеснок,Garlic,Саримсоқ,2020-M12,2020,20350.0
066,Piyoz,Лук репчатый,Onion,Пиёз,2020-M12,2020,1615.0
069,Kartoshka,Картофель,Potatoes,Картошка,2020-M12,2020,3496.0
0070,Loviya,Фасоль,Beans,Ловия,2020-M12,2020,11386.0
071,No'xot,Горох,Peas,Нўхот,2020-M12,2020,11937.0
0072,Mosh,Маш,Mash,Мош,2020-M12,2020,10318.0
073,Shakar,Сахар песок,Sugar,Шакар,2020-M12,2020,0.0
002,Kruppa yormasi,Крупа манная,Semolina,Круппа ёрмаси,2020-M12,2020,2763.0
001,Guruch,Рис,Rice,Гуруч,2021-M01,2021,9599.0
003,Arpa,Ячмень,Barley,Арпа,2021-M01,2021,2777.0
0004,Bug'doy,Пшеница,Wheat,Буғдой,2021-M01,2021,3124.0
005,Jo'hori,Кукуруза,Corn,Жўҳори,2021-M01,2021,2916.0
006,Kepak,Отруби,Bran,Кепак,2021-M01,2021,1859.0
0008,Shrot,Шрот,Schroth,Шрот,2021-M01,2021,2881.0
009,Shulxa,Шелуха,Husk,Шулха,2021-M01,2021,2408.0
010,Kombikorm,Комбикорм,Compound feed,Комбикорм,2021-M01,2021,2255.0
011,Oliy navli bug'doy uni,Мука пшеничная высшего сорта,High-grade wheat flour,Олий навли буғдой уни,2021-M01,2021,0.0
0012,1-navli bug'doy uni,Мука пшеничная первого сорта,First grade wheat flour,1-навли буғдой уни,2021-M01,2021,0.0
013,1-nav bug'doy unidan non,Хлеб пшеничный из муки 1-го сорта,Wheat bread from 1st grade flour,1-нав буғдой унидан нон,2021-M01,2021,3407.0
017,Mol go'shti,Говядина,Beef,Мол гўшти,2021-M01,2021,61121.0
0020,Qo'y go'shti,Баранина,Mutton,Қўй гўшти,2021-M01,2021,63186.0
022,Tovuq go'shti,Мясо птицы,Poultry,Товуқ гўшти,2021-M01,2021,20049.0
026,Turli baliqlar,Рыба всякая,Fish of all kinds,Турли балиқлар,2021-M01,2021,18378.0
027,Yangi sog'ilgan sut (1 litr),Молоко свежее (1 литр),Fresh milk (1 liter),Янги соғилган сут (1 литр),2021-M01,2021,4080.0
034,Tuxum (10 dona),Яйца (10 штук),Eggs (10 pieces ),Тухум (10 дона),2021-M01,2021,10790.0
035,Paxta yog'i (1 litr),Масло хлопковое (1 литр),Cottonseed oil (1 liter),Пахта ёғи (1 литр),2021-M01,2021,0.0
0036,Kungaboqar yog'i (1 litr),Масло подсолнечное (1 литр),Sunflower oil (1 liter),Кунгабоқар ёғи (1 литр),2021-M01,2021,0.0
037,Sariyog',Масло сливочное,Butter,Сариёғ,2021-M01,2021,47589.0
039,Limon,Лимоны,Lemons,Лимон,2021-M01,2021,17583.0
0040,Olma,Яблоки,Apples,Олма,2021-M01,2021,8470.0
041,Nok,Груши,Pears,Нок,2021-M01,2021,19254.0
049,Uzum,Виноград,Grape,Узум,2021-M01,2021,14228.0
0050,Tarvuz,Арбуз,Watermelon,Тарвуз,2021-M01,2021,3231.0
0051,Qovun,Дыня,Melon,Қовун,2021-M01,2021,4146.0
053,Mayiz,Кишмиш,Kishmish,Майиз,2021-M01,2021,27005.0
055,Karam,Капуста,Cabbage,Карам,2021-M01,2021,1814.0
057,Bodring,Огурцы,Cucumbers,Бодринг,2021-M01,2021,16844.0
058,Pomidor,Помидоры,Tomatoes,Помидор,2021-M01,2021,10720.0
059,Baqlajon,Баклажаны,Eggplant,Бақлажон,2021-M01,2021,0.0
0060,Bulg'or qalampiri,Перец болгарский,Bell pepper,Булғор қалампири,2021-M01,2021,15721.0
061,Qovoq,Тыква,Pumpkin,Қовоқ,2021-M01,2021,2152.0
063,Sabzi,Морковь,Carrot,Сабзи,2021-M01,2021,1824.0
065,Sarimsoq,Чеснок,Garlic,Саримсоқ,2021-M01,2021,21023.0
066,Piyoz,Лук репчатый,Onion,Пиёз,2021-M01,2021,1683.0
069,Kartoshka,Картофель,Potatoes,Картошка,2021-M01,2021,3642.0
0070,Loviya,Фасоль,Beans,Ловия,2021-M01,2021,11336.0
071,No'xot,Горох,Peas,Нўхот,2021-M01,2021,12327.0
0072,Mosh,Маш,Mash,Мош,2021-M01,2021,10724.0
073,Shakar,Сахар песок,Sugar,Шакар,2021-M01,2021,0.0
002,Kruppa yormasi,Крупа манная,Semolina,Круппа ёрмаси,2021-M01,2021,2777.0
001,Guruch,Рис,Rice,Гуруч,2021-M02,2021,9697.0
003,Arpa,Ячмень,Barley,Арпа,2021-M02,2021,2803.0
0004,Bug'doy,Пшеница,Wheat,Буғдой,2021-M02,2021,3140.0
005,Jo'hori,Кукуруза,Corn,Жўҳори,2021-M02,2021,2958.0
006,Kepak,Отруби,Bran,Кепак,2021-M02,2021,1909.0
0008,Shrot,Шрот,Schroth,Шрот,2021-M02,2021,2921.0
009,Shulxa,Шелуха,Husk,Шулха,2021-M02,2021,2443.0
010,Kombikorm,Комбикорм,Compound feed,Комбикорм,2021-M02,2021,2313.0
011,Oliy navli bug'doy uni,Мука пшеничная высшего сорта,High-grade wheat flour,Олий навли буғдой уни,2021-M02,2021,0.0
0012,1-navli bug'doy uni,Мука пшеничная первого сорта,First grade wheat flour,1-навли буғдой уни,2021-M02,2021,0.0
013,1-nav bug'doy unidan non,Хлеб пшеничный из муки 1-го сорта,Wheat bread from 1st grade flour,1-нав буғдой унидан нон,2021-M02,2021,3406.0
017,Mol go'shti,Говядина,Beef,Мол гўшти,2021-M02,2021,61114.0
0020,Qo'y go'shti,Баранина,Mutton,Қўй гўшти,2021-M02,2021,63273.0
022,Tovuq go'shti,Мясо птицы,Poultry,Товуқ гўшти,2021-M02,2021,21145.0
026,Turli baliqlar,Рыба всякая,Fish of all kinds,Турли балиқлар,2021-M02,2021,18452.0
027,Yangi sog'ilgan sut (1 litr),Молоко свежее (1 литр),Fresh milk (1 liter),Янги соғилган сут (1 литр),2021-M02,2021,4196.0
034,Tuxum (10 dona),Яйца (10 штук),Eggs (10 pieces ),Тухум (10 дона),2021-M02,2021,10643.0
035,Paxta yog'i (1 litr),Масло хлопковое (1 литр),Cottonseed oil (1 liter),Пахта ёғи (1 литр),2021-M02,2021,0.0
0036,Kungaboqar yog'i (1 litr),Масло подсолнечное (1 литр),Sunflower oil (1 liter),Кунгабоқар ёғи (1 литр),2021-M02,2021,0.0
037,Sariyog',Масло сливочное,Butter,Сариёғ,2021-M02,2021,46641.0
039,Limon,Лимоны,Lemons,Лимон,2021-M02,2021,19033.0
0040,Olma,Яблоки,Apples,Олма,2021-M02,2021,8718.0
041,Nok,Груши,Pears,Нок,2021-M02,2021,18208.0
049,Uzum,Виноград,Grape,Узум,2021-M02,2021,15179.0
0050,Tarvuz,Арбуз,Watermelon,Тарвуз,2021-M02,2021,3494.0
0051,Qovun,Дыня,Melon,Қовун,2021-M02,2021,4450.0
053,Mayiz,Кишмиш,Kishmish,Майиз,2021-M02,2021,26786.0
055,Karam,Капуста,Cabbage,Карам,2021-M02,2021,1952.0
057,Bodring,Огурцы,Cucumbers,Бодринг,2021-M02,2021,13920.0
058,Pomidor,Помидоры,Tomatoes,Помидор,2021-M02,2021,11027.0
059,Baqlajon,Баклажаны,Eggplant,Бақлажон,2021-M02,2021,0.0
0060,Bulg'or qalampiri,Перец болгарский,Bell pepper,Булғор қалампири,2021-M02,2021,23619.0
061,Qovoq,Тыква,Pumpkin,Қовоқ,2021-M02,2021,2174.0
063,Sabzi,Морковь,Carrot,Сабзи,2021-M02,2021,1822.0
065,Sarimsoq,Чеснок,Garlic,Саримсоқ,2021-M02,2021,21631.0
066,Piyoz,Лук репчатый,Onion,Пиёз,2021-M02,2021,1660.0
069,Kartoshka,Картофель,Potatoes,Картошка,2021-M02,2021,3774.0
0070,Loviya,Фасоль,Beans,Ловия,2021-M02,2021,11320.0
071,No'xot,Горох,Peas,Нўхот,2021-M02,2021,13215.0
0072,Mosh,Маш,Mash,Мош,2021-M02,2021,11061.0
073,Shakar,Сахар песок,Sugar,Шакар,2021-M02,2021,0.0
002,Kruppa yormasi,Крупа манная,Semolina,Круппа ёрмаси,2021-M02,2021,2803.0
001,Guruch,Рис,Rice,Гуруч,2021-M03,2021,9798.0
003,Arpa,Ячмень,Barley,Арпа,2021-M03,2021,2851.0
0004,Bug'doy,Пшеница,Wheat,Буғдой,2021-M03,2021,3181.0
005,Jo'hori,Кукуруза,Corn,Жўҳори,2021-M03,2021,2993.0
006,Kepak,Отруби,Bran,Кепак,2021-M03,2021,1964.0
0008,Shrot,Шрот,Schroth,Шрот,2021-M03,2021,2932.0
009,Shulxa,Шелуха,Husk,Шулха,2021-M03,2021,2469.0
010,Kombikorm,Комбикорм,Compound feed,Комбикорм,2021-M03,2021,2467.0
011,Oliy navli bug'doy uni,Мука пшеничная высшего сорта,High-grade wheat flour,Олий навли буғдой уни,2021-M03,2021,0.0
0012,1-navli bug'doy uni,Мука пшеничная первого сорта,First grade wheat flour,1-навли буғдой уни,2021-M03,2021,0.0
013,1-nav bug'doy unidan non,Хлеб пшеничный из муки 1-го сорта,Wheat bread from 1st grade flour,1-нав буғдой унидан нон,2021-M03,2021,3415.0
017,Mol go'shti,Говядина,Beef,Мол гўшти,2021-M03,2021,61189.0
0020,Qo'y go'shti,Баранина,Mutton,Қўй гўшти,2021-M03,2021,63312.0
022,Tovuq go'shti,Мясо птицы,Poultry,Товуқ гўшти,2021-M03,2021,21966.0
026,Turli baliqlar,Рыба всякая,Fish of all kinds,Турли балиқлар,2021-M03,2021,18593.0
027,Yangi sog'ilgan sut (1 litr),Молоко свежее (1 литр),Fresh milk (1 liter),Янги соғилган сут (1 литр),2021-M03,2021,4230.0
034,Tuxum (10 dona),Яйца (10 штук),Eggs (10 pieces ),Тухум (10 дона),2021-M03,2021,10315.0
035,Paxta yog'i (1 litr),Масло хлопковое (1 литр),Cottonseed oil (1 liter),Пахта ёғи (1 литр),2021-M03,2021,0.0
0036,Kungaboqar yog'i (1 litr),Масло подсолнечное (1 литр),Sunflower oil (1 liter),Кунгабоқар ёғи (1 литр),2021-M03,2021,0.0
037,Sariyog',Масло сливочное,Butter,Сариёғ,2021-M03,2021,45986.0
039,Limon,Лимоны,Lemons,Лимон,2021-M03,2021,19817.0
0040,Olma,Яблоки,Apples,Олма,2021-M03,2021,9132.0
041,Nok,Груши,Pears,Нок,2021-M03,2021,25923.0
049,Uzum,Виноград,Grape,Узум,2021-M03,2021,17232.0
0050,Tarvuz,Арбуз,Watermelon,Тарвуз,2021-M03,2021,0.0
0051,Qovun,Дыня,Melon,Қовун,2021-M03,2021,0.0
053,Mayiz,Кишмиш,Kishmish,Майиз,2021-M03,2021,27126.0
055,Karam,Капуста,Cabbage,Карам,2021-M03,2021,2056.0
057,Bodring,Огурцы,Cucumbers,Бодринг,2021-M03,2021,14621.0
058,Pomidor,Помидоры,Tomatoes,Помидор,2021-M03,2021,14229.0
059,Baqlajon,Баклажаны,Eggplant,Бақлажон,2021-M03,2021,0.0
0060,Bulg'or qalampiri,Перец болгарский,Bell pepper,Булғор қалампири,2021-M03,2021,29910.0
061,Qovoq,Тыква,Pumpkin,Қовоқ,2021-M03,2021,1999.0
063,Sabzi,Морковь,Carrot,Сабзи,2021-M03,2021,1999.0
065,Sarimsoq,Чеснок,Garlic,Саримсоқ,2021-M03,2021,22274.0
066,Piyoz,Лук репчатый,Onion,Пиёз,2021-M03,2021,1657.0
069,Kartoshka,Картофель,Potatoes,Картошка,2021-M03,2021,3832.0
0070,Loviya,Фасоль,Beans,Ловия,2021-M03,2021,11563.0
071,No'xot,Горох,Peas,Нўхот,2021-M03,2021,14720.0
0072,Mosh,Маш,Mash,Мош,2021-M03,2021,11091.0
073,Shakar,Сахар песок,Sugar,Шакар,2021-M03,2021,0.0
002,Kruppa yormasi,Крупа манная,Semolina,Круппа ёрмаси,2021-M03,2021,2851.0
001,Guruch,Рис,Rice,Гуруч,2021-M04,2021,9915.0
003,Arpa,Ячмень,Barley,Арпа,2021-M04,2021,3094.0
0004,Bug'doy,Пшеница,Wheat,Буғдой,2021-M04,2021,3367.0
005,Jo'hori,Кукуруза,Corn,Жўҳори,2021-M04,2021,3268.0
006,Kepak,Отруби,Bran,Кепак,2021-M04,2021,2310.0
0008,Shrot,Шрот,Schroth,Шрот,2021-M04,2021,3163.0
009,Shulxa,Шелуха,Husk,Шулха,2021-M04,2021,2686.0
010,Kombikorm,Комбикорм,Compound feed,Комбикорм,2021-M04,2021,2631.0
011,Oliy navli bug'doy uni,Мука пшеничная высшего сорта,High-grade wheat flour,Олий навли буғдой уни,2021-M04,2021,0.0
0012,1-navli bug'doy uni,Мука пшеничная первого сорта,First grade wheat flour,1-навли буғдой уни,2021-M04,2021,0.0
013,1-nav bug'doy unidan non,Хлеб пшеничный из муки 1-го сорта,Wheat bread from 1st grade flour,1-нав буғдой унидан нон,2021-M04,2021,3403.0
017,Mol go'shti,Говядина,Beef,Мол гўшти,2021-M04,2021,62468.0
0020,Qo'y go'shti,Баранина,Mutton,Қўй гўшти,2021-M04,2021,64858.0
022,Tovuq go'shti,Мясо птицы,Poultry,Товуқ гўшти,2021-M04,2021,21826.0
026,Turli baliqlar,Рыба всякая,Fish of all kinds,Турли балиқлар,2021-M04,2021,20636.0
027,Yangi sog'ilgan sut (1 litr),Молоко свежее (1 литр),Fresh milk (1 liter),Янги соғилган сут (1 литр),2021-M04,2021,4397.0
034,Tuxum (10 dona),Яйца (10 штук),Eggs (10 pieces ),Тухум (10 дона),2021-M04,2021,10400.0
035,Paxta yog'i (1 litr),Масло хлопковое (1 литр),Cottonseed oil (1 liter),Пахта ёғи (1 литр),2021-M04,2021,0.0
0036,Kungaboqar yog'i (1 litr),Масло подсолнечное (1 литр),Sunflower oil (1 liter),Кунгабоқар ёғи (1 литр),2021-M04,2021,0.0
037,Sariyog',Масло сливочное,Butter,Сариёғ,2021-M04,2021,47328.0
039,Limon,Лимоны,Lemons,Лимон,2021-M04,2021,21523.0
0040,Olma,Яблоки,Apples,Олма,2021-M04,2021,11203.0
041,Nok,Груши,Pears,Нок,2021-M04,2021,32441.0
049,Uzum,Виноград,Grape,Узум,2021-M04,2021,18340.0
0050,Tarvuz,Арбуз,Watermelon,Тарвуз,2021-M04,2021,0.0
0051,Qovun,Дыня,Melon,Қовун,2021-M04,2021,0.0
053,Mayiz,Кишмиш,Kishmish,Майиз,2021-M04,2021,27453.0
055,Karam,Капуста,Cabbage,Карам,2021-M04,2021,2469.0
057,Bodring,Огурцы,Cucumbers,Бодринг,2021-M04,2021,11073.0
058,Pomidor,Помидоры,Tomatoes,Помидор,2021-M04,2021,14861.0
059,Baqlajon,Баклажаны,Eggplant,Бақлажон,2021-M04,2021,27500.0
0060,Bulg'or qalampiri,Перец болгарский,Bell pepper,Булғор қалампири,2021-M04,2021,31553.0
061,Qovoq,Тыква,Pumpkin,Қовоқ,2021-M04,2021,0.0
063,Sabzi,Морковь,Carrot,Сабзи,2021-M04,2021,2587.0
065,Sarimsoq,Чеснок,Garlic,Саримсоқ,2021-M04,2021,24028.0
066,Piyoz,Лук репчатый,Onion,Пиёз,2021-M04,2021,1751.0
069,Kartoshka,Картофель,Potatoes,Картошка,2021-M04,2021,4240.0
0070,Loviya,Фасоль,Beans,Ловия,2021-M04,2021,11857.0
071,No'xot,Горох,Peas,Нўхот,2021-M04,2021,16880.0
0072,Mosh,Маш,Mash,Мош,2021-M04,2021,11280.0
073,Shakar,Сахар песок,Sugar,Шакар,2021-M04,2021,0.0
002,Kruppa yormasi,Крупа манная,Semolina,Круппа ёрмаси,2021-M04,2021,3094.0
001,Guruch,Рис,Rice,Гуруч,2021-M05,2021,10006.0
003,Arpa,Ячмень,Barley,Арпа,2021-M05,2021,3331.0
0004,Bug'doy,Пшеница,Wheat,Буғдой,2021-M05,2021,3548.0
005,Jo'hori,Кукуруза,Corn,Жўҳори,2021-M05,2021,3601.0
006,Kepak,Отруби,Bran,Кепак,2021-M05,2021,2530.0
0008,Shrot,Шрот,Schroth,Шрот,2021-M05,2021,3498.0
009,Shulxa,Шелуха,Husk,Шулха,2021-M05,2021,2937.0
010,Kombikorm,Комбикорм,Compound feed,Комбикорм,2021-M05,2021,2973.0
011,Oliy navli bug'doy uni,Мука пшеничная высшего сорта,High-grade wheat flour,Олий навли буғдой уни,2021-M05,2021,0.0
0012,1-navli bug'doy uni,Мука пшеничная первого сорта,First grade wheat flour,1-навли буғдой уни,2021-M05,2021,0.0
013,1-nav bug'doy unidan non,Хлеб пшеничный из муки 1-го сорта,Wheat bread from 1st grade flour,1-нав буғдой унидан нон,2021-M05,2021,3375.0
017,Mol go'shti,Говядина,Beef,Мол гўшти,2021-M05,2021,64350.0
0020,Qo'y go'shti,Баранина,Mutton,Қўй гўшти,2021-M05,2021,66968.0
022,Tovuq go'shti,Мясо птицы,Poultry,Товуқ гўшти,2021-M05,2021,21506.0
026,Turli baliqlar,Рыба всякая,Fish of all kinds,Турли балиқлар,2021-M05,2021,21463.0
027,Yangi sog'ilgan sut (1 litr),Молоко свежее (1 литр),Fresh milk (1 liter),Янги соғилган сут (1 литр),2021-M05,2021,4435.0
034,Tuxum (10 dona),Яйца (10 штук),Eggs (10 pieces ),Тухум (10 дона),2021-M05,2021,10547.0
035,Paxta yog'i (1 litr),Масло хлопковое (1 литр),Cottonseed oil (1 liter),Пахта ёғи (1 литр),2021-M05,2021,0.0
0036,Kungaboqar yog'i (1 litr),Масло подсолнечное (1 литр),Sunflower oil (1 liter),Кунгабоқар ёғи (1 литр),2021-M05,2021,0.0
037,Sariyog',Масло сливочное,Butter,Сариёғ,2021-M05,2021,46708.0
039,Limon,Лимоны,Lemons,Лимон,2021-M05,2021,22345.0
0040,Olma,Яблоки,Apples,Олма,2021-M05,2021,13311.0
041,Nok,Груши,Pears,Нок,2021-M05,2021,33017.0
049,Uzum,Виноград,Grape,Узум,2021-M05,2021,0.0
0050,Tarvuz,Арбуз,Watermelon,Тарвуз,2021-M05,2021,21643.0
0051,Qovun,Дыня,Melon,Қовун,2021-M05,2021,12133.0
053,Mayiz,Кишмиш,Kishmish,Майиз,2021-M05,2021,28336.0
055,Karam,Капуста,Cabbage,Карам,2021-M05,2021,1846.0
057,Bodring,Огурцы,Cucumbers,Бодринг,2021-M05,2021,3961.0
058,Pomidor,Помидоры,Tomatoes,Помидор,2021-M05,2021,9209.0
059,Baqlajon,Баклажаны,Eggplant,Бақлажон,2021-M05,2021,9862.0
0060,Bulg'or qalampiri,Перец болгарский,Bell pepper,Булғор қалампири,2021-M05,2021,12759.0
061,Qovoq,Тыква,Pumpkin,Қовоқ,2021-M05,2021,0.0
063,Sabzi,Морковь,Carrot,Сабзи,2021-M05,2021,3713.0
065,Sarimsoq,Чеснок,Garlic,Саримсоқ,2021-M05,2021,23552.0
066,Piyoz,Лук репчатый,Onion,Пиёз,2021-M05,2021,1558.0
069,Kartoshka,Картофель,Potatoes,Картошка,2021-M05,2021,4147.0
0070,Loviya,Фасоль,Beans,Ловия,2021-M05,2021,12184.0
071,No'xot,Горох,Peas,Нўхот,2021-M05,2021,18058.0
0072,Mosh,Маш,Mash,Мош,2021-M05,2021,11329.0
073,Shakar,Сахар песок,Sugar,Шакар,2021-M05,2021,0.0
002,Kruppa yormasi,Крупа манная,Semolina,Круппа ёрмаси,2021-M05,2021,3331.0
001,Guruch,Рис,Rice,Гуруч,2021-M06,2021,9902.0
003,Arpa,Ячмень,Barley,Арпа,2021-M06,2021,3318.0
0004,Bug'doy,Пшеница,Wheat,Буғдой,2021-M06,2021,3473.0
005,Jo'hori,Кукуруза,Corn,Жўҳори,2021-M06,2021,3585.0
006,Kepak,Отруби,Bran,Кепак,2021-M06,2021,2564.0
0008,Shrot,Шрот,Schroth,Шрот,2021-M06,2021,3618.0
009,Shulxa,Шелуха,Husk,Шулха,2021-M06,2021,3007.0
010,Kombikorm,Комбикорм,Compound feed,Комбикорм,2021-M06,2021,2988.0
011,Oliy navli bug'doy uni,Мука пшеничная высшего сорта,High-grade wheat flour,Олий навли буғдой уни,2021-M06,2021,0.0
0012,1-navli bug'doy uni,Мука пшеничная первого сорта,First grade wheat flour,1-навли буғдой уни,2021-M06,2021,0.0
013,1-nav bug'doy unidan non,Хлеб пшеничный из муки 1-го сорта,Wheat bread from 1st grade flour,1-нав буғдой унидан нон,2021-M06,2021,3373.0
017,Mol go'shti,Говядина,Beef,Мол гўшти,2021-M06,2021,64761.0
0020,Qo'y go'shti,Баранина,Mutton,Қўй гўшти,2021-M06,2021,67207.0
022,Tovuq go'shti,Мясо птицы,Poultry,Товуқ гўшти,2021-M06,2021,21417.0
026,Turli baliqlar,Рыба всякая,Fish of all kinds,Турли балиқлар,2021-M06,2021,21322.0
027,Yangi sog'ilgan sut (1 litr),Молоко свежее (1 литр),Fresh milk (1 liter),Янги соғилган сут (1 литр),2021-M06,2021,4493.0
034,Tuxum (10 dona),Яйца (10 штук),Eggs (10 pieces ),Тухум (10 дона),2021-M06,2021,10065.0
035,Paxta yog'i (1 litr),Масло хлопковое (1 литр),Cottonseed oil (1 liter),Пахта ёғи (1 литр),2021-M06,2021,0.0
0036,Kungaboqar yog'i (1 litr),Масло подсолнечное (1 литр),Sunflower oil (1 liter),Кунгабоқар ёғи (1 литр),2021-M06,2021,0.0
037,Sariyog',Масло сливочное,Butter,Сариёғ,2021-M06,2021,46444.0
039,Limon,Лимоны,Lemons,Лимон,2021-M06,2021,22472.0
0040,Olma,Яблоки,Apples,Олма,2021-M06,2021,14460.0
041,Nok,Груши,Pears,Нок,2021-M06,2021,32543.0
049,Uzum,Виноград,Grape,Узум,2021-M06,2021,17506.0
0050,Tarvuz,Арбуз,Watermelon,Тарвуз,2021-M06,2021,3070.0
0051,Qovun,Дыня,Melon,Қовун,2021-M06,2021,5027.0
053,Mayiz,Кишмиш,Kishmish,Майиз,2021-M06,2021,28573.0
055,Karam,Капуста,Cabbage,Карам,2021-M06,2021,1421.0
057,Bodring,Огурцы,Cucumbers,Бодринг,2021-M06,2021,2122.0
058,Pomidor,Помидоры,Tomatoes,Помидор,2021-M06,2021,5176.0
059,Baqlajon,Баклажаны,Eggplant,Бақлажон,2021-M06,2021,4022.0
0060,Bulg'or qalampiri,Перец болгарский,Bell pepper,Булғор қалампири,2021-M06,2021,5219.0
061,Qovoq,Тыква,Pumpkin,Қовоқ,2021-M06,2021,2756.0
063,Sabzi,Морковь,Carrot,Сабзи,2021-M06,2021,6811.0
065,Sarimsoq,Чеснок,Garlic,Саримсоқ,2021-M06,2021,19675.0
066,Piyoz,Лук репчатый,Onion,Пиёз,2021-M06,2021,1342.0
069,Kartoshka,Картофель,Potatoes,Картошка,2021-M06,2021,3028.0
0070,Loviya,Фасоль,Beans,Ловия,2021-M06,2021,12249.0
071,No'xot,Горох,Peas,Нўхот,2021-M06,2021,18362.0
0072,Mosh,Маш,Mash,Мош,2021-M06,2021,11497.0
073,Shakar,Сахар песок,Sugar,Шакар,2021-M06,2021,0.0
002,Kruppa yormasi,Крупа манная,Semolina,Круппа ёрмаси,2021-M06,2021,3318.0
001,Guruch,Рис,Rice,Гуруч,2021-M07,2021,9783.0
003,Arpa,Ячмень,Barley,Арпа,2021-M07,2021,3252.0
0004,Bug'doy,Пшеница,Wheat,Буғдой,2021-M07,2021,3331.0
005,Jo'hori,Кукуруза,Corn,Жўҳори,2021-M07,2021,3523.0
006,Kepak,Отруби,Bran,Кепак,2021-M07,2021,2640.0
0008,Shrot,Шрот,Schroth,Шрот,2021-M07,2021,3607.0
009,Shulxa,Шелуха,Husk,Шулха,2021-M07,2021,3040.0
010,Kombikorm,Комбикорм,Compound feed,Комбикорм,2021-M07,2021,2986.0
011,Oliy navli bug'doy uni,Мука пшеничная высшего сорта,High-grade wheat flour,Олий навли буғдой уни,2021-M07,2021,0.0
0012,1-navli bug'doy uni,Мука пшеничная первого сорта,First grade wheat flour,1-навли буғдой уни,2021-M07,2021,0.0
013,1-nav bug'doy unidan non,Хлеб пшеничный из муки 1-го сорта,Wheat bread from 1st grade flour,1-нав буғдой унидан нон,2021-M07,2021,3369.0
017,Mol go'shti,Говядина,Beef,Мол гўшти,2021-M07,2021,65044.0
0020,Qo'y go'shti,Баранина,Mutton,Қўй гўшти,2021-M07,2021,66896.0
022,Tovuq go'shti,Мясо птицы,Poultry,Товуқ гўшти,2021-M07,2021,22335.0
026,Turli baliqlar,Рыба всякая,Fish of all kinds,Турли балиқлар,2021-M07,2021,21808.0
027,Yangi sog'ilgan sut (1 litr),Молоко свежее (1 литр),Fresh milk (1 liter),Янги соғилган сут (1 литр),2021-M07,2021,4685.0
034,Tuxum (10 dona),Яйца (10 штук),Eggs (10 pieces ),Тухум (10 дона),2021-M07,2021,9734.0
035,Paxta yog'i (1 litr),Масло хлопковое (1 литр),Cottonseed oil (1 liter),Пахта ёғи (1 литр),2021-M07,2021,0.0
0036,Kungaboqar yog'i (1 litr),Масло подсолнечное (1 литр),Sunflower oil (1 liter),Кунгабоқар ёғи (1 литр),2021-M07,2021,0.0
037,Sariyog',Масло сливочное,Butter,Сариёғ,2021-M07,2021,46445.0
039,Limon,Лимоны,Lemons,Лимон,2021-M07,2021,24808.0
0040,Olma,Яблоки,Apples,Олма,2021-M07,2021,12706.0
041,Nok,Груши,Pears,Нок,2021-M07,2021,23655.0
049,Uzum,Виноград,Grape,Узум,2021-M07,2021,9675.0
0050,Tarvuz,Арбуз,Watermelon,Тарвуз,2021-M07,2021,1785.0
0051,Qovun,Дыня,Melon,Қовун,2021-M07,2021,3170.0
053,Mayiz,Кишмиш,Kishmish,Майиз,2021-M07,2021,28598.0
055,Karam,Капуста,Cabbage,Карам,2021-M07,2021,1414.0
057,Bodring,Огурцы,Cucumbers,Бодринг,2021-M07,2021,2662.0
058,Pomidor,Помидоры,Tomatoes,Помидор,2021-M07,2021,2980.0
059,Baqlajon,Баклажаны,Eggplant,Бақлажон,2021-M07,2021,2713.0
0060,Bulg'or qalampiri,Перец болгарский,Bell pepper,Булғор қалампири,2021-M07,2021,3344.0
061,Qovoq,Тыква,Pumpkin,Қовоқ,2021-M07,2021,2542.0
063,Sabzi,Морковь,Carrot,Сабзи,2021-M07,2021,6450.0
065,Sarimsoq,Чеснок,Garlic,Саримсоқ,2021-M07,2021,17649.0
066,Piyoz,Лук репчатый,Onion,Пиёз,2021-M07,2021,1310.0
069,Kartoshka,Картофель,Potatoes,Картошка,2021-M07,2021,2746.0
0070,Loviya,Фасоль,Beans,Ловия,2021-M07,2021,12244.0
071,No'xot,Горох,Peas,Нўхот,2021-M07,2021,18098.0
0072,Mosh,Маш,Mash,Мош,2021-M07,2021,11551.0
073,Shakar,Сахар песок,Sugar,Шакар,2021-M07,2021,0.0
002,Kruppa yormasi,Крупа манная,Semolina,Круппа ёрмаси,2021-M07,2021,3252.0
001,Guruch,Рис,Rice,Гуруч,2021-M08,2021,9782.0
003,Arpa,Ячмень,Barley,Арпа,2021-M08,2021,3251.0
0004,Bug'doy,Пшеница,Wheat,Буғдой,2021-M08,2021,3295.0
005,Jo'hori,Кукуруза,Corn,Жўҳори,2021-M08,2021,3500.0
006,Kepak,Отруби,Bran,Кепак,2021-M08,2021,2630.0
0008,Shrot,Шрот,Schroth,Шрот,2021-M08,2021,3586.0
009,Shulxa,Шелуха,Husk,Шулха,2021-M08,2021,3038.0
010,Kombikorm,Комбикорм,Compound feed,Комбикорм,2021-M08,2021,2992.0
011,Oliy navli bug'doy uni,Мука пшеничная высшего сорта,High-grade wheat flour,Олий навли буғдой уни,2021-M08,2021,0.0
0012,1-navli bug'doy uni,Мука пшеничная первого сорта,First grade wheat flour,1-навли буғдой уни,2021-M08,2021,0.0
013,1-nav bug'doy unidan non,Хлеб пшеничный из муки 1-го сорта,Wheat bread from 1st grade flour,1-нав буғдой унидан нон,2021-M08,2021,3369.0
017,Mol go'shti,Говядина,Beef,Мол гўшти,2021-M08,2021,68070.0
0020,Qo'y go'shti,Баранина,Mutton,Қўй гўшти,2021-M08,2021,69441.0
022,Tovuq go'shti,Мясо птицы,Poultry,Товуқ гўшти,2021-M08,2021,23765.0
026,Turli baliqlar,Рыба всякая,Fish of all kinds,Турли балиқлар,2021-M08,2021,20346.0
027,Yangi sog'ilgan sut (1 litr),Молоко свежее (1 литр),Fresh milk (1 liter),Янги соғилган сут (1 литр),2021-M08,2021,4653.0
034,Tuxum (10 dona),Яйца (10 штук),Eggs (10 pieces ),Тухум (10 дона),2021-M08,2021,9599.0
035,Paxta yog'i (1 litr),Масло хлопковое (1 литр),Cottonseed oil (1 liter),Пахта ёғи (1 литр),2021-M08,2021,0.0
0036,Kungaboqar yog'i (1 litr),Масло подсолнечное (1 литр),Sunflower oil (1 liter),Кунгабоқар ёғи (1 литр),2021-M08,2021,0.0
037,Sariyog',Масло сливочное,Butter,Сариёғ,2021-M08,2021,46878.0
039,Limon,Лимоны,Lemons,Лимон,2021-M08,2021,27660.0
0040,Olma,Яблоки,Apples,Олма,2021-M08,2021,11250.0
041,Nok,Груши,Pears,Нок,2021-M08,2021,18886.0
049,Uzum,Виноград,Grape,Узум,2021-M08,2021,7701.0
0050,Tarvuz,Арбуз,Watermelon,Тарвуз,2021-M08,2021,1810.0
0051,Qovun,Дыня,Melon,Қовун,2021-M08,2021,2950.0
053,Mayiz,Кишмиш,Kishmish,Майиз,2021-M08,2021,28598.0
055,Karam,Капуста,Cabbage,Карам,2021-M08,2021,1575.0
057,Bodring,Огурцы,Cucumbers,Бодринг,2021-M08,2021,3320.0
058,Pomidor,Помидоры,Tomatoes,Помидор,2021-M08,2021,2756.0
059,Baqlajon,Баклажаны,Eggplant,Бақлажон,2021-M08,2021,2408.0
0060,Bulg'or qalampiri,Перец болгарский,Bell pepper,Булғор қалампири,2021-M08,2021,2827.0
061,Qovoq,Тыква,Pumpkin,Қовоқ,2021-M08,2021,2697.0
063,Sabzi,Морковь,Carrot,Сабзи,2021-M08,2021,5522.0
065,Sarimsoq,Чеснок,Garlic,Саримсоқ,2021-M08,2021,17688.0
066,Piyoz,Лук репчатый,Onion,Пиёз,2021-M08,2021,1454.0
069,Kartoshka,Картофель,Potatoes,Картошка,2021-M08,2021,2727.0
0070,Loviya,Фасоль,Beans,Ловия,2021-M08,2021,12044.0
071,No'xot,Горох,Peas,Нўхот,2021-M08,2021,18218.0
0072,Mosh,Маш,Mash,Мош,2021-M08,2021,11697.0
073,Shakar,Сахар песок,Sugar,Шакар,2021-M08,2021,0.0
002,Kruppa yormasi,Крупа манная,Semolina,Круппа ёрмаси,2021-M08,2021,3251.0
001,Guruch,Рис,Rice,Гуруч,2021-M09,2021,9285.0
003,Arpa,Ячмень,Barley,Арпа,2021-M09,2021,3262.0
0004,Bug'doy,Пшеница,Wheat,Буғдой,2021-M09,2021,3223.0
005,Jo'hori,Кукуруза,Corn,Жўҳори,2021-M09,2021,3391.0
006,Kepak,Отруби,Bran,Кепак,2021-M09,2021,2610.0
0008,Shrot,Шрот,Schroth,Шрот,2021-M09,2021,3652.0
009,Shulxa,Шелуха,Husk,Шулха,2021-M09,2021,3075.0
010,Kombikorm,Комбикорм,Compound feed,Комбикорм,2021-M09,2021,2916.0
011,Oliy navli bug'doy uni,Мука пшеничная высшего сорта,High-grade wheat flour,Олий навли буғдой уни,2021-M09,2021,0.0
0012,1-navli bug'doy uni,Мука пшеничная первого сорта,First grade wheat flour,1-навли буғдой уни,2021-M09,2021,0.0
013,1-nav bug'doy unidan non,Хлеб пшеничный из муки 1-го сорта,Wheat bread from 1st grade flour,1-нав буғдой унидан нон,2021-M09,2021,3291.0
017,Mol go'shti,Говядина,Beef,Мол гўшти,2021-M09,2021,67847.0
0020,Qo'y go'shti,Баранина,Mutton,Қўй гўшти,2021-M09,2021,69938.0
022,Tovuq go'shti,Мясо птицы,Poultry,Товуқ гўшти,2021-M09,2021,24263.0
026,Turli baliqlar,Рыба всякая,Fish of all kinds,Турли балиқлар,2021-M09,2021,22939.0
027,Yangi sog'ilgan sut (1 litr),Молоко свежее (1 литр),Fresh milk (1 liter),Янги соғилган сут (1 литр),2021-M09,2021,4562.0
034,Tuxum (10 dona),Яйца (10 штук),Eggs (10 pieces ),Тухум (10 дона),2021-M09,2021,9424.0
035,Paxta yog'i (1 litr),Масло хлопковое (1 литр),Cottonseed oil (1 liter),Пахта ёғи (1 литр),2021-M09,2021,0.0
0036,Kungaboqar yog'i (1 litr),Масло подсолнечное (1 литр),Sunflower oil (1 liter),Кунгабоқар ёғи (1 литр),2021-M09,2021,0.0
037,Sariyog',Масло сливочное,Butter,Сариёғ,2021-M09,2021,46704.0
039,Limon,Лимоны,Lemons,Лимон,2021-M09,2021,24723.0
0040,Olma,Яблоки,Apples,Олма,2021-M09,2021,9276.0
041,Nok,Груши,Pears,Нок,2021-M09,2021,16778.0
049,Uzum,Виноград,Grape,Узум,2021-M09,2021,6136.0
0050,Tarvuz,Арбуз,Watermelon,Тарвуз,2021-M09,2021,1999.0
0051,Qovun,Дыня,Melon,Қовун,2021-M09,2021,2872.0
053,Mayiz,Кишмиш,Kishmish,Майиз,2021-M09,2021,28262.0
055,Karam,Капуста,Cabbage,Карам,2021-M09,2021,1919.0
057,Bodring,Огурцы,Cucumbers,Бодринг,2021-M09,2021,3091.0
058,Pomidor,Помидоры,Tomatoes,Помидор,2021-M09,2021,3375.0
059,Baqlajon,Баклажаны,Eggplant,Бақлажон,2021-M09,2021,2495.0
0060,Bulg'or qalampiri,Перец болгарский,Bell pepper,Булғор қалампири,2021-M09,2021,2892.0
061,Qovoq,Тыква,Pumpkin,Қовоқ,2021-M09,2021,2769.0
063,Sabzi,Морковь,Carrot,Сабзи,2021-M09,2021,4639.0
065,Sarimsoq,Чеснок,Garlic,Саримсоқ,2021-M09,2021,17810.0
066,Piyoz,Лук репчатый,Onion,Пиёз,2021-M09,2021,1599.0
069,Kartoshka,Картофель,Potatoes,Картошка,2021-M09,2021,3018.0
0070,Loviya,Фасоль,Beans,Ловия,2021-M09,2021,11849.0
071,No'xot,Горох,Peas,Нўхот,2021-M09,2021,18439.0
0072,Mosh,Маш,Mash,Мош,2021-M09,2021,11980.0
073,Shakar,Сахар песок,Sugar,Шакар,2021-M09,2021,0.0
002,Kruppa yormasi,Крупа манная,Semolina,Круппа ёрмаси,2021-M09,2021,3262.0
001,Guruch,Рис,Rice,Гуруч,2021-M10,2021,8490.0
003,Arpa,Ячмень,Barley,Арпа,2021-M10,2021,3359.0
0004,Bug'doy,Пшеница,Wheat,Буғдой,2021-M10,2021,3234.0
005,Jo'hori,Кукуруза,Corn,Жўҳори,2021-M10,2021,3224.0
006,Kepak,Отруби,Bran,Кепак,2021-M10,2021,2599.0
0008,Shrot,Шрот,Schroth,Шрот,2021-M10,2021,3643.0
009,Shulxa,Шелуха,Husk,Шулха,2021-M10,2021,3097.0
010,Kombikorm,Комбикорм,Compound feed,Комбикорм,2021-M10,2021,2902.0
011,Oliy navli bug'doy uni,Мука пшеничная высшего сорта,High-grade wheat flour,Олий навли буғдой уни,2021-M10,2021,0.0
0012,1-navli bug'doy uni,Мука пшеничная первого сорта,First grade wheat flour,1-навли буғдой уни,2021-M10,2021,0.0
013,1-nav bug'doy unidan non,Хлеб пшеничный из муки 1-го сорта,Wheat bread from 1st grade flour,1-нав буғдой унидан нон,2021-M10,2021,3256.0
017,Mol go'shti,Говядина,Beef,Мол гўшти,2021-M10,2021,66086.0
0020,Qo'y go'shti,Баранина,Mutton,Қўй гўшти,2021-M10,2021,69173.0
022,Tovuq go'shti,Мясо птицы,Poultry,Товуқ гўшти,2021-M10,2021,23771.0
026,Turli baliqlar,Рыба всякая,Fish of all kinds,Турли балиқлар,2021-M10,2021,22847.0
027,Yangi sog'ilgan sut (1 litr),Молоко свежее (1 литр),Fresh milk (1 liter),Янги соғилган сут (1 литр),2021-M10,2021,4525.0
034,Tuxum (10 dona),Яйца (10 штук),Eggs (10 pieces ),Тухум (10 дона),2021-M10,2021,9198.0
035,Paxta yog'i (1 litr),Масло хлопковое (1 литр),Cottonseed oil (1 liter),Пахта ёғи (1 литр),2021-M10,2021,0.0
0036,Kungaboqar yog'i (1 litr),Масло подсолнечное (1 литр),Sunflower oil (1 liter),Кунгабоқар ёғи (1 литр),2021-M10,2021,0.0
037,Sariyog',Масло сливочное,Butter,Сариёғ,2021-M10,2021,45752.0
039,Limon,Лимоны,Lemons,Лимон,2021-M10,2021,22427.0
0040,Olma,Яблоки,Apples,Олма,2021-M10,2021,8642.0
041,Nok,Груши,Pears,Нок,2021-M10,2021,15684.0
049,Uzum,Виноград,Grape,Узум,2021-M10,2021,5964.0
0050,Tarvuz,Арбуз,Watermelon,Тарвуз,2021-M10,2021,2205.0
0051,Qovun,Дыня,Melon,Қовун,2021-M10,2021,2962.0
053,Mayiz,Кишмиш,Kishmish,Майиз,2021-M10,2021,27866.0
055,Karam,Капуста,Cabbage,Карам,2021-M10,2021,2171.0
057,Bodring,Огурцы,Cucumbers,Бодринг,2021-M10,2021,3817.0
058,Pomidor,Помидоры,Tomatoes,Помидор,2021-M10,2021,4368.0
059,Baqlajon,Баклажаны,Eggplant,Бақлажон,2021-M10,2021,2451.0
0060,Bulg'or qalampiri,Перец болгарский,Bell pepper,Булғор қалампири,2021-M10,2021,3128.0
061,Qovoq,Тыква,Pumpkin,Қовоқ,2021-M10,2021,2651.0
063,Sabzi,Морковь,Carrot,Сабзи,2021-M10,2021,3635.0
065,Sarimsoq,Чеснок,Garlic,Саримсоқ,2021-M10,2021,17914.0
066,Piyoz,Лук репчатый,Onion,Пиёз,2021-M10,2021,1669.0
069,Kartoshka,Картофель,Potatoes,Картошка,2021-M10,2021,3386.0
0070,Loviya,Фасоль,Beans,Ловия,2021-M10,2021,11270.0
071,No'xot,Горох,Peas,Нўхот,2021-M10,2021,17909.0
0072,Mosh,Маш,Mash,Мош,2021-M10,2021,11367.0
073,Shakar,Сахар песок,Sugar,Шакар,2021-M10,2021,0.0
002,Kruppa yormasi,Крупа манная,Semolina,Круппа ёрмаси,2021-M10,2021,3359.0
001,Guruch,Рис,Rice,Гуруч,2021-M11,2021,8505.0
003,Arpa,Ячмень,Barley,Арпа,2021-M11,2021,3601.0
0004,Bug'doy,Пшеница,Wheat,Буғдой,2021-M11,2021,3419.0
005,Jo'hori,Кукуруза,Corn,Жўҳори,2021-M11,2021,3268.0
006,Kepak,Отруби,Bran,Кепак,2021-M11,2021,2669.0
0008,Shrot,Шрот,Schroth,Шрот,2021-M11,2021,3669.0
009,Shulxa,Шелуха,Husk,Шулха,2021-M11,2021,3184.0
010,Kombikorm,Комбикорм,Compound feed,Комбикорм,2021-M11,2021,2924.0
011,Oliy navli bug'doy uni,Мука пшеничная высшего сорта,High-grade wheat flour,Олий навли буғдой уни,2021-M11,2021,0.0
0012,1-navli bug'doy uni,Мука пшеничная первого сорта,First grade wheat flour,1-навли буғдой уни,2021-M11,2021,0.0
013,1-nav bug'doy unidan non,Хлеб пшеничный из муки 1-го сорта,Wheat bread from 1st grade flour,1-нав буғдой унидан нон,2021-M11,2021,3381.0
017,Mol go'shti,Говядина,Beef,Мол гўшти,2021-M11,2021,66224.0
0020,Qo'y go'shti,Баранина,Mutton,Қўй гўшти,2021-M11,2021,69462.0
022,Tovuq go'shti,Мясо птицы,Poultry,Товуқ гўшти,2021-M11,2021,25373.0
026,Turli baliqlar,Рыба всякая,Fish of all kinds,Турли балиқлар,2021-M11,2021,23442.0
027,Yangi sog'ilgan sut (1 litr),Молоко свежее (1 литр),Fresh milk (1 liter),Янги соғилган сут (1 литр),2021-M11,2021,4675.0
034,Tuxum (10 dona),Яйца (10 штук),Eggs (10 pieces ),Тухум (10 дона),2021-M11,2021,9952.0
035,Paxta yog'i (1 litr),Масло хлопковое (1 литр),Cottonseed oil (1 liter),Пахта ёғи (1 литр),2021-M11,2021,0.0
0036,Kungaboqar yog'i (1 litr),Масло подсолнечное (1 литр),Sunflower oil (1 liter),Кунгабоқар ёғи (1 литр),2021-M11,2021,0.0
037,Sariyog',Масло сливочное,Butter,Сариёғ,2021-M11,2021,45408.0
039,Limon,Лимоны,Lemons,Лимон,2021-M11,2021,21154.0
0040,Olma,Яблоки,Apples,Олма,2021-M11,2021,8804.0
041,Nok,Груши,Pears,Нок,2021-M11,2021,17648.0
049,Uzum,Виноград,Grape,Узум,2021-M11,2021,7475.0
0050,Tarvuz,Арбуз,Watermelon,Тарвуз,2021-M11,2021,2629.0
0051,Qovun,Дыня,Melon,Қовун,2021-M11,2021,3313.0
053,Mayiz,Кишмиш,Kishmish,Майиз,2021-M11,2021,28176.0
055,Karam,Капуста,Cabbage,Карам,2021-M11,2021,2837.0
057,Bodring,Огурцы,Cucumbers,Бодринг,2021-M11,2021,5584.0
058,Pomidor,Помидоры,Tomatoes,Помидор,2021-M11,2021,7664.0
059,Baqlajon,Баклажаны,Eggplant,Бақлажон,2021-M11,2021,3637.0
0060,Bulg'or qalampiri,Перец болгарский,Bell pepper,Булғор қалампири,2021-M11,2021,5398.0
061,Qovoq,Тыква,Pumpkin,Қовоқ,2021-M11,2021,2647.0
063,Sabzi,Морковь,Carrot,Сабзи,2021-M11,2021,2498.0
065,Sarimsoq,Чеснок,Garlic,Саримсоқ,2021-M11,2021,19315.0
066,Piyoz,Лук репчатый,Onion,Пиёз,2021-M11,2021,1905.0
069,Kartoshka,Картофель,Potatoes,Картошка,2021-M11,2021,3820.0
0070,Loviya,Фасоль,Beans,Ловия,2021-M11,2021,11194.0
071,No'xot,Горох,Peas,Нўхот,2021-M11,2021,18905.0
0072,Mosh,Маш,Mash,Мош,2021-M11,2021,11634.0
073,Shakar,Сахар песок,Sugar,Шакар,2021-M11,2021,0.0
002,Kruppa yormasi,Крупа манная,Semolina,Круппа ёрмаси,2021-M11,2021,3601.0
001,Guruch,Рис,Rice,Гуруч,2021-M12,2021,8535.0
003,Arpa,Ячмень,Barley,Арпа,2021-M12,2021,3753.0
0004,Bug'doy,Пшеница,Wheat,Буғдой,2021-M12,2021,3473.0
005,Jo'hori,Кукуруза,Corn,Жўҳори,2021-M12,2021,3319.0
006,Kepak,Отруби,Bran,Кепак,2021-M12,2021,2693.0
0008,Shrot,Шрот,Schroth,Шрот,2021-M12,2021,3801.0
009,Shulxa,Шелуха,Husk,Шулха,2021-M12,2021,3200.0
010,Kombikorm,Комбикорм,Compound feed,Комбикорм,2021-M12,2021,2970.0
011,Oliy navli bug'doy uni,Мука пшеничная высшего сорта,High-grade wheat flour,Олий навли буғдой уни,2021-M12,2021,0.0
0012,1-navli bug'doy uni,Мука пшеничная первого сорта,First grade wheat flour,1-навли буғдой уни,2021-M12,2021,0.0
013,1-nav bug'doy unidan non,Хлеб пшеничный из муки 1-го сорта,Wheat bread from 1st grade flour,1-нав буғдой унидан нон,2021-M12,2021,3384.0
017,Mol go'shti,Говядина,Beef,Мол гўшти,2021-M12,2021,65965.0
0020,Qo'y go'shti,Баранина,Mutton,Қўй гўшти,2021-M12,2021,69270.0
022,Tovuq go'shti,Мясо птицы,Poultry,Товуқ гўшти,2021-M12,2021,24979.0
026,Turli baliqlar,Рыба всякая,Fish of all kinds,Турли балиқлар,2021-M12,2021,23375.0
027,Yangi sog'ilgan sut (1 litr),Молоко свежее (1 литр),Fresh milk (1 liter),Янги соғилган сут (1 литр),2021-M12,2021,4756.0
034,Tuxum (10 dona),Яйца (10 штук),Eggs (10 pieces ),Тухум (10 дона),2021-M12,2021,10268.0
035,Paxta yog'i (1 litr),Масло хлопковое (1 литр),Cottonseed oil (1 liter),Пахта ёғи (1 литр),2021-M12,2021,0.0
0036,Kungaboqar yog'i (1 litr),Масло подсолнечное (1 литр),Sunflower oil (1 liter),Кунгабоқар ёғи (1 литр),2021-M12,2021,0.0
037,Sariyog',Масло сливочное,Butter,Сариёғ,2021-M12,2021,44812.0
039,Limon,Лимоны,Lemons,Лимон,2021-M12,2021,18408.0
0040,Olma,Яблоки,Apples,Олма,2021-M12,2021,9339.0
041,Nok,Груши,Pears,Нок,2021-M12,2021,19807.0
049,Uzum,Виноград,Grape,Узум,2021-M12,2021,9242.0
0050,Tarvuz,Арбуз,Watermelon,Тарвуз,2021-M12,2021,2943.0
0051,Qovun,Дыня,Melon,Қовун,2021-M12,2021,3505.0
053,Mayiz,Кишмиш,Kishmish,Майиз,2021-M12,2021,28845.0
055,Karam,Капуста,Cabbage,Карам,2021-M12,2021,3550.0
057,Bodring,Огурцы,Cucumbers,Бодринг,2021-M12,2021,11184.0
058,Pomidor,Помидоры,Tomatoes,Помидор,2021-M12,2021,11462.0
059,Baqlajon,Баклажаны,Eggplant,Бақлажон,2021-M12,2021,6332.0
0060,Bulg'or qalampiri,Перец болгарский,Bell pepper,Булғор қалампири,2021-M12,2021,12570.0
061,Qovoq,Тыква,Pumpkin,Қовоқ,2021-M12,2021,2726.0
063,Sabzi,Морковь,Carrot,Сабзи,2021-M12,2021,2061.0
065,Sarimsoq,Чеснок,Garlic,Саримсоқ,2021-M12,2021,23036.0
066,Piyoz,Лук репчатый,Onion,Пиёз,2021-M12,2021,1897.0
069,Kartoshka,Картофель,Potatoes,Картошка,2021-M12,2021,4131.0
0070,Loviya,Фасоль,Beans,Ловия,2021-M12,2021,11373.0
071,No'xot,Горох,Peas,Нўхот,2021-M12,2021,19310.0
0072,Mosh,Маш,Mash,Мош,2021-M12,2021,11871.0
073,Shakar,Сахар песок,Sugar,Шакар,2021-M12,2021,0.0
002,Kruppa yormasi,Крупа манная,Semolina,Круппа ёрмаси,2021-M12,2021,3753.0
001,Guruch,Рис,Rice,Гуруч,2022-M01,2022,8545.0
003,Arpa,Ячмень,Barley,Арпа,2022-M01,2022,3726.0
0004,Bug'doy,Пшеница,Wheat,Буғдой,2022-M01,2022,3566.0
005,Jo'hori,Кукуруза,Corn,Жўҳори,2022-M01,2022,3570.0
006,Kepak,Отруби,Bran,Кепак,2022-M01,2022,2629.0
0008,Shrot,Шрот,Schroth,Шрот,2022-M01,2022,3797.0
009,Shulxa,Шелуха,Husk,Шулха,2022-M01,2022,3198.0
010,Kombikorm,Комбикорм,Compound feed,Комбикорм,2022-M01,2022,2906.0
011,Oliy navli bug'doy uni,Мука пшеничная высшего сорта,High-grade wheat flour,Олий навли буғдой уни,2022-M01,2022,4801.0
0012,1-navli bug'doy uni,Мука пшеничная первого сорта,First grade wheat flour,1-навли буғдой уни,2022-M01,2022,3865.0
013,1-nav bug'doy unidan non,Хлеб пшеничный из муки 1-го сорта,Wheat bread from 1st grade flour,1-нав буғдой унидан нон,2022-M01,2022,3467.0
017,Mol go'shti,Говядина,Beef,Мол гўшти,2022-M01,2022,65764.0
0020,Qo'y go'shti,Баранина,Mutton,Қўй гўшти,2022-M01,2022,69276.0
022,Tovuq go'shti,Мясо птицы,Poultry,Товуқ гўшти,2022-M01,2022,23515.0
026,Turli baliqlar,Рыба всякая,Fish of all kinds,Турли балиқлар,2022-M01,2022,23454.0
027,Yangi sog'ilgan sut (1 litr),Молоко свежее (1 литр),Fresh milk (1 liter),Янги соғилган сут (1 литр),2022-M01,2022,4967.0
034,Tuxum (10 dona),Яйца (10 штук),Eggs (10 pieces ),Тухум (10 дона),2022-M01,2022,10195.0
035,Paxta yog'i (1 litr),Масло хлопковое (1 литр),Cottonseed oil (1 liter),Пахта ёғи (1 литр),2022-M01,2022,17078.0
0036,Kungaboqar yog'i (1 litr),Масло подсолнечное (1 литр),Sunflower oil (1 liter),Кунгабоқар ёғи (1 литр),2022-M01,2022,19275.0
037,Sariyog',Масло сливочное,Butter,Сариёғ,2022-M01,2022,42782.0
039,Limon,Лимоны,Lemons,Лимон,2022-M01,2022,17562.0
0040,Olma,Яблоки,Apples,Олма,2022-M01,2022,9862.0
041,Nok,Груши,Pears,Нок,2022-M01,2022,21547.0
049,Uzum,Виноград,Grape,Узум,2022-M01,2022,10759.0
0050,Tarvuz,Арбуз,Watermelon,Тарвуз,2022-M01,2022,3639.0
0051,Qovun,Дыня,Melon,Қовун,2022-M01,2022,4287.0
053,Mayiz,Кишмиш,Kishmish,Майиз,2022-M01,2022,28993.0
055,Karam,Капуста,Cabbage,Карам,2022-M01,2022,4405.0
057,Bodring,Огурцы,Cucumbers,Бодринг,2022-M01,2022,14719.0
058,Pomidor,Помидоры,Tomatoes,Помидор,2022-M01,2022,14625.0
059,Baqlajon,Баклажаны,Eggplant,Бақлажон,2022-M01,2022,8000.0
0060,Bulg'or qalampiri,Перец болгарский,Bell pepper,Булғор қалампири,2022-M01,2022,16529.0
061,Qovoq,Тыква,Pumpkin,Қовоқ,2022-M01,2022,3319.0
063,Sabzi,Морковь,Carrot,Сабзи,2022-M01,2022,2071.0
065,Sarimsoq,Чеснок,Garlic,Саримсоқ,2022-M01,2022,30860.0
066,Piyoz,Лук репчатый,Onion,Пиёз,2022-M01,2022,1930.0
069,Kartoshka,Картофель,Potatoes,Картошка,2022-M01,2022,4356.0
0070,Loviya,Фасоль,Beans,Ловия,2022-M01,2022,12019.0
071,No'xot,Горох,Peas,Нўхот,2022-M01,2022,18900.0
0072,Mosh,Маш,Mash,Мош,2022-M01,2022,11769.0
073,Shakar,Сахар песок,Sugar,Шакар,2022-M01,2022,9251.0
002,Kruppa yormasi,Крупа манная,Semolina,Круппа ёрмаси,2022-M01,2022,3726.0
001,Guruch,Рис,Rice,Гуруч,2022-M02,2022,8540.0
003,Arpa,Ячмень,Barley,Арпа,2022-M02,2022,3729.0
0004,Bug'doy,Пшеница,Wheat,Буғдой,2022-M02,2022,3606.0
005,Jo'hori,Кукуруза,Corn,Жўҳори,2022-M02,2022,3595.0
006,Kepak,Отруби,Bran,Кепак,2022-M02,2022,2650.0
0008,Shrot,Шрот,Schroth,Шрот,2022-M02,2022,3847.0
009,Shulxa,Шелуха,Husk,Шулха,2022-M02,2022,3216.0
010,Kombikorm,Комбикорм,Compound feed,Комбикорм,2022-M02,2022,2985.0
011,Oliy navli bug'doy uni,Мука пшеничная высшего сорта,High-grade wheat flour,Олий навли буғдой уни,2022-M02,2022,4851.0
0012,1-navli bug'doy uni,Мука пшеничная первого сорта,First grade wheat flour,1-навли буғдой уни,2022-M02,2022,3816.0
013,1-nav bug'doy unidan non,Хлеб пшеничный из муки 1-го сорта,Wheat bread from 1st grade flour,1-нав буғдой унидан нон,2022-M02,2022,3458.0
017,Mol go'shti,Говядина,Beef,Мол гўшти,2022-M02,2022,65786.0
0020,Qo'y go'shti,Баранина,Mutton,Қўй гўшти,2022-M02,2022,69250.0
022,Tovuq go'shti,Мясо птицы,Poultry,Товуқ гўшти,2022-M02,2022,22769.0
026,Turli baliqlar,Рыба всякая,Fish of all kinds,Турли балиқлар,2022-M02,2022,23715.0
027,Yangi sog'ilgan sut (1 litr),Молоко свежее (1 литр),Fresh milk (1 liter),Янги соғилган сут (1 литр),2022-M02,2022,4964.0
034,Tuxum (10 dona),Яйца (10 штук),Eggs (10 pieces ),Тухум (10 дона),2022-M02,2022,9883.0
035,Paxta yog'i (1 litr),Масло хлопковое (1 литр),Cottonseed oil (1 liter),Пахта ёғи (1 литр),2022-M02,2022,16943.0
0036,Kungaboqar yog'i (1 litr),Масло подсолнечное (1 литр),Sunflower oil (1 liter),Кунгабоқар ёғи (1 литр),2022-M02,2022,19237.0
037,Sariyog',Масло сливочное,Butter,Сариёғ,2022-M02,2022,43460.0
039,Limon,Лимоны,Lemons,Лимон,2022-M02,2022,17774.0
0040,Olma,Яблоки,Apples,Олма,2022-M02,2022,10059.0
041,Nok,Груши,Pears,Нок,2022-M02,2022,23205.0
049,Uzum,Виноград,Grape,Узум,2022-M02,2022,11566.0
0050,Tarvuz,Арбуз,Watermelon,Тарвуз,2022-M02,2022,4500.0
0051,Qovun,Дыня,Melon,Қовун,2022-M02,2022,5583.0
053,Mayiz,Кишмиш,Kishmish,Майиз,2022-M02,2022,29041.0
055,Karam,Капуста,Cabbage,Карам,2022-M02,2022,4805.0
057,Bodring,Огурцы,Cucumbers,Бодринг,2022-M02,2022,14162.0
058,Pomidor,Помидоры,Tomatoes,Помидор,2022-M02,2022,14062.0
059,Baqlajon,Баклажаны,Eggplant,Бақлажон,2022-M02,2022,0.0
0060,Bulg'or qalampiri,Перец болгарский,Bell pepper,Булғор қалампири,2022-M02,2022,19790.0
061,Qovoq,Тыква,Pumpkin,Қовоқ,2022-M02,2022,3777.0
063,Sabzi,Морковь,Carrot,Сабзи,2022-M02,2022,2162.0
065,Sarimsoq,Чеснок,Garlic,Саримсоқ,2022-M02,2022,31742.0
066,Piyoz,Лук репчатый,Onion,Пиёз,2022-M02,2022,2065.0
069,Kartoshka,Картофель,Potatoes,Картошка,2022-M02,2022,4353.0
0070,Loviya,Фасоль,Beans,Ловия,2022-M02,2022,11972.0
071,No'xot,Горох,Peas,Нўхот,2022-M02,2022,19488.0
0072,Mosh,Маш,Mash,Мош,2022-M02,2022,11771.0
073,Shakar,Сахар песок,Sugar,Шакар,2022-M02,2022,9303.0
002,Kruppa yormasi,Крупа манная,Semolina,Круппа ёрмаси,2022-M02,2022,3729.0
001,Guruch,Рис,Rice,Гуруч,2022-M03,2022,8635.0
003,Arpa,Ячмень,Barley,Арпа,2022-M03,2022,3802.0
0004,Bug'doy,Пшеница,Wheat,Буғдой,2022-M03,2022,3720.0
005,Jo'hori,Кукуруза,Corn,Жўҳори,2022-M03,2022,3607.0
006,Kepak,Отруби,Bran,Кепак,2022-M03,2022,2746.0
0008,Shrot,Шрот,Schroth,Шрот,2022-M03,2022,3908.0
009,Shulxa,Шелуха,Husk,Шулха,2022-M03,2022,3262.0
010,Kombikorm,Комбикорм,Compound feed,Комбикорм,2022-M03,2022,3033.0
011,Oliy navli bug'doy uni,Мука пшеничная высшего сорта,High-grade wheat flour,Олий навли буғдой уни,2022-M03,2022,4947.0
0012,1-navli bug'doy uni,Мука пшеничная первого сорта,First grade wheat flour,1-навли буғдой уни,2022-M03,2022,3836.0
013,1-nav bug'doy unidan non,Хлеб пшеничный из муки 1-го сорта,Wheat bread from 1st grade flour,1-нав буғдой унидан нон,2022-M03,2022,3480.0
017,Mol go'shti,Говядина,Beef,Мол гўшти,2022-M03,2022,65350.0
0020,Qo'y go'shti,Баранина,Mutton,Қўй гўшти,2022-M03,2022,68879.0
022,Tovuq go'shti,Мясо птицы,Poultry,Товуқ гўшти,2022-M03,2022,22699.0
026,Turli baliqlar,Рыба всякая,Fish of all kinds,Турли балиқлар,2022-M03,2022,24477.0
027,Yangi sog'ilgan sut (1 litr),Молоко свежее (1 литр),Fresh milk (1 liter),Янги соғилган сут (1 литр),2022-M03,2022,5034.0
034,Tuxum (10 dona),Яйца (10 штук),Eggs (10 pieces ),Тухум (10 дона),2022-M03,2022,9884.0
035,Paxta yog'i (1 litr),Масло хлопковое (1 литр),Cottonseed oil (1 liter),Пахта ёғи (1 литр),2022-M03,2022,17345.0
0036,Kungaboqar yog'i (1 litr),Масло подсолнечное (1 литр),Sunflower oil (1 liter),Кунгабоқар ёғи (1 литр),2022-M03,2022,19589.0
037,Sariyog',Масло сливочное,Butter,Сариёғ,2022-M03,2022,43712.0
039,Limon,Лимоны,Lemons,Лимон,2022-M03,2022,18632.0
0040,Olma,Яблоки,Apples,Олма,2022-M03,2022,10392.0
041,Nok,Груши,Pears,Нок,2022-M03,2022,24434.0
049,Uzum,Виноград,Grape,Узум,2022-M03,2022,12367.0
0050,Tarvuz,Арбуз,Watermelon,Тарвуз,2022-M03,2022,0.0
0051,Qovun,Дыня,Melon,Қовун,2022-M03,2022,0.0
053,Mayiz,Кишмиш,Kishmish,Майиз,2022-M03,2022,29028.0
055,Karam,Капуста,Cabbage,Карам,2022-M03,2022,5018.0
057,Bodring,Огурцы,Cucumbers,Бодринг,2022-M03,2022,15318.0
058,Pomidor,Помидоры,Tomatoes,Помидор,2022-M03,2022,16609.0
059,Baqlajon,Баклажаны,Eggplant,Бақлажон,2022-M03,2022,0.0
0060,Bulg'or qalampiri,Перец болгарский,Bell pepper,Булғор қалампири,2022-M03,2022,26361.0
061,Qovoq,Тыква,Pumpkin,Қовоқ,2022-M03,2022,4008.0
063,Sabzi,Морковь,Carrot,Сабзи,2022-M03,2022,2352.0
065,Sarimsoq,Чеснок,Garlic,Саримсоқ,2022-M03,2022,31759.0
066,Piyoz,Лук репчатый,Onion,Пиёз,2022-M03,2022,2599.0
069,Kartoshka,Картофель,Potatoes,Картошка,2022-M03,2022,4085.0
0070,Loviya,Фасоль,Beans,Ловия,2022-M03,2022,12044.0
071,No'xot,Горох,Peas,Нўхот,2022-M03,2022,20657.0
0072,Mosh,Маш,Mash,Мош,2022-M03,2022,11592.0
073,Shakar,Сахар песок,Sugar,Шакар,2022-M03,2022,10354.0
002,Kruppa yormasi,Крупа манная,Semolina,Круппа ёрмаси,2022-M03,2022,3802.0
001,Guruch,Рис,Rice,Гуруч,2022-M04,2022,7520.0
003,Arpa,Ячмень,Barley,Арпа,2022-M04,2022,3788.0
0004,Bug'doy,Пшеница,Wheat,Буғдой,2022-M04,2022,3721.0
005,Jo'hori,Кукуруза,Corn,Жўҳори,2022-M04,2022,3671.0
006,Kepak,Отруби,Bran,Кепак,2022-M04,2022,2758.0
0008,Shrot,Шрот,Schroth,Шрот,2022-M04,2022,3870.0
009,Shulxa,Шелуха,Husk,Шулха,2022-M04,2022,3282.0
010,Kombikorm,Комбикорм,Compound feed,Комбикорм,2022-M04,2022,3078.0
011,Oliy navli bug'doy uni,Мука пшеничная высшего сорта,High-grade wheat flour,Олий навли буғдой уни,2022-M04,2022,4796.0
0012,1-navli bug'doy uni,Мука пшеничная первого сорта,First grade wheat flour,1-навли буғдой уни,2022-M04,2022,3735.0
013,1-nav bug'doy unidan non,Хлеб пшеничный из муки 1-го сорта,Wheat bread from 1st grade flour,1-нав буғдой унидан нон,2022-M04,2022,3482.0
017,Mol go'shti,Говядина,Beef,Мол гўшти,2022-M04,2022,61778.0
0020,Qo'y go'shti,Баранина,Mutton,Қўй гўшти,2022-M04,2022,64824.0
022,Tovuq go'shti,Мясо птицы,Poultry,Товуқ гўшти,2022-M04,2022,21283.0
026,Turli baliqlar,Рыба всякая,Fish of all kinds,Турли балиқлар,2022-M04,2022,24529.0
027,Yangi sog'ilgan sut (1 litr),Молоко свежее (1 литр),Fresh milk (1 liter),Янги соғилган сут (1 литр),2022-M04,2022,4895.0
034,Tuxum (10 dona),Яйца (10 штук),Eggs (10 pieces ),Тухум (10 дона),2022-M04,2022,9110.0
035,Paxta yog'i (1 litr),Масло хлопковое (1 литр),Cottonseed oil (1 liter),Пахта ёғи (1 литр),2022-M04,2022,17707.0
0036,Kungaboqar yog'i (1 litr),Масло подсолнечное (1 литр),Sunflower oil (1 liter),Кунгабоқар ёғи (1 литр),2022-M04,2022,19822.0
037,Sariyog',Масло сливочное,Butter,Сариёғ,2022-M04,2022,42852.0
039,Limon,Лимоны,Lemons,Лимон,2022-M04,2022,18537.0
0040,Olma,Яблоки,Apples,Олма,2022-M04,2022,9786.0
041,Nok,Груши,Pears,Нок,2022-M04,2022,23833.0
049,Uzum,Виноград,Grape,Узум,2022-M04,2022,13406.0
0050,Tarvuz,Арбуз,Watermelon,Тарвуз,2022-M04,2022,0.0
0051,Qovun,Дыня,Melon,Қовун,2022-M04,2022,0.0
053,Mayiz,Кишмиш,Kishmish,Майиз,2022-M04,2022,27028.0
055,Karam,Капуста,Cabbage,Карам,2022-M04,2022,4680.0
057,Bodring,Огурцы,Cucumbers,Бодринг,2022-M04,2022,9902.0
058,Pomidor,Помидоры,Tomatoes,Помидор,2022-M04,2022,16026.0
059,Baqlajon,Баклажаны,Eggplant,Бақлажон,2022-M04,2022,19200.0
0060,Bulg'or qalampiri,Перец болгарский,Bell pepper,Булғор қалампири,2022-M04,2022,27550.0
061,Qovoq,Тыква,Pumpkin,Қовоқ,2022-M04,2022,0.0
063,Sabzi,Морковь,Carrot,Сабзи,2022-M04,2022,2408.0
065,Sarimsoq,Чеснок,Garlic,Саримсоқ,2022-M04,2022,27976.0
066,Piyoz,Лук репчатый,Onion,Пиёз,2022-M04,2022,2678.0
069,Kartoshka,Картофель,Potatoes,Картошка,2022-M04,2022,3093.0
0070,Loviya,Фасоль,Beans,Ловия,2022-M04,2022,11675.0
071,No'xot,Горох,Peas,Нўхот,2022-M04,2022,20369.0
0072,Mosh,Маш,Mash,Мош,2022-M04,2022,10863.0
073,Shakar,Сахар песок,Sugar,Шакар,2022-M04,2022,9019.0
002,Kruppa yormasi,Крупа манная,Semolina,Круппа ёрмаси,2022-M04,2022,3788.0
001,Guruch,Рис,Rice,Гуруч,2022-M05,2022,7502.0
003,Arpa,Ячмень,Barley,Арпа,2022-M05,2022,3882.0
0004,Bug'doy,Пшеница,Wheat,Буғдой,2022-M05,2022,3828.0
005,Jo'hori,Кукуруза,Corn,Жўҳори,2022-M05,2022,3851.0
006,Kepak,Отруби,Bran,Кепак,2022-M05,2022,2799.0
0008,Shrot,Шрот,Schroth,Шрот,2022-M05,2022,3939.0
009,Shulxa,Шелуха,Husk,Шулха,2022-M05,2022,3336.0
010,Kombikorm,Комбикорм,Compound feed,Комбикорм,2022-M05,2022,3120.0
011,Oliy navli bug'doy uni,Мука пшеничная высшего сорта,High-grade wheat flour,Олий навли буғдой уни,2022-M05,2022,4826.0
0012,1-navli bug'doy uni,Мука пшеничная первого сорта,First grade wheat flour,1-навли буғдой уни,2022-M05,2022,3784.0
013,1-nav bug'doy unidan non,Хлеб пшеничный из муки 1-го сорта,Wheat bread from 1st grade flour,1-нав буғдой унидан нон,2022-M05,2022,3535.0
017,Mol go'shti,Говядина,Beef,Мол гўшти,2022-M05,2022,61168.0
0020,Qo'y go'shti,Баранина,Mutton,Қўй гўшти,2022-M05,2022,64225.0
022,Tovuq go'shti,Мясо птицы,Poultry,Товуқ гўшти,2022-M05,2022,20807.0
026,Turli baliqlar,Рыба всякая,Fish of all kinds,Турли балиқлар,2022-M05,2022,24824.0
027,Yangi sog'ilgan sut (1 litr),Молоко свежее (1 литр),Fresh milk (1 liter),Янги соғилган сут (1 литр),2022-M05,2022,4894.0
034,Tuxum (10 dona),Яйца (10 штук),Eggs (10 pieces ),Тухум (10 дона),2022-M05,2022,8679.0
035,Paxta yog'i (1 litr),Масло хлопковое (1 литр),Cottonseed oil (1 liter),Пахта ёғи (1 литр),2022-M05,2022,17662.0
0036,Kungaboqar yog'i (1 litr),Масло подсолнечное (1 литр),Sunflower oil (1 liter),Кунгабоқар ёғи (1 литр),2022-M05,2022,19778.0
037,Sariyog',Масло сливочное,Butter,Сариёғ,2022-M05,2022,41411.0
039,Limon,Лимоны,Lemons,Лимон,2022-M05,2022,17844.0
0040,Olma,Яблоки,Apples,Олма,2022-M05,2022,10502.0
041,Nok,Груши,Pears,Нок,2022-M05,2022,24234.0
049,Uzum,Виноград,Grape,Узум,2022-M05,2022,13339.0
0050,Tarvuz,Арбуз,Watermelon,Тарвуз,2022-M05,2022,7500.0
0051,Qovun,Дыня,Melon,Қовун,2022-M05,2022,14000.0
053,Mayiz,Кишмиш,Kishmish,Майиз,2022-M05,2022,26520.0
055,Karam,Капуста,Cabbage,Карам,2022-M05,2022,3892.0
057,Bodring,Огурцы,Cucumbers,Бодринг,2022-M05,2022,4563.0
058,Pomidor,Помидоры,Tomatoes,Помидор,2022-M05,2022,11263.0
059,Baqlajon,Баклажаны,Eggplant,Бақлажон,2022-M05,2022,14020.0
0060,Bulg'or qalampiri,Перец болгарский,Bell pepper,Булғор қалампири,2022-M05,2022,14369.0
061,Qovoq,Тыква,Pumpkin,Қовоқ,2022-M05,2022,0.0
063,Sabzi,Морковь,Carrot,Сабзи,2022-M05,2022,2526.0
065,Sarimsoq,Чеснок,Garlic,Саримсоқ,2022-M05,2022,20745.0
066,Piyoz,Лук репчатый,Onion,Пиёз,2022-M05,2022,2661.0
069,Kartoshka,Картофель,Potatoes,Картошка,2022-M05,2022,3078.0
0070,Loviya,Фасоль,Beans,Ловия,2022-M05,2022,11494.0
071,No'xot,Горох,Peas,Нўхот,2022-M05,2022,19866.0
0072,Mosh,Маш,Mash,Мош,2022-M05,2022,10887.0
073,Shakar,Сахар песок,Sugar,Шакар,2022-M05,2022,9226.0
002,Kruppa yormasi,Крупа манная,Semolina,Круппа ёрмаси,2022-M05,2022,3882.0
001,Guruch,Рис,Rice,Гуруч,2022-M06,2022,7669.0
003,Arpa,Ячмень,Barley,Арпа,2022-M06,2022,3934.0
0004,Bug'doy,Пшеница,Wheat,Буғдой,2022-M06,2022,3916.0
005,Jo'hori,Кукуруза,Corn,Жўҳори,2022-M06,2022,4018.0
006,Kepak,Отруби,Bran,Кепак,2022-M06,2022,2857.0
0008,Shrot,Шрот,Schroth,Шрот,2022-M06,2022,4019.0
009,Shulxa,Шелуха,Husk,Шулха,2022-M06,2022,3439.0
010,Kombikorm,Комбикорм,Compound feed,Комбикорм,2022-M06,2022,3288.0
011,Oliy navli bug'doy uni,Мука пшеничная высшего сорта,High-grade wheat flour,Олий навли буғдой уни,2022-M06,2022,5858.0
0012,1-navli bug'doy uni,Мука пшеничная первого сорта,First grade wheat flour,1-навли буғдой уни,2022-M06,2022,5203.0
013,1-nav bug'doy unidan non,Хлеб пшеничный из муки 1-го сорта,Wheat bread from 1st grade flour,1-нав буғдой унидан нон,2022-M06,2022,4548.0
017,Mol go'shti,Говядина,Beef,Мол гўшти,2022-M06,2022,61799.0
0020,Qo'y go'shti,Баранина,Mutton,Қўй гўшти,2022-M06,2022,64818.0
022,Tovuq go'shti,Мясо птицы,Poultry,Товуқ гўшти,2022-M06,2022,21208.0
026,Turli baliqlar,Рыба всякая,Fish of all kinds,Турли балиқлар,2022-M06,2022,26800.0
027,Yangi sog'ilgan sut (1 litr),Молоко свежее (1 литр),Fresh milk (1 liter),Янги соғилган сут (1 литр),2022-M06,2022,4890.0
034,Tuxum (10 dona),Яйца (10 штук),Eggs (10 pieces ),Тухум (10 дона),2022-M06,2022,9024.0
035,Paxta yog'i (1 litr),Масло хлопковое (1 литр),Cottonseed oil (1 liter),Пахта ёғи (1 литр),2022-M06,2022,17960.0
0036,Kungaboqar yog'i (1 litr),Масло подсолнечное (1 литр),Sunflower oil (1 liter),Кунгабоқар ёғи (1 литр),2022-M06,2022,20135.0
037,Sariyog',Масло сливочное,Butter,Сариёғ,2022-M06,2022,41243.0
039,Limon,Лимоны,Lemons,Лимон,2022-M06,2022,19726.0
0040,Olma,Яблоки,Apples,Олма,2022-M06,2022,8745.0
041,Nok,Груши,Pears,Нок,2022-M06,2022,26735.0
049,Uzum,Виноград,Grape,Узум,2022-M06,2022,13610.0
0050,Tarvuz,Арбуз,Watermelon,Тарвуз,2022-M06,2022,2818.0
0051,Qovun,Дыня,Melon,Қовун,2022-M06,2022,4665.0
053,Mayiz,Кишмиш,Kishmish,Майиз,2022-M06,2022,27209.0
055,Karam,Капуста,Cabbage,Карам,2022-M06,2022,2900.0
057,Bodring,Огурцы,Cucumbers,Бодринг,2022-M06,2022,4011.0
058,Pomidor,Помидоры,Tomatoes,Помидор,2022-M06,2022,6751.0
059,Baqlajon,Баклажаны,Eggplant,Бақлажон,2022-M06,2022,6826.0
0060,Bulg'or qalampiri,Перец болгарский,Bell pepper,Булғор қалампири,2022-M06,2022,7663.0
061,Qovoq,Тыква,Pumpkin,Қовоқ,2022-M06,2022,3284.0
063,Sabzi,Морковь,Carrot,Сабзи,2022-M06,2022,2555.0
065,Sarimsoq,Чеснок,Garlic,Саримсоқ,2022-M06,2022,14276.0
066,Piyoz,Лук репчатый,Onion,Пиёз,2022-M06,2022,2770.0
069,Kartoshka,Картофель,Potatoes,Картошка,2022-M06,2022,3319.0
0070,Loviya,Фасоль,Beans,Ловия,2022-M06,2022,11360.0
071,No'xot,Горох,Peas,Нўхот,2022-M06,2022,19896.0
0072,Mosh,Маш,Mash,Мош,2022-M06,2022,11012.0
073,Shakar,Сахар песок,Sugar,Шакар,2022-M06,2022,11912.0
002,Kruppa yormasi,Крупа манная,Semolina,Круппа ёрмаси,2022-M06,2022,3934.0
001,Guruch,Рис,Rice,Гуруч,2022-M07,2022,8077.0
003,Arpa,Ячмень,Barley,Арпа,2022-M07,2022,3917.0
0004,Bug'doy,Пшеница,Wheat,Буғдой,2022-M07,2022,3871.0
005,Jo'hori,Кукуруза,Corn,Жўҳори,2022-M07,2022,4278.0
006,Kepak,Отруби,Bran,Кепак,2022-M07,2022,2868.0
0008,Shrot,Шрот,Schroth,Шрот,2022-M07,2022,4097.0
009,Shulxa,Шелуха,Husk,Шулха,2022-M07,2022,3505.0
010,Kombikorm,Комбикорм,Compound feed,Комбикорм,2022-M07,2022,3485.0
011,Oliy navli bug'doy uni,Мука пшеничная высшего сорта,High-grade wheat flour,Олий навли буғдой уни,2022-M07,2022,6246.0
0012,1-navli bug'doy uni,Мука пшеничная первого сорта,First grade wheat flour,1-навли буғдой уни,2022-M07,2022,5615.0
013,1-nav bug'doy unidan non,Хлеб пшеничный из муки 1-го сорта,Wheat bread from 1st grade flour,1-нав буғдой унидан нон,2022-M07,2022,4887.0
017,Mol go'shti,Говядина,Beef,Мол гўшти,2022-M07,2022,63020.0
0020,Qo'y go'shti,Баранина,Mutton,Қўй гўшти,2022-M07,2022,66039.0
022,Tovuq go'shti,Мясо птицы,Poultry,Товуқ гўшти,2022-M07,2022,21965.0
026,Turli baliqlar,Рыба всякая,Fish of all kinds,Турли балиқлар,2022-M07,2022,0.0
027,Yangi sog'ilgan sut (1 litr),Молоко свежее (1 литр),Fresh milk (1 liter),Янги соғилган сут (1 литр),2022-M07,2022,4910.0
034,Tuxum (10 dona),Яйца (10 штук),Eggs (10 pieces ),Тухум (10 дона),2022-M07,2022,9071.0
035,Paxta yog'i (1 litr),Масло хлопковое (1 литр),Cottonseed oil (1 liter),Пахта ёғи (1 литр),2022-M07,2022,18443.0
0036,Kungaboqar yog'i (1 litr),Масло подсолнечное (1 литр),Sunflower oil (1 liter),Кунгабоқар ёғи (1 литр),2022-M07,2022,20497.0
037,Sariyog',Масло сливочное,Butter,Сариёғ,2022-M07,2022,41590.0
039,Limon,Лимоны,Lemons,Лимон,2022-M07,2022,35540.0
0040,Olma,Яблоки,Apples,Олма,2022-M07,2022,6025.0
041,Nok,Груши,Pears,Нок,2022-M07,2022,16766.0
049,Uzum,Виноград,Grape,Узум,2022-M07,2022,9366.0
0050,Tarvuz,Арбуз,Watermelon,Тарвуз,2022-M07,2022,1773.0
0051,Qovun,Дыня,Melon,Қовун,2022-M07,2022,2668.0
053,Mayiz,Кишмиш,Kishmish,Майиз,2022-M07,2022,28525.0
055,Karam,Капуста,Cabbage,Карам,2022-M07,2022,2180.0
057,Bodring,Огурцы,Cucumbers,Бодринг,2022-M07,2022,3579.0
058,Pomidor,Помидоры,Tomatoes,Помидор,2022-M07,2022,3391.0
059,Baqlajon,Баклажаны,Eggplant,Бақлажон,2022-M07,2022,3622.0
0060,Bulg'or qalampiri,Перец болгарский,Bell pepper,Булғор қалампири,2022-M07,2022,5739.0
061,Qovoq,Тыква,Pumpkin,Қовоқ,2022-M07,2022,3140.0
063,Sabzi,Морковь,Carrot,Сабзи,2022-M07,2022,2452.0
065,Sarimsoq,Чеснок,Garlic,Саримсоқ,2022-M07,2022,14149.0
066,Piyoz,Лук репчатый,Onion,Пиёз,2022-M07,2022,4163.0
069,Kartoshka,Картофель,Potatoes,Картошка,2022-M07,2022,3140.0
0070,Loviya,Фасоль,Beans,Ловия,2022-M07,2022,11357.0
071,No'xot,Горох,Peas,Нўхот,2022-M07,2022,19603.0
0072,Mosh,Маш,Mash,Мош,2022-M07,2022,11149.0
073,Shakar,Сахар песок,Sugar,Шакар,2022-M07,2022,14190.0
002,Kruppa yormasi,Крупа манная,Semolina,Круппа ёрмаси,2022-M07,2022,3917.0
001,Guruch,Рис,Rice,Гуруч,2022-M08,2022,8720.0
003,Arpa,Ячмень,Barley,Арпа,2022-M08,2022,3999.0
0004,Bug'doy,Пшеница,Wheat,Буғдой,2022-M08,2022,3945.0
005,Jo'hori,Кукуруза,Corn,Жўҳори,2022-M08,2022,4375.0
006,Kepak,Отруби,Bran,Кепак,2022-M08,2022,2892.0
0008,Shrot,Шрот,Schroth,Шрот,2022-M08,2022,4096.0
009,Shulxa,Шелуха,Husk,Шулха,2022-M08,2022,3464.0
010,Kombikorm,Комбикорм,Compound feed,Комбикорм,2022-M08,2022,3457.0
011,Oliy navli bug'doy uni,Мука пшеничная высшего сорта,High-grade wheat flour,Олий навли буғдой уни,2022-M08,2022,6306.0
0012,1-navli bug'doy uni,Мука пшеничная первого сорта,First grade wheat flour,1-навли буғдой уни,2022-M08,2022,5701.0
013,1-nav bug'doy unidan non,Хлеб пшеничный из муки 1-го сорта,Wheat bread from 1st grade flour,1-нав буғдой унидан нон,2022-M08,2022,4966.0
017,Mol go'shti,Говядина,Beef,Мол гўшти,2022-M08,2022,64533.0
0020,Qo'y go'shti,Баранина,Mutton,Қўй гўшти,2022-M08,2022,67669.0
022,Tovuq go'shti,Мясо птицы,Poultry,Товуқ гўшти,2022-M08,2022,22449.0
026,Turli baliqlar,Рыба всякая,Fish of all kinds,Турли балиқлар,2022-M08,2022,29400.0
027,Yangi sog'ilgan sut (1 litr),Молоко свежее (1 литр),Fresh milk (1 liter),Янги соғилган сут (1 литр),2022-M08,2022,4963.0
034,Tuxum (10 dona),Яйца (10 штук),Eggs (10 pieces ),Тухум (10 дона),2022-M08,2022,9118.0
035,Paxta yog'i (1 litr),Масло хлопковое (1 литр),Cottonseed oil (1 liter),Пахта ёғи (1 литр),2022-M08,2022,18682.0
0036,Kungaboqar yog'i (1 litr),Масло подсолнечное (1 литр),Sunflower oil (1 liter),Кунгабоқар ёғи (1 литр),2022-M08,2022,20679.0
037,Sariyog',Масло сливочное,Butter,Сариёғ,2022-M08,2022,43399.0
039,Limon,Лимоны,Lemons,Лимон,2022-M08,2022,36701.0
0040,Olma,Яблоки,Apples,Олма,2022-M08,2022,6183.0
041,Nok,Груши,Pears,Нок,2022-M08,2022,13240.0
049,Uzum,Виноград,Grape,Узум,2022-M08,2022,7028.0
0050,Tarvuz,Арбуз,Watermelon,Тарвуз,2022-M08,2022,1652.0
0051,Qovun,Дыня,Melon,Қовун,2022-M08,2022,2450.0
053,Mayiz,Кишмиш,Kishmish,Майиз,2022-M08,2022,29862.0
055,Karam,Капуста,Cabbage,Карам,2022-M08,2022,2154.0
057,Bodring,Огурцы,Cucumbers,Бодринг,2022-M08,2022,3719.0
058,Pomidor,Помидоры,Tomatoes,Помидор,2022-M08,2022,3851.0
059,Baqlajon,Баклажаны,Eggplant,Бақлажон,2022-M08,2022,3069.0
0060,Bulg'or qalampiri,Перец болгарский,Bell pepper,Булғор қалампири,2022-M08,2022,5513.0
061,Qovoq,Тыква,Pumpkin,Қовоқ,2022-M08,2022,2794.0
063,Sabzi,Морковь,Carrot,Сабзи,2022-M08,2022,2432.0
065,Sarimsoq,Чеснок,Garlic,Саримсоқ,2022-M08,2022,13918.0
066,Piyoz,Лук репчатый,Onion,Пиёз,2022-M08,2022,3800.0
069,Kartoshka,Картофель,Potatoes,Картошка,2022-M08,2022,3242.0
0070,Loviya,Фасоль,Beans,Ловия,2022-M08,2022,11430.0
071,No'xot,Горох,Peas,Нўхот,2022-M08,2022,19661.0
0072,Mosh,Маш,Mash,Мош,2022-M08,2022,11333.0
073,Shakar,Сахар песок,Sugar,Шакар,2022-M08,2022,14081.0
002,Kruppa yormasi,Крупа манная,Semolina,Круппа ёрмаси,2022-M08,2022,3999.0
001,Guruch,Рис,Rice,Гуруч,2022-M09,2022,9437.0
003,Arpa,Ячмень,Barley,Арпа,2022-M09,2022,3974.0
0004,Bug'doy,Пшеница,Wheat,Буғдой,2022-M09,2022,3996.0
005,Jo'hori,Кукуруза,Corn,Жўҳори,2022-M09,2022,4176.0
006,Kepak,Отруби,Bran,Кепак,2022-M09,2022,2957.0
0008,Shrot,Шрот,Schroth,Шрот,2022-M09,2022,4093.0
009,Shulxa,Шелуха,Husk,Шулха,2022-M09,2022,3479.0
010,Kombikorm,Комбикорм,Compound feed,Комбикорм,2022-M09,2022,3519.0
011,Oliy navli bug'doy uni,Мука пшеничная высшего сорта,High-grade wheat flour,Олий навли буғдой уни,2022-M09,2022,6364.0
0012,1-navli bug'doy uni,Мука пшеничная первого сорта,First grade wheat flour,1-навли буғдой уни,2022-M09,2022,5669.0
013,1-nav bug'doy unidan non,Хлеб пшеничный из муки 1-го сорта,Wheat bread from 1st grade flour,1-нав буғдой унидан нон,2022-M09,2022,5046.0
017,Mol go'shti,Говядина,Beef,Мол гўшти,2022-M09,2022,66076.0
0020,Qo'y go'shti,Баранина,Mutton,Қўй гўшти,2022-M09,2022,68549.0
022,Tovuq go'shti,Мясо птицы,Poultry,Товуқ гўшти,2022-M09,2022,22939.0
026,Turli baliqlar,Рыба всякая,Fish of all kinds,Турли балиқлар,2022-M09,2022,25871.0
027,Yangi sog'ilgan sut (1 litr),Молоко свежее (1 литр),Fresh milk (1 liter),Янги соғилган сут (1 литр),2022-M09,2022,5007.0
034,Tuxum (10 dona),Яйца (10 штук),Eggs (10 pieces ),Тухум (10 дона),2022-M09,2022,9516.0
035,Paxta yog'i (1 litr),Масло хлопковое (1 литр),Cottonseed oil (1 liter),Пахта ёғи (1 литр),2022-M09,2022,18740.0
0036,Kungaboqar yog'i (1 litr),Масло подсолнечное (1 литр),Sunflower oil (1 liter),Кунгабоқар ёғи (1 литр),2022-M09,2022,20773.0
037,Sariyog',Масло сливочное,Butter,Сариёғ,2022-M09,2022,44870.0
039,Limon,Лимоны,Lemons,Лимон,2022-M09,2022,28451.0
0040,Olma,Яблоки,Apples,Олма,2022-M09,2022,6516.0
041,Nok,Груши,Pears,Нок,2022-M09,2022,12495.0
049,Uzum,Виноград,Grape,Узум,2022-M09,2022,6738.0
0050,Tarvuz,Арбуз,Watermelon,Тарвуз,2022-M09,2022,1692.0
0051,Qovun,Дыня,Melon,Қовун,2022-M09,2022,2347.0
053,Mayiz,Кишмиш,Kishmish,Майиз,2022-M09,2022,29760.0
055,Karam,Капуста,Cabbage,Карам,2022-M09,2022,2050.0
057,Bodring,Огурцы,Cucumbers,Бодринг,2022-M09,2022,4330.0
058,Pomidor,Помидоры,Tomatoes,Помидор,2022-M09,2022,5496.0
059,Baqlajon,Баклажаны,Eggplant,Бақлажон,2022-M09,2022,3270.0
0060,Bulg'or qalampiri,Перец болгарский,Bell pepper,Булғор қалампири,2022-M09,2022,5222.0
061,Qovoq,Тыква,Pumpkin,Қовоқ,2022-M09,2022,2694.0
063,Sabzi,Морковь,Carrot,Сабзи,2022-M09,2022,2336.0
065,Sarimsoq,Чеснок,Garlic,Саримсоқ,2022-M09,2022,14164.0
066,Piyoz,Лук репчатый,Onion,Пиёз,2022-M09,2022,3285.0
069,Kartoshka,Картофель,Potatoes,Картошка,2022-M09,2022,3381.0
0070,Loviya,Фасоль,Beans,Ловия,2022-M09,2022,11845.0
071,No'xot,Горох,Peas,Нўхот,2022-M09,2022,19810.0
0072,Mosh,Маш,Mash,Мош,2022-M09,2022,11480.0
073,Shakar,Сахар песок,Sugar,Шакар,2022-M09,2022,13931.0
002,Kruppa yormasi,Крупа манная,Semolina,Круппа ёрмаси,2022-M09,2022,3974.0
001,Guruch,Рис,Rice,Гуруч,2022-M10,2022,11163.0
003,Arpa,Ячмень,Barley,Арпа,2022-M10,2022,4106.0
0004,Bug'doy,Пшеница,Wheat,Буғдой,2022-M10,2022,4115.0
005,Jo'hori,Кукуруза,Corn,Жўҳори,2022-M10,2022,4246.0
006,Kepak,Отруби,Bran,Кепак,2022-M10,2022,3028.0
0008,Shrot,Шрот,Schroth,Шрот,2022-M10,2022,4516.0
009,Shulxa,Шелуха,Husk,Шулха,2022-M10,2022,3950.0
010,Kombikorm,Комбикорм,Compound feed,Комбикорм,2022-M10,2022,3852.0
011,Oliy navli bug'doy uni,Мука пшеничная высшего сорта,High-grade wheat flour,Олий навли буғдой уни,2022-M10,2022,7521.0
0012,1-navli bug'doy uni,Мука пшеничная первого сорта,First grade wheat flour,1-навли буғдой уни,2022-M10,2022,6409.0
013,1-nav bug'doy unidan non,Хлеб пшеничный из муки 1-го сорта,Wheat bread from 1st grade flour,1-нав буғдой унидан нон,2022-M10,2022,5149.0
017,Mol go'shti,Говядина,Beef,Мол гўшти,2022-M10,2022,68694.0
0020,Qo'y go'shti,Баранина,Mutton,Қўй гўшти,2022-M10,2022,71318.0
022,Tovuq go'shti,Мясо птицы,Poultry,Товуқ гўшти,2022-M10,2022,24487.0
026,Turli baliqlar,Рыба всякая,Fish of all kinds,Турли балиқлар,2022-M10,2022,26079.0
027,Yangi sog'ilgan sut (1 litr),Молоко свежее (1 литр),Fresh milk (1 liter),Янги соғилган сут (1 литр),2022-M10,2022,5352.0
034,Tuxum (10 dona),Яйца (10 штук),Eggs (10 pieces ),Тухум (10 дона),2022-M10,2022,11216.0
035,Paxta yog'i (1 litr),Масло хлопковое (1 литр),Cottonseed oil (1 liter),Пахта ёғи (1 литр),2022-M10,2022,19661.0
0036,Kungaboqar yog'i (1 litr),Масло подсолнечное (1 литр),Sunflower oil (1 liter),Кунгабоқар ёғи (1 литр),2022-M10,2022,21379.0
037,Sariyog',Масло сливочное,Butter,Сариёғ,2022-M10,2022,47859.0
039,Limon,Лимоны,Lemons,Лимон,2022-M10,2022,22093.0
0040,Olma,Яблоки,Apples,Олма,2022-M10,2022,6616.0
041,Nok,Груши,Pears,Нок,2022-M10,2022,13982.0
049,Uzum,Виноград,Grape,Узум,2022-M10,2022,6622.0
0050,Tarvuz,Арбуз,Watermelon,Тарвуз,2022-M10,2022,1835.0
0051,Qovun,Дыня,Melon,Қовун,2022-M10,2022,2425.0
053,Mayiz,Кишмиш,Kishmish,Майиз,2022-M10,2022,31050.0
055,Karam,Капуста,Cabbage,Карам,2022-M10,2022,2025.0
057,Bodring,Огурцы,Cucumbers,Бодринг,2022-M10,2022,6041.0
058,Pomidor,Помидоры,Tomatoes,Помидор,2022-M10,2022,7502.0
059,Baqlajon,Баклажаны,Eggplant,Бақлажон,2022-M10,2022,3702.0
0060,Bulg'or qalampiri,Перец болгарский,Bell pepper,Булғор қалампири,2022-M10,2022,5364.0
061,Qovoq,Тыква,Pumpkin,Қовоқ,2022-M10,2022,3069.0
063,Sabzi,Морковь,Carrot,Сабзи,2022-M10,2022,2575.0
065,Sarimsoq,Чеснок,Garlic,Саримсоқ,2022-M10,2022,15157.0
066,Piyoz,Лук репчатый,Onion,Пиёз,2022-M10,2022,2936.0
069,Kartoshka,Картофель,Potatoes,Картошка,2022-M10,2022,3720.0
0070,Loviya,Фасоль,Beans,Ловия,2022-M10,2022,12234.0
071,No'xot,Горох,Peas,Нўхот,2022-M10,2022,21163.0
0072,Mosh,Маш,Mash,Мош,2022-M10,2022,11803.0
073,Shakar,Сахар песок,Sugar,Шакар,2022-M10,2022,14020.0
002,Kruppa yormasi,Крупа манная,Semolina,Круппа ёрмаси,2022-M10,2022,4106.0
001,Guruch,Рис,Rice,Гуруч,2022-M11,2022,11511.0
003,Arpa,Ячмень,Barley,Арпа,2022-M11,2022,4185.0
0004,Bug'doy,Пшеница,Wheat,Буғдой,2022-M11,2022,4196.0
005,Jo'hori,Кукуруза,Corn,Жўҳори,2022-M11,2022,4263.0
006,Kepak,Отруби,Bran,Кепак,2022-M11,2022,3054.0
0008,Shrot,Шрот,Schroth,Шрот,2022-M11,2022,4476.0
009,Shulxa,Шелуха,Husk,Шулха,2022-M11,2022,4053.0
010,Kombikorm,Комбикорм,Compound feed,Комбикорм,2022-M11,2022,3959.0
011,Oliy navli bug'doy uni,Мука пшеничная высшего сорта,High-grade wheat flour,Олий навли буғдой уни,2022-M11,2022,7827.0
0012,1-navli bug'doy uni,Мука пшеничная первого сорта,First grade wheat flour,1-навли буғдой уни,2022-M11,2022,6505.0
013,1-nav bug'doy unidan non,Хлеб пшеничный из муки 1-го сорта,Wheat bread from 1st grade flour,1-нав буғдой унидан нон,2022-M11,2022,5224.0
017,Mol go'shti,Говядина,Beef,Мол гўшти,2022-M11,2022,69992.0
0020,Qo'y go'shti,Баранина,Mutton,Қўй гўшти,2022-M11,2022,73128.0
022,Tovuq go'shti,Мясо птицы,Poultry,Товуқ гўшти,2022-M11,2022,25233.0
026,Turli baliqlar,Рыба всякая,Fish of all kinds,Турли балиқлар,2022-M11,2022,24802.0
027,Yangi sog'ilgan sut (1 litr),Молоко свежее (1 литр),Fresh milk (1 liter),Янги соғилган сут (1 литр),2022-M11,2022,5506.0
034,Tuxum (10 dona),Яйца (10 штук),Eggs (10 pieces ),Тухум (10 дона),2022-M11,2022,12422.0
035,Paxta yog'i (1 litr),Масло хлопковое (1 литр),Cottonseed oil (1 liter),Пахта ёғи (1 литр),2022-M11,2022,19453.0
0036,Kungaboqar yog'i (1 litr),Масло подсолнечное (1 литр),Sunflower oil (1 liter),Кунгабоқар ёғи (1 литр),2022-M11,2022,21188.0
037,Sariyog',Масло сливочное,Butter,Сариёғ,2022-M11,2022,50727.0
039,Limon,Лимоны,Lemons,Лимон,2022-M11,2022,17131.0
0040,Olma,Яблоки,Apples,Олма,2022-M11,2022,7025.0
041,Nok,Груши,Pears,Нок,2022-M11,2022,15628.0
049,Uzum,Виноград,Grape,Узум,2022-M11,2022,7212.0
0050,Tarvuz,Арбуз,Watermelon,Тарвуз,2022-M11,2022,2362.0
0051,Qovun,Дыня,Melon,Қовун,2022-M11,2022,3041.0
053,Mayiz,Кишмиш,Kishmish,Майиз,2022-M11,2022,31723.0
055,Karam,Капуста,Cabbage,Карам,2022-M11,2022,2057.0
057,Bodring,Огурцы,Cucumbers,Бодринг,2022-M11,2022,12379.0
058,Pomidor,Помидоры,Tomatoes,Помидор,2022-M11,2022,10403.0
059,Baqlajon,Баклажаны,Eggplant,Бақлажон,2022-M11,2022,4260.0
0060,Bulg'or qalampiri,Перец болгарский,Bell pepper,Булғор қалампири,2022-M11,2022,7327.0
061,Qovoq,Тыква,Pumpkin,Қовоқ,2022-M11,2022,3179.0
063,Sabzi,Морковь,Carrot,Сабзи,2022-M11,2022,2778.0
065,Sarimsoq,Чеснок,Garlic,Саримсоқ,2022-M11,2022,15018.0
066,Piyoz,Лук репчатый,Onion,Пиёз,2022-M11,2022,3345.0
069,Kartoshka,Картофель,Potatoes,Картошка,2022-M11,2022,3843.0
0070,Loviya,Фасоль,Beans,Ловия,2022-M11,2022,12590.0
071,No'xot,Горох,Peas,Нўхот,2022-M11,2022,22410.0
0072,Mosh,Маш,Mash,Мош,2022-M11,2022,11922.0
073,Shakar,Сахар песок,Sugar,Шакар,2022-M11,2022,13257.0
002,Kruppa yormasi,Крупа манная,Semolina,Круппа ёрмаси,2022-M11,2022,4185.0
001,Guruch,Рис,Rice,Гуруч,2022-M12,2022,11662.0
003,Arpa,Ячмень,Barley,Арпа,2022-M12,2022,4221.0
0004,Bug'doy,Пшеница,Wheat,Буғдой,2022-M12,2022,4254.0
005,Jo'hori,Кукуруза,Corn,Жўҳори,2022-M12,2022,4285.0
006,Kepak,Отруби,Bran,Кепак,2022-M12,2022,3048.0
0008,Shrot,Шрот,Schroth,Шрот,2022-M12,2022,4495.0
009,Shulxa,Шелуха,Husk,Шулха,2022-M12,2022,3946.0
010,Kombikorm,Комбикорм,Compound feed,Комбикорм,2022-M12,2022,3933.0
011,Oliy navli bug'doy uni,Мука пшеничная высшего сорта,High-grade wheat flour,Олий навли буғдой уни,2022-M12,2022,7915.0
0012,1-navli bug'doy uni,Мука пшеничная первого сорта,First grade wheat flour,1-навли буғдой уни,2022-M12,2022,6504.0
013,1-nav bug'doy unidan non,Хлеб пшеничный из муки 1-го сорта,Wheat bread from 1st grade flour,1-нав буғдой унидан нон,2022-M12,2022,5242.0
017,Mol go'shti,Говядина,Beef,Мол гўшти,2022-M12,2022,69972.0
0020,Qo'y go'shti,Баранина,Mutton,Қўй гўшти,2022-M12,2022,73607.0
022,Tovuq go'shti,Мясо птицы,Poultry,Товуқ гўшти,2022-M12,2022,25580.0
026,Turli baliqlar,Рыба всякая,Fish of all kinds,Турли балиқлар,2022-M12,2022,26164.0
027,Yangi sog'ilgan sut (1 litr),Молоко свежее (1 литр),Fresh milk (1 liter),Янги соғилган сут (1 литр),2022-M12,2022,5469.0
034,Tuxum (10 dona),Яйца (10 штук),Eggs (10 pieces ),Тухум (10 дона),2022-M12,2022,13371.0
035,Paxta yog'i (1 litr),Масло хлопковое (1 литр),Cottonseed oil (1 liter),Пахта ёғи (1 литр),2022-M12,2022,19098.0
0036,Kungaboqar yog'i (1 litr),Масло подсолнечное (1 литр),Sunflower oil (1 liter),Кунгабоқар ёғи (1 литр),2022-M12,2022,20832.0
037,Sariyog',Масло сливочное,Butter,Сариёғ,2022-M12,2022,53237.0
039,Limon,Лимоны,Lemons,Лимон,2022-M12,2022,13481.0
0040,Olma,Яблоки,Apples,Олма,2022-M12,2022,7596.0
041,Nok,Груши,Pears,Нок,2022-M12,2022,18601.0
049,Uzum,Виноград,Grape,Узум,2022-M12,2022,8663.0
0050,Tarvuz,Арбуз,Watermelon,Тарвуз,2022-M12,2022,2904.0
0051,Qovun,Дыня,Melon,Қовун,2022-M12,2022,3623.0
053,Mayiz,Кишмиш,Kishmish,Майиз,2022-M12,2022,31321.0
055,Karam,Капуста,Cabbage,Карам,2022-M12,2022,2094.0
057,Bodring,Огурцы,Cucumbers,Бодринг,2022-M12,2022,17305.0
058,Pomidor,Помидоры,Tomatoes,Помидор,2022-M12,2022,13473.0
059,Baqlajon,Баклажаны,Eggplant,Бақлажон,2022-M12,2022,9027.0
0060,Bulg'or qalampiri,Перец болгарский,Bell pepper,Булғор қалампири,2022-M12,2022,11571.0
061,Qovoq,Тыква,Pumpkin,Қовоқ,2022-M12,2022,3172.0
063,Sabzi,Морковь,Carrot,Сабзи,2022-M12,2022,2822.0
065,Sarimsoq,Чеснок,Garlic,Саримсоқ,2022-M12,2022,15215.0
066,Piyoz,Лук репчатый,Onion,Пиёз,2022-M12,2022,3998.0
069,Kartoshka,Картофель,Potatoes,Картошка,2022-M12,2022,4095.0
0070,Loviya,Фасоль,Beans,Ловия,2022-M12,2022,13104.0
071,No'xot,Горох,Peas,Нўхот,2022-M12,2022,24009.0
0072,Mosh,Маш,Mash,Мош,2022-M12,2022,11948.0
073,Shakar,Сахар песок,Sugar,Шакар,2022-M12,2022,12845.0
002,Kruppa yormasi,Крупа манная,Semolina,Круппа ёрмаси,2022-M12,2022,4221.0
001,Guruch,Рис,Rice,Гуруч,2023-M01,2023,14027.0
003,Arpa,Ячмень,Barley,Арпа,2023-M01,2023,4267.0
0004,Bug'doy,Пшеница,Wheat,Буғдой,2023-M01,2023,4221.0
005,Jo'hori,Кукуруза,Corn,Жўҳори,2023-M01,2023,4192.0
006,Kepak,Отруби,Bran,Кепак,2023-M01,2023,3108.0
0008,Shrot,Шрот,Schroth,Шрот,2023-M01,2023,4534.0
009,Shulxa,Шелуха,Husk,Шулха,2023-M01,2023,3879.0
010,Kombikorm,Комбикорм,Compound feed,Комбикорм,2023-M01,2023,3839.0
011,Oliy navli bug'doy uni,Мука пшеничная высшего сорта,High-grade wheat flour,Олий навли буғдой уни,2023-M01,2023,8107.0
0012,1-navli bug'doy uni,Мука пшеничная первого сорта,First grade wheat flour,1-навли буғдой уни,2023-M01,2023,6868.0
013,1-nav bug'doy unidan non,Хлеб пшеничный из муки 1-го сорта,Wheat bread from 1st grade flour,1-нав буғдой унидан нон,2023-M01,2023,5564.0
017,Mol go'shti,Говядина,Beef,Мол гўшти,2023-M01,2023,71577.0
0020,Qo'y go'shti,Баранина,Mutton,Қўй гўшти,2023-M01,2023,75058.0
022,Tovuq go'shti,Мясо птицы,Poultry,Товуқ гўшти,2023-M01,2023,27369.0
026,Turli baliqlar,Рыба всякая,Fish of all kinds,Турли балиқлар,2023-M01,2023,28571.0
027,Yangi sog'ilgan sut (1 litr),Молоко свежее (1 литр),Fresh milk (1 liter),Янги соғилган сут (1 литр),2023-M01,2023,5967.0
034,Tuxum (10 dona),Яйца (10 штук),Eggs (10 pieces ),Тухум (10 дона),2023-M01,2023,13739.0
035,Paxta yog'i (1 litr),Масло хлопковое (1 литр),Cottonseed oil (1 liter),Пахта ёғи (1 литр),2023-M01,2023,18949.0
0036,Kungaboqar yog'i (1 litr),Масло подсолнечное (1 литр),Sunflower oil (1 liter),Кунгабоқар ёғи (1 литр),2023-M01,2023,20915.0
037,Sariyog',Масло сливочное,Butter,Сариёғ,2023-M01,2023,56531.0
039,Limon,Лимоны,Lemons,Лимон,2023-M01,2023,12590.0
0040,Olma,Яблоки,Apples,Олма,2023-M01,2023,9011.0
041,Nok,Груши,Pears,Нок,2023-M01,2023,21676.0
049,Uzum,Виноград,Grape,Узум,2023-M01,2023,10922.0
0050,Tarvuz,Арбуз,Watermelon,Тарвуз,2023-M01,2023,3960.0
0051,Qovun,Дыня,Melon,Қовун,2023-M01,2023,4292.0
053,Mayiz,Кишмиш,Kishmish,Майиз,2023-M01,2023,32794.0
055,Karam,Капуста,Cabbage,Карам,2023-M01,2023,2683.0
057,Bodring,Огурцы,Cucumbers,Бодринг,2023-M01,2023,20901.0
058,Pomidor,Помидоры,Tomatoes,Помидор,2023-M01,2023,17418.0
059,Baqlajon,Баклажаны,Eggplant,Бақлажон,2023-M01,2023,18917.0
0060,Bulg'or qalampiri,Перец болгарский,Bell pepper,Булғор қалампири,2023-M01,2023,25542.0
061,Qovoq,Тыква,Pumpkin,Қовоқ,2023-M01,2023,3270.0
063,Sabzi,Морковь,Carrot,Сабзи,2023-M01,2023,3228.0
065,Sarimsoq,Чеснок,Garlic,Саримсоқ,2023-M01,2023,17207.0
066,Piyoz,Лук репчатый,Onion,Пиёз,2023-M01,2023,5441.0
069,Kartoshka,Картофель,Potatoes,Картошка,2023-M01,2023,4628.0
0070,Loviya,Фасоль,Beans,Ловия,2023-M01,2023,13863.0
071,No'xot,Горох,Peas,Нўхот,2023-M01,2023,24264.0
0072,Mosh,Маш,Mash,Мош,2023-M01,2023,12136.0
073,Shakar,Сахар песок,Sugar,Шакар,2023-M01,2023,12877.0
002,Kruppa yormasi,Крупа манная,Semolina,Круппа ёрмаси,2023-M01,2023,4267.0
001,Guruch,Рис,Rice,Гуруч,2023-M02,2023,14825.0
003,Arpa,Ячмень,Barley,Арпа,2023-M02,2023,4284.0
0004,Bug'doy,Пшеница,Wheat,Буғдой,2023-M02,2023,4338.0
005,Jo'hori,Кукуруза,Corn,Жўҳори,2023-M02,2023,4175.0
006,Kepak,Отруби,Bran,Кепак,2023-M02,2023,3052.0
0008,Shrot,Шрот,Schroth,Шрот,2023-M02,2023,4548.0
009,Shulxa,Шелуха,Husk,Шулха,2023-M02,2023,3929.0
010,Kombikorm,Комбикорм,Compound feed,Комбикорм,2023-M02,2023,3764.0
011,Oliy navli bug'doy uni,Мука пшеничная высшего сорта,High-grade wheat flour,Олий навли буғдой уни,2023-M02,2023,8151.0
0012,1-navli bug'doy uni,Мука пшеничная первого сорта,First grade wheat flour,1-навли буғдой уни,2023-M02,2023,6747.0
013,1-nav bug'doy unidan non,Хлеб пшеничный из муки 1-го сорта,Wheat bread from 1st grade flour,1-нав буғдой унидан нон,2023-M02,2023,5627.0
017,Mol go'shti,Говядина,Beef,Мол гўшти,2023-M02,2023,72467.0
0020,Qo'y go'shti,Баранина,Mutton,Қўй гўшти,2023-M02,2023,75364.0
022,Tovuq go'shti,Мясо птицы,Poultry,Товуқ гўшти,2023-M02,2023,28055.0
026,Turli baliqlar,Рыба всякая,Fish of all kinds,Турли балиқлар,2023-M02,2023,29467.0
027,Yangi sog'ilgan sut (1 litr),Молоко свежее (1 литр),Fresh milk (1 liter),Янги соғилган сут (1 литр),2023-M02,2023,6074.0
034,Tuxum (10 dona),Яйца (10 штук),Eggs (10 pieces ),Тухум (10 дона),2023-M02,2023,13595.0
035,Paxta yog'i (1 litr),Масло хлопковое (1 литр),Cottonseed oil (1 liter),Пахта ёғи (1 литр),2023-M02,2023,18900.0
0036,Kungaboqar yog'i (1 litr),Масло подсолнечное (1 литр),Sunflower oil (1 liter),Кунгабоқар ёғи (1 литр),2023-M02,2023,20899.0
037,Sariyog',Масло сливочное,Butter,Сариёғ,2023-M02,2023,55809.0
039,Limon,Лимоны,Lemons,Лимон,2023-M02,2023,13401.0
0040,Olma,Яблоки,Apples,Олма,2023-M02,2023,9729.0
041,Nok,Груши,Pears,Нок,2023-M02,2023,27039.0
049,Uzum,Виноград,Grape,Узум,2023-M02,2023,13396.0
0050,Tarvuz,Арбуз,Watermelon,Тарвуз,2023-M02,2023,5125.0
0051,Qovun,Дыня,Melon,Қовун,2023-M02,2023,5014.0
053,Mayiz,Кишмиш,Kishmish,Майиз,2023-M02,2023,33171.0
055,Karam,Капуста,Cabbage,Карам,2023-M02,2023,3463.0
057,Bodring,Огурцы,Cucumbers,Бодринг,2023-M02,2023,21606.0
058,Pomidor,Помидоры,Tomatoes,Помидор,2023-M02,2023,18510.0
059,Baqlajon,Баклажаны,Eggplant,Бақлажон,2023-M02,2023,22000.0
0060,Bulg'or qalampiri,Перец болгарский,Bell pepper,Булғор қалампири,2023-M02,2023,35000.0
061,Qovoq,Тыква,Pumpkin,Қовоқ,2023-M02,2023,3471.0
063,Sabzi,Морковь,Carrot,Сабзи,2023-M02,2023,3785.0
065,Sarimsoq,Чеснок,Garlic,Саримсоқ,2023-M02,2023,17726.0
066,Piyoz,Лук репчатый,Onion,Пиёз,2023-M02,2023,7243.0
069,Kartoshka,Картофель,Potatoes,Картошка,2023-M02,2023,5008.0
0070,Loviya,Фасоль,Beans,Ловия,2023-M02,2023,14106.0
071,No'xot,Горох,Peas,Нўхот,2023-M02,2023,24712.0
0072,Mosh,Маш,Mash,Мош,2023-M02,2023,12319.0
073,Shakar,Сахар песок,Sugar,Шакар,2023-M02,2023,13040.0
002,Kruppa yormasi,Крупа манная,Semolina,Круппа ёрмаси,2023-M02,2023,4284.0
001,Guruch,Рис,Rice,Гуруч,2023-M03,2023,16040.0
003,Arpa,Ячмень,Barley,Арпа,2023-M03,2023,4315.0
0004,Bug'doy,Пшеница,Wheat,Буғдой,2023-M03,2023,4353.0
005,Jo'hori,Кукуруза,Corn,Жўҳори,2023-M03,2023,4235.0
006,Kepak,Отруби,Bran,Кепак,2023-M03,2023,3123.0
0008,Shrot,Шрот,Schroth,Шрот,2023-M03,2023,4626.0
009,Shulxa,Шелуха,Husk,Шулха,2023-M03,2023,4009.0
010,Kombikorm,Комбикорм,Compound feed,Комбикорм,2023-M03,2023,3808.0
011,Oliy navli bug'doy uni,Мука пшеничная высшего сорта,High-grade wheat flour,Олий навли буғдой уни,2023-M03,2023,8109.0
0012,1-navli bug'doy uni,Мука пшеничная первого сорта,First grade wheat flour,1-навли буғдой уни,2023-M03,2023,6784.0
013,1-nav bug'doy unidan non,Хлеб пшеничный из муки 1-го сорта,Wheat bread from 1st grade flour,1-нав буғдой унидан нон,2023-M03,2023,5708.0
017,Mol go'shti,Говядина,Beef,Мол гўшти,2023-M03,2023,72738.0
0020,Qo'y go'shti,Баранина,Mutton,Қўй гўшти,2023-M03,2023,75825.0
022,Tovuq go'shti,Мясо птицы,Poultry,Товуқ гўшти,2023-M03,2023,28623.0
026,Turli baliqlar,Рыба всякая,Fish of all kinds,Турли балиқлар,2023-M03,2023,30911.0
027,Yangi sog'ilgan sut (1 litr),Молоко свежее (1 литр),Fresh milk (1 liter),Янги соғилган сут (1 литр),2023-M03,2023,6242.0
034,Tuxum (10 dona),Яйца (10 штук),Eggs (10 pieces ),Тухум (10 дона),2023-M03,2023,12887.0
035,Paxta yog'i (1 litr),Масло хлопковое (1 литр),Cottonseed oil (1 liter),Пахта ёғи (1 литр),2023-M03,2023,18597.0
0036,Kungaboqar yog'i (1 litr),Масло подсолнечное (1 литр),Sunflower oil (1 liter),Кунгабоқар ёғи (1 литр),2023-M03,2023,20854.0
037,Sariyog',Масло сливочное,Butter,Сариёғ,2023-M03,2023,56541.0
039,Limon,Лимоны,Lemons,Лимон,2023-M03,2023,14203.0
0040,Olma,Яблоки,Apples,Олма,2023-M03,2023,10442.0
041,Nok,Груши,Pears,Нок,2023-M03,2023,29327.0
049,Uzum,Виноград,Grape,Узум,2023-M03,2023,13844.0
0050,Tarvuz,Арбуз,Watermelon,Тарвуз,2023-M03,2023,0.0
0051,Qovun,Дыня,Melon,Қовун,2023-M03,2023,0.0
053,Mayiz,Кишмиш,Kishmish,Майиз,2023-M03,2023,33637.0
055,Karam,Капуста,Cabbage,Карам,2023-M03,2023,3654.0
057,Bodring,Огурцы,Cucumbers,Бодринг,2023-M03,2023,19067.0
058,Pomidor,Помидоры,Tomatoes,Помидор,2023-M03,2023,23337.0
059,Baqlajon,Баклажаны,Eggplant,Бақлажон,2023-M03,2023,0.0
0060,Bulg'or qalampiri,Перец болгарский,Bell pepper,Булғор қалампири,2023-M03,2023,35000.0
061,Qovoq,Тыква,Pumpkin,Қовоқ,2023-M03,2023,3538.0
063,Sabzi,Морковь,Carrot,Сабзи,2023-M03,2023,3426.0
065,Sarimsoq,Чеснок,Garlic,Саримсоқ,2023-M03,2023,19108.0
066,Piyoz,Лук репчатый,Onion,Пиёз,2023-M03,2023,6463.0
069,Kartoshka,Картофель,Potatoes,Картошка,2023-M03,2023,4801.0
0070,Loviya,Фасоль,Beans,Ловия,2023-M03,2023,15026.0
071,No'xot,Горох,Peas,Нўхот,2023-M03,2023,25853.0
0072,Mosh,Маш,Mash,Мош,2023-M03,2023,12617.0
073,Shakar,Сахар песок,Sugar,Шакар,2023-M03,2023,13905.0
002,Kruppa yormasi,Крупа манная,Semolina,Круппа ёрмаси,2023-M03,2023,4315.0
001,Guruch,Рис,Rice,Гуруч,2023-M04,2023,17625.0
003,Arpa,Ячмень,Barley,Арпа,2023-M04,2023,4388.0
0004,Bug'doy,Пшеница,Wheat,Буғдой,2023-M04,2023,4298.0
005,Jo'hori,Кукуруза,Corn,Жўҳори,2023-M04,2023,4286.0
006,Kepak,Отруби,Bran,Кепак,2023-M04,2023,3108.0
0008,Shrot,Шрот,Schroth,Шрот,2023-M04,2023,4701.0
009,Shulxa,Шелуха,Husk,Шулха,2023-M04,2023,4048.0
010,Kombikorm,Комбикорм,Compound feed,Комбикорм,2023-M04,2023,3785.0
011,Oliy navli bug'doy uni,Мука пшеничная высшего сорта,High-grade wheat flour,Олий навли буғдой уни,2023-M04,2023,7906.0
0012,1-navli bug'doy uni,Мука пшеничная первого сорта,First grade wheat flour,1-навли буғдой уни,2023-M04,2023,6550.0
013,1-nav bug'doy unidan non,Хлеб пшеничный из муки 1-го сорта,Wheat bread from 1st grade flour,1-нав буғдой унидан нон,2023-M04,2023,5961.0
017,Mol go'shti,Говядина,Beef,Мол гўшти,2023-M04,2023,73472.0
0020,Qo'y go'shti,Баранина,Mutton,Қўй гўшти,2023-M04,2023,76401.0
022,Tovuq go'shti,Мясо птицы,Poultry,Товуқ гўшти,2023-M04,2023,28852.0
026,Turli baliqlar,Рыба всякая,Fish of all kinds,Турли балиқлар,2023-M04,2023,32034.0
027,Yangi sog'ilgan sut (1 litr),Молоко свежее (1 литр),Fresh milk (1 liter),Янги соғилган сут (1 литр),2023-M04,2023,6328.0
034,Tuxum (10 dona),Яйца (10 штук),Eggs (10 pieces ),Тухум (10 дона),2023-M04,2023,12507.0
035,Paxta yog'i (1 litr),Масло хлопковое (1 литр),Cottonseed oil (1 liter),Пахта ёғи (1 литр),2023-M04,2023,17767.0
0036,Kungaboqar yog'i (1 litr),Масло подсолнечное (1 литр),Sunflower oil (1 liter),Кунгабоқар ёғи (1 литр),2023-M04,2023,20034.0
037,Sariyog',Масло сливочное,Butter,Сариёғ,2023-M04,2023,57583.0
039,Limon,Лимоны,Lemons,Лимон,2023-M04,2023,14572.0
0040,Olma,Яблоки,Apples,Олма,2023-M04,2023,10152.0
041,Nok,Груши,Pears,Нок,2023-M04,2023,31220.0
049,Uzum,Виноград,Grape,Узум,2023-M04,2023,15393.0
0050,Tarvuz,Арбуз,Watermelon,Тарвуз,2023-M04,2023,0.0
0051,Qovun,Дыня,Melon,Қовун,2023-M04,2023,0.0
053,Mayiz,Кишмиш,Kishmish,Майиз,2023-M04,2023,34372.0
055,Karam,Капуста,Cabbage,Карам,2023-M04,2023,4047.0
057,Bodring,Огурцы,Cucumbers,Бодринг,2023-M04,2023,12370.0
058,Pomidor,Помидоры,Tomatoes,Помидор,2023-M04,2023,31092.0
059,Baqlajon,Баклажаны,Eggplant,Бақлажон,2023-M04,2023,0.0
0060,Bulg'or qalampiri,Перец болгарский,Bell pepper,Булғор қалампири,2023-M04,2023,46417.0
061,Qovoq,Тыква,Pumpkin,Қовоқ,2023-M04,2023,3984.0
063,Sabzi,Морковь,Carrot,Сабзи,2023-M04,2023,3690.0
065,Sarimsoq,Чеснок,Garlic,Саримсоқ,2023-M04,2023,20042.0
066,Piyoz,Лук репчатый,Onion,Пиёз,2023-M04,2023,5741.0
069,Kartoshka,Картофель,Potatoes,Картошка,2023-M04,2023,4654.0
0070,Loviya,Фасоль,Beans,Ловия,2023-M04,2023,15878.0
071,No'xot,Горох,Peas,Нўхот,2023-M04,2023,26685.0
0072,Mosh,Маш,Mash,Мош,2023-M04,2023,12936.0
073,Shakar,Сахар песок,Sugar,Шакар,2023-M04,2023,14656.0
002,Kruppa yormasi,Крупа манная,Semolina,Круппа ёрмаси,2023-M04,2023,4388.0
001,Guruch,Рис,Rice,Гуруч,2023-M05,2023,18546.0
003,Arpa,Ячмень,Barley,Арпа,2023-M05,2023,4390.0
0004,Bug'doy,Пшеница,Wheat,Буғдой,2023-M05,2023,4248.0
005,Jo'hori,Кукуруза,Corn,Жўҳори,2023-M05,2023,4307.0
006,Kepak,Отруби,Bran,Кепак,2023-M05,2023,3106.0
0008,Shrot,Шрот,Schroth,Шрот,2023-M05,2023,4680.0
009,Shulxa,Шелуха,Husk,Шулха,2023-M05,2023,3988.0
010,Kombikorm,Комбикорм,Compound feed,Комбикорм,2023-M05,2023,3704.0
011,Oliy navli bug'doy uni,Мука пшеничная высшего сорта,High-grade wheat flour,Олий навли буғдой уни,2023-M05,2023,7838.0
0012,1-navli bug'doy uni,Мука пшеничная первого сорта,First grade wheat flour,1-навли буғдой уни,2023-M05,2023,6289.0
013,1-nav bug'doy unidan non,Хлеб пшеничный из муки 1-го сорта,Wheat bread from 1st grade flour,1-нав буғдой унидан нон,2023-M05,2023,6186.0
017,Mol go'shti,Говядина,Beef,Мол гўшти,2023-M05,2023,74277.0
0020,Qo'y go'shti,Баранина,Mutton,Қўй гўшти,2023-M05,2023,77118.0
022,Tovuq go'shti,Мясо птицы,Poultry,Товуқ гўшти,2023-M05,2023,28720.0
026,Turli baliqlar,Рыба всякая,Fish of all kinds,Турли балиқлар,2023-M05,2023,34328.0
027,Yangi sog'ilgan sut (1 litr),Молоко свежее (1 литр),Fresh milk (1 liter),Янги соғилган сут (1 литр),2023-M05,2023,6375.0
034,Tuxum (10 dona),Яйца (10 штук),Eggs (10 pieces ),Тухум (10 дона),2023-M05,2023,12171.0
035,Paxta yog'i (1 litr),Масло хлопковое (1 литр),Cottonseed oil (1 liter),Пахта ёғи (1 литр),2023-M05,2023,16854.0
0036,Kungaboqar yog'i (1 litr),Масло подсолнечное (1 литр),Sunflower oil (1 liter),Кунгабоқар ёғи (1 литр),2023-M05,2023,18924.0
037,Sariyog',Масло сливочное,Butter,Сариёғ,2023-M05,2023,57629.0
039,Limon,Лимоны,Lemons,Лимон,2023-M05,2023,18722.0
0040,Olma,Яблоки,Apples,Олма,2023-M05,2023,11389.0
041,Nok,Груши,Pears,Нок,2023-M05,2023,31593.0
049,Uzum,Виноград,Grape,Узум,2023-M05,2023,0.0
0050,Tarvuz,Арбуз,Watermelon,Тарвуз,2023-M05,2023,11051.0
0051,Qovun,Дыня,Melon,Қовун,2023-M05,2023,9380.0
053,Mayiz,Кишмиш,Kishmish,Майиз,2023-M05,2023,34694.0
055,Karam,Капуста,Cabbage,Карам,2023-M05,2023,4140.0
057,Bodring,Огурцы,Cucumbers,Бодринг,2023-M05,2023,4690.0
058,Pomidor,Помидоры,Tomatoes,Помидор,2023-M05,2023,14427.0
059,Baqlajon,Баклажаны,Eggplant,Бақлажон,2023-M05,2023,14377.0
0060,Bulg'or qalampiri,Перец болгарский,Bell pepper,Булғор қалампири,2023-M05,2023,14637.0
061,Qovoq,Тыква,Pumpkin,Қовоқ,2023-M05,2023,4600.0
063,Sabzi,Морковь,Carrot,Сабзи,2023-M05,2023,3732.0
065,Sarimsoq,Чеснок,Garlic,Саримсоқ,2023-M05,2023,19162.0
066,Piyoz,Лук репчатый,Onion,Пиёз,2023-M05,2023,4536.0
069,Kartoshka,Картофель,Potatoes,Картошка,2023-M05,2023,4526.0
0070,Loviya,Фасоль,Beans,Ловия,2023-M05,2023,16222.0
071,No'xot,Горох,Peas,Нўхот,2023-M05,2023,26912.0
0072,Mosh,Маш,Mash,Мош,2023-M05,2023,13083.0
073,Shakar,Сахар песок,Sugar,Шакар,2023-M05,2023,14786.0
002,Kruppa yormasi,Крупа манная,Semolina,Круппа ёрмаси,2023-M05,2023,4390.0
001,Guruch,Рис,Rice,Гуруч,2023-M06,2023,18814.0
003,Arpa,Ячмень,Barley,Арпа,2023-M06,2023,4173.0
0004,Bug'doy,Пшеница,Wheat,Буғдой,2023-M06,2023,4067.0
005,Jo'hori,Кукуруза,Corn,Жўҳори,2023-M06,2023,4189.0
006,Kepak,Отруби,Bran,Кепак,2023-M06,2023,3088.0
0008,Shrot,Шрот,Schroth,Шрот,2023-M06,2023,4628.0
009,Shulxa,Шелуха,Husk,Шулха,2023-M06,2023,3929.0
010,Kombikorm,Комбикорм,Compound feed,Комбикорм,2023-M06,2023,3699.0
011,Oliy navli bug'doy uni,Мука пшеничная высшего сорта,High-grade wheat flour,Олий навли буғдой уни,2023-M06,2023,7887.0
0012,1-navli bug'doy uni,Мука пшеничная первого сорта,First grade wheat flour,1-навли буғдой уни,2023-M06,2023,6283.0
013,1-nav bug'doy unidan non,Хлеб пшеничный из муки 1-го сорта,Wheat bread from 1st grade flour,1-нав буғдой унидан нон,2023-M06,2023,6190.0
017,Mol go'shti,Говядина,Beef,Мол гўшти,2023-M06,2023,75050.0
0020,Qo'y go'shti,Баранина,Mutton,Қўй гўшти,2023-M06,2023,77616.0
022,Tovuq go'shti,Мясо птицы,Poultry,Товуқ гўшти,2023-M06,2023,28471.0
026,Turli baliqlar,Рыба всякая,Fish of all kinds,Турли балиқлар,2023-M06,2023,34579.0
027,Yangi sog'ilgan sut (1 litr),Молоко свежее (1 литр),Fresh milk (1 liter),Янги соғилган сут (1 литр),2023-M06,2023,6348.0
034,Tuxum (10 dona),Яйца (10 штук),Eggs (10 pieces ),Тухум (10 дона),2023-M06,2023,11523.0
035,Paxta yog'i (1 litr),Масло хлопковое (1 литр),Cottonseed oil (1 liter),Пахта ёғи (1 литр),2023-M06,2023,16445.0
0036,Kungaboqar yog'i (1 litr),Масло подсолнечное (1 литр),Sunflower oil (1 liter),Кунгабоқар ёғи (1 литр),2023-M06,2023,18299.0
037,Sariyog',Масло сливочное,Butter,Сариёғ,2023-M06,2023,58595.0
039,Limon,Лимоны,Lemons,Лимон,2023-M06,2023,22412.0
0040,Olma,Яблоки,Apples,Олма,2023-M06,2023,10853.0
041,Nok,Груши,Pears,Нок,2023-M06,2023,30446.0
049,Uzum,Виноград,Grape,Узум,2023-M06,2023,15720.0
0050,Tarvuz,Арбуз,Watermelon,Тарвуз,2023-M06,2023,2368.0
0051,Qovun,Дыня,Melon,Қовун,2023-M06,2023,3817.0
053,Mayiz,Кишмиш,Kishmish,Майиз,2023-M06,2023,34513.0
055,Karam,Капуста,Cabbage,Карам,2023-M06,2023,2763.0
057,Bodring,Огурцы,Cucumbers,Бодринг,2023-M06,2023,2874.0
058,Pomidor,Помидоры,Tomatoes,Помидор,2023-M06,2023,6003.0
059,Baqlajon,Баклажаны,Eggplant,Бақлажон,2023-M06,2023,6623.0
0060,Bulg'or qalampiri,Перец болгарский,Bell pepper,Булғор қалампири,2023-M06,2023,6410.0
061,Qovoq,Тыква,Pumpkin,Қовоқ,2023-M06,2023,2792.0
063,Sabzi,Морковь,Carrot,Сабзи,2023-M06,2023,3523.0
065,Sarimsoq,Чеснок,Garlic,Саримсоқ,2023-M06,2023,16901.0
066,Piyoz,Лук репчатый,Onion,Пиёз,2023-M06,2023,3231.0
069,Kartoshka,Картофель,Potatoes,Картошка,2023-M06,2023,3629.0
0070,Loviya,Фасоль,Beans,Ловия,2023-M06,2023,16188.0
071,No'xot,Горох,Peas,Нўхот,2023-M06,2023,27015.0
0072,Mosh,Маш,Mash,Мош,2023-M06,2023,13056.0
073,Shakar,Сахар песок,Sugar,Шакар,2023-M06,2023,14443.0
002,Kruppa yormasi,Крупа манная,Semolina,Круппа ёрмаси,2023-M06,2023,4173.0
001,Guruch,Рис,Rice,Гуруч,2023-M07,2023,18789.0
003,Arpa,Ячмень,Barley,Арпа,2023-M07,2023,3953.0
0004,Bug'doy,Пшеница,Wheat,Буғдой,2023-M07,2023,3826.0
005,Jo'hori,Кукуруза,Corn,Жўҳори,2023-M07,2023,4014.0
006,Kepak,Отруби,Bran,Кепак,2023-M07,2023,3028.0
0008,Shrot,Шрот,Schroth,Шрот,2023-M07,2023,4606.0
009,Shulxa,Шелуха,Husk,Шулха,2023-M07,2023,3879.0
010,Kombikorm,Комбикорм,Compound feed,Комбикорм,2023-M07,2023,3698.0
011,Oliy navli bug'doy uni,Мука пшеничная высшего сорта,High-grade wheat flour,Олий навли буғдой уни,2023-M07,2023,7812.0
0012,1-navli bug'doy uni,Мука пшеничная первого сорта,First grade wheat flour,1-навли буғдой уни,2023-M07,2023,6197.0
013,1-nav bug'doy unidan non,Хлеб пшеничный из муки 1-го сорта,Wheat bread from 1st grade flour,1-нав буғдой унидан нон,2023-M07,2023,6140.0
017,Mol go'shti,Говядина,Beef,Мол гўшти,2023-M07,2023,75451.0
0020,Qo'y go'shti,Баранина,Mutton,Қўй гўшти,2023-M07,2023,77881.0
022,Tovuq go'shti,Мясо птицы,Poultry,Товуқ гўшти,2023-M07,2023,28730.0
026,Turli baliqlar,Рыба всякая,Fish of all kinds,Турли балиқлар,2023-M07,2023,35951.0
027,Yangi sog'ilgan sut (1 litr),Молоко свежее (1 литр),Fresh milk (1 liter),Янги соғилган сут (1 литр),2023-M07,2023,6408.0
034,Tuxum (10 dona),Яйца (10 штук),Eggs (10 pieces ),Тухум (10 дона),2023-M07,2023,10957.0
035,Paxta yog'i (1 litr),Масло хлопковое (1 литр),Cottonseed oil (1 liter),Пахта ёғи (1 литр),2023-M07,2023,16211.0
0036,Kungaboqar yog'i (1 litr),Масло подсолнечное (1 литр),Sunflower oil (1 liter),Кунгабоқар ёғи (1 литр),2023-M07,2023,17927.0
037,Sariyog',Масло сливочное,Butter,Сариёғ,2023-M07,2023,58427.0
039,Limon,Лимоны,Lemons,Лимон,2023-M07,2023,27186.0
0040,Olma,Яблоки,Apples,Олма,2023-M07,2023,9745.0
041,Nok,Груши,Pears,Нок,2023-M07,2023,26911.0
049,Uzum,Виноград,Grape,Узум,2023-M07,2023,13621.0
0050,Tarvuz,Арбуз,Watermelon,Тарвуз,2023-M07,2023,2446.0
0051,Qovun,Дыня,Melon,Қовун,2023-M07,2023,3778.0
053,Mayiz,Кишмиш,Kishmish,Майиз,2023-M07,2023,34163.0
055,Karam,Капуста,Cabbage,Карам,2023-M07,2023,2759.0
057,Bodring,Огурцы,Cucumbers,Бодринг,2023-M07,2023,3501.0
058,Pomidor,Помидоры,Tomatoes,Помидор,2023-M07,2023,4538.0
059,Baqlajon,Баклажаны,Eggplant,Бақлажон,2023-M07,2023,4975.0
0060,Bulg'or qalampiri,Перец болгарский,Bell pepper,Булғор қалампири,2023-M07,2023,5249.0
061,Qovoq,Тыква,Pumpkin,Қовоқ,2023-M07,2023,3900.0
063,Sabzi,Морковь,Carrot,Сабзи,2023-M07,2023,3697.0
065,Sarimsoq,Чеснок,Garlic,Саримсоқ,2023-M07,2023,16299.0
066,Piyoz,Лук репчатый,Onion,Пиёз,2023-M07,2023,3061.0
069,Kartoshka,Картофель,Potatoes,Картошка,2023-M07,2023,3393.0
0070,Loviya,Фасоль,Beans,Ловия,2023-M07,2023,16203.0
071,No'xot,Горох,Peas,Нўхот,2023-M07,2023,27069.0
0072,Mosh,Маш,Mash,Мош,2023-M07,2023,13186.0
073,Shakar,Сахар песок,Sugar,Шакар,2023-M07,2023,13717.0
002,Kruppa yormasi,Крупа манная,Semolina,Круппа ёрмаси,2023-M07,2023,3953.0
001,Guruch,Рис,Rice,Гуруч,2023-M08,2023,18892.0
003,Arpa,Ячмень,Barley,Арпа,2023-M08,2023,3738.0
0004,Bug'doy,Пшеница,Wheat,Буғдой,2023-M08,2023,3664.0
005,Jo'hori,Кукуруза,Corn,Жўҳори,2023-M08,2023,3878.0
006,Kepak,Отруби,Bran,Кепак,2023-M08,2023,3004.0
0008,Shrot,Шрот,Schroth,Шрот,2023-M08,2023,4557.0
009,Shulxa,Шелуха,Husk,Шулха,2023-M08,2023,3747.0
010,Kombikorm,Комбикорм,Compound feed,Комбикорм,2023-M08,2023,3693.0
011,Oliy navli bug'doy uni,Мука пшеничная высшего сорта,High-grade wheat flour,Олий навли буғдой уни,2023-M08,2023,7582.0
0012,1-navli bug'doy uni,Мука пшеничная первого сорта,First grade wheat flour,1-навли буғдой уни,2023-M08,2023,6063.0
013,1-nav bug'doy unidan non,Хлеб пшеничный из муки 1-го сорта,Wheat bread from 1st grade flour,1-нав буғдой унидан нон,2023-M08,2023,6068.0
017,Mol go'shti,Говядина,Beef,Мол гўшти,2023-M08,2023,75243.0
0020,Qo'y go'shti,Баранина,Mutton,Қўй гўшти,2023-M08,2023,77798.0
022,Tovuq go'shti,Мясо птицы,Poultry,Товуқ гўшти,2023-M08,2023,28719.0
026,Turli baliqlar,Рыба всякая,Fish of all kinds,Турли балиқлар,2023-M08,2023,35343.0
027,Yangi sog'ilgan sut (1 litr),Молоко свежее (1 литр),Fresh milk (1 liter),Янги соғилган сут (1 литр),2023-M08,2023,6330.0
034,Tuxum (10 dona),Яйца (10 штук),Eggs (10 pieces ),Тухум (10 дона),2023-M08,2023,11252.0
035,Paxta yog'i (1 litr),Масло хлопковое (1 литр),Cottonseed oil (1 liter),Пахта ёғи (1 литр),2023-M08,2023,15798.0
0036,Kungaboqar yog'i (1 litr),Масло подсолнечное (1 литр),Sunflower oil (1 liter),Кунгабоқар ёғи (1 литр),2023-M08,2023,17157.0
037,Sariyog',Масло сливочное,Butter,Сариёғ,2023-M08,2023,58634.0
039,Limon,Лимоны,Lemons,Лимон,2023-M08,2023,30585.0
0040,Olma,Яблоки,Apples,Олма,2023-M08,2023,9764.0
041,Nok,Груши,Pears,Нок,2023-M08,2023,23368.0
049,Uzum,Виноград,Grape,Узум,2023-M08,2023,10767.0
0050,Tarvuz,Арбуз,Watermelon,Тарвуз,2023-M08,2023,2330.0
0051,Qovun,Дыня,Melon,Қовун,2023-M08,2023,3619.0
053,Mayiz,Кишмиш,Kishmish,Майиз,2023-M08,2023,34002.0
055,Karam,Капуста,Cabbage,Карам,2023-M08,2023,3996.0
057,Bodring,Огурцы,Cucumbers,Бодринг,2023-M08,2023,4757.0
058,Pomidor,Помидоры,Tomatoes,Помидор,2023-M08,2023,3787.0
059,Baqlajon,Баклажаны,Eggplant,Бақлажон,2023-M08,2023,4169.0
0060,Bulg'or qalampiri,Перец болгарский,Bell pepper,Булғор қалампири,2023-M08,2023,4576.0
061,Qovoq,Тыква,Pumpkin,Қовоқ,2023-M08,2023,4009.0
063,Sabzi,Морковь,Carrot,Сабзи,2023-M08,2023,3856.0
065,Sarimsoq,Чеснок,Garlic,Саримсоқ,2023-M08,2023,15796.0
066,Piyoz,Лук репчатый,Onion,Пиёз,2023-M08,2023,3001.0
069,Kartoshka,Картофель,Potatoes,Картошка,2023-M08,2023,3484.0
0070,Loviya,Фасоль,Beans,Ловия,2023-M08,2023,16431.0
071,No'xot,Горох,Peas,Нўхот,2023-M08,2023,26914.0
0072,Mosh,Маш,Mash,Мош,2023-M08,2023,13338.0
073,Shakar,Сахар песок,Sugar,Шакар,2023-M08,2023,13470.0
002,Kruppa yormasi,Крупа манная,Semolina,Круппа ёрмаси,2023-M08,2023,3738.0
001,Guruch,Рис,Rice,Гуруч,2023-M09,2023,19085.0
003,Arpa,Ячмень,Barley,Арпа,2023-M09,2023,3619.0
0004,Bug'doy,Пшеница,Wheat,Буғдой,2023-M09,2023,3515.0
005,Jo'hori,Кукуруза,Corn,Жўҳори,2023-M09,2023,3663.0
006,Kepak,Отруби,Bran,Кепак,2023-M09,2023,2985.0
0008,Shrot,Шрот,Schroth,Шрот,2023-M09,2023,4577.0
009,Shulxa,Шелуха,Husk,Шулха,2023-M09,2023,3754.0
010,Kombikorm,Комбикорм,Compound feed,Комбикорм,2023-M09,2023,3745.0
011,Oliy navli bug'doy uni,Мука пшеничная высшего сорта,High-grade wheat flour,Олий навли буғдой уни,2023-M09,2023,7579.0
0012,1-navli bug'doy uni,Мука пшеничная первого сорта,First grade wheat flour,1-навли буғдой уни,2023-M09,2023,6131.0
013,1-nav bug'doy unidan non,Хлеб пшеничный из муки 1-го сорта,Wheat bread from 1st grade flour,1-нав буғдой унидан нон,2023-M09,2023,6173.0
017,Mol go'shti,Говядина,Beef,Мол гўшти,2023-M09,2023,75307.0
0020,Qo'y go'shti,Баранина,Mutton,Қўй гўшти,2023-M09,2023,77958.0
022,Tovuq go'shti,Мясо птицы,Poultry,Товуқ гўшти,2023-M09,2023,29246.0
026,Turli baliqlar,Рыба всякая,Fish of all kinds,Турли балиқлар,2023-M09,2023,33131.0
027,Yangi sog'ilgan sut (1 litr),Молоко свежее (1 литр),Fresh milk (1 liter),Янги соғилган сут (1 литр),2023-M09,2023,6311.0
034,Tuxum (10 dona),Яйца (10 штук),Eggs (10 pieces ),Тухум (10 дона),2023-M09,2023,13646.0
035,Paxta yog'i (1 litr),Масло хлопковое (1 литр),Cottonseed oil (1 liter),Пахта ёғи (1 литр),2023-M09,2023,15678.0
0036,Kungaboqar yog'i (1 litr),Масло подсолнечное (1 литр),Sunflower oil (1 liter),Кунгабоқар ёғи (1 литр),2023-M09,2023,16995.0
037,Sariyog',Масло сливочное,Butter,Сариёғ,2023-M09,2023,58838.0
039,Limon,Лимоны,Lemons,Лимон,2023-M09,2023,33561.0
0040,Olma,Яблоки,Apples,Олма,2023-M09,2023,10495.0
041,Nok,Груши,Pears,Нок,2023-M09,2023,24090.0
049,Uzum,Виноград,Grape,Узум,2023-M09,2023,12367.0
0050,Tarvuz,Арбуз,Watermelon,Тарвуз,2023-M09,2023,2327.0
0051,Qovun,Дыня,Melon,Қовун,2023-M09,2023,3527.0
053,Mayiz,Кишмиш,Kishmish,Майиз,2023-M09,2023,33946.0
055,Karam,Капуста,Cabbage,Карам,2023-M09,2023,4983.0
057,Bodring,Огурцы,Cucumbers,Бодринг,2023-M09,2023,4782.0
058,Pomidor,Помидоры,Tomatoes,Помидор,2023-M09,2023,3537.0
059,Baqlajon,Баклажаны,Eggplant,Бақлажон,2023-M09,2023,4090.0
0060,Bulg'or qalampiri,Перец болгарский,Bell pepper,Булғор қалампири,2023-M09,2023,4330.0
061,Qovoq,Тыква,Pumpkin,Қовоқ,2023-M09,2023,3900.0
063,Sabzi,Морковь,Carrot,Сабзи,2023-M09,2023,4120.0
065,Sarimsoq,Чеснок,Garlic,Саримсоқ,2023-M09,2023,16544.0
066,Piyoz,Лук репчатый,Onion,Пиёз,2023-M09,2023,2967.0
069,Kartoshka,Картофель,Potatoes,Картошка,2023-M09,2023,3591.0
0070,Loviya,Фасоль,Beans,Ловия,2023-M09,2023,17126.0
071,No'xot,Горох,Peas,Нўхот,2023-M09,2023,26600.0
0072,Mosh,Маш,Mash,Мош,2023-M09,2023,13238.0
073,Shakar,Сахар песок,Sugar,Шакар,2023-M09,2023,13444.0
002,Kruppa yormasi,Крупа манная,Semolina,Круппа ёрмаси,2023-M09,2023,3619.0
001,Guruch,Рис,Rice,Гуруч,2023-M10,2023,19312.0
003,Arpa,Ячмень,Barley,Арпа,2023-M10,2023,3599.0
0004,Bug'doy,Пшеница,Wheat,Буғдой,2023-M10,2023,3520.0
005,Jo'hori,Кукуруза,Corn,Жўҳори,2023-M10,2023,3576.0
006,Kepak,Отруби,Bran,Кепак,2023-M10,2023,2970.0
0008,Shrot,Шрот,Schroth,Шрот,2023-M10,2023,4655.0
009,Shulxa,Шелуха,Husk,Шулха,2023-M10,2023,3782.0
010,Kombikorm,Комбикорм,Compound feed,Комбикорм,2023-M10,2023,3725.0
011,Oliy navli bug'doy uni,Мука пшеничная высшего сорта,High-grade wheat flour,Олий навли буғдой уни,2023-M10,2023,7696.0
0012,1-navli bug'doy uni,Мука пшеничная первого сорта,First grade wheat flour,1-навли буғдой уни,2023-M10,2023,6256.0
013,1-nav bug'doy unidan non,Хлеб пшеничный из муки 1-го сорта,Wheat bread from 1st grade flour,1-нав буғдой унидан нон,2023-M10,2023,6214.0
017,Mol go'shti,Говядина,Beef,Мол гўшти,2023-M10,2023,75988.0
0020,Qo'y go'shti,Баранина,Mutton,Қўй гўшти,2023-M10,2023,78590.0
022,Tovuq go'shti,Мясо птицы,Poultry,Товуқ гўшти,2023-M10,2023,29084.0
026,Turli baliqlar,Рыба всякая,Fish of all kinds,Турли балиқлар,2023-M10,2023,30727.0
027,Yangi sog'ilgan sut (1 litr),Молоко свежее (1 литр),Fresh milk (1 liter),Янги соғилган сут (1 литр),2023-M10,2023,6355.0
034,Tuxum (10 dona),Яйца (10 штук),Eggs (10 pieces ),Тухум (10 дона),2023-M10,2023,14330.0
035,Paxta yog'i (1 litr),Масло хлопковое (1 литр),Cottonseed oil (1 liter),Пахта ёғи (1 литр),2023-M10,2023,15683.0
0036,Kungaboqar yog'i (1 litr),Масло подсолнечное (1 литр),Sunflower oil (1 liter),Кунгабоқар ёғи (1 литр),2023-M10,2023,16984.0
037,Sariyog',Масло сливочное,Butter,Сариёғ,2023-M10,2023,59166.0
039,Limon,Лимоны,Lemons,Лимон,2023-M10,2023,33871.0
0040,Olma,Яблоки,Apples,Олма,2023-M10,2023,10699.0
041,Nok,Груши,Pears,Нок,2023-M10,2023,24678.0
049,Uzum,Виноград,Grape,Узум,2023-M10,2023,14957.0
0050,Tarvuz,Арбуз,Watermelon,Тарвуз,2023-M10,2023,2579.0
0051,Qovun,Дыня,Melon,Қовун,2023-M10,2023,3804.0
053,Mayiz,Кишмиш,Kishmish,Майиз,2023-M10,2023,34113.0
055,Karam,Капуста,Cabbage,Карам,2023-M10,2023,3862.0
057,Bodring,Огурцы,Cucumbers,Бодринг,2023-M10,2023,5849.0
058,Pomidor,Помидоры,Tomatoes,Помидор,2023-M10,2023,4896.0
059,Baqlajon,Баклажаны,Eggplant,Бақлажон,2023-M10,2023,4168.0
0060,Bulg'or qalampiri,Перец болгарский,Bell pepper,Булғор қалампири,2023-M10,2023,4268.0
061,Qovoq,Тыква,Pumpkin,Қовоқ,2023-M10,2023,3718.0
063,Sabzi,Морковь,Carrot,Сабзи,2023-M10,2023,4029.0
065,Sarimsoq,Чеснок,Garlic,Саримсоқ,2023-M10,2023,17581.0
066,Piyoz,Лук репчатый,Onion,Пиёз,2023-M10,2023,2832.0
069,Kartoshka,Картофель,Potatoes,Картошка,2023-M10,2023,3675.0
0070,Loviya,Фасоль,Beans,Ловия,2023-M10,2023,17478.0
071,No'xot,Горох,Peas,Нўхот,2023-M10,2023,26648.0
0072,Mosh,Маш,Mash,Мош,2023-M10,2023,13196.0
073,Shakar,Сахар песок,Sugar,Шакар,2023-M10,2023,13514.0
002,Kruppa yormasi,Крупа манная,Semolina,Круппа ёрмаси,2023-M10,2023,3599.0
001,Guruch,Рис,Rice,Гуруч,2023-M11,2023,19244.0
003,Arpa,Ячмень,Barley,Арпа,2023-M11,2023,3580.0
0004,Bug'doy,Пшеница,Wheat,Буғдой,2023-M11,2023,3509.0
005,Jo'hori,Кукуруза,Corn,Жўҳори,2023-M11,2023,3555.0
006,Kepak,Отруби,Bran,Кепак,2023-M11,2023,2922.0
0008,Shrot,Шрот,Schroth,Шрот,2023-M11,2023,4656.0
009,Shulxa,Шелуха,Husk,Шулха,2023-M11,2023,3797.0
010,Kombikorm,Комбикорм,Compound feed,Комбикорм,2023-M11,2023,3722.0
011,Oliy navli bug'doy uni,Мука пшеничная высшего сорта,High-grade wheat flour,Олий навли буғдой уни,2023-M11,2023,7680.0
0012,1-navli bug'doy uni,Мука пшеничная первого сорта,First grade wheat flour,1-навли буғдой уни,2023-M11,2023,6165.0
013,1-nav bug'doy unidan non,Хлеб пшеничный из муки 1-го сорта,Wheat bread from 1st grade flour,1-нав буғдой унидан нон,2023-M11,2023,6238.0
017,Mol go'shti,Говядина,Beef,Мол гўшти,2023-M11,2023,76420.0
0020,Qo'y go'shti,Баранина,Mutton,Қўй гўшти,2023-M11,2023,78923.0
022,Tovuq go'shti,Мясо птицы,Poultry,Товуқ гўшти,2023-M11,2023,28753.0
026,Turli baliqlar,Рыба всякая,Fish of all kinds,Турли балиқлар,2023-M11,2023,30111.0
027,Yangi sog'ilgan sut (1 litr),Молоко свежее (1 литр),Fresh milk (1 liter),Янги соғилган сут (1 литр),2023-M11,2023,6697.0
034,Tuxum (10 dona),Яйца (10 штук),Eggs (10 pieces ),Тухум (10 дона),2023-M11,2023,14931.0
035,Paxta yog'i (1 litr),Масло хлопковое (1 литр),Cottonseed oil (1 liter),Пахта ёғи (1 литр),2023-M11,2023,15647.0
0036,Kungaboqar yog'i (1 litr),Масло подсолнечное (1 литр),Sunflower oil (1 liter),Кунгабоқар ёғи (1 литр),2023-M11,2023,16915.0
037,Sariyog',Масло сливочное,Butter,Сариёғ,2023-M11,2023,59911.0
039,Limon,Лимоны,Lemons,Лимон,2023-M11,2023,30050.0
0040,Olma,Яблоки,Apples,Олма,2023-M11,2023,11328.0
041,Nok,Груши,Pears,Нок,2023-M11,2023,25245.0
049,Uzum,Виноград,Grape,Узум,2023-M11,2023,18520.0
0050,Tarvuz,Арбуз,Watermelon,Тарвуз,2023-M11,2023,3412.0
0051,Qovun,Дыня,Melon,Қовун,2023-M11,2023,4426.0
053,Mayiz,Кишмиш,Kishmish,Майиз,2023-M11,2023,34553.0
055,Karam,Капуста,Cabbage,Карам,2023-M11,2023,3057.0
057,Bodring,Огурцы,Cucumbers,Бодринг,2023-M11,2023,13724.0
058,Pomidor,Помидоры,Tomatoes,Помидор,2023-M11,2023,12484.0
059,Baqlajon,Баклажаны,Eggplant,Бақлажон,2023-M11,2023,4702.0
0060,Bulg'or qalampiri,Перец болгарский,Bell pepper,Булғор қалампири,2023-M11,2023,5615.0
061,Qovoq,Тыква,Pumpkin,Қовоқ,2023-M11,2023,3750.0
063,Sabzi,Морковь,Carrot,Сабзи,2023-M11,2023,3247.0
065,Sarimsoq,Чеснок,Garlic,Саримсоқ,2023-M11,2023,20488.0
066,Piyoz,Лук репчатый,Onion,Пиёз,2023-M11,2023,2624.0
069,Kartoshka,Картофель,Potatoes,Картошка,2023-M11,2023,3709.0
0070,Loviya,Фасоль,Beans,Ловия,2023-M11,2023,17816.0
071,No'xot,Горох,Peas,Нўхот,2023-M11,2023,26598.0
0072,Mosh,Маш,Mash,Мош,2023-M11,2023,13163.0
073,Shakar,Сахар песок,Sugar,Шакар,2023-M11,2023,13743.0
002,Kruppa yormasi,Крупа манная,Semolina,Круппа ёрмаси,2023-M11,2023,3580.0
001,Guruch,Рис,Rice,Гуруч,2023-M12,2023,19146.0
003,Arpa,Ячмень,Barley,Арпа,2023-M12,2023,3593.0
0004,Bug'doy,Пшеница,Wheat,Буғдой,2023-M12,2023,3514.0
005,Jo'hori,Кукуруза,Corn,Жўҳори,2023-M12,2023,3548.0
006,Kepak,Отруби,Bran,Кепак,2023-M12,2023,2909.0
0008,Shrot,Шрот,Schroth,Шрот,2023-M12,2023,4652.0
009,Shulxa,Шелуха,Husk,Шулха,2023-M12,2023,3799.0
010,Kombikorm,Комбикорм,Compound feed,Комбикорм,2023-M12,2023,3734.0
011,Oliy navli bug'doy uni,Мука пшеничная высшего сорта,High-grade wheat flour,Олий навли буғдой уни,2023-M12,2023,7689.0
0012,1-navli bug'doy uni,Мука пшеничная первого сорта,First grade wheat flour,1-навли буғдой уни,2023-M12,2023,6094.0
013,1-nav bug'doy unidan non,Хлеб пшеничный из муки 1-го сорта,Wheat bread from 1st grade flour,1-нав буғдой унидан нон,2023-M12,2023,6269.0
017,Mol go'shti,Говядина,Beef,Мол гўшти,2023-M12,2023,76574.0
0020,Qo'y go'shti,Баранина,Mutton,Қўй гўшти,2023-M12,2023,79031.0
022,Tovuq go'shti,Мясо птицы,Poultry,Товуқ гўшти,2023-M12,2023,28944.0
026,Turli baliqlar,Рыба всякая,Fish of all kinds,Турли балиқлар,2023-M12,2023,30065.0
027,Yangi sog'ilgan sut (1 litr),Молоко свежее (1 литр),Fresh milk (1 liter),Янги соғилган сут (1 литр),2023-M12,2023,6871.0
034,Tuxum (10 dona),Яйца (10 штук),Eggs (10 pieces ),Тухум (10 дона),2023-M12,2023,15159.0
035,Paxta yog'i (1 litr),Масло хлопковое (1 литр),Cottonseed oil (1 liter),Пахта ёғи (1 литр),2023-M12,2023,15293.0
0036,Kungaboqar yog'i (1 litr),Масло подсолнечное (1 литр),Sunflower oil (1 liter),Кунгабоқар ёғи (1 литр),2023-M12,2023,16708.0
037,Sariyog',Масло сливочное,Butter,Сариёғ,2023-M12,2023,60070.0
039,Limon,Лимоны,Lemons,Лимон,2023-M12,2023,24679.0
0040,Olma,Яблоки,Apples,Олма,2023-M12,2023,12011.0
041,Nok,Груши,Pears,Нок,2023-M12,2023,25974.0
049,Uzum,Виноград,Grape,Узум,2023-M12,2023,21534.0
0050,Tarvuz,Арбуз,Watermelon,Тарвуз,2023-M12,2023,5233.0
0051,Qovun,Дыня,Melon,Қовун,2023-M12,2023,5892.0
053,Mayiz,Кишмиш,Kishmish,Майиз,2023-M12,2023,35039.0
055,Karam,Капуста,Cabbage,Карам,2023-M12,2023,2774.0
057,Bodring,Огурцы,Cucumbers,Бодринг,2023-M12,2023,22911.0
058,Pomidor,Помидоры,Tomatoes,Помидор,2023-M12,2023,23410.0
059,Baqlajon,Баклажаны,Eggplant,Бақлажон,2023-M12,2023,7998.0
0060,Bulg'or qalampiri,Перец болгарский,Bell pepper,Булғор қалампири,2023-M12,2023,11435.0
061,Qovoq,Тыква,Pumpkin,Қовоқ,2023-M12,2023,3694.0
063,Sabzi,Морковь,Carrot,Сабзи,2023-M12,2023,2827.0
065,Sarimsoq,Чеснок,Garlic,Саримсоқ,2023-M12,2023,25218.0
066,Piyoz,Лук репчатый,Onion,Пиёз,2023-M12,2023,2532.0
069,Kartoshka,Картофель,Potatoes,Картошка,2023-M12,2023,3741.0
0070,Loviya,Фасоль,Beans,Ловия,2023-M12,2023,18231.0
071,No'xot,Горох,Peas,Нўхот,2023-M12,2023,26682.0
0072,Mosh,Маш,Mash,Мош,2023-M12,2023,13226.0
073,Shakar,Сахар песок,Sugar,Шакар,2023-M12,2023,13890.0
002,Kruppa yormasi,Крупа манная,Semolina,Круппа ёрмаси,2023-M12,2023,3593.0
001,Guruch,Рис,Rice,Гуруч,2024-M01,2024,19258.0
003,Arpa,Ячмень,Barley,Арпа,2024-M01,2024,3598.0
0004,Bug'doy,Пшеница,Wheat,Буғдой,2024-M01,2024,3472.0
005,Jo'hori,Кукуруза,Corn,Жўҳори,2024-M01,2024,3404.0
006,Kepak,Отруби,Bran,Кепак,2024-M01,2024,2861.0
0008,Shrot,Шрот,Schroth,Шрот,2024-M01,2024,4552.0
009,Shulxa,Шелуха,Husk,Шулха,2024-M01,2024,3740.0
010,Kombikorm,Комбикорм,Compound feed,Комбикорм,2024-M01,2024,3760.0
011,Oliy navli bug'doy uni,Мука пшеничная высшего сорта,High-grade wheat flour,Олий навли буғдой уни,2024-M01,2024,7476.0
0012,1-navli bug'doy uni,Мука пшеничная первого сорта,First grade wheat flour,1-навли буғдой уни,2024-M01,2024,5967.0
013,1-nav bug'doy unidan non,Хлеб пшеничный из муки 1-го сорта,Wheat bread from 1st grade flour,1-нав буғдой унидан нон,2024-M01,2024,6270.0
017,Mol go'shti,Говядина,Beef,Мол гўшти,2024-M01,2024,77270.0
0020,Qo'y go'shti,Баранина,Mutton,Қўй гўшти,2024-M01,2024,79211.0
022,Tovuq go'shti,Мясо птицы,Poultry,Товуқ гўшти,2024-M01,2024,29621.0
026,Turli baliqlar,Рыба всякая,Fish of all kinds,Турли балиқлар,2024-M01,2024,31291.0
027,Yangi sog'ilgan sut (1 litr),Молоко свежее (1 литр),Fresh milk (1 liter),Янги соғилган сут (1 литр),2024-M01,2024,7036.0
034,Tuxum (10 dona),Яйца (10 штук),Eggs (10 pieces ),Тухум (10 дона),2024-M01,2024,15211.0
035,Paxta yog'i (1 litr),Масло хлопковое (1 литр),Cottonseed oil (1 liter),Пахта ёғи (1 литр),2024-M01,2024,15012.0
0036,Kungaboqar yog'i (1 litr),Масло подсолнечное (1 литр),Sunflower oil (1 liter),Кунгабоқар ёғи (1 литр),2024-M01,2024,16640.0
037,Sariyog',Масло сливочное,Butter,Сариёғ,2024-M01,2024,60356.0
039,Limon,Лимоны,Lemons,Лимон,2024-M01,2024,23690.0
0040,Olma,Яблоки,Apples,Олма,2024-M01,2024,12416.0
041,Nok,Груши,Pears,Нок,2024-M01,2024,26703.0
049,Uzum,Виноград,Grape,Узум,2024-M01,2024,23423.0
0050,Tarvuz,Арбуз,Watermelon,Тарвуз,2024-M01,2024,7719.0
0051,Qovun,Дыня,Melon,Қовун,2024-M01,2024,8743.0
053,Mayiz,Кишмиш,Kishmish,Майиз,2024-M01,2024,35810.0
055,Karam,Капуста,Cabbage,Карам,2024-M01,2024,2789.0
057,Bodring,Огурцы,Cucumbers,Бодринг,2024-M01,2024,26804.0
058,Pomidor,Помидоры,Tomatoes,Помидор,2024-M01,2024,27529.0
059,Baqlajon,Баклажаны,Eggplant,Бақлажон,2024-M01,2024,27303.0
0060,Bulg'or qalampiri,Перец болгарский,Bell pepper,Булғор қалампири,2024-M01,2024,25466.0
061,Qovoq,Тыква,Pumpkin,Қовоқ,2024-M01,2024,3673.0
063,Sabzi,Морковь,Carrot,Сабзи,2024-M01,2024,2701.0
065,Sarimsoq,Чеснок,Garlic,Саримсоқ,2024-M01,2024,28664.0
066,Piyoz,Лук репчатый,Onion,Пиёз,2024-M01,2024,2488.0
069,Kartoshka,Картофель,Potatoes,Картошка,2024-M01,2024,3839.0
0070,Loviya,Фасоль,Beans,Ловия,2024-M01,2024,18513.0
071,No'xot,Горох,Peas,Нўхот,2024-M01,2024,26685.0
0072,Mosh,Маш,Mash,Мош,2024-M01,2024,13193.0
073,Shakar,Сахар песок,Sugar,Шакар,2024-M01,2024,13877.0
002,Kruppa yormasi,Крупа манная,Semolina,Круппа ёрмаси,2024-M01,2024,3598.0
001,Guruch,Рис,Rice,Гуруч,2024-M02,2024,18434.0
003,Arpa,Ячмень,Barley,Арпа,2024-M02,2024,3549.0
0004,Bug'doy,Пшеница,Wheat,Буғдой,2024-M02,2024,3377.0
005,Jo'hori,Кукуруза,Corn,Жўҳори,2024-M02,2024,3106.0
006,Kepak,Отруби,Bran,Кепак,2024-M02,2024,2715.0
0008,Shrot,Шрот,Schroth,Шрот,2024-M02,2024,4417.0
009,Shulxa,Шелуха,Husk,Шулха,2024-M02,2024,3634.0
010,Kombikorm,Комбикорм,Compound feed,Комбикорм,2024-M02,2024,3714.0
011,Oliy navli bug'doy uni,Мука пшеничная высшего сорта,High-grade wheat flour,Олий навли буғдой уни,2024-M02,2024,7340.0
0012,1-navli bug'doy uni,Мука пшеничная первого сорта,First grade wheat flour,1-навли буғдой уни,2024-M02,2024,5783.0
013,1-nav bug'doy unidan non,Хлеб пшеничный из муки 1-го сорта,Wheat bread from 1st grade flour,1-нав буғдой унидан нон,2024-M02,2024,6243.0
017,Mol go'shti,Говядина,Beef,Мол гўшти,2024-M02,2024,77040.0
0020,Qo'y go'shti,Баранина,Mutton,Қўй гўшти,2024-M02,2024,78295.0
022,Tovuq go'shti,Мясо птицы,Poultry,Товуқ гўшти,2024-M02,2024,28415.0
026,Turli baliqlar,Рыба всякая,Fish of all kinds,Турли балиқлар,2024-M02,2024,31503.0
027,Yangi sog'ilgan sut (1 litr),Молоко свежее (1 литр),Fresh milk (1 liter),Янги соғилган сут (1 литр),2024-M02,2024,7083.0
034,Tuxum (10 dona),Яйца (10 штук),Eggs (10 pieces ),Тухум (10 дона),2024-M02,2024,13528.0
035,Paxta yog'i (1 litr),Масло хлопковое (1 литр),Cottonseed oil (1 liter),Пахта ёғи (1 литр),2024-M02,2024,13743.0
0036,Kungaboqar yog'i (1 litr),Масло подсолнечное (1 литр),Sunflower oil (1 liter),Кунгабоқар ёғи (1 литр),2024-M02,2024,15981.0
037,Sariyog',Масло сливочное,Butter,Сариёғ,2024-M02,2024,60832.0
039,Limon,Лимоны,Lemons,Лимон,2024-M02,2024,23897.0
0040,Olma,Яблоки,Apples,Олма,2024-M02,2024,11909.0
041,Nok,Груши,Pears,Нок,2024-M02,2024,26176.0
049,Uzum,Виноград,Grape,Узум,2024-M02,2024,23666.0
0050,Tarvuz,Арбуз,Watermelon,Тарвуз,2024-M02,2024,13500.0
0051,Qovun,Дыня,Melon,Қовун,2024-M02,2024,16188.0
053,Mayiz,Кишмиш,Kishmish,Майиз,2024-M02,2024,35953.0
055,Karam,Капуста,Cabbage,Карам,2024-M02,2024,2459.0
057,Bodring,Огурцы,Cucumbers,Бодринг,2024-M02,2024,26369.0
058,Pomidor,Помидоры,Tomatoes,Помидор,2024-M02,2024,26829.0
059,Baqlajon,Баклажаны,Eggplant,Бақлажон,2024-M02,2024,39591.0
0060,Bulg'or qalampiri,Перец болгарский,Bell pepper,Булғор қалампири,2024-M02,2024,33824.0
061,Qovoq,Тыква,Pumpkin,Қовоқ,2024-M02,2024,3552.0
063,Sabzi,Морковь,Carrot,Сабзи,2024-M02,2024,2218.0
065,Sarimsoq,Чеснок,Garlic,Саримсоқ,2024-M02,2024,31588.0
066,Piyoz,Лук репчатый,Onion,Пиёз,2024-M02,2024,2309.0
069,Kartoshka,Картофель,Potatoes,Картошка,2024-M02,2024,3622.0
0070,Loviya,Фасоль,Beans,Ловия,2024-M02,2024,18576.0
071,No'xot,Горох,Peas,Нўхот,2024-M02,2024,26195.0
0072,Mosh,Маш,Mash,Мош,2024-M02,2024,13154.0
073,Shakar,Сахар песок,Sugar,Шакар,2024-M02,2024,13528.0
002,Kruppa yormasi,Крупа манная,Semolina,Круппа ёрмаси,2024-M02,2024,3549.0
001,Guruch,Рис,Rice,Гуруч,2024-M03,2024,18369.0
003,Arpa,Ячмень,Barley,Арпа,2024-M03,2024,3504.0
0004,Bug'doy,Пшеница,Wheat,Буғдой,2024-M03,2024,3346.0
005,Jo'hori,Кукуруза,Corn,Жўҳори,2024-M03,2024,3064.0
006,Kepak,Отруби,Bran,Кепак,2024-M03,2024,2720.0
0008,Shrot,Шрот,Schroth,Шрот,2024-M03,2024,4341.0
009,Shulxa,Шелуха,Husk,Шулха,2024-M03,2024,3671.0
010,Kombikorm,Комбикорм,Compound feed,Комбикорм,2024-M03,2024,3690.0
011,Oliy navli bug'doy uni,Мука пшеничная высшего сорта,High-grade wheat flour,Олий навли буғдой уни,2024-M03,2024,7326.0
0012,1-navli bug'doy uni,Мука пшеничная первого сорта,First grade wheat flour,1-навли буғдой уни,2024-M03,2024,5672.0
013,1-nav bug'doy unidan non,Хлеб пшеничный из муки 1-го сорта,Wheat bread from 1st grade flour,1-нав буғдой унидан нон,2024-M03,2024,6207.0
017,Mol go'shti,Говядина,Beef,Мол гўшти,2024-M03,2024,76763.0
0020,Qo'y go'shti,Баранина,Mutton,Қўй гўшти,2024-M03,2024,77937.0
022,Tovuq go'shti,Мясо птицы,Poultry,Товуқ гўшти,2024-M03,2024,28001.0
026,Turli baliqlar,Рыба всякая,Fish of all kinds,Турли балиқлар,2024-M03,2024,31456.0
027,Yangi sog'ilgan sut (1 litr),Молоко свежее (1 литр),Fresh milk (1 liter),Янги соғилган сут (1 литр),2024-M03,2024,7070.0
034,Tuxum (10 dona),Яйца (10 штук),Eggs (10 pieces ),Тухум (10 дона),2024-M03,2024,12671.0
035,Paxta yog'i (1 litr),Масло хлопковое (1 литр),Cottonseed oil (1 liter),Пахта ёғи (1 литр),2024-M03,2024,13310.0
0036,Kungaboqar yog'i (1 litr),Масло подсолнечное (1 литр),Sunflower oil (1 liter),Кунгабоқар ёғи (1 литр),2024-M03,2024,15590.0
037,Sariyog',Масло сливочное,Butter,Сариёғ,2024-M03,2024,60947.0
039,Limon,Лимоны,Lemons,Лимон,2024-M03,2024,24914.0
0040,Olma,Яблоки,Apples,Олма,2024-M03,2024,11877.0
041,Nok,Груши,Pears,Нок,2024-M03,2024,26288.0
049,Uzum,Виноград,Grape,Узум,2024-M03,2024,24506.0
0050,Tarvuz,Арбуз,Watermelon,Тарвуз,2024-M03,2024,0.0
0051,Qovun,Дыня,Melon,Қовун,2024-M03,2024,0.0
053,Mayiz,Кишмиш,Kishmish,Майиз,2024-M03,2024,36244.0
055,Karam,Капуста,Cabbage,Карам,2024-M03,2024,2502.0
057,Bodring,Огурцы,Cucumbers,Бодринг,2024-M03,2024,25774.0
058,Pomidor,Помидоры,Tomatoes,Помидор,2024-M03,2024,26268.0
059,Baqlajon,Баклажаны,Eggplant,Бақлажон,2024-M03,2024,41563.0
0060,Bulg'or qalampiri,Перец болгарский,Bell pepper,Булғор қалампири,2024-M03,2024,42435.0
061,Qovoq,Тыква,Pumpkin,Қовоқ,2024-M03,2024,3701.0
063,Sabzi,Морковь,Carrot,Сабзи,2024-M03,2024,2229.0
065,Sarimsoq,Чеснок,Garlic,Саримсоқ,2024-M03,2024,32992.0
066,Piyoz,Лук репчатый,Onion,Пиёз,2024-M03,2024,2266.0
069,Kartoshka,Картофель,Potatoes,Картошка,2024-M03,2024,3599.0
0070,Loviya,Фасоль,Beans,Ловия,2024-M03,2024,18674.0
071,No'xot,Горох,Peas,Нўхот,2024-M03,2024,26287.0
0072,Mosh,Маш,Mash,Мош,2024-M03,2024,13150.0
073,Shakar,Сахар песок,Sugar,Шакар,2024-M03,2024,13588.0
002,Kruppa yormasi,Крупа манная,Semolina,Круппа ёрмаси,2024-M03,2024,3504.0
001,Guruch,Рис,Rice,Гуруч,2024-M04,2024,18403.0
003,Arpa,Ячмень,Barley,Арпа,2024-M04,2024,3526.0
0004,Bug'doy,Пшеница,Wheat,Буғдой,2024-M04,2024,3339.0
005,Jo'hori,Кукуруза,Corn,Жўҳори,2024-M04,2024,3106.0
006,Kepak,Отруби,Bran,Кепак,2024-M04,2024,2699.0
0008,Shrot,Шрот,Schroth,Шрот,2024-M04,2024,4361.0
009,Shulxa,Шелуха,Husk,Шулха,2024-M04,2024,3675.0
010,Kombikorm,Комбикорм,Compound feed,Комбикорм,2024-M04,2024,3690.0
011,Oliy navli bug'doy uni,Мука пшеничная высшего сорта,High-grade wheat flour,Олий навли буғдой уни,2024-M04,2024,7325.0
0012,1-navli bug'doy uni,Мука пшеничная первого сорта,First grade wheat flour,1-навли буғдой уни,2024-M04,2024,5661.0
013,1-nav bug'doy unidan non,Хлеб пшеничный из муки 1-го сорта,Wheat bread from 1st grade flour,1-нав буғдой унидан нон,2024-M04,2024,6219.0
017,Mol go'shti,Говядина,Beef,Мол гўшти,2024-M04,2024,76615.0
0020,Qo'y go'shti,Баранина,Mutton,Қўй гўшти,2024-M04,2024,77808.0
022,Tovuq go'shti,Мясо птицы,Poultry,Товуқ гўшти,2024-M04,2024,27672.0
026,Turli baliqlar,Рыба всякая,Fish of all kinds,Турли балиқлар,2024-M04,2024,31477.0
027,Yangi sog'ilgan sut (1 litr),Молоко свежее (1 литр),Fresh milk (1 liter),Янги соғилган сут (1 литр),2024-M04,2024,7062.0
034,Tuxum (10 dona),Яйца (10 штук),Eggs (10 pieces ),Тухум (10 дона),2024-M04,2024,11768.0
035,Paxta yog'i (1 litr),Масло хлопковое (1 литр),Cottonseed oil (1 liter),Пахта ёғи (1 литр),2024-M04,2024,12723.0
0036,Kungaboqar yog'i (1 litr),Масло подсолнечное (1 литр),Sunflower oil (1 liter),Кунгабоқар ёғи (1 литр),2024-M04,2024,15358.0
037,Sariyog',Масло сливочное,Butter,Сариёғ,2024-M04,2024,60895.0
039,Limon,Лимоны,Lemons,Лимон,2024-M04,2024,25621.0
0040,Olma,Яблоки,Apples,Олма,2024-M04,2024,12016.0
041,Nok,Груши,Pears,Нок,2024-M04,2024,26390.0
049,Uzum,Виноград,Grape,Узум,2024-M04,2024,25115.0
0050,Tarvuz,Арбуз,Watermelon,Тарвуз,2024-M04,2024,0.0
0051,Qovun,Дыня,Melon,Қовун,2024-M04,2024,0.0
053,Mayiz,Кишмиш,Kishmish,Майиз,2024-M04,2024,36582.0
055,Karam,Капуста,Cabbage,Карам,2024-M04,2024,2773.0
057,Bodring,Огурцы,Cucumbers,Бодринг,2024-M04,2024,18660.0
058,Pomidor,Помидоры,Tomatoes,Помидор,2024-M04,2024,26591.0
059,Baqlajon,Баклажаны,Eggplant,Бақлажон,2024-M04,2024,41192.0
0060,Bulg'or qalampiri,Перец болгарский,Bell pepper,Булғор қалампири,2024-M04,2024,45810.0
061,Qovoq,Тыква,Pumpkin,Қовоқ,2024-M04,2024,3660.0
063,Sabzi,Морковь,Carrot,Сабзи,2024-M04,2024,2269.0
065,Sarimsoq,Чеснок,Garlic,Саримсоқ,2024-M04,2024,33815.0
066,Piyoz,Лук репчатый,Onion,Пиёз,2024-M04,2024,2276.0
069,Kartoshka,Картофель,Potatoes,Картошка,2024-M04,2024,3665.0
0070,Loviya,Фасоль,Beans,Ловия,2024-M04,2024,18704.0
071,No'xot,Горох,Peas,Нўхот,2024-M04,2024,26307.0
0072,Mosh,Маш,Mash,Мош,2024-M04,2024,13192.0
073,Shakar,Сахар песок,Sugar,Шакар,2024-M04,2024,13961.0
002,Kruppa yormasi,Крупа манная,Semolina,Круппа ёрмаси,2024-M04,2024,3526.0
001,Guruch,Рис,Rice,Гуруч,2024-M05,2024,18485.0
003,Arpa,Ячмень,Barley,Арпа,2024-M05,2024,3506.0
0004,Bug'doy,Пшеница,Wheat,Буғдой,2024-M05,2024,3333.0
005,Jo'hori,Кукуруза,Corn,Жўҳори,2024-M05,2024,3138.0
006,Kepak,Отруби,Bran,Кепак,2024-M05,2024,2634.0
0008,Shrot,Шрот,Schroth,Шрот,2024-M05,2024,4386.0
009,Shulxa,Шелуха,Husk,Шулха,2024-M05,2024,3699.0
010,Kombikorm,Комбикорм,Compound feed,Комбикорм,2024-M05,2024,3712.0
011,Oliy navli bug'doy uni,Мука пшеничная высшего сорта,High-grade wheat flour,Олий навли буғдой уни,2024-M05,2024,7315.0
0012,1-navli bug'doy uni,Мука пшеничная первого сорта,First grade wheat flour,1-навли буғдой уни,2024-M05,2024,5645.0
013,1-nav bug'doy unidan non,Хлеб пшеничный из муки 1-го сорта,Wheat bread from 1st grade flour,1-нав буғдой унидан нон,2024-M05,2024,6225.0
017,Mol go'shti,Говядина,Beef,Мол гўшти,2024-M05,2024,76889.0
0020,Qo'y go'shti,Баранина,Mutton,Қўй гўшти,2024-M05,2024,78209.0
022,Tovuq go'shti,Мясо птицы,Poultry,Товуқ гўшти,2024-M05,2024,27386.0
026,Turli baliqlar,Рыба всякая,Fish of all kinds,Турли балиқлар,2024-M05,2024,34675.0
027,Yangi sog'ilgan sut (1 litr),Молоко свежее (1 литр),Fresh milk (1 liter),Янги соғилган сут (1 литр),2024-M05,2024,7044.0
034,Tuxum (10 dona),Яйца (10 штук),Eggs (10 pieces ),Тухум (10 дона),2024-M05,2024,10257.0
035,Paxta yog'i (1 litr),Масло хлопковое (1 литр),Cottonseed oil (1 liter),Пахта ёғи (1 литр),2024-M05,2024,12533.0
0036,Kungaboqar yog'i (1 litr),Масло подсолнечное (1 литр),Sunflower oil (1 liter),Кунгабоқар ёғи (1 литр),2024-M05,2024,15365.0
037,Sariyog',Масло сливочное,Butter,Сариёғ,2024-M05,2024,60724.0
039,Limon,Лимоны,Lemons,Лимон,2024-M05,2024,26796.0
0040,Olma,Яблоки,Apples,Олма,2024-M05,2024,12602.0
041,Nok,Груши,Pears,Нок,2024-M05,2024,26572.0
049,Uzum,Виноград,Grape,Узум,2024-M05,2024,24196.0
0050,Tarvuz,Арбуз,Watermelon,Тарвуз,2024-M05,2024,7808.0
0051,Qovun,Дыня,Melon,Қовун,2024-M05,2024,8813.0
053,Mayiz,Кишмиш,Kishmish,Майиз,2024-M05,2024,36760.0
055,Karam,Капуста,Cabbage,Карам,2024-M05,2024,2569.0
057,Bodring,Огурцы,Cucumbers,Бодринг,2024-M05,2024,8047.0
058,Pomidor,Помидоры,Tomatoes,Помидор,2024-M05,2024,18998.0
059,Baqlajon,Баклажаны,Eggplant,Бақлажон,2024-M05,2024,20305.0
0060,Bulg'or qalampiri,Перец болгарский,Bell pepper,Булғор қалампири,2024-M05,2024,19256.0
061,Qovoq,Тыква,Pumpkin,Қовоқ,2024-M05,2024,0.0
063,Sabzi,Морковь,Carrot,Сабзи,2024-M05,2024,2355.0
065,Sarimsoq,Чеснок,Garlic,Саримсоқ,2024-M05,2024,32845.0
066,Piyoz,Лук репчатый,Onion,Пиёз,2024-M05,2024,2241.0
069,Kartoshka,Картофель,Potatoes,Картошка,2024-M05,2024,3877.0
0070,Loviya,Фасоль,Beans,Ловия,2024-M05,2024,19614.0
071,No'xot,Горох,Peas,Нўхот,2024-M05,2024,26420.0
0072,Mosh,Маш,Mash,Мош,2024-M05,2024,13358.0
073,Shakar,Сахар песок,Sugar,Шакар,2024-M05,2024,14274.0
002,Kruppa yormasi,Крупа манная,Semolina,Круппа ёрмаси,2024-M05,2024,3506.0
001,Guruch,Рис,Rice,Гуруч,2024-M06,2024,18540.0
003,Arpa,Ячмень,Barley,Арпа,2024-M06,2024,3440.0
0004,Bug'doy,Пшеница,Wheat,Буғдой,2024-M06,2024,3310.0
005,Jo'hori,Кукуруза,Corn,Жўҳори,2024-M06,2024,3173.0
006,Kepak,Отруби,Bran,Кепак,2024-M06,2024,2660.0
0008,Shrot,Шрот,Schroth,Шрот,2024-M06,2024,4398.0
009,Shulxa,Шелуха,Husk,Шулха,2024-M06,2024,3695.0
010,Kombikorm,Комбикорм,Compound feed,Комбикорм,2024-M06,2024,3718.0
011,Oliy navli bug'doy uni,Мука пшеничная высшего сорта,High-grade wheat flour,Олий навли буғдой уни,2024-M06,2024,7311.0
0012,1-navli bug'doy uni,Мука пшеничная первого сорта,First grade wheat flour,1-навли буғдой уни,2024-M06,2024,5630.0
013,1-nav bug'doy unidan non,Хлеб пшеничный из муки 1-го сорта,Wheat bread from 1st grade flour,1-нав буғдой унидан нон,2024-M06,2024,6223.0
017,Mol go'shti,Говядина,Beef,Мол гўшти,2024-M06,2024,77260.0
0020,Qo'y go'shti,Баранина,Mutton,Қўй гўшти,2024-M06,2024,79080.0
022,Tovuq go'shti,Мясо птицы,Poultry,Товуқ гўшти,2024-M06,2024,27284.0
026,Turli baliqlar,Рыба всякая,Fish of all kinds,Турли балиқлар,2024-M06,2024,35290.0
027,Yangi sog'ilgan sut (1 litr),Молоко свежее (1 литр),Fresh milk (1 liter),Янги соғилган сут (1 литр),2024-M06,2024,7023.0
034,Tuxum (10 dona),Яйца (10 штук),Eggs (10 pieces ),Тухум (10 дона),2024-M06,2024,10154.0
035,Paxta yog'i (1 litr),Масло хлопковое (1 литр),Cottonseed oil (1 liter),Пахта ёғи (1 литр),2024-M06,2024,12518.0
0036,Kungaboqar yog'i (1 litr),Масло подсолнечное (1 литр),Sunflower oil (1 liter),Кунгабоқар ёғи (1 литр),2024-M06,2024,15374.0
037,Sariyog',Масло сливочное,Butter,Сариёғ,2024-M06,2024,60696.0
039,Limon,Лимоны,Lemons,Лимон,2024-M06,2024,31427.0
0040,Olma,Яблоки,Apples,Олма,2024-M06,2024,12717.0
041,Nok,Груши,Pears,Нок,2024-M06,2024,26467.0
049,Uzum,Виноград,Grape,Узум,2024-M06,2024,16750.0
0050,Tarvuz,Арбуз,Watermelon,Тарвуз,2024-M06,2024,4300.0
0051,Qovun,Дыня,Melon,Қовун,2024-M06,2024,6551.0
053,Mayiz,Кишмиш,Kishmish,Майиз,2024-M06,2024,36801.0
055,Karam,Капуста,Cabbage,Карам,2024-M06,2024,2148.0
057,Bodring,Огурцы,Cucumbers,Бодринг,2024-M06,2024,5216.0
058,Pomidor,Помидоры,Tomatoes,Помидор,2024-M06,2024,9815.0
059,Baqlajon,Баклажаны,Eggplant,Бақлажон,2024-M06,2024,9049.0
0060,Bulg'or qalampiri,Перец болгарский,Bell pepper,Булғор қалампири,2024-M06,2024,9886.0
061,Qovoq,Тыква,Pumpkin,Қовоқ,2024-M06,2024,0.0
063,Sabzi,Морковь,Carrot,Сабзи,2024-M06,2024,2434.0
065,Sarimsoq,Чеснок,Garlic,Саримсоқ,2024-M06,2024,26463.0
066,Piyoz,Лук репчатый,Onion,Пиёз,2024-M06,2024,2042.0
069,Kartoshka,Картофель,Potatoes,Картошка,2024-M06,2024,3929.0
0070,Loviya,Фасоль,Beans,Ловия,2024-M06,2024,20073.0
071,No'xot,Горох,Peas,Нўхот,2024-M06,2024,26522.0
0072,Mosh,Маш,Mash,Мош,2024-M06,2024,13400.0
073,Shakar,Сахар песок,Sugar,Шакар,2024-M06,2024,14265.0
002,Kruppa yormasi,Крупа манная,Semolina,Круппа ёрмаси,2024-M06,2024,3440.0
001,Guruch,Рис,Rice,Гуруч,2024-M07,2024,18469.0
003,Arpa,Ячмень,Barley,Арпа,2024-M07,2024,3301.0
0004,Bug'doy,Пшеница,Wheat,Буғдой,2024-M07,2024,3126.0
005,Jo'hori,Кукуруза,Corn,Жўҳори,2024-M07,2024,3193.0
006,Kepak,Отруби,Bran,Кепак,2024-M07,2024,2656.0
0008,Shrot,Шрот,Schroth,Шрот,2024-M07,2024,4428.0
009,Shulxa,Шелуха,Husk,Шулха,2024-M07,2024,3692.0
010,Kombikorm,Комбикорм,Compound feed,Комбикорм,2024-M07,2024,3742.0
011,Oliy navli bug'doy uni,Мука пшеничная высшего сорта,High-grade wheat flour,Олий навли буғдой уни,2024-M07,2024,7308.0
0012,1-navli bug'doy uni,Мука пшеничная первого сорта,First grade wheat flour,1-навли буғдой уни,2024-M07,2024,5614.0
013,1-nav bug'doy unidan non,Хлеб пшеничный из муки 1-го сорта,Wheat bread from 1st grade flour,1-нав буғдой унидан нон,2024-M07,2024,6226.0
017,Mol go'shti,Говядина,Beef,Мол гўшти,2024-M07,2024,78599.0
0020,Qo'y go'shti,Баранина,Mutton,Қўй гўшти,2024-M07,2024,80373.0
022,Tovuq go'shti,Мясо птицы,Poultry,Товуқ гўшти,2024-M07,2024,27249.0
026,Turli baliqlar,Рыба всякая,Fish of all kinds,Турли балиқлар,2024-M07,2024,35282.0
027,Yangi sog'ilgan sut (1 litr),Молоко свежее (1 литр),Fresh milk (1 liter),Янги соғилган сут (1 литр),2024-M07,2024,7020.0
034,Tuxum (10 dona),Яйца (10 штук),Eggs (10 pieces ),Тухум (10 дона),2024-M07,2024,10071.0
035,Paxta yog'i (1 litr),Масло хлопковое (1 литр),Cottonseed oil (1 liter),Пахта ёғи (1 литр),2024-M07,2024,12499.0
0036,Kungaboqar yog'i (1 litr),Масло подсолнечное (1 литр),Sunflower oil (1 liter),Кунгабоқар ёғи (1 литр),2024-M07,2024,15377.0
037,Sariyog',Масло сливочное,Butter,Сариёғ,2024-M07,2024,60476.0
039,Limon,Лимоны,Lemons,Лимон,2024-M07,2024,34312.0
0040,Olma,Яблоки,Apples,Олма,2024-M07,2024,11761.0
041,Nok,Груши,Pears,Нок,2024-M07,2024,24431.0
049,Uzum,Виноград,Grape,Узум,2024-M07,2024,14606.0
0050,Tarvuz,Арбуз,Watermelon,Тарвуз,2024-M07,2024,2225.0
0051,Qovun,Дыня,Melon,Қовун,2024-M07,2024,3802.0
053,Mayiz,Кишмиш,Kishmish,Майиз,2024-M07,2024,36801.0
055,Karam,Капуста,Cabbage,Карам,2024-M07,2024,2120.0
057,Bodring,Огурцы,Cucumbers,Бодринг,2024-M07,2024,3580.0
058,Pomidor,Помидоры,Tomatoes,Помидор,2024-M07,2024,4160.0
059,Baqlajon,Баклажаны,Eggplant,Бақлажон,2024-M07,2024,4741.0
0060,Bulg'or qalampiri,Перец болгарский,Bell pepper,Булғор қалампири,2024-M07,2024,6331.0
061,Qovoq,Тыква,Pumpkin,Қовоқ,2024-M07,2024,0.0
063,Sabzi,Морковь,Carrot,Сабзи,2024-M07,2024,2443.0
065,Sarimsoq,Чеснок,Garlic,Саримсоқ,2024-M07,2024,22359.0
066,Piyoz,Лук репчатый,Onion,Пиёз,2024-M07,2024,1902.0
069,Kartoshka,Картофель,Potatoes,Картошка,2024-M07,2024,3768.0
0070,Loviya,Фасоль,Beans,Ловия,2024-M07,2024,20167.0
071,No'xot,Горох,Peas,Нўхот,2024-M07,2024,26345.0
0072,Mosh,Маш,Mash,Мош,2024-M07,2024,13621.0
073,Shakar,Сахар песок,Sugar,Шакар,2024-M07,2024,14291.0
002,Kruppa yormasi,Крупа манная,Semolina,Круппа ёрмаси,2024-M07,2024,0.0
001,Guruch,Рис,Rice,Гуруч,2024-M08,2024,18540.0
003,Arpa,Ячмень,Barley,Арпа,2024-M08,2024,3295.0
0004,Bug'doy,Пшеница,Wheat,Буғдой,2024-M08,2024,3097.0
005,Jo'hori,Кукуруза,Corn,Жўҳори,2024-M08,2024,3207.0
006,Kepak,Отруби,Bran,Кепак,2024-M08,2024,2649.0
0008,Shrot,Шрот,Schroth,Шрот,2024-M08,2024,4492.0
009,Shulxa,Шелуха,Husk,Шулха,2024-M08,2024,3698.0
010,Kombikorm,Комбикорм,Compound feed,Комбикорм,2024-M08,2024,3780.0
011,Oliy navli bug'doy uni,Мука пшеничная высшего сорта,High-grade wheat flour,Олий навли буғдой уни,2024-M08,2024,7311.0
0012,1-navli bug'doy uni,Мука пшеничная первого сорта,First grade wheat flour,1-навли буғдой уни,2024-M08,2024,5605.0
013,1-nav bug'doy unidan non,Хлеб пшеничный из муки 1-го сорта,Wheat bread from 1st grade flour,1-нав буғдой унидан нон,2024-M08,2024,6226.0
017,Mol go'shti,Говядина,Beef,Мол гўшти,2024-M08,2024,82595.0
0020,Qo'y go'shti,Баранина,Mutton,Қўй гўшти,2024-M08,2024,84862.0
022,Tovuq go'shti,Мясо птицы,Poultry,Товуқ гўшти,2024-M08,2024,27245.0
026,Turli baliqlar,Рыба всякая,Fish of all kinds,Турли балиқлар,2024-M08,2024,35342.0
027,Yangi sog'ilgan sut (1 litr),Молоко свежее (1 литр),Fresh milk (1 liter),Янги соғилган сут (1 литр),2024-M08,2024,7032.0
034,Tuxum (10 dona),Яйца (10 штук),Eggs (10 pieces ),Тухум (10 дона),2024-M08,2024,10212.0
035,Paxta yog'i (1 litr),Масло хлопковое (1 литр),Cottonseed oil (1 liter),Пахта ёғи (1 литр),2024-M08,2024,12659.0
0036,Kungaboqar yog'i (1 litr),Масло подсолнечное (1 литр),Sunflower oil (1 liter),Кунгабоқар ёғи (1 литр),2024-M08,2024,15461.0
037,Sariyog',Масло сливочное,Butter,Сариёғ,2024-M08,2024,60364.0
039,Limon,Лимоны,Lemons,Лимон,2024-M08,2024,34577.0
0040,Olma,Яблоки,Apples,Олма,2024-M08,2024,10973.0
041,Nok,Груши,Pears,Нок,2024-M08,2024,19272.0
049,Uzum,Виноград,Grape,Узум,2024-M08,2024,11537.0
0050,Tarvuz,Арбуз,Watermelon,Тарвуз,2024-M08,2024,1453.0
0051,Qovun,Дыня,Melon,Қовун,2024-M08,2024,2731.0
053,Mayiz,Кишмиш,Kishmish,Майиз,2024-M08,2024,36895.0
055,Karam,Капуста,Cabbage,Карам,2024-M08,2024,2272.0
057,Bodring,Огурцы,Cucumbers,Бодринг,2024-M08,2024,3421.0
058,Pomidor,Помидоры,Tomatoes,Помидор,2024-M08,2024,3391.0
059,Baqlajon,Баклажаны,Eggplant,Бақлажон,2024-M08,2024,3918.0
0060,Bulg'or qalampiri,Перец болгарский,Bell pepper,Булғор қалампири,2024-M08,2024,4959.0
061,Qovoq,Тыква,Pumpkin,Қовоқ,2024-M08,2024,4500.0
063,Sabzi,Морковь,Carrot,Сабзи,2024-M08,2024,2612.0
065,Sarimsoq,Чеснок,Garlic,Саримсоқ,2024-M08,2024,22621.0
066,Piyoz,Лук репчатый,Onion,Пиёз,2024-M08,2024,1969.0
069,Kartoshka,Картофель,Potatoes,Картошка,2024-M08,2024,3746.0
0070,Loviya,Фасоль,Beans,Ловия,2024-M08,2024,20635.0
071,No'xot,Горох,Peas,Нўхот,2024-M08,2024,26191.0
0072,Mosh,Маш,Mash,Мош,2024-M08,2024,13890.0
073,Shakar,Сахар песок,Sugar,Шакар,2024-M08,2024,14294.0
002,Kruppa yormasi,Крупа манная,Semolina,Круппа ёрмаси,2024-M08,2024,0.0
001,Guruch,Рис,Rice,Гуруч,2024-M09,2024,18608.0
003,Arpa,Ячмень,Barley,Арпа,2024-M09,2024,3316.0
0004,Bug'doy,Пшеница,Wheat,Буғдой,2024-M09,2024,3131.0
005,Jo'hori,Кукуруза,Corn,Жўҳори,2024-M09,2024,3233.0
006,Kepak,Отруби,Bran,Кепак,2024-M09,2024,2652.0
0008,Shrot,Шрот,Schroth,Шрот,2024-M09,2024,4525.0
009,Shulxa,Шелуха,Husk,Шулха,2024-M09,2024,3699.0
010,Kombikorm,Комбикорм,Compound feed,Комбикорм,2024-M09,2024,3783.0
011,Oliy navli bug'doy uni,Мука пшеничная высшего сорта,High-grade wheat flour,Олий навли буғдой уни,2024-M09,2024,7335.0
0012,1-navli bug'doy uni,Мука пшеничная первого сорта,First grade wheat flour,1-навли буғдой уни,2024-M09,2024,5619.0
013,1-nav bug'doy unidan non,Хлеб пшеничный из муки 1-го сорта,Wheat bread from 1st grade flour,1-нав буғдой унидан нон,2024-M09,2024,6228.0
017,Mol go'shti,Говядина,Beef,Мол гўшти,2024-M09,2024,86049.0
0020,Qo'y go'shti,Баранина,Mutton,Қўй гўшти,2024-M09,2024,88159.0
022,Tovuq go'shti,Мясо птицы,Poultry,Товуқ гўшти,2024-M09,2024,27356.0
026,Turli baliqlar,Рыба всякая,Fish of all kinds,Турли балиқлар,2024-M09,2024,34660.0
027,Yangi sog'ilgan sut (1 litr),Молоко свежее (1 литр),Fresh milk (1 liter),Янги соғилган сут (1 литр),2024-M09,2024,7046.0
034,Tuxum (10 dona),Яйца (10 штук),Eggs (10 pieces ),Тухум (10 дона),2024-M09,2024,10392.0
035,Paxta yog'i (1 litr),Масло хлопковое (1 литр),Cottonseed oil (1 liter),Пахта ёғи (1 литр),2024-M09,2024,12990.0
0036,Kungaboqar yog'i (1 litr),Масло подсолнечное (1 литр),Sunflower oil (1 liter),Кунгабоқар ёғи (1 литр),2024-M09,2024,15656.0
037,Sariyog',Масло сливочное,Butter,Сариёғ,2024-M09,2024,60364.0
039,Limon,Лимоны,Lemons,Лимон,2024-M09,2024,32963.0
0040,Olma,Яблоки,Apples,Олма,2024-M09,2024,10741.0
041,Nok,Груши,Pears,Нок,2024-M09,2024,19102.0
049,Uzum,Виноград,Grape,Узум,2024-M09,2024,10732.0
0050,Tarvuz,Арбуз,Watermelon,Тарвуз,2024-M09,2024,1632.0
0051,Qovun,Дыня,Melon,Қовун,2024-M09,2024,2705.0
053,Mayiz,Кишмиш,Kishmish,Майиз,2024-M09,2024,37621.0
055,Karam,Капуста,Cabbage,Карам,2024-M09,2024,2348.0
057,Bodring,Огурцы,Cucumbers,Бодринг,2024-M09,2024,4776.0
058,Pomidor,Помидоры,Tomatoes,Помидор,2024-M09,2024,3906.0
059,Baqlajon,Баклажаны,Eggplant,Бақлажон,2024-M09,2024,4118.0
0060,Bulg'or qalampiri,Перец болгарский,Bell pepper,Булғор қалампири,2024-M09,2024,4597.0
061,Qovoq,Тыква,Pumpkin,Қовоқ,2024-M09,2024,3548.0
063,Sabzi,Морковь,Carrot,Сабзи,2024-M09,2024,2862.0
065,Sarimsoq,Чеснок,Garlic,Саримсоқ,2024-M09,2024,23903.0
066,Piyoz,Лук репчатый,Onion,Пиёз,2024-M09,2024,2095.0
069,Kartoshka,Картофель,Potatoes,Картошка,2024-M09,2024,4041.0
0070,Loviya,Фасоль,Beans,Ловия,2024-M09,2024,21315.0
071,No'xot,Горох,Peas,Нўхот,2024-M09,2024,26188.0
0072,Mosh,Маш,Mash,Мош,2024-M09,2024,14617.0
073,Shakar,Сахар песок,Sugar,Шакар,2024-M09,2024,14379.0
002,Kruppa yormasi,Крупа манная,Semolina,Круппа ёрмаси,2024-M09,2024,0.0
001,Guruch,Рис,Rice,Гуруч,2024-M10,2024,18611.0
003,Arpa,Ячмень,Barley,Арпа,2024-M10,2024,3330.0
0004,Bug'doy,Пшеница,Wheat,Буғдой,2024-M10,2024,3162.0
005,Jo'hori,Кукуруза,Corn,Жўҳори,2024-M10,2024,3168.0
006,Kepak,Отруби,Bran,Кепак,2024-M10,2024,2663.0
0008,Shrot,Шрот,Schroth,Шрот,2024-M10,2024,4545.0
009,Shulxa,Шелуха,Husk,Шулха,2024-M10,2024,3707.0
010,Kombikorm,Комбикорм,Compound feed,Комбикорм,2024-M10,2024,3784.0
011,Oliy navli bug'doy uni,Мука пшеничная высшего сорта,High-grade wheat flour,Олий навли буғдой уни,2024-M10,2024,7384.0
0012,1-navli bug'doy uni,Мука пшеничная первого сорта,First grade wheat flour,1-навли буғдой уни,2024-M10,2024,5657.0
013,1-nav bug'doy unidan non,Хлеб пшеничный из муки 1-го сорта,Wheat bread from 1st grade flour,1-нав буғдой унидан нон,2024-M10,2024,6231.0
017,Mol go'shti,Говядина,Beef,Мол гўшти,2024-M10,2024,88893.0
0020,Qo'y go'shti,Баранина,Mutton,Қўй гўшти,2024-M10,2024,90690.0
022,Tovuq go'shti,Мясо птицы,Poultry,Товуқ гўшти,2024-M10,2024,27679.0
026,Turli baliqlar,Рыба всякая,Fish of all kinds,Турли балиқлар,2024-M10,2024,32977.0
027,Yangi sog'ilgan sut (1 litr),Молоко свежее (1 литр),Fresh milk (1 liter),Янги соғилган сут (1 литр),2024-M10,2024,7136.0
034,Tuxum (10 dona),Яйца (10 штук),Eggs (10 pieces ),Тухум (10 дона),2024-M10,2024,10556.0
035,Paxta yog'i (1 litr),Масло хлопковое (1 литр),Cottonseed oil (1 liter),Пахта ёғи (1 литр),2024-M10,2024,13531.0
0036,Kungaboqar yog'i (1 litr),Масло подсолнечное (1 литр),Sunflower oil (1 liter),Кунгабоқар ёғи (1 литр),2024-M10,2024,16205.0
037,Sariyog',Масло сливочное,Butter,Сариёғ,2024-M10,2024,61136.0
039,Limon,Лимоны,Lemons,Лимон,2024-M10,2024,29204.0
0040,Olma,Яблоки,Apples,Олма,2024-M10,2024,10307.0
041,Nok,Груши,Pears,Нок,2024-M10,2024,19188.0
049,Uzum,Виноград,Grape,Узум,2024-M10,2024,10499.0
0050,Tarvuz,Арбуз,Watermelon,Тарвуз,2024-M10,2024,1949.0
0051,Qovun,Дыня,Melon,Қовун,2024-M10,2024,2842.0
053,Mayiz,Кишмиш,Kishmish,Майиз,2024-M10,2024,37776.0
055,Karam,Капуста,Cabbage,Карам,2024-M10,2024,2309.0
057,Bodring,Огурцы,Cucumbers,Бодринг,2024-M10,2024,7536.0
058,Pomidor,Помидоры,Tomatoes,Помидор,2024-M10,2024,5407.0
059,Baqlajon,Баклажаны,Eggplant,Бақлажон,2024-M10,2024,4362.0
0060,Bulg'or qalampiri,Перец болгарский,Bell pepper,Булғор қалампири,2024-M10,2024,5103.0
061,Qovoq,Тыква,Pumpkin,Қовоқ,2024-M10,2024,3406.0
063,Sabzi,Морковь,Carrot,Сабзи,2024-M10,2024,3091.0
065,Sarimsoq,Чеснок,Garlic,Саримсоқ,2024-M10,2024,25794.0
066,Piyoz,Лук репчатый,Onion,Пиёз,2024-M10,2024,2165.0
069,Kartoshka,Картофель,Potatoes,Картошка,2024-M10,2024,4183.0
0070,Loviya,Фасоль,Beans,Ловия,2024-M10,2024,21423.0
071,No'xot,Горох,Peas,Нўхот,2024-M10,2024,26229.0
0072,Mosh,Маш,Mash,Мош,2024-M10,2024,15021.0
073,Shakar,Сахар песок,Sugar,Шакар,2024-M10,2024,14302.0
002,Kruppa yormasi,Крупа манная,Semolina,Круппа ёрмаси,2024-M10,2024,0.0
001,Guruch,Рис,Rice,Гуруч,2024-M11,2024,18302.0
003,Arpa,Ячмень,Barley,Арпа,2024-M11,2024,3303.0
0004,Bug'doy,Пшеница,Wheat,Буғдой,2024-M11,2024,3196.0
005,Jo'hori,Кукуруза,Corn,Жўҳори,2024-M11,2024,3109.0
006,Kepak,Отруби,Bran,Кепак,2024-M11,2024,2635.0
0008,Shrot,Шрот,Schroth,Шрот,2024-M11,2024,4496.0
009,Shulxa,Шелуха,Husk,Шулха,2024-M11,2024,3721.0
010,Kombikorm,Комбикорм,Compound feed,Комбикорм,2024-M11,2024,3712.0
011,Oliy navli bug'doy uni,Мука пшеничная высшего сорта,High-grade wheat flour,Олий навли буғдой уни,2024-M11,2024,7399.0
0012,1-navli bug'doy uni,Мука пшеничная первого сорта,First grade wheat flour,1-навли буғдой уни,2024-M11,2024,5673.0
013,1-nav bug'doy unidan non,Хлеб пшеничный из муки 1-го сорта,Wheat bread from 1st grade flour,1-нав буғдой унидан нон,2024-M11,2024,6231.0
017,Mol go'shti,Говядина,Beef,Мол гўшти,2024-M11,2024,89988.0
0020,Qo'y go'shti,Баранина,Mutton,Қўй гўшти,2024-M11,2024,91389.0
022,Tovuq go'shti,Мясо птицы,Poultry,Товуқ гўшти,2024-M11,2024,28054.0
026,Turli baliqlar,Рыба всякая,Fish of all kinds,Турли балиқлар,2024-M11,2024,33357.0
027,Yangi sog'ilgan sut (1 litr),Молоко свежее (1 литр),Fresh milk (1 liter),Янги соғилган сут (1 литр),2024-M11,2024,7371.0
034,Tuxum (10 dona),Яйца (10 штук),Eggs (10 pieces ),Тухум (10 дона),2024-M11,2024,10895.0
035,Paxta yog'i (1 litr),Масло хлопковое (1 литр),Cottonseed oil (1 liter),Пахта ёғи (1 литр),2024-M11,2024,14160.0
0036,Kungaboqar yog'i (1 litr),Масло подсолнечное (1 литр),Sunflower oil (1 liter),Кунгабоқар ёғи (1 литр),2024-M11,2024,16708.0
037,Sariyog',Масло сливочное,Butter,Сариёғ,2024-M11,2024,61583.0
039,Limon,Лимоны,Lemons,Лимон,2024-M11,2024,24930.0
0040,Olma,Яблоки,Apples,Олма,2024-M11,2024,10041.0
041,Nok,Груши,Pears,Нок,2024-M11,2024,19435.0
049,Uzum,Виноград,Grape,Узум,2024-M11,2024,11340.0
0050,Tarvuz,Арбуз,Watermelon,Тарвуз,2024-M11,2024,2193.0
0051,Qovun,Дыня,Melon,Қовун,2024-M11,2024,2952.0
053,Mayiz,Кишмиш,Kishmish,Майиз,2024-M11,2024,37462.0
055,Karam,Капуста,Cabbage,Карам,2024-M11,2024,2348.0
057,Bodring,Огурцы,Cucumbers,Бодринг,2024-M11,2024,13323.0
058,Pomidor,Помидоры,Tomatoes,Помидор,2024-M11,2024,12638.0
059,Baqlajon,Баклажаны,Eggplant,Бақлажон,2024-M11,2024,5328.0
0060,Bulg'or qalampiri,Перец болгарский,Bell pepper,Булғор қалампири,2024-M11,2024,9121.0
061,Qovoq,Тыква,Pumpkin,Қовоқ,2024-M11,2024,3378.0
063,Sabzi,Морковь,Carrot,Сабзи,2024-M11,2024,3060.0
065,Sarimsoq,Чеснок,Garlic,Саримсоқ,2024-M11,2024,27891.0
066,Piyoz,Лук репчатый,Onion,Пиёз,2024-M11,2024,2246.0
069,Kartoshka,Картофель,Potatoes,Картошка,2024-M11,2024,4411.0
0070,Loviya,Фасоль,Beans,Ловия,2024-M11,2024,21361.0
071,No'xot,Горох,Peas,Нўхот,2024-M11,2024,26224.0
0072,Mosh,Маш,Mash,Мош,2024-M11,2024,14855.0
073,Shakar,Сахар песок,Sugar,Шакар,2024-M11,2024,14263.0
002,Kruppa yormasi,Крупа манная,Semolina,Круппа ёрмаси,2024-M11,2024,0.0
001,Guruch,Рис,Rice,Гуруч,2024-M12,2024,18073.0
003,Arpa,Ячмень,Barley,Арпа,2024-M12,2024,3289.0
0004,Bug'doy,Пшеница,Wheat,Буғдой,2024-M12,2024,3206.0
005,Jo'hori,Кукуруза,Corn,Жўҳори,2024-M12,2024,3121.0
006,Kepak,Отруби,Bran,Кепак,2024-M12,2024,2622.0
0008,Shrot,Шрот,Schroth,Шрот,2024-M12,2024,4498.0
009,Shulxa,Шелуха,Husk,Шулха,2024-M12,2024,3722.0
010,Kombikorm,Комбикорм,Compound feed,Комбикорм,2024-M12,2024,3693.0
011,Oliy navli bug'doy uni,Мука пшеничная высшего сорта,High-grade wheat flour,Олий навли буғдой уни,2024-M12,2024,7404.0
0012,1-navli bug'doy uni,Мука пшеничная первого сорта,First grade wheat flour,1-навли буғдой уни,2024-M12,2024,5681.0
013,1-nav bug'doy unidan non,Хлеб пшеничный из муки 1-го сорта,Wheat bread from 1st grade flour,1-нав буғдой унидан нон,2024-M12,2024,6241.0
017,Mol go'shti,Говядина,Beef,Мол гўшти,2024-M12,2024,90281.0
0020,Qo'y go'shti,Баранина,Mutton,Қўй гўшти,2024-M12,2024,91794.0
022,Tovuq go'shti,Мясо птицы,Poultry,Товуқ гўшти,2024-M12,2024,28177.0
026,Turli baliqlar,Рыба всякая,Fish of all kinds,Турли балиқлар,2024-M12,2024,33193.0
027,Yangi sog'ilgan sut (1 litr),Молоко свежее (1 литр),Fresh milk (1 liter),Янги соғилган сут (1 литр),2024-M12,2024,7489.0
034,Tuxum (10 dona),Яйца (10 штук),Eggs (10 pieces ),Тухум (10 дона),2024-M12,2024,11921.0
035,Paxta yog'i (1 litr),Масло хлопковое (1 литр),Cottonseed oil (1 liter),Пахта ёғи (1 литр),2024-M12,2024,15375.0
0036,Kungaboqar yog'i (1 litr),Масло подсолнечное (1 литр),Sunflower oil (1 liter),Кунгабоқар ёғи (1 литр),2024-M12,2024,17482.0
037,Sariyog',Масло сливочное,Butter,Сариёғ,2024-M12,2024,62161.0
039,Limon,Лимоны,Lemons,Лимон,2024-M12,2024,20364.0
0040,Olma,Яблоки,Apples,Олма,2024-M12,2024,10206.0
041,Nok,Груши,Pears,Нок,2024-M12,2024,20166.0
049,Uzum,Виноград,Grape,Узум,2024-M12,2024,14392.0
0050,Tarvuz,Арбуз,Watermelon,Тарвуз,2024-M12,2024,2495.0
0051,Qovun,Дыня,Melon,Қовун,2024-M12,2024,3240.0
053,Mayiz,Кишмиш,Kishmish,Майиз,2024-M12,2024,37680.0
055,Karam,Капуста,Cabbage,Карам,2024-M12,2024,2529.0
057,Bodring,Огурцы,Cucumbers,Бодринг,2024-M12,2024,20948.0
058,Pomidor,Помидоры,Tomatoes,Помидор,2024-M12,2024,21002.0
059,Baqlajon,Баклажаны,Eggplant,Бақлажон,2024-M12,2024,12175.0
0060,Bulg'or qalampiri,Перец болгарский,Bell pepper,Булғор қалампири,2024-M12,2024,20128.0
061,Qovoq,Тыква,Pumpkin,Қовоқ,2024-M12,2024,3362.0
063,Sabzi,Морковь,Carrot,Сабзи,2024-M12,2024,3214.0
065,Sarimsoq,Чеснок,Garlic,Саримсоқ,2024-M12,2024,29348.0
066,Piyoz,Лук репчатый,Onion,Пиёз,2024-M12,2024,2481.0
069,Kartoshka,Картофель,Potatoes,Картошка,2024-M12,2024,5110.0
0070,Loviya,Фасоль,Beans,Ловия,2024-M12,2024,21490.0
071,No'xot,Горох,Peas,Нўхот,2024-M12,2024,26357.0
0072,Mosh,Маш,Mash,Мош,2024-M12,2024,14892.0
073,Shakar,Сахар песок,Sugar,Шакар,2024-M12,2024,14183.0
002,Kruppa yormasi,Крупа манная,Semolina,Круппа ёрмаси,2024-M12,2024,0.0
001,Guruch,Рис,Rice,Гуруч,2025-M01,2025,18015.0
003,Arpa,Ячмень,Barley,Арпа,2025-M01,2025,3298.0
0004,Bug'doy,Пшеница,Wheat,Буғдой,2025-M01,2025,3213.0
005,Jo'hori,Кукуруза,Corn,Жўҳори,2025-M01,2025,3128.0
006,Kepak,Отруби,Bran,Кепак,2025-M01,2025,2634.0
0008,Shrot,Шрот,Schroth,Шрот,2025-M01,2025,4524.0
009,Shulxa,Шелуха,Husk,Шулха,2025-M01,2025,3732.0
010,Kombikorm,Комбикорм,Compound feed,Комбикорм,2025-M01,2025,3703.0
011,Oliy navli bug'doy uni,Мука пшеничная высшего сорта,High-grade wheat flour,Олий навли буғдой уни,2025-M01,2025,7415.0
0012,1-navli bug'doy uni,Мука пшеничная первого сорта,First grade wheat flour,1-навли буғдой уни,2025-M01,2025,5666.0
013,1-nav bug'doy unidan non,Хлеб пшеничный из муки 1-го сорта,Wheat bread from 1st grade flour,1-нав буғдой унидан нон,2025-M01,2025,6241.0
017,Mol go'shti,Говядина,Beef,Мол гўшти,2025-M01,2025,90128.0
0020,Qo'y go'shti,Баранина,Mutton,Қўй гўшти,2025-M01,2025,91692.0
022,Tovuq go'shti,Мясо птицы,Poultry,Товуқ гўшти,2025-M01,2025,28263.0
026,Turli baliqlar,Рыба всякая,Fish of all kinds,Турли балиқлар,2025-M01,2025,33334.0
027,Yangi sog'ilgan sut (1 litr),Молоко свежее (1 литр),Fresh milk (1 liter),Янги соғилган сут (1 литр),2025-M01,2025,7507.0
034,Tuxum (10 dona),Яйца (10 штук),Eggs (10 pieces ),Тухум (10 дона),2025-M01,2025,11352.0
035,Paxta yog'i (1 litr),Масло хлопковое (1 литр),Cottonseed oil (1 liter),Пахта ёғи (1 литр),2025-M01,2025,15721.0
0036,Kungaboqar yog'i (1 litr),Масло подсолнечное (1 литр),Sunflower oil (1 liter),Кунгабоқар ёғи (1 литр),2025-M01,2025,17628.0
037,Sariyog',Масло сливочное,Butter,Сариёғ,2025-M01,2025,62216.0
039,Limon,Лимоны,Lemons,Лимон,2025-M01,2025,17904.0
0040,Olma,Яблоки,Apples,Олма,2025-M01,2025,10395.0
041,Nok,Груши,Pears,Нок,2025-M01,2025,21139.0
049,Uzum,Виноград,Grape,Узум,2025-M01,2025,16792.0
0050,Tarvuz,Арбуз,Watermelon,Тарвуз,2025-M01,2025,3287.0
0051,Qovun,Дыня,Melon,Қовун,2025-M01,2025,4464.0
053,Mayiz,Кишмиш,Kishmish,Майиз,2025-M01,2025,37837.0
055,Karam,Капуста,Cabbage,Карам,2025-M01,2025,2795.0
057,Bodring,Огурцы,Cucumbers,Бодринг,2025-M01,2025,22503.0
058,Pomidor,Помидоры,Tomatoes,Помидор,2025-M01,2025,21838.0
059,Baqlajon,Баклажаны,Eggplant,Бақлажон,2025-M01,2025,25801.0
0060,Bulg'or qalampiri,Перец болгарский,Bell pepper,Булғор қалампири,2025-M01,2025,30045.0
061,Qovoq,Тыква,Pumpkin,Қовоқ,2025-M01,2025,3467.0
063,Sabzi,Морковь,Carrot,Сабзи,2025-M01,2025,3243.0
065,Sarimsoq,Чеснок,Garlic,Саримсоқ,2025-M01,2025,31883.0
066,Piyoz,Лук репчатый,Onion,Пиёз,2025-M01,2025,2557.0
069,Kartoshka,Картофель,Potatoes,Картошка,2025-M01,2025,6066.0
0070,Loviya,Фасоль,Beans,Ловия,2025-M01,2025,21642.0
071,No'xot,Горох,Peas,Нўхот,2025-M01,2025,26454.0
0072,Mosh,Маш,Mash,Мош,2025-M01,2025,15128.0
073,Shakar,Сахар песок,Sugar,Шакар,2025-M01,2025,14053.0
002,Kruppa yormasi,Крупа манная,Semolina,Круппа ёрмаси,2025-M01,2025,0.0
001,Guruch,Рис,Rice,Гуруч,2025-M02,2025,17877.0
003,Arpa,Ячмень,Barley,Арпа,2025-M02,2025,3317.0
0004,Bug'doy,Пшеница,Wheat,Буғдой,2025-M02,2025,3240.0
005,Jo'hori,Кукуруза,Corn,Жўҳори,2025-M02,2025,3191.0
006,Kepak,Отруби,Bran,Кепак,2025-M02,2025,2635.0
0008,Shrot,Шрот,Schroth,Шрот,2025-M02,2025,4606.0
009,Shulxa,Шелуха,Husk,Шулха,2025-M02,2025,3713.0
010,Kombikorm,Комбикорм,Compound feed,Комбикорм,2025-M02,2025,3722.0
011,Oliy navli bug'doy uni,Мука пшеничная высшего сорта,High-grade wheat flour,Олий навли буғдой уни,2025-M02,2025,7426.0
0012,1-navli bug'doy uni,Мука пшеничная первого сорта,First grade wheat flour,1-навли буғдой уни,2025-M02,2025,5656.0
013,1-nav bug'doy unidan non,Хлеб пшеничный из муки 1-го сорта,Wheat bread from 1st grade flour,1-нав буғдой унидан нон,2025-M02,2025,6238.0
017,Mol go'shti,Говядина,Beef,Мол гўшти,2025-M02,2025,92687.0
0020,Qo'y go'shti,Баранина,Mutton,Қўй гўшти,2025-M02,2025,95038.0
022,Tovuq go'shti,Мясо птицы,Poultry,Товуқ гўшти,2025-M02,2025,28387.0
026,Turli baliqlar,Рыба всякая,Fish of all kinds,Турли балиқлар,2025-M02,2025,33361.0
027,Yangi sog'ilgan sut (1 litr),Молоко свежее (1 литр),Fresh milk (1 liter),Янги соғилган сут (1 литр),2025-M02,2025,7500.0
034,Tuxum (10 dona),Яйца (10 штук),Eggs (10 pieces ),Тухум (10 дона),2025-M02,2025,10538.0
035,Paxta yog'i (1 litr),Масло хлопковое (1 литр),Cottonseed oil (1 liter),Пахта ёғи (1 литр),2025-M02,2025,15881.0
0036,Kungaboqar yog'i (1 litr),Масло подсолнечное (1 литр),Sunflower oil (1 liter),Кунгабоқар ёғи (1 литр),2025-M02,2025,17727.0
037,Sariyog',Масло сливочное,Butter,Сариёғ,2025-M02,2025,62221.0
039,Limon,Лимоны,Lemons,Лимон,2025-M02,2025,19420.0
0040,Olma,Яблоки,Apples,Олма,2025-M02,2025,10445.0
041,Nok,Груши,Pears,Нок,2025-M02,2025,21579.0
049,Uzum,Виноград,Grape,Узум,2025-M02,2025,16671.0
0050,Tarvuz,Арбуз,Watermelon,Тарвуз,2025-M02,2025,0.0
0051,Qovun,Дыня,Melon,Қовун,2025-M02,2025,0.0
053,Mayiz,Кишмиш,Kishmish,Майиз,2025-M02,2025,38123.0
055,Karam,Капуста,Cabbage,Карам,2025-M02,2025,3332.0
057,Bodring,Огурцы,Cucumbers,Бодринг,2025-M02,2025,22757.0
058,Pomidor,Помидоры,Tomatoes,Помидор,2025-M02,2025,21996.0
059,Baqlajon,Баклажаны,Eggplant,Бақлажон,2025-M02,2025,31333.0
0060,Bulg'or qalampiri,Перец болгарский,Bell pepper,Булғор қалампири,2025-M02,2025,38548.0
061,Qovoq,Тыква,Pumpkin,Қовоқ,2025-M02,2025,3815.0
063,Sabzi,Морковь,Carrot,Сабзи,2025-M02,2025,3308.0
065,Sarimsoq,Чеснок,Garlic,Саримсоқ,2025-M02,2025,33227.0
066,Piyoz,Лук репчатый,Onion,Пиёз,2025-M02,2025,2589.0
069,Kartoshka,Картофель,Potatoes,Картошка,2025-M02,2025,6758.0
0070,Loviya,Фасоль,Beans,Ловия,2025-M02,2025,21841.0
071,No'xot,Горох,Peas,Нўхот,2025-M02,2025,26246.0
0072,Mosh,Маш,Mash,Мош,2025-M02,2025,15582.0
073,Shakar,Сахар песок,Sugar,Шакар,2025-M02,2025,13968.0
002,Kruppa yormasi,Крупа манная,Semolina,Круппа ёрмаси,2025-M02,2025,0.0
001,Guruch,Рис,Rice,Гуруч,2025-M03,2025,17728.0
003,Arpa,Ячмень,Barley,Арпа,2025-M03,2025,3461.0
0004,Bug'doy,Пшеница,Wheat,Буғдой,2025-M03,2025,3294.0
005,Jo'hori,Кукуруза,Corn,Жўҳори,2025-M03,2025,3328.0
006,Kepak,Отруби,Bran,Кепак,2025-M03,2025,2689.0
0008,Shrot,Шрот,Schroth,Шрот,2025-M03,2025,4898.0
009,Shulxa,Шелуха,Husk,Шулха,2025-M03,2025,3797.0
010,Kombikorm,Комбикорм,Compound feed,Комбикорм,2025-M03,2025,3780.0
011,Oliy navli bug'doy uni,Мука пшеничная высшего сорта,High-grade wheat flour,Олий навли буғдой уни,2025-M03,2025,7428.0
0012,1-navli bug'doy uni,Мука пшеничная первого сорта,First grade wheat flour,1-навли буғдой уни,2025-M03,2025,5657.0
013,1-nav bug'doy unidan non,Хлеб пшеничный из муки 1-го сорта,Wheat bread from 1st grade flour,1-нав буғдой унидан нон,2025-M03,2025,6239.0
017,Mol go'shti,Говядина,Beef,Мол гўшти,2025-M03,2025,102072.0
0020,Qo'y go'shti,Баранина,Mutton,Қўй гўшти,2025-M03,2025,104455.0
022,Tovuq go'shti,Мясо птицы,Poultry,Товуқ гўшти,2025-M03,2025,28707.0
026,Turli baliqlar,Рыба всякая,Fish of all kinds,Турли балиқлар,2025-M03,2025,33999.0
027,Yangi sog'ilgan sut (1 litr),Молоко свежее (1 литр),Fresh milk (1 liter),Янги соғилган сут (1 литр),2025-M03,2025,7510.0
034,Tuxum (10 dona),Яйца (10 штук),Eggs (10 pieces ),Тухум (10 дона),2025-M03,2025,10866.0
035,Paxta yog'i (1 litr),Масло хлопковое (1 литр),Cottonseed oil (1 liter),Пахта ёғи (1 литр),2025-M03,2025,16216.0
0036,Kungaboqar yog'i (1 litr),Масло подсолнечное (1 литр),Sunflower oil (1 liter),Кунгабоқар ёғи (1 литр),2025-M03,2025,17988.0
037,Sariyog',Масло сливочное,Butter,Сариёғ,2025-M03,2025,62256.0
039,Limon,Лимоны,Lemons,Лимон,2025-M03,2025,20913.0
0040,Olma,Яблоки,Apples,Олма,2025-M03,2025,10574.0
041,Nok,Груши,Pears,Нок,2025-M03,2025,22044.0
049,Uzum,Виноград,Grape,Узум,2025-M03,2025,15957.0
0050,Tarvuz,Арбуз,Watermelon,Тарвуз,2025-M03,2025,0.0
0051,Qovun,Дыня,Melon,Қовун,2025-M03,2025,0.0
053,Mayiz,Кишмиш,Kishmish,Майиз,2025-M03,2025,38791.0
055,Karam,Капуста,Cabbage,Карам,2025-M03,2025,4274.0
057,Bodring,Огурцы,Cucumbers,Бодринг,2025-M03,2025,24559.0
058,Pomidor,Помидоры,Tomatoes,Помидор,2025-M03,2025,29986.0
059,Baqlajon,Баклажаны,Eggplant,Бақлажон,2025-M03,2025,0.0
0060,Bulg'or qalampiri,Перец болгарский,Bell pepper,Булғор қалампири,2025-M03,2025,40049.0
061,Qovoq,Тыква,Pumpkin,Қовоқ,2025-M03,2025,5341.0
063,Sabzi,Морковь,Carrot,Сабзи,2025-M03,2025,5148.0
065,Sarimsoq,Чеснок,Garlic,Саримсоқ,2025-M03,2025,34186.0
066,Piyoz,Лук репчатый,Onion,Пиёз,2025-M03,2025,2796.0
069,Kartoshka,Картофель,Potatoes,Картошка,2025-M03,2025,5899.0
0070,Loviya,Фасоль,Beans,Ловия,2025-M03,2025,22292.0
071,No'xot,Горох,Peas,Нўхот,2025-M03,2025,26219.0
0072,Mosh,Маш,Mash,Мош,2025-M03,2025,16099.0
073,Shakar,Сахар песок,Sugar,Шакар,2025-M03,2025,13924.0
002,Kruppa yormasi,Крупа манная,Semolina,Круппа ёрмаси,2025-M03,2025,0.0
001,Guruch,Рис,Rice,Гуруч,2025-M04,2025,17618.0
003,Arpa,Ячмень,Barley,Арпа,2025-M04,2025,3707.0
0004,Bug'doy,Пшеница,Wheat,Буғдой,2025-M04,2025,3398.0
005,Jo'hori,Кукуруза,Corn,Жўҳори,2025-M04,2025,3866.0
006,Kepak,Отруби,Bran,Кепак,2025-M04,2025,2913.0
0008,Shrot,Шрот,Schroth,Шрот,2025-M04,2025,5400.0
009,Shulxa,Шелуха,Husk,Шулха,2025-M04,2025,4095.0
010,Kombikorm,Комбикорм,Compound feed,Комбикорм,2025-M04,2025,4057.0
011,Oliy navli bug'doy uni,Мука пшеничная высшего сорта,High-grade wheat flour,Олий навли буғдой уни,2025-M04,2025,7463.0
0012,1-navli bug'doy uni,Мука пшеничная первого сорта,First grade wheat flour,1-навли буғдой уни,2025-M04,2025,5666.0
013,1-nav bug'doy unidan non,Хлеб пшеничный из муки 1-го сорта,Wheat bread from 1st grade flour,1-нав буғдой унидан нон,2025-M04,2025,6225.0
017,Mol go'shti,Говядина,Beef,Мол гўшти,2025-M04,2025,106367.0
0020,Qo'y go'shti,Баранина,Mutton,Қўй гўшти,2025-M04,2025,108260.0
022,Tovuq go'shti,Мясо птицы,Poultry,Товуқ гўшти,2025-M04,2025,28885.0
026,Turli baliqlar,Рыба всякая,Fish of all kinds,Турли балиқлар,2025-M04,2025,34895.0
027,Yangi sog'ilgan sut (1 litr),Молоко свежее (1 литр),Fresh milk (1 liter),Янги соғилган сут (1 литр),2025-M04,2025,7592.0
034,Tuxum (10 dona),Яйца (10 штук),Eggs (10 pieces ),Тухум (10 дона),2025-M04,2025,10596.0
035,Paxta yog'i (1 litr),Масло хлопковое (1 литр),Cottonseed oil (1 liter),Пахта ёғи (1 литр),2025-M04,2025,18034.0
0036,Kungaboqar yog'i (1 litr),Масло подсолнечное (1 литр),Sunflower oil (1 liter),Кунгабоқар ёғи (1 литр),2025-M04,2025,19537.0
037,Sariyog',Масло сливочное,Butter,Сариёғ,2025-M04,2025,68026.0
039,Limon,Лимоны,Lemons,Лимон,2025-M04,2025,27197.0
0040,Olma,Яблоки,Apples,Олма,2025-M04,2025,11025.0
041,Nok,Груши,Pears,Нок,2025-M04,2025,22539.0
049,Uzum,Виноград,Grape,Узум,2025-M04,2025,21247.0
0050,Tarvuz,Арбуз,Watermelon,Тарвуз,2025-M04,2025,0.0
0051,Qovun,Дыня,Melon,Қовун,2025-M04,2025,0.0
053,Mayiz,Кишмиш,Kishmish,Майиз,2025-M04,2025,40335.0
055,Karam,Капуста,Cabbage,Карам,2025-M04,2025,5604.0
057,Bodring,Огурцы,Cucumbers,Бодринг,2025-M04,2025,13872.0
058,Pomidor,Помидоры,Tomatoes,Помидор,2025-M04,2025,28895.0
059,Baqlajon,Баклажаны,Eggplant,Бақлажон,2025-M04,2025,27932.0
0060,Bulg'or qalampiri,Перец болгарский,Bell pepper,Булғор қалампири,2025-M04,2025,39871.0
061,Qovoq,Тыква,Pumpkin,Қовоқ,2025-M04,2025,7063.0
063,Sabzi,Морковь,Carrot,Сабзи,2025-M04,2025,5742.0
065,Sarimsoq,Чеснок,Garlic,Саримсоқ,2025-M04,2025,35203.0
066,Piyoz,Лук репчатый,Onion,Пиёз,2025-M04,2025,3591.0
069,Kartoshka,Картофель,Potatoes,Картошка,2025-M04,2025,6093.0
0070,Loviya,Фасоль,Beans,Ловия,2025-M04,2025,23413.0
071,No'xot,Горох,Peas,Нўхот,2025-M04,2025,26398.0
0072,Mosh,Маш,Mash,Мош,2025-M04,2025,16487.0
073,Shakar,Сахар песок,Sugar,Шакар,2025-M04,2025,13940.0
002,Kruppa yormasi,Крупа манная,Semolina,Круппа ёрмаси,2025-M04,2025,0.0
001,Guruch,Рис,Rice,Гуруч,2025-M05,2025,17401.0
003,Arpa,Ячмень,Barley,Арпа,2025-M05,2025,3798.0
0004,Bug'doy,Пшеница,Wheat,Буғдой,2025-M05,2025,3403.0
005,Jo'hori,Кукуруза,Corn,Жўҳори,2025-M05,2025,4177.0
006,Kepak,Отруби,Bran,Кепак,2025-M05,2025,2960.0
0008,Shrot,Шрот,Schroth,Шрот,2025-M05,2025,5531.0
009,Shulxa,Шелуха,Husk,Шулха,2025-M05,2025,4471.0
010,Kombikorm,Комбикорм,Compound feed,Комбикорм,2025-M05,2025,4155.0
011,Oliy navli bug'doy uni,Мука пшеничная высшего сорта,High-grade wheat flour,Олий навли буғдой уни,2025-M05,2025,7459.0
0012,1-navli bug'doy uni,Мука пшеничная первого сорта,First grade wheat flour,1-навли буғдой уни,2025-M05,2025,5660.0
013,1-nav bug'doy unidan non,Хлеб пшеничный из муки 1-го сорта,Wheat bread from 1st grade flour,1-нав буғдой унидан нон,2025-M05,2025,6220.0
017,Mol go'shti,Говядина,Beef,Мол гўшти,2025-M05,2025,108545.0
0020,Qo'y go'shti,Баранина,Mutton,Қўй гўшти,2025-M05,2025,109929.0
022,Tovuq go'shti,Мясо птицы,Poultry,Товуқ гўшти,2025-M05,2025,29137.0
026,Turli baliqlar,Рыба всякая,Fish of all kinds,Турли балиқлар,2025-M05,2025,36412.0
027,Yangi sog'ilgan sut (1 litr),Молоко свежее (1 литр),Fresh milk (1 liter),Янги соғилган сут (1 литр),2025-M05,2025,7601.0
034,Tuxum (10 dona),Яйца (10 штук),Eggs (10 pieces ),Тухум (10 дона),2025-M05,2025,10334.0
035,Paxta yog'i (1 litr),Масло хлопковое (1 литр),Cottonseed oil (1 liter),Пахта ёғи (1 литр),2025-M05,2025,18836.0
0036,Kungaboqar yog'i (1 litr),Масло подсолнечное (1 литр),Sunflower oil (1 liter),Кунгабоқар ёғи (1 литр),2025-M05,2025,20118.0
037,Sariyog',Масло сливочное,Butter,Сариёғ,2025-M05,2025,71112.0
039,Limon,Лимоны,Lemons,Лимон,2025-M05,2025,34539.0
0040,Olma,Яблоки,Apples,Олма,2025-M05,2025,11316.0
041,Nok,Груши,Pears,Нок,2025-M05,2025,23133.0
049,Uzum,Виноград,Grape,Узум,2025-M05,2025,0.0
0050,Tarvuz,Арбуз,Watermelon,Тарвуз,2025-M05,2025,6419.0
0051,Qovun,Дыня,Melon,Қовун,2025-M05,2025,7523.0
053,Mayiz,Кишмиш,Kishmish,Майиз,2025-M05,2025,41124.0
055,Karam,Капуста,Cabbage,Карам,2025-M05,2025,5210.0
057,Bodring,Огурцы,Cucumbers,Бодринг,2025-M05,2025,4725.0
058,Pomidor,Помидоры,Tomatoes,Помидор,2025-M05,2025,17730.0
059,Baqlajon,Баклажаны,Eggplant,Бақлажон,2025-M05,2025,16690.0
0060,Bulg'or qalampiri,Перец болгарский,Bell pepper,Булғор қалампири,2025-M05,2025,20207.0
061,Qovoq,Тыква,Pumpkin,Қовоқ,2025-M05,2025,0.0
063,Sabzi,Морковь,Carrot,Сабзи,2025-M05,2025,5872.0
065,Sarimsoq,Чеснок,Garlic,Саримсоқ,2025-M05,2025,32505.0
066,Piyoz,Лук репчатый,Onion,Пиёз,2025-M05,2025,3969.0
069,Kartoshka,Картофель,Potatoes,Картошка,2025-M05,2025,5956.0
0070,Loviya,Фасоль,Beans,Ловия,2025-M05,2025,23465.0
071,No'xot,Горох,Peas,Нўхот,2025-M05,2025,26361.0
0072,Mosh,Маш,Mash,Мош,2025-M05,2025,16530.0
073,Shakar,Сахар песок,Sugar,Шакар,2025-M05,2025,14023.0
002,Kruppa yormasi,Крупа манная,Semolina,Круппа ёрмаси,2025-M05,2025,0.0
001,Guruch,Рис,Rice,Гуруч,2025-M06,2025,17288.0
003,Arpa,Ячмень,Barley,Арпа,2025-M06,2025,3712.0
0004,Bug'doy,Пшеница,Wheat,Буғдой,2025-M06,2025,3354.0
005,Jo'hori,Кукуруза,Corn,Жўҳори,2025-M06,2025,4342.0
006,Kepak,Отруби,Bran,Кепак,2025-M06,2025,2929.0
0008,Shrot,Шрот,Schroth,Шрот,2025-M06,2025,5632.0
009,Shulxa,Шелуха,Husk,Шулха,2025-M06,2025,4645.0
010,Kombikorm,Комбикорм,Compound feed,Комбикорм,2025-M06,2025,4197.0
011,Oliy navli bug'doy uni,Мука пшеничная высшего сорта,High-grade wheat flour,Олий навли буғдой уни,2025-M06,2025,7502.0
0012,1-navli bug'doy uni,Мука пшеничная первого сорта,First grade wheat flour,1-навли буғдой уни,2025-M06,2025,5680.0
013,1-nav bug'doy unidan non,Хлеб пшеничный из муки 1-го сорта,Wheat bread from 1st grade flour,1-нав буғдой унидан нон,2025-M06,2025,6222.0
017,Mol go'shti,Говядина,Beef,Мол гўшти,2025-M06,2025,109338.0
0020,Qo'y go'shti,Баранина,Mutton,Қўй гўшти,2025-M06,2025,111339.0
022,Tovuq go'shti,Мясо птицы,Poultry,Товуқ гўшти,2025-M06,2025,29350.0
026,Turli baliqlar,Рыба всякая,Fish of all kinds,Турли балиқлар,2025-M06,2025,37920.0
027,Yangi sog'ilgan sut (1 litr),Молоко свежее (1 литр),Fresh milk (1 liter),Янги соғилган сут (1 литр),2025-M06,2025,7639.0
034,Tuxum (10 dona),Яйца (10 штук),Eggs (10 pieces ),Тухум (10 дона),2025-M06,2025,10321.0
035,Paxta yog'i (1 litr),Масло хлопковое (1 литр),Cottonseed oil (1 liter),Пахта ёғи (1 литр),2025-M06,2025,19021.0
0036,Kungaboqar yog'i (1 litr),Масло подсолнечное (1 литр),Sunflower oil (1 liter),Кунгабоқар ёғи (1 литр),2025-M06,2025,20405.0
037,Sariyog',Масло сливочное,Butter,Сариёғ,2025-M06,2025,71408.0
039,Limon,Лимоны,Lemons,Лимон,2025-M06,2025,46913.0
0040,Olma,Яблоки,Apples,Олма,2025-M06,2025,11490.0
041,Nok,Груши,Pears,Нок,2025-M06,2025,24090.0
049,Uzum,Виноград,Grape,Узум,2025-M06,2025,18432.0
0050,Tarvuz,Арбуз,Watermelon,Тарвуз,2025-M06,2025,2917.0
0051,Qovun,Дыня,Melon,Қовун,2025-M06,2025,4699.0
053,Mayiz,Кишмиш,Kishmish,Майиз,2025-M06,2025,41215.0
055,Karam,Капуста,Cabbage,Карам,2025-M06,2025,3679.0
057,Bodring,Огурцы,Cucumbers,Бодринг,2025-M06,2025,3612.0
058,Pomidor,Помидоры,Tomatoes,Помидор,2025-M06,2025,10863.0
059,Baqlajon,Баклажаны,Eggplant,Бақлажон,2025-M06,2025,8827.0
0060,Bulg'or qalampiri,Перец болгарский,Bell pepper,Булғор қалампири,2025-M06,2025,10644.0
061,Qovoq,Тыква,Pumpkin,Қовоқ,2025-M06,2025,5436.0
063,Sabzi,Морковь,Carrot,Сабзи,2025-M06,2025,6567.0
065,Sarimsoq,Чеснок,Garlic,Саримсоқ,2025-M06,2025,28054.0
066,Piyoz,Лук репчатый,Onion,Пиёз,2025-M06,2025,3744.0
069,Kartoshka,Картофель,Potatoes,Картошка,2025-M06,2025,5667.0
0070,Loviya,Фасоль,Beans,Ловия,2025-M06,2025,23563.0
071,No'xot,Горох,Peas,Нўхот,2025-M06,2025,26362.0
0072,Mosh,Маш,Mash,Мош,2025-M06,2025,16456.0
073,Shakar,Сахар песок,Sugar,Шакар,2025-M06,2025,14177.0
002,Kruppa yormasi,Крупа манная,Semolina,Круппа ёрмаси,2025-M06,2025,0.0
001,Guruch,Рис,Rice,Гуруч,2025-M07,2025,17106.0
003,Arpa,Ячмень,Barley,Арпа,2025-M07,2025,3667.0
0004,Bug'doy,Пшеница,Wheat,Буғдой,2025-M07,2025,3317.0
005,Jo'hori,Кукуруза,Corn,Жўҳори,2025-M07,2025,4583.0
006,Kepak,Отруби,Bran,Кепак,2025-M07,2025,2933.0
0008,Shrot,Шрот,Schroth,Шрот,2025-M07,2025,5753.0
009,Shulxa,Шелуха,Husk,Шулха,2025-M07,2025,4778.0
010,Kombikorm,Комбикорм,Compound feed,Комбикорм,2025-M07,2025,4239.0
011,Oliy navli bug'doy uni,Мука пшеничная высшего сорта,High-grade wheat flour,Олий навли буғдой уни,2025-M07,2025,7525.0
0012,1-navli bug'doy uni,Мука пшеничная первого сорта,First grade wheat flour,1-навли буғдой уни,2025-M07,2025,5663.0
013,1-nav bug'doy unidan non,Хлеб пшеничный из муки 1-го сорта,Wheat bread from 1st grade flour,1-нав буғдой унидан нон,2025-M07,2025,6231.0
017,Mol go'shti,Говядина,Beef,Мол гўшти,2025-M07,2025,112096.0
0020,Qo'y go'shti,Баранина,Mutton,Қўй гўшти,2025-M07,2025,115202.0
022,Tovuq go'shti,Мясо птицы,Poultry,Товуқ гўшти,2025-M07,2025,29867.0
026,Turli baliqlar,Рыба всякая,Fish of all kinds,Турли балиқлар,2025-M07,2025,38369.0
027,Yangi sog'ilgan sut (1 litr),Молоко свежее (1 литр),Fresh milk (1 liter),Янги соғилган сут (1 литр),2025-M07,2025,7589.0
034,Tuxum (10 dona),Яйца (10 штук),Eggs (10 pieces ),Тухум (10 дона),2025-M07,2025,10254.0
035,Paxta yog'i (1 litr),Масло хлопковое (1 литр),Cottonseed oil (1 liter),Пахта ёғи (1 литр),2025-M07,2025,19354.0
0036,Kungaboqar yog'i (1 litr),Масло подсолнечное (1 литр),Sunflower oil (1 liter),Кунгабоқар ёғи (1 литр),2025-M07,2025,20725.0
037,Sariyog',Масло сливочное,Butter,Сариёғ,2025-M07,2025,74037.0
039,Limon,Лимоны,Lemons,Лимон,2025-M07,2025,62895.0
0040,Olma,Яблоки,Apples,Олма,2025-M07,2025,11043.0
041,Nok,Груши,Pears,Нок,2025-M07,2025,23865.0
049,Uzum,Виноград,Grape,Узум,2025-M07,2025,12925.0
0050,Tarvuz,Арбуз,Watermelon,Тарвуз,2025-M07,2025,2469.0
0051,Qovun,Дыня,Melon,Қовун,2025-M07,2025,4089.0
053,Mayiz,Кишмиш,Kishmish,Майиз,2025-M07,2025,41953.0
055,Karam,Капуста,Cabbage,Карам,2025-M07,2025,4276.0
057,Bodring,Огурцы,Cucumbers,Бодринг,2025-M07,2025,7737.0
058,Pomidor,Помидоры,Tomatoes,Помидор,2025-M07,2025,5035.0
059,Baqlajon,Баклажаны,Eggplant,Бақлажон,2025-M07,2025,5290.0
0060,Bulg'or qalampiri,Перец болгарский,Bell pepper,Булғор қалампири,2025-M07,2025,7081.0
061,Qovoq,Тыква,Pumpkin,Қовоқ,2025-M07,2025,4788.0
063,Sabzi,Морковь,Carrot,Сабзи,2025-M07,2025,6402.0
065,Sarimsoq,Чеснок,Garlic,Саримсоқ,2025-M07,2025,27610.0
066,Piyoz,Лук репчатый,Onion,Пиёз,2025-M07,2025,3808.0
069,Kartoshka,Картофель,Potatoes,Картошка,2025-M07,2025,5447.0
0070,Loviya,Фасоль,Beans,Ловия,2025-M07,2025,23802.0
071,No'xot,Горох,Peas,Нўхот,2025-M07,2025,26406.0
0072,Mosh,Маш,Mash,Мош,2025-M07,2025,16472.0
073,Shakar,Сахар песок,Sugar,Шакар,2025-M07,2025,14351.0
002,Kruppa yormasi,Крупа манная,Semolina,Круппа ёрмаси,2025-M07,2025,0.0
001,Guruch,Рис,Rice,Гуруч,2025-M08,2025,17118.0
003,Arpa,Ячмень,Barley,Арпа,2025-M08,2025,3737.0
0004,Bug'doy,Пшеница,Wheat,Буғдой,2025-M08,2025,3370.0
005,Jo'hori,Кукуруза,Corn,Жўҳори,2025-M08,2025,4754.0
006,Kepak,Отруби,Bran,Кепак,2025-M08,2025,2934.0
0008,Shrot,Шрот,Schroth,Шрот,2025-M08,2025,5854.0
009,Shulxa,Шелуха,Husk,Шулха,2025-M08,2025,4873.0
010,Kombikorm,Комбикорм,Compound feed,Комбикорм,2025-M08,2025,4252.0
011,Oliy navli bug'doy uni,Мука пшеничная высшего сорта,High-grade wheat flour,Олий навли буғдой уни,2025-M08,2025,7552.0
0012,1-navli bug'doy uni,Мука пшеничная первого сорта,First grade wheat flour,1-навли буғдой уни,2025-M08,2025,5653.0
013,1-nav bug'doy unidan non,Хлеб пшеничный из муки 1-го сорта,Wheat bread from 1st grade flour,1-нав буғдой унидан нон,2025-M08,2025,6239.0
017,Mol go'shti,Говядина,Beef,Мол гўшти,2025-M08,2025,112023.0
0020,Qo'y go'shti,Баранина,Mutton,Қўй гўшти,2025-M08,2025,119591.0
022,Tovuq go'shti,Мясо птицы,Poultry,Товуқ гўшти,2025-M08,2025,31086.0
026,Turli baliqlar,Рыба всякая,Fish of all kinds,Турли балиқлар,2025-M08,2025,38570.0
027,Yangi sog'ilgan sut (1 litr),Молоко свежее (1 литр),Fresh milk (1 liter),Янги соғилган сут (1 литр),2025-M08,2025,7561.0
034,Tuxum (10 dona),Яйца (10 штук),Eggs (10 pieces ),Тухум (10 дона),2025-M08,2025,10831.0
035,Paxta yog'i (1 litr),Масло хлопковое (1 литр),Cottonseed oil (1 liter),Пахта ёғи (1 литр),2025-M08,2025,19672.0
0036,Kungaboqar yog'i (1 litr),Масло подсолнечное (1 литр),Sunflower oil (1 liter),Кунгабоқар ёғи (1 литр),2025-M08,2025,20997.0
037,Sariyog',Масло сливочное,Butter,Сариёғ,2025-M08,2025,74378.0
039,Limon,Лимоны,Lemons,Лимон,2025-M08,2025,60427.0
0040,Olma,Яблоки,Apples,Олма,2025-M08,2025,10974.0
041,Nok,Груши,Pears,Нок,2025-M08,2025,22920.0
049,Uzum,Виноград,Grape,Узум,2025-M08,2025,11500.0
0050,Tarvuz,Арбуз,Watermelon,Тарвуз,2025-M08,2025,3172.0
0051,Qovun,Дыня,Melon,Қовун,2025-M08,2025,4405.0
053,Mayiz,Кишмиш,Kishmish,Майиз,2025-M08,2025,41952.0
055,Karam,Капуста,Cabbage,Карам,2025-M08,2025,5867.0
057,Bodring,Огурцы,Cucumbers,Бодринг,2025-M08,2025,8563.0
058,Pomidor,Помидоры,Tomatoes,Помидор,2025-M08,2025,4432.0
059,Baqlajon,Баклажаны,Eggplant,Бақлажон,2025-M08,2025,4590.0
0060,Bulg'or qalampiri,Перец болгарский,Bell pepper,Булғор қалампири,2025-M08,2025,6380.0
061,Qovoq,Тыква,Pumpkin,Қовоқ,2025-M08,2025,4531.0
063,Sabzi,Морковь,Carrot,Сабзи,2025-M08,2025,6397.0
065,Sarimsoq,Чеснок,Garlic,Саримсоқ,2025-M08,2025,26424.0
066,Piyoz,Лук репчатый,Onion,Пиёз,2025-M08,2025,3580.0
069,Kartoshka,Картофель,Potatoes,Картошка,2025-M08,2025,5639.0
0070,Loviya,Фасоль,Beans,Ловия,2025-M08,2025,23838.0
071,No'xot,Горох,Peas,Нўхот,2025-M08,2025,26658.0
0072,Mosh,Маш,Mash,Мош,2025-M08,2025,16586.0
073,Shakar,Сахар песок,Sugar,Шакар,2025-M08,2025,14294.0
002,Kruppa yormasi,Крупа манная,Semolina,Круппа ёрмаси,2025-M08,2025,0.0
001,Guruch,Рис,Rice,Гуруч,2025-M09,2025,17093.0
003,Arpa,Ячмень,Barley,Арпа,2025-M09,2025,3762.0
0004,Bug'doy,Пшеница,Wheat,Буғдой,2025-M09,2025,3357.0
005,Jo'hori,Кукуруза,Corn,Жўҳори,2025-M09,2025,4400.0
006,Kepak,Отруби,Bran,Кепак,2025-M09,2025,2915.0
0008,Shrot,Шрот,Schroth,Шрот,2025-M09,2025,5915.0
009,Shulxa,Шелуха,Husk,Шулха,2025-M09,2025,4884.0
010,Kombikorm,Комбикорм,Compound feed,Комбикорм,2025-M09,2025,4252.0
011,Oliy navli bug'doy uni,Мука пшеничная высшего сорта,High-grade wheat flour,Олий навли буғдой уни,2025-M09,2025,7591.0
0012,1-navli bug'doy uni,Мука пшеничная первого сорта,First grade wheat flour,1-навли буғдой уни,2025-M09,2025,5666.0
013,1-nav bug'doy unidan non,Хлеб пшеничный из муки 1-го сорта,Wheat bread from 1st grade flour,1-нав буғдой унидан нон,2025-M09,2025,6266.0
017,Mol go'shti,Говядина,Beef,Мол гўшти,2025-M09,2025,113244.0
0020,Qo'y go'shti,Баранина,Mutton,Қўй гўшти,2025-M09,2025,122781.0
022,Tovuq go'shti,Мясо птицы,Poultry,Товуқ гўшти,2025-M09,2025,32400.0
026,Turli baliqlar,Рыба всякая,Fish of all kinds,Турли балиқлар,2025-M09,2025,37576.0
027,Yangi sog'ilgan sut (1 litr),Молоко свежее (1 литр),Fresh milk (1 liter),Янги соғилган сут (1 литр),2025-M09,2025,7591.0
034,Tuxum (10 dona),Яйца (10 штук),Eggs (10 pieces ),Тухум (10 дона),2025-M09,2025,11879.0
035,Paxta yog'i (1 litr),Масло хлопковое (1 литр),Cottonseed oil (1 liter),Пахта ёғи (1 литр),2025-M09,2025,20001.0
0036,Kungaboqar yog'i (1 litr),Масло подсолнечное (1 литр),Sunflower oil (1 liter),Кунгабоқар ёғи (1 литр),2025-M09,2025,21334.0
037,Sariyog',Масло сливочное,Butter,Сариёғ,2025-M09,2025,74597.0
039,Limon,Лимоны,Lemons,Лимон,2025-M09,2025,44051.0
0040,Olma,Яблоки,Apples,Олма,2025-M09,2025,10992.0
041,Nok,Груши,Pears,Нок,2025-M09,2025,24002.0
049,Uzum,Виноград,Grape,Узум,2025-M09,2025,11861.0
0050,Tarvuz,Арбуз,Watermelon,Тарвуз,2025-M09,2025,3529.0
0051,Qovun,Дыня,Melon,Қовун,2025-M09,2025,4557.0
053,Mayiz,Кишмиш,Kishmish,Майиз,2025-M09,2025,41931.0
055,Karam,Капуста,Cabbage,Карам,2025-M09,2025,4872.0
057,Bodring,Огурцы,Cucumbers,Бодринг,2025-M09,2025,6731.0
058,Pomidor,Помидоры,Tomatoes,Помидор,2025-M09,2025,4922.0
059,Baqlajon,Баклажаны,Eggplant,Бақлажон,2025-M09,2025,4368.0
0060,Bulg'or qalampiri,Перец болгарский,Bell pepper,Булғор қалампири,2025-M09,2025,6360.0
061,Qovoq,Тыква,Pumpkin,Қовоқ,2025-M09,2025,4402.0
063,Sabzi,Морковь,Carrot,Сабзи,2025-M09,2025,6707.0
065,Sarimsoq,Чеснок,Garlic,Саримсоқ,2025-M09,2025,25853.0
066,Piyoz,Лук репчатый,Onion,Пиёз,2025-M09,2025,3038.0
069,Kartoshka,Картофель,Potatoes,Картошка,2025-M09,2025,5689.0
0070,Loviya,Фасоль,Beans,Ловия,2025-M09,2025,23372.0
071,No'xot,Горох,Peas,Нўхот,2025-M09,2025,26837.0
0072,Mosh,Маш,Mash,Мош,2025-M09,2025,16884.0
073,Shakar,Сахар песок,Sugar,Шакар,2025-M09,2025,14211.0
002,Kruppa yormasi,Крупа манная,Semolina,Круппа ёрмаси,2025-M09,2025,0.0
001,Guruch,Рис,Rice,Гуруч,2025-M10,2025,16945.0
003,Arpa,Ячмень,Barley,Арпа,2025-M10,2025,3774.0
0004,Bug'doy,Пшеница,Wheat,Буғдой,2025-M10,2025,3410.0
005,Jo'hori,Кукуруза,Corn,Жўҳори,2025-M10,2025,4277.0
006,Kepak,Отруби,Bran,Кепак,2025-M10,2025,2902.0
0008,Shrot,Шрот,Schroth,Шрот,2025-M10,2025,5788.0
009,Shulxa,Шелуха,Husk,Шулха,2025-M10,2025,4802.0
010,Kombikorm,Комбикорм,Compound feed,Комбикорм,2025-M10,2025,4259.0
011,Oliy navli bug'doy uni,Мука пшеничная высшего сорта,High-grade wheat flour,Олий навли буғдой уни,2025-M10,2025,7686.0
0012,1-navli bug'doy uni,Мука пшеничная первого сорта,First grade wheat flour,1-навли буғдой уни,2025-M10,2025,5723.0
013,1-nav bug'doy unidan non,Хлеб пшеничный из муки 1-го сорта,Wheat bread from 1st grade flour,1-нав буғдой унидан нон,2025-M10,2025,6266.0
017,Mol go'shti,Говядина,Beef,Мол гўшти,2025-M10,2025,114492.0
0020,Qo'y go'shti,Баранина,Mutton,Қўй гўшти,2025-M10,2025,124677.0
022,Tovuq go'shti,Мясо птицы,Poultry,Товуқ гўшти,2025-M10,2025,32240.0
026,Turli baliqlar,Рыба всякая,Fish of all kinds,Турли балиқлар,2025-M10,2025,37607.0
027,Yangi sog'ilgan sut (1 litr),Молоко свежее (1 литр),Fresh milk (1 liter),Янги соғилган сут (1 литр),2025-M10,2025,7696.0
034,Tuxum (10 dona),Яйца (10 штук),Eggs (10 pieces ),Тухум (10 дона),2025-M10,2025,12311.0
035,Paxta yog'i (1 litr),Масло хлопковое (1 литр),Cottonseed oil (1 liter),Пахта ёғи (1 литр),2025-M10,2025,19994.0
0036,Kungaboqar yog'i (1 litr),Масло подсолнечное (1 литр),Sunflower oil (1 liter),Кунгабоқар ёғи (1 литр),2025-M10,2025,21445.0
037,Sariyog',Масло сливочное,Butter,Сариёғ,2025-M10,2025,75869.0
039,Limon,Лимоны,Lemons,Лимон,2025-M10,2025,35526.0
0040,Olma,Яблоки,Apples,Олма,2025-M10,2025,11273.0
041,Nok,Груши,Pears,Нок,2025-M10,2025,24010.0
049,Uzum,Виноград,Grape,Узум,2025-M10,2025,12967.0
0050,Tarvuz,Арбуз,Watermelon,Тарвуз,2025-M10,2025,3667.0
0051,Qovun,Дыня,Melon,Қовун,2025-M10,2025,4567.0
053,Mayiz,Кишмиш,Kishmish,Майиз,2025-M10,2025,42290.0
055,Karam,Капуста,Cabbage,Карам,2025-M10,2025,4523.0
057,Bodring,Огурцы,Cucumbers,Бодринг,2025-M10,2025,10994.0
058,Pomidor,Помидоры,Tomatoes,Помидор,2025-M10,2025,8317.0
059,Baqlajon,Баклажаны,Eggplant,Бақлажон,2025-M10,2025,4817.0
0060,Bulg'or qalampiri,Перец болгарский,Bell pepper,Булғор қалампири,2025-M10,2025,8404.0
061,Qovoq,Тыква,Pumpkin,Қовоқ,2025-M10,2025,4317.0
063,Sabzi,Морковь,Carrot,Сабзи,2025-M10,2025,5763.0
065,Sarimsoq,Чеснок,Garlic,Саримсоқ,2025-M10,2025,25769.0
066,Piyoz,Лук репчатый,Onion,Пиёз,2025-M10,2025,2776.0
069,Kartoshka,Картофель,Potatoes,Картошка,2025-M10,2025,5502.0
0070,Loviya,Фасоль,Beans,Ловия,2025-M10,2025,22970.0
071,No'xot,Горох,Peas,Нўхот,2025-M10,2025,26699.0
0072,Mosh,Маш,Mash,Мош,2025-M10,2025,17080.0
073,Shakar,Сахар песок,Sugar,Шакар,2025-M10,2025,13804.0
002,Kruppa yormasi,Крупа манная,Semolina,Круппа ёрмаси,2025-M10,2025,0.0
001,Guruch,Рис,Rice,Гуруч,2025-M11,2025,16297.0
003,Arpa,Ячмень,Barley,Арпа,2025-M11,2025,3888.0
0004,Bug'doy,Пшеница,Wheat,Буғдой,2025-M11,2025,3662.0
005,Jo'hori,Кукуруза,Corn,Жўҳори,2025-M11,2025,4319.0
006,Kepak,Отруби,Bran,Кепак,2025-M11,2025,2934.0
0008,Shrot,Шрот,Schroth,Шрот,2025-M11,2025,5581.0
009,Shulxa,Шелуха,Husk,Шулха,2025-M11,2025,4536.0
010,Kombikorm,Комбикорм,Compound feed,Комбикорм,2025-M11,2025,4251.0
011,Oliy navli bug'doy uni,Мука пшеничная высшего сорта,High-grade wheat flour,Олий навли буғдой уни,2025-M11,2025,7831.0
0012,1-navli bug'doy uni,Мука пшеничная первого сорта,First grade wheat flour,1-навли буғдой уни,2025-M11,2025,5844.0
013,1-nav bug'doy unidan non,Хлеб пшеничный из муки 1-го сорта,Wheat bread from 1st grade flour,1-нав буғдой унидан нон,2025-M11,2025,6254.0
017,Mol go'shti,Говядина,Beef,Мол гўшти,2025-M11,2025,114890.0
0020,Qo'y go'shti,Баранина,Mutton,Қўй гўшти,2025-M11,2025,124830.0
022,Tovuq go'shti,Мясо птицы,Poultry,Товуқ гўшти,2025-M11,2025,31895.0
026,Turli baliqlar,Рыба всякая,Fish of all kinds,Турли балиқлар,2025-M11,2025,37546.0
027,Yangi sog'ilgan sut (1 litr),Молоко свежее (1 литр),Fresh milk (1 liter),Янги соғилган сут (1 литр),2025-M11,2025,7835.0
034,Tuxum (10 dona),Яйца (10 штук),Eggs (10 pieces ),Тухум (10 дона),2025-M11,2025,12426.0
035,Paxta yog'i (1 litr),Масло хлопковое (1 литр),Cottonseed oil (1 liter),Пахта ёғи (1 литр),2025-M11,2025,20129.0
0036,Kungaboqar yog'i (1 litr),Масло подсолнечное (1 литр),Sunflower oil (1 liter),Кунгабоқар ёғи (1 литр),2025-M11,2025,21457.0
037,Sariyog',Масло сливочное,Butter,Сариёғ,2025-M11,2025,77532.0
039,Limon,Лимоны,Lemons,Лимон,2025-M11,2025,34836.0
0040,Olma,Яблоки,Apples,Олма,2025-M11,2025,11813.0
041,Nok,Груши,Pears,Нок,2025-M11,2025,23420.0
049,Uzum,Виноград,Grape,Узум,2025-M11,2025,15133.0
0050,Tarvuz,Арбуз,Watermelon,Тарвуз,2025-M11,2025,4361.0
0051,Qovun,Дыня,Melon,Қовун,2025-M11,2025,5054.0
053,Mayiz,Кишмиш,Kishmish,Майиз,2025-M11,2025,42533.0
055,Karam,Капуста,Cabbage,Карам,2025-M11,2025,4027.0
057,Bodring,Огурцы,Cucumbers,Бодринг,2025-M11,2025,18622.0
058,Pomidor,Помидоры,Tomatoes,Помидор,2025-M11,2025,15553.0
059,Baqlajon,Баклажаны,Eggplant,Бақлажон,2025-M11,2025,6309.0
0060,Bulg'or qalampiri,Перец болгарский,Bell pepper,Булғор қалампири,2025-M11,2025,13545.0
061,Qovoq,Тыква,Pumpkin,Қовоқ,2025-M11,2025,4277.0
063,Sabzi,Морковь,Carrot,Сабзи,2025-M11,2025,4501.0
065,Sarimsoq,Чеснок,Garlic,Саримсоқ,2025-M11,2025,25994.0
066,Piyoz,Лук репчатый,Onion,Пиёз,2025-M11,2025,2630.0
069,Kartoshka,Картофель,Potatoes,Картошка,2025-M11,2025,5356.0
0070,Loviya,Фасоль,Beans,Ловия,2025-M11,2025,22773.0
071,No'xot,Горох,Peas,Нўхот,2025-M11,2025,26797.0
0072,Mosh,Маш,Mash,Мош,2025-M11,2025,17225.0
073,Shakar,Сахар песок,Sugar,Шакар,2025-M11,2025,13392.0
002,Kruppa yormasi,Крупа манная,Semolina,Круппа ёрмаси,2025-M11,2025,0.0
001,Guruch,Рис,Rice,Гуруч,2025-M12,2025,15939.0
003,Arpa,Ячмень,Barley,Арпа,2025-M12,2025,3997.0
0004,Bug'doy,Пшеница,Wheat,Буғдой,2025-M12,2025,3741.0
005,Jo'hori,Кукуруза,Corn,Жўҳори,2025-M12,2025,4304.0
006,Kepak,Отруби,Bran,Кепак,2025-M12,2025,2993.0
0008,Shrot,Шрот,Schroth,Шрот,2025-M12,2025,5504.0
009,Shulxa,Шелуха,Husk,Шулха,2025-M12,2025,4500.0
010,Kombikorm,Комбикорм,Compound feed,Комбикорм,2025-M12,2025,4120.0
011,Oliy navli bug'doy uni,Мука пшеничная высшего сорта,High-grade wheat flour,Олий навли буғдой уни,2025-M12,2025,7888.0
0012,1-navli bug'doy uni,Мука пшеничная первого сорта,First grade wheat flour,1-навли буғдой уни,2025-M12,2025,5865.0
013,1-nav bug'doy unidan non,Хлеб пшеничный из муки 1-го сорта,Wheat bread from 1st grade flour,1-нав буғдой унидан нон,2025-M12,2025,6260.0
017,Mol go'shti,Говядина,Beef,Мол гўшти,2025-M12,2025,115275.0
0020,Qo'y go'shti,Баранина,Mutton,Қўй гўшти,2025-M12,2025,124208.0
022,Tovuq go'shti,Мясо птицы,Poultry,Товуқ гўшти,2025-M12,2025,31481.0
026,Turli baliqlar,Рыба всякая,Fish of all kinds,Турли балиқлар,2025-M12,2025,37525.0
027,Yangi sog'ilgan sut (1 litr),Молоко свежее (1 литр),Fresh milk (1 liter),Янги соғилган сут (1 литр),2025-M12,2025,7856.0
034,Tuxum (10 dona),Яйца (10 штук),Eggs (10 pieces ),Тухум (10 дона),2025-M12,2025,12612.0
035,Paxta yog'i (1 litr),Масло хлопковое (1 литр),Cottonseed oil (1 liter),Пахта ёғи (1 литр),2025-M12,2025,20198.0
0036,Kungaboqar yog'i (1 litr),Масло подсолнечное (1 литр),Sunflower oil (1 liter),Кунгабоқар ёғи (1 литр),2025-M12,2025,21489.0
037,Sariyog',Масло сливочное,Butter,Сариёғ,2025-M12,2025,77889.0
039,Limon,Лимоны,Lemons,Лимон,2025-M12,2025,34419.0
0040,Olma,Яблоки,Apples,Олма,2025-M12,2025,12799.0
041,Nok,Груши,Pears,Нок,2025-M12,2025,23209.0
049,Uzum,Виноград,Grape,Узум,2025-M12,2025,17546.0
0050,Tarvuz,Арбуз,Watermelon,Тарвуз,2025-M12,2025,5208.0
0051,Qovun,Дыня,Melon,Қовун,2025-M12,2025,5556.0
053,Mayiz,Кишмиш,Kishmish,Майиз,2025-M12,2025,42531.0
055,Karam,Капуста,Cabbage,Карам,2025-M12,2025,4274.0
057,Bodring,Огурцы,Cucumbers,Бодринг,2025-M12,2025,28222.0
058,Pomidor,Помидоры,Tomatoes,Помидор,2025-M12,2025,23885.0
059,Baqlajon,Баклажаны,Eggplant,Бақлажон,2025-M12,2025,21566.0
0060,Bulg'or qalampiri,Перец болгарский,Bell pepper,Булғор қалампири,2025-M12,2025,23919.0
061,Qovoq,Тыква,Pumpkin,Қовоқ,2025-M12,2025,4581.0
063,Sabzi,Морковь,Carrot,Сабзи,2025-M12,2025,3910.0
065,Sarimsoq,Чеснок,Garlic,Саримсоқ,2025-M12,2025,26286.0
066,Piyoz,Лук репчатый,Onion,Пиёз,2025-M12,2025,2583.0
069,Kartoshka,Картофель,Potatoes,Картошка,2025-M12,2025,5382.0
0070,Loviya,Фасоль,Beans,Ловия,2025-M12,2025,22059.0
071,No'xot,Горох,Peas,Нўхот,2025-M12,2025,27171.0
0072,Mosh,Маш,Mash,Мош,2025-M12,2025,17413.0
073,Shakar,Сахар песок,Sugar,Шакар,2025-M12,2025,13374.0
002,Kruppa yormasi,Крупа манная,Semolina,Круппа ёрмаси,2025-M12,2025,0.0
001,Guruch,Рис,Rice,Гуруч,2026-M01,2026,15660.0
003,Arpa,Ячмень,Barley,Арпа,2026-M01,2026,4099.0
0004,Bug'doy,Пшеница,Wheat,Буғдой,2026-M01,2026,3797.0
005,Jo'hori,Кукуруза,Corn,Жўҳори,2026-M01,2026,4363.0
006,Kepak,Отруби,Bran,Кепак,2026-M01,2026,3155.0
0008,Shrot,Шрот,Schroth,Шрот,2026-M01,2026,5504.0
009,Shulxa,Шелуха,Husk,Шулха,2026-M01,2026,4415.0
010,Kombikorm,Комбикорм,Compound feed,Комбикорм,2026-M01,2026,4179.0
011,Oliy navli bug'doy uni,Мука пшеничная высшего сорта,High-grade wheat flour,Олий навли буғдой уни,2026-M01,2026,8113.0
0012,1-navli bug'doy uni,Мука пшеничная первого сорта,First grade wheat flour,1-навли буғдой уни,2026-M01,2026,5965.0
013,1-nav bug'doy unidan non,Хлеб пшеничный из муки 1-го сорта,Wheat bread from 1st grade flour,1-нав буғдой унидан нон,2026-M01,2026,6324.0
017,Mol go'shti,Говядина,Beef,Мол гўшти,2026-M01,2026,116274.0
0020,Qo'y go'shti,Баранина,Mutton,Қўй гўшти,2026-M01,2026,125647.0
022,Tovuq go'shti,Мясо птицы,Poultry,Товуқ гўшти,2026-M01,2026,32310.0
026,Turli baliqlar,Рыба всякая,Fish of all kinds,Турли балиқлар,2026-M01,2026,38303.0
027,Yangi sog'ilgan sut (1 litr),Молоко свежее (1 литр),Fresh milk (1 liter),Янги соғилган сут (1 литр),2026-M01,2026,8000.0
034,Tuxum (10 dona),Яйца (10 штук),Eggs (10 pieces ),Тухум (10 дона),2026-M01,2026,12614.0
035,Paxta yog'i (1 litr),Масло хлопковое (1 литр),Cottonseed oil (1 liter),Пахта ёғи (1 литр),2026-M01,2026,20232.0
0036,Kungaboqar yog'i (1 litr),Масло подсолнечное (1 литр),Sunflower oil (1 liter),Кунгабоқар ёғи (1 литр),2026-M01,2026,21623.0
037,Sariyog',Масло сливочное,Butter,Сариёғ,2026-M01,2026,76755.0
039,Limon,Лимоны,Lemons,Лимон,2026-M01,2026,35123.0
0040,Olma,Яблоки,Apples,Олма,2026-M01,2026,13409.0
041,Nok,Груши,Pears,Нок,2026-M01,2026,23440.0
049,Uzum,Виноград,Grape,Узум,2026-M01,2026,18949.0
0050,Tarvuz,Арбуз,Watermelon,Тарвуз,2026-M01,2026,5912.0
0051,Qovun,Дыня,Melon,Қовун,2026-M01,2026,5684.0
053,Mayiz,Кишмиш,Kishmish,Майиз,2026-M01,2026,43590.0
055,Karam,Капуста,Cabbage,Карам,2026-M01,2026,4843.0
057,Bodring,Огурцы,Cucumbers,Бодринг,2026-M01,2026,34257.0
058,Pomidor,Помидоры,Tomatoes,Помидор,2026-M01,2026,24425.0
059,Baqlajon,Баклажаны,Eggplant,Бақлажон,2026-M01,2026,33282.0
0060,Bulg'or qalampiri,Перец болгарский,Bell pepper,Булғор қалампири,2026-M01,2026,31674.0
061,Qovoq,Тыква,Pumpkin,Қовоқ,2026-M01,2026,4696.0
063,Sabzi,Морковь,Carrot,Сабзи,2026-M01,2026,3751.0
065,Sarimsoq,Чеснок,Garlic,Саримсоқ,2026-M01,2026,27028.0
066,Piyoz,Лук репчатый,Onion,Пиёз,2026-M01,2026,2545.0
069,Kartoshka,Картофель,Potatoes,Картошка,2026-M01,2026,5529.0
0070,Loviya,Фасоль,Beans,Ловия,2026-M01,2026,21661.0
071,No'xot,Горох,Peas,Нўхот,2026-M01,2026,27006.0
0072,Mosh,Маш,Mash,Мош,2026-M01,2026,17580.0
073,Shakar,Сахар песок,Sugar,Шакар,2026-M01,2026,13305.0
002,Kruppa yormasi,Крупа манная,Semolina,Круппа ёрмаси,2026-M01,2026,0.0
001,Guruch,Рис,Rice,Гуруч,2026-M02,2026,15499.0
003,Arpa,Ячмень,Barley,Арпа,2026-M02,2026,4127.0
0004,Bug'doy,Пшеница,Wheat,Буғдой,2026-M02,2026,3837.0
005,Jo'hori,Кукуруза,Corn,Жўҳори,2026-M02,2026,4391.0
006,Kepak,Отруби,Bran,Кепак,2026-M02,2026,3277.0
0008,Shrot,Шрот,Schroth,Шрот,2026-M02,2026,5495.0
009,Shulxa,Шелуха,Husk,Шулха,2026-M02,2026,4399.0
010,Kombikorm,Комбикорм,Compound feed,Комбикорм,2026-M02,2026,4162.0
011,Oliy navli bug'doy uni,Мука пшеничная высшего сорта,High-grade wheat flour,Олий навли буғдой уни,2026-M02,2026,8336.0
0012,1-navli bug'doy uni,Мука пшеничная первого сорта,First grade wheat flour,1-навли буғдой уни,2026-M02,2026,6049.0
013,1-nav bug'doy unidan non,Хлеб пшеничный из муки 1-го сорта,Wheat bread from 1st grade flour,1-нав буғдой унидан нон,2026-M02,2026,6361.0
017,Mol go'shti,Говядина,Beef,Мол гўшти,2026-M02,2026,119257.0
0020,Qo'y go'shti,Баранина,Mutton,Қўй гўшти,2026-M02,2026,129962.0
022,Tovuq go'shti,Мясо птицы,Poultry,Товуқ гўшти,2026-M02,2026,33040.0
026,Turli baliqlar,Рыба всякая,Fish of all kinds,Турли балиқлар,2026-M02,2026,38685.0
027,Yangi sog'ilgan sut (1 litr),Молоко свежее (1 литр),Fresh milk (1 liter),Янги соғилган сут (1 литр),2026-M02,2026,8075.0
034,Tuxum (10 dona),Яйца (10 штук),Eggs (10 pieces ),Тухум (10 дона),2026-M02,2026,12768.0
035,Paxta yog'i (1 litr),Масло хлопковое (1 литр),Cottonseed oil (1 liter),Пахта ёғи (1 литр),2026-M02,2026,20308.0
0036,Kungaboqar yog'i (1 litr),Масло подсолнечное (1 литр),Sunflower oil (1 liter),Кунгабоқар ёғи (1 литр),2026-M02,2026,21732.0
037,Sariyog',Масло сливочное,Butter,Сариёғ,2026-M02,2026,76717.0
039,Limon,Лимоны,Lemons,Лимон,2026-M02,2026,35496.0
0040,Olma,Яблоки,Apples,Олма,2026-M02,2026,13983.0
041,Nok,Груши,Pears,Нок,2026-M02,2026,23145.0
049,Uzum,Виноград,Grape,Узум,2026-M02,2026,18245.0
0050,Tarvuz,Арбуз,Watermelon,Тарвуз,2026-M02,2026,0.0
0051,Qovun,Дыня,Melon,Қовун,2026-M02,2026,5300.0
053,Mayiz,Кишмиш,Kishmish,Майиз,2026-M02,2026,44786.0
055,Karam,Капуста,Cabbage,Карам,2026-M02,2026,4811.0
057,Bodring,Огурцы,Cucumbers,Бодринг,2026-M02,2026,30056.0
058,Pomidor,Помидоры,Tomatoes,Помидор,2026-M02,2026,25957.0
059,Baqlajon,Баклажаны,Eggplant,Бақлажон,2026-M02,2026,30850.0
0060,Bulg'or qalampiri,Перец болгарский,Bell pepper,Булғор қалампири,2026-M02,2026,35511.0
061,Qovoq,Тыква,Pumpkin,Қовоқ,2026-M02,2026,4981.0
063,Sabzi,Морковь,Carrot,Сабзи,2026-M02,2026,3730.0
065,Sarimsoq,Чеснок,Garlic,Саримсоқ,2026-M02,2026,27350.0
066,Piyoz,Лук репчатый,Onion,Пиёз,2026-M02,2026,2473.0
069,Kartoshka,Картофель,Potatoes,Картошка,2026-M02,2026,5934.0
0070,Loviya,Фасоль,Beans,Ловия,2026-M02,2026,21400.0
071,No'xot,Горох,Peas,Нўхот,2026-M02,2026,26948.0
0072,Mosh,Маш,Mash,Мош,2026-M02,2026,17734.0
073,Shakar,Сахар песок,Sugar,Шакар,2026-M02,2026,13335.0
002,Kruppa yormasi,Крупа манная,Semolina,Круппа ёрмаси,2026-M02,2026,0.0
001,Guruch,Рис,Rice,Гуруч,2026-M03,2026,15426.0
003,Arpa,Ячмень,Barley,Арпа,2026-M03,2026,4179.0
0004,Bug'doy,Пшеница,Wheat,Буғдой,2026-M03,2026,3899.0
005,Jo'hori,Кукуруза,Corn,Жўҳори,2026-M03,2026,4475.0
006,Kepak,Отруби,Bran,Кепак,2026-M03,2026,3281.0
0008,Shrot,Шрот,Schroth,Шрот,2026-M03,2026,5506.0
009,Shulxa,Шелуха,Husk,Шулха,2026-M03,2026,4443.0
010,Kombikorm,Комбикорм,Compound feed,Комбикорм,2026-M03,2026,4166.0
011,Oliy navli bug'doy uni,Мука пшеничная высшего сорта,High-grade wheat flour,Олий навли буғдой уни,2026-M03,2026,8493.0
0012,1-navli bug'doy uni,Мука пшеничная первого сорта,First grade wheat flour,1-навли буғдой уни,2026-M03,2026,6091.0
013,1-nav bug'doy unidan non,Хлеб пшеничный из муки 1-го сорта,Wheat bread from 1st grade flour,1-нав буғдой унидан нон,2026-M03,2026,6411.0
017,Mol go'shti,Говядина,Beef,Мол гўшти,2026-M03,2026,121289.0
0020,Qo'y go'shti,Баранина,Mutton,Қўй гўшти,2026-M03,2026,131908.0
022,Tovuq go'shti,Мясо птицы,Poultry,Товуқ гўшти,2026-M03,2026,33169.0
026,Turli baliqlar,Рыба всякая,Fish of all kinds,Турли балиқлар,2026-M03,2026,39071.0
027,Yangi sog'ilgan sut (1 litr),Молоко свежее (1 литр),Fresh milk (1 liter),Янги соғилган сут (1 литр),2026-M03,2026,8137.0
034,Tuxum (10 dona),Яйца (10 штук),Eggs (10 pieces ),Тухум (10 дона),2026-M03,2026,13094.0
035,Paxta yog'i (1 litr),Масло хлопковое (1 литр),Cottonseed oil (1 liter),Пахта ёғи (1 литр),2026-M03,2026,20565.0
0036,Kungaboqar yog'i (1 litr),Масло подсолнечное (1 литр),Sunflower oil (1 liter),Кунгабоқар ёғи (1 литр),2026-M03,2026,21941.0
037,Sariyog',Масло сливочное,Butter,Сариёғ,2026-M03,2026,76831.0
039,Limon,Лимоны,Lemons,Лимон,2026-M03,2026,37814.0
0040,Olma,Яблоки,Apples,Олма,2026-M03,2026,14841.0
041,Nok,Груши,Pears,Нок,2026-M03,2026,22886.0
049,Uzum,Виноград,Grape,Узум,2026-M03,2026,19284.0
0050,Tarvuz,Арбуз,Watermelon,Тарвуз,2026-M03,2026,0.0
0051,Qovun,Дыня,Melon,Қовун,2026-M03,2026,5300.0
053,Mayiz,Кишмиш,Kishmish,Майиз,2026-M03,2026,45199.0
055,Karam,Капуста,Cabbage,Карам,2026-M03,2026,4719.0
057,Bodring,Огурцы,Cucumbers,Бодринг,2026-M03,2026,23842.0
058,Pomidor,Помидоры,Tomatoes,Помидор,2026-M03,2026,28120.0
059,Baqlajon,Баклажаны,Eggplant,Бақлажон,2026-M03,2026,33050.0
0060,Bulg'or qalampiri,Перец болгарский,Bell pepper,Булғор қалампири,2026-M03,2026,41799.0
061,Qovoq,Тыква,Pumpkin,Қовоқ,2026-M03,2026,5076.0
063,Sabzi,Морковь,Carrot,Сабзи,2026-M03,2026,3670.0
065,Sarimsoq,Чеснок,Garlic,Саримсоқ,2026-M03,2026,27253.0
066,Piyoz,Лук репчатый,Onion,Пиёз,2026-M03,2026,2189.0
069,Kartoshka,Картофель,Potatoes,Картошка,2026-M03,2026,6522.0
0070,Loviya,Фасоль,Beans,Ловия,2026-M03,2026,21256.0
071,No'xot,Горох,Peas,Нўхот,2026-M03,2026,27062.0
0072,Mosh,Маш,Mash,Мош,2026-M03,2026,17953.0
073,Shakar,Сахар песок,Sugar,Шакар,2026-M03,2026,13511.0
002,Kruppa yormasi,Крупа манная,Semolina,Круппа ёрмаси,2026-M03,2026,0.0
001,Guruch,Рис,Rice,Гуруч,2026-M04,2026,15082.0
003,Arpa,Ячмень,Barley,Арпа,2026-M04,2026,4253.0
0004,Bug'doy,Пшеница,Wheat,Буғдой,2026-M04,2026,3995.0
005,Jo'hori,Кукуруза,Corn,Жўҳори,2026-M04,2026,4574.0
006,Kepak,Отруби,Bran,Кепак,2026-M04,2026,3353.0
0008,Shrot,Шрот,Schroth,Шрот,2026-M04,2026,5463.0
009,Shulxa,Шелуха,Husk,Шулха,2026-M04,2026,4452.0
010,Kombikorm,Комбикорм,Compound feed,Комбикорм,2026-M04,2026,4284.0
011,Oliy navli bug'doy uni,Мука пшеничная высшего сорта,High-grade wheat flour,Олий навли буғдой уни,2026-M04,2026,8686.0
0012,1-navli bug'doy uni,Мука пшеничная первого сорта,First grade wheat flour,1-навли буғдой уни,2026-M04,2026,6163.0
013,1-nav bug'doy unidan non,Хлеб пшеничный из муки 1-го сорта,Wheat bread from 1st grade flour,1-нав буғдой унидан нон,2026-M04,2026,6448.0
017,Mol go'shti,Говядина,Beef,Мол гўшти,2026-M04,2026,124095.0
0020,Qo'y go'shti,Баранина,Mutton,Қўй гўшти,2026-M04,2026,134884.0
022,Tovuq go'shti,Мясо птицы,Poultry,Товуқ гўшти,2026-M04,2026,32632.0
026,Turli baliqlar,Рыба всякая,Fish of all kinds,Турли балиқлар,2026-M04,2026,39577.0
027,Yangi sog'ilgan sut (1 litr),Молоко свежее (1 литр),Fresh milk (1 liter),Янги соғилган сут (1 литр),2026-M04,2026,8239.0
034,Tuxum (10 dona),Яйца (10 штук),Eggs (10 pieces ),Тухум (10 дона),2026-M04,2026,12511.0
035,Paxta yog'i (1 litr),Масло хлопковое (1 литр),Cottonseed oil (1 liter),Пахта ёғи (1 литр),2026-M04,2026,20690.0
0036,Kungaboqar yog'i (1 litr),Масло подсолнечное (1 литр),Sunflower oil (1 liter),Кунгабоқар ёғи (1 литр),2026-M04,2026,21883.0
037,Sariyog',Масло сливочное,Butter,Сариёғ,2026-M04,2026,77346.0
039,Limon,Лимоны,Lemons,Лимон,2026-M04,2026,44053.0
0040,Olma,Яблоки,Apples,Олма,2026-M04,2026,15862.0
041,Nok,Груши,Pears,Нок,2026-M04,2026,22721.0
049,Uzum,Виноград,Grape,Узум,2026-M04,2026,22063.0
0050,Tarvuz,Арбуз,Watermelon,Тарвуз,2026-M04,2026,0.0
0051,Qovun,Дыня,Melon,Қовун,2026-M04,2026,0.0
053,Mayiz,Кишмиш,Kishmish,Майиз,2026-M04,2026,45576.0
055,Karam,Капуста,Cabbage,Карам,2026-M04,2026,4667.0
057,Bodring,Огурцы,Cucumbers,Бодринг,2026-M04,2026,13102.0
058,Pomidor,Помидоры,Tomatoes,Помидор,2026-M04,2026,24264.0
059,Baqlajon,Баклажаны,Eggplant,Бақлажон,2026-M04,2026,33760.0
0060,Bulg'or qalampiri,Перец болгарский,Bell pepper,Булғор қалампири,2026-M04,2026,39060.0
061,Qovoq,Тыква,Pumpkin,Қовоқ,2026-M04,2026,4939.0
063,Sabzi,Морковь,Carrot,Сабзи,2026-M04,2026,3716.0
065,Sarimsoq,Чеснок,Garlic,Саримсоқ,2026-M04,2026,27385.0
066,Piyoz,Лук репчатый,Onion,Пиёз,2026-M04,2026,2077.0
069,Kartoshka,Картофель,Potatoes,Картошка,2026-M04,2026,6926.0
0070,Loviya,Фасоль,Beans,Ловия,2026-M04,2026,21034.0
071,No'xot,Горох,Peas,Нўхот,2026-M04,2026,26875.0
0072,Mosh,Маш,Mash,Мош,2026-M04,2026,17960.0
073,Shakar,Сахар песок,Sugar,Шакар,2026-M04,2026,13588.0
002,Kruppa yormasi,Крупа манная,Semolina,Круппа ёрмаси,2026-M04,2026,0.0
001,Guruch,Рис,Rice,Гуруч,2026-M05,2026,14553.0
003,Arpa,Ячмень,Barley,Арпа,2026-M05,2026,4348.0
0004,Bug'doy,Пшеница,Wheat,Буғдой,2026-M05,2026,4082.0
005,Jo'hori,Кукуруза,Corn,Жўҳори,2026-M05,2026,4624.0
006,Kepak,Отруби,Bran,Кепак,2026-M05,2026,3428.0
0008,Shrot,Шрот,Schroth,Шрот,2026-M05,2026,5467.0
009,Shulxa,Шелуха,Husk,Шулха,2026-M05,2026,4473.0
010,Kombikorm,Комбикорм,Compound feed,Комбикорм,2026-M05,2026,4308.0
011,Oliy navli bug'doy uni,Мука пшеничная высшего сорта,High-grade wheat flour,Олий навли буғдой уни,2026-M05,2026,8863.0
0012,1-navli bug'doy uni,Мука пшеничная первого сорта,First grade wheat flour,1-навли буғдой уни,2026-M05,2026,6241.0
013,1-nav bug'doy unidan non,Хлеб пшеничный из муки 1-го сорта,Wheat bread from 1st grade flour,1-нав буғдой унидан нон,2026-M05,2026,6485.0
017,Mol go'shti,Говядина,Beef,Мол гўшти,2026-M05,2026,125744.0
0020,Qo'y go'shti,Баранина,Mutton,Қўй гўшти,2026-M05,2026,137560.0
022,Tovuq go'shti,Мясо птицы,Poultry,Товуқ гўшти,2026-M05,2026,31714.0
026,Turli baliqlar,Рыба всякая,Fish of all kinds,Турли балиқлар,2026-M05,2026,40528.0
027,Yangi sog'ilgan sut (1 litr),Молоко свежее (1 литр),Fresh milk (1 liter),Янги соғилган сут (1 литр),2026-M05,2026,8174.0
034,Tuxum (10 dona),Яйца (10 штук),Eggs (10 pieces ),Тухум (10 дона),2026-M05,2026,12145.0
035,Paxta yog'i (1 litr),Масло хлопковое (1 литр),Cottonseed oil (1 liter),Пахта ёғи (1 литр),2026-M05,2026,20678.0
0036,Kungaboqar yog'i (1 litr),Масло подсолнечное (1 литр),Sunflower oil (1 liter),Кунгабоқар ёғи (1 литр),2026-M05,2026,21901.0
037,Sariyog',Масло сливочное,Butter,Сариёғ,2026-M05,2026,77927.0
039,Limon,Лимоны,Lemons,Лимон,2026-M05,2026,47493.0
0040,Olma,Яблоки,Apples,Олма,2026-M05,2026,16707.0
041,Nok,Груши,Pears,Нок,2026-M05,2026,21975.0
049,Uzum,Виноград,Grape,Узум,2026-M05,2026,26356.0
0050,Tarvuz,Арбуз,Watermelon,Тарвуз,2026-M05,2026,10000.0
0051,Qovun,Дыня,Melon,Қовун,2026-M05,2026,0.0
053,Mayiz,Кишмиш,Kishmish,Майиз,2026-M05,2026,45705.0
055,Karam,Капуста,Cabbage,Карам,2026-M05,2026,3851.0
057,Bodring,Огурцы,Cucumbers,Бодринг,2026-M05,2026,7629.0
058,Pomidor,Помидоры,Tomatoes,Помидор,2026-M05,2026,15640.0
059,Baqlajon,Баклажаны,Eggplant,Бақлажон,2026-M05,2026,17814.0
0060,Bulg'or qalampiri,Перец болгарский,Bell pepper,Булғор қалампири,2026-M05,2026,19105.0
061,Qovoq,Тыква,Pumpkin,Қовоқ,2026-M05,2026,5112.0
063,Sabzi,Морковь,Carrot,Сабзи,2026-M05,2026,3811.0
065,Sarimsoq,Чеснок,Garlic,Саримсоқ,2026-M05,2026,24713.0
066,Piyoz,Лук репчатый,Onion,Пиёз,2026-M05,2026,1989.0
069,Kartoshka,Картофель,Potatoes,Картошка,2026-M05,2026,6704.0
0070,Loviya,Фасоль,Beans,Ловия,2026-M05,2026,20501.0
071,No'xot,Горох,Peas,Нўхот,2026-M05,2026,26488.0
0072,Mosh,Маш,Mash,Мош,2026-M05,2026,18097.0
073,Shakar,Сахар песок,Sugar,Шакар,2026-M05,2026,13500.0
002,Kruppa yormasi,Крупа манная,Semolina,Круппа ёрмаси,2026-M05,2026,0.0
001,Guruch,Рис,Rice,Гуруч,2026-M06,2026,14254.0
003,Arpa,Ячмень,Barley,Арпа,2026-M06,2026,4123.0
0004,Bug'doy,Пшеница,Wheat,Буғдой,2026-M06,2026,3988.0
005,Jo'hori,Кукуруза,Corn,Жўҳори,2026-M06,2026,4623.0
006,Kepak,Отруби,Bran,Кепак,2026-M06,2026,3427.0
0008,Shrot,Шрот,Schroth,Шрот,2026-M06,2026,5522.0
009,Shulxa,Шелуха,Husk,Шулха,2026-M06,2026,4529.0
010,Kombikorm,Комбикорм,Compound feed,Комбикорм,2026-M06,2026,4303.0
011,Oliy navli bug'doy uni,Мука пшеничная высшего сорта,High-grade wheat flour,Олий навли буғдой уни,2026-M06,2026,8791.0
0012,1-navli bug'doy uni,Мука пшеничная первого сорта,First grade wheat flour,1-навли буғдой уни,2026-M06,2026,6171.0
013,1-nav bug'doy unidan non,Хлеб пшеничный из муки 1-го сорта,Wheat bread from 1st grade flour,1-нав буғдой унидан нон,2026-M06,2026,6446.0
017,Mol go'shti,Говядина,Beef,Мол гўшти,2026-M06,2026,126144.0
0020,Qo'y go'shti,Баранина,Mutton,Қўй гўшти,2026-M06,2026,137819.0
022,Tovuq go'shti,Мясо птицы,Poultry,Товуқ гўшти,2026-M06,2026,31666.0
026,Turli baliqlar,Рыба всякая,Fish of all kinds,Турли балиқлар,2026-M06,2026,39790.0
027,Yangi sog'ilgan sut (1 litr),Молоко свежее (1 литр),Fresh milk (1 liter),Янги соғилган сут (1 литр),2026-M06,2026,8079.0
034,Tuxum (10 dona),Яйца (10 штук),Eggs (10 pieces ),Тухум (10 дона),2026-M06,2026,11862.0
035,Paxta yog'i (1 litr),Масло хлопковое (1 литр),Cottonseed oil (1 liter),Пахта ёғи (1 литр),2026-M06,2026,20459.0
0036,Kungaboqar yog'i (1 litr),Масло подсолнечное (1 литр),Sunflower oil (1 liter),Кунгабоқар ёғи (1 литр),2026-M06,2026,21662.0
037,Sariyog',Масло сливочное,Butter,Сариёғ,2026-M06,2026,77911.0
039,Limon,Лимоны,Lemons,Лимон,2026-M06,2026,48642.0
0040,Olma,Яблоки,Apples,Олма,2026-M06,2026,15253.0
041,Nok,Груши,Pears,Нок,2026-M06,2026,21369.0
049,Uzum,Виноград,Grape,Узум,2026-M06,2026,17831.0
0050,Tarvuz,Арбуз,Watermelon,Тарвуз,2026-M06,2026,3434.0
0051,Qovun,Дыня,Melon,Қовун,2026-M06,2026,4939.0
053,Mayiz,Кишмиш,Kishmish,Майиз,2026-M06,2026,45424.0
055,Karam,Капуста,Cabbage,Карам,2026-M06,2026,3032.0
057,Bodring,Огурцы,Cucumbers,Бодринг,2026-M06,2026,5656.0
058,Pomidor,Помидоры,Tomatoes,Помидор,2026-M06,2026,7220.0
059,Baqlajon,Баклажаны,Eggplant,Бақлажон,2026-M06,2026,7748.0
0060,Bulg'or qalampiri,Перец болгарский,Bell pepper,Булғор қалампири,2026-M06,2026,8627.0
061,Qovoq,Тыква,Pumpkin,Қовоқ,2026-M06,2026,5205.0
063,Sabzi,Морковь,Carrot,Сабзи,2026-M06,2026,3926.0
065,Sarimsoq,Чеснок,Garlic,Саримсоқ,2026-M06,2026,20289.0
066,Piyoz,Лук репчатый,Onion,Пиёз,2026-M06,2026,1958.0
069,Kartoshka,Картофель,Potatoes,Картошка,2026-M06,2026,5088.0
0070,Loviya,Фасоль,Beans,Ловия,2026-M06,2026,19764.0
071,No'xot,Горох,Peas,Нўхот,2026-M06,2026,26097.0
0072,Mosh,Маш,Mash,Мош,2026-M06,2026,18395.0
073,Shakar,Сахар песок,Sugar,Шакар,2026-M06,2026,13326.0
002,Kruppa yormasi,Крупа манная,Semolina,Круппа ёрмаси,2026-M06,2026,0.0
001,Guruch,Рис,Rice,Гуруч,2026-M07,2026,14958.0
003,Arpa,Ячмень,Barley,Арпа,2026-M07,2026,4075.0
0004,Bug'doy,Пшеница,Wheat,Буғдой,2026-M07,2026,3944.0
005,Jo'hori,Кукуруза,Corn,Жўҳори,2026-M07,2026,4621.0
006,Kepak,Отруби,Bran,Кепак,2026-M07,2026,3434.0
0008,Shrot,Шрот,Schroth,Шрот,2026-M07,2026,5545.0
009,Shulxa,Шелуха,Husk,Шулха,2026-M07,2026,4553.0
010,Kombikorm,Комбикорм,Compound feed,Комбикорм,2026-M07,2026,4311.0
011,Oliy navli bug'doy uni,Мука пшеничная высшего сорта,High-grade wheat flour,Олий навли буғдой уни,2026-M07,2026,8811.0
0012,1-navli bug'doy uni,Мука пшеничная первого сорта,First grade wheat flour,1-навли буғдой уни,2026-M07,2026,6124.0
013,1-nav bug'doy unidan non,Хлеб пшеничный из муки 1-го сорта,Wheat bread from 1st grade flour,1-нав буғдой унидан нон,2026-M07,2026,6425.0
017,Mol go'shti,Говядина,Beef,Мол гўшти,2026-M07,2026,125346.0
0020,Qo'y go'shti,Баранина,Mutton,Қўй гўшти,2026-M07,2026,137117.0
022,Tovuq go'shti,Мясо птицы,Poultry,Товуқ гўшти,2026-M07,2026,32007.0
026,Turli baliqlar,Рыба всякая,Fish of all kinds,Турли балиқлар,2026-M07,2026,39803.0
027,Yangi sog'ilgan sut (1 litr),Молоко свежее (1 литр),Fresh milk (1 liter),Янги соғилган сут (1 литр),2026-M07,2026,7976.0
034,Tuxum (10 dona),Яйца (10 штук),Eggs (10 pieces ),Тухум (10 дона),2026-M07,2026,10936.0
035,Paxta yog'i (1 litr),Масло хлопковое (1 литр),Cottonseed oil (1 liter),Пахта ёғи (1 литр),2026-M07,2026,20365.0
0036,Kungaboqar yog'i (1 litr),Масло подсолнечное (1 литр),Sunflower oil (1 liter),Кунгабоқар ёғи (1 литр),2026-M07,2026,21545.0
037,Sariyog',Масло сливочное,Butter,Сариёғ,2026-M07,2026,77429.0
039,Limon,Лимоны,Lemons,Лимон,2026-M07,2026,49809.0
0040,Olma,Яблоки,Apples,Олма,2026-M07,2026,13398.0
041,Nok,Груши,Pears,Нок,2026-M07,2026,21017.0
049,Uzum,Виноград,Grape,Узум,2026-M07,2026,13813.0
0050,Tarvuz,Арбуз,Watermelon,Тарвуз,2026-M07,2026,2303.0
0051,Qovun,Дыня,Melon,Қовун,2026-M07,2026,3779.0
053,Mayiz,Кишмиш,Kishmish,Майиз,2026-M07,2026,45440.0
055,Karam,Капуста,Cabbage,Карам,2026-M07,2026,3173.0
057,Bodring,Огурцы,Cucumbers,Бодринг,2026-M07,2026,4943.0
058,Pomidor,Помидоры,Tomatoes,Помидор,2026-M07,2026,4636.0
059,Baqlajon,Баклажаны,Eggplant,Бақлажон,2026-M07,2026,5436.0
0060,Bulg'or qalampiri,Перец болгарский,Bell pepper,Булғор қалампири,2026-M07,2026,7033.0
061,Qovoq,Тыква,Pumpkin,Қовоқ,2026-M07,2026,4030.0
063,Sabzi,Морковь,Carrot,Сабзи,2026-M07,2026,4429.0
065,Sarimsoq,Чеснок,Garlic,Саримсоқ,2026-M07,2026,17909.0
066,Piyoz,Лук репчатый,Onion,Пиёз,2026-M07,2026,2082.0
069,Kartoshka,Картофель,Potatoes,Картошка,2026-M07,2026,3937.0
0070,Loviya,Фасоль,Beans,Ловия,2026-M07,2026,18938.0
071,No'xot,Горох,Peas,Нўхот,2026-M07,2026,25982.0
0072,Mosh,Маш,Mash,Мош,2026-M07,2026,19047.0
073,Shakar,Сахар песок,Sugar,Шакар,2026-M07,2026,13090.0
002,Kruppa yormasi,Крупа манная,Semolina,Круппа ёрмаси,2026-M07,2026,0.0
001,Guruch,Рис,Rice,Гуруч,2026-M08,2026,14784.0
003,Arpa,Ячмень,Barley,Арпа,2026-M08,2026,4133.0
0004,Bug'doy,Пшеница,Wheat,Буғдой,2026-M08,2026,3985.0
005,Jo'hori,Кукуруза,Corn,Жўҳори,2026-M08,2026,4631.0
006,Kepak,Отруби,Bran,Кепак,2026-M08,2026,3460.0
0008,Shrot,Шрот,Schroth,Шрот,2026-M08,2026,5580.0
009,Shulxa,Шелуха,Husk,Шулха,2026-M08,2026,4584.0
010,Kombikorm,Комбикорм,Compound feed,Комбикорм,2026-M08,2026,4321.0
011,Oliy navli bug'doy uni,Мука пшеничная высшего сорта,High-grade wheat flour,Олий навли буғдой уни,2026-M08,2026,8790.0
0012,1-navli bug'doy uni,Мука пшеничная первого сорта,First grade wheat flour,1-навли буғдой уни,2026-M08,2026,6088.0
013,1-nav bug'doy unidan non,Хлеб пшеничный из муки 1-го сорта,Wheat bread from 1st grade flour,1-нав буғдой унидан нон,2026-M08,2026,6413.0
017,Mol go'shti,Говядина,Beef,Мол гўшти,2026-M08,2026,124321.0
0020,Qo'y go'shti,Баранина,Mutton,Қўй гўшти,2026-M08,2026,135957.0
022,Tovuq go'shti,Мясо птицы,Poultry,Товуқ гўшти,2026-M08,2026,31920.0
026,Turli baliqlar,Рыба всякая,Fish of all kinds,Турли балиқлар,2026-M08,2026,39922.0
027,Yangi sog'ilgan sut (1 litr),Молоко свежее (1 литр),Fresh milk (1 liter),Янги соғилган сут (1 литр),2026-M08,2026,7910.0
034,Tuxum (10 dona),Яйца (10 штук),Eggs (10 pieces ),Тухум (10 дона),2026-M08,2026,10965.0
035,Paxta yog'i (1 litr),Масло хлопковое (1 литр),Cottonseed oil (1 liter),Пахта ёғи (1 литр),2026-M08,2026,20152.0
0036,Kungaboqar yog'i (1 litr),Масло подсолнечное (1 литр),Sunflower oil (1 liter),Кунгабоқар ёғи (1 литр),2026-M08,2026,21431.0
037,Sariyog',Масло сливочное,Butter,Сариёғ,2026-M08,2026,77297.0
039,Limon,Лимоны,Lemons,Лимон,2026-M08,2026,49283.0
0040,Olma,Яблоки,Apples,Олма,2026-M08,2026,12928.0
041,Nok,Груши,Pears,Нок,2026-M08,2026,20531.0
049,Uzum,Виноград,Grape,Узум,2026-M08,2026,13386.0
0050,Tarvuz,Арбуз,Watermelon,Тарвуз,2026-M08,2026,2529.0
0051,Qovun,Дыня,Melon,Қовун,2026-M08,2026,3587.0
053,Mayiz,Кишмиш,Kishmish,Майиз,2026-M08,2026,45436.0
055,Karam,Капуста,Cabbage,Карам,2026-M08,2026,3297.0
057,Bodring,Огурцы,Cucumbers,Бодринг,2026-M08,2026,4994.0
058,Pomidor,Помидоры,Tomatoes,Помидор,2026-M08,2026,4928.0
059,Baqlajon,Баклажаны,Eggplant,Бақлажон,2026-M08,2026,5125.0
0060,Bulg'or qalampiri,Перец болгарский,Bell pepper,Булғор қалампири,2026-M08,2026,6609.0
061,Qovoq,Тыква,Pumpkin,Қовоқ,2026-M08,2026,3855.0
063,Sabzi,Морковь,Carrot,Сабзи,2026-M08,2026,4422.0
065,Sarimsoq,Чеснок,Garlic,Саримсоқ,2026-M08,2026,16859.0
066,Piyoz,Лук репчатый,Onion,Пиёз,2026-M08,2026,2226.0
069,Kartoshka,Картофель,Potatoes,Картошка,2026-M08,2026,3689.0
0070,Loviya,Фасоль,Beans,Ловия,2026-M08,2026,18882.0
071,No'xot,Горох,Peas,Нўхот,2026-M08,2026,25462.0
0072,Mosh,Маш,Mash,Мош,2026-M08,2026,19118.0
073,Shakar,Сахар песок,Sugar,Шакар,2026-M08,2026,12905.0
002,Kruppa yormasi,Крупа манная,Semolina,Круппа ёрмаси,2026-M08,2026,0.0
