code,name_uz,name_ru,name_en,name_uz_cyrillic,period,frequency,year,value
001,Guruch,Рис,Rice,Гуруч,2013-01,monthly,2013,2721.0
003,Arpa,Ячмень,Barley,Арпа,2013-01,monthly,2013,1131.0
0004,Bug'doy,Пшеница,Wheat,Буғдой,2013-01,monthly,2013,1001.0
005,Jo'hori,Кукуруза,Corn,Жўҳори,2013-01,monthly,2013,921.0
006,Kepak,Отруби,Bran,Кепак,2013-01,monthly,2013,730.0
010,Kombikorm,Комбикорм,Compound feed,Комбикорм,2013-01,monthly,2013,797.0
011,Oliy navli bug'doy uni,Мука пшеничная высшего сорта,High-grade wheat flour,Олий навли буғдой уни,2013-01,monthly,2013,1536.0
017,Mol go'shti,Говядина,Beef,Мол гўшти,2013-01,monthly,2013,13738.0
0020,Qo'y go'shti,Баранина,Mutton,Қўй гўшти,2013-01,monthly,2013,16690.0
026,Turli baliqlar,Рыба всякая,Fish of all kinds,Турли балиқлар,2013-01,monthly,2013,9271.0
027,Yangi sog'ilgan sut (1 litr),Молоко свежее (1 литр),Fresh milk (1 liter),Янги соғилган сут (1 литр),2013-01,monthly,2013,1250.0
034,Tuxum (10 dona),Яйца (10 штук),Eggs (10 pieces ),Тухум (10 дона),2013-01,monthly,2013,3789.0
037,Sariyog',Масло сливочное,Butter,Сариёғ,2013-01,monthly,2013,15230.0
039,Limon,Лимоны,Lemons,Лимон,2013-01,monthly,2013,6641.0
0040,Olma,Яблоки,Apples,Олма,2013-01,monthly,2013,2814.0
041,Nok,Груши,Pears,Нок,2013-01,monthly,2013,6067.0
049,Uzum,Виноград,Grape,Узум,2013-01,monthly,2013,5022.0
0050,Tarvuz,Арбуз,Watermelon,Тарвуз,2013-01,monthly,2013,1176.0
0051,Qovun,Дыня,Melon,Қовун,2013-01,monthly,2013,1323.0
053,Mayiz,Кишмиш,Kishmish,Майиз,2013-01,monthly,2013,6710.0
055,Karam,Капуста,Cabbage,Карам,2013-01,monthly,2013,860.0
057,Bodring,Огурцы,Cucumbers,Бодринг,2013-01,monthly,2013,4871.0
058,Pomidor,Помидоры,Tomatoes,Помидор,2013-01,monthly,2013,6008.0
061,Qovoq,Тыква,Pumpkin,Қовоқ,2013-01,monthly,2013,1037.0
063,Sabzi,Морковь,Carrot,Сабзи,2013-01,monthly,2013,458.0
065,Sarimsoq,Чеснок,Garlic,Саримсоқ,2013-01,monthly,2013,2471.0
066,Piyoz,Лук репчатый,Onion,Пиёз,2013-01,monthly,2013,664.0
069,Kartoshka,Картофель,Potatoes,Картошка,2013-01,monthly,2013,1782.0
002,Kruppa yormasi,Крупа манная,Semolina,Круппа ёрмаси,2013-01,monthly,2013,1131.0
001,Guruch,Рис,Rice,Гуруч,2013-02,monthly,2013,2699.0
003,Arpa,Ячмень,Barley,Арпа,2013-02,monthly,2013,1132.0
0004,Bug'doy,Пшеница,Wheat,Буғдой,2013-02,monthly,2013,1027.0
005,Jo'hori,Кукуруза,Corn,Жўҳори,2013-02,monthly,2013,920.0
006,Kepak,Отруби,Bran,Кепак,2013-02,monthly,2013,717.0
010,Kombikorm,Комбикорм,Compound feed,Комбикорм,2013-02,monthly,2013,725.0
011,Oliy navli bug'doy uni,Мука пшеничная высшего сорта,High-grade wheat flour,Олий навли буғдой уни,2013-02,monthly,2013,1527.0
017,Mol go'shti,Говядина,Beef,Мол гўшти,2013-02,monthly,2013,13786.0
0020,Qo'y go'shti,Баранина,Mutton,Қўй гўшти,2013-02,monthly,2013,16821.0
026,Turli baliqlar,Рыба всякая,Fish of all kinds,Турли балиқлар,2013-02,monthly,2013,9212.0
027,Yangi sog'ilgan sut (1 litr),Молоко свежее (1 литр),Fresh milk (1 liter),Янги соғилган сут (1 литр),2013-02,monthly,2013,1277.0
034,Tuxum (10 dona),Яйца (10 штук),Eggs (10 pieces ),Тухум (10 дона),2013-02,monthly,2013,3630.0
037,Sariyog',Масло сливочное,Butter,Сариёғ,2013-02,monthly,2013,15427.0
039,Limon,Лимоны,Lemons,Лимон,2013-02,monthly,2013,6479.0
0040,Olma,Яблоки,Apples,Олма,2013-02,monthly,2013,2914.0
041,Nok,Груши,Pears,Нок,2013-02,monthly,2013,6458.0
049,Uzum,Виноград,Grape,Узум,2013-02,monthly,2013,5873.0
053,Mayiz,Кишмиш,Kishmish,Майиз,2013-02,monthly,2013,6981.0
055,Karam,Капуста,Cabbage,Карам,2013-02,monthly,2013,718.0
057,Bodring,Огурцы,Cucumbers,Бодринг,2013-02,monthly,2013,6571.0
058,Pomidor,Помидоры,Tomatoes,Помидор,2013-02,monthly,2013,7521.0
061,Qovoq,Тыква,Pumpkin,Қовоқ,2013-02,monthly,2013,1056.0
063,Sabzi,Морковь,Carrot,Сабзи,2013-02,monthly,2013,387.0
065,Sarimsoq,Чеснок,Garlic,Саримсоқ,2013-02,monthly,2013,2594.0
066,Piyoz,Лук репчатый,Onion,Пиёз,2013-02,monthly,2013,638.0
069,Kartoshka,Картофель,Potatoes,Картошка,2013-02,monthly,2013,1831.0
002,Kruppa yormasi,Крупа манная,Semolina,Круппа ёрмаси,2013-02,monthly,2013,1132.0
001,Guruch,Рис,Rice,Гуруч,2013-03,monthly,2013,2721.0
003,Arpa,Ячмень,Barley,Арпа,2013-03,monthly,2013,1126.0
0004,Bug'doy,Пшеница,Wheat,Буғдой,2013-03,monthly,2013,1051.0
005,Jo'hori,Кукуруза,Corn,Жўҳори,2013-03,monthly,2013,962.0
006,Kepak,Отруби,Bran,Кепак,2013-03,monthly,2013,703.0
010,Kombikorm,Комбикорм,Compound feed,Комбикорм,2013-03,monthly,2013,738.0
011,Oliy navli bug'doy uni,Мука пшеничная высшего сорта,High-grade wheat flour,Олий навли буғдой уни,2013-03,monthly,2013,1573.0
017,Mol go'shti,Говядина,Beef,Мол гўшти,2013-03,monthly,2013,14238.0
0020,Qo'y go'shti,Баранина,Mutton,Қўй гўшти,2013-03,monthly,2013,17107.0
026,Turli baliqlar,Рыба всякая,Fish of all kinds,Турли балиқлар,2013-03,monthly,2013,9769.0
027,Yangi sog'ilgan sut (1 litr),Молоко свежее (1 литр),Fresh milk (1 liter),Янги соғилган сут (1 литр),2013-03,monthly,2013,1308.0
034,Tuxum (10 dona),Яйца (10 штук),Eggs (10 pieces ),Тухум (10 дона),2013-03,monthly,2013,3530.0
037,Sariyog',Масло сливочное,Butter,Сариёғ,2013-03,monthly,2013,15437.0
039,Limon,Лимоны,Lemons,Лимон,2013-03,monthly,2013,7098.0
0040,Olma,Яблоки,Apples,Олма,2013-03,monthly,2013,3588.0
041,Nok,Груши,Pears,Нок,2013-03,monthly,2013,6889.0
053,Mayiz,Кишмиш,Kishmish,Майиз,2013-03,monthly,2013,6901.0
055,Karam,Капуста,Cabbage,Карам,2013-03,monthly,2013,604.0
057,Bodring,Огурцы,Cucumbers,Бодринг,2013-03,monthly,2013,8976.0
058,Pomidor,Помидоры,Tomatoes,Помидор,2013-03,monthly,2013,9122.0
061,Qovoq,Тыква,Pumpkin,Қовоқ,2013-03,monthly,2013,1081.0
063,Sabzi,Морковь,Carrot,Сабзи,2013-03,monthly,2013,367.0
065,Sarimsoq,Чеснок,Garlic,Саримсоқ,2013-03,monthly,2013,2446.0
066,Piyoz,Лук репчатый,Onion,Пиёз,2013-03,monthly,2013,473.0
069,Kartoshka,Картофель,Potatoes,Картошка,2013-03,monthly,2013,1739.0
002,Kruppa yormasi,Крупа манная,Semolina,Круппа ёрмаси,2013-03,monthly,2013,1126.0
001,Guruch,Рис,Rice,Гуруч,2013-04,monthly,2013,2630.0
003,Arpa,Ячмень,Barley,Арпа,2013-04,monthly,2013,1119.0
0004,Bug'doy,Пшеница,Wheat,Буғдой,2013-04,monthly,2013,1059.0
005,Jo'hori,Кукуруза,Corn,Жўҳори,2013-04,monthly,2013,972.0
006,Kepak,Отруби,Bran,Кепак,2013-04,monthly,2013,717.0
010,Kombikorm,Комбикорм,Compound feed,Комбикорм,2013-04,monthly,2013,746.0
011,Oliy navli bug'doy uni,Мука пшеничная высшего сорта,High-grade wheat flour,Олий навли буғдой уни,2013-04,monthly,2013,1567.0
017,Mol go'shti,Говядина,Beef,Мол гўшти,2013-04,monthly,2013,14536.0
0020,Qo'y go'shti,Баранина,Mutton,Қўй гўшти,2013-04,monthly,2013,17179.0
026,Turli baliqlar,Рыба всякая,Fish of all kinds,Турли балиқлар,2013-04,monthly,2013,10275.0
027,Yangi sog'ilgan sut (1 litr),Молоко свежее (1 литр),Fresh milk (1 liter),Янги соғилган сут (1 литр),2013-04,monthly,2013,1337.0
034,Tuxum (10 dona),Яйца (10 штук),Eggs (10 pieces ),Тухум (10 дона),2013-04,monthly,2013,3310.0
037,Sariyog',Масло сливочное,Butter,Сариёғ,2013-04,monthly,2013,15150.0
039,Limon,Лимоны,Lemons,Лимон,2013-04,monthly,2013,7631.0
0040,Olma,Яблоки,Apples,Олма,2013-04,monthly,2013,4045.0
041,Nok,Груши,Pears,Нок,2013-04,monthly,2013,6952.0
053,Mayiz,Кишмиш,Kishmish,Майиз,2013-04,monthly,2013,6777.0
055,Karam,Капуста,Cabbage,Карам,2013-04,monthly,2013,536.0
057,Bodring,Огурцы,Cucumbers,Бодринг,2013-04,monthly,2013,4072.0
058,Pomidor,Помидоры,Tomatoes,Помидор,2013-04,monthly,2013,6529.0
061,Qovoq,Тыква,Pumpkin,Қовоқ,2013-04,monthly,2013,1083.0
063,Sabzi,Морковь,Carrot,Сабзи,2013-04,monthly,2013,381.0
065,Sarimsoq,Чеснок,Garlic,Саримсоқ,2013-04,monthly,2013,2558.0
066,Piyoz,Лук репчатый,Onion,Пиёз,2013-04,monthly,2013,408.0
069,Kartoshka,Картофель,Potatoes,Картошка,2013-04,monthly,2013,1821.0
002,Kruppa yormasi,Крупа манная,Semolina,Круппа ёрмаси,2013-04,monthly,2013,1119.0
001,Guruch,Рис,Rice,Гуруч,2013-05,monthly,2013,2643.0
003,Arpa,Ячмень,Barley,Арпа,2013-05,monthly,2013,1112.0
0004,Bug'doy,Пшеница,Wheat,Буғдой,2013-05,monthly,2013,1053.0
005,Jo'hori,Кукуруза,Corn,Жўҳори,2013-05,monthly,2013,1004.0
006,Kepak,Отруби,Bran,Кепак,2013-05,monthly,2013,720.0
010,Kombikorm,Комбикорм,Compound feed,Комбикорм,2013-05,monthly,2013,750.0
011,Oliy navli bug'doy uni,Мука пшеничная высшего сорта,High-grade wheat flour,Олий навли буғдой уни,2013-05,monthly,2013,1537.0
017,Mol go'shti,Говядина,Beef,Мол гўшти,2013-05,monthly,2013,14512.0
0020,Qo'y go'shti,Баранина,Mutton,Қўй гўшти,2013-05,monthly,2013,17250.0
026,Turli baliqlar,Рыба всякая,Fish of all kinds,Турли балиқлар,2013-05,monthly,2013,10500.0
027,Yangi sog'ilgan sut (1 litr),Молоко свежее (1 литр),Fresh milk (1 liter),Янги соғилган сут (1 литр),2013-05,monthly,2013,1323.0
034,Tuxum (10 dona),Яйца (10 штук),Eggs (10 pieces ),Тухум (10 дона),2013-05,monthly,2013,3224.0
037,Sariyog',Масло сливочное,Butter,Сариёғ,2013-05,monthly,2013,15433.0
039,Limon,Лимоны,Lemons,Лимон,2013-05,monthly,2013,8369.0
0040,Olma,Яблоки,Apples,Олма,2013-05,monthly,2013,3162.0
041,Nok,Груши,Pears,Нок,2013-05,monthly,2013,7208.0
053,Mayiz,Кишмиш,Kishmish,Майиз,2013-05,monthly,2013,6872.0
055,Karam,Капуста,Cabbage,Карам,2013-05,monthly,2013,778.0
057,Bodring,Огурцы,Cucumbers,Бодринг,2013-05,monthly,2013,2055.0
058,Pomidor,Помидоры,Tomatoes,Помидор,2013-05,monthly,2013,4012.0
059,Baqlajon,Баклажаны,Eggplant,Бақлажон,2013-05,monthly,2013,3778.0
0060,Bulg'or qalampiri,Перец болгарский,Bell pepper,Булғор қалампири,2013-05,monthly,2013,4951.0
063,Sabzi,Морковь,Carrot,Сабзи,2013-05,monthly,2013,445.0
065,Sarimsoq,Чеснок,Garlic,Саримсоқ,2013-05,monthly,2013,2495.0
066,Piyoz,Лук репчатый,Onion,Пиёз,2013-05,monthly,2013,427.0
069,Kartoshka,Картофель,Potatoes,Картошка,2013-05,monthly,2013,1486.0
002,Kruppa yormasi,Крупа манная,Semolina,Круппа ёрмаси,2013-05,monthly,2013,1112.0
001,Guruch,Рис,Rice,Гуруч,2013-06,monthly,2013,2629.0
003,Arpa,Ячмень,Barley,Арпа,2013-06,monthly,2013,1023.0
0004,Bug'doy,Пшеница,Wheat,Буғдой,2013-06,monthly,2013,942.0
005,Jo'hori,Кукуруза,Corn,Жўҳори,2013-06,monthly,2013,989.0
006,Kepak,Отруби,Bran,Кепак,2013-06,monthly,2013,651.0
010,Kombikorm,Комбикорм,Compound feed,Комбикорм,2013-06,monthly,2013,787.0
011,Oliy navli bug'doy uni,Мука пшеничная высшего сорта,High-grade wheat flour,Олий навли буғдой уни,2013-06,monthly,2013,1467.0
017,Mol go'shti,Говядина,Beef,Мол гўшти,2013-06,monthly,2013,14881.0
0020,Qo'y go'shti,Баранина,Mutton,Қўй гўшти,2013-06,monthly,2013,17464.0
026,Turli baliqlar,Рыба всякая,Fish of all kinds,Турли балиқлар,2013-06,monthly,2013,10342.0
027,Yangi sog'ilgan sut (1 litr),Молоко свежее (1 литр),Fresh milk (1 liter),Янги соғилган сут (1 литр),2013-06,monthly,2013,1248.0
034,Tuxum (10 dona),Яйца (10 штук),Eggs (10 pieces ),Тухум (10 дона),2013-06,monthly,2013,3168.0
037,Sariyog',Масло сливочное,Butter,Сариёғ,2013-06,monthly,2013,16444.0
0040,Olma,Яблоки,Apples,Олма,2013-06,monthly,2013,2186.0
041,Nok,Груши,Pears,Нок,2013-06,monthly,2013,6320.0
049,Uzum,Виноград,Grape,Узум,2013-06,monthly,2013,2861.0
0050,Tarvuz,Арбуз,Watermelon,Тарвуз,2013-06,monthly,2013,1738.0
0051,Qovun,Дыня,Melon,Қовун,2013-06,monthly,2013,3214.0
053,Mayiz,Кишмиш,Kishmish,Майиз,2013-06,monthly,2013,7549.0
055,Karam,Капуста,Cabbage,Карам,2013-06,monthly,2013,814.0
057,Bodring,Огурцы,Cucumbers,Бодринг,2013-06,monthly,2013,704.0
058,Pomidor,Помидоры,Tomatoes,Помидор,2013-06,monthly,2013,1864.0
059,Baqlajon,Баклажаны,Eggplant,Бақлажон,2013-06,monthly,2013,1520.0
0060,Bulg'or qalampiri,Перец болгарский,Bell pepper,Булғор қалампири,2013-06,monthly,2013,2029.0
063,Sabzi,Морковь,Carrot,Сабзи,2013-06,monthly,2013,707.0
065,Sarimsoq,Чеснок,Garlic,Саримсоқ,2013-06,monthly,2013,1933.0
066,Piyoz,Лук репчатый,Onion,Пиёз,2013-06,monthly,2013,543.0
069,Kartoshka,Картофель,Potatoes,Картошка,2013-06,monthly,2013,713.0
002,Kruppa yormasi,Крупа манная,Semolina,Круппа ёрмаси,2013-06,monthly,2013,1023.0
001,Guruch,Рис,Rice,Гуруч,2013-07,monthly,2013,2783.0
003,Arpa,Ячмень,Barley,Арпа,2013-07,monthly,2013,996.0
0004,Bug'doy,Пшеница,Wheat,Буғдой,2013-07,monthly,2013,923.0
005,Jo'hori,Кукуруза,Corn,Жўҳори,2013-07,monthly,2013,1026.0
006,Kepak,Отруби,Bran,Кепак,2013-07,monthly,2013,664.0
010,Kombikorm,Комбикорм,Compound feed,Комбикорм,2013-07,monthly,2013,793.0
011,Oliy navli bug'doy uni,Мука пшеничная высшего сорта,High-grade wheat flour,Олий навли буғдой уни,2013-07,monthly,2013,1450.0
017,Mol go'shti,Говядина,Beef,Мол гўшти,2013-07,monthly,2013,15905.0
0020,Qo'y go'shti,Баранина,Mutton,Қўй гўшти,2013-07,monthly,2013,18369.0
026,Turli baliqlar,Рыба всякая,Fish of all kinds,Турли балиқлар,2013-07,monthly,2013,10854.0
027,Yangi sog'ilgan sut (1 litr),Молоко свежее (1 литр),Fresh milk (1 liter),Янги соғилган сут (1 литр),2013-07,monthly,2013,1280.0
034,Tuxum (10 dona),Яйца (10 штук),Eggs (10 pieces ),Тухум (10 дона),2013-07,monthly,2013,3238.0
037,Sariyog',Масло сливочное,Butter,Сариёғ,2013-07,monthly,2013,16500.0
0040,Olma,Яблоки,Apples,Олма,2013-07,monthly,2013,2087.0
041,Nok,Груши,Pears,Нок,2013-07,monthly,2013,4892.0
049,Uzum,Виноград,Grape,Узум,2013-07,monthly,2013,2173.0
0050,Tarvuz,Арбуз,Watermelon,Тарвуз,2013-07,monthly,2013,1012.0
0051,Qovun,Дыня,Melon,Қовун,2013-07,monthly,2013,1732.0
053,Mayiz,Кишмиш,Kishmish,Майиз,2013-07,monthly,2013,7710.0
055,Karam,Капуста,Cabbage,Карам,2013-07,monthly,2013,1046.0
057,Bodring,Огурцы,Cucumbers,Бодринг,2013-07,monthly,2013,721.0
058,Pomidor,Помидоры,Tomatoes,Помидор,2013-07,monthly,2013,819.0
059,Baqlajon,Баклажаны,Eggplant,Бақлажон,2013-07,monthly,2013,783.0
0060,Bulg'or qalampiri,Перец болгарский,Bell pepper,Булғор қалампири,2013-07,monthly,2013,1379.0
061,Qovoq,Тыква,Pumpkin,Қовоқ,2013-07,monthly,2013,950.0
063,Sabzi,Морковь,Carrot,Сабзи,2013-07,monthly,2013,960.0
065,Sarimsoq,Чеснок,Garlic,Саримсоқ,2013-07,monthly,2013,1789.0
066,Piyoz,Лук репчатый,Onion,Пиёз,2013-07,monthly,2013,452.0
069,Kartoshka,Картофель,Potatoes,Картошка,2013-07,monthly,2013,827.0
002,Kruppa yormasi,Крупа манная,Semolina,Круппа ёрмаси,2013-07,monthly,2013,996.0
001,Guruch,Рис,Rice,Гуруч,2013-08,monthly,2013,3050.0
003,Arpa,Ячмень,Barley,Арпа,2013-08,monthly,2013,1069.0
0004,Bug'doy,Пшеница,Wheat,Буғдой,2013-08,monthly,2013,946.0
005,Jo'hori,Кукуруза,Corn,Жўҳори,2013-08,monthly,2013,1100.0
006,Kepak,Отруби,Bran,Кепак,2013-08,monthly,2013,697.0
010,Kombikorm,Комбикорм,Compound feed,Комбикорм,2013-08,monthly,2013,807.0
011,Oliy navli bug'doy uni,Мука пшеничная высшего сорта,High-grade wheat flour,Олий навли буғдой уни,2013-08,monthly,2013,1437.0
017,Mol go'shti,Говядина,Beef,Мол гўшти,2013-08,monthly,2013,16738.0
0020,Qo'y go'shti,Баранина,Mutton,Қўй гўшти,2013-08,monthly,2013,18857.0
026,Turli baliqlar,Рыба всякая,Fish of all kinds,Турли балиқлар,2013-08,monthly,2013,9528.0
027,Yangi sog'ilgan sut (1 litr),Молоко свежее (1 литр),Fresh milk (1 liter),Янги соғилган сут (1 литр),2013-08,monthly,2013,1320.0
034,Tuxum (10 dona),Яйца (10 штук),Eggs (10 pieces ),Тухум (10 дона),2013-08,monthly,2013,3379.0
037,Sariyog',Масло сливочное,Butter,Сариёғ,2013-08,monthly,2013,16222.0
0040,Olma,Яблоки,Apples,Олма,2013-08,monthly,2013,2308.0
041,Nok,Груши,Pears,Нок,2013-08,monthly,2013,3600.0
049,Uzum,Виноград,Grape,Узум,2013-08,monthly,2013,2114.0
0050,Tarvuz,Арбуз,Watermelon,Тарвуз,2013-08,monthly,2013,846.0
0051,Qovun,Дыня,Melon,Қовун,2013-08,monthly,2013,1158.0
053,Mayiz,Кишмиш,Kishmish,Майиз,2013-08,monthly,2013,8321.0
055,Karam,Капуста,Cabbage,Карам,2013-08,monthly,2013,1132.0
057,Bodring,Огурцы,Cucumbers,Бодринг,2013-08,monthly,2013,840.0
058,Pomidor,Помидоры,Tomatoes,Помидор,2013-08,monthly,2013,698.0
059,Baqlajon,Баклажаны,Eggplant,Бақлажон,2013-08,monthly,2013,692.0
0060,Bulg'or qalampiri,Перец болгарский,Bell pepper,Булғор қалампири,2013-08,monthly,2013,973.0
061,Qovoq,Тыква,Pumpkin,Қовоқ,2013-08,monthly,2013,1071.0
063,Sabzi,Морковь,Carrot,Сабзи,2013-08,monthly,2013,1236.0
065,Sarimsoq,Чеснок,Garlic,Саримсоқ,2013-08,monthly,2013,1729.0
066,Piyoz,Лук репчатый,Onion,Пиёз,2013-08,monthly,2013,483.0
069,Kartoshka,Картофель,Potatoes,Картошка,2013-08,monthly,2013,986.0
002,Kruppa yormasi,Крупа манная,Semolina,Круппа ёрмаси,2013-08,monthly,2013,1069.0
001,Guruch,Рис,Rice,Гуруч,2013-09,monthly,2013,3067.0
003,Arpa,Ячмень,Barley,Арпа,2013-09,monthly,2013,1073.0
0004,Bug'doy,Пшеница,Wheat,Буғдой,2013-09,monthly,2013,949.0
005,Jo'hori,Кукуруза,Corn,Жўҳори,2013-09,monthly,2013,1019.0
006,Kepak,Отруби,Bran,Кепак,2013-09,monthly,2013,703.0
010,Kombikorm,Комбикорм,Compound feed,Комбикорм,2013-09,monthly,2013,817.0
011,Oliy navli bug'doy uni,Мука пшеничная высшего сорта,High-grade wheat flour,Олий навли буғдой уни,2013-09,monthly,2013,1426.0
017,Mol go'shti,Говядина,Beef,Мол гўшти,2013-09,monthly,2013,16917.0
0020,Qo'y go'shti,Баранина,Mutton,Қўй гўшти,2013-09,monthly,2013,19012.0
026,Turli baliqlar,Рыба всякая,Fish of all kinds,Турли балиқлар,2013-09,monthly,2013,10778.0
027,Yangi sog'ilgan sut (1 litr),Молоко свежее (1 литр),Fresh milk (1 liter),Янги соғилган сут (1 литр),2013-09,monthly,2013,1340.0
034,Tuxum (10 dona),Яйца (10 штук),Eggs (10 pieces ),Тухум (10 дона),2013-09,monthly,2013,3634.0
037,Sariyog',Масло сливочное,Butter,Сариёғ,2013-09,monthly,2013,16463.0
039,Limon,Лимоны,Lemons,Лимон,2013-09,monthly,2013,12667.0
0040,Olma,Яблоки,Apples,Олма,2013-09,monthly,2013,2333.0
041,Nok,Груши,Pears,Нок,2013-09,monthly,2013,3642.0
049,Uzum,Виноград,Grape,Узум,2013-09,monthly,2013,1976.0
0050,Tarvuz,Арбуз,Watermelon,Тарвуз,2013-09,monthly,2013,688.0
0051,Qovun,Дыня,Melon,Қовун,2013-09,monthly,2013,860.0
053,Mayiz,Кишмиш,Kishmish,Майиз,2013-09,monthly,2013,8600.0
055,Karam,Капуста,Cabbage,Карам,2013-09,monthly,2013,1105.0
057,Bodring,Огурцы,Cucumbers,Бодринг,2013-09,monthly,2013,1010.0
058,Pomidor,Помидоры,Tomatoes,Помидор,2013-09,monthly,2013,774.0
059,Baqlajon,Баклажаны,Eggplant,Бақлажон,2013-09,monthly,2013,706.0
0060,Bulg'or qalampiri,Перец болгарский,Bell pepper,Булғор қалампири,2013-09,monthly,2013,907.0
061,Qovoq,Тыква,Pumpkin,Қовоқ,2013-09,monthly,2013,1180.0
063,Sabzi,Морковь,Carrot,Сабзи,2013-09,monthly,2013,1343.0
065,Sarimsoq,Чеснок,Garlic,Саримсоқ,2013-09,monthly,2013,1795.0
066,Piyoz,Лук репчатый,Onion,Пиёз,2013-09,monthly,2013,526.0
069,Kartoshka,Картофель,Potatoes,Картошка,2013-09,monthly,2013,1095.0
002,Kruppa yormasi,Крупа манная,Semolina,Круппа ёрмаси,2013-09,monthly,2013,1073.0
001,Guruch,Рис,Rice,Гуруч,2013-10,monthly,2013,3121.0
003,Arpa,Ячмень,Barley,Арпа,2013-10,monthly,2013,1067.0
0004,Bug'doy,Пшеница,Wheat,Буғдой,2013-10,monthly,2013,972.0
005,Jo'hori,Кукуруза,Corn,Жўҳори,2013-10,monthly,2013,985.0
006,Kepak,Отруби,Bran,Кепак,2013-10,monthly,2013,716.0
010,Kombikorm,Комбикорм,Compound feed,Комбикорм,2013-10,monthly,2013,820.0
011,Oliy navli bug'doy uni,Мука пшеничная высшего сорта,High-grade wheat flour,Олий навли буғдой уни,2013-10,monthly,2013,1463.0
017,Mol go'shti,Говядина,Beef,Мол гўшти,2013-10,monthly,2013,17083.0
0020,Qo'y go'shti,Баранина,Mutton,Қўй гўшти,2013-10,monthly,2013,19298.0
026,Turli baliqlar,Рыба всякая,Fish of all kinds,Турли балиқлар,2013-10,monthly,2013,10167.0
027,Yangi sog'ilgan sut (1 litr),Молоко свежее (1 литр),Fresh milk (1 liter),Янги соғилган сут (1 литр),2013-10,monthly,2013,1340.0
034,Tuxum (10 dona),Яйца (10 штук),Eggs (10 pieces ),Тухум (10 дона),2013-10,monthly,2013,3956.0
037,Sariyog',Масло сливочное,Butter,Сариёғ,2013-10,monthly,2013,16315.0
039,Limon,Лимоны,Lemons,Лимон,2013-10,monthly,2013,9611.0
0040,Olma,Яблоки,Apples,Олма,2013-10,monthly,2013,2388.0
041,Nok,Груши,Pears,Нок,2013-10,monthly,2013,3794.0
049,Uzum,Виноград,Grape,Узум,2013-10,monthly,2013,2131.0
0050,Tarvuz,Арбуз,Watermelon,Тарвуз,2013-10,monthly,2013,780.0
0051,Qovun,Дыня,Melon,Қовун,2013-10,monthly,2013,1063.0
053,Mayiz,Кишмиш,Kishmish,Майиз,2013-10,monthly,2013,9231.0
055,Karam,Капуста,Cabbage,Карам,2013-10,monthly,2013,933.0
057,Bodring,Огурцы,Cucumbers,Бодринг,2013-10,monthly,2013,1283.0
058,Pomidor,Помидоры,Tomatoes,Помидор,2013-10,monthly,2013,1112.0
059,Baqlajon,Баклажаны,Eggplant,Бақлажон,2013-10,monthly,2013,763.0
0060,Bulg'or qalampiri,Перец болгарский,Bell pepper,Булғор қалампири,2013-10,monthly,2013,1048.0
061,Qovoq,Тыква,Pumpkin,Қовоқ,2013-10,monthly,2013,1179.0
063,Sabzi,Морковь,Carrot,Сабзи,2013-10,monthly,2013,1190.0
065,Sarimsoq,Чеснок,Garlic,Саримсоқ,2013-10,monthly,2013,1952.0
066,Piyoz,Лук репчатый,Onion,Пиёз,2013-10,monthly,2013,550.0
069,Kartoshka,Картофель,Potatoes,Картошка,2013-10,monthly,2013,1181.0
002,Kruppa yormasi,Крупа манная,Semolina,Круппа ёрмаси,2013-10,monthly,2013,1067.0
001,Guruch,Рис,Rice,Гуруч,2013-11,monthly,2013,3105.0
003,Arpa,Ячмень,Barley,Арпа,2013-11,monthly,2013,1064.0
0004,Bug'doy,Пшеница,Wheat,Буғдой,2013-11,monthly,2013,991.0
005,Jo'hori,Кукуруза,Corn,Жўҳори,2013-11,monthly,2013,946.0
006,Kepak,Отруби,Bran,Кепак,2013-11,monthly,2013,716.0
010,Kombikorm,Комбикорм,Compound feed,Комбикорм,2013-11,monthly,2013,842.0
011,Oliy navli bug'doy uni,Мука пшеничная высшего сорта,High-grade wheat flour,Олий навли буғдой уни,2013-11,monthly,2013,1481.0
017,Mol go'shti,Говядина,Beef,Мол гўшти,2013-11,monthly,2013,17357.0
0020,Qo'y go'shti,Баранина,Mutton,Қўй гўшти,2013-11,monthly,2013,19643.0
026,Turli baliqlar,Рыба всякая,Fish of all kinds,Турли балиқлар,2013-11,monthly,2013,9958.0
027,Yangi sog'ilgan sut (1 litr),Молоко свежее (1 литр),Fresh milk (1 liter),Янги соғилган сут (1 литр),2013-11,monthly,2013,1500.0
034,Tuxum (10 dona),Яйца (10 штук),Eggs (10 pieces ),Тухум (10 дона),2013-11,monthly,2013,4148.0
037,Sariyog',Масло сливочное,Butter,Сариёғ,2013-11,monthly,2013,15227.0
039,Limon,Лимоны,Lemons,Лимон,2013-11,monthly,2013,6718.0
0040,Olma,Яблоки,Apples,Олма,2013-11,monthly,2013,2660.0
041,Nok,Груши,Pears,Нок,2013-11,monthly,2013,4372.0
049,Uzum,Виноград,Grape,Узум,2013-11,monthly,2013,2726.0
0050,Tarvuz,Арбуз,Watermelon,Тарвуз,2013-11,monthly,2013,1123.0
0051,Qovun,Дыня,Melon,Қовун,2013-11,monthly,2013,1406.0
053,Mayiz,Кишмиш,Kishmish,Майиз,2013-11,monthly,2013,9121.0
055,Karam,Капуста,Cabbage,Карам,2013-11,monthly,2013,719.0
057,Bodring,Огурцы,Cucumbers,Бодринг,2013-11,monthly,2013,2133.0
058,Pomidor,Помидоры,Tomatoes,Помидор,2013-11,monthly,2013,1310.0
059,Baqlajon,Баклажаны,Eggplant,Бақлажон,2013-11,monthly,2013,1176.0
0060,Bulg'or qalampiri,Перец болгарский,Bell pepper,Булғор қалампири,2013-11,monthly,2013,1331.0
061,Qovoq,Тыква,Pumpkin,Қовоқ,2013-11,monthly,2013,979.0
063,Sabzi,Морковь,Carrot,Сабзи,2013-11,monthly,2013,838.0
065,Sarimsoq,Чеснок,Garlic,Саримсоқ,2013-11,monthly,2013,2157.0
066,Piyoz,Лук репчатый,Onion,Пиёз,2013-11,monthly,2013,569.0
069,Kartoshka,Картофель,Potatoes,Картошка,2013-11,monthly,2013,1352.0
002,Kruppa yormasi,Крупа манная,Semolina,Круппа ёрмаси,2013-11,monthly,2013,1064.0
001,Guruch,Рис,Rice,Гуруч,2013-12,monthly,2013,3108.0
003,Arpa,Ячмень,Barley,Арпа,2013-12,monthly,2013,1085.0
0004,Bug'doy,Пшеница,Wheat,Буғдой,2013-12,monthly,2013,983.0
005,Jo'hori,Кукуруза,Corn,Жўҳори,2013-12,monthly,2013,967.0
006,Kepak,Отруби,Bran,Кепак,2013-12,monthly,2013,739.0
010,Kombikorm,Комбикорм,Compound feed,Комбикорм,2013-12,monthly,2013,872.0
011,Oliy navli bug'doy uni,Мука пшеничная высшего сорта,High-grade wheat flour,Олий навли буғдой уни,2013-12,monthly,2013,1458.0
017,Mol go'shti,Говядина,Beef,Мол гўшти,2013-12,monthly,2013,17333.0
0020,Qo'y go'shti,Баранина,Mutton,Қўй гўшти,2013-12,monthly,2013,19738.0
026,Turli baliqlar,Рыба всякая,Fish of all kinds,Турли балиқлар,2013-12,monthly,2013,10889.0
027,Yangi sog'ilgan sut (1 litr),Молоко свежее (1 литр),Fresh milk (1 liter),Янги соғилган сут (1 литр),2013-12,monthly,2013,1495.0
034,Tuxum (10 dona),Яйца (10 штук),Eggs (10 pieces ),Тухум (10 дона),2013-12,monthly,2013,4064.0
037,Sariyog',Масло сливочное,Butter,Сариёғ,2013-12,monthly,2013,16106.0
039,Limon,Лимоны,Lemons,Лимон,2013-12,monthly,2013,5918.0
0040,Olma,Яблоки,Apples,Олма,2013-12,monthly,2013,2948.0
041,Nok,Груши,Pears,Нок,2013-12,monthly,2013,4702.0
049,Uzum,Виноград,Grape,Узум,2013-12,monthly,2013,3679.0
0050,Tarvuz,Арбуз,Watermelon,Тарвуз,2013-12,monthly,2013,1502.0
0051,Qovun,Дыня,Melon,Қовун,2013-12,monthly,2013,1862.0
053,Mayiz,Кишмиш,Kishmish,Майиз,2013-12,monthly,2013,9092.0
055,Karam,Капуста,Cabbage,Карам,2013-12,monthly,2013,729.0
057,Bodring,Огурцы,Cucumbers,Бодринг,2013-12,monthly,2013,3221.0
058,Pomidor,Помидоры,Tomatoes,Помидор,2013-12,monthly,2013,2048.0
059,Baqlajon,Баклажаны,Eggplant,Бақлажон,2013-12,monthly,2013,1689.0
0060,Bulg'or qalampiri,Перец болгарский,Bell pepper,Булғор қалампири,2013-12,monthly,2013,2012.0
061,Qovoq,Тыква,Pumpkin,Қовоқ,2013-12,monthly,2013,979.0
063,Sabzi,Морковь,Carrot,Сабзи,2013-12,monthly,2013,614.0
065,Sarimsoq,Чеснок,Garlic,Саримсоқ,2013-12,monthly,2013,2240.0
066,Piyoz,Лук репчатый,Onion,Пиёз,2013-12,monthly,2013,562.0
069,Kartoshka,Картофель,Potatoes,Картошка,2013-12,monthly,2013,1406.0
002,Kruppa yormasi,Крупа манная,Semolina,Круппа ёрмаси,2013-12,monthly,2013,1085.0
001,Guruch,Рис,Rice,Гуруч,2014-01,monthly,2014,3281.0
003,Arpa,Ячмень,Barley,Арпа,2014-01,monthly,2014,1105.0
0004,Bug'doy,Пшеница,Wheat,Буғдой,2014-01,monthly,2014,994.0
005,Jo'hori,Кукуруза,Corn,Жўҳори,2014-01,monthly,2014,1003.0
006,Kepak,Отруби,Bran,Кепак,2014-01,monthly,2014,747.0
010,Kombikorm,Комбикорм,Compound feed,Комбикорм,2014-01,monthly,2014,850.0
017,Mol go'shti,Говядина,Beef,Мол гўшти,2014-01,monthly,2014,17762.0
0020,Qo'y go'shti,Баранина,Mutton,Қўй гўшти,2014-01,monthly,2014,20000.0
026,Turli baliqlar,Рыба всякая,Fish of all kinds,Турли балиқлар,2014-01,monthly,2014,10267.0
027,Yangi sog'ilgan sut (1 litr),Молоко свежее (1 литр),Fresh milk (1 liter),Янги соғилган сут (1 литр),2014-01,monthly,2014,1510.0
034,Tuxum (10 dona),Яйца (10 штук),Eggs (10 pieces ),Тухум (10 дона),2014-01,monthly,2014,4167.0
037,Sariyog',Масло сливочное,Butter,Сариёғ,2014-01,monthly,2014,17076.0
039,Limon,Лимоны,Lemons,Лимон,2014-01,monthly,2014,5729.0
0040,Olma,Яблоки,Apples,Олма,2014-01,monthly,2014,3460.0
041,Nok,Груши,Pears,Нок,2014-01,monthly,2014,5917.0
049,Uzum,Виноград,Grape,Узум,2014-01,monthly,2014,5150.0
0050,Tarvuz,Арбуз,Watermelon,Тарвуз,2014-01,monthly,2014,1879.0
0051,Qovun,Дыня,Melon,Қовун,2014-01,monthly,2014,2336.0
053,Mayiz,Кишмиш,Kishmish,Майиз,2014-01,monthly,2014,9679.0
055,Karam,Капуста,Cabbage,Карам,2014-01,monthly,2014,805.0
057,Bodring,Огурцы,Cucumbers,Бодринг,2014-01,monthly,2014,4743.0
058,Pomidor,Помидоры,Tomatoes,Помидор,2014-01,monthly,2014,3410.0
0060,Bulg'or qalampiri,Перец болгарский,Bell pepper,Булғор қалампири,2014-01,monthly,2014,3393.0
061,Qovoq,Тыква,Pumpkin,Қовоқ,2014-01,monthly,2014,1164.0
063,Sabzi,Морковь,Carrot,Сабзи,2014-01,monthly,2014,598.0
065,Sarimsoq,Чеснок,Garlic,Саримсоқ,2014-01,monthly,2014,2931.0
066,Piyoz,Лук репчатый,Onion,Пиёз,2014-01,monthly,2014,571.0
069,Kartoshka,Картофель,Potatoes,Картошка,2014-01,monthly,2014,1543.0
002,Kruppa yormasi,Крупа манная,Semolina,Круппа ёрмаси,2014-01,monthly,2014,1105.0
001,Guruch,Рис,Rice,Гуруч,2014-02,monthly,2014,3374.0
003,Arpa,Ячмень,Barley,Арпа,2014-02,monthly,2014,1101.0
0004,Bug'doy,Пшеница,Wheat,Буғдой,2014-02,monthly,2014,1019.0
005,Jo'hori,Кукуруза,Corn,Жўҳори,2014-02,monthly,2014,1054.0
006,Kepak,Отруби,Bran,Кепак,2014-02,monthly,2014,743.0
010,Kombikorm,Комбикорм,Compound feed,Комбикорм,2014-02,monthly,2014,931.0
017,Mol go'shti,Говядина,Beef,Мол гўшти,2014-02,monthly,2014,18429.0
0020,Qo'y go'shti,Баранина,Mutton,Қўй гўшти,2014-02,monthly,2014,20690.0
026,Turli baliqlar,Рыба всякая,Fish of all kinds,Турли балиқлар,2014-02,monthly,2014,10967.0
027,Yangi sog'ilgan sut (1 litr),Молоко свежее (1 литр),Fresh milk (1 liter),Янги соғилган сут (1 литр),2014-02,monthly,2014,1554.0
034,Tuxum (10 dona),Яйца (10 штук),Eggs (10 pieces ),Тухум (10 дона),2014-02,monthly,2014,4057.0
037,Sariyog',Масло сливочное,Butter,Сариёғ,2014-02,monthly,2014,17182.0
039,Limon,Лимоны,Lemons,Лимон,2014-02,monthly,2014,6312.0
0040,Olma,Яблоки,Apples,Олма,2014-02,monthly,2014,3831.0
041,Nok,Груши,Pears,Нок,2014-02,monthly,2014,6687.0
049,Uzum,Виноград,Grape,Узум,2014-02,monthly,2014,6264.0
053,Mayiz,Кишмиш,Kishmish,Майиз,2014-02,monthly,2014,10141.0
055,Karam,Капуста,Cabbage,Карам,2014-02,monthly,2014,931.0
057,Bodring,Огурцы,Cucumbers,Бодринг,2014-02,monthly,2014,5989.0
058,Pomidor,Помидоры,Tomatoes,Помидор,2014-02,monthly,2014,4958.0
061,Qovoq,Тыква,Pumpkin,Қовоқ,2014-02,monthly,2014,1374.0
063,Sabzi,Морковь,Carrot,Сабзи,2014-02,monthly,2014,750.0
065,Sarimsoq,Чеснок,Garlic,Саримсоқ,2014-02,monthly,2014,3095.0
066,Piyoz,Лук репчатый,Onion,Пиёз,2014-02,monthly,2014,624.0
069,Kartoshka,Картофель,Potatoes,Картошка,2014-02,monthly,2014,1708.0
002,Kruppa yormasi,Крупа манная,Semolina,Круппа ёрмаси,2014-02,monthly,2014,1101.0
001,Guruch,Рис,Rice,Гуруч,2014-03,monthly,2014,3421.0
003,Arpa,Ячмень,Barley,Арпа,2014-03,monthly,2014,1110.0
0004,Bug'doy,Пшеница,Wheat,Буғдой,2014-03,monthly,2014,1021.0
005,Jo'hori,Кукуруза,Corn,Жўҳори,2014-03,monthly,2014,1059.0
006,Kepak,Отруби,Bran,Кепак,2014-03,monthly,2014,753.0
010,Kombikorm,Комбикорм,Compound feed,Комбикорм,2014-03,monthly,2014,929.0
017,Mol go'shti,Говядина,Beef,Мол гўшти,2014-03,monthly,2014,19619.0
0020,Qo'y go'shti,Баранина,Mutton,Қўй гўшти,2014-03,monthly,2014,21833.0
026,Turli baliqlar,Рыба всякая,Fish of all kinds,Турли балиқлар,2014-03,monthly,2014,11553.0
027,Yangi sog'ilgan sut (1 litr),Молоко свежее (1 литр),Fresh milk (1 liter),Янги соғилган сут (1 литр),2014-03,monthly,2014,1538.0
034,Tuxum (10 dona),Яйца (10 штук),Eggs (10 pieces ),Тухум (10 дона),2014-03,monthly,2014,3712.0
037,Sariyog',Масло сливочное,Butter,Сариёғ,2014-03,monthly,2014,17788.0
039,Limon,Лимоны,Lemons,Лимон,2014-03,monthly,2014,6617.0
0040,Olma,Яблоки,Apples,Олма,2014-03,monthly,2014,3910.0
041,Nok,Груши,Pears,Нок,2014-03,monthly,2014,7376.0
049,Uzum,Виноград,Grape,Узум,2014-03,monthly,2014,6650.0
053,Mayiz,Кишмиш,Kishmish,Майиз,2014-03,monthly,2014,10397.0
055,Karam,Капуста,Cabbage,Карам,2014-03,monthly,2014,832.0
057,Bodring,Огурцы,Cucumbers,Бодринг,2014-03,monthly,2014,7433.0
058,Pomidor,Помидоры,Tomatoes,Помидор,2014-03,monthly,2014,7053.0
061,Qovoq,Тыква,Pumpkin,Қовоқ,2014-03,monthly,2014,1529.0
063,Sabzi,Морковь,Carrot,Сабзи,2014-03,monthly,2014,740.0
065,Sarimsoq,Чеснок,Garlic,Саримсоқ,2014-03,monthly,2014,3112.0
066,Piyoz,Лук репчатый,Onion,Пиёз,2014-03,monthly,2014,789.0
069,Kartoshka,Картофель,Potatoes,Картошка,2014-03,monthly,2014,1862.0
002,Kruppa yormasi,Крупа манная,Semolina,Круппа ёрмаси,2014-03,monthly,2014,1110.0
001,Guruch,Рис,Rice,Гуруч,2014-04,monthly,2014,3286.0
003,Arpa,Ячмень,Barley,Арпа,2014-04,monthly,2014,1123.0
0004,Bug'doy,Пшеница,Wheat,Буғдой,2014-04,monthly,2014,1037.0
005,Jo'hori,Кукуруза,Corn,Жўҳори,2014-04,monthly,2014,1236.0
006,Kepak,Отруби,Bran,Кепак,2014-04,monthly,2014,780.0
010,Kombikorm,Комбикорм,Compound feed,Комбикорм,2014-04,monthly,2014,954.0
017,Mol go'shti,Говядина,Beef,Мол гўшти,2014-04,monthly,2014,19952.0
0020,Qo'y go'shti,Баранина,Mutton,Қўй гўшти,2014-04,monthly,2014,21952.0
026,Turli baliqlar,Рыба всякая,Fish of all kinds,Турли балиқлар,2014-04,monthly,2014,11350.0
027,Yangi sog'ilgan sut (1 litr),Молоко свежее (1 литр),Fresh milk (1 liter),Янги соғилган сут (1 литр),2014-04,monthly,2014,1559.0
034,Tuxum (10 dona),Яйца (10 штук),Eggs (10 pieces ),Тухум (10 дона),2014-04,monthly,2014,3379.0
037,Sariyog',Масло сливочное,Butter,Сариёғ,2014-04,monthly,2014,17894.0
039,Limon,Лимоны,Lemons,Лимон,2014-04,monthly,2014,6926.0
0040,Olma,Яблоки,Apples,Олма,2014-04,monthly,2014,3814.0
041,Nok,Груши,Pears,Нок,2014-04,monthly,2014,8271.0
053,Mayiz,Кишмиш,Kishmish,Майиз,2014-04,monthly,2014,10492.0
055,Karam,Капуста,Cabbage,Карам,2014-04,monthly,2014,954.0
057,Bodring,Огурцы,Cucumbers,Бодринг,2014-04,monthly,2014,6000.0
058,Pomidor,Помидоры,Tomatoes,Помидор,2014-04,monthly,2014,7374.0
061,Qovoq,Тыква,Pumpkin,Қовоқ,2014-04,monthly,2014,1500.0
063,Sabzi,Морковь,Carrot,Сабзи,2014-04,monthly,2014,1219.0
065,Sarimsoq,Чеснок,Garlic,Саримсоқ,2014-04,monthly,2014,3250.0
066,Piyoz,Лук репчатый,Onion,Пиёз,2014-04,monthly,2014,1312.0
069,Kartoshka,Картофель,Potatoes,Картошка,2014-04,monthly,2014,2790.0
002,Kruppa yormasi,Крупа манная,Semolina,Круппа ёрмаси,2014-04,monthly,2014,1123.0
001,Guruch,Рис,Rice,Гуруч,2014-05,monthly,2014,3195.0
003,Arpa,Ячмень,Barley,Арпа,2014-05,monthly,2014,1150.0
0004,Bug'doy,Пшеница,Wheat,Буғдой,2014-05,monthly,2014,1054.0
005,Jo'hori,Кукуруза,Corn,Жўҳори,2014-05,monthly,2014,1324.0
006,Kepak,Отруби,Bran,Кепак,2014-05,monthly,2014,783.0
010,Kombikorm,Комбикорм,Compound feed,Комбикорм,2014-05,monthly,2014,969.0
017,Mol go'shti,Говядина,Beef,Мол гўшти,2014-05,monthly,2014,19929.0
0020,Qo'y go'shti,Баранина,Mutton,Қўй гўшти,2014-05,monthly,2014,21905.0
026,Turli baliqlar,Рыба всякая,Fish of all kinds,Турли балиқлар,2014-05,monthly,2014,10967.0
027,Yangi sog'ilgan sut (1 litr),Молоко свежее (1 литр),Fresh milk (1 liter),Янги соғилган сут (1 литр),2014-05,monthly,2014,1536.0
034,Tuxum (10 dona),Яйца (10 штук),Eggs (10 pieces ),Тухум (10 дона),2014-05,monthly,2014,3059.0
037,Sariyog',Масло сливочное,Butter,Сариёғ,2014-05,monthly,2014,17800.0
039,Limon,Лимоны,Lemons,Лимон,2014-05,monthly,2014,7369.0
0040,Olma,Яблоки,Apples,Олма,2014-05,monthly,2014,4229.0
041,Nok,Груши,Pears,Нок,2014-05,monthly,2014,9315.0
053,Mayiz,Кишмиш,Kishmish,Майиз,2014-05,monthly,2014,10346.0
055,Karam,Капуста,Cabbage,Карам,2014-05,monthly,2014,857.0
057,Bodring,Огурцы,Cucumbers,Бодринг,2014-05,monthly,2014,2731.0
058,Pomidor,Помидоры,Tomatoes,Помидор,2014-05,monthly,2014,4988.0
0060,Bulg'or qalampiri,Перец болгарский,Bell pepper,Булғор қалампири,2014-05,monthly,2014,3958.0
063,Sabzi,Морковь,Carrot,Сабзи,2014-05,monthly,2014,1564.0
065,Sarimsoq,Чеснок,Garlic,Саримсоқ,2014-05,monthly,2014,3224.0
066,Piyoz,Лук репчатый,Onion,Пиёз,2014-05,monthly,2014,1118.0
069,Kartoshka,Картофель,Potatoes,Картошка,2014-05,monthly,2014,2220.0
002,Kruppa yormasi,Крупа манная,Semolina,Круппа ёрмаси,2014-05,monthly,2014,1150.0
001,Guruch,Рис,Rice,Гуруч,2014-06,monthly,2014,3155.0
003,Arpa,Ячмень,Barley,Арпа,2014-06,monthly,2014,1080.0
0004,Bug'doy,Пшеница,Wheat,Буғдой,2014-06,monthly,2014,994.0
005,Jo'hori,Кукуруза,Corn,Жўҳори,2014-06,monthly,2014,1417.0
006,Kepak,Отруби,Bran,Кепак,2014-06,monthly,2014,801.0
010,Kombikorm,Комбикорм,Compound feed,Комбикорм,2014-06,monthly,2014,969.0
017,Mol go'shti,Говядина,Beef,Мол гўшти,2014-06,monthly,2014,20071.0
0020,Qo'y go'shti,Баранина,Mutton,Қўй гўшти,2014-06,monthly,2014,22167.0
026,Turli baliqlar,Рыба всякая,Fish of all kinds,Турли балиқлар,2014-06,monthly,2014,11350.0
027,Yangi sog'ilgan sut (1 litr),Молоко свежее (1 литр),Fresh milk (1 liter),Янги соғилган сут (1 литр),2014-06,monthly,2014,1454.0
034,Tuxum (10 dona),Яйца (10 штук),Eggs (10 pieces ),Тухум (10 дона),2014-06,monthly,2014,3127.0
037,Sariyog',Масло сливочное,Butter,Сариёғ,2014-06,monthly,2014,16485.0
039,Limon,Лимоны,Lemons,Лимон,2014-06,monthly,2014,7903.0
0040,Olma,Яблоки,Apples,Олма,2014-06,monthly,2014,3350.0
041,Nok,Груши,Pears,Нок,2014-06,monthly,2014,8889.0
049,Uzum,Виноград,Grape,Узум,2014-06,monthly,2014,2875.0
0050,Tarvuz,Арбуз,Watermelon,Тарвуз,2014-06,monthly,2014,1404.0
0051,Qovun,Дыня,Melon,Қовун,2014-06,monthly,2014,1625.0
053,Mayiz,Кишмиш,Kishmish,Майиз,2014-06,monthly,2014,9726.0
055,Karam,Капуста,Cabbage,Карам,2014-06,monthly,2014,783.0
057,Bodring,Огурцы,Cucumbers,Бодринг,2014-06,monthly,2014,543.0
058,Pomidor,Помидоры,Tomatoes,Помидор,2014-06,monthly,2014,2738.0
059,Baqlajon,Баклажаны,Eggplant,Бақлажон,2014-06,monthly,2014,2589.0
0060,Bulg'or qalampiri,Перец болгарский,Bell pepper,Булғор қалампири,2014-06,monthly,2014,2726.0
063,Sabzi,Морковь,Carrot,Сабзи,2014-06,monthly,2014,1919.0
065,Sarimsoq,Чеснок,Garlic,Саримсоқ,2014-06,monthly,2014,3085.0
066,Piyoz,Лук репчатый,Onion,Пиёз,2014-06,monthly,2014,594.0
069,Kartoshka,Картофель,Potatoes,Картошка,2014-06,monthly,2014,1345.0
002,Kruppa yormasi,Крупа манная,Semolina,Круппа ёрмаси,2014-06,monthly,2014,1080.0
001,Guruch,Рис,Rice,Гуруч,2014-07,monthly,2014,3383.0
003,Arpa,Ячмень,Barley,Арпа,2014-07,monthly,2014,1067.0
0004,Bug'doy,Пшеница,Wheat,Буғдой,2014-07,monthly,2014,959.0
005,Jo'hori,Кукуруза,Corn,Жўҳори,2014-07,monthly,2014,1574.0
006,Kepak,Отруби,Bran,Кепак,2014-07,monthly,2014,844.0
010,Kombikorm,Комбикорм,Compound feed,Комбикорм,2014-07,monthly,2014,944.0
017,Mol go'shti,Говядина,Beef,Мол гўшти,2014-07,monthly,2014,21238.0
0020,Qo'y go'shti,Баранина,Mutton,Қўй гўшти,2014-07,monthly,2014,23502.0
026,Turli baliqlar,Рыба всякая,Fish of all kinds,Турли балиқлар,2014-07,monthly,2014,11056.0
027,Yangi sog'ilgan sut (1 litr),Молоко свежее (1 литр),Fresh milk (1 liter),Янги соғилган сут (1 литр),2014-07,monthly,2014,1483.0
034,Tuxum (10 dona),Яйца (10 штук),Eggs (10 pieces ),Тухум (10 дона),2014-07,monthly,2014,3169.0
037,Sariyog',Масло сливочное,Butter,Сариёғ,2014-07,monthly,2014,15852.0
039,Limon,Лимоны,Lemons,Лимон,2014-07,monthly,2014,8014.0
0040,Olma,Яблоки,Apples,Олма,2014-07,monthly,2014,2300.0
041,Nok,Груши,Pears,Нок,2014-07,monthly,2014,6583.0
049,Uzum,Виноград,Grape,Узум,2014-07,monthly,2014,2810.0
0050,Tarvuz,Арбуз,Watermelon,Тарвуз,2014-07,monthly,2014,955.0
0051,Qovun,Дыня,Melon,Қовун,2014-07,monthly,2014,1258.0
053,Mayiz,Кишмиш,Kishmish,Майиз,2014-07,monthly,2014,9662.0
055,Karam,Капуста,Cabbage,Карам,2014-07,monthly,2014,793.0
057,Bodring,Огурцы,Cucumbers,Бодринг,2014-07,monthly,2014,663.0
058,Pomidor,Помидоры,Tomatoes,Помидор,2014-07,monthly,2014,1171.0
059,Baqlajon,Баклажаны,Eggplant,Бақлажон,2014-07,monthly,2014,1193.0
0060,Bulg'or qalampiri,Перец болгарский,Bell pepper,Булғор қалампири,2014-07,monthly,2014,1610.0
063,Sabzi,Морковь,Carrot,Сабзи,2014-07,monthly,2014,1568.0
065,Sarimsoq,Чеснок,Garlic,Саримсоқ,2014-07,monthly,2014,3476.0
066,Piyoz,Лук репчатый,Onion,Пиёз,2014-07,monthly,2014,813.0
069,Kartoshka,Картофель,Potatoes,Картошка,2014-07,monthly,2014,1370.0
002,Kruppa yormasi,Крупа манная,Semolina,Круппа ёрмаси,2014-07,monthly,2014,1067.0
001,Guruch,Рис,Rice,Гуруч,2014-08,monthly,2014,3658.0
003,Arpa,Ячмень,Barley,Арпа,2014-08,monthly,2014,1095.0
0004,Bug'doy,Пшеница,Wheat,Буғдой,2014-08,monthly,2014,959.0
005,Jo'hori,Кукуруза,Corn,Жўҳори,2014-08,monthly,2014,1617.0
006,Kepak,Отруби,Bran,Кепак,2014-08,monthly,2014,850.0
010,Kombikorm,Комбикорм,Compound feed,Комбикорм,2014-08,monthly,2014,983.0
017,Mol go'shti,Говядина,Beef,Мол гўшти,2014-08,monthly,2014,22429.0
0020,Qo'y go'shti,Баранина,Mutton,Қўй гўшти,2014-08,monthly,2014,24619.0
026,Turli baliqlar,Рыба всякая,Fish of all kinds,Турли балиқлар,2014-08,monthly,2014,10889.0
027,Yangi sog'ilgan sut (1 litr),Молоко свежее (1 литр),Fresh milk (1 liter),Янги соғилган сут (1 литр),2014-08,monthly,2014,1519.0
034,Tuxum (10 dona),Яйца (10 штук),Eggs (10 pieces ),Тухум (10 дона),2014-08,monthly,2014,3426.0
037,Sariyog',Масло сливочное,Butter,Сариёғ,2014-08,monthly,2014,15576.0
039,Limon,Лимоны,Lemons,Лимон,2014-08,monthly,2014,8976.0
0040,Olma,Яблоки,Apples,Олма,2014-08,monthly,2014,2318.0
041,Nok,Груши,Pears,Нок,2014-08,monthly,2014,3633.0
049,Uzum,Виноград,Grape,Узум,2014-08,monthly,2014,2679.0
0050,Tarvuz,Арбуз,Watermelon,Тарвуз,2014-08,monthly,2014,635.0
0051,Qovun,Дыня,Melon,Қовун,2014-08,monthly,2014,845.0
053,Mayiz,Кишмиш,Kishmish,Майиз,2014-08,monthly,2014,9708.0
055,Karam,Капуста,Cabbage,Карам,2014-08,monthly,2014,924.0
057,Bodring,Огурцы,Cucumbers,Бодринг,2014-08,monthly,2014,1042.0
058,Pomidor,Помидоры,Tomatoes,Помидор,2014-08,monthly,2014,792.0
059,Baqlajon,Баклажаны,Eggplant,Бақлажон,2014-08,monthly,2014,792.0
0060,Bulg'or qalampiri,Перец болгарский,Bell pepper,Булғор қалампири,2014-08,monthly,2014,1270.0
061,Qovoq,Тыква,Pumpkin,Қовоқ,2014-08,monthly,2014,1363.0
063,Sabzi,Морковь,Carrot,Сабзи,2014-08,monthly,2014,1279.0
065,Sarimsoq,Чеснок,Garlic,Саримсоқ,2014-08,monthly,2014,4364.0
066,Piyoz,Лук репчатый,Onion,Пиёз,2014-08,monthly,2014,1288.0
069,Kartoshka,Картофель,Potatoes,Картошка,2014-08,monthly,2014,1393.0
002,Kruppa yormasi,Крупа манная,Semolina,Круппа ёрмаси,2014-08,monthly,2014,1095.0
001,Guruch,Рис,Rice,Гуруч,2014-09,monthly,2014,3962.0
003,Arpa,Ячмень,Barley,Арпа,2014-09,monthly,2014,1124.0
0004,Bug'doy,Пшеница,Wheat,Буғдой,2014-09,monthly,2014,996.0
005,Jo'hori,Кукуруза,Corn,Жўҳори,2014-09,monthly,2014,1396.0
006,Kepak,Отруби,Bran,Кепак,2014-09,monthly,2014,842.0
010,Kombikorm,Комбикорм,Compound feed,Комбикорм,2014-09,monthly,2014,1073.0
017,Mol go'shti,Говядина,Beef,Мол гўшти,2014-09,monthly,2014,22952.0
0020,Qo'y go'shti,Баранина,Mutton,Қўй гўшти,2014-09,monthly,2014,25000.0
026,Turli baliqlar,Рыба всякая,Fish of all kinds,Турли балиқлар,2014-09,monthly,2014,9822.0
027,Yangi sog'ilgan sut (1 litr),Молоко свежее (1 литр),Fresh milk (1 liter),Янги соғилган сут (1 литр),2014-09,monthly,2014,1489.0
034,Tuxum (10 dona),Яйца (10 штук),Eggs (10 pieces ),Тухум (10 дона),2014-09,monthly,2014,3946.0
037,Sariyog',Масло сливочное,Butter,Сариёғ,2014-09,monthly,2014,15409.0
039,Limon,Лимоны,Lemons,Лимон,2014-09,monthly,2014,8919.0
0040,Olma,Яблоки,Apples,Олма,2014-09,monthly,2014,2307.0
041,Nok,Груши,Pears,Нок,2014-09,monthly,2014,3348.0
049,Uzum,Виноград,Grape,Узум,2014-09,monthly,2014,2305.0
0050,Tarvuz,Арбуз,Watermelon,Тарвуз,2014-09,monthly,2014,632.0
0051,Qovun,Дыня,Melon,Қовун,2014-09,monthly,2014,795.0
053,Mayiz,Кишмиш,Kishmish,Майиз,2014-09,monthly,2014,9721.0
055,Karam,Капуста,Cabbage,Карам,2014-09,monthly,2014,1000.0
057,Bodring,Огурцы,Cucumbers,Бодринг,2014-09,monthly,2014,1251.0
058,Pomidor,Помидоры,Tomatoes,Помидор,2014-09,monthly,2014,837.0
059,Baqlajon,Баклажаны,Eggplant,Бақлажон,2014-09,monthly,2014,702.0
0060,Bulg'or qalampiri,Перец болгарский,Bell pepper,Булғор қалампири,2014-09,monthly,2014,1274.0
061,Qovoq,Тыква,Pumpkin,Қовоқ,2014-09,monthly,2014,1162.0
063,Sabzi,Морковь,Carrot,Сабзи,2014-09,monthly,2014,1079.0
065,Sarimsoq,Чеснок,Garlic,Саримсоқ,2014-09,monthly,2014,5850.0
066,Piyoz,Лук репчатый,Onion,Пиёз,2014-09,monthly,2014,1379.0
069,Kartoshka,Картофель,Potatoes,Картошка,2014-09,monthly,2014,1362.0
002,Kruppa yormasi,Крупа манная,Semolina,Круппа ёрмаси,2014-09,monthly,2014,1124.0
001,Guruch,Рис,Rice,Гуруч,2014-10,monthly,2014,4102.0
003,Arpa,Ячмень,Barley,Арпа,2014-10,monthly,2014,1144.0
0004,Bug'doy,Пшеница,Wheat,Буғдой,2014-10,monthly,2014,1028.0
005,Jo'hori,Кукуруза,Corn,Жўҳори,2014-10,monthly,2014,1235.0
006,Kepak,Отруби,Bran,Кепак,2014-10,monthly,2014,836.0
010,Kombikorm,Комбикорм,Compound feed,Комбикорм,2014-10,monthly,2014,1138.0
017,Mol go'shti,Говядина,Beef,Мол гўшти,2014-10,monthly,2014,23024.0
0020,Qo'y go'shti,Баранина,Mutton,Қўй гўшти,2014-10,monthly,2014,25095.0
026,Turli baliqlar,Рыба всякая,Fish of all kinds,Турли балиқлар,2014-10,monthly,2014,10548.0
027,Yangi sog'ilgan sut (1 litr),Молоко свежее (1 литр),Fresh milk (1 liter),Янги соғилган сут (1 литр),2014-10,monthly,2014,1497.0
034,Tuxum (10 dona),Яйца (10 штук),Eggs (10 pieces ),Тухум (10 дона),2014-10,monthly,2014,4408.0
037,Sariyog',Масло сливочное,Butter,Сариёғ,2014-10,monthly,2014,15412.0
039,Limon,Лимоны,Lemons,Лимон,2014-10,monthly,2014,8470.0
0040,Olma,Яблоки,Apples,Олма,2014-10,monthly,2014,2443.0
041,Nok,Груши,Pears,Нок,2014-10,monthly,2014,4044.0
049,Uzum,Виноград,Grape,Узум,2014-10,monthly,2014,2479.0
0050,Tarvuz,Арбуз,Watermelon,Тарвуз,2014-10,monthly,2014,740.0
0051,Qovun,Дыня,Melon,Қовун,2014-10,monthly,2014,910.0
053,Mayiz,Кишмиш,Kishmish,Майиз,2014-10,monthly,2014,9597.0
055,Karam,Капуста,Cabbage,Карам,2014-10,monthly,2014,956.0
057,Bodring,Огурцы,Cucumbers,Бодринг,2014-10,monthly,2014,1357.0
058,Pomidor,Помидоры,Tomatoes,Помидор,2014-10,monthly,2014,779.0
059,Baqlajon,Баклажаны,Eggplant,Бақлажон,2014-10,monthly,2014,792.0
0060,Bulg'or qalampiri,Перец болгарский,Bell pepper,Булғор қалампири,2014-10,monthly,2014,1374.0
061,Qovoq,Тыква,Pumpkin,Қовоқ,2014-10,monthly,2014,1113.0
063,Sabzi,Морковь,Carrot,Сабзи,2014-10,monthly,2014,1036.0
065,Sarimsoq,Чеснок,Garlic,Саримсоқ,2014-10,monthly,2014,7295.0
066,Piyoz,Лук репчатый,Onion,Пиёз,2014-10,monthly,2014,1670.0
069,Kartoshka,Картофель,Potatoes,Картошка,2014-10,monthly,2014,1512.0
002,Kruppa yormasi,Крупа манная,Semolina,Круппа ёрмаси,2014-10,monthly,2014,1144.0
001,Guruch,Рис,Rice,Гуруч,2014-11,monthly,2014,4000.0
003,Arpa,Ячмень,Barley,Арпа,2014-11,monthly,2014,1154.0
0004,Bug'doy,Пшеница,Wheat,Буғдой,2014-11,monthly,2014,1052.0
005,Jo'hori,Кукуруза,Corn,Жўҳори,2014-11,monthly,2014,1173.0
006,Kepak,Отруби,Bran,Кепак,2014-11,monthly,2014,844.0
010,Kombikorm,Комбикорм,Compound feed,Комбикорм,2014-11,monthly,2014,1119.0
017,Mol go'shti,Говядина,Beef,Мол гўшти,2014-11,monthly,2014,22976.0
0020,Qo'y go'shti,Баранина,Mutton,Қўй гўшти,2014-11,monthly,2014,24976.0
026,Turli baliqlar,Рыба всякая,Fish of all kinds,Турли балиқлар,2014-11,monthly,2014,11807.0
027,Yangi sog'ilgan sut (1 litr),Молоко свежее (1 литр),Fresh milk (1 liter),Янги соғилган сут (1 литр),2014-11,monthly,2014,1508.0
034,Tuxum (10 dona),Яйца (10 штук),Eggs (10 pieces ),Тухум (10 дона),2014-11,monthly,2014,4581.0
037,Sariyog',Масло сливочное,Butter,Сариёғ,2014-11,monthly,2014,15444.0
039,Limon,Лимоны,Lemons,Лимон,2014-11,monthly,2014,7356.0
0040,Olma,Яблоки,Apples,Олма,2014-11,monthly,2014,2794.0
041,Nok,Груши,Pears,Нок,2014-11,monthly,2014,4563.0
049,Uzum,Виноград,Grape,Узум,2014-11,monthly,2014,2665.0
0050,Tarvuz,Арбуз,Watermelon,Тарвуз,2014-11,monthly,2014,943.0
0051,Qovun,Дыня,Melon,Қовун,2014-11,monthly,2014,1120.0
053,Mayiz,Кишмиш,Kishmish,Майиз,2014-11,monthly,2014,9282.0
055,Karam,Капуста,Cabbage,Карам,2014-11,monthly,2014,929.0
057,Bodring,Огурцы,Cucumbers,Бодринг,2014-11,monthly,2014,1952.0
058,Pomidor,Помидоры,Tomatoes,Помидор,2014-11,monthly,2014,1068.0
059,Baqlajon,Баклажаны,Eggplant,Бақлажон,2014-11,monthly,2014,1204.0
0060,Bulg'or qalampiri,Перец болгарский,Bell pepper,Булғор қалампири,2014-11,monthly,2014,1901.0
061,Qovoq,Тыква,Pumpkin,Қовоқ,2014-11,monthly,2014,1123.0
063,Sabzi,Морковь,Carrot,Сабзи,2014-11,monthly,2014,844.0
065,Sarimsoq,Чеснок,Garlic,Саримсоқ,2014-11,monthly,2014,9274.0
066,Piyoz,Лук репчатый,Onion,Пиёз,2014-11,monthly,2014,2087.0
069,Kartoshka,Картофель,Potatoes,Картошка,2014-11,monthly,2014,1665.0
002,Kruppa yormasi,Крупа манная,Semolina,Круппа ёрмаси,2014-11,monthly,2014,1154.0
001,Guruch,Рис,Rice,Гуруч,2014-12,monthly,2014,4182.0
003,Arpa,Ячмень,Barley,Арпа,2014-12,monthly,2014,1176.0
0004,Bug'doy,Пшеница,Wheat,Буғдой,2014-12,monthly,2014,1101.0
005,Jo'hori,Кукуруза,Corn,Жўҳори,2014-12,monthly,2014,1205.0
006,Kepak,Отруби,Bran,Кепак,2014-12,monthly,2014,854.0
010,Kombikorm,Комбикорм,Compound feed,Комбикорм,2014-12,monthly,2014,1079.0
017,Mol go'shti,Говядина,Beef,Мол гўшти,2014-12,monthly,2014,21929.0
0020,Qo'y go'shti,Баранина,Mutton,Қўй гўшти,2014-12,monthly,2014,24036.0
026,Turli baliqlar,Рыба всякая,Fish of all kinds,Турли балиқлар,2014-12,monthly,2014,12104.0
027,Yangi sog'ilgan sut (1 litr),Молоко свежее (1 литр),Fresh milk (1 liter),Янги соғилган сут (1 литр),2014-12,monthly,2014,1519.0
034,Tuxum (10 dona),Яйца (10 штук),Eggs (10 pieces ),Тухум (10 дона),2014-12,monthly,2014,4545.0
037,Sariyog',Масло сливочное,Butter,Сариёғ,2014-12,monthly,2014,15697.0
039,Limon,Лимоны,Lemons,Лимон,2014-12,monthly,2014,6126.0
0040,Olma,Яблоки,Apples,Олма,2014-12,monthly,2014,3180.0
041,Nok,Груши,Pears,Нок,2014-12,monthly,2014,5377.0
049,Uzum,Виноград,Grape,Узум,2014-12,monthly,2014,3748.0
0050,Tarvuz,Арбуз,Watermelon,Тарвуз,2014-12,monthly,2014,1309.0
0051,Qovun,Дыня,Melon,Қовун,2014-12,monthly,2014,1535.0
053,Mayiz,Кишмиш,Kishmish,Майиз,2014-12,monthly,2014,9159.0
055,Karam,Капуста,Cabbage,Карам,2014-12,monthly,2014,882.0
057,Bodring,Огурцы,Cucumbers,Бодринг,2014-12,monthly,2014,3944.0
058,Pomidor,Помидоры,Tomatoes,Помидор,2014-12,monthly,2014,3107.0
0060,Bulg'or qalampiri,Перец болгарский,Bell pepper,Булғор қалампири,2014-12,monthly,2014,3438.0
061,Qovoq,Тыква,Pumpkin,Қовоқ,2014-12,monthly,2014,1213.0
063,Sabzi,Морковь,Carrot,Сабзи,2014-12,monthly,2014,658.0
065,Sarimsoq,Чеснок,Garlic,Саримсоқ,2014-12,monthly,2014,9964.0
066,Piyoz,Лук репчатый,Onion,Пиёз,2014-12,monthly,2014,2162.0
069,Kartoshka,Картофель,Potatoes,Картошка,2014-12,monthly,2014,1639.0
002,Kruppa yormasi,Крупа манная,Semolina,Круппа ёрмаси,2014-12,monthly,2014,1176.0
001,Guruch,Рис,Rice,Гуруч,2015-01,monthly,2015,4645.0
003,Arpa,Ячмень,Barley,Арпа,2015-01,monthly,2015,1244.0
0004,Bug'doy,Пшеница,Wheat,Буғдой,2015-01,monthly,2015,1194.0
005,Jo'hori,Кукуруза,Corn,Жўҳори,2015-01,monthly,2015,1254.0
006,Kepak,Отруби,Bran,Кепак,2015-01,monthly,2015,883.0
010,Kombikorm,Комбикорм,Compound feed,Комбикорм,2015-01,monthly,2015,1131.0
017,Mol go'shti,Говядина,Beef,Мол гўшти,2015-01,monthly,2015,21524.0
0020,Qo'y go'shti,Баранина,Mutton,Қўй гўшти,2015-01,monthly,2015,23690.0
026,Turli baliqlar,Рыба всякая,Fish of all kinds,Турли балиқлар,2015-01,monthly,2015,11800.0
027,Yangi sog'ilgan sut (1 litr),Молоко свежее (1 литр),Fresh milk (1 liter),Янги соғилган сут (1 литр),2015-01,monthly,2015,1569.0
034,Tuxum (10 dona),Яйца (10 штук),Eggs (10 pieces ),Тухум (10 дона),2015-01,monthly,2015,4498.0
037,Sariyog',Масло сливочное,Butter,Сариёғ,2015-01,monthly,2015,16111.0
039,Limon,Лимоны,Lemons,Лимон,2015-01,monthly,2015,5805.0
0040,Olma,Яблоки,Apples,Олма,2015-01,monthly,2015,3466.0
041,Nok,Груши,Pears,Нок,2015-01,monthly,2015,6651.0
049,Uzum,Виноград,Grape,Узум,2015-01,monthly,2015,4984.0
0050,Tarvuz,Арбуз,Watermelon,Тарвуз,2015-01,monthly,2015,1629.0
0051,Qovun,Дыня,Melon,Қовун,2015-01,monthly,2015,1988.0
053,Mayiz,Кишмиш,Kishmish,Майиз,2015-01,monthly,2015,9462.0
055,Karam,Капуста,Cabbage,Карам,2015-01,monthly,2015,957.0
057,Bodring,Огурцы,Cucumbers,Бодринг,2015-01,monthly,2015,6170.0
058,Pomidor,Помидоры,Tomatoes,Помидор,2015-01,monthly,2015,5765.0
061,Qovoq,Тыква,Pumpkin,Қовоқ,2015-01,monthly,2015,1270.0
063,Sabzi,Морковь,Carrot,Сабзи,2015-01,monthly,2015,640.0
065,Sarimsoq,Чеснок,Garlic,Саримсоқ,2015-01,monthly,2015,8838.0
066,Piyoz,Лук репчатый,Onion,Пиёз,2015-01,monthly,2015,2070.0
069,Kartoshka,Картофель,Potatoes,Картошка,2015-01,monthly,2015,1592.0
002,Kruppa yormasi,Крупа манная,Semolina,Круппа ёрмаси,2015-01,monthly,2015,1244.0
001,Guruch,Рис,Rice,Гуруч,2015-02,monthly,2015,4935.0
003,Arpa,Ячмень,Barley,Арпа,2015-02,monthly,2015,1305.0
0004,Bug'doy,Пшеница,Wheat,Буғдой,2015-02,monthly,2015,1195.0
005,Jo'hori,Кукуруза,Corn,Жўҳори,2015-02,monthly,2015,1273.0
006,Kepak,Отруби,Bran,Кепак,2015-02,monthly,2015,892.0
010,Kombikorm,Комбикорм,Compound feed,Комбикорм,2015-02,monthly,2015,1131.0
017,Mol go'shti,Говядина,Beef,Мол гўшти,2015-02,monthly,2015,21750.0
0020,Qo'y go'shti,Баранина,Mutton,Қўй гўшти,2015-02,monthly,2015,23940.0
026,Turli baliqlar,Рыба всякая,Fish of all kinds,Турли балиқлар,2015-02,monthly,2015,11889.0
027,Yangi sog'ilgan sut (1 litr),Молоко свежее (1 литр),Fresh milk (1 liter),Янги соғилган сут (1 литр),2015-02,monthly,2015,1700.0
034,Tuxum (10 dona),Яйца (10 штук),Eggs (10 pieces ),Тухум (10 дона),2015-02,monthly,2015,4214.0
037,Sariyog',Масло сливочное,Butter,Сариёғ,2015-02,monthly,2015,16458.0
039,Limon,Лимоны,Lemons,Лимон,2015-02,monthly,2015,5874.0
0040,Olma,Яблоки,Apples,Олма,2015-02,monthly,2015,3631.0
041,Nok,Груши,Pears,Нок,2015-02,monthly,2015,7161.0
049,Uzum,Виноград,Grape,Узум,2015-02,monthly,2015,7000.0
053,Mayiz,Кишмиш,Kishmish,Майиз,2015-02,monthly,2015,9782.0
055,Karam,Капуста,Cabbage,Карам,2015-02,monthly,2015,1024.0
057,Bodring,Огурцы,Cucumbers,Бодринг,2015-02,monthly,2015,7123.0
058,Pomidor,Помидоры,Tomatoes,Помидор,2015-02,monthly,2015,7277.0
061,Qovoq,Тыква,Pumpkin,Қовоқ,2015-02,monthly,2015,1376.0
063,Sabzi,Морковь,Carrot,Сабзи,2015-02,monthly,2015,636.0
065,Sarimsoq,Чеснок,Garlic,Саримсоқ,2015-02,monthly,2015,9162.0
066,Piyoz,Лук репчатый,Onion,Пиёз,2015-02,monthly,2015,2096.0
069,Kartoshka,Картофель,Potatoes,Картошка,2015-02,monthly,2015,1613.0
002,Kruppa yormasi,Крупа манная,Semolina,Круппа ёрмаси,2015-02,monthly,2015,1305.0
001,Guruch,Рис,Rice,Гуруч,2015-03,monthly,2015,5176.0
003,Arpa,Ячмень,Barley,Арпа,2015-03,monthly,2015,1383.0
0004,Bug'doy,Пшеница,Wheat,Буғдой,2015-03,monthly,2015,1294.0
005,Jo'hori,Кукуруза,Corn,Жўҳори,2015-03,monthly,2015,1363.0
006,Kepak,Отруби,Bran,Кепак,2015-03,monthly,2015,923.0
010,Kombikorm,Комбикорм,Compound feed,Комбикорм,2015-03,monthly,2015,1159.0
017,Mol go'shti,Говядина,Beef,Мол гўшти,2015-03,monthly,2015,21345.0
0020,Qo'y go'shti,Баранина,Mutton,Қўй гўшти,2015-03,monthly,2015,23548.0
026,Turli baliqlar,Рыба всякая,Fish of all kinds,Турли балиқлар,2015-03,monthly,2015,12076.0
027,Yangi sog'ilgan sut (1 litr),Молоко свежее (1 литр),Fresh milk (1 liter),Янги соғилган сут (1 литр),2015-03,monthly,2015,1774.0
034,Tuxum (10 dona),Яйца (10 штук),Eggs (10 pieces ),Тухум (10 дона),2015-03,monthly,2015,3906.0
037,Sariyog',Масло сливочное,Butter,Сариёғ,2015-03,monthly,2015,16597.0
039,Limon,Лимоны,Lemons,Лимон,2015-03,monthly,2015,6138.0
0040,Olma,Яблоки,Apples,Олма,2015-03,monthly,2015,3781.0
041,Nok,Груши,Pears,Нок,2015-03,monthly,2015,8183.0
053,Mayiz,Кишмиш,Kishmish,Майиз,2015-03,monthly,2015,9949.0
055,Karam,Капуста,Cabbage,Карам,2015-03,monthly,2015,1192.0
057,Bodring,Огурцы,Cucumbers,Бодринг,2015-03,monthly,2015,7683.0
058,Pomidor,Помидоры,Tomatoes,Помидор,2015-03,monthly,2015,9267.0
061,Qovoq,Тыква,Pumpkin,Қовоқ,2015-03,monthly,2015,1470.0
063,Sabzi,Морковь,Carrot,Сабзи,2015-03,monthly,2015,665.0
065,Sarimsoq,Чеснок,Garlic,Саримсоқ,2015-03,monthly,2015,9095.0
066,Piyoz,Лук репчатый,Onion,Пиёз,2015-03,monthly,2015,2262.0
069,Kartoshka,Картофель,Potatoes,Картошка,2015-03,monthly,2015,1611.0
002,Kruppa yormasi,Крупа манная,Semolina,Круппа ёрмаси,2015-03,monthly,2015,1383.0
001,Guruch,Рис,Rice,Гуруч,2015-04,monthly,2015,5376.0
003,Arpa,Ячмень,Barley,Арпа,2015-04,monthly,2015,1410.0
0004,Bug'doy,Пшеница,Wheat,Буғдой,2015-04,monthly,2015,1318.0
005,Jo'hori,Кукуруза,Corn,Жўҳори,2015-04,monthly,2015,1379.0
006,Kepak,Отруби,Bran,Кепак,2015-04,monthly,2015,952.0
010,Kombikorm,Комбикорм,Compound feed,Комбикорм,2015-04,monthly,2015,1231.0
017,Mol go'shti,Говядина,Beef,Мол гўшти,2015-04,monthly,2015,21376.0
0020,Qo'y go'shti,Баранина,Mutton,Қўй гўшти,2015-04,monthly,2015,23353.0
026,Turli baliqlar,Рыба всякая,Fish of all kinds,Турли балиқлар,2015-04,monthly,2015,11913.0
027,Yangi sog'ilgan sut (1 litr),Молоко свежее (1 литр),Fresh milk (1 liter),Янги соғилган сут (1 литр),2015-04,monthly,2015,1668.0
034,Tuxum (10 dona),Яйца (10 штук),Eggs (10 pieces ),Тухум (10 дона),2015-04,monthly,2015,3683.0
037,Sariyog',Масло сливочное,Butter,Сариёғ,2015-04,monthly,2015,16466.0
039,Limon,Лимоны,Lemons,Лимон,2015-04,monthly,2015,7631.0
0040,Olma,Яблоки,Apples,Олма,2015-04,monthly,2015,4421.0
041,Nok,Груши,Pears,Нок,2015-04,monthly,2015,9052.0
049,Uzum,Виноград,Grape,Узум,2015-04,monthly,2015,6000.0
053,Mayiz,Кишмиш,Kishmish,Майиз,2015-04,monthly,2015,10154.0
055,Karam,Капуста,Cabbage,Карам,2015-04,monthly,2015,1261.0
057,Bodring,Огурцы,Cucumbers,Бодринг,2015-04,monthly,2015,6797.0
058,Pomidor,Помидоры,Tomatoes,Помидор,2015-04,monthly,2015,8883.0
061,Qovoq,Тыква,Pumpkin,Қовоқ,2015-04,monthly,2015,1568.0
063,Sabzi,Морковь,Carrot,Сабзи,2015-04,monthly,2015,732.0
065,Sarimsoq,Чеснок,Garlic,Саримсоқ,2015-04,monthly,2015,9833.0
066,Piyoz,Лук репчатый,Onion,Пиёз,2015-04,monthly,2015,2346.0
069,Kartoshka,Картофель,Potatoes,Картошка,2015-04,monthly,2015,1879.0
002,Kruppa yormasi,Крупа манная,Semolina,Круппа ёрмаси,2015-04,monthly,2015,1410.0
001,Guruch,Рис,Rice,Гуруч,2015-05,monthly,2015,6157.0
003,Arpa,Ячмень,Barley,Арпа,2015-05,monthly,2015,1445.0
0004,Bug'doy,Пшеница,Wheat,Буғдой,2015-05,monthly,2015,1395.0
005,Jo'hori,Кукуруза,Corn,Жўҳори,2015-05,monthly,2015,1585.0
006,Kepak,Отруби,Bran,Кепак,2015-05,monthly,2015,1031.0
010,Kombikorm,Комбикорм,Compound feed,Комбикорм,2015-05,monthly,2015,1154.0
017,Mol go'shti,Говядина,Beef,Мол гўшти,2015-05,monthly,2015,21464.0
0020,Qo'y go'shti,Баранина,Mutton,Қўй гўшти,2015-05,monthly,2015,23464.0
027,Yangi sog'ilgan sut (1 litr),Молоко свежее (1 литр),Fresh milk (1 liter),Янги соғилган сут (1 литр),2015-05,monthly,2015,1567.0
034,Tuxum (10 dona),Яйца (10 штук),Eggs (10 pieces ),Тухум (10 дона),2015-05,monthly,2015,3685.0
037,Sariyog',Масло сливочное,Butter,Сариёғ,2015-05,monthly,2015,15644.0
039,Limon,Лимоны,Lemons,Лимон,2015-05,monthly,2015,10176.0
0040,Olma,Яблоки,Apples,Олма,2015-05,monthly,2015,5809.0
041,Nok,Груши,Pears,Нок,2015-05,monthly,2015,11095.0
053,Mayiz,Кишмиш,Kishmish,Майиз,2015-05,monthly,2015,10308.0
055,Karam,Капуста,Cabbage,Карам,2015-05,monthly,2015,915.0
057,Bodring,Огурцы,Cucumbers,Бодринг,2015-05,monthly,2015,2800.0
058,Pomidor,Помидоры,Tomatoes,Помидор,2015-05,monthly,2015,4853.0
0060,Bulg'or qalampiri,Перец болгарский,Bell pepper,Булғор қалампири,2015-05,monthly,2015,7379.0
063,Sabzi,Морковь,Carrot,Сабзи,2015-05,monthly,2015,887.0
065,Sarimsoq,Чеснок,Garlic,Саримсоқ,2015-05,monthly,2015,8162.0
066,Piyoz,Лук репчатый,Onion,Пиёз,2015-05,monthly,2015,1183.0
069,Kartoshka,Картофель,Potatoes,Картошка,2015-05,monthly,2015,1175.0
002,Kruppa yormasi,Крупа манная,Semolina,Круппа ёрмаси,2015-05,monthly,2015,1445.0
001,Guruch,Рис,Rice,Гуруч,2015-06,monthly,2015,6595.0
003,Arpa,Ячмень,Barley,Арпа,2015-06,monthly,2015,1344.0
0004,Bug'doy,Пшеница,Wheat,Буғдой,2015-06,monthly,2015,1308.0
005,Jo'hori,Кукуруза,Corn,Жўҳори,2015-06,monthly,2015,1674.0
006,Kepak,Отруби,Bran,Кепак,2015-06,monthly,2015,967.0
010,Kombikorm,Комбикорм,Compound feed,Комбикорм,2015-06,monthly,2015,1389.0
017,Mol go'shti,Говядина,Beef,Мол гўшти,2015-06,monthly,2015,21488.0
0020,Qo'y go'shti,Баранина,Mutton,Қўй гўшти,2015-06,monthly,2015,23500.0
027,Yangi sog'ilgan sut (1 litr),Молоко свежее (1 литр),Fresh milk (1 liter),Янги соғилган сут (1 литр),2015-06,monthly,2015,1502.0
034,Tuxum (10 dona),Яйца (10 штук),Eggs (10 pieces ),Тухум (10 дона),2015-06,monthly,2015,3512.0
037,Sariyog',Масло сливочное,Butter,Сариёғ,2015-06,monthly,2015,14826.0
039,Limon,Лимоны,Lemons,Лимон,2015-06,monthly,2015,11708.0
0040,Olma,Яблоки,Apples,Олма,2015-06,monthly,2015,4374.0
041,Nok,Груши,Pears,Нок,2015-06,monthly,2015,9283.0
049,Uzum,Виноград,Grape,Узум,2015-06,monthly,2015,4446.0
0050,Tarvuz,Арбуз,Watermelon,Тарвуз,2015-06,monthly,2015,1972.0
0051,Qovun,Дыня,Melon,Қовун,2015-06,monthly,2015,2400.0
053,Mayiz,Кишмиш,Kishmish,Майиз,2015-06,monthly,2015,10611.0
055,Karam,Капуста,Cabbage,Карам,2015-06,monthly,2015,779.0
057,Bodring,Огурцы,Cucumbers,Бодринг,2015-06,monthly,2015,1168.0
058,Pomidor,Помидоры,Tomatoes,Помидор,2015-06,monthly,2015,2259.0
059,Baqlajon,Баклажаны,Eggplant,Бақлажон,2015-06,monthly,2015,2120.0
0060,Bulg'or qalampiri,Перец болгарский,Bell pepper,Булғор қалампири,2015-06,monthly,2015,3505.0
063,Sabzi,Морковь,Carrot,Сабзи,2015-06,monthly,2015,758.0
065,Sarimsoq,Чеснок,Garlic,Саримсоқ,2015-06,monthly,2015,6431.0
066,Piyoz,Лук репчатый,Onion,Пиёз,2015-06,monthly,2015,825.0
069,Kartoshka,Картофель,Potatoes,Картошка,2015-06,monthly,2015,1011.0
002,Kruppa yormasi,Крупа манная,Semolina,Круппа ёрмаси,2015-06,monthly,2015,1344.0
001,Guruch,Рис,Rice,Гуруч,2015-07,monthly,2015,6707.0
003,Arpa,Ячмень,Barley,Арпа,2015-07,monthly,2015,1237.0
0004,Bug'doy,Пшеница,Wheat,Буғдой,2015-07,monthly,2015,1164.0
005,Jo'hori,Кукуруза,Corn,Жўҳори,2015-07,monthly,2015,1608.0
006,Kepak,Отруби,Bran,Кепак,2015-07,monthly,2015,919.0
010,Kombikorm,Комбикорм,Compound feed,Комбикорм,2015-07,monthly,2015,1221.0
017,Mol go'shti,Говядина,Beef,Мол гўшти,2015-07,monthly,2015,21643.0
0020,Qo'y go'shti,Баранина,Mutton,Қўй гўшти,2015-07,monthly,2015,23524.0
027,Yangi sog'ilgan sut (1 litr),Молоко свежее (1 литр),Fresh milk (1 liter),Янги соғилган сут (1 литр),2015-07,monthly,2015,1436.0
034,Tuxum (10 dona),Яйца (10 штук),Eggs (10 pieces ),Тухум (10 дона),2015-07,monthly,2015,3457.0
037,Sariyog',Масло сливочное,Butter,Сариёғ,2015-07,monthly,2015,15185.0
039,Limon,Лимоны,Lemons,Лимон,2015-07,monthly,2015,12111.0
0040,Olma,Яблоки,Apples,Олма,2015-07,monthly,2015,2679.0
041,Nok,Груши,Pears,Нок,2015-07,monthly,2015,5412.0
049,Uzum,Виноград,Grape,Узум,2015-07,monthly,2015,2398.0
0050,Tarvuz,Арбуз,Watermelon,Тарвуз,2015-07,monthly,2015,1155.0
0051,Qovun,Дыня,Melon,Қовун,2015-07,monthly,2015,1538.0
053,Mayiz,Кишмиш,Kishmish,Майиз,2015-07,monthly,2015,10626.0
055,Karam,Капуста,Cabbage,Карам,2015-07,monthly,2015,869.0
057,Bodring,Огурцы,Cucumbers,Бодринг,2015-07,monthly,2015,860.0
058,Pomidor,Помидоры,Tomatoes,Помидор,2015-07,monthly,2015,985.0
059,Baqlajon,Баклажаны,Eggplant,Бақлажон,2015-07,monthly,2015,1177.0
0060,Bulg'or qalampiri,Перец болгарский,Bell pepper,Булғор қалампири,2015-07,monthly,2015,1605.0
061,Qovoq,Тыква,Pumpkin,Қовоқ,2015-07,monthly,2015,1400.0
063,Sabzi,Морковь,Carrot,Сабзи,2015-07,monthly,2015,969.0
065,Sarimsoq,Чеснок,Garlic,Саримсоқ,2015-07,monthly,2015,7392.0
066,Piyoz,Лук репчатый,Onion,Пиёз,2015-07,monthly,2015,604.0
069,Kartoshka,Картофель,Potatoes,Картошка,2015-07,monthly,2015,760.0
002,Kruppa yormasi,Крупа манная,Semolina,Круппа ёрмаси,2015-07,monthly,2015,1237.0
001,Guruch,Рис,Rice,Гуруч,2015-08,monthly,2015,6707.0
003,Arpa,Ячмень,Barley,Арпа,2015-08,monthly,2015,1300.0
0004,Bug'doy,Пшеница,Wheat,Буғдой,2015-08,monthly,2015,1254.0
005,Jo'hori,Кукуруза,Corn,Жўҳори,2015-08,monthly,2015,1600.0
006,Kepak,Отруби,Bran,Кепак,2015-08,monthly,2015,889.0
010,Kombikorm,Комбикорм,Compound feed,Комбикорм,2015-08,monthly,2015,1375.0
017,Mol go'shti,Говядина,Beef,Мол гўшти,2015-08,monthly,2015,21726.0
0020,Qo'y go'shti,Баранина,Mutton,Қўй гўшти,2015-08,monthly,2015,23607.0
026,Turli baliqlar,Рыба всякая,Fish of all kinds,Турли балиқлар,2015-08,monthly,2015,10625.0
027,Yangi sog'ilgan sut (1 litr),Молоко свежее (1 литр),Fresh milk (1 liter),Янги соғилган сут (1 литр),2015-08,monthly,2015,1424.0
034,Tuxum (10 dona),Яйца (10 штук),Eggs (10 pieces ),Тухум (10 дона),2015-08,monthly,2015,3619.0
037,Sariyog',Масло сливочное,Butter,Сариёғ,2015-08,monthly,2015,14938.0
039,Limon,Лимоны,Lemons,Лимон,2015-08,monthly,2015,14222.0
0040,Olma,Яблоки,Apples,Олма,2015-08,monthly,2015,2612.0
041,Nok,Груши,Pears,Нок,2015-08,monthly,2015,4768.0
049,Uzum,Виноград,Grape,Узум,2015-08,monthly,2015,2083.0
0050,Tarvuz,Арбуз,Watermelon,Тарвуз,2015-08,monthly,2015,692.0
0051,Qovun,Дыня,Melon,Қовун,2015-08,monthly,2015,873.0
053,Mayiz,Кишмиш,Kishmish,Майиз,2015-08,monthly,2015,10986.0
055,Karam,Капуста,Cabbage,Карам,2015-08,monthly,2015,880.0
057,Bodring,Огурцы,Cucumbers,Бодринг,2015-08,monthly,2015,902.0
058,Pomidor,Помидоры,Tomatoes,Помидор,2015-08,monthly,2015,799.0
059,Baqlajon,Баклажаны,Eggplant,Бақлажон,2015-08,monthly,2015,915.0
0060,Bulg'or qalampiri,Перец болгарский,Bell pepper,Булғор қалампири,2015-08,monthly,2015,1288.0
061,Qovoq,Тыква,Pumpkin,Қовоқ,2015-08,monthly,2015,1317.0
063,Sabzi,Морковь,Carrot,Сабзи,2015-08,monthly,2015,1468.0
065,Sarimsoq,Чеснок,Garlic,Саримсоқ,2015-08,monthly,2015,9885.0
066,Piyoz,Лук репчатый,Onion,Пиёз,2015-08,monthly,2015,594.0
069,Kartoshka,Картофель,Potatoes,Картошка,2015-08,monthly,2015,834.0
002,Kruppa yormasi,Крупа манная,Semolina,Круппа ёрмаси,2015-08,monthly,2015,1300.0
001,Guruch,Рис,Rice,Гуруч,2015-09,monthly,2015,6412.0
003,Arpa,Ячмень,Barley,Арпа,2015-09,monthly,2015,1283.0
0004,Bug'doy,Пшеница,Wheat,Буғдой,2015-09,monthly,2015,1265.0
005,Jo'hori,Кукуруза,Corn,Жўҳори,2015-09,monthly,2015,1497.0
006,Kepak,Отруби,Bran,Кепак,2015-09,monthly,2015,920.0
010,Kombikorm,Комбикорм,Compound feed,Комбикорм,2015-09,monthly,2015,1422.0
017,Mol go'shti,Говядина,Beef,Мол гўшти,2015-09,monthly,2015,22036.0
0020,Qo'y go'shti,Баранина,Mutton,Қўй гўшти,2015-09,monthly,2015,23988.0
026,Turli baliqlar,Рыба всякая,Fish of all kinds,Турли балиқлар,2015-09,monthly,2015,11083.0
027,Yangi sog'ilgan sut (1 litr),Молоко свежее (1 литр),Fresh milk (1 liter),Янги соғилган сут (1 литр),2015-09,monthly,2015,1464.0
034,Tuxum (10 dona),Яйца (10 штук),Eggs (10 pieces ),Тухум (10 дона),2015-09,monthly,2015,4494.0
037,Sariyog',Масло сливочное,Butter,Сариёғ,2015-09,monthly,2015,17241.0
039,Limon,Лимоны,Lemons,Лимон,2015-09,monthly,2015,12778.0
0040,Olma,Яблоки,Apples,Олма,2015-09,monthly,2015,2521.0
041,Nok,Груши,Pears,Нок,2015-09,monthly,2015,4490.0
049,Uzum,Виноград,Grape,Узум,2015-09,monthly,2015,1629.0
0050,Tarvuz,Арбуз,Watermelon,Тарвуз,2015-09,monthly,2015,611.0
0051,Qovun,Дыня,Melon,Қовун,2015-09,monthly,2015,782.0
053,Mayiz,Кишмиш,Kishmish,Майиз,2015-09,monthly,2015,10929.0
055,Karam,Капуста,Cabbage,Карам,2015-09,monthly,2015,957.0
057,Bodring,Огурцы,Cucumbers,Бодринг,2015-09,monthly,2015,1143.0
058,Pomidor,Помидоры,Tomatoes,Помидор,2015-09,monthly,2015,1548.0
059,Baqlajon,Баклажаны,Eggplant,Бақлажон,2015-09,monthly,2015,945.0
0060,Bulg'or qalampiri,Перец болгарский,Bell pepper,Булғор қалампири,2015-09,monthly,2015,1176.0
061,Qovoq,Тыква,Pumpkin,Қовоқ,2015-09,monthly,2015,1166.0
063,Sabzi,Морковь,Carrot,Сабзи,2015-09,monthly,2015,1960.0
065,Sarimsoq,Чеснок,Garlic,Саримсоқ,2015-09,monthly,2015,10708.0
066,Piyoz,Лук репчатый,Onion,Пиёз,2015-09,monthly,2015,690.0
069,Kartoshka,Картофель,Potatoes,Картошка,2015-09,monthly,2015,988.0
002,Kruppa yormasi,Крупа манная,Semolina,Круппа ёрмаси,2015-09,monthly,2015,1283.0
001,Guruch,Рис,Rice,Гуруч,2015-10,monthly,2015,4971.0
003,Arpa,Ячмень,Barley,Арпа,2015-10,monthly,2015,1350.0
0004,Bug'doy,Пшеница,Wheat,Буғдой,2015-10,monthly,2015,1315.0
005,Jo'hori,Кукуруза,Corn,Жўҳори,2015-10,monthly,2015,1412.0
006,Kepak,Отруби,Bran,Кепак,2015-10,monthly,2015,959.0
010,Kombikorm,Комбикорм,Compound feed,Комбикорм,2015-10,monthly,2015,1417.0
017,Mol go'shti,Говядина,Beef,Мол гўшти,2015-10,monthly,2015,22226.0
0020,Qo'y go'shti,Баранина,Mutton,Қўй гўшти,2015-10,monthly,2015,24036.0
026,Turli baliqlar,Рыба всякая,Fish of all kinds,Турли балиқлар,2015-10,monthly,2015,11922.0
027,Yangi sog'ilgan sut (1 litr),Молоко свежее (1 литр),Fresh milk (1 liter),Янги соғилган сут (1 литр),2015-10,monthly,2015,1503.0
034,Tuxum (10 dona),Яйца (10 штук),Eggs (10 pieces ),Тухум (10 дона),2015-10,monthly,2015,4756.0
037,Sariyog',Масло сливочное,Butter,Сариёғ,2015-10,monthly,2015,17459.0
039,Limon,Лимоны,Lemons,Лимон,2015-10,monthly,2015,9786.0
0040,Olma,Яблоки,Apples,Олма,2015-10,monthly,2015,2679.0
041,Nok,Груши,Pears,Нок,2015-10,monthly,2015,4356.0
049,Uzum,Виноград,Grape,Узум,2015-10,monthly,2015,1592.0
0050,Tarvuz,Арбуз,Watermelon,Тарвуз,2015-10,monthly,2015,679.0
0051,Qovun,Дыня,Melon,Қовун,2015-10,monthly,2015,850.0
053,Mayiz,Кишмиш,Kishmish,Майиз,2015-10,monthly,2015,11526.0
055,Karam,Капуста,Cabbage,Карам,2015-10,monthly,2015,829.0
057,Bodring,Огурцы,Cucumbers,Бодринг,2015-10,monthly,2015,1511.0
058,Pomidor,Помидоры,Tomatoes,Помидор,2015-10,monthly,2015,1636.0
059,Baqlajon,Баклажаны,Eggplant,Бақлажон,2015-10,monthly,2015,975.0
0060,Bulg'or qalampiri,Перец болгарский,Bell pepper,Булғор қалампири,2015-10,monthly,2015,1275.0
061,Qovoq,Тыква,Pumpkin,Қовоқ,2015-10,monthly,2015,1200.0
063,Sabzi,Морковь,Carrot,Сабзи,2015-10,monthly,2015,1606.0
065,Sarimsoq,Чеснок,Garlic,Саримсоқ,2015-10,monthly,2015,10744.0
066,Piyoz,Лук репчатый,Onion,Пиёз,2015-10,monthly,2015,846.0
069,Kartoshka,Картофель,Potatoes,Картошка,2015-10,monthly,2015,1235.0
002,Kruppa yormasi,Крупа манная,Semolina,Круппа ёрмаси,2015-10,monthly,2015,1350.0
001,Guruch,Рис,Rice,Гуруч,2015-11,monthly,2015,4412.0
003,Arpa,Ячмень,Barley,Арпа,2015-11,monthly,2015,1349.0
0004,Bug'doy,Пшеница,Wheat,Буғдой,2015-11,monthly,2015,1350.0
005,Jo'hori,Кукуруза,Corn,Жўҳори,2015-11,monthly,2015,1373.0
006,Kepak,Отруби,Bran,Кепак,2015-11,monthly,2015,976.0
010,Kombikorm,Комбикорм,Compound feed,Комбикорм,2015-11,monthly,2015,1430.0
017,Mol go'shti,Говядина,Beef,Мол гўшти,2015-11,monthly,2015,22238.0
0020,Qo'y go'shti,Баранина,Mutton,Қўй гўшти,2015-11,monthly,2015,24071.0
026,Turli baliqlar,Рыба всякая,Fish of all kinds,Турли балиқлар,2015-11,monthly,2015,12208.0
027,Yangi sog'ilgan sut (1 litr),Молоко свежее (1 литр),Fresh milk (1 liter),Янги соғилган сут (1 литр),2015-11,monthly,2015,1706.0
034,Tuxum (10 dona),Яйца (10 штук),Eggs (10 pieces ),Тухум (10 дона),2015-11,monthly,2015,4558.0
037,Sariyog',Масло сливочное,Butter,Сариёғ,2015-11,monthly,2015,17106.0
039,Limon,Лимоны,Lemons,Лимон,2015-11,monthly,2015,6328.0
0040,Olma,Яблоки,Apples,Олма,2015-11,monthly,2015,3126.0
041,Nok,Груши,Pears,Нок,2015-11,monthly,2015,5349.0
049,Uzum,Виноград,Grape,Узум,2015-11,monthly,2015,2600.0
0050,Tarvuz,Арбуз,Watermelon,Тарвуз,2015-11,monthly,2015,974.0
0051,Qovun,Дыня,Melon,Қовун,2015-11,monthly,2015,1214.0
053,Mayiz,Кишмиш,Kishmish,Майиз,2015-11,monthly,2015,11910.0
055,Karam,Капуста,Cabbage,Карам,2015-11,monthly,2015,969.0
057,Bodring,Огурцы,Cucumbers,Бодринг,2015-11,monthly,2015,2964.0
058,Pomidor,Помидоры,Tomatoes,Помидор,2015-11,monthly,2015,2443.0
059,Baqlajon,Баклажаны,Eggplant,Бақлажон,2015-11,monthly,2015,1164.0
0060,Bulg'or qalampiri,Перец болгарский,Bell pepper,Булғор қалампири,2015-11,monthly,2015,1710.0
061,Qovoq,Тыква,Pumpkin,Қовоқ,2015-11,monthly,2015,1113.0
063,Sabzi,Морковь,Carrot,Сабзи,2015-11,monthly,2015,1063.0
065,Sarimsoq,Чеснок,Garlic,Саримсоқ,2015-11,monthly,2015,11692.0
066,Piyoz,Лук репчатый,Onion,Пиёз,2015-11,monthly,2015,852.0
069,Kartoshka,Картофель,Potatoes,Картошка,2015-11,monthly,2015,1233.0
002,Kruppa yormasi,Крупа манная,Semolina,Круппа ёрмаси,2015-11,monthly,2015,1349.0
001,Guruch,Рис,Rice,Гуруч,2015-12,monthly,2015,4369.0
003,Arpa,Ячмень,Barley,Арпа,2015-12,monthly,2015,1404.0
0004,Bug'doy,Пшеница,Wheat,Буғдой,2015-12,monthly,2015,1378.0
005,Jo'hori,Кукуруза,Corn,Жўҳори,2015-12,monthly,2015,1323.0
006,Kepak,Отруби,Bran,Кепак,2015-12,monthly,2015,993.0
010,Kombikorm,Комбикорм,Compound feed,Комбикорм,2015-12,monthly,2015,1330.0
017,Mol go'shti,Говядина,Beef,Мол гўшти,2015-12,monthly,2015,21679.0
0020,Qo'y go'shti,Баранина,Mutton,Қўй гўшти,2015-12,monthly,2015,23631.0
026,Turli baliqlar,Рыба всякая,Fish of all kinds,Турли балиқлар,2015-12,monthly,2015,11258.0
027,Yangi sog'ilgan sut (1 litr),Молоко свежее (1 литр),Fresh milk (1 liter),Янги соғилган сут (1 литр),2015-12,monthly,2015,1820.0
034,Tuxum (10 dona),Яйца (10 штук),Eggs (10 pieces ),Тухум (10 дона),2015-12,monthly,2015,4855.0
037,Sariyog',Масло сливочное,Butter,Сариёғ,2015-12,monthly,2015,18652.0
039,Limon,Лимоны,Lemons,Лимон,2015-12,monthly,2015,5305.0
0040,Olma,Яблоки,Apples,Олма,2015-12,monthly,2015,3524.0
041,Nok,Груши,Pears,Нок,2015-12,monthly,2015,6727.0
049,Uzum,Виноград,Grape,Узум,2015-12,monthly,2015,4004.0
0050,Tarvuz,Арбуз,Watermelon,Тарвуз,2015-12,monthly,2015,1505.0
0051,Qovun,Дыня,Melon,Қовун,2015-12,monthly,2015,1652.0
053,Mayiz,Кишмиш,Kishmish,Майиз,2015-12,monthly,2015,13077.0
055,Karam,Капуста,Cabbage,Карам,2015-12,monthly,2015,867.0
057,Bodring,Огурцы,Cucumbers,Бодринг,2015-12,monthly,2015,5627.0
058,Pomidor,Помидоры,Tomatoes,Помидор,2015-12,monthly,2015,4045.0
0060,Bulg'or qalampiri,Перец болгарский,Bell pepper,Булғор қалампири,2015-12,monthly,2015,2986.0
061,Qovoq,Тыква,Pumpkin,Қовоқ,2015-12,monthly,2015,1232.0
063,Sabzi,Морковь,Carrot,Сабзи,2015-12,monthly,2015,687.0
065,Sarimsoq,Чеснок,Garlic,Саримсоқ,2015-12,monthly,2015,12564.0
066,Piyoz,Лук репчатый,Onion,Пиёз,2015-12,monthly,2015,826.0
069,Kartoshka,Картофель,Potatoes,Картошка,2015-12,monthly,2015,1177.0
002,Kruppa yormasi,Крупа манная,Semolina,Круппа ёрмаси,2015-12,monthly,2015,1404.0
001,Guruch,Рис,Rice,Гуруч,2016-01,monthly,2016,4481.0
003,Arpa,Ячмень,Barley,Арпа,2016-01,monthly,2016,1435.0
0004,Bug'doy,Пшеница,Wheat,Буғдой,2016-01,monthly,2016,1358.0
005,Jo'hori,Кукуруза,Corn,Жўҳори,2016-01,monthly,2016,1340.0
006,Kepak,Отруби,Bran,Кепак,2016-01,monthly,2016,947.0
010,Kombikorm,Комбикорм,Compound feed,Комбикорм,2016-01,monthly,2016,1250.0
017,Mol go'shti,Говядина,Beef,Мол гўшти,2016-01,monthly,2016,21131.0
0020,Qo'y go'shti,Баранина,Mutton,Қўй гўшти,2016-01,monthly,2016,23333.0
026,Turli baliqlar,Рыба всякая,Fish of all kinds,Турли балиқлар,2016-01,monthly,2016,11444.0
027,Yangi sog'ilgan sut (1 litr),Молоко свежее (1 литр),Fresh milk (1 liter),Янги соғилган сут (1 литр),2016-01,monthly,2016,1919.0
034,Tuxum (10 dona),Яйца (10 штук),Eggs (10 pieces ),Тухум (10 дона),2016-01,monthly,2016,4931.0
037,Sariyog',Масло сливочное,Butter,Сариёғ,2016-01,monthly,2016,19758.0
039,Limon,Лимоны,Lemons,Лимон,2016-01,monthly,2016,5798.0
0040,Olma,Яблоки,Apples,Олма,2016-01,monthly,2016,3860.0
041,Nok,Груши,Pears,Нок,2016-01,monthly,2016,8753.0
049,Uzum,Виноград,Grape,Узум,2016-01,monthly,2016,5901.0
0050,Tarvuz,Арбуз,Watermelon,Тарвуз,2016-01,monthly,2016,1755.0
0051,Qovun,Дыня,Melon,Қовун,2016-01,monthly,2016,2083.0
053,Mayiz,Кишмиш,Kishmish,Майиз,2016-01,monthly,2016,12526.0
055,Karam,Капуста,Cabbage,Карам,2016-01,monthly,2016,750.0
057,Bodring,Огурцы,Cucumbers,Бодринг,2016-01,monthly,2016,9385.0
058,Pomidor,Помидоры,Tomatoes,Помидор,2016-01,monthly,2016,7833.0
0060,Bulg'or qalampiri,Перец болгарский,Bell pepper,Булғор қалампири,2016-01,monthly,2016,5229.0
061,Qovoq,Тыква,Pumpkin,Қовоқ,2016-01,monthly,2016,1202.0
063,Sabzi,Морковь,Carrot,Сабзи,2016-01,monthly,2016,707.0
065,Sarimsoq,Чеснок,Garlic,Саримсоқ,2016-01,monthly,2016,13577.0
066,Piyoz,Лук репчатый,Onion,Пиёз,2016-01,monthly,2016,812.0
069,Kartoshka,Картофель,Potatoes,Картошка,2016-01,monthly,2016,1079.0
002,Kruppa yormasi,Крупа манная,Semolina,Круппа ёрмаси,2016-01,monthly,2016,1435.0
001,Guruch,Рис,Rice,Гуруч,2016-02,monthly,2016,4519.0
003,Arpa,Ячмень,Barley,Арпа,2016-02,monthly,2016,1432.0
0004,Bug'doy,Пшеница,Wheat,Буғдой,2016-02,monthly,2016,1406.0
005,Jo'hori,Кукуруза,Corn,Жўҳори,2016-02,monthly,2016,1376.0
006,Kepak,Отруби,Bran,Кепак,2016-02,monthly,2016,946.0
010,Kombikorm,Комбикорм,Compound feed,Комбикорм,2016-02,monthly,2016,1202.0
017,Mol go'shti,Говядина,Beef,Мол гўшти,2016-02,monthly,2016,21333.0
0020,Qo'y go'shti,Баранина,Mutton,Қўй гўшти,2016-02,monthly,2016,23595.0
026,Turli baliqlar,Рыба всякая,Fish of all kinds,Турли балиқлар,2016-02,monthly,2016,11667.0
027,Yangi sog'ilgan sut (1 litr),Молоко свежее (1 литр),Fresh milk (1 liter),Янги соғилган сут (1 литр),2016-02,monthly,2016,1839.0
034,Tuxum (10 dona),Яйца (10 штук),Eggs (10 pieces ),Тухум (10 дона),2016-02,monthly,2016,4795.0
037,Sariyog',Масло сливочное,Butter,Сариёғ,2016-02,monthly,2016,20338.0
039,Limon,Лимоны,Lemons,Лимон,2016-02,monthly,2016,7381.0
0040,Olma,Яблоки,Apples,Олма,2016-02,monthly,2016,4305.0
041,Nok,Груши,Pears,Нок,2016-02,monthly,2016,12687.0
049,Uzum,Виноград,Grape,Узум,2016-02,monthly,2016,8000.0
053,Mayiz,Кишмиш,Kishmish,Майиз,2016-02,monthly,2016,13218.0
055,Karam,Капуста,Cabbage,Карам,2016-02,monthly,2016,712.0
057,Bodring,Огурцы,Cucumbers,Бодринг,2016-02,monthly,2016,8217.0
058,Pomidor,Помидоры,Tomatoes,Помидор,2016-02,monthly,2016,8221.0
061,Qovoq,Тыква,Pumpkin,Қовоқ,2016-02,monthly,2016,1243.0
063,Sabzi,Морковь,Carrot,Сабзи,2016-02,monthly,2016,671.0
065,Sarimsoq,Чеснок,Garlic,Саримсоқ,2016-02,monthly,2016,16238.0
066,Piyoz,Лук репчатый,Onion,Пиёз,2016-02,monthly,2016,863.0
069,Kartoshka,Картофель,Potatoes,Картошка,2016-02,monthly,2016,1132.0
002,Kruppa yormasi,Крупа манная,Semolina,Круппа ёрмаси,2016-02,monthly,2016,1432.0
001,Guruch,Рис,Rice,Гуруч,2016-03,monthly,2016,4431.0
003,Arpa,Ячмень,Barley,Арпа,2016-03,monthly,2016,1437.0
0004,Bug'doy,Пшеница,Wheat,Буғдой,2016-03,monthly,2016,1414.0
005,Jo'hori,Кукуруза,Corn,Жўҳори,2016-03,monthly,2016,1414.0
006,Kepak,Отруби,Bran,Кепак,2016-03,monthly,2016,969.0
010,Kombikorm,Комбикорм,Compound feed,Комбикорм,2016-03,monthly,2016,1346.0
017,Mol go'shti,Говядина,Beef,Мол гўшти,2016-03,monthly,2016,21310.0
0020,Qo'y go'shti,Баранина,Mutton,Қўй гўшти,2016-03,monthly,2016,23631.0
026,Turli baliqlar,Рыба всякая,Fish of all kinds,Турли балиқлар,2016-03,monthly,2016,11750.0
027,Yangi sog'ilgan sut (1 litr),Молоко свежее (1 литр),Fresh milk (1 liter),Янги соғилган сут (1 литр),2016-03,monthly,2016,1667.0
034,Tuxum (10 dona),Яйца (10 штук),Eggs (10 pieces ),Тухум (10 дона),2016-03,monthly,2016,4400.0
037,Sariyog',Масло сливочное,Butter,Сариёғ,2016-03,monthly,2016,19889.0
039,Limon,Лимоны,Lemons,Лимон,2016-03,monthly,2016,8512.0
0040,Olma,Яблоки,Apples,Олма,2016-03,monthly,2016,4602.0
041,Nok,Груши,Pears,Нок,2016-03,monthly,2016,12117.0
053,Mayiz,Кишмиш,Kishmish,Майиз,2016-03,monthly,2016,13526.0
055,Karam,Капуста,Cabbage,Карам,2016-03,monthly,2016,704.0
057,Bodring,Огурцы,Cucumbers,Бодринг,2016-03,monthly,2016,8310.0
058,Pomidor,Помидоры,Tomatoes,Помидор,2016-03,monthly,2016,11783.0
061,Qovoq,Тыква,Pumpkin,Қовоқ,2016-03,monthly,2016,1274.0
063,Sabzi,Морковь,Carrot,Сабзи,2016-03,monthly,2016,735.0
065,Sarimsoq,Чеснок,Garlic,Саримсоқ,2016-03,monthly,2016,17064.0
066,Piyoz,Лук репчатый,Onion,Пиёз,2016-03,monthly,2016,850.0
069,Kartoshka,Картофель,Potatoes,Картошка,2016-03,monthly,2016,1074.0
002,Kruppa yormasi,Крупа манная,Semolina,Круппа ёрмаси,2016-03,monthly,2016,1437.0
001,Guruch,Рис,Rice,Гуруч,2016-04,monthly,2016,4432.0
003,Arpa,Ячмень,Barley,Арпа,2016-04,monthly,2016,1445.0
0004,Bug'doy,Пшеница,Wheat,Буғдой,2016-04,monthly,2016,1419.0
005,Jo'hori,Кукуруза,Corn,Жўҳори,2016-04,monthly,2016,1449.0
006,Kepak,Отруби,Bran,Кепак,2016-04,monthly,2016,954.0
010,Kombikorm,Комбикорм,Compound feed,Комбикорм,2016-04,monthly,2016,1371.0
011,Oliy navli bug'doy uni,Мука пшеничная высшего сорта,High-grade wheat flour,Олий навли буғдой уни,2016-04,monthly,2016,2500.0
017,Mol go'shti,Говядина,Beef,Мол гўшти,2016-04,monthly,2016,21345.0
0020,Qo'y go'shti,Баранина,Mutton,Қўй гўшти,2016-04,monthly,2016,23705.0
026,Turli baliqlar,Рыба всякая,Fish of all kinds,Турли балиқлар,2016-04,monthly,2016,11792.0
027,Yangi sog'ilgan sut (1 litr),Молоко свежее (1 литр),Fresh milk (1 liter),Янги соғилган сут (1 литр),2016-04,monthly,2016,1727.0
034,Tuxum (10 dona),Яйца (10 штук),Eggs (10 pieces ),Тухум (10 дона),2016-04,monthly,2016,4440.0
037,Sariyog',Масло сливочное,Butter,Сариёғ,2016-04,monthly,2016,19561.0
039,Limon,Лимоны,Lemons,Лимон,2016-04,monthly,2016,9123.0
0040,Olma,Яблоки,Apples,Олма,2016-04,monthly,2016,4904.0
041,Nok,Груши,Pears,Нок,2016-04,monthly,2016,12310.0
053,Mayiz,Кишмиш,Kishmish,Майиз,2016-04,monthly,2016,13295.0
055,Karam,Капуста,Cabbage,Карам,2016-04,monthly,2016,696.0
057,Bodring,Огурцы,Cucumbers,Бодринг,2016-04,monthly,2016,5020.0
058,Pomidor,Помидоры,Tomatoes,Помидор,2016-04,monthly,2016,9391.0
0060,Bulg'or qalampiri,Перец болгарский,Bell pepper,Булғор қалампири,2016-04,monthly,2016,5568.0
061,Qovoq,Тыква,Pumpkin,Қовоқ,2016-04,monthly,2016,1341.0
063,Sabzi,Морковь,Carrot,Сабзи,2016-04,monthly,2016,869.0
065,Sarimsoq,Чеснок,Garlic,Саримсоқ,2016-04,monthly,2016,15756.0
066,Piyoz,Лук репчатый,Onion,Пиёз,2016-04,monthly,2016,767.0
069,Kartoshka,Картофель,Potatoes,Картошка,2016-04,monthly,2016,1102.0
002,Kruppa yormasi,Крупа манная,Semolina,Круппа ёрмаси,2016-04,monthly,2016,1445.0
001,Guruch,Рис,Rice,Гуруч,2016-05,monthly,2016,4500.0
003,Arpa,Ячмень,Barley,Арпа,2016-05,monthly,2016,1438.0
0004,Bug'doy,Пшеница,Wheat,Буғдой,2016-05,monthly,2016,1387.0
005,Jo'hori,Кукуруза,Corn,Жўҳори,2016-05,monthly,2016,1403.0
006,Kepak,Отруби,Bran,Кепак,2016-05,monthly,2016,931.0
010,Kombikorm,Комбикорм,Compound feed,Комбикорм,2016-05,monthly,2016,1283.0
011,Oliy navli bug'doy uni,Мука пшеничная высшего сорта,High-grade wheat flour,Олий навли буғдой уни,2016-05,monthly,2016,2500.0
017,Mol go'shti,Говядина,Beef,Мол гўшти,2016-05,monthly,2016,21310.0
0020,Qo'y go'shti,Баранина,Mutton,Қўй гўшти,2016-05,monthly,2016,23702.0
026,Turli baliqlar,Рыба всякая,Fish of all kinds,Турли балиқлар,2016-05,monthly,2016,12209.0
027,Yangi sog'ilgan sut (1 litr),Молоко свежее (1 литр),Fresh milk (1 liter),Янги соғилган сут (1 литр),2016-05,monthly,2016,1667.0
034,Tuxum (10 dona),Яйца (10 штук),Eggs (10 pieces ),Тухум (10 дона),2016-05,monthly,2016,4331.0
037,Sariyog',Масло сливочное,Butter,Сариёғ,2016-05,monthly,2016,19442.0
039,Limon,Лимоны,Lemons,Лимон,2016-05,monthly,2016,9581.0
0040,Olma,Яблоки,Apples,Олма,2016-05,monthly,2016,5421.0
041,Nok,Груши,Pears,Нок,2016-05,monthly,2016,13113.0
053,Mayiz,Кишмиш,Kishmish,Майиз,2016-05,monthly,2016,13859.0
055,Karam,Капуста,Cabbage,Карам,2016-05,monthly,2016,542.0
057,Bodring,Огурцы,Cucumbers,Бодринг,2016-05,monthly,2016,1543.0
058,Pomidor,Помидоры,Tomatoes,Помидор,2016-05,monthly,2016,4325.0
059,Baqlajon,Баклажаны,Eggplant,Бақлажон,2016-05,monthly,2016,3000.0
0060,Bulg'or qalampiri,Перец болгарский,Bell pepper,Булғор қалампири,2016-05,monthly,2016,4761.0
061,Qovoq,Тыква,Pumpkin,Қовоқ,2016-05,monthly,2016,1329.0
063,Sabzi,Морковь,Carrot,Сабзи,2016-05,monthly,2016,861.0
065,Sarimsoq,Чеснок,Garlic,Саримсоқ,2016-05,monthly,2016,11881.0
066,Piyoz,Лук репчатый,Onion,Пиёз,2016-05,monthly,2016,555.0
069,Kartoshka,Картофель,Potatoes,Картошка,2016-05,monthly,2016,761.0
002,Kruppa yormasi,Крупа манная,Semolina,Круппа ёрмаси,2016-05,monthly,2016,1438.0
001,Guruch,Рис,Rice,Гуруч,2016-06,monthly,2016,4556.0
003,Arpa,Ячмень,Barley,Арпа,2016-06,monthly,2016,1281.0
0004,Bug'doy,Пшеница,Wheat,Буғдой,2016-06,monthly,2016,1185.0
005,Jo'hori,Кукуруза,Corn,Жўҳори,2016-06,monthly,2016,1387.0
006,Kepak,Отруби,Bran,Кепак,2016-06,monthly,2016,906.0
010,Kombikorm,Комбикорм,Compound feed,Комбикорм,2016-06,monthly,2016,1320.0
017,Mol go'shti,Говядина,Beef,Мол гўшти,2016-06,monthly,2016,21095.0
0020,Qo'y go'shti,Баранина,Mutton,Қўй гўшти,2016-06,monthly,2016,23607.0
026,Turli baliqlar,Рыба всякая,Fish of all kinds,Турли балиқлар,2016-06,monthly,2016,11860.0
027,Yangi sog'ilgan sut (1 litr),Молоко свежее (1 литр),Fresh milk (1 liter),Янги соғилган сут (1 литр),2016-06,monthly,2016,1685.0
034,Tuxum (10 dona),Яйца (10 штук),Eggs (10 pieces ),Тухум (10 дона),2016-06,monthly,2016,4446.0
037,Sariyog',Масло сливочное,Butter,Сариёғ,2016-06,monthly,2016,18687.0
039,Limon,Лимоны,Lemons,Лимон,2016-06,monthly,2016,9343.0
0040,Olma,Яблоки,Apples,Олма,2016-06,monthly,2016,3767.0
041,Nok,Груши,Pears,Нок,2016-06,monthly,2016,11512.0
049,Uzum,Виноград,Grape,Узум,2016-06,monthly,2016,2754.0
0050,Tarvuz,Арбуз,Watermelon,Тарвуз,2016-06,monthly,2016,1774.0
0051,Qovun,Дыня,Melon,Қовун,2016-06,monthly,2016,3038.0
053,Mayiz,Кишмиш,Kishmish,Майиз,2016-06,monthly,2016,13844.0
055,Karam,Капуста,Cabbage,Карам,2016-06,monthly,2016,513.0
057,Bodring,Огурцы,Cucumbers,Бодринг,2016-06,monthly,2016,1186.0
058,Pomidor,Помидоры,Tomatoes,Помидор,2016-06,monthly,2016,2229.0
059,Baqlajon,Баклажаны,Eggplant,Бақлажон,2016-06,monthly,2016,1894.0
0060,Bulg'or qalampiri,Перец болгарский,Bell pepper,Булғор қалампири,2016-06,monthly,2016,2617.0
061,Qovoq,Тыква,Pumpkin,Қовоқ,2016-06,monthly,2016,1385.0
063,Sabzi,Морковь,Carrot,Сабзи,2016-06,monthly,2016,921.0
065,Sarimsoq,Чеснок,Garlic,Саримсоқ,2016-06,monthly,2016,10000.0
066,Piyoz,Лук репчатый,Onion,Пиёз,2016-06,monthly,2016,513.0
069,Kartoshka,Картофель,Potatoes,Картошка,2016-06,monthly,2016,900.0
002,Kruppa yormasi,Крупа манная,Semolina,Круппа ёрмаси,2016-06,monthly,2016,1281.0
001,Guruch,Рис,Rice,Гуруч,2016-07,monthly,2016,4655.0
003,Arpa,Ячмень,Barley,Арпа,2016-07,monthly,2016,1221.0
0004,Bug'doy,Пшеница,Wheat,Буғдой,2016-07,monthly,2016,1097.0
005,Jo'hori,Кукуруза,Corn,Жўҳори,2016-07,monthly,2016,1360.0
006,Kepak,Отруби,Bran,Кепак,2016-07,monthly,2016,888.0
010,Kombikorm,Комбикорм,Compound feed,Комбикорм,2016-07,monthly,2016,1206.0
011,Oliy navli bug'doy uni,Мука пшеничная высшего сорта,High-grade wheat flour,Олий навли буғдой уни,2016-07,monthly,2016,2500.0
017,Mol go'shti,Говядина,Beef,Мол гўшти,2016-07,monthly,2016,21071.0
0020,Qo'y go'shti,Баранина,Mutton,Қўй гўшти,2016-07,monthly,2016,23524.0
026,Turli baliqlar,Рыба всякая,Fish of all kinds,Турли балиқлар,2016-07,monthly,2016,12833.0
027,Yangi sog'ilgan sut (1 litr),Молоко свежее (1 литр),Fresh milk (1 liter),Янги соғилган сут (1 литр),2016-07,monthly,2016,1697.0
034,Tuxum (10 dona),Яйца (10 штук),Eggs (10 pieces ),Тухум (10 дона),2016-07,monthly,2016,4510.0
037,Sariyog',Масло сливочное,Butter,Сариёғ,2016-07,monthly,2016,18560.0
039,Limon,Лимоны,Lemons,Лимон,2016-07,monthly,2016,10639.0
0040,Olma,Яблоки,Apples,Олма,2016-07,monthly,2016,2579.0
041,Nok,Груши,Pears,Нок,2016-07,monthly,2016,5810.0
049,Uzum,Виноград,Grape,Узум,2016-07,monthly,2016,2243.0
0050,Tarvuz,Арбуз,Watermelon,Тарвуз,2016-07,monthly,2016,853.0
0051,Qovun,Дыня,Melon,Қовун,2016-07,monthly,2016,1227.0
053,Mayiz,Кишмиш,Kishmish,Майиз,2016-07,monthly,2016,13962.0
055,Karam,Капуста,Cabbage,Карам,2016-07,monthly,2016,659.0
057,Bodring,Огурцы,Cucumbers,Бодринг,2016-07,monthly,2016,1255.0
058,Pomidor,Помидоры,Tomatoes,Помидор,2016-07,monthly,2016,1424.0
059,Baqlajon,Баклажаны,Eggplant,Бақлажон,2016-07,monthly,2016,1011.0
0060,Bulg'or qalampiri,Перец болгарский,Bell pepper,Булғор қалампири,2016-07,monthly,2016,1385.0
061,Qovoq,Тыква,Pumpkin,Қовоқ,2016-07,monthly,2016,1450.0
063,Sabzi,Морковь,Carrot,Сабзи,2016-07,monthly,2016,1264.0
065,Sarimsoq,Чеснок,Garlic,Саримсоқ,2016-07,monthly,2016,9786.0
066,Piyoz,Лук репчатый,Onion,Пиёз,2016-07,monthly,2016,607.0
069,Kartoshka,Картофель,Potatoes,Картошка,2016-07,monthly,2016,1056.0
002,Kruppa yormasi,Крупа манная,Semolina,Круппа ёрмаси,2016-07,monthly,2016,1221.0
001,Guruch,Рис,Rice,Гуруч,2016-08,monthly,2016,4569.0
003,Arpa,Ячмень,Barley,Арпа,2016-08,monthly,2016,1258.0
0004,Bug'doy,Пшеница,Wheat,Буғдой,2016-08,monthly,2016,1191.0
005,Jo'hori,Кукуруза,Corn,Жўҳори,2016-08,monthly,2016,1359.0
006,Kepak,Отруби,Bran,Кепак,2016-08,monthly,2016,938.0
010,Kombikorm,Комбикорм,Compound feed,Комбикорм,2016-08,monthly,2016,1273.0
011,Oliy navli bug'doy uni,Мука пшеничная высшего сорта,High-grade wheat flour,Олий навли буғдой уни,2016-08,monthly,2016,2500.0
017,Mol go'shti,Говядина,Beef,Мол гўшти,2016-08,monthly,2016,21381.0
0020,Qo'y go'shti,Баранина,Mutton,Қўй гўшти,2016-08,monthly,2016,23655.0
026,Turli baliqlar,Рыба всякая,Fish of all kinds,Турли балиқлар,2016-08,monthly,2016,12308.0
027,Yangi sog'ilgan sut (1 litr),Молоко свежее (1 литр),Fresh milk (1 liter),Янги соғилган сут (1 литр),2016-08,monthly,2016,1667.0
034,Tuxum (10 dona),Яйца (10 штук),Eggs (10 pieces ),Тухум (10 дона),2016-08,monthly,2016,4408.0
037,Sariyog',Масло сливочное,Butter,Сариёғ,2016-08,monthly,2016,18444.0
039,Limon,Лимоны,Lemons,Лимон,2016-08,monthly,2016,10889.0
0040,Olma,Яблоки,Apples,Олма,2016-08,monthly,2016,2748.0
041,Nok,Груши,Pears,Нок,2016-08,monthly,2016,4510.0
049,Uzum,Виноград,Grape,Узум,2016-08,monthly,2016,2092.0
0050,Tarvuz,Арбуз,Watermelon,Тарвуз,2016-08,monthly,2016,687.0
0051,Qovun,Дыня,Melon,Қовун,2016-08,monthly,2016,924.0
053,Mayiz,Кишмиш,Kishmish,Майиз,2016-08,monthly,2016,13744.0
055,Karam,Капуста,Cabbage,Карам,2016-08,monthly,2016,1245.0
057,Bodring,Огурцы,Cucumbers,Бодринг,2016-08,monthly,2016,1456.0
058,Pomidor,Помидоры,Tomatoes,Помидор,2016-08,monthly,2016,1629.0
059,Baqlajon,Баклажаны,Eggplant,Бақлажон,2016-08,monthly,2016,923.0
0060,Bulg'or qalampiri,Перец болгарский,Bell pepper,Булғор қалампири,2016-08,monthly,2016,1271.0
061,Qovoq,Тыква,Pumpkin,Қовоқ,2016-08,monthly,2016,1317.0
063,Sabzi,Морковь,Carrot,Сабзи,2016-08,monthly,2016,1460.0
065,Sarimsoq,Чеснок,Garlic,Саримсоқ,2016-08,monthly,2016,8907.0
066,Piyoz,Лук репчатый,Onion,Пиёз,2016-08,monthly,2016,765.0
069,Kartoshka,Картофель,Potatoes,Картошка,2016-08,monthly,2016,1269.0
002,Kruppa yormasi,Крупа манная,Semolina,Круппа ёрмаси,2016-08,monthly,2016,1258.0
001,Guruch,Рис,Rice,Гуруч,2016-09,monthly,2016,4564.0
003,Arpa,Ячмень,Barley,Арпа,2016-09,monthly,2016,1274.0
0004,Bug'doy,Пшеница,Wheat,Буғдой,2016-09,monthly,2016,1208.0
005,Jo'hori,Кукуруза,Corn,Жўҳори,2016-09,monthly,2016,1288.0
006,Kepak,Отруби,Bran,Кепак,2016-09,monthly,2016,1010.0
010,Kombikorm,Комбикорм,Compound feed,Комбикорм,2016-09,monthly,2016,1311.0
011,Oliy navli bug'doy uni,Мука пшеничная высшего сорта,High-grade wheat flour,Олий навли буғдой уни,2016-09,monthly,2016,2500.0
017,Mol go'shti,Говядина,Beef,Мол гўшти,2016-09,monthly,2016,21476.0
0020,Qo'y go'shti,Баранина,Mutton,Қўй гўшти,2016-09,monthly,2016,23798.0
026,Turli baliqlar,Рыба всякая,Fish of all kinds,Турли балиқлар,2016-09,monthly,2016,12900.0
027,Yangi sog'ilgan sut (1 litr),Молоко свежее (1 литр),Fresh milk (1 liter),Янги соғилган сут (1 литр),2016-09,monthly,2016,1612.0
034,Tuxum (10 dona),Яйца (10 штук),Eggs (10 pieces ),Тухум (10 дона),2016-09,monthly,2016,4421.0
037,Sariyog',Масло сливочное,Butter,Сариёғ,2016-09,monthly,2016,18500.0
039,Limon,Лимоны,Lemons,Лимон,2016-09,monthly,2016,11194.0
0040,Olma,Яблоки,Apples,Олма,2016-09,monthly,2016,2890.0
041,Nok,Груши,Pears,Нок,2016-09,monthly,2016,4776.0
049,Uzum,Виноград,Grape,Узум,2016-09,monthly,2016,2037.0
0050,Tarvuz,Арбуз,Watermelon,Тарвуз,2016-09,monthly,2016,983.0
0051,Qovun,Дыня,Melon,Қовун,2016-09,monthly,2016,1229.0
053,Mayiz,Кишмиш,Kishmish,Майиз,2016-09,monthly,2016,13869.0
055,Karam,Капуста,Cabbage,Карам,2016-09,monthly,2016,1398.0
057,Bodring,Огурцы,Cucumbers,Бодринг,2016-09,monthly,2016,1776.0
058,Pomidor,Помидоры,Tomatoes,Помидор,2016-09,monthly,2016,2187.0
059,Baqlajon,Баклажаны,Eggplant,Бақлажон,2016-09,monthly,2016,1109.0
0060,Bulg'or qalampiri,Перец болгарский,Bell pepper,Булғор қалампири,2016-09,monthly,2016,1488.0
061,Qovoq,Тыква,Pumpkin,Қовоқ,2016-09,monthly,2016,1344.0
063,Sabzi,Морковь,Carrot,Сабзи,2016-09,monthly,2016,1638.0
065,Sarimsoq,Чеснок,Garlic,Саримсоқ,2016-09,monthly,2016,9538.0
066,Piyoz,Лук репчатый,Onion,Пиёз,2016-09,monthly,2016,901.0
069,Kartoshka,Картофель,Potatoes,Картошка,2016-09,monthly,2016,1876.0
002,Kruppa yormasi,Крупа манная,Semolina,Круппа ёрмаси,2016-09,monthly,2016,1274.0
001,Guruch,Рис,Rice,Гуруч,2016-10,monthly,2016,4257.0
003,Arpa,Ячмень,Barley,Арпа,2016-10,monthly,2016,1288.0
0004,Bug'doy,Пшеница,Wheat,Буғдой,2016-10,monthly,2016,1260.0
005,Jo'hori,Кукуруза,Corn,Жўҳори,2016-10,monthly,2016,1271.0
006,Kepak,Отруби,Bran,Кепак,2016-10,monthly,2016,1008.0
010,Kombikorm,Комбикорм,Compound feed,Комбикорм,2016-10,monthly,2016,1317.0
011,Oliy navli bug'doy uni,Мука пшеничная высшего сорта,High-grade wheat flour,Олий навли буғдой уни,2016-10,monthly,2016,2633.0
017,Mol go'shti,Говядина,Beef,Мол гўшти,2016-10,monthly,2016,21857.0
0020,Qo'y go'shti,Баранина,Mutton,Қўй гўшти,2016-10,monthly,2016,24107.0
026,Turli baliqlar,Рыба всякая,Fish of all kinds,Турли балиқлар,2016-10,monthly,2016,13417.0
027,Yangi sog'ilgan sut (1 litr),Молоко свежее (1 литр),Fresh milk (1 liter),Янги соғилган сут (1 литр),2016-10,monthly,2016,1615.0
034,Tuxum (10 dona),Яйца (10 штук),Eggs (10 pieces ),Тухум (10 дона),2016-10,monthly,2016,4569.0
037,Sariyog',Масло сливочное,Butter,Сариёғ,2016-10,monthly,2016,18050.0
039,Limon,Лимоны,Lemons,Лимон,2016-10,monthly,2016,8321.0
0040,Olma,Яблоки,Apples,Олма,2016-10,monthly,2016,3281.0
041,Nok,Груши,Pears,Нок,2016-10,monthly,2016,5462.0
049,Uzum,Виноград,Grape,Узум,2016-10,monthly,2016,2631.0
0050,Tarvuz,Арбуз,Watermelon,Тарвуз,2016-10,monthly,2016,1169.0
0051,Qovun,Дыня,Melon,Қовун,2016-10,monthly,2016,1433.0
053,Mayiz,Кишмиш,Kishmish,Майиз,2016-10,monthly,2016,13397.0
055,Karam,Капуста,Cabbage,Карам,2016-10,monthly,2016,1271.0
057,Bodring,Огурцы,Cucumbers,Бодринг,2016-10,monthly,2016,2202.0
058,Pomidor,Помидоры,Tomatoes,Помидор,2016-10,monthly,2016,2902.0
059,Baqlajon,Баклажаны,Eggplant,Бақлажон,2016-10,monthly,2016,1174.0
0060,Bulg'or qalampiri,Перец болгарский,Bell pepper,Булғор қалампири,2016-10,monthly,2016,1810.0
061,Qovoq,Тыква,Pumpkin,Қовоқ,2016-10,monthly,2016,1270.0
063,Sabzi,Морковь,Carrot,Сабзи,2016-10,monthly,2016,1470.0
065,Sarimsoq,Чеснок,Garlic,Саримсоқ,2016-10,monthly,2016,10333.0
066,Piyoz,Лук репчатый,Onion,Пиёз,2016-10,monthly,2016,1044.0
069,Kartoshka,Картофель,Potatoes,Картошка,2016-10,monthly,2016,2323.0
002,Kruppa yormasi,Крупа манная,Semolina,Круппа ёрмаси,2016-10,monthly,2016,1288.0
001,Guruch,Рис,Rice,Гуруч,2016-11,monthly,2016,4035.0
003,Arpa,Ячмень,Barley,Арпа,2016-11,monthly,2016,1323.0
0004,Bug'doy,Пшеница,Wheat,Буғдой,2016-11,monthly,2016,1305.0
005,Jo'hori,Кукуруза,Corn,Жўҳори,2016-11,monthly,2016,1263.0
006,Kepak,Отруби,Bran,Кепак,2016-11,monthly,2016,1163.0
010,Kombikorm,Комбикорм,Compound feed,Комбикорм,2016-11,monthly,2016,1354.0
011,Oliy navli bug'doy uni,Мука пшеничная высшего сорта,High-grade wheat flour,Олий навли буғдой уни,2016-11,monthly,2016,2133.0
017,Mol go'shti,Говядина,Beef,Мол гўшти,2016-11,monthly,2016,21928.0
0020,Qo'y go'shti,Баранина,Mutton,Қўй гўшти,2016-11,monthly,2016,24089.0
026,Turli baliqlar,Рыба всякая,Fish of all kinds,Турли балиқлар,2016-11,monthly,2016,13114.0
027,Yangi sog'ilgan sut (1 litr),Молоко свежее (1 литр),Fresh milk (1 liter),Янги соғилган сут (1 литр),2016-11,monthly,2016,1612.0
034,Tuxum (10 dona),Яйца (10 штук),Eggs (10 pieces ),Тухум (10 дона),2016-11,monthly,2016,4870.0
037,Sariyog',Масло сливочное,Butter,Сариёғ,2016-11,monthly,2016,19017.0
039,Limon,Лимоны,Lemons,Лимон,2016-11,monthly,2016,7129.0
0040,Olma,Яблоки,Apples,Олма,2016-11,monthly,2016,3549.0
041,Nok,Груши,Pears,Нок,2016-11,monthly,2016,6477.0
049,Uzum,Виноград,Grape,Узум,2016-11,monthly,2016,4029.0
0050,Tarvuz,Арбуз,Watermelon,Тарвуз,2016-11,monthly,2016,1456.0
0051,Qovun,Дыня,Melon,Қовун,2016-11,monthly,2016,1725.0
053,Mayiz,Кишмиш,Kishmish,Майиз,2016-11,monthly,2016,13927.0
055,Karam,Капуста,Cabbage,Карам,2016-11,monthly,2016,1130.0
057,Bodring,Огурцы,Cucumbers,Бодринг,2016-11,monthly,2016,3225.0
058,Pomidor,Помидоры,Tomatoes,Помидор,2016-11,monthly,2016,4284.0
059,Baqlajon,Баклажаны,Eggplant,Бақлажон,2016-11,monthly,2016,1454.0
0060,Bulg'or qalampiri,Перец болгарский,Bell pepper,Булғор қалампири,2016-11,monthly,2016,2485.0
061,Qovoq,Тыква,Pumpkin,Қовоқ,2016-11,monthly,2016,1266.0
063,Sabzi,Морковь,Carrot,Сабзи,2016-11,monthly,2016,984.0
065,Sarimsoq,Чеснок,Garlic,Саримсоқ,2016-11,monthly,2016,11258.0
066,Piyoz,Лук репчатый,Onion,Пиёз,2016-11,monthly,2016,1335.0
069,Kartoshka,Картофель,Potatoes,Картошка,2016-11,monthly,2016,2446.0
002,Kruppa yormasi,Крупа манная,Semolina,Круппа ёрмаси,2016-11,monthly,2016,1323.0
001,Guruch,Рис,Rice,Гуруч,2016-12,monthly,2016,4110.0
003,Arpa,Ячмень,Barley,Арпа,2016-12,monthly,2016,1347.0
0004,Bug'doy,Пшеница,Wheat,Буғдой,2016-12,monthly,2016,1304.0
005,Jo'hori,Кукуруза,Corn,Жўҳори,2016-12,monthly,2016,1377.0
006,Kepak,Отруби,Bran,Кепак,2016-12,monthly,2016,1048.0
010,Kombikorm,Комбикорм,Compound feed,Комбикорм,2016-12,monthly,2016,1397.0
011,Oliy navli bug'doy uni,Мука пшеничная высшего сорта,High-grade wheat flour,Олий навли буғдой уни,2016-12,monthly,2016,2200.0
017,Mol go'shti,Говядина,Beef,Мол гўшти,2016-12,monthly,2016,21560.0
0020,Qo'y go'shti,Баранина,Mutton,Қўй гўшти,2016-12,monthly,2016,23726.0
026,Turli baliqlar,Рыба всякая,Fish of all kinds,Турли балиқлар,2016-12,monthly,2016,12578.0
027,Yangi sog'ilgan sut (1 litr),Молоко свежее (1 литр),Fresh milk (1 liter),Янги соғилган сут (1 литр),2016-12,monthly,2016,1688.0
034,Tuxum (10 dona),Яйца (10 штук),Eggs (10 pieces ),Тухум (10 дона),2016-12,monthly,2016,5045.0
037,Sariyog',Масло сливочное,Butter,Сариёғ,2016-12,monthly,2016,21152.0
039,Limon,Лимоны,Lemons,Лимон,2016-12,monthly,2016,6631.0
0040,Olma,Яблоки,Apples,Олма,2016-12,monthly,2016,3817.0
041,Nok,Груши,Pears,Нок,2016-12,monthly,2016,7269.0
049,Uzum,Виноград,Grape,Узум,2016-12,monthly,2016,4885.0
0050,Tarvuz,Арбуз,Watermelon,Тарвуз,2016-12,monthly,2016,1752.0
0051,Qovun,Дыня,Melon,Қовун,2016-12,monthly,2016,2000.0
053,Mayiz,Кишмиш,Kishmish,Майиз,2016-12,monthly,2016,14103.0
055,Karam,Капуста,Cabbage,Карам,2016-12,monthly,2016,1271.0
057,Bodring,Огурцы,Cucumbers,Бодринг,2016-12,monthly,2016,6005.0
058,Pomidor,Помидоры,Tomatoes,Помидор,2016-12,monthly,2016,6163.0
0060,Bulg'or qalampiri,Перец болгарский,Bell pepper,Булғор қалампири,2016-12,monthly,2016,4333.0
061,Qovoq,Тыква,Pumpkin,Қовоқ,2016-12,monthly,2016,1317.0
063,Sabzi,Морковь,Carrot,Сабзи,2016-12,monthly,2016,879.0
065,Sarimsoq,Чеснок,Garlic,Саримсоқ,2016-12,monthly,2016,12476.0
066,Piyoz,Лук репчатый,Onion,Пиёз,2016-12,monthly,2016,1405.0
069,Kartoshka,Картофель,Potatoes,Картошка,2016-12,monthly,2016,2540.0
002,Kruppa yormasi,Крупа манная,Semolina,Круппа ёрмаси,2016-12,monthly,2016,1347.0
001,Guruch,Рис,Rice,Гуруч,2017-01,monthly,2017,4243.0
003,Arpa,Ячмень,Barley,Арпа,2017-01,monthly,2017,1403.0
0004,Bug'doy,Пшеница,Wheat,Буғдой,2017-01,monthly,2017,1359.0
005,Jo'hori,Кукуруза,Corn,Жўҳори,2017-01,monthly,2017,1403.0
006,Kepak,Отруби,Bran,Кепак,2017-01,monthly,2017,1043.0
010,Kombikorm,Комбикорм,Compound feed,Комбикорм,2017-01,monthly,2017,1435.0
011,Oliy navli bug'doy uni,Мука пшеничная высшего сорта,High-grade wheat flour,Олий навли буғдой уни,2017-01,monthly,2017,2200.0
017,Mol go'shti,Говядина,Beef,Мол гўшти,2017-01,monthly,2017,21452.0
0020,Qo'y go'shti,Баранина,Mutton,Қўй гўшти,2017-01,monthly,2017,23679.0
026,Turli baliqlar,Рыба всякая,Fish of all kinds,Турли балиқлар,2017-01,monthly,2017,13896.0
027,Yangi sog'ilgan sut (1 litr),Молоко свежее (1 литр),Fresh milk (1 liter),Янги соғилган сут (1 литр),2017-01,monthly,2017,1650.0
034,Tuxum (10 dona),Яйца (10 штук),Eggs (10 pieces ),Тухум (10 дона),2017-01,monthly,2017,5369.0
037,Sariyog',Масло сливочное,Butter,Сариёғ,2017-01,monthly,2017,22182.0
039,Limon,Лимоны,Lemons,Лимон,2017-01,monthly,2017,6524.0
0040,Olma,Яблоки,Apples,Олма,2017-01,monthly,2017,4181.0
041,Nok,Груши,Pears,Нок,2017-01,monthly,2017,12769.0
049,Uzum,Виноград,Grape,Узум,2017-01,monthly,2017,5438.0
053,Mayiz,Кишмиш,Kishmish,Майиз,2017-01,monthly,2017,14154.0
055,Karam,Капуста,Cabbage,Карам,2017-01,monthly,2017,1479.0
057,Bodring,Огурцы,Cucumbers,Бодринг,2017-01,monthly,2017,9281.0
058,Pomidor,Помидоры,Tomatoes,Помидор,2017-01,monthly,2017,9611.0
061,Qovoq,Тыква,Pumpkin,Қовоқ,2017-01,monthly,2017,1340.0
063,Sabzi,Морковь,Carrot,Сабзи,2017-01,monthly,2017,783.0
065,Sarimsoq,Чеснок,Garlic,Саримсоқ,2017-01,monthly,2017,15548.0
066,Piyoz,Лук репчатый,Onion,Пиёз,2017-01,monthly,2017,1489.0
069,Kartoshka,Картофель,Potatoes,Картошка,2017-01,monthly,2017,2618.0
002,Kruppa yormasi,Крупа манная,Semolina,Круппа ёрмаси,2017-01,monthly,2017,1403.0
001,Guruch,Рис,Rice,Гуруч,2017-02,monthly,2017,4183.0
003,Arpa,Ячмень,Barley,Арпа,2017-02,monthly,2017,1390.0
0004,Bug'doy,Пшеница,Wheat,Буғдой,2017-02,monthly,2017,1365.0
005,Jo'hori,Кукуруза,Corn,Жўҳори,2017-02,monthly,2017,1405.0
006,Kepak,Отруби,Bran,Кепак,2017-02,monthly,2017,1091.0
010,Kombikorm,Комбикорм,Compound feed,Комбикорм,2017-02,monthly,2017,1432.0
011,Oliy navli bug'doy uni,Мука пшеничная высшего сорта,High-grade wheat flour,Олий навли буғдой уни,2017-02,monthly,2017,2200.0
017,Mol go'shti,Говядина,Beef,Мол гўшти,2017-02,monthly,2017,21345.0
0020,Qo'y go'shti,Баранина,Mutton,Қўй гўшти,2017-02,monthly,2017,23607.0
026,Turli baliqlar,Рыба всякая,Fish of all kinds,Турли балиқлар,2017-02,monthly,2017,13700.0
027,Yangi sog'ilgan sut (1 litr),Молоко свежее (1 литр),Fresh milk (1 liter),Янги соғилган сут (1 литр),2017-02,monthly,2017,1667.0
034,Tuxum (10 dona),Яйца (10 штук),Eggs (10 pieces ),Тухум (10 дона),2017-02,monthly,2017,5070.0
037,Sariyog',Масло сливочное,Butter,Сариёғ,2017-02,monthly,2017,21545.0
039,Limon,Лимоны,Lemons,Лимон,2017-02,monthly,2017,7417.0
0040,Olma,Яблоки,Apples,Олма,2017-02,monthly,2017,4407.0
041,Nok,Груши,Pears,Нок,2017-02,monthly,2017,10244.0
049,Uzum,Виноград,Grape,Узум,2017-02,monthly,2017,7288.0
053,Mayiz,Кишмиш,Kishmish,Майиз,2017-02,monthly,2017,14590.0
055,Karam,Капуста,Cabbage,Карам,2017-02,monthly,2017,1810.0
057,Bodring,Огурцы,Cucumbers,Бодринг,2017-02,monthly,2017,11907.0
058,Pomidor,Помидоры,Tomatoes,Помидор,2017-02,monthly,2017,12926.0
061,Qovoq,Тыква,Pumpkin,Қовоқ,2017-02,monthly,2017,1479.0
063,Sabzi,Морковь,Carrot,Сабзи,2017-02,monthly,2017,660.0
065,Sarimsoq,Чеснок,Garlic,Саримсоқ,2017-02,monthly,2017,14000.0
066,Piyoz,Лук репчатый,Onion,Пиёз,2017-02,monthly,2017,1662.0
069,Kartoshka,Картофель,Potatoes,Картошка,2017-02,monthly,2017,2831.0
002,Kruppa yormasi,Крупа манная,Semolina,Круппа ёрмаси,2017-02,monthly,2017,1390.0
001,Guruch,Рис,Rice,Гуруч,2017-03,monthly,2017,4143.0
003,Arpa,Ячмень,Barley,Арпа,2017-03,monthly,2017,1414.0
0004,Bug'doy,Пшеница,Wheat,Буғдой,2017-03,monthly,2017,1391.0
005,Jo'hori,Кукуруза,Corn,Жўҳори,2017-03,monthly,2017,1445.0
006,Kepak,Отруби,Bran,Кепак,2017-03,monthly,2017,1126.0
010,Kombikorm,Комбикорм,Compound feed,Комбикорм,2017-03,monthly,2017,1443.0
011,Oliy navli bug'doy uni,Мука пшеничная высшего сорта,High-grade wheat flour,Олий навли буғдой уни,2017-03,monthly,2017,2600.0
017,Mol go'shti,Говядина,Beef,Мол гўшти,2017-03,monthly,2017,21429.0
0020,Qo'y go'shti,Баранина,Mutton,Қўй гўшти,2017-03,monthly,2017,23690.0
026,Turli baliqlar,Рыба всякая,Fish of all kinds,Турли балиқлар,2017-03,monthly,2017,13983.0
027,Yangi sog'ilgan sut (1 litr),Молоко свежее (1 литр),Fresh milk (1 liter),Янги соғилган сут (1 литр),2017-03,monthly,2017,1793.0
034,Tuxum (10 dona),Яйца (10 штук),Eggs (10 pieces ),Тухум (10 дона),2017-03,monthly,2017,5269.0
037,Sariyog',Масло сливочное,Butter,Сариёғ,2017-03,monthly,2017,21667.0
039,Limon,Лимоны,Lemons,Лимон,2017-03,monthly,2017,7831.0
0040,Olma,Яблоки,Apples,Олма,2017-03,monthly,2017,4628.0
041,Nok,Груши,Pears,Нок,2017-03,monthly,2017,12542.0
049,Uzum,Виноград,Grape,Узум,2017-03,monthly,2017,7716.0
053,Mayiz,Кишмиш,Kishmish,Майиз,2017-03,monthly,2017,14731.0
055,Karam,Капуста,Cabbage,Карам,2017-03,monthly,2017,1950.0
057,Bodring,Огурцы,Cucumbers,Бодринг,2017-03,monthly,2017,13288.0
058,Pomidor,Помидоры,Tomatoes,Помидор,2017-03,monthly,2017,13545.0
061,Qovoq,Тыква,Pumpkin,Қовоқ,2017-03,monthly,2017,1590.0
063,Sabzi,Морковь,Carrot,Сабзи,2017-03,monthly,2017,763.0
065,Sarimsoq,Чеснок,Garlic,Саримсоқ,2017-03,monthly,2017,15238.0
066,Piyoz,Лук репчатый,Onion,Пиёз,2017-03,monthly,2017,2224.0
069,Kartoshka,Картофель,Potatoes,Картошка,2017-03,monthly,2017,3226.0
002,Kruppa yormasi,Крупа манная,Semolina,Круппа ёрмаси,2017-03,monthly,2017,1414.0
001,Guruch,Рис,Rice,Гуруч,2017-04,monthly,2017,4217.0
003,Arpa,Ячмень,Barley,Арпа,2017-04,monthly,2017,1506.0
0004,Bug'doy,Пшеница,Wheat,Буғдой,2017-04,monthly,2017,1462.0
005,Jo'hori,Кукуруза,Corn,Жўҳори,2017-04,monthly,2017,1629.0
006,Kepak,Отруби,Bran,Кепак,2017-04,monthly,2017,1180.0
010,Kombikorm,Комбикорм,Compound feed,Комбикорм,2017-04,monthly,2017,1487.0
011,Oliy navli bug'doy uni,Мука пшеничная высшего сорта,High-grade wheat flour,Олий навли буғдой уни,2017-04,monthly,2017,2600.0
017,Mol go'shti,Говядина,Beef,Мол гўшти,2017-04,monthly,2017,22643.0
0020,Qo'y go'shti,Баранина,Mutton,Қўй гўшти,2017-04,monthly,2017,24774.0
026,Turli baliqlar,Рыба всякая,Fish of all kinds,Турли балиқлар,2017-04,monthly,2017,14383.0
027,Yangi sog'ilgan sut (1 litr),Молоко свежее (1 литр),Fresh milk (1 liter),Янги соғилган сут (1 литр),2017-04,monthly,2017,1940.0
034,Tuxum (10 dona),Яйца (10 штук),Eggs (10 pieces ),Тухум (10 дона),2017-04,monthly,2017,5405.0
037,Sariyog',Масло сливочное,Butter,Сариёғ,2017-04,monthly,2017,22061.0
039,Limon,Лимоны,Lemons,Лимон,2017-04,monthly,2017,8619.0
0040,Olma,Яблоки,Apples,Олма,2017-04,monthly,2017,4917.0
041,Nok,Груши,Pears,Нок,2017-04,monthly,2017,15347.0
053,Mayiz,Кишмиш,Kishmish,Майиз,2017-04,monthly,2017,15092.0
055,Karam,Капуста,Cabbage,Карам,2017-04,monthly,2017,1954.0
057,Bodring,Огурцы,Cucumbers,Бодринг,2017-04,monthly,2017,9929.0
058,Pomidor,Помидоры,Tomatoes,Помидор,2017-04,monthly,2017,11476.0
061,Qovoq,Тыква,Pumpkin,Қовоқ,2017-04,monthly,2017,1641.0
063,Sabzi,Морковь,Carrot,Сабзи,2017-04,monthly,2017,1174.0
065,Sarimsoq,Чеснок,Garlic,Саримсоқ,2017-04,monthly,2017,16512.0
066,Piyoz,Лук репчатый,Onion,Пиёз,2017-04,monthly,2017,2533.0
069,Kartoshka,Картофель,Potatoes,Картошка,2017-04,monthly,2017,4085.0
002,Kruppa yormasi,Крупа манная,Semolina,Круппа ёрмаси,2017-04,monthly,2017,1506.0
001,Guruch,Рис,Rice,Гуруч,2017-05,monthly,2017,4288.0
003,Arpa,Ячмень,Barley,Арпа,2017-05,monthly,2017,1577.0
0004,Bug'doy,Пшеница,Wheat,Буғдой,2017-05,monthly,2017,1587.0
005,Jo'hori,Кукуруза,Corn,Жўҳори,2017-05,monthly,2017,1768.0
006,Kepak,Отруби,Bran,Кепак,2017-05,monthly,2017,1306.0
010,Kombikorm,Комбикорм,Compound feed,Комбикорм,2017-05,monthly,2017,1515.0
011,Oliy navli bug'doy uni,Мука пшеничная высшего сорта,High-grade wheat flour,Олий навли буғдой уни,2017-05,monthly,2017,2500.0
017,Mol go'shti,Говядина,Beef,Мол гўшти,2017-05,monthly,2017,22571.0
0020,Qo'y go'shti,Баранина,Mutton,Қўй гўшти,2017-05,monthly,2017,24810.0
026,Turli baliqlar,Рыба всякая,Fish of all kinds,Турли балиқлар,2017-05,monthly,2017,14639.0
027,Yangi sog'ilgan sut (1 litr),Молоко свежее (1 литр),Fresh milk (1 liter),Янги соғилган сут (1 литр),2017-05,monthly,2017,1937.0
034,Tuxum (10 dona),Яйца (10 штук),Eggs (10 pieces ),Тухум (10 дона),2017-05,monthly,2017,4890.0
037,Sariyog',Масло сливочное,Butter,Сариёғ,2017-05,monthly,2017,22133.0
039,Limon,Лимоны,Lemons,Лимон,2017-05,monthly,2017,9125.0
0040,Olma,Яблоки,Apples,Олма,2017-05,monthly,2017,5607.0
041,Nok,Груши,Pears,Нок,2017-05,monthly,2017,19689.0
053,Mayiz,Кишмиш,Kishmish,Майиз,2017-05,monthly,2017,15359.0
055,Karam,Капуста,Cabbage,Карам,2017-05,monthly,2017,1793.0
057,Bodring,Огурцы,Cucumbers,Бодринг,2017-05,monthly,2017,2536.0
058,Pomidor,Помидоры,Tomatoes,Помидор,2017-05,monthly,2017,7062.0
059,Baqlajon,Баклажаны,Eggplant,Бақлажон,2017-05,monthly,2017,8000.0
0060,Bulg'or qalampiri,Перец болгарский,Bell pepper,Булғор қалампири,2017-05,monthly,2017,10695.0
063,Sabzi,Морковь,Carrot,Сабзи,2017-05,monthly,2017,1733.0
065,Sarimsoq,Чеснок,Garlic,Саримсоқ,2017-05,monthly,2017,11917.0
066,Piyoz,Лук репчатый,Onion,Пиёз,2017-05,monthly,2017,2031.0
069,Kartoshka,Картофель,Potatoes,Картошка,2017-05,monthly,2017,3914.0
002,Kruppa yormasi,Крупа манная,Semolina,Круппа ёрмаси,2017-05,monthly,2017,1577.0
001,Guruch,Рис,Rice,Гуруч,2017-06,monthly,2017,4162.0
003,Arpa,Ячмень,Barley,Арпа,2017-06,monthly,2017,1582.0
0004,Bug'doy,Пшеница,Wheat,Буғдой,2017-06,monthly,2017,1583.0
005,Jo'hori,Кукуруза,Corn,Жўҳори,2017-06,monthly,2017,1794.0
006,Kepak,Отруби,Bran,Кепак,2017-06,monthly,2017,1300.0
010,Kombikorm,Комбикорм,Compound feed,Комбикорм,2017-06,monthly,2017,1546.0
011,Oliy navli bug'doy uni,Мука пшеничная высшего сорта,High-grade wheat flour,Олий навли буғдой уни,2017-06,monthly,2017,2500.0
017,Mol go'shti,Говядина,Beef,Мол гўшти,2017-06,monthly,2017,23679.0
0020,Qo'y go'shti,Баранина,Mutton,Қўй гўшти,2017-06,monthly,2017,26000.0
027,Yangi sog'ilgan sut (1 litr),Молоко свежее (1 литр),Fresh milk (1 liter),Янги соғилган сут (1 литр),2017-06,monthly,2017,1843.0
034,Tuxum (10 dona),Яйца (10 штук),Eggs (10 pieces ),Тухум (10 дона),2017-06,monthly,2017,4933.0
037,Sariyog',Масло сливочное,Butter,Сариёғ,2017-06,monthly,2017,22600.0
039,Limon,Лимоны,Lemons,Лимон,2017-06,monthly,2017,10130.0
0040,Olma,Яблоки,Apples,Олма,2017-06,monthly,2017,4339.0
049,Uzum,Виноград,Grape,Узум,2017-06,monthly,2017,3940.0
0050,Tarvuz,Арбуз,Watermelon,Тарвуз,2017-06,monthly,2017,2161.0
0051,Qovun,Дыня,Melon,Қовун,2017-06,monthly,2017,2650.0
053,Mayiz,Кишмиш,Kishmish,Майиз,2017-06,monthly,2017,15692.0
055,Karam,Капуста,Cabbage,Карам,2017-06,monthly,2017,1524.0
057,Bodring,Огурцы,Cucumbers,Бодринг,2017-06,monthly,2017,1151.0
058,Pomidor,Помидоры,Tomatoes,Помидор,2017-06,monthly,2017,3110.0
059,Baqlajon,Баклажаны,Eggplant,Бақлажон,2017-06,monthly,2017,3090.0
0060,Bulg'or qalampiri,Перец болгарский,Bell pepper,Булғор қалампири,2017-06,monthly,2017,4167.0
063,Sabzi,Морковь,Carrot,Сабзи,2017-06,monthly,2017,1926.0
065,Sarimsoq,Чеснок,Garlic,Саримсоқ,2017-06,monthly,2017,7179.0
066,Piyoz,Лук репчатый,Onion,Пиёз,2017-06,monthly,2017,2418.0
069,Kartoshka,Картофель,Potatoes,Картошка,2017-06,monthly,2017,3557.0
002,Kruppa yormasi,Крупа манная,Semolina,Круппа ёрмаси,2017-06,monthly,2017,1582.0
001,Guruch,Рис,Rice,Гуруч,2017-07,monthly,2017,4150.0
003,Arpa,Ячмень,Barley,Арпа,2017-07,monthly,2017,1478.0
0004,Bug'doy,Пшеница,Wheat,Буғдой,2017-07,monthly,2017,1394.0
005,Jo'hori,Кукуруза,Corn,Жўҳори,2017-07,monthly,2017,1786.0
006,Kepak,Отруби,Bran,Кепак,2017-07,monthly,2017,1306.0
010,Kombikorm,Комбикорм,Compound feed,Комбикорм,2017-07,monthly,2017,1580.0
011,Oliy navli bug'doy uni,Мука пшеничная высшего сорта,High-grade wheat flour,Олий навли буғдой уни,2017-07,monthly,2017,2500.0
017,Mol go'shti,Говядина,Beef,Мол гўшти,2017-07,monthly,2017,26071.0
0020,Qo'y go'shti,Баранина,Mutton,Қўй гўшти,2017-07,monthly,2017,28429.0
027,Yangi sog'ilgan sut (1 litr),Молоко свежее (1 литр),Fresh milk (1 liter),Янги соғилган сут (1 литр),2017-07,monthly,2017,1889.0
034,Tuxum (10 dona),Яйца (10 штук),Eggs (10 pieces ),Тухум (10 дона),2017-07,monthly,2017,5013.0
037,Sariyog',Масло сливочное,Butter,Сариёғ,2017-07,monthly,2017,24444.0
039,Limon,Лимоны,Lemons,Лимон,2017-07,monthly,2017,12143.0
0040,Olma,Яблоки,Apples,Олма,2017-07,monthly,2017,3237.0
041,Nok,Груши,Pears,Нок,2017-07,monthly,2017,5306.0
049,Uzum,Виноград,Grape,Узум,2017-07,monthly,2017,2926.0
0050,Tarvuz,Арбуз,Watermelon,Тарвуз,2017-07,monthly,2017,910.0
0051,Qovun,Дыня,Melon,Қовун,2017-07,monthly,2017,1400.0
053,Mayiz,Кишмиш,Kishmish,Майиз,2017-07,monthly,2017,16436.0
055,Karam,Капуста,Cabbage,Карам,2017-07,monthly,2017,2131.0
057,Bodring,Огурцы,Cucumbers,Бодринг,2017-07,monthly,2017,1363.0
058,Pomidor,Помидоры,Tomatoes,Помидор,2017-07,monthly,2017,1969.0
059,Baqlajon,Баклажаны,Eggplant,Бақлажон,2017-07,monthly,2017,826.0
0060,Bulg'or qalampiri,Перец болгарский,Bell pepper,Булғор қалампири,2017-07,monthly,2017,1660.0
061,Qovoq,Тыква,Pumpkin,Қовоқ,2017-07,monthly,2017,2500.0
063,Sabzi,Морковь,Carrot,Сабзи,2017-07,monthly,2017,2648.0
065,Sarimsoq,Чеснок,Garlic,Саримсоқ,2017-07,monthly,2017,7750.0
066,Piyoz,Лук репчатый,Onion,Пиёз,2017-07,monthly,2017,3093.0
069,Kartoshka,Картофель,Potatoes,Картошка,2017-07,monthly,2017,3545.0
002,Kruppa yormasi,Крупа манная,Semolina,Круппа ёрмаси,2017-07,monthly,2017,1478.0
001,Guruch,Рис,Rice,Гуруч,2017-08,monthly,2017,3967.0
003,Arpa,Ячмень,Barley,Арпа,2017-08,monthly,2017,1577.0
0004,Bug'doy,Пшеница,Wheat,Буғдой,2017-08,monthly,2017,1500.0
005,Jo'hori,Кукуруза,Corn,Жўҳори,2017-08,monthly,2017,1836.0
006,Kepak,Отруби,Bran,Кепак,2017-08,monthly,2017,1326.0
010,Kombikorm,Комбикорм,Compound feed,Комбикорм,2017-08,monthly,2017,1644.0
011,Oliy navli bug'doy uni,Мука пшеничная высшего сорта,High-grade wheat flour,Олий навли буғдой уни,2017-08,monthly,2017,2500.0
017,Mol go'shti,Говядина,Beef,Мол гўшти,2017-08,monthly,2017,27026.0
0020,Qo'y go'shti,Баранина,Mutton,Қўй гўшти,2017-08,monthly,2017,29095.0
027,Yangi sog'ilgan sut (1 litr),Молоко свежее (1 литр),Fresh milk (1 liter),Янги соғилган сут (1 литр),2017-08,monthly,2017,1943.0
034,Tuxum (10 dona),Яйца (10 штук),Eggs (10 pieces ),Тухум (10 дона),2017-08,monthly,2017,5123.0
037,Sariyog',Масло сливочное,Butter,Сариёғ,2017-08,monthly,2017,22407.0
039,Limon,Лимоны,Lemons,Лимон,2017-08,monthly,2017,14400.0
0040,Olma,Яблоки,Apples,Олма,2017-08,monthly,2017,3559.0
041,Nok,Груши,Pears,Нок,2017-08,monthly,2017,5389.0
049,Uzum,Виноград,Grape,Узум,2017-08,monthly,2017,2727.0
0050,Tarvuz,Арбуз,Watermelon,Тарвуз,2017-08,monthly,2017,904.0
0051,Qovun,Дыня,Melon,Қовун,2017-08,monthly,2017,1261.0
053,Mayiz,Кишмиш,Kishmish,Майиз,2017-08,monthly,2017,17564.0
055,Karam,Капуста,Cabbage,Карам,2017-08,monthly,2017,1958.0
057,Bodring,Огурцы,Cucumbers,Бодринг,2017-08,monthly,2017,1873.0
058,Pomidor,Помидоры,Tomatoes,Помидор,2017-08,monthly,2017,1527.0
059,Baqlajon,Баклажаны,Eggplant,Бақлажон,2017-08,monthly,2017,1050.0
0060,Bulg'or qalampiri,Перец болгарский,Bell pepper,Булғор қалампири,2017-08,monthly,2017,1750.0
061,Qovoq,Тыква,Pumpkin,Қовоқ,2017-08,monthly,2017,1783.0
063,Sabzi,Морковь,Carrot,Сабзи,2017-08,monthly,2017,2471.0
065,Sarimsoq,Чеснок,Garlic,Саримсоқ,2017-08,monthly,2017,7726.0
066,Piyoz,Лук репчатый,Onion,Пиёз,2017-08,monthly,2017,2890.0
069,Kartoshka,Картофель,Potatoes,Картошка,2017-08,monthly,2017,3632.0
002,Kruppa yormasi,Крупа манная,Semolina,Круппа ёрмаси,2017-08,monthly,2017,1577.0
001,Guruch,Рис,Rice,Гуруч,2017-09,monthly,2017,3955.0
003,Arpa,Ячмень,Barley,Арпа,2017-09,monthly,2017,1645.0
0004,Bug'doy,Пшеница,Wheat,Буғдой,2017-09,monthly,2017,1499.0
005,Jo'hori,Кукуруза,Corn,Жўҳори,2017-09,monthly,2017,1823.0
006,Kepak,Отруби,Bran,Кепак,2017-09,monthly,2017,1363.0
010,Kombikorm,Комбикорм,Compound feed,Комбикорм,2017-09,monthly,2017,1733.0
011,Oliy navli bug'doy uni,Мука пшеничная высшего сорта,High-grade wheat flour,Олий навли буғдой уни,2017-09,monthly,2017,2500.0
017,Mol go'shti,Говядина,Beef,Мол гўшти,2017-09,monthly,2017,25917.0
0020,Qo'y go'shti,Баранина,Mutton,Қўй гўшти,2017-09,monthly,2017,27929.0
026,Turli baliqlar,Рыба всякая,Fish of all kinds,Турли балиқлар,2017-09,monthly,2017,15333.0
027,Yangi sog'ilgan sut (1 litr),Молоко свежее (1 литр),Fresh milk (1 liter),Янги соғилган сут (1 литр),2017-09,monthly,2017,1889.0
034,Tuxum (10 dona),Яйца (10 штук),Eggs (10 pieces ),Тухум (10 дона),2017-09,monthly,2017,5713.0
037,Sariyog',Масло сливочное,Butter,Сариёғ,2017-09,monthly,2017,22950.0
039,Limon,Лимоны,Lemons,Лимон,2017-09,monthly,2017,15429.0
0040,Olma,Яблоки,Apples,Олма,2017-09,monthly,2017,3476.0
041,Nok,Груши,Pears,Нок,2017-09,monthly,2017,5500.0
049,Uzum,Виноград,Grape,Узум,2017-09,monthly,2017,2679.0
0050,Tarvuz,Арбуз,Watermelon,Тарвуз,2017-09,monthly,2017,900.0
0051,Qovun,Дыня,Melon,Қовун,2017-09,monthly,2017,1257.0
053,Mayiz,Кишмиш,Kishmish,Майиз,2017-09,monthly,2017,16897.0
055,Karam,Капуста,Cabbage,Карам,2017-09,monthly,2017,1693.0
057,Bodring,Огурцы,Cucumbers,Бодринг,2017-09,monthly,2017,2044.0
058,Pomidor,Помидоры,Tomatoes,Помидор,2017-09,monthly,2017,1442.0
059,Baqlajon,Баклажаны,Eggplant,Бақлажон,2017-09,monthly,2017,1093.0
0060,Bulg'or qalampiri,Перец болгарский,Bell pepper,Булғор қалампири,2017-09,monthly,2017,1781.0
061,Qovoq,Тыква,Pumpkin,Қовоқ,2017-09,monthly,2017,1689.0
063,Sabzi,Морковь,Carrot,Сабзи,2017-09,monthly,2017,2012.0
065,Sarimsoq,Чеснок,Garlic,Саримсоқ,2017-09,monthly,2017,7282.0
066,Piyoz,Лук репчатый,Onion,Пиёз,2017-09,monthly,2017,1914.0
069,Kartoshka,Картофель,Potatoes,Картошка,2017-09,monthly,2017,3294.0
002,Kruppa yormasi,Крупа манная,Semolina,Круппа ёрмаси,2017-09,monthly,2017,1645.0
001,Guruch,Рис,Rice,Гуруч,2017-10,monthly,2017,3979.0
003,Arpa,Ячмень,Barley,Арпа,2017-10,monthly,2017,1610.0
0004,Bug'doy,Пшеница,Wheat,Буғдой,2017-10,monthly,2017,1493.0
005,Jo'hori,Кукуруза,Corn,Жўҳори,2017-10,monthly,2017,1839.0
006,Kepak,Отруби,Bran,Кепак,2017-10,monthly,2017,1364.0
010,Kombikorm,Комбикорм,Compound feed,Комбикорм,2017-10,monthly,2017,1800.0
011,Oliy navli bug'doy uni,Мука пшеничная высшего сорта,High-grade wheat flour,Олий навли буғдой уни,2017-10,monthly,2017,2522.0
017,Mol go'shti,Говядина,Beef,Мол гўшти,2017-10,monthly,2017,26512.0
0020,Qo'y go'shti,Баранина,Mutton,Қўй гўшти,2017-10,monthly,2017,28560.0
026,Turli baliqlar,Рыба всякая,Fish of all kinds,Турли балиқлар,2017-10,monthly,2017,16000.0
027,Yangi sog'ilgan sut (1 litr),Молоко свежее (1 литр),Fresh milk (1 liter),Янги соғилган сут (1 литр),2017-10,monthly,2017,1830.0
034,Tuxum (10 dona),Яйца (10 штук),Eggs (10 pieces ),Тухум (10 дона),2017-10,monthly,2017,6073.0
037,Sariyog',Масло сливочное,Butter,Сариёғ,2017-10,monthly,2017,23600.0
039,Limon,Лимоны,Lemons,Лимон,2017-10,monthly,2017,13631.0
0040,Olma,Яблоки,Apples,Олма,2017-10,monthly,2017,3538.0
041,Nok,Груши,Pears,Нок,2017-10,monthly,2017,5833.0
049,Uzum,Виноград,Grape,Узум,2017-10,monthly,2017,2964.0
0050,Tarvuz,Арбуз,Watermelon,Тарвуз,2017-10,monthly,2017,846.0
0051,Qovun,Дыня,Melon,Қовун,2017-10,monthly,2017,1305.0
053,Mayiz,Кишмиш,Kishmish,Майиз,2017-10,monthly,2017,17038.0
055,Karam,Капуста,Cabbage,Карам,2017-10,monthly,2017,1290.0
057,Bodring,Огурцы,Cucumbers,Бодринг,2017-10,monthly,2017,2224.0
058,Pomidor,Помидоры,Tomatoes,Помидор,2017-10,monthly,2017,1579.0
059,Baqlajon,Баклажаны,Eggplant,Бақлажон,2017-10,monthly,2017,1025.0
0060,Bulg'or qalampiri,Перец болгарский,Bell pepper,Булғор қалампири,2017-10,monthly,2017,1860.0
061,Qovoq,Тыква,Pumpkin,Қовоқ,2017-10,monthly,2017,1467.0
063,Sabzi,Морковь,Carrot,Сабзи,2017-10,monthly,2017,1774.0
065,Sarimsoq,Чеснок,Garlic,Саримсоқ,2017-10,monthly,2017,6869.0
066,Piyoz,Лук репчатый,Onion,Пиёз,2017-10,monthly,2017,1652.0
069,Kartoshka,Картофель,Potatoes,Картошка,2017-10,monthly,2017,3156.0
002,Kruppa yormasi,Крупа манная,Semolina,Круппа ёрмаси,2017-10,monthly,2017,1610.0
001,Guruch,Рис,Rice,Гуруч,2017-11,monthly,2017,4190.0
003,Arpa,Ячмень,Barley,Арпа,2017-11,monthly,2017,1648.0
0004,Bug'doy,Пшеница,Wheat,Буғдой,2017-11,monthly,2017,1517.0
005,Jo'hori,Кукуруза,Corn,Жўҳори,2017-11,monthly,2017,1910.0
006,Kepak,Отруби,Bran,Кепак,2017-11,monthly,2017,1414.0
010,Kombikorm,Комбикорм,Compound feed,Комбикорм,2017-11,monthly,2017,1536.0
011,Oliy navli bug'doy uni,Мука пшеничная высшего сорта,High-grade wheat flour,Олий навли буғдой уни,2017-11,monthly,2017,2433.0
017,Mol go'shti,Говядина,Beef,Мол гўшти,2017-11,monthly,2017,27083.0
0020,Qo'y go'shti,Баранина,Mutton,Қўй гўшти,2017-11,monthly,2017,29024.0
026,Turli baliqlar,Рыба всякая,Fish of all kinds,Турли балиқлар,2017-11,monthly,2017,16310.0
027,Yangi sog'ilgan sut (1 litr),Молоко свежее (1 литр),Fresh milk (1 liter),Янги соғилган сут (1 литр),2017-11,monthly,2017,2148.0
034,Tuxum (10 dona),Яйца (10 штук),Eggs (10 pieces ),Тухум (10 дона),2017-11,monthly,2017,6602.0
037,Sariyog',Масло сливочное,Butter,Сариёғ,2017-11,monthly,2017,27714.0
039,Limon,Лимоны,Lemons,Лимон,2017-11,monthly,2017,9857.0
0040,Olma,Яблоки,Apples,Олма,2017-11,monthly,2017,4583.0
041,Nok,Груши,Pears,Нок,2017-11,monthly,2017,6786.0
049,Uzum,Виноград,Grape,Узум,2017-11,monthly,2017,4940.0
0050,Tarvuz,Арбуз,Watermelon,Тарвуз,2017-11,monthly,2017,1063.0
0051,Qovun,Дыня,Melon,Қовун,2017-11,monthly,2017,1402.0
053,Mayiz,Кишмиш,Kishmish,Майиз,2017-11,monthly,2017,17972.0
055,Karam,Капуста,Cabbage,Карам,2017-11,monthly,2017,1107.0
057,Bodring,Огурцы,Cucumbers,Бодринг,2017-11,monthly,2017,3919.0
058,Pomidor,Помидоры,Tomatoes,Помидор,2017-11,monthly,2017,2102.0
059,Baqlajon,Баклажаны,Eggplant,Бақлажон,2017-11,monthly,2017,1486.0
0060,Bulg'or qalampiri,Перец болгарский,Bell pepper,Булғор қалампири,2017-11,monthly,2017,3024.0
061,Qovoq,Тыква,Pumpkin,Қовоқ,2017-11,monthly,2017,1479.0
063,Sabzi,Морковь,Carrot,Сабзи,2017-11,monthly,2017,1148.0
065,Sarimsoq,Чеснок,Garlic,Саримсоқ,2017-11,monthly,2017,6667.0
066,Piyoz,Лук репчатый,Onion,Пиёз,2017-11,monthly,2017,1580.0
069,Kartoshka,Картофель,Potatoes,Картошка,2017-11,monthly,2017,3336.0
002,Kruppa yormasi,Крупа манная,Semolina,Круппа ёрмаси,2017-11,monthly,2017,1648.0
001,Guruch,Рис,Rice,Гуруч,2017-12,monthly,2017,5833.0
003,Arpa,Ячмень,Barley,Арпа,2017-12,monthly,2017,1755.0
0004,Bug'doy,Пшеница,Wheat,Буғдой,2017-12,monthly,2017,1590.0
005,Jo'hori,Кукуруза,Corn,Жўҳори,2017-12,monthly,2017,1962.0
006,Kepak,Отруби,Bran,Кепак,2017-12,monthly,2017,1200.0
010,Kombikorm,Комбикорм,Compound feed,Комбикорм,2017-12,monthly,2017,1536.0
011,Oliy navli bug'doy uni,Мука пшеничная высшего сорта,High-grade wheat flour,Олий навли буғдой уни,2017-12,monthly,2017,2751.0
017,Mol go'shti,Говядина,Beef,Мол гўшти,2017-12,monthly,2017,27000.0
0020,Qo'y go'shti,Баранина,Mutton,Қўй гўшти,2017-12,monthly,2017,28500.0
026,Turli baliqlar,Рыба всякая,Fish of all kinds,Турли балиқлар,2017-12,monthly,2017,16667.0
027,Yangi sog'ilgan sut (1 litr),Молоко свежее (1 литр),Fresh milk (1 liter),Янги соғилган сут (1 литр),2017-12,monthly,2017,2440.0
034,Tuxum (10 dona),Яйца (10 штук),Eggs (10 pieces ),Тухум (10 дона),2017-12,monthly,2017,6762.0
037,Sariyog',Масло сливочное,Butter,Сариёғ,2017-12,monthly,2017,32738.0
039,Limon,Лимоны,Lemons,Лимон,2017-12,monthly,2017,9405.0
0040,Olma,Яблоки,Apples,Олма,2017-12,monthly,2017,5793.0
041,Nok,Груши,Pears,Нок,2017-12,monthly,2017,9607.0
049,Uzum,Виноград,Grape,Узум,2017-12,monthly,2017,8917.0
0050,Tarvuz,Арбуз,Watermelon,Тарвуз,2017-12,monthly,2017,1464.0
0051,Qovun,Дыня,Melon,Қовун,2017-12,monthly,2017,1860.0
053,Mayiz,Кишмиш,Kishmish,Майиз,2017-12,monthly,2017,18295.0
055,Karam,Капуста,Cabbage,Карам,2017-12,monthly,2017,971.0
057,Bodring,Огурцы,Cucumbers,Бодринг,2017-12,monthly,2017,8905.0
058,Pomidor,Помидоры,Tomatoes,Помидор,2017-12,monthly,2017,4667.0
059,Baqlajon,Баклажаны,Eggplant,Бақлажон,2017-12,monthly,2017,1861.0
0060,Bulg'or qalampiri,Перец болгарский,Bell pepper,Булғор қалампири,2017-12,monthly,2017,6571.0
061,Qovoq,Тыква,Pumpkin,Қовоқ,2017-12,monthly,2017,1845.0
063,Sabzi,Морковь,Carrot,Сабзи,2017-12,monthly,2017,927.0
065,Sarimsoq,Чеснок,Garlic,Саримсоқ,2017-12,monthly,2017,7893.0
066,Piyoz,Лук репчатый,Onion,Пиёз,2017-12,monthly,2017,2062.0
069,Kartoshka,Картофель,Potatoes,Картошка,2017-12,monthly,2017,3750.0
002,Kruppa yormasi,Крупа манная,Semolina,Круппа ёрмаси,2017-12,monthly,2017,1755.0
001,Guruch,Рис,Rice,Гуруч,2018-01,monthly,2018,6070.0
003,Arpa,Ячмень,Barley,Арпа,2018-01,monthly,2018,1886.0
0004,Bug'doy,Пшеница,Wheat,Буғдой,2018-01,monthly,2018,1783.0
005,Jo'hori,Кукуруза,Corn,Жўҳори,2018-01,monthly,2018,2014.0
006,Kepak,Отруби,Bran,Кепак,2018-01,monthly,2018,1348.0
010,Kombikorm,Комбикорм,Compound feed,Комбикорм,2018-01,monthly,2018,1333.0
011,Oliy navli bug'doy uni,Мука пшеничная высшего сорта,High-grade wheat flour,Олий навли буғдой уни,2018-01,monthly,2018,3126.0
017,Mol go'shti,Говядина,Beef,Мол гўшти,2018-01,monthly,2018,28155.0
0020,Qo'y go'shti,Баранина,Mutton,Қўй гўшти,2018-01,monthly,2018,29833.0
026,Turli baliqlar,Рыба всякая,Fish of all kinds,Турли балиқлар,2018-01,monthly,2018,16997.0
027,Yangi sog'ilgan sut (1 litr),Молоко свежее (1 литр),Fresh milk (1 liter),Янги соғилган сут (1 литр),2018-01,monthly,2018,2500.0
034,Tuxum (10 dona),Яйца (10 штук),Eggs (10 pieces ),Тухум (10 дона),2018-01,monthly,2018,6760.0
037,Sariyog',Масло сливочное,Butter,Сариёғ,2018-01,monthly,2018,35119.0
039,Limon,Лимоны,Lemons,Лимон,2018-01,monthly,2018,10429.0
0040,Olma,Яблоки,Apples,Олма,2018-01,monthly,2018,6274.0
041,Nok,Груши,Pears,Нок,2018-01,monthly,2018,15536.0
049,Uzum,Виноград,Grape,Узум,2018-01,monthly,2018,13833.0
0050,Tarvuz,Арбуз,Watermelon,Тарвуз,2018-01,monthly,2018,2110.0
0051,Qovun,Дыня,Melon,Қовун,2018-01,monthly,2018,2526.0
053,Mayiz,Кишмиш,Kishmish,Майиз,2018-01,monthly,2018,20048.0
055,Karam,Капуста,Cabbage,Карам,2018-01,monthly,2018,943.0
057,Bodring,Огурцы,Cucumbers,Бодринг,2018-01,monthly,2018,15524.0
058,Pomidor,Помидоры,Tomatoes,Помидор,2018-01,monthly,2018,14657.0
0060,Bulg'or qalampiri,Перец болгарский,Bell pepper,Булғор қалампири,2018-01,monthly,2018,10586.0
061,Qovoq,Тыква,Pumpkin,Қовоқ,2018-01,monthly,2018,1838.0
063,Sabzi,Морковь,Carrot,Сабзи,2018-01,monthly,2018,939.0
065,Sarimsoq,Чеснок,Garlic,Саримсоқ,2018-01,monthly,2018,8643.0
066,Piyoz,Лук репчатый,Onion,Пиёз,2018-01,monthly,2018,2064.0
069,Kartoshka,Картофель,Potatoes,Картошка,2018-01,monthly,2018,3511.0
002,Kruppa yormasi,Крупа манная,Semolina,Круппа ёрмаси,2018-01,monthly,2018,1886.0
001,Guruch,Рис,Rice,Гуруч,2018-02,monthly,2018,6414.0
003,Arpa,Ячмень,Barley,Арпа,2018-02,monthly,2018,1983.0
0004,Bug'doy,Пшеница,Wheat,Буғдой,2018-02,monthly,2018,1874.0
005,Jo'hori,Кукуруза,Corn,Жўҳори,2018-02,monthly,2018,2083.0
006,Kepak,Отруби,Bran,Кепак,2018-02,monthly,2018,1519.0
010,Kombikorm,Комбикорм,Compound feed,Комбикорм,2018-02,monthly,2018,1665.0
011,Oliy navli bug'doy uni,Мука пшеничная высшего сорта,High-grade wheat flour,Олий навли буғдой уни,2018-02,monthly,2018,3157.0
017,Mol go'shti,Говядина,Beef,Мол гўшти,2018-02,monthly,2018,29619.0
0020,Qo'y go'shti,Баранина,Mutton,Қўй гўшти,2018-02,monthly,2018,31833.0
026,Turli baliqlar,Рыба всякая,Fish of all kinds,Турли балиқлар,2018-02,monthly,2018,16994.0
027,Yangi sog'ilgan sut (1 litr),Молоко свежее (1 литр),Fresh milk (1 liter),Янги соғилган сут (1 литр),2018-02,monthly,2018,2850.0
034,Tuxum (10 dona),Яйца (10 штук),Eggs (10 pieces ),Тухум (10 дона),2018-02,monthly,2018,6098.0
037,Sariyog',Масло сливочное,Butter,Сариёғ,2018-02,monthly,2018,36083.0
039,Limon,Лимоны,Lemons,Лимон,2018-02,monthly,2018,11762.0
0040,Olma,Яблоки,Apples,Олма,2018-02,monthly,2018,7752.0
041,Nok,Груши,Pears,Нок,2018-02,monthly,2018,17985.0
049,Uzum,Виноград,Grape,Узум,2018-02,monthly,2018,15279.0
0050,Tarvuz,Арбуз,Watermelon,Тарвуз,2018-02,monthly,2018,2100.0
0051,Qovun,Дыня,Melon,Қовун,2018-02,monthly,2018,3100.0
053,Mayiz,Кишмиш,Kishmish,Майиз,2018-02,monthly,2018,20738.0
055,Karam,Капуста,Cabbage,Карам,2018-02,monthly,2018,931.0
057,Bodring,Огурцы,Cucumbers,Бодринг,2018-02,monthly,2018,14008.0
058,Pomidor,Помидоры,Tomatoes,Помидор,2018-02,monthly,2018,13855.0
0060,Bulg'or qalampiri,Перец болгарский,Bell pepper,Булғор қалампири,2018-02,monthly,2018,13250.0
061,Qovoq,Тыква,Pumpkin,Қовоқ,2018-02,monthly,2018,1771.0
063,Sabzi,Морковь,Carrot,Сабзи,2018-02,monthly,2018,962.0
065,Sarimsoq,Чеснок,Garlic,Саримсоқ,2018-02,monthly,2018,10286.0
066,Piyoz,Лук репчатый,Onion,Пиёз,2018-02,monthly,2018,1850.0
069,Kartoshka,Картофель,Potatoes,Картошка,2018-02,monthly,2018,3416.0
002,Kruppa yormasi,Крупа манная,Semolina,Круппа ёрмаси,2018-02,monthly,2018,1983.0
001,Guruch,Рис,Rice,Гуруч,2018-03,monthly,2018,6493.0
003,Arpa,Ячмень,Barley,Арпа,2018-03,monthly,2018,2014.0
0004,Bug'doy,Пшеница,Wheat,Буғдой,2018-03,monthly,2018,1921.0
005,Jo'hori,Кукуруза,Corn,Жўҳори,2018-03,monthly,2018,2143.0
006,Kepak,Отруби,Bran,Кепак,2018-03,monthly,2018,1543.0
010,Kombikorm,Комбикорм,Compound feed,Комбикорм,2018-03,monthly,2018,1750.0
011,Oliy navli bug'doy uni,Мука пшеничная высшего сорта,High-grade wheat flour,Олий навли буғдой уни,2018-03,monthly,2018,3180.0
017,Mol go'shti,Говядина,Beef,Мол гўшти,2018-03,monthly,2018,29919.0
0020,Qo'y go'shti,Баранина,Mutton,Қўй гўшти,2018-03,monthly,2018,31793.0
026,Turli baliqlar,Рыба всякая,Fish of all kinds,Турли балиқлар,2018-03,monthly,2018,17544.0
027,Yangi sog'ilgan sut (1 litr),Молоко свежее (1 литр),Fresh milk (1 liter),Янги соғилган сут (1 литр),2018-03,monthly,2018,2843.0
034,Tuxum (10 dona),Яйца (10 штук),Eggs (10 pieces ),Тухум (10 дона),2018-03,monthly,2018,5887.0
037,Sariyog',Масло сливочное,Butter,Сариёғ,2018-03,monthly,2018,36607.0
039,Limon,Лимоны,Lemons,Лимон,2018-03,monthly,2018,15012.0
0040,Olma,Яблоки,Apples,Олма,2018-03,monthly,2018,8700.0
041,Nok,Груши,Pears,Нок,2018-03,monthly,2018,18751.0
049,Uzum,Виноград,Grape,Узум,2018-03,monthly,2018,16248.0
053,Mayiz,Кишмиш,Kishmish,Майиз,2018-03,monthly,2018,21167.0
055,Karam,Капуста,Cabbage,Карам,2018-03,monthly,2018,833.0
057,Bodring,Огурцы,Cucumbers,Бодринг,2018-03,monthly,2018,14814.0
058,Pomidor,Помидоры,Tomatoes,Помидор,2018-03,monthly,2018,14579.0
0060,Bulg'or qalampiri,Перец болгарский,Bell pepper,Булғор қалампири,2018-03,monthly,2018,17542.0
061,Qovoq,Тыква,Pumpkin,Қовоқ,2018-03,monthly,2018,1695.0
063,Sabzi,Морковь,Carrot,Сабзи,2018-03,monthly,2018,969.0
065,Sarimsoq,Чеснок,Garlic,Саримсоқ,2018-03,monthly,2018,11381.0
066,Piyoz,Лук репчатый,Onion,Пиёз,2018-03,monthly,2018,1452.0
069,Kartoshka,Картофель,Potatoes,Картошка,2018-03,monthly,2018,3305.0
002,Kruppa yormasi,Крупа манная,Semolina,Круппа ёрмаси,2018-03,monthly,2018,2014.0
001,Guruch,Рис,Rice,Гуруч,2018-04,monthly,2018,6224.0
003,Arpa,Ячмень,Barley,Арпа,2018-04,monthly,2018,2000.0
0004,Bug'doy,Пшеница,Wheat,Буғдой,2018-04,monthly,2018,1942.0
005,Jo'hori,Кукуруза,Corn,Жўҳори,2018-04,monthly,2018,2200.0
006,Kepak,Отруби,Bran,Кепак,2018-04,monthly,2018,1546.0
010,Kombikorm,Комбикорм,Compound feed,Комбикорм,2018-04,monthly,2018,1760.0
011,Oliy navli bug'doy uni,Мука пшеничная высшего сорта,High-grade wheat flour,Олий навли буғдой уни,2018-04,monthly,2018,3182.0
017,Mol go'shti,Говядина,Beef,Мол гўшти,2018-04,monthly,2018,29893.0
0020,Qo'y go'shti,Баранина,Mutton,Қўй гўшти,2018-04,monthly,2018,31833.0
026,Turli baliqlar,Рыба всякая,Fish of all kinds,Турли балиқлар,2018-04,monthly,2018,19139.0
027,Yangi sog'ilgan sut (1 litr),Молоко свежее (1 литр),Fresh milk (1 liter),Янги соғилган сут (1 литр),2018-04,monthly,2018,2848.0
034,Tuxum (10 dona),Яйца (10 штук),Eggs (10 pieces ),Тухум (10 дона),2018-04,monthly,2018,5381.0
037,Sariyog',Масло сливочное,Butter,Сариёғ,2018-04,monthly,2018,36893.0
039,Limon,Лимоны,Lemons,Лимон,2018-04,monthly,2018,17310.0
0040,Olma,Яблоки,Apples,Олма,2018-04,monthly,2018,9626.0
041,Nok,Груши,Pears,Нок,2018-04,monthly,2018,19944.0
053,Mayiz,Кишмиш,Kishmish,Майиз,2018-04,monthly,2018,21726.0
055,Karam,Капуста,Cabbage,Карам,2018-04,monthly,2018,955.0
057,Bodring,Огурцы,Cucumbers,Бодринг,2018-04,monthly,2018,7810.0
058,Pomidor,Помидоры,Tomatoes,Помидор,2018-04,monthly,2018,12890.0
0060,Bulg'or qalampiri,Перец болгарский,Bell pepper,Булғор қалампири,2018-04,monthly,2018,18714.0
061,Qovoq,Тыква,Pumpkin,Қовоқ,2018-04,monthly,2018,1812.0
063,Sabzi,Морковь,Carrot,Сабзи,2018-04,monthly,2018,1138.0
065,Sarimsoq,Чеснок,Garlic,Саримсоқ,2018-04,monthly,2018,8192.0
066,Piyoz,Лук репчатый,Onion,Пиёз,2018-04,monthly,2018,1005.0
069,Kartoshka,Картофель,Potatoes,Картошка,2018-04,monthly,2018,3934.0
002,Kruppa yormasi,Крупа манная,Semolina,Круппа ёрмаси,2018-04,monthly,2018,2000.0
001,Guruch,Рис,Rice,Гуруч,2018-05,monthly,2018,6621.0
003,Arpa,Ячмень,Barley,Арпа,2018-05,monthly,2018,2005.0
0004,Bug'doy,Пшеница,Wheat,Буғдой,2018-05,monthly,2018,1943.0
005,Jo'hori,Кукуруза,Corn,Жўҳори,2018-05,monthly,2018,2219.0
006,Kepak,Отруби,Bran,Кепак,2018-05,monthly,2018,1554.0
010,Kombikorm,Комбикорм,Compound feed,Комбикорм,2018-05,monthly,2018,1779.0
011,Oliy navli bug'doy uni,Мука пшеничная высшего сорта,High-grade wheat flour,Олий навли буғдой уни,2018-05,monthly,2018,3182.0
017,Mol go'shti,Говядина,Beef,Мол гўшти,2018-05,monthly,2018,31315.0
0020,Qo'y go'shti,Баранина,Mutton,Қўй гўшти,2018-05,monthly,2018,33655.0
027,Yangi sog'ilgan sut (1 litr),Молоко свежее (1 литр),Fresh milk (1 liter),Янги соғилган сут (1 литр),2018-05,monthly,2018,2850.0
034,Tuxum (10 dona),Яйца (10 штук),Eggs (10 pieces ),Тухум (10 дона),2018-05,monthly,2018,5235.0
037,Sariyog',Масло сливочное,Butter,Сариёғ,2018-05,monthly,2018,37690.0
039,Limon,Лимоны,Lemons,Лимон,2018-05,monthly,2018,22595.0
0040,Olma,Яблоки,Apples,Олма,2018-05,monthly,2018,10107.0
053,Mayiz,Кишмиш,Kishmish,Майиз,2018-05,monthly,2018,21988.0
055,Karam,Капуста,Cabbage,Карам,2018-05,monthly,2018,895.0
057,Bodring,Огурцы,Cucumbers,Бодринг,2018-05,monthly,2018,3248.0
058,Pomidor,Помидоры,Tomatoes,Помидор,2018-05,monthly,2018,6977.0
059,Baqlajon,Баклажаны,Eggplant,Бақлажон,2018-05,monthly,2018,6576.0
0060,Bulg'or qalampiri,Перец болгарский,Bell pepper,Булғор қалампири,2018-05,monthly,2018,10690.0
063,Sabzi,Морковь,Carrot,Сабзи,2018-05,monthly,2018,1473.0
065,Sarimsoq,Чеснок,Garlic,Саримсоқ,2018-05,monthly,2018,5833.0
066,Piyoz,Лук репчатый,Onion,Пиёз,2018-05,monthly,2018,861.0
069,Kartoshka,Картофель,Potatoes,Картошка,2018-05,monthly,2018,2540.0
002,Kruppa yormasi,Крупа манная,Semolina,Круппа ёрмаси,2018-05,monthly,2018,2005.0
001,Guruch,Рис,Rice,Гуруч,2018-06,monthly,2018,7006.0
003,Arpa,Ячмень,Barley,Арпа,2018-06,monthly,2018,2100.0
0004,Bug'doy,Пшеница,Wheat,Буғдой,2018-06,monthly,2018,2026.0
005,Jo'hori,Кукуруза,Corn,Жўҳори,2018-06,monthly,2018,2388.0
006,Kepak,Отруби,Bran,Кепак,2018-06,monthly,2018,1557.0
010,Kombikorm,Комбикорм,Compound feed,Комбикорм,2018-06,monthly,2018,1786.0
011,Oliy navli bug'doy uni,Мука пшеничная высшего сорта,High-grade wheat flour,Олий навли буғдой уни,2018-06,monthly,2018,3182.0
017,Mol go'shti,Говядина,Beef,Мол гўшти,2018-06,monthly,2018,33720.0
0020,Qo'y go'shti,Баранина,Mutton,Қўй гўшти,2018-06,monthly,2018,37949.0
027,Yangi sog'ilgan sut (1 litr),Молоко свежее (1 литр),Fresh milk (1 liter),Янги соғилган сут (1 литр),2018-06,monthly,2018,2850.0
034,Tuxum (10 dona),Яйца (10 штук),Eggs (10 pieces ),Тухум (10 дона),2018-06,monthly,2018,4913.0
037,Sariyog',Масло сливочное,Butter,Сариёғ,2018-06,monthly,2018,38476.0
039,Limon,Лимоны,Lemons,Лимон,2018-06,monthly,2018,27107.0
0040,Olma,Яблоки,Apples,Олма,2018-06,monthly,2018,5481.0
041,Nok,Груши,Pears,Нок,2018-06,monthly,2018,17264.0
049,Uzum,Виноград,Grape,Узум,2018-06,monthly,2018,5205.0
0050,Tarvuz,Арбуз,Watermelon,Тарвуз,2018-06,monthly,2018,2283.0
0051,Qovun,Дыня,Melon,Қовун,2018-06,monthly,2018,2901.0
053,Mayiz,Кишмиш,Kishmish,Майиз,2018-06,monthly,2018,22393.0
055,Karam,Капуста,Cabbage,Карам,2018-06,monthly,2018,1152.0
057,Bodring,Огурцы,Cucumbers,Бодринг,2018-06,monthly,2018,2230.0
058,Pomidor,Помидоры,Tomatoes,Помидор,2018-06,monthly,2018,2719.0
059,Baqlajon,Баклажаны,Eggplant,Бақлажон,2018-06,monthly,2018,3107.0
0060,Bulg'or qalampiri,Перец болгарский,Bell pepper,Булғор қалампири,2018-06,monthly,2018,4333.0
063,Sabzi,Морковь,Carrot,Сабзи,2018-06,monthly,2018,1626.0
065,Sarimsoq,Чеснок,Garlic,Саримсоқ,2018-06,monthly,2018,3964.0
066,Piyoz,Лук репчатый,Onion,Пиёз,2018-06,monthly,2018,742.0
069,Kartoshka,Картофель,Potatoes,Картошка,2018-06,monthly,2018,1439.0
002,Kruppa yormasi,Крупа манная,Semolina,Круппа ёрмаси,2018-06,monthly,2018,2100.0
001,Guruch,Рис,Rice,Гуруч,2018-07,monthly,2018,8185.0
003,Arpa,Ячмень,Barley,Арпа,2018-07,monthly,2018,2394.0
0004,Bug'doy,Пшеница,Wheat,Буғдой,2018-07,monthly,2018,2064.0
005,Jo'hori,Кукуруза,Corn,Жўҳори,2018-07,monthly,2018,2777.0
006,Kepak,Отруби,Bran,Кепак,2018-07,monthly,2018,1579.0
010,Kombikorm,Комбикорм,Compound feed,Комбикорм,2018-07,monthly,2018,1823.0
011,Oliy navli bug'doy uni,Мука пшеничная высшего сорта,High-grade wheat flour,Олий навли буғдой уни,2018-07,monthly,2018,3182.0
017,Mol go'shti,Говядина,Beef,Мол гўшти,2018-07,monthly,2018,33474.0
0020,Qo'y go'shti,Баранина,Mutton,Қўй гўшти,2018-07,monthly,2018,38806.0
027,Yangi sog'ilgan sut (1 litr),Молоко свежее (1 литр),Fresh milk (1 liter),Янги соғилган сут (1 литр),2018-07,monthly,2018,2850.0
034,Tuxum (10 dona),Яйца (10 штук),Eggs (10 pieces ),Тухум (10 дона),2018-07,monthly,2018,4633.0
037,Sariyog',Масло сливочное,Butter,Сариёғ,2018-07,monthly,2018,38714.0
039,Limon,Лимоны,Lemons,Лимон,2018-07,monthly,2018,29393.0
0040,Olma,Яблоки,Apples,Олма,2018-07,monthly,2018,3869.0
041,Nok,Груши,Pears,Нок,2018-07,monthly,2018,10685.0
049,Uzum,Виноград,Grape,Узум,2018-07,monthly,2018,3444.0
0050,Tarvuz,Арбуз,Watermelon,Тарвуз,2018-07,monthly,2018,1589.0
0051,Qovun,Дыня,Melon,Қовун,2018-07,monthly,2018,2110.0
053,Mayiz,Кишмиш,Kishmish,Майиз,2018-07,monthly,2018,22524.0
055,Karam,Капуста,Cabbage,Карам,2018-07,monthly,2018,1249.0
057,Bodring,Огурцы,Cucumbers,Бодринг,2018-07,monthly,2018,1685.0
058,Pomidor,Помидоры,Tomatoes,Помидор,2018-07,monthly,2018,1595.0
059,Baqlajon,Баклажаны,Eggplant,Бақлажон,2018-07,monthly,2018,854.0
0060,Bulg'or qalampiri,Перец болгарский,Bell pepper,Булғор қалампири,2018-07,monthly,2018,1567.0
061,Qovoq,Тыква,Pumpkin,Қовоқ,2018-07,monthly,2018,2225.0
063,Sabzi,Морковь,Carrot,Сабзи,2018-07,monthly,2018,1735.0
065,Sarimsoq,Чеснок,Garlic,Саримсоқ,2018-07,monthly,2018,2526.0
066,Piyoz,Лук репчатый,Onion,Пиёз,2018-07,monthly,2018,671.0
069,Kartoshka,Картофель,Potatoes,Картошка,2018-07,monthly,2018,1254.0
002,Kruppa yormasi,Крупа манная,Semolina,Круппа ёрмаси,2018-07,monthly,2018,2394.0
001,Guruch,Рис,Rice,Гуруч,2018-08,monthly,2018,8279.0
003,Arpa,Ячмень,Barley,Арпа,2018-08,monthly,2018,2607.0
0004,Bug'doy,Пшеница,Wheat,Буғдой,2018-08,monthly,2018,2090.0
005,Jo'hori,Кукуруза,Corn,Жўҳори,2018-08,monthly,2018,3048.0
006,Kepak,Отруби,Bran,Кепак,2018-08,monthly,2018,1645.0
010,Kombikorm,Комбикорм,Compound feed,Комбикорм,2018-08,monthly,2018,1881.0
011,Oliy navli bug'doy uni,Мука пшеничная высшего сорта,High-grade wheat flour,Олий навли буғдой уни,2018-08,monthly,2018,3187.0
017,Mol go'shti,Говядина,Beef,Мол гўшти,2018-08,monthly,2018,33718.0
0020,Qo'y go'shti,Баранина,Mutton,Қўй гўшти,2018-08,monthly,2018,38834.0
027,Yangi sog'ilgan sut (1 litr),Молоко свежее (1 литр),Fresh milk (1 liter),Янги соғилган сут (1 литр),2018-08,monthly,2018,2850.0
034,Tuxum (10 dona),Яйца (10 штук),Eggs (10 pieces ),Тухум (10 дона),2018-08,monthly,2018,4543.0
037,Sariyog',Масло сливочное,Butter,Сариёғ,2018-08,monthly,2018,38857.0
039,Limon,Лимоны,Lemons,Лимон,2018-08,monthly,2018,32536.0
0040,Olma,Яблоки,Apples,Олма,2018-08,monthly,2018,4685.0
041,Nok,Груши,Pears,Нок,2018-08,monthly,2018,7779.0
049,Uzum,Виноград,Grape,Узум,2018-08,monthly,2018,3076.0
0050,Tarvuz,Арбуз,Watermelon,Тарвуз,2018-08,monthly,2018,1765.0
0051,Qovun,Дыня,Melon,Қовун,2018-08,monthly,2018,2237.0
053,Mayiz,Кишмиш,Kishmish,Майиз,2018-08,monthly,2018,22952.0
055,Karam,Капуста,Cabbage,Карам,2018-08,monthly,2018,1241.0
057,Bodring,Огурцы,Cucumbers,Бодринг,2018-08,monthly,2018,1829.0
058,Pomidor,Помидоры,Tomatoes,Помидор,2018-08,monthly,2018,2153.0
059,Baqlajon,Баклажаны,Eggplant,Бақлажон,2018-08,monthly,2018,955.0
0060,Bulg'or qalampiri,Перец болгарский,Bell pepper,Булғор қалампири,2018-08,monthly,2018,1617.0
061,Qovoq,Тыква,Pumpkin,Қовоқ,2018-08,monthly,2018,1857.0
063,Sabzi,Морковь,Carrot,Сабзи,2018-08,monthly,2018,1976.0
065,Sarimsoq,Чеснок,Garlic,Саримсоқ,2018-08,monthly,2018,2276.0
066,Piyoz,Лук репчатый,Onion,Пиёз,2018-08,monthly,2018,746.0
069,Kartoshka,Картофель,Potatoes,Картошка,2018-08,monthly,2018,1198.0
002,Kruppa yormasi,Крупа манная,Semolina,Круппа ёрмаси,2018-08,monthly,2018,2607.0
001,Guruch,Рис,Rice,Гуруч,2018-09,monthly,2018,8426.0
003,Arpa,Ячмень,Barley,Арпа,2018-09,monthly,2018,2619.0
0004,Bug'doy,Пшеница,Wheat,Буғдой,2018-09,monthly,2018,2121.0
005,Jo'hori,Кукуруза,Corn,Жўҳори,2018-09,monthly,2018,3069.0
006,Kepak,Отруби,Bran,Кепак,2018-09,monthly,2018,1714.0
010,Kombikorm,Комбикорм,Compound feed,Комбикорм,2018-09,monthly,2018,1936.0
011,Oliy navli bug'doy uni,Мука пшеничная высшего сорта,High-grade wheat flour,Олий навли буғдой уни,2018-09,monthly,2018,3189.0
017,Mol go'shti,Говядина,Beef,Мол гўшти,2018-09,monthly,2018,33977.0
0020,Qo'y go'shti,Баранина,Mutton,Қўй гўшти,2018-09,monthly,2018,38894.0
026,Turli baliqlar,Рыба всякая,Fish of all kinds,Турли балиқлар,2018-09,monthly,2018,19983.0
027,Yangi sog'ilgan sut (1 litr),Молоко свежее (1 литр),Fresh milk (1 liter),Янги соғилган сут (1 литр),2018-09,monthly,2018,2838.0
034,Tuxum (10 dona),Яйца (10 штук),Eggs (10 pieces ),Тухум (10 дона),2018-09,monthly,2018,4839.0
037,Sariyog',Масло сливочное,Butter,Сариёғ,2018-09,monthly,2018,39238.0
039,Limon,Лимоны,Lemons,Лимон,2018-09,monthly,2018,21976.0
0040,Olma,Яблоки,Apples,Олма,2018-09,monthly,2018,4433.0
041,Nok,Груши,Pears,Нок,2018-09,monthly,2018,6073.0
049,Uzum,Виноград,Grape,Узум,2018-09,monthly,2018,3178.0
0050,Tarvuz,Арбуз,Watermelon,Тарвуз,2018-09,monthly,2018,1719.0
0051,Qovun,Дыня,Melon,Қовун,2018-09,monthly,2018,2056.0
053,Mayiz,Кишмиш,Kishmish,Майиз,2018-09,monthly,2018,23250.0
055,Karam,Капуста,Cabbage,Карам,2018-09,monthly,2018,1336.0
057,Bodring,Огурцы,Cucumbers,Бодринг,2018-09,monthly,2018,2685.0
058,Pomidor,Помидоры,Tomatoes,Помидор,2018-09,monthly,2018,4228.0
059,Baqlajon,Баклажаны,Eggplant,Бақлажон,2018-09,monthly,2018,1417.0
0060,Bulg'or qalampiri,Перец болгарский,Bell pepper,Булғор қалампири,2018-09,monthly,2018,1952.0
061,Qovoq,Тыква,Pumpkin,Қовоқ,2018-09,monthly,2018,1501.0
063,Sabzi,Морковь,Carrot,Сабзи,2018-09,monthly,2018,2352.0
065,Sarimsoq,Чеснок,Garlic,Саримсоқ,2018-09,monthly,2018,2589.0
066,Piyoz,Лук репчатый,Onion,Пиёз,2018-09,monthly,2018,898.0
069,Kartoshka,Картофель,Potatoes,Картошка,2018-09,monthly,2018,1678.0
002,Kruppa yormasi,Крупа манная,Semolina,Круппа ёрмаси,2018-09,monthly,2018,2619.0
001,Guruch,Рис,Rice,Гуруч,2018-10,monthly,2018,8635.0
003,Arpa,Ячмень,Barley,Арпа,2018-10,monthly,2018,2293.0
0004,Bug'doy,Пшеница,Wheat,Буғдой,2018-10,monthly,2018,1923.0
005,Jo'hori,Кукуруза,Corn,Жўҳори,2018-10,monthly,2018,2477.0
006,Kepak,Отруби,Bran,Кепак,2018-10,monthly,2018,1712.0
010,Kombikorm,Комбикорм,Compound feed,Комбикорм,2018-10,monthly,2018,1936.0
011,Oliy navli bug'doy uni,Мука пшеничная высшего сорта,High-grade wheat flour,Олий навли буғдой уни,2018-10,monthly,2018,3194.0
017,Mol go'shti,Говядина,Beef,Мол гўшти,2018-10,monthly,2018,34093.0
0020,Qo'y go'shti,Баранина,Mutton,Қўй гўшти,2018-10,monthly,2018,39006.0
026,Turli baliqlar,Рыба всякая,Fish of all kinds,Турли балиқлар,2018-10,monthly,2018,18161.0
027,Yangi sog'ilgan sut (1 litr),Молоко свежее (1 литр),Fresh milk (1 liter),Янги соғилган сут (1 литр),2018-10,monthly,2018,2839.0
034,Tuxum (10 dona),Яйца (10 штук),Eggs (10 pieces ),Тухум (10 дона),2018-10,monthly,2018,5517.0
037,Sariyog',Масло сливочное,Butter,Сариёғ,2018-10,monthly,2018,39667.0
039,Limon,Лимоны,Lemons,Лимон,2018-10,monthly,2018,13679.0
0040,Olma,Яблоки,Apples,Олма,2018-10,monthly,2018,3732.0
041,Nok,Груши,Pears,Нок,2018-10,monthly,2018,5321.0
049,Uzum,Виноград,Grape,Узум,2018-10,monthly,2018,2880.0
0050,Tarvuz,Арбуз,Watermelon,Тарвуз,2018-10,monthly,2018,1490.0
0051,Qovun,Дыня,Melon,Қовун,2018-10,monthly,2018,1670.0
053,Mayiz,Кишмиш,Kishmish,Майиз,2018-10,monthly,2018,23500.0
055,Karam,Капуста,Cabbage,Карам,2018-10,monthly,2018,2606.0
057,Bodring,Огурцы,Cucumbers,Бодринг,2018-10,monthly,2018,3111.0
058,Pomidor,Помидоры,Tomatoes,Помидор,2018-10,monthly,2018,3633.0
059,Baqlajon,Баклажаны,Eggplant,Бақлажон,2018-10,monthly,2018,1882.0
0060,Bulg'or qalampiri,Перец болгарский,Bell pepper,Булғор қалампири,2018-10,monthly,2018,2533.0
061,Qovoq,Тыква,Pumpkin,Қовоқ,2018-10,monthly,2018,1534.0
063,Sabzi,Морковь,Carrot,Сабзи,2018-10,monthly,2018,2699.0
065,Sarimsoq,Чеснок,Garlic,Саримсоқ,2018-10,monthly,2018,2720.0
066,Piyoz,Лук репчатый,Onion,Пиёз,2018-10,monthly,2018,983.0
069,Kartoshka,Картофель,Potatoes,Картошка,2018-10,monthly,2018,2307.0
002,Kruppa yormasi,Крупа манная,Semolina,Круппа ёрмаси,2018-10,monthly,2018,2293.0
001,Guruch,Рис,Rice,Гуруч,2018-11,monthly,2018,8699.0
003,Arpa,Ячмень,Barley,Арпа,2018-11,monthly,2018,2319.0
0004,Bug'doy,Пшеница,Wheat,Буғдой,2018-11,monthly,2018,2021.0
005,Jo'hori,Кукуруза,Corn,Жўҳори,2018-11,monthly,2018,2482.0
006,Kepak,Отруби,Bran,Кепак,2018-11,monthly,2018,1740.0
010,Kombikorm,Комбикорм,Compound feed,Комбикорм,2018-11,monthly,2018,1998.0
011,Oliy navli bug'doy uni,Мука пшеничная высшего сорта,High-grade wheat flour,Олий навли буғдой уни,2018-11,monthly,2018,3196.0
017,Mol go'shti,Говядина,Beef,Мол гўшти,2018-11,monthly,2018,34119.0
0020,Qo'y go'shti,Баранина,Mutton,Қўй гўшти,2018-11,monthly,2018,38993.0
026,Turli baliqlar,Рыба всякая,Fish of all kinds,Турли балиқлар,2018-11,monthly,2018,18107.0
027,Yangi sog'ilgan sut (1 litr),Молоко свежее (1 литр),Fresh milk (1 liter),Янги соғилган сут (1 литр),2018-11,monthly,2018,2871.0
034,Tuxum (10 dona),Яйца (10 штук),Eggs (10 pieces ),Тухум (10 дона),2018-11,monthly,2018,6358.0
037,Sariyog',Масло сливочное,Butter,Сариёғ,2018-11,monthly,2018,39714.0
039,Limon,Лимоны,Lemons,Лимон,2018-11,monthly,2018,12190.0
0040,Olma,Яблоки,Apples,Олма,2018-11,monthly,2018,4128.0
041,Nok,Груши,Pears,Нок,2018-11,monthly,2018,6526.0
049,Uzum,Виноград,Grape,Узум,2018-11,monthly,2018,3242.0
0050,Tarvuz,Арбуз,Watermelon,Тарвуз,2018-11,monthly,2018,1990.0
0051,Qovun,Дыня,Melon,Қовун,2018-11,monthly,2018,2257.0
053,Mayiz,Кишмиш,Kishmish,Майиз,2018-11,monthly,2018,23952.0
055,Karam,Капуста,Cabbage,Карам,2018-11,monthly,2018,2961.0
057,Bodring,Огурцы,Cucumbers,Бодринг,2018-11,monthly,2018,4385.0
058,Pomidor,Помидоры,Tomatoes,Помидор,2018-11,monthly,2018,3982.0
059,Baqlajon,Баклажаны,Eggplant,Бақлажон,2018-11,monthly,2018,2265.0
0060,Bulg'or qalampiri,Перец болгарский,Bell pepper,Булғор қалампири,2018-11,monthly,2018,3248.0
061,Qovoq,Тыква,Pumpkin,Қовоқ,2018-11,monthly,2018,1946.0
063,Sabzi,Морковь,Carrot,Сабзи,2018-11,monthly,2018,2209.0
065,Sarimsoq,Чеснок,Garlic,Саримсоқ,2018-11,monthly,2018,2917.0
066,Piyoz,Лук репчатый,Onion,Пиёз,2018-11,monthly,2018,1130.0
069,Kartoshka,Картофель,Potatoes,Картошка,2018-11,monthly,2018,2748.0
002,Kruppa yormasi,Крупа манная,Semolina,Круппа ёрмаси,2018-11,monthly,2018,2319.0
001,Guruch,Рис,Rice,Гуруч,2018-12,monthly,2018,8782.0
003,Arpa,Ячмень,Barley,Арпа,2018-12,monthly,2018,2346.0
0004,Bug'doy,Пшеница,Wheat,Буғдой,2018-12,monthly,2018,2187.0
005,Jo'hori,Кукуруза,Corn,Жўҳори,2018-12,monthly,2018,2542.0
006,Kepak,Отруби,Bran,Кепак,2018-12,monthly,2018,1757.0
010,Kombikorm,Комбикорм,Compound feed,Комбикорм,2018-12,monthly,2018,2174.0
011,Oliy navli bug'doy uni,Мука пшеничная высшего сорта,High-grade wheat flour,Олий навли буғдой уни,2018-12,monthly,2018,3196.0
017,Mol go'shti,Говядина,Beef,Мол гўшти,2018-12,monthly,2018,34233.0
0020,Qo'y go'shti,Баранина,Mutton,Қўй гўшти,2018-12,monthly,2018,38996.0
026,Turli baliqlar,Рыба всякая,Fish of all kinds,Турли балиқлар,2018-12,monthly,2018,17810.0
027,Yangi sog'ilgan sut (1 litr),Молоко свежее (1 литр),Fresh milk (1 liter),Янги соғилган сут (1 литр),2018-12,monthly,2018,2871.0
034,Tuxum (10 dona),Яйца (10 штук),Eggs (10 pieces ),Тухум (10 дона),2018-12,monthly,2018,6192.0
037,Sariyog',Масло сливочное,Butter,Сариёғ,2018-12,monthly,2018,39905.0
039,Limon,Лимоны,Lemons,Лимон,2018-12,monthly,2018,9607.0
0040,Olma,Яблоки,Apples,Олма,2018-12,monthly,2018,4455.0
041,Nok,Груши,Pears,Нок,2018-12,monthly,2018,8499.0
049,Uzum,Виноград,Grape,Узум,2018-12,monthly,2018,4852.0
0050,Tarvuz,Арбуз,Watermelon,Тарвуз,2018-12,monthly,2018,2071.0
0051,Qovun,Дыня,Melon,Қовун,2018-12,monthly,2018,2420.0
053,Mayiz,Кишмиш,Kishmish,Майиз,2018-12,monthly,2018,24333.0
055,Karam,Капуста,Cabbage,Карам,2018-12,monthly,2018,2412.0
057,Bodring,Огурцы,Cucumbers,Бодринг,2018-12,monthly,2018,8512.0
058,Pomidor,Помидоры,Tomatoes,Помидор,2018-12,monthly,2018,7664.0
059,Baqlajon,Баклажаны,Eggplant,Бақлажон,2018-12,monthly,2018,7625.0
0060,Bulg'or qalampiri,Перец болгарский,Bell pepper,Булғор қалампири,2018-12,monthly,2018,6607.0
061,Qovoq,Тыква,Pumpkin,Қовоқ,2018-12,monthly,2018,1928.0
063,Sabzi,Морковь,Carrot,Сабзи,2018-12,monthly,2018,1849.0
065,Sarimsoq,Чеснок,Garlic,Саримсоқ,2018-12,monthly,2018,3500.0
066,Piyoz,Лук репчатый,Onion,Пиёз,2018-12,monthly,2018,1170.0
069,Kartoshka,Картофель,Potatoes,Картошка,2018-12,monthly,2018,2605.0
002,Kruppa yormasi,Крупа манная,Semolina,Круппа ёрмаси,2018-12,monthly,2018,2346.0
001,Guruch,Рис,Rice,Гуруч,2019-01,monthly,2019,8565.0
003,Arpa,Ячмень,Barley,Арпа,2019-01,monthly,2019,2550.0
0004,Bug'doy,Пшеница,Wheat,Буғдой,2019-01,monthly,2019,2314.0
005,Jo'hori,Кукуруза,Corn,Жўҳори,2019-01,monthly,2019,2589.0
006,Kepak,Отруби,Bran,Кепак,2019-01,monthly,2019,1710.0
0008,Shrot,Шрот,Schroth,Шрот,2019-01,monthly,2019,2782.0
009,Shulxa,Шелуха,Husk,Шулха,2019-01,monthly,2019,2321.0
010,Kombikorm,Комбикорм,Compound feed,Комбикорм,2019-01,monthly,2019,1582.0
017,Mol go'shti,Говядина,Beef,Мол гўшти,2019-01,monthly,2019,33862.0
0020,Qo'y go'shti,Баранина,Mutton,Қўй гўшти,2019-01,monthly,2019,38060.0
022,Tovuq go'shti,Мясо птицы,Poultry,Товуқ гўшти,2019-01,monthly,2019,18217.0
026,Turli baliqlar,Рыба всякая,Fish of all kinds,Турли балиқлар,2019-01,monthly,2019,18179.0
027,Yangi sog'ilgan sut (1 litr),Молоко свежее (1 литр),Fresh milk (1 liter),Янги соғилган сут (1 литр),2019-01,monthly,2019,3344.0
034,Tuxum (10 dona),Яйца (10 штук),Eggs (10 pieces ),Тухум (10 дона),2019-01,monthly,2019,5987.0
037,Sariyog',Масло сливочное,Butter,Сариёғ,2019-01,monthly,2019,36983.0
039,Limon,Лимоны,Lemons,Лимон,2019-01,monthly,2019,9290.0
0040,Olma,Яблоки,Apples,Олма,2019-01,monthly,2019,4205.0
041,Nok,Груши,Pears,Нок,2019-01,monthly,2019,11834.0
049,Uzum,Виноград,Grape,Узум,2019-01,monthly,2019,6447.0
0050,Tarvuz,Арбуз,Watermelon,Тарвуз,2019-01,monthly,2019,2396.0
0051,Qovun,Дыня,Melon,Қовун,2019-01,monthly,2019,2741.0
053,Mayiz,Кишмиш,Kishmish,Майиз,2019-01,monthly,2019,24042.0
055,Karam,Капуста,Cabbage,Карам,2019-01,monthly,2019,2131.0
057,Bodring,Огурцы,Cucumbers,Бодринг,2019-01,monthly,2019,12857.0
058,Pomidor,Помидоры,Tomatoes,Помидор,2019-01,monthly,2019,11500.0
061,Qovoq,Тыква,Pumpkin,Қовоқ,2019-01,monthly,2019,2135.0
063,Sabzi,Морковь,Carrot,Сабзи,2019-01,monthly,2019,1569.0
065,Sarimsoq,Чеснок,Garlic,Саримсоқ,2019-01,monthly,2019,4643.0
066,Piyoz,Лук репчатый,Onion,Пиёз,2019-01,monthly,2019,1090.0
069,Kartoshka,Картофель,Potatoes,Картошка,2019-01,monthly,2019,2364.0
0070,Loviya,Фасоль,Beans,Ловия,2019-01,monthly,2019,9425.0
071,No'xot,Горох,Peas,Нўхот,2019-01,monthly,2019,11507.0
0072,Mosh,Маш,Mash,Мош,2019-01,monthly,2019,6674.0
002,Kruppa yormasi,Крупа манная,Semolina,Круппа ёрмаси,2019-01,monthly,2019,2550.0
001,Guruch,Рис,Rice,Гуруч,2019-02,monthly,2019,8588.0
003,Arpa,Ячмень,Barley,Арпа,2019-02,monthly,2019,2629.0
0004,Bug'doy,Пшеница,Wheat,Буғдой,2019-02,monthly,2019,2414.0
005,Jo'hori,Кукуруза,Corn,Жўҳори,2019-02,monthly,2019,2614.0
006,Kepak,Отруби,Bran,Кепак,2019-02,monthly,2019,1709.0
0008,Shrot,Шрот,Schroth,Шрот,2019-02,monthly,2019,2784.0
009,Shulxa,Шелуха,Husk,Шулха,2019-02,monthly,2019,2331.0
010,Kombikorm,Комбикорм,Compound feed,Комбикорм,2019-02,monthly,2019,1582.0
017,Mol go'shti,Говядина,Beef,Мол гўшти,2019-02,monthly,2019,34121.0
0020,Qo'y go'shti,Баранина,Mutton,Қўй гўшти,2019-02,monthly,2019,38381.0
022,Tovuq go'shti,Мясо птицы,Poultry,Товуқ гўшти,2019-02,monthly,2019,18288.0
026,Turli baliqlar,Рыба всякая,Fish of all kinds,Турли балиқлар,2019-02,monthly,2019,18726.0
027,Yangi sog'ilgan sut (1 litr),Молоко свежее (1 литр),Fresh milk (1 liter),Янги соғилган сут (1 литр),2019-02,monthly,2019,3344.0
034,Tuxum (10 dona),Яйца (10 штук),Eggs (10 pieces ),Тухум (10 дона),2019-02,monthly,2019,5537.0
037,Sariyog',Масло сливочное,Butter,Сариёғ,2019-02,monthly,2019,40095.0
039,Limon,Лимоны,Lemons,Лимон,2019-02,monthly,2019,9738.0
0040,Olma,Яблоки,Apples,Олма,2019-02,monthly,2019,4600.0
041,Nok,Груши,Pears,Нок,2019-02,monthly,2019,14292.0
049,Uzum,Виноград,Grape,Узум,2019-02,monthly,2019,9043.0
053,Mayiz,Кишмиш,Kishmish,Майиз,2019-02,monthly,2019,24378.0
055,Karam,Капуста,Cabbage,Карам,2019-02,monthly,2019,2265.0
057,Bodring,Огурцы,Cucumbers,Бодринг,2019-02,monthly,2019,14310.0
058,Pomidor,Помидоры,Tomatoes,Помидор,2019-02,monthly,2019,13476.0
061,Qovoq,Тыква,Pumpkin,Қовоқ,2019-02,monthly,2019,2082.0
063,Sabzi,Морковь,Carrot,Сабзи,2019-02,monthly,2019,1650.0
065,Sarimsoq,Чеснок,Garlic,Саримсоқ,2019-02,monthly,2019,5940.0
066,Piyoz,Лук репчатый,Onion,Пиёз,2019-02,monthly,2019,1103.0
069,Kartoshka,Картофель,Potatoes,Картошка,2019-02,monthly,2019,2357.0
0070,Loviya,Фасоль,Beans,Ловия,2019-02,monthly,2019,9329.0
071,No'xot,Горох,Peas,Нўхот,2019-02,monthly,2019,11507.0
0072,Mosh,Маш,Mash,Мош,2019-02,monthly,2019,7107.0
002,Kruppa yormasi,Крупа манная,Semolina,Круппа ёрмаси,2019-02,monthly,2019,2629.0
001,Guruch,Рис,Rice,Гуруч,2019-03,monthly,2019,8600.0
003,Arpa,Ячмень,Barley,Арпа,2019-03,monthly,2019,2629.0
0004,Bug'doy,Пшеница,Wheat,Буғдой,2019-03,monthly,2019,2414.0
005,Jo'hori,Кукуруза,Corn,Жўҳори,2019-03,monthly,2019,2614.0
006,Kepak,Отруби,Bran,Кепак,2019-03,monthly,2019,1709.0
0008,Shrot,Шрот,Schroth,Шрот,2019-03,monthly,2019,2789.0
009,Shulxa,Шелуха,Husk,Шулха,2019-03,monthly,2019,2343.0
010,Kombikorm,Комбикорм,Compound feed,Комбикорм,2019-03,monthly,2019,1582.0
017,Mol go'shti,Говядина,Beef,Мол гўшти,2019-03,monthly,2019,34252.0
0020,Qo'y go'shti,Баранина,Mutton,Қўй гўшти,2019-03,monthly,2019,38643.0
022,Tovuq go'shti,Мясо птицы,Poultry,Товуқ гўшти,2019-03,monthly,2019,18181.0
026,Turli baliqlar,Рыба всякая,Fish of all kinds,Турли балиқлар,2019-03,monthly,2019,18667.0
027,Yangi sog'ilgan sut (1 litr),Молоко свежее (1 литр),Fresh milk (1 liter),Янги соғилган сут (1 литр),2019-03,monthly,2019,3344.0
034,Tuxum (10 dona),Яйца (10 штук),Eggs (10 pieces ),Тухум (10 дона),2019-03,monthly,2019,5571.0
037,Sariyog',Масло сливочное,Butter,Сариёғ,2019-03,monthly,2019,40143.0
039,Limon,Лимоны,Lemons,Лимон,2019-03,monthly,2019,9964.0
0040,Olma,Яблоки,Apples,Олма,2019-03,monthly,2019,4681.0
041,Nok,Груши,Pears,Нок,2019-03,monthly,2019,16556.0
049,Uzum,Виноград,Grape,Узум,2019-03,monthly,2019,11333.0
053,Mayiz,Кишмиш,Kishmish,Майиз,2019-03,monthly,2019,24798.0
055,Karam,Капуста,Cabbage,Карам,2019-03,monthly,2019,2632.0
057,Bodring,Огурцы,Cucumbers,Бодринг,2019-03,monthly,2019,14524.0
058,Pomidor,Помидоры,Tomatoes,Помидор,2019-03,monthly,2019,14833.0
061,Qovoq,Тыква,Pumpkin,Қовоқ,2019-03,monthly,2019,2295.0
063,Sabzi,Морковь,Carrot,Сабзи,2019-03,monthly,2019,1985.0
065,Sarimsoq,Чеснок,Garlic,Саримсоқ,2019-03,monthly,2019,6167.0
066,Piyoz,Лук репчатый,Onion,Пиёз,2019-03,monthly,2019,1246.0
069,Kartoshka,Картофель,Potatoes,Картошка,2019-03,monthly,2019,2314.0
0070,Loviya,Фасоль,Beans,Ловия,2019-03,monthly,2019,9329.0
071,No'xot,Горох,Peas,Нўхот,2019-03,monthly,2019,11507.0
0072,Mosh,Маш,Mash,Мош,2019-03,monthly,2019,7107.0
002,Kruppa yormasi,Крупа манная,Semolina,Круппа ёрмаси,2019-03,monthly,2019,2629.0
001,Guruch,Рис,Rice,Гуруч,2019-04,monthly,2019,8600.0
003,Arpa,Ячмень,Barley,Арпа,2019-04,monthly,2019,2629.0
0004,Bug'doy,Пшеница,Wheat,Буғдой,2019-04,monthly,2019,2414.0
005,Jo'hori,Кукуруза,Corn,Жўҳори,2019-04,monthly,2019,2619.0
006,Kepak,Отруби,Bran,Кепак,2019-04,monthly,2019,1717.0
0008,Shrot,Шрот,Schroth,Шрот,2019-04,monthly,2019,2825.0
009,Shulxa,Шелуха,Husk,Шулха,2019-04,monthly,2019,2352.0
010,Kombikorm,Комбикорм,Compound feed,Комбикорм,2019-04,monthly,2019,1575.0
017,Mol go'shti,Говядина,Beef,Мол гўшти,2019-04,monthly,2019,35029.0
0020,Qo'y go'shti,Баранина,Mutton,Қўй гўшти,2019-04,monthly,2019,39738.0
022,Tovuq go'shti,Мясо птицы,Poultry,Товуқ гўшти,2019-04,monthly,2019,18038.0
026,Turli baliqlar,Рыба всякая,Fish of all kinds,Турли балиқлар,2019-04,monthly,2019,19125.0
027,Yangi sog'ilgan sut (1 litr),Молоко свежее (1 литр),Fresh milk (1 liter),Янги соғилган сут (1 литр),2019-04,monthly,2019,3254.0
034,Tuxum (10 dona),Яйца (10 штук),Eggs (10 pieces ),Тухум (10 дона),2019-04,monthly,2019,5317.0
037,Sariyog',Масло сливочное,Butter,Сариёғ,2019-04,monthly,2019,40143.0
039,Limon,Лимоны,Lemons,Лимон,2019-04,monthly,2019,10607.0
0040,Olma,Яблоки,Apples,Олма,2019-04,monthly,2019,4825.0
041,Nok,Груши,Pears,Нок,2019-04,monthly,2019,21500.0
049,Uzum,Виноград,Grape,Узум,2019-04,monthly,2019,14125.0
053,Mayiz,Кишмиш,Kishmish,Майиз,2019-04,monthly,2019,26405.0
055,Karam,Капуста,Cabbage,Карам,2019-04,monthly,2019,2768.0
057,Bodring,Огурцы,Cucumbers,Бодринг,2019-04,monthly,2019,7077.0
058,Pomidor,Помидоры,Tomatoes,Помидор,2019-04,monthly,2019,11679.0
0060,Bulg'or qalampiri,Перец болгарский,Bell pepper,Булғор қалампири,2019-04,monthly,2019,20526.0
061,Qovoq,Тыква,Pumpkin,Қовоқ,2019-04,monthly,2019,3888.0
063,Sabzi,Морковь,Carrot,Сабзи,2019-04,monthly,2019,2358.0
065,Sarimsoq,Чеснок,Garlic,Саримсоқ,2019-04,monthly,2019,5857.0
066,Piyoz,Лук репчатый,Onion,Пиёз,2019-04,monthly,2019,1694.0
069,Kartoshka,Картофель,Potatoes,Картошка,2019-04,monthly,2019,2789.0
0070,Loviya,Фасоль,Beans,Ловия,2019-04,monthly,2019,9329.0
071,No'xot,Горох,Peas,Нўхот,2019-04,monthly,2019,11507.0
0072,Mosh,Маш,Mash,Мош,2019-04,monthly,2019,7429.0
002,Kruppa yormasi,Крупа манная,Semolina,Круппа ёрмаси,2019-04,monthly,2019,2629.0
001,Guruch,Рис,Rice,Гуруч,2019-05,monthly,2019,8600.0
003,Arpa,Ячмень,Barley,Арпа,2019-05,monthly,2019,2629.0
0004,Bug'doy,Пшеница,Wheat,Буғдой,2019-05,monthly,2019,2414.0
005,Jo'hori,Кукуруза,Corn,Жўҳори,2019-05,monthly,2019,2629.0
006,Kepak,Отруби,Bran,Кепак,2019-05,monthly,2019,1721.0
0008,Shrot,Шрот,Schroth,Шрот,2019-05,monthly,2019,2825.0
009,Shulxa,Шелуха,Husk,Шулха,2019-05,monthly,2019,2357.0
010,Kombikorm,Комбикорм,Compound feed,Комбикорм,2019-05,monthly,2019,1571.0
017,Mol go'shti,Говядина,Beef,Мол гўшти,2019-05,monthly,2019,36202.0
0020,Qo'y go'shti,Баранина,Mutton,Қўй гўшти,2019-05,monthly,2019,41893.0
022,Tovuq go'shti,Мясо птицы,Poultry,Товуқ гўшти,2019-05,monthly,2019,18010.0
027,Yangi sog'ilgan sut (1 litr),Молоко свежее (1 литр),Fresh milk (1 liter),Янги соғилган сут (1 литр),2019-05,monthly,2019,3254.0
034,Tuxum (10 dona),Яйца (10 штук),Eggs (10 pieces ),Тухум (10 дона),2019-05,monthly,2019,5208.0
037,Sariyog',Масло сливочное,Butter,Сариёғ,2019-05,monthly,2019,40143.0
039,Limon,Лимоны,Lemons,Лимон,2019-05,monthly,2019,11821.0
0040,Olma,Яблоки,Apples,Олма,2019-05,monthly,2019,5588.0
053,Mayiz,Кишмиш,Kishmish,Майиз,2019-05,monthly,2019,26786.0
055,Karam,Капуста,Cabbage,Карам,2019-05,monthly,2019,2245.0
057,Bodring,Огурцы,Cucumbers,Бодринг,2019-05,monthly,2019,2542.0
058,Pomidor,Помидоры,Tomatoes,Помидор,2019-05,monthly,2019,7768.0
059,Baqlajon,Баклажаны,Eggplant,Бақлажон,2019-05,monthly,2019,8697.0
0060,Bulg'or qalampiri,Перец болгарский,Bell pepper,Булғор қалампири,2019-05,monthly,2019,9060.0
061,Qovoq,Тыква,Pumpkin,Қовоқ,2019-05,monthly,2019,6188.0
063,Sabzi,Морковь,Carrot,Сабзи,2019-05,monthly,2019,2292.0
065,Sarimsoq,Чеснок,Garlic,Саримсоқ,2019-05,monthly,2019,4470.0
066,Piyoz,Лук репчатый,Onion,Пиёз,2019-05,monthly,2019,2398.0
069,Kartoshka,Картофель,Potatoes,Картошка,2019-05,monthly,2019,2240.0
0070,Loviya,Фасоль,Beans,Ловия,2019-05,monthly,2019,9329.0
071,No'xot,Горох,Peas,Нўхот,2019-05,monthly,2019,11507.0
0072,Mosh,Маш,Mash,Мош,2019-05,monthly,2019,7429.0
002,Kruppa yormasi,Крупа манная,Semolina,Круппа ёрмаси,2019-05,monthly,2019,2629.0
001,Guruch,Рис,Rice,Гуруч,2019-06,monthly,2019,8648.0
003,Arpa,Ячмень,Barley,Арпа,2019-06,monthly,2019,2481.0
0004,Bug'doy,Пшеница,Wheat,Буғдой,2019-06,monthly,2019,2212.0
005,Jo'hori,Кукуруза,Corn,Жўҳори,2019-06,monthly,2019,2812.0
006,Kepak,Отруби,Bran,Кепак,2019-06,monthly,2019,1721.0
0008,Shrot,Шрот,Schroth,Шрот,2019-06,monthly,2019,2825.0
009,Shulxa,Шелуха,Husk,Шулха,2019-06,monthly,2019,2357.0
010,Kombikorm,Комбикорм,Compound feed,Комбикорм,2019-06,monthly,2019,1529.0
017,Mol go'shti,Говядина,Beef,Мол гўшти,2019-06,monthly,2019,37107.0
0020,Qo'y go'shti,Баранина,Mutton,Қўй гўшти,2019-06,monthly,2019,43036.0
022,Tovuq go'shti,Мясо птицы,Poultry,Товуқ гўшти,2019-06,monthly,2019,18095.0
027,Yangi sog'ilgan sut (1 litr),Молоко свежее (1 литр),Fresh milk (1 liter),Янги соғилган сут (1 литр),2019-06,monthly,2019,3254.0
034,Tuxum (10 dona),Яйца (10 штук),Eggs (10 pieces ),Тухум (10 дона),2019-06,monthly,2019,5220.0
039,Limon,Лимоны,Lemons,Лимон,2019-06,monthly,2019,12964.0
0040,Olma,Яблоки,Apples,Олма,2019-06,monthly,2019,5274.0
049,Uzum,Виноград,Grape,Узум,2019-06,monthly,2019,5109.0
0050,Tarvuz,Арбуз,Watermelon,Тарвуз,2019-06,monthly,2019,3335.0
0051,Qovun,Дыня,Melon,Қовун,2019-06,monthly,2019,5383.0
053,Mayiz,Кишмиш,Kishmish,Майиз,2019-06,monthly,2019,26786.0
055,Karam,Капуста,Cabbage,Карам,2019-06,monthly,2019,2081.0
057,Bodring,Огурцы,Cucumbers,Бодринг,2019-06,monthly,2019,1643.0
058,Pomidor,Помидоры,Tomatoes,Помидор,2019-06,monthly,2019,4113.0
059,Baqlajon,Баклажаны,Eggplant,Бақлажон,2019-06,monthly,2019,2730.0
0060,Bulg'or qalampiri,Перец болгарский,Bell pepper,Булғор қалампири,2019-06,monthly,2019,2615.0
063,Sabzi,Морковь,Carrot,Сабзи,2019-06,monthly,2019,2105.0
065,Sarimsoq,Чеснок,Garlic,Саримсоқ,2019-06,monthly,2019,4161.0
066,Piyoz,Лук репчатый,Onion,Пиёз,2019-06,monthly,2019,2435.0
069,Kartoshka,Картофель,Potatoes,Картошка,2019-06,monthly,2019,1805.0
0070,Loviya,Фасоль,Beans,Ловия,2019-06,monthly,2019,9329.0
071,No'xot,Горох,Peas,Нўхот,2019-06,monthly,2019,11507.0
0072,Mosh,Маш,Mash,Мош,2019-06,monthly,2019,7429.0
002,Kruppa yormasi,Крупа манная,Semolina,Круппа ёрмаси,2019-06,monthly,2019,2481.0
001,Guruch,Рис,Rice,Гуруч,2019-07,monthly,2019,8844.0
003,Arpa,Ячмень,Barley,Арпа,2019-07,monthly,2019,2379.0
0004,Bug'doy,Пшеница,Wheat,Буғдой,2019-07,monthly,2019,2042.0
005,Jo'hori,Кукуруза,Corn,Жўҳори,2019-07,monthly,2019,2927.0
006,Kepak,Отруби,Bran,Кепак,2019-07,monthly,2019,1721.0
0008,Shrot,Шрот,Schroth,Шрот,2019-07,monthly,2019,2825.0
009,Shulxa,Шелуха,Husk,Шулха,2019-07,monthly,2019,2357.0
010,Kombikorm,Комбикорм,Compound feed,Комбикорм,2019-07,monthly,2019,1492.0
017,Mol go'shti,Говядина,Beef,Мол гўшти,2019-07,monthly,2019,37952.0
0020,Qo'y go'shti,Баранина,Mutton,Қўй гўшти,2019-07,monthly,2019,42998.0
022,Tovuq go'shti,Мясо птицы,Poultry,Товуқ гўшти,2019-07,monthly,2019,18113.0
027,Yangi sog'ilgan sut (1 litr),Молоко свежее (1 литр),Fresh milk (1 liter),Янги соғилган сут (1 литр),2019-07,monthly,2019,3254.0
034,Tuxum (10 dona),Яйца (10 штук),Eggs (10 pieces ),Тухум (10 дона),2019-07,monthly,2019,5165.0
039,Limon,Лимоны,Lemons,Лимон,2019-07,monthly,2019,13488.0
0040,Olma,Яблоки,Apples,Олма,2019-07,monthly,2019,4571.0
041,Nok,Груши,Pears,Нок,2019-07,monthly,2019,12810.0
049,Uzum,Виноград,Grape,Узум,2019-07,monthly,2019,4207.0
0050,Tarvuz,Арбуз,Watermelon,Тарвуз,2019-07,monthly,2019,1825.0
0051,Qovun,Дыня,Melon,Қовун,2019-07,monthly,2019,2726.0
053,Mayiz,Кишмиш,Kishmish,Майиз,2019-07,monthly,2019,26786.0
055,Karam,Капуста,Cabbage,Карам,2019-07,monthly,2019,2110.0
057,Bodring,Огурцы,Cucumbers,Бодринг,2019-07,monthly,2019,1804.0
058,Pomidor,Помидоры,Tomatoes,Помидор,2019-07,monthly,2019,2589.0
059,Baqlajon,Баклажаны,Eggplant,Бақлажон,2019-07,monthly,2019,1303.0
0060,Bulg'or qalampiri,Перец болгарский,Bell pepper,Булғор қалампири,2019-07,monthly,2019,2087.0
061,Qovoq,Тыква,Pumpkin,Қовоқ,2019-07,monthly,2019,2409.0
063,Sabzi,Морковь,Carrot,Сабзи,2019-07,monthly,2019,2010.0
065,Sarimsoq,Чеснок,Garlic,Саримсоқ,2019-07,monthly,2019,3696.0
066,Piyoz,Лук репчатый,Onion,Пиёз,2019-07,monthly,2019,2635.0
069,Kartoshka,Картофель,Potatoes,Картошка,2019-07,monthly,2019,1957.0
0070,Loviya,Фасоль,Beans,Ловия,2019-07,monthly,2019,9586.0
071,No'xot,Горох,Peas,Нўхот,2019-07,monthly,2019,11800.0
0072,Mosh,Маш,Mash,Мош,2019-07,monthly,2019,9082.0
002,Kruppa yormasi,Крупа манная,Semolina,Круппа ёрмаси,2019-07,monthly,2019,2379.0
001,Guruch,Рис,Rice,Гуруч,2019-08,monthly,2019,9074.0
003,Arpa,Ячмень,Barley,Арпа,2019-08,monthly,2019,2393.0
0004,Bug'doy,Пшеница,Wheat,Буғдой,2019-08,monthly,2019,1946.0
005,Jo'hori,Кукуруза,Corn,Жўҳори,2019-08,monthly,2019,2886.0
006,Kepak,Отруби,Bran,Кепак,2019-08,monthly,2019,1721.0
0008,Shrot,Шрот,Schroth,Шрот,2019-08,monthly,2019,2804.0
009,Shulxa,Шелуха,Husk,Шулха,2019-08,monthly,2019,2386.0
010,Kombikorm,Комбикорм,Compound feed,Комбикорм,2019-08,monthly,2019,1454.0
017,Mol go'shti,Говядина,Beef,Мол гўшти,2019-08,monthly,2019,39179.0
0020,Qo'y go'shti,Баранина,Mutton,Қўй гўшти,2019-08,monthly,2019,43633.0
022,Tovuq go'shti,Мясо птицы,Poultry,Товуқ гўшти,2019-08,monthly,2019,17979.0
027,Yangi sog'ilgan sut (1 litr),Молоко свежее (1 литр),Fresh milk (1 liter),Янги соғилган сут (1 литр),2019-08,monthly,2019,3419.0
034,Tuxum (10 dona),Яйца (10 штук),Eggs (10 pieces ),Тухум (10 дона),2019-08,monthly,2019,5413.0
039,Limon,Лимоны,Lemons,Лимон,2019-08,monthly,2019,20917.0
0040,Olma,Яблоки,Apples,Олма,2019-08,monthly,2019,5220.0
041,Nok,Груши,Pears,Нок,2019-08,monthly,2019,14036.0
049,Uzum,Виноград,Grape,Узум,2019-08,monthly,2019,6101.0
0050,Tarvuz,Арбуз,Watermelon,Тарвуз,2019-08,monthly,2019,1870.0
0051,Qovun,Дыня,Melon,Қовун,2019-08,monthly,2019,2752.0
053,Mayiz,Кишмиш,Kishmish,Майиз,2019-08,monthly,2019,26786.0
055,Karam,Капуста,Cabbage,Карам,2019-08,monthly,2019,2336.0
057,Bodring,Огурцы,Cucumbers,Бодринг,2019-08,monthly,2019,3405.0
058,Pomidor,Помидоры,Tomatoes,Помидор,2019-08,monthly,2019,2264.0
059,Baqlajon,Баклажаны,Eggplant,Бақлажон,2019-08,monthly,2019,1417.0
0060,Bulg'or qalampiri,Перец болгарский,Bell pepper,Булғор қалампири,2019-08,monthly,2019,2738.0
061,Qovoq,Тыква,Pumpkin,Қовоқ,2019-08,monthly,2019,2289.0
063,Sabzi,Морковь,Carrot,Сабзи,2019-08,monthly,2019,2387.0
065,Sarimsoq,Чеснок,Garlic,Саримсоқ,2019-08,monthly,2019,5208.0
066,Piyoz,Лук репчатый,Onion,Пиёз,2019-08,monthly,2019,2361.0
069,Kartoshka,Картофель,Potatoes,Картошка,2019-08,monthly,2019,2464.0
0070,Loviya,Фасоль,Beans,Ловия,2019-08,monthly,2019,9908.0
071,No'xot,Горох,Peas,Нўхот,2019-08,monthly,2019,11800.0
0072,Mosh,Маш,Mash,Мош,2019-08,monthly,2019,9561.0
002,Kruppa yormasi,Крупа манная,Semolina,Круппа ёрмаси,2019-08,monthly,2019,2393.0
001,Guruch,Рис,Rice,Гуруч,2019-09,monthly,2019,9298.0
003,Arpa,Ячмень,Barley,Арпа,2019-09,monthly,2019,2393.0
0004,Bug'doy,Пшеница,Wheat,Буғдой,2019-09,monthly,2019,1946.0
005,Jo'hori,Кукуруза,Corn,Жўҳори,2019-09,monthly,2019,2861.0
006,Kepak,Отруби,Bran,Кепак,2019-09,monthly,2019,1721.0
0008,Shrot,Шрот,Schroth,Шрот,2019-09,monthly,2019,2804.0
009,Shulxa,Шелуха,Husk,Шулха,2019-09,monthly,2019,2386.0
010,Kombikorm,Комбикорм,Compound feed,Комбикорм,2019-09,monthly,2019,1454.0
017,Mol go'shti,Говядина,Beef,Мол гўшти,2019-09,monthly,2019,41667.0
0020,Qo'y go'shti,Баранина,Mutton,Қўй гўшти,2019-09,monthly,2019,45645.0
022,Tovuq go'shti,Мясо птицы,Poultry,Товуқ гўшти,2019-09,monthly,2019,18269.0
026,Turli baliqlar,Рыба всякая,Fish of all kinds,Турли балиқлар,2019-09,monthly,2019,23604.0
027,Yangi sog'ilgan sut (1 litr),Молоко свежее (1 литр),Fresh milk (1 liter),Янги соғилган сут (1 литр),2019-09,monthly,2019,3750.0
034,Tuxum (10 dona),Яйца (10 штук),Eggs (10 pieces ),Тухум (10 дона),2019-09,monthly,2019,6565.0
039,Limon,Лимоны,Lemons,Лимон,2019-09,monthly,2019,20560.0
0040,Olma,Яблоки,Apples,Олма,2019-09,monthly,2019,5836.0
041,Nok,Груши,Pears,Нок,2019-09,monthly,2019,11976.0
049,Uzum,Виноград,Grape,Узум,2019-09,monthly,2019,5945.0
0050,Tarvuz,Арбуз,Watermelon,Тарвуз,2019-09,monthly,2019,1871.0
0051,Qovun,Дыня,Melon,Қовун,2019-09,monthly,2019,2431.0
053,Mayiz,Кишмиш,Kishmish,Майиз,2019-09,monthly,2019,26786.0
055,Karam,Капуста,Cabbage,Карам,2019-09,monthly,2019,2601.0
057,Bodring,Огурцы,Cucumbers,Бодринг,2019-09,monthly,2019,3280.0
058,Pomidor,Помидоры,Tomatoes,Помидор,2019-09,monthly,2019,3143.0
059,Baqlajon,Баклажаны,Eggplant,Бақлажон,2019-09,monthly,2019,1936.0
0060,Bulg'or qalampiri,Перец болгарский,Bell pepper,Булғор қалампири,2019-09,monthly,2019,3150.0
061,Qovoq,Тыква,Pumpkin,Қовоқ,2019-09,monthly,2019,2262.0
063,Sabzi,Морковь,Carrot,Сабзи,2019-09,monthly,2019,2855.0
065,Sarimsoq,Чеснок,Garlic,Саримсоқ,2019-09,monthly,2019,5839.0
066,Piyoz,Лук репчатый,Onion,Пиёз,2019-09,monthly,2019,2005.0
069,Kartoshka,Картофель,Potatoes,Картошка,2019-09,monthly,2019,2564.0
0070,Loviya,Фасоль,Beans,Ловия,2019-09,monthly,2019,10554.0
071,No'xot,Горох,Peas,Нўхот,2019-09,monthly,2019,9712.0
0072,Mosh,Маш,Mash,Мош,2019-09,monthly,2019,10518.0
002,Kruppa yormasi,Крупа манная,Semolina,Круппа ёрмаси,2019-09,monthly,2019,2393.0
001,Guruch,Рис,Rice,Гуруч,2019-10,monthly,2019,9450.0
003,Arpa,Ячмень,Barley,Арпа,2019-10,monthly,2019,2369.0
0004,Bug'doy,Пшеница,Wheat,Буғдой,2019-10,monthly,2019,2085.0
005,Jo'hori,Кукуруза,Corn,Жўҳори,2019-10,monthly,2019,2617.0
006,Kepak,Отруби,Bran,Кепак,2019-10,monthly,2019,1723.0
0008,Shrot,Шрот,Schroth,Шрот,2019-10,monthly,2019,2804.0
009,Shulxa,Шелуха,Husk,Шулха,2019-10,monthly,2019,2386.0
010,Kombikorm,Комбикорм,Compound feed,Комбикорм,2019-10,monthly,2019,1458.0
017,Mol go'shti,Говядина,Beef,Мол гўшти,2019-10,monthly,2019,43250.0
0020,Qo'y go'shti,Баранина,Mutton,Қўй гўшти,2019-10,monthly,2019,47457.0
022,Tovuq go'shti,Мясо птицы,Poultry,Товуқ гўшти,2019-10,monthly,2019,18905.0
026,Turli baliqlar,Рыба всякая,Fish of all kinds,Турли балиқлар,2019-10,monthly,2019,23505.0
027,Yangi sog'ilgan sut (1 litr),Молоко свежее (1 литр),Fresh milk (1 liter),Янги соғилган сут (1 литр),2019-10,monthly,2019,3750.0
034,Tuxum (10 dona),Яйца (10 штук),Eggs (10 pieces ),Тухум (10 дона),2019-10,monthly,2019,7440.0
037,Sariyog',Масло сливочное,Butter,Сариёғ,2019-10,monthly,2019,42143.0
039,Limon,Лимоны,Lemons,Лимон,2019-10,monthly,2019,14702.0
0040,Olma,Яблоки,Apples,Олма,2019-10,monthly,2019,6418.0
041,Nok,Груши,Pears,Нок,2019-10,monthly,2019,10095.0
049,Uzum,Виноград,Grape,Узум,2019-10,monthly,2019,5268.0
0050,Tarvuz,Арбуз,Watermelon,Тарвуз,2019-10,monthly,2019,1715.0
0051,Qovun,Дыня,Melon,Қовун,2019-10,monthly,2019,2040.0
053,Mayiz,Кишмиш,Kishmish,Майиз,2019-10,monthly,2019,27738.0
055,Karam,Капуста,Cabbage,Карам,2019-10,monthly,2019,2649.0
057,Bodring,Огурцы,Cucumbers,Бодринг,2019-10,monthly,2019,3310.0
058,Pomidor,Помидоры,Tomatoes,Помидор,2019-10,monthly,2019,3982.0
059,Baqlajon,Баклажаны,Eggplant,Бақлажон,2019-10,monthly,2019,2381.0
0060,Bulg'or qalampiri,Перец болгарский,Bell pepper,Булғор қалампири,2019-10,monthly,2019,3205.0
061,Qovoq,Тыква,Pumpkin,Қовоқ,2019-10,monthly,2019,2248.0
063,Sabzi,Морковь,Carrot,Сабзи,2019-10,monthly,2019,2286.0
065,Sarimsoq,Чеснок,Garlic,Саримсоқ,2019-10,monthly,2019,7756.0
066,Piyoz,Лук репчатый,Onion,Пиёз,2019-10,monthly,2019,1755.0
069,Kartoshka,Картофель,Potatoes,Картошка,2019-10,monthly,2019,2665.0
0070,Loviya,Фасоль,Beans,Ловия,2019-10,monthly,2019,10554.0
071,No'xot,Горох,Peas,Нўхот,2019-10,monthly,2019,9650.0
0072,Mosh,Маш,Mash,Мош,2019-10,monthly,2019,12452.0
002,Kruppa yormasi,Крупа манная,Semolina,Круппа ёрмаси,2019-10,monthly,2019,2369.0
001,Guruch,Рис,Rice,Гуруч,2019-11,monthly,2019,9088.0
003,Arpa,Ячмень,Barley,Арпа,2019-11,monthly,2019,2357.0
0004,Bug'doy,Пшеница,Wheat,Буғдой,2019-11,monthly,2019,2358.0
005,Jo'hori,Кукуруза,Corn,Жўҳори,2019-11,monthly,2019,2493.0
006,Kepak,Отруби,Bran,Кепак,2019-11,monthly,2019,1725.0
0008,Shrot,Шрот,Schroth,Шрот,2019-11,monthly,2019,2817.0
009,Shulxa,Шелуха,Husk,Шулха,2019-11,monthly,2019,2386.0
010,Kombikorm,Комбикорм,Compound feed,Комбикорм,2019-11,monthly,2019,1461.0
017,Mol go'shti,Говядина,Beef,Мол гўшти,2019-11,monthly,2019,44113.0
0020,Qo'y go'shti,Баранина,Mutton,Қўй гўшти,2019-11,monthly,2019,48488.0
022,Tovuq go'shti,Мясо птицы,Poultry,Товуқ гўшти,2019-11,monthly,2019,19455.0
026,Turli baliqlar,Рыба всякая,Fish of all kinds,Турли балиқлар,2019-11,monthly,2019,19940.0
027,Yangi sog'ilgan sut (1 litr),Молоко свежее (1 литр),Fresh milk (1 liter),Янги соғилган сут (1 литр),2019-11,monthly,2019,3845.0
034,Tuxum (10 dona),Яйца (10 штук),Eggs (10 pieces ),Тухум (10 дона),2019-11,monthly,2019,7595.0
037,Sariyog',Масло сливочное,Butter,Сариёғ,2019-11,monthly,2019,42143.0
039,Limon,Лимоны,Lemons,Лимон,2019-11,monthly,2019,7375.0
0040,Olma,Яблоки,Apples,Олма,2019-11,monthly,2019,7212.0
041,Nok,Груши,Pears,Нок,2019-11,monthly,2019,11976.0
049,Uzum,Виноград,Grape,Узум,2019-11,monthly,2019,11131.0
0050,Tarvuz,Арбуз,Watermelon,Тарвуз,2019-11,monthly,2019,1720.0
0051,Qovun,Дыня,Melon,Қовун,2019-11,monthly,2019,2014.0
053,Mayiz,Кишмиш,Kishmish,Майиз,2019-11,monthly,2019,28429.0
055,Karam,Капуста,Cabbage,Карам,2019-11,monthly,2019,2139.0
057,Bodring,Огурцы,Cucumbers,Бодринг,2019-11,monthly,2019,6839.0
058,Pomidor,Помидоры,Tomatoes,Помидор,2019-11,monthly,2019,4938.0
059,Baqlajon,Баклажаны,Eggplant,Бақлажон,2019-11,monthly,2019,2876.0
0060,Bulg'or qalampiri,Перец болгарский,Bell pepper,Булғор қалампири,2019-11,monthly,2019,4405.0
061,Qovoq,Тыква,Pumpkin,Қовоқ,2019-11,monthly,2019,2375.0
063,Sabzi,Морковь,Carrot,Сабзи,2019-11,monthly,2019,1762.0
065,Sarimsoq,Чеснок,Garlic,Саримсоқ,2019-11,monthly,2019,8786.0
066,Piyoz,Лук репчатый,Onion,Пиёз,2019-11,monthly,2019,1614.0
069,Kartoshka,Картофель,Potatoes,Картошка,2019-11,monthly,2019,2649.0
0070,Loviya,Фасоль,Beans,Ловия,2019-11,monthly,2019,10339.0
071,No'xot,Горох,Peas,Нўхот,2019-11,monthly,2019,9461.0
0072,Mosh,Маш,Mash,Мош,2019-11,monthly,2019,8964.0
002,Kruppa yormasi,Крупа манная,Semolina,Круппа ёрмаси,2019-11,monthly,2019,2357.0
001,Guruch,Рис,Rice,Гуруч,2019-12,monthly,2019,9040.0
003,Arpa,Ячмень,Barley,Арпа,2019-12,monthly,2019,2357.0
0004,Bug'doy,Пшеница,Wheat,Буғдой,2019-12,monthly,2019,2361.0
005,Jo'hori,Кукуруза,Corn,Жўҳори,2019-12,monthly,2019,2493.0
006,Kepak,Отруби,Bran,Кепак,2019-12,monthly,2019,1725.0
0008,Shrot,Шрот,Schroth,Шрот,2019-12,monthly,2019,2843.0
009,Shulxa,Шелуха,Husk,Шулха,2019-12,monthly,2019,2386.0
010,Kombikorm,Комбикорм,Compound feed,Комбикорм,2019-12,monthly,2019,1577.0
017,Mol go'shti,Говядина,Beef,Мол гўшти,2019-12,monthly,2019,43679.0
0020,Qo'y go'shti,Баранина,Mutton,Қўй гўшти,2019-12,monthly,2019,48333.0
022,Tovuq go'shti,Мясо птицы,Poultry,Товуқ гўшти,2019-12,monthly,2019,19738.0
026,Turli baliqlar,Рыба всякая,Fish of all kinds,Турли балиқлар,2019-12,monthly,2019,17774.0
027,Yangi sog'ilgan sut (1 litr),Молоко свежее (1 литр),Fresh milk (1 liter),Янги соғилган сут (1 литр),2019-12,monthly,2019,4250.0
034,Tuxum (10 dona),Яйца (10 штук),Eggs (10 pieces ),Тухум (10 дона),2019-12,monthly,2019,8452.0
037,Sariyog',Масло сливочное,Butter,Сариёғ,2019-12,monthly,2019,42143.0
039,Limon,Лимоны,Lemons,Лимон,2019-12,monthly,2019,6810.0
0040,Olma,Яблоки,Apples,Олма,2019-12,monthly,2019,8295.0
041,Nok,Груши,Pears,Нок,2019-12,monthly,2019,13810.0
049,Uzum,Виноград,Grape,Узум,2019-12,monthly,2019,13536.0
0050,Tarvuz,Арбуз,Watermelon,Тарвуз,2019-12,monthly,2019,1867.0
0051,Qovun,Дыня,Melon,Қовун,2019-12,monthly,2019,2142.0
053,Mayiz,Кишмиш,Kishmish,Майиз,2019-12,monthly,2019,28429.0
055,Karam,Капуста,Cabbage,Карам,2019-12,monthly,2019,2023.0
057,Bodring,Огурцы,Cucumbers,Бодринг,2019-12,monthly,2019,12107.0
058,Pomidor,Помидоры,Tomatoes,Помидор,2019-12,monthly,2019,10940.0
059,Baqlajon,Баклажаны,Eggplant,Бақлажон,2019-12,monthly,2019,3917.0
0060,Bulg'or qalampiri,Перец болгарский,Bell pepper,Булғор қалампири,2019-12,monthly,2019,9679.0
061,Qovoq,Тыква,Pumpkin,Қовоқ,2019-12,monthly,2019,2448.0
063,Sabzi,Морковь,Carrot,Сабзи,2019-12,monthly,2019,1462.0
065,Sarimsoq,Чеснок,Garlic,Саримсоқ,2019-12,monthly,2019,11976.0
066,Piyoz,Лук репчатый,Onion,Пиёз,2019-12,monthly,2019,1817.0
069,Kartoshka,Картофель,Potatoes,Картошка,2019-12,monthly,2019,2606.0
0070,Loviya,Фасоль,Beans,Ловия,2019-12,monthly,2019,10339.0
071,No'xot,Горох,Peas,Нўхот,2019-12,monthly,2019,9461.0
0072,Mosh,Маш,Mash,Мош,2019-12,monthly,2019,9679.0
002,Kruppa yormasi,Крупа манная,Semolina,Круппа ёрмаси,2019-12,monthly,2019,2357.0
001,Guruch,Рис,Rice,Гуруч,2020-01,monthly,2020,8980.0
003,Arpa,Ячмень,Barley,Арпа,2020-01,monthly,2020,2521.0
0004,Bug'doy,Пшеница,Wheat,Буғдой,2020-01,monthly,2020,2361.0
005,Jo'hori,Кукуруза,Corn,Жўҳори,2020-01,monthly,2020,2493.0
006,Kepak,Отруби,Bran,Кепак,2020-01,monthly,2020,1725.0
0008,Shrot,Шрот,Schroth,Шрот,2020-01,monthly,2020,2843.0
009,Shulxa,Шелуха,Husk,Шулха,2020-01,monthly,2020,2386.0
010,Kombikorm,Комбикорм,Compound feed,Комбикорм,2020-01,monthly,2020,1739.0
017,Mol go'shti,Говядина,Beef,Мол гўшти,2020-01,monthly,2020,44911.0
0020,Qo'y go'shti,Баранина,Mutton,Қўй гўшти,2020-01,monthly,2020,51080.0
022,Tovuq go'shti,Мясо птицы,Poultry,Товуқ гўшти,2020-01,monthly,2020,19652.0
026,Turli baliqlar,Рыба всякая,Fish of all kinds,Турли балиқлар,2020-01,monthly,2020,18857.0
027,Yangi sog'ilgan sut (1 litr),Молоко свежее (1 литр),Fresh milk (1 liter),Янги соғилган сут (1 литр),2020-01,monthly,2020,4250.0
034,Tuxum (10 dona),Яйца (10 штук),Eggs (10 pieces ),Тухум (10 дона),2020-01,monthly,2020,8638.0
037,Sariyog',Масло сливочное,Butter,Сариёғ,2020-01,monthly,2020,42143.0
039,Limon,Лимоны,Lemons,Лимон,2020-01,monthly,2020,6464.0
0040,Olma,Яблоки,Apples,Олма,2020-01,monthly,2020,9000.0
041,Nok,Груши,Pears,Нок,2020-01,monthly,2020,14964.0
049,Uzum,Виноград,Grape,Узум,2020-01,monthly,2020,13830.0
0050,Tarvuz,Арбуз,Watermelon,Тарвуз,2020-01,monthly,2020,1975.0
0051,Qovun,Дыня,Melon,Қовун,2020-01,monthly,2020,2200.0
053,Mayiz,Кишмиш,Kishmish,Майиз,2020-01,monthly,2020,28429.0
055,Karam,Капуста,Cabbage,Карам,2020-01,monthly,2020,1858.0
057,Bodring,Огурцы,Cucumbers,Бодринг,2020-01,monthly,2020,17170.0
058,Pomidor,Помидоры,Tomatoes,Помидор,2020-01,monthly,2020,15929.0
0060,Bulg'or qalampiri,Перец болгарский,Bell pepper,Булғор қалампири,2020-01,monthly,2020,15098.0
061,Qovoq,Тыква,Pumpkin,Қовоқ,2020-01,monthly,2020,2478.0
063,Sabzi,Морковь,Carrot,Сабзи,2020-01,monthly,2020,1444.0
065,Sarimsoq,Чеснок,Garlic,Саримсоқ,2020-01,monthly,2020,23202.0
066,Piyoz,Лук репчатый,Onion,Пиёз,2020-01,monthly,2020,2187.0
069,Kartoshka,Картофель,Potatoes,Картошка,2020-01,monthly,2020,2791.0
0070,Loviya,Фасоль,Beans,Ловия,2020-01,monthly,2020,10339.0
071,No'xot,Горох,Peas,Нўхот,2020-01,monthly,2020,9461.0
0072,Mosh,Маш,Mash,Мош,2020-01,monthly,2020,10036.0
002,Kruppa yormasi,Крупа манная,Semolina,Круппа ёрмаси,2020-01,monthly,2020,2521.0
001,Guruch,Рис,Rice,Гуруч,2020-02,monthly,2020,8986.0
003,Arpa,Ячмень,Barley,Арпа,2020-02,monthly,2020,2521.0
0004,Bug'doy,Пшеница,Wheat,Буғдой,2020-02,monthly,2020,2381.0
005,Jo'hori,Кукуруза,Corn,Жўҳори,2020-02,monthly,2020,2491.0
006,Kepak,Отруби,Bran,Кепак,2020-02,monthly,2020,1725.0
0008,Shrot,Шрот,Schroth,Шрот,2020-02,monthly,2020,2843.0
009,Shulxa,Шелуха,Husk,Шулха,2020-02,monthly,2020,2386.0
010,Kombikorm,Комбикорм,Compound feed,Комбикорм,2020-02,monthly,2020,1748.0
017,Mol go'shti,Говядина,Beef,Мол гўшти,2020-02,monthly,2020,45929.0
0020,Qo'y go'shti,Баранина,Mutton,Қўй гўшти,2020-02,monthly,2020,53348.0
022,Tovuq go'shti,Мясо птицы,Poultry,Товуқ гўшти,2020-02,monthly,2020,19982.0
026,Turli baliqlar,Рыба всякая,Fish of all kinds,Турли балиқлар,2020-02,monthly,2020,20946.0
027,Yangi sog'ilgan sut (1 litr),Молоко свежее (1 литр),Fresh milk (1 liter),Янги соғилган сут (1 литр),2020-02,monthly,2020,4250.0
034,Tuxum (10 dona),Яйца (10 штук),Eggs (10 pieces ),Тухум (10 дона),2020-02,monthly,2020,8018.0
037,Sariyog',Масло сливочное,Butter,Сариёғ,2020-02,monthly,2020,42143.0
039,Limon,Лимоны,Lemons,Лимон,2020-02,monthly,2020,6464.0
0040,Olma,Яблоки,Apples,Олма,2020-02,monthly,2020,9632.0
041,Nok,Груши,Pears,Нок,2020-02,monthly,2020,16083.0
049,Uzum,Виноград,Grape,Узум,2020-02,monthly,2020,14085.0
053,Mayiz,Кишмиш,Kishmish,Майиз,2020-02,monthly,2020,28429.0
055,Karam,Капуста,Cabbage,Карам,2020-02,monthly,2020,1763.0
057,Bodring,Огурцы,Cucumbers,Бодринг,2020-02,monthly,2020,18170.0
058,Pomidor,Помидоры,Tomatoes,Помидор,2020-02,monthly,2020,16000.0
0060,Bulg'or qalampiri,Перец болгарский,Bell pepper,Булғор қалампири,2020-02,monthly,2020,22411.0
061,Qovoq,Тыква,Pumpkin,Қовоқ,2020-02,monthly,2020,2668.0
063,Sabzi,Морковь,Carrot,Сабзи,2020-02,monthly,2020,1311.0
065,Sarimsoq,Чеснок,Garlic,Саримсоқ,2020-02,monthly,2020,26891.0
066,Piyoz,Лук репчатый,Onion,Пиёз,2020-02,monthly,2020,2299.0
069,Kartoshka,Картофель,Potatoes,Картошка,2020-02,monthly,2020,3043.0
0070,Loviya,Фасоль,Beans,Ловия,2020-02,monthly,2020,10339.0
071,No'xot,Горох,Peas,Нўхот,2020-02,monthly,2020,9461.0
0072,Mosh,Маш,Mash,Мош,2020-02,monthly,2020,10036.0
002,Kruppa yormasi,Крупа манная,Semolina,Круппа ёрмаси,2020-02,monthly,2020,2521.0
001,Guruch,Рис,Rice,Гуруч,2020-03,monthly,2020,8910.0
003,Arpa,Ячмень,Barley,Арпа,2020-03,monthly,2020,2553.0
0004,Bug'doy,Пшеница,Wheat,Буғдой,2020-03,monthly,2020,2467.0
005,Jo'hori,Кукуруза,Corn,Жўҳори,2020-03,monthly,2020,2519.0
006,Kepak,Отруби,Bran,Кепак,2020-03,monthly,2020,1725.0
0008,Shrot,Шрот,Schroth,Шрот,2020-03,monthly,2020,2843.0
009,Shulxa,Шелуха,Husk,Шулха,2020-03,monthly,2020,2386.0
010,Kombikorm,Комбикорм,Compound feed,Комбикорм,2020-03,monthly,2020,1775.0
017,Mol go'shti,Говядина,Beef,Мол гўшти,2020-03,monthly,2020,45887.0
0020,Qo'y go'shti,Баранина,Mutton,Қўй гўшти,2020-03,monthly,2020,54303.0
022,Tovuq go'shti,Мясо птицы,Poultry,Товуқ гўшти,2020-03,monthly,2020,19244.0
026,Turli baliqlar,Рыба всякая,Fish of all kinds,Турли балиқлар,2020-03,monthly,2020,22107.0
027,Yangi sog'ilgan sut (1 litr),Молоко свежее (1 литр),Fresh milk (1 liter),Янги соғилган сут (1 литр),2020-03,monthly,2020,3750.0
034,Tuxum (10 dona),Яйца (10 штук),Eggs (10 pieces ),Тухум (10 дона),2020-03,monthly,2020,7082.0
037,Sariyog',Масло сливочное,Butter,Сариёғ,2020-03,monthly,2020,42143.0
039,Limon,Лимоны,Lemons,Лимон,2020-03,monthly,2020,8349.0
0040,Olma,Яблоки,Apples,Олма,2020-03,monthly,2020,9879.0
041,Nok,Груши,Pears,Нок,2020-03,monthly,2020,18000.0
049,Uzum,Виноград,Grape,Узум,2020-03,monthly,2020,15200.0
053,Mayiz,Кишмиш,Kishmish,Майиз,2020-03,monthly,2020,28429.0
055,Karam,Капуста,Cabbage,Карам,2020-03,monthly,2020,1407.0
057,Bodring,Огурцы,Cucumbers,Бодринг,2020-03,monthly,2020,15007.0
058,Pomidor,Помидоры,Tomatoes,Помидор,2020-03,monthly,2020,15286.0
0060,Bulg'or qalampiri,Перец болгарский,Bell pepper,Булғор қалампири,2020-03,monthly,2020,30107.0
061,Qovoq,Тыква,Pumpkin,Қовоқ,2020-03,monthly,2020,2919.0
063,Sabzi,Морковь,Carrot,Сабзи,2020-03,monthly,2020,1058.0
065,Sarimsoq,Чеснок,Garlic,Саримсоқ,2020-03,monthly,2020,35400.0
066,Piyoz,Лук репчатый,Onion,Пиёз,2020-03,monthly,2020,2375.0
069,Kartoshka,Картофель,Potatoes,Картошка,2020-03,monthly,2020,3331.0
0070,Loviya,Фасоль,Beans,Ловия,2020-03,monthly,2020,10339.0
071,No'xot,Горох,Peas,Нўхот,2020-03,monthly,2020,9461.0
0072,Mosh,Маш,Mash,Мош,2020-03,monthly,2020,10036.0
002,Kruppa yormasi,Крупа манная,Semolina,Круппа ёрмаси,2020-03,monthly,2020,2553.0
001,Guruch,Рис,Rice,Гуруч,2020-04,monthly,2020,8889.0
003,Arpa,Ячмень,Barley,Арпа,2020-04,monthly,2020,2863.0
0004,Bug'doy,Пшеница,Wheat,Буғдой,2020-04,monthly,2020,2829.0
005,Jo'hori,Кукуруза,Corn,Жўҳори,2020-04,monthly,2020,2889.0
006,Kepak,Отруби,Bran,Кепак,2020-04,monthly,2020,1741.0
0008,Shrot,Шрот,Schroth,Шрот,2020-04,monthly,2020,2843.0
009,Shulxa,Шелуха,Husk,Шулха,2020-04,monthly,2020,2386.0
010,Kombikorm,Комбикорм,Compound feed,Комбикорм,2020-04,monthly,2020,1858.0
017,Mol go'shti,Говядина,Beef,Мол гўшти,2020-04,monthly,2020,45745.0
0020,Qo'y go'shti,Баранина,Mutton,Қўй гўшти,2020-04,monthly,2020,55043.0
022,Tovuq go'shti,Мясо птицы,Poultry,Товуқ гўшти,2020-04,monthly,2020,19621.0
027,Yangi sog'ilgan sut (1 litr),Молоко свежее (1 литр),Fresh milk (1 liter),Янги соғилган сут (1 литр),2020-04,monthly,2020,3750.0
034,Tuxum (10 dona),Яйца (10 штук),Eggs (10 pieces ),Тухум (10 дона),2020-04,monthly,2020,7419.0
037,Sariyog',Масло сливочное,Butter,Сариёғ,2020-04,monthly,2020,42143.0
039,Limon,Лимоны,Lemons,Лимон,2020-04,monthly,2020,23005.0
0040,Olma,Яблоки,Apples,Олма,2020-04,monthly,2020,10000.0
041,Nok,Груши,Pears,Нок,2020-04,monthly,2020,18313.0
053,Mayiz,Кишмиш,Kishmish,Майиз,2020-04,monthly,2020,28429.0
055,Karam,Капуста,Cabbage,Карам,2020-04,monthly,2020,1352.0
057,Bodring,Огурцы,Cucumbers,Бодринг,2020-04,monthly,2020,7500.0
058,Pomidor,Помидоры,Tomatoes,Помидор,2020-04,monthly,2020,8609.0
0060,Bulg'or qalampiri,Перец болгарский,Bell pepper,Булғор қалампири,2020-04,monthly,2020,23813.0
061,Qovoq,Тыква,Pumpkin,Қовоқ,2020-04,monthly,2020,3097.0
063,Sabzi,Морковь,Carrot,Сабзи,2020-04,monthly,2020,1182.0
065,Sarimsoq,Чеснок,Garlic,Саримсоқ,2020-04,monthly,2020,47696.0
066,Piyoz,Лук репчатый,Onion,Пиёз,2020-04,monthly,2020,2361.0
069,Kartoshka,Картофель,Potatoes,Картошка,2020-04,monthly,2020,4505.0
0070,Loviya,Фасоль,Beans,Ловия,2020-04,monthly,2020,10339.0
071,No'xot,Горох,Peas,Нўхот,2020-04,monthly,2020,9461.0
0072,Mosh,Маш,Mash,Мош,2020-04,monthly,2020,10036.0
002,Kruppa yormasi,Крупа манная,Semolina,Круппа ёрмаси,2020-04,monthly,2020,2863.0
001,Guruch,Рис,Rice,Гуруч,2020-05,monthly,2020,8889.0
003,Arpa,Ячмень,Barley,Арпа,2020-05,monthly,2020,2925.0
0004,Bug'doy,Пшеница,Wheat,Буғдой,2020-05,monthly,2020,2918.0
005,Jo'hori,Кукуруза,Corn,Жўҳори,2020-05,monthly,2020,2968.0
006,Kepak,Отруби,Bran,Кепак,2020-05,monthly,2020,1746.0
0008,Shrot,Шрот,Schroth,Шрот,2020-05,monthly,2020,2988.0
009,Shulxa,Шелуха,Husk,Шулха,2020-05,monthly,2020,2493.0
010,Kombikorm,Комбикорм,Compound feed,Комбикорм,2020-05,monthly,2020,1886.0
017,Mol go'shti,Говядина,Beef,Мол гўшти,2020-05,monthly,2020,45723.0
0020,Qo'y go'shti,Баранина,Mutton,Қўй гўшти,2020-05,monthly,2020,55041.0
022,Tovuq go'shti,Мясо птицы,Poultry,Товуқ гўшти,2020-05,monthly,2020,19550.0
027,Yangi sog'ilgan sut (1 litr),Молоко свежее (1 литр),Fresh milk (1 liter),Янги соғилган сут (1 литр),2020-05,monthly,2020,3750.0
034,Tuxum (10 dona),Яйца (10 штук),Eggs (10 pieces ),Тухум (10 дона),2020-05,monthly,2020,8913.0
037,Sariyog',Масло сливочное,Butter,Сариёғ,2020-05,monthly,2020,42839.0
039,Limon,Лимоны,Lemons,Лимон,2020-05,monthly,2020,29027.0
0040,Olma,Яблоки,Apples,Олма,2020-05,monthly,2020,10002.0
041,Nok,Груши,Pears,Нок,2020-05,monthly,2020,19250.0
0050,Tarvuz,Арбуз,Watermelon,Тарвуз,2020-05,monthly,2020,8775.0
0051,Qovun,Дыня,Melon,Қовун,2020-05,monthly,2020,8800.0
053,Mayiz,Кишмиш,Kishmish,Майиз,2020-05,monthly,2020,29334.0
055,Karam,Капуста,Cabbage,Карам,2020-05,monthly,2020,1006.0
057,Bodring,Огурцы,Cucumbers,Бодринг,2020-05,monthly,2020,3541.0
058,Pomidor,Помидоры,Tomatoes,Помидор,2020-05,monthly,2020,4847.0
059,Baqlajon,Баклажаны,Eggplant,Бақлажон,2020-05,monthly,2020,6388.0
0060,Bulg'or qalampiri,Перец болгарский,Bell pepper,Булғор қалампири,2020-05,monthly,2020,8402.0
061,Qovoq,Тыква,Pumpkin,Қовоқ,2020-05,monthly,2020,3311.0
063,Sabzi,Морковь,Carrot,Сабзи,2020-05,monthly,2020,1250.0
065,Sarimsoq,Чеснок,Garlic,Саримсоқ,2020-05,monthly,2020,23639.0
066,Piyoz,Лук репчатый,Onion,Пиёз,2020-05,monthly,2020,1358.0
069,Kartoshka,Картофель,Potatoes,Картошка,2020-05,monthly,2020,3650.0
0070,Loviya,Фасоль,Beans,Ловия,2020-05,monthly,2020,11483.0
071,No'xot,Горох,Peas,Нўхот,2020-05,monthly,2020,9675.0
0072,Mosh,Маш,Mash,Мош,2020-05,monthly,2020,11536.0
002,Kruppa yormasi,Крупа манная,Semolina,Круппа ёрмаси,2020-05,monthly,2020,2925.0
001,Guruch,Рис,Rice,Гуруч,2020-06,monthly,2020,8947.0
003,Arpa,Ячмень,Barley,Арпа,2020-06,monthly,2020,2914.0
0004,Bug'doy,Пшеница,Wheat,Буғдой,2020-06,monthly,2020,2904.0
005,Jo'hori,Кукуруза,Corn,Жўҳори,2020-06,monthly,2020,2966.0
006,Kepak,Отруби,Bran,Кепак,2020-06,monthly,2020,1745.0
0008,Shrot,Шрот,Schroth,Шрот,2020-06,monthly,2020,3032.0
009,Shulxa,Шелуха,Husk,Шулха,2020-06,monthly,2020,2526.0
010,Kombikorm,Комбикорм,Compound feed,Комбикорм,2020-06,monthly,2020,1883.0
017,Mol go'shti,Говядина,Beef,Мол гўшти,2020-06,monthly,2020,45987.0
0020,Qo'y go'shti,Баранина,Mutton,Қўй гўшти,2020-06,monthly,2020,55507.0
022,Tovuq go'shti,Мясо птицы,Poultry,Товуқ гўшти,2020-06,monthly,2020,19448.0
027,Yangi sog'ilgan sut (1 litr),Молоко свежее (1 литр),Fresh milk (1 liter),Янги соғилган сут (1 литр),2020-06,monthly,2020,3750.0
034,Tuxum (10 dona),Яйца (10 штук),Eggs (10 pieces ),Тухум (10 дона),2020-06,monthly,2020,8429.0
037,Sariyog',Масло сливочное,Butter,Сариёғ,2020-06,monthly,2020,43071.0
039,Limon,Лимоны,Lemons,Лимон,2020-06,monthly,2020,29857.0
0040,Olma,Яблоки,Apples,Олма,2020-06,monthly,2020,7449.0
049,Uzum,Виноград,Grape,Узум,2020-06,monthly,2020,15750.0
0050,Tarvuz,Арбуз,Watermelon,Тарвуз,2020-06,monthly,2020,3094.0
0051,Qovun,Дыня,Melon,Қовун,2020-06,monthly,2020,3768.0
053,Mayiz,Кишмиш,Kishmish,Майиз,2020-06,monthly,2020,29611.0
055,Karam,Капуста,Cabbage,Карам,2020-06,monthly,2020,937.0
057,Bodring,Огурцы,Cucumbers,Бодринг,2020-06,monthly,2020,1922.0
058,Pomidor,Помидоры,Tomatoes,Помидор,2020-06,monthly,2020,2994.0
059,Baqlajon,Баклажаны,Eggplant,Бақлажон,2020-06,monthly,2020,2400.0
0060,Bulg'or qalampiri,Перец болгарский,Bell pepper,Булғор қалампири,2020-06,monthly,2020,2412.0
061,Qovoq,Тыква,Pumpkin,Қовоқ,2020-06,monthly,2020,3493.0
063,Sabzi,Морковь,Carrot,Сабзи,2020-06,monthly,2020,1595.0
065,Sarimsoq,Чеснок,Garlic,Саримсоқ,2020-06,monthly,2020,9150.0
066,Piyoz,Лук репчатый,Onion,Пиёз,2020-06,monthly,2020,1065.0
069,Kartoshka,Картофель,Potatoes,Картошка,2020-06,monthly,2020,3357.0
0070,Loviya,Фасоль,Beans,Ловия,2020-06,monthly,2020,12144.0
071,No'xot,Горох,Peas,Нўхот,2020-06,monthly,2020,9732.0
0072,Mosh,Маш,Mash,Мош,2020-06,monthly,2020,12187.0
002,Kruppa yormasi,Крупа манная,Semolina,Круппа ёрмаси,2020-06,monthly,2020,2914.0
001,Guruch,Рис,Rice,Гуруч,2020-07,monthly,2020,8920.0
003,Arpa,Ячмень,Barley,Арпа,2020-07,monthly,2020,2608.0
0004,Bug'doy,Пшеница,Wheat,Буғдой,2020-07,monthly,2020,2771.0
005,Jo'hori,Кукуруза,Corn,Жўҳори,2020-07,monthly,2020,2963.0
006,Kepak,Отруби,Bran,Кепак,2020-07,monthly,2020,1743.0
0008,Shrot,Шрот,Schroth,Шрот,2020-07,monthly,2020,3027.0
009,Shulxa,Шелуха,Husk,Шулха,2020-07,monthly,2020,2523.0
010,Kombikorm,Комбикорм,Compound feed,Комбикорм,2020-07,monthly,2020,1880.0
017,Mol go'shti,Говядина,Beef,Мол гўшти,2020-07,monthly,2020,46263.0
0020,Qo'y go'shti,Баранина,Mutton,Қўй гўшти,2020-07,monthly,2020,55687.0
022,Tovuq go'shti,Мясо птицы,Poultry,Товуқ гўшти,2020-07,monthly,2020,19245.0
027,Yangi sog'ilgan sut (1 litr),Молоко свежее (1 литр),Fresh milk (1 liter),Янги соғилган сут (1 литр),2020-07,monthly,2020,3750.0
034,Tuxum (10 dona),Яйца (10 штук),Eggs (10 pieces ),Тухум (10 дона),2020-07,monthly,2020,7655.0
037,Sariyog',Масло сливочное,Butter,Сариёғ,2020-07,monthly,2020,43071.0
039,Limon,Лимоны,Lemons,Лимон,2020-07,monthly,2020,33229.0
0040,Olma,Яблоки,Apples,Олма,2020-07,monthly,2020,5161.0
041,Nok,Груши,Pears,Нок,2020-07,monthly,2020,7483.0
049,Uzum,Виноград,Grape,Узум,2020-07,monthly,2020,5297.0
0050,Tarvuz,Арбуз,Watermelon,Тарвуз,2020-07,monthly,2020,1546.0
0051,Qovun,Дыня,Melon,Қовун,2020-07,monthly,2020,1933.0
053,Mayiz,Кишмиш,Kishmish,Майиз,2020-07,monthly,2020,30193.0
055,Karam,Капуста,Cabbage,Карам,2020-07,monthly,2020,1032.0
057,Bodring,Огурцы,Cucumbers,Бодринг,2020-07,monthly,2020,1644.0
058,Pomidor,Помидоры,Tomatoes,Помидор,2020-07,monthly,2020,2177.0
059,Baqlajon,Баклажаны,Eggplant,Бақлажон,2020-07,monthly,2020,1667.0
0060,Bulg'or qalampiri,Перец болгарский,Bell pepper,Булғор қалампири,2020-07,monthly,2020,2383.0
061,Qovoq,Тыква,Pumpkin,Қовоқ,2020-07,monthly,2020,3117.0
063,Sabzi,Морковь,Carrot,Сабзи,2020-07,monthly,2020,1761.0
065,Sarimsoq,Чеснок,Garlic,Саримсоқ,2020-07,monthly,2020,10630.0
066,Piyoz,Лук репчатый,Onion,Пиёз,2020-07,monthly,2020,998.0
069,Kartoshka,Картофель,Potatoes,Картошка,2020-07,monthly,2020,2957.0
0070,Loviya,Фасоль,Beans,Ловия,2020-07,monthly,2020,12200.0
071,No'xot,Горох,Peas,Нўхот,2020-07,monthly,2020,9710.0
0072,Mosh,Маш,Mash,Мош,2020-07,monthly,2020,12200.0
002,Kruppa yormasi,Крупа манная,Semolina,Круппа ёрмаси,2020-07,monthly,2020,2608.0
001,Guruch,Рис,Rice,Гуруч,2020-08,monthly,2020,9050.0
003,Arpa,Ячмень,Barley,Арпа,2020-08,monthly,2020,2628.0
0004,Bug'doy,Пшеница,Wheat,Буғдой,2020-08,monthly,2020,2848.0
005,Jo'hori,Кукуруза,Corn,Жўҳори,2020-08,monthly,2020,2964.0
006,Kepak,Отруби,Bran,Кепак,2020-08,monthly,2020,1754.0
0008,Shrot,Шрот,Schroth,Шрот,2020-08,monthly,2020,3027.0
009,Shulxa,Шелуха,Husk,Шулха,2020-08,monthly,2020,2523.0
010,Kombikorm,Комбикорм,Compound feed,Комбикорм,2020-08,monthly,2020,1882.0
017,Mol go'shti,Говядина,Beef,Мол гўшти,2020-08,monthly,2020,46885.0
0020,Qo'y go'shti,Баранина,Mutton,Қўй гўшти,2020-08,monthly,2020,56122.0
022,Tovuq go'shti,Мясо птицы,Poultry,Товуқ гўшти,2020-08,monthly,2020,19387.0
027,Yangi sog'ilgan sut (1 litr),Молоко свежее (1 литр),Fresh milk (1 liter),Янги соғилган сут (1 литр),2020-08,monthly,2020,3750.0
034,Tuxum (10 dona),Яйца (10 штук),Eggs (10 pieces ),Тухум (10 дона),2020-08,monthly,2020,8134.0
037,Sariyog',Масло сливочное,Butter,Сариёғ,2020-08,monthly,2020,43071.0
039,Limon,Лимоны,Lemons,Лимон,2020-08,monthly,2020,36725.0
0040,Olma,Яблоки,Apples,Олма,2020-08,monthly,2020,5403.0
041,Nok,Груши,Pears,Нок,2020-08,monthly,2020,7482.0
049,Uzum,Виноград,Grape,Узум,2020-08,monthly,2020,4973.0
0050,Tarvuz,Арбуз,Watermelon,Тарвуз,2020-08,monthly,2020,1211.0
0051,Qovun,Дыня,Melon,Қовун,2020-08,monthly,2020,1733.0
053,Mayiz,Кишмиш,Kishmish,Майиз,2020-08,monthly,2020,30260.0
055,Karam,Капуста,Cabbage,Карам,2020-08,monthly,2020,1319.0
057,Bodring,Огурцы,Cucumbers,Бодринг,2020-08,monthly,2020,1870.0
058,Pomidor,Помидоры,Tomatoes,Помидор,2020-08,monthly,2020,1703.0
059,Baqlajon,Баклажаны,Eggplant,Бақлажон,2020-08,monthly,2020,1688.0
0060,Bulg'or qalampiri,Перец болгарский,Bell pepper,Булғор қалампири,2020-08,monthly,2020,2383.0
061,Qovoq,Тыква,Pumpkin,Қовоқ,2020-08,monthly,2020,2519.0
063,Sabzi,Морковь,Carrot,Сабзи,2020-08,monthly,2020,2034.0
065,Sarimsoq,Чеснок,Garlic,Саримсоқ,2020-08,monthly,2020,12127.0
066,Piyoz,Лук репчатый,Onion,Пиёз,2020-08,monthly,2020,1186.0
069,Kartoshka,Картофель,Potatoes,Картошка,2020-08,monthly,2020,3182.0
0070,Loviya,Фасоль,Beans,Ловия,2020-08,monthly,2020,12323.0
071,No'xot,Горох,Peas,Нўхот,2020-08,monthly,2020,9660.0
0072,Mosh,Маш,Mash,Мош,2020-08,monthly,2020,11313.0
002,Kruppa yormasi,Крупа манная,Semolina,Круппа ёрмаси,2020-08,monthly,2020,2628.0
001,Guruch,Рис,Rice,Гуруч,2020-09,monthly,2020,9311.0
003,Arpa,Ячмень,Barley,Арпа,2020-09,monthly,2020,2673.0
0004,Bug'doy,Пшеница,Wheat,Буғдой,2020-09,monthly,2020,3017.0
005,Jo'hori,Кукуруза,Corn,Жўҳори,2020-09,monthly,2020,2967.0
006,Kepak,Отруби,Bran,Кепак,2020-09,monthly,2020,1831.0
0008,Shrot,Шрот,Schroth,Шрот,2020-09,monthly,2020,3027.0
009,Shulxa,Шелуха,Husk,Шулха,2020-09,monthly,2020,2541.0
010,Kombikorm,Комбикорм,Compound feed,Комбикорм,2020-09,monthly,2020,1909.0
017,Mol go'shti,Говядина,Beef,Мол гўшти,2020-09,monthly,2020,49294.0
0020,Qo'y go'shti,Баранина,Mutton,Қўй гўшти,2020-09,monthly,2020,58512.0
022,Tovuq go'shti,Мясо птицы,Poultry,Товуқ гўшти,2020-09,monthly,2020,19793.0
026,Turli baliqlar,Рыба всякая,Fish of all kinds,Турли балиқлар,2020-09,monthly,2020,27033.0
027,Yangi sog'ilgan sut (1 litr),Молоко свежее (1 литр),Fresh milk (1 liter),Янги соғилган сут (1 литр),2020-09,monthly,2020,3750.0
034,Tuxum (10 dona),Яйца (10 штук),Eggs (10 pieces ),Тухум (10 дона),2020-09,monthly,2020,8573.0
037,Sariyog',Масло сливочное,Butter,Сариёғ,2020-09,monthly,2020,43071.0
039,Limon,Лимоны,Lemons,Лимон,2020-09,monthly,2020,19835.0
0040,Olma,Яблоки,Apples,Олма,2020-09,monthly,2020,5799.0
041,Nok,Груши,Pears,Нок,2020-09,monthly,2020,8456.0
049,Uzum,Виноград,Grape,Узум,2020-09,monthly,2020,5471.0
0050,Tarvuz,Арбуз,Watermelon,Тарвуз,2020-09,monthly,2020,1224.0
0051,Qovun,Дыня,Melon,Қовун,2020-09,monthly,2020,1362.0
053,Mayiz,Кишмиш,Kishmish,Майиз,2020-09,monthly,2020,30260.0
055,Karam,Капуста,Cabbage,Карам,2020-09,monthly,2020,1696.0
057,Bodring,Огурцы,Cucumbers,Бодринг,2020-09,monthly,2020,2660.0
058,Pomidor,Помидоры,Tomatoes,Помидор,2020-09,monthly,2020,1381.0
059,Baqlajon,Баклажаны,Eggplant,Бақлажон,2020-09,monthly,2020,1899.0
0060,Bulg'or qalampiri,Перец болгарский,Bell pepper,Булғор қалампири,2020-09,monthly,2020,2383.0
061,Qovoq,Тыква,Pumpkin,Қовоқ,2020-09,monthly,2020,2527.0
063,Sabzi,Морковь,Carrot,Сабзи,2020-09,monthly,2020,2577.0
065,Sarimsoq,Чеснок,Garlic,Саримсоқ,2020-09,monthly,2020,15796.0
066,Piyoz,Лук репчатый,Onion,Пиёз,2020-09,monthly,2020,1376.0
069,Kartoshka,Картофель,Potatoes,Картошка,2020-09,monthly,2020,3323.0
0070,Loviya,Фасоль,Beans,Ловия,2020-09,monthly,2020,12396.0
071,No'xot,Горох,Peas,Нўхот,2020-09,monthly,2020,9705.0
0072,Mosh,Маш,Mash,Мош,2020-09,monthly,2020,11069.0
002,Kruppa yormasi,Крупа манная,Semolina,Круппа ёрмаси,2020-09,monthly,2020,2673.0
001,Guruch,Рис,Rice,Гуруч,2020-10,monthly,2020,9418.0
003,Arpa,Ячмень,Barley,Арпа,2020-10,monthly,2020,2673.0
0004,Bug'doy,Пшеница,Wheat,Буғдой,2020-10,monthly,2020,3017.0
005,Jo'hori,Кукуруза,Corn,Жўҳори,2020-10,monthly,2020,2967.0
006,Kepak,Отруби,Bran,Кепак,2020-10,monthly,2020,1860.0
0008,Shrot,Шрот,Schroth,Шрот,2020-10,monthly,2020,3027.0
009,Shulxa,Шелуха,Husk,Шулха,2020-10,monthly,2020,2611.0
010,Kombikorm,Комбикорм,Compound feed,Комбикорм,2020-10,monthly,2020,1923.0
017,Mol go'shti,Говядина,Beef,Мол гўшти,2020-10,monthly,2020,51078.0
0020,Qo'y go'shti,Баранина,Mutton,Қўй гўшти,2020-10,monthly,2020,60457.0
022,Tovuq go'shti,Мясо птицы,Poultry,Товуқ гўшти,2020-10,monthly,2020,20083.0
026,Turli baliqlar,Рыба всякая,Fish of all kinds,Турли балиқлар,2020-10,monthly,2020,23214.0
027,Yangi sog'ilgan sut (1 litr),Молоко свежее (1 литр),Fresh milk (1 liter),Янги соғилган сут (1 литр),2020-10,monthly,2020,3750.0
034,Tuxum (10 dona),Яйца (10 штук),Eggs (10 pieces ),Тухум (10 дона),2020-10,monthly,2020,9967.0
037,Sariyog',Масло сливочное,Butter,Сариёғ,2020-10,monthly,2020,43071.0
039,Limon,Лимоны,Lemons,Лимон,2020-10,monthly,2020,12973.0
0040,Olma,Яблоки,Apples,Олма,2020-10,monthly,2020,5860.0
041,Nok,Груши,Pears,Нок,2020-10,monthly,2020,8613.0
049,Uzum,Виноград,Grape,Узум,2020-10,monthly,2020,5683.0
0050,Tarvuz,Арбуз,Watermelon,Тарвуз,2020-10,monthly,2020,1268.0
0051,Qovun,Дыня,Melon,Қовун,2020-10,monthly,2020,1692.0
053,Mayiz,Кишмиш,Kishmish,Майиз,2020-10,monthly,2020,30260.0
055,Karam,Капуста,Cabbage,Карам,2020-10,monthly,2020,1717.0
057,Bodring,Огурцы,Cucumbers,Бодринг,2020-10,monthly,2020,3204.0
058,Pomidor,Помидоры,Tomatoes,Помидор,2020-10,monthly,2020,1902.0
059,Baqlajon,Баклажаны,Eggplant,Бақлажон,2020-10,monthly,2020,2000.0
0060,Bulg'or qalampiri,Перец болгарский,Bell pepper,Булғор қалампири,2020-10,monthly,2020,2383.0
061,Qovoq,Тыква,Pumpkin,Қовоқ,2020-10,monthly,2020,1995.0
063,Sabzi,Морковь,Carrot,Сабзи,2020-10,monthly,2020,2131.0
065,Sarimsoq,Чеснок,Garlic,Саримсоқ,2020-10,monthly,2020,17730.0
066,Piyoz,Лук репчатый,Onion,Пиёз,2020-10,monthly,2020,1591.0
069,Kartoshka,Картофель,Potatoes,Картошка,2020-10,monthly,2020,3392.0
0070,Loviya,Фасоль,Beans,Ловия,2020-10,monthly,2020,12307.0
071,No'xot,Горох,Peas,Нўхот,2020-10,monthly,2020,9753.0
0072,Mosh,Маш,Mash,Мош,2020-10,monthly,2020,10147.0
002,Kruppa yormasi,Крупа манная,Semolina,Круппа ёрмаси,2020-10,monthly,2020,2673.0
001,Guruch,Рис,Rice,Гуруч,2020-11,monthly,2020,8865.0
003,Arpa,Ячмень,Barley,Арпа,2020-11,monthly,2020,2767.0
0004,Bug'doy,Пшеница,Wheat,Буғдой,2020-11,monthly,2020,3017.0
005,Jo'hori,Кукуруза,Corn,Жўҳори,2020-11,monthly,2020,3030.0
006,Kepak,Отруби,Bran,Кепак,2020-11,monthly,2020,1867.0
0008,Shrot,Шрот,Schroth,Шрот,2020-11,monthly,2020,3027.0
009,Shulxa,Шелуха,Husk,Шулха,2020-11,monthly,2020,2611.0
010,Kombikorm,Комбикорм,Compound feed,Комбикорм,2020-11,monthly,2020,1923.0
017,Mol go'shti,Говядина,Beef,Мол гўшти,2020-11,monthly,2020,51260.0
0020,Qo'y go'shti,Баранина,Mutton,Қўй гўшти,2020-11,monthly,2020,60578.0
022,Tovuq go'shti,Мясо птицы,Poultry,Товуқ гўшти,2020-11,monthly,2020,20014.0
026,Turli baliqlar,Рыба всякая,Fish of all kinds,Турли балиқлар,2020-11,monthly,2020,20655.0
027,Yangi sog'ilgan sut (1 litr),Молоко свежее (1 литр),Fresh milk (1 liter),Янги соғилган сут (1 литр),2020-11,monthly,2020,3750.0
034,Tuxum (10 dona),Яйца (10 штук),Eggs (10 pieces ),Тухум (10 дона),2020-11,monthly,2020,9603.0
037,Sariyog',Масло сливочное,Butter,Сариёғ,2020-11,monthly,2020,43071.0
039,Limon,Лимоны,Lemons,Лимон,2020-11,monthly,2020,9752.0
0040,Olma,Яблоки,Apples,Олма,2020-11,monthly,2020,6075.0
041,Nok,Груши,Pears,Нок,2020-11,monthly,2020,8715.0
049,Uzum,Виноград,Grape,Узум,2020-11,monthly,2020,7047.0
0050,Tarvuz,Арбуз,Watermelon,Тарвуз,2020-11,monthly,2020,1486.0
0051,Qovun,Дыня,Melon,Қовун,2020-11,monthly,2020,2051.0
053,Mayiz,Кишмиш,Kishmish,Майиз,2020-11,monthly,2020,30260.0
055,Karam,Капуста,Cabbage,Карам,2020-11,monthly,2020,1310.0
057,Bodring,Огурцы,Cucumbers,Бодринг,2020-11,monthly,2020,5870.0
058,Pomidor,Помидоры,Tomatoes,Помидор,2020-11,monthly,2020,4680.0
059,Baqlajon,Баклажаны,Eggplant,Бақлажон,2020-11,monthly,2020,2214.0
0060,Bulg'or qalampiri,Перец болгарский,Bell pepper,Булғор қалампири,2020-11,monthly,2020,3186.0
061,Qovoq,Тыква,Pumpkin,Қовоқ,2020-11,monthly,2020,1776.0
063,Sabzi,Морковь,Carrot,Сабзи,2020-11,monthly,2020,1339.0
065,Sarimsoq,Чеснок,Garlic,Саримсоқ,2020-11,monthly,2020,17635.0
066,Piyoz,Лук репчатый,Onion,Пиёз,2020-11,monthly,2020,1691.0
069,Kartoshka,Картофель,Potatoes,Картошка,2020-11,monthly,2020,3451.0
0070,Loviya,Фасоль,Beans,Ловия,2020-11,monthly,2020,12287.0
071,No'xot,Горох,Peas,Нўхот,2020-11,monthly,2020,9743.0
0072,Mosh,Маш,Mash,Мош,2020-11,monthly,2020,10027.0
002,Kruppa yormasi,Крупа манная,Semolina,Круппа ёрмаси,2020-11,monthly,2020,2767.0
001,Guruch,Рис,Rice,Гуруч,2020-12,monthly,2020,8863.0
003,Arpa,Ячмень,Barley,Арпа,2020-12,monthly,2020,2899.0
0004,Bug'doy,Пшеница,Wheat,Буғдой,2020-12,monthly,2020,3122.0
005,Jo'hori,Кукуруза,Corn,Жўҳори,2020-12,monthly,2020,3036.0
006,Kepak,Отруби,Bran,Кепак,2020-12,monthly,2020,1902.0
0008,Shrot,Шрот,Schroth,Шрот,2020-12,monthly,2020,3054.0
009,Shulxa,Шелуха,Husk,Шулха,2020-12,monthly,2020,2611.0
010,Kombikorm,Комбикорм,Compound feed,Комбикорм,2020-12,monthly,2020,1933.0
017,Mol go'shti,Говядина,Beef,Мол гўшти,2020-12,monthly,2020,51488.0
0020,Qo'y go'shti,Баранина,Mutton,Қўй гўшти,2020-12,monthly,2020,60816.0
022,Tovuq go'shti,Мясо птицы,Poultry,Товуқ гўшти,2020-12,monthly,2020,19916.0
026,Turli baliqlar,Рыба всякая,Fish of all kinds,Турли балиқлар,2020-12,monthly,2020,20844.0
027,Yangi sog'ilgan sut (1 litr),Молоко свежее (1 литр),Fresh milk (1 liter),Янги соғилган сут (1 литр),2020-12,monthly,2020,3773.0
034,Tuxum (10 dona),Яйца (10 штук),Eggs (10 pieces ),Тухум (10 дона),2020-12,monthly,2020,10331.0
037,Sariyog',Масло сливочное,Butter,Сариёғ,2020-12,monthly,2020,43174.0
039,Limon,Лимоны,Lemons,Лимон,2020-12,monthly,2020,10655.0
0040,Olma,Яблоки,Apples,Олма,2020-12,monthly,2020,6580.0
041,Nok,Груши,Pears,Нок,2020-12,monthly,2020,12948.0
049,Uzum,Виноград,Grape,Узум,2020-12,monthly,2020,10492.0
0050,Tarvuz,Арбуз,Watermelon,Тарвуз,2020-12,monthly,2020,1879.0
0051,Qovun,Дыня,Melon,Қовун,2020-12,monthly,2020,2481.0
053,Mayiz,Кишмиш,Kishmish,Майиз,2020-12,monthly,2020,30351.0
055,Karam,Капуста,Cabbage,Карам,2020-12,monthly,2020,1326.0
057,Bodring,Огурцы,Cucumbers,Бодринг,2020-12,monthly,2020,9672.0
058,Pomidor,Помидоры,Tomatoes,Помидор,2020-12,monthly,2020,7695.0
059,Baqlajon,Баклажаны,Eggplant,Бақлажон,2020-12,monthly,2020,2250.0
0060,Bulg'or qalampiri,Перец болгарский,Bell pepper,Булғор қалампири,2020-12,monthly,2020,7860.0
061,Qovoq,Тыква,Pumpkin,Қовоқ,2020-12,monthly,2020,1814.0
063,Sabzi,Морковь,Carrot,Сабзи,2020-12,monthly,2020,1295.0
065,Sarimsoq,Чеснок,Garlic,Саримсоқ,2020-12,monthly,2020,17840.0
066,Piyoz,Лук репчатый,Onion,Пиёз,2020-12,monthly,2020,1852.0
069,Kartoshka,Картофель,Potatoes,Картошка,2020-12,monthly,2020,3734.0
0070,Loviya,Фасоль,Beans,Ловия,2020-12,monthly,2020,12267.0
071,No'xot,Горох,Peas,Нўхот,2020-12,monthly,2020,9735.0
0072,Mosh,Маш,Mash,Мош,2020-12,monthly,2020,10340.0
002,Kruppa yormasi,Крупа манная,Semolina,Круппа ёрмаси,2020-12,monthly,2020,2899.0
001,Guruch,Рис,Rice,Гуруч,2021-01,monthly,2021,8863.0
003,Arpa,Ячмень,Barley,Арпа,2021-01,monthly,2021,2922.0
0004,Bug'doy,Пшеница,Wheat,Буғдой,2021-01,monthly,2021,3122.0
005,Jo'hori,Кукуруза,Corn,Жўҳори,2021-01,monthly,2021,3045.0
006,Kepak,Отруби,Bran,Кепак,2021-01,monthly,2021,1954.0
0008,Shrot,Шрот,Schroth,Шрот,2021-01,monthly,2021,3095.0
009,Shulxa,Шелуха,Husk,Шулха,2021-01,monthly,2021,2611.0
010,Kombikorm,Комбикорм,Compound feed,Комбикорм,2021-01,monthly,2021,1947.0
013,1-nav bug'doy unidan non,Хлеб пшеничный из муки 1-го сорта,Wheat bread from 1st grade flour,1-нав буғдой унидан нон,2021-01,monthly,2021,3359.0
017,Mol go'shti,Говядина,Beef,Мол гўшти,2021-01,monthly,2021,52038.0
0020,Qo'y go'shti,Баранина,Mutton,Қўй гўшти,2021-01,monthly,2021,61027.0
022,Tovuq go'shti,Мясо птицы,Poultry,Товуқ гўшти,2021-01,monthly,2021,19607.0
026,Turli baliqlar,Рыба всякая,Fish of all kinds,Турли балиқлар,2021-01,monthly,2021,20844.0
027,Yangi sog'ilgan sut (1 litr),Молоко свежее (1 литр),Fresh milk (1 liter),Янги соғилган сут (1 литр),2021-01,monthly,2021,3809.0
034,Tuxum (10 dona),Яйца (10 штук),Eggs (10 pieces ),Тухум (10 дона),2021-01,monthly,2021,10552.0
037,Sariyog',Масло сливочное,Butter,Сариёғ,2021-01,monthly,2021,43329.0
039,Limon,Лимоны,Lemons,Лимон,2021-01,monthly,2021,11576.0
0040,Olma,Яблоки,Apples,Олма,2021-01,monthly,2021,6703.0
041,Nok,Груши,Pears,Нок,2021-01,monthly,2021,15678.0
049,Uzum,Виноград,Grape,Узум,2021-01,monthly,2021,15750.0
0050,Tarvuz,Арбуз,Watermelon,Тарвуз,2021-01,monthly,2021,3969.0
0051,Qovun,Дыня,Melon,Қовун,2021-01,monthly,2021,4745.0
053,Mayiz,Кишмиш,Kishmish,Майиз,2021-01,monthly,2021,30487.0
055,Karam,Капуста,Cabbage,Карам,2021-01,monthly,2021,1518.0
057,Bodring,Огурцы,Cucumbers,Бодринг,2021-01,monthly,2021,16324.0
058,Pomidor,Помидоры,Tomatoes,Помидор,2021-01,monthly,2021,9503.0
0060,Bulg'or qalampiri,Перец болгарский,Bell pepper,Булғор қалампири,2021-01,monthly,2021,15213.0
061,Qovoq,Тыква,Pumpkin,Қовоқ,2021-01,monthly,2021,2044.0
063,Sabzi,Морковь,Carrot,Сабзи,2021-01,monthly,2021,1457.0
065,Sarimsoq,Чеснок,Garlic,Саримсоқ,2021-01,monthly,2021,17840.0
066,Piyoz,Лук репчатый,Onion,Пиёз,2021-01,monthly,2021,1954.0
069,Kartoshka,Картофель,Potatoes,Картошка,2021-01,monthly,2021,3883.0
0070,Loviya,Фасоль,Beans,Ловия,2021-01,monthly,2021,12268.0
071,No'xot,Горох,Peas,Нўхот,2021-01,monthly,2021,10049.0
0072,Mosh,Маш,Mash,Мош,2021-01,monthly,2021,10778.0
002,Kruppa yormasi,Крупа манная,Semolina,Круппа ёрмаси,2021-01,monthly,2021,2922.0
001,Guruch,Рис,Rice,Гуруч,2021-02,monthly,2021,8865.0
003,Arpa,Ячмень,Barley,Арпа,2021-02,monthly,2021,2924.0
0004,Bug'doy,Пшеница,Wheat,Буғдой,2021-02,monthly,2021,3130.0
005,Jo'hori,Кукуруза,Corn,Жўҳори,2021-02,monthly,2021,3050.0
006,Kepak,Отруби,Bran,Кепак,2021-02,monthly,2021,1959.0
0008,Shrot,Шрот,Schroth,Шрот,2021-02,monthly,2021,3107.0
009,Shulxa,Шелуха,Husk,Шулха,2021-02,monthly,2021,2611.0
010,Kombikorm,Комбикорм,Compound feed,Комбикорм,2021-02,monthly,2021,1947.0
013,1-nav bug'doy unidan non,Хлеб пшеничный из муки 1-го сорта,Wheat bread from 1st grade flour,1-нав буғдой унидан нон,2021-02,monthly,2021,2835.0
017,Mol go'shti,Говядина,Beef,Мол гўшти,2021-02,monthly,2021,52706.0
0020,Qo'y go'shti,Баранина,Mutton,Қўй гўшти,2021-02,monthly,2021,61792.0
022,Tovuq go'shti,Мясо птицы,Poultry,Товуқ гўшти,2021-02,monthly,2021,19747.0
026,Turli baliqlar,Рыба всякая,Fish of all kinds,Турли балиқлар,2021-02,monthly,2021,21243.0
027,Yangi sog'ilgan sut (1 litr),Молоко свежее (1 литр),Fresh milk (1 liter),Янги соғилган сут (1 литр),2021-02,monthly,2021,3814.0
034,Tuxum (10 dona),Яйца (10 штук),Eggs (10 pieces ),Тухум (10 дона),2021-02,monthly,2021,10455.0
037,Sariyog',Масло сливочное,Butter,Сариёғ,2021-02,monthly,2021,44417.0
039,Limon,Лимоны,Lemons,Лимон,2021-02,monthly,2021,14100.0
0040,Olma,Яблоки,Apples,Олма,2021-02,monthly,2021,7120.0
041,Nok,Груши,Pears,Нок,2021-02,monthly,2021,19684.0
049,Uzum,Виноград,Grape,Узум,2021-02,monthly,2021,18465.0
0051,Qovun,Дыня,Melon,Қовун,2021-02,monthly,2021,6444.0
053,Mayiz,Кишмиш,Kishmish,Майиз,2021-02,monthly,2021,30497.0
055,Karam,Капуста,Cabbage,Карам,2021-02,monthly,2021,1712.0
057,Bodring,Огурцы,Cucumbers,Бодринг,2021-02,monthly,2021,14228.0
058,Pomidor,Помидоры,Tomatoes,Помидор,2021-02,monthly,2021,10035.0
0060,Bulg'or qalampiri,Перец болгарский,Bell pepper,Булғор қалампири,2021-02,monthly,2021,19945.0
061,Qovoq,Тыква,Pumpkin,Қовоқ,2021-02,monthly,2021,2183.0
063,Sabzi,Морковь,Carrot,Сабзи,2021-02,monthly,2021,1427.0
065,Sarimsoq,Чеснок,Garlic,Саримсоқ,2021-02,monthly,2021,18007.0
066,Piyoz,Лук репчатый,Onion,Пиёз,2021-02,monthly,2021,2001.0
069,Kartoshka,Картофель,Potatoes,Картошка,2021-02,monthly,2021,3887.0
0070,Loviya,Фасоль,Beans,Ловия,2021-02,monthly,2021,12402.0
071,No'xot,Горох,Peas,Нўхот,2021-02,monthly,2021,13999.0
0072,Mosh,Маш,Mash,Мош,2021-02,monthly,2021,11078.0
002,Kruppa yormasi,Крупа манная,Semolina,Круппа ёрмаси,2021-02,monthly,2021,2924.0
001,Guruch,Рис,Rice,Гуруч,2021-03,monthly,2021,8896.0
003,Arpa,Ячмень,Barley,Арпа,2021-03,monthly,2021,2939.0
0004,Bug'doy,Пшеница,Wheat,Буғдой,2021-03,monthly,2021,3138.0
005,Jo'hori,Кукуруза,Corn,Жўҳори,2021-03,monthly,2021,3057.0
006,Kepak,Отруби,Bran,Кепак,2021-03,monthly,2021,1972.0
0008,Shrot,Шрот,Schroth,Шрот,2021-03,monthly,2021,3120.0
009,Shulxa,Шелуха,Husk,Шулха,2021-03,monthly,2021,2611.0
010,Kombikorm,Комбикорм,Compound feed,Комбикорм,2021-03,monthly,2021,1948.0
013,1-nav bug'doy unidan non,Хлеб пшеничный из муки 1-го сорта,Wheat bread from 1st grade flour,1-нав буғдой унидан нон,2021-03,monthly,2021,3064.0
017,Mol go'shti,Говядина,Beef,Мол гўшти,2021-03,monthly,2021,53072.0
0020,Qo'y go'shti,Баранина,Mutton,Қўй гўшти,2021-03,monthly,2021,62108.0
022,Tovuq go'shti,Мясо птицы,Poultry,Товуқ гўшти,2021-03,monthly,2021,19880.0
026,Turli baliqlar,Рыба всякая,Fish of all kinds,Турли балиқлар,2021-03,monthly,2021,21865.0
027,Yangi sog'ilgan sut (1 litr),Молоко свежее (1 литр),Fresh milk (1 liter),Янги соғилган сут (1 литр),2021-03,monthly,2021,3815.0
034,Tuxum (10 dona),Яйца (10 штук),Eggs (10 pieces ),Тухум (10 дона),2021-03,monthly,2021,10204.0
037,Sariyog',Масло сливочное,Butter,Сариёғ,2021-03,monthly,2021,45415.0
039,Limon,Лимоны,Lemons,Лимон,2021-03,monthly,2021,15378.0
0040,Olma,Яблоки,Apples,Олма,2021-03,monthly,2021,7456.0
041,Nok,Груши,Pears,Нок,2021-03,monthly,2021,21391.0
049,Uzum,Виноград,Grape,Узум,2021-03,monthly,2021,19519.0
053,Mayiz,Кишмиш,Kishmish,Майиз,2021-03,monthly,2021,30487.0
055,Karam,Капуста,Cabbage,Карам,2021-03,monthly,2021,1663.0
057,Bodring,Огурцы,Cucumbers,Бодринг,2021-03,monthly,2021,14644.0
058,Pomidor,Помидоры,Tomatoes,Помидор,2021-03,monthly,2021,10806.0
059,Baqlajon,Баклажаны,Eggplant,Бақлажон,2021-03,monthly,2021,19000.0
0060,Bulg'or qalampiri,Перец болгарский,Bell pepper,Булғор қалампири,2021-03,monthly,2021,21378.0
061,Qovoq,Тыква,Pumpkin,Қовоқ,2021-03,monthly,2021,2401.0
063,Sabzi,Морковь,Carrot,Сабзи,2021-03,monthly,2021,1519.0
065,Sarimsoq,Чеснок,Garlic,Саримсоқ,2021-03,monthly,2021,18317.0
066,Piyoz,Лук репчатый,Onion,Пиёз,2021-03,monthly,2021,1899.0
069,Kartoshka,Картофель,Potatoes,Картошка,2021-03,monthly,2021,3892.0
0070,Loviya,Фасоль,Beans,Ловия,2021-03,monthly,2021,12507.0
071,No'xot,Горох,Peas,Нўхот,2021-03,monthly,2021,14626.0
0072,Mosh,Маш,Mash,Мош,2021-03,monthly,2021,11335.0
002,Kruppa yormasi,Крупа манная,Semolina,Круппа ёрмаси,2021-03,monthly,2021,2939.0
001,Guruch,Рис,Rice,Гуруч,2021-04,monthly,2021,8948.0
003,Arpa,Ячмень,Barley,Арпа,2021-04,monthly,2021,2991.0
0004,Bug'doy,Пшеница,Wheat,Буғдой,2021-04,monthly,2021,3170.0
005,Jo'hori,Кукуруза,Corn,Жўҳори,2021-04,monthly,2021,3074.0
006,Kepak,Отруби,Bran,Кепак,2021-04,monthly,2021,2036.0
0008,Shrot,Шрот,Schroth,Шрот,2021-04,monthly,2021,3142.0
009,Shulxa,Шелуха,Husk,Шулха,2021-04,monthly,2021,2625.0
010,Kombikorm,Комбикорм,Compound feed,Комбикорм,2021-04,monthly,2021,1977.0
013,1-nav bug'doy unidan non,Хлеб пшеничный из муки 1-го сорта,Wheat bread from 1st grade flour,1-нав буғдой унидан нон,2021-04,monthly,2021,3104.0
017,Mol go'shti,Говядина,Beef,Мол гўшти,2021-04,monthly,2021,53111.0
0020,Qo'y go'shti,Баранина,Mutton,Қўй гўшти,2021-04,monthly,2021,62237.0
022,Tovuq go'shti,Мясо птицы,Poultry,Товуқ гўшти,2021-04,monthly,2021,19907.0
026,Turli baliqlar,Рыба всякая,Fish of all kinds,Турли балиқлар,2021-04,monthly,2021,21885.0
027,Yangi sog'ilgan sut (1 litr),Молоко свежее (1 литр),Fresh milk (1 liter),Янги соғилган сут (1 литр),2021-04,monthly,2021,3815.0
034,Tuxum (10 dona),Яйца (10 штук),Eggs (10 pieces ),Тухум (10 дона),2021-04,monthly,2021,10193.0
037,Sariyog',Масло сливочное,Butter,Сариёғ,2021-04,monthly,2021,45392.0
039,Limon,Лимоны,Lemons,Лимон,2021-04,monthly,2021,15942.0
0040,Olma,Яблоки,Apples,Олма,2021-04,monthly,2021,8392.0
041,Nok,Груши,Pears,Нок,2021-04,monthly,2021,21591.0
049,Uzum,Виноград,Grape,Узум,2021-04,monthly,2021,19278.0
053,Mayiz,Кишмиш,Kishmish,Майиз,2021-04,monthly,2021,30490.0
055,Karam,Капуста,Cabbage,Карам,2021-04,monthly,2021,1677.0
057,Bodring,Огурцы,Cucumbers,Бодринг,2021-04,monthly,2021,10890.0
058,Pomidor,Помидоры,Tomatoes,Помидор,2021-04,monthly,2021,11088.0
059,Baqlajon,Баклажаны,Eggplant,Бақлажон,2021-04,monthly,2021,19865.0
0060,Bulg'or qalampiri,Перец болгарский,Bell pepper,Булғор қалампири,2021-04,monthly,2021,22407.0
061,Qovoq,Тыква,Pumpkin,Қовоқ,2021-04,monthly,2021,2685.0
063,Sabzi,Морковь,Carrot,Сабзи,2021-04,monthly,2021,2425.0
065,Sarimsoq,Чеснок,Garlic,Саримсоқ,2021-04,monthly,2021,18550.0
066,Piyoz,Лук репчатый,Onion,Пиёз,2021-04,monthly,2021,1863.0
069,Kartoshka,Картофель,Potatoes,Картошка,2021-04,monthly,2021,3892.0
0070,Loviya,Фасоль,Beans,Ловия,2021-04,monthly,2021,12620.0
071,No'xot,Горох,Peas,Нўхот,2021-04,monthly,2021,14714.0
0072,Mosh,Маш,Mash,Мош,2021-04,monthly,2021,11395.0
002,Kruppa yormasi,Крупа манная,Semolina,Круппа ёрмаси,2021-04,monthly,2021,2991.0
001,Guruch,Рис,Rice,Гуруч,2021-05,monthly,2021,8990.0
003,Arpa,Ячмень,Barley,Арпа,2021-05,monthly,2021,3032.0
0004,Bug'doy,Пшеница,Wheat,Буғдой,2021-05,monthly,2021,3239.0
005,Jo'hori,Кукуруза,Corn,Жўҳори,2021-05,monthly,2021,3144.0
006,Kepak,Отруби,Bran,Кепак,2021-05,monthly,2021,2128.0
0008,Shrot,Шрот,Schroth,Шрот,2021-05,monthly,2021,3220.0
009,Shulxa,Шелуха,Husk,Шулха,2021-05,monthly,2021,2680.0
010,Kombikorm,Комбикорм,Compound feed,Комбикорм,2021-05,monthly,2021,2032.0
013,1-nav bug'doy unidan non,Хлеб пшеничный из муки 1-го сорта,Wheat bread from 1st grade flour,1-нав буғдой унидан нон,2021-05,monthly,2021,3119.0
017,Mol go'shti,Говядина,Beef,Мол гўшти,2021-05,monthly,2021,54951.0
0020,Qo'y go'shti,Баранина,Mutton,Қўй гўшти,2021-05,monthly,2021,64662.0
022,Tovuq go'shti,Мясо птицы,Poultry,Товуқ гўшти,2021-05,monthly,2021,19979.0
026,Turli baliqlar,Рыба всякая,Fish of all kinds,Турли балиқлар,2021-05,monthly,2021,22036.0
027,Yangi sog'ilgan sut (1 litr),Молоко свежее (1 литр),Fresh milk (1 liter),Янги соғилган сут (1 литр),2021-05,monthly,2021,3882.0
034,Tuxum (10 dona),Яйца (10 штук),Eggs (10 pieces ),Тухум (10 дона),2021-05,monthly,2021,10406.0
037,Sariyog',Масло сливочное,Butter,Сариёғ,2021-05,monthly,2021,45392.0
039,Limon,Лимоны,Lemons,Лимон,2021-05,monthly,2021,17711.0
0040,Olma,Яблоки,Apples,Олма,2021-05,monthly,2021,10949.0
041,Nok,Груши,Pears,Нок,2021-05,monthly,2021,22107.0
0050,Tarvuz,Арбуз,Watermelon,Тарвуз,2021-05,monthly,2021,11611.0
0051,Qovun,Дыня,Melon,Қовун,2021-05,monthly,2021,8417.0
053,Mayiz,Кишмиш,Kishmish,Майиз,2021-05,monthly,2021,30573.0
055,Karam,Капуста,Cabbage,Карам,2021-05,monthly,2021,1645.0
057,Bodring,Огурцы,Cucumbers,Бодринг,2021-05,monthly,2021,4448.0
058,Pomidor,Помидоры,Tomatoes,Помидор,2021-05,monthly,2021,7360.0
059,Baqlajon,Баклажаны,Eggplant,Бақлажон,2021-05,monthly,2021,11764.0
0060,Bulg'or qalampiri,Перец болгарский,Bell pepper,Булғор қалампири,2021-05,monthly,2021,13777.0
063,Sabzi,Морковь,Carrot,Сабзи,2021-05,monthly,2021,3682.0
065,Sarimsoq,Чеснок,Garlic,Саримсоқ,2021-05,monthly,2021,17636.0
066,Piyoz,Лук репчатый,Onion,Пиёз,2021-05,monthly,2021,1557.0
069,Kartoshka,Картофель,Potatoes,Картошка,2021-05,monthly,2021,3725.0
0070,Loviya,Фасоль,Beans,Ловия,2021-05,monthly,2021,12787.0
071,No'xot,Горох,Peas,Нўхот,2021-05,monthly,2021,14858.0
0072,Mosh,Маш,Mash,Мош,2021-05,monthly,2021,11493.0
002,Kruppa yormasi,Крупа манная,Semolina,Круппа ёрмаси,2021-05,monthly,2021,3032.0
001,Guruch,Рис,Rice,Гуруч,2021-06,monthly,2021,9007.0
003,Arpa,Ячмень,Barley,Арпа,2021-06,monthly,2021,3053.0
0004,Bug'doy,Пшеница,Wheat,Буғдой,2021-06,monthly,2021,3126.0
005,Jo'hori,Кукуруза,Corn,Жўҳори,2021-06,monthly,2021,3264.0
006,Kepak,Отруби,Bran,Кепак,2021-06,monthly,2021,2146.0
0008,Shrot,Шрот,Schroth,Шрот,2021-06,monthly,2021,3247.0
009,Shulxa,Шелуха,Husk,Шулха,2021-06,monthly,2021,2716.0
010,Kombikorm,Комбикорм,Compound feed,Комбикорм,2021-06,monthly,2021,2083.0
013,1-nav bug'doy unidan non,Хлеб пшеничный из муки 1-го сорта,Wheat bread from 1st grade flour,1-нав буғдой унидан нон,2021-06,monthly,2021,3122.0
017,Mol go'shti,Говядина,Beef,Мол гўшти,2021-06,monthly,2021,55569.0
0020,Qo'y go'shti,Баранина,Mutton,Қўй гўшти,2021-06,monthly,2021,65379.0
022,Tovuq go'shti,Мясо птицы,Poultry,Товуқ гўшти,2021-06,monthly,2021,20002.0
026,Turli baliqlar,Рыба всякая,Fish of all kinds,Турли балиқлар,2021-06,monthly,2021,21965.0
027,Yangi sog'ilgan sut (1 litr),Молоко свежее (1 литр),Fresh milk (1 liter),Янги соғилган сут (1 литр),2021-06,monthly,2021,3874.0
034,Tuxum (10 dona),Яйца (10 штук),Eggs (10 pieces ),Тухум (10 дона),2021-06,monthly,2021,9059.0
037,Sariyog',Масло сливочное,Butter,Сариёғ,2021-06,monthly,2021,45392.0
039,Limon,Лимоны,Lemons,Лимон,2021-06,monthly,2021,20386.0
0040,Olma,Яблоки,Apples,Олма,2021-06,monthly,2021,9878.0
041,Nok,Груши,Pears,Нок,2021-06,monthly,2021,22455.0
049,Uzum,Виноград,Grape,Узум,2021-06,monthly,2021,14697.0
0050,Tarvuz,Арбуз,Watermelon,Тарвуз,2021-06,monthly,2021,2574.0
0051,Qovun,Дыня,Melon,Қовун,2021-06,monthly,2021,4249.0
053,Mayiz,Кишмиш,Kishmish,Майиз,2021-06,monthly,2021,30567.0
055,Karam,Капуста,Cabbage,Карам,2021-06,monthly,2021,1474.0
057,Bodring,Огурцы,Cucumbers,Бодринг,2021-06,monthly,2021,2449.0
058,Pomidor,Помидоры,Tomatoes,Помидор,2021-06,monthly,2021,3970.0
059,Baqlajon,Баклажаны,Eggplant,Бақлажон,2021-06,monthly,2021,2448.0
0060,Bulg'or qalampiri,Перец болгарский,Bell pepper,Булғор қалампири,2021-06,monthly,2021,3529.0
061,Qovoq,Тыква,Pumpkin,Қовоқ,2021-06,monthly,2021,4117.0
063,Sabzi,Морковь,Carrot,Сабзи,2021-06,monthly,2021,5745.0
065,Sarimsoq,Чеснок,Garlic,Саримсоқ,2021-06,monthly,2021,15971.0
066,Piyoz,Лук репчатый,Onion,Пиёз,2021-06,monthly,2021,994.0
069,Kartoshka,Картофель,Potatoes,Картошка,2021-06,monthly,2021,2597.0
0070,Loviya,Фасоль,Beans,Ловия,2021-06,monthly,2021,12860.0
071,No'xot,Горох,Peas,Нўхот,2021-06,monthly,2021,14850.0
0072,Mosh,Маш,Mash,Мош,2021-06,monthly,2021,11663.0
002,Kruppa yormasi,Крупа манная,Semolina,Круппа ёрмаси,2021-06,monthly,2021,3053.0
001,Guruch,Рис,Rice,Гуруч,2021-07,monthly,2021,9055.0
003,Arpa,Ячмень,Barley,Арпа,2021-07,monthly,2021,3081.0
0004,Bug'doy,Пшеница,Wheat,Буғдой,2021-07,monthly,2021,3016.0
005,Jo'hori,Кукуруза,Corn,Жўҳори,2021-07,monthly,2021,3319.0
006,Kepak,Отруби,Bran,Кепак,2021-07,monthly,2021,2168.0
0008,Shrot,Шрот,Schroth,Шрот,2021-07,monthly,2021,3263.0
009,Shulxa,Шелуха,Husk,Шулха,2021-07,monthly,2021,2749.0
010,Kombikorm,Комбикорм,Compound feed,Комбикорм,2021-07,monthly,2021,2144.0
013,1-nav bug'doy unidan non,Хлеб пшеничный из муки 1-го сорта,Wheat bread from 1st grade flour,1-нав буғдой унидан нон,2021-07,monthly,2021,3112.0
017,Mol go'shti,Говядина,Beef,Мол гўшти,2021-07,monthly,2021,56393.0
0020,Qo'y go'shti,Баранина,Mutton,Қўй гўшти,2021-07,monthly,2021,66065.0
022,Tovuq go'shti,Мясо птицы,Poultry,Товуқ гўшти,2021-07,monthly,2021,19884.0
026,Turli baliqlar,Рыба всякая,Fish of all kinds,Турли балиқлар,2021-07,monthly,2021,22222.0
027,Yangi sog'ilgan sut (1 litr),Молоко свежее (1 литр),Fresh milk (1 liter),Янги соғилган сут (1 литр),2021-07,monthly,2021,3872.0
034,Tuxum (10 dona),Яйца (10 штук),Eggs (10 pieces ),Тухум (10 дона),2021-07,monthly,2021,8484.0
037,Sariyog',Масло сливочное,Butter,Сариёғ,2021-07,monthly,2021,45392.0
039,Limon,Лимоны,Lemons,Лимон,2021-07,monthly,2021,22121.0
0040,Olma,Яблоки,Apples,Олма,2021-07,monthly,2021,9985.0
041,Nok,Груши,Pears,Нок,2021-07,monthly,2021,20822.0
049,Uzum,Виноград,Grape,Узум,2021-07,monthly,2021,9341.0
0050,Tarvuz,Арбуз,Watermelon,Тарвуз,2021-07,monthly,2021,1488.0
0051,Qovun,Дыня,Melon,Қовун,2021-07,monthly,2021,2976.0
053,Mayiz,Кишмиш,Kishmish,Майиз,2021-07,monthly,2021,30567.0
055,Karam,Капуста,Cabbage,Карам,2021-07,monthly,2021,1634.0
057,Bodring,Огурцы,Cucumbers,Бодринг,2021-07,monthly,2021,2760.0
058,Pomidor,Помидоры,Tomatoes,Помидор,2021-07,monthly,2021,2698.0
059,Baqlajon,Баклажаны,Eggplant,Бақлажон,2021-07,monthly,2021,1733.0
0060,Bulg'or qalampiri,Перец болгарский,Bell pepper,Булғор қалампири,2021-07,monthly,2021,2441.0
061,Qovoq,Тыква,Pumpkin,Қовоқ,2021-07,monthly,2021,3031.0
063,Sabzi,Морковь,Carrot,Сабзи,2021-07,monthly,2021,5868.0
065,Sarimsoq,Чеснок,Garlic,Саримсоқ,2021-07,monthly,2021,15835.0
066,Piyoz,Лук репчатый,Onion,Пиёз,2021-07,monthly,2021,963.0
069,Kartoshka,Картофель,Potatoes,Картошка,2021-07,monthly,2021,2647.0
0070,Loviya,Фасоль,Beans,Ловия,2021-07,monthly,2021,12803.0
071,No'xot,Горох,Peas,Нўхот,2021-07,monthly,2021,14763.0
0072,Mosh,Маш,Mash,Мош,2021-07,monthly,2021,11655.0
002,Kruppa yormasi,Крупа манная,Semolina,Круппа ёрмаси,2021-07,monthly,2021,3081.0
001,Guruch,Рис,Rice,Гуруч,2021-08,monthly,2021,9068.0
003,Arpa,Ячмень,Barley,Арпа,2021-08,monthly,2021,3130.0
0004,Bug'doy,Пшеница,Wheat,Буғдой,2021-08,monthly,2021,3044.0
005,Jo'hori,Кукуруза,Corn,Жўҳори,2021-08,monthly,2021,3317.0
006,Kepak,Отруби,Bran,Кепак,2021-08,monthly,2021,2194.0
0008,Shrot,Шрот,Schroth,Шрот,2021-08,monthly,2021,3321.0
009,Shulxa,Шелуха,Husk,Шулха,2021-08,monthly,2021,2786.0
010,Kombikorm,Комбикорм,Compound feed,Комбикорм,2021-08,monthly,2021,2154.0
013,1-nav bug'doy unidan non,Хлеб пшеничный из муки 1-го сорта,Wheat bread from 1st grade flour,1-нав буғдой унидан нон,2021-08,monthly,2021,3112.0
017,Mol go'shti,Говядина,Beef,Мол гўшти,2021-08,monthly,2021,58605.0
0020,Qo'y go'shti,Баранина,Mutton,Қўй гўшти,2021-08,monthly,2021,67841.0
022,Tovuq go'shti,Мясо птицы,Poultry,Товуқ гўшти,2021-08,monthly,2021,20186.0
026,Turli baliqlar,Рыба всякая,Fish of all kinds,Турли балиқлар,2021-08,monthly,2021,22550.0
027,Yangi sog'ilgan sut (1 litr),Молоко свежее (1 литр),Fresh milk (1 liter),Янги соғилган сут (1 литр),2021-08,monthly,2021,3891.0
034,Tuxum (10 dona),Яйца (10 штук),Eggs (10 pieces ),Тухум (10 дона),2021-08,monthly,2021,8475.0
037,Sariyog',Масло сливочное,Butter,Сариёғ,2021-08,monthly,2021,45392.0
039,Limon,Лимоны,Lemons,Лимон,2021-08,monthly,2021,23928.0
0040,Olma,Яблоки,Apples,Олма,2021-08,monthly,2021,9855.0
041,Nok,Груши,Pears,Нок,2021-08,monthly,2021,19136.0
049,Uzum,Виноград,Grape,Узум,2021-08,monthly,2021,8088.0
0050,Tarvuz,Арбуз,Watermelon,Тарвуз,2021-08,monthly,2021,1436.0
0051,Qovun,Дыня,Melon,Қовун,2021-08,monthly,2021,2699.0
053,Mayiz,Кишмиш,Kishmish,Майиз,2021-08,monthly,2021,30733.0
055,Karam,Капуста,Cabbage,Карам,2021-08,monthly,2021,1867.0
057,Bodring,Огурцы,Cucumbers,Бодринг,2021-08,monthly,2021,3651.0
058,Pomidor,Помидоры,Tomatoes,Помидор,2021-08,monthly,2021,2863.0
059,Baqlajon,Баклажаны,Eggplant,Бақлажон,2021-08,monthly,2021,1664.0
0060,Bulg'or qalampiri,Перец болгарский,Bell pepper,Булғор қалампири,2021-08,monthly,2021,2330.0
061,Qovoq,Тыква,Pumpkin,Қовоқ,2021-08,monthly,2021,2058.0
063,Sabzi,Морковь,Carrot,Сабзи,2021-08,monthly,2021,5366.0
065,Sarimsoq,Чеснок,Garlic,Саримсоқ,2021-08,monthly,2021,15983.0
066,Piyoz,Лук репчатый,Onion,Пиёз,2021-08,monthly,2021,1081.0
069,Kartoshka,Картофель,Potatoes,Картошка,2021-08,monthly,2021,2812.0
0070,Loviya,Фасоль,Beans,Ловия,2021-08,monthly,2021,12860.0
071,No'xot,Горох,Peas,Нўхот,2021-08,monthly,2021,14820.0
0072,Mosh,Маш,Mash,Мош,2021-08,monthly,2021,11972.0
002,Kruppa yormasi,Крупа манная,Semolina,Круппа ёрмаси,2021-08,monthly,2021,3130.0
001,Guruch,Рис,Rice,Гуруч,2021-09,monthly,2021,9073.0
003,Arpa,Ячмень,Barley,Арпа,2021-09,monthly,2021,3167.0
0004,Bug'doy,Пшеница,Wheat,Буғдой,2021-09,monthly,2021,3089.0
005,Jo'hori,Кукуруза,Corn,Жўҳори,2021-09,monthly,2021,3236.0
006,Kepak,Отруби,Bran,Кепак,2021-09,monthly,2021,2198.0
0008,Shrot,Шрот,Schroth,Шрот,2021-09,monthly,2021,3344.0
009,Shulxa,Шелуха,Husk,Шулха,2021-09,monthly,2021,2790.0
010,Kombikorm,Комбикорм,Compound feed,Комбикорм,2021-09,monthly,2021,2161.0
013,1-nav bug'doy unidan non,Хлеб пшеничный из муки 1-го сорта,Wheat bread from 1st grade flour,1-нав буғдой унидан нон,2021-09,monthly,2021,3112.0
017,Mol go'shti,Говядина,Beef,Мол гўшти,2021-09,monthly,2021,59795.0
0020,Qo'y go'shti,Баранина,Mutton,Қўй гўшти,2021-09,monthly,2021,68587.0
022,Tovuq go'shti,Мясо птицы,Poultry,Товуқ гўшти,2021-09,monthly,2021,20434.0
026,Turli baliqlar,Рыба всякая,Fish of all kinds,Турли балиқлар,2021-09,monthly,2021,22339.0
027,Yangi sog'ilgan sut (1 litr),Молоко свежее (1 литр),Fresh milk (1 liter),Янги соғилган сут (1 литр),2021-09,monthly,2021,3904.0
034,Tuxum (10 dona),Яйца (10 штук),Eggs (10 pieces ),Тухум (10 дона),2021-09,monthly,2021,8780.0
037,Sariyog',Масло сливочное,Butter,Сариёғ,2021-09,monthly,2021,45392.0
039,Limon,Лимоны,Lemons,Лимон,2021-09,monthly,2021,23581.0
0040,Olma,Яблоки,Apples,Олма,2021-09,monthly,2021,9330.0
041,Nok,Груши,Pears,Нок,2021-09,monthly,2021,18102.0
049,Uzum,Виноград,Grape,Узум,2021-09,monthly,2021,6740.0
0050,Tarvuz,Арбуз,Watermelon,Тарвуз,2021-09,monthly,2021,1552.0
0051,Qovun,Дыня,Melon,Қовун,2021-09,monthly,2021,2689.0
053,Mayiz,Кишмиш,Kishmish,Майиз,2021-09,monthly,2021,30670.0
055,Karam,Капуста,Cabbage,Карам,2021-09,monthly,2021,1959.0
057,Bodring,Огурцы,Cucumbers,Бодринг,2021-09,monthly,2021,3338.0
058,Pomidor,Помидоры,Tomatoes,Помидор,2021-09,monthly,2021,3114.0
059,Baqlajon,Баклажаны,Eggplant,Бақлажон,2021-09,monthly,2021,1693.0
0060,Bulg'or qalampiri,Перец болгарский,Bell pepper,Булғор қалампири,2021-09,monthly,2021,2348.0
061,Qovoq,Тыква,Pumpkin,Қовоқ,2021-09,monthly,2021,2135.0
063,Sabzi,Морковь,Carrot,Сабзи,2021-09,monthly,2021,3995.0
065,Sarimsoq,Чеснок,Garlic,Саримсоқ,2021-09,monthly,2021,16038.0
066,Piyoz,Лук репчатый,Onion,Пиёз,2021-09,monthly,2021,1235.0
069,Kartoshka,Картофель,Potatoes,Картошка,2021-09,monthly,2021,2971.0
0070,Loviya,Фасоль,Beans,Ловия,2021-09,monthly,2021,12977.0
071,No'xot,Горох,Peas,Нўхот,2021-09,monthly,2021,15007.0
0072,Mosh,Маш,Mash,Мош,2021-09,monthly,2021,12305.0
002,Kruppa yormasi,Крупа манная,Semolina,Круппа ёрмаси,2021-09,monthly,2021,3167.0
001,Guruch,Рис,Rice,Гуруч,2021-10,monthly,2021,9057.0
003,Arpa,Ячмень,Barley,Арпа,2021-10,monthly,2021,3186.0
0004,Bug'doy,Пшеница,Wheat,Буғдой,2021-10,monthly,2021,3095.0
005,Jo'hori,Кукуруза,Corn,Жўҳори,2021-10,monthly,2021,3187.0
006,Kepak,Отруби,Bran,Кепак,2021-10,monthly,2021,2218.0
0008,Shrot,Шрот,Schroth,Шрот,2021-10,monthly,2021,3351.0
009,Shulxa,Шелуха,Husk,Шулха,2021-10,monthly,2021,2790.0
010,Kombikorm,Комбикорм,Compound feed,Комбикорм,2021-10,monthly,2021,2177.0
013,1-nav bug'doy unidan non,Хлеб пшеничный из муки 1-го сорта,Wheat bread from 1st grade flour,1-нав буғдой унидан нон,2021-10,monthly,2021,3113.0
017,Mol go'shti,Говядина,Beef,Мол гўшти,2021-10,monthly,2021,59856.0
0020,Qo'y go'shti,Баранина,Mutton,Қўй гўшти,2021-10,monthly,2021,68725.0
022,Tovuq go'shti,Мясо птицы,Poultry,Товуқ гўшти,2021-10,monthly,2021,20554.0
026,Turli baliqlar,Рыба всякая,Fish of all kinds,Турли балиқлар,2021-10,monthly,2021,21830.0
027,Yangi sog'ilgan sut (1 litr),Молоко свежее (1 литр),Fresh milk (1 liter),Янги соғилган сут (1 литр),2021-10,monthly,2021,3909.0
034,Tuxum (10 dona),Яйца (10 штук),Eggs (10 pieces ),Тухум (10 дона),2021-10,monthly,2021,9242.0
037,Sariyog',Масло сливочное,Butter,Сариёғ,2021-10,monthly,2021,45462.0
039,Limon,Лимоны,Lemons,Лимон,2021-10,monthly,2021,20525.0
0040,Olma,Яблоки,Apples,Олма,2021-10,monthly,2021,9002.0
041,Nok,Груши,Pears,Нок,2021-10,monthly,2021,18151.0
049,Uzum,Виноград,Grape,Узум,2021-10,monthly,2021,6679.0
0050,Tarvuz,Арбуз,Watermelon,Тарвуз,2021-10,monthly,2021,1738.0
0051,Qovun,Дыня,Melon,Қовун,2021-10,monthly,2021,2753.0
053,Mayiz,Кишмиш,Kishmish,Майиз,2021-10,monthly,2021,30712.0
055,Karam,Капуста,Cabbage,Карам,2021-10,monthly,2021,2099.0
057,Bodring,Огурцы,Cucumbers,Бодринг,2021-10,monthly,2021,3394.0
058,Pomidor,Помидоры,Tomatoes,Помидор,2021-10,monthly,2021,3589.0
059,Baqlajon,Баклажаны,Eggplant,Бақлажон,2021-10,monthly,2021,1805.0
0060,Bulg'or qalampiri,Перец болгарский,Bell pepper,Булғор қалампири,2021-10,monthly,2021,2691.0
061,Qovoq,Тыква,Pumpkin,Қовоқ,2021-10,monthly,2021,2276.0
063,Sabzi,Морковь,Carrot,Сабзи,2021-10,monthly,2021,3142.0
065,Sarimsoq,Чеснок,Garlic,Саримсоқ,2021-10,monthly,2021,16180.0
066,Piyoz,Лук репчатый,Onion,Пиёз,2021-10,monthly,2021,1463.0
069,Kartoshka,Картофель,Potatoes,Картошка,2021-10,monthly,2021,3145.0
0070,Loviya,Фасоль,Beans,Ловия,2021-10,monthly,2021,12970.0
071,No'xot,Горох,Peas,Нўхот,2021-10,monthly,2021,15090.0
0072,Mosh,Маш,Mash,Мош,2021-10,monthly,2021,12120.0
002,Kruppa yormasi,Крупа манная,Semolina,Круппа ёрмаси,2021-10,monthly,2021,3186.0
001,Guruch,Рис,Rice,Гуруч,2021-11,monthly,2021,8905.0
003,Arpa,Ячмень,Barley,Арпа,2021-11,monthly,2021,3224.0
0004,Bug'doy,Пшеница,Wheat,Буғдой,2021-11,monthly,2021,3121.0
005,Jo'hori,Кукуруза,Corn,Жўҳори,2021-11,monthly,2021,3199.0
006,Kepak,Отруби,Bran,Кепак,2021-11,monthly,2021,2224.0
0008,Shrot,Шрот,Schroth,Шрот,2021-11,monthly,2021,3351.0
009,Shulxa,Шелуха,Husk,Шулха,2021-11,monthly,2021,2790.0
010,Kombikorm,Комбикорм,Compound feed,Комбикорм,2021-11,monthly,2021,2186.0
013,1-nav bug'doy unidan non,Хлеб пшеничный из муки 1-го сорта,Wheat bread from 1st grade flour,1-нав буғдой унидан нон,2021-11,monthly,2021,3113.0
017,Mol go'shti,Говядина,Beef,Мол гўшти,2021-11,monthly,2021,59937.0
0020,Qo'y go'shti,Баранина,Mutton,Қўй гўшти,2021-11,monthly,2021,68937.0
022,Tovuq go'shti,Мясо птицы,Poultry,Товуқ гўшти,2021-11,monthly,2021,20674.0
026,Turli baliqlar,Рыба всякая,Fish of all kinds,Турли балиқлар,2021-11,monthly,2021,22075.0
027,Yangi sog'ilgan sut (1 litr),Молоко свежее (1 литр),Fresh milk (1 liter),Янги соғилган сут (1 литр),2021-11,monthly,2021,3946.0
034,Tuxum (10 dona),Яйца (10 штук),Eggs (10 pieces ),Тухум (10 дона),2021-11,monthly,2021,9627.0
037,Sariyog',Масло сливочное,Butter,Сариёғ,2021-11,monthly,2021,45619.0
039,Limon,Лимоны,Lemons,Лимон,2021-11,monthly,2021,18067.0
0040,Olma,Яблоки,Apples,Олма,2021-11,monthly,2021,8981.0
041,Nok,Груши,Pears,Нок,2021-11,monthly,2021,18794.0
049,Uzum,Виноград,Grape,Узум,2021-11,monthly,2021,7262.0
0050,Tarvuz,Арбуз,Watermelon,Тарвуз,2021-11,monthly,2021,2329.0
0051,Qovun,Дыня,Melon,Қовун,2021-11,monthly,2021,3220.0
053,Mayiz,Кишмиш,Kishmish,Майиз,2021-11,monthly,2021,30907.0
055,Karam,Капуста,Cabbage,Карам,2021-11,monthly,2021,2205.0
057,Bodring,Огурцы,Cucumbers,Бодринг,2021-11,monthly,2021,4024.0
058,Pomidor,Помидоры,Tomatoes,Помидор,2021-11,monthly,2021,4380.0
059,Baqlajon,Баклажаны,Eggplant,Бақлажон,2021-11,monthly,2021,2197.0
0060,Bulg'or qalampiri,Перец болгарский,Bell pepper,Булғор қалампири,2021-11,monthly,2021,3804.0
061,Qovoq,Тыква,Pumpkin,Қовоқ,2021-11,monthly,2021,2350.0
063,Sabzi,Морковь,Carrot,Сабзи,2021-11,monthly,2021,1983.0
065,Sarimsoq,Чеснок,Garlic,Саримсоқ,2021-11,monthly,2021,16775.0
066,Piyoz,Лук репчатый,Onion,Пиёз,2021-11,monthly,2021,1687.0
069,Kartoshka,Картофель,Potatoes,Картошка,2021-11,monthly,2021,3516.0
0070,Loviya,Фасоль,Beans,Ловия,2021-11,monthly,2021,12926.0
071,No'xot,Горох,Peas,Нўхот,2021-11,monthly,2021,15180.0
0072,Mosh,Маш,Mash,Мош,2021-11,monthly,2021,12120.0
002,Kruppa yormasi,Крупа манная,Semolina,Круппа ёрмаси,2021-11,monthly,2021,3224.0
001,Guruch,Рис,Rice,Гуруч,2021-12,monthly,2021,8817.0
003,Arpa,Ячмень,Barley,Арпа,2021-12,monthly,2021,3287.0
0004,Bug'doy,Пшеница,Wheat,Буғдой,2021-12,monthly,2021,3136.0
005,Jo'hori,Кукуруза,Corn,Жўҳори,2021-12,monthly,2021,3212.0
006,Kepak,Отруби,Bran,Кепак,2021-12,monthly,2021,2228.0
0008,Shrot,Шрот,Schroth,Шрот,2021-12,monthly,2021,3351.0
009,Shulxa,Шелуха,Husk,Шулха,2021-12,monthly,2021,2790.0
010,Kombikorm,Комбикорм,Compound feed,Комбикорм,2021-12,monthly,2021,2186.0
013,1-nav bug'doy unidan non,Хлеб пшеничный из муки 1-го сорта,Wheat bread from 1st grade flour,1-нав буғдой унидан нон,2021-12,monthly,2021,3113.0
017,Mol go'shti,Говядина,Beef,Мол гўшти,2021-12,monthly,2021,59582.0
0020,Qo'y go'shti,Баранина,Mutton,Қўй гўшти,2021-12,monthly,2021,68635.0
022,Tovuq go'shti,Мясо птицы,Poultry,Товуқ гўшти,2021-12,monthly,2021,20786.0
026,Turli baliqlar,Рыба всякая,Fish of all kinds,Турли балиқлар,2021-12,monthly,2021,22098.0
027,Yangi sog'ilgan sut (1 litr),Молоко свежее (1 литр),Fresh milk (1 liter),Янги соғилган сут (1 литр),2021-12,monthly,2021,3990.0
034,Tuxum (10 dona),Яйца (10 штук),Eggs (10 pieces ),Тухум (10 дона),2021-12,monthly,2021,9675.0
037,Sariyog',Масло сливочное,Butter,Сариёғ,2021-12,monthly,2021,45619.0
039,Limon,Лимоны,Lemons,Лимон,2021-12,monthly,2021,15898.0
0040,Olma,Яблоки,Apples,Олма,2021-12,monthly,2021,9008.0
041,Nok,Груши,Pears,Нок,2021-12,monthly,2021,19517.0
049,Uzum,Виноград,Grape,Узум,2021-12,monthly,2021,7959.0
0050,Tarvuz,Арбуз,Watermelon,Тарвуз,2021-12,monthly,2021,3824.0
0051,Qovun,Дыня,Melon,Қовун,2021-12,monthly,2021,4175.0
053,Mayiz,Кишмиш,Kishmish,Майиз,2021-12,monthly,2021,31073.0
055,Karam,Капуста,Cabbage,Карам,2021-12,monthly,2021,2381.0
057,Bodring,Огурцы,Cucumbers,Бодринг,2021-12,monthly,2021,5703.0
058,Pomidor,Помидоры,Tomatoes,Помидор,2021-12,monthly,2021,5813.0
059,Baqlajon,Баклажаны,Eggplant,Бақлажон,2021-12,monthly,2021,7118.0
0060,Bulg'or qalampiri,Перец болгарский,Bell pepper,Булғор қалампири,2021-12,monthly,2021,5854.0
061,Qovoq,Тыква,Pumpkin,Қовоқ,2021-12,monthly,2021,2495.0
063,Sabzi,Морковь,Carrot,Сабзи,2021-12,monthly,2021,1771.0
065,Sarimsoq,Чеснок,Garlic,Саримсоқ,2021-12,monthly,2021,16883.0
066,Piyoz,Лук репчатый,Onion,Пиёз,2021-12,monthly,2021,1741.0
069,Kartoshka,Картофель,Potatoes,Картошка,2021-12,monthly,2021,3623.0
0070,Loviya,Фасоль,Beans,Ловия,2021-12,monthly,2021,12913.0
071,No'xot,Горох,Peas,Нўхот,2021-12,monthly,2021,15262.0
0072,Mosh,Маш,Mash,Мош,2021-12,monthly,2021,12132.0
002,Kruppa yormasi,Крупа манная,Semolina,Круппа ёрмаси,2021-12,monthly,2021,3287.0
001,Guruch,Рис,Rice,Гуруч,2022-01,monthly,2022,8801.0
003,Arpa,Ячмень,Barley,Арпа,2022-01,monthly,2022,3344.0
0004,Bug'doy,Пшеница,Wheat,Буғдой,2022-01,monthly,2022,3146.0
005,Jo'hori,Кукуруза,Corn,Жўҳори,2022-01,monthly,2022,3214.0
006,Kepak,Отруби,Bran,Кепак,2022-01,monthly,2022,2254.0
0008,Shrot,Шрот,Schroth,Шрот,2022-01,monthly,2022,3354.0
009,Shulxa,Шелуха,Husk,Шулха,2022-01,monthly,2022,2790.0
010,Kombikorm,Комбикорм,Compound feed,Комбикорм,2022-01,monthly,2022,2233.0
011,Oliy navli bug'doy uni,Мука пшеничная высшего сорта,High-grade wheat flour,Олий навли буғдой уни,2022-01,monthly,2022,4692.0
0012,1-navli bug'doy uni,Мука пшеничная первого сорта,First grade wheat flour,1-навли буғдой уни,2022-01,monthly,2022,4159.0
013,1-nav bug'doy unidan non,Хлеб пшеничный из муки 1-го сорта,Wheat bread from 1st grade flour,1-нав буғдой унидан нон,2022-01,monthly,2022,3256.0
017,Mol go'shti,Говядина,Beef,Мол гўшти,2022-01,monthly,2022,59166.0
0020,Qo'y go'shti,Баранина,Mutton,Қўй гўшти,2022-01,monthly,2022,68197.0
022,Tovuq go'shti,Мясо птицы,Poultry,Товуқ гўшти,2022-01,monthly,2022,21212.0
026,Turli baliqlar,Рыба всякая,Fish of all kinds,Турли балиқлар,2022-01,monthly,2022,22853.0
027,Yangi sog'ilgan sut (1 litr),Молоко свежее (1 литр),Fresh milk (1 liter),Янги соғилган сут (1 литр),2022-01,monthly,2022,4124.0
034,Tuxum (10 dona),Яйца (10 штук),Eggs (10 pieces ),Тухум (10 дона),2022-01,monthly,2022,9650.0
035,Paxta yog'i (1 litr),Масло хлопковое (1 литр),Cottonseed oil (1 liter),Пахта ёғи (1 литр),2022-01,monthly,2022,16027.0
0036,Kungaboqar yog'i (1 litr),Масло подсолнечное (1 литр),Sunflower oil (1 liter),Кунгабоқар ёғи (1 литр),2022-01,monthly,2022,17437.0
037,Sariyog',Масло сливочное,Butter,Сариёғ,2022-01,monthly,2022,45861.0
039,Limon,Лимоны,Lemons,Лимон,2022-01,monthly,2022,15930.0
0040,Olma,Яблоки,Apples,Олма,2022-01,monthly,2022,8977.0
041,Nok,Груши,Pears,Нок,2022-01,monthly,2022,20148.0
049,Uzum,Виноград,Grape,Узум,2022-01,monthly,2022,9044.0
0051,Qovun,Дыня,Melon,Қовун,2022-01,monthly,2022,4494.0
053,Mayiz,Кишмиш,Kishmish,Майиз,2022-01,monthly,2022,30628.0
055,Karam,Капуста,Cabbage,Карам,2022-01,monthly,2022,3139.0
057,Bodring,Огурцы,Cucumbers,Бодринг,2022-01,monthly,2022,10712.0
058,Pomidor,Помидоры,Tomatoes,Помидор,2022-01,monthly,2022,10540.0
0060,Bulg'or qalampiri,Перец болгарский,Bell pepper,Булғор қалампири,2022-01,monthly,2022,11328.0
061,Qovoq,Тыква,Pumpkin,Қовоқ,2022-01,monthly,2022,2774.0
063,Sabzi,Морковь,Carrot,Сабзи,2022-01,monthly,2022,1746.0
065,Sarimsoq,Чеснок,Garlic,Саримсоқ,2022-01,monthly,2022,17615.0
066,Piyoz,Лук репчатый,Onion,Пиёз,2022-01,monthly,2022,1804.0
069,Kartoshka,Картофель,Potatoes,Картошка,2022-01,monthly,2022,3702.0
0070,Loviya,Фасоль,Beans,Ловия,2022-01,monthly,2022,13003.0
071,No'xot,Горох,Peas,Нўхот,2022-01,monthly,2022,15215.0
0072,Mosh,Маш,Mash,Мош,2022-01,monthly,2022,12175.0
073,Shakar,Сахар песок,Sugar,Шакар,2022-01,monthly,2022,8731.0
002,Kruppa yormasi,Крупа манная,Semolina,Круппа ёрмаси,2022-01,monthly,2022,3344.0
001,Guruch,Рис,Rice,Гуруч,2022-02,monthly,2022,8821.0
003,Arpa,Ячмень,Barley,Арпа,2022-02,monthly,2022,3364.0
0004,Bug'doy,Пшеница,Wheat,Буғдой,2022-02,monthly,2022,3149.0
005,Jo'hori,Кукуруза,Corn,Жўҳори,2022-02,monthly,2022,3236.0
006,Kepak,Отруби,Bran,Кепак,2022-02,monthly,2022,2270.0
0008,Shrot,Шрот,Schroth,Шрот,2022-02,monthly,2022,3356.0
009,Shulxa,Шелуха,Husk,Шулха,2022-02,monthly,2022,2790.0
010,Kombikorm,Комбикорм,Compound feed,Комбикорм,2022-02,monthly,2022,2242.0
011,Oliy navli bug'doy uni,Мука пшеничная высшего сорта,High-grade wheat flour,Олий навли буғдой уни,2022-02,monthly,2022,4711.0
0012,1-navli bug'doy uni,Мука пшеничная первого сорта,First grade wheat flour,1-навли буғдой уни,2022-02,monthly,2022,4153.0
013,1-nav bug'doy unidan non,Хлеб пшеничный из муки 1-го сорта,Wheat bread from 1st grade flour,1-нав буғдой унидан нон,2022-02,monthly,2022,3258.0
017,Mol go'shti,Говядина,Beef,Мол гўшти,2022-02,monthly,2022,59212.0
0020,Qo'y go'shti,Баранина,Mutton,Қўй гўшти,2022-02,monthly,2022,68258.0
022,Tovuq go'shti,Мясо птицы,Poultry,Товуқ гўшти,2022-02,monthly,2022,21321.0
026,Turli baliqlar,Рыба всякая,Fish of all kinds,Турли балиқлар,2022-02,monthly,2022,23345.0
027,Yangi sog'ilgan sut (1 litr),Молоко свежее (1 литр),Fresh milk (1 liter),Янги соғилган сут (1 литр),2022-02,monthly,2022,4103.0
034,Tuxum (10 dona),Яйца (10 штук),Eggs (10 pieces ),Тухум (10 дона),2022-02,monthly,2022,9491.0
035,Paxta yog'i (1 litr),Масло хлопковое (1 литр),Cottonseed oil (1 liter),Пахта ёғи (1 литр),2022-02,monthly,2022,15979.0
0036,Kungaboqar yog'i (1 litr),Масло подсолнечное (1 литр),Sunflower oil (1 liter),Кунгабоқар ёғи (1 литр),2022-02,monthly,2022,17401.0
037,Sariyog',Масло сливочное,Butter,Сариёғ,2022-02,monthly,2022,46009.0
039,Limon,Лимоны,Lemons,Лимон,2022-02,monthly,2022,16736.0
0040,Olma,Яблоки,Apples,Олма,2022-02,monthly,2022,9093.0
041,Nok,Груши,Pears,Нок,2022-02,monthly,2022,21261.0
049,Uzum,Виноград,Grape,Узум,2022-02,monthly,2022,10674.0
053,Mayiz,Кишмиш,Kishmish,Майиз,2022-02,monthly,2022,30667.0
055,Karam,Капуста,Cabbage,Карам,2022-02,monthly,2022,3790.0
057,Bodring,Огурцы,Cucumbers,Бодринг,2022-02,monthly,2022,12806.0
058,Pomidor,Помидоры,Tomatoes,Помидор,2022-02,monthly,2022,12172.0
0060,Bulg'or qalampiri,Перец болгарский,Bell pepper,Булғор қалампири,2022-02,monthly,2022,14268.0
061,Qovoq,Тыква,Pumpkin,Қовоқ,2022-02,monthly,2022,3124.0
063,Sabzi,Морковь,Carrot,Сабзи,2022-02,monthly,2022,1697.0
065,Sarimsoq,Чеснок,Garlic,Саримсоқ,2022-02,monthly,2022,18159.0
066,Piyoz,Лук репчатый,Onion,Пиёз,2022-02,monthly,2022,1872.0
069,Kartoshka,Картофель,Potatoes,Картошка,2022-02,monthly,2022,3833.0
0070,Loviya,Фасоль,Beans,Ловия,2022-02,monthly,2022,13053.0
071,No'xot,Горох,Peas,Нўхот,2022-02,monthly,2022,15492.0
0072,Mosh,Маш,Mash,Мош,2022-02,monthly,2022,12210.0
073,Shakar,Сахар песок,Sugar,Шакар,2022-02,monthly,2022,8812.0
002,Kruppa yormasi,Крупа манная,Semolina,Круппа ёрмаси,2022-02,monthly,2022,3364.0
001,Guruch,Рис,Rice,Гуруч,2022-03,monthly,2022,8820.0
003,Arpa,Ячмень,Barley,Арпа,2022-03,monthly,2022,3397.0
0004,Bug'doy,Пшеница,Wheat,Буғдой,2022-03,monthly,2022,3183.0
005,Jo'hori,Кукуруза,Corn,Жўҳори,2022-03,monthly,2022,3280.0
006,Kepak,Отруби,Bran,Кепак,2022-03,monthly,2022,2273.0
0008,Shrot,Шрот,Schroth,Шрот,2022-03,monthly,2022,3362.0
009,Shulxa,Шелуха,Husk,Шулха,2022-03,monthly,2022,2794.0
010,Kombikorm,Комбикорм,Compound feed,Комбикорм,2022-03,monthly,2022,2242.0
011,Oliy navli bug'doy uni,Мука пшеничная высшего сорта,High-grade wheat flour,Олий навли буғдой уни,2022-03,monthly,2022,4755.0
0012,1-navli bug'doy uni,Мука пшеничная первого сорта,First grade wheat flour,1-навли буғдой уни,2022-03,monthly,2022,4168.0
013,1-nav bug'doy unidan non,Хлеб пшеничный из муки 1-го сорта,Wheat bread from 1st grade flour,1-нав буғдой унидан нон,2022-03,monthly,2022,3291.0
017,Mol go'shti,Говядина,Beef,Мол гўшти,2022-03,monthly,2022,59442.0
0020,Qo'y go'shti,Баранина,Mutton,Қўй гўшти,2022-03,monthly,2022,68389.0
022,Tovuq go'shti,Мясо птицы,Poultry,Товуқ гўшти,2022-03,monthly,2022,21330.0
026,Turli baliqlar,Рыба всякая,Fish of all kinds,Турли балиқлар,2022-03,monthly,2022,24492.0
027,Yangi sog'ilgan sut (1 litr),Молоко свежее (1 литр),Fresh milk (1 liter),Янги соғилган сут (1 литр),2022-03,monthly,2022,4109.0
034,Tuxum (10 dona),Яйца (10 штук),Eggs (10 pieces ),Тухум (10 дона),2022-03,monthly,2022,9126.0
035,Paxta yog'i (1 litr),Масло хлопковое (1 литр),Cottonseed oil (1 liter),Пахта ёғи (1 литр),2022-03,monthly,2022,16053.0
0036,Kungaboqar yog'i (1 litr),Масло подсолнечное (1 литр),Sunflower oil (1 liter),Кунгабоқар ёғи (1 литр),2022-03,monthly,2022,17681.0
037,Sariyog',Масло сливочное,Butter,Сариёғ,2022-03,monthly,2022,46127.0
039,Limon,Лимоны,Lemons,Лимон,2022-03,monthly,2022,18124.0
0040,Olma,Яблоки,Apples,Олма,2022-03,monthly,2022,9357.0
041,Nok,Груши,Pears,Нок,2022-03,monthly,2022,22626.0
049,Uzum,Виноград,Grape,Узум,2022-03,monthly,2022,11846.0
053,Mayiz,Кишмиш,Kishmish,Майиз,2022-03,monthly,2022,30791.0
055,Karam,Капуста,Cabbage,Карам,2022-03,monthly,2022,3825.0
057,Bodring,Огурцы,Cucumbers,Бодринг,2022-03,monthly,2022,13732.0
058,Pomidor,Помидоры,Tomatoes,Помидор,2022-03,monthly,2022,13215.0
0060,Bulg'or qalampiri,Перец болгарский,Bell pepper,Булғор қалампири,2022-03,monthly,2022,16574.0
061,Qovoq,Тыква,Pumpkin,Қовоқ,2022-03,monthly,2022,3386.0
063,Sabzi,Морковь,Carrot,Сабзи,2022-03,monthly,2022,1843.0
065,Sarimsoq,Чеснок,Garlic,Саримсоқ,2022-03,monthly,2022,18924.0
066,Piyoz,Лук репчатый,Onion,Пиёз,2022-03,monthly,2022,2327.0
069,Kartoshka,Картофель,Potatoes,Картошка,2022-03,monthly,2022,3674.0
0070,Loviya,Фасоль,Beans,Ловия,2022-03,monthly,2022,13057.0
071,No'xot,Горох,Peas,Нўхот,2022-03,monthly,2022,15666.0
0072,Mosh,Маш,Mash,Мош,2022-03,monthly,2022,12241.0
073,Shakar,Сахар песок,Sugar,Шакар,2022-03,monthly,2022,9547.0
002,Kruppa yormasi,Крупа манная,Semolina,Круппа ёрмаси,2022-03,monthly,2022,3397.0
001,Guruch,Рис,Rice,Гуруч,2022-04,monthly,2022,8857.0
003,Arpa,Ячмень,Barley,Арпа,2022-04,monthly,2022,3553.0
0004,Bug'doy,Пшеница,Wheat,Буғдой,2022-04,monthly,2022,3339.0
005,Jo'hori,Кукуруза,Corn,Жўҳори,2022-04,monthly,2022,3440.0
006,Kepak,Отруби,Bran,Кепак,2022-04,monthly,2022,2323.0
0008,Shrot,Шрот,Schroth,Шрот,2022-04,monthly,2022,3379.0
009,Shulxa,Шелуха,Husk,Шулха,2022-04,monthly,2022,2815.0
010,Kombikorm,Комбикорм,Compound feed,Комбикорм,2022-04,monthly,2022,2308.0
011,Oliy navli bug'doy uni,Мука пшеничная высшего сорта,High-grade wheat flour,Олий навли буғдой уни,2022-04,monthly,2022,4876.0
0012,1-navli bug'doy uni,Мука пшеничная первого сорта,First grade wheat flour,1-навли буғдой уни,2022-04,monthly,2022,4270.0
013,1-nav bug'doy unidan non,Хлеб пшеничный из муки 1-го сорта,Wheat bread from 1st grade flour,1-нав буғдой унидан нон,2022-04,monthly,2022,3381.0
017,Mol go'shti,Говядина,Beef,Мол гўшти,2022-04,monthly,2022,59503.0
0020,Qo'y go'shti,Баранина,Mutton,Қўй гўшти,2022-04,monthly,2022,68719.0
022,Tovuq go'shti,Мясо птицы,Poultry,Товуқ гўшти,2022-04,monthly,2022,21359.0
026,Turli baliqlar,Рыба всякая,Fish of all kinds,Турли балиқлар,2022-04,monthly,2022,24204.0
027,Yangi sog'ilgan sut (1 litr),Молоко свежее (1 литр),Fresh milk (1 liter),Янги соғилган сут (1 литр),2022-04,monthly,2022,4120.0
034,Tuxum (10 dona),Яйца (10 штук),Eggs (10 pieces ),Тухум (10 дона),2022-04,monthly,2022,9103.0
035,Paxta yog'i (1 litr),Масло хлопковое (1 литр),Cottonseed oil (1 liter),Пахта ёғи (1 литр),2022-04,monthly,2022,16365.0
0036,Kungaboqar yog'i (1 litr),Масло подсолнечное (1 литр),Sunflower oil (1 liter),Кунгабоқар ёғи (1 литр),2022-04,monthly,2022,18489.0
037,Sariyog',Масло сливочное,Butter,Сариёғ,2022-04,monthly,2022,46158.0
039,Limon,Лимоны,Lemons,Лимон,2022-04,monthly,2022,19091.0
0040,Olma,Яблоки,Apples,Олма,2022-04,monthly,2022,9618.0
041,Nok,Груши,Pears,Нок,2022-04,monthly,2022,23525.0
049,Uzum,Виноград,Grape,Узум,2022-04,monthly,2022,13698.0
053,Mayiz,Кишмиш,Kishmish,Майиз,2022-04,monthly,2022,30811.0
055,Karam,Капуста,Cabbage,Карам,2022-04,monthly,2022,3818.0
057,Bodring,Огурцы,Cucumbers,Бодринг,2022-04,monthly,2022,11372.0
058,Pomidor,Помидоры,Tomatoes,Помидор,2022-04,monthly,2022,12863.0
059,Baqlajon,Баклажаны,Eggplant,Бақлажон,2022-04,monthly,2022,21750.0
0060,Bulg'or qalampiri,Перец болгарский,Bell pepper,Булғор қалампири,2022-04,monthly,2022,18977.0
061,Qovoq,Тыква,Pumpkin,Қовоқ,2022-04,monthly,2022,3775.0
063,Sabzi,Морковь,Carrot,Сабзи,2022-04,monthly,2022,2641.0
065,Sarimsoq,Чеснок,Garlic,Саримсоқ,2022-04,monthly,2022,19411.0
066,Piyoz,Лук репчатый,Onion,Пиёз,2022-04,monthly,2022,3165.0
069,Kartoshka,Картофель,Potatoes,Картошка,2022-04,monthly,2022,3242.0
0070,Loviya,Фасоль,Beans,Ловия,2022-04,monthly,2022,13090.0
071,No'xot,Горох,Peas,Нўхот,2022-04,monthly,2022,15889.0
0072,Mosh,Маш,Mash,Мош,2022-04,monthly,2022,12288.0
073,Shakar,Сахар песок,Sugar,Шакар,2022-04,monthly,2022,10553.0
002,Kruppa yormasi,Крупа манная,Semolina,Круппа ёрмаси,2022-04,monthly,2022,3553.0
001,Guruch,Рис,Rice,Гуруч,2022-05,monthly,2022,8974.0
003,Arpa,Ячмень,Barley,Арпа,2022-05,monthly,2022,3663.0
0004,Bug'doy,Пшеница,Wheat,Буғдой,2022-05,monthly,2022,3559.0
005,Jo'hori,Кукуруза,Corn,Жўҳори,2022-05,monthly,2022,3625.0
006,Kepak,Отруби,Bran,Кепак,2022-05,monthly,2022,2388.0
0008,Shrot,Шрот,Schroth,Шрот,2022-05,monthly,2022,3415.0
009,Shulxa,Шелуха,Husk,Шулха,2022-05,monthly,2022,2829.0
010,Kombikorm,Комбикорм,Compound feed,Комбикорм,2022-05,monthly,2022,2345.0
011,Oliy navli bug'doy uni,Мука пшеничная высшего сорта,High-grade wheat flour,Олий навли буғдой уни,2022-05,monthly,2022,5056.0
0012,1-navli bug'doy uni,Мука пшеничная первого сорта,First grade wheat flour,1-навли буғдой уни,2022-05,monthly,2022,4442.0
013,1-nav bug'doy unidan non,Хлеб пшеничный из муки 1-го сорта,Wheat bread from 1st grade flour,1-нав буғдой унидан нон,2022-05,monthly,2022,3534.0
017,Mol go'shti,Говядина,Beef,Мол гўшти,2022-05,monthly,2022,59856.0
0020,Qo'y go'shti,Баранина,Mutton,Қўй гўшти,2022-05,monthly,2022,69601.0
022,Tovuq go'shti,Мясо птицы,Poultry,Товуқ гўшти,2022-05,monthly,2022,21643.0
026,Turli baliqlar,Рыба всякая,Fish of all kinds,Турли балиқлар,2022-05,monthly,2022,24425.0
027,Yangi sog'ilgan sut (1 litr),Молоко свежее (1 литр),Fresh milk (1 liter),Янги соғилган сут (1 литр),2022-05,monthly,2022,4151.0
034,Tuxum (10 dona),Яйца (10 штук),Eggs (10 pieces ),Тухум (10 дона),2022-05,monthly,2022,8955.0
035,Paxta yog'i (1 litr),Масло хлопковое (1 литр),Cottonseed oil (1 liter),Пахта ёғи (1 литр),2022-05,monthly,2022,16664.0
0036,Kungaboqar yog'i (1 litr),Масло подсолнечное (1 литр),Sunflower oil (1 liter),Кунгабоқар ёғи (1 литр),2022-05,monthly,2022,18869.0
037,Sariyog',Масло сливочное,Butter,Сариёғ,2022-05,monthly,2022,45391.0
039,Limon,Лимоны,Lemons,Лимон,2022-05,monthly,2022,19827.0
0040,Olma,Яблоки,Apples,Олма,2022-05,monthly,2022,9804.0
041,Nok,Груши,Pears,Нок,2022-05,monthly,2022,24553.0
0050,Tarvuz,Арбуз,Watermelon,Тарвуз,2022-05,monthly,2022,7500.0
053,Mayiz,Кишмиш,Kishmish,Майиз,2022-05,monthly,2022,31078.0
055,Karam,Капуста,Cabbage,Карам,2022-05,monthly,2022,3324.0
057,Bodring,Огурцы,Cucumbers,Бодринг,2022-05,monthly,2022,4971.0
058,Pomidor,Помидоры,Tomatoes,Помидор,2022-05,monthly,2022,8934.0
059,Baqlajon,Баклажаны,Eggplant,Бақлажон,2022-05,monthly,2022,14545.0
0060,Bulg'or qalampiri,Перец болгарский,Bell pepper,Булғор қалампири,2022-05,monthly,2022,12454.0
061,Qovoq,Тыква,Pumpkin,Қовоқ,2022-05,monthly,2022,4176.0
063,Sabzi,Морковь,Carrot,Сабзи,2022-05,monthly,2022,2746.0
065,Sarimsoq,Чеснок,Garlic,Саримсоқ,2022-05,monthly,2022,17347.0
066,Piyoz,Лук репчатый,Onion,Пиёз,2022-05,monthly,2022,3022.0
069,Kartoshka,Картофель,Potatoes,Картошка,2022-05,monthly,2022,3292.0
0070,Loviya,Фасоль,Beans,Ловия,2022-05,monthly,2022,13109.0
071,No'xot,Горох,Peas,Нўхот,2022-05,monthly,2022,16246.0
0072,Mosh,Маш,Mash,Мош,2022-05,monthly,2022,12462.0
073,Shakar,Сахар песок,Sugar,Шакар,2022-05,monthly,2022,10665.0
002,Kruppa yormasi,Крупа манная,Semolina,Круппа ёрмаси,2022-05,monthly,2022,3663.0
001,Guruch,Рис,Rice,Гуруч,2022-06,monthly,2022,9265.0
003,Arpa,Ячмень,Barley,Арпа,2022-06,monthly,2022,3794.0
0004,Bug'doy,Пшеница,Wheat,Буғдой,2022-06,monthly,2022,3914.0
005,Jo'hori,Кукуруза,Corn,Жўҳори,2022-06,monthly,2022,3804.0
006,Kepak,Отруби,Bran,Кепак,2022-06,monthly,2022,2460.0
0008,Shrot,Шрот,Schroth,Шрот,2022-06,monthly,2022,3493.0
009,Shulxa,Шелуха,Husk,Шулха,2022-06,monthly,2022,2920.0
010,Kombikorm,Комбикорм,Compound feed,Комбикорм,2022-06,monthly,2022,2477.0
011,Oliy navli bug'doy uni,Мука пшеничная высшего сорта,High-grade wheat flour,Олий навли буғдой уни,2022-06,monthly,2022,5763.0
0012,1-navli bug'doy uni,Мука пшеничная первого сорта,First grade wheat flour,1-навли буғдой уни,2022-06,monthly,2022,4898.0
013,1-nav bug'doy unidan non,Хлеб пшеничный из муки 1-го сорта,Wheat bread from 1st grade flour,1-нав буғдой унидан нон,2022-06,monthly,2022,4337.0
017,Mol go'shti,Говядина,Beef,Мол гўшти,2022-06,monthly,2022,61103.0
0020,Qo'y go'shti,Баранина,Mutton,Қўй гўшти,2022-06,monthly,2022,71465.0
022,Tovuq go'shti,Мясо птицы,Poultry,Товуқ гўшти,2022-06,monthly,2022,21987.0
026,Turli baliqlar,Рыба всякая,Fish of all kinds,Турли балиқлар,2022-06,monthly,2022,24556.0
027,Yangi sog'ilgan sut (1 litr),Молоко свежее (1 литр),Fresh milk (1 liter),Янги соғилган сут (1 литр),2022-06,monthly,2022,4197.0
034,Tuxum (10 dona),Яйца (10 штук),Eggs (10 pieces ),Тухум (10 дона),2022-06,monthly,2022,9226.0
035,Paxta yog'i (1 litr),Масло хлопковое (1 литр),Cottonseed oil (1 liter),Пахта ёғи (1 литр),2022-06,monthly,2022,17472.0
0036,Kungaboqar yog'i (1 litr),Масло подсолнечное (1 литр),Sunflower oil (1 liter),Кунгабоқар ёғи (1 литр),2022-06,monthly,2022,19481.0
037,Sariyog',Масло сливочное,Butter,Сариёғ,2022-06,monthly,2022,45420.0
039,Limon,Лимоны,Lemons,Лимон,2022-06,monthly,2022,21016.0
0040,Olma,Яблоки,Apples,Олма,2022-06,monthly,2022,8761.0
041,Nok,Груши,Pears,Нок,2022-06,monthly,2022,25285.0
049,Uzum,Виноград,Grape,Узум,2022-06,monthly,2022,8400.0
0050,Tarvuz,Арбуз,Watermelon,Тарвуз,2022-06,monthly,2022,2570.0
0051,Qovun,Дыня,Melon,Қовун,2022-06,monthly,2022,3579.0
053,Mayiz,Кишмиш,Kishmish,Майиз,2022-06,monthly,2022,31950.0
055,Karam,Капуста,Cabbage,Карам,2022-06,monthly,2022,2856.0
057,Bodring,Огурцы,Cucumbers,Бодринг,2022-06,monthly,2022,3622.0
058,Pomidor,Помидоры,Tomatoes,Помидор,2022-06,monthly,2022,5850.0
059,Baqlajon,Баклажаны,Eggplant,Бақлажон,2022-06,monthly,2022,5470.0
0060,Bulg'or qalampiri,Перец болгарский,Bell pepper,Булғор қалампири,2022-06,monthly,2022,6247.0
061,Qovoq,Тыква,Pumpkin,Қовоқ,2022-06,monthly,2022,4250.0
063,Sabzi,Морковь,Carrot,Сабзи,2022-06,monthly,2022,2730.0
065,Sarimsoq,Чеснок,Garlic,Саримсоқ,2022-06,monthly,2022,13743.0
066,Piyoz,Лук репчатый,Onion,Пиёз,2022-06,monthly,2022,3168.0
069,Kartoshka,Картофель,Potatoes,Картошка,2022-06,monthly,2022,3453.0
0070,Loviya,Фасоль,Beans,Ловия,2022-06,monthly,2022,13197.0
071,No'xot,Горох,Peas,Нўхот,2022-06,monthly,2022,16480.0
0072,Mosh,Маш,Mash,Мош,2022-06,monthly,2022,12576.0
073,Shakar,Сахар песок,Sugar,Шакар,2022-06,monthly,2022,11885.0
002,Kruppa yormasi,Крупа манная,Semolina,Круппа ёрмаси,2022-06,monthly,2022,3794.0
001,Guruch,Рис,Rice,Гуруч,2022-07,monthly,2022,9553.0
003,Arpa,Ячмень,Barley,Арпа,2022-07,monthly,2022,3882.0
0004,Bug'doy,Пшеница,Wheat,Буғдой,2022-07,monthly,2022,4020.0
005,Jo'hori,Кукуруза,Corn,Жўҳори,2022-07,monthly,2022,4002.0
006,Kepak,Отруби,Bran,Кепак,2022-07,monthly,2022,2506.0
0008,Shrot,Шрот,Schroth,Шрот,2022-07,monthly,2022,3618.0
009,Shulxa,Шелуха,Husk,Шулха,2022-07,monthly,2022,3068.0
010,Kombikorm,Комбикорм,Compound feed,Комбикорм,2022-07,monthly,2022,2736.0
011,Oliy navli bug'doy uni,Мука пшеничная высшего сорта,High-grade wheat flour,Олий навли буғдой уни,2022-07,monthly,2022,6123.0
0012,1-navli bug'doy uni,Мука пшеничная первого сорта,First grade wheat flour,1-навли буғдой уни,2022-07,monthly,2022,5087.0
013,1-nav bug'doy unidan non,Хлеб пшеничный из муки 1-го сорта,Wheat bread from 1st grade flour,1-нав буғдой унидан нон,2022-07,monthly,2022,4616.0
017,Mol go'shti,Говядина,Beef,Мол гўшти,2022-07,monthly,2022,62368.0
0020,Qo'y go'shti,Баранина,Mutton,Қўй гўшти,2022-07,monthly,2022,72633.0
022,Tovuq go'shti,Мясо птицы,Poultry,Товуқ гўшти,2022-07,monthly,2022,22170.0
026,Turli baliqlar,Рыба всякая,Fish of all kinds,Турли балиқлар,2022-07,monthly,2022,24556.0
027,Yangi sog'ilgan sut (1 litr),Молоко свежее (1 литр),Fresh milk (1 liter),Янги соғилган сут (1 литр),2022-07,monthly,2022,4298.0
034,Tuxum (10 dona),Яйца (10 штук),Eggs (10 pieces ),Тухум (10 дона),2022-07,monthly,2022,9327.0
035,Paxta yog'i (1 litr),Масло хлопковое (1 литр),Cottonseed oil (1 liter),Пахта ёғи (1 литр),2022-07,monthly,2022,17796.0
0036,Kungaboqar yog'i (1 litr),Масло подсолнечное (1 литр),Sunflower oil (1 liter),Кунгабоқар ёғи (1 литр),2022-07,monthly,2022,19783.0
037,Sariyog',Масло сливочное,Butter,Сариёғ,2022-07,monthly,2022,46185.0
039,Limon,Лимоны,Lemons,Лимон,2022-07,monthly,2022,23116.0
0040,Olma,Яблоки,Apples,Олма,2022-07,monthly,2022,8042.0
041,Nok,Груши,Pears,Нок,2022-07,monthly,2022,23355.0
049,Uzum,Виноград,Grape,Узум,2022-07,monthly,2022,6978.0
0050,Tarvuz,Арбуз,Watermelon,Тарвуз,2022-07,monthly,2022,1761.0
0051,Qovun,Дыня,Melon,Қовун,2022-07,monthly,2022,2525.0
053,Mayiz,Кишмиш,Kishmish,Майиз,2022-07,monthly,2022,32027.0
055,Karam,Капуста,Cabbage,Карам,2022-07,monthly,2022,3033.0
057,Bodring,Огурцы,Cucumbers,Бодринг,2022-07,monthly,2022,3718.0
058,Pomidor,Помидоры,Tomatoes,Помидор,2022-07,monthly,2022,3290.0
059,Baqlajon,Баклажаны,Eggplant,Бақлажон,2022-07,monthly,2022,3129.0
0060,Bulg'or qalampiri,Перец болгарский,Bell pepper,Булғор қалампири,2022-07,monthly,2022,4636.0
061,Qovoq,Тыква,Pumpkin,Қовоқ,2022-07,monthly,2022,4379.0
063,Sabzi,Морковь,Carrot,Сабзи,2022-07,monthly,2022,2711.0
065,Sarimsoq,Чеснок,Garlic,Саримсоқ,2022-07,monthly,2022,13303.0
066,Piyoz,Лук репчатый,Onion,Пиёз,2022-07,monthly,2022,3634.0
069,Kartoshka,Картофель,Potatoes,Картошка,2022-07,monthly,2022,3459.0
0070,Loviya,Фасоль,Beans,Ловия,2022-07,monthly,2022,13229.0
071,No'xot,Горох,Peas,Нўхот,2022-07,monthly,2022,17190.0
0072,Mosh,Маш,Mash,Мош,2022-07,monthly,2022,12756.0
073,Shakar,Сахар песок,Sugar,Шакар,2022-07,monthly,2022,12579.0
002,Kruppa yormasi,Крупа манная,Semolina,Круппа ёрмаси,2022-07,monthly,2022,3882.0
001,Guruch,Рис,Rice,Гуруч,2022-08,monthly,2022,10381.0
003,Arpa,Ячмень,Barley,Арпа,2022-08,monthly,2022,4015.0
0004,Bug'doy,Пшеница,Wheat,Буғдой,2022-08,monthly,2022,4120.0
005,Jo'hori,Кукуруза,Corn,Жўҳори,2022-08,monthly,2022,4064.0
006,Kepak,Отруби,Bran,Кепак,2022-08,monthly,2022,2655.0
0008,Shrot,Шрот,Schroth,Шрот,2022-08,monthly,2022,3746.0
009,Shulxa,Шелуха,Husk,Шулха,2022-08,monthly,2022,3247.0
010,Kombikorm,Комбикорм,Compound feed,Комбикорм,2022-08,monthly,2022,2852.0
011,Oliy navli bug'doy uni,Мука пшеничная высшего сорта,High-grade wheat flour,Олий навли буғдой уни,2022-08,monthly,2022,6514.0
0012,1-navli bug'doy uni,Мука пшеничная первого сорта,First grade wheat flour,1-навли буғдой уни,2022-08,monthly,2022,5293.0
013,1-nav bug'doy unidan non,Хлеб пшеничный из муки 1-го сорта,Wheat bread from 1st grade flour,1-нав буғдой унидан нон,2022-08,monthly,2022,4886.0
017,Mol go'shti,Говядина,Beef,Мол гўшти,2022-08,monthly,2022,63020.0
0020,Qo'y go'shti,Баранина,Mutton,Қўй гўшти,2022-08,monthly,2022,73057.0
022,Tovuq go'shti,Мясо птицы,Poultry,Товуқ гўшти,2022-08,monthly,2022,22363.0
026,Turli baliqlar,Рыба всякая,Fish of all kinds,Турли балиқлар,2022-08,monthly,2022,25517.0
027,Yangi sog'ilgan sut (1 litr),Молоко свежее (1 литр),Fresh milk (1 liter),Янги соғилган сут (1 литр),2022-08,monthly,2022,4367.0
034,Tuxum (10 dona),Яйца (10 штук),Eggs (10 pieces ),Тухум (10 дона),2022-08,monthly,2022,9455.0
035,Paxta yog'i (1 litr),Масло хлопковое (1 литр),Cottonseed oil (1 liter),Пахта ёғи (1 литр),2022-08,monthly,2022,18119.0
0036,Kungaboqar yog'i (1 litr),Масло подсолнечное (1 литр),Sunflower oil (1 liter),Кунгабоқар ёғи (1 литр),2022-08,monthly,2022,20049.0
037,Sariyog',Масло сливочное,Butter,Сариёғ,2022-08,monthly,2022,47492.0
039,Limon,Лимоны,Lemons,Лимон,2022-08,monthly,2022,32778.0
0040,Olma,Яблоки,Apples,Олма,2022-08,monthly,2022,8304.0
041,Nok,Груши,Pears,Нок,2022-08,monthly,2022,19068.0
049,Uzum,Виноград,Grape,Узум,2022-08,monthly,2022,6421.0
0050,Tarvuz,Арбуз,Watermelon,Тарвуз,2022-08,monthly,2022,1840.0
0051,Qovun,Дыня,Melon,Қовун,2022-08,monthly,2022,2596.0
053,Mayiz,Кишмиш,Kishmish,Майиз,2022-08,monthly,2022,32559.0
055,Karam,Капуста,Cabbage,Карам,2022-08,monthly,2022,3259.0
057,Bodring,Огурцы,Cucumbers,Бодринг,2022-08,monthly,2022,4370.0
058,Pomidor,Помидоры,Tomatoes,Помидор,2022-08,monthly,2022,3281.0
059,Baqlajon,Баклажаны,Eggplant,Бақлажон,2022-08,monthly,2022,3065.0
0060,Bulg'or qalampiri,Перец болгарский,Bell pepper,Булғор қалампири,2022-08,monthly,2022,4447.0
061,Qovoq,Тыква,Pumpkin,Қовоқ,2022-08,monthly,2022,3888.0
063,Sabzi,Морковь,Carrot,Сабзи,2022-08,monthly,2022,2652.0
065,Sarimsoq,Чеснок,Garlic,Саримсоқ,2022-08,monthly,2022,13808.0
066,Piyoz,Лук репчатый,Onion,Пиёз,2022-08,monthly,2022,3754.0
069,Kartoshka,Картофель,Potatoes,Картошка,2022-08,monthly,2022,3586.0
0070,Loviya,Фасоль,Beans,Ловия,2022-08,monthly,2022,13114.0
071,No'xot,Горох,Peas,Нўхот,2022-08,monthly,2022,18229.0
0072,Mosh,Маш,Mash,Мош,2022-08,monthly,2022,12960.0
073,Shakar,Сахар песок,Sugar,Шакар,2022-08,monthly,2022,13333.0
002,Kruppa yormasi,Крупа манная,Semolina,Круппа ёрмаси,2022-08,monthly,2022,4015.0
001,Guruch,Рис,Rice,Гуруч,2022-09,monthly,2022,10832.0
003,Arpa,Ячмень,Barley,Арпа,2022-09,monthly,2022,4220.0
0004,Bug'doy,Пшеница,Wheat,Буғдой,2022-09,monthly,2022,4204.0
005,Jo'hori,Кукуруза,Corn,Жўҳори,2022-09,monthly,2022,4075.0
006,Kepak,Отруби,Bran,Кепак,2022-09,monthly,2022,2879.0
0008,Shrot,Шрот,Schroth,Шрот,2022-09,monthly,2022,3919.0
009,Shulxa,Шелуха,Husk,Шулха,2022-09,monthly,2022,3483.0
010,Kombikorm,Комбикорм,Compound feed,Комбикорм,2022-09,monthly,2022,3016.0
011,Oliy navli bug'doy uni,Мука пшеничная высшего сорта,High-grade wheat flour,Олий навли буғдой уни,2022-09,monthly,2022,6870.0
0012,1-navli bug'doy uni,Мука пшеничная первого сорта,First grade wheat flour,1-навли буғдой уни,2022-09,monthly,2022,5797.0
013,1-nav bug'doy unidan non,Хлеб пшеничный из муки 1-го сорта,Wheat bread from 1st grade flour,1-нав буғдой унидан нон,2022-09,monthly,2022,5352.0
017,Mol go'shti,Говядина,Beef,Мол гўшти,2022-09,monthly,2022,63454.0
0020,Qo'y go'shti,Баранина,Mutton,Қўй гўшти,2022-09,monthly,2022,73627.0
022,Tovuq go'shti,Мясо птицы,Poultry,Товуқ гўшти,2022-09,monthly,2022,23109.0
026,Turli baliqlar,Рыба всякая,Fish of all kinds,Турли балиқлар,2022-09,monthly,2022,25225.0
027,Yangi sog'ilgan sut (1 litr),Молоко свежее (1 литр),Fresh milk (1 liter),Янги соғилган сут (1 литр),2022-09,monthly,2022,4433.0
034,Tuxum (10 dona),Яйца (10 штук),Eggs (10 pieces ),Тухум (10 дона),2022-09,monthly,2022,9955.0
035,Paxta yog'i (1 litr),Масло хлопковое (1 литр),Cottonseed oil (1 liter),Пахта ёғи (1 литр),2022-09,monthly,2022,18316.0
0036,Kungaboqar yog'i (1 litr),Масло подсолнечное (1 литр),Sunflower oil (1 liter),Кунгабоқар ёғи (1 литр),2022-09,monthly,2022,20136.0
037,Sariyog',Масло сливочное,Butter,Сариёғ,2022-09,monthly,2022,48383.0
039,Limon,Лимоны,Lemons,Лимон,2022-09,monthly,2022,29057.0
0040,Olma,Яблоки,Apples,Олма,2022-09,monthly,2022,8045.0
041,Nok,Груши,Pears,Нок,2022-09,monthly,2022,17609.0
049,Uzum,Виноград,Grape,Узум,2022-09,monthly,2022,6036.0
0050,Tarvuz,Арбуз,Watermelon,Тарвуз,2022-09,monthly,2022,1852.0
0051,Qovun,Дыня,Melon,Қовун,2022-09,monthly,2022,2671.0
053,Mayiz,Кишмиш,Kishmish,Майиз,2022-09,monthly,2022,32967.0
055,Karam,Капуста,Cabbage,Карам,2022-09,monthly,2022,3046.0
057,Bodring,Огурцы,Cucumbers,Бодринг,2022-09,monthly,2022,5003.0
058,Pomidor,Помидоры,Tomatoes,Помидор,2022-09,monthly,2022,4528.0
059,Baqlajon,Баклажаны,Eggplant,Бақлажон,2022-09,monthly,2022,3313.0
0060,Bulg'or qalampiri,Перец болгарский,Bell pepper,Булғор қалампири,2022-09,monthly,2022,4619.0
061,Qovoq,Тыква,Pumpkin,Қовоқ,2022-09,monthly,2022,3640.0
063,Sabzi,Морковь,Carrot,Сабзи,2022-09,monthly,2022,2590.0
065,Sarimsoq,Чеснок,Garlic,Саримсоқ,2022-09,monthly,2022,14405.0
066,Piyoz,Лук репчатый,Onion,Пиёз,2022-09,monthly,2022,3276.0
069,Kartoshka,Картофель,Potatoes,Картошка,2022-09,monthly,2022,3752.0
0070,Loviya,Фасоль,Beans,Ловия,2022-09,monthly,2022,13144.0
071,No'xot,Горох,Peas,Нўхот,2022-09,monthly,2022,18746.0
0072,Mosh,Маш,Mash,Мош,2022-09,monthly,2022,13071.0
073,Shakar,Сахар песок,Sugar,Шакар,2022-09,monthly,2022,13538.0
002,Kruppa yormasi,Крупа манная,Semolina,Круппа ёрмаси,2022-09,monthly,2022,4220.0
001,Guruch,Рис,Rice,Гуруч,2022-10,monthly,2022,11135.0
003,Arpa,Ячмень,Barley,Арпа,2022-10,monthly,2022,4250.0
0004,Bug'doy,Пшеница,Wheat,Буғдой,2022-10,monthly,2022,4192.0
005,Jo'hori,Кукуруза,Corn,Жўҳори,2022-10,monthly,2022,3954.0
006,Kepak,Отруби,Bran,Кепак,2022-10,monthly,2022,2913.0
0008,Shrot,Шрот,Schroth,Шрот,2022-10,monthly,2022,3940.0
009,Shulxa,Шелуха,Husk,Шулха,2022-10,monthly,2022,3550.0
010,Kombikorm,Комбикорм,Compound feed,Комбикорм,2022-10,monthly,2022,3042.0
011,Oliy navli bug'doy uni,Мука пшеничная высшего сорта,High-grade wheat flour,Олий навли буғдой уни,2022-10,monthly,2022,8148.0
0012,1-navli bug'doy uni,Мука пшеничная первого сорта,First grade wheat flour,1-навли буғдой уни,2022-10,monthly,2022,6538.0
013,1-nav bug'doy unidan non,Хлеб пшеничный из муки 1-го сорта,Wheat bread from 1st grade flour,1-нав буғдой унидан нон,2022-10,monthly,2022,5960.0
017,Mol go'shti,Говядина,Beef,Мол гўшти,2022-10,monthly,2022,65703.0
0020,Qo'y go'shti,Баранина,Mutton,Қўй гўшти,2022-10,monthly,2022,75238.0
022,Tovuq go'shti,Мясо птицы,Poultry,Товуқ гўшти,2022-10,monthly,2022,24305.0
026,Turli baliqlar,Рыба всякая,Fish of all kinds,Турли балиқлар,2022-10,monthly,2022,25463.0
027,Yangi sog'ilgan sut (1 litr),Молоко свежее (1 литр),Fresh milk (1 liter),Янги соғилган сут (1 литр),2022-10,monthly,2022,4525.0
034,Tuxum (10 dona),Яйца (10 штук),Eggs (10 pieces ),Тухум (10 дона),2022-10,monthly,2022,11038.0
035,Paxta yog'i (1 litr),Масло хлопковое (1 литр),Cottonseed oil (1 liter),Пахта ёғи (1 литр),2022-10,monthly,2022,18481.0
0036,Kungaboqar yog'i (1 litr),Масло подсолнечное (1 литр),Sunflower oil (1 liter),Кунгабоқар ёғи (1 литр),2022-10,monthly,2022,20312.0
037,Sariyog',Масло сливочное,Butter,Сариёғ,2022-10,monthly,2022,48804.0
039,Limon,Лимоны,Lemons,Лимон,2022-10,monthly,2022,18753.0
0040,Olma,Яблоки,Apples,Олма,2022-10,monthly,2022,7701.0
041,Nok,Груши,Pears,Нок,2022-10,monthly,2022,17447.0
049,Uzum,Виноград,Grape,Узум,2022-10,monthly,2022,5895.0
0050,Tarvuz,Арбуз,Watermelon,Тарвуз,2022-10,monthly,2022,1991.0
0051,Qovun,Дыня,Melon,Қовун,2022-10,monthly,2022,2797.0
053,Mayiz,Кишмиш,Kishmish,Майиз,2022-10,monthly,2022,32926.0
055,Karam,Капуста,Cabbage,Карам,2022-10,monthly,2022,2904.0
057,Bodring,Огурцы,Cucumbers,Бодринг,2022-10,monthly,2022,5740.0
058,Pomidor,Помидоры,Tomatoes,Помидор,2022-10,monthly,2022,5617.0
059,Baqlajon,Баклажаны,Eggplant,Бақлажон,2022-10,monthly,2022,3514.0
0060,Bulg'or qalampiri,Перец болгарский,Bell pepper,Булғор қалампири,2022-10,monthly,2022,5088.0
061,Qovoq,Тыква,Pumpkin,Қовоқ,2022-10,monthly,2022,3212.0
063,Sabzi,Морковь,Carrot,Сабзи,2022-10,monthly,2022,2836.0
065,Sarimsoq,Чеснок,Garlic,Саримсоқ,2022-10,monthly,2022,14569.0
066,Piyoz,Лук репчатый,Onion,Пиёз,2022-10,monthly,2022,3233.0
069,Kartoshka,Картофель,Potatoes,Картошка,2022-10,monthly,2022,3908.0
0070,Loviya,Фасоль,Beans,Ловия,2022-10,monthly,2022,13233.0
071,No'xot,Горох,Peas,Нўхот,2022-10,monthly,2022,18857.0
0072,Mosh,Маш,Mash,Мош,2022-10,monthly,2022,13037.0
073,Shakar,Сахар песок,Sugar,Шакар,2022-10,monthly,2022,13788.0
002,Kruppa yormasi,Крупа манная,Semolina,Круппа ёрмаси,2022-10,monthly,2022,4250.0
001,Guruch,Рис,Rice,Гуруч,2022-11,monthly,2022,11244.0
003,Arpa,Ячмень,Barley,Арпа,2022-11,monthly,2022,4280.0
0004,Bug'doy,Пшеница,Wheat,Буғдой,2022-11,monthly,2022,4198.0
005,Jo'hori,Кукуруза,Corn,Жўҳори,2022-11,monthly,2022,3935.0
006,Kepak,Отруби,Bran,Кепак,2022-11,monthly,2022,2936.0
0008,Shrot,Шрот,Schroth,Шрот,2022-11,monthly,2022,4043.0
009,Shulxa,Шелуха,Husk,Шулха,2022-11,monthly,2022,3621.0
010,Kombikorm,Комбикорм,Compound feed,Комбикорм,2022-11,monthly,2022,3098.0
011,Oliy navli bug'doy uni,Мука пшеничная высшего сорта,High-grade wheat flour,Олий навли буғдой уни,2022-11,monthly,2022,8250.0
0012,1-navli bug'doy uni,Мука пшеничная первого сорта,First grade wheat flour,1-навли буғдой уни,2022-11,monthly,2022,6573.0
013,1-nav bug'doy unidan non,Хлеб пшеничный из муки 1-го сорта,Wheat bread from 1st grade flour,1-нав буғдой унидан нон,2022-11,monthly,2022,5986.0
017,Mol go'shti,Говядина,Beef,Мол гўшти,2022-11,monthly,2022,66054.0
0020,Qo'y go'shti,Баранина,Mutton,Қўй гўшти,2022-11,monthly,2022,76100.0
022,Tovuq go'shti,Мясо птицы,Poultry,Товуқ гўшти,2022-11,monthly,2022,24627.0
026,Turli baliqlar,Рыба всякая,Fish of all kinds,Турли балиқлар,2022-11,monthly,2022,25395.0
027,Yangi sog'ilgan sut (1 litr),Молоко свежее (1 литр),Fresh milk (1 liter),Янги соғилган сут (1 литр),2022-11,monthly,2022,4555.0
034,Tuxum (10 dona),Яйца (10 штук),Eggs (10 pieces ),Тухум (10 дона),2022-11,monthly,2022,12309.0
035,Paxta yog'i (1 litr),Масло хлопковое (1 литр),Cottonseed oil (1 liter),Пахта ёғи (1 литр),2022-11,monthly,2022,18409.0
0036,Kungaboqar yog'i (1 litr),Масло подсолнечное (1 литр),Sunflower oil (1 liter),Кунгабоқар ёғи (1 литр),2022-11,monthly,2022,20321.0
037,Sariyog',Масло сливочное,Butter,Сариёғ,2022-11,monthly,2022,50762.0
039,Limon,Лимоны,Lemons,Лимон,2022-11,monthly,2022,13902.0
0040,Olma,Яблоки,Apples,Олма,2022-11,monthly,2022,7680.0
041,Nok,Груши,Pears,Нок,2022-11,monthly,2022,18346.0
049,Uzum,Виноград,Grape,Узум,2022-11,monthly,2022,6399.0
0050,Tarvuz,Арбуз,Watermelon,Тарвуз,2022-11,monthly,2022,2521.0
0051,Qovun,Дыня,Melon,Қовун,2022-11,monthly,2022,3248.0
053,Mayiz,Кишмиш,Kishmish,Майиз,2022-11,monthly,2022,32779.0
055,Karam,Капуста,Cabbage,Карам,2022-11,monthly,2022,2957.0
057,Bodring,Огурцы,Cucumbers,Бодринг,2022-11,monthly,2022,10465.0
058,Pomidor,Помидоры,Tomatoes,Помидор,2022-11,monthly,2022,9326.0
059,Baqlajon,Баклажаны,Eggplant,Бақлажон,2022-11,monthly,2022,4853.0
0060,Bulg'or qalampiri,Перец болгарский,Bell pepper,Булғор қалампири,2022-11,monthly,2022,8137.0
061,Qovoq,Тыква,Pumpkin,Қовоқ,2022-11,monthly,2022,3293.0
063,Sabzi,Морковь,Carrot,Сабзи,2022-11,monthly,2022,2971.0
065,Sarimsoq,Чеснок,Garlic,Саримсоқ,2022-11,monthly,2022,14894.0
066,Piyoz,Лук репчатый,Onion,Пиёз,2022-11,monthly,2022,3588.0
069,Kartoshka,Картофель,Potatoes,Картошка,2022-11,monthly,2022,3963.0
0070,Loviya,Фасоль,Beans,Ловия,2022-11,monthly,2022,13340.0
071,No'xot,Горох,Peas,Нўхот,2022-11,monthly,2022,18931.0
0072,Mosh,Маш,Mash,Мош,2022-11,monthly,2022,13174.0
073,Shakar,Сахар песок,Sugar,Шакар,2022-11,monthly,2022,13580.0
002,Kruppa yormasi,Крупа манная,Semolina,Круппа ёрмаси,2022-11,monthly,2022,4280.0
001,Guruch,Рис,Rice,Гуруч,2022-12,monthly,2022,11359.0
003,Arpa,Ячмень,Barley,Арпа,2022-12,monthly,2022,4387.0
0004,Bug'doy,Пшеница,Wheat,Буғдой,2022-12,monthly,2022,4228.0
005,Jo'hori,Кукуруза,Corn,Жўҳори,2022-12,monthly,2022,3987.0
006,Kepak,Отруби,Bran,Кепак,2022-12,monthly,2022,3005.0
0008,Shrot,Шрот,Schroth,Шрот,2022-12,monthly,2022,4284.0
009,Shulxa,Шелуха,Husk,Шулха,2022-12,monthly,2022,3677.0
010,Kombikorm,Комбикорм,Compound feed,Комбикорм,2022-12,monthly,2022,3102.0
011,Oliy navli bug'doy uni,Мука пшеничная высшего сорта,High-grade wheat flour,Олий навли буғдой уни,2022-12,monthly,2022,8257.0
0012,1-navli bug'doy uni,Мука пшеничная первого сорта,First grade wheat flour,1-навли буғдой уни,2022-12,monthly,2022,6604.0
013,1-nav bug'doy unidan non,Хлеб пшеничный из муки 1-го сорта,Wheat bread from 1st grade flour,1-нав буғдой унидан нон,2022-12,monthly,2022,5997.0
017,Mol go'shti,Говядина,Beef,Мол гўшти,2022-12,monthly,2022,65915.0
0020,Qo'y go'shti,Баранина,Mutton,Қўй гўшти,2022-12,monthly,2022,75926.0
022,Tovuq go'shti,Мясо птицы,Poultry,Товуқ гўшти,2022-12,monthly,2022,24940.0
026,Turli baliqlar,Рыба всякая,Fish of all kinds,Турли балиқлар,2022-12,monthly,2022,25803.0
027,Yangi sog'ilgan sut (1 litr),Молоко свежее (1 литр),Fresh milk (1 liter),Янги соғилган сут (1 литр),2022-12,monthly,2022,4674.0
034,Tuxum (10 dona),Яйца (10 штук),Eggs (10 pieces ),Тухум (10 дона),2022-12,monthly,2022,13429.0
035,Paxta yog'i (1 litr),Масло хлопковое (1 литр),Cottonseed oil (1 liter),Пахта ёғи (1 литр),2022-12,monthly,2022,18189.0
0036,Kungaboqar yog'i (1 litr),Масло подсолнечное (1 литр),Sunflower oil (1 liter),Кунгабоқар ёғи (1 литр),2022-12,monthly,2022,19904.0
037,Sariyog',Масло сливочное,Butter,Сариёғ,2022-12,monthly,2022,52863.0
039,Limon,Лимоны,Lemons,Лимон,2022-12,monthly,2022,9603.0
0040,Olma,Яблоки,Apples,Олма,2022-12,monthly,2022,8426.0
041,Nok,Груши,Pears,Нок,2022-12,monthly,2022,19832.0
049,Uzum,Виноград,Grape,Узум,2022-12,monthly,2022,8623.0
0050,Tarvuz,Арбуз,Watermelon,Тарвуз,2022-12,monthly,2022,3399.0
0051,Qovun,Дыня,Melon,Қовун,2022-12,monthly,2022,4045.0
053,Mayiz,Кишмиш,Kishmish,Майиз,2022-12,monthly,2022,32728.0
055,Karam,Капуста,Cabbage,Карам,2022-12,monthly,2022,2987.0
057,Bodring,Огурцы,Cucumbers,Бодринг,2022-12,monthly,2022,17405.0
058,Pomidor,Помидоры,Tomatoes,Помидор,2022-12,monthly,2022,15389.0
059,Baqlajon,Баклажаны,Eggplant,Бақлажон,2022-12,monthly,2022,7809.0
0060,Bulg'or qalampiri,Перец болгарский,Bell pepper,Булғор қалампири,2022-12,monthly,2022,13841.0
061,Qovoq,Тыква,Pumpkin,Қовоқ,2022-12,monthly,2022,3548.0
063,Sabzi,Морковь,Carrot,Сабзи,2022-12,monthly,2022,2872.0
065,Sarimsoq,Чеснок,Garlic,Саримсоқ,2022-12,monthly,2022,18752.0
066,Piyoz,Лук репчатый,Onion,Пиёз,2022-12,monthly,2022,4131.0
069,Kartoshka,Картофель,Potatoes,Картошка,2022-12,monthly,2022,4163.0
0070,Loviya,Фасоль,Beans,Ловия,2022-12,monthly,2022,13536.0
071,No'xot,Горох,Peas,Нўхот,2022-12,monthly,2022,19126.0
0072,Mosh,Маш,Mash,Мош,2022-12,monthly,2022,13368.0
073,Shakar,Сахар песок,Sugar,Шакар,2022-12,monthly,2022,12770.0
002,Kruppa yormasi,Крупа манная,Semolina,Круппа ёрмаси,2022-12,monthly,2022,4387.0
001,Guruch,Рис,Rice,Гуруч,2023-01,monthly,2023,16537.0
003,Arpa,Ячмень,Barley,Арпа,2023-01,monthly,2023,4415.0
0004,Bug'doy,Пшеница,Wheat,Буғдой,2023-01,monthly,2023,4308.0
005,Jo'hori,Кукуруза,Corn,Жўҳори,2023-01,monthly,2023,4010.0
006,Kepak,Отруби,Bran,Кепак,2023-01,monthly,2023,3263.0
0008,Shrot,Шрот,Schroth,Шрот,2023-01,monthly,2023,5026.0
009,Shulxa,Шелуха,Husk,Шулха,2023-01,monthly,2023,3811.0
010,Kombikorm,Комбикорм,Compound feed,Комбикорм,2023-01,monthly,2023,3435.0
011,Oliy navli bug'doy uni,Мука пшеничная высшего сорта,High-grade wheat flour,Олий навли буғдой уни,2023-01,monthly,2023,9944.0
0012,1-navli bug'doy uni,Мука пшеничная первого сорта,First grade wheat flour,1-навли буғдой уни,2023-01,monthly,2023,6728.0
013,1-nav bug'doy unidan non,Хлеб пшеничный из муки 1-го сорта,Wheat bread from 1st grade flour,1-нав буғдой унидан нон,2023-01,monthly,2023,6298.0
017,Mol go'shti,Говядина,Beef,Мол гўшти,2023-01,monthly,2023,68588.0
0020,Qo'y go'shti,Баранина,Mutton,Қўй гўшти,2023-01,monthly,2023,79984.0
022,Tovuq go'shti,Мясо птицы,Poultry,Товуқ гўшти,2023-01,monthly,2023,28413.0
026,Turli baliqlar,Рыба всякая,Fish of all kinds,Турли балиқлар,2023-01,monthly,2023,33138.0
027,Yangi sog'ilgan sut (1 litr),Молоко свежее (1 литр),Fresh milk (1 liter),Янги соғилган сут (1 литр),2023-01,monthly,2023,5799.0
034,Tuxum (10 dona),Яйца (10 штук),Eggs (10 pieces ),Тухум (10 дона),2023-01,monthly,2023,14162.0
035,Paxta yog'i (1 litr),Масло хлопковое (1 литр),Cottonseed oil (1 liter),Пахта ёғи (1 литр),2023-01,monthly,2023,17792.0
0036,Kungaboqar yog'i (1 litr),Масло подсолнечное (1 литр),Sunflower oil (1 liter),Кунгабоқар ёғи (1 литр),2023-01,monthly,2023,19604.0
037,Sariyog',Масло сливочное,Butter,Сариёғ,2023-01,monthly,2023,68526.0
039,Limon,Лимоны,Lemons,Лимон,2023-01,monthly,2023,9810.0
0040,Olma,Яблоки,Apples,Олма,2023-01,monthly,2023,9989.0
041,Nok,Груши,Pears,Нок,2023-01,monthly,2023,25825.0
049,Uzum,Виноград,Grape,Узум,2023-01,monthly,2023,14553.0
0050,Tarvuz,Арбуз,Watermelon,Тарвуз,2023-01,monthly,2023,4438.0
0051,Qovun,Дыня,Melon,Қовун,2023-01,monthly,2023,5104.0
053,Mayiz,Кишмиш,Kishmish,Майиз,2023-01,monthly,2023,38780.0
055,Karam,Капуста,Cabbage,Карам,2023-01,monthly,2023,2969.0
057,Bodring,Огурцы,Cucumbers,Бодринг,2023-01,monthly,2023,25812.0
058,Pomidor,Помидоры,Tomatoes,Помидор,2023-01,monthly,2023,21309.0
059,Baqlajon,Баклажаны,Eggplant,Бақлажон,2023-01,monthly,2023,7361.0
0060,Bulg'or qalampiri,Перец болгарский,Bell pepper,Булғор қалампири,2023-01,monthly,2023,25619.0
061,Qovoq,Тыква,Pumpkin,Қовоқ,2023-01,monthly,2023,4067.0
063,Sabzi,Морковь,Carrot,Сабзи,2023-01,monthly,2023,3118.0
065,Sarimsoq,Чеснок,Garlic,Саримсоқ,2023-01,monthly,2023,22958.0
066,Piyoz,Лук репчатый,Onion,Пиёз,2023-01,monthly,2023,6455.0
069,Kartoshka,Картофель,Potatoes,Картошка,2023-01,monthly,2023,4714.0
0070,Loviya,Фасоль,Beans,Ловия,2023-01,monthly,2023,14970.0
071,No'xot,Горох,Peas,Нўхот,2023-01,monthly,2023,21509.0
0072,Mosh,Маш,Mash,Мош,2023-01,monthly,2023,13908.0
073,Shakar,Сахар песок,Sugar,Шакар,2023-01,monthly,2023,12772.0
002,Kruppa yormasi,Крупа манная,Semolina,Круппа ёрмаси,2023-01,monthly,2023,4415.0
001,Guruch,Рис,Rice,Гуруч,2023-02,monthly,2023,17647.0
003,Arpa,Ячмень,Barley,Арпа,2023-02,monthly,2023,4463.0
0004,Bug'doy,Пшеница,Wheat,Буғдой,2023-02,monthly,2023,4453.0
005,Jo'hori,Кукуруза,Corn,Жўҳори,2023-02,monthly,2023,4108.0
006,Kepak,Отруби,Bran,Кепак,2023-02,monthly,2023,3423.0
0008,Shrot,Шрот,Schroth,Шрот,2023-02,monthly,2023,4963.0
009,Shulxa,Шелуха,Husk,Шулха,2023-02,monthly,2023,3984.0
010,Kombikorm,Комбикорм,Compound feed,Комбикорм,2023-02,monthly,2023,3311.0
011,Oliy navli bug'doy uni,Мука пшеничная высшего сорта,High-grade wheat flour,Олий навли буғдой уни,2023-02,monthly,2023,9642.0
0012,1-navli bug'doy uni,Мука пшеничная первого сорта,First grade wheat flour,1-навли буғдой уни,2023-02,monthly,2023,6718.0
013,1-nav bug'doy unidan non,Хлеб пшеничный из муки 1-го сорта,Wheat bread from 1st grade flour,1-нав буғдой унидан нон,2023-02,monthly,2023,6485.0
017,Mol go'shti,Говядина,Beef,Мол гўшти,2023-02,monthly,2023,68087.0
0020,Qo'y go'shti,Баранина,Mutton,Қўй гўшти,2023-02,monthly,2023,80785.0
022,Tovuq go'shti,Мясо птицы,Poultry,Товуқ гўшти,2023-02,monthly,2023,29162.0
026,Turli baliqlar,Рыба всякая,Fish of all kinds,Турли балиқлар,2023-02,monthly,2023,34579.0
027,Yangi sog'ilgan sut (1 litr),Молоко свежее (1 литр),Fresh milk (1 liter),Янги соғилган сут (1 литр),2023-02,monthly,2023,6074.0
034,Tuxum (10 dona),Яйца (10 штук),Eggs (10 pieces ),Тухум (10 дона),2023-02,monthly,2023,13256.0
035,Paxta yog'i (1 litr),Масло хлопковое (1 литр),Cottonseed oil (1 liter),Пахта ёғи (1 литр),2023-02,monthly,2023,17816.0
0036,Kungaboqar yog'i (1 litr),Масло подсолнечное (1 литр),Sunflower oil (1 liter),Кунгабоқар ёғи (1 литр),2023-02,monthly,2023,19559.0
037,Sariyog',Масло сливочное,Butter,Сариёғ,2023-02,monthly,2023,64844.0
039,Limon,Лимоны,Lemons,Лимон,2023-02,monthly,2023,11087.0
0040,Olma,Яблоки,Apples,Олма,2023-02,monthly,2023,10921.0
041,Nok,Груши,Pears,Нок,2023-02,monthly,2023,27981.0
049,Uzum,Виноград,Grape,Узум,2023-02,monthly,2023,20598.0
0050,Tarvuz,Арбуз,Watermelon,Тарвуз,2023-02,monthly,2023,6000.0
0051,Qovun,Дыня,Melon,Қовун,2023-02,monthly,2023,6875.0
053,Mayiz,Кишмиш,Kishmish,Майиз,2023-02,monthly,2023,39887.0
055,Karam,Капуста,Cabbage,Карам,2023-02,monthly,2023,3209.0
057,Bodring,Огурцы,Cucumbers,Бодринг,2023-02,monthly,2023,25555.0
058,Pomidor,Помидоры,Tomatoes,Помидор,2023-02,monthly,2023,22002.0
0060,Bulg'or qalampiri,Перец болгарский,Bell pepper,Булғор қалампири,2023-02,monthly,2023,39247.0
061,Qovoq,Тыква,Pumpkin,Қовоқ,2023-02,monthly,2023,4558.0
063,Sabzi,Морковь,Carrot,Сабзи,2023-02,monthly,2023,3087.0
065,Sarimsoq,Чеснок,Garlic,Саримсоқ,2023-02,monthly,2023,25440.0
066,Piyoz,Лук репчатый,Onion,Пиёз,2023-02,monthly,2023,7915.0
069,Kartoshka,Картофель,Potatoes,Картошка,2023-02,monthly,2023,4604.0
0070,Loviya,Фасоль,Beans,Ловия,2023-02,monthly,2023,15509.0
071,No'xot,Горох,Peas,Нўхот,2023-02,monthly,2023,22103.0
0072,Mosh,Маш,Mash,Мош,2023-02,monthly,2023,14194.0
073,Shakar,Сахар песок,Sugar,Шакар,2023-02,monthly,2023,13049.0
002,Kruppa yormasi,Крупа манная,Semolina,Круппа ёрмаси,2023-02,monthly,2023,4463.0
001,Guruch,Рис,Rice,Гуруч,2023-03,monthly,2023,18781.0
003,Arpa,Ячмень,Barley,Арпа,2023-03,monthly,2023,4485.0
0004,Bug'doy,Пшеница,Wheat,Буғдой,2023-03,monthly,2023,4468.0
005,Jo'hori,Кукуруза,Corn,Жўҳори,2023-03,monthly,2023,4190.0
006,Kepak,Отруби,Bran,Кепак,2023-03,monthly,2023,3427.0
0008,Shrot,Шрот,Schroth,Шрот,2023-03,monthly,2023,4983.0
009,Shulxa,Шелуха,Husk,Шулха,2023-03,monthly,2023,4025.0
010,Kombikorm,Комбикорм,Compound feed,Комбикорм,2023-03,monthly,2023,3311.0
011,Oliy navli bug'doy uni,Мука пшеничная высшего сорта,High-grade wheat flour,Олий навли буғдой уни,2023-03,monthly,2023,9410.0
0012,1-navli bug'doy uni,Мука пшеничная первого сорта,First grade wheat flour,1-навли буғдой уни,2023-03,monthly,2023,6550.0
013,1-nav bug'doy unidan non,Хлеб пшеничный из муки 1-го сорта,Wheat bread from 1st grade flour,1-нав буғдой унидан нон,2023-03,monthly,2023,6652.0
017,Mol go'shti,Говядина,Beef,Мол гўшти,2023-03,monthly,2023,68475.0
0020,Qo'y go'shti,Баранина,Mutton,Қўй гўшти,2023-03,monthly,2023,81311.0
022,Tovuq go'shti,Мясо птицы,Poultry,Товуқ гўшти,2023-03,monthly,2023,29772.0
026,Turli baliqlar,Рыба всякая,Fish of all kinds,Турли балиқлар,2023-03,monthly,2023,34561.0
027,Yangi sog'ilgan sut (1 litr),Молоко свежее (1 литр),Fresh milk (1 liter),Янги соғилган сут (1 литр),2023-03,monthly,2023,6353.0
034,Tuxum (10 dona),Яйца (10 штук),Eggs (10 pieces ),Тухум (10 дона),2023-03,monthly,2023,12596.0
035,Paxta yog'i (1 litr),Масло хлопковое (1 литр),Cottonseed oil (1 liter),Пахта ёғи (1 литр),2023-03,monthly,2023,17557.0
0036,Kungaboqar yog'i (1 litr),Масло подсолнечное (1 литр),Sunflower oil (1 liter),Кунгабоқар ёғи (1 литр),2023-03,monthly,2023,19207.0
037,Sariyog',Масло сливочное,Butter,Сариёғ,2023-03,monthly,2023,66905.0
039,Limon,Лимоны,Lemons,Лимон,2023-03,monthly,2023,12053.0
0040,Olma,Яблоки,Apples,Олма,2023-03,monthly,2023,11479.0
041,Nok,Груши,Pears,Нок,2023-03,monthly,2023,29483.0
049,Uzum,Виноград,Grape,Узум,2023-03,monthly,2023,22855.0
053,Mayiz,Кишмиш,Kishmish,Майиз,2023-03,monthly,2023,40637.0
055,Karam,Капуста,Cabbage,Карам,2023-03,monthly,2023,3001.0
057,Bodring,Огурцы,Cucumbers,Бодринг,2023-03,monthly,2023,22377.0
058,Pomidor,Помидоры,Tomatoes,Помидор,2023-03,monthly,2023,23859.0
0060,Bulg'or qalampiri,Перец болгарский,Bell pepper,Булғор қалампири,2023-03,monthly,2023,45849.0
061,Qovoq,Тыква,Pumpkin,Қовоқ,2023-03,monthly,2023,4776.0
063,Sabzi,Морковь,Carrot,Сабзи,2023-03,monthly,2023,2772.0
065,Sarimsoq,Чеснок,Garlic,Саримсоқ,2023-03,monthly,2023,26524.0
066,Piyoz,Лук репчатый,Onion,Пиёз,2023-03,monthly,2023,6546.0
069,Kartoshka,Картофель,Potatoes,Картошка,2023-03,monthly,2023,4376.0
0070,Loviya,Фасоль,Beans,Ловия,2023-03,monthly,2023,17839.0
071,No'xot,Горох,Peas,Нўхот,2023-03,monthly,2023,22982.0
0072,Mosh,Маш,Mash,Мош,2023-03,monthly,2023,14517.0
073,Shakar,Сахар песок,Sugar,Шакар,2023-03,monthly,2023,13555.0
002,Kruppa yormasi,Крупа манная,Semolina,Круппа ёрмаси,2023-03,monthly,2023,4485.0
001,Guruch,Рис,Rice,Гуруч,2023-04,monthly,2023,19250.0
003,Arpa,Ячмень,Barley,Арпа,2023-04,monthly,2023,4433.0
0004,Bug'doy,Пшеница,Wheat,Буғдой,2023-04,monthly,2023,4482.0
005,Jo'hori,Кукуруза,Corn,Жўҳори,2023-04,monthly,2023,4383.0
006,Kepak,Отруби,Bran,Кепак,2023-04,monthly,2023,3407.0
0008,Shrot,Шрот,Schroth,Шрот,2023-04,monthly,2023,5013.0
009,Shulxa,Шелуха,Husk,Шулха,2023-04,monthly,2023,4085.0
010,Kombikorm,Комбикорм,Compound feed,Комбикорм,2023-04,monthly,2023,3328.0
011,Oliy navli bug'doy uni,Мука пшеничная высшего сорта,High-grade wheat flour,Олий навли буғдой уни,2023-04,monthly,2023,8820.0
0012,1-navli bug'doy uni,Мука пшеничная первого сорта,First grade wheat flour,1-навли буғдой уни,2023-04,monthly,2023,6141.0
013,1-nav bug'doy unidan non,Хлеб пшеничный из муки 1-го сорта,Wheat bread from 1st grade flour,1-нав буғдой унидан нон,2023-04,monthly,2023,6591.0
017,Mol go'shti,Говядина,Beef,Мол гўшти,2023-04,monthly,2023,69344.0
0020,Qo'y go'shti,Баранина,Mutton,Қўй гўшти,2023-04,monthly,2023,82248.0
022,Tovuq go'shti,Мясо птицы,Poultry,Товуқ гўшти,2023-04,monthly,2023,30073.0
026,Turli baliqlar,Рыба всякая,Fish of all kinds,Турли балиқлар,2023-04,monthly,2023,35731.0
027,Yangi sog'ilgan sut (1 litr),Молоко свежее (1 литр),Fresh milk (1 liter),Янги соғилган сут (1 литр),2023-04,monthly,2023,6574.0
034,Tuxum (10 dona),Яйца (10 штук),Eggs (10 pieces ),Тухум (10 дона),2023-04,monthly,2023,12412.0
035,Paxta yog'i (1 litr),Масло хлопковое (1 литр),Cottonseed oil (1 liter),Пахта ёғи (1 литр),2023-04,monthly,2023,16687.0
0036,Kungaboqar yog'i (1 litr),Масло подсолнечное (1 литр),Sunflower oil (1 liter),Кунгабоқар ёғи (1 литр),2023-04,monthly,2023,17953.0
037,Sariyog',Масло сливочное,Butter,Сариёғ,2023-04,monthly,2023,67435.0
039,Limon,Лимоны,Lemons,Лимон,2023-04,monthly,2023,13035.0
0040,Olma,Яблоки,Apples,Олма,2023-04,monthly,2023,11993.0
041,Nok,Груши,Pears,Нок,2023-04,monthly,2023,30622.0
049,Uzum,Виноград,Grape,Узум,2023-04,monthly,2023,22338.0
053,Mayiz,Кишмиш,Kishmish,Майиз,2023-04,monthly,2023,41518.0
055,Karam,Капуста,Cabbage,Карам,2023-04,monthly,2023,3322.0
057,Bodring,Огурцы,Cucumbers,Бодринг,2023-04,monthly,2023,10417.0
058,Pomidor,Помидоры,Tomatoes,Помидор,2023-04,monthly,2023,27728.0
059,Baqlajon,Баклажаны,Eggplant,Бақлажон,2023-04,monthly,2023,29240.0
0060,Bulg'or qalampiri,Перец болгарский,Bell pepper,Булғор қалампири,2023-04,monthly,2023,39827.0
061,Qovoq,Тыква,Pumpkin,Қовоқ,2023-04,monthly,2023,6438.0
063,Sabzi,Морковь,Carrot,Сабзи,2023-04,monthly,2023,3080.0
065,Sarimsoq,Чеснок,Garlic,Саримсоқ,2023-04,monthly,2023,27658.0
066,Piyoz,Лук репчатый,Onion,Пиёз,2023-04,monthly,2023,5683.0
069,Kartoshka,Картофель,Potatoes,Картошка,2023-04,monthly,2023,4254.0
0070,Loviya,Фасоль,Beans,Ловия,2023-04,monthly,2023,20251.0
071,No'xot,Горох,Peas,Нўхот,2023-04,monthly,2023,23904.0
0072,Mosh,Маш,Mash,Мош,2023-04,monthly,2023,14901.0
073,Shakar,Сахар песок,Sugar,Шакар,2023-04,monthly,2023,14614.0
002,Kruppa yormasi,Крупа манная,Semolina,Круппа ёрмаси,2023-04,monthly,2023,4433.0
001,Guruch,Рис,Rice,Гуруч,2023-05,monthly,2023,19479.0
003,Arpa,Ячмень,Barley,Арпа,2023-05,monthly,2023,4391.0
0004,Bug'doy,Пшеница,Wheat,Буғдой,2023-05,monthly,2023,4389.0
005,Jo'hori,Кукуруза,Corn,Жўҳори,2023-05,monthly,2023,4394.0
006,Kepak,Отруби,Bran,Кепак,2023-05,monthly,2023,3376.0
0008,Shrot,Шрот,Schroth,Шрот,2023-05,monthly,2023,4920.0
009,Shulxa,Шелуха,Husk,Шулха,2023-05,monthly,2023,4057.0
010,Kombikorm,Комбикорм,Compound feed,Комбикорм,2023-05,monthly,2023,3338.0
011,Oliy navli bug'doy uni,Мука пшеничная высшего сорта,High-grade wheat flour,Олий навли буғдой уни,2023-05,monthly,2023,8529.0
0012,1-navli bug'doy uni,Мука пшеничная первого сорта,First grade wheat flour,1-навли буғдой уни,2023-05,monthly,2023,5849.0
013,1-nav bug'doy unidan non,Хлеб пшеничный из муки 1-го сорта,Wheat bread from 1st grade flour,1-нав буғдой унидан нон,2023-05,monthly,2023,6491.0
017,Mol go'shti,Говядина,Beef,Мол гўшти,2023-05,monthly,2023,70963.0
0020,Qo'y go'shti,Баранина,Mutton,Қўй гўшти,2023-05,monthly,2023,84222.0
022,Tovuq go'shti,Мясо птицы,Poultry,Товуқ гўшти,2023-05,monthly,2023,30171.0
026,Turli baliqlar,Рыба всякая,Fish of all kinds,Турли балиқлар,2023-05,monthly,2023,36958.0
027,Yangi sog'ilgan sut (1 litr),Молоко свежее (1 литр),Fresh milk (1 liter),Янги соғилган сут (1 литр),2023-05,monthly,2023,6667.0
034,Tuxum (10 dona),Яйца (10 штук),Eggs (10 pieces ),Тухум (10 дона),2023-05,monthly,2023,11863.0
035,Paxta yog'i (1 litr),Масло хлопковое (1 литр),Cottonseed oil (1 liter),Пахта ёғи (1 литр),2023-05,monthly,2023,16026.0
0036,Kungaboqar yog'i (1 litr),Масло подсолнечное (1 литр),Sunflower oil (1 liter),Кунгабоқар ёғи (1 литр),2023-05,monthly,2023,17025.0
037,Sariyog',Масло сливочное,Butter,Сариёғ,2023-05,monthly,2023,67236.0
039,Limon,Лимоны,Lemons,Лимон,2023-05,monthly,2023,15726.0
0040,Olma,Яблоки,Apples,Олма,2023-05,monthly,2023,12554.0
041,Nok,Груши,Pears,Нок,2023-05,monthly,2023,31913.0
049,Uzum,Виноград,Grape,Узум,2023-05,monthly,2023,19625.0
0050,Tarvuz,Арбуз,Watermelon,Тарвуз,2023-05,monthly,2023,5577.0
0051,Qovun,Дыня,Melon,Қовун,2023-05,monthly,2023,7321.0
053,Mayiz,Кишмиш,Kishmish,Майиз,2023-05,monthly,2023,41751.0
055,Karam,Капуста,Cabbage,Карам,2023-05,monthly,2023,3322.0
057,Bodring,Огурцы,Cucumbers,Бодринг,2023-05,monthly,2023,3720.0
058,Pomidor,Помидоры,Tomatoes,Помидор,2023-05,monthly,2023,11774.0
059,Baqlajon,Баклажаны,Eggplant,Бақлажон,2023-05,monthly,2023,14183.0
0060,Bulg'or qalampiri,Перец болгарский,Bell pepper,Булғор қалампири,2023-05,monthly,2023,11999.0
061,Qovoq,Тыква,Pumpkin,Қовоқ,2023-05,monthly,2023,8906.0
063,Sabzi,Морковь,Carrot,Сабзи,2023-05,monthly,2023,3393.0
065,Sarimsoq,Чеснок,Garlic,Саримсоқ,2023-05,monthly,2023,22254.0
066,Piyoz,Лук репчатый,Onion,Пиёз,2023-05,monthly,2023,4011.0
069,Kartoshka,Картофель,Potatoes,Картошка,2023-05,monthly,2023,4055.0
0070,Loviya,Фасоль,Beans,Ловия,2023-05,monthly,2023,20548.0
071,No'xot,Горох,Peas,Нўхот,2023-05,monthly,2023,23914.0
0072,Mosh,Маш,Mash,Мош,2023-05,monthly,2023,15099.0
073,Shakar,Сахар песок,Sugar,Шакар,2023-05,monthly,2023,15295.0
002,Kruppa yormasi,Крупа манная,Semolina,Круппа ёрмаси,2023-05,monthly,2023,4391.0
001,Guruch,Рис,Rice,Гуруч,2023-06,monthly,2023,19895.0
003,Arpa,Ячмень,Barley,Арпа,2023-06,monthly,2023,4222.0
0004,Bug'doy,Пшеница,Wheat,Буғдой,2023-06,monthly,2023,3723.0
005,Jo'hori,Кукуруза,Corn,Жўҳори,2023-06,monthly,2023,4328.0
006,Kepak,Отруби,Bran,Кепак,2023-06,monthly,2023,3412.0
0008,Shrot,Шрот,Schroth,Шрот,2023-06,monthly,2023,4780.0
009,Shulxa,Шелуха,Husk,Шулха,2023-06,monthly,2023,4029.0
010,Kombikorm,Комбикорм,Compound feed,Комбикорм,2023-06,monthly,2023,3378.0
011,Oliy navli bug'doy uni,Мука пшеничная высшего сорта,High-grade wheat flour,Олий навли буғдой уни,2023-06,monthly,2023,8404.0
0012,1-navli bug'doy uni,Мука пшеничная первого сорта,First grade wheat flour,1-навли буғдой уни,2023-06,monthly,2023,5805.0
013,1-nav bug'doy unidan non,Хлеб пшеничный из муки 1-го сорта,Wheat bread from 1st grade flour,1-нав буғдой унидан нон,2023-06,monthly,2023,6468.0
017,Mol go'shti,Говядина,Beef,Мол гўшти,2023-06,monthly,2023,71718.0
0020,Qo'y go'shti,Баранина,Mutton,Қўй гўшти,2023-06,monthly,2023,85189.0
022,Tovuq go'shti,Мясо птицы,Poultry,Товуқ гўшти,2023-06,monthly,2023,30146.0
026,Turli baliqlar,Рыба всякая,Fish of all kinds,Турли балиқлар,2023-06,monthly,2023,36278.0
027,Yangi sog'ilgan sut (1 litr),Молоко свежее (1 литр),Fresh milk (1 liter),Янги соғилган сут (1 литр),2023-06,monthly,2023,6681.0
034,Tuxum (10 dona),Яйца (10 штук),Eggs (10 pieces ),Тухум (10 дона),2023-06,monthly,2023,10849.0
035,Paxta yog'i (1 litr),Масло хлопковое (1 литр),Cottonseed oil (1 liter),Пахта ёғи (1 литр),2023-06,monthly,2023,15721.0
0036,Kungaboqar yog'i (1 litr),Масло подсолнечное (1 литр),Sunflower oil (1 liter),Кунгабоқар ёғи (1 литр),2023-06,monthly,2023,16608.0
037,Sariyog',Масло сливочное,Butter,Сариёғ,2023-06,monthly,2023,67081.0
039,Limon,Лимоны,Lemons,Лимон,2023-06,monthly,2023,20360.0
0040,Olma,Яблоки,Apples,Олма,2023-06,monthly,2023,10990.0
041,Nok,Груши,Pears,Нок,2023-06,monthly,2023,32011.0
049,Uzum,Виноград,Grape,Узум,2023-06,monthly,2023,11841.0
0050,Tarvuz,Арбуз,Watermelon,Тарвуз,2023-06,monthly,2023,2414.0
0051,Qovun,Дыня,Melon,Қовун,2023-06,monthly,2023,3834.0
053,Mayiz,Кишмиш,Kishmish,Майиз,2023-06,monthly,2023,41783.0
055,Karam,Капуста,Cabbage,Карам,2023-06,monthly,2023,3166.0
057,Bodring,Огурцы,Cucumbers,Бодринг,2023-06,monthly,2023,2861.0
058,Pomidor,Помидоры,Tomatoes,Помидор,2023-06,monthly,2023,4305.0
059,Baqlajon,Баклажаны,Eggplant,Бақлажон,2023-06,monthly,2023,5294.0
0060,Bulg'or qalampiri,Перец болгарский,Bell pepper,Булғор қалампири,2023-06,monthly,2023,4373.0
061,Qovoq,Тыква,Pumpkin,Қовоқ,2023-06,monthly,2023,5552.0
063,Sabzi,Морковь,Carrot,Сабзи,2023-06,monthly,2023,4061.0
065,Sarimsoq,Чеснок,Garlic,Саримсоқ,2023-06,monthly,2023,16622.0
066,Piyoz,Лук репчатый,Onion,Пиёз,2023-06,monthly,2023,3113.0
069,Kartoshka,Картофель,Potatoes,Картошка,2023-06,monthly,2023,3381.0
0070,Loviya,Фасоль,Beans,Ловия,2023-06,monthly,2023,20443.0
071,No'xot,Горох,Peas,Нўхот,2023-06,monthly,2023,23871.0
0072,Mosh,Маш,Mash,Мош,2023-06,monthly,2023,15148.0
073,Shakar,Сахар песок,Sugar,Шакар,2023-06,monthly,2023,14700.0
002,Kruppa yormasi,Крупа манная,Semolina,Круппа ёрмаси,2023-06,monthly,2023,4222.0
001,Guruch,Рис,Rice,Гуруч,2023-07,monthly,2023,20265.0
003,Arpa,Ячмень,Barley,Арпа,2023-07,monthly,2023,4007.0
0004,Bug'doy,Пшеница,Wheat,Буғдой,2023-07,monthly,2023,3440.0
005,Jo'hori,Кукуруза,Corn,Жўҳори,2023-07,monthly,2023,4125.0
006,Kepak,Отруби,Bran,Кепак,2023-07,monthly,2023,3420.0
0008,Shrot,Шрот,Schroth,Шрот,2023-07,monthly,2023,4780.0
009,Shulxa,Шелуха,Husk,Шулха,2023-07,monthly,2023,4020.0
010,Kombikorm,Комбикорм,Compound feed,Комбикорм,2023-07,monthly,2023,3362.0
011,Oliy navli bug'doy uni,Мука пшеничная высшего сорта,High-grade wheat flour,Олий навли буғдой уни,2023-07,monthly,2023,8290.0
0012,1-navli bug'doy uni,Мука пшеничная первого сорта,First grade wheat flour,1-навли буғдой уни,2023-07,monthly,2023,5703.0
013,1-nav bug'doy unidan non,Хлеб пшеничный из муки 1-го сорта,Wheat bread from 1st grade flour,1-нав буғдой унидан нон,2023-07,monthly,2023,6436.0
017,Mol go'shti,Говядина,Beef,Мол гўшти,2023-07,monthly,2023,72245.0
0020,Qo'y go'shti,Баранина,Mutton,Қўй гўшти,2023-07,monthly,2023,86858.0
022,Tovuq go'shti,Мясо птицы,Poultry,Товуқ гўшти,2023-07,monthly,2023,30342.0
026,Turli baliqlar,Рыба всякая,Fish of all kinds,Турли балиқлар,2023-07,monthly,2023,36130.0
027,Yangi sog'ilgan sut (1 litr),Молоко свежее (1 литр),Fresh milk (1 liter),Янги соғилган сут (1 литр),2023-07,monthly,2023,6812.0
034,Tuxum (10 dona),Яйца (10 штук),Eggs (10 pieces ),Тухум (10 дона),2023-07,monthly,2023,10278.0
035,Paxta yog'i (1 litr),Масло хлопковое (1 литр),Cottonseed oil (1 liter),Пахта ёғи (1 литр),2023-07,monthly,2023,15305.0
0036,Kungaboqar yog'i (1 litr),Масло подсолнечное (1 литр),Sunflower oil (1 liter),Кунгабоқар ёғи (1 литр),2023-07,monthly,2023,15971.0
037,Sariyog',Масло сливочное,Butter,Сариёғ,2023-07,monthly,2023,67276.0
039,Limon,Лимоны,Lemons,Лимон,2023-07,monthly,2023,28633.0
0040,Olma,Яблоки,Apples,Олма,2023-07,monthly,2023,11284.0
041,Nok,Груши,Pears,Нок,2023-07,monthly,2023,29892.0
049,Uzum,Виноград,Grape,Узум,2023-07,monthly,2023,13446.0
0050,Tarvuz,Арбуз,Watermelon,Тарвуз,2023-07,monthly,2023,2613.0
0051,Qovun,Дыня,Melon,Қовун,2023-07,monthly,2023,3707.0
053,Mayiz,Кишмиш,Kishmish,Майиз,2023-07,monthly,2023,42156.0
055,Karam,Капуста,Cabbage,Карам,2023-07,monthly,2023,3402.0
057,Bodring,Огурцы,Cucumbers,Бодринг,2023-07,monthly,2023,4482.0
058,Pomidor,Помидоры,Tomatoes,Помидор,2023-07,monthly,2023,3240.0
059,Baqlajon,Баклажаны,Eggplant,Бақлажон,2023-07,monthly,2023,3694.0
0060,Bulg'or qalampiri,Перец болгарский,Bell pepper,Булғор қалампири,2023-07,monthly,2023,4131.0
061,Qovoq,Тыква,Pumpkin,Қовоқ,2023-07,monthly,2023,5777.0
063,Sabzi,Морковь,Carrot,Сабзи,2023-07,monthly,2023,5152.0
065,Sarimsoq,Чеснок,Garlic,Саримсоқ,2023-07,monthly,2023,15278.0
066,Piyoz,Лук репчатый,Onion,Пиёз,2023-07,monthly,2023,3075.0
069,Kartoshka,Картофель,Potatoes,Картошка,2023-07,monthly,2023,3403.0
0070,Loviya,Фасоль,Beans,Ловия,2023-07,monthly,2023,20552.0
071,No'xot,Горох,Peas,Нўхот,2023-07,monthly,2023,24100.0
0072,Mosh,Маш,Mash,Мош,2023-07,monthly,2023,14827.0
073,Shakar,Сахар песок,Sugar,Шакар,2023-07,monthly,2023,14086.0
002,Kruppa yormasi,Крупа манная,Semolina,Круппа ёрмаси,2023-07,monthly,2023,4007.0
001,Guruch,Рис,Rice,Гуруч,2023-08,monthly,2023,20754.0
003,Arpa,Ячмень,Barley,Арпа,2023-08,monthly,2023,4024.0
0004,Bug'doy,Пшеница,Wheat,Буғдой,2023-08,monthly,2023,3501.0
005,Jo'hori,Кукуруза,Corn,Жўҳори,2023-08,monthly,2023,3769.0
006,Kepak,Отруби,Bran,Кепак,2023-08,monthly,2023,3476.0
0008,Shrot,Шрот,Schroth,Шрот,2023-08,monthly,2023,4780.0
009,Shulxa,Шелуха,Husk,Шулха,2023-08,monthly,2023,4068.0
010,Kombikorm,Комбикорм,Compound feed,Комбикорм,2023-08,monthly,2023,3384.0
011,Oliy navli bug'doy uni,Мука пшеничная высшего сорта,High-grade wheat flour,Олий навли буғдой уни,2023-08,monthly,2023,8153.0
0012,1-navli bug'doy uni,Мука пшеничная первого сорта,First grade wheat flour,1-навли буғдой уни,2023-08,monthly,2023,5612.0
013,1-nav bug'doy unidan non,Хлеб пшеничный из муки 1-го сорта,Wheat bread from 1st grade flour,1-нав буғдой унидан нон,2023-08,monthly,2023,6459.0
017,Mol go'shti,Говядина,Beef,Мол гўшти,2023-08,monthly,2023,72774.0
0020,Qo'y go'shti,Баранина,Mutton,Қўй гўшти,2023-08,monthly,2023,87593.0
022,Tovuq go'shti,Мясо птицы,Poultry,Товуқ гўшти,2023-08,monthly,2023,30639.0
026,Turli baliqlar,Рыба всякая,Fish of all kinds,Турли балиқлар,2023-08,monthly,2023,35513.0
027,Yangi sog'ilgan sut (1 litr),Молоко свежее (1 литр),Fresh milk (1 liter),Янги соғилган сут (1 литр),2023-08,monthly,2023,6798.0
034,Tuxum (10 dona),Яйца (10 штук),Eggs (10 pieces ),Тухум (10 дона),2023-08,monthly,2023,11264.0
035,Paxta yog'i (1 litr),Масло хлопковое (1 литр),Cottonseed oil (1 liter),Пахта ёғи (1 литр),2023-08,monthly,2023,15411.0
0036,Kungaboqar yog'i (1 litr),Масло подсолнечное (1 литр),Sunflower oil (1 liter),Кунгабоқар ёғи (1 литр),2023-08,monthly,2023,16222.0
037,Sariyog',Масло сливочное,Butter,Сариёғ,2023-08,monthly,2023,67682.0
039,Limon,Лимоны,Lemons,Лимон,2023-08,monthly,2023,32853.0
0040,Olma,Яблоки,Apples,Олма,2023-08,monthly,2023,11541.0
041,Nok,Груши,Pears,Нок,2023-08,monthly,2023,27207.0
049,Uzum,Виноград,Grape,Узум,2023-08,monthly,2023,13292.0
0050,Tarvuz,Арбуз,Watermelon,Тарвуз,2023-08,monthly,2023,2346.0
0051,Qovun,Дыня,Melon,Қовун,2023-08,monthly,2023,3424.0
053,Mayiz,Кишмиш,Kishmish,Майиз,2023-08,monthly,2023,43347.0
055,Karam,Капуста,Cabbage,Карам,2023-08,monthly,2023,4928.0
057,Bodring,Огурцы,Cucumbers,Бодринг,2023-08,monthly,2023,6630.0
058,Pomidor,Помидоры,Tomatoes,Помидор,2023-08,monthly,2023,3085.0
059,Baqlajon,Баклажаны,Eggplant,Бақлажон,2023-08,monthly,2023,3438.0
0060,Bulg'or qalampiri,Перец болгарский,Bell pepper,Булғор қалампири,2023-08,monthly,2023,4286.0
061,Qovoq,Тыква,Pumpkin,Қовоқ,2023-08,monthly,2023,4884.0
063,Sabzi,Морковь,Carrot,Сабзи,2023-08,monthly,2023,5803.0
065,Sarimsoq,Чеснок,Garlic,Саримсоқ,2023-08,monthly,2023,15404.0
066,Piyoz,Лук репчатый,Onion,Пиёз,2023-08,monthly,2023,3119.0
069,Kartoshka,Картофель,Potatoes,Картошка,2023-08,monthly,2023,3759.0
0070,Loviya,Фасоль,Beans,Ловия,2023-08,monthly,2023,20546.0
071,No'xot,Горох,Peas,Нўхот,2023-08,monthly,2023,24176.0
0072,Mosh,Маш,Mash,Мош,2023-08,monthly,2023,14677.0
073,Shakar,Сахар песок,Sugar,Шакар,2023-08,monthly,2023,13929.0
002,Kruppa yormasi,Крупа манная,Semolina,Круппа ёрмаси,2023-08,monthly,2023,4024.0
001,Guruch,Рис,Rice,Гуруч,2023-09,monthly,2023,21203.0
003,Arpa,Ячмень,Barley,Арпа,2023-09,monthly,2023,3982.0
0004,Bug'doy,Пшеница,Wheat,Буғдой,2023-09,monthly,2023,3450.0
005,Jo'hori,Кукуруза,Corn,Жўҳори,2023-09,monthly,2023,3565.0
006,Kepak,Отруби,Bran,Кепак,2023-09,monthly,2023,3427.0
0008,Shrot,Шрот,Schroth,Шрот,2023-09,monthly,2023,4780.0
009,Shulxa,Шелуха,Husk,Шулха,2023-09,monthly,2023,4153.0
010,Kombikorm,Комбикорм,Compound feed,Комбикорм,2023-09,monthly,2023,3416.0
011,Oliy navli bug'doy uni,Мука пшеничная высшего сорта,High-grade wheat flour,Олий навли буғдой уни,2023-09,monthly,2023,8606.0
0012,1-navli bug'doy uni,Мука пшеничная первого сорта,First grade wheat flour,1-навли буғдой уни,2023-09,monthly,2023,5843.0
013,1-nav bug'doy unidan non,Хлеб пшеничный из муки 1-го сорта,Wheat bread from 1st grade flour,1-нав буғдой унидан нон,2023-09,monthly,2023,6582.0
017,Mol go'shti,Говядина,Beef,Мол гўшти,2023-09,monthly,2023,73047.0
0020,Qo'y go'shti,Баранина,Mutton,Қўй гўшти,2023-09,monthly,2023,87609.0
022,Tovuq go'shti,Мясо птицы,Poultry,Товуқ гўшти,2023-09,monthly,2023,31157.0
026,Turli baliqlar,Рыба всякая,Fish of all kinds,Турли балиқлар,2023-09,monthly,2023,34002.0
027,Yangi sog'ilgan sut (1 litr),Молоко свежее (1 литр),Fresh milk (1 liter),Янги соғилган сут (1 литр),2023-09,monthly,2023,6627.0
034,Tuxum (10 dona),Яйца (10 штук),Eggs (10 pieces ),Тухум (10 дона),2023-09,monthly,2023,14385.0
035,Paxta yog'i (1 litr),Масло хлопковое (1 литр),Cottonseed oil (1 liter),Пахта ёғи (1 литр),2023-09,monthly,2023,15352.0
0036,Kungaboqar yog'i (1 litr),Масло подсолнечное (1 литр),Sunflower oil (1 liter),Кунгабоқар ёғи (1 литр),2023-09,monthly,2023,16301.0
037,Sariyog',Масло сливочное,Butter,Сариёғ,2023-09,monthly,2023,68212.0
039,Limon,Лимоны,Lemons,Лимон,2023-09,monthly,2023,35942.0
0040,Olma,Яблоки,Apples,Олма,2023-09,monthly,2023,11325.0
041,Nok,Груши,Pears,Нок,2023-09,monthly,2023,26648.0
049,Uzum,Виноград,Grape,Узум,2023-09,monthly,2023,14876.0
0050,Tarvuz,Арбуз,Watermelon,Тарвуз,2023-09,monthly,2023,2486.0
0051,Qovun,Дыня,Melon,Қовун,2023-09,monthly,2023,3372.0
053,Mayiz,Кишмиш,Kishmish,Майиз,2023-09,monthly,2023,43697.0
055,Karam,Капуста,Cabbage,Карам,2023-09,monthly,2023,5438.0
057,Bodring,Огурцы,Cucumbers,Бодринг,2023-09,monthly,2023,6199.0
058,Pomidor,Помидоры,Tomatoes,Помидор,2023-09,monthly,2023,3103.0
059,Baqlajon,Баклажаны,Eggplant,Бақлажон,2023-09,monthly,2023,3658.0
0060,Bulg'or qalampiri,Перец болгарский,Bell pepper,Булғор қалампири,2023-09,monthly,2023,4673.0
061,Qovoq,Тыква,Pumpkin,Қовоқ,2023-09,monthly,2023,4668.0
063,Sabzi,Морковь,Carrot,Сабзи,2023-09,monthly,2023,6231.0
065,Sarimsoq,Чеснок,Garlic,Саримсоқ,2023-09,monthly,2023,16044.0
066,Piyoz,Лук репчатый,Onion,Пиёз,2023-09,monthly,2023,3168.0
069,Kartoshka,Картофель,Potatoes,Картошка,2023-09,monthly,2023,3968.0
0070,Loviya,Фасоль,Beans,Ловия,2023-09,monthly,2023,20284.0
071,No'xot,Горох,Peas,Нўхот,2023-09,monthly,2023,24099.0
0072,Mosh,Маш,Mash,Мош,2023-09,monthly,2023,14465.0
073,Shakar,Сахар песок,Sugar,Шакар,2023-09,monthly,2023,13885.0
002,Kruppa yormasi,Крупа манная,Semolina,Круппа ёрмаси,2023-09,monthly,2023,3982.0
001,Guruch,Рис,Rice,Гуруч,2023-10,monthly,2023,21303.0
003,Arpa,Ячмень,Barley,Арпа,2023-10,monthly,2023,4020.0
0004,Bug'doy,Пшеница,Wheat,Буғдой,2023-10,monthly,2023,3508.0
005,Jo'hori,Кукуруза,Corn,Жўҳори,2023-10,monthly,2023,3527.0
006,Kepak,Отруби,Bran,Кепак,2023-10,monthly,2023,3553.0
0008,Shrot,Шрот,Schroth,Шрот,2023-10,monthly,2023,5088.0
009,Shulxa,Шелуха,Husk,Шулха,2023-10,monthly,2023,4167.0
010,Kombikorm,Комбикорм,Compound feed,Комбикорм,2023-10,monthly,2023,3442.0
011,Oliy navli bug'doy uni,Мука пшеничная высшего сорта,High-grade wheat flour,Олий навли буғдой уни,2023-10,monthly,2023,9029.0
0012,1-navli bug'doy uni,Мука пшеничная первого сорта,First grade wheat flour,1-навли буғдой уни,2023-10,monthly,2023,6169.0
013,1-nav bug'doy unidan non,Хлеб пшеничный из муки 1-го сорта,Wheat bread from 1st grade flour,1-нав буғдой унидан нон,2023-10,monthly,2023,6650.0
017,Mol go'shti,Говядина,Beef,Мол гўшти,2023-10,monthly,2023,72205.0
0020,Qo'y go'shti,Баранина,Mutton,Қўй гўшти,2023-10,monthly,2023,86549.0
022,Tovuq go'shti,Мясо птицы,Poultry,Товуқ гўшти,2023-10,monthly,2023,31082.0
026,Turli baliqlar,Рыба всякая,Fish of all kinds,Турли балиқлар,2023-10,monthly,2023,33496.0
027,Yangi sog'ilgan sut (1 litr),Молоко свежее (1 литр),Fresh milk (1 liter),Янги соғилган сут (1 литр),2023-10,monthly,2023,6510.0
034,Tuxum (10 dona),Яйца (10 штук),Eggs (10 pieces ),Тухум (10 дона),2023-10,monthly,2023,14917.0
035,Paxta yog'i (1 litr),Масло хлопковое (1 литр),Cottonseed oil (1 liter),Пахта ёғи (1 литр),2023-10,monthly,2023,15000.0
0036,Kungaboqar yog'i (1 litr),Масло подсолнечное (1 литр),Sunflower oil (1 liter),Кунгабоқар ёғи (1 литр),2023-10,monthly,2023,16040.0
037,Sariyog',Масло сливочное,Butter,Сариёғ,2023-10,monthly,2023,68401.0
039,Limon,Лимоны,Lemons,Лимон,2023-10,monthly,2023,35265.0
0040,Olma,Яблоки,Apples,Олма,2023-10,monthly,2023,11391.0
041,Nok,Груши,Pears,Нок,2023-10,monthly,2023,28043.0
049,Uzum,Виноград,Grape,Узум,2023-10,monthly,2023,18411.0
0050,Tarvuz,Арбуз,Watermelon,Тарвуз,2023-10,monthly,2023,2890.0
0051,Qovun,Дыня,Melon,Қовун,2023-10,monthly,2023,3632.0
053,Mayiz,Кишмиш,Kishmish,Майиз,2023-10,monthly,2023,43650.0
055,Karam,Капуста,Cabbage,Карам,2023-10,monthly,2023,4606.0
057,Bodring,Огурцы,Cucumbers,Бодринг,2023-10,monthly,2023,6309.0
058,Pomidor,Помидоры,Tomatoes,Помидор,2023-10,monthly,2023,3883.0
059,Baqlajon,Баклажаны,Eggplant,Бақлажон,2023-10,monthly,2023,3946.0
0060,Bulg'or qalampiri,Перец болгарский,Bell pepper,Булғор қалампири,2023-10,monthly,2023,4926.0
061,Qovoq,Тыква,Pumpkin,Қовоқ,2023-10,monthly,2023,4505.0
063,Sabzi,Морковь,Carrot,Сабзи,2023-10,monthly,2023,4592.0
065,Sarimsoq,Чеснок,Garlic,Саримсоқ,2023-10,monthly,2023,16924.0
066,Piyoz,Лук репчатый,Onion,Пиёз,2023-10,monthly,2023,3107.0
069,Kartoshka,Картофель,Potatoes,Картошка,2023-10,monthly,2023,4052.0
0070,Loviya,Фасоль,Beans,Ловия,2023-10,monthly,2023,19977.0
071,No'xot,Горох,Peas,Нўхот,2023-10,monthly,2023,23859.0
0072,Mosh,Маш,Mash,Мош,2023-10,monthly,2023,14242.0
073,Shakar,Сахар песок,Sugar,Шакар,2023-10,monthly,2023,13960.0
002,Kruppa yormasi,Крупа манная,Semolina,Круппа ёрмаси,2023-10,monthly,2023,4020.0
001,Guruch,Рис,Rice,Гуруч,2023-11,monthly,2023,21688.0
003,Arpa,Ячмень,Barley,Арпа,2023-11,monthly,2023,4044.0
0004,Bug'doy,Пшеница,Wheat,Буғдой,2023-11,monthly,2023,3448.0
005,Jo'hori,Кукуруза,Corn,Жўҳори,2023-11,monthly,2023,3359.0
006,Kepak,Отруби,Bran,Кепак,2023-11,monthly,2023,3524.0
0008,Shrot,Шрот,Schroth,Шрот,2023-11,monthly,2023,5397.0
009,Shulxa,Шелуха,Husk,Шулха,2023-11,monthly,2023,4185.0
010,Kombikorm,Комбикорм,Compound feed,Комбикорм,2023-11,monthly,2023,3442.0
011,Oliy navli bug'doy uni,Мука пшеничная высшего сорта,High-grade wheat flour,Олий навли буғдой уни,2023-11,monthly,2023,9190.0
0012,1-navli bug'doy uni,Мука пшеничная первого сорта,First grade wheat flour,1-навли буғдой уни,2023-11,monthly,2023,6321.0
013,1-nav bug'doy unidan non,Хлеб пшеничный из муки 1-го сорта,Wheat bread from 1st grade flour,1-нав буғдой унидан нон,2023-11,monthly,2023,6661.0
017,Mol go'shti,Говядина,Beef,Мол гўшти,2023-11,monthly,2023,72758.0
0020,Qo'y go'shti,Баранина,Mutton,Қўй гўшти,2023-11,monthly,2023,86529.0
022,Tovuq go'shti,Мясо птицы,Poultry,Товуқ гўшти,2023-11,monthly,2023,31048.0
026,Turli baliqlar,Рыба всякая,Fish of all kinds,Турли балиқлар,2023-11,monthly,2023,34459.0
027,Yangi sog'ilgan sut (1 litr),Молоко свежее (1 литр),Fresh milk (1 liter),Янги соғилган сут (1 литр),2023-11,monthly,2023,6564.0
034,Tuxum (10 dona),Яйца (10 штук),Eggs (10 pieces ),Тухум (10 дона),2023-11,monthly,2023,15221.0
035,Paxta yog'i (1 litr),Масло хлопковое (1 литр),Cottonseed oil (1 liter),Пахта ёғи (1 литр),2023-11,monthly,2023,14775.0
0036,Kungaboqar yog'i (1 litr),Масло подсолнечное (1 литр),Sunflower oil (1 liter),Кунгабоқар ёғи (1 литр),2023-11,monthly,2023,15900.0
037,Sariyog',Масло сливочное,Butter,Сариёғ,2023-11,monthly,2023,66875.0
039,Limon,Лимоны,Lemons,Лимон,2023-11,monthly,2023,32128.0
0040,Olma,Яблоки,Apples,Олма,2023-11,monthly,2023,12027.0
041,Nok,Груши,Pears,Нок,2023-11,monthly,2023,29116.0
049,Uzum,Виноград,Grape,Узум,2023-11,monthly,2023,24438.0
0050,Tarvuz,Арбуз,Watermelon,Тарвуз,2023-11,monthly,2023,3706.0
0051,Qovun,Дыня,Melon,Қовун,2023-11,monthly,2023,4431.0
053,Mayiz,Кишмиш,Kishmish,Майиз,2023-11,monthly,2023,44400.0
055,Karam,Капуста,Cabbage,Карам,2023-11,monthly,2023,3584.0
057,Bodring,Огурцы,Cucumbers,Бодринг,2023-11,monthly,2023,14528.0
058,Pomidor,Помидоры,Tomatoes,Помидор,2023-11,monthly,2023,11276.0
059,Baqlajon,Баклажаны,Eggplant,Бақлажон,2023-11,monthly,2023,4663.0
0060,Bulg'or qalampiri,Перец болгарский,Bell pepper,Булғор қалампири,2023-11,monthly,2023,7495.0
061,Qovoq,Тыква,Pumpkin,Қовоқ,2023-11,monthly,2023,4256.0
063,Sabzi,Морковь,Carrot,Сабзи,2023-11,monthly,2023,3013.0
065,Sarimsoq,Чеснок,Garlic,Саримсоқ,2023-11,monthly,2023,22458.0
066,Piyoz,Лук репчатый,Onion,Пиёз,2023-11,monthly,2023,2942.0
069,Kartoshka,Картофель,Potatoes,Картошка,2023-11,monthly,2023,3983.0
0070,Loviya,Фасоль,Beans,Ловия,2023-11,monthly,2023,19984.0
071,No'xot,Горох,Peas,Нўхот,2023-11,monthly,2023,23810.0
0072,Mosh,Маш,Mash,Мош,2023-11,monthly,2023,14187.0
073,Shakar,Сахар песок,Sugar,Шакар,2023-11,monthly,2023,14578.0
002,Kruppa yormasi,Крупа манная,Semolina,Круппа ёрмаси,2023-11,monthly,2023,4044.0
001,Guruch,Рис,Rice,Гуруч,2023-12,monthly,2023,21814.0
003,Arpa,Ячмень,Barley,Арпа,2023-12,monthly,2023,4033.0
0004,Bug'doy,Пшеница,Wheat,Буғдой,2023-12,monthly,2023,3427.0
005,Jo'hori,Кукуруза,Corn,Жўҳори,2023-12,monthly,2023,3333.0
006,Kepak,Отруби,Bran,Кепак,2023-12,monthly,2023,3513.0
0008,Shrot,Шрот,Schroth,Шрот,2023-12,monthly,2023,5397.0
009,Shulxa,Шелуха,Husk,Шулха,2023-12,monthly,2023,4178.0
010,Kombikorm,Комбикорм,Compound feed,Комбикорм,2023-12,monthly,2023,3442.0
011,Oliy navli bug'doy uni,Мука пшеничная высшего сорта,High-grade wheat flour,Олий навли буғдой уни,2023-12,monthly,2023,9174.0
0012,1-navli bug'doy uni,Мука пшеничная первого сорта,First grade wheat flour,1-навли буғдой уни,2023-12,monthly,2023,6461.0
013,1-nav bug'doy unidan non,Хлеб пшеничный из муки 1-го сорта,Wheat bread from 1st grade flour,1-нав буғдой унидан нон,2023-12,monthly,2023,6634.0
017,Mol go'shti,Говядина,Beef,Мол гўшти,2023-12,monthly,2023,73004.0
0020,Qo'y go'shti,Баранина,Mutton,Қўй гўшти,2023-12,monthly,2023,85962.0
022,Tovuq go'shti,Мясо птицы,Poultry,Товуқ гўшти,2023-12,monthly,2023,31303.0
026,Turli baliqlar,Рыба всякая,Fish of all kinds,Турли балиқлар,2023-12,monthly,2023,34521.0
027,Yangi sog'ilgan sut (1 litr),Молоко свежее (1 литр),Fresh milk (1 liter),Янги соғилган сут (1 литр),2023-12,monthly,2023,6658.0
034,Tuxum (10 dona),Яйца (10 штук),Eggs (10 pieces ),Тухум (10 дона),2023-12,monthly,2023,15307.0
035,Paxta yog'i (1 litr),Масло хлопковое (1 литр),Cottonseed oil (1 liter),Пахта ёғи (1 литр),2023-12,monthly,2023,14741.0
0036,Kungaboqar yog'i (1 litr),Масло подсолнечное (1 литр),Sunflower oil (1 liter),Кунгабоқар ёғи (1 литр),2023-12,monthly,2023,15839.0
037,Sariyog',Масло сливочное,Butter,Сариёғ,2023-12,monthly,2023,65770.0
039,Limon,Лимоны,Lemons,Лимон,2023-12,monthly,2023,27422.0
0040,Olma,Яблоки,Apples,Олма,2023-12,monthly,2023,12616.0
041,Nok,Груши,Pears,Нок,2023-12,monthly,2023,29576.0
049,Uzum,Виноград,Grape,Узум,2023-12,monthly,2023,28547.0
0050,Tarvuz,Арбуз,Watermelon,Тарвуз,2023-12,monthly,2023,5824.0
0051,Qovun,Дыня,Melon,Қовун,2023-12,monthly,2023,6691.0
053,Mayiz,Кишмиш,Kishmish,Майиз,2023-12,monthly,2023,44935.0
055,Karam,Капуста,Cabbage,Карам,2023-12,monthly,2023,3092.0
057,Bodring,Огурцы,Cucumbers,Бодринг,2023-12,monthly,2023,25778.0
058,Pomidor,Помидоры,Tomatoes,Помидор,2023-12,monthly,2023,25858.0
059,Baqlajon,Баклажаны,Eggplant,Бақлажон,2023-12,monthly,2023,8454.0
0060,Bulg'or qalampiri,Перец болгарский,Bell pepper,Булғор қалампири,2023-12,monthly,2023,14790.0
061,Qovoq,Тыква,Pumpkin,Қовоқ,2023-12,monthly,2023,4223.0
063,Sabzi,Морковь,Carrot,Сабзи,2023-12,monthly,2023,2521.0
065,Sarimsoq,Чеснок,Garlic,Саримсоқ,2023-12,monthly,2023,29597.0
066,Piyoz,Лук репчатый,Onion,Пиёз,2023-12,monthly,2023,2795.0
069,Kartoshka,Картофель,Potatoes,Картошка,2023-12,monthly,2023,4013.0
0070,Loviya,Фасоль,Beans,Ловия,2023-12,monthly,2023,20097.0
071,No'xot,Горох,Peas,Нўхот,2023-12,monthly,2023,23930.0
0072,Mosh,Маш,Mash,Мош,2023-12,monthly,2023,14249.0
073,Shakar,Сахар песок,Sugar,Шакар,2023-12,monthly,2023,14823.0
002,Kruppa yormasi,Крупа манная,Semolina,Круппа ёрмаси,2023-12,monthly,2023,4033.0
001,Guruch,Рис,Rice,Гуруч,2024-01,monthly,2024,21841.0
003,Arpa,Ячмень,Barley,Арпа,2024-01,monthly,2024,4033.0
0004,Bug'doy,Пшеница,Wheat,Буғдой,2024-01,monthly,2024,3413.0
005,Jo'hori,Кукуруза,Corn,Жўҳори,2024-01,monthly,2024,3304.0
006,Kepak,Отруби,Bran,Кепак,2024-01,monthly,2024,3513.0
0008,Shrot,Шрот,Schroth,Шрот,2024-01,monthly,2024,5397.0
009,Shulxa,Шелуха,Husk,Шулха,2024-01,monthly,2024,4171.0
010,Kombikorm,Комбикорм,Compound feed,Комбикорм,2024-01,monthly,2024,3442.0
011,Oliy navli bug'doy uni,Мука пшеничная высшего сорта,High-grade wheat flour,Олий навли буғдой уни,2024-01,monthly,2024,9765.0
0012,1-navli bug'doy uni,Мука пшеничная первого сорта,First grade wheat flour,1-навли буғдой уни,2024-01,monthly,2024,7074.0
013,1-nav bug'doy unidan non,Хлеб пшеничный из муки 1-го сорта,Wheat bread from 1st grade flour,1-нав буғдой унидан нон,2024-01,monthly,2024,6646.0
017,Mol go'shti,Говядина,Beef,Мол гўшти,2024-01,monthly,2024,73593.0
0020,Qo'y go'shti,Баранина,Mutton,Қўй гўшти,2024-01,monthly,2024,86216.0
022,Tovuq go'shti,Мясо птицы,Poultry,Товуқ гўшти,2024-01,monthly,2024,31752.0
026,Turli baliqlar,Рыба всякая,Fish of all kinds,Турли балиқлар,2024-01,monthly,2024,34985.0
027,Yangi sog'ilgan sut (1 litr),Молоко свежее (1 литр),Fresh milk (1 liter),Янги соғилган сут (1 литр),2024-01,monthly,2024,6396.0
034,Tuxum (10 dona),Яйца (10 штук),Eggs (10 pieces ),Тухум (10 дона),2024-01,monthly,2024,15598.0
035,Paxta yog'i (1 litr),Масло хлопковое (1 литр),Cottonseed oil (1 liter),Пахта ёғи (1 литр),2024-01,monthly,2024,14630.0
0036,Kungaboqar yog'i (1 litr),Масло подсолнечное (1 литр),Sunflower oil (1 liter),Кунгабоқар ёғи (1 литр),2024-01,monthly,2024,15812.0
037,Sariyog',Масло сливочное,Butter,Сариёғ,2024-01,monthly,2024,63808.0
039,Limon,Лимоны,Lemons,Лимон,2024-01,monthly,2024,26957.0
0040,Olma,Яблоки,Apples,Олма,2024-01,monthly,2024,13173.0
041,Nok,Груши,Pears,Нок,2024-01,monthly,2024,29454.0
049,Uzum,Виноград,Grape,Узум,2024-01,monthly,2024,31082.0
0050,Tarvuz,Арбуз,Watermelon,Тарвуз,2024-01,monthly,2024,8981.0
0051,Qovun,Дыня,Melon,Қовун,2024-01,monthly,2024,10164.0
053,Mayiz,Кишмиш,Kishmish,Майиз,2024-01,monthly,2024,45468.0
055,Karam,Капуста,Cabbage,Карам,2024-01,monthly,2024,2847.0
057,Bodring,Огурцы,Cucumbers,Бодринг,2024-01,monthly,2024,30123.0
058,Pomidor,Помидоры,Tomatoes,Помидор,2024-01,monthly,2024,29380.0
059,Baqlajon,Баклажаны,Eggplant,Бақлажон,2024-01,monthly,2024,10609.0
0060,Bulg'or qalampiri,Перец болгарский,Bell pepper,Булғор қалампири,2024-01,monthly,2024,28050.0
061,Qovoq,Тыква,Pumpkin,Қовоқ,2024-01,monthly,2024,4411.0
063,Sabzi,Морковь,Carrot,Сабзи,2024-01,monthly,2024,2347.0
065,Sarimsoq,Чеснок,Garlic,Саримсоқ,2024-01,monthly,2024,35587.0
066,Piyoz,Лук репчатый,Onion,Пиёз,2024-01,monthly,2024,2888.0
069,Kartoshka,Картофель,Potatoes,Картошка,2024-01,monthly,2024,4148.0
0070,Loviya,Фасоль,Beans,Ловия,2024-01,monthly,2024,20486.0
071,No'xot,Горох,Peas,Нўхот,2024-01,monthly,2024,24075.0
0072,Mosh,Маш,Mash,Мош,2024-01,monthly,2024,14326.0
073,Shakar,Сахар песок,Sugar,Шакар,2024-01,monthly,2024,14631.0
002,Kruppa yormasi,Крупа манная,Semolina,Круппа ёрмаси,2024-01,monthly,2024,4033.0
001,Guruch,Рис,Rice,Гуруч,2024-02,monthly,2024,20943.0
003,Arpa,Ячмень,Barley,Арпа,2024-02,monthly,2024,3887.0
0004,Bug'doy,Пшеница,Wheat,Буғдой,2024-02,monthly,2024,3507.0
005,Jo'hori,Кукуруза,Corn,Жўҳори,2024-02,monthly,2024,2920.0
006,Kepak,Отруби,Bran,Кепак,2024-02,monthly,2024,3525.0
0008,Shrot,Шрот,Schroth,Шрот,2024-02,monthly,2024,5631.0
009,Shulxa,Шелуха,Husk,Шулха,2024-02,monthly,2024,4168.0
010,Kombikorm,Комбикорм,Compound feed,Комбикорм,2024-02,monthly,2024,3453.0
011,Oliy navli bug'doy uni,Мука пшеничная высшего сорта,High-grade wheat flour,Олий навли буғдой уни,2024-02,monthly,2024,9728.0
0012,1-navli bug'doy uni,Мука пшеничная первого сорта,First grade wheat flour,1-навли буғдой уни,2024-02,monthly,2024,6915.0
013,1-nav bug'doy unidan non,Хлеб пшеничный из муки 1-го сорта,Wheat bread from 1st grade flour,1-нав буғдой унидан нон,2024-02,monthly,2024,6627.0
017,Mol go'shti,Говядина,Beef,Мол гўшти,2024-02,monthly,2024,73103.0
0020,Qo'y go'shti,Баранина,Mutton,Қўй гўшти,2024-02,monthly,2024,85048.0
022,Tovuq go'shti,Мясо птицы,Poultry,Товуқ гўшти,2024-02,monthly,2024,31847.0
026,Turli baliqlar,Рыба всякая,Fish of all kinds,Турли балиқлар,2024-02,monthly,2024,34227.0
027,Yangi sog'ilgan sut (1 litr),Молоко свежее (1 литр),Fresh milk (1 liter),Янги соғилган сут (1 литр),2024-02,monthly,2024,6364.0
034,Tuxum (10 dona),Яйца (10 штук),Eggs (10 pieces ),Тухум (10 дона),2024-02,monthly,2024,13618.0
035,Paxta yog'i (1 litr),Масло хлопковое (1 литр),Cottonseed oil (1 liter),Пахта ёғи (1 литр),2024-02,monthly,2024,13458.0
0036,Kungaboqar yog'i (1 litr),Масло подсолнечное (1 литр),Sunflower oil (1 liter),Кунгабоқар ёғи (1 литр),2024-02,monthly,2024,14907.0
037,Sariyog',Масло сливочное,Butter,Сариёғ,2024-02,monthly,2024,62826.0
039,Limon,Лимоны,Lemons,Лимон,2024-02,monthly,2024,27038.0
0040,Olma,Яблоки,Apples,Олма,2024-02,monthly,2024,13156.0
041,Nok,Груши,Pears,Нок,2024-02,monthly,2024,28330.0
049,Uzum,Виноград,Grape,Узум,2024-02,monthly,2024,32974.0
0050,Tarvuz,Арбуз,Watermelon,Тарвуз,2024-02,monthly,2024,15500.0
0051,Qovun,Дыня,Melon,Қовун,2024-02,monthly,2024,14391.0
053,Mayiz,Кишмиш,Kishmish,Майиз,2024-02,monthly,2024,45819.0
055,Karam,Капуста,Cabbage,Карам,2024-02,monthly,2024,2338.0
057,Bodring,Огурцы,Cucumbers,Бодринг,2024-02,monthly,2024,28514.0
058,Pomidor,Помидоры,Tomatoes,Помидор,2024-02,monthly,2024,27771.0
059,Baqlajon,Баклажаны,Eggplant,Бақлажон,2024-02,monthly,2024,29856.0
0060,Bulg'or qalampiri,Перец болгарский,Bell pepper,Булғор қалампири,2024-02,monthly,2024,33816.0
061,Qovoq,Тыква,Pumpkin,Қовоқ,2024-02,monthly,2024,4443.0
063,Sabzi,Морковь,Carrot,Сабзи,2024-02,monthly,2024,1999.0
065,Sarimsoq,Чеснок,Garlic,Саримсоқ,2024-02,monthly,2024,38890.0
066,Piyoz,Лук репчатый,Onion,Пиёз,2024-02,monthly,2024,2836.0
069,Kartoshka,Картофель,Potatoes,Картошка,2024-02,monthly,2024,4052.0
0070,Loviya,Фасоль,Beans,Ловия,2024-02,monthly,2024,20965.0
071,No'xot,Горох,Peas,Нўхот,2024-02,monthly,2024,23870.0
0072,Mosh,Маш,Mash,Мош,2024-02,monthly,2024,14387.0
073,Shakar,Сахар песок,Sugar,Шакар,2024-02,monthly,2024,13998.0
002,Kruppa yormasi,Крупа манная,Semolina,Круппа ёрмаси,2024-02,monthly,2024,3887.0
001,Guruch,Рис,Rice,Гуруч,2024-03,monthly,2024,20454.0
003,Arpa,Ячмень,Barley,Арпа,2024-03,monthly,2024,3880.0
0004,Bug'doy,Пшеница,Wheat,Буғдой,2024-03,monthly,2024,3507.0
005,Jo'hori,Кукуруза,Corn,Жўҳори,2024-03,monthly,2024,3030.0
006,Kepak,Отруби,Bran,Кепак,2024-03,monthly,2024,3400.0
0008,Shrot,Шрот,Schroth,Шрот,2024-03,monthly,2024,6192.0
009,Shulxa,Шелуха,Husk,Шулха,2024-03,monthly,2024,4132.0
010,Kombikorm,Комбикорм,Compound feed,Комбикорм,2024-03,monthly,2024,3483.0
011,Oliy navli bug'doy uni,Мука пшеничная высшего сорта,High-grade wheat flour,Олий навли буғдой уни,2024-03,monthly,2024,9735.0
0012,1-navli bug'doy uni,Мука пшеничная первого сорта,First grade wheat flour,1-навли буғдой уни,2024-03,monthly,2024,6856.0
013,1-nav bug'doy unidan non,Хлеб пшеничный из муки 1-го сорта,Wheat bread from 1st grade flour,1-нав буғдой унидан нон,2024-03,monthly,2024,6586.0
017,Mol go'shti,Говядина,Beef,Мол гўшти,2024-03,monthly,2024,72078.0
0020,Qo'y go'shti,Баранина,Mutton,Қўй гўшти,2024-03,monthly,2024,83753.0
022,Tovuq go'shti,Мясо птицы,Poultry,Товуқ гўшти,2024-03,monthly,2024,31473.0
026,Turli baliqlar,Рыба всякая,Fish of all kinds,Турли балиқлар,2024-03,monthly,2024,33955.0
027,Yangi sog'ilgan sut (1 litr),Молоко свежее (1 литр),Fresh milk (1 liter),Янги соғилган сут (1 литр),2024-03,monthly,2024,6354.0
034,Tuxum (10 dona),Яйца (10 штук),Eggs (10 pieces ),Тухум (10 дона),2024-03,monthly,2024,12382.0
035,Paxta yog'i (1 litr),Масло хлопковое (1 литр),Cottonseed oil (1 liter),Пахта ёғи (1 литр),2024-03,monthly,2024,12971.0
0036,Kungaboqar yog'i (1 litr),Масло подсолнечное (1 литр),Sunflower oil (1 liter),Кунгабоқар ёғи (1 литр),2024-03,monthly,2024,14596.0
037,Sariyog',Масло сливочное,Butter,Сариёғ,2024-03,monthly,2024,62508.0
039,Limon,Лимоны,Lemons,Лимон,2024-03,monthly,2024,29264.0
0040,Olma,Яблоки,Apples,Олма,2024-03,monthly,2024,13248.0
041,Nok,Груши,Pears,Нок,2024-03,monthly,2024,27891.0
049,Uzum,Виноград,Grape,Узум,2024-03,monthly,2024,33364.0
0050,Tarvuz,Арбуз,Watermelon,Тарвуз,2024-03,monthly,2024,15000.0
0051,Qovun,Дыня,Melon,Қовун,2024-03,monthly,2024,15000.0
053,Mayiz,Кишмиш,Kishmish,Майиз,2024-03,monthly,2024,46356.0
055,Karam,Капуста,Cabbage,Карам,2024-03,monthly,2024,2280.0
057,Bodring,Огурцы,Cucumbers,Бодринг,2024-03,monthly,2024,27104.0
058,Pomidor,Помидоры,Tomatoes,Помидор,2024-03,monthly,2024,27305.0
059,Baqlajon,Баклажаны,Eggplant,Бақлажон,2024-03,monthly,2024,29954.0
0060,Bulg'or qalampiri,Перец болгарский,Bell pepper,Булғор қалампири,2024-03,monthly,2024,42153.0
061,Qovoq,Тыква,Pumpkin,Қовоқ,2024-03,monthly,2024,4546.0
063,Sabzi,Морковь,Carrot,Сабзи,2024-03,monthly,2024,2086.0
065,Sarimsoq,Чеснок,Garlic,Саримсоқ,2024-03,monthly,2024,38969.0
066,Piyoz,Лук репчатый,Onion,Пиёз,2024-03,monthly,2024,2748.0
069,Kartoshka,Картофель,Potatoes,Картошка,2024-03,monthly,2024,3987.0
0070,Loviya,Фасоль,Beans,Ловия,2024-03,monthly,2024,21128.0
071,No'xot,Горох,Peas,Нўхот,2024-03,monthly,2024,23731.0
0072,Mosh,Маш,Mash,Мош,2024-03,monthly,2024,14572.0
073,Shakar,Сахар песок,Sugar,Шакар,2024-03,monthly,2024,13915.0
002,Kruppa yormasi,Крупа манная,Semolina,Круппа ёрмаси,2024-03,monthly,2024,3880.0
001,Guruch,Рис,Rice,Гуруч,2024-04,monthly,2024,20358.0
003,Arpa,Ячмень,Barley,Арпа,2024-04,monthly,2024,3837.0
0004,Bug'doy,Пшеница,Wheat,Буғдой,2024-04,monthly,2024,3490.0
005,Jo'hori,Кукуруза,Corn,Жўҳори,2024-04,monthly,2024,3202.0
006,Kepak,Отруби,Bran,Кепак,2024-04,monthly,2024,3378.0
0008,Shrot,Шрот,Schroth,Шрот,2024-04,monthly,2024,6000.0
009,Shulxa,Шелуха,Husk,Шулха,2024-04,monthly,2024,4107.0
010,Kombikorm,Комбикорм,Compound feed,Комбикорм,2024-04,monthly,2024,3483.0
011,Oliy navli bug'doy uni,Мука пшеничная высшего сорта,High-grade wheat flour,Олий навли буғдой уни,2024-04,monthly,2024,9742.0
0012,1-navli bug'doy uni,Мука пшеничная первого сорта,First grade wheat flour,1-навли буғдой уни,2024-04,monthly,2024,6860.0
013,1-nav bug'doy unidan non,Хлеб пшеничный из муки 1-го сорта,Wheat bread from 1st grade flour,1-нав буғдой унидан нон,2024-04,monthly,2024,6588.0
017,Mol go'shti,Говядина,Beef,Мол гўшти,2024-04,monthly,2024,71805.0
0020,Qo'y go'shti,Баранина,Mutton,Қўй гўшти,2024-04,monthly,2024,83210.0
022,Tovuq go'shti,Мясо птицы,Poultry,Товуқ гўшти,2024-04,monthly,2024,31387.0
026,Turli baliqlar,Рыба всякая,Fish of all kinds,Турли балиқлар,2024-04,monthly,2024,34164.0
027,Yangi sog'ilgan sut (1 litr),Молоко свежее (1 литр),Fresh milk (1 liter),Янги соғилган сут (1 литр),2024-04,monthly,2024,6291.0
034,Tuxum (10 dona),Яйца (10 штук),Eggs (10 pieces ),Тухум (10 дона),2024-04,monthly,2024,11360.0
035,Paxta yog'i (1 litr),Масло хлопковое (1 литр),Cottonseed oil (1 liter),Пахта ёғи (1 литр),2024-04,monthly,2024,12764.0
0036,Kungaboqar yog'i (1 litr),Масло подсолнечное (1 литр),Sunflower oil (1 liter),Кунгабоқар ёғи (1 литр),2024-04,monthly,2024,14574.0
037,Sariyog',Масло сливочное,Butter,Сариёғ,2024-04,monthly,2024,62361.0
039,Limon,Лимоны,Lemons,Лимон,2024-04,monthly,2024,31424.0
0040,Olma,Яблоки,Apples,Олма,2024-04,monthly,2024,13568.0
041,Nok,Груши,Pears,Нок,2024-04,monthly,2024,27305.0
049,Uzum,Виноград,Grape,Узум,2024-04,monthly,2024,32120.0
053,Mayiz,Кишмиш,Kishmish,Майиз,2024-04,monthly,2024,46772.0
055,Karam,Капуста,Cabbage,Карам,2024-04,monthly,2024,2323.0
057,Bodring,Огурцы,Cucumbers,Бодринг,2024-04,monthly,2024,18984.0
058,Pomidor,Помидоры,Tomatoes,Помидор,2024-04,monthly,2024,24321.0
059,Baqlajon,Баклажаны,Eggplant,Бақлажон,2024-04,monthly,2024,30239.0
0060,Bulg'or qalampiri,Перец болгарский,Bell pepper,Булғор қалампири,2024-04,monthly,2024,40158.0
061,Qovoq,Тыква,Pumpkin,Қовоқ,2024-04,monthly,2024,5055.0
063,Sabzi,Морковь,Carrot,Сабзи,2024-04,monthly,2024,2167.0
065,Sarimsoq,Чеснок,Garlic,Саримсоқ,2024-04,monthly,2024,39920.0
066,Piyoz,Лук репчатый,Onion,Пиёз,2024-04,monthly,2024,2686.0
069,Kartoshka,Картофель,Potatoes,Картошка,2024-04,monthly,2024,4103.0
0070,Loviya,Фасоль,Beans,Ловия,2024-04,monthly,2024,21505.0
071,No'xot,Горох,Peas,Нўхот,2024-04,monthly,2024,23697.0
0072,Mosh,Маш,Mash,Мош,2024-04,monthly,2024,14655.0
073,Shakar,Сахар песок,Sugar,Шакар,2024-04,monthly,2024,14383.0
002,Kruppa yormasi,Крупа манная,Semolina,Круппа ёрмаси,2024-04,monthly,2024,3837.0
001,Guruch,Рис,Rice,Гуруч,2024-05,monthly,2024,20495.0
003,Arpa,Ячмень,Barley,Арпа,2024-05,monthly,2024,3791.0
0004,Bug'doy,Пшеница,Wheat,Буғдой,2024-05,monthly,2024,3433.0
005,Jo'hori,Кукуруза,Corn,Жўҳори,2024-05,monthly,2024,3387.0
006,Kepak,Отруби,Bran,Кепак,2024-05,monthly,2024,3370.0
0008,Shrot,Шрот,Schroth,Шрот,2024-05,monthly,2024,6000.0
009,Shulxa,Шелуха,Husk,Шулха,2024-05,monthly,2024,4107.0
010,Kombikorm,Комбикорм,Compound feed,Комбикорм,2024-05,monthly,2024,3483.0
011,Oliy navli bug'doy uni,Мука пшеничная высшего сорта,High-grade wheat flour,Олий навли буғдой уни,2024-05,monthly,2024,9797.0
0012,1-navli bug'doy uni,Мука пшеничная первого сорта,First grade wheat flour,1-навли буғдой уни,2024-05,monthly,2024,6888.0
013,1-nav bug'doy unidan non,Хлеб пшеничный из муки 1-го сорта,Wheat bread from 1st grade flour,1-нав буғдой унидан нон,2024-05,monthly,2024,6611.0
017,Mol go'shti,Говядина,Beef,Мол гўшти,2024-05,monthly,2024,72411.0
0020,Qo'y go'shti,Баранина,Mutton,Қўй гўшти,2024-05,monthly,2024,83770.0
022,Tovuq go'shti,Мясо птицы,Poultry,Товуқ гўшти,2024-05,monthly,2024,31480.0
026,Turli baliqlar,Рыба всякая,Fish of all kinds,Турли балиқлар,2024-05,monthly,2024,35247.0
027,Yangi sog'ilgan sut (1 litr),Молоко свежее (1 литр),Fresh milk (1 liter),Янги соғилган сут (1 литр),2024-05,monthly,2024,6205.0
034,Tuxum (10 dona),Яйца (10 штук),Eggs (10 pieces ),Тухум (10 дона),2024-05,monthly,2024,9720.0
035,Paxta yog'i (1 litr),Масло хлопковое (1 литр),Cottonseed oil (1 liter),Пахта ёғи (1 литр),2024-05,monthly,2024,12875.0
0036,Kungaboqar yog'i (1 litr),Масло подсолнечное (1 литр),Sunflower oil (1 liter),Кунгабоқар ёғи (1 литр),2024-05,monthly,2024,14743.0
037,Sariyog',Масло сливочное,Butter,Сариёғ,2024-05,monthly,2024,61776.0
039,Limon,Лимоны,Lemons,Лимон,2024-05,monthly,2024,34629.0
0040,Olma,Яблоки,Apples,Олма,2024-05,monthly,2024,14114.0
041,Nok,Груши,Pears,Нок,2024-05,monthly,2024,27374.0
049,Uzum,Виноград,Grape,Узум,2024-05,monthly,2024,26333.0
0050,Tarvuz,Арбуз,Watermelon,Тарвуз,2024-05,monthly,2024,7502.0
0051,Qovun,Дыня,Melon,Қовун,2024-05,monthly,2024,9034.0
053,Mayiz,Кишмиш,Kishmish,Майиз,2024-05,monthly,2024,47261.0
055,Karam,Капуста,Cabbage,Карам,2024-05,monthly,2024,1968.0
057,Bodring,Огурцы,Cucumbers,Бодринг,2024-05,monthly,2024,7594.0
058,Pomidor,Помидоры,Tomatoes,Помидор,2024-05,monthly,2024,14677.0
059,Baqlajon,Баклажаны,Eggplant,Бақлажон,2024-05,monthly,2024,17841.0
0060,Bulg'or qalampiri,Перец болгарский,Bell pepper,Булғор қалампири,2024-05,monthly,2024,15497.0
061,Qovoq,Тыква,Pumpkin,Қовоқ,2024-05,monthly,2024,5253.0
063,Sabzi,Морковь,Carrot,Сабзи,2024-05,monthly,2024,2325.0
065,Sarimsoq,Чеснок,Garlic,Саримсоқ,2024-05,monthly,2024,37559.0
066,Piyoz,Лук репчатый,Onion,Пиёз,2024-05,monthly,2024,1929.0
069,Kartoshka,Картофель,Potatoes,Картошка,2024-05,monthly,2024,4214.0
0070,Loviya,Фасоль,Beans,Ловия,2024-05,monthly,2024,22168.0
071,No'xot,Горох,Peas,Нўхот,2024-05,monthly,2024,23582.0
0072,Mosh,Маш,Mash,Мош,2024-05,monthly,2024,14831.0
073,Shakar,Сахар песок,Sugar,Шакар,2024-05,monthly,2024,14520.0
002,Kruppa yormasi,Крупа манная,Semolina,Круппа ёрмаси,2024-05,monthly,2024,3791.0
001,Guruch,Рис,Rice,Гуруч,2024-06,monthly,2024,20607.0
003,Arpa,Ячмень,Barley,Арпа,2024-06,monthly,2024,3533.0
0004,Bug'doy,Пшеница,Wheat,Буғдой,2024-06,monthly,2024,3213.0
005,Jo'hori,Кукуруза,Corn,Жўҳори,2024-06,monthly,2024,3353.0
006,Kepak,Отруби,Bran,Кепак,2024-06,monthly,2024,3370.0
0008,Shrot,Шрот,Schroth,Шрот,2024-06,monthly,2024,6000.0
009,Shulxa,Шелуха,Husk,Шулха,2024-06,monthly,2024,4092.0
010,Kombikorm,Комбикорм,Compound feed,Комбикорм,2024-06,monthly,2024,3483.0
011,Oliy navli bug'doy uni,Мука пшеничная высшего сорта,High-grade wheat flour,Олий навли буғдой уни,2024-06,monthly,2024,9785.0
0012,1-navli bug'doy uni,Мука пшеничная первого сорта,First grade wheat flour,1-навли буғдой уни,2024-06,monthly,2024,6832.0
013,1-nav bug'doy unidan non,Хлеб пшеничный из муки 1-го сорта,Wheat bread from 1st grade flour,1-нав буғдой унидан нон,2024-06,monthly,2024,6623.0
017,Mol go'shti,Говядина,Beef,Мол гўшти,2024-06,monthly,2024,72987.0
0020,Qo'y go'shti,Баранина,Mutton,Қўй гўшти,2024-06,monthly,2024,84555.0
022,Tovuq go'shti,Мясо птицы,Poultry,Товуқ гўшти,2024-06,monthly,2024,31575.0
026,Turli baliqlar,Рыба всякая,Fish of all kinds,Турли балиқлар,2024-06,monthly,2024,35132.0
027,Yangi sog'ilgan sut (1 litr),Молоко свежее (1 литр),Fresh milk (1 liter),Янги соғилган сут (1 литр),2024-06,monthly,2024,6188.0
034,Tuxum (10 dona),Яйца (10 штук),Eggs (10 pieces ),Тухум (10 дона),2024-06,monthly,2024,9766.0
035,Paxta yog'i (1 litr),Масло хлопковое (1 литр),Cottonseed oil (1 liter),Пахта ёғи (1 литр),2024-06,monthly,2024,12977.0
0036,Kungaboqar yog'i (1 litr),Масло подсолнечное (1 литр),Sunflower oil (1 liter),Кунгабоқар ёғи (1 литр),2024-06,monthly,2024,14874.0
037,Sariyog',Масло сливочное,Butter,Сариёғ,2024-06,monthly,2024,61621.0
039,Limon,Лимоны,Lemons,Лимон,2024-06,monthly,2024,35325.0
0040,Olma,Яблоки,Apples,Олма,2024-06,monthly,2024,13741.0
041,Nok,Груши,Pears,Нок,2024-06,monthly,2024,26530.0
049,Uzum,Виноград,Grape,Узум,2024-06,monthly,2024,16707.0
0050,Tarvuz,Арбуз,Watermelon,Тарвуз,2024-06,monthly,2024,3748.0
0051,Qovun,Дыня,Melon,Қовун,2024-06,monthly,2024,5558.0
053,Mayiz,Кишмиш,Kishmish,Майиз,2024-06,monthly,2024,48643.0
055,Karam,Капуста,Cabbage,Карам,2024-06,monthly,2024,2047.0
057,Bodring,Огурцы,Cucumbers,Бодринг,2024-06,monthly,2024,4732.0
058,Pomidor,Помидоры,Tomatoes,Помидор,2024-06,monthly,2024,7456.0
059,Baqlajon,Баклажаны,Eggplant,Бақлажон,2024-06,monthly,2024,6141.0
0060,Bulg'or qalampiri,Перец болгарский,Bell pepper,Булғор қалампири,2024-06,monthly,2024,6177.0
061,Qovoq,Тыква,Pumpkin,Қовоқ,2024-06,monthly,2024,5903.0
063,Sabzi,Морковь,Carrot,Сабзи,2024-06,monthly,2024,2765.0
065,Sarimsoq,Чеснок,Garlic,Саримсоқ,2024-06,monthly,2024,24709.0
066,Piyoz,Лук репчатый,Onion,Пиёз,2024-06,monthly,2024,1490.0
069,Kartoshka,Картофель,Potatoes,Картошка,2024-06,monthly,2024,3941.0
0070,Loviya,Фасоль,Beans,Ловия,2024-06,monthly,2024,23210.0
071,No'xot,Горох,Peas,Нўхот,2024-06,monthly,2024,23785.0
0072,Mosh,Маш,Mash,Мош,2024-06,monthly,2024,15373.0
073,Shakar,Сахар песок,Sugar,Шакар,2024-06,monthly,2024,14287.0
002,Kruppa yormasi,Крупа манная,Semolina,Круппа ёрмаси,2024-06,monthly,2024,3533.0
001,Guruch,Рис,Rice,Гуруч,2024-07,monthly,2024,21300.0
003,Arpa,Ячмень,Barley,Арпа,2024-07,monthly,2024,3517.0
0004,Bug'doy,Пшеница,Wheat,Буғдой,2024-07,monthly,2024,3179.0
005,Jo'hori,Кукуруза,Corn,Жўҳори,2024-07,monthly,2024,3371.0
006,Kepak,Отруби,Bran,Кепак,2024-07,monthly,2024,3370.0
0008,Shrot,Шрот,Schroth,Шрот,2024-07,monthly,2024,6000.0
009,Shulxa,Шелуха,Husk,Шулха,2024-07,monthly,2024,4087.0
010,Kombikorm,Комбикорм,Compound feed,Комбикорм,2024-07,monthly,2024,3483.0
011,Oliy navli bug'doy uni,Мука пшеничная высшего сорта,High-grade wheat flour,Олий навли буғдой уни,2024-07,monthly,2024,9767.0
0012,1-navli bug'doy uni,Мука пшеничная первого сорта,First grade wheat flour,1-навли буғдой уни,2024-07,monthly,2024,6811.0
013,1-nav bug'doy unidan non,Хлеб пшеничный из муки 1-го сорта,Wheat bread from 1st grade flour,1-нав буғдой унидан нон,2024-07,monthly,2024,6617.0
017,Mol go'shti,Говядина,Beef,Мол гўшти,2024-07,monthly,2024,75341.0
0020,Qo'y go'shti,Баранина,Mutton,Қўй гўшти,2024-07,monthly,2024,86601.0
022,Tovuq go'shti,Мясо птицы,Poultry,Товуқ гўшти,2024-07,monthly,2024,31599.0
026,Turli baliqlar,Рыба всякая,Fish of all kinds,Турли балиқлар,2024-07,monthly,2024,35290.0
027,Yangi sog'ilgan sut (1 litr),Молоко свежее (1 литр),Fresh milk (1 liter),Янги соғилган сут (1 литр),2024-07,monthly,2024,6211.0
034,Tuxum (10 dona),Яйца (10 штук),Eggs (10 pieces ),Тухум (10 дона),2024-07,monthly,2024,9434.0
035,Paxta yog'i (1 litr),Масло хлопковое (1 литр),Cottonseed oil (1 liter),Пахта ёғи (1 литр),2024-07,monthly,2024,13184.0
0036,Kungaboqar yog'i (1 litr),Масло подсолнечное (1 литр),Sunflower oil (1 liter),Кунгабоқар ёғи (1 литр),2024-07,monthly,2024,15157.0
037,Sariyog',Масло сливочное,Butter,Сариёғ,2024-07,monthly,2024,61676.0
039,Limon,Лимоны,Lemons,Лимон,2024-07,monthly,2024,35060.0
0040,Olma,Яблоки,Apples,Олма,2024-07,monthly,2024,12715.0
041,Nok,Груши,Pears,Нок,2024-07,monthly,2024,25450.0
049,Uzum,Виноград,Grape,Узум,2024-07,monthly,2024,9407.0
0050,Tarvuz,Арбуз,Watermelon,Тарвуз,2024-07,monthly,2024,1697.0
0051,Qovun,Дыня,Melon,Қовун,2024-07,monthly,2024,3241.0
053,Mayiz,Кишмиш,Kishmish,Майиз,2024-07,monthly,2024,49243.0
055,Karam,Капуста,Cabbage,Карам,2024-07,monthly,2024,2573.0
057,Bodring,Огурцы,Cucumbers,Бодринг,2024-07,monthly,2024,3791.0
058,Pomidor,Помидоры,Tomatoes,Помидор,2024-07,monthly,2024,3782.0
059,Baqlajon,Баклажаны,Eggplant,Бақлажон,2024-07,monthly,2024,3437.0
0060,Bulg'or qalampiri,Перец болгарский,Bell pepper,Булғор қалампири,2024-07,monthly,2024,4468.0
061,Qovoq,Тыква,Pumpkin,Қовоқ,2024-07,monthly,2024,4875.0
063,Sabzi,Морковь,Carrot,Сабзи,2024-07,monthly,2024,3092.0
065,Sarimsoq,Чеснок,Garlic,Саримсоқ,2024-07,monthly,2024,23849.0
066,Piyoz,Лук репчатый,Onion,Пиёз,2024-07,monthly,2024,1447.0
069,Kartoshka,Картофель,Potatoes,Картошка,2024-07,monthly,2024,3955.0
0070,Loviya,Фасоль,Beans,Ловия,2024-07,monthly,2024,25014.0
071,No'xot,Горох,Peas,Нўхот,2024-07,monthly,2024,24026.0
0072,Mosh,Маш,Mash,Мош,2024-07,monthly,2024,16260.0
073,Shakar,Сахар песок,Sugar,Шакар,2024-07,monthly,2024,14258.0
001,Guruch,Рис,Rice,Гуруч,2024-08,monthly,2024,21436.0
003,Arpa,Ячмень,Barley,Арпа,2024-08,monthly,2024,3483.0
0004,Bug'doy,Пшеница,Wheat,Буғдой,2024-08,monthly,2024,3138.0
005,Jo'hori,Кукуруза,Corn,Жўҳори,2024-08,monthly,2024,3379.0
006,Kepak,Отруби,Bran,Кепак,2024-08,monthly,2024,3370.0
0008,Shrot,Шрот,Schroth,Шрот,2024-08,monthly,2024,6000.0
009,Shulxa,Шелуха,Husk,Шулха,2024-08,monthly,2024,4087.0
010,Kombikorm,Комбикорм,Compound feed,Комбикорм,2024-08,monthly,2024,3483.0
011,Oliy navli bug'doy uni,Мука пшеничная высшего сорта,High-grade wheat flour,Олий навли буғдой уни,2024-08,monthly,2024,9782.0
0012,1-navli bug'doy uni,Мука пшеничная первого сорта,First grade wheat flour,1-навли буғдой уни,2024-08,monthly,2024,6798.0
013,1-nav bug'doy unidan non,Хлеб пшеничный из муки 1-го сорта,Wheat bread from 1st grade flour,1-нав буғдой унидан нон,2024-08,monthly,2024,6609.0
017,Mol go'shti,Говядина,Beef,Мол гўшти,2024-08,monthly,2024,79012.0
0020,Qo'y go'shti,Баранина,Mutton,Қўй гўшти,2024-08,monthly,2024,89413.0
022,Tovuq go'shti,Мясо птицы,Poultry,Товуқ гўшти,2024-08,monthly,2024,31640.0
026,Turli baliqlar,Рыба всякая,Fish of all kinds,Турли балиқлар,2024-08,monthly,2024,35345.0
027,Yangi sog'ilgan sut (1 litr),Молоко свежее (1 литр),Fresh milk (1 liter),Янги соғилган сут (1 литр),2024-08,monthly,2024,6201.0
034,Tuxum (10 dona),Яйца (10 штук),Eggs (10 pieces ),Тухум (10 дона),2024-08,monthly,2024,9582.0
035,Paxta yog'i (1 litr),Масло хлопковое (1 литр),Cottonseed oil (1 liter),Пахта ёғи (1 литр),2024-08,monthly,2024,13819.0
0036,Kungaboqar yog'i (1 litr),Масло подсолнечное (1 литр),Sunflower oil (1 liter),Кунгабоқар ёғи (1 литр),2024-08,monthly,2024,15717.0
037,Sariyog',Масло сливочное,Butter,Сариёғ,2024-08,monthly,2024,61978.0
039,Limon,Лимоны,Lemons,Лимон,2024-08,monthly,2024,35086.0
0040,Olma,Яблоки,Apples,Олма,2024-08,monthly,2024,11794.0
041,Nok,Груши,Pears,Нок,2024-08,monthly,2024,23033.0
049,Uzum,Виноград,Grape,Узум,2024-08,monthly,2024,9456.0
0050,Tarvuz,Арбуз,Watermelon,Тарвуз,2024-08,monthly,2024,1402.0
0051,Qovun,Дыня,Melon,Қовун,2024-08,monthly,2024,2739.0
053,Mayiz,Кишмиш,Kishmish,Майиз,2024-08,monthly,2024,49772.0
055,Karam,Капуста,Cabbage,Карам,2024-08,monthly,2024,3071.0
057,Bodring,Огурцы,Cucumbers,Бодринг,2024-08,monthly,2024,4931.0
058,Pomidor,Помидоры,Tomatoes,Помидор,2024-08,monthly,2024,3687.0
059,Baqlajon,Баклажаны,Eggplant,Бақлажон,2024-08,monthly,2024,3370.0
0060,Bulg'or qalampiri,Перец болгарский,Bell pepper,Булғор қалампири,2024-08,monthly,2024,4274.0
061,Qovoq,Тыква,Pumpkin,Қовоқ,2024-08,monthly,2024,4594.0
063,Sabzi,Морковь,Carrot,Сабзи,2024-08,monthly,2024,3573.0
065,Sarimsoq,Чеснок,Garlic,Саримсоқ,2024-08,monthly,2024,24391.0
066,Piyoz,Лук репчатый,Onion,Пиёз,2024-08,monthly,2024,1610.0
069,Kartoshka,Картофель,Potatoes,Картошка,2024-08,monthly,2024,4308.0
0070,Loviya,Фасоль,Beans,Ловия,2024-08,monthly,2024,27655.0
071,No'xot,Горох,Peas,Нўхот,2024-08,monthly,2024,24040.0
0072,Mosh,Маш,Mash,Мош,2024-08,monthly,2024,17081.0
073,Shakar,Сахар песок,Sugar,Шакар,2024-08,monthly,2024,14237.0
001,Guruch,Рис,Rice,Гуруч,2024-09,monthly,2024,21522.0
003,Arpa,Ячмень,Barley,Арпа,2024-09,monthly,2024,3555.0
0004,Bug'doy,Пшеница,Wheat,Буғдой,2024-09,monthly,2024,3208.0
005,Jo'hori,Кукуруза,Corn,Жўҳори,2024-09,monthly,2024,3459.0
006,Kepak,Отруби,Bran,Кепак,2024-09,monthly,2024,3345.0
0008,Shrot,Шрот,Schroth,Шрот,2024-09,monthly,2024,6467.0
009,Shulxa,Шелуха,Husk,Шулха,2024-09,monthly,2024,4090.0
010,Kombikorm,Комбикорм,Compound feed,Комбикорм,2024-09,monthly,2024,3533.0
011,Oliy navli bug'doy uni,Мука пшеничная высшего сорта,High-grade wheat flour,Олий навли буғдой уни,2024-09,monthly,2024,9834.0
0012,1-navli bug'doy uni,Мука пшеничная первого сорта,First grade wheat flour,1-навли буғдой уни,2024-09,monthly,2024,6819.0
013,1-nav bug'doy unidan non,Хлеб пшеничный из муки 1-го сорта,Wheat bread from 1st grade flour,1-нав буғдой унидан нон,2024-09,monthly,2024,6601.0
017,Mol go'shti,Говядина,Beef,Мол гўшти,2024-09,monthly,2024,83554.0
0020,Qo'y go'shti,Баранина,Mutton,Қўй гўшти,2024-09,monthly,2024,95539.0
022,Tovuq go'shti,Мясо птицы,Poultry,Товуқ гўшти,2024-09,monthly,2024,31820.0
026,Turli baliqlar,Рыба всякая,Fish of all kinds,Турли балиқлар,2024-09,monthly,2024,35357.0
027,Yangi sog'ilgan sut (1 litr),Молоко свежее (1 литр),Fresh milk (1 liter),Янги соғилган сут (1 литр),2024-09,monthly,2024,6241.0
034,Tuxum (10 dona),Яйца (10 штук),Eggs (10 pieces ),Тухум (10 дона),2024-09,monthly,2024,10380.0
035,Paxta yog'i (1 litr),Масло хлопковое (1 литр),Cottonseed oil (1 liter),Пахта ёғи (1 литр),2024-09,monthly,2024,14640.0
0036,Kungaboqar yog'i (1 litr),Масло подсолнечное (1 литр),Sunflower oil (1 liter),Кунгабоқар ёғи (1 литр),2024-09,monthly,2024,16476.0
037,Sariyog',Масло сливочное,Butter,Сариёғ,2024-09,monthly,2024,62028.0
039,Limon,Лимоны,Lemons,Лимон,2024-09,monthly,2024,33335.0
0040,Olma,Яблоки,Apples,Олма,2024-09,monthly,2024,11435.0
041,Nok,Груши,Pears,Нок,2024-09,monthly,2024,21803.0
049,Uzum,Виноград,Grape,Узум,2024-09,monthly,2024,8218.0
0050,Tarvuz,Арбуз,Watermelon,Тарвуз,2024-09,monthly,2024,2023.0
0051,Qovun,Дыня,Melon,Қовун,2024-09,monthly,2024,3020.0
053,Mayiz,Кишмиш,Kishmish,Майиз,2024-09,monthly,2024,51275.0
055,Karam,Капуста,Cabbage,Карам,2024-09,monthly,2024,3149.0
057,Bodring,Огурцы,Cucumbers,Бодринг,2024-09,monthly,2024,8127.0
058,Pomidor,Помидоры,Tomatoes,Помидор,2024-09,monthly,2024,4474.0
059,Baqlajon,Баклажаны,Eggplant,Бақлажон,2024-09,monthly,2024,4125.0
0060,Bulg'or qalampiri,Перец болгарский,Bell pepper,Булғор қалампири,2024-09,monthly,2024,4684.0
061,Qovoq,Тыква,Pumpkin,Қовоқ,2024-09,monthly,2024,4316.0
063,Sabzi,Морковь,Carrot,Сабзи,2024-09,monthly,2024,4472.0
065,Sarimsoq,Чеснок,Garlic,Саримсоқ,2024-09,monthly,2024,26691.0
066,Piyoz,Лук репчатый,Onion,Пиёз,2024-09,monthly,2024,2077.0
069,Kartoshka,Картофель,Potatoes,Картошка,2024-09,monthly,2024,4762.0
0070,Loviya,Фасоль,Beans,Ловия,2024-09,monthly,2024,29687.0
071,No'xot,Горох,Peas,Нўхот,2024-09,monthly,2024,24249.0
0072,Mosh,Маш,Mash,Мош,2024-09,monthly,2024,18202.0
073,Shakar,Сахар песок,Sugar,Шакар,2024-09,monthly,2024,14202.0
001,Guruch,Рис,Rice,Гуруч,2024-10,monthly,2024,20998.0
003,Arpa,Ячмень,Barley,Арпа,2024-10,monthly,2024,3566.0
0004,Bug'doy,Пшеница,Wheat,Буғдой,2024-10,monthly,2024,3218.0
005,Jo'hori,Кукуруза,Corn,Жўҳори,2024-10,monthly,2024,3404.0
006,Kepak,Отруби,Bran,Кепак,2024-10,monthly,2024,3340.0
0008,Shrot,Шрот,Schroth,Шрот,2024-10,monthly,2024,6467.0
009,Shulxa,Шелуха,Husk,Шулха,2024-10,monthly,2024,4090.0
010,Kombikorm,Комбикорм,Compound feed,Комбикорм,2024-10,monthly,2024,3533.0
011,Oliy navli bug'doy uni,Мука пшеничная высшего сорта,High-grade wheat flour,Олий навли буғдой уни,2024-10,monthly,2024,9870.0
0012,1-navli bug'doy uni,Мука пшеничная первого сорта,First grade wheat flour,1-навли буғдой уни,2024-10,monthly,2024,6804.0
013,1-nav bug'doy unidan non,Хлеб пшеничный из муки 1-го сорта,Wheat bread from 1st grade flour,1-нав буғдой унидан нон,2024-10,monthly,2024,6612.0
017,Mol go'shti,Говядина,Beef,Мол гўшти,2024-10,monthly,2024,85488.0
0020,Qo'y go'shti,Баранина,Mutton,Қўй гўшти,2024-10,monthly,2024,98837.0
022,Tovuq go'shti,Мясо птицы,Poultry,Товуқ гўшти,2024-10,monthly,2024,32113.0
026,Turli baliqlar,Рыба всякая,Fish of all kinds,Турли балиқлар,2024-10,monthly,2024,35204.0
027,Yangi sog'ilgan sut (1 litr),Молоко свежее (1 литр),Fresh milk (1 liter),Янги соғилган сут (1 литр),2024-10,monthly,2024,6265.0
034,Tuxum (10 dona),Яйца (10 штук),Eggs (10 pieces ),Тухум (10 дона),2024-10,monthly,2024,10721.0
035,Paxta yog'i (1 litr),Масло хлопковое (1 литр),Cottonseed oil (1 liter),Пахта ёғи (1 литр),2024-10,monthly,2024,15109.0
0036,Kungaboqar yog'i (1 litr),Масло подсолнечное (1 литр),Sunflower oil (1 liter),Кунгабоқар ёғи (1 литр),2024-10,monthly,2024,17168.0
037,Sariyog',Масло сливочное,Butter,Сариёғ,2024-10,monthly,2024,62229.0
039,Limon,Лимоны,Lemons,Лимон,2024-10,monthly,2024,28344.0
0040,Olma,Яблоки,Apples,Олма,2024-10,monthly,2024,10804.0
041,Nok,Груши,Pears,Нок,2024-10,monthly,2024,22326.0
049,Uzum,Виноград,Grape,Узум,2024-10,monthly,2024,8922.0
0050,Tarvuz,Арбуз,Watermelon,Тарвуз,2024-10,monthly,2024,2580.0
0051,Qovun,Дыня,Melon,Қовун,2024-10,monthly,2024,3535.0
053,Mayiz,Кишмиш,Kishmish,Майиз,2024-10,monthly,2024,52395.0
055,Karam,Капуста,Cabbage,Карам,2024-10,monthly,2024,3227.0
057,Bodring,Огурцы,Cucumbers,Бодринг,2024-10,monthly,2024,7918.0
058,Pomidor,Помидоры,Tomatoes,Помидор,2024-10,monthly,2024,4879.0
059,Baqlajon,Баклажаны,Eggplant,Бақлажон,2024-10,monthly,2024,4779.0
0060,Bulg'or qalampiri,Перец болгарский,Bell pepper,Булғор қалампири,2024-10,monthly,2024,5415.0
061,Qovoq,Тыква,Pumpkin,Қовоқ,2024-10,monthly,2024,4304.0
063,Sabzi,Морковь,Carrot,Сабзи,2024-10,monthly,2024,4448.0
065,Sarimsoq,Чеснок,Garlic,Саримсоқ,2024-10,monthly,2024,30160.0
066,Piyoz,Лук репчатый,Onion,Пиёз,2024-10,monthly,2024,2284.0
069,Kartoshka,Картофель,Potatoes,Картошка,2024-10,monthly,2024,4875.0
0070,Loviya,Фасоль,Beans,Ловия,2024-10,monthly,2024,27768.0
071,No'xot,Горох,Peas,Нўхот,2024-10,monthly,2024,23948.0
0072,Mosh,Маш,Mash,Мош,2024-10,monthly,2024,17640.0
073,Shakar,Сахар песок,Sugar,Шакар,2024-10,monthly,2024,14102.0
001,Guruch,Рис,Rice,Гуруч,2024-11,monthly,2024,20235.0
003,Arpa,Ячмень,Barley,Арпа,2024-11,monthly,2024,3498.0
0004,Bug'doy,Пшеница,Wheat,Буғдой,2024-11,monthly,2024,3120.0
005,Jo'hori,Кукуруза,Corn,Жўҳори,2024-11,monthly,2024,3357.0
006,Kepak,Отруби,Bran,Кепак,2024-11,monthly,2024,3017.0
0008,Shrot,Шрот,Schroth,Шрот,2024-11,monthly,2024,4984.0
009,Shulxa,Шелуха,Husk,Шулха,2024-11,monthly,2024,4038.0
010,Kombikorm,Комбикорм,Compound feed,Комбикорм,2024-11,monthly,2024,3290.0
011,Oliy navli bug'doy uni,Мука пшеничная высшего сорта,High-grade wheat flour,Олий навли буғдой уни,2024-11,monthly,2024,9925.0
0012,1-navli bug'doy uni,Мука пшеничная первого сорта,First grade wheat flour,1-навли буғдой уни,2024-11,monthly,2024,6810.0
013,1-nav bug'doy unidan non,Хлеб пшеничный из муки 1-го сорта,Wheat bread from 1st grade flour,1-нав буғдой унидан нон,2024-11,monthly,2024,6639.0
017,Mol go'shti,Говядина,Beef,Мол гўшти,2024-11,monthly,2024,86231.0
0020,Qo'y go'shti,Баранина,Mutton,Қўй гўшти,2024-11,monthly,2024,99790.0
022,Tovuq go'shti,Мясо птицы,Poultry,Товуқ гўшти,2024-11,monthly,2024,32289.0
026,Turli baliqlar,Рыба всякая,Fish of all kinds,Турли балиқлар,2024-11,monthly,2024,35148.0
027,Yangi sog'ilgan sut (1 litr),Молоко свежее (1 литр),Fresh milk (1 liter),Янги соғилган сут (1 литр),2024-11,monthly,2024,6265.0
034,Tuxum (10 dona),Яйца (10 штук),Eggs (10 pieces ),Тухум (10 дона),2024-11,monthly,2024,11086.0
035,Paxta yog'i (1 litr),Масло хлопковое (1 литр),Cottonseed oil (1 liter),Пахта ёғи (1 литр),2024-11,monthly,2024,16009.0
0036,Kungaboqar yog'i (1 litr),Масло подсолнечное (1 литр),Sunflower oil (1 liter),Кунгабоқар ёғи (1 литр),2024-11,monthly,2024,18246.0
037,Sariyog',Масло сливочное,Butter,Сариёғ,2024-11,monthly,2024,62620.0
039,Limon,Лимоны,Lemons,Лимон,2024-11,monthly,2024,22325.0
0040,Olma,Яблоки,Apples,Олма,2024-11,monthly,2024,10770.0
041,Nok,Груши,Pears,Нок,2024-11,monthly,2024,23190.0
049,Uzum,Виноград,Grape,Узум,2024-11,monthly,2024,12051.0
0050,Tarvuz,Арбуз,Watermelon,Тарвуз,2024-11,monthly,2024,3267.0
0051,Qovun,Дыня,Melon,Қовун,2024-11,monthly,2024,4068.0
053,Mayiz,Кишмиш,Kishmish,Майиз,2024-11,monthly,2024,52451.0
055,Karam,Капуста,Cabbage,Карам,2024-11,monthly,2024,3353.0
057,Bodring,Огурцы,Cucumbers,Бодринг,2024-11,monthly,2024,12127.0
058,Pomidor,Помидоры,Tomatoes,Помидор,2024-11,monthly,2024,10104.0
059,Baqlajon,Баклажаны,Eggplant,Бақлажон,2024-11,monthly,2024,6384.0
0060,Bulg'or qalampiri,Перец болгарский,Bell pepper,Булғор қалампири,2024-11,monthly,2024,10561.0
061,Qovoq,Тыква,Pumpkin,Қовоқ,2024-11,monthly,2024,4280.0
063,Sabzi,Морковь,Carrot,Сабзи,2024-11,monthly,2024,4063.0
065,Sarimsoq,Чеснок,Garlic,Саримсоқ,2024-11,monthly,2024,32923.0
066,Piyoz,Лук репчатый,Onion,Пиёз,2024-11,monthly,2024,2709.0
069,Kartoshka,Картофель,Potatoes,Картошка,2024-11,monthly,2024,5211.0
0070,Loviya,Фасоль,Beans,Ловия,2024-11,monthly,2024,25785.0
071,No'xot,Горох,Peas,Нўхот,2024-11,monthly,2024,23602.0
0072,Mosh,Маш,Mash,Мош,2024-11,monthly,2024,16914.0
073,Shakar,Сахар песок,Sugar,Шакар,2024-11,monthly,2024,13955.0
001,Guruch,Рис,Rice,Гуруч,2024-12,monthly,2024,19973.0
003,Arpa,Ячмень,Barley,Арпа,2024-12,monthly,2024,3505.0
0004,Bug'doy,Пшеница,Wheat,Буғдой,2024-12,monthly,2024,3123.0
005,Jo'hori,Кукуруза,Corn,Жўҳори,2024-12,monthly,2024,3355.0
006,Kepak,Отруби,Bran,Кепак,2024-12,monthly,2024,2978.0
0008,Shrot,Шрот,Schroth,Шрот,2024-12,monthly,2024,4740.0
009,Shulxa,Шелуха,Husk,Шулха,2024-12,monthly,2024,3909.0
010,Kombikorm,Комбикорм,Compound feed,Комбикорм,2024-12,monthly,2024,3277.0
011,Oliy navli bug'doy uni,Мука пшеничная высшего сорта,High-grade wheat flour,Олий навли буғдой уни,2024-12,monthly,2024,9944.0
0012,1-navli bug'doy uni,Мука пшеничная первого сорта,First grade wheat flour,1-навли буғдой уни,2024-12,monthly,2024,6807.0
013,1-nav bug'doy unidan non,Хлеб пшеничный из муки 1-го сорта,Wheat bread from 1st grade flour,1-нав буғдой унидан нон,2024-12,monthly,2024,6649.0
017,Mol go'shti,Говядина,Beef,Мол гўшти,2024-12,monthly,2024,86370.0
0020,Qo'y go'shti,Баранина,Mutton,Қўй гўшти,2024-12,monthly,2024,99732.0
022,Tovuq go'shti,Мясо птицы,Poultry,Товуқ гўшти,2024-12,monthly,2024,32576.0
026,Turli baliqlar,Рыба всякая,Fish of all kinds,Турли балиқлар,2024-12,monthly,2024,35273.0
027,Yangi sog'ilgan sut (1 litr),Молоко свежее (1 литр),Fresh milk (1 liter),Янги соғилган сут (1 литр),2024-12,monthly,2024,6322.0
034,Tuxum (10 dona),Яйца (10 штук),Eggs (10 pieces ),Тухум (10 дона),2024-12,monthly,2024,12796.0
035,Paxta yog'i (1 litr),Масло хлопковое (1 литр),Cottonseed oil (1 liter),Пахта ёғи (1 литр),2024-12,monthly,2024,17281.0
0036,Kungaboqar yog'i (1 litr),Масло подсолнечное (1 литр),Sunflower oil (1 liter),Кунгабоқар ёғи (1 литр),2024-12,monthly,2024,19204.0
037,Sariyog',Масло сливочное,Butter,Сариёғ,2024-12,monthly,2024,62842.0
039,Limon,Лимоны,Lemons,Лимон,2024-12,monthly,2024,16560.0
0040,Olma,Яблоки,Apples,Олма,2024-12,monthly,2024,10748.0
041,Nok,Груши,Pears,Нок,2024-12,monthly,2024,23280.0
049,Uzum,Виноград,Grape,Узум,2024-12,monthly,2024,16813.0
0050,Tarvuz,Арбуз,Watermelon,Тарвуз,2024-12,monthly,2024,3890.0
0051,Qovun,Дыня,Melon,Қовун,2024-12,monthly,2024,4702.0
053,Mayiz,Кишмиш,Kishmish,Майиз,2024-12,monthly,2024,52553.0
055,Karam,Капуста,Cabbage,Карам,2024-12,monthly,2024,3442.0
057,Bodring,Огурцы,Cucumbers,Бодринг,2024-12,monthly,2024,20178.0
058,Pomidor,Помидоры,Tomatoes,Помидор,2024-12,monthly,2024,19682.0
059,Baqlajon,Баклажаны,Eggplant,Бақлажон,2024-12,monthly,2024,9539.0
0060,Bulg'or qalampiri,Перец болгарский,Bell pepper,Булғор қалампири,2024-12,monthly,2024,19140.0
061,Qovoq,Тыква,Pumpkin,Қовоқ,2024-12,monthly,2024,4052.0
063,Sabzi,Морковь,Carrot,Сабзи,2024-12,monthly,2024,3355.0
065,Sarimsoq,Чеснок,Garlic,Саримсоқ,2024-12,monthly,2024,35205.0
066,Piyoz,Лук репчатый,Onion,Пиёз,2024-12,monthly,2024,3057.0
069,Kartoshka,Картофель,Potatoes,Картошка,2024-12,monthly,2024,5749.0
0070,Loviya,Фасоль,Beans,Ловия,2024-12,monthly,2024,25129.0
071,No'xot,Горох,Peas,Нўхот,2024-12,monthly,2024,23349.0
0072,Mosh,Маш,Mash,Мош,2024-12,monthly,2024,16783.0
073,Shakar,Сахар песок,Sugar,Шакар,2024-12,monthly,2024,13774.0
001,Guruch,Рис,Rice,Гуруч,2025-01,monthly,2025,19905.0
003,Arpa,Ячмень,Barley,Арпа,2025-01,monthly,2025,3560.0
0004,Bug'doy,Пшеница,Wheat,Буғдой,2025-01,monthly,2025,3191.0
005,Jo'hori,Кукуруза,Corn,Жўҳори,2025-01,monthly,2025,3379.0
006,Kepak,Отруби,Bran,Кепак,2025-01,monthly,2025,2950.0
0008,Shrot,Шрот,Schroth,Шрот,2025-01,monthly,2025,4751.0
009,Shulxa,Шелуха,Husk,Шулха,2025-01,monthly,2025,3895.0
010,Kombikorm,Комбикорм,Compound feed,Комбикорм,2025-01,monthly,2025,3277.0
011,Oliy navli bug'doy uni,Мука пшеничная высшего сорта,High-grade wheat flour,Олий навли буғдой уни,2025-01,monthly,2025,9961.0
0012,1-navli bug'doy uni,Мука пшеничная первого сорта,First grade wheat flour,1-навли буғдой уни,2025-01,monthly,2025,6817.0
013,1-nav bug'doy unidan non,Хлеб пшеничный из муки 1-го сорта,Wheat bread from 1st grade flour,1-нав буғдой унидан нон,2025-01,monthly,2025,6660.0
017,Mol go'shti,Говядина,Beef,Мол гўшти,2025-01,monthly,2025,85894.0
0020,Qo'y go'shti,Баранина,Mutton,Қўй гўшти,2025-01,monthly,2025,99174.0
022,Tovuq go'shti,Мясо птицы,Poultry,Товуқ гўшти,2025-01,monthly,2025,32790.0
026,Turli baliqlar,Рыба всякая,Fish of all kinds,Турли балиқлар,2025-01,monthly,2025,35259.0
027,Yangi sog'ilgan sut (1 litr),Молоко свежее (1 литр),Fresh milk (1 liter),Янги соғилган сут (1 литр),2025-01,monthly,2025,6350.0
034,Tuxum (10 dona),Яйца (10 штук),Eggs (10 pieces ),Тухум (10 дона),2025-01,monthly,2025,11125.0
035,Paxta yog'i (1 litr),Масло хлопковое (1 литр),Cottonseed oil (1 liter),Пахта ёғи (1 литр),2025-01,monthly,2025,17486.0
0036,Kungaboqar yog'i (1 litr),Масло подсолнечное (1 литр),Sunflower oil (1 liter),Кунгабоқар ёғи (1 литр),2025-01,monthly,2025,19447.0
037,Sariyog',Масло сливочное,Butter,Сариёғ,2025-01,monthly,2025,63021.0
039,Limon,Лимоны,Lemons,Лимон,2025-01,monthly,2025,16281.0
0040,Olma,Яблоки,Apples,Олма,2025-01,monthly,2025,10702.0
041,Nok,Груши,Pears,Нок,2025-01,monthly,2025,23144.0
049,Uzum,Виноград,Grape,Узум,2025-01,monthly,2025,20769.0
0050,Tarvuz,Арбуз,Watermelon,Тарвуз,2025-01,monthly,2025,4820.0
0051,Qovun,Дыня,Melon,Қовун,2025-01,monthly,2025,5684.0
053,Mayiz,Кишмиш,Kishmish,Майиз,2025-01,monthly,2025,53211.0
055,Karam,Капуста,Cabbage,Карам,2025-01,monthly,2025,3518.0
057,Bodring,Огурцы,Cucumbers,Бодринг,2025-01,monthly,2025,24818.0
058,Pomidor,Помидоры,Tomatoes,Помидор,2025-01,monthly,2025,23973.0
059,Baqlajon,Баклажаны,Eggplant,Бақлажон,2025-01,monthly,2025,21015.0
0060,Bulg'or qalampiri,Перец болгарский,Bell pepper,Булғор қалампири,2025-01,monthly,2025,29278.0
061,Qovoq,Тыква,Pumpkin,Қовоқ,2025-01,monthly,2025,4168.0
063,Sabzi,Морковь,Carrot,Сабзи,2025-01,monthly,2025,3085.0
065,Sarimsoq,Чеснок,Garlic,Саримсоқ,2025-01,monthly,2025,37066.0
066,Piyoz,Лук репчатый,Onion,Пиёз,2025-01,monthly,2025,3084.0
069,Kartoshka,Картофель,Potatoes,Картошка,2025-01,monthly,2025,6492.0
0070,Loviya,Фасоль,Beans,Ловия,2025-01,monthly,2025,24904.0
071,No'xot,Горох,Peas,Нўхот,2025-01,monthly,2025,23360.0
0072,Mosh,Маш,Mash,Мош,2025-01,monthly,2025,16956.0
073,Shakar,Сахар песок,Sugar,Шакар,2025-01,monthly,2025,13663.0
001,Guruch,Рис,Rice,Гуруч,2025-02,monthly,2025,19876.0
003,Arpa,Ячмень,Barley,Арпа,2025-02,monthly,2025,3652.0
0004,Bug'doy,Пшеница,Wheat,Буғдой,2025-02,monthly,2025,3252.0
005,Jo'hori,Кукуруза,Corn,Жўҳори,2025-02,monthly,2025,3469.0
006,Kepak,Отруби,Bran,Кепак,2025-02,monthly,2025,3015.0
0008,Shrot,Шрот,Schroth,Шрот,2025-02,monthly,2025,4756.0
009,Shulxa,Шелуха,Husk,Шулха,2025-02,monthly,2025,3891.0
010,Kombikorm,Комбикорм,Compound feed,Комбикорм,2025-02,monthly,2025,3284.0
011,Oliy navli bug'doy uni,Мука пшеничная высшего сорта,High-grade wheat flour,Олий навли буғдой уни,2025-02,monthly,2025,9972.0
0012,1-navli bug'doy uni,Мука пшеничная первого сорта,First grade wheat flour,1-навли буғдой уни,2025-02,monthly,2025,6825.0
013,1-nav bug'doy unidan non,Хлеб пшеничный из муки 1-го сорта,Wheat bread from 1st grade flour,1-нав буғдой унидан нон,2025-02,monthly,2025,6664.0
017,Mol go'shti,Говядина,Beef,Мол гўшти,2025-02,monthly,2025,87893.0
0020,Qo'y go'shti,Баранина,Mutton,Қўй гўшти,2025-02,monthly,2025,101083.0
022,Tovuq go'shti,Мясо птицы,Poultry,Товуқ гўшти,2025-02,monthly,2025,32948.0
026,Turli baliqlar,Рыба всякая,Fish of all kinds,Турли балиқлар,2025-02,monthly,2025,35228.0
027,Yangi sog'ilgan sut (1 litr),Молоко свежее (1 литр),Fresh milk (1 liter),Янги соғилган сут (1 литр),2025-02,monthly,2025,6371.0
034,Tuxum (10 dona),Яйца (10 штук),Eggs (10 pieces ),Тухум (10 дона),2025-02,monthly,2025,10092.0
035,Paxta yog'i (1 litr),Масло хлопковое (1 литр),Cottonseed oil (1 liter),Пахта ёғи (1 литр),2025-02,monthly,2025,17539.0
0036,Kungaboqar yog'i (1 litr),Масло подсолнечное (1 литр),Sunflower oil (1 liter),Кунгабоқар ёғи (1 литр),2025-02,monthly,2025,19528.0
037,Sariyog',Масло сливочное,Butter,Сариёғ,2025-02,monthly,2025,63306.0
039,Limon,Лимоны,Lemons,Лимон,2025-02,monthly,2025,20722.0
0040,Olma,Яблоки,Apples,Олма,2025-02,monthly,2025,10718.0
041,Nok,Груши,Pears,Нок,2025-02,monthly,2025,23531.0
049,Uzum,Виноград,Grape,Узум,2025-02,monthly,2025,21072.0
0050,Tarvuz,Арбуз,Watermelon,Тарвуз,2025-02,monthly,2025,8010.0
0051,Qovun,Дыня,Melon,Қовун,2025-02,monthly,2025,7551.0
053,Mayiz,Кишмиш,Kishmish,Майиз,2025-02,monthly,2025,54058.0
055,Karam,Капуста,Cabbage,Карам,2025-02,monthly,2025,3999.0
057,Bodring,Огурцы,Cucumbers,Бодринг,2025-02,monthly,2025,24523.0
058,Pomidor,Помидоры,Tomatoes,Помидор,2025-02,monthly,2025,23866.0
059,Baqlajon,Баклажаны,Eggplant,Бақлажон,2025-02,monthly,2025,27800.0
0060,Bulg'or qalampiri,Перец болгарский,Bell pepper,Булғор қалампири,2025-02,monthly,2025,35404.0
061,Qovoq,Тыква,Pumpkin,Қовоқ,2025-02,monthly,2025,4494.0
063,Sabzi,Морковь,Carrot,Сабзи,2025-02,monthly,2025,3179.0
065,Sarimsoq,Чеснок,Garlic,Саримсоқ,2025-02,monthly,2025,38583.0
066,Piyoz,Лук репчатый,Onion,Пиёз,2025-02,monthly,2025,3066.0
069,Kartoshka,Картофель,Potatoes,Картошка,2025-02,monthly,2025,6315.0
0070,Loviya,Фасоль,Beans,Ловия,2025-02,monthly,2025,25123.0
071,No'xot,Горох,Peas,Нўхот,2025-02,monthly,2025,23496.0
0072,Mosh,Маш,Mash,Мош,2025-02,monthly,2025,17363.0
073,Shakar,Сахар песок,Sugar,Шакар,2025-02,monthly,2025,13628.0
001,Guruch,Рис,Rice,Гуруч,2025-03,monthly,2025,19791.0
003,Arpa,Ячмень,Barley,Арпа,2025-03,monthly,2025,3952.0
0004,Bug'doy,Пшеница,Wheat,Буғдой,2025-03,monthly,2025,3364.0
005,Jo'hori,Кукуруза,Corn,Жўҳори,2025-03,monthly,2025,4024.0
006,Kepak,Отруби,Bran,Кепак,2025-03,monthly,2025,3150.0
0008,Shrot,Шрот,Schroth,Шрот,2025-03,monthly,2025,5043.0
009,Shulxa,Шелуха,Husk,Шулха,2025-03,monthly,2025,4197.0
010,Kombikorm,Комбикорм,Compound feed,Комбикорм,2025-03,monthly,2025,3392.0
011,Oliy navli bug'doy uni,Мука пшеничная высшего сорта,High-grade wheat flour,Олий навли буғдой уни,2025-03,monthly,2025,9983.0
0012,1-navli bug'doy uni,Мука пшеничная первого сорта,First grade wheat flour,1-навли буғдой уни,2025-03,monthly,2025,6827.0
013,1-nav bug'doy unidan non,Хлеб пшеничный из муки 1-го сорта,Wheat bread from 1st grade flour,1-нав буғдой унидан нон,2025-03,monthly,2025,6669.0
017,Mol go'shti,Говядина,Beef,Мол гўшти,2025-03,monthly,2025,96703.0
0020,Qo'y go'shti,Баранина,Mutton,Қўй гўшти,2025-03,monthly,2025,107165.0
022,Tovuq go'shti,Мясо птицы,Poultry,Товуқ гўшти,2025-03,monthly,2025,33078.0
026,Turli baliqlar,Рыба всякая,Fish of all kinds,Турли балиқлар,2025-03,monthly,2025,35451.0
027,Yangi sog'ilgan sut (1 litr),Молоко свежее (1 литр),Fresh milk (1 liter),Янги соғилган сут (1 литр),2025-03,monthly,2025,6477.0
034,Tuxum (10 dona),Яйца (10 штук),Eggs (10 pieces ),Тухум (10 дона),2025-03,monthly,2025,10857.0
035,Paxta yog'i (1 litr),Масло хлопковое (1 литр),Cottonseed oil (1 liter),Пахта ёғи (1 литр),2025-03,monthly,2025,18210.0
0036,Kungaboqar yog'i (1 litr),Масло подсолнечное (1 литр),Sunflower oil (1 liter),Кунгабоқар ёғи (1 литр),2025-03,monthly,2025,20066.0
037,Sariyog',Масло сливочное,Butter,Сариёғ,2025-03,monthly,2025,63892.0
039,Limon,Лимоны,Lemons,Лимон,2025-03,monthly,2025,23438.0
0040,Olma,Яблоки,Apples,Олма,2025-03,monthly,2025,10956.0
041,Nok,Груши,Pears,Нок,2025-03,monthly,2025,23542.0
049,Uzum,Виноград,Grape,Узум,2025-03,monthly,2025,21628.0
0051,Qovun,Дыня,Melon,Қовун,2025-03,monthly,2025,8667.0
053,Mayiz,Кишмиш,Kishmish,Майиз,2025-03,monthly,2025,54667.0
055,Karam,Капуста,Cabbage,Карам,2025-03,monthly,2025,4375.0
057,Bodring,Огурцы,Cucumbers,Бодринг,2025-03,monthly,2025,27163.0
058,Pomidor,Помидоры,Tomatoes,Помидор,2025-03,monthly,2025,31596.0
059,Baqlajon,Баклажаны,Eggplant,Бақлажон,2025-03,monthly,2025,53250.0
0060,Bulg'or qalampiri,Перец болгарский,Bell pepper,Булғор қалампири,2025-03,monthly,2025,36951.0
061,Qovoq,Тыква,Pumpkin,Қовоқ,2025-03,monthly,2025,6064.0
063,Sabzi,Морковь,Carrot,Сабзи,2025-03,monthly,2025,4717.0
065,Sarimsoq,Чеснок,Garlic,Саримсоқ,2025-03,monthly,2025,39202.0
066,Piyoz,Лук репчатый,Onion,Пиёз,2025-03,monthly,2025,3189.0
069,Kartoshka,Картофель,Potatoes,Картошка,2025-03,monthly,2025,5705.0
0070,Loviya,Фасоль,Beans,Ловия,2025-03,monthly,2025,25503.0
071,No'xot,Горох,Peas,Нўхот,2025-03,monthly,2025,23702.0
0072,Mosh,Маш,Mash,Мош,2025-03,monthly,2025,18080.0
073,Shakar,Сахар песок,Sugar,Шакар,2025-03,monthly,2025,13649.0
001,Guruch,Рис,Rice,Гуруч,2025-04,monthly,2025,19763.0
003,Arpa,Ячмень,Barley,Арпа,2025-04,monthly,2025,4280.0
0004,Bug'doy,Пшеница,Wheat,Буғдой,2025-04,monthly,2025,3480.0
005,Jo'hori,Кукуруза,Corn,Жўҳори,2025-04,monthly,2025,5093.0
006,Kepak,Отруби,Bran,Кепак,2025-04,monthly,2025,3327.0
0008,Shrot,Шрот,Schroth,Шрот,2025-04,monthly,2025,5396.0
009,Shulxa,Шелуха,Husk,Шулха,2025-04,monthly,2025,4662.0
010,Kombikorm,Комбикорм,Compound feed,Комбикорм,2025-04,monthly,2025,3511.0
011,Oliy navli bug'doy uni,Мука пшеничная высшего сорта,High-grade wheat flour,Олий навли буғдой уни,2025-04,monthly,2025,10003.0
0012,1-navli bug'doy uni,Мука пшеничная первого сорта,First grade wheat flour,1-навли буғдой уни,2025-04,monthly,2025,6832.0
013,1-nav bug'doy unidan non,Хлеб пшеничный из муки 1-го сорта,Wheat bread from 1st grade flour,1-нав буғдой унидан нон,2025-04,monthly,2025,6688.0
017,Mol go'shti,Говядина,Beef,Мол гўшти,2025-04,monthly,2025,105624.0
0020,Qo'y go'shti,Баранина,Mutton,Қўй гўшти,2025-04,monthly,2025,114201.0
022,Tovuq go'shti,Мясо птицы,Poultry,Товуқ гўшти,2025-04,monthly,2025,33263.0
026,Turli baliqlar,Рыба всякая,Fish of all kinds,Турли балиқлар,2025-04,monthly,2025,35709.0
027,Yangi sog'ilgan sut (1 litr),Молоко свежее (1 литр),Fresh milk (1 liter),Янги соғилган сут (1 литр),2025-04,monthly,2025,6503.0
034,Tuxum (10 dona),Яйца (10 штук),Eggs (10 pieces ),Тухум (10 дона),2025-04,monthly,2025,10331.0
035,Paxta yog'i (1 litr),Масло хлопковое (1 литр),Cottonseed oil (1 liter),Пахта ёғи (1 литр),2025-04,monthly,2025,19405.0
0036,Kungaboqar yog'i (1 litr),Масло подсолнечное (1 литр),Sunflower oil (1 liter),Кунгабоқар ёғи (1 литр),2025-04,monthly,2025,21062.0
037,Sariyog',Масло сливочное,Butter,Сариёғ,2025-04,monthly,2025,64269.0
039,Limon,Лимоны,Lemons,Лимон,2025-04,monthly,2025,31075.0
0040,Olma,Яблоки,Apples,Олма,2025-04,monthly,2025,11536.0
041,Nok,Груши,Pears,Нок,2025-04,monthly,2025,23473.0
049,Uzum,Виноград,Grape,Узум,2025-04,monthly,2025,23233.0
053,Mayiz,Кишмиш,Kishmish,Майиз,2025-04,monthly,2025,55505.0
055,Karam,Капуста,Cabbage,Карам,2025-04,monthly,2025,4867.0
057,Bodring,Огурцы,Cucumbers,Бодринг,2025-04,monthly,2025,14464.0
058,Pomidor,Помидоры,Tomatoes,Помидор,2025-04,monthly,2025,28018.0
059,Baqlajon,Баклажаны,Eggplant,Бақлажон,2025-04,monthly,2025,38940.0
0060,Bulg'or qalampiri,Перец болгарский,Bell pepper,Булғор қалампири,2025-04,monthly,2025,38728.0
061,Qovoq,Тыква,Pumpkin,Қовоқ,2025-04,monthly,2025,10144.0
063,Sabzi,Морковь,Carrot,Сабзи,2025-04,monthly,2025,5270.0
065,Sarimsoq,Чеснок,Garlic,Саримсоқ,2025-04,monthly,2025,39661.0
066,Piyoz,Лук репчатый,Onion,Пиёз,2025-04,monthly,2025,4082.0
069,Kartoshka,Картофель,Potatoes,Картошка,2025-04,monthly,2025,6198.0
0070,Loviya,Фасоль,Beans,Ловия,2025-04,monthly,2025,25808.0
071,No'xot,Горох,Peas,Нўхот,2025-04,monthly,2025,23736.0
0072,Mosh,Маш,Mash,Мош,2025-04,monthly,2025,18359.0
073,Shakar,Сахар песок,Sugar,Шакар,2025-04,monthly,2025,13728.0
001,Guruch,Рис,Rice,Гуруч,2025-05,monthly,2025,19565.0
003,Arpa,Ячмень,Barley,Арпа,2025-05,monthly,2025,4320.0
0004,Bug'doy,Пшеница,Wheat,Буғдой,2025-05,monthly,2025,3495.0
005,Jo'hori,Кукуруза,Corn,Жўҳори,2025-05,monthly,2025,5170.0
006,Kepak,Отруби,Bran,Кепак,2025-05,monthly,2025,3455.0
0008,Shrot,Шрот,Schroth,Шрот,2025-05,monthly,2025,5561.0
009,Shulxa,Шелуха,Husk,Шулха,2025-05,monthly,2025,4817.0
010,Kombikorm,Комбикорм,Compound feed,Комбикорм,2025-05,monthly,2025,3586.0
011,Oliy navli bug'doy uni,Мука пшеничная высшего сорта,High-grade wheat flour,Олий навли буғдой уни,2025-05,monthly,2025,10007.0
0012,1-navli bug'doy uni,Мука пшеничная первого сорта,First grade wheat flour,1-навли буғдой уни,2025-05,monthly,2025,6810.0
013,1-nav bug'doy unidan non,Хлеб пшеничный из муки 1-го сорта,Wheat bread from 1st grade flour,1-нав буғдой унидан нон,2025-05,monthly,2025,6712.0
017,Mol go'shti,Говядина,Beef,Мол гўшти,2025-05,monthly,2025,111266.0
0020,Qo'y go'shti,Баранина,Mutton,Қўй гўшти,2025-05,monthly,2025,119411.0
022,Tovuq go'shti,Мясо птицы,Poultry,Товуқ гўшти,2025-05,monthly,2025,33237.0
026,Turli baliqlar,Рыба всякая,Fish of all kinds,Турли балиқлар,2025-05,monthly,2025,36083.0
027,Yangi sog'ilgan sut (1 litr),Молоко свежее (1 литр),Fresh milk (1 liter),Янги соғилган сут (1 литр),2025-05,monthly,2025,6483.0
034,Tuxum (10 dona),Яйца (10 штук),Eggs (10 pieces ),Тухум (10 дона),2025-05,monthly,2025,9720.0
035,Paxta yog'i (1 litr),Масло хлопковое (1 литр),Cottonseed oil (1 liter),Пахта ёғи (1 литр),2025-05,monthly,2025,19498.0
0036,Kungaboqar yog'i (1 litr),Масло подсолнечное (1 литр),Sunflower oil (1 liter),Кунгабоқар ёғи (1 литр),2025-05,monthly,2025,21383.0
037,Sariyog',Масло сливочное,Butter,Сариёғ,2025-05,monthly,2025,64688.0
039,Limon,Лимоны,Lemons,Лимон,2025-05,monthly,2025,38474.0
0040,Olma,Яблоки,Apples,Олма,2025-05,monthly,2025,11911.0
041,Nok,Груши,Pears,Нок,2025-05,monthly,2025,23618.0
0050,Tarvuz,Арбуз,Watermelon,Тарвуз,2025-05,monthly,2025,5742.0
0051,Qovun,Дыня,Melon,Қовун,2025-05,monthly,2025,6209.0
053,Mayiz,Кишмиш,Kishmish,Майиз,2025-05,monthly,2025,55644.0
055,Karam,Капуста,Cabbage,Карам,2025-05,monthly,2025,4297.0
057,Bodring,Огурцы,Cucumbers,Бодринг,2025-05,monthly,2025,4842.0
058,Pomidor,Помидоры,Tomatoes,Помидор,2025-05,monthly,2025,14354.0
059,Baqlajon,Баклажаны,Eggplant,Бақлажон,2025-05,monthly,2025,20772.0
0060,Bulg'or qalampiri,Перец болгарский,Bell pepper,Булғор қалампири,2025-05,monthly,2025,17045.0
061,Qovoq,Тыква,Pumpkin,Қовоқ,2025-05,monthly,2025,14704.0
063,Sabzi,Морковь,Carrot,Сабзи,2025-05,monthly,2025,5305.0
065,Sarimsoq,Чеснок,Garlic,Саримсоқ,2025-05,monthly,2025,34740.0
066,Piyoz,Лук репчатый,Onion,Пиёз,2025-05,monthly,2025,3890.0
069,Kartoshka,Картофель,Potatoes,Картошка,2025-05,monthly,2025,5642.0
0070,Loviya,Фасоль,Beans,Ловия,2025-05,monthly,2025,25659.0
071,No'xot,Горох,Peas,Нўхот,2025-05,monthly,2025,23762.0
0072,Mosh,Маш,Mash,Мош,2025-05,monthly,2025,18687.0
073,Shakar,Сахар песок,Sugar,Шакар,2025-05,monthly,2025,13920.0
001,Guruch,Рис,Rice,Гуруч,2025-06,monthly,2025,19472.0
003,Arpa,Ячмень,Barley,Арпа,2025-06,monthly,2025,3924.0
0004,Bug'doy,Пшеница,Wheat,Буғдой,2025-06,monthly,2025,3276.0
005,Jo'hori,Кукуруза,Corn,Жўҳори,2025-06,monthly,2025,5095.0
006,Kepak,Отруби,Bran,Кепак,2025-06,monthly,2025,3398.0
0008,Shrot,Шрот,Schroth,Шрот,2025-06,monthly,2025,5640.0
009,Shulxa,Шелуха,Husk,Шулха,2025-06,monthly,2025,4939.0
010,Kombikorm,Комбикорм,Compound feed,Комбикорм,2025-06,monthly,2025,3580.0
011,Oliy navli bug'doy uni,Мука пшеничная высшего сорта,High-grade wheat flour,Олий навли буғдой уни,2025-06,monthly,2025,10059.0
0012,1-navli bug'doy uni,Мука пшеничная первого сорта,First grade wheat flour,1-навли буғдой уни,2025-06,monthly,2025,6785.0
013,1-nav bug'doy unidan non,Хлеб пшеничный из муки 1-го сорта,Wheat bread from 1st grade flour,1-нав буғдой унидан нон,2025-06,monthly,2025,6729.0
017,Mol go'shti,Говядина,Beef,Мол гўшти,2025-06,monthly,2025,114251.0
0020,Qo'y go'shti,Баранина,Mutton,Қўй гўшти,2025-06,monthly,2025,123113.0
022,Tovuq go'shti,Мясо птицы,Poultry,Товуқ гўшти,2025-06,monthly,2025,33354.0
026,Turli baliqlar,Рыба всякая,Fish of all kinds,Турли балиқлар,2025-06,monthly,2025,36394.0
027,Yangi sog'ilgan sut (1 litr),Молоко свежее (1 литр),Fresh milk (1 liter),Янги соғилган сут (1 литр),2025-06,monthly,2025,6531.0
034,Tuxum (10 dona),Яйца (10 штук),Eggs (10 pieces ),Тухум (10 дона),2025-06,monthly,2025,9952.0
035,Paxta yog'i (1 litr),Масло хлопковое (1 литр),Cottonseed oil (1 liter),Пахта ёғи (1 литр),2025-06,monthly,2025,19548.0
0036,Kungaboqar yog'i (1 litr),Масло подсолнечное (1 литр),Sunflower oil (1 liter),Кунгабоқар ёғи (1 литр),2025-06,monthly,2025,21394.0
037,Sariyog',Масло сливочное,Butter,Сариёғ,2025-06,monthly,2025,64896.0
039,Limon,Лимоны,Lemons,Лимон,2025-06,monthly,2025,51945.0
0040,Olma,Яблоки,Apples,Олма,2025-06,monthly,2025,11497.0
041,Nok,Груши,Pears,Нок,2025-06,monthly,2025,24041.0
049,Uzum,Виноград,Grape,Узум,2025-06,monthly,2025,14523.0
0050,Tarvuz,Арбуз,Watermelon,Тарвуз,2025-06,monthly,2025,2376.0
0051,Qovun,Дыня,Melon,Қовун,2025-06,monthly,2025,3660.0
053,Mayiz,Кишмиш,Kishmish,Майиз,2025-06,monthly,2025,55493.0
055,Karam,Капуста,Cabbage,Карам,2025-06,monthly,2025,4249.0
057,Bodring,Огурцы,Cucumbers,Бодринг,2025-06,monthly,2025,3761.0
058,Pomidor,Помидоры,Tomatoes,Помидор,2025-06,monthly,2025,8546.0
059,Baqlajon,Баклажаны,Eggplant,Бақлажон,2025-06,monthly,2025,6816.0
0060,Bulg'or qalampiri,Перец болгарский,Bell pepper,Булғор қалампири,2025-06,monthly,2025,8597.0
061,Qovoq,Тыква,Pumpkin,Қовоқ,2025-06,monthly,2025,10289.0
063,Sabzi,Морковь,Carrot,Сабзи,2025-06,monthly,2025,6795.0
065,Sarimsoq,Чеснок,Garlic,Саримсоқ,2025-06,monthly,2025,28328.0
066,Piyoz,Лук репчатый,Onion,Пиёз,2025-06,monthly,2025,3806.0
069,Kartoshka,Картофель,Potatoes,Картошка,2025-06,monthly,2025,5418.0
0070,Loviya,Фасоль,Beans,Ловия,2025-06,monthly,2025,25476.0
071,No'xot,Горох,Peas,Нўхот,2025-06,monthly,2025,23864.0
0072,Mosh,Маш,Mash,Мош,2025-06,monthly,2025,19034.0
073,Shakar,Сахар песок,Sugar,Шакар,2025-06,monthly,2025,14330.0
001,Guruch,Рис,Rice,Гуруч,2025-07,monthly,2025,19453.0
003,Arpa,Ячмень,Barley,Арпа,2025-07,monthly,2025,3895.0
0004,Bug'doy,Пшеница,Wheat,Буғдой,2025-07,monthly,2025,3272.0
005,Jo'hori,Кукуруза,Corn,Жўҳори,2025-07,monthly,2025,5273.0
006,Kepak,Отруби,Bran,Кепак,2025-07,monthly,2025,3429.0
0008,Shrot,Шрот,Schroth,Шрот,2025-07,monthly,2025,5792.0
009,Shulxa,Шелуха,Husk,Шулха,2025-07,monthly,2025,5088.0
010,Kombikorm,Комбикорм,Compound feed,Комбикорм,2025-07,monthly,2025,3578.0
011,Oliy navli bug'doy uni,Мука пшеничная высшего сорта,High-grade wheat flour,Олий навли буғдой уни,2025-07,monthly,2025,10075.0
0012,1-navli bug'doy uni,Мука пшеничная первого сорта,First grade wheat flour,1-навли буғдой уни,2025-07,monthly,2025,6786.0
013,1-nav bug'doy unidan non,Хлеб пшеничный из муки 1-го сорта,Wheat bread from 1st grade flour,1-нав буғдой унидан нон,2025-07,monthly,2025,6746.0
017,Mol go'shti,Говядина,Beef,Мол гўшти,2025-07,monthly,2025,115757.0
0020,Qo'y go'shti,Баранина,Mutton,Қўй гўшти,2025-07,monthly,2025,126802.0
022,Tovuq go'shti,Мясо птицы,Poultry,Товуқ гўшти,2025-07,monthly,2025,33342.0
026,Turli baliqlar,Рыба всякая,Fish of all kinds,Турли балиқлар,2025-07,monthly,2025,36830.0
027,Yangi sog'ilgan sut (1 litr),Молоко свежее (1 литр),Fresh milk (1 liter),Янги соғилган сут (1 литр),2025-07,monthly,2025,6577.0
034,Tuxum (10 dona),Яйца (10 штук),Eggs (10 pieces ),Тухум (10 дона),2025-07,monthly,2025,10059.0
035,Paxta yog'i (1 litr),Масло хлопковое (1 литр),Cottonseed oil (1 liter),Пахта ёғи (1 литр),2025-07,monthly,2025,19776.0
0036,Kungaboqar yog'i (1 litr),Масло подсолнечное (1 литр),Sunflower oil (1 liter),Кунгабоқар ёғи (1 литр),2025-07,monthly,2025,21488.0
037,Sariyog',Масло сливочное,Butter,Сариёғ,2025-07,monthly,2025,64575.0
039,Limon,Лимоны,Lemons,Лимон,2025-07,monthly,2025,66407.0
0040,Olma,Яблоки,Apples,Олма,2025-07,monthly,2025,11124.0
041,Nok,Груши,Pears,Нок,2025-07,monthly,2025,24634.0
049,Uzum,Виноград,Grape,Узум,2025-07,monthly,2025,11304.0
0050,Tarvuz,Арбуз,Watermelon,Тарвуз,2025-07,monthly,2025,1888.0
0051,Qovun,Дыня,Melon,Қовун,2025-07,monthly,2025,3329.0
053,Mayiz,Кишмиш,Kishmish,Майиз,2025-07,monthly,2025,55698.0
055,Karam,Капуста,Cabbage,Карам,2025-07,monthly,2025,5058.0
057,Bodring,Огурцы,Cucumbers,Бодринг,2025-07,monthly,2025,9026.0
058,Pomidor,Помидоры,Tomatoes,Помидор,2025-07,monthly,2025,4450.0
059,Baqlajon,Баклажаны,Eggplant,Бақлажон,2025-07,monthly,2025,4245.0
0060,Bulg'or qalampiri,Перец болгарский,Bell pepper,Булғор қалампири,2025-07,monthly,2025,6353.0
061,Qovoq,Тыква,Pumpkin,Қовоқ,2025-07,monthly,2025,6475.0
063,Sabzi,Морковь,Carrot,Сабзи,2025-07,monthly,2025,6253.0
065,Sarimsoq,Чеснок,Garlic,Саримсоқ,2025-07,monthly,2025,28865.0
066,Piyoz,Лук репчатый,Onion,Пиёз,2025-07,monthly,2025,3990.0
069,Kartoshka,Картофель,Potatoes,Картошка,2025-07,monthly,2025,5696.0
0070,Loviya,Фасоль,Beans,Ловия,2025-07,monthly,2025,25131.0
071,No'xot,Горох,Peas,Нўхот,2025-07,monthly,2025,23835.0
0072,Mosh,Маш,Mash,Мош,2025-07,monthly,2025,19008.0
073,Shakar,Сахар песок,Sugar,Шакар,2025-07,monthly,2025,14404.0
001,Guruch,Рис,Rice,Гуруч,2025-08,monthly,2025,19374.0
003,Arpa,Ячмень,Barley,Арпа,2025-08,monthly,2025,4123.0
0004,Bug'doy,Пшеница,Wheat,Буғдой,2025-08,monthly,2025,3397.0
005,Jo'hori,Кукуруза,Corn,Жўҳори,2025-08,monthly,2025,4994.0
006,Kepak,Отруби,Bran,Кепак,2025-08,monthly,2025,3452.0
0008,Shrot,Шрот,Schroth,Шрот,2025-08,monthly,2025,5980.0
009,Shulxa,Шелуха,Husk,Шулха,2025-08,monthly,2025,5283.0
010,Kombikorm,Комбикорм,Compound feed,Комбикорм,2025-08,monthly,2025,3582.0
011,Oliy navli bug'doy uni,Мука пшеничная высшего сорта,High-grade wheat flour,Олий навли буғдой уни,2025-08,monthly,2025,10093.0
0012,1-navli bug'doy uni,Мука пшеничная первого сорта,First grade wheat flour,1-навли буғдой уни,2025-08,monthly,2025,6787.0
013,1-nav bug'doy unidan non,Хлеб пшеничный из муки 1-го сорта,Wheat bread from 1st grade flour,1-нав буғдой унидан нон,2025-08,monthly,2025,6751.0
017,Mol go'shti,Говядина,Beef,Мол гўшти,2025-08,monthly,2025,113713.0
0020,Qo'y go'shti,Баранина,Mutton,Қўй гўшти,2025-08,monthly,2025,130913.0
022,Tovuq go'shti,Мясо птицы,Poultry,Товуқ гўшти,2025-08,monthly,2025,33537.0
026,Turli baliqlar,Рыба всякая,Fish of all kinds,Турли балиқлар,2025-08,monthly,2025,37294.0
027,Yangi sog'ilgan sut (1 litr),Молоко свежее (1 литр),Fresh milk (1 liter),Янги соғилган сут (1 литр),2025-08,monthly,2025,6608.0
034,Tuxum (10 dona),Яйца (10 штук),Eggs (10 pieces ),Тухум (10 дона),2025-08,monthly,2025,11393.0
035,Paxta yog'i (1 litr),Масло хлопковое (1 литр),Cottonseed oil (1 liter),Пахта ёғи (1 литр),2025-08,monthly,2025,20287.0
0036,Kungaboqar yog'i (1 litr),Масло подсолнечное (1 литр),Sunflower oil (1 liter),Кунгабоқар ёғи (1 литр),2025-08,monthly,2025,21679.0
037,Sariyog',Масло сливочное,Butter,Сариёғ,2025-08,monthly,2025,63854.0
039,Limon,Лимоны,Lemons,Лимон,2025-08,monthly,2025,64752.0
0040,Olma,Яблоки,Apples,Олма,2025-08,monthly,2025,11392.0
041,Nok,Груши,Pears,Нок,2025-08,monthly,2025,25440.0
049,Uzum,Виноград,Grape,Узум,2025-08,monthly,2025,10973.0
0050,Tarvuz,Арбуз,Watermelon,Тарвуз,2025-08,monthly,2025,2807.0
0051,Qovun,Дыня,Melon,Қовун,2025-08,monthly,2025,4030.0
053,Mayiz,Кишмиш,Kishmish,Майиз,2025-08,monthly,2025,57106.0
055,Karam,Капуста,Cabbage,Карам,2025-08,monthly,2025,6228.0
057,Bodring,Огурцы,Cucumbers,Бодринг,2025-08,monthly,2025,10953.0
058,Pomidor,Помидоры,Tomatoes,Помидор,2025-08,monthly,2025,4016.0
059,Baqlajon,Баклажаны,Eggplant,Бақлажон,2025-08,monthly,2025,4122.0
0060,Bulg'or qalampiri,Перец болгарский,Bell pepper,Булғор қалампири,2025-08,monthly,2025,6059.0
061,Qovoq,Тыква,Pumpkin,Қовоқ,2025-08,monthly,2025,5922.0
063,Sabzi,Морковь,Carrot,Сабзи,2025-08,monthly,2025,5936.0
065,Sarimsoq,Чеснок,Garlic,Саримсоқ,2025-08,monthly,2025,28598.0
066,Piyoz,Лук репчатый,Onion,Пиёз,2025-08,monthly,2025,3901.0
069,Kartoshka,Картофель,Potatoes,Картошка,2025-08,monthly,2025,5944.0
0070,Loviya,Фасоль,Beans,Ловия,2025-08,monthly,2025,24847.0
071,No'xot,Горох,Peas,Нўхот,2025-08,monthly,2025,23711.0
0072,Mosh,Маш,Mash,Мош,2025-08,monthly,2025,19146.0
073,Shakar,Сахар песок,Sugar,Шакар,2025-08,monthly,2025,14330.0
001,Guruch,Рис,Rice,Гуруч,2025-09,monthly,2025,19246.0
003,Arpa,Ячмень,Barley,Арпа,2025-09,monthly,2025,4227.0
0004,Bug'doy,Пшеница,Wheat,Буғдой,2025-09,monthly,2025,3453.0
005,Jo'hori,Кукуруза,Corn,Жўҳори,2025-09,monthly,2025,4219.0
006,Kepak,Отруби,Bran,Кепак,2025-09,monthly,2025,3427.0
0008,Shrot,Шрот,Schroth,Шрот,2025-09,monthly,2025,6086.0
009,Shulxa,Шелуха,Husk,Шулха,2025-09,monthly,2025,5473.0
010,Kombikorm,Комбикорм,Compound feed,Комбикорм,2025-09,monthly,2025,3562.0
011,Oliy navli bug'doy uni,Мука пшеничная высшего сорта,High-grade wheat flour,Олий навли буғдой уни,2025-09,monthly,2025,10104.0
0012,1-navli bug'doy uni,Мука пшеничная первого сорта,First grade wheat flour,1-навли буғдой уни,2025-09,monthly,2025,6775.0
013,1-nav bug'doy unidan non,Хлеб пшеничный из муки 1-го сорта,Wheat bread from 1st grade flour,1-нав буғдой унидан нон,2025-09,monthly,2025,6759.0
017,Mol go'shti,Говядина,Beef,Мол гўшти,2025-09,monthly,2025,111665.0
0020,Qo'y go'shti,Баранина,Mutton,Қўй гўшти,2025-09,monthly,2025,130692.0
022,Tovuq go'shti,Мясо птицы,Poultry,Товуқ гўшти,2025-09,monthly,2025,33878.0
026,Turli baliqlar,Рыба всякая,Fish of all kinds,Турли балиқлар,2025-09,monthly,2025,36809.0
027,Yangi sog'ilgan sut (1 litr),Молоко свежее (1 литр),Fresh milk (1 liter),Янги соғилган сут (1 литр),2025-09,monthly,2025,6669.0
034,Tuxum (10 dona),Яйца (10 штук),Eggs (10 pieces ),Тухум (10 дона),2025-09,monthly,2025,12477.0
035,Paxta yog'i (1 litr),Масло хлопковое (1 литр),Cottonseed oil (1 liter),Пахта ёғи (1 литр),2025-09,monthly,2025,20517.0
0036,Kungaboqar yog'i (1 litr),Масло подсолнечное (1 литр),Sunflower oil (1 liter),Кунгабоқар ёғи (1 литр),2025-09,monthly,2025,21741.0
037,Sariyog',Масло сливочное,Butter,Сариёғ,2025-09,monthly,2025,64057.0
039,Limon,Лимоны,Lemons,Лимон,2025-09,monthly,2025,42989.0
0040,Olma,Яблоки,Apples,Олма,2025-09,monthly,2025,11420.0
041,Nok,Груши,Pears,Нок,2025-09,monthly,2025,25815.0
049,Uzum,Виноград,Grape,Узум,2025-09,monthly,2025,10151.0
0050,Tarvuz,Арбуз,Watermelon,Тарвуз,2025-09,monthly,2025,2975.0
0051,Qovun,Дыня,Melon,Қовун,2025-09,monthly,2025,4213.0
053,Mayiz,Кишмиш,Kishmish,Майиз,2025-09,monthly,2025,57155.0
055,Karam,Капуста,Cabbage,Карам,2025-09,monthly,2025,5492.0
057,Bodring,Огурцы,Cucumbers,Бодринг,2025-09,monthly,2025,8145.0
058,Pomidor,Помидоры,Tomatoes,Помидор,2025-09,monthly,2025,5421.0
059,Baqlajon,Баклажаны,Eggplant,Бақлажон,2025-09,monthly,2025,4218.0
0060,Bulg'or qalampiri,Перец болгарский,Bell pepper,Булғор қалампири,2025-09,monthly,2025,6398.0
061,Qovoq,Тыква,Pumpkin,Қовоқ,2025-09,monthly,2025,5387.0
063,Sabzi,Морковь,Carrot,Сабзи,2025-09,monthly,2025,6286.0
065,Sarimsoq,Чеснок,Garlic,Саримсоқ,2025-09,monthly,2025,28178.0
066,Piyoz,Лук репчатый,Onion,Пиёз,2025-09,monthly,2025,3547.0
069,Kartoshka,Картофель,Potatoes,Картошка,2025-09,monthly,2025,5826.0
0070,Loviya,Фасоль,Beans,Ловия,2025-09,monthly,2025,24438.0
071,No'xot,Горох,Peas,Нўхот,2025-09,monthly,2025,23760.0
0072,Mosh,Маш,Mash,Мош,2025-09,monthly,2025,19202.0
073,Shakar,Сахар песок,Sugar,Шакар,2025-09,monthly,2025,14308.0
001,Guruch,Рис,Rice,Гуруч,2025-10,monthly,2025,18732.0
003,Arpa,Ячмень,Barley,Арпа,2025-10,monthly,2025,4242.0
0004,Bug'doy,Пшеница,Wheat,Буғдой,2025-10,monthly,2025,3562.0
005,Jo'hori,Кукуруза,Corn,Жўҳори,2025-10,monthly,2025,4037.0
006,Kepak,Отруби,Bran,Кепак,2025-10,monthly,2025,3395.0
0008,Shrot,Шрот,Schroth,Шрот,2025-10,monthly,2025,6044.0
009,Shulxa,Шелуха,Husk,Шулха,2025-10,monthly,2025,5419.0
010,Kombikorm,Комбикорм,Compound feed,Комбикорм,2025-10,monthly,2025,3558.0
011,Oliy navli bug'doy uni,Мука пшеничная высшего сорта,High-grade wheat flour,Олий навли буғдой уни,2025-10,monthly,2025,10123.0
0012,1-navli bug'doy uni,Мука пшеничная первого сорта,First grade wheat flour,1-навли буғдой уни,2025-10,monthly,2025,6753.0
013,1-nav bug'doy unidan non,Хлеб пшеничный из муки 1-го сорта,Wheat bread from 1st grade flour,1-нав буғдой унидан нон,2025-10,monthly,2025,6764.0
017,Mol go'shti,Говядина,Beef,Мол гўшти,2025-10,monthly,2025,111592.0
0020,Qo'y go'shti,Баранина,Mutton,Қўй гўшти,2025-10,monthly,2025,131224.0
022,Tovuq go'shti,Мясо птицы,Poultry,Товуқ гўшти,2025-10,monthly,2025,34060.0
026,Turli baliqlar,Рыба всякая,Fish of all kinds,Турли балиқлар,2025-10,monthly,2025,37093.0
027,Yangi sog'ilgan sut (1 litr),Молоко свежее (1 литр),Fresh milk (1 liter),Янги соғилган сут (1 литр),2025-10,monthly,2025,6742.0
034,Tuxum (10 dona),Яйца (10 штук),Eggs (10 pieces ),Тухум (10 дона),2025-10,monthly,2025,12970.0
035,Paxta yog'i (1 litr),Масло хлопковое (1 литр),Cottonseed oil (1 liter),Пахта ёғи (1 литр),2025-10,monthly,2025,20509.0
0036,Kungaboqar yog'i (1 litr),Масло подсолнечное (1 литр),Sunflower oil (1 liter),Кунгабоқар ёғи (1 литр),2025-10,monthly,2025,21687.0
037,Sariyog',Масло сливочное,Butter,Сариёғ,2025-10,monthly,2025,64052.0
039,Limon,Лимоны,Lemons,Лимон,2025-10,monthly,2025,33749.0
0040,Olma,Яблоки,Apples,Олма,2025-10,monthly,2025,11296.0
041,Nok,Груши,Pears,Нок,2025-10,monthly,2025,25425.0
049,Uzum,Виноград,Grape,Узум,2025-10,monthly,2025,12198.0
0050,Tarvuz,Арбуз,Watermelon,Тарвуз,2025-10,monthly,2025,3433.0
0051,Qovun,Дыня,Melon,Қовун,2025-10,monthly,2025,4579.0
053,Mayiz,Кишмиш,Kishmish,Майиз,2025-10,monthly,2025,56578.0
055,Karam,Капуста,Cabbage,Карам,2025-10,monthly,2025,4925.0
057,Bodring,Огурцы,Cucumbers,Бодринг,2025-10,monthly,2025,10014.0
058,Pomidor,Помидоры,Tomatoes,Помидор,2025-10,monthly,2025,7828.0
059,Baqlajon,Баклажаны,Eggplant,Бақлажон,2025-10,monthly,2025,4887.0
0060,Bulg'or qalampiri,Перец болгарский,Bell pepper,Булғор қалампири,2025-10,monthly,2025,7963.0
061,Qovoq,Тыква,Pumpkin,Қовоқ,2025-10,monthly,2025,5141.0
063,Sabzi,Морковь,Carrot,Сабзи,2025-10,monthly,2025,5507.0
065,Sarimsoq,Чеснок,Garlic,Саримсоқ,2025-10,monthly,2025,27783.0
066,Piyoz,Лук репчатый,Onion,Пиёз,2025-10,monthly,2025,3087.0
069,Kartoshka,Картофель,Potatoes,Картошка,2025-10,monthly,2025,5520.0
0070,Loviya,Фасоль,Beans,Ловия,2025-10,monthly,2025,23812.0
071,No'xot,Горох,Peas,Нўхот,2025-10,monthly,2025,23589.0
0072,Mosh,Маш,Mash,Мош,2025-10,monthly,2025,18817.0
073,Shakar,Сахар песок,Sugar,Шакар,2025-10,monthly,2025,13797.0
001,Guruch,Рис,Rice,Гуруч,2025-11,monthly,2025,17496.0
003,Arpa,Ячмень,Barley,Арпа,2025-11,monthly,2025,4361.0
0004,Bug'doy,Пшеница,Wheat,Буғдой,2025-11,monthly,2025,3849.0
005,Jo'hori,Кукуруза,Corn,Жўҳори,2025-11,monthly,2025,4062.0
006,Kepak,Отруби,Bran,Кепак,2025-11,monthly,2025,3382.0
0008,Shrot,Шрот,Schroth,Шрот,2025-11,monthly,2025,5602.0
009,Shulxa,Шелуха,Husk,Шулха,2025-11,monthly,2025,4864.0
010,Kombikorm,Комбикорм,Compound feed,Комбикорм,2025-11,monthly,2025,3589.0
011,Oliy navli bug'doy uni,Мука пшеничная высшего сорта,High-grade wheat flour,Олий навли буғдой уни,2025-11,monthly,2025,10126.0
0012,1-navli bug'doy uni,Мука пшеничная первого сорта,First grade wheat flour,1-навли буғдой уни,2025-11,monthly,2025,6753.0
013,1-nav bug'doy unidan non,Хлеб пшеничный из муки 1-го сорта,Wheat bread from 1st grade flour,1-нав буғдой унидан нон,2025-11,monthly,2025,6755.0
017,Mol go'shti,Говядина,Beef,Мол гўшти,2025-11,monthly,2025,109967.0
0020,Qo'y go'shti,Баранина,Mutton,Қўй гўшти,2025-11,monthly,2025,128331.0
022,Tovuq go'shti,Мясо птицы,Poultry,Товуқ гўшти,2025-11,monthly,2025,33899.0
026,Turli baliqlar,Рыба всякая,Fish of all kinds,Турли балиқлар,2025-11,monthly,2025,37256.0
027,Yangi sog'ilgan sut (1 litr),Молоко свежее (1 литр),Fresh milk (1 liter),Янги соғилган сут (1 литр),2025-11,monthly,2025,6723.0
034,Tuxum (10 dona),Яйца (10 штук),Eggs (10 pieces ),Тухум (10 дона),2025-11,monthly,2025,12776.0
035,Paxta yog'i (1 litr),Масло хлопковое (1 литр),Cottonseed oil (1 liter),Пахта ёғи (1 литр),2025-11,monthly,2025,20156.0
0036,Kungaboqar yog'i (1 litr),Масло подсолнечное (1 литр),Sunflower oil (1 liter),Кунгабоқар ёғи (1 литр),2025-11,monthly,2025,21492.0
037,Sariyog',Масло сливочное,Butter,Сариёғ,2025-11,monthly,2025,64097.0
039,Limon,Лимоны,Lemons,Лимон,2025-11,monthly,2025,32258.0
0040,Olma,Яблоки,Apples,Олма,2025-11,monthly,2025,11319.0
041,Nok,Груши,Pears,Нок,2025-11,monthly,2025,23762.0
049,Uzum,Виноград,Grape,Узум,2025-11,monthly,2025,16236.0
0050,Tarvuz,Арбуз,Watermelon,Тарвуз,2025-11,monthly,2025,4559.0
0051,Qovun,Дыня,Melon,Қовун,2025-11,monthly,2025,5771.0
053,Mayiz,Кишмиш,Kishmish,Майиз,2025-11,monthly,2025,57132.0
055,Karam,Капуста,Cabbage,Карам,2025-11,monthly,2025,4651.0
057,Bodring,Огурцы,Cucumbers,Бодринг,2025-11,monthly,2025,18934.0
058,Pomidor,Помидоры,Tomatoes,Помидор,2025-11,monthly,2025,15483.0
059,Baqlajon,Баклажаны,Eggplant,Бақлажон,2025-11,monthly,2025,7066.0
0060,Bulg'or qalampiri,Перец болгарский,Bell pepper,Булғор қалампири,2025-11,monthly,2025,12384.0
061,Qovoq,Тыква,Pumpkin,Қовоқ,2025-11,monthly,2025,5150.0
063,Sabzi,Морковь,Carrot,Сабзи,2025-11,monthly,2025,3985.0
065,Sarimsoq,Чеснок,Garlic,Саримсоқ,2025-11,monthly,2025,27360.0
066,Piyoz,Лук репчатый,Onion,Пиёз,2025-11,monthly,2025,2886.0
069,Kartoshka,Картофель,Potatoes,Картошка,2025-11,monthly,2025,5366.0
0070,Loviya,Фасоль,Beans,Ловия,2025-11,monthly,2025,23407.0
071,No'xot,Горох,Peas,Нўхот,2025-11,monthly,2025,23432.0
0072,Mosh,Маш,Mash,Мош,2025-11,monthly,2025,18698.0
073,Shakar,Сахар песок,Sugar,Шакар,2025-11,monthly,2025,13166.0
001,Guruch,Рис,Rice,Гуруч,2025-12,monthly,2025,16898.0
003,Arpa,Ячмень,Barley,Арпа,2025-12,monthly,2025,4508.0
0004,Bug'doy,Пшеница,Wheat,Буғдой,2025-12,monthly,2025,3940.0
005,Jo'hori,Кукуруза,Corn,Жўҳори,2025-12,monthly,2025,4144.0
006,Kepak,Отруби,Bran,Кепак,2025-12,monthly,2025,3374.0
0008,Shrot,Шрот,Schroth,Шрот,2025-12,monthly,2025,5515.0
009,Shulxa,Шелуха,Husk,Шулха,2025-12,monthly,2025,4651.0
010,Kombikorm,Комбикорм,Compound feed,Комбикорм,2025-12,monthly,2025,3552.0
011,Oliy navli bug'doy uni,Мука пшеничная высшего сорта,High-grade wheat flour,Олий навли буғдой уни,2025-12,monthly,2025,10121.0
0012,1-navli bug'doy uni,Мука пшеничная первого сорта,First grade wheat flour,1-навли буғдой уни,2025-12,monthly,2025,6753.0
013,1-nav bug'doy unidan non,Хлеб пшеничный из муки 1-го сорта,Wheat bread from 1st grade flour,1-нав буғдой унидан нон,2025-12,monthly,2025,6884.0
017,Mol go'shti,Говядина,Beef,Мол гўшти,2025-12,monthly,2025,110699.0
0020,Qo'y go'shti,Баранина,Mutton,Қўй гўшти,2025-12,monthly,2025,127558.0
022,Tovuq go'shti,Мясо птицы,Poultry,Товуқ гўшти,2025-12,monthly,2025,33758.0
026,Turli baliqlar,Рыба всякая,Fish of all kinds,Турли балиқлар,2025-12,monthly,2025,37284.0
027,Yangi sog'ilgan sut (1 litr),Молоко свежее (1 литр),Fresh milk (1 liter),Янги соғилган сут (1 литр),2025-12,monthly,2025,6767.0
034,Tuxum (10 dona),Яйца (10 штук),Eggs (10 pieces ),Тухум (10 дона),2025-12,monthly,2025,12861.0
035,Paxta yog'i (1 litr),Масло хлопковое (1 литр),Cottonseed oil (1 liter),Пахта ёғи (1 литр),2025-12,monthly,2025,20025.0
0036,Kungaboqar yog'i (1 litr),Масло подсолнечное (1 литр),Sunflower oil (1 liter),Кунгабоқар ёғи (1 литр),2025-12,monthly,2025,21466.0
037,Sariyog',Масло сливочное,Butter,Сариёғ,2025-12,monthly,2025,65987.0
039,Limon,Лимоны,Lemons,Лимон,2025-12,monthly,2025,31622.0
0040,Olma,Яблоки,Apples,Олма,2025-12,monthly,2025,11918.0
041,Nok,Груши,Pears,Нок,2025-12,monthly,2025,23819.0
049,Uzum,Виноград,Grape,Узум,2025-12,monthly,2025,18518.0
0050,Tarvuz,Арбуз,Watermelon,Тарвуз,2025-12,monthly,2025,5959.0
0051,Qovun,Дыня,Melon,Қовун,2025-12,monthly,2025,7385.0
053,Mayiz,Кишмиш,Kishmish,Майиз,2025-12,monthly,2025,57102.0
055,Karam,Капуста,Cabbage,Карам,2025-12,monthly,2025,4689.0
057,Bodring,Огурцы,Cucumbers,Бодринг,2025-12,monthly,2025,29004.0
058,Pomidor,Помидоры,Tomatoes,Помидор,2025-12,monthly,2025,23463.0
059,Baqlajon,Баклажаны,Eggplant,Бақлажон,2025-12,monthly,2025,22977.0
0060,Bulg'or qalampiri,Перец болгарский,Bell pepper,Булғор қалампири,2025-12,monthly,2025,21592.0
061,Qovoq,Тыква,Pumpkin,Қовоқ,2025-12,monthly,2025,5571.0
063,Sabzi,Морковь,Carrot,Сабзи,2025-12,monthly,2025,3230.0
065,Sarimsoq,Чеснок,Garlic,Саримсоқ,2025-12,monthly,2025,27662.0
066,Piyoz,Лук репчатый,Onion,Пиёз,2025-12,monthly,2025,2785.0
069,Kartoshka,Картофель,Potatoes,Картошка,2025-12,monthly,2025,5474.0
0070,Loviya,Фасоль,Beans,Ловия,2025-12,monthly,2025,23334.0
071,No'xot,Горох,Peas,Нўхот,2025-12,monthly,2025,23552.0
0072,Mosh,Маш,Mash,Мош,2025-12,monthly,2025,19020.0
073,Shakar,Сахар песок,Sugar,Шакар,2025-12,monthly,2025,12419.0
001,Guruch,Рис,Rice,Гуруч,2026-01,monthly,2026,16499.0
003,Arpa,Ячмень,Barley,Арпа,2026-01,monthly,2026,4569.0
0004,Bug'doy,Пшеница,Wheat,Буғдой,2026-01,monthly,2026,4013.0
005,Jo'hori,Кукуруза,Corn,Жўҳори,2026-01,monthly,2026,4333.0
006,Kepak,Отруби,Bran,Кепак,2026-01,monthly,2026,3475.0
0008,Shrot,Шрот,Schroth,Шрот,2026-01,monthly,2026,5381.0
009,Shulxa,Шелуха,Husk,Шулха,2026-01,monthly,2026,4618.0
010,Kombikorm,Комбикорм,Compound feed,Комбикорм,2026-01,monthly,2026,3586.0
011,Oliy navli bug'doy uni,Мука пшеничная высшего сорта,High-grade wheat flour,Олий навли буғдой уни,2026-01,monthly,2026,10067.0
0012,1-navli bug'doy uni,Мука пшеничная первого сорта,First grade wheat flour,1-навли буғдой уни,2026-01,monthly,2026,6824.0
013,1-nav bug'doy unidan non,Хлеб пшеничный из муки 1-го сорта,Wheat bread from 1st grade flour,1-нав буғдой унидан нон,2026-01,monthly,2026,7218.0
017,Mol go'shti,Говядина,Beef,Мол гўшти,2026-01,monthly,2026,113136.0
0020,Qo'y go'shti,Баранина,Mutton,Қўй гўшти,2026-01,monthly,2026,127970.0
022,Tovuq go'shti,Мясо птицы,Poultry,Товуқ гўшти,2026-01,monthly,2026,33438.0
026,Turli baliqlar,Рыба всякая,Fish of all kinds,Турли балиқлар,2026-01,monthly,2026,37130.0
027,Yangi sog'ilgan sut (1 litr),Молоко свежее (1 литр),Fresh milk (1 liter),Янги соғилган сут (1 литр),2026-01,monthly,2026,6920.0
034,Tuxum (10 dona),Яйца (10 штук),Eggs (10 pieces ),Тухум (10 дона),2026-01,monthly,2026,12809.0
035,Paxta yog'i (1 litr),Масло хлопковое (1 литр),Cottonseed oil (1 liter),Пахта ёғи (1 литр),2026-01,monthly,2026,19990.0
0036,Kungaboqar yog'i (1 litr),Масло подсолнечное (1 литр),Sunflower oil (1 liter),Кунгабоқар ёғи (1 литр),2026-01,monthly,2026,21414.0
037,Sariyog',Масло сливочное,Butter,Сариёғ,2026-01,monthly,2026,66379.0
039,Limon,Лимоны,Lemons,Лимон,2026-01,monthly,2026,35509.0
0040,Olma,Яблоки,Apples,Олма,2026-01,monthly,2026,12795.0
041,Nok,Груши,Pears,Нок,2026-01,monthly,2026,23927.0
049,Uzum,Виноград,Grape,Узум,2026-01,monthly,2026,20493.0
0050,Tarvuz,Арбуз,Watermelon,Тарвуз,2026-01,monthly,2026,7873.0
0051,Qovun,Дыня,Melon,Қовун,2026-01,monthly,2026,10415.0
053,Mayiz,Кишмиш,Kishmish,Майиз,2026-01,monthly,2026,57384.0
055,Karam,Капуста,Cabbage,Карам,2026-01,monthly,2026,4944.0
057,Bodring,Огурцы,Cucumbers,Бодринг,2026-01,monthly,2026,35259.0
058,Pomidor,Помидоры,Tomatoes,Помидор,2026-01,monthly,2026,24392.0
059,Baqlajon,Баклажаны,Eggplant,Бақлажон,2026-01,monthly,2026,33938.0
0060,Bulg'or qalampiri,Перец болгарский,Bell pepper,Булғор қалампири,2026-01,monthly,2026,26664.0
061,Qovoq,Тыква,Pumpkin,Қовоқ,2026-01,monthly,2026,5893.0
063,Sabzi,Морковь,Carrot,Сабзи,2026-01,monthly,2026,3269.0
065,Sarimsoq,Чеснок,Garlic,Саримсоқ,2026-01,monthly,2026,27875.0
066,Piyoz,Лук репчатый,Onion,Пиёз,2026-01,monthly,2026,2815.0
069,Kartoshka,Картофель,Potatoes,Картошка,2026-01,monthly,2026,5847.0
0070,Loviya,Фасоль,Beans,Ловия,2026-01,monthly,2026,23470.0
071,No'xot,Горох,Peas,Нўхот,2026-01,monthly,2026,23540.0
0072,Mosh,Маш,Mash,Мош,2026-01,monthly,2026,19253.0
073,Shakar,Сахар песок,Sugar,Шакар,2026-01,monthly,2026,12208.0
001,Guruch,Рис,Rice,Гуруч,2026-02,monthly,2026,15938.0
003,Arpa,Ячмень,Barley,Арпа,2026-02,monthly,2026,4623.0
0004,Bug'doy,Пшеница,Wheat,Буғдой,2026-02,monthly,2026,4100.0
005,Jo'hori,Кукуруза,Corn,Жўҳори,2026-02,monthly,2026,4506.0
006,Kepak,Отруби,Bran,Кепак,2026-02,monthly,2026,3555.0
0008,Shrot,Шрот,Schroth,Шрот,2026-02,monthly,2026,5466.0
009,Shulxa,Шелуха,Husk,Шулха,2026-02,monthly,2026,4706.0
010,Kombikorm,Комбикорм,Compound feed,Комбикорм,2026-02,monthly,2026,3626.0
011,Oliy navli bug'doy uni,Мука пшеничная высшего сорта,High-grade wheat flour,Олий навли буғдой уни,2026-02,monthly,2026,10039.0
0012,1-navli bug'doy uni,Мука пшеничная первого сорта,First grade wheat flour,1-навли буғдой уни,2026-02,monthly,2026,6833.0
013,1-nav bug'doy unidan non,Хлеб пшеничный из муки 1-го сорта,Wheat bread from 1st grade flour,1-нав буғдой унидан нон,2026-02,monthly,2026,7216.0
017,Mol go'shti,Говядина,Beef,Мол гўшти,2026-02,monthly,2026,114321.0
0020,Qo'y go'shti,Баранина,Mutton,Қўй гўшти,2026-02,monthly,2026,127366.0
022,Tovuq go'shti,Мясо птицы,Poultry,Товуқ гўшти,2026-02,monthly,2026,33495.0
026,Turli baliqlar,Рыба всякая,Fish of all kinds,Турли балиқлар,2026-02,monthly,2026,37511.0
027,Yangi sog'ilgan sut (1 litr),Молоко свежее (1 литр),Fresh milk (1 liter),Янги соғилган сут (1 литр),2026-02,monthly,2026,7054.0
034,Tuxum (10 dona),Яйца (10 штук),Eggs (10 pieces ),Тухум (10 дона),2026-02,monthly,2026,12657.0
035,Paxta yog'i (1 litr),Масло хлопковое (1 литр),Cottonseed oil (1 liter),Пахта ёғи (1 литр),2026-02,monthly,2026,19901.0
0036,Kungaboqar yog'i (1 litr),Масло подсолнечное (1 литр),Sunflower oil (1 liter),Кунгабоқар ёғи (1 литр),2026-02,monthly,2026,21327.0
037,Sariyog',Масло сливочное,Butter,Сариёғ,2026-02,monthly,2026,69319.0
039,Limon,Лимоны,Lemons,Лимон,2026-02,monthly,2026,38745.0
0040,Olma,Яблоки,Apples,Олма,2026-02,monthly,2026,13679.0
041,Nok,Груши,Pears,Нок,2026-02,monthly,2026,24107.0
049,Uzum,Виноград,Grape,Узум,2026-02,monthly,2026,22676.0
053,Mayiz,Кишмиш,Kishmish,Майиз,2026-02,monthly,2026,57533.0
055,Karam,Капуста,Cabbage,Карам,2026-02,monthly,2026,4881.0
057,Bodring,Огурцы,Cucumbers,Бодринг,2026-02,monthly,2026,31039.0
058,Pomidor,Помидоры,Tomatoes,Помидор,2026-02,monthly,2026,26556.0
0060,Bulg'or qalampiri,Перец болгарский,Bell pepper,Булғор қалампири,2026-02,monthly,2026,29147.0
061,Qovoq,Тыква,Pumpkin,Қовоқ,2026-02,monthly,2026,6273.0
063,Sabzi,Морковь,Carrot,Сабзи,2026-02,monthly,2026,3269.0
065,Sarimsoq,Чеснок,Garlic,Саримсоқ,2026-02,monthly,2026,28067.0
066,Piyoz,Лук репчатый,Onion,Пиёз,2026-02,monthly,2026,2794.0
069,Kartoshka,Картофель,Potatoes,Картошка,2026-02,monthly,2026,6138.0
0070,Loviya,Фасоль,Beans,Ловия,2026-02,monthly,2026,23077.0
071,No'xot,Горох,Peas,Нўхот,2026-02,monthly,2026,23692.0
0072,Mosh,Маш,Mash,Мош,2026-02,monthly,2026,19224.0
073,Shakar,Сахар песок,Sugar,Шакар,2026-02,monthly,2026,12538.0
001,Guruch,Рис,Rice,Гуруч,2026-03,monthly,2026,15749.0
003,Arpa,Ячмень,Barley,Арпа,2026-03,monthly,2026,4612.0
0004,Bug'doy,Пшеница,Wheat,Буғдой,2026-03,monthly,2026,4135.0
005,Jo'hori,Кукуруза,Corn,Жўҳори,2026-03,monthly,2026,4603.0
006,Kepak,Отруби,Bran,Кепак,2026-03,monthly,2026,3551.0
0008,Shrot,Шрот,Schroth,Шрот,2026-03,monthly,2026,5533.0
009,Shulxa,Шелуха,Husk,Шулха,2026-03,monthly,2026,4698.0
010,Kombikorm,Комбикорм,Compound feed,Комбикорм,2026-03,monthly,2026,3628.0
011,Oliy navli bug'doy uni,Мука пшеничная высшего сорта,High-grade wheat flour,Олий навли буғдой уни,2026-03,monthly,2026,10156.0
0012,1-navli bug'doy uni,Мука пшеничная первого сорта,First grade wheat flour,1-навли буғдой уни,2026-03,monthly,2026,6801.0
013,1-nav bug'doy unidan non,Хлеб пшеничный из муки 1-го сорта,Wheat bread from 1st grade flour,1-нав буғдой унидан нон,2026-03,monthly,2026,7222.0
017,Mol go'shti,Говядина,Beef,Мол гўшти,2026-03,monthly,2026,114677.0
0020,Qo'y go'shti,Баранина,Mutton,Қўй гўшти,2026-03,monthly,2026,127851.0
022,Tovuq go'shti,Мясо птицы,Poultry,Товуқ гўшти,2026-03,monthly,2026,33910.0
026,Turli baliqlar,Рыба всякая,Fish of all kinds,Турли балиқлар,2026-03,monthly,2026,37676.0
027,Yangi sog'ilgan sut (1 litr),Молоко свежее (1 литр),Fresh milk (1 liter),Янги соғилган сут (1 литр),2026-03,monthly,2026,7016.0
034,Tuxum (10 dona),Яйца (10 штук),Eggs (10 pieces ),Тухум (10 дона),2026-03,monthly,2026,12946.0
035,Paxta yog'i (1 litr),Масло хлопковое (1 литр),Cottonseed oil (1 liter),Пахта ёғи (1 литр),2026-03,monthly,2026,20014.0
0036,Kungaboqar yog'i (1 litr),Масло подсолнечное (1 литр),Sunflower oil (1 liter),Кунгабоқар ёғи (1 литр),2026-03,monthly,2026,21413.0
037,Sariyog',Масло сливочное,Butter,Сариёғ,2026-03,monthly,2026,70137.0
039,Limon,Лимоны,Lemons,Лимон,2026-03,monthly,2026,41217.0
0040,Olma,Яблоки,Apples,Олма,2026-03,monthly,2026,14501.0
041,Nok,Груши,Pears,Нок,2026-03,monthly,2026,24183.0
049,Uzum,Виноград,Grape,Узум,2026-03,monthly,2026,25676.0
053,Mayiz,Кишмиш,Kishmish,Майиз,2026-03,monthly,2026,57593.0
055,Karam,Капуста,Cabbage,Карам,2026-03,monthly,2026,4313.0
057,Bodring,Огурцы,Cucumbers,Бодринг,2026-03,monthly,2026,25125.0
058,Pomidor,Помидоры,Tomatoes,Помидор,2026-03,monthly,2026,29687.0
0060,Bulg'or qalampiri,Перец болгарский,Bell pepper,Булғор қалампири,2026-03,monthly,2026,33207.0
061,Qovoq,Тыква,Pumpkin,Қовоқ,2026-03,monthly,2026,6781.0
063,Sabzi,Морковь,Carrot,Сабзи,2026-03,monthly,2026,3283.0
065,Sarimsoq,Чеснок,Garlic,Саримсоқ,2026-03,monthly,2026,28120.0
066,Piyoz,Лук репчатый,Onion,Пиёз,2026-03,monthly,2026,2682.0
069,Kartoshka,Картофель,Potatoes,Картошка,2026-03,monthly,2026,7109.0
0070,Loviya,Фасоль,Beans,Ловия,2026-03,monthly,2026,22896.0
071,No'xot,Горох,Peas,Нўхот,2026-03,monthly,2026,23588.0
0072,Mosh,Маш,Mash,Мош,2026-03,monthly,2026,19274.0
073,Shakar,Сахар песок,Sugar,Шакар,2026-03,monthly,2026,13165.0
001,Guruch,Рис,Rice,Гуруч,2026-04,monthly,2026,15732.0
003,Arpa,Ячмень,Barley,Арпа,2026-04,monthly,2026,4610.0
0004,Bug'doy,Пшеница,Wheat,Буғдой,2026-04,monthly,2026,4148.0
005,Jo'hori,Кукуруза,Corn,Жўҳори,2026-04,monthly,2026,4947.0
006,Kepak,Отруби,Bran,Кепак,2026-04,monthly,2026,3612.0
0008,Shrot,Шрот,Schroth,Шрот,2026-04,monthly,2026,5551.0
009,Shulxa,Шелуха,Husk,Шулха,2026-04,monthly,2026,4697.0
010,Kombikorm,Комбикорм,Compound feed,Комбикорм,2026-04,monthly,2026,3642.0
011,Oliy navli bug'doy uni,Мука пшеничная высшего сорта,High-grade wheat flour,Олий навли буғдой уни,2026-04,monthly,2026,10184.0
0012,1-navli bug'doy uni,Мука пшеничная первого сорта,First grade wheat flour,1-навли буғдой уни,2026-04,monthly,2026,6817.0
013,1-nav bug'doy unidan non,Хлеб пшеничный из муки 1-го сорта,Wheat bread from 1st grade flour,1-нав буғдой унидан нон,2026-04,monthly,2026,7176.0
017,Mol go'shti,Говядина,Beef,Мол гўшти,2026-04,monthly,2026,117233.0
0020,Qo'y go'shti,Баранина,Mutton,Қўй гўшти,2026-04,monthly,2026,130317.0
022,Tovuq go'shti,Мясо птицы,Poultry,Товуқ гўшти,2026-04,monthly,2026,34476.0
026,Turli baliqlar,Рыба всякая,Fish of all kinds,Турли балиқлар,2026-04,monthly,2026,38076.0
027,Yangi sog'ilgan sut (1 litr),Молоко свежее (1 литр),Fresh milk (1 liter),Янги соғилган сут (1 литр),2026-04,monthly,2026,6957.0
034,Tuxum (10 dona),Яйца (10 штук),Eggs (10 pieces ),Тухум (10 дона),2026-04,monthly,2026,11665.0
035,Paxta yog'i (1 litr),Масло хлопковое (1 литр),Cottonseed oil (1 liter),Пахта ёғи (1 литр),2026-04,monthly,2026,20061.0
0036,Kungaboqar yog'i (1 litr),Масло подсолнечное (1 литр),Sunflower oil (1 liter),Кунгабоқар ёғи (1 литр),2026-04,monthly,2026,21467.0
037,Sariyog',Масло сливочное,Butter,Сариёғ,2026-04,monthly,2026,70488.0
039,Limon,Лимоны,Lemons,Лимон,2026-04,monthly,2026,48624.0
0040,Olma,Яблоки,Apples,Олма,2026-04,monthly,2026,15908.0
041,Nok,Груши,Pears,Нок,2026-04,monthly,2026,24163.0
049,Uzum,Виноград,Grape,Узум,2026-04,monthly,2026,29583.0
053,Mayiz,Кишмиш,Kishmish,Майиз,2026-04,monthly,2026,57413.0
055,Karam,Капуста,Cabbage,Карам,2026-04,monthly,2026,3932.0
057,Bodring,Огурцы,Cucumbers,Бодринг,2026-04,monthly,2026,12483.0
058,Pomidor,Помидоры,Tomatoes,Помидор,2026-04,monthly,2026,24082.0
0060,Bulg'or qalampiri,Перец болгарский,Bell pepper,Булғор қалампири,2026-04,monthly,2026,32803.0
061,Qovoq,Тыква,Pumpkin,Қовоқ,2026-04,monthly,2026,8500.0
063,Sabzi,Морковь,Carrot,Сабзи,2026-04,monthly,2026,3497.0
065,Sarimsoq,Чеснок,Garlic,Саримсоқ,2026-04,monthly,2026,28243.0
066,Piyoz,Лук репчатый,Onion,Пиёз,2026-04,monthly,2026,2390.0
069,Kartoshka,Картофель,Potatoes,Картошка,2026-04,monthly,2026,7117.0
0070,Loviya,Фасоль,Beans,Ловия,2026-04,monthly,2026,22865.0
071,No'xot,Горох,Peas,Нўхот,2026-04,monthly,2026,23649.0
0072,Mosh,Маш,Mash,Мош,2026-04,monthly,2026,19399.0
073,Shakar,Сахар песок,Sugar,Шакар,2026-04,monthly,2026,13261.0
001,Guruch,Рис,Rice,Гуруч,2026-05,monthly,2026,15585.0
003,Arpa,Ячмень,Barley,Арпа,2026-05,monthly,2026,4622.0
0004,Bug'doy,Пшеница,Wheat,Буғдой,2026-05,monthly,2026,4208.0
005,Jo'hori,Кукуруза,Corn,Жўҳори,2026-05,monthly,2026,5058.0
006,Kepak,Отруби,Bran,Кепак,2026-05,monthly,2026,3648.0
0008,Shrot,Шрот,Schroth,Шрот,2026-05,monthly,2026,5549.0
009,Shulxa,Шелуха,Husk,Шулха,2026-05,monthly,2026,4753.0
010,Kombikorm,Комбикорм,Compound feed,Комбикорм,2026-05,monthly,2026,3684.0
011,Oliy navli bug'doy uni,Мука пшеничная высшего сорта,High-grade wheat flour,Олий навли буғдой уни,2026-05,monthly,2026,10198.0
0012,1-navli bug'doy uni,Мука пшеничная первого сорта,First grade wheat flour,1-навли буғдой уни,2026-05,monthly,2026,6854.0
013,1-nav bug'doy unidan non,Хлеб пшеничный из муки 1-го сорта,Wheat bread from 1st grade flour,1-нав буғдой унидан нон,2026-05,monthly,2026,7175.0
017,Mol go'shti,Говядина,Beef,Мол гўшти,2026-05,monthly,2026,121238.0
0020,Qo'y go'shti,Баранина,Mutton,Қўй гўшти,2026-05,monthly,2026,133648.0
022,Tovuq go'shti,Мясо птицы,Poultry,Товуқ гўшти,2026-05,monthly,2026,34857.0
026,Turli baliqlar,Рыба всякая,Fish of all kinds,Турли балиқлар,2026-05,monthly,2026,36803.0
027,Yangi sog'ilgan sut (1 litr),Молоко свежее (1 литр),Fresh milk (1 liter),Янги соғилган сут (1 литр),2026-05,monthly,2026,6892.0
034,Tuxum (10 dona),Яйца (10 штук),Eggs (10 pieces ),Тухум (10 дона),2026-05,monthly,2026,11421.0
035,Paxta yog'i (1 litr),Масло хлопковое (1 литр),Cottonseed oil (1 liter),Пахта ёғи (1 литр),2026-05,monthly,2026,19991.0
0036,Kungaboqar yog'i (1 litr),Масло подсолнечное (1 литр),Sunflower oil (1 liter),Кунгабоқар ёғи (1 литр),2026-05,monthly,2026,21358.0
037,Sariyog',Масло сливочное,Butter,Сариёғ,2026-05,monthly,2026,68518.0
039,Limon,Лимоны,Lemons,Лимон,2026-05,monthly,2026,54583.0
0040,Olma,Яблоки,Apples,Олма,2026-05,monthly,2026,16970.0
041,Nok,Груши,Pears,Нок,2026-05,monthly,2026,23443.0
0050,Tarvuz,Арбуз,Watermelon,Тарвуз,2026-05,monthly,2026,5955.0
0051,Qovun,Дыня,Melon,Қовун,2026-05,monthly,2026,8875.0
053,Mayiz,Кишмиш,Kishmish,Майиз,2026-05,monthly,2026,57820.0
055,Karam,Капуста,Cabbage,Карам,2026-05,monthly,2026,3548.0
057,Bodring,Огурцы,Cucumbers,Бодринг,2026-05,monthly,2026,7296.0
058,Pomidor,Помидоры,Tomatoes,Помидор,2026-05,monthly,2026,12333.0
059,Baqlajon,Баклажаны,Eggplant,Бақлажон,2026-05,monthly,2026,15157.0
0060,Bulg'or qalampiri,Перец болгарский,Bell pepper,Булғор қалампири,2026-05,monthly,2026,13122.0
061,Qovoq,Тыква,Pumpkin,Қовоқ,2026-05,monthly,2026,11163.0
063,Sabzi,Морковь,Carrot,Сабзи,2026-05,monthly,2026,4124.0
065,Sarimsoq,Чеснок,Garlic,Саримсоқ,2026-05,monthly,2026,23540.0
066,Piyoz,Лук репчатый,Onion,Пиёз,2026-05,monthly,2026,1899.0
069,Kartoshka,Картофель,Potatoes,Картошка,2026-05,monthly,2026,6462.0
0070,Loviya,Фасоль,Beans,Ловия,2026-05,monthly,2026,22281.0
071,No'xot,Горох,Peas,Нўхот,2026-05,monthly,2026,23641.0
0072,Mosh,Маш,Mash,Мош,2026-05,monthly,2026,19956.0
073,Shakar,Сахар песок,Sugar,Шакар,2026-05,monthly,2026,13320.0
001,Guruch,Рис,Rice,Гуруч,2026-06,monthly,2026,15848.0
003,Arpa,Ячмень,Barley,Арпа,2026-06,monthly,2026,4416.0
0004,Bug'doy,Пшеница,Wheat,Буғдой,2026-06,monthly,2026,3966.0
005,Jo'hori,Кукуруза,Corn,Жўҳори,2026-06,monthly,2026,5041.0
006,Kepak,Отруби,Bran,Кепак,2026-06,monthly,2026,3600.0
0008,Shrot,Шрот,Schroth,Шрот,2026-06,monthly,2026,5547.0
009,Shulxa,Шелуха,Husk,Шулха,2026-06,monthly,2026,4805.0
010,Kombikorm,Комбикорм,Compound feed,Комбикорм,2026-06,monthly,2026,3661.0
011,Oliy navli bug'doy uni,Мука пшеничная высшего сорта,High-grade wheat flour,Олий навли буғдой уни,2026-06,monthly,2026,10214.0
0012,1-navli bug'doy uni,Мука пшеничная первого сорта,First grade wheat flour,1-навли буғдой уни,2026-06,monthly,2026,6844.0
013,1-nav bug'doy unidan non,Хлеб пшеничный из муки 1-го сорта,Wheat bread from 1st grade flour,1-нав буғдой унидан нон,2026-06,monthly,2026,7149.0
017,Mol go'shti,Говядина,Beef,Мол гўшти,2026-06,monthly,2026,125680.0
0020,Qo'y go'shti,Баранина,Mutton,Қўй гўшти,2026-06,monthly,2026,137326.0
022,Tovuq go'shti,Мясо птицы,Poultry,Товуқ гўшти,2026-06,monthly,2026,35485.0
026,Turli baliqlar,Рыба всякая,Fish of all kinds,Турли балиқлар,2026-06,monthly,2026,36599.0
027,Yangi sog'ilgan sut (1 litr),Молоко свежее (1 литр),Fresh milk (1 liter),Янги соғилган сут (1 литр),2026-06,monthly,2026,6809.0
034,Tuxum (10 dona),Яйца (10 штук),Eggs (10 pieces ),Тухум (10 дона),2026-06,monthly,2026,11529.0
035,Paxta yog'i (1 litr),Масло хлопковое (1 литр),Cottonseed oil (1 liter),Пахта ёғи (1 литр),2026-06,monthly,2026,19941.0
0036,Kungaboqar yog'i (1 litr),Масло подсолнечное (1 литр),Sunflower oil (1 liter),Кунгабоқар ёғи (1 литр),2026-06,monthly,2026,21382.0
037,Sariyog',Масло сливочное,Butter,Сариёғ,2026-06,monthly,2026,67077.0
039,Limon,Лимоны,Lemons,Лимон,2026-06,monthly,2026,56072.0
0040,Olma,Яблоки,Apples,Олма,2026-06,monthly,2026,16134.0
041,Nok,Груши,Pears,Нок,2026-06,monthly,2026,23147.0
049,Uzum,Виноград,Grape,Узум,2026-06,monthly,2026,17261.0
0050,Tarvuz,Арбуз,Watermelon,Тарвуз,2026-06,monthly,2026,3019.0
0051,Qovun,Дыня,Melon,Қовун,2026-06,monthly,2026,5289.0
053,Mayiz,Кишмиш,Kishmish,Майиз,2026-06,monthly,2026,57893.0
055,Karam,Капуста,Cabbage,Карам,2026-06,monthly,2026,3731.0
057,Bodring,Огурцы,Cucumbers,Бодринг,2026-06,monthly,2026,6029.0
058,Pomidor,Помидоры,Tomatoes,Помидор,2026-06,monthly,2026,6299.0
059,Baqlajon,Баклажаны,Eggplant,Бақлажон,2026-06,monthly,2026,5499.0
0060,Bulg'or qalampiri,Перец болгарский,Bell pepper,Булғор қалампири,2026-06,monthly,2026,5984.0
061,Qovoq,Тыква,Pumpkin,Қовоқ,2026-06,monthly,2026,9120.0
063,Sabzi,Морковь,Carrot,Сабзи,2026-06,monthly,2026,4514.0
065,Sarimsoq,Чеснок,Garlic,Саримсоқ,2026-06,monthly,2026,19027.0
066,Piyoz,Лук репчатый,Onion,Пиёз,2026-06,monthly,2026,1972.0
069,Kartoshka,Картофель,Potatoes,Картошка,2026-06,monthly,2026,5732.0
0070,Loviya,Фасоль,Beans,Ловия,2026-06,monthly,2026,21677.0
071,No'xot,Горох,Peas,Нўхот,2026-06,monthly,2026,23605.0
0072,Mosh,Маш,Mash,Мош,2026-06,monthly,2026,21242.0
073,Shakar,Сахар песок,Sugar,Шакар,2026-06,monthly,2026,13374.0
001,Guruch,Рис,Rice,Гуруч,2026-07,monthly,2026,16372.0
003,Arpa,Ячмень,Barley,Арпа,2026-07,monthly,2026,4438.0
0004,Bug'doy,Пшеница,Wheat,Буғдой,2026-07,monthly,2026,4065.0
005,Jo'hori,Кукуруза,Corn,Жўҳори,2026-07,monthly,2026,5011.0
006,Kepak,Отруби,Bran,Кепак,2026-07,monthly,2026,3625.0
0008,Shrot,Шрот,Schroth,Шрот,2026-07,monthly,2026,5566.0
009,Shulxa,Шелуха,Husk,Шулха,2026-07,monthly,2026,4883.0
010,Kombikorm,Комбикорм,Compound feed,Комбикорм,2026-07,monthly,2026,3699.0
011,Oliy navli bug'doy uni,Мука пшеничная высшего сорта,High-grade wheat flour,Олий навли буғдой уни,2026-07,monthly,2026,10224.0
0012,1-navli bug'doy uni,Мука пшеничная первого сорта,First grade wheat flour,1-навли буғдой уни,2026-07,monthly,2026,6851.0
013,1-nav bug'doy unidan non,Хлеб пшеничный из муки 1-го сорта,Wheat bread from 1st grade flour,1-нав буғдой унидан нон,2026-07,monthly,2026,7152.0
017,Mol go'shti,Говядина,Beef,Мол гўшти,2026-07,monthly,2026,125997.0
0020,Qo'y go'shti,Баранина,Mutton,Қўй гўшти,2026-07,monthly,2026,138334.0
022,Tovuq go'shti,Мясо птицы,Poultry,Товуқ гўшти,2026-07,monthly,2026,35818.0
026,Turli baliqlar,Рыба всякая,Fish of all kinds,Турли балиқлар,2026-07,monthly,2026,36595.0
027,Yangi sog'ilgan sut (1 litr),Молоко свежее (1 литр),Fresh milk (1 liter),Янги соғилган сут (1 литр),2026-07,monthly,2026,6792.0
034,Tuxum (10 dona),Яйца (10 штук),Eggs (10 pieces ),Тухум (10 дона),2026-07,monthly,2026,11145.0
035,Paxta yog'i (1 litr),Масло хлопковое (1 литр),Cottonseed oil (1 liter),Пахта ёғи (1 литр),2026-07,monthly,2026,20039.0
0036,Kungaboqar yog'i (1 litr),Масло подсолнечное (1 литр),Sunflower oil (1 liter),Кунгабоқар ёғи (1 литр),2026-07,monthly,2026,21411.0
037,Sariyog',Масло сливочное,Butter,Сариёғ,2026-07,monthly,2026,67207.0
039,Limon,Лимоны,Lemons,Лимон,2026-07,monthly,2026,57780.0
0040,Olma,Яблоки,Apples,Олма,2026-07,monthly,2026,15350.0
041,Nok,Груши,Pears,Нок,2026-07,monthly,2026,22493.0
049,Uzum,Виноград,Grape,Узум,2026-07,monthly,2026,12888.0
0050,Tarvuz,Арбуз,Watermelon,Тарвуз,2026-07,monthly,2026,2218.0
0051,Qovun,Дыня,Melon,Қовун,2026-07,monthly,2026,4836.0
053,Mayiz,Кишмиш,Kishmish,Майиз,2026-07,monthly,2026,57901.0
055,Karam,Капуста,Cabbage,Карам,2026-07,monthly,2026,4171.0
057,Bodring,Огурцы,Cucumbers,Бодринг,2026-07,monthly,2026,5994.0
058,Pomidor,Помидоры,Tomatoes,Помидор,2026-07,monthly,2026,4557.0
059,Baqlajon,Баклажаны,Eggplant,Бақлажон,2026-07,monthly,2026,4227.0
0060,Bulg'or qalampiri,Перец болгарский,Bell pepper,Булғор қалампири,2026-07,monthly,2026,5513.0
061,Qovoq,Тыква,Pumpkin,Қовоқ,2026-07,monthly,2026,7180.0
063,Sabzi,Морковь,Carrot,Сабзи,2026-07,monthly,2026,4761.0
065,Sarimsoq,Чеснок,Garlic,Саримсоқ,2026-07,monthly,2026,17360.0
066,Piyoz,Лук репчатый,Onion,Пиёз,2026-07,monthly,2026,2166.0
069,Kartoshka,Картофель,Potatoes,Картошка,2026-07,monthly,2026,4840.0
0070,Loviya,Фасоль,Beans,Ловия,2026-07,monthly,2026,21471.0
071,No'xot,Горох,Peas,Нўхот,2026-07,monthly,2026,23565.0
0072,Mosh,Маш,Mash,Мош,2026-07,monthly,2026,21769.0
073,Shakar,Сахар песок,Sugar,Шакар,2026-07,monthly,2026,13284.0
001,Guruch,Рис,Rice,Гуруч,2026-08,monthly,2026,16447.0
003,Arpa,Ячмень,Barley,Арпа,2026-08,monthly,2026,4487.0
0004,Bug'doy,Пшеница,Wheat,Буғдой,2026-08,monthly,2026,4151.0
005,Jo'hori,Кукуруза,Corn,Жўҳори,2026-08,monthly,2026,4862.0
006,Kepak,Отруби,Bran,Кепак,2026-08,monthly,2026,3630.0
0008,Shrot,Шрот,Schroth,Шрот,2026-08,monthly,2026,5615.0
009,Shulxa,Шелуха,Husk,Шулха,2026-08,monthly,2026,4907.0
010,Kombikorm,Комбикорм,Compound feed,Комбикорм,2026-08,monthly,2026,3723.0
011,Oliy navli bug'doy uni,Мука пшеничная высшего сорта,High-grade wheat flour,Олий навли буғдой уни,2026-08,monthly,2026,10201.0
0012,1-navli bug'doy uni,Мука пшеничная первого сорта,First grade wheat flour,1-навли буғдой уни,2026-08,monthly,2026,6828.0
013,1-nav bug'doy unidan non,Хлеб пшеничный из муки 1-го сорта,Wheat bread from 1st grade flour,1-нав буғдой унидан нон,2026-08,monthly,2026,7141.0
017,Mol go'shti,Говядина,Beef,Мол гўшти,2026-08,monthly,2026,125610.0
0020,Qo'y go'shti,Баранина,Mutton,Қўй гўшти,2026-08,monthly,2026,137184.0
022,Tovuq go'shti,Мясо птицы,Poultry,Товуқ гўшти,2026-08,monthly,2026,35699.0
026,Turli baliqlar,Рыба всякая,Fish of all kinds,Турли балиқлар,2026-08,monthly,2026,36943.0
027,Yangi sog'ilgan sut (1 litr),Молоко свежее (1 литр),Fresh milk (1 liter),Янги соғилган сут (1 литр),2026-08,monthly,2026,6832.0
034,Tuxum (10 dona),Яйца (10 штук),Eggs (10 pieces ),Тухум (10 дона),2026-08,monthly,2026,11419.0
035,Paxta yog'i (1 litr),Масло хлопковое (1 литр),Cottonseed oil (1 liter),Пахта ёғи (1 литр),2026-08,monthly,2026,20030.0
0036,Kungaboqar yog'i (1 litr),Масло подсолнечное (1 литр),Sunflower oil (1 liter),Кунгабоқар ёғи (1 литр),2026-08,monthly,2026,21338.0
037,Sariyog',Масло сливочное,Butter,Сариёғ,2026-08,monthly,2026,67207.0
039,Limon,Лимоны,Lemons,Лимон,2026-08,monthly,2026,57477.0
0040,Olma,Яблоки,Apples,Олма,2026-08,monthly,2026,14841.0
041,Nok,Груши,Pears,Нок,2026-08,monthly,2026,21987.0
049,Uzum,Виноград,Grape,Узум,2026-08,monthly,2026,12145.0
0050,Tarvuz,Арбуз,Watermelon,Тарвуз,2026-08,monthly,2026,2917.0
0051,Qovun,Дыня,Melon,Қовун,2026-08,monthly,2026,4676.0
053,Mayiz,Кишмиш,Kishmish,Майиз,2026-08,monthly,2026,58087.0
055,Karam,Капуста,Cabbage,Карам,2026-08,monthly,2026,4483.0
057,Bodring,Огурцы,Cucumbers,Бодринг,2026-08,monthly,2026,6403.0
058,Pomidor,Помидоры,Tomatoes,Помидор,2026-08,monthly,2026,5880.0
059,Baqlajon,Баклажаны,Eggplant,Бақлажон,2026-08,monthly,2026,4328.0
0060,Bulg'or qalampiri,Перец болгарский,Bell pepper,Булғор қалампири,2026-08,monthly,2026,5782.0
061,Qovoq,Тыква,Pumpkin,Қовоқ,2026-08,monthly,2026,5751.0
063,Sabzi,Морковь,Carrot,Сабзи,2026-08,monthly,2026,5480.0
065,Sarimsoq,Чеснок,Garlic,Саримсоқ,2026-08,monthly,2026,16087.0
066,Piyoz,Лук репчатый,Onion,Пиёз,2026-08,monthly,2026,2526.0
069,Kartoshka,Картофель,Potatoes,Картошка,2026-08,monthly,2026,4679.0
0070,Loviya,Фасоль,Beans,Ловия,2026-08,monthly,2026,21228.0
071,No'xot,Горох,Peas,Нўхот,2026-08,monthly,2026,23436.0
0072,Mosh,Маш,Mash,Мош,2026-08,monthly,2026,21507.0
073,Shakar,Сахар песок,Sugar,Шакар,2026-08,monthly,2026,13038.0
