code,name_uz,name_ru,name_en,name_uz_cyrillic,period,frequency,year,value
001,Guruch,Рис,Rice,Гуруч,2013-01,monthly,2013,2268.0
003,Arpa,Ячмень,Barley,Арпа,2013-01,monthly,2013,1004.0
0004,Bug'doy,Пшеница,Wheat,Буғдой,2013-01,monthly,2013,838.0
005,Jo'hori,Кукуруза,Corn,Жўҳори,2013-01,monthly,2013,830.0
006,Kepak,Отруби,Bran,Кепак,2013-01,monthly,2013,614.0
010,Kombikorm,Комбикорм,Compound feed,Комбикорм,2013-01,monthly,2013,564.0
017,Mol go'shti,Говядина,Beef,Мол гўшти,2013-01,monthly,2013,14751.0
0020,Qo'y go'shti,Баранина,Mutton,Қўй гўшти,2013-01,monthly,2013,16875.0
026,Turli baliqlar,Рыба всякая,Fish of all kinds,Турли балиқлар,2013-01,monthly,2013,9488.0
027,Yangi sog'ilgan sut (1 litr),Молоко свежее (1 литр),Fresh milk (1 liter),Янги соғилган сут (1 литр),2013-01,monthly,2013,1806.0
034,Tuxum (10 dona),Яйца (10 штук),Eggs (10 pieces ),Тухум (10 дона),2013-01,monthly,2013,3523.0
037,Sariyog',Масло сливочное,Butter,Сариёғ,2013-01,monthly,2013,14719.0
039,Limon,Лимоны,Lemons,Лимон,2013-01,monthly,2013,6644.0
0040,Olma,Яблоки,Apples,Олма,2013-01,monthly,2013,1937.0
041,Nok,Груши,Pears,Нок,2013-01,monthly,2013,5517.0
049,Uzum,Виноград,Grape,Узум,2013-01,monthly,2013,6222.0
0050,Tarvuz,Арбуз,Watermelon,Тарвуз,2013-01,monthly,2013,1742.0
0051,Qovun,Дыня,Melon,Қовун,2013-01,monthly,2013,1896.0
053,Mayiz,Кишмиш,Kishmish,Майиз,2013-01,monthly,2013,7367.0
055,Karam,Капуста,Cabbage,Карам,2013-01,monthly,2013,785.0
057,Bodring,Огурцы,Cucumbers,Бодринг,2013-01,monthly,2013,6217.0
058,Pomidor,Помидоры,Tomatoes,Помидор,2013-01,monthly,2013,3939.0
061,Qovoq,Тыква,Pumpkin,Қовоқ,2013-01,monthly,2013,1057.0
063,Sabzi,Морковь,Carrot,Сабзи,2013-01,monthly,2013,424.0
065,Sarimsoq,Чеснок,Garlic,Саримсоқ,2013-01,monthly,2013,3456.0
066,Piyoz,Лук репчатый,Onion,Пиёз,2013-01,monthly,2013,620.0
069,Kartoshka,Картофель,Potatoes,Картошка,2013-01,monthly,2013,1839.0
001,Guruch,Рис,Rice,Гуруч,2013-02,monthly,2013,2159.0
003,Arpa,Ячмень,Barley,Арпа,2013-02,monthly,2013,1038.0
0004,Bug'doy,Пшеница,Wheat,Буғдой,2013-02,monthly,2013,899.0
005,Jo'hori,Кукуруза,Corn,Жўҳори,2013-02,monthly,2013,926.0
006,Kepak,Отруби,Bran,Кепак,2013-02,monthly,2013,614.0
010,Kombikorm,Комбикорм,Compound feed,Комбикорм,2013-02,monthly,2013,564.0
017,Mol go'shti,Говядина,Beef,Мол гўшти,2013-02,monthly,2013,15283.0
0020,Qo'y go'shti,Баранина,Mutton,Қўй гўшти,2013-02,monthly,2013,17167.0
026,Turli baliqlar,Рыба всякая,Fish of all kinds,Турли балиқлар,2013-02,monthly,2013,9750.0
027,Yangi sog'ilgan sut (1 litr),Молоко свежее (1 литр),Fresh milk (1 liter),Янги соғилган сут (1 литр),2013-02,monthly,2013,1806.0
034,Tuxum (10 dona),Яйца (10 штук),Eggs (10 pieces ),Тухум (10 дона),2013-02,monthly,2013,3305.0
037,Sariyog',Масло сливочное,Butter,Сариёғ,2013-02,monthly,2013,14719.0
039,Limon,Лимоны,Lemons,Лимон,2013-02,monthly,2013,7556.0
0040,Olma,Яблоки,Apples,Олма,2013-02,monthly,2013,2176.0
041,Nok,Груши,Pears,Нок,2013-02,monthly,2013,5883.0
049,Uzum,Виноград,Grape,Узум,2013-02,monthly,2013,6889.0
053,Mayiz,Кишмиш,Kishmish,Майиз,2013-02,monthly,2013,7717.0
055,Karam,Капуста,Cabbage,Карам,2013-02,monthly,2013,615.0
057,Bodring,Огурцы,Cucumbers,Бодринг,2013-02,monthly,2013,7289.0
058,Pomidor,Помидоры,Tomatoes,Помидор,2013-02,monthly,2013,4617.0
061,Qovoq,Тыква,Pumpkin,Қовоқ,2013-02,monthly,2013,895.0
063,Sabzi,Морковь,Carrot,Сабзи,2013-02,monthly,2013,402.0
065,Sarimsoq,Чеснок,Garlic,Саримсоқ,2013-02,monthly,2013,3507.0
066,Piyoz,Лук репчатый,Onion,Пиёз,2013-02,monthly,2013,495.0
069,Kartoshka,Картофель,Potatoes,Картошка,2013-02,monthly,2013,1790.0
001,Guruch,Рис,Rice,Гуруч,2013-03,monthly,2013,2104.0
003,Arpa,Ячмень,Barley,Арпа,2013-03,monthly,2013,988.0
0004,Bug'doy,Пшеница,Wheat,Буғдой,2013-03,monthly,2013,809.0
005,Jo'hori,Кукуруза,Corn,Жўҳори,2013-03,monthly,2013,915.0
006,Kepak,Отруби,Bran,Кепак,2013-03,monthly,2013,614.0
010,Kombikorm,Комбикорм,Compound feed,Комбикорм,2013-03,monthly,2013,564.0
017,Mol go'shti,Говядина,Beef,Мол гўшти,2013-03,monthly,2013,15553.0
0020,Qo'y go'shti,Баранина,Mutton,Қўй гўшти,2013-03,monthly,2013,17430.0
026,Turli baliqlar,Рыба всякая,Fish of all kinds,Турли балиқлар,2013-03,monthly,2013,9750.0
027,Yangi sog'ilgan sut (1 litr),Молоко свежее (1 литр),Fresh milk (1 liter),Янги соғилган сут (1 литр),2013-03,monthly,2013,1806.0
034,Tuxum (10 dona),Яйца (10 штук),Eggs (10 pieces ),Тухум (10 дона),2013-03,monthly,2013,3188.0
037,Sariyog',Масло сливочное,Butter,Сариёғ,2013-03,monthly,2013,14719.0
039,Limon,Лимоны,Lemons,Лимон,2013-03,monthly,2013,8311.0
0040,Olma,Яблоки,Apples,Олма,2013-03,monthly,2013,2494.0
041,Nok,Груши,Pears,Нок,2013-03,monthly,2013,6433.0
053,Mayiz,Кишмиш,Kishmish,Майиз,2013-03,monthly,2013,8050.0
055,Karam,Капуста,Cabbage,Карам,2013-03,monthly,2013,547.0
057,Bodring,Огурцы,Cucumbers,Бодринг,2013-03,monthly,2013,8667.0
058,Pomidor,Помидоры,Tomatoes,Помидор,2013-03,monthly,2013,7600.0
061,Qovoq,Тыква,Pumpkin,Қовоқ,2013-03,monthly,2013,868.0
063,Sabzi,Морковь,Carrot,Сабзи,2013-03,monthly,2013,400.0
065,Sarimsoq,Чеснок,Garlic,Саримсоқ,2013-03,monthly,2013,3387.0
066,Piyoz,Лук репчатый,Onion,Пиёз,2013-03,monthly,2013,423.0
069,Kartoshka,Картофель,Potatoes,Картошка,2013-03,monthly,2013,1691.0
001,Guruch,Рис,Rice,Гуруч,2013-04,monthly,2013,2133.0
003,Arpa,Ячмень,Barley,Арпа,2013-04,monthly,2013,969.0
0004,Bug'doy,Пшеница,Wheat,Буғдой,2013-04,monthly,2013,822.0
005,Jo'hori,Кукуруза,Corn,Жўҳори,2013-04,monthly,2013,885.0
006,Kepak,Отруби,Bran,Кепак,2013-04,monthly,2013,614.0
010,Kombikorm,Комбикорм,Compound feed,Комбикорм,2013-04,monthly,2013,564.0
017,Mol go'shti,Говядина,Beef,Мол гўшти,2013-04,monthly,2013,15553.0
0020,Qo'y go'shti,Баранина,Mutton,Қўй гўшти,2013-04,monthly,2013,17520.0
026,Turli baliqlar,Рыба всякая,Fish of all kinds,Турли балиқлар,2013-04,monthly,2013,9750.0
027,Yangi sog'ilgan sut (1 litr),Молоко свежее (1 литр),Fresh milk (1 liter),Янги соғилган сут (1 литр),2013-04,monthly,2013,1615.0
034,Tuxum (10 dona),Яйца (10 штук),Eggs (10 pieces ),Тухум (10 дона),2013-04,monthly,2013,3088.0
037,Sariyog',Масло сливочное,Butter,Сариёғ,2013-04,monthly,2013,14719.0
039,Limon,Лимоны,Lemons,Лимон,2013-04,monthly,2013,9067.0
0040,Olma,Яблоки,Apples,Олма,2013-04,monthly,2013,2981.0
041,Nok,Груши,Pears,Нок,2013-04,monthly,2013,7117.0
053,Mayiz,Кишмиш,Kishmish,Майиз,2013-04,monthly,2013,8417.0
055,Karam,Капуста,Cabbage,Карам,2013-04,monthly,2013,1126.0
057,Bodring,Огурцы,Cucumbers,Бодринг,2013-04,monthly,2013,3811.0
058,Pomidor,Помидоры,Tomatoes,Помидор,2013-04,monthly,2013,6278.0
0060,Bulg'or qalampiri,Перец болгарский,Bell pepper,Булғор қалампири,2013-04,monthly,2013,13542.0
063,Sabzi,Морковь,Carrot,Сабзи,2013-04,monthly,2013,400.0
065,Sarimsoq,Чеснок,Garlic,Саримсоқ,2013-04,monthly,2013,3070.0
066,Piyoz,Лук репчатый,Onion,Пиёз,2013-04,monthly,2013,375.0
069,Kartoshka,Картофель,Potatoes,Картошка,2013-04,monthly,2013,1662.0
001,Guruch,Рис,Rice,Гуруч,2013-05,monthly,2013,2219.0
003,Arpa,Ячмень,Barley,Арпа,2013-05,monthly,2013,954.0
0004,Bug'doy,Пшеница,Wheat,Буғдой,2013-05,monthly,2013,839.0
005,Jo'hori,Кукуруза,Corn,Жўҳори,2013-05,monthly,2013,861.0
006,Kepak,Отруби,Bran,Кепак,2013-05,monthly,2013,608.0
010,Kombikorm,Комбикорм,Compound feed,Комбикорм,2013-05,monthly,2013,591.0
017,Mol go'shti,Говядина,Beef,Мол гўшти,2013-05,monthly,2013,15670.0
0020,Qo'y go'shti,Баранина,Mutton,Қўй гўшти,2013-05,monthly,2013,17770.0
026,Turli baliqlar,Рыба всякая,Fish of all kinds,Турли балиқлар,2013-05,monthly,2013,9417.0
027,Yangi sog'ilgan sut (1 litr),Молоко свежее (1 литр),Fresh milk (1 liter),Янги соғилган сут (1 литр),2013-05,monthly,2013,1481.0
034,Tuxum (10 dona),Яйца (10 штук),Eggs (10 pieces ),Тухум (10 дона),2013-05,monthly,2013,2970.0
037,Sariyog',Масло сливочное,Butter,Сариёғ,2013-05,monthly,2013,14888.0
039,Limon,Лимоны,Lemons,Лимон,2013-05,monthly,2013,10200.0
0040,Olma,Яблоки,Apples,Олма,2013-05,monthly,2013,4561.0
041,Nok,Груши,Pears,Нок,2013-05,monthly,2013,7400.0
053,Mayiz,Кишмиш,Kishmish,Майиз,2013-05,monthly,2013,8750.0
055,Karam,Капуста,Cabbage,Карам,2013-05,monthly,2013,947.0
057,Bodring,Огурцы,Cucumbers,Бодринг,2013-05,monthly,2013,2069.0
058,Pomidor,Помидоры,Tomatoes,Помидор,2013-05,monthly,2013,4120.0
0060,Bulg'or qalampiri,Перец болгарский,Bell pepper,Булғор қалампири,2013-05,monthly,2013,6433.0
063,Sabzi,Морковь,Carrot,Сабзи,2013-05,monthly,2013,1036.0
065,Sarimsoq,Чеснок,Garlic,Саримсоқ,2013-05,monthly,2013,3050.0
066,Piyoz,Лук репчатый,Onion,Пиёз,2013-05,monthly,2013,807.0
069,Kartoshka,Картофель,Potatoes,Картошка,2013-05,monthly,2013,1552.0
001,Guruch,Рис,Rice,Гуруч,2013-06,monthly,2013,2321.0
003,Arpa,Ячмень,Barley,Арпа,2013-06,monthly,2013,960.0
0004,Bug'doy,Пшеница,Wheat,Буғдой,2013-06,monthly,2013,859.0
005,Jo'hori,Кукуруза,Corn,Жўҳори,2013-06,monthly,2013,896.0
006,Kepak,Отруби,Bran,Кепак,2013-06,monthly,2013,621.0
010,Kombikorm,Комбикорм,Compound feed,Комбикорм,2013-06,monthly,2013,615.0
017,Mol go'shti,Говядина,Beef,Мол гўшти,2013-06,monthly,2013,15887.0
0020,Qo'y go'shti,Баранина,Mutton,Қўй гўшти,2013-06,monthly,2013,17918.0
026,Turli baliqlar,Рыба всякая,Fish of all kinds,Турли балиқлар,2013-06,monthly,2013,9817.0
027,Yangi sog'ilgan sut (1 litr),Молоко свежее (1 литр),Fresh milk (1 liter),Янги соғилган сут (1 литр),2013-06,monthly,2013,1363.0
034,Tuxum (10 dona),Яйца (10 штук),Eggs (10 pieces ),Тухум (10 дона),2013-06,monthly,2013,2795.0
037,Sariyog',Масло сливочное,Butter,Сариёғ,2013-06,monthly,2013,14838.0
039,Limon,Лимоны,Lemons,Лимон,2013-06,monthly,2013,11944.0
0040,Olma,Яблоки,Apples,Олма,2013-06,monthly,2013,2752.0
041,Nok,Груши,Pears,Нок,2013-06,monthly,2013,7533.0
049,Uzum,Виноград,Grape,Узум,2013-06,monthly,2013,3500.0
0050,Tarvuz,Арбуз,Watermelon,Тарвуз,2013-06,monthly,2013,2272.0
0051,Qovun,Дыня,Melon,Қовун,2013-06,monthly,2013,2208.0
053,Mayiz,Кишмиш,Kishmish,Майиз,2013-06,monthly,2013,9098.0
055,Karam,Капуста,Cabbage,Карам,2013-06,monthly,2013,1574.0
057,Bodring,Огурцы,Cucumbers,Бодринг,2013-06,monthly,2013,1384.0
058,Pomidor,Помидоры,Tomatoes,Помидор,2013-06,monthly,2013,2528.0
059,Baqlajon,Баклажаны,Eggplant,Бақлажон,2013-06,monthly,2013,1667.0
0060,Bulg'or qalampiri,Перец болгарский,Bell pepper,Булғор қалампири,2013-06,monthly,2013,2630.0
063,Sabzi,Морковь,Carrot,Сабзи,2013-06,monthly,2013,878.0
065,Sarimsoq,Чеснок,Garlic,Саримсоқ,2013-06,monthly,2013,2452.0
066,Piyoz,Лук репчатый,Onion,Пиёз,2013-06,monthly,2013,800.0
069,Kartoshka,Картофель,Potatoes,Картошка,2013-06,monthly,2013,1000.0
001,Guruch,Рис,Rice,Гуруч,2013-07,monthly,2013,2332.0
003,Arpa,Ячмень,Barley,Арпа,2013-07,monthly,2013,773.0
0004,Bug'doy,Пшеница,Wheat,Буғдой,2013-07,monthly,2013,652.0
005,Jo'hori,Кукуруза,Corn,Жўҳори,2013-07,monthly,2013,859.0
006,Kepak,Отруби,Bran,Кепак,2013-07,monthly,2013,569.0
010,Kombikorm,Комбикорм,Compound feed,Комбикорм,2013-07,monthly,2013,578.0
017,Mol go'shti,Говядина,Beef,Мол гўшти,2013-07,monthly,2013,15967.0
0020,Qo'y go'shti,Баранина,Mutton,Қўй гўшти,2013-07,monthly,2013,17933.0
026,Turli baliqlar,Рыба всякая,Fish of all kinds,Турли балиқлар,2013-07,monthly,2013,8750.0
027,Yangi sog'ilgan sut (1 litr),Молоко свежее (1 литр),Fresh milk (1 liter),Янги соғилган сут (1 литр),2013-07,monthly,2013,1447.0
034,Tuxum (10 dona),Яйца (10 штук),Eggs (10 pieces ),Тухум (10 дона),2013-07,monthly,2013,3055.0
037,Sariyog',Масло сливочное,Butter,Сариёғ,2013-07,monthly,2013,13643.0
039,Limon,Лимоны,Lemons,Лимон,2013-07,monthly,2013,14667.0
0040,Olma,Яблоки,Apples,Олма,2013-07,monthly,2013,2263.0
041,Nok,Груши,Pears,Нок,2013-07,monthly,2013,6111.0
049,Uzum,Виноград,Grape,Узум,2013-07,monthly,2013,2441.0
0050,Tarvuz,Арбуз,Watermelon,Тарвуз,2013-07,monthly,2013,1050.0
0051,Qovun,Дыня,Melon,Қовун,2013-07,monthly,2013,1276.0
053,Mayiz,Кишмиш,Kishmish,Майиз,2013-07,monthly,2013,9293.0
055,Karam,Капуста,Cabbage,Карам,2013-07,monthly,2013,1100.0
057,Bodring,Огурцы,Cucumbers,Бодринг,2013-07,monthly,2013,1125.0
058,Pomidor,Помидоры,Tomatoes,Помидор,2013-07,monthly,2013,1157.0
059,Baqlajon,Баклажаны,Eggplant,Бақлажон,2013-07,monthly,2013,833.0
0060,Bulg'or qalampiri,Перец болгарский,Bell pepper,Булғор қалампири,2013-07,monthly,2013,1260.0
063,Sabzi,Морковь,Carrot,Сабзи,2013-07,monthly,2013,962.0
065,Sarimsoq,Чеснок,Garlic,Саримсоқ,2013-07,monthly,2013,1923.0
066,Piyoz,Лук репчатый,Onion,Пиёз,2013-07,monthly,2013,615.0
069,Kartoshka,Картофель,Potatoes,Картошка,2013-07,monthly,2013,848.0
001,Guruch,Рис,Rice,Гуруч,2013-08,monthly,2013,2472.0
003,Arpa,Ячмень,Barley,Арпа,2013-08,monthly,2013,791.0
0004,Bug'doy,Пшеница,Wheat,Буғдой,2013-08,monthly,2013,634.0
005,Jo'hori,Кукуруза,Corn,Жўҳори,2013-08,monthly,2013,910.0
006,Kepak,Отруби,Bran,Кепак,2013-08,monthly,2013,550.0
010,Kombikorm,Комбикорм,Compound feed,Комбикорм,2013-08,monthly,2013,578.0
017,Mol go'shti,Говядина,Beef,Мол гўшти,2013-08,monthly,2013,16860.0
0020,Qo'y go'shti,Баранина,Mutton,Қўй гўшти,2013-08,monthly,2013,18704.0
026,Turli baliqlar,Рыба всякая,Fish of all kinds,Турли балиқлар,2013-08,monthly,2013,9422.0
027,Yangi sog'ilgan sut (1 litr),Молоко свежее (1 литр),Fresh milk (1 liter),Янги соғилган сут (1 литр),2013-08,monthly,2013,1440.0
034,Tuxum (10 dona),Яйца (10 штук),Eggs (10 pieces ),Тухум (10 дона),2013-08,monthly,2013,3200.0
037,Sariyog',Масло сливочное,Butter,Сариёғ,2013-08,monthly,2013,13786.0
039,Limon,Лимоны,Lemons,Лимон,2013-08,monthly,2013,15667.0
0040,Olma,Яблоки,Apples,Олма,2013-08,monthly,2013,2305.0
041,Nok,Груши,Pears,Нок,2013-08,monthly,2013,4275.0
049,Uzum,Виноград,Grape,Узум,2013-08,monthly,2013,2013.0
0050,Tarvuz,Арбуз,Watermelon,Тарвуз,2013-08,monthly,2013,730.0
0051,Qovun,Дыня,Melon,Қовун,2013-08,monthly,2013,960.0
053,Mayiz,Кишмиш,Kishmish,Майиз,2013-08,monthly,2013,8978.0
055,Karam,Капуста,Cabbage,Карам,2013-08,monthly,2013,950.0
057,Bodring,Огурцы,Cucumbers,Бодринг,2013-08,monthly,2013,977.0
058,Pomidor,Помидоры,Tomatoes,Помидор,2013-08,monthly,2013,1098.0
059,Baqlajon,Баклажаны,Eggplant,Бақлажон,2013-08,monthly,2013,498.0
0060,Bulg'or qalampiri,Перец болгарский,Bell pepper,Булғор қалампири,2013-08,monthly,2013,664.0
063,Sabzi,Морковь,Carrot,Сабзи,2013-08,monthly,2013,960.0
065,Sarimsoq,Чеснок,Garlic,Саримсоқ,2013-08,monthly,2013,1811.0
066,Piyoz,Лук репчатый,Onion,Пиёз,2013-08,monthly,2013,588.0
069,Kartoshka,Картофель,Potatoes,Картошка,2013-08,monthly,2013,905.0
001,Guruch,Рис,Rice,Гуруч,2013-09,monthly,2013,2558.0
003,Arpa,Ячмень,Barley,Арпа,2013-09,monthly,2013,820.0
0004,Bug'doy,Пшеница,Wheat,Буғдой,2013-09,monthly,2013,666.0
005,Jo'hori,Кукуруза,Corn,Жўҳори,2013-09,monthly,2013,903.0
006,Kepak,Отруби,Bran,Кепак,2013-09,monthly,2013,557.0
010,Kombikorm,Комбикорм,Compound feed,Комбикорм,2013-09,monthly,2013,578.0
017,Mol go'shti,Говядина,Beef,Мол гўшти,2013-09,monthly,2013,16940.0
0020,Qo'y go'shti,Баранина,Mutton,Қўй гўшти,2013-09,monthly,2013,18796.0
026,Turli baliqlar,Рыба всякая,Fish of all kinds,Турли балиқлар,2013-09,monthly,2013,9483.0
027,Yangi sog'ilgan sut (1 litr),Молоко свежее (1 литр),Fresh milk (1 liter),Янги соғилган сут (1 литр),2013-09,monthly,2013,1440.0
034,Tuxum (10 dona),Яйца (10 штук),Eggs (10 pieces ),Тухум (10 дона),2013-09,monthly,2013,3463.0
037,Sariyog',Масло сливочное,Butter,Сариёғ,2013-09,monthly,2013,13881.0
039,Limon,Лимоны,Lemons,Лимон,2013-09,monthly,2013,14944.0
0040,Olma,Яблоки,Apples,Олма,2013-09,monthly,2013,2233.0
041,Nok,Груши,Pears,Нок,2013-09,monthly,2013,3908.0
049,Uzum,Виноград,Grape,Узум,2013-09,monthly,2013,1673.0
0050,Tarvuz,Арбуз,Watermelon,Тарвуз,2013-09,monthly,2013,521.0
0051,Qovun,Дыня,Melon,Қовун,2013-09,monthly,2013,744.0
053,Mayiz,Кишмиш,Kishmish,Майиз,2013-09,monthly,2013,9083.0
055,Karam,Капуста,Cabbage,Карам,2013-09,monthly,2013,1130.0
057,Bodring,Огурцы,Cucumbers,Бодринг,2013-09,monthly,2013,1038.0
058,Pomidor,Помидоры,Tomatoes,Помидор,2013-09,monthly,2013,1102.0
059,Baqlajon,Баклажаны,Eggplant,Бақлажон,2013-09,monthly,2013,578.0
0060,Bulg'or qalampiri,Перец болгарский,Bell pepper,Булғор қалампири,2013-09,monthly,2013,622.0
061,Qovoq,Тыква,Pumpkin,Қовоқ,2013-09,monthly,2013,1417.0
063,Sabzi,Морковь,Carrot,Сабзи,2013-09,monthly,2013,929.0
065,Sarimsoq,Чеснок,Garlic,Саримсоқ,2013-09,monthly,2013,1688.0
066,Piyoz,Лук репчатый,Onion,Пиёз,2013-09,monthly,2013,555.0
069,Kartoshka,Картофель,Potatoes,Картошка,2013-09,monthly,2013,971.0
001,Guruch,Рис,Rice,Гуруч,2013-10,monthly,2013,2560.0
003,Arpa,Ячмень,Barley,Арпа,2013-10,monthly,2013,836.0
0004,Bug'doy,Пшеница,Wheat,Буғдой,2013-10,monthly,2013,749.0
005,Jo'hori,Кукуруза,Corn,Жўҳори,2013-10,monthly,2013,819.0
006,Kepak,Отруби,Bran,Кепак,2013-10,monthly,2013,559.0
010,Kombikorm,Комбикорм,Compound feed,Комбикорм,2013-10,monthly,2013,579.0
017,Mol go'shti,Говядина,Beef,Мол гўшти,2013-10,monthly,2013,17442.0
0020,Qo'y go'shti,Баранина,Mutton,Қўй гўшти,2013-10,monthly,2013,19333.0
026,Turli baliqlar,Рыба всякая,Fish of all kinds,Турли балиқлар,2013-10,monthly,2013,9783.0
027,Yangi sog'ilgan sut (1 litr),Молоко свежее (1 литр),Fresh milk (1 liter),Янги соғилган сут (1 литр),2013-10,monthly,2013,1507.0
034,Tuxum (10 dona),Яйца (10 штук),Eggs (10 pieces ),Тухум (10 дона),2013-10,monthly,2013,3905.0
037,Sariyog',Масло сливочное,Butter,Сариёғ,2013-10,monthly,2013,13929.0
039,Limon,Лимоны,Lemons,Лимон,2013-10,monthly,2013,12611.0
0040,Olma,Яблоки,Apples,Олма,2013-10,monthly,2013,2378.0
041,Nok,Груши,Pears,Нок,2013-10,monthly,2013,3989.0
049,Uzum,Виноград,Grape,Узум,2013-10,monthly,2013,2062.0
0050,Tarvuz,Арбуз,Watermelon,Тарвуз,2013-10,monthly,2013,595.0
0051,Qovun,Дыня,Melon,Қовун,2013-10,monthly,2013,753.0
053,Mayiz,Кишмиш,Kishmish,Майиз,2013-10,monthly,2013,9197.0
055,Karam,Капуста,Cabbage,Карам,2013-10,monthly,2013,1030.0
057,Bodring,Огурцы,Cucumbers,Бодринг,2013-10,monthly,2013,1695.0
058,Pomidor,Помидоры,Tomatoes,Помидор,2013-10,monthly,2013,1388.0
059,Baqlajon,Баклажаны,Eggplant,Бақлажон,2013-10,monthly,2013,906.0
0060,Bulg'or qalampiri,Перец болгарский,Bell pepper,Булғор қалампири,2013-10,monthly,2013,929.0
061,Qovoq,Тыква,Pumpkin,Қовоқ,2013-10,monthly,2013,741.0
063,Sabzi,Морковь,Carrot,Сабзи,2013-10,monthly,2013,885.0
065,Sarimsoq,Чеснок,Garlic,Саримсоқ,2013-10,monthly,2013,1993.0
066,Piyoz,Лук репчатый,Onion,Пиёз,2013-10,monthly,2013,530.0
069,Kartoshka,Картофель,Potatoes,Картошка,2013-10,monthly,2013,1239.0
001,Guruch,Рис,Rice,Гуруч,2013-11,monthly,2013,2477.0
003,Arpa,Ячмень,Barley,Арпа,2013-11,monthly,2013,855.0
0004,Bug'doy,Пшеница,Wheat,Буғдой,2013-11,monthly,2013,795.0
005,Jo'hori,Кукуруза,Corn,Жўҳори,2013-11,monthly,2013,829.0
006,Kepak,Отруби,Bran,Кепак,2013-11,monthly,2013,564.0
010,Kombikorm,Комбикорм,Compound feed,Комбикорм,2013-11,monthly,2013,584.0
017,Mol go'shti,Говядина,Beef,Мол гўшти,2013-11,monthly,2013,18107.0
0020,Qo'y go'shti,Баранина,Mutton,Қўй гўшти,2013-11,monthly,2013,19770.0
026,Turli baliqlar,Рыба всякая,Fish of all kinds,Турли балиқлар,2013-11,monthly,2013,9599.0
027,Yangi sog'ilgan sut (1 litr),Молоко свежее (1 литр),Fresh milk (1 liter),Янги соғилган сут (1 литр),2013-11,monthly,2013,1510.0
034,Tuxum (10 dona),Яйца (10 штук),Eggs (10 pieces ),Тухум (10 дона),2013-11,monthly,2013,3997.0
037,Sariyog',Масло сливочное,Butter,Сариёғ,2013-11,monthly,2013,14024.0
039,Limon,Лимоны,Lemons,Лимон,2013-11,monthly,2013,8556.0
0040,Olma,Яблоки,Apples,Олма,2013-11,monthly,2013,2512.0
041,Nok,Груши,Pears,Нок,2013-11,monthly,2013,4633.0
049,Uzum,Виноград,Grape,Узум,2013-11,monthly,2013,3073.0
0050,Tarvuz,Арбуз,Watermelon,Тарвуз,2013-11,monthly,2013,684.0
0051,Qovun,Дыня,Melon,Қовун,2013-11,monthly,2013,811.0
053,Mayiz,Кишмиш,Kishmish,Майиз,2013-11,monthly,2013,9278.0
055,Karam,Капуста,Cabbage,Карам,2013-11,monthly,2013,642.0
057,Bodring,Огурцы,Cucumbers,Бодринг,2013-11,monthly,2013,2770.0
058,Pomidor,Помидоры,Tomatoes,Помидор,2013-11,monthly,2013,1833.0
059,Baqlajon,Баклажаны,Eggplant,Бақлажон,2013-11,monthly,2013,1400.0
0060,Bulg'or qalampiri,Перец болгарский,Bell pepper,Булғор қалампири,2013-11,monthly,2013,1550.0
061,Qovoq,Тыква,Pumpkin,Қовоқ,2013-11,monthly,2013,637.0
063,Sabzi,Морковь,Carrot,Сабзи,2013-11,monthly,2013,714.0
065,Sarimsoq,Чеснок,Garlic,Саримсоқ,2013-11,monthly,2013,2023.0
066,Piyoz,Лук репчатый,Onion,Пиёз,2013-11,monthly,2013,496.0
069,Kartoshka,Картофель,Potatoes,Картошка,2013-11,monthly,2013,1320.0
001,Guruch,Рис,Rice,Гуруч,2013-12,monthly,2013,2554.0
003,Arpa,Ячмень,Barley,Арпа,2013-12,monthly,2013,866.0
0004,Bug'doy,Пшеница,Wheat,Буғдой,2013-12,monthly,2013,814.0
005,Jo'hori,Кукуруза,Corn,Жўҳори,2013-12,monthly,2013,859.0
006,Kepak,Отруби,Bran,Кепак,2013-12,monthly,2013,574.0
010,Kombikorm,Комбикорм,Compound feed,Комбикорм,2013-12,monthly,2013,595.0
017,Mol go'shti,Говядина,Beef,Мол гўшти,2013-12,monthly,2013,18397.0
0020,Qo'y go'shti,Баранина,Mutton,Қўй гўшти,2013-12,monthly,2013,19970.0
026,Turli baliqlar,Рыба всякая,Fish of all kinds,Турли балиқлар,2013-12,monthly,2013,8861.0
027,Yangi sog'ilgan sut (1 litr),Молоко свежее (1 литр),Fresh milk (1 liter),Янги соғилган сут (1 литр),2013-12,monthly,2013,1533.0
034,Tuxum (10 dona),Яйца (10 штук),Eggs (10 pieces ),Тухум (10 дона),2013-12,monthly,2013,4063.0
037,Sariyog',Масло сливочное,Butter,Сариёғ,2013-12,monthly,2013,14562.0
039,Limon,Лимоны,Lemons,Лимон,2013-12,monthly,2013,6556.0
0040,Olma,Яблоки,Apples,Олма,2013-12,monthly,2013,2735.0
041,Nok,Груши,Pears,Нок,2013-12,monthly,2013,5417.0
049,Uzum,Виноград,Grape,Узум,2013-12,monthly,2013,3973.0
0050,Tarvuz,Арбуз,Watermelon,Тарвуз,2013-12,monthly,2013,854.0
0051,Qovun,Дыня,Melon,Қовун,2013-12,monthly,2013,1107.0
053,Mayiz,Кишмиш,Kishmish,Майиз,2013-12,monthly,2013,9528.0
055,Karam,Капуста,Cabbage,Карам,2013-12,monthly,2013,516.0
057,Bodring,Огурцы,Cucumbers,Бодринг,2013-12,monthly,2013,3473.0
058,Pomidor,Помидоры,Tomatoes,Помидор,2013-12,monthly,2013,2083.0
059,Baqlajon,Баклажаны,Eggplant,Бақлажон,2013-12,monthly,2013,1619.0
0060,Bulg'or qalampiri,Перец болгарский,Bell pepper,Булғор қалампири,2013-12,monthly,2013,2188.0
061,Qovoq,Тыква,Pumpkin,Қовоқ,2013-12,monthly,2013,728.0
063,Sabzi,Морковь,Carrot,Сабзи,2013-12,monthly,2013,545.0
065,Sarimsoq,Чеснок,Garlic,Саримсоқ,2013-12,monthly,2013,2193.0
066,Piyoz,Лук репчатый,Onion,Пиёз,2013-12,monthly,2013,494.0
069,Kartoshka,Картофель,Potatoes,Картошка,2013-12,monthly,2013,1347.0
001,Guruch,Рис,Rice,Гуруч,2014-01,monthly,2014,2600.0
003,Arpa,Ячмень,Barley,Арпа,2014-01,monthly,2014,879.0
0004,Bug'doy,Пшеница,Wheat,Буғдой,2014-01,monthly,2014,830.0
005,Jo'hori,Кукуруза,Corn,Жўҳори,2014-01,monthly,2014,889.0
006,Kepak,Отруби,Bran,Кепак,2014-01,monthly,2014,594.0
010,Kombikorm,Комбикорм,Compound feed,Комбикорм,2014-01,monthly,2014,611.0
017,Mol go'shti,Говядина,Beef,Мол гўшти,2014-01,monthly,2014,18653.0
0020,Qo'y go'shti,Баранина,Mutton,Қўй гўшти,2014-01,monthly,2014,20367.0
026,Turli baliqlar,Рыба всякая,Fish of all kinds,Турли балиқлар,2014-01,monthly,2014,8647.0
027,Yangi sog'ilgan sut (1 litr),Молоко свежее (1 литр),Fresh milk (1 liter),Янги соғилган сут (1 литр),2014-01,monthly,2014,1620.0
034,Tuxum (10 dona),Яйца (10 штук),Eggs (10 pieces ),Тухум (10 дона),2014-01,monthly,2014,4120.0
037,Sariyog',Масло сливочное,Butter,Сариёғ,2014-01,monthly,2014,14847.0
039,Limon,Лимоны,Lemons,Лимон,2014-01,monthly,2014,7500.0
0040,Olma,Яблоки,Apples,Олма,2014-01,monthly,2014,3212.0
041,Nok,Груши,Pears,Нок,2014-01,monthly,2014,5692.0
049,Uzum,Виноград,Grape,Узум,2014-01,monthly,2014,5283.0
0050,Tarvuz,Арбуз,Watermelon,Тарвуз,2014-01,monthly,2014,1217.0
0051,Qovun,Дыня,Melon,Қовун,2014-01,monthly,2014,1275.0
053,Mayiz,Кишмиш,Kishmish,Майиз,2014-01,monthly,2014,9481.0
055,Karam,Капуста,Cabbage,Карам,2014-01,monthly,2014,648.0
057,Bodring,Огурцы,Cucumbers,Бодринг,2014-01,monthly,2014,4941.0
058,Pomidor,Помидоры,Tomatoes,Помидор,2014-01,monthly,2014,2509.0
061,Qovoq,Тыква,Pumpkin,Қовоқ,2014-01,monthly,2014,866.0
063,Sabzi,Морковь,Carrot,Сабзи,2014-01,monthly,2014,548.0
065,Sarimsoq,Чеснок,Garlic,Саримсоқ,2014-01,monthly,2014,2184.0
066,Piyoz,Лук репчатый,Onion,Пиёз,2014-01,monthly,2014,504.0
069,Kartoshka,Картофель,Potatoes,Картошка,2014-01,monthly,2014,1458.0
001,Guruch,Рис,Rice,Гуруч,2014-02,monthly,2014,2725.0
003,Arpa,Ячмень,Barley,Арпа,2014-02,monthly,2014,901.0
0004,Bug'doy,Пшеница,Wheat,Буғдой,2014-02,monthly,2014,847.0
005,Jo'hori,Кукуруза,Corn,Жўҳори,2014-02,monthly,2014,933.0
006,Kepak,Отруби,Bran,Кепак,2014-02,monthly,2014,609.0
010,Kombikorm,Комбикорм,Compound feed,Комбикорм,2014-02,monthly,2014,628.0
017,Mol go'shti,Говядина,Beef,Мол гўшти,2014-02,monthly,2014,19150.0
0020,Qo'y go'shti,Баранина,Mutton,Қўй гўшти,2014-02,monthly,2014,20867.0
026,Turli baliqlar,Рыба всякая,Fish of all kinds,Турли балиқлар,2014-02,monthly,2014,9413.0
027,Yangi sog'ilgan sut (1 litr),Молоко свежее (1 литр),Fresh milk (1 liter),Янги соғилган сут (1 литр),2014-02,monthly,2014,1637.0
034,Tuxum (10 dona),Яйца (10 штук),Eggs (10 pieces ),Тухум (10 дона),2014-02,monthly,2014,4062.0
037,Sariyog',Масло сливочное,Butter,Сариёғ,2014-02,monthly,2014,15150.0
039,Limon,Лимоны,Lemons,Лимон,2014-02,monthly,2014,7617.0
0040,Olma,Яблоки,Apples,Олма,2014-02,monthly,2014,3455.0
041,Nok,Груши,Pears,Нок,2014-02,monthly,2014,6308.0
049,Uzum,Виноград,Grape,Узум,2014-02,monthly,2014,6475.0
053,Mayiz,Кишмиш,Kishmish,Майиз,2014-02,monthly,2014,9652.0
055,Karam,Капуста,Cabbage,Карам,2014-02,monthly,2014,745.0
057,Bodring,Огурцы,Cucumbers,Бодринг,2014-02,monthly,2014,5347.0
058,Pomidor,Помидоры,Tomatoes,Помидор,2014-02,monthly,2014,3280.0
061,Qovoq,Тыква,Pumpkin,Қовоқ,2014-02,monthly,2014,1061.0
063,Sabzi,Морковь,Carrot,Сабзи,2014-02,monthly,2014,647.0
065,Sarimsoq,Чеснок,Garlic,Саримсоқ,2014-02,monthly,2014,3135.0
066,Piyoz,Лук репчатый,Onion,Пиёз,2014-02,monthly,2014,534.0
069,Kartoshka,Картофель,Potatoes,Картошка,2014-02,monthly,2014,1544.0
001,Guruch,Рис,Rice,Гуруч,2014-03,monthly,2014,2810.0
003,Arpa,Ячмень,Barley,Арпа,2014-03,monthly,2014,920.0
0004,Bug'doy,Пшеница,Wheat,Буғдой,2014-03,monthly,2014,871.0
005,Jo'hori,Кукуруза,Corn,Жўҳори,2014-03,monthly,2014,959.0
006,Kepak,Отруби,Bran,Кепак,2014-03,monthly,2014,631.0
010,Kombikorm,Комбикорм,Compound feed,Комбикорм,2014-03,monthly,2014,686.0
017,Mol go'shti,Говядина,Beef,Мол гўшти,2014-03,monthly,2014,19833.0
0020,Qo'y go'shti,Баранина,Mutton,Қўй гўшти,2014-03,monthly,2014,21450.0
026,Turli baliqlar,Рыба всякая,Fish of all kinds,Турли балиқлар,2014-03,monthly,2014,9600.0
027,Yangi sog'ilgan sut (1 litr),Молоко свежее (1 литр),Fresh milk (1 liter),Янги соғилган сут (1 литр),2014-03,monthly,2014,1610.0
034,Tuxum (10 dona),Яйца (10 штук),Eggs (10 pieces ),Тухум (10 дона),2014-03,monthly,2014,3977.0
037,Sariyog',Масло сливочное,Butter,Сариёғ,2014-03,monthly,2014,15167.0
039,Limon,Лимоны,Lemons,Лимон,2014-03,monthly,2014,7856.0
0040,Olma,Яблоки,Apples,Олма,2014-03,monthly,2014,3605.0
041,Nok,Груши,Pears,Нок,2014-03,monthly,2014,6267.0
049,Uzum,Виноград,Grape,Узум,2014-03,monthly,2014,6892.0
053,Mayiz,Кишмиш,Kishmish,Майиз,2014-03,monthly,2014,9905.0
055,Karam,Капуста,Cabbage,Карам,2014-03,monthly,2014,790.0
057,Bodring,Огурцы,Cucumbers,Бодринг,2014-03,monthly,2014,5962.0
058,Pomidor,Помидоры,Tomatoes,Помидор,2014-03,monthly,2014,5353.0
061,Qovoq,Тыква,Pumpkin,Қовоқ,2014-03,monthly,2014,1230.0
063,Sabzi,Морковь,Carrot,Сабзи,2014-03,monthly,2014,689.0
065,Sarimsoq,Чеснок,Garlic,Саримсоқ,2014-03,monthly,2014,4173.0
066,Piyoz,Лук репчатый,Onion,Пиёз,2014-03,monthly,2014,608.0
069,Kartoshka,Картофель,Potatoes,Картошка,2014-03,monthly,2014,1620.0
001,Guruch,Рис,Rice,Гуруч,2014-04,monthly,2014,2827.0
003,Arpa,Ячмень,Barley,Арпа,2014-04,monthly,2014,935.0
0004,Bug'doy,Пшеница,Wheat,Буғдой,2014-04,monthly,2014,869.0
005,Jo'hori,Кукуруза,Corn,Жўҳори,2014-04,monthly,2014,1011.0
006,Kepak,Отруби,Bran,Кепак,2014-04,monthly,2014,648.0
010,Kombikorm,Комбикорм,Compound feed,Комбикорм,2014-04,monthly,2014,705.0
017,Mol go'shti,Говядина,Beef,Мол гўшти,2014-04,monthly,2014,19983.0
0020,Qo'y go'shti,Баранина,Mutton,Қўй гўшти,2014-04,monthly,2014,21650.0
026,Turli baliqlar,Рыба всякая,Fish of all kinds,Турли балиқлар,2014-04,monthly,2014,9243.0
027,Yangi sog'ilgan sut (1 litr),Молоко свежее (1 литр),Fresh milk (1 liter),Янги соғилган сут (1 литр),2014-04,monthly,2014,1650.0
034,Tuxum (10 dona),Яйца (10 штук),Eggs (10 pieces ),Тухум (10 дона),2014-04,monthly,2014,3793.0
037,Sariyog',Масло сливочное,Butter,Сариёғ,2014-04,monthly,2014,15086.0
039,Limon,Лимоны,Lemons,Лимон,2014-04,monthly,2014,7772.0
0040,Olma,Яблоки,Apples,Олма,2014-04,monthly,2014,3753.0
041,Nok,Груши,Pears,Нок,2014-04,monthly,2014,5956.0
049,Uzum,Виноград,Grape,Узум,2014-04,monthly,2014,6789.0
053,Mayiz,Кишмиш,Kishmish,Майиз,2014-04,monthly,2014,10240.0
055,Karam,Капуста,Cabbage,Карам,2014-04,monthly,2014,1534.0
057,Bodring,Огурцы,Cucumbers,Бодринг,2014-04,monthly,2014,5645.0
058,Pomidor,Помидоры,Tomatoes,Помидор,2014-04,monthly,2014,6300.0
063,Sabzi,Морковь,Carrot,Сабзи,2014-04,monthly,2014,915.0
065,Sarimsoq,Чеснок,Garlic,Саримсоқ,2014-04,monthly,2014,4917.0
066,Piyoz,Лук репчатый,Onion,Пиёз,2014-04,monthly,2014,785.0
069,Kartoshka,Картофель,Potatoes,Картошка,2014-04,monthly,2014,1942.0
001,Guruch,Рис,Rice,Гуруч,2014-05,monthly,2014,2870.0
003,Arpa,Ячмень,Barley,Арпа,2014-05,monthly,2014,1039.0
0004,Bug'doy,Пшеница,Wheat,Буғдой,2014-05,monthly,2014,881.0
005,Jo'hori,Кукуруза,Corn,Жўҳори,2014-05,monthly,2014,1053.0
006,Kepak,Отруби,Bran,Кепак,2014-05,monthly,2014,659.0
010,Kombikorm,Комбикорм,Compound feed,Комбикорм,2014-05,monthly,2014,715.0
017,Mol go'shti,Говядина,Beef,Мол гўшти,2014-05,monthly,2014,20300.0
0020,Qo'y go'shti,Баранина,Mutton,Қўй гўшти,2014-05,monthly,2014,22033.0
026,Turli baliqlar,Рыба всякая,Fish of all kinds,Турли балиқлар,2014-05,monthly,2014,9370.0
027,Yangi sog'ilgan sut (1 litr),Молоко свежее (1 литр),Fresh milk (1 liter),Янги соғилган сут (1 литр),2014-05,monthly,2014,1608.0
034,Tuxum (10 dona),Яйца (10 штук),Eggs (10 pieces ),Тухум (10 дона),2014-05,monthly,2014,3662.0
037,Sariyog',Масло сливочное,Butter,Сариёғ,2014-05,monthly,2014,15080.0
039,Limon,Лимоны,Lemons,Лимон,2014-05,monthly,2014,7927.0
0040,Olma,Яблоки,Apples,Олма,2014-05,monthly,2014,3852.0
041,Nok,Груши,Pears,Нок,2014-05,monthly,2014,6736.0
053,Mayiz,Кишмиш,Kishmish,Майиз,2014-05,monthly,2014,10618.0
055,Karam,Капуста,Cabbage,Карам,2014-05,monthly,2014,1188.0
057,Bodring,Огурцы,Cucumbers,Бодринг,2014-05,monthly,2014,2209.0
058,Pomidor,Помидоры,Tomatoes,Помидор,2014-05,monthly,2014,5075.0
063,Sabzi,Морковь,Carrot,Сабзи,2014-05,monthly,2014,1447.0
065,Sarimsoq,Чеснок,Garlic,Саримсоқ,2014-05,monthly,2014,5083.0
066,Piyoz,Лук репчатый,Onion,Пиёз,2014-05,monthly,2014,1053.0
069,Kartoshka,Картофель,Potatoes,Картошка,2014-05,monthly,2014,2528.0
001,Guruch,Рис,Rice,Гуруч,2014-06,monthly,2014,2923.0
003,Arpa,Ячмень,Barley,Арпа,2014-06,monthly,2014,1005.0
0004,Bug'doy,Пшеница,Wheat,Буғдой,2014-06,monthly,2014,857.0
005,Jo'hori,Кукуруза,Corn,Жўҳори,2014-06,monthly,2014,1171.0
006,Kepak,Отруби,Bran,Кепак,2014-06,monthly,2014,663.0
010,Kombikorm,Комбикорм,Compound feed,Комбикорм,2014-06,monthly,2014,731.0
017,Mol go'shti,Говядина,Beef,Мол гўшти,2014-06,monthly,2014,20517.0
0020,Qo'y go'shti,Баранина,Mutton,Қўй гўшти,2014-06,monthly,2014,22217.0
026,Turli baliqlar,Рыба всякая,Fish of all kinds,Турли балиқлар,2014-06,monthly,2014,9917.0
027,Yangi sog'ilgan sut (1 litr),Молоко свежее (1 литр),Fresh milk (1 liter),Янги соғилган сут (1 литр),2014-06,monthly,2014,1590.0
034,Tuxum (10 dona),Яйца (10 штук),Eggs (10 pieces ),Тухум (10 дона),2014-06,monthly,2014,3352.0
037,Sariyog',Масло сливочное,Butter,Сариёғ,2014-06,monthly,2014,15083.0
039,Limon,Лимоны,Lemons,Лимон,2014-06,monthly,2014,8333.0
0040,Olma,Яблоки,Apples,Олма,2014-06,monthly,2014,3654.0
041,Nok,Груши,Pears,Нок,2014-06,monthly,2014,7750.0
049,Uzum,Виноград,Grape,Узум,2014-06,monthly,2014,3000.0
0050,Tarvuz,Арбуз,Watermelon,Тарвуз,2014-06,monthly,2014,1904.0
0051,Qovun,Дыня,Melon,Қовун,2014-06,monthly,2014,1833.0
053,Mayiz,Кишмиш,Kishmish,Майиз,2014-06,monthly,2014,10976.0
055,Karam,Капуста,Cabbage,Карам,2014-06,monthly,2014,1112.0
057,Bodring,Огурцы,Cucumbers,Бодринг,2014-06,monthly,2014,948.0
058,Pomidor,Помидоры,Tomatoes,Помидор,2014-06,monthly,2014,3557.0
059,Baqlajon,Баклажаны,Eggplant,Бақлажон,2014-06,monthly,2014,3000.0
0060,Bulg'or qalampiri,Перец болгарский,Bell pepper,Булғор қалампири,2014-06,monthly,2014,2798.0
063,Sabzi,Морковь,Carrot,Сабзи,2014-06,monthly,2014,1707.0
065,Sarimsoq,Чеснок,Garlic,Саримсоқ,2014-06,monthly,2014,3728.0
066,Piyoz,Лук репчатый,Onion,Пиёз,2014-06,monthly,2014,890.0
069,Kartoshka,Картофель,Potatoes,Картошка,2014-06,monthly,2014,1823.0
001,Guruch,Рис,Rice,Гуруч,2014-07,monthly,2014,3118.0
003,Arpa,Ячмень,Barley,Арпа,2014-07,monthly,2014,868.0
0004,Bug'doy,Пшеница,Wheat,Буғдой,2014-07,monthly,2014,793.0
005,Jo'hori,Кукуруза,Corn,Жўҳори,2014-07,monthly,2014,1359.0
006,Kepak,Отруби,Bran,Кепак,2014-07,monthly,2014,642.0
010,Kombikorm,Комбикорм,Compound feed,Комбикорм,2014-07,monthly,2014,719.0
017,Mol go'shti,Говядина,Beef,Мол гўшти,2014-07,monthly,2014,21400.0
0020,Qo'y go'shti,Баранина,Mutton,Қўй гўшти,2014-07,monthly,2014,22983.0
026,Turli baliqlar,Рыба всякая,Fish of all kinds,Турли балиқлар,2014-07,monthly,2014,10300.0
027,Yangi sog'ilgan sut (1 litr),Молоко свежее (1 литр),Fresh milk (1 liter),Янги соғилган сут (1 литр),2014-07,monthly,2014,1590.0
034,Tuxum (10 dona),Яйца (10 штук),Eggs (10 pieces ),Тухум (10 дона),2014-07,monthly,2014,3318.0
037,Sariyog',Масло сливочное,Butter,Сариёғ,2014-07,monthly,2014,15028.0
039,Limon,Лимоны,Lemons,Лимон,2014-07,monthly,2014,9275.0
0040,Olma,Яблоки,Apples,Олма,2014-07,monthly,2014,2673.0
041,Nok,Груши,Pears,Нок,2014-07,monthly,2014,5500.0
049,Uzum,Виноград,Grape,Узум,2014-07,monthly,2014,3362.0
0050,Tarvuz,Арбуз,Watermelon,Тарвуз,2014-07,monthly,2014,955.0
0051,Qovun,Дыня,Melon,Қовун,2014-07,monthly,2014,1205.0
053,Mayiz,Кишмиш,Kishmish,Майиз,2014-07,monthly,2014,11214.0
055,Karam,Капуста,Cabbage,Карам,2014-07,monthly,2014,913.0
057,Bodring,Огурцы,Cucumbers,Бодринг,2014-07,monthly,2014,829.0
058,Pomidor,Помидоры,Tomatoes,Помидор,2014-07,monthly,2014,1317.0
059,Baqlajon,Баклажаны,Eggplant,Бақлажон,2014-07,monthly,2014,1031.0
0060,Bulg'or qalampiri,Перец болгарский,Bell pepper,Булғор қалампири,2014-07,monthly,2014,1226.0
063,Sabzi,Морковь,Carrot,Сабзи,2014-07,monthly,2014,1198.0
065,Sarimsoq,Чеснок,Garlic,Саримсоқ,2014-07,monthly,2014,3763.0
066,Piyoz,Лук репчатый,Onion,Пиёз,2014-07,monthly,2014,987.0
069,Kartoshka,Картофель,Potatoes,Картошка,2014-07,monthly,2014,1245.0
001,Guruch,Рис,Rice,Гуруч,2014-08,monthly,2014,3498.0
003,Arpa,Ячмень,Barley,Арпа,2014-08,monthly,2014,896.0
0004,Bug'doy,Пшеница,Wheat,Буғдой,2014-08,monthly,2014,809.0
005,Jo'hori,Кукуруза,Corn,Жўҳори,2014-08,monthly,2014,1522.0
006,Kepak,Отруби,Bran,Кепак,2014-08,monthly,2014,637.0
010,Kombikorm,Комбикорм,Compound feed,Комбикорм,2014-08,monthly,2014,720.0
017,Mol go'shti,Говядина,Beef,Мол гўшти,2014-08,monthly,2014,22717.0
0020,Qo'y go'shti,Баранина,Mutton,Қўй гўшти,2014-08,monthly,2014,24233.0
026,Turli baliqlar,Рыба всякая,Fish of all kinds,Турли балиқлар,2014-08,monthly,2014,10667.0
027,Yangi sog'ilgan sut (1 litr),Молоко свежее (1 литр),Fresh milk (1 liter),Янги соғилган сут (1 литр),2014-08,monthly,2014,1597.0
034,Tuxum (10 dona),Яйца (10 штук),Eggs (10 pieces ),Тухум (10 дона),2014-08,monthly,2014,3463.0
037,Sariyog',Масло сливочное,Butter,Сариёғ,2014-08,monthly,2014,15306.0
039,Limon,Лимоны,Lemons,Лимон,2014-08,monthly,2014,11750.0
0040,Olma,Яблоки,Apples,Олма,2014-08,monthly,2014,2403.0
041,Nok,Груши,Pears,Нок,2014-08,monthly,2014,4111.0
049,Uzum,Виноград,Grape,Узум,2014-08,monthly,2014,2867.0
0050,Tarvuz,Арбуз,Watermelon,Тарвуз,2014-08,monthly,2014,569.0
0051,Qovun,Дыня,Melon,Қовун,2014-08,monthly,2014,744.0
053,Mayiz,Кишмиш,Kishmish,Майиз,2014-08,monthly,2014,11571.0
055,Karam,Капуста,Cabbage,Карам,2014-08,monthly,2014,827.0
057,Bodring,Огурцы,Cucumbers,Бодринг,2014-08,monthly,2014,1494.0
058,Pomidor,Помидоры,Tomatoes,Помидор,2014-08,monthly,2014,892.0
059,Baqlajon,Баклажаны,Eggplant,Бақлажон,2014-08,monthly,2014,814.0
0060,Bulg'or qalampiri,Перец болгарский,Bell pepper,Булғор қалампири,2014-08,monthly,2014,854.0
063,Sabzi,Морковь,Carrot,Сабзи,2014-08,monthly,2014,1023.0
065,Sarimsoq,Чеснок,Garlic,Саримсоқ,2014-08,monthly,2014,4523.0
066,Piyoz,Лук репчатый,Onion,Пиёз,2014-08,monthly,2014,1383.0
069,Kartoshka,Картофель,Potatoes,Картошка,2014-08,monthly,2014,1188.0
001,Guruch,Рис,Rice,Гуруч,2014-09,monthly,2014,3635.0
003,Arpa,Ячмень,Barley,Арпа,2014-09,monthly,2014,1023.0
0004,Bug'doy,Пшеница,Wheat,Буғдой,2014-09,monthly,2014,813.0
005,Jo'hori,Кукуруза,Corn,Жўҳори,2014-09,monthly,2014,1450.0
006,Kepak,Отруби,Bran,Кепак,2014-09,monthly,2014,644.0
010,Kombikorm,Комбикорм,Compound feed,Комбикорм,2014-09,monthly,2014,717.0
017,Mol go'shti,Говядина,Beef,Мол гўшти,2014-09,monthly,2014,23573.0
0020,Qo'y go'shti,Баранина,Mutton,Қўй гўшти,2014-09,monthly,2014,25206.0
026,Turli baliqlar,Рыба всякая,Fish of all kinds,Турли балиқлар,2014-09,monthly,2014,11250.0
027,Yangi sog'ilgan sut (1 litr),Молоко свежее (1 литр),Fresh milk (1 liter),Янги соғилган сут (1 литр),2014-09,monthly,2014,1627.0
034,Tuxum (10 dona),Яйца (10 штук),Eggs (10 pieces ),Тухум (10 дона),2014-09,monthly,2014,3572.0
037,Sariyog',Масло сливочное,Butter,Сариёғ,2014-09,monthly,2014,15500.0
039,Limon,Лимоны,Lemons,Лимон,2014-09,monthly,2014,12083.0
0040,Olma,Яблоки,Apples,Олма,2014-09,monthly,2014,2336.0
041,Nok,Груши,Pears,Нок,2014-09,monthly,2014,4350.0
049,Uzum,Виноград,Grape,Узум,2014-09,monthly,2014,2720.0
0050,Tarvuz,Арбуз,Watermelon,Тарвуз,2014-09,monthly,2014,426.0
0051,Qovun,Дыня,Melon,Қовун,2014-09,monthly,2014,541.0
053,Mayiz,Кишмиш,Kishmish,Майиз,2014-09,monthly,2014,11750.0
055,Karam,Капуста,Cabbage,Карам,2014-09,monthly,2014,798.0
057,Bodring,Огурцы,Cucumbers,Бодринг,2014-09,monthly,2014,1638.0
058,Pomidor,Помидоры,Tomatoes,Помидор,2014-09,monthly,2014,790.0
059,Baqlajon,Баклажаны,Eggplant,Бақлажон,2014-09,monthly,2014,814.0
0060,Bulg'or qalampiri,Перец болгарский,Bell pepper,Булғор қалампири,2014-09,monthly,2014,839.0
061,Qovoq,Тыква,Pumpkin,Қовоқ,2014-09,monthly,2014,1083.0
063,Sabzi,Морковь,Carrot,Сабзи,2014-09,monthly,2014,802.0
065,Sarimsoq,Чеснок,Garlic,Саримсоқ,2014-09,monthly,2014,5317.0
066,Piyoz,Лук репчатый,Onion,Пиёз,2014-09,monthly,2014,1235.0
069,Kartoshka,Картофель,Potatoes,Картошка,2014-09,monthly,2014,1185.0
001,Guruch,Рис,Rice,Гуруч,2014-10,monthly,2014,3823.0
003,Arpa,Ячмень,Barley,Арпа,2014-10,monthly,2014,1184.0
0004,Bug'doy,Пшеница,Wheat,Буғдой,2014-10,monthly,2014,883.0
005,Jo'hori,Кукуруза,Corn,Жўҳори,2014-10,monthly,2014,1176.0
006,Kepak,Отруби,Bran,Кепак,2014-10,monthly,2014,643.0
010,Kombikorm,Комбикорм,Compound feed,Комбикорм,2014-10,monthly,2014,709.0
017,Mol go'shti,Говядина,Beef,Мол гўшти,2014-10,monthly,2014,24318.0
0020,Qo'y go'shti,Баранина,Mutton,Қўй гўшти,2014-10,monthly,2014,25990.0
026,Turli baliqlar,Рыба всякая,Fish of all kinds,Турли балиқлар,2014-10,monthly,2014,12042.0
027,Yangi sog'ilgan sut (1 litr),Молоко свежее (1 литр),Fresh milk (1 liter),Янги соғилган сут (1 литр),2014-10,monthly,2014,1787.0
034,Tuxum (10 dona),Яйца (10 штук),Eggs (10 pieces ),Тухум (10 дона),2014-10,monthly,2014,3986.0
037,Sariyog',Масло сливочное,Butter,Сариёғ,2014-10,monthly,2014,16022.0
039,Limon,Лимоны,Lemons,Лимон,2014-10,monthly,2014,11425.0
0040,Olma,Яблоки,Apples,Олма,2014-10,monthly,2014,2275.0
041,Nok,Груши,Pears,Нок,2014-10,monthly,2014,4883.0
049,Uzum,Виноград,Grape,Узум,2014-10,monthly,2014,2498.0
0050,Tarvuz,Арбуз,Watermelon,Тарвуз,2014-10,monthly,2014,472.0
0051,Qovun,Дыня,Melon,Қовун,2014-10,monthly,2014,587.0
053,Mayiz,Кишмиш,Kishmish,Майиз,2014-10,monthly,2014,11813.0
055,Karam,Капуста,Cabbage,Карам,2014-10,monthly,2014,800.0
057,Bodring,Огурцы,Cucumbers,Бодринг,2014-10,monthly,2014,1748.0
058,Pomidor,Помидоры,Tomatoes,Помидор,2014-10,monthly,2014,834.0
059,Baqlajon,Баклажаны,Eggplant,Бақлажон,2014-10,monthly,2014,965.0
0060,Bulg'or qalampiri,Перец болгарский,Bell pepper,Булғор қалампири,2014-10,monthly,2014,928.0
061,Qovoq,Тыква,Pumpkin,Қовоқ,2014-10,monthly,2014,948.0
063,Sabzi,Морковь,Carrot,Сабзи,2014-10,monthly,2014,788.0
065,Sarimsoq,Чеснок,Garlic,Саримсоқ,2014-10,monthly,2014,7420.0
066,Piyoz,Лук репчатый,Onion,Пиёз,2014-10,monthly,2014,1401.0
069,Kartoshka,Картофель,Potatoes,Картошка,2014-10,monthly,2014,1346.0
001,Guruch,Рис,Rice,Гуруч,2014-11,monthly,2014,3867.0
003,Arpa,Ячмень,Barley,Арпа,2014-11,monthly,2014,1083.0
0004,Bug'doy,Пшеница,Wheat,Буғдой,2014-11,monthly,2014,914.0
005,Jo'hori,Кукуруза,Corn,Жўҳори,2014-11,monthly,2014,1174.0
006,Kepak,Отруби,Bran,Кепак,2014-11,monthly,2014,654.0
010,Kombikorm,Комбикорм,Compound feed,Комбикорм,2014-11,monthly,2014,715.0
017,Mol go'shti,Говядина,Beef,Мол гўшти,2014-11,monthly,2014,24660.0
0020,Qo'y go'shti,Баранина,Mutton,Қўй гўшти,2014-11,monthly,2014,26540.0
026,Turli baliqlar,Рыба всякая,Fish of all kinds,Турли балиқлар,2014-11,monthly,2014,10750.0
027,Yangi sog'ilgan sut (1 litr),Молоко свежее (1 литр),Fresh milk (1 liter),Янги соғилган сут (1 литр),2014-11,monthly,2014,1785.0
034,Tuxum (10 dona),Яйца (10 штук),Eggs (10 pieces ),Тухум (10 дона),2014-11,monthly,2014,4280.0
037,Sariyog',Масло сливочное,Butter,Сариёғ,2014-11,monthly,2014,16233.0
039,Limon,Лимоны,Lemons,Лимон,2014-11,monthly,2014,8761.0
0040,Olma,Яблоки,Apples,Олма,2014-11,monthly,2014,2533.0
041,Nok,Груши,Pears,Нок,2014-11,monthly,2014,5728.0
049,Uzum,Виноград,Grape,Узум,2014-11,monthly,2014,2937.0
0050,Tarvuz,Арбуз,Watermelon,Тарвуз,2014-11,monthly,2014,703.0
0051,Qovun,Дыня,Melon,Қовун,2014-11,monthly,2014,800.0
053,Mayiz,Кишмиш,Kishmish,Майиз,2014-11,monthly,2014,11979.0
055,Karam,Капуста,Cabbage,Карам,2014-11,monthly,2014,848.0
057,Bodring,Огурцы,Cucumbers,Бодринг,2014-11,monthly,2014,2097.0
058,Pomidor,Помидоры,Tomatoes,Помидор,2014-11,monthly,2014,1350.0
059,Baqlajon,Баклажаны,Eggplant,Бақлажон,2014-11,monthly,2014,1207.0
0060,Bulg'or qalampiri,Перец болгарский,Bell pepper,Булғор қалампири,2014-11,monthly,2014,1161.0
061,Qovoq,Тыква,Pumpkin,Қовоқ,2014-11,monthly,2014,820.0
063,Sabzi,Морковь,Carrot,Сабзи,2014-11,monthly,2014,766.0
065,Sarimsoq,Чеснок,Garlic,Саримсоқ,2014-11,monthly,2014,7620.0
066,Piyoz,Лук репчатый,Onion,Пиёз,2014-11,monthly,2014,1718.0
069,Kartoshka,Картофель,Potatoes,Картошка,2014-11,monthly,2014,1440.0
001,Guruch,Рис,Rice,Гуруч,2014-12,monthly,2014,4090.0
003,Arpa,Ячмень,Barley,Арпа,2014-12,monthly,2014,1110.0
0004,Bug'doy,Пшеница,Wheat,Буғдой,2014-12,monthly,2014,1006.0
005,Jo'hori,Кукуруза,Corn,Жўҳори,2014-12,monthly,2014,1306.0
006,Kepak,Отруби,Bran,Кепак,2014-12,monthly,2014,658.0
010,Kombikorm,Комбикорм,Compound feed,Комбикорм,2014-12,monthly,2014,714.0
017,Mol go'shti,Говядина,Beef,Мол гўшти,2014-12,monthly,2014,23783.0
0020,Qo'y go'shti,Баранина,Mutton,Қўй гўшти,2014-12,monthly,2014,25833.0
026,Turli baliqlar,Рыба всякая,Fish of all kinds,Турли балиқлар,2014-12,monthly,2014,10750.0
027,Yangi sog'ilgan sut (1 litr),Молоко свежее (1 литр),Fresh milk (1 liter),Янги соғилган сут (1 литр),2014-12,monthly,2014,1850.0
034,Tuxum (10 dona),Яйца (10 штук),Eggs (10 pieces ),Тухум (10 дона),2014-12,monthly,2014,4357.0
037,Sariyog',Масло сливочное,Butter,Сариёғ,2014-12,monthly,2014,16406.0
039,Limon,Лимоны,Lemons,Лимон,2014-12,monthly,2014,6656.0
0040,Olma,Яблоки,Apples,Олма,2014-12,monthly,2014,2970.0
041,Nok,Груши,Pears,Нок,2014-12,monthly,2014,6250.0
049,Uzum,Виноград,Grape,Узум,2014-12,monthly,2014,4130.0
0050,Tarvuz,Арбуз,Watermelon,Тарвуз,2014-12,monthly,2014,958.0
0051,Qovun,Дыня,Melon,Қовун,2014-12,monthly,2014,1061.0
053,Mayiz,Кишмиш,Kishmish,Майиз,2014-12,monthly,2014,12063.0
055,Karam,Капуста,Cabbage,Карам,2014-12,monthly,2014,798.0
057,Bodring,Огурцы,Cucumbers,Бодринг,2014-12,monthly,2014,4000.0
058,Pomidor,Помидоры,Tomatoes,Помидор,2014-12,monthly,2014,3040.0
0060,Bulg'or qalampiri,Перец болгарский,Bell pepper,Булғор қалампири,2014-12,monthly,2014,1711.0
061,Qovoq,Тыква,Pumpkin,Қовоқ,2014-12,monthly,2014,827.0
063,Sabzi,Морковь,Carrot,Сабзи,2014-12,monthly,2014,722.0
065,Sarimsoq,Чеснок,Garlic,Саримсоқ,2014-12,monthly,2014,8347.0
066,Piyoz,Лук репчатый,Onion,Пиёз,2014-12,monthly,2014,1923.0
069,Kartoshka,Картофель,Potatoes,Картошка,2014-12,monthly,2014,1398.0
001,Guruch,Рис,Rice,Гуруч,2015-01,monthly,2015,4235.0
003,Arpa,Ячмень,Barley,Арпа,2015-01,monthly,2015,1146.0
0004,Bug'doy,Пшеница,Wheat,Буғдой,2015-01,monthly,2015,1068.0
005,Jo'hori,Кукуруза,Corn,Жўҳори,2015-01,monthly,2015,1494.0
006,Kepak,Отруби,Bran,Кепак,2015-01,monthly,2015,675.0
010,Kombikorm,Комбикорм,Compound feed,Комбикорм,2015-01,monthly,2015,723.0
017,Mol go'shti,Говядина,Beef,Мол гўшти,2015-01,monthly,2015,23193.0
0020,Qo'y go'shti,Баранина,Mutton,Қўй гўшти,2015-01,monthly,2015,25350.0
026,Turli baliqlar,Рыба всякая,Fish of all kinds,Турли балиқлар,2015-01,monthly,2015,10292.0
027,Yangi sog'ilgan sut (1 litr),Молоко свежее (1 литр),Fresh milk (1 liter),Янги соғилган сут (1 литр),2015-01,monthly,2015,1927.0
034,Tuxum (10 dona),Яйца (10 штук),Eggs (10 pieces ),Тухум (10 дона),2015-01,monthly,2015,4430.0
037,Sariyog',Масло сливочное,Butter,Сариёғ,2015-01,monthly,2015,16583.0
039,Limon,Лимоны,Lemons,Лимон,2015-01,monthly,2015,5344.0
0040,Olma,Яблоки,Apples,Олма,2015-01,monthly,2015,3210.0
041,Nok,Груши,Pears,Нок,2015-01,monthly,2015,6056.0
049,Uzum,Виноград,Grape,Узум,2015-01,monthly,2015,5080.0
0050,Tarvuz,Арбуз,Watermelon,Тарвуз,2015-01,monthly,2015,1088.0
0051,Qovun,Дыня,Melon,Қовун,2015-01,monthly,2015,1200.0
053,Mayiz,Кишмиш,Kishmish,Майиз,2015-01,monthly,2015,12063.0
055,Karam,Капуста,Cabbage,Карам,2015-01,monthly,2015,817.0
057,Bodring,Огурцы,Cucumbers,Бодринг,2015-01,monthly,2015,5958.0
058,Pomidor,Помидоры,Tomatoes,Помидор,2015-01,monthly,2015,3427.0
061,Qovoq,Тыква,Pumpkin,Қовоқ,2015-01,monthly,2015,885.0
063,Sabzi,Морковь,Carrot,Сабзи,2015-01,monthly,2015,722.0
065,Sarimsoq,Чеснок,Garlic,Саримсоқ,2015-01,monthly,2015,8770.0
066,Piyoz,Лук репчатый,Onion,Пиёз,2015-01,monthly,2015,2003.0
069,Kartoshka,Картофель,Potatoes,Картошка,2015-01,monthly,2015,1432.0
001,Guruch,Рис,Rice,Гуруч,2015-02,monthly,2015,4597.0
003,Arpa,Ячмень,Barley,Арпа,2015-02,monthly,2015,1179.0
0004,Bug'doy,Пшеница,Wheat,Буғдой,2015-02,monthly,2015,1070.0
005,Jo'hori,Кукуруза,Corn,Жўҳори,2015-02,monthly,2015,1465.0
006,Kepak,Отруби,Bran,Кепак,2015-02,monthly,2015,707.0
010,Kombikorm,Комбикорм,Compound feed,Комбикорм,2015-02,monthly,2015,731.0
017,Mol go'shti,Говядина,Beef,Мол гўшти,2015-02,monthly,2015,23450.0
0020,Qo'y go'shti,Баранина,Mutton,Қўй гўшти,2015-02,monthly,2015,25550.0
026,Turli baliqlar,Рыба всякая,Fish of all kinds,Турли балиқлар,2015-02,monthly,2015,10625.0
027,Yangi sog'ilgan sut (1 litr),Молоко свежее (1 литр),Fresh milk (1 liter),Янги соғилган сут (1 литр),2015-02,monthly,2015,1987.0
034,Tuxum (10 dona),Яйца (10 штук),Eggs (10 pieces ),Тухум (10 дона),2015-02,monthly,2015,4437.0
037,Sariyog',Масло сливочное,Butter,Сариёғ,2015-02,monthly,2015,16861.0
039,Limon,Лимоны,Lemons,Лимон,2015-02,monthly,2015,5611.0
0040,Olma,Яблоки,Apples,Олма,2015-02,monthly,2015,3513.0
041,Nok,Груши,Pears,Нок,2015-02,monthly,2015,6278.0
049,Uzum,Виноград,Grape,Узум,2015-02,monthly,2015,6800.0
053,Mayiz,Кишмиш,Kishmish,Майиз,2015-02,monthly,2015,12179.0
055,Karam,Капуста,Cabbage,Карам,2015-02,monthly,2015,1050.0
057,Bodring,Огурцы,Cucumbers,Бодринг,2015-02,monthly,2015,6267.0
058,Pomidor,Помидоры,Tomatoes,Помидор,2015-02,monthly,2015,5350.0
061,Qovoq,Тыква,Pumpkin,Қовоқ,2015-02,monthly,2015,1094.0
063,Sabzi,Морковь,Carrot,Сабзи,2015-02,monthly,2015,729.0
065,Sarimsoq,Чеснок,Garlic,Саримсоқ,2015-02,monthly,2015,8980.0
066,Piyoz,Лук репчатый,Onion,Пиёз,2015-02,monthly,2015,2082.0
069,Kartoshka,Картофель,Potatoes,Картошка,2015-02,monthly,2015,1483.0
001,Guruch,Рис,Rice,Гуруч,2015-03,monthly,2015,4887.0
003,Arpa,Ячмень,Barley,Арпа,2015-03,monthly,2015,1213.0
0004,Bug'doy,Пшеница,Wheat,Буғдой,2015-03,monthly,2015,1080.0
005,Jo'hori,Кукуруза,Corn,Жўҳори,2015-03,monthly,2015,1410.0
006,Kepak,Отруби,Bran,Кепак,2015-03,monthly,2015,723.0
010,Kombikorm,Комбикорм,Compound feed,Комбикорм,2015-03,monthly,2015,748.0
017,Mol go'shti,Говядина,Beef,Мол гўшти,2015-03,monthly,2015,23433.0
0020,Qo'y go'shti,Баранина,Mutton,Қўй гўшти,2015-03,monthly,2015,25583.0
026,Turli baliqlar,Рыба всякая,Fish of all kinds,Турли балиқлар,2015-03,monthly,2015,11444.0
027,Yangi sog'ilgan sut (1 litr),Молоко свежее (1 литр),Fresh milk (1 liter),Янги соғилган сут (1 литр),2015-03,monthly,2015,2017.0
034,Tuxum (10 dona),Яйца (10 штук),Eggs (10 pieces ),Тухум (10 дона),2015-03,monthly,2015,3720.0
037,Sariyog',Масло сливочное,Butter,Сариёғ,2015-03,monthly,2015,17083.0
039,Limon,Лимоны,Lemons,Лимон,2015-03,monthly,2015,6283.0
0040,Olma,Яблоки,Apples,Олма,2015-03,monthly,2015,3805.0
041,Nok,Груши,Pears,Нок,2015-03,monthly,2015,7200.0
049,Uzum,Виноград,Grape,Узум,2015-03,monthly,2015,7500.0
053,Mayiz,Кишмиш,Kishmish,Майиз,2015-03,monthly,2015,12221.0
055,Karam,Капуста,Cabbage,Карам,2015-03,monthly,2015,1342.0
057,Bodring,Огурцы,Cucumbers,Бодринг,2015-03,monthly,2015,7778.0
058,Pomidor,Помидоры,Tomatoes,Помидор,2015-03,monthly,2015,7625.0
061,Qovoq,Тыква,Pumpkin,Қовоқ,2015-03,monthly,2015,1356.0
063,Sabzi,Морковь,Carrot,Сабзи,2015-03,monthly,2015,692.0
065,Sarimsoq,Чеснок,Garlic,Саримсоқ,2015-03,monthly,2015,8953.0
066,Piyoz,Лук репчатый,Onion,Пиёз,2015-03,monthly,2015,2208.0
069,Kartoshka,Картофель,Potatoes,Картошка,2015-03,monthly,2015,1486.0
001,Guruch,Рис,Rice,Гуруч,2015-04,monthly,2015,5017.0
003,Arpa,Ячмень,Barley,Арпа,2015-04,monthly,2015,1240.0
0004,Bug'doy,Пшеница,Wheat,Буғдой,2015-04,monthly,2015,1124.0
005,Jo'hori,Кукуруза,Corn,Жўҳори,2015-04,monthly,2015,1483.0
006,Kepak,Отруби,Bran,Кепак,2015-04,monthly,2015,739.0
010,Kombikorm,Комбикорм,Compound feed,Комбикорм,2015-04,monthly,2015,767.0
017,Mol go'shti,Говядина,Beef,Мол гўшти,2015-04,monthly,2015,23475.0
0020,Qo'y go'shti,Баранина,Mutton,Қўй гўшти,2015-04,monthly,2015,25600.0
026,Turli baliqlar,Рыба всякая,Fish of all kinds,Турли балиқлар,2015-04,monthly,2015,12200.0
027,Yangi sog'ilgan sut (1 litr),Молоко свежее (1 литр),Fresh milk (1 liter),Янги соғилган сут (1 литр),2015-04,monthly,2015,2020.0
034,Tuxum (10 dona),Яйца (10 штук),Eggs (10 pieces ),Тухум (10 дона),2015-04,monthly,2015,3590.0
037,Sariyog',Масло сливочное,Butter,Сариёғ,2015-04,monthly,2015,17167.0
039,Limon,Лимоны,Lemons,Лимон,2015-04,monthly,2015,7429.0
0040,Olma,Яблоки,Apples,Олма,2015-04,monthly,2015,4277.0
041,Nok,Груши,Pears,Нок,2015-04,monthly,2015,9344.0
049,Uzum,Виноград,Grape,Узум,2015-04,monthly,2015,7500.0
053,Mayiz,Кишмиш,Kishmish,Майиз,2015-04,monthly,2015,12435.0
055,Karam,Капуста,Cabbage,Карам,2015-04,monthly,2015,1726.0
057,Bodring,Огурцы,Cucumbers,Бодринг,2015-04,monthly,2015,5889.0
058,Pomidor,Помидоры,Tomatoes,Помидор,2015-04,monthly,2015,8656.0
063,Sabzi,Морковь,Carrot,Сабзи,2015-04,monthly,2015,768.0
065,Sarimsoq,Чеснок,Garlic,Саримсоқ,2015-04,monthly,2015,9180.0
066,Piyoz,Лук репчатый,Onion,Пиёз,2015-04,monthly,2015,2830.0
069,Kartoshka,Картофель,Potatoes,Картошка,2015-04,monthly,2015,2019.0
001,Guruch,Рис,Rice,Гуруч,2015-05,monthly,2015,5680.0
003,Arpa,Ячмень,Barley,Арпа,2015-05,monthly,2015,1302.0
0004,Bug'doy,Пшеница,Wheat,Буғдой,2015-05,monthly,2015,1230.0
005,Jo'hori,Кукуруза,Corn,Жўҳори,2015-05,monthly,2015,1583.0
006,Kepak,Отруби,Bran,Кепак,2015-05,monthly,2015,748.0
010,Kombikorm,Комбикорм,Compound feed,Комбикорм,2015-05,monthly,2015,785.0
017,Mol go'shti,Говядина,Beef,Мол гўшти,2015-05,monthly,2015,23325.0
0020,Qo'y go'shti,Баранина,Mutton,Қўй гўшти,2015-05,monthly,2015,25550.0
026,Turli baliqlar,Рыба всякая,Fish of all kinds,Турли балиқлар,2015-05,monthly,2015,13417.0
027,Yangi sog'ilgan sut (1 litr),Молоко свежее (1 литр),Fresh milk (1 liter),Янги соғилган сут (1 литр),2015-05,monthly,2015,1883.0
034,Tuxum (10 dona),Яйца (10 штук),Eggs (10 pieces ),Тухум (10 дона),2015-05,monthly,2015,3602.0
037,Sariyog',Масло сливочное,Butter,Сариёғ,2015-05,monthly,2015,17139.0
039,Limon,Лимоны,Lemons,Лимон,2015-05,monthly,2015,8881.0
0040,Olma,Яблоки,Apples,Олма,2015-05,monthly,2015,5109.0
041,Nok,Груши,Pears,Нок,2015-05,monthly,2015,10028.0
053,Mayiz,Кишмиш,Kishmish,Майиз,2015-05,monthly,2015,12542.0
055,Karam,Капуста,Cabbage,Карам,2015-05,monthly,2015,1271.0
057,Bodring,Огурцы,Cucumbers,Бодринг,2015-05,monthly,2015,3585.0
058,Pomidor,Помидоры,Tomatoes,Помидор,2015-05,monthly,2015,5224.0
0060,Bulg'or qalampiri,Перец болгарский,Bell pepper,Булғор қалампири,2015-05,monthly,2015,4175.0
063,Sabzi,Морковь,Carrot,Сабзи,2015-05,monthly,2015,1127.0
065,Sarimsoq,Чеснок,Garlic,Саримсоқ,2015-05,monthly,2015,8767.0
066,Piyoz,Лук репчатый,Onion,Пиёз,2015-05,monthly,2015,1455.0
069,Kartoshka,Картофель,Potatoes,Картошка,2015-05,monthly,2015,1503.0
001,Guruch,Рис,Rice,Гуруч,2015-06,monthly,2015,6197.0
003,Arpa,Ячмень,Barley,Арпа,2015-06,monthly,2015,1349.0
0004,Bug'doy,Пшеница,Wheat,Буғдой,2015-06,monthly,2015,1361.0
005,Jo'hori,Кукуруза,Corn,Жўҳори,2015-06,monthly,2015,1637.0
006,Kepak,Отруби,Bran,Кепак,2015-06,monthly,2015,775.0
010,Kombikorm,Комбикорм,Compound feed,Комбикорм,2015-06,monthly,2015,819.0
017,Mol go'shti,Говядина,Beef,Мол гўшти,2015-06,monthly,2015,23325.0
0020,Qo'y go'shti,Баранина,Mutton,Қўй гўшти,2015-06,monthly,2015,25550.0
026,Turli baliqlar,Рыба всякая,Fish of all kinds,Турли балиқлар,2015-06,monthly,2015,14000.0
027,Yangi sog'ilgan sut (1 litr),Молоко свежее (1 литр),Fresh milk (1 liter),Янги соғилган сут (1 литр),2015-06,monthly,2015,1855.0
034,Tuxum (10 dona),Яйца (10 штук),Eggs (10 pieces ),Тухум (10 дона),2015-06,monthly,2015,3575.0
037,Sariyog',Масло сливочное,Butter,Сариёғ,2015-06,monthly,2015,17125.0
039,Limon,Лимоны,Lemons,Лимон,2015-06,monthly,2015,10048.0
0040,Olma,Яблоки,Apples,Олма,2015-06,monthly,2015,4167.0
041,Nok,Груши,Pears,Нок,2015-06,monthly,2015,10194.0
049,Uzum,Виноград,Grape,Узум,2015-06,monthly,2015,2833.0
0050,Tarvuz,Арбуз,Watermelon,Тарвуз,2015-06,monthly,2015,2478.0
0051,Qovun,Дыня,Melon,Қовун,2015-06,monthly,2015,3003.0
053,Mayiz,Кишмиш,Kishmish,Майиз,2015-06,monthly,2015,12688.0
055,Karam,Капуста,Cabbage,Карам,2015-06,monthly,2015,1057.0
057,Bodring,Огурцы,Cucumbers,Бодринг,2015-06,monthly,2015,1267.0
058,Pomidor,Помидоры,Tomatoes,Помидор,2015-06,monthly,2015,2508.0
059,Baqlajon,Баклажаны,Eggplant,Бақлажон,2015-06,monthly,2015,2573.0
0060,Bulg'or qalampiri,Перец болгарский,Bell pepper,Булғор қалампири,2015-06,monthly,2015,2315.0
063,Sabzi,Морковь,Carrot,Сабзи,2015-06,monthly,2015,1090.0
065,Sarimsoq,Чеснок,Garlic,Саримсоқ,2015-06,monthly,2015,6600.0
066,Piyoz,Лук репчатый,Onion,Пиёз,2015-06,monthly,2015,999.0
069,Kartoshka,Картофель,Potatoes,Картошка,2015-06,monthly,2015,1180.0
001,Guruch,Рис,Rice,Гуруч,2015-07,monthly,2015,6263.0
003,Arpa,Ячмень,Barley,Арпа,2015-07,monthly,2015,1292.0
0004,Bug'doy,Пшеница,Wheat,Буғдой,2015-07,monthly,2015,1309.0
005,Jo'hori,Кукуруза,Corn,Жўҳори,2015-07,monthly,2015,1643.0
006,Kepak,Отруби,Bran,Кепак,2015-07,monthly,2015,792.0
010,Kombikorm,Комбикорм,Compound feed,Комбикорм,2015-07,monthly,2015,833.0
017,Mol go'shti,Говядина,Beef,Мол гўшти,2015-07,monthly,2015,23308.0
0020,Qo'y go'shti,Баранина,Mutton,Қўй гўшти,2015-07,monthly,2015,25500.0
026,Turli baliqlar,Рыба всякая,Fish of all kinds,Турли балиқлар,2015-07,monthly,2015,9833.0
027,Yangi sog'ilgan sut (1 litr),Молоко свежее (1 литр),Fresh milk (1 liter),Янги соғилган сут (1 литр),2015-07,monthly,2015,1630.0
034,Tuxum (10 dona),Яйца (10 штук),Eggs (10 pieces ),Тухум (10 дона),2015-07,monthly,2015,3529.0
037,Sariyog',Масло сливочное,Butter,Сариёғ,2015-07,monthly,2015,17125.0
039,Limon,Лимоны,Lemons,Лимон,2015-07,monthly,2015,11548.0
0040,Olma,Яблоки,Apples,Олма,2015-07,monthly,2015,2867.0
041,Nok,Груши,Pears,Нок,2015-07,monthly,2015,5889.0
049,Uzum,Виноград,Grape,Узум,2015-07,monthly,2015,2913.0
0050,Tarvuz,Арбуз,Watermelon,Тарвуз,2015-07,monthly,2015,1126.0
0051,Qovun,Дыня,Melon,Қовун,2015-07,monthly,2015,1392.0
053,Mayiz,Кишмиш,Kishmish,Майиз,2015-07,monthly,2015,12738.0
055,Karam,Капуста,Cabbage,Карам,2015-07,monthly,2015,827.0
057,Bodring,Огурцы,Cucumbers,Бодринг,2015-07,monthly,2015,833.0
058,Pomidor,Помидоры,Tomatoes,Помидор,2015-07,monthly,2015,950.0
059,Baqlajon,Баклажаны,Eggplant,Бақлажон,2015-07,monthly,2015,839.0
0060,Bulg'or qalampiri,Перец болгарский,Bell pepper,Булғор қалампири,2015-07,monthly,2015,1207.0
063,Sabzi,Морковь,Carrot,Сабзи,2015-07,monthly,2015,893.0
065,Sarimsoq,Чеснок,Garlic,Саримсоқ,2015-07,monthly,2015,7207.0
066,Piyoz,Лук репчатый,Onion,Пиёз,2015-07,monthly,2015,837.0
069,Kartoshka,Картофель,Potatoes,Картошка,2015-07,monthly,2015,854.0
001,Guruch,Рис,Rice,Гуруч,2015-08,monthly,2015,6460.0
003,Arpa,Ячмень,Barley,Арпа,2015-08,monthly,2015,1169.0
0004,Bug'doy,Пшеница,Wheat,Буғдой,2015-08,monthly,2015,1189.0
005,Jo'hori,Кукуруза,Corn,Жўҳори,2015-08,monthly,2015,1788.0
006,Kepak,Отруби,Bran,Кепак,2015-08,monthly,2015,808.0
010,Kombikorm,Комбикорм,Compound feed,Комбикорм,2015-08,monthly,2015,850.0
017,Mol go'shti,Говядина,Beef,Мол гўшти,2015-08,monthly,2015,23200.0
0020,Qo'y go'shti,Баранина,Mutton,Қўй гўшти,2015-08,monthly,2015,25400.0
026,Turli baliqlar,Рыба всякая,Fish of all kinds,Турли балиқлар,2015-08,monthly,2015,10500.0
027,Yangi sog'ilgan sut (1 litr),Молоко свежее (1 литр),Fresh milk (1 liter),Янги соғилган сут (1 литр),2015-08,monthly,2015,1570.0
034,Tuxum (10 dona),Яйца (10 штук),Eggs (10 pieces ),Тухум (10 дона),2015-08,monthly,2015,3443.0
037,Sariyog',Масло сливочное,Butter,Сариёғ,2015-08,monthly,2015,17333.0
039,Limon,Лимоны,Lemons,Лимон,2015-08,monthly,2015,15479.0
0040,Olma,Яблоки,Apples,Олма,2015-08,monthly,2015,2607.0
041,Nok,Груши,Pears,Нок,2015-08,monthly,2015,4989.0
049,Uzum,Виноград,Grape,Узум,2015-08,monthly,2015,2581.0
0050,Tarvuz,Арбуз,Watermelon,Тарвуз,2015-08,monthly,2015,657.0
0051,Qovun,Дыня,Melon,Қовун,2015-08,monthly,2015,752.0
053,Mayiz,Кишмиш,Kishmish,Майиз,2015-08,monthly,2015,12976.0
055,Karam,Капуста,Cabbage,Карам,2015-08,monthly,2015,750.0
057,Bodring,Огурцы,Cucumbers,Бодринг,2015-08,monthly,2015,816.0
058,Pomidor,Помидоры,Tomatoes,Помидор,2015-08,monthly,2015,793.0
059,Baqlajon,Баклажаны,Eggplant,Бақлажон,2015-08,monthly,2015,591.0
0060,Bulg'or qalampiri,Перец болгарский,Bell pepper,Булғор қалампири,2015-08,monthly,2015,865.0
061,Qovoq,Тыква,Pumpkin,Қовоқ,2015-08,monthly,2015,1175.0
063,Sabzi,Морковь,Carrot,Сабзи,2015-08,monthly,2015,1113.0
065,Sarimsoq,Чеснок,Garlic,Саримсоқ,2015-08,monthly,2015,8717.0
066,Piyoz,Лук репчатый,Onion,Пиёз,2015-08,monthly,2015,750.0
069,Kartoshka,Картофель,Potatoes,Картошка,2015-08,monthly,2015,732.0
001,Guruch,Рис,Rice,Гуруч,2015-09,monthly,2015,6260.0
003,Arpa,Ячмень,Barley,Арпа,2015-09,monthly,2015,1231.0
0004,Bug'doy,Пшеница,Wheat,Буғдой,2015-09,monthly,2015,1198.0
005,Jo'hori,Кукуруза,Corn,Жўҳори,2015-09,monthly,2015,1757.0
006,Kepak,Отруби,Bran,Кепак,2015-09,monthly,2015,821.0
010,Kombikorm,Комбикорм,Compound feed,Комбикорм,2015-09,monthly,2015,864.0
017,Mol go'shti,Говядина,Beef,Мол гўшти,2015-09,monthly,2015,23200.0
0020,Qo'y go'shti,Баранина,Mutton,Қўй гўшти,2015-09,monthly,2015,25400.0
026,Turli baliqlar,Рыба всякая,Fish of all kinds,Турли балиқлар,2015-09,monthly,2015,11500.0
027,Yangi sog'ilgan sut (1 litr),Молоко свежее (1 литр),Fresh milk (1 liter),Янги соғилган сут (1 литр),2015-09,monthly,2015,1678.0
034,Tuxum (10 dona),Яйца (10 штук),Eggs (10 pieces ),Тухум (10 дона),2015-09,monthly,2015,4074.0
037,Sariyog',Масло сливочное,Butter,Сариёғ,2015-09,monthly,2015,17333.0
039,Limon,Лимоны,Lemons,Лимон,2015-09,monthly,2015,17167.0
0040,Olma,Яблоки,Apples,Олма,2015-09,monthly,2015,2433.0
041,Nok,Груши,Pears,Нок,2015-09,monthly,2015,5033.0
049,Uzum,Виноград,Grape,Узум,2015-09,monthly,2015,2436.0
0050,Tarvuz,Арбуз,Watermelon,Тарвуз,2015-09,monthly,2015,593.0
0051,Qovun,Дыня,Melon,Қовун,2015-09,monthly,2015,685.0
053,Mayiz,Кишмиш,Kishmish,Майиз,2015-09,monthly,2015,13167.0
055,Karam,Капуста,Cabbage,Карам,2015-09,monthly,2015,918.0
057,Bodring,Огурцы,Cucumbers,Бодринг,2015-09,monthly,2015,1047.0
058,Pomidor,Помидоры,Tomatoes,Помидор,2015-09,monthly,2015,1283.0
059,Baqlajon,Баклажаны,Eggplant,Бақлажон,2015-09,monthly,2015,709.0
0060,Bulg'or qalampiri,Перец болгарский,Bell pepper,Булғор қалампири,2015-09,monthly,2015,860.0
061,Qovoq,Тыква,Pumpkin,Қовоқ,2015-09,monthly,2015,1367.0
063,Sabzi,Морковь,Carrot,Сабзи,2015-09,monthly,2015,1702.0
065,Sarimsoq,Чеснок,Garlic,Саримсоқ,2015-09,monthly,2015,9848.0
066,Piyoz,Лук репчатый,Onion,Пиёз,2015-09,monthly,2015,822.0
069,Kartoshka,Картофель,Potatoes,Картошка,2015-09,monthly,2015,898.0
001,Guruch,Рис,Rice,Гуруч,2015-10,monthly,2015,5370.0
003,Arpa,Ячмень,Barley,Арпа,2015-10,monthly,2015,1150.0
0004,Bug'doy,Пшеница,Wheat,Буғдой,2015-10,monthly,2015,1169.0
005,Jo'hori,Кукуруза,Corn,Жўҳори,2015-10,monthly,2015,1525.0
006,Kepak,Отруби,Bran,Кепак,2015-10,monthly,2015,846.0
010,Kombikorm,Комбикорм,Compound feed,Комбикорм,2015-10,monthly,2015,894.0
017,Mol go'shti,Говядина,Beef,Мол гўшти,2015-10,monthly,2015,23200.0
0020,Qo'y go'shti,Баранина,Mutton,Қўй гўшти,2015-10,monthly,2015,25400.0
026,Turli baliqlar,Рыба всякая,Fish of all kinds,Турли балиқлар,2015-10,monthly,2015,11375.0
027,Yangi sog'ilgan sut (1 litr),Молоко свежее (1 литр),Fresh milk (1 liter),Янги соғилган сут (1 литр),2015-10,monthly,2015,1815.0
034,Tuxum (10 dona),Яйца (10 штук),Eggs (10 pieces ),Тухум (10 дона),2015-10,monthly,2015,4723.0
037,Sariyog',Масло сливочное,Butter,Сариёғ,2015-10,monthly,2015,17333.0
039,Limon,Лимоны,Lemons,Лимон,2015-10,monthly,2015,15208.0
0040,Olma,Яблоки,Apples,Олма,2015-10,monthly,2015,2348.0
041,Nok,Груши,Pears,Нок,2015-10,monthly,2015,5692.0
049,Uzum,Виноград,Grape,Узум,2015-10,monthly,2015,2258.0
0050,Tarvuz,Арбуз,Watermelon,Тарвуз,2015-10,monthly,2015,752.0
0051,Qovun,Дыня,Melon,Қовун,2015-10,monthly,2015,866.0
053,Mayiz,Кишмиш,Kishmish,Майиз,2015-10,monthly,2015,13083.0
055,Karam,Капуста,Cabbage,Карам,2015-10,monthly,2015,1208.0
057,Bodring,Огурцы,Cucumbers,Бодринг,2015-10,monthly,2015,1658.0
058,Pomidor,Помидоры,Tomatoes,Помидор,2015-10,monthly,2015,2060.0
059,Baqlajon,Баклажаны,Eggplant,Бақлажон,2015-10,monthly,2015,829.0
0060,Bulg'or qalampiri,Перец болгарский,Bell pepper,Булғор қалампири,2015-10,monthly,2015,1031.0
061,Qovoq,Тыква,Pumpkin,Қовоқ,2015-10,monthly,2015,1268.0
063,Sabzi,Морковь,Carrot,Сабзи,2015-10,monthly,2015,1650.0
065,Sarimsoq,Чеснок,Garlic,Саримсоқ,2015-10,monthly,2015,10273.0
066,Piyoz,Лук репчатый,Onion,Пиёз,2015-10,monthly,2015,903.0
069,Kartoshka,Картофель,Potatoes,Картошка,2015-10,monthly,2015,1108.0
001,Guruch,Рис,Rice,Гуруч,2015-11,monthly,2015,4143.0
003,Arpa,Ячмень,Barley,Арпа,2015-11,monthly,2015,1079.0
0004,Bug'doy,Пшеница,Wheat,Буғдой,2015-11,monthly,2015,1098.0
005,Jo'hori,Кукуруза,Corn,Жўҳори,2015-11,monthly,2015,1244.0
006,Kepak,Отруби,Bran,Кепак,2015-11,monthly,2015,927.0
010,Kombikorm,Комбикорм,Compound feed,Комбикорм,2015-11,monthly,2015,977.0
017,Mol go'shti,Говядина,Beef,Мол гўшти,2015-11,monthly,2015,23200.0
0020,Qo'y go'shti,Баранина,Mutton,Қўй гўшти,2015-11,monthly,2015,25400.0
026,Turli baliqlar,Рыба всякая,Fish of all kinds,Турли балиқлар,2015-11,monthly,2015,9750.0
027,Yangi sog'ilgan sut (1 litr),Молоко свежее (1 литр),Fresh milk (1 liter),Янги соғилган сут (1 литр),2015-11,monthly,2015,1830.0
034,Tuxum (10 dona),Яйца (10 штук),Eggs (10 pieces ),Тухум (10 дона),2015-11,monthly,2015,4717.0
037,Sariyog',Масло сливочное,Butter,Сариёғ,2015-11,monthly,2015,17500.0
039,Limon,Лимоны,Lemons,Лимон,2015-11,monthly,2015,8542.0
0040,Olma,Яблоки,Apples,Олма,2015-11,monthly,2015,2684.0
041,Nok,Груши,Pears,Нок,2015-11,monthly,2015,6725.0
049,Uzum,Виноград,Grape,Узум,2015-11,monthly,2015,3033.0
0050,Tarvuz,Арбуз,Watermelon,Тарвуз,2015-11,monthly,2015,958.0
0051,Qovun,Дыня,Melon,Қовун,2015-11,monthly,2015,1088.0
053,Mayiz,Кишмиш,Kishmish,Майиз,2015-11,monthly,2015,13611.0
055,Karam,Капуста,Cabbage,Карам,2015-11,monthly,2015,941.0
057,Bodring,Огурцы,Cucumbers,Бодринг,2015-11,monthly,2015,3463.0
058,Pomidor,Помидоры,Tomatoes,Помидор,2015-11,monthly,2015,2973.0
059,Baqlajon,Баклажаны,Eggplant,Бақлажон,2015-11,monthly,2015,1090.0
0060,Bulg'or qalampiri,Перец болгарский,Bell pepper,Булғор қалампири,2015-11,monthly,2015,1481.0
061,Qovoq,Тыква,Pumpkin,Қовоқ,2015-11,monthly,2015,912.0
063,Sabzi,Морковь,Carrot,Сабзи,2015-11,monthly,2015,922.0
065,Sarimsoq,Чеснок,Garlic,Саримсоқ,2015-11,monthly,2015,11583.0
066,Piyoz,Лук репчатый,Onion,Пиёз,2015-11,monthly,2015,877.0
069,Kartoshka,Картофель,Potatoes,Картошка,2015-11,monthly,2015,1043.0
001,Guruch,Рис,Rice,Гуруч,2015-12,monthly,2015,3828.0
003,Arpa,Ячмень,Barley,Арпа,2015-12,monthly,2015,1154.0
0004,Bug'doy,Пшеница,Wheat,Буғдой,2015-12,monthly,2015,1170.0
005,Jo'hori,Кукуруза,Corn,Жўҳори,2015-12,monthly,2015,1365.0
006,Kepak,Отруби,Bran,Кепак,2015-12,monthly,2015,957.0
010,Kombikorm,Комбикорм,Compound feed,Комбикорм,2015-12,monthly,2015,989.0
017,Mol go'shti,Говядина,Beef,Мол гўшти,2015-12,monthly,2015,22475.0
0020,Qo'y go'shti,Баранина,Mutton,Қўй гўшти,2015-12,monthly,2015,24833.0
026,Turli baliqlar,Рыба всякая,Fish of all kinds,Турли балиқлар,2015-12,monthly,2015,8833.0
027,Yangi sog'ilgan sut (1 litr),Молоко свежее (1 литр),Fresh milk (1 liter),Янги соғилган сут (1 литр),2015-12,monthly,2015,1923.0
034,Tuxum (10 dona),Яйца (10 штук),Eggs (10 pieces ),Тухум (10 дона),2015-12,monthly,2015,4750.0
037,Sariyog',Масло сливочное,Butter,Сариёғ,2015-12,monthly,2015,17917.0
039,Limon,Лимоны,Lemons,Лимон,2015-12,monthly,2015,6602.0
0040,Olma,Яблоки,Apples,Олма,2015-12,monthly,2015,3045.0
041,Nok,Груши,Pears,Нок,2015-12,monthly,2015,7938.0
049,Uzum,Виноград,Grape,Узум,2015-12,monthly,2015,4280.0
0050,Tarvuz,Арбуз,Watermelon,Тарвуз,2015-12,monthly,2015,1273.0
0051,Qovun,Дыня,Melon,Қовун,2015-12,monthly,2015,1457.0
053,Mayiz,Кишмиш,Kishmish,Майиз,2015-12,monthly,2015,14262.0
055,Karam,Капуста,Cabbage,Карам,2015-12,monthly,2015,811.0
057,Bodring,Огурцы,Cucumbers,Бодринг,2015-12,monthly,2015,5933.0
058,Pomidor,Помидоры,Tomatoes,Помидор,2015-12,monthly,2015,3637.0
0060,Bulg'or qalampiri,Перец болгарский,Bell pepper,Булғор қалампири,2015-12,monthly,2015,2150.0
061,Qovoq,Тыква,Pumpkin,Қовоқ,2015-12,monthly,2015,939.0
063,Sabzi,Морковь,Carrot,Сабзи,2015-12,monthly,2015,718.0
065,Sarimsoq,Чеснок,Garlic,Саримсоқ,2015-12,monthly,2015,12465.0
066,Piyoz,Лук репчатый,Onion,Пиёз,2015-12,monthly,2015,782.0
069,Kartoshka,Картофель,Potatoes,Картошка,2015-12,monthly,2015,1037.0
001,Guruch,Рис,Rice,Гуруч,2016-01,monthly,2016,3683.0
003,Arpa,Ячмень,Barley,Арпа,2016-01,monthly,2016,1246.0
0004,Bug'doy,Пшеница,Wheat,Буғдой,2016-01,monthly,2016,1229.0
005,Jo'hori,Кукуруза,Corn,Жўҳори,2016-01,monthly,2016,1428.0
006,Kepak,Отруби,Bran,Кепак,2016-01,monthly,2016,962.0
010,Kombikorm,Комбикорм,Compound feed,Комбикорм,2016-01,monthly,2016,994.0
017,Mol go'shti,Говядина,Beef,Мол гўшти,2016-01,monthly,2016,21800.0
0020,Qo'y go'shti,Баранина,Mutton,Қўй гўшти,2016-01,monthly,2016,24167.0
026,Turli baliqlar,Рыба всякая,Fish of all kinds,Турли балиқлар,2016-01,monthly,2016,9250.0
027,Yangi sog'ilgan sut (1 litr),Молоко свежее (1 литр),Fresh milk (1 liter),Янги соғилган сут (1 литр),2016-01,monthly,2016,2127.0
034,Tuxum (10 dona),Яйца (10 штук),Eggs (10 pieces ),Тухум (10 дона),2016-01,monthly,2016,4863.0
037,Sariyog',Масло сливочное,Butter,Сариёғ,2016-01,monthly,2016,18528.0
039,Limon,Лимоны,Lemons,Лимон,2016-01,monthly,2016,5825.0
0040,Olma,Яблоки,Apples,Олма,2016-01,monthly,2016,3305.0
041,Nok,Груши,Pears,Нок,2016-01,monthly,2016,8917.0
049,Uzum,Виноград,Grape,Узум,2016-01,monthly,2016,5325.0
0050,Tarvuz,Арбуз,Watermelon,Тарвуз,2016-01,monthly,2016,1893.0
0051,Qovun,Дыня,Melon,Қовун,2016-01,monthly,2016,2120.0
053,Mayiz,Кишмиш,Kishmish,Майиз,2016-01,monthly,2016,14617.0
055,Karam,Капуста,Cabbage,Карам,2016-01,monthly,2016,739.0
057,Bodring,Огурцы,Cucumbers,Бодринг,2016-01,monthly,2016,8574.0
058,Pomidor,Помидоры,Tomatoes,Помидор,2016-01,monthly,2016,5010.0
061,Qovoq,Тыква,Pumpkin,Қовоқ,2016-01,monthly,2016,917.0
063,Sabzi,Морковь,Carrot,Сабзи,2016-01,monthly,2016,653.0
065,Sarimsoq,Чеснок,Garlic,Саримсоқ,2016-01,monthly,2016,13213.0
066,Piyoz,Лук репчатый,Onion,Пиёз,2016-01,monthly,2016,757.0
069,Kartoshka,Картофель,Potatoes,Картошка,2016-01,monthly,2016,965.0
001,Guruch,Рис,Rice,Гуруч,2016-02,monthly,2016,3792.0
003,Arpa,Ячмень,Barley,Арпа,2016-02,monthly,2016,1381.0
0004,Bug'doy,Пшеница,Wheat,Буғдой,2016-02,monthly,2016,1356.0
005,Jo'hori,Кукуруза,Corn,Жўҳори,2016-02,monthly,2016,1439.0
006,Kepak,Отруби,Bran,Кепак,2016-02,monthly,2016,983.0
010,Kombikorm,Комбикорм,Compound feed,Комбикорм,2016-02,monthly,2016,1007.0
017,Mol go'shti,Говядина,Beef,Мол гўшти,2016-02,monthly,2016,22183.0
0020,Qo'y go'shti,Баранина,Mutton,Қўй гўшти,2016-02,monthly,2016,24500.0
026,Turli baliqlar,Рыба всякая,Fish of all kinds,Турли балиқлар,2016-02,monthly,2016,10208.0
027,Yangi sog'ilgan sut (1 litr),Молоко свежее (1 литр),Fresh milk (1 liter),Янги соғилган сут (1 литр),2016-02,monthly,2016,2243.0
034,Tuxum (10 dona),Яйца (10 штук),Eggs (10 pieces ),Тухум (10 дона),2016-02,monthly,2016,4748.0
037,Sariyog',Масло сливочное,Butter,Сариёғ,2016-02,monthly,2016,19111.0
039,Limon,Лимоны,Lemons,Лимон,2016-02,monthly,2016,7588.0
0040,Olma,Яблоки,Apples,Олма,2016-02,monthly,2016,3663.0
041,Nok,Груши,Pears,Нок,2016-02,monthly,2016,9250.0
049,Uzum,Виноград,Grape,Узум,2016-02,monthly,2016,6605.0
053,Mayiz,Кишмиш,Kishmish,Майиз,2016-02,monthly,2016,14952.0
055,Karam,Капуста,Cabbage,Карам,2016-02,monthly,2016,739.0
057,Bodring,Огурцы,Cucumbers,Бодринг,2016-02,monthly,2016,7374.0
058,Pomidor,Помидоры,Tomatoes,Помидор,2016-02,monthly,2016,6343.0
061,Qovoq,Тыква,Pumpkin,Қовоқ,2016-02,monthly,2016,1053.0
063,Sabzi,Морковь,Carrot,Сабзи,2016-02,monthly,2016,667.0
065,Sarimsoq,Чеснок,Garlic,Саримсоқ,2016-02,monthly,2016,14050.0
066,Piyoz,Лук репчатый,Onion,Пиёз,2016-02,monthly,2016,775.0
069,Kartoshka,Картофель,Potatoes,Картошка,2016-02,monthly,2016,993.0
001,Guruch,Рис,Rice,Гуруч,2016-03,monthly,2016,3593.0
003,Arpa,Ячмень,Barley,Арпа,2016-03,monthly,2016,1394.0
0004,Bug'doy,Пшеница,Wheat,Буғдой,2016-03,monthly,2016,1380.0
005,Jo'hori,Кукуруза,Corn,Жўҳори,2016-03,monthly,2016,1472.0
006,Kepak,Отруби,Bran,Кепак,2016-03,monthly,2016,1023.0
010,Kombikorm,Комбикорм,Compound feed,Комбикорм,2016-03,monthly,2016,1037.0
017,Mol go'shti,Говядина,Beef,Мол гўшти,2016-03,monthly,2016,22500.0
0020,Qo'y go'shti,Баранина,Mutton,Қўй гўшти,2016-03,monthly,2016,24783.0
026,Turli baliqlar,Рыба всякая,Fish of all kinds,Турли балиқлар,2016-03,monthly,2016,11167.0
027,Yangi sog'ilgan sut (1 litr),Молоко свежее (1 литр),Fresh milk (1 liter),Янги соғилган сут (1 литр),2016-03,monthly,2016,1970.0
034,Tuxum (10 dona),Яйца (10 штук),Eggs (10 pieces ),Тухум (10 дона),2016-03,monthly,2016,4273.0
037,Sariyog',Масло сливочное,Butter,Сариёғ,2016-03,monthly,2016,18917.0
039,Limon,Лимоны,Lemons,Лимон,2016-03,monthly,2016,10121.0
0040,Olma,Яблоки,Apples,Олма,2016-03,monthly,2016,4050.0
041,Nok,Груши,Pears,Нок,2016-03,monthly,2016,11250.0
053,Mayiz,Кишмиш,Kishmish,Майиз,2016-03,monthly,2016,15095.0
055,Karam,Капуста,Cabbage,Карам,2016-03,monthly,2016,737.0
057,Bodring,Огурцы,Cucumbers,Бодринг,2016-03,monthly,2016,7063.0
058,Pomidor,Помидоры,Tomatoes,Помидор,2016-03,monthly,2016,8358.0
061,Qovoq,Тыква,Pumpkin,Қовоқ,2016-03,monthly,2016,1000.0
063,Sabzi,Морковь,Carrot,Сабзи,2016-03,monthly,2016,734.0
065,Sarimsoq,Чеснок,Garlic,Саримсоқ,2016-03,monthly,2016,14350.0
066,Piyoz,Лук репчатый,Onion,Пиёз,2016-03,monthly,2016,703.0
069,Kartoshka,Картофель,Potatoes,Картошка,2016-03,monthly,2016,882.0
001,Guruch,Рис,Rice,Гуруч,2016-04,monthly,2016,3628.0
003,Arpa,Ячмень,Barley,Арпа,2016-04,monthly,2016,1372.0
0004,Bug'doy,Пшеница,Wheat,Буғдой,2016-04,monthly,2016,1367.0
005,Jo'hori,Кукуруза,Corn,Жўҳори,2016-04,monthly,2016,1468.0
006,Kepak,Отруби,Bran,Кепак,2016-04,monthly,2016,1030.0
010,Kombikorm,Комбикорм,Compound feed,Комбикорм,2016-04,monthly,2016,1058.0
017,Mol go'shti,Говядина,Beef,Мол гўшти,2016-04,monthly,2016,22533.0
0020,Qo'y go'shti,Баранина,Mutton,Қўй гўшти,2016-04,monthly,2016,24883.0
026,Turli baliqlar,Рыба всякая,Fish of all kinds,Турли балиқлар,2016-04,monthly,2016,11447.0
027,Yangi sog'ilgan sut (1 litr),Молоко свежее (1 литр),Fresh milk (1 liter),Янги соғилган сут (1 литр),2016-04,monthly,2016,1923.0
034,Tuxum (10 dona),Яйца (10 штук),Eggs (10 pieces ),Тухум (10 дона),2016-04,monthly,2016,4237.0
037,Sariyog',Масло сливочное,Butter,Сариёғ,2016-04,monthly,2016,18306.0
039,Limon,Лимоны,Lemons,Лимон,2016-04,monthly,2016,10340.0
0040,Olma,Яблоки,Apples,Олма,2016-04,monthly,2016,4637.0
041,Nok,Груши,Pears,Нок,2016-04,monthly,2016,11567.0
053,Mayiz,Кишмиш,Kishmish,Майиз,2016-04,monthly,2016,15333.0
055,Karam,Капуста,Cabbage,Карам,2016-04,monthly,2016,1221.0
057,Bodring,Огурцы,Cucumbers,Бодринг,2016-04,monthly,2016,3541.0
058,Pomidor,Помидоры,Tomatoes,Помидор,2016-04,monthly,2016,9585.0
063,Sabzi,Морковь,Carrot,Сабзи,2016-04,monthly,2016,977.0
065,Sarimsoq,Чеснок,Garlic,Саримсоқ,2016-04,monthly,2016,14950.0
066,Piyoz,Лук репчатый,Onion,Пиёз,2016-04,monthly,2016,698.0
069,Kartoshka,Картофель,Potatoes,Картошка,2016-04,monthly,2016,1474.0
001,Guruch,Рис,Rice,Гуруч,2016-05,monthly,2016,3690.0
003,Arpa,Ячмень,Barley,Арпа,2016-05,monthly,2016,1364.0
0004,Bug'doy,Пшеница,Wheat,Буғдой,2016-05,monthly,2016,1362.0
005,Jo'hori,Кукуруза,Corn,Жўҳори,2016-05,monthly,2016,1534.0
006,Kepak,Отруби,Bran,Кепак,2016-05,monthly,2016,1026.0
010,Kombikorm,Комбикорм,Compound feed,Комбикорм,2016-05,monthly,2016,1046.0
017,Mol go'shti,Говядина,Beef,Мол гўшти,2016-05,monthly,2016,22533.0
0020,Qo'y go'shti,Баранина,Mutton,Қўй гўшти,2016-05,monthly,2016,24900.0
026,Turli baliqlar,Рыба всякая,Fish of all kinds,Турли балиқлар,2016-05,monthly,2016,11000.0
027,Yangi sog'ilgan sut (1 litr),Молоко свежее (1 литр),Fresh milk (1 liter),Янги соғилган сут (1 литр),2016-05,monthly,2016,1743.0
034,Tuxum (10 dona),Яйца (10 штук),Eggs (10 pieces ),Тухум (10 дона),2016-05,monthly,2016,4467.0
037,Sariyog',Масло сливочное,Butter,Сариёғ,2016-05,monthly,2016,18167.0
039,Limon,Лимоны,Lemons,Лимон,2016-05,monthly,2016,11310.0
0040,Olma,Яблоки,Apples,Олма,2016-05,monthly,2016,4600.0
041,Nok,Груши,Pears,Нок,2016-05,monthly,2016,12667.0
053,Mayiz,Кишмиш,Kishmish,Майиз,2016-05,monthly,2016,15786.0
055,Karam,Капуста,Cabbage,Карам,2016-05,monthly,2016,899.0
057,Bodring,Огурцы,Cucumbers,Бодринг,2016-05,monthly,2016,1792.0
058,Pomidor,Помидоры,Tomatoes,Помидор,2016-05,monthly,2016,5330.0
059,Baqlajon,Баклажаны,Eggplant,Бақлажон,2016-05,monthly,2016,4958.0
0060,Bulg'or qalampiri,Перец болгарский,Bell pepper,Булғор қалампири,2016-05,monthly,2016,4456.0
063,Sabzi,Морковь,Carrot,Сабзи,2016-05,monthly,2016,1093.0
065,Sarimsoq,Чеснок,Garlic,Саримсоқ,2016-05,monthly,2016,10100.0
066,Piyoz,Лук репчатый,Onion,Пиёз,2016-05,monthly,2016,767.0
069,Kartoshka,Картофель,Potatoes,Картошка,2016-05,monthly,2016,974.0
001,Guruch,Рис,Rice,Гуруч,2016-06,monthly,2016,3803.0
003,Arpa,Ячмень,Barley,Арпа,2016-06,monthly,2016,1363.0
0004,Bug'doy,Пшеница,Wheat,Буғдой,2016-06,monthly,2016,1262.0
005,Jo'hori,Кукуруза,Corn,Жўҳори,2016-06,monthly,2016,1467.0
006,Kepak,Отруби,Bran,Кепак,2016-06,monthly,2016,1026.0
010,Kombikorm,Комбикорм,Compound feed,Комбикорм,2016-06,monthly,2016,1046.0
017,Mol go'shti,Говядина,Beef,Мол гўшти,2016-06,monthly,2016,22575.0
0020,Qo'y go'shti,Баранина,Mutton,Қўй гўшти,2016-06,monthly,2016,24917.0
027,Yangi sog'ilgan sut (1 litr),Молоко свежее (1 литр),Fresh milk (1 liter),Янги соғилган сут (1 литр),2016-06,monthly,2016,1683.0
034,Tuxum (10 dona),Яйца (10 штук),Eggs (10 pieces ),Тухум (10 дона),2016-06,monthly,2016,4230.0
037,Sariyog',Масло сливочное,Butter,Сариёғ,2016-06,monthly,2016,18167.0
039,Limon,Лимоны,Lemons,Лимон,2016-06,monthly,2016,16556.0
0040,Olma,Яблоки,Apples,Олма,2016-06,monthly,2016,3023.0
041,Nok,Груши,Pears,Нок,2016-06,monthly,2016,12444.0
049,Uzum,Виноград,Grape,Узум,2016-06,monthly,2016,3600.0
0050,Tarvuz,Арбуз,Watermelon,Тарвуз,2016-06,monthly,2016,1973.0
0051,Qovun,Дыня,Melon,Қовун,2016-06,monthly,2016,3664.0
053,Mayiz,Кишмиш,Kishmish,Майиз,2016-06,monthly,2016,16000.0
055,Karam,Капуста,Cabbage,Карам,2016-06,monthly,2016,737.0
057,Bodring,Огурцы,Cucumbers,Бодринг,2016-06,monthly,2016,1798.0
058,Pomidor,Помидоры,Tomatoes,Помидор,2016-06,monthly,2016,2157.0
059,Baqlajon,Баклажаны,Eggplant,Бақлажон,2016-06,monthly,2016,2423.0
0060,Bulg'or qalampiri,Перец болгарский,Bell pepper,Булғор қалампири,2016-06,monthly,2016,2520.0
063,Sabzi,Морковь,Carrot,Сабзи,2016-06,monthly,2016,1043.0
065,Sarimsoq,Чеснок,Garlic,Саримсоқ,2016-06,monthly,2016,5203.0
066,Piyoz,Лук репчатый,Onion,Пиёз,2016-06,monthly,2016,788.0
069,Kartoshka,Картофель,Potatoes,Картошка,2016-06,monthly,2016,981.0
001,Guruch,Рис,Rice,Гуруч,2016-07,monthly,2016,3943.0
003,Arpa,Ячмень,Barley,Арпа,2016-07,monthly,2016,1217.0
0004,Bug'doy,Пшеница,Wheat,Буғдой,2016-07,monthly,2016,1046.0
005,Jo'hori,Кукуруза,Corn,Жўҳори,2016-07,monthly,2016,1478.0
006,Kepak,Отруби,Bran,Кепак,2016-07,monthly,2016,965.0
010,Kombikorm,Комбикорм,Compound feed,Комбикорм,2016-07,monthly,2016,979.0
017,Mol go'shti,Говядина,Beef,Мол гўшти,2016-07,monthly,2016,23092.0
0020,Qo'y go'shti,Баранина,Mutton,Қўй гўшти,2016-07,monthly,2016,25283.0
026,Turli baliqlar,Рыба всякая,Fish of all kinds,Турли балиқлар,2016-07,monthly,2016,13500.0
027,Yangi sog'ilgan sut (1 litr),Молоко свежее (1 литр),Fresh milk (1 liter),Янги соғилган сут (1 литр),2016-07,monthly,2016,1640.0
034,Tuxum (10 dona),Яйца (10 штук),Eggs (10 pieces ),Тухум (10 дона),2016-07,monthly,2016,4327.0
037,Sariyog',Масло сливочное,Butter,Сариёғ,2016-07,monthly,2016,17944.0
039,Limon,Лимоны,Lemons,Лимон,2016-07,monthly,2016,17590.0
0040,Olma,Яблоки,Apples,Олма,2016-07,monthly,2016,2467.0
041,Nok,Груши,Pears,Нок,2016-07,monthly,2016,7278.0
049,Uzum,Виноград,Grape,Узум,2016-07,monthly,2016,2947.0
0050,Tarvuz,Арбуз,Watermelon,Тарвуз,2016-07,monthly,2016,952.0
0051,Qovun,Дыня,Melon,Қовун,2016-07,monthly,2016,1363.0
053,Mayiz,Кишмиш,Kishmish,Майиз,2016-07,monthly,2016,15944.0
055,Karam,Капуста,Cabbage,Карам,2016-07,monthly,2016,933.0
057,Bodring,Огурцы,Cucumbers,Бодринг,2016-07,monthly,2016,1873.0
058,Pomidor,Помидоры,Tomatoes,Помидор,2016-07,monthly,2016,1703.0
059,Baqlajon,Баклажаны,Eggplant,Бақлажон,2016-07,monthly,2016,1145.0
0060,Bulg'or qalampiri,Перец болгарский,Bell pepper,Булғор қалампири,2016-07,monthly,2016,1543.0
063,Sabzi,Морковь,Carrot,Сабзи,2016-07,monthly,2016,997.0
065,Sarimsoq,Чеснок,Garlic,Саримсоқ,2016-07,monthly,2016,5570.0
066,Piyoz,Лук репчатый,Onion,Пиёз,2016-07,monthly,2016,870.0
069,Kartoshka,Картофель,Potatoes,Картошка,2016-07,monthly,2016,965.0
001,Guruch,Рис,Rice,Гуруч,2016-08,monthly,2016,3983.0
003,Arpa,Ячмень,Barley,Арпа,2016-08,monthly,2016,1179.0
0004,Bug'doy,Пшеница,Wheat,Буғдой,2016-08,monthly,2016,1076.0
005,Jo'hori,Кукуруза,Corn,Жўҳори,2016-08,monthly,2016,1550.0
006,Kepak,Отруби,Bran,Кепак,2016-08,monthly,2016,960.0
010,Kombikorm,Комбикорм,Compound feed,Комбикорм,2016-08,monthly,2016,970.0
017,Mol go'shti,Говядина,Beef,Мол гўшти,2016-08,monthly,2016,23933.0
0020,Qo'y go'shti,Баранина,Mutton,Қўй гўшти,2016-08,monthly,2016,26100.0
026,Turli baliqlar,Рыба всякая,Fish of all kinds,Турли балиқлар,2016-08,monthly,2016,14417.0
027,Yangi sog'ilgan sut (1 litr),Молоко свежее (1 литр),Fresh milk (1 liter),Янги соғилган сут (1 литр),2016-08,monthly,2016,1633.0
034,Tuxum (10 dona),Яйца (10 штук),Eggs (10 pieces ),Тухум (10 дона),2016-08,monthly,2016,4463.0
037,Sariyog',Масло сливочное,Butter,Сариёғ,2016-08,monthly,2016,18000.0
039,Limon,Лимоны,Lemons,Лимон,2016-08,monthly,2016,16190.0
0040,Olma,Яблоки,Apples,Олма,2016-08,monthly,2016,2290.0
041,Nok,Груши,Pears,Нок,2016-08,monthly,2016,5008.0
049,Uzum,Виноград,Grape,Узум,2016-08,monthly,2016,2620.0
0050,Tarvuz,Арбуз,Watermelon,Тарвуз,2016-08,monthly,2016,548.0
0051,Qovun,Дыня,Melon,Қовун,2016-08,monthly,2016,725.0
053,Mayiz,Кишмиш,Kishmish,Майиз,2016-08,monthly,2016,15878.0
055,Karam,Капуста,Cabbage,Карам,2016-08,monthly,2016,1113.0
057,Bodring,Огурцы,Cucumbers,Бодринг,2016-08,monthly,2016,1714.0
058,Pomidor,Помидоры,Tomatoes,Помидор,2016-08,monthly,2016,1767.0
059,Baqlajon,Баклажаны,Eggplant,Бақлажон,2016-08,monthly,2016,912.0
0060,Bulg'or qalampiri,Перец болгарский,Bell pepper,Булғор қалампири,2016-08,monthly,2016,1348.0
063,Sabzi,Морковь,Carrot,Сабзи,2016-08,monthly,2016,1185.0
065,Sarimsoq,Чеснок,Garlic,Саримсоқ,2016-08,monthly,2016,6670.0
066,Piyoz,Лук репчатый,Onion,Пиёз,2016-08,monthly,2016,942.0
069,Kartoshka,Картофель,Potatoes,Картошка,2016-08,monthly,2016,1023.0
001,Guruch,Рис,Rice,Гуруч,2016-09,monthly,2016,3775.0
003,Arpa,Ячмень,Barley,Арпа,2016-09,monthly,2016,1125.0
0004,Bug'doy,Пшеница,Wheat,Буғдой,2016-09,monthly,2016,1073.0
005,Jo'hori,Кукуруза,Corn,Жўҳори,2016-09,monthly,2016,1415.0
006,Kepak,Отруби,Bran,Кепак,2016-09,monthly,2016,951.0
010,Kombikorm,Комбикорм,Compound feed,Комбикорм,2016-09,monthly,2016,981.0
017,Mol go'shti,Говядина,Beef,Мол гўшти,2016-09,monthly,2016,24352.0
0020,Qo'y go'shti,Баранина,Mutton,Қўй гўшти,2016-09,monthly,2016,26433.0
026,Turli baliqlar,Рыба всякая,Fish of all kinds,Турли балиқлар,2016-09,monthly,2016,13750.0
027,Yangi sog'ilgan sut (1 litr),Молоко свежее (1 литр),Fresh milk (1 liter),Янги соғилган сут (1 литр),2016-09,monthly,2016,1693.0
034,Tuxum (10 dona),Яйца (10 штук),Eggs (10 pieces ),Тухум (10 дона),2016-09,monthly,2016,4587.0
037,Sariyog',Масло сливочное,Butter,Сариёғ,2016-09,monthly,2016,18306.0
039,Limon,Лимоны,Lemons,Лимон,2016-09,monthly,2016,14490.0
0040,Olma,Яблоки,Apples,Олма,2016-09,monthly,2016,2457.0
041,Nok,Груши,Pears,Нок,2016-09,monthly,2016,5419.0
049,Uzum,Виноград,Grape,Узум,2016-09,monthly,2016,2652.0
0050,Tarvuz,Арбуз,Watermelon,Тарвуз,2016-09,monthly,2016,663.0
0051,Qovun,Дыня,Melon,Қовун,2016-09,monthly,2016,797.0
053,Mayiz,Кишмиш,Kishmish,Майиз,2016-09,monthly,2016,15756.0
055,Karam,Капуста,Cabbage,Карам,2016-09,monthly,2016,1172.0
057,Bodring,Огурцы,Cucumbers,Бодринг,2016-09,monthly,2016,1602.0
058,Pomidor,Помидоры,Tomatoes,Помидор,2016-09,monthly,2016,2158.0
059,Baqlajon,Баклажаны,Eggplant,Бақлажон,2016-09,monthly,2016,1182.0
0060,Bulg'or qalampiri,Перец болгарский,Bell pepper,Булғор қалампири,2016-09,monthly,2016,1425.0
061,Qovoq,Тыква,Pumpkin,Қовоқ,2016-09,monthly,2016,1244.0
063,Sabzi,Морковь,Carrot,Сабзи,2016-09,monthly,2016,1512.0
065,Sarimsoq,Чеснок,Garlic,Саримсоқ,2016-09,monthly,2016,7850.0
066,Piyoz,Лук репчатый,Onion,Пиёз,2016-09,monthly,2016,990.0
069,Kartoshka,Картофель,Potatoes,Картошка,2016-09,monthly,2016,1503.0
001,Guruch,Рис,Rice,Гуруч,2016-10,monthly,2016,3970.0
003,Arpa,Ячмень,Barley,Арпа,2016-10,monthly,2016,1194.0
0004,Bug'doy,Пшеница,Wheat,Буғдой,2016-10,monthly,2016,1213.0
005,Jo'hori,Кукуруза,Corn,Жўҳори,2016-10,monthly,2016,1485.0
006,Kepak,Отруби,Bran,Кепак,2016-10,monthly,2016,986.0
010,Kombikorm,Комбикорм,Compound feed,Комбикорм,2016-10,monthly,2016,1005.0
011,Oliy navli bug'doy uni,Мука пшеничная высшего сорта,High-grade wheat flour,Олий навли буғдой уни,2016-10,monthly,2016,2450.0
017,Mol go'shti,Говядина,Beef,Мол гўшти,2016-10,monthly,2016,24433.0
0020,Qo'y go'shti,Баранина,Mutton,Қўй гўшти,2016-10,monthly,2016,26817.0
026,Turli baliqlar,Рыба всякая,Fish of all kinds,Турли балиқлар,2016-10,monthly,2016,12611.0
027,Yangi sog'ilgan sut (1 litr),Молоко свежее (1 литр),Fresh milk (1 liter),Янги соғилган сут (1 литр),2016-10,monthly,2016,1843.0
034,Tuxum (10 dona),Яйца (10 штук),Eggs (10 pieces ),Тухум (10 дона),2016-10,monthly,2016,4683.0
037,Sariyog',Масло сливочное,Butter,Сариёғ,2016-10,monthly,2016,19583.0
039,Limon,Лимоны,Lemons,Лимон,2016-10,monthly,2016,11643.0
0040,Olma,Яблоки,Apples,Олма,2016-10,monthly,2016,2843.0
041,Nok,Груши,Pears,Нок,2016-10,monthly,2016,6119.0
049,Uzum,Виноград,Grape,Узум,2016-10,monthly,2016,2933.0
0050,Tarvuz,Арбуз,Watermelon,Тарвуз,2016-10,monthly,2016,1067.0
0051,Qovun,Дыня,Melon,Қовун,2016-10,monthly,2016,1319.0
053,Mayiz,Кишмиш,Kishmish,Майиз,2016-10,monthly,2016,15361.0
055,Karam,Капуста,Cabbage,Карам,2016-10,monthly,2016,1155.0
057,Bodring,Огурцы,Cucumbers,Бодринг,2016-10,monthly,2016,3232.0
058,Pomidor,Помидоры,Tomatoes,Помидор,2016-10,monthly,2016,3747.0
059,Baqlajon,Баклажаны,Eggplant,Бақлажон,2016-10,monthly,2016,1555.0
0060,Bulg'or qalampiri,Перец болгарский,Bell pepper,Булғор қалампири,2016-10,monthly,2016,1937.0
061,Qovoq,Тыква,Pumpkin,Қовоқ,2016-10,monthly,2016,941.0
063,Sabzi,Морковь,Carrot,Сабзи,2016-10,monthly,2016,1313.0
065,Sarimsoq,Чеснок,Garlic,Саримсоқ,2016-10,monthly,2016,9967.0
066,Piyoz,Лук репчатый,Onion,Пиёз,2016-10,monthly,2016,972.0
069,Kartoshka,Картофель,Potatoes,Картошка,2016-10,monthly,2016,1921.0
001,Guruch,Рис,Rice,Гуруч,2016-11,monthly,2016,4073.0
003,Arpa,Ячмень,Barley,Арпа,2016-11,monthly,2016,1333.0
0004,Bug'doy,Пшеница,Wheat,Буғдой,2016-11,monthly,2016,1472.0
005,Jo'hori,Кукуруза,Corn,Жўҳори,2016-11,monthly,2016,1533.0
006,Kepak,Отруби,Bran,Кепак,2016-11,monthly,2016,1059.0
010,Kombikorm,Комбикорм,Compound feed,Комбикорм,2016-11,monthly,2016,1202.0
011,Oliy navli bug'doy uni,Мука пшеничная высшего сорта,High-grade wheat flour,Олий навли буғдой уни,2016-11,monthly,2016,1839.0
017,Mol go'shti,Говядина,Beef,Мол гўшти,2016-11,monthly,2016,24283.0
0020,Qo'y go'shti,Баранина,Mutton,Қўй гўшти,2016-11,monthly,2016,26750.0
026,Turli baliqlar,Рыба всякая,Fish of all kinds,Турли балиқлар,2016-11,monthly,2016,10556.0
027,Yangi sog'ilgan sut (1 litr),Молоко свежее (1 литр),Fresh milk (1 liter),Янги соғилган сут (1 литр),2016-11,monthly,2016,2000.0
034,Tuxum (10 dona),Яйца (10 штук),Eggs (10 pieces ),Тухум (10 дона),2016-11,monthly,2016,4835.0
037,Sariyog',Масло сливочное,Butter,Сариёғ,2016-11,monthly,2016,20766.0
039,Limon,Лимоны,Lemons,Лимон,2016-11,monthly,2016,7302.0
0040,Olma,Яблоки,Apples,Олма,2016-11,monthly,2016,3020.0
041,Nok,Груши,Pears,Нок,2016-11,monthly,2016,7556.0
049,Uzum,Виноград,Grape,Узум,2016-11,monthly,2016,4325.0
0050,Tarvuz,Арбуз,Watermelon,Тарвуз,2016-11,monthly,2016,1575.0
0051,Qovun,Дыня,Melon,Қовун,2016-11,monthly,2016,1950.0
053,Mayiz,Кишмиш,Kishmish,Майиз,2016-11,monthly,2016,14306.0
055,Karam,Капуста,Cabbage,Карам,2016-11,monthly,2016,1232.0
057,Bodring,Огурцы,Cucumbers,Бодринг,2016-11,monthly,2016,4266.0
058,Pomidor,Помидоры,Tomatoes,Помидор,2016-11,monthly,2016,4092.0
059,Baqlajon,Баклажаны,Eggplant,Бақлажон,2016-11,monthly,2016,2050.0
0060,Bulg'or qalampiri,Перец болгарский,Bell pepper,Булғор қалампири,2016-11,monthly,2016,2217.0
061,Qovoq,Тыква,Pumpkin,Қовоқ,2016-11,monthly,2016,801.0
063,Sabzi,Морковь,Carrot,Сабзи,2016-11,monthly,2016,940.0
065,Sarimsoq,Чеснок,Garlic,Саримсоқ,2016-11,monthly,2016,10900.0
066,Piyoz,Лук репчатый,Onion,Пиёз,2016-11,monthly,2016,1408.0
069,Kartoshka,Картофель,Potatoes,Картошка,2016-11,monthly,2016,1960.0
001,Guruch,Рис,Rice,Гуруч,2016-12,monthly,2016,4023.0
003,Arpa,Ячмень,Barley,Арпа,2016-12,monthly,2016,1350.0
0004,Bug'doy,Пшеница,Wheat,Буғдой,2016-12,monthly,2016,1454.0
005,Jo'hori,Кукуруза,Corn,Жўҳори,2016-12,monthly,2016,1533.0
006,Kepak,Отруби,Bran,Кепак,2016-12,monthly,2016,1072.0
010,Kombikorm,Комбикорм,Compound feed,Комбикорм,2016-12,monthly,2016,1275.0
011,Oliy navli bug'doy uni,Мука пшеничная высшего сорта,High-grade wheat flour,Олий навли буғдой уни,2016-12,monthly,2016,1956.0
017,Mol go'shti,Говядина,Beef,Мол гўшти,2016-12,monthly,2016,24183.0
0020,Qo'y go'shti,Баранина,Mutton,Қўй гўшти,2016-12,monthly,2016,26183.0
026,Turli baliqlar,Рыба всякая,Fish of all kinds,Турли балиқлар,2016-12,monthly,2016,9167.0
027,Yangi sog'ilgan sut (1 litr),Молоко свежее (1 литр),Fresh milk (1 liter),Янги соғилган сут (1 литр),2016-12,monthly,2016,2007.0
034,Tuxum (10 dona),Яйца (10 штук),Eggs (10 pieces ),Тухум (10 дона),2016-12,monthly,2016,5088.0
037,Sariyog',Масло сливочное,Butter,Сариёғ,2016-12,monthly,2016,21352.0
039,Limon,Лимоны,Lemons,Лимон,2016-12,monthly,2016,6170.0
0040,Olma,Яблоки,Apples,Олма,2016-12,monthly,2016,3033.0
041,Nok,Груши,Pears,Нок,2016-12,monthly,2016,8111.0
049,Uzum,Виноград,Grape,Узум,2016-12,monthly,2016,5319.0
0050,Tarvuz,Арбуз,Watermelon,Тарвуз,2016-12,monthly,2016,2233.0
0051,Qovun,Дыня,Melon,Қовун,2016-12,monthly,2016,2683.0
053,Mayiz,Кишмиш,Kishmish,Майиз,2016-12,monthly,2016,14833.0
055,Karam,Капуста,Cabbage,Карам,2016-12,monthly,2016,1455.0
057,Bodring,Огурцы,Cucumbers,Бодринг,2016-12,monthly,2016,7513.0
058,Pomidor,Помидоры,Tomatoes,Помидор,2016-12,monthly,2016,4473.0
061,Qovoq,Тыква,Pumpkin,Қовоқ,2016-12,monthly,2016,770.0
063,Sabzi,Морковь,Carrot,Сабзи,2016-12,monthly,2016,808.0
065,Sarimsoq,Чеснок,Garlic,Саримсоқ,2016-12,monthly,2016,15267.0
066,Piyoz,Лук репчатый,Onion,Пиёз,2016-12,monthly,2016,1370.0
069,Kartoshka,Картофель,Potatoes,Картошка,2016-12,monthly,2016,2400.0
001,Guruch,Рис,Rice,Гуруч,2017-01,monthly,2017,3982.0
003,Arpa,Ячмень,Barley,Арпа,2017-01,monthly,2017,1384.0
0004,Bug'doy,Пшеница,Wheat,Буғдой,2017-01,monthly,2017,1456.0
005,Jo'hori,Кукуруза,Corn,Жўҳори,2017-01,monthly,2017,1571.0
006,Kepak,Отруби,Bran,Кепак,2017-01,monthly,2017,1080.0
010,Kombikorm,Комбикорм,Compound feed,Комбикорм,2017-01,monthly,2017,1275.0
011,Oliy navli bug'doy uni,Мука пшеничная высшего сорта,High-grade wheat flour,Олий навли буғдой уни,2017-01,monthly,2017,2191.0
017,Mol go'shti,Говядина,Beef,Мол гўшти,2017-01,monthly,2017,24300.0
0020,Qo'y go'shti,Баранина,Mutton,Қўй гўшти,2017-01,monthly,2017,26233.0
026,Turli baliqlar,Рыба всякая,Fish of all kinds,Турли балиқлар,2017-01,monthly,2017,10500.0
027,Yangi sog'ilgan sut (1 litr),Молоко свежее (1 литр),Fresh milk (1 liter),Янги соғилган сут (1 литр),2017-01,monthly,2017,2187.0
034,Tuxum (10 dona),Яйца (10 штук),Eggs (10 pieces ),Тухум (10 дона),2017-01,monthly,2017,5427.0
037,Sariyog',Масло сливочное,Butter,Сариёғ,2017-01,monthly,2017,21389.0
039,Limon,Лимоны,Lemons,Лимон,2017-01,monthly,2017,6640.0
0040,Olma,Яблоки,Apples,Олма,2017-01,monthly,2017,3117.0
041,Nok,Груши,Pears,Нок,2017-01,monthly,2017,8167.0
049,Uzum,Виноград,Grape,Узум,2017-01,monthly,2017,5463.0
0050,Tarvuz,Арбуз,Watermelon,Тарвуз,2017-01,monthly,2017,2425.0
0051,Qovun,Дыня,Melon,Қовун,2017-01,monthly,2017,3017.0
053,Mayiz,Кишмиш,Kishmish,Майиз,2017-01,monthly,2017,14786.0
055,Karam,Капуста,Cabbage,Карам,2017-01,monthly,2017,2007.0
057,Bodring,Огурцы,Cucumbers,Бодринг,2017-01,monthly,2017,10417.0
058,Pomidor,Помидоры,Tomatoes,Помидор,2017-01,monthly,2017,6320.0
061,Qovoq,Тыква,Pumpkin,Қовоқ,2017-01,monthly,2017,818.0
063,Sabzi,Морковь,Carrot,Сабзи,2017-01,monthly,2017,763.0
065,Sarimsoq,Чеснок,Garlic,Саримсоқ,2017-01,monthly,2017,16743.0
066,Piyoz,Лук репчатый,Onion,Пиёз,2017-01,monthly,2017,1373.0
069,Kartoshka,Картофель,Potatoes,Картошка,2017-01,monthly,2017,2465.0
001,Guruch,Рис,Rice,Гуруч,2017-02,monthly,2017,4015.0
003,Arpa,Ячмень,Barley,Арпа,2017-02,monthly,2017,1429.0
0004,Bug'doy,Пшеница,Wheat,Буғдой,2017-02,monthly,2017,1459.0
005,Jo'hori,Кукуруза,Corn,Жўҳори,2017-02,monthly,2017,1616.0
006,Kepak,Отруби,Bran,Кепак,2017-02,monthly,2017,1090.0
010,Kombikorm,Комбикорм,Compound feed,Комбикорм,2017-02,monthly,2017,1196.0
011,Oliy navli bug'doy uni,Мука пшеничная высшего сорта,High-grade wheat flour,Олий навли буғдой уни,2017-02,monthly,2017,2298.0
017,Mol go'shti,Говядина,Beef,Мол гўшти,2017-02,monthly,2017,24867.0
0020,Qo'y go'shti,Баранина,Mutton,Қўй гўшти,2017-02,monthly,2017,26500.0
026,Turli baliqlar,Рыба всякая,Fish of all kinds,Турли балиқлар,2017-02,monthly,2017,10511.0
027,Yangi sog'ilgan sut (1 litr),Молоко свежее (1 литр),Fresh milk (1 liter),Янги соғилган сут (1 литр),2017-02,monthly,2017,2402.0
034,Tuxum (10 dona),Яйца (10 штук),Eggs (10 pieces ),Тухум (10 дона),2017-02,monthly,2017,5437.0
037,Sariyog',Масло сливочное,Butter,Сариёғ,2017-02,monthly,2017,21741.0
039,Limon,Лимоны,Lemons,Лимон,2017-02,monthly,2017,8808.0
0040,Olma,Яблоки,Apples,Олма,2017-02,monthly,2017,3353.0
041,Nok,Груши,Pears,Нок,2017-02,monthly,2017,9053.0
049,Uzum,Виноград,Grape,Узум,2017-02,monthly,2017,5824.0
053,Mayiz,Кишмиш,Kishmish,Майиз,2017-02,monthly,2017,14625.0
055,Karam,Капуста,Cabbage,Карам,2017-02,monthly,2017,2368.0
057,Bodring,Огурцы,Cucumbers,Бодринг,2017-02,monthly,2017,12150.0
058,Pomidor,Помидоры,Tomatoes,Помидор,2017-02,monthly,2017,10043.0
061,Qovoq,Тыква,Pumpkin,Қовоқ,2017-02,monthly,2017,1388.0
063,Sabzi,Морковь,Carrot,Сабзи,2017-02,monthly,2017,868.0
065,Sarimsoq,Чеснок,Garlic,Саримсоқ,2017-02,monthly,2017,17050.0
066,Piyoz,Лук репчатый,Onion,Пиёз,2017-02,monthly,2017,1680.0
069,Kartoshka,Картофель,Potatoes,Картошка,2017-02,monthly,2017,2540.0
001,Guruch,Рис,Rice,Гуруч,2017-03,monthly,2017,3997.0
003,Arpa,Ячмень,Barley,Арпа,2017-03,monthly,2017,1482.0
0004,Bug'doy,Пшеница,Wheat,Буғдой,2017-03,monthly,2017,1486.0
005,Jo'hori,Кукуруза,Corn,Жўҳори,2017-03,monthly,2017,1642.0
006,Kepak,Отруби,Bran,Кепак,2017-03,monthly,2017,1108.0
010,Kombikorm,Комбикорм,Compound feed,Комбикорм,2017-03,monthly,2017,1192.0
011,Oliy navli bug'doy uni,Мука пшеничная высшего сорта,High-grade wheat flour,Олий навли буғдой уни,2017-03,monthly,2017,2471.0
017,Mol go'shti,Говядина,Beef,Мол гўшти,2017-03,monthly,2017,24370.0
0020,Qo'y go'shti,Баранина,Mutton,Қўй гўшти,2017-03,monthly,2017,26417.0
026,Turli baliqlar,Рыба всякая,Fish of all kinds,Турли балиқлар,2017-03,monthly,2017,10615.0
027,Yangi sog'ilgan sut (1 litr),Молоко свежее (1 литр),Fresh milk (1 liter),Янги соғилган сут (1 литр),2017-03,monthly,2017,2385.0
034,Tuxum (10 dona),Яйца (10 штук),Eggs (10 pieces ),Тухум (10 дона),2017-03,monthly,2017,5027.0
037,Sariyog',Масло сливочное,Butter,Сариёғ,2017-03,monthly,2017,22333.0
039,Limon,Лимоны,Lemons,Лимон,2017-03,monthly,2017,9147.0
0040,Olma,Яблоки,Apples,Олма,2017-03,monthly,2017,3707.0
041,Nok,Груши,Pears,Нок,2017-03,monthly,2017,10476.0
049,Uzum,Виноград,Grape,Узум,2017-03,monthly,2017,6391.0
053,Mayiz,Кишмиш,Kishmish,Майиз,2017-03,monthly,2017,14896.0
055,Karam,Капуста,Cabbage,Карам,2017-03,monthly,2017,2467.0
057,Bodring,Огурцы,Cucumbers,Бодринг,2017-03,monthly,2017,13407.0
058,Pomidor,Помидоры,Tomatoes,Помидор,2017-03,monthly,2017,13060.0
061,Qovoq,Тыква,Pumpkin,Қовоқ,2017-03,monthly,2017,1681.0
063,Sabzi,Морковь,Carrot,Сабзи,2017-03,monthly,2017,955.0
065,Sarimsoq,Чеснок,Garlic,Саримсоқ,2017-03,monthly,2017,17173.0
066,Piyoz,Лук репчатый,Onion,Пиёз,2017-03,monthly,2017,2227.0
069,Kartoshka,Картофель,Potatoes,Картошка,2017-03,monthly,2017,2652.0
001,Guruch,Рис,Rice,Гуруч,2017-04,monthly,2017,3933.0
003,Arpa,Ячмень,Barley,Арпа,2017-04,monthly,2017,1593.0
0004,Bug'doy,Пшеница,Wheat,Буғдой,2017-04,monthly,2017,1555.0
005,Jo'hori,Кукуруза,Corn,Жўҳори,2017-04,monthly,2017,1734.0
006,Kepak,Отруби,Bran,Кепак,2017-04,monthly,2017,1173.0
010,Kombikorm,Комбикорм,Compound feed,Комбикорм,2017-04,monthly,2017,1243.0
011,Oliy navli bug'doy uni,Мука пшеничная высшего сорта,High-grade wheat flour,Олий навли буғдой уни,2017-04,monthly,2017,2588.0
017,Mol go'shti,Говядина,Beef,Мол гўшти,2017-04,monthly,2017,24400.0
0020,Qo'y go'shti,Баранина,Mutton,Қўй гўшти,2017-04,monthly,2017,26487.0
026,Turli baliqlar,Рыба всякая,Fish of all kinds,Турли балиқлар,2017-04,monthly,2017,10632.0
027,Yangi sog'ilgan sut (1 litr),Молоко свежее (1 литр),Fresh milk (1 liter),Янги соғилган сут (1 литр),2017-04,monthly,2017,2227.0
034,Tuxum (10 dona),Яйца (10 штук),Eggs (10 pieces ),Тухум (10 дона),2017-04,monthly,2017,5435.0
037,Sariyog',Масло сливочное,Butter,Сариёғ,2017-04,monthly,2017,22300.0
039,Limon,Лимоны,Lemons,Лимон,2017-04,monthly,2017,9734.0
0040,Olma,Яблоки,Apples,Олма,2017-04,monthly,2017,4367.0
041,Nok,Груши,Pears,Нок,2017-04,monthly,2017,16333.0
049,Uzum,Виноград,Grape,Узум,2017-04,monthly,2017,7658.0
053,Mayiz,Кишмиш,Kishmish,Майиз,2017-04,monthly,2017,15083.0
055,Karam,Капуста,Cabbage,Карам,2017-04,monthly,2017,2899.0
057,Bodring,Огурцы,Cucumbers,Бодринг,2017-04,monthly,2017,9313.0
058,Pomidor,Помидоры,Tomatoes,Помидор,2017-04,monthly,2017,11997.0
063,Sabzi,Морковь,Carrot,Сабзи,2017-04,monthly,2017,1095.0
065,Sarimsoq,Чеснок,Garlic,Саримсоқ,2017-04,monthly,2017,19050.0
066,Piyoz,Лук репчатый,Onion,Пиёз,2017-04,monthly,2017,2757.0
069,Kartoshka,Картофель,Potatoes,Картошка,2017-04,monthly,2017,5168.0
001,Guruch,Рис,Rice,Гуруч,2017-05,monthly,2017,3930.0
003,Arpa,Ячмень,Barley,Арпа,2017-05,monthly,2017,1630.0
0004,Bug'doy,Пшеница,Wheat,Буғдой,2017-05,monthly,2017,1611.0
005,Jo'hori,Кукуруза,Corn,Жўҳори,2017-05,monthly,2017,1774.0
006,Kepak,Отруби,Bran,Кепак,2017-05,monthly,2017,1203.0
010,Kombikorm,Комбикорм,Compound feed,Комбикорм,2017-05,monthly,2017,1285.0
011,Oliy navli bug'doy uni,Мука пшеничная высшего сорта,High-grade wheat flour,Олий навли буғдой уни,2017-05,monthly,2017,2592.0
017,Mol go'shti,Говядина,Beef,Мол гўшти,2017-05,monthly,2017,26167.0
0020,Qo'y go'shti,Баранина,Mutton,Қўй гўшти,2017-05,monthly,2017,28233.0
026,Turli baliqlar,Рыба всякая,Fish of all kinds,Турли балиқлар,2017-05,monthly,2017,11125.0
027,Yangi sog'ilgan sut (1 litr),Молоко свежее (1 литр),Fresh milk (1 liter),Янги соғилган сут (1 литр),2017-05,monthly,2017,2110.0
034,Tuxum (10 dona),Яйца (10 штук),Eggs (10 pieces ),Тухум (10 дона),2017-05,monthly,2017,5273.0
037,Sariyog',Масло сливочное,Butter,Сариёғ,2017-05,monthly,2017,22111.0
039,Limon,Лимоны,Lemons,Лимон,2017-05,monthly,2017,10989.0
0040,Olma,Яблоки,Apples,Олма,2017-05,monthly,2017,5057.0
041,Nok,Груши,Pears,Нок,2017-05,monthly,2017,19000.0
053,Mayiz,Кишмиш,Kishmish,Майиз,2017-05,monthly,2017,15250.0
055,Karam,Капуста,Cabbage,Карам,2017-05,monthly,2017,2386.0
057,Bodring,Огурцы,Cucumbers,Бодринг,2017-05,monthly,2017,3350.0
058,Pomidor,Помидоры,Tomatoes,Помидор,2017-05,monthly,2017,9150.0
059,Baqlajon,Баклажаны,Eggplant,Бақлажон,2017-05,monthly,2017,8000.0
0060,Bulg'or qalampiri,Перец болгарский,Bell pepper,Булғор қалампири,2017-05,monthly,2017,6525.0
063,Sabzi,Морковь,Carrot,Сабзи,2017-05,monthly,2017,1653.0
065,Sarimsoq,Чеснок,Garlic,Саримсоқ,2017-05,monthly,2017,13343.0
066,Piyoz,Лук репчатый,Onion,Пиёз,2017-05,monthly,2017,2548.0
069,Kartoshka,Картофель,Potatoes,Картошка,2017-05,monthly,2017,5065.0
001,Guruch,Рис,Rice,Гуруч,2017-06,monthly,2017,3958.0
003,Arpa,Ячмень,Barley,Арпа,2017-06,monthly,2017,1579.0
0004,Bug'doy,Пшеница,Wheat,Буғдой,2017-06,monthly,2017,1544.0
005,Jo'hori,Кукуруза,Corn,Жўҳори,2017-06,monthly,2017,1774.0
006,Kepak,Отруби,Bran,Кепак,2017-06,monthly,2017,1228.0
010,Kombikorm,Комбикорм,Compound feed,Комбикорм,2017-06,monthly,2017,1306.0
011,Oliy navli bug'doy uni,Мука пшеничная высшего сорта,High-grade wheat flour,Олий навли буғдой уни,2017-06,monthly,2017,2685.0
017,Mol go'shti,Говядина,Beef,Мол гўшти,2017-06,monthly,2017,27890.0
0020,Qo'y go'shti,Баранина,Mutton,Қўй гўшти,2017-06,monthly,2017,29763.0
026,Turli baliqlar,Рыба всякая,Fish of all kinds,Турли балиқлар,2017-06,monthly,2017,10750.0
027,Yangi sog'ilgan sut (1 litr),Молоко свежее (1 литр),Fresh milk (1 liter),Янги соғилган сут (1 литр),2017-06,monthly,2017,1850.0
034,Tuxum (10 dona),Яйца (10 штук),Eggs (10 pieces ),Тухум (10 дона),2017-06,monthly,2017,5167.0
037,Sariyog',Масло сливочное,Butter,Сариёғ,2017-06,monthly,2017,22111.0
039,Limon,Лимоны,Lemons,Лимон,2017-06,monthly,2017,12793.0
0040,Olma,Яблоки,Apples,Олма,2017-06,monthly,2017,5046.0
049,Uzum,Виноград,Grape,Узум,2017-06,monthly,2017,7883.0
0050,Tarvuz,Арбуз,Watermelon,Тарвуз,2017-06,monthly,2017,1879.0
0051,Qovun,Дыня,Melon,Қовун,2017-06,monthly,2017,4509.0
053,Mayiz,Кишмиш,Kishmish,Майиз,2017-06,monthly,2017,15750.0
055,Karam,Капуста,Cabbage,Карам,2017-06,monthly,2017,1987.0
057,Bodring,Огурцы,Cucumbers,Бодринг,2017-06,monthly,2017,1093.0
058,Pomidor,Помидоры,Tomatoes,Помидор,2017-06,monthly,2017,3897.0
059,Baqlajon,Баклажаны,Eggplant,Бақлажон,2017-06,monthly,2017,4476.0
0060,Bulg'or qalampiri,Перец болгарский,Bell pepper,Булғор қалампири,2017-06,monthly,2017,4660.0
063,Sabzi,Морковь,Carrot,Сабзи,2017-06,monthly,2017,1977.0
065,Sarimsoq,Чеснок,Garlic,Саримсоқ,2017-06,monthly,2017,6577.0
066,Piyoz,Лук репчатый,Onion,Пиёз,2017-06,monthly,2017,2302.0
069,Kartoshka,Картофель,Potatoes,Картошка,2017-06,monthly,2017,3803.0
001,Guruch,Рис,Rice,Гуруч,2017-07,monthly,2017,3950.0
003,Arpa,Ячмень,Barley,Арпа,2017-07,monthly,2017,1556.0
0004,Bug'doy,Пшеница,Wheat,Буғдой,2017-07,monthly,2017,1389.0
005,Jo'hori,Кукуруза,Corn,Жўҳори,2017-07,monthly,2017,1689.0
006,Kepak,Отруби,Bran,Кепак,2017-07,monthly,2017,1228.0
010,Kombikorm,Комбикорм,Compound feed,Комбикорм,2017-07,monthly,2017,1306.0
011,Oliy navli bug'doy uni,Мука пшеничная высшего сорта,High-grade wheat flour,Олий навли буғдой уни,2017-07,monthly,2017,2685.0
017,Mol go'shti,Говядина,Beef,Мол гўшти,2017-07,monthly,2017,29200.0
0020,Qo'y go'shti,Баранина,Mutton,Қўй гўшти,2017-07,monthly,2017,30883.0
026,Turli baliqlar,Рыба всякая,Fish of all kinds,Турли балиқлар,2017-07,monthly,2017,9847.0
027,Yangi sog'ilgan sut (1 litr),Молоко свежее (1 литр),Fresh milk (1 liter),Янги соғилган сут (1 литр),2017-07,monthly,2017,1820.0
034,Tuxum (10 dona),Яйца (10 штук),Eggs (10 pieces ),Тухум (10 дона),2017-07,monthly,2017,5333.0
037,Sariyog',Масло сливочное,Butter,Сариёғ,2017-07,monthly,2017,22315.0
039,Limon,Лимоны,Lemons,Лимон,2017-07,monthly,2017,13389.0
0040,Olma,Яблоки,Apples,Олма,2017-07,monthly,2017,4537.0
041,Nok,Груши,Pears,Нок,2017-07,monthly,2017,7213.0
049,Uzum,Виноград,Grape,Узум,2017-07,monthly,2017,5370.0
0050,Tarvuz,Арбуз,Watermelon,Тарвуз,2017-07,monthly,2017,881.0
0051,Qovun,Дыня,Melon,Қовун,2017-07,monthly,2017,1835.0
053,Mayiz,Кишмиш,Kishmish,Майиз,2017-07,monthly,2017,15880.0
055,Karam,Капуста,Cabbage,Карам,2017-07,monthly,2017,2322.0
057,Bodring,Огурцы,Cucumbers,Бодринг,2017-07,monthly,2017,1302.0
058,Pomidor,Помидоры,Tomatoes,Помидор,2017-07,monthly,2017,2480.0
059,Baqlajon,Баклажаны,Eggplant,Бақлажон,2017-07,monthly,2017,1683.0
0060,Bulg'or qalampiri,Перец болгарский,Bell pepper,Булғор қалампири,2017-07,monthly,2017,2867.0
063,Sabzi,Морковь,Carrot,Сабзи,2017-07,monthly,2017,2190.0
065,Sarimsoq,Чеснок,Garlic,Саримсоқ,2017-07,monthly,2017,6073.0
066,Piyoz,Лук репчатый,Onion,Пиёз,2017-07,monthly,2017,2598.0
069,Kartoshka,Картофель,Potatoes,Картошка,2017-07,monthly,2017,3710.0
001,Guruch,Рис,Rice,Гуруч,2017-08,monthly,2017,3998.0
003,Arpa,Ячмень,Barley,Арпа,2017-08,monthly,2017,1556.0
0004,Bug'doy,Пшеница,Wheat,Буғдой,2017-08,monthly,2017,1389.0
005,Jo'hori,Кукуруза,Corn,Жўҳори,2017-08,monthly,2017,1694.0
006,Kepak,Отруби,Bran,Кепак,2017-08,monthly,2017,1233.0
010,Kombikorm,Комбикорм,Compound feed,Комбикорм,2017-08,monthly,2017,1306.0
011,Oliy navli bug'doy uni,Мука пшеничная высшего сорта,High-grade wheat flour,Олий навли буғдой уни,2017-08,monthly,2017,2694.0
017,Mol go'shti,Говядина,Beef,Мол гўшти,2017-08,monthly,2017,30717.0
0020,Qo'y go'shti,Баранина,Mutton,Қўй гўшти,2017-08,monthly,2017,32333.0
026,Turli baliqlar,Рыба всякая,Fish of all kinds,Турли балиқлар,2017-08,monthly,2017,10750.0
027,Yangi sog'ilgan sut (1 litr),Молоко свежее (1 литр),Fresh milk (1 liter),Янги соғилган сут (1 литр),2017-08,monthly,2017,1843.0
034,Tuxum (10 dona),Яйца (10 штук),Eggs (10 pieces ),Тухум (10 дона),2017-08,monthly,2017,5337.0
037,Sariyog',Масло сливочное,Butter,Сариёғ,2017-08,monthly,2017,22807.0
039,Limon,Лимоны,Lemons,Лимон,2017-08,monthly,2017,15071.0
0040,Olma,Яблоки,Apples,Олма,2017-08,monthly,2017,3738.0
041,Nok,Груши,Pears,Нок,2017-08,monthly,2017,5924.0
049,Uzum,Виноград,Grape,Узум,2017-08,monthly,2017,3720.0
0050,Tarvuz,Арбуз,Watermelon,Тарвуз,2017-08,monthly,2017,624.0
0051,Qovun,Дыня,Melon,Қовун,2017-08,monthly,2017,1073.0
053,Mayiz,Кишмиш,Kishmish,Майиз,2017-08,monthly,2017,16546.0
055,Karam,Капуста,Cabbage,Карам,2017-08,monthly,2017,1808.0
057,Bodring,Огурцы,Cucumbers,Бодринг,2017-08,monthly,2017,2163.0
058,Pomidor,Помидоры,Tomatoes,Помидор,2017-08,monthly,2017,1467.0
059,Baqlajon,Баклажаны,Eggplant,Бақлажон,2017-08,monthly,2017,1418.0
0060,Bulg'or qalampiri,Перец болгарский,Bell pepper,Булғор қалампири,2017-08,monthly,2017,2030.0
061,Qovoq,Тыква,Pumpkin,Қовоқ,2017-08,monthly,2017,1733.0
063,Sabzi,Морковь,Carrot,Сабзи,2017-08,monthly,2017,2130.0
065,Sarimsoq,Чеснок,Garlic,Саримсоқ,2017-08,monthly,2017,6563.0
066,Piyoz,Лук репчатый,Onion,Пиёз,2017-08,monthly,2017,2198.0
069,Kartoshka,Картофель,Potatoes,Картошка,2017-08,monthly,2017,3472.0
001,Guruch,Рис,Rice,Гуруч,2017-09,monthly,2017,3818.0
003,Arpa,Ячмень,Barley,Арпа,2017-09,monthly,2017,1558.0
0004,Bug'doy,Пшеница,Wheat,Буғдой,2017-09,monthly,2017,1411.0
005,Jo'hori,Кукуруза,Corn,Жўҳори,2017-09,monthly,2017,1706.0
006,Kepak,Отруби,Bran,Кепак,2017-09,monthly,2017,1237.0
010,Kombikorm,Комбикорм,Compound feed,Комбикорм,2017-09,monthly,2017,1321.0
011,Oliy navli bug'doy uni,Мука пшеничная высшего сорта,High-grade wheat flour,Олий навли буғдой уни,2017-09,monthly,2017,2670.0
017,Mol go'shti,Говядина,Beef,Мол гўшти,2017-09,monthly,2017,31660.0
0020,Qo'y go'shti,Баранина,Mutton,Қўй гўшти,2017-09,monthly,2017,33117.0
026,Turli baliqlar,Рыба всякая,Fish of all kinds,Турли балиқлар,2017-09,monthly,2017,11550.0
027,Yangi sog'ilgan sut (1 litr),Молоко свежее (1 литр),Fresh milk (1 liter),Янги соғилган сут (1 литр),2017-09,monthly,2017,1950.0
034,Tuxum (10 dona),Яйца (10 штук),Eggs (10 pieces ),Тухум (10 дона),2017-09,monthly,2017,5513.0
037,Sariyog',Масло сливочное,Butter,Сариёғ,2017-09,monthly,2017,22459.0
039,Limon,Лимоны,Lemons,Лимон,2017-09,monthly,2017,17300.0
0040,Olma,Яблоки,Apples,Олма,2017-09,monthly,2017,3440.0
041,Nok,Груши,Pears,Нок,2017-09,monthly,2017,5930.0
049,Uzum,Виноград,Grape,Узум,2017-09,monthly,2017,3360.0
0050,Tarvuz,Арбуз,Watermelon,Тарвуз,2017-09,monthly,2017,551.0
0051,Qovun,Дыня,Melon,Қовун,2017-09,monthly,2017,735.0
053,Mayiz,Кишмиш,Kishmish,Майиз,2017-09,monthly,2017,17759.0
055,Karam,Капуста,Cabbage,Карам,2017-09,monthly,2017,1508.0
057,Bodring,Огурцы,Cucumbers,Бодринг,2017-09,monthly,2017,2000.0
058,Pomidor,Помидоры,Tomatoes,Помидор,2017-09,monthly,2017,1275.0
059,Baqlajon,Баклажаны,Eggplant,Бақлажон,2017-09,monthly,2017,1305.0
0060,Bulg'or qalampiri,Перец болгарский,Bell pepper,Булғор қалампири,2017-09,monthly,2017,1753.0
061,Qovoq,Тыква,Pumpkin,Қовоқ,2017-09,monthly,2017,1650.0
063,Sabzi,Морковь,Carrot,Сабзи,2017-09,monthly,2017,1865.0
065,Sarimsoq,Чеснок,Garlic,Саримсоқ,2017-09,monthly,2017,6570.0
066,Piyoz,Лук репчатый,Onion,Пиёз,2017-09,monthly,2017,1865.0
069,Kartoshka,Картофель,Potatoes,Картошка,2017-09,monthly,2017,3192.0
001,Guruch,Рис,Rice,Гуруч,2017-10,monthly,2017,3795.0
003,Arpa,Ячмень,Barley,Арпа,2017-10,monthly,2017,1665.0
0004,Bug'doy,Пшеница,Wheat,Буғдой,2017-10,monthly,2017,1502.0
005,Jo'hori,Кукуруза,Corn,Жўҳори,2017-10,monthly,2017,1774.0
006,Kepak,Отруби,Bran,Кепак,2017-10,monthly,2017,1281.0
010,Kombikorm,Комбикорм,Compound feed,Комбикорм,2017-10,monthly,2017,1348.0
011,Oliy navli bug'doy uni,Мука пшеничная высшего сорта,High-grade wheat flour,Олий навли буғдой уни,2017-10,monthly,2017,2820.0
017,Mol go'shti,Говядина,Beef,Мол гўшти,2017-10,monthly,2017,31949.0
0020,Qo'y go'shti,Баранина,Mutton,Қўй гўшти,2017-10,monthly,2017,33472.0
026,Turli baliqlar,Рыба всякая,Fish of all kinds,Турли балиқлар,2017-10,monthly,2017,10104.0
027,Yangi sog'ilgan sut (1 litr),Молоко свежее (1 литр),Fresh milk (1 liter),Янги соғилган сут (1 литр),2017-10,monthly,2017,2297.0
034,Tuxum (10 dona),Яйца (10 штук),Eggs (10 pieces ),Тухум (10 дона),2017-10,monthly,2017,5801.0
037,Sariyog',Масло сливочное,Butter,Сариёғ,2017-10,monthly,2017,23067.0
039,Limon,Лимоны,Lemons,Лимон,2017-10,monthly,2017,16222.0
0040,Olma,Яблоки,Apples,Олма,2017-10,monthly,2017,3785.0
041,Nok,Груши,Pears,Нок,2017-10,monthly,2017,6140.0
049,Uzum,Виноград,Grape,Узум,2017-10,monthly,2017,3792.0
0050,Tarvuz,Арбуз,Watermelon,Тарвуз,2017-10,monthly,2017,583.0
0051,Qovun,Дыня,Melon,Қовун,2017-10,monthly,2017,779.0
053,Mayiz,Кишмиш,Kishmish,Майиз,2017-10,monthly,2017,17981.0
055,Karam,Капуста,Cabbage,Карам,2017-10,monthly,2017,1321.0
057,Bodring,Огурцы,Cucumbers,Бодринг,2017-10,monthly,2017,2518.0
058,Pomidor,Помидоры,Tomatoes,Помидор,2017-10,monthly,2017,1635.0
059,Baqlajon,Баклажаны,Eggplant,Бақлажон,2017-10,monthly,2017,1735.0
0060,Bulg'or qalampiri,Перец болгарский,Bell pepper,Булғор қалампири,2017-10,monthly,2017,1828.0
061,Qovoq,Тыква,Pumpkin,Қовоқ,2017-10,monthly,2017,1427.0
063,Sabzi,Морковь,Carrot,Сабзи,2017-10,monthly,2017,1481.0
065,Sarimsoq,Чеснок,Garlic,Саримсоқ,2017-10,monthly,2017,6513.0
066,Piyoz,Лук репчатый,Onion,Пиёз,2017-10,monthly,2017,1499.0
069,Kartoshka,Картофель,Potatoes,Картошка,2017-10,monthly,2017,3105.0
001,Guruch,Рис,Rice,Гуруч,2017-11,monthly,2017,3555.0
003,Arpa,Ячмень,Barley,Арпа,2017-11,monthly,2017,1676.0
0004,Bug'doy,Пшеница,Wheat,Буғдой,2017-11,monthly,2017,1515.0
005,Jo'hori,Кукуруза,Corn,Жўҳори,2017-11,monthly,2017,1787.0
006,Kepak,Отруби,Bran,Кепак,2017-11,monthly,2017,1294.0
010,Kombikorm,Комбикорм,Compound feed,Комбикорм,2017-11,monthly,2017,1354.0
011,Oliy navli bug'doy uni,Мука пшеничная высшего сорта,High-grade wheat flour,Олий навли буғдой уни,2017-11,monthly,2017,2832.0
017,Mol go'shti,Говядина,Beef,Мол гўшти,2017-11,monthly,2017,32216.0
0020,Qo'y go'shti,Баранина,Mutton,Қўй гўшти,2017-11,monthly,2017,33735.0
026,Turli baliqlar,Рыба всякая,Fish of all kinds,Турли балиқлар,2017-11,monthly,2017,9708.0
027,Yangi sog'ilgan sut (1 litr),Молоко свежее (1 литр),Fresh milk (1 liter),Янги соғилган сут (1 литр),2017-11,monthly,2017,2500.0
034,Tuxum (10 dona),Яйца (10 штук),Eggs (10 pieces ),Тухум (10 дона),2017-11,monthly,2017,6116.0
037,Sariyog',Масло сливочное,Butter,Сариёғ,2017-11,monthly,2017,24259.0
039,Limon,Лимоны,Lemons,Лимон,2017-11,monthly,2017,12648.0
0040,Olma,Яблоки,Apples,Олма,2017-11,monthly,2017,4390.0
041,Nok,Груши,Pears,Нок,2017-11,monthly,2017,6763.0
049,Uzum,Виноград,Grape,Узум,2017-11,monthly,2017,4986.0
0050,Tarvuz,Арбуз,Watermelon,Тарвуз,2017-11,monthly,2017,876.0
0051,Qovun,Дыня,Melon,Қовун,2017-11,monthly,2017,1130.0
053,Mayiz,Кишмиш,Kishmish,Майиз,2017-11,monthly,2017,18000.0
055,Karam,Капуста,Cabbage,Карам,2017-11,monthly,2017,871.0
057,Bodring,Огурцы,Cucumbers,Бодринг,2017-11,monthly,2017,4832.0
058,Pomidor,Помидоры,Tomatoes,Помидор,2017-11,monthly,2017,2713.0
059,Baqlajon,Баклажаны,Eggplant,Бақлажон,2017-11,monthly,2017,1978.0
0060,Bulg'or qalampiri,Перец болгарский,Bell pepper,Булғор қалампири,2017-11,monthly,2017,2058.0
061,Qovoq,Тыква,Pumpkin,Қовоқ,2017-11,monthly,2017,1002.0
063,Sabzi,Морковь,Carrot,Сабзи,2017-11,monthly,2017,908.0
065,Sarimsoq,Чеснок,Garlic,Саримсоқ,2017-11,monthly,2017,6487.0
066,Piyoz,Лук репчатый,Onion,Пиёз,2017-11,monthly,2017,1276.0
069,Kartoshka,Картофель,Potatoes,Картошка,2017-11,monthly,2017,3016.0
001,Guruch,Рис,Rice,Гуруч,2017-12,monthly,2017,5407.0
003,Arpa,Ячмень,Barley,Арпа,2017-12,monthly,2017,1767.0
0004,Bug'doy,Пшеница,Wheat,Буғдой,2017-12,monthly,2017,1646.0
005,Jo'hori,Кукуруза,Corn,Жўҳори,2017-12,monthly,2017,1887.0
006,Kepak,Отруби,Bran,Кепак,2017-12,monthly,2017,1389.0
010,Kombikorm,Комбикорм,Compound feed,Комбикорм,2017-12,monthly,2017,1457.0
011,Oliy navli bug'doy uni,Мука пшеничная высшего сорта,High-grade wheat flour,Олий навли буғдой уни,2017-12,monthly,2017,2972.0
017,Mol go'shti,Говядина,Beef,Мол гўшти,2017-12,monthly,2017,32917.0
0020,Qo'y go'shti,Баранина,Mutton,Қўй гўшти,2017-12,monthly,2017,34287.0
026,Turli baliqlar,Рыба всякая,Fish of all kinds,Турли балиқлар,2017-12,monthly,2017,10203.0
027,Yangi sog'ilgan sut (1 litr),Молоко свежее (1 литр),Fresh milk (1 liter),Янги соғилган сут (1 литр),2017-12,monthly,2017,2642.0
034,Tuxum (10 dona),Яйца (10 штук),Eggs (10 pieces ),Тухум (10 дона),2017-12,monthly,2017,6382.0
037,Sariyog',Масло сливочное,Butter,Сариёғ,2017-12,monthly,2017,25370.0
039,Limon,Лимоны,Lemons,Лимон,2017-12,monthly,2017,12219.0
0040,Olma,Яблоки,Apples,Олма,2017-12,monthly,2017,5563.0
041,Nok,Груши,Pears,Нок,2017-12,monthly,2017,7691.0
049,Uzum,Виноград,Grape,Узум,2017-12,monthly,2017,7280.0
0050,Tarvuz,Арбуз,Watermelon,Тарвуз,2017-12,monthly,2017,1007.0
0051,Qovun,Дыня,Melon,Қовун,2017-12,monthly,2017,1386.0
053,Mayiz,Кишмиш,Kishmish,Майиз,2017-12,monthly,2017,18378.0
055,Karam,Капуста,Cabbage,Карам,2017-12,monthly,2017,714.0
057,Bodring,Огурцы,Cucumbers,Бодринг,2017-12,monthly,2017,7395.0
058,Pomidor,Помидоры,Tomatoes,Помидор,2017-12,monthly,2017,4040.0
0060,Bulg'or qalampiri,Перец болгарский,Bell pepper,Булғор қалампири,2017-12,monthly,2017,2446.0
061,Qovoq,Тыква,Pumpkin,Қовоқ,2017-12,monthly,2017,1236.0
063,Sabzi,Морковь,Carrot,Сабзи,2017-12,monthly,2017,653.0
065,Sarimsoq,Чеснок,Garlic,Саримсоқ,2017-12,monthly,2017,6997.0
066,Piyoz,Лук репчатый,Onion,Пиёз,2017-12,monthly,2017,1487.0
069,Kartoshka,Картофель,Potatoes,Картошка,2017-12,monthly,2017,3402.0
001,Guruch,Рис,Rice,Гуруч,2018-01,monthly,2018,6175.0
003,Arpa,Ячмень,Barley,Арпа,2018-01,monthly,2018,1957.0
0004,Bug'doy,Пшеница,Wheat,Буғдой,2018-01,monthly,2018,1820.0
005,Jo'hori,Кукуруза,Corn,Жўҳори,2018-01,monthly,2018,2000.0
006,Kepak,Отруби,Bran,Кепак,2018-01,monthly,2018,1511.0
010,Kombikorm,Комбикорм,Compound feed,Комбикорм,2018-01,monthly,2018,1543.0
011,Oliy navli bug'doy uni,Мука пшеничная высшего сорта,High-grade wheat flour,Олий навли буғдой уни,2018-01,monthly,2018,3090.0
017,Mol go'shti,Говядина,Beef,Мол гўшти,2018-01,monthly,2018,33737.0
0020,Qo'y go'shti,Баранина,Mutton,Қўй гўшти,2018-01,monthly,2018,35093.0
026,Turli baliqlar,Рыба всякая,Fish of all kinds,Турли балиқлар,2018-01,monthly,2018,10740.0
027,Yangi sog'ilgan sut (1 litr),Молоко свежее (1 литр),Fresh milk (1 liter),Янги соғилган сут (1 литр),2018-01,monthly,2018,2747.0
034,Tuxum (10 dona),Яйца (10 штук),Eggs (10 pieces ),Тухум (10 дона),2018-01,monthly,2018,7007.0
037,Sariyog',Масло сливочное,Butter,Сариёғ,2018-01,monthly,2018,26433.0
039,Limon,Лимоны,Lemons,Лимон,2018-01,monthly,2018,11340.0
0040,Olma,Яблоки,Apples,Олма,2018-01,monthly,2018,7762.0
041,Nok,Груши,Pears,Нок,2018-01,monthly,2018,10947.0
049,Uzum,Виноград,Grape,Узум,2018-01,monthly,2018,12513.0
0050,Tarvuz,Арбуз,Watermelon,Тарвуз,2018-01,monthly,2018,1261.0
0051,Qovun,Дыня,Melon,Қовун,2018-01,monthly,2018,1543.0
053,Mayiz,Кишмиш,Kishmish,Майиз,2018-01,monthly,2018,19277.0
055,Karam,Капуста,Cabbage,Карам,2018-01,monthly,2018,823.0
057,Bodring,Огурцы,Cucumbers,Бодринг,2018-01,monthly,2018,14915.0
058,Pomidor,Помидоры,Tomatoes,Помидор,2018-01,monthly,2018,12522.0
061,Qovoq,Тыква,Pumpkin,Қовоқ,2018-01,monthly,2018,1338.0
063,Sabzi,Морковь,Carrot,Сабзи,2018-01,monthly,2018,858.0
065,Sarimsoq,Чеснок,Garlic,Саримсоқ,2018-01,monthly,2018,7577.0
066,Piyoz,Лук репчатый,Onion,Пиёз,2018-01,monthly,2018,1871.0
069,Kartoshka,Картофель,Potatoes,Картошка,2018-01,monthly,2018,3768.0
001,Guruch,Рис,Rice,Гуруч,2018-02,monthly,2018,6280.0
003,Arpa,Ячмень,Barley,Арпа,2018-02,monthly,2018,1972.0
0004,Bug'doy,Пшеница,Wheat,Буғдой,2018-02,monthly,2018,1881.0
005,Jo'hori,Кукуруза,Corn,Жўҳори,2018-02,monthly,2018,2007.0
006,Kepak,Отруби,Bran,Кепак,2018-02,monthly,2018,1544.0
010,Kombikorm,Комбикорм,Compound feed,Комбикорм,2018-02,monthly,2018,1569.0
011,Oliy navli bug'doy uni,Мука пшеничная высшего сорта,High-grade wheat flour,Олий навли буғдой уни,2018-02,monthly,2018,3100.0
017,Mol go'shti,Говядина,Beef,Мол гўшти,2018-02,monthly,2018,34090.0
0020,Qo'y go'shti,Баранина,Mutton,Қўй гўшти,2018-02,monthly,2018,35357.0
026,Turli baliqlar,Рыба всякая,Fish of all kinds,Турли балиқлар,2018-02,monthly,2018,11100.0
027,Yangi sog'ilgan sut (1 litr),Молоко свежее (1 литр),Fresh milk (1 liter),Янги соғилган сут (1 литр),2018-02,monthly,2018,2817.0
034,Tuxum (10 dona),Яйца (10 штук),Eggs (10 pieces ),Тухум (10 дона),2018-02,monthly,2018,6753.0
037,Sariyog',Масло сливочное,Butter,Сариёғ,2018-02,monthly,2018,26600.0
039,Limon,Лимоны,Lemons,Лимон,2018-02,monthly,2018,12067.0
0040,Olma,Яблоки,Apples,Олма,2018-02,monthly,2018,8070.0
041,Nok,Груши,Pears,Нок,2018-02,monthly,2018,11467.0
049,Uzum,Виноград,Grape,Узум,2018-02,monthly,2018,13017.0
0050,Tarvuz,Арбуз,Watermelon,Тарвуз,2018-02,monthly,2018,1375.0
0051,Qovun,Дыня,Melon,Қовун,2018-02,monthly,2018,1600.0
053,Mayiz,Кишмиш,Kishmish,Майиз,2018-02,monthly,2018,19483.0
055,Karam,Капуста,Cabbage,Карам,2018-02,monthly,2018,836.0
057,Bodring,Огурцы,Cucumbers,Бодринг,2018-02,monthly,2018,14643.0
058,Pomidor,Помидоры,Tomatoes,Помидор,2018-02,monthly,2018,12510.0
061,Qovoq,Тыква,Pumpkin,Қовоқ,2018-02,monthly,2018,1465.0
063,Sabzi,Морковь,Carrot,Сабзи,2018-02,monthly,2018,882.0
065,Sarimsoq,Чеснок,Garlic,Саримсоқ,2018-02,monthly,2018,7840.0
066,Piyoz,Лук репчатый,Onion,Пиёз,2018-02,monthly,2018,1848.0
069,Kartoshka,Картофель,Potatoes,Картошка,2018-02,monthly,2018,3705.0
001,Guruch,Рис,Rice,Гуруч,2018-03,monthly,2018,6267.0
003,Arpa,Ячмень,Barley,Арпа,2018-03,monthly,2018,1972.0
0004,Bug'doy,Пшеница,Wheat,Буғдой,2018-03,monthly,2018,1889.0
005,Jo'hori,Кукуруза,Corn,Жўҳори,2018-03,monthly,2018,2011.0
006,Kepak,Отруби,Bran,Кепак,2018-03,monthly,2018,1544.0
010,Kombikorm,Комбикорм,Compound feed,Комбикорм,2018-03,monthly,2018,1580.0
011,Oliy navli bug'doy uni,Мука пшеничная высшего сорта,High-grade wheat flour,Олий навли буғдой уни,2018-03,monthly,2018,3100.0
017,Mol go'shti,Говядина,Beef,Мол гўшти,2018-03,monthly,2018,34540.0
0020,Qo'y go'shti,Баранина,Mutton,Қўй гўшти,2018-03,monthly,2018,35683.0
026,Turli baliqlar,Рыба всякая,Fish of all kinds,Турли балиқлар,2018-03,monthly,2018,11762.0
027,Yangi sog'ilgan sut (1 litr),Молоко свежее (1 литр),Fresh milk (1 liter),Янги соғилган сут (1 литр),2018-03,monthly,2018,2830.0
034,Tuxum (10 dona),Яйца (10 штук),Eggs (10 pieces ),Тухум (10 дона),2018-03,monthly,2018,6022.0
037,Sariyog',Масло сливочное,Butter,Сариёғ,2018-03,monthly,2018,26883.0
039,Limon,Лимоны,Lemons,Лимон,2018-03,monthly,2018,12500.0
0040,Olma,Яблоки,Apples,Олма,2018-03,monthly,2018,8557.0
041,Nok,Груши,Pears,Нок,2018-03,monthly,2018,12173.0
049,Uzum,Виноград,Grape,Узум,2018-03,monthly,2018,13679.0
053,Mayiz,Кишмиш,Kishmish,Майиз,2018-03,monthly,2018,19600.0
055,Karam,Капуста,Cabbage,Карам,2018-03,monthly,2018,890.0
057,Bodring,Огурцы,Cucumbers,Бодринг,2018-03,monthly,2018,15083.0
058,Pomidor,Помидоры,Tomatoes,Помидор,2018-03,monthly,2018,13433.0
061,Qovoq,Тыква,Pumpkin,Қовоқ,2018-03,monthly,2018,1491.0
063,Sabzi,Морковь,Carrot,Сабзи,2018-03,monthly,2018,897.0
065,Sarimsoq,Чеснок,Garlic,Саримсоқ,2018-03,monthly,2018,8130.0
066,Piyoz,Лук репчатый,Onion,Пиёз,2018-03,monthly,2018,1642.0
069,Kartoshka,Картофель,Potatoes,Картошка,2018-03,monthly,2018,3517.0
001,Guruch,Рис,Rice,Гуруч,2018-04,monthly,2018,6377.0
003,Arpa,Ячмень,Barley,Арпа,2018-04,monthly,2018,1822.0
0004,Bug'doy,Пшеница,Wheat,Буғдой,2018-04,monthly,2018,1726.0
005,Jo'hori,Кукуруза,Corn,Жўҳори,2018-04,monthly,2018,1826.0
006,Kepak,Отруби,Bran,Кепак,2018-04,monthly,2018,1559.0
010,Kombikorm,Комбикорм,Compound feed,Комбикорм,2018-04,monthly,2018,1581.0
011,Oliy navli bug'doy uni,Мука пшеничная высшего сорта,High-grade wheat flour,Олий навли буғдой уни,2018-04,monthly,2018,3100.0
017,Mol go'shti,Говядина,Beef,Мол гўшти,2018-04,monthly,2018,35073.0
0020,Qo'y go'shti,Баранина,Mutton,Қўй гўшти,2018-04,monthly,2018,36237.0
026,Turli baliqlar,Рыба всякая,Fish of all kinds,Турли балиқлар,2018-04,monthly,2018,12690.0
027,Yangi sog'ilgan sut (1 litr),Молоко свежее (1 литр),Fresh milk (1 liter),Янги соғилган сут (1 литр),2018-04,monthly,2018,2692.0
034,Tuxum (10 dona),Яйца (10 штук),Eggs (10 pieces ),Тухум (10 дона),2018-04,monthly,2018,5434.0
037,Sariyog',Масло сливочное,Butter,Сариёғ,2018-04,monthly,2018,27037.0
039,Limon,Лимоны,Lemons,Лимон,2018-04,monthly,2018,18833.0
0040,Olma,Яблоки,Apples,Олма,2018-04,monthly,2018,10260.0
041,Nok,Груши,Pears,Нок,2018-04,monthly,2018,13454.0
049,Uzum,Виноград,Grape,Узум,2018-04,monthly,2018,14958.0
053,Mayiz,Кишмиш,Kishmish,Майиз,2018-04,monthly,2018,19633.0
055,Karam,Капуста,Cabbage,Карам,2018-04,monthly,2018,1803.0
057,Bodring,Огурцы,Cucumbers,Бодринг,2018-04,monthly,2018,8907.0
058,Pomidor,Помидоры,Tomatoes,Помидор,2018-04,monthly,2018,12817.0
061,Qovoq,Тыква,Pumpkin,Қовоқ,2018-04,monthly,2018,1650.0
063,Sabzi,Морковь,Carrot,Сабзи,2018-04,monthly,2018,1055.0
065,Sarimsoq,Чеснок,Garlic,Саримсоқ,2018-04,monthly,2018,8143.0
066,Piyoz,Лук репчатый,Onion,Пиёз,2018-04,monthly,2018,1047.0
069,Kartoshka,Картофель,Potatoes,Картошка,2018-04,monthly,2018,3265.0
001,Guruch,Рис,Rice,Гуруч,2018-05,monthly,2018,6673.0
003,Arpa,Ячмень,Barley,Арпа,2018-05,monthly,2018,1789.0
0004,Bug'doy,Пшеница,Wheat,Буғдой,2018-05,monthly,2018,1678.0
005,Jo'hori,Кукуруза,Corn,Жўҳори,2018-05,monthly,2018,1789.0
006,Kepak,Отруби,Bran,Кепак,2018-05,monthly,2018,1556.0
010,Kombikorm,Комбикорм,Compound feed,Комбикорм,2018-05,monthly,2018,1583.0
011,Oliy navli bug'doy uni,Мука пшеничная высшего сорта,High-grade wheat flour,Олий навли буғдой уни,2018-05,monthly,2018,3100.0
017,Mol go'shti,Говядина,Beef,Мол гўшти,2018-05,monthly,2018,35135.0
0020,Qo'y go'shti,Баранина,Mutton,Қўй гўшти,2018-05,monthly,2018,36320.0
026,Turli baliqlar,Рыба всякая,Fish of all kinds,Турли балиқлар,2018-05,monthly,2018,15950.0
027,Yangi sog'ilgan sut (1 litr),Молоко свежее (1 литр),Fresh milk (1 liter),Янги соғилган сут (1 литр),2018-05,monthly,2018,2570.0
034,Tuxum (10 dona),Яйца (10 штук),Eggs (10 pieces ),Тухум (10 дона),2018-05,monthly,2018,5423.0
037,Sariyog',Масло сливочное,Butter,Сариёғ,2018-05,monthly,2018,26883.0
039,Limon,Лимоны,Lemons,Лимон,2018-05,monthly,2018,24100.0
0040,Olma,Яблоки,Apples,Олма,2018-05,monthly,2018,11960.0
041,Nok,Груши,Pears,Нок,2018-05,monthly,2018,14667.0
053,Mayiz,Кишмиш,Kishmish,Майиз,2018-05,monthly,2018,19700.0
055,Karam,Капуста,Cabbage,Карам,2018-05,monthly,2018,1382.0
057,Bodring,Огурцы,Cucumbers,Бодринг,2018-05,monthly,2018,4617.0
058,Pomidor,Помидоры,Tomatoes,Помидор,2018-05,monthly,2018,9867.0
059,Baqlajon,Баклажаны,Eggplant,Бақлажон,2018-05,monthly,2018,9069.0
0060,Bulg'or qalampiri,Перец болгарский,Bell pepper,Булғор қалампири,2018-05,monthly,2018,9003.0
063,Sabzi,Морковь,Carrot,Сабзи,2018-05,monthly,2018,2353.0
065,Sarimsoq,Чеснок,Garlic,Саримсоқ,2018-05,monthly,2018,6833.0
066,Piyoz,Лук репчатый,Onion,Пиёз,2018-05,monthly,2018,1087.0
069,Kartoshka,Картофель,Potatoes,Картошка,2018-05,monthly,2018,3109.0
001,Guruch,Рис,Rice,Гуруч,2018-06,monthly,2018,7433.0
003,Arpa,Ячмень,Barley,Арпа,2018-06,monthly,2018,1781.0
0004,Bug'doy,Пшеница,Wheat,Буғдой,2018-06,monthly,2018,1619.0
005,Jo'hori,Кукуруза,Corn,Жўҳори,2018-06,monthly,2018,2170.0
006,Kepak,Отруби,Bran,Кепак,2018-06,monthly,2018,1607.0
010,Kombikorm,Комбикорм,Compound feed,Комбикорм,2018-06,monthly,2018,1606.0
011,Oliy navli bug'doy uni,Мука пшеничная высшего сорта,High-grade wheat flour,Олий навли буғдой уни,2018-06,monthly,2018,3100.0
017,Mol go'shti,Говядина,Beef,Мол гўшти,2018-06,monthly,2018,36437.0
0020,Qo'y go'shti,Баранина,Mutton,Қўй гўшти,2018-06,monthly,2018,37500.0
027,Yangi sog'ilgan sut (1 litr),Молоко свежее (1 литр),Fresh milk (1 liter),Янги соғилган сут (1 литр),2018-06,monthly,2018,2487.0
034,Tuxum (10 dona),Яйца (10 штук),Eggs (10 pieces ),Тухум (10 дона),2018-06,monthly,2018,5273.0
037,Sariyog',Масло сливочное,Butter,Сариёғ,2018-06,monthly,2018,26800.0
039,Limon,Лимоны,Lemons,Лимон,2018-06,monthly,2018,29217.0
0040,Olma,Яблоки,Apples,Олма,2018-06,monthly,2018,7908.0
041,Nok,Груши,Pears,Нок,2018-06,monthly,2018,14956.0
049,Uzum,Виноград,Grape,Узум,2018-06,monthly,2018,7200.0
0050,Tarvuz,Арбуз,Watermelon,Тарвуз,2018-06,monthly,2018,2335.0
0051,Qovun,Дыня,Melon,Қовун,2018-06,monthly,2018,3420.0
053,Mayiz,Кишмиш,Kishmish,Майиз,2018-06,monthly,2018,20200.0
055,Karam,Капуста,Cabbage,Карам,2018-06,monthly,2018,1459.0
057,Bodring,Огурцы,Cucumbers,Бодринг,2018-06,monthly,2018,2156.0
058,Pomidor,Помидоры,Tomatoes,Помидор,2018-06,monthly,2018,3582.0
059,Baqlajon,Баклажаны,Eggplant,Бақлажон,2018-06,monthly,2018,3744.0
0060,Bulg'or qalampiri,Перец болгарский,Bell pepper,Булғор қалампири,2018-06,monthly,2018,3900.0
063,Sabzi,Морковь,Carrot,Сабзи,2018-06,monthly,2018,1700.0
065,Sarimsoq,Чеснок,Garlic,Саримсоқ,2018-06,monthly,2018,5253.0
066,Piyoz,Лук репчатый,Onion,Пиёз,2018-06,monthly,2018,1003.0
069,Kartoshka,Картофель,Potatoes,Картошка,2018-06,monthly,2018,1970.0
001,Guruch,Рис,Rice,Гуруч,2018-07,monthly,2018,7627.0
003,Arpa,Ячмень,Barley,Арпа,2018-07,monthly,2018,1785.0
0004,Bug'doy,Пшеница,Wheat,Буғдой,2018-07,monthly,2018,1800.0
005,Jo'hori,Кукуруза,Corn,Жўҳори,2018-07,monthly,2018,2331.0
006,Kepak,Отруби,Bran,Кепак,2018-07,monthly,2018,1411.0
010,Kombikorm,Комбикорм,Compound feed,Комбикорм,2018-07,monthly,2018,1620.0
011,Oliy navli bug'doy uni,Мука пшеничная высшего сорта,High-grade wheat flour,Олий навли буғдой уни,2018-07,monthly,2018,3100.0
017,Mol go'shti,Говядина,Beef,Мол гўшти,2018-07,monthly,2018,37933.0
0020,Qo'y go'shti,Баранина,Mutton,Қўй гўшти,2018-07,monthly,2018,39000.0
027,Yangi sog'ilgan sut (1 litr),Молоко свежее (1 литр),Fresh milk (1 liter),Янги соғилган сут (1 литр),2018-07,monthly,2018,2490.0
034,Tuxum (10 dona),Яйца (10 штук),Eggs (10 pieces ),Тухум (10 дона),2018-07,monthly,2018,4940.0
037,Sariyog',Масло сливочное,Butter,Сариёғ,2018-07,monthly,2018,27000.0
039,Limon,Лимоны,Lemons,Лимон,2018-07,monthly,2018,30000.0
0040,Olma,Яблоки,Apples,Олма,2018-07,monthly,2018,5517.0
041,Nok,Груши,Pears,Нок,2018-07,monthly,2018,15000.0
049,Uzum,Виноград,Grape,Узум,2018-07,monthly,2018,6867.0
0050,Tarvuz,Арбуз,Watermelon,Тарвуз,2018-07,monthly,2018,1775.0
0051,Qovun,Дыня,Melon,Қовун,2018-07,monthly,2018,2470.0
053,Mayiz,Кишмиш,Kishmish,Майиз,2018-07,monthly,2018,20450.0
055,Karam,Капуста,Cabbage,Карам,2018-07,monthly,2018,1328.0
057,Bodring,Огурцы,Cucumbers,Бодринг,2018-07,monthly,2018,1787.0
058,Pomidor,Помидоры,Tomatoes,Помидор,2018-07,monthly,2018,1773.0
059,Baqlajon,Баклажаны,Eggplant,Бақлажон,2018-07,monthly,2018,2163.0
0060,Bulg'or qalampiri,Перец болгарский,Bell pepper,Булғор қалампири,2018-07,monthly,2018,2277.0
063,Sabzi,Морковь,Carrot,Сабзи,2018-07,monthly,2018,1572.0
065,Sarimsoq,Чеснок,Garlic,Саримсоқ,2018-07,monthly,2018,4927.0
066,Piyoz,Лук репчатый,Onion,Пиёз,2018-07,monthly,2018,940.0
069,Kartoshka,Картофель,Potatoes,Картошка,2018-07,monthly,2018,1543.0
001,Guruch,Рис,Rice,Гуруч,2018-08,monthly,2018,7690.0
003,Arpa,Ячмень,Barley,Арпа,2018-08,monthly,2018,1806.0
0004,Bug'doy,Пшеница,Wheat,Буғдой,2018-08,monthly,2018,1800.0
005,Jo'hori,Кукуруза,Corn,Жўҳори,2018-08,monthly,2018,2393.0
006,Kepak,Отруби,Bran,Кепак,2018-08,monthly,2018,1413.0
010,Kombikorm,Комбикорм,Compound feed,Комбикорм,2018-08,monthly,2018,1628.0
011,Oliy navli bug'doy uni,Мука пшеничная высшего сорта,High-grade wheat flour,Олий навли буғдой уни,2018-08,monthly,2018,3110.0
017,Mol go'shti,Говядина,Beef,Мол гўшти,2018-08,monthly,2018,38800.0
0020,Qo'y go'shti,Баранина,Mutton,Қўй гўшти,2018-08,monthly,2018,40017.0
027,Yangi sog'ilgan sut (1 litr),Молоко свежее (1 литр),Fresh milk (1 liter),Янги соғилган сут (1 литр),2018-08,monthly,2018,2500.0
034,Tuxum (10 dona),Яйца (10 штук),Eggs (10 pieces ),Тухум (10 дона),2018-08,monthly,2018,4817.0
037,Sariyog',Масло сливочное,Butter,Сариёғ,2018-08,monthly,2018,28533.0
039,Limon,Лимоны,Lemons,Лимон,2018-08,monthly,2018,30060.0
0040,Olma,Яблоки,Apples,Олма,2018-08,monthly,2018,4827.0
041,Nok,Груши,Pears,Нок,2018-08,monthly,2018,12500.0
049,Uzum,Виноград,Grape,Узум,2018-08,monthly,2018,5667.0
0050,Tarvuz,Арбуз,Watermelon,Тарвуз,2018-08,monthly,2018,1407.0
0051,Qovun,Дыня,Melon,Қовун,2018-08,monthly,2018,1647.0
053,Mayiz,Кишмиш,Kishmish,Майиз,2018-08,monthly,2018,20450.0
055,Karam,Капуста,Cabbage,Карам,2018-08,monthly,2018,1152.0
057,Bodring,Огурцы,Cucumbers,Бодринг,2018-08,monthly,2018,1807.0
058,Pomidor,Помидоры,Tomatoes,Помидор,2018-08,monthly,2018,2147.0
059,Baqlajon,Баклажаны,Eggplant,Бақлажон,2018-08,monthly,2018,1533.0
0060,Bulg'or qalampiri,Перец болгарский,Bell pepper,Булғор қалампири,2018-08,monthly,2018,1787.0
061,Qovoq,Тыква,Pumpkin,Қовоқ,2018-08,monthly,2018,3250.0
063,Sabzi,Морковь,Carrot,Сабзи,2018-08,monthly,2018,1505.0
065,Sarimsoq,Чеснок,Garlic,Саримсоқ,2018-08,monthly,2018,4283.0
066,Piyoz,Лук репчатый,Onion,Пиёз,2018-08,monthly,2018,882.0
069,Kartoshka,Картофель,Potatoes,Картошка,2018-08,monthly,2018,1238.0
001,Guruch,Рис,Rice,Гуруч,2018-09,monthly,2018,7742.0
003,Arpa,Ячмень,Barley,Арпа,2018-09,monthly,2018,1915.0
0004,Bug'doy,Пшеница,Wheat,Буғдой,2018-09,monthly,2018,1902.0
005,Jo'hori,Кукуруза,Corn,Жўҳори,2018-09,monthly,2018,2454.0
006,Kepak,Отруби,Bran,Кепак,2018-09,monthly,2018,1496.0
010,Kombikorm,Комбикорм,Compound feed,Комбикорм,2018-09,monthly,2018,1656.0
011,Oliy navli bug'doy uni,Мука пшеничная высшего сорта,High-grade wheat flour,Олий навли буғдой уни,2018-09,monthly,2018,3110.0
017,Mol go'shti,Говядина,Beef,Мол гўшти,2018-09,monthly,2018,38997.0
0020,Qo'y go'shti,Баранина,Mutton,Қўй гўшти,2018-09,monthly,2018,40643.0
026,Turli baliqlar,Рыба всякая,Fish of all kinds,Турли балиқлар,2018-09,monthly,2018,12833.0
027,Yangi sog'ilgan sut (1 litr),Молоко свежее (1 литр),Fresh milk (1 liter),Янги соғилган сут (1 литр),2018-09,monthly,2018,2500.0
034,Tuxum (10 dona),Яйца (10 штук),Eggs (10 pieces ),Тухум (10 дона),2018-09,monthly,2018,5152.0
037,Sariyog',Масло сливочное,Butter,Сариёғ,2018-09,monthly,2018,28733.0
039,Limon,Лимоны,Lemons,Лимон,2018-09,monthly,2018,30100.0
0040,Olma,Яблоки,Apples,Олма,2018-09,monthly,2018,4630.0
041,Nok,Груши,Pears,Нок,2018-09,monthly,2018,7677.0
049,Uzum,Виноград,Grape,Узум,2018-09,monthly,2018,4857.0
0050,Tarvuz,Арбуз,Watermelon,Тарвуз,2018-09,monthly,2018,1160.0
0051,Qovun,Дыня,Melon,Қовун,2018-09,monthly,2018,1288.0
053,Mayiz,Кишмиш,Kishmish,Майиз,2018-09,monthly,2018,20450.0
055,Karam,Капуста,Cabbage,Карам,2018-09,monthly,2018,1317.0
057,Bodring,Огурцы,Cucumbers,Бодринг,2018-09,monthly,2018,2193.0
058,Pomidor,Помидоры,Tomatoes,Помидор,2018-09,monthly,2018,3513.0
059,Baqlajon,Баклажаны,Eggplant,Бақлажон,2018-09,monthly,2018,1500.0
0060,Bulg'or qalampiri,Перец болгарский,Bell pepper,Булғор қалампири,2018-09,monthly,2018,1690.0
061,Qovoq,Тыква,Pumpkin,Қовоқ,2018-09,monthly,2018,1975.0
063,Sabzi,Морковь,Carrot,Сабзи,2018-09,monthly,2018,1724.0
065,Sarimsoq,Чеснок,Garlic,Саримсоқ,2018-09,monthly,2018,4050.0
066,Piyoz,Лук репчатый,Onion,Пиёз,2018-09,monthly,2018,888.0
069,Kartoshka,Картофель,Potatoes,Картошка,2018-09,monthly,2018,1603.0
001,Guruch,Рис,Rice,Гуруч,2018-10,monthly,2018,7917.0
003,Arpa,Ячмень,Barley,Арпа,2018-10,monthly,2018,2122.0
0004,Bug'doy,Пшеница,Wheat,Буғдой,2018-10,monthly,2018,2052.0
005,Jo'hori,Кукуруза,Corn,Жўҳори,2018-10,monthly,2018,2761.0
006,Kepak,Отруби,Bran,Кепак,2018-10,monthly,2018,1596.0
010,Kombikorm,Комбикорм,Compound feed,Комбикорм,2018-10,monthly,2018,1733.0
011,Oliy navli bug'doy uni,Мука пшеничная высшего сорта,High-grade wheat flour,Олий навли буғдой уни,2018-10,monthly,2018,3120.0
017,Mol go'shti,Говядина,Beef,Мол гўшти,2018-10,monthly,2018,39523.0
0020,Qo'y go'shti,Баранина,Mutton,Қўй гўшти,2018-10,monthly,2018,41760.0
026,Turli baliqlar,Рыба всякая,Fish of all kinds,Турли балиқлар,2018-10,monthly,2018,13722.0
027,Yangi sog'ilgan sut (1 litr),Молоко свежее (1 литр),Fresh milk (1 liter),Янги соғилган сут (1 литр),2018-10,monthly,2018,2845.0
034,Tuxum (10 dona),Яйца (10 штук),Eggs (10 pieces ),Тухум (10 дона),2018-10,monthly,2018,5717.0
037,Sariyog',Масло сливочное,Butter,Сариёғ,2018-10,monthly,2018,29967.0
039,Limon,Лимоны,Lemons,Лимон,2018-10,monthly,2018,15983.0
0040,Olma,Яблоки,Apples,Олма,2018-10,monthly,2018,4923.0
041,Nok,Груши,Pears,Нок,2018-10,monthly,2018,10253.0
049,Uzum,Виноград,Grape,Узум,2018-10,monthly,2018,5067.0
0050,Tarvuz,Арбуз,Watermelon,Тарвуз,2018-10,monthly,2018,995.0
0051,Qovun,Дыня,Melon,Қовун,2018-10,monthly,2018,1053.0
053,Mayiz,Кишмиш,Kishmish,Майиз,2018-10,monthly,2018,20800.0
055,Karam,Капуста,Cabbage,Карам,2018-10,monthly,2018,2188.0
057,Bodring,Огурцы,Cucumbers,Бодринг,2018-10,monthly,2018,3582.0
058,Pomidor,Помидоры,Tomatoes,Помидор,2018-10,monthly,2018,4162.0
059,Baqlajon,Баклажаны,Eggplant,Бақлажон,2018-10,monthly,2018,2727.0
0060,Bulg'or qalampiri,Перец болгарский,Bell pepper,Булғор қалампири,2018-10,monthly,2018,2783.0
061,Qovoq,Тыква,Pumpkin,Қовоқ,2018-10,monthly,2018,1015.0
063,Sabzi,Морковь,Carrot,Сабзи,2018-10,monthly,2018,2873.0
065,Sarimsoq,Чеснок,Garlic,Саримсоқ,2018-10,monthly,2018,3780.0
066,Piyoz,Лук репчатый,Onion,Пиёз,2018-10,monthly,2018,1106.0
069,Kartoshka,Картофель,Potatoes,Картошка,2018-10,monthly,2018,2384.0
001,Guruch,Рис,Rice,Гуруч,2018-11,monthly,2018,7930.0
003,Arpa,Ячмень,Barley,Арпа,2018-11,monthly,2018,2300.0
0004,Bug'doy,Пшеница,Wheat,Буғдой,2018-11,monthly,2018,2122.0
005,Jo'hori,Кукуруза,Corn,Жўҳори,2018-11,monthly,2018,2889.0
006,Kepak,Отруби,Bran,Кепак,2018-11,monthly,2018,1670.0
010,Kombikorm,Комбикорм,Compound feed,Комбикорм,2018-11,monthly,2018,1759.0
011,Oliy navli bug'doy uni,Мука пшеничная высшего сорта,High-grade wheat flour,Олий навли буғдой уни,2018-11,monthly,2018,3130.0
017,Mol go'shti,Говядина,Beef,Мол гўшти,2018-11,monthly,2018,40105.0
0020,Qo'y go'shti,Баранина,Mutton,Қўй гўшти,2018-11,monthly,2018,42100.0
026,Turli baliqlar,Рыба всякая,Fish of all kinds,Турли балиқлар,2018-11,monthly,2018,15106.0
027,Yangi sog'ilgan sut (1 litr),Молоко свежее (1 литр),Fresh milk (1 liter),Янги соғилган сут (1 литр),2018-11,monthly,2018,3255.0
034,Tuxum (10 dona),Яйца (10 штук),Eggs (10 pieces ),Тухум (10 дона),2018-11,monthly,2018,6445.0
037,Sariyog',Масло сливочное,Butter,Сариёғ,2018-11,monthly,2018,30900.0
039,Limon,Лимоны,Lemons,Лимон,2018-11,monthly,2018,13450.0
0040,Olma,Яблоки,Apples,Олма,2018-11,monthly,2018,5263.0
041,Nok,Груши,Pears,Нок,2018-11,monthly,2018,9673.0
049,Uzum,Виноград,Grape,Узум,2018-11,monthly,2018,5510.0
0050,Tarvuz,Арбуз,Watermelon,Тарвуз,2018-11,monthly,2018,1112.0
0051,Qovun,Дыня,Melon,Қовун,2018-11,monthly,2018,1183.0
053,Mayiz,Кишмиш,Kishmish,Майиз,2018-11,monthly,2018,21900.0
055,Karam,Капуста,Cabbage,Карам,2018-11,monthly,2018,2530.0
057,Bodring,Огурцы,Cucumbers,Бодринг,2018-11,monthly,2018,5775.0
058,Pomidor,Помидоры,Tomatoes,Помидор,2018-11,monthly,2018,4773.0
059,Baqlajon,Баклажаны,Eggplant,Бақлажон,2018-11,monthly,2018,3533.0
0060,Bulg'or qalampiri,Перец болгарский,Bell pepper,Булғор қалампири,2018-11,monthly,2018,3400.0
061,Qovoq,Тыква,Pumpkin,Қовоқ,2018-11,monthly,2018,1042.0
063,Sabzi,Морковь,Carrot,Сабзи,2018-11,monthly,2018,2283.0
065,Sarimsoq,Чеснок,Garlic,Саримсоқ,2018-11,monthly,2018,3780.0
066,Piyoz,Лук репчатый,Onion,Пиёз,2018-11,monthly,2018,931.0
069,Kartoshka,Картофель,Potatoes,Картошка,2018-11,monthly,2018,2563.0
001,Guruch,Рис,Rice,Гуруч,2018-12,monthly,2018,7930.0
003,Arpa,Ячмень,Barley,Арпа,2018-12,monthly,2018,2304.0
0004,Bug'doy,Пшеница,Wheat,Буғдой,2018-12,monthly,2018,2126.0
005,Jo'hori,Кукуруза,Corn,Жўҳори,2018-12,monthly,2018,2889.0
006,Kepak,Отруби,Bran,Кепак,2018-12,monthly,2018,1678.0
010,Kombikorm,Комбикорм,Compound feed,Комбикорм,2018-12,monthly,2018,1787.0
011,Oliy navli bug'doy uni,Мука пшеничная высшего сорта,High-grade wheat flour,Олий навли буғдой уни,2018-12,monthly,2018,3130.0
017,Mol go'shti,Говядина,Beef,Мол гўшти,2018-12,monthly,2018,40062.0
0020,Qo'y go'shti,Баранина,Mutton,Қўй гўшти,2018-12,monthly,2018,42020.0
026,Turli baliqlar,Рыба всякая,Fish of all kinds,Турли балиқлар,2018-12,monthly,2018,14858.0
027,Yangi sog'ilgan sut (1 litr),Молоко свежее (1 литр),Fresh milk (1 liter),Янги соғилган сут (1 литр),2018-12,monthly,2018,3257.0
034,Tuxum (10 dona),Яйца (10 штук),Eggs (10 pieces ),Тухум (10 дона),2018-12,monthly,2018,6445.0
037,Sariyog',Масло сливочное,Butter,Сариёғ,2018-12,monthly,2018,30900.0
039,Limon,Лимоны,Lemons,Лимон,2018-12,monthly,2018,12450.0
0040,Olma,Яблоки,Apples,Олма,2018-12,monthly,2018,5260.0
041,Nok,Груши,Pears,Нок,2018-12,monthly,2018,10325.0
049,Uzum,Виноград,Grape,Узум,2018-12,monthly,2018,5523.0
0050,Tarvuz,Арбуз,Watermelon,Тарвуз,2018-12,monthly,2018,1392.0
0051,Qovun,Дыня,Melon,Қовун,2018-12,monthly,2018,1402.0
053,Mayiz,Кишмиш,Kishmish,Майиз,2018-12,monthly,2018,21900.0
055,Karam,Капуста,Cabbage,Карам,2018-12,monthly,2018,2040.0
057,Bodring,Огурцы,Cucumbers,Бодринг,2018-12,monthly,2018,9933.0
058,Pomidor,Помидоры,Tomatoes,Помидор,2018-12,monthly,2018,5673.0
059,Baqlajon,Баклажаны,Eggplant,Бақлажон,2018-12,monthly,2018,6500.0
0060,Bulg'or qalampiri,Перец болгарский,Bell pepper,Булғор қалампири,2018-12,monthly,2018,7125.0
061,Qovoq,Тыква,Pumpkin,Қовоқ,2018-12,monthly,2018,1377.0
063,Sabzi,Морковь,Carrot,Сабзи,2018-12,monthly,2018,1663.0
065,Sarimsoq,Чеснок,Garlic,Саримсоқ,2018-12,monthly,2018,3830.0
066,Piyoz,Лук репчатый,Onion,Пиёз,2018-12,monthly,2018,939.0
069,Kartoshka,Картофель,Potatoes,Картошка,2018-12,monthly,2018,2477.0
001,Guruch,Рис,Rice,Гуруч,2019-01,monthly,2019,7769.0
003,Arpa,Ячмень,Barley,Арпа,2019-01,monthly,2019,2307.0
0004,Bug'doy,Пшеница,Wheat,Буғдой,2019-01,monthly,2019,2163.0
005,Jo'hori,Кукуруза,Corn,Жўҳори,2019-01,monthly,2019,2667.0
006,Kepak,Отруби,Bran,Кепак,2019-01,monthly,2019,1717.0
0008,Shrot,Шрот,Schroth,Шрот,2019-01,monthly,2019,2889.0
009,Shulxa,Шелуха,Husk,Шулха,2019-01,monthly,2019,2174.0
010,Kombikorm,Комбикорм,Compound feed,Комбикорм,2019-01,monthly,2019,2106.0
017,Mol go'shti,Говядина,Beef,Мол гўшти,2019-01,monthly,2019,39572.0
0020,Qo'y go'shti,Баранина,Mutton,Қўй гўшти,2019-01,monthly,2019,41832.0
022,Tovuq go'shti,Мясо птицы,Poultry,Товуқ гўшти,2019-01,monthly,2019,17772.0
026,Turli baliqlar,Рыба всякая,Fish of all kinds,Турли балиқлар,2019-01,monthly,2019,14991.0
027,Yangi sog'ilgan sut (1 litr),Молоко свежее (1 литр),Fresh milk (1 liter),Янги соғилган сут (1 литр),2019-01,monthly,2019,3238.0
034,Tuxum (10 dona),Яйца (10 штук),Eggs (10 pieces ),Тухум (10 дона),2019-01,monthly,2019,6325.0
037,Sariyog',Масло сливочное,Butter,Сариёғ,2019-01,monthly,2019,32382.0
039,Limon,Лимоны,Lemons,Лимон,2019-01,monthly,2019,11388.0
0040,Olma,Яблоки,Apples,Олма,2019-01,monthly,2019,5002.0
041,Nok,Груши,Pears,Нок,2019-01,monthly,2019,10206.0
049,Uzum,Виноград,Grape,Узум,2019-01,monthly,2019,5379.0
0050,Tarvuz,Арбуз,Watermelon,Тарвуз,2019-01,monthly,2019,1976.0
0051,Qovun,Дыня,Melon,Қовун,2019-01,monthly,2019,1915.0
053,Mayiz,Кишмиш,Kishmish,Майиз,2019-01,monthly,2019,22836.0
055,Karam,Капуста,Cabbage,Карам,2019-01,monthly,2019,1885.0
057,Bodring,Огурцы,Cucumbers,Бодринг,2019-01,monthly,2019,15659.0
058,Pomidor,Помидоры,Tomatoes,Помидор,2019-01,monthly,2019,7119.0
0060,Bulg'or qalampiri,Перец болгарский,Bell pepper,Булғор қалампири,2019-01,monthly,2019,18222.0
061,Qovoq,Тыква,Pumpkin,Қовоқ,2019-01,monthly,2019,1538.0
063,Sabzi,Морковь,Carrot,Сабзи,2019-01,monthly,2019,1524.0
065,Sarimsoq,Чеснок,Garlic,Саримсоқ,2019-01,monthly,2019,3991.0
066,Piyoz,Лук репчатый,Onion,Пиёз,2019-01,monthly,2019,879.0
069,Kartoshka,Картофель,Potatoes,Картошка,2019-01,monthly,2019,2314.0
0070,Loviya,Фасоль,Beans,Ловия,2019-01,monthly,2019,8319.0
071,No'xot,Горох,Peas,Нўхот,2019-01,monthly,2019,9982.0
0072,Mosh,Маш,Mash,Мош,2019-01,monthly,2019,5804.0
001,Guruch,Рис,Rice,Гуруч,2019-02,monthly,2019,7986.0
003,Arpa,Ячмень,Barley,Арпа,2019-02,monthly,2019,2307.0
0004,Bug'doy,Пшеница,Wheat,Буғдой,2019-02,monthly,2019,2185.0
005,Jo'hori,Кукуруза,Corn,Жўҳори,2019-02,monthly,2019,2613.0
006,Kepak,Отруби,Bran,Кепак,2019-02,monthly,2019,1738.0
0008,Shrot,Шрот,Schroth,Шрот,2019-02,monthly,2019,2533.0
009,Shulxa,Шелуха,Husk,Шулха,2019-02,monthly,2019,2154.0
010,Kombikorm,Комбикорм,Compound feed,Комбикорм,2019-02,monthly,2019,2111.0
017,Mol go'shti,Говядина,Beef,Мол гўшти,2019-02,monthly,2019,39489.0
0020,Qo'y go'shti,Баранина,Mutton,Қўй гўшти,2019-02,monthly,2019,41952.0
022,Tovuq go'shti,Мясо птицы,Poultry,Товуқ гўшти,2019-02,monthly,2019,17817.0
026,Turli baliqlar,Рыба всякая,Fish of all kinds,Турли балиқлар,2019-02,monthly,2019,14860.0
027,Yangi sog'ilgan sut (1 litr),Молоко свежее (1 литр),Fresh milk (1 liter),Янги соғилган сут (1 литр),2019-02,monthly,2019,3268.0
034,Tuxum (10 dona),Яйца (10 штук),Eggs (10 pieces ),Тухум (10 дона),2019-02,monthly,2019,6153.0
037,Sariyog',Масло сливочное,Butter,Сариёғ,2019-02,monthly,2019,35167.0
039,Limon,Лимоны,Lemons,Лимон,2019-02,monthly,2019,10635.0
0040,Olma,Яблоки,Apples,Олма,2019-02,monthly,2019,4873.0
041,Nok,Груши,Pears,Нок,2019-02,monthly,2019,10277.0
049,Uzum,Виноград,Grape,Узум,2019-02,monthly,2019,8076.0
0051,Qovun,Дыня,Melon,Қовун,2019-02,monthly,2019,3900.0
053,Mayiz,Кишмиш,Kishmish,Майиз,2019-02,monthly,2019,22880.0
055,Karam,Капуста,Cabbage,Карам,2019-02,monthly,2019,2010.0
057,Bodring,Огурцы,Cucumbers,Бодринг,2019-02,monthly,2019,15601.0
058,Pomidor,Помидоры,Tomatoes,Помидор,2019-02,monthly,2019,9875.0
0060,Bulg'or qalampiri,Перец болгарский,Bell pepper,Булғор қалампири,2019-02,monthly,2019,20000.0
061,Qovoq,Тыква,Pumpkin,Қовоқ,2019-02,monthly,2019,1917.0
063,Sabzi,Морковь,Carrot,Сабзи,2019-02,monthly,2019,1524.0
065,Sarimsoq,Чеснок,Garlic,Саримсоқ,2019-02,monthly,2019,3929.0
066,Piyoz,Лук репчатый,Onion,Пиёз,2019-02,monthly,2019,870.0
069,Kartoshka,Картофель,Potatoes,Картошка,2019-02,monthly,2019,2290.0
0070,Loviya,Фасоль,Beans,Ловия,2019-02,monthly,2019,8248.0
071,No'xot,Горох,Peas,Нўхот,2019-02,monthly,2019,9816.0
0072,Mosh,Маш,Mash,Мош,2019-02,monthly,2019,5874.0
001,Guruch,Рис,Rice,Гуруч,2019-03,monthly,2019,7986.0
003,Arpa,Ячмень,Barley,Арпа,2019-03,monthly,2019,2313.0
0004,Bug'doy,Пшеница,Wheat,Буғдой,2019-03,monthly,2019,2190.0
005,Jo'hori,Кукуруза,Corn,Жўҳори,2019-03,monthly,2019,2586.0
006,Kepak,Отруби,Bran,Кепак,2019-03,monthly,2019,1748.0
0008,Shrot,Шрот,Schroth,Шрот,2019-03,monthly,2019,2400.0
009,Shulxa,Шелуха,Husk,Шулха,2019-03,monthly,2019,2196.0
010,Kombikorm,Комбикорм,Compound feed,Комбикорм,2019-03,monthly,2019,2130.0
017,Mol go'shti,Говядина,Beef,Мол гўшти,2019-03,monthly,2019,39479.0
0020,Qo'y go'shti,Баранина,Mutton,Қўй гўшти,2019-03,monthly,2019,41960.0
022,Tovuq go'shti,Мясо птицы,Poultry,Товуқ гўшти,2019-03,monthly,2019,17801.0
026,Turli baliqlar,Рыба всякая,Fish of all kinds,Турли балиқлар,2019-03,monthly,2019,14984.0
027,Yangi sog'ilgan sut (1 litr),Молоко свежее (1 литр),Fresh milk (1 liter),Янги соғилган сут (1 литр),2019-03,monthly,2019,3285.0
034,Tuxum (10 dona),Яйца (10 штук),Eggs (10 pieces ),Тухум (10 дона),2019-03,monthly,2019,6009.0
037,Sariyog',Масло сливочное,Butter,Сариёғ,2019-03,monthly,2019,35167.0
039,Limon,Лимоны,Lemons,Лимон,2019-03,monthly,2019,10576.0
0040,Olma,Яблоки,Apples,Олма,2019-03,monthly,2019,4873.0
041,Nok,Груши,Pears,Нок,2019-03,monthly,2019,11175.0
049,Uzum,Виноград,Grape,Узум,2019-03,monthly,2019,10462.0
0051,Qovun,Дыня,Melon,Қовун,2019-03,monthly,2019,3900.0
053,Mayiz,Кишмиш,Kishmish,Майиз,2019-03,monthly,2019,22397.0
055,Karam,Капуста,Cabbage,Карам,2019-03,monthly,2019,2318.0
057,Bodring,Огурцы,Cucumbers,Бодринг,2019-03,monthly,2019,14982.0
058,Pomidor,Помидоры,Tomatoes,Помидор,2019-03,monthly,2019,13703.0
0060,Bulg'or qalampiri,Перец болгарский,Bell pepper,Булғор қалампири,2019-03,monthly,2019,20000.0
061,Qovoq,Тыква,Pumpkin,Қовоқ,2019-03,monthly,2019,2103.0
063,Sabzi,Морковь,Carrot,Сабзи,2019-03,monthly,2019,1545.0
065,Sarimsoq,Чеснок,Garlic,Саримсоқ,2019-03,monthly,2019,4069.0
066,Piyoz,Лук репчатый,Onion,Пиёз,2019-03,monthly,2019,899.0
069,Kartoshka,Картофель,Potatoes,Картошка,2019-03,monthly,2019,2285.0
0070,Loviya,Фасоль,Beans,Ловия,2019-03,monthly,2019,8240.0
071,No'xot,Горох,Peas,Нўхот,2019-03,monthly,2019,9743.0
0072,Mosh,Маш,Mash,Мош,2019-03,monthly,2019,6034.0
001,Guruch,Рис,Rice,Гуруч,2019-04,monthly,2019,7986.0
003,Arpa,Ячмень,Barley,Арпа,2019-04,monthly,2019,2319.0
0004,Bug'doy,Пшеница,Wheat,Буғдой,2019-04,monthly,2019,2215.0
005,Jo'hori,Кукуруза,Corn,Жўҳори,2019-04,monthly,2019,2586.0
006,Kepak,Отруби,Bran,Кепак,2019-04,monthly,2019,1746.0
0008,Shrot,Шрот,Schroth,Шрот,2019-04,monthly,2019,2333.0
009,Shulxa,Шелуха,Husk,Шулха,2019-04,monthly,2019,2008.0
010,Kombikorm,Комбикорм,Compound feed,Комбикорм,2019-04,monthly,2019,2009.0
017,Mol go'shti,Говядина,Beef,Мол гўшти,2019-04,monthly,2019,39385.0
0020,Qo'y go'shti,Баранина,Mutton,Қўй гўшти,2019-04,monthly,2019,41964.0
022,Tovuq go'shti,Мясо птицы,Poultry,Товуқ гўшти,2019-04,monthly,2019,17793.0
026,Turli baliqlar,Рыба всякая,Fish of all kinds,Турли балиқлар,2019-04,monthly,2019,14906.0
027,Yangi sog'ilgan sut (1 litr),Молоко свежее (1 литр),Fresh milk (1 liter),Янги соғилган сут (1 литр),2019-04,monthly,2019,3285.0
034,Tuxum (10 dona),Яйца (10 штук),Eggs (10 pieces ),Тухум (10 дона),2019-04,monthly,2019,5793.0
037,Sariyog',Масло сливочное,Butter,Сариёғ,2019-04,monthly,2019,35167.0
039,Limon,Лимоны,Lemons,Лимон,2019-04,monthly,2019,10580.0
0040,Olma,Яблоки,Apples,Олма,2019-04,monthly,2019,5010.0
041,Nok,Груши,Pears,Нок,2019-04,monthly,2019,13616.0
049,Uzum,Виноград,Grape,Узум,2019-04,monthly,2019,10484.0
053,Mayiz,Кишмиш,Kishmish,Майиз,2019-04,monthly,2019,22397.0
055,Karam,Капуста,Cabbage,Карам,2019-04,monthly,2019,3005.0
057,Bodring,Огурцы,Cucumbers,Бодринг,2019-04,monthly,2019,7718.0
058,Pomidor,Помидоры,Tomatoes,Помидор,2019-04,monthly,2019,14694.0
059,Baqlajon,Баклажаны,Eggplant,Бақлажон,2019-04,monthly,2019,23056.0
0060,Bulg'or qalampiri,Перец болгарский,Bell pepper,Булғор қалампири,2019-04,monthly,2019,21640.0
061,Qovoq,Тыква,Pumpkin,Қовоқ,2019-04,monthly,2019,2123.0
063,Sabzi,Морковь,Carrot,Сабзи,2019-04,monthly,2019,1778.0
065,Sarimsoq,Чеснок,Garlic,Саримсоқ,2019-04,monthly,2019,4364.0
066,Piyoz,Лук репчатый,Onion,Пиёз,2019-04,monthly,2019,1420.0
069,Kartoshka,Картофель,Potatoes,Картошка,2019-04,monthly,2019,2317.0
0070,Loviya,Фасоль,Beans,Ловия,2019-04,monthly,2019,8240.0
071,No'xot,Горох,Peas,Нўхот,2019-04,monthly,2019,9743.0
0072,Mosh,Маш,Mash,Мош,2019-04,monthly,2019,6071.0
001,Guruch,Рис,Rice,Гуруч,2019-05,monthly,2019,7988.0
003,Arpa,Ячмень,Barley,Арпа,2019-05,monthly,2019,2337.0
0004,Bug'doy,Пшеница,Wheat,Буғдой,2019-05,monthly,2019,2233.0
005,Jo'hori,Кукуруза,Corn,Жўҳори,2019-05,monthly,2019,2600.0
006,Kepak,Отруби,Bran,Кепак,2019-05,monthly,2019,1739.0
0008,Shrot,Шрот,Schroth,Шрот,2019-05,monthly,2019,2300.0
009,Shulxa,Шелуха,Husk,Шулха,2019-05,monthly,2019,1961.0
010,Kombikorm,Комбикорм,Compound feed,Комбикорм,2019-05,monthly,2019,1940.0
017,Mol go'shti,Говядина,Beef,Мол гўшти,2019-05,monthly,2019,39314.0
0020,Qo'y go'shti,Баранина,Mutton,Қўй гўшти,2019-05,monthly,2019,42011.0
022,Tovuq go'shti,Мясо птицы,Poultry,Товуқ гўшти,2019-05,monthly,2019,17630.0
026,Turli baliqlar,Рыба всякая,Fish of all kinds,Турли балиқлар,2019-05,monthly,2019,15380.0
027,Yangi sog'ilgan sut (1 litr),Молоко свежее (1 литр),Fresh milk (1 liter),Янги соғилган сут (1 литр),2019-05,monthly,2019,3285.0
034,Tuxum (10 dona),Яйца (10 штук),Eggs (10 pieces ),Тухум (10 дона),2019-05,monthly,2019,5570.0
037,Sariyog',Масло сливочное,Butter,Сариёғ,2019-05,monthly,2019,35167.0
039,Limon,Лимоны,Lemons,Лимон,2019-05,monthly,2019,11090.0
0040,Olma,Яблоки,Apples,Олма,2019-05,monthly,2019,5839.0
041,Nok,Груши,Pears,Нок,2019-05,monthly,2019,15846.0
049,Uzum,Виноград,Grape,Узум,2019-05,monthly,2019,10375.0
053,Mayiz,Кишмиш,Kishmish,Майиз,2019-05,monthly,2019,22421.0
055,Karam,Капуста,Cabbage,Карам,2019-05,monthly,2019,3029.0
057,Bodring,Огурцы,Cucumbers,Бодринг,2019-05,monthly,2019,3766.0
058,Pomidor,Помидоры,Tomatoes,Помидор,2019-05,monthly,2019,9763.0
059,Baqlajon,Баклажаны,Eggplant,Бақлажон,2019-05,monthly,2019,15977.0
0060,Bulg'or qalampiri,Перец болгарский,Bell pepper,Булғор қалампири,2019-05,monthly,2019,13199.0
063,Sabzi,Морковь,Carrot,Сабзи,2019-05,monthly,2019,2205.0
065,Sarimsoq,Чеснок,Garlic,Саримсоқ,2019-05,monthly,2019,5326.0
066,Piyoz,Лук репчатый,Onion,Пиёз,2019-05,monthly,2019,2335.0
069,Kartoshka,Картофель,Potatoes,Картошка,2019-05,monthly,2019,2515.0
0070,Loviya,Фасоль,Beans,Ловия,2019-05,monthly,2019,8252.0
071,No'xot,Горох,Peas,Нўхот,2019-05,monthly,2019,9880.0
0072,Mosh,Маш,Mash,Мош,2019-05,monthly,2019,6589.0
001,Guruch,Рис,Rice,Гуруч,2019-06,monthly,2019,8031.0
003,Arpa,Ячмень,Barley,Арпа,2019-06,monthly,2019,2346.0
0004,Bug'doy,Пшеница,Wheat,Буғдой,2019-06,monthly,2019,2232.0
005,Jo'hori,Кукуруза,Corn,Жўҳори,2019-06,monthly,2019,2618.0
006,Kepak,Отруби,Bran,Кепак,2019-06,monthly,2019,1739.0
0008,Shrot,Шрот,Schroth,Шрот,2019-06,monthly,2019,2300.0
009,Shulxa,Шелуха,Husk,Шулха,2019-06,monthly,2019,2055.0
010,Kombikorm,Комбикорм,Compound feed,Комбикорм,2019-06,monthly,2019,1940.0
017,Mol go'shti,Говядина,Beef,Мол гўшти,2019-06,monthly,2019,39546.0
0020,Qo'y go'shti,Баранина,Mutton,Қўй гўшти,2019-06,monthly,2019,42215.0
022,Tovuq go'shti,Мясо птицы,Poultry,Товуқ гўшти,2019-06,monthly,2019,17540.0
027,Yangi sog'ilgan sut (1 litr),Молоко свежее (1 литр),Fresh milk (1 liter),Янги соғилган сут (1 литр),2019-06,monthly,2019,3231.0
034,Tuxum (10 dona),Яйца (10 штук),Eggs (10 pieces ),Тухум (10 дона),2019-06,monthly,2019,5562.0
037,Sariyog',Масло сливочное,Butter,Сариёғ,2019-06,monthly,2019,35167.0
039,Limon,Лимоны,Lemons,Лимон,2019-06,monthly,2019,11571.0
0040,Olma,Яблоки,Apples,Олма,2019-06,monthly,2019,5650.0
041,Nok,Груши,Pears,Нок,2019-06,monthly,2019,14770.0
049,Uzum,Виноград,Grape,Узум,2019-06,monthly,2019,9204.0
0050,Tarvuz,Арбуз,Watermelon,Тарвуз,2019-06,monthly,2019,4288.0
0051,Qovun,Дыня,Melon,Қовун,2019-06,monthly,2019,3312.0
053,Mayiz,Кишмиш,Kishmish,Майиз,2019-06,monthly,2019,22433.0
055,Karam,Капуста,Cabbage,Карам,2019-06,monthly,2019,2262.0
057,Bodring,Огурцы,Cucumbers,Бодринг,2019-06,monthly,2019,2046.0
058,Pomidor,Помидоры,Tomatoes,Помидор,2019-06,monthly,2019,4065.0
059,Baqlajon,Баклажаны,Eggplant,Бақлажон,2019-06,monthly,2019,4654.0
0060,Bulg'or qalampiri,Перец болгарский,Bell pepper,Булғор қалампири,2019-06,monthly,2019,6125.0
063,Sabzi,Морковь,Carrot,Сабзи,2019-06,monthly,2019,2216.0
065,Sarimsoq,Чеснок,Garlic,Саримсоқ,2019-06,monthly,2019,5390.0
066,Piyoz,Лук репчатый,Onion,Пиёз,2019-06,monthly,2019,2519.0
069,Kartoshka,Картофель,Potatoes,Картошка,2019-06,monthly,2019,2261.0
0070,Loviya,Фасоль,Beans,Ловия,2019-06,monthly,2019,8322.0
071,No'xot,Горох,Peas,Нўхот,2019-06,monthly,2019,9899.0
0072,Mosh,Маш,Mash,Мош,2019-06,monthly,2019,6753.0
001,Guruch,Рис,Rice,Гуруч,2019-07,monthly,2019,8073.0
003,Arpa,Ячмень,Barley,Арпа,2019-07,monthly,2019,2346.0
0004,Bug'doy,Пшеница,Wheat,Буғдой,2019-07,monthly,2019,2242.0
005,Jo'hori,Кукуруза,Corn,Жўҳори,2019-07,monthly,2019,2618.0
006,Kepak,Отруби,Bran,Кепак,2019-07,monthly,2019,1732.0
0008,Shrot,Шрот,Schroth,Шрот,2019-07,monthly,2019,2300.0
009,Shulxa,Шелуха,Husk,Шулха,2019-07,monthly,2019,1964.0
010,Kombikorm,Комбикорм,Compound feed,Комбикорм,2019-07,monthly,2019,1940.0
017,Mol go'shti,Говядина,Beef,Мол гўшти,2019-07,monthly,2019,40450.0
0020,Qo'y go'shti,Баранина,Mutton,Қўй гўшти,2019-07,monthly,2019,42901.0
022,Tovuq go'shti,Мясо птицы,Poultry,Товуқ гўшти,2019-07,monthly,2019,17345.0
027,Yangi sog'ilgan sut (1 litr),Молоко свежее (1 литр),Fresh milk (1 liter),Янги соғилган сут (1 литр),2019-07,monthly,2019,3159.0
034,Tuxum (10 dona),Яйца (10 штук),Eggs (10 pieces ),Тухум (10 дона),2019-07,monthly,2019,5562.0
037,Sariyog',Масло сливочное,Butter,Сариёғ,2019-07,monthly,2019,35167.0
039,Limon,Лимоны,Lemons,Лимон,2019-07,monthly,2019,11786.0
0040,Olma,Яблоки,Apples,Олма,2019-07,monthly,2019,5082.0
041,Nok,Груши,Pears,Нок,2019-07,monthly,2019,13152.0
049,Uzum,Виноград,Grape,Узум,2019-07,monthly,2019,4504.0
0050,Tarvuz,Арбуз,Watermelon,Тарвуз,2019-07,monthly,2019,2057.0
0051,Qovun,Дыня,Melon,Қовун,2019-07,monthly,2019,2843.0
053,Mayiz,Кишмиш,Kishmish,Майиз,2019-07,monthly,2019,22433.0
055,Karam,Капуста,Cabbage,Карам,2019-07,monthly,2019,1830.0
057,Bodring,Огурцы,Cucumbers,Бодринг,2019-07,monthly,2019,2629.0
058,Pomidor,Помидоры,Tomatoes,Помидор,2019-07,monthly,2019,2783.0
059,Baqlajon,Баклажаны,Eggplant,Бақлажон,2019-07,monthly,2019,2371.0
0060,Bulg'or qalampiri,Перец болгарский,Bell pepper,Булғор қалампири,2019-07,monthly,2019,2793.0
063,Sabzi,Морковь,Carrot,Сабзи,2019-07,monthly,2019,2125.0
065,Sarimsoq,Чеснок,Garlic,Саримсоқ,2019-07,monthly,2019,5329.0
066,Piyoz,Лук репчатый,Onion,Пиёз,2019-07,monthly,2019,2550.0
069,Kartoshka,Картофель,Potatoes,Картошка,2019-07,monthly,2019,2232.0
0070,Loviya,Фасоль,Beans,Ловия,2019-07,monthly,2019,9113.0
071,No'xot,Горох,Peas,Нўхот,2019-07,monthly,2019,10059.0
0072,Mosh,Маш,Mash,Мош,2019-07,monthly,2019,7749.0
001,Guruch,Рис,Rice,Гуруч,2019-08,monthly,2019,8073.0
003,Arpa,Ячмень,Barley,Арпа,2019-08,monthly,2019,2320.0
0004,Bug'doy,Пшеница,Wheat,Буғдой,2019-08,monthly,2019,2041.0
005,Jo'hori,Кукуруза,Corn,Жўҳори,2019-08,monthly,2019,2618.0
006,Kepak,Отруби,Bran,Кепак,2019-08,monthly,2019,1732.0
0008,Shrot,Шрот,Schroth,Шрот,2019-08,monthly,2019,2438.0
009,Shulxa,Шелуха,Husk,Шулха,2019-08,monthly,2019,1961.0
010,Kombikorm,Комбикорм,Compound feed,Комбикорм,2019-08,monthly,2019,1940.0
017,Mol go'shti,Говядина,Beef,Мол гўшти,2019-08,monthly,2019,43706.0
0020,Qo'y go'shti,Баранина,Mutton,Қўй гўшти,2019-08,monthly,2019,45234.0
022,Tovuq go'shti,Мясо птицы,Poultry,Товуқ гўшти,2019-08,monthly,2019,16995.0
027,Yangi sog'ilgan sut (1 litr),Молоко свежее (1 литр),Fresh milk (1 liter),Янги соғилган сут (1 литр),2019-08,monthly,2019,3159.0
034,Tuxum (10 dona),Яйца (10 штук),Eggs (10 pieces ),Тухум (10 дона),2019-08,monthly,2019,5583.0
037,Sariyog',Масло сливочное,Butter,Сариёғ,2019-08,monthly,2019,35167.0
039,Limon,Лимоны,Lemons,Лимон,2019-08,monthly,2019,18271.0
0040,Olma,Яблоки,Apples,Олма,2019-08,monthly,2019,5149.0
041,Nok,Груши,Pears,Нок,2019-08,monthly,2019,12875.0
049,Uzum,Виноград,Grape,Узум,2019-08,monthly,2019,4780.0
0050,Tarvuz,Арбуз,Watermelon,Тарвуз,2019-08,monthly,2019,1634.0
0051,Qovun,Дыня,Melon,Қовун,2019-08,monthly,2019,2224.0
053,Mayiz,Кишмиш,Kishmish,Майиз,2019-08,monthly,2019,22433.0
055,Karam,Капуста,Cabbage,Карам,2019-08,monthly,2019,2061.0
057,Bodring,Огурцы,Cucumbers,Бодринг,2019-08,monthly,2019,2778.0
058,Pomidor,Помидоры,Tomatoes,Помидор,2019-08,monthly,2019,2279.0
059,Baqlajon,Баклажаны,Eggplant,Бақлажон,2019-08,monthly,2019,2338.0
0060,Bulg'or qalampiri,Перец болгарский,Bell pepper,Булғор қалампири,2019-08,monthly,2019,2803.0
061,Qovoq,Тыква,Pumpkin,Қовоқ,2019-08,monthly,2019,4250.0
063,Sabzi,Морковь,Carrot,Сабзи,2019-08,monthly,2019,1951.0
065,Sarimsoq,Чеснок,Garlic,Саримсоқ,2019-08,monthly,2019,5329.0
066,Piyoz,Лук репчатый,Onion,Пиёз,2019-08,monthly,2019,1980.0
069,Kartoshka,Картофель,Potatoes,Картошка,2019-08,monthly,2019,2246.0
0070,Loviya,Фасоль,Beans,Ловия,2019-08,monthly,2019,9816.0
071,No'xot,Горох,Peas,Нўхот,2019-08,monthly,2019,10248.0
0072,Mosh,Маш,Mash,Мош,2019-08,monthly,2019,8292.0
001,Guruch,Рис,Rice,Гуруч,2019-09,monthly,2019,8265.0
003,Arpa,Ячмень,Barley,Арпа,2019-09,monthly,2019,2305.0
0004,Bug'doy,Пшеница,Wheat,Буғдой,2019-09,monthly,2019,1922.0
005,Jo'hori,Кукуруза,Corn,Жўҳори,2019-09,monthly,2019,2569.0
006,Kepak,Отруби,Bran,Кепак,2019-09,monthly,2019,1724.0
0008,Shrot,Шрот,Schroth,Шрот,2019-09,monthly,2019,2324.0
009,Shulxa,Шелуха,Husk,Шулха,2019-09,monthly,2019,2151.0
010,Kombikorm,Комбикорм,Compound feed,Комбикорм,2019-09,monthly,2019,1963.0
017,Mol go'shti,Говядина,Beef,Мол гўшти,2019-09,monthly,2019,47315.0
0020,Qo'y go'shti,Баранина,Mutton,Қўй гўшти,2019-09,monthly,2019,48561.0
022,Tovuq go'shti,Мясо птицы,Poultry,Товуқ гўшти,2019-09,monthly,2019,17146.0
026,Turli baliqlar,Рыба всякая,Fish of all kinds,Турли балиқлар,2019-09,monthly,2019,16684.0
027,Yangi sog'ilgan sut (1 litr),Молоко свежее (1 литр),Fresh milk (1 liter),Янги соғилган сут (1 литр),2019-09,monthly,2019,3226.0
034,Tuxum (10 dona),Яйца (10 штук),Eggs (10 pieces ),Тухум (10 дона),2019-09,monthly,2019,6169.0
037,Sariyog',Масло сливочное,Butter,Сариёғ,2019-09,monthly,2019,36528.0
039,Limon,Лимоны,Lemons,Лимон,2019-09,monthly,2019,21589.0
0040,Olma,Яблоки,Apples,Олма,2019-09,monthly,2019,5740.0
041,Nok,Груши,Pears,Нок,2019-09,monthly,2019,13208.0
049,Uzum,Виноград,Grape,Узум,2019-09,monthly,2019,5437.0
0050,Tarvuz,Арбуз,Watermelon,Тарвуз,2019-09,monthly,2019,1685.0
0051,Qovun,Дыня,Melon,Қовун,2019-09,monthly,2019,2147.0
053,Mayiz,Кишмиш,Kishmish,Майиз,2019-09,monthly,2019,22054.0
055,Karam,Капуста,Cabbage,Карам,2019-09,monthly,2019,2236.0
057,Bodring,Огурцы,Cucumbers,Бодринг,2019-09,monthly,2019,2888.0
058,Pomidor,Помидоры,Tomatoes,Помидор,2019-09,monthly,2019,3492.0
059,Baqlajon,Баклажаны,Eggplant,Бақлажон,2019-09,monthly,2019,2344.0
0060,Bulg'or qalampiri,Перец болгарский,Bell pepper,Булғор қалампири,2019-09,monthly,2019,2821.0
061,Qovoq,Тыква,Pumpkin,Қовоқ,2019-09,monthly,2019,3386.0
063,Sabzi,Морковь,Carrot,Сабзи,2019-09,monthly,2019,2411.0
065,Sarimsoq,Чеснок,Garlic,Саримсоқ,2019-09,monthly,2019,5478.0
066,Piyoz,Лук репчатый,Onion,Пиёз,2019-09,monthly,2019,1615.0
069,Kartoshka,Картофель,Potatoes,Картошка,2019-09,monthly,2019,2358.0
0070,Loviya,Фасоль,Beans,Ловия,2019-09,monthly,2019,9971.0
071,No'xot,Горох,Peas,Нўхот,2019-09,monthly,2019,10500.0
0072,Mosh,Маш,Mash,Мош,2019-09,monthly,2019,8664.0
001,Guruch,Рис,Rice,Гуруч,2019-10,monthly,2019,8382.0
003,Arpa,Ячмень,Barley,Арпа,2019-10,monthly,2019,2319.0
0004,Bug'doy,Пшеница,Wheat,Буғдой,2019-10,monthly,2019,1954.0
005,Jo'hori,Кукуруза,Corn,Жўҳори,2019-10,monthly,2019,2557.0
006,Kepak,Отруби,Bran,Кепак,2019-10,monthly,2019,1724.0
0008,Shrot,Шрот,Schroth,Шрот,2019-10,monthly,2019,2379.0
009,Shulxa,Шелуха,Husk,Шулха,2019-10,monthly,2019,2157.0
010,Kombikorm,Комбикорм,Compound feed,Комбикорм,2019-10,monthly,2019,2011.0
017,Mol go'shti,Говядина,Beef,Мол гўшти,2019-10,monthly,2019,48428.0
0020,Qo'y go'shti,Баранина,Mutton,Қўй гўшти,2019-10,monthly,2019,49939.0
022,Tovuq go'shti,Мясо птицы,Poultry,Товуқ гўшти,2019-10,monthly,2019,17438.0
026,Turli baliqlar,Рыба всякая,Fish of all kinds,Турли балиқлар,2019-10,monthly,2019,17221.0
027,Yangi sog'ilgan sut (1 litr),Молоко свежее (1 литр),Fresh milk (1 liter),Янги соғилган сут (1 литр),2019-10,monthly,2019,3562.0
034,Tuxum (10 dona),Яйца (10 штук),Eggs (10 pieces ),Тухум (10 дона),2019-10,monthly,2019,6760.0
037,Sariyog',Масло сливочное,Butter,Сариёғ,2019-10,monthly,2019,44034.0
039,Limon,Лимоны,Lemons,Лимон,2019-10,monthly,2019,20544.0
0040,Olma,Яблоки,Apples,Олма,2019-10,monthly,2019,6530.0
041,Nok,Груши,Pears,Нок,2019-10,monthly,2019,13284.0
049,Uzum,Виноград,Grape,Узум,2019-10,monthly,2019,6353.0
0050,Tarvuz,Арбуз,Watermelon,Тарвуз,2019-10,monthly,2019,1807.0
0051,Qovun,Дыня,Melon,Қовун,2019-10,monthly,2019,2234.0
053,Mayiz,Кишмиш,Kishmish,Майиз,2019-10,monthly,2019,21364.0
055,Karam,Капуста,Cabbage,Карам,2019-10,monthly,2019,2014.0
057,Bodring,Огурцы,Cucumbers,Бодринг,2019-10,monthly,2019,3712.0
058,Pomidor,Помидоры,Tomatoes,Помидор,2019-10,monthly,2019,4456.0
059,Baqlajon,Баклажаны,Eggplant,Бақлажон,2019-10,monthly,2019,2203.0
0060,Bulg'or qalampiri,Перец болгарский,Bell pepper,Булғор қалампири,2019-10,monthly,2019,2821.0
061,Qovoq,Тыква,Pumpkin,Қовоқ,2019-10,monthly,2019,2928.0
063,Sabzi,Морковь,Carrot,Сабзи,2019-10,monthly,2019,2202.0
065,Sarimsoq,Чеснок,Garlic,Саримсоқ,2019-10,monthly,2019,6970.0
066,Piyoz,Лук репчатый,Onion,Пиёз,2019-10,monthly,2019,1491.0
069,Kartoshka,Картофель,Potatoes,Картошка,2019-10,monthly,2019,2485.0
0070,Loviya,Фасоль,Beans,Ловия,2019-10,monthly,2019,10153.0
071,No'xot,Горох,Peas,Нўхот,2019-10,monthly,2019,10748.0
0072,Mosh,Маш,Mash,Мош,2019-10,monthly,2019,9265.0
001,Guruch,Рис,Rice,Гуруч,2019-11,monthly,2019,8197.0
003,Arpa,Ячмень,Barley,Арпа,2019-11,monthly,2019,2329.0
0004,Bug'doy,Пшеница,Wheat,Буғдой,2019-11,monthly,2019,2172.0
005,Jo'hori,Кукуруза,Corn,Жўҳори,2019-11,monthly,2019,2755.0
006,Kepak,Отруби,Bran,Кепак,2019-11,monthly,2019,1724.0
0008,Shrot,Шрот,Schroth,Шрот,2019-11,monthly,2019,2379.0
009,Shulxa,Шелуха,Husk,Шулха,2019-11,monthly,2019,2136.0
010,Kombikorm,Комбикорм,Compound feed,Комбикорм,2019-11,monthly,2019,2011.0
017,Mol go'shti,Говядина,Beef,Мол гўшти,2019-11,monthly,2019,48532.0
0020,Qo'y go'shti,Баранина,Mutton,Қўй гўшти,2019-11,monthly,2019,50081.0
022,Tovuq go'shti,Мясо птицы,Poultry,Товуқ гўшти,2019-11,monthly,2019,18443.0
026,Turli baliqlar,Рыба всякая,Fish of all kinds,Турли балиқлар,2019-11,monthly,2019,14783.0
027,Yangi sog'ilgan sut (1 litr),Молоко свежее (1 литр),Fresh milk (1 liter),Янги соғилган сут (1 литр),2019-11,monthly,2019,4002.0
034,Tuxum (10 dona),Яйца (10 штук),Eggs (10 pieces ),Тухум (10 дона),2019-11,monthly,2019,7190.0
037,Sariyog',Масло сливочное,Butter,Сариёғ,2019-11,monthly,2019,44624.0
039,Limon,Лимоны,Lemons,Лимон,2019-11,monthly,2019,12016.0
0040,Olma,Яблоки,Apples,Олма,2019-11,monthly,2019,8081.0
041,Nok,Груши,Pears,Нок,2019-11,monthly,2019,14244.0
049,Uzum,Виноград,Grape,Узум,2019-11,monthly,2019,8866.0
0050,Tarvuz,Арбуз,Watermelon,Тарвуз,2019-11,monthly,2019,2199.0
0051,Qovun,Дыня,Melon,Қовун,2019-11,monthly,2019,2679.0
053,Mayiz,Кишмиш,Kishmish,Майиз,2019-11,monthly,2019,21160.0
055,Karam,Капуста,Cabbage,Карам,2019-11,monthly,2019,1489.0
057,Bodring,Огурцы,Cucumbers,Бодринг,2019-11,monthly,2019,7457.0
058,Pomidor,Помидоры,Tomatoes,Помидор,2019-11,monthly,2019,6136.0
059,Baqlajon,Баклажаны,Eggplant,Бақлажон,2019-11,monthly,2019,2803.0
0060,Bulg'or qalampiri,Перец болгарский,Bell pepper,Булғор қалампири,2019-11,monthly,2019,2972.0
061,Qovoq,Тыква,Pumpkin,Қовоқ,2019-11,monthly,2019,2145.0
063,Sabzi,Морковь,Carrot,Сабзи,2019-11,monthly,2019,1672.0
065,Sarimsoq,Чеснок,Garlic,Саримсоқ,2019-11,monthly,2019,9588.0
066,Piyoz,Лук репчатый,Onion,Пиёз,2019-11,monthly,2019,1331.0
069,Kartoshka,Картофель,Potatoes,Картошка,2019-11,monthly,2019,2576.0
0070,Loviya,Фасоль,Beans,Ловия,2019-11,monthly,2019,10246.0
071,No'xot,Горох,Peas,Нўхот,2019-11,monthly,2019,10870.0
0072,Mosh,Маш,Mash,Мош,2019-11,monthly,2019,9517.0
001,Guruch,Рис,Rice,Гуруч,2019-12,monthly,2019,8082.0
003,Arpa,Ячмень,Barley,Арпа,2019-12,monthly,2019,2329.0
0004,Bug'doy,Пшеница,Wheat,Буғдой,2019-12,monthly,2019,2207.0
005,Jo'hori,Кукуруза,Corn,Жўҳори,2019-12,monthly,2019,2796.0
006,Kepak,Отруби,Bran,Кепак,2019-12,monthly,2019,1724.0
0008,Shrot,Шрот,Schroth,Шрот,2019-12,monthly,2019,2407.0
009,Shulxa,Шелуха,Husk,Шулха,2019-12,monthly,2019,2162.0
010,Kombikorm,Комбикорм,Compound feed,Комбикорм,2019-12,monthly,2019,2019.0
017,Mol go'shti,Говядина,Beef,Мол гўшти,2019-12,monthly,2019,48480.0
0020,Qo'y go'shti,Баранина,Mutton,Қўй гўшти,2019-12,monthly,2019,50101.0
022,Tovuq go'shti,Мясо птицы,Poultry,Товуқ гўшти,2019-12,monthly,2019,19727.0
026,Turli baliqlar,Рыба всякая,Fish of all kinds,Турли балиқлар,2019-12,monthly,2019,15061.0
027,Yangi sog'ilgan sut (1 litr),Молоко свежее (1 литр),Fresh milk (1 liter),Янги соғилган сут (1 литр),2019-12,monthly,2019,4420.0
034,Tuxum (10 dona),Яйца (10 штук),Eggs (10 pieces ),Тухум (10 дона),2019-12,monthly,2019,8076.0
037,Sariyog',Масло сливочное,Butter,Сариёғ,2019-12,monthly,2019,44624.0
039,Limon,Лимоны,Lemons,Лимон,2019-12,monthly,2019,9082.0
0040,Olma,Яблоки,Apples,Олма,2019-12,monthly,2019,10709.0
041,Nok,Груши,Pears,Нок,2019-12,monthly,2019,16292.0
049,Uzum,Виноград,Grape,Узум,2019-12,monthly,2019,13255.0
0050,Tarvuz,Арбуз,Watermelon,Тарвуз,2019-12,monthly,2019,2904.0
0051,Qovun,Дыня,Melon,Қовун,2019-12,monthly,2019,3202.0
053,Mayiz,Кишмиш,Kishmish,Майиз,2019-12,monthly,2019,21267.0
055,Karam,Капуста,Cabbage,Карам,2019-12,monthly,2019,1585.0
057,Bodring,Огурцы,Cucumbers,Бодринг,2019-12,monthly,2019,13697.0
058,Pomidor,Помидоры,Tomatoes,Помидор,2019-12,monthly,2019,8340.0
059,Baqlajon,Баклажаны,Eggplant,Бақлажон,2019-12,monthly,2019,3063.0
0060,Bulg'or qalampiri,Перец болгарский,Bell pepper,Булғор қалампири,2019-12,monthly,2019,2071.0
061,Qovoq,Тыква,Pumpkin,Қовоқ,2019-12,monthly,2019,1806.0
063,Sabzi,Морковь,Carrot,Сабзи,2019-12,monthly,2019,1120.0
065,Sarimsoq,Чеснок,Garlic,Саримсоқ,2019-12,monthly,2019,14421.0
066,Piyoz,Лук репчатый,Onion,Пиёз,2019-12,monthly,2019,1825.0
069,Kartoshka,Картофель,Potatoes,Картошка,2019-12,monthly,2019,2703.0
0070,Loviya,Фасоль,Beans,Ловия,2019-12,monthly,2019,11406.0
071,No'xot,Горох,Peas,Нўхот,2019-12,monthly,2019,10548.0
0072,Mosh,Маш,Mash,Мош,2019-12,monthly,2019,9184.0
001,Guruch,Рис,Rice,Гуруч,2020-01,monthly,2020,7935.0
003,Arpa,Ячмень,Barley,Арпа,2020-01,monthly,2020,2309.0
0004,Bug'doy,Пшеница,Wheat,Буғдой,2020-01,monthly,2020,2279.0
005,Jo'hori,Кукуруза,Corn,Жўҳори,2020-01,monthly,2020,2660.0
006,Kepak,Отруби,Bran,Кепак,2020-01,monthly,2020,1724.0
0008,Shrot,Шрот,Schroth,Шрот,2020-01,monthly,2020,2462.0
009,Shulxa,Шелуха,Husk,Шулха,2020-01,monthly,2020,2214.0
010,Kombikorm,Комбикорм,Compound feed,Комбикорм,2020-01,monthly,2020,1986.0
017,Mol go'shti,Говядина,Beef,Мол гўшти,2020-01,monthly,2020,48463.0
0020,Qo'y go'shti,Баранина,Mutton,Қўй гўшти,2020-01,monthly,2020,50245.0
022,Tovuq go'shti,Мясо птицы,Poultry,Товуқ гўшти,2020-01,monthly,2020,19420.0
026,Turli baliqlar,Рыба всякая,Fish of all kinds,Турли балиқлар,2020-01,monthly,2020,15030.0
027,Yangi sog'ilgan sut (1 litr),Молоко свежее (1 литр),Fresh milk (1 liter),Янги соғилган сут (1 литр),2020-01,monthly,2020,4394.0
034,Tuxum (10 dona),Яйца (10 штук),Eggs (10 pieces ),Тухум (10 дона),2020-01,monthly,2020,8390.0
037,Sariyog',Масло сливочное,Butter,Сариёғ,2020-01,monthly,2020,44415.0
039,Limon,Лимоны,Lemons,Лимон,2020-01,monthly,2020,7927.0
0040,Olma,Яблоки,Apples,Олма,2020-01,monthly,2020,11074.0
041,Nok,Груши,Pears,Нок,2020-01,monthly,2020,15694.0
049,Uzum,Виноград,Grape,Узум,2020-01,monthly,2020,13446.0
0050,Tarvuz,Арбуз,Watermelon,Тарвуз,2020-01,monthly,2020,3750.0
0051,Qovun,Дыня,Melon,Қовун,2020-01,monthly,2020,3250.0
053,Mayiz,Кишмиш,Kishmish,Майиз,2020-01,monthly,2020,21275.0
055,Karam,Капуста,Cabbage,Карам,2020-01,monthly,2020,1537.0
057,Bodring,Огурцы,Cucumbers,Бодринг,2020-01,monthly,2020,16306.0
058,Pomidor,Помидоры,Tomatoes,Помидор,2020-01,monthly,2020,9229.0
0060,Bulg'or qalampiri,Перец болгарский,Bell pepper,Булғор қалампири,2020-01,monthly,2020,13417.0
061,Qovoq,Тыква,Pumpkin,Қовоқ,2020-01,monthly,2020,1806.0
063,Sabzi,Морковь,Carrot,Сабзи,2020-01,monthly,2020,1222.0
065,Sarimsoq,Чеснок,Garlic,Саримсоқ,2020-01,monthly,2020,17639.0
066,Piyoz,Лук репчатый,Onion,Пиёз,2020-01,monthly,2020,1855.0
069,Kartoshka,Картофель,Potatoes,Картошка,2020-01,monthly,2020,2812.0
0070,Loviya,Фасоль,Beans,Ловия,2020-01,monthly,2020,10876.0
071,No'xot,Горох,Peas,Нўхот,2020-01,monthly,2020,9609.0
0072,Mosh,Маш,Mash,Мош,2020-01,monthly,2020,9202.0
001,Guruch,Рис,Rice,Гуруч,2020-02,monthly,2020,7940.0
003,Arpa,Ячмень,Barley,Арпа,2020-02,monthly,2020,2358.0
0004,Bug'doy,Пшеница,Wheat,Буғдой,2020-02,monthly,2020,2354.0
005,Jo'hori,Кукуруза,Corn,Жўҳори,2020-02,monthly,2020,2600.0
006,Kepak,Отруби,Bran,Кепак,2020-02,monthly,2020,1754.0
0008,Shrot,Шрот,Schroth,Шрот,2020-02,monthly,2020,2337.0
009,Shulxa,Шелуха,Husk,Шулха,2020-02,monthly,2020,2192.0
010,Kombikorm,Комбикорм,Compound feed,Комбикорм,2020-02,monthly,2020,1992.0
017,Mol go'shti,Говядина,Beef,Мол гўшти,2020-02,monthly,2020,48564.0
0020,Qo'y go'shti,Баранина,Mutton,Қўй гўшти,2020-02,monthly,2020,50944.0
022,Tovuq go'shti,Мясо птицы,Poultry,Товуқ гўшти,2020-02,monthly,2020,19383.0
026,Turli baliqlar,Рыба всякая,Fish of all kinds,Турли балиқлар,2020-02,monthly,2020,15027.0
027,Yangi sog'ilgan sut (1 litr),Молоко свежее (1 литр),Fresh milk (1 liter),Янги соғилган сут (1 литр),2020-02,monthly,2020,4350.0
034,Tuxum (10 dona),Яйца (10 штук),Eggs (10 pieces ),Тухум (10 дона),2020-02,monthly,2020,8135.0
037,Sariyog',Масло сливочное,Butter,Сариёғ,2020-02,monthly,2020,44415.0
039,Limon,Лимоны,Lemons,Лимон,2020-02,monthly,2020,7786.0
0040,Olma,Яблоки,Apples,Олма,2020-02,monthly,2020,11107.0
041,Nok,Груши,Pears,Нок,2020-02,monthly,2020,15686.0
049,Uzum,Виноград,Grape,Узум,2020-02,monthly,2020,13495.0
053,Mayiz,Кишмиш,Kishmish,Майиз,2020-02,monthly,2020,21244.0
055,Karam,Капуста,Cabbage,Карам,2020-02,monthly,2020,1587.0
057,Bodring,Огурцы,Cucumbers,Бодринг,2020-02,monthly,2020,15724.0
058,Pomidor,Помидоры,Tomatoes,Помидор,2020-02,monthly,2020,11077.0
0060,Bulg'or qalampiri,Перец болгарский,Bell pepper,Булғор қалампири,2020-02,monthly,2020,17167.0
061,Qovoq,Тыква,Pumpkin,Қовоқ,2020-02,monthly,2020,2112.0
063,Sabzi,Морковь,Carrot,Сабзи,2020-02,monthly,2020,1255.0
065,Sarimsoq,Чеснок,Garlic,Саримсоқ,2020-02,monthly,2020,18902.0
066,Piyoz,Лук репчатый,Onion,Пиёз,2020-02,monthly,2020,1961.0
069,Kartoshka,Картофель,Potatoes,Картошка,2020-02,monthly,2020,2794.0
0070,Loviya,Фасоль,Beans,Ловия,2020-02,monthly,2020,11078.0
071,No'xot,Горох,Peas,Нўхот,2020-02,monthly,2020,9540.0
0072,Mosh,Маш,Mash,Мош,2020-02,monthly,2020,9148.0
001,Guruch,Рис,Rice,Гуруч,2020-03,monthly,2020,7971.0
003,Arpa,Ячмень,Barley,Арпа,2020-03,monthly,2020,2376.0
0004,Bug'doy,Пшеница,Wheat,Буғдой,2020-03,monthly,2020,2433.0
005,Jo'hori,Кукуруза,Corn,Жўҳори,2020-03,monthly,2020,2587.0
006,Kepak,Отруби,Bran,Кепак,2020-03,monthly,2020,1770.0
0008,Shrot,Шрот,Schroth,Шрот,2020-03,monthly,2020,2337.0
009,Shulxa,Шелуха,Husk,Шулха,2020-03,monthly,2020,2192.0
010,Kombikorm,Комбикорм,Compound feed,Комбикорм,2020-03,monthly,2020,1994.0
017,Mol go'shti,Говядина,Beef,Мол гўшти,2020-03,monthly,2020,48844.0
0020,Qo'y go'shti,Баранина,Mutton,Қўй гўшти,2020-03,monthly,2020,51807.0
022,Tovuq go'shti,Мясо птицы,Poultry,Товуқ гўшти,2020-03,monthly,2020,18542.0
026,Turli baliqlar,Рыба всякая,Fish of all kinds,Турли балиқлар,2020-03,monthly,2020,16381.0
027,Yangi sog'ilgan sut (1 litr),Молоко свежее (1 литр),Fresh milk (1 liter),Янги соғилган сут (1 литр),2020-03,monthly,2020,4350.0
034,Tuxum (10 dona),Яйца (10 штук),Eggs (10 pieces ),Тухум (10 дона),2020-03,monthly,2020,7422.0
037,Sariyog',Масло сливочное,Butter,Сариёғ,2020-03,monthly,2020,44415.0
039,Limon,Лимоны,Lemons,Лимон,2020-03,monthly,2020,11128.0
0040,Olma,Яблоки,Apples,Олма,2020-03,monthly,2020,11120.0
041,Nok,Груши,Pears,Нок,2020-03,monthly,2020,15686.0
049,Uzum,Виноград,Grape,Узум,2020-03,monthly,2020,14669.0
053,Mayiz,Кишмиш,Kishmish,Майиз,2020-03,monthly,2020,21244.0
055,Karam,Капуста,Cabbage,Карам,2020-03,monthly,2020,1593.0
057,Bodring,Огурцы,Cucumbers,Бодринг,2020-03,monthly,2020,13587.0
058,Pomidor,Помидоры,Tomatoes,Помидор,2020-03,monthly,2020,14924.0
0060,Bulg'or qalampiri,Перец болгарский,Bell pepper,Булғор қалампири,2020-03,monthly,2020,22400.0
061,Qovoq,Тыква,Pumpkin,Қовоқ,2020-03,monthly,2020,2230.0
063,Sabzi,Морковь,Carrot,Сабзи,2020-03,monthly,2020,1282.0
065,Sarimsoq,Чеснок,Garlic,Саримсоқ,2020-03,monthly,2020,24271.0
066,Piyoz,Лук репчатый,Onion,Пиёз,2020-03,monthly,2020,1987.0
069,Kartoshka,Картофель,Potatoes,Картошка,2020-03,monthly,2020,3424.0
0070,Loviya,Фасоль,Beans,Ловия,2020-03,monthly,2020,11030.0
071,No'xot,Горох,Peas,Нўхот,2020-03,monthly,2020,9436.0
0072,Mosh,Маш,Mash,Мош,2020-03,monthly,2020,9100.0
001,Guruch,Рис,Rice,Гуруч,2020-04,monthly,2020,7971.0
003,Arpa,Ячмень,Barley,Арпа,2020-04,monthly,2020,2526.0
0004,Bug'doy,Пшеница,Wheat,Буғдой,2020-04,monthly,2020,2786.0
005,Jo'hori,Кукуруза,Corn,Жўҳори,2020-04,monthly,2020,2895.0
006,Kepak,Отруби,Bran,Кепак,2020-04,monthly,2020,1780.0
0008,Shrot,Шрот,Schroth,Шрот,2020-04,monthly,2020,2337.0
009,Shulxa,Шелуха,Husk,Шулха,2020-04,monthly,2020,2192.0
010,Kombikorm,Комбикорм,Compound feed,Комбикорм,2020-04,monthly,2020,1994.0
017,Mol go'shti,Говядина,Beef,Мол гўшти,2020-04,monthly,2020,49049.0
0020,Qo'y go'shti,Баранина,Mutton,Қўй гўшти,2020-04,monthly,2020,53513.0
022,Tovuq go'shti,Мясо птицы,Poultry,Товуқ гўшти,2020-04,monthly,2020,18576.0
026,Turli baliqlar,Рыба всякая,Fish of all kinds,Турли балиқлар,2020-04,monthly,2020,15960.0
027,Yangi sog'ilgan sut (1 litr),Молоко свежее (1 литр),Fresh milk (1 liter),Янги соғилган сут (1 литр),2020-04,monthly,2020,4350.0
034,Tuxum (10 dona),Яйца (10 штук),Eggs (10 pieces ),Тухум (10 дона),2020-04,monthly,2020,7766.0
037,Sariyog',Масло сливочное,Butter,Сариёғ,2020-04,monthly,2020,44415.0
039,Limon,Лимоны,Lemons,Лимон,2020-04,monthly,2020,22225.0
0040,Olma,Яблоки,Apples,Олма,2020-04,monthly,2020,11120.0
041,Nok,Груши,Pears,Нок,2020-04,monthly,2020,15686.0
049,Uzum,Виноград,Grape,Узум,2020-04,monthly,2020,14076.0
053,Mayiz,Кишмиш,Kishmish,Майиз,2020-04,monthly,2020,21244.0
055,Karam,Капуста,Cabbage,Карам,2020-04,monthly,2020,1588.0
057,Bodring,Огурцы,Cucumbers,Бодринг,2020-04,monthly,2020,7678.0
058,Pomidor,Помидоры,Tomatoes,Помидор,2020-04,monthly,2020,11709.0
0060,Bulg'or qalampiri,Перец болгарский,Bell pepper,Булғор қалампири,2020-04,monthly,2020,20000.0
061,Qovoq,Тыква,Pumpkin,Қовоқ,2020-04,monthly,2020,2156.0
063,Sabzi,Морковь,Carrot,Сабзи,2020-04,monthly,2020,1358.0
065,Sarimsoq,Чеснок,Garlic,Саримсоқ,2020-04,monthly,2020,28190.0
066,Piyoz,Лук репчатый,Onion,Пиёз,2020-04,monthly,2020,2775.0
069,Kartoshka,Картофель,Potatoes,Картошка,2020-04,monthly,2020,4733.0
0070,Loviya,Фасоль,Beans,Ловия,2020-04,monthly,2020,11296.0
071,No'xot,Горох,Peas,Нўхот,2020-04,monthly,2020,9368.0
0072,Mosh,Маш,Mash,Мош,2020-04,monthly,2020,9489.0
001,Guruch,Рис,Rice,Гуруч,2020-05,monthly,2020,7971.0
003,Arpa,Ячмень,Barley,Арпа,2020-05,monthly,2020,2654.0
0004,Bug'doy,Пшеница,Wheat,Буғдой,2020-05,monthly,2020,3101.0
005,Jo'hori,Кукуруза,Corn,Жўҳори,2020-05,monthly,2020,3220.0
006,Kepak,Отруби,Bran,Кепак,2020-05,monthly,2020,1889.0
0008,Shrot,Шрот,Schroth,Шрот,2020-05,monthly,2020,2337.0
009,Shulxa,Шелуха,Husk,Шулха,2020-05,monthly,2020,2192.0
010,Kombikorm,Комбикорм,Compound feed,Комбикорм,2020-05,monthly,2020,2083.0
017,Mol go'shti,Говядина,Beef,Мол гўшти,2020-05,monthly,2020,50531.0
0020,Qo'y go'shti,Баранина,Mutton,Қўй гўшти,2020-05,monthly,2020,55975.0
022,Tovuq go'shti,Мясо птицы,Poultry,Товуқ гўшти,2020-05,monthly,2020,19049.0
026,Turli baliqlar,Рыба всякая,Fish of all kinds,Турли балиқлар,2020-05,monthly,2020,15960.0
027,Yangi sog'ilgan sut (1 litr),Молоко свежее (1 литр),Fresh milk (1 liter),Янги соғилган сут (1 литр),2020-05,monthly,2020,4022.0
034,Tuxum (10 dona),Яйца (10 штук),Eggs (10 pieces ),Тухум (10 дона),2020-05,monthly,2020,8892.0
037,Sariyog',Масло сливочное,Butter,Сариёғ,2020-05,monthly,2020,44497.0
039,Limon,Лимоны,Lemons,Лимон,2020-05,monthly,2020,24631.0
0040,Olma,Яблоки,Apples,Олма,2020-05,monthly,2020,11616.0
041,Nok,Груши,Pears,Нок,2020-05,monthly,2020,16650.0
053,Mayiz,Кишмиш,Kishmish,Майиз,2020-05,monthly,2020,22483.0
055,Karam,Капуста,Cabbage,Карам,2020-05,monthly,2020,1144.0
057,Bodring,Огурцы,Cucumbers,Бодринг,2020-05,monthly,2020,3619.0
058,Pomidor,Помидоры,Tomatoes,Помидор,2020-05,monthly,2020,6941.0
059,Baqlajon,Баклажаны,Eggplant,Бақлажон,2020-05,monthly,2020,9395.0
0060,Bulg'or qalampiri,Перец болгарский,Bell pepper,Булғор қалампири,2020-05,monthly,2020,10243.0
063,Sabzi,Морковь,Carrot,Сабзи,2020-05,monthly,2020,1545.0
065,Sarimsoq,Чеснок,Garlic,Саримсоқ,2020-05,monthly,2020,23754.0
066,Piyoz,Лук репчатый,Onion,Пиёз,2020-05,monthly,2020,1634.0
069,Kartoshka,Картофель,Potatoes,Картошка,2020-05,monthly,2020,4298.0
0070,Loviya,Фасоль,Beans,Ловия,2020-05,monthly,2020,12788.0
071,No'xot,Горох,Peas,Нўхот,2020-05,monthly,2020,9609.0
0072,Mosh,Маш,Mash,Мош,2020-05,monthly,2020,10947.0
001,Guruch,Рис,Rice,Гуруч,2020-06,monthly,2020,7984.0
003,Arpa,Ячмень,Barley,Арпа,2020-06,monthly,2020,2595.0
0004,Bug'doy,Пшеница,Wheat,Буғдой,2020-06,monthly,2020,3007.0
005,Jo'hori,Кукуруза,Corn,Жўҳори,2020-06,monthly,2020,3315.0
006,Kepak,Отруби,Bran,Кепак,2020-06,monthly,2020,1894.0
0008,Shrot,Шрот,Schroth,Шрот,2020-06,monthly,2020,2337.0
009,Shulxa,Шелуха,Husk,Шулха,2020-06,monthly,2020,2196.0
010,Kombikorm,Комбикорм,Compound feed,Комбикорм,2020-06,monthly,2020,2104.0
017,Mol go'shti,Говядина,Beef,Мол гўшти,2020-06,monthly,2020,51130.0
0020,Qo'y go'shti,Баранина,Mutton,Қўй гўшти,2020-06,monthly,2020,56687.0
022,Tovuq go'shti,Мясо птицы,Poultry,Товуқ гўшти,2020-06,monthly,2020,19514.0
026,Turli baliqlar,Рыба всякая,Fish of all kinds,Турли балиқлар,2020-06,monthly,2020,15853.0
027,Yangi sog'ilgan sut (1 litr),Молоко свежее (1 литр),Fresh milk (1 liter),Янги соғилган сут (1 литр),2020-06,monthly,2020,3658.0
034,Tuxum (10 dona),Яйца (10 штук),Eggs (10 pieces ),Тухум (10 дона),2020-06,monthly,2020,8564.0
037,Sariyog',Масло сливочное,Butter,Сариёғ,2020-06,monthly,2020,44740.0
039,Limon,Лимоны,Lemons,Лимон,2020-06,monthly,2020,31156.0
0040,Olma,Яблоки,Apples,Олма,2020-06,monthly,2020,7969.0
041,Nok,Груши,Pears,Нок,2020-06,monthly,2020,17200.0
049,Uzum,Виноград,Grape,Узум,2020-06,monthly,2020,8155.0
0050,Tarvuz,Арбуз,Watermelon,Тарвуз,2020-06,monthly,2020,2147.0
0051,Qovun,Дыня,Melon,Қовун,2020-06,monthly,2020,4438.0
053,Mayiz,Кишмиш,Kishmish,Майиз,2020-06,monthly,2020,22896.0
055,Karam,Капуста,Cabbage,Карам,2020-06,monthly,2020,800.0
057,Bodring,Огурцы,Cucumbers,Бодринг,2020-06,monthly,2020,2213.0
058,Pomidor,Помидоры,Tomatoes,Помидор,2020-06,monthly,2020,3340.0
059,Baqlajon,Баклажаны,Eggplant,Бақлажон,2020-06,monthly,2020,3987.0
0060,Bulg'or qalampiri,Перец болгарский,Bell pepper,Булғор қалампири,2020-06,monthly,2020,4311.0
063,Sabzi,Морковь,Carrot,Сабзи,2020-06,monthly,2020,2020.0
065,Sarimsoq,Чеснок,Garlic,Саримсоқ,2020-06,monthly,2020,14934.0
066,Piyoz,Лук репчатый,Onion,Пиёз,2020-06,monthly,2020,1021.0
069,Kartoshka,Картофель,Potatoes,Картошка,2020-06,monthly,2020,3712.0
0070,Loviya,Фасоль,Beans,Ловия,2020-06,monthly,2020,14806.0
071,No'xot,Горох,Peas,Нўхот,2020-06,monthly,2020,9332.0
0072,Mosh,Маш,Mash,Мош,2020-06,monthly,2020,11551.0
001,Guruch,Рис,Rice,Гуруч,2020-07,monthly,2020,8117.0
003,Arpa,Ячмень,Barley,Арпа,2020-07,monthly,2020,2529.0
0004,Bug'doy,Пшеница,Wheat,Буғдой,2020-07,monthly,2020,2794.0
005,Jo'hori,Кукуруза,Corn,Жўҳори,2020-07,monthly,2020,3297.0
006,Kepak,Отруби,Bran,Кепак,2020-07,monthly,2020,1898.0
0008,Shrot,Шрот,Schroth,Шрот,2020-07,monthly,2020,2337.0
009,Shulxa,Шелуха,Husk,Шулха,2020-07,monthly,2020,2203.0
010,Kombikorm,Комбикорм,Compound feed,Комбикорм,2020-07,monthly,2020,2090.0
017,Mol go'shti,Говядина,Beef,Мол гўшти,2020-07,monthly,2020,51406.0
0020,Qo'y go'shti,Баранина,Mutton,Қўй гўшти,2020-07,monthly,2020,57031.0
022,Tovuq go'shti,Мясо птицы,Poultry,Товуқ гўшти,2020-07,monthly,2020,19514.0
026,Turli baliqlar,Рыба всякая,Fish of all kinds,Турли балиқлар,2020-07,monthly,2020,15693.0
027,Yangi sog'ilgan sut (1 litr),Молоко свежее (1 литр),Fresh milk (1 liter),Янги соғилган сут (1 литр),2020-07,monthly,2020,3594.0
034,Tuxum (10 dona),Яйца (10 штук),Eggs (10 pieces ),Тухум (10 дона),2020-07,monthly,2020,8284.0
037,Sariyog',Масло сливочное,Butter,Сариёғ,2020-07,monthly,2020,44740.0
039,Limon,Лимоны,Lemons,Лимон,2020-07,monthly,2020,34849.0
0040,Olma,Яблоки,Apples,Олма,2020-07,monthly,2020,6091.0
041,Nok,Груши,Pears,Нок,2020-07,monthly,2020,16928.0
049,Uzum,Виноград,Grape,Узум,2020-07,monthly,2020,6723.0
0050,Tarvuz,Арбуз,Watermelon,Тарвуз,2020-07,monthly,2020,1609.0
0051,Qovun,Дыня,Melon,Қовун,2020-07,monthly,2020,3460.0
053,Mayiz,Кишмиш,Kishmish,Майиз,2020-07,monthly,2020,22896.0
055,Karam,Капуста,Cabbage,Карам,2020-07,monthly,2020,1000.0
057,Bodring,Огурцы,Cucumbers,Бодринг,2020-07,monthly,2020,2109.0
058,Pomidor,Помидоры,Tomatoes,Помидор,2020-07,monthly,2020,2675.0
059,Baqlajon,Баклажаны,Eggplant,Бақлажон,2020-07,monthly,2020,2000.0
0060,Bulg'or qalampiri,Перец болгарский,Bell pepper,Булғор қалампири,2020-07,monthly,2020,3114.0
063,Sabzi,Морковь,Carrot,Сабзи,2020-07,monthly,2020,2358.0
065,Sarimsoq,Чеснок,Garlic,Саримсоқ,2020-07,monthly,2020,19185.0
066,Piyoz,Лук репчатый,Onion,Пиёз,2020-07,monthly,2020,1194.0
069,Kartoshka,Картофель,Potatoes,Картошка,2020-07,monthly,2020,3342.0
0070,Loviya,Фасоль,Beans,Ловия,2020-07,monthly,2020,15580.0
071,No'xot,Горох,Peas,Нўхот,2020-07,monthly,2020,9649.0
0072,Mosh,Маш,Mash,Мош,2020-07,monthly,2020,11558.0
001,Guruch,Рис,Rice,Гуруч,2020-08,monthly,2020,8531.0
003,Arpa,Ячмень,Barley,Арпа,2020-08,monthly,2020,2550.0
0004,Bug'doy,Пшеница,Wheat,Буғдой,2020-08,monthly,2020,2932.0
005,Jo'hori,Кукуруза,Corn,Жўҳори,2020-08,monthly,2020,3310.0
006,Kepak,Отруби,Bran,Кепак,2020-08,monthly,2020,1919.0
0008,Shrot,Шрот,Schroth,Шрот,2020-08,monthly,2020,2337.0
009,Shulxa,Шелуха,Husk,Шулха,2020-08,monthly,2020,2175.0
010,Kombikorm,Комбикорм,Compound feed,Комбикорм,2020-08,monthly,2020,2104.0
017,Mol go'shti,Говядина,Beef,Мол гўшти,2020-08,monthly,2020,54149.0
0020,Qo'y go'shti,Баранина,Mutton,Қўй гўшти,2020-08,monthly,2020,59695.0
022,Tovuq go'shti,Мясо птицы,Poultry,Товуқ гўшти,2020-08,monthly,2020,19601.0
026,Turli baliqlar,Рыба всякая,Fish of all kinds,Турли балиқлар,2020-08,monthly,2020,15893.0
027,Yangi sog'ilgan sut (1 litr),Молоко свежее (1 литр),Fresh milk (1 liter),Янги соғилган сут (1 литр),2020-08,monthly,2020,3644.0
034,Tuxum (10 dona),Яйца (10 штук),Eggs (10 pieces ),Тухум (10 дона),2020-08,monthly,2020,8582.0
037,Sariyog',Масло сливочное,Butter,Сариёғ,2020-08,monthly,2020,44740.0
039,Limon,Лимоны,Lemons,Лимон,2020-08,monthly,2020,34654.0
0040,Olma,Яблоки,Apples,Олма,2020-08,monthly,2020,6712.0
041,Nok,Груши,Pears,Нок,2020-08,monthly,2020,13942.0
049,Uzum,Виноград,Grape,Узум,2020-08,monthly,2020,7929.0
0050,Tarvuz,Арбуз,Watermelon,Тарвуз,2020-08,monthly,2020,1168.0
0051,Qovun,Дыня,Melon,Қовун,2020-08,monthly,2020,1862.0
053,Mayiz,Кишмиш,Kishmish,Майиз,2020-08,monthly,2020,23286.0
055,Karam,Капуста,Cabbage,Карам,2020-08,monthly,2020,1859.0
057,Bodring,Огурцы,Cucumbers,Бодринг,2020-08,monthly,2020,2595.0
058,Pomidor,Помидоры,Tomatoes,Помидор,2020-08,monthly,2020,1934.0
059,Baqlajon,Баклажаны,Eggplant,Бақлажон,2020-08,monthly,2020,1758.0
0060,Bulg'or qalampiri,Перец болгарский,Bell pepper,Булғор қалампири,2020-08,monthly,2020,2343.0
063,Sabzi,Морковь,Carrot,Сабзи,2020-08,monthly,2020,2492.0
065,Sarimsoq,Чеснок,Garlic,Саримсоқ,2020-08,monthly,2020,25011.0
066,Piyoz,Лук репчатый,Onion,Пиёз,2020-08,monthly,2020,1397.0
069,Kartoshka,Картофель,Potatoes,Картошка,2020-08,monthly,2020,3295.0
0070,Loviya,Фасоль,Beans,Ловия,2020-08,monthly,2020,15280.0
071,No'xot,Горох,Peas,Нўхот,2020-08,monthly,2020,9342.0
0072,Mosh,Маш,Mash,Мош,2020-08,monthly,2020,11227.0
001,Guruch,Рис,Rice,Гуруч,2020-09,monthly,2020,8717.0
003,Arpa,Ячмень,Barley,Арпа,2020-09,monthly,2020,2597.0
0004,Bug'doy,Пшеница,Wheat,Буғдой,2020-09,monthly,2020,2938.0
005,Jo'hori,Кукуруза,Corn,Жўҳори,2020-09,monthly,2020,3169.0
006,Kepak,Отруби,Bran,Кепак,2020-09,monthly,2020,1977.0
0008,Shrot,Шрот,Schroth,Шрот,2020-09,monthly,2020,2404.0
009,Shulxa,Шелуха,Husk,Шулха,2020-09,monthly,2020,2311.0
010,Kombikorm,Комбикорм,Compound feed,Комбикорм,2020-09,monthly,2020,2140.0
017,Mol go'shti,Говядина,Beef,Мол гўшти,2020-09,monthly,2020,57164.0
0020,Qo'y go'shti,Баранина,Mutton,Қўй гўшти,2020-09,monthly,2020,62878.0
022,Tovuq go'shti,Мясо птицы,Poultry,Товуқ гўшти,2020-09,monthly,2020,19669.0
026,Turli baliqlar,Рыба всякая,Fish of all kinds,Турли балиқлар,2020-09,monthly,2020,15934.0
027,Yangi sog'ilgan sut (1 litr),Молоко свежее (1 литр),Fresh milk (1 liter),Янги соғилган сут (1 литр),2020-09,monthly,2020,3704.0
034,Tuxum (10 dona),Яйца (10 штук),Eggs (10 pieces ),Тухум (10 дона),2020-09,monthly,2020,9172.0
037,Sariyog',Масло сливочное,Butter,Сариёғ,2020-09,monthly,2020,44740.0
039,Limon,Лимоны,Lemons,Лимон,2020-09,monthly,2020,27636.0
0040,Olma,Яблоки,Apples,Олма,2020-09,monthly,2020,6678.0
041,Nok,Груши,Pears,Нок,2020-09,monthly,2020,13075.0
049,Uzum,Виноград,Grape,Узум,2020-09,monthly,2020,7897.0
0050,Tarvuz,Арбуз,Watermelon,Тарвуз,2020-09,monthly,2020,1005.0
0051,Qovun,Дыня,Melon,Қовун,2020-09,monthly,2020,1443.0
053,Mayiz,Кишмиш,Kishmish,Майиз,2020-09,monthly,2020,24293.0
055,Karam,Капуста,Cabbage,Карам,2020-09,monthly,2020,1742.0
057,Bodring,Огурцы,Cucumbers,Бодринг,2020-09,monthly,2020,3134.0
058,Pomidor,Помидоры,Tomatoes,Помидор,2020-09,monthly,2020,1530.0
059,Baqlajon,Баклажаны,Eggplant,Бақлажон,2020-09,monthly,2020,1930.0
0060,Bulg'or qalampiri,Перец болгарский,Bell pepper,Булғор қалампири,2020-09,monthly,2020,1955.0
061,Qovoq,Тыква,Pumpkin,Қовоқ,2020-09,monthly,2020,2060.0
063,Sabzi,Морковь,Carrot,Сабзи,2020-09,monthly,2020,2465.0
065,Sarimsoq,Чеснок,Garlic,Саримсоқ,2020-09,monthly,2020,21875.0
066,Piyoz,Лук репчатый,Onion,Пиёз,2020-09,monthly,2020,1228.0
069,Kartoshka,Картофель,Potatoes,Картошка,2020-09,monthly,2020,3243.0
0070,Loviya,Фасоль,Beans,Ловия,2020-09,monthly,2020,14849.0
071,No'xot,Горох,Peas,Нўхот,2020-09,monthly,2020,10528.0
0072,Mosh,Маш,Mash,Мош,2020-09,monthly,2020,10884.0
001,Guruch,Рис,Rice,Гуруч,2020-10,monthly,2020,8790.0
003,Arpa,Ячмень,Barley,Арпа,2020-10,monthly,2020,2661.0
0004,Bug'doy,Пшеница,Wheat,Буғдой,2020-10,monthly,2020,2887.0
005,Jo'hori,Кукуруза,Corn,Жўҳори,2020-10,monthly,2020,2969.0
006,Kepak,Отруби,Bran,Кепак,2020-10,monthly,2020,2008.0
0008,Shrot,Шрот,Schroth,Шрот,2020-10,monthly,2020,2429.0
009,Shulxa,Шелуха,Husk,Шулха,2020-10,monthly,2020,2363.0
010,Kombikorm,Комбикорм,Compound feed,Комбикорм,2020-10,monthly,2020,2211.0
017,Mol go'shti,Говядина,Beef,Мол гўшти,2020-10,monthly,2020,56342.0
0020,Qo'y go'shti,Баранина,Mutton,Қўй гўшти,2020-10,monthly,2020,64212.0
022,Tovuq go'shti,Мясо птицы,Poultry,Товуқ гўшти,2020-10,monthly,2020,18875.0
026,Turli baliqlar,Рыба всякая,Fish of all kinds,Турли балиқлар,2020-10,monthly,2020,16242.0
027,Yangi sog'ilgan sut (1 litr),Молоко свежее (1 литр),Fresh milk (1 liter),Янги соғилган сут (1 литр),2020-10,monthly,2020,3794.0
034,Tuxum (10 dona),Яйца (10 штук),Eggs (10 pieces ),Тухум (10 дона),2020-10,monthly,2020,10965.0
037,Sariyog',Масло сливочное,Butter,Сариёғ,2020-10,monthly,2020,44740.0
039,Limon,Лимоны,Lemons,Лимон,2020-10,monthly,2020,17727.0
0040,Olma,Яблоки,Apples,Олма,2020-10,monthly,2020,6553.0
041,Nok,Груши,Pears,Нок,2020-10,monthly,2020,14654.0
049,Uzum,Виноград,Grape,Узум,2020-10,monthly,2020,9310.0
0050,Tarvuz,Арбуз,Watermelon,Тарвуз,2020-10,monthly,2020,1246.0
0051,Qovun,Дыня,Melon,Қовун,2020-10,monthly,2020,1883.0
053,Mayiz,Кишмиш,Kishmish,Майиз,2020-10,monthly,2020,24489.0
055,Karam,Капуста,Cabbage,Карам,2020-10,monthly,2020,1533.0
057,Bodring,Огурцы,Cucumbers,Бодринг,2020-10,monthly,2020,5410.0
058,Pomidor,Помидоры,Tomatoes,Помидор,2020-10,monthly,2020,3830.0
059,Baqlajon,Баклажаны,Eggplant,Бақлажон,2020-10,monthly,2020,2241.0
0060,Bulg'or qalampiri,Перец болгарский,Bell pepper,Булғор қалампири,2020-10,monthly,2020,1960.0
061,Qovoq,Тыква,Pumpkin,Қовоқ,2020-10,monthly,2020,1791.0
063,Sabzi,Морковь,Carrot,Сабзи,2020-10,monthly,2020,2196.0
065,Sarimsoq,Чеснок,Garlic,Саримсоқ,2020-10,monthly,2020,18704.0
066,Piyoz,Лук репчатый,Onion,Пиёз,2020-10,monthly,2020,1333.0
069,Kartoshka,Картофель,Potatoes,Картошка,2020-10,monthly,2020,3298.0
0070,Loviya,Фасоль,Beans,Ловия,2020-10,monthly,2020,12599.0
071,No'xot,Горох,Peas,Нўхот,2020-10,monthly,2020,10776.0
0072,Mosh,Маш,Mash,Мош,2020-10,monthly,2020,10753.0
001,Guruch,Рис,Rice,Гуруч,2020-11,monthly,2020,8699.0
003,Arpa,Ячмень,Barley,Арпа,2020-11,monthly,2020,2637.0
0004,Bug'doy,Пшеница,Wheat,Буғдой,2020-11,monthly,2020,2894.0
005,Jo'hori,Кукуруза,Corn,Жўҳори,2020-11,monthly,2020,2945.0
006,Kepak,Отруби,Bran,Кепак,2020-11,monthly,2020,2008.0
0008,Shrot,Шрот,Schroth,Шрот,2020-11,monthly,2020,2429.0
009,Shulxa,Шелуха,Husk,Шулха,2020-11,monthly,2020,2352.0
010,Kombikorm,Комбикорм,Compound feed,Комбикорм,2020-11,monthly,2020,2216.0
017,Mol go'shti,Говядина,Beef,Мол гўшти,2020-11,monthly,2020,55400.0
0020,Qo'y go'shti,Баранина,Mutton,Қўй гўшти,2020-11,monthly,2020,64523.0
022,Tovuq go'shti,Мясо птицы,Poultry,Товуқ гўшти,2020-11,monthly,2020,18588.0
026,Turli baliqlar,Рыба всякая,Fish of all kinds,Турли балиқлар,2020-11,monthly,2020,16071.0
027,Yangi sog'ilgan sut (1 litr),Молоко свежее (1 литр),Fresh milk (1 liter),Янги соғилган сут (1 литр),2020-11,monthly,2020,3830.0
034,Tuxum (10 dona),Яйца (10 штук),Eggs (10 pieces ),Тухум (10 дона),2020-11,monthly,2020,9870.0
037,Sariyog',Масло сливочное,Butter,Сариёғ,2020-11,monthly,2020,44740.0
039,Limon,Лимоны,Lemons,Лимон,2020-11,monthly,2020,14032.0
0040,Olma,Яблоки,Apples,Олма,2020-11,monthly,2020,6605.0
041,Nok,Груши,Pears,Нок,2020-11,monthly,2020,14946.0
049,Uzum,Виноград,Grape,Узум,2020-11,monthly,2020,11850.0
0050,Tarvuz,Арбуз,Watermelon,Тарвуз,2020-11,monthly,2020,1584.0
0051,Qovun,Дыня,Melon,Қовун,2020-11,monthly,2020,2184.0
053,Mayiz,Кишмиш,Kishmish,Майиз,2020-11,monthly,2020,24489.0
055,Karam,Капуста,Cabbage,Карам,2020-11,monthly,2020,1321.0
057,Bodring,Огурцы,Cucumbers,Бодринг,2020-11,monthly,2020,10861.0
058,Pomidor,Помидоры,Tomatoes,Помидор,2020-11,monthly,2020,5306.0
059,Baqlajon,Баклажаны,Eggplant,Бақлажон,2020-11,monthly,2020,2484.0
0060,Bulg'or qalampiri,Перец болгарский,Bell pepper,Булғор қалампири,2020-11,monthly,2020,3295.0
061,Qovoq,Тыква,Pumpkin,Қовоқ,2020-11,monthly,2020,1682.0
063,Sabzi,Морковь,Carrot,Сабзи,2020-11,monthly,2020,1379.0
065,Sarimsoq,Чеснок,Garlic,Саримсоқ,2020-11,monthly,2020,18846.0
066,Piyoz,Лук репчатый,Onion,Пиёз,2020-11,monthly,2020,1349.0
069,Kartoshka,Картофель,Potatoes,Картошка,2020-11,monthly,2020,3266.0
0070,Loviya,Фасоль,Beans,Ловия,2020-11,monthly,2020,11990.0
071,No'xot,Горох,Peas,Нўхот,2020-11,monthly,2020,10671.0
0072,Mosh,Маш,Mash,Мош,2020-11,monthly,2020,10415.0
001,Guruch,Рис,Rice,Гуруч,2020-12,monthly,2020,8792.0
003,Arpa,Ячмень,Barley,Арпа,2020-12,monthly,2020,2635.0
0004,Bug'doy,Пшеница,Wheat,Буғдой,2020-12,monthly,2020,2865.0
005,Jo'hori,Кукуруза,Corn,Жўҳори,2020-12,monthly,2020,2925.0
006,Kepak,Отруби,Bran,Кепак,2020-12,monthly,2020,2030.0
0008,Shrot,Шрот,Schroth,Шрот,2020-12,monthly,2020,2429.0
009,Shulxa,Шелуха,Husk,Шулха,2020-12,monthly,2020,2341.0
010,Kombikorm,Комбикорм,Compound feed,Комбикорм,2020-12,monthly,2020,2245.0
017,Mol go'shti,Говядина,Beef,Мол гўшти,2020-12,monthly,2020,55378.0
0020,Qo'y go'shti,Баранина,Mutton,Қўй гўшти,2020-12,monthly,2020,64562.0
022,Tovuq go'shti,Мясо птицы,Poultry,Товуқ гўшти,2020-12,monthly,2020,18745.0
026,Turli baliqlar,Рыба всякая,Fish of all kinds,Турли балиқлар,2020-12,monthly,2020,16296.0
027,Yangi sog'ilgan sut (1 litr),Молоко свежее (1 литр),Fresh milk (1 liter),Янги соғилган сут (1 литр),2020-12,monthly,2020,4072.0
034,Tuxum (10 dona),Яйца (10 штук),Eggs (10 pieces ),Тухум (10 дона),2020-12,monthly,2020,10208.0
037,Sariyog',Масло сливочное,Butter,Сариёғ,2020-12,monthly,2020,44740.0
039,Limon,Лимоны,Lemons,Лимон,2020-12,monthly,2020,13729.0
0040,Olma,Яблоки,Apples,Олма,2020-12,monthly,2020,6754.0
041,Nok,Груши,Pears,Нок,2020-12,monthly,2020,17514.0
049,Uzum,Виноград,Grape,Узум,2020-12,monthly,2020,15350.0
0050,Tarvuz,Арбуз,Watermelon,Тарвуз,2020-12,monthly,2020,2227.0
0051,Qovun,Дыня,Melon,Қовун,2020-12,monthly,2020,2709.0
053,Mayiz,Кишмиш,Kishmish,Майиз,2020-12,monthly,2020,24489.0
055,Karam,Капуста,Cabbage,Карам,2020-12,monthly,2020,1473.0
057,Bodring,Огурцы,Cucumbers,Бодринг,2020-12,monthly,2020,17140.0
058,Pomidor,Помидоры,Tomatoes,Помидор,2020-12,monthly,2020,7382.0
059,Baqlajon,Баклажаны,Eggplant,Бақлажон,2020-12,monthly,2020,5876.0
0060,Bulg'or qalampiri,Перец болгарский,Bell pepper,Булғор қалампири,2020-12,monthly,2020,6432.0
061,Qovoq,Тыква,Pumpkin,Қовоқ,2020-12,monthly,2020,1842.0
063,Sabzi,Морковь,Carrot,Сабзи,2020-12,monthly,2020,1695.0
065,Sarimsoq,Чеснок,Garlic,Саримсоқ,2020-12,monthly,2020,20456.0
066,Piyoz,Лук репчатый,Onion,Пиёз,2020-12,monthly,2020,1696.0
069,Kartoshka,Картофель,Potatoes,Картошка,2020-12,monthly,2020,3526.0
0070,Loviya,Фасоль,Beans,Ловия,2020-12,monthly,2020,12439.0
071,No'xot,Горох,Peas,Нўхот,2020-12,monthly,2020,11018.0
0072,Mosh,Маш,Mash,Мош,2020-12,monthly,2020,11225.0
001,Guruch,Рис,Rice,Гуруч,2021-01,monthly,2021,8846.0
003,Arpa,Ячмень,Barley,Арпа,2021-01,monthly,2021,2636.0
0004,Bug'doy,Пшеница,Wheat,Буғдой,2021-01,monthly,2021,2895.0
005,Jo'hori,Кукуруза,Corn,Жўҳори,2021-01,monthly,2021,2956.0
006,Kepak,Отруби,Bran,Кепак,2021-01,monthly,2021,2067.0
0008,Shrot,Шрот,Schroth,Шрот,2021-01,monthly,2021,2429.0
009,Shulxa,Шелуха,Husk,Шулха,2021-01,monthly,2021,2341.0
010,Kombikorm,Комбикорм,Compound feed,Комбикорм,2021-01,monthly,2021,2253.0
013,1-nav bug'doy unidan non,Хлеб пшеничный из муки 1-го сорта,Wheat bread from 1st grade flour,1-нав буғдой унидан нон,2021-01,monthly,2021,2833.0
017,Mol go'shti,Говядина,Beef,Мол гўшти,2021-01,monthly,2021,56809.0
0020,Qo'y go'shti,Баранина,Mutton,Қўй гўшти,2021-01,monthly,2021,64591.0
022,Tovuq go'shti,Мясо птицы,Poultry,Товуқ гўшти,2021-01,monthly,2021,20318.0
026,Turli baliqlar,Рыба всякая,Fish of all kinds,Турли балиқлар,2021-01,monthly,2021,16567.0
027,Yangi sog'ilgan sut (1 litr),Молоко свежее (1 литр),Fresh milk (1 liter),Янги соғилган сут (1 литр),2021-01,monthly,2021,4277.0
034,Tuxum (10 dona),Яйца (10 штук),Eggs (10 pieces ),Тухум (10 дона),2021-01,monthly,2021,10497.0
037,Sariyog',Масло сливочное,Butter,Сариёғ,2021-01,monthly,2021,41264.0
039,Limon,Лимоны,Lemons,Лимон,2021-01,monthly,2021,16394.0
0040,Olma,Яблоки,Apples,Олма,2021-01,monthly,2021,7126.0
041,Nok,Груши,Pears,Нок,2021-01,monthly,2021,19144.0
049,Uzum,Виноград,Grape,Узум,2021-01,monthly,2021,17270.0
0050,Tarvuz,Арбуз,Watermelon,Тарвуз,2021-01,monthly,2021,2625.0
0051,Qovun,Дыня,Melon,Қовун,2021-01,monthly,2021,3250.0
053,Mayiz,Кишмиш,Kishmish,Майиз,2021-01,monthly,2021,24489.0
055,Karam,Капуста,Cabbage,Карам,2021-01,monthly,2021,1647.0
057,Bodring,Огурцы,Cucumbers,Бодринг,2021-01,monthly,2021,19324.0
058,Pomidor,Помидоры,Tomatoes,Помидор,2021-01,monthly,2021,9085.0
059,Baqlajon,Баклажаны,Eggplant,Бақлажон,2021-01,monthly,2021,9333.0
0060,Bulg'or qalampiri,Перец болгарский,Bell pepper,Булғор қалампири,2021-01,monthly,2021,13700.0
061,Qovoq,Тыква,Pumpkin,Қовоқ,2021-01,monthly,2021,1932.0
063,Sabzi,Морковь,Carrot,Сабзи,2021-01,monthly,2021,1728.0
065,Sarimsoq,Чеснок,Garlic,Саримсоқ,2021-01,monthly,2021,20644.0
066,Piyoz,Лук репчатый,Onion,Пиёз,2021-01,monthly,2021,1793.0
069,Kartoshka,Картофель,Potatoes,Картошка,2021-01,monthly,2021,3747.0
0070,Loviya,Фасоль,Beans,Ловия,2021-01,monthly,2021,12585.0
071,No'xot,Горох,Peas,Нўхот,2021-01,monthly,2021,11252.0
0072,Mosh,Маш,Mash,Мош,2021-01,monthly,2021,11661.0
001,Guruch,Рис,Rice,Гуруч,2021-02,monthly,2021,8835.0
003,Arpa,Ячмень,Barley,Арпа,2021-02,monthly,2021,2648.0
0004,Bug'doy,Пшеница,Wheat,Буғдой,2021-02,monthly,2021,2901.0
005,Jo'hori,Кукуруза,Corn,Жўҳори,2021-02,monthly,2021,2971.0
006,Kepak,Отруби,Bran,Кепак,2021-02,monthly,2021,2090.0
0008,Shrot,Шрот,Schroth,Шрот,2021-02,monthly,2021,2429.0
009,Shulxa,Шелуха,Husk,Шулха,2021-02,monthly,2021,2370.0
010,Kombikorm,Комбикорм,Compound feed,Комбикорм,2021-02,monthly,2021,2253.0
013,1-nav bug'doy unidan non,Хлеб пшеничный из муки 1-го сорта,Wheat bread from 1st grade flour,1-нав буғдой унидан нон,2021-02,monthly,2021,2833.0
017,Mol go'shti,Говядина,Beef,Мол гўшти,2021-02,monthly,2021,56874.0
0020,Qo'y go'shti,Баранина,Mutton,Қўй гўшти,2021-02,monthly,2021,64769.0
022,Tovuq go'shti,Мясо птицы,Poultry,Товуқ гўшти,2021-02,monthly,2021,20806.0
026,Turli baliqlar,Рыба всякая,Fish of all kinds,Турли балиқлар,2021-02,monthly,2021,16695.0
027,Yangi sog'ilgan sut (1 litr),Молоко свежее (1 литр),Fresh milk (1 liter),Янги соғилган сут (1 литр),2021-02,monthly,2021,4285.0
034,Tuxum (10 dona),Яйца (10 штук),Eggs (10 pieces ),Тухум (10 дона),2021-02,monthly,2021,9624.0
037,Sariyog',Масло сливочное,Butter,Сариёғ,2021-02,monthly,2021,40372.0
039,Limon,Лимоны,Lemons,Лимон,2021-02,monthly,2021,17475.0
0040,Olma,Яблоки,Apples,Олма,2021-02,monthly,2021,7402.0
041,Nok,Груши,Pears,Нок,2021-02,monthly,2021,19883.0
049,Uzum,Виноград,Grape,Узум,2021-02,monthly,2021,17848.0
0050,Tarvuz,Арбуз,Watermelon,Тарвуз,2021-02,monthly,2021,2600.0
0051,Qovun,Дыня,Melon,Қовун,2021-02,monthly,2021,3500.0
053,Mayiz,Кишмиш,Kishmish,Майиз,2021-02,monthly,2021,24489.0
055,Karam,Капуста,Cabbage,Карам,2021-02,monthly,2021,1852.0
057,Bodring,Огурцы,Cucumbers,Бодринг,2021-02,monthly,2021,16227.0
058,Pomidor,Помидоры,Tomatoes,Помидор,2021-02,monthly,2021,9095.0
059,Baqlajon,Баклажаны,Eggplant,Бақлажон,2021-02,monthly,2021,10333.0
0060,Bulg'or qalampiri,Перец болгарский,Bell pepper,Булғор қалампири,2021-02,monthly,2021,27850.0
061,Qovoq,Тыква,Pumpkin,Қовоқ,2021-02,monthly,2021,2446.0
063,Sabzi,Морковь,Carrot,Сабзи,2021-02,monthly,2021,1713.0
065,Sarimsoq,Чеснок,Garlic,Саримсоқ,2021-02,monthly,2021,21502.0
066,Piyoz,Лук репчатый,Onion,Пиёз,2021-02,monthly,2021,1739.0
069,Kartoshka,Картофель,Potatoes,Картошка,2021-02,monthly,2021,3821.0
0070,Loviya,Фасоль,Beans,Ловия,2021-02,monthly,2021,12666.0
071,No'xot,Горох,Peas,Нўхот,2021-02,monthly,2021,11343.0
0072,Mosh,Маш,Mash,Мош,2021-02,monthly,2021,11605.0
001,Guruch,Рис,Rice,Гуруч,2021-03,monthly,2021,8779.0
003,Arpa,Ячмень,Barley,Арпа,2021-03,monthly,2021,2761.0
0004,Bug'doy,Пшеница,Wheat,Буғдой,2021-03,monthly,2021,2954.0
005,Jo'hori,Кукуруза,Corn,Жўҳори,2021-03,monthly,2021,3016.0
006,Kepak,Отруби,Bran,Кепак,2021-03,monthly,2021,2189.0
0008,Shrot,Шрот,Schroth,Шрот,2021-03,monthly,2021,2433.0
009,Shulxa,Шелуха,Husk,Шулха,2021-03,monthly,2021,2362.0
010,Kombikorm,Комбикорм,Compound feed,Комбикорм,2021-03,monthly,2021,2233.0
013,1-nav bug'doy unidan non,Хлеб пшеничный из муки 1-го сорта,Wheat bread from 1st grade flour,1-нав буғдой унидан нон,2021-03,monthly,2021,2833.0
017,Mol go'shti,Говядина,Beef,Мол гўшти,2021-03,monthly,2021,57158.0
0020,Qo'y go'shti,Баранина,Mutton,Қўй гўшти,2021-03,monthly,2021,65119.0
022,Tovuq go'shti,Мясо птицы,Poultry,Товуқ гўшти,2021-03,monthly,2021,22621.0
026,Turli baliqlar,Рыба всякая,Fish of all kinds,Турли балиқлар,2021-03,monthly,2021,16367.0
027,Yangi sog'ilgan sut (1 litr),Молоко свежее (1 литр),Fresh milk (1 liter),Янги соғилган сут (1 литр),2021-03,monthly,2021,4281.0
034,Tuxum (10 dona),Яйца (10 штук),Eggs (10 pieces ),Тухум (10 дона),2021-03,monthly,2021,9536.0
037,Sariyog',Масло сливочное,Butter,Сариёғ,2021-03,monthly,2021,40075.0
039,Limon,Лимоны,Lemons,Лимон,2021-03,monthly,2021,19653.0
0040,Olma,Яблоки,Apples,Олма,2021-03,monthly,2021,7734.0
041,Nok,Груши,Pears,Нок,2021-03,monthly,2021,20361.0
049,Uzum,Виноград,Grape,Узум,2021-03,monthly,2021,18642.0
053,Mayiz,Кишмиш,Kishmish,Майиз,2021-03,monthly,2021,24464.0
055,Karam,Капуста,Cabbage,Карам,2021-03,monthly,2021,1903.0
057,Bodring,Огурцы,Cucumbers,Бодринг,2021-03,monthly,2021,14818.0
058,Pomidor,Помидоры,Tomatoes,Помидор,2021-03,monthly,2021,14572.0
059,Baqlajon,Баклажаны,Eggplant,Бақлажон,2021-03,monthly,2021,13389.0
0060,Bulg'or qalampiri,Перец болгарский,Bell pepper,Булғор қалампири,2021-03,monthly,2021,35120.0
061,Qovoq,Тыква,Pumpkin,Қовоқ,2021-03,monthly,2021,3981.0
063,Sabzi,Морковь,Carrot,Сабзи,2021-03,monthly,2021,2057.0
065,Sarimsoq,Чеснок,Garlic,Саримсоқ,2021-03,monthly,2021,21287.0
066,Piyoz,Лук репчатый,Onion,Пиёз,2021-03,monthly,2021,1565.0
069,Kartoshka,Картофель,Potatoes,Картошка,2021-03,monthly,2021,3941.0
0070,Loviya,Фасоль,Beans,Ловия,2021-03,monthly,2021,13058.0
071,No'xot,Горох,Peas,Нўхот,2021-03,monthly,2021,11736.0
0072,Mosh,Маш,Mash,Мош,2021-03,monthly,2021,11693.0
001,Guruch,Рис,Rice,Гуруч,2021-04,monthly,2021,8768.0
003,Arpa,Ячмень,Barley,Арпа,2021-04,monthly,2021,2864.0
0004,Bug'doy,Пшеница,Wheat,Буғдой,2021-04,monthly,2021,3098.0
005,Jo'hori,Кукуруза,Corn,Жўҳори,2021-04,monthly,2021,3179.0
006,Kepak,Отруби,Bran,Кепак,2021-04,monthly,2021,2315.0
0008,Shrot,Шрот,Schroth,Шрот,2021-04,monthly,2021,2643.0
009,Shulxa,Шелуха,Husk,Шулха,2021-04,monthly,2021,2706.0
010,Kombikorm,Комбикорм,Compound feed,Комбикорм,2021-04,monthly,2021,2321.0
013,1-nav bug'doy unidan non,Хлеб пшеничный из муки 1-го сорта,Wheat bread from 1st grade flour,1-нав буғдой унидан нон,2021-04,monthly,2021,2833.0
017,Mol go'shti,Говядина,Beef,Мол гўшти,2021-04,monthly,2021,57599.0
0020,Qo'y go'shti,Баранина,Mutton,Қўй гўшти,2021-04,monthly,2021,65640.0
022,Tovuq go'shti,Мясо птицы,Poultry,Товуқ гўшти,2021-04,monthly,2021,23553.0
026,Turli baliqlar,Рыба всякая,Fish of all kinds,Турли балиқлар,2021-04,monthly,2021,16511.0
027,Yangi sog'ilgan sut (1 litr),Молоко свежее (1 литр),Fresh milk (1 liter),Янги соғилган сут (1 литр),2021-04,monthly,2021,4310.0
034,Tuxum (10 dona),Яйца (10 штук),Eggs (10 pieces ),Тухум (10 дона),2021-04,monthly,2021,10175.0
037,Sariyog',Масло сливочное,Butter,Сариёғ,2021-04,monthly,2021,40075.0
039,Limon,Лимоны,Lemons,Лимон,2021-04,monthly,2021,22016.0
0040,Olma,Яблоки,Apples,Олма,2021-04,monthly,2021,10013.0
041,Nok,Груши,Pears,Нок,2021-04,monthly,2021,22667.0
053,Mayiz,Кишмиш,Kishmish,Майиз,2021-04,monthly,2021,24425.0
055,Karam,Капуста,Cabbage,Карам,2021-04,monthly,2021,2537.0
057,Bodring,Огурцы,Cucumbers,Бодринг,2021-04,monthly,2021,10582.0
058,Pomidor,Помидоры,Tomatoes,Помидор,2021-04,monthly,2021,14293.0
059,Baqlajon,Баклажаны,Eggplant,Бақлажон,2021-04,monthly,2021,17185.0
0060,Bulg'or qalampiri,Перец болгарский,Bell pepper,Булғор қалампири,2021-04,monthly,2021,23765.0
063,Sabzi,Морковь,Carrot,Сабзи,2021-04,monthly,2021,3083.0
065,Sarimsoq,Чеснок,Garlic,Саримсоқ,2021-04,monthly,2021,21076.0
066,Piyoz,Лук репчатый,Onion,Пиёз,2021-04,monthly,2021,1679.0
069,Kartoshka,Картофель,Potatoes,Картошка,2021-04,monthly,2021,4015.0
0070,Loviya,Фасоль,Beans,Ловия,2021-04,monthly,2021,13139.0
071,No'xot,Горох,Peas,Нўхот,2021-04,monthly,2021,11803.0
0072,Mosh,Маш,Mash,Мош,2021-04,monthly,2021,11673.0
001,Guruch,Рис,Rice,Гуруч,2021-05,monthly,2021,8736.0
003,Arpa,Ячмень,Barley,Арпа,2021-05,monthly,2021,2975.0
0004,Bug'doy,Пшеница,Wheat,Буғдой,2021-05,monthly,2021,3305.0
005,Jo'hori,Кукуруза,Corn,Жўҳори,2021-05,monthly,2021,3504.0
006,Kepak,Отруби,Bran,Кепак,2021-05,monthly,2021,2368.0
0008,Shrot,Шрот,Schroth,Шрот,2021-05,monthly,2021,2928.0
009,Shulxa,Шелуха,Husk,Шулха,2021-05,monthly,2021,3283.0
010,Kombikorm,Комбикорм,Compound feed,Комбикорм,2021-05,monthly,2021,2438.0
013,1-nav bug'doy unidan non,Хлеб пшеничный из муки 1-го сорта,Wheat bread from 1st grade flour,1-нав буғдой унидан нон,2021-05,monthly,2021,2833.0
017,Mol go'shti,Говядина,Beef,Мол гўшти,2021-05,monthly,2021,59623.0
0020,Qo'y go'shti,Баранина,Mutton,Қўй гўшти,2021-05,monthly,2021,66910.0
022,Tovuq go'shti,Мясо птицы,Poultry,Товуқ гўшти,2021-05,monthly,2021,23538.0
026,Turli baliqlar,Рыба всякая,Fish of all kinds,Турли балиқлар,2021-05,monthly,2021,21000.0
027,Yangi sog'ilgan sut (1 litr),Молоко свежее (1 литр),Fresh milk (1 liter),Янги соғилган сут (1 литр),2021-05,monthly,2021,4350.0
034,Tuxum (10 dona),Яйца (10 штук),Eggs (10 pieces ),Тухум (10 дона),2021-05,monthly,2021,10456.0
037,Sariyog',Масло сливочное,Butter,Сариёғ,2021-05,monthly,2021,40075.0
039,Limon,Лимоны,Lemons,Лимон,2021-05,monthly,2021,22359.0
0040,Olma,Яблоки,Apples,Олма,2021-05,monthly,2021,13732.0
041,Nok,Груши,Pears,Нок,2021-05,monthly,2021,25104.0
049,Uzum,Виноград,Grape,Узум,2021-05,monthly,2021,150000.0
0050,Tarvuz,Арбуз,Watermelon,Тарвуз,2021-05,monthly,2021,8438.0
053,Mayiz,Кишмиш,Kishmish,Майиз,2021-05,monthly,2021,25596.0
055,Karam,Капуста,Cabbage,Карам,2021-05,monthly,2021,1795.0
057,Bodring,Огурцы,Cucumbers,Бодринг,2021-05,monthly,2021,3968.0
058,Pomidor,Помидоры,Tomatoes,Помидор,2021-05,monthly,2021,9516.0
059,Baqlajon,Баклажаны,Eggplant,Бақлажон,2021-05,monthly,2021,9077.0
0060,Bulg'or qalampiri,Перец болгарский,Bell pepper,Булғор қалампири,2021-05,monthly,2021,11374.0
063,Sabzi,Морковь,Carrot,Сабзи,2021-05,monthly,2021,3933.0
065,Sarimsoq,Чеснок,Garlic,Саримсоқ,2021-05,monthly,2021,17036.0
066,Piyoz,Лук репчатый,Onion,Пиёз,2021-05,monthly,2021,1614.0
069,Kartoshka,Картофель,Potatoes,Картошка,2021-05,monthly,2021,3882.0
0070,Loviya,Фасоль,Beans,Ловия,2021-05,monthly,2021,13165.0
071,No'xot,Горох,Peas,Нўхот,2021-05,monthly,2021,11631.0
0072,Mosh,Маш,Mash,Мош,2021-05,monthly,2021,11800.0
001,Guruch,Рис,Rice,Гуруч,2021-06,monthly,2021,8707.0
003,Arpa,Ячмень,Barley,Арпа,2021-06,monthly,2021,2943.0
0004,Bug'doy,Пшеница,Wheat,Буғдой,2021-06,monthly,2021,3123.0
005,Jo'hori,Кукуруза,Corn,Жўҳори,2021-06,monthly,2021,3557.0
006,Kepak,Отруби,Bran,Кепак,2021-06,monthly,2021,2305.0
0008,Shrot,Шрот,Schroth,Шрот,2021-06,monthly,2021,2928.0
009,Shulxa,Шелуха,Husk,Шулха,2021-06,monthly,2021,3333.0
010,Kombikorm,Комбикорм,Compound feed,Комбикорм,2021-06,monthly,2021,2453.0
013,1-nav bug'doy unidan non,Хлеб пшеничный из муки 1-го сорта,Wheat bread from 1st grade flour,1-нав буғдой унидан нон,2021-06,monthly,2021,2833.0
017,Mol go'shti,Говядина,Beef,Мол гўшти,2021-06,monthly,2021,59961.0
0020,Qo'y go'shti,Баранина,Mutton,Қўй гўшти,2021-06,monthly,2021,67119.0
022,Tovuq go'shti,Мясо птицы,Poultry,Товуқ гўшти,2021-06,monthly,2021,23502.0
026,Turli baliqlar,Рыба всякая,Fish of all kinds,Турли балиқлар,2021-06,monthly,2021,19250.0
027,Yangi sog'ilgan sut (1 litr),Молоко свежее (1 литр),Fresh milk (1 liter),Янги соғилган сут (1 литр),2021-06,monthly,2021,4153.0
034,Tuxum (10 dona),Яйца (10 штук),Eggs (10 pieces ),Тухум (10 дона),2021-06,monthly,2021,9938.0
037,Sariyog',Масло сливочное,Butter,Сариёғ,2021-06,monthly,2021,40121.0
039,Limon,Лимоны,Lemons,Лимон,2021-06,monthly,2021,23339.0
0040,Olma,Яблоки,Apples,Олма,2021-06,monthly,2021,14323.0
041,Nok,Груши,Pears,Нок,2021-06,monthly,2021,25704.0
049,Uzum,Виноград,Grape,Узум,2021-06,monthly,2021,41115.0
0050,Tarvuz,Арбуз,Watermelon,Тарвуз,2021-06,monthly,2021,2957.0
0051,Qovun,Дыня,Melon,Қовун,2021-06,monthly,2021,5454.0
053,Mayiz,Кишмиш,Kishmish,Майиз,2021-06,monthly,2021,26076.0
055,Karam,Капуста,Cabbage,Карам,2021-06,monthly,2021,1393.0
057,Bodring,Огурцы,Cucumbers,Бодринг,2021-06,monthly,2021,1992.0
058,Pomidor,Помидоры,Tomatoes,Помидор,2021-06,monthly,2021,5258.0
059,Baqlajon,Баклажаны,Eggplant,Бақлажон,2021-06,monthly,2021,2864.0
0060,Bulg'or qalampiri,Перец болгарский,Bell pepper,Булғор қалампири,2021-06,monthly,2021,3987.0
063,Sabzi,Морковь,Carrot,Сабзи,2021-06,monthly,2021,5904.0
065,Sarimsoq,Чеснок,Garlic,Саримсоқ,2021-06,monthly,2021,12710.0
066,Piyoz,Лук репчатый,Onion,Пиёз,2021-06,monthly,2021,1367.0
069,Kartoshka,Картофель,Potatoes,Картошка,2021-06,monthly,2021,2930.0
0070,Loviya,Фасоль,Beans,Ловия,2021-06,monthly,2021,13064.0
071,No'xot,Горох,Peas,Нўхот,2021-06,monthly,2021,11730.0
0072,Mosh,Маш,Mash,Мош,2021-06,monthly,2021,12092.0
001,Guruch,Рис,Rice,Гуруч,2021-07,monthly,2021,8549.0
003,Arpa,Ячмень,Barley,Арпа,2021-07,monthly,2021,2877.0
0004,Bug'doy,Пшеница,Wheat,Буғдой,2021-07,monthly,2021,2905.0
005,Jo'hori,Кукуруза,Corn,Жўҳори,2021-07,monthly,2021,3480.0
006,Kepak,Отруби,Bran,Кепак,2021-07,monthly,2021,2218.0
0008,Shrot,Шрот,Schroth,Шрот,2021-07,monthly,2021,2928.0
009,Shulxa,Шелуха,Husk,Шулха,2021-07,monthly,2021,3433.0
010,Kombikorm,Комбикорм,Compound feed,Комбикорм,2021-07,monthly,2021,2434.0
013,1-nav bug'doy unidan non,Хлеб пшеничный из муки 1-го сорта,Wheat bread from 1st grade flour,1-нав буғдой унидан нон,2021-07,monthly,2021,2833.0
017,Mol go'shti,Говядина,Beef,Мол гўшти,2021-07,monthly,2021,61001.0
0020,Qo'y go'shti,Баранина,Mutton,Қўй гўшти,2021-07,monthly,2021,67937.0
022,Tovuq go'shti,Мясо птицы,Poultry,Товуқ гўшти,2021-07,monthly,2021,23626.0
026,Turli baliqlar,Рыба всякая,Fish of all kinds,Турли балиқлар,2021-07,monthly,2021,17521.0
027,Yangi sog'ilgan sut (1 litr),Молоко свежее (1 литр),Fresh milk (1 liter),Янги соғилган сут (1 литр),2021-07,monthly,2021,4032.0
034,Tuxum (10 dona),Яйца (10 штук),Eggs (10 pieces ),Тухум (10 дона),2021-07,monthly,2021,9038.0
037,Sariyog',Масло сливочное,Butter,Сариёғ,2021-07,monthly,2021,40354.0
039,Limon,Лимоны,Lemons,Лимон,2021-07,monthly,2021,28367.0
0040,Olma,Яблоки,Apples,Олма,2021-07,monthly,2021,10323.0
041,Nok,Груши,Pears,Нок,2021-07,monthly,2021,23853.0
049,Uzum,Виноград,Grape,Узум,2021-07,monthly,2021,8587.0
0050,Tarvuz,Арбуз,Watermelon,Тарвуз,2021-07,monthly,2021,1686.0
0051,Qovun,Дыня,Melon,Қовун,2021-07,monthly,2021,3400.0
053,Mayiz,Кишмиш,Kishmish,Майиз,2021-07,monthly,2021,25998.0
055,Karam,Капуста,Cabbage,Карам,2021-07,monthly,2021,1766.0
057,Bodring,Огурцы,Cucumbers,Бодринг,2021-07,monthly,2021,2452.0
058,Pomidor,Помидоры,Tomatoes,Помидор,2021-07,monthly,2021,3039.0
059,Baqlajon,Баклажаны,Eggplant,Бақлажон,2021-07,monthly,2021,2065.0
0060,Bulg'or qalampiri,Перец болгарский,Bell pepper,Булғор қалампири,2021-07,monthly,2021,2579.0
061,Qovoq,Тыква,Pumpkin,Қовоқ,2021-07,monthly,2021,5000.0
063,Sabzi,Морковь,Carrot,Сабзи,2021-07,monthly,2021,6315.0
065,Sarimsoq,Чеснок,Garlic,Саримсоқ,2021-07,monthly,2021,13423.0
066,Piyoz,Лук репчатый,Onion,Пиёз,2021-07,monthly,2021,1353.0
069,Kartoshka,Картофель,Potatoes,Картошка,2021-07,monthly,2021,2857.0
0070,Loviya,Фасоль,Beans,Ловия,2021-07,monthly,2021,13037.0
071,No'xot,Горох,Peas,Нўхот,2021-07,monthly,2021,11558.0
0072,Mosh,Маш,Mash,Мош,2021-07,monthly,2021,11996.0
001,Guruch,Рис,Rice,Гуруч,2021-08,monthly,2021,8535.0
003,Arpa,Ячмень,Barley,Арпа,2021-08,monthly,2021,2879.0
0004,Bug'doy,Пшеница,Wheat,Буғдой,2021-08,monthly,2021,2900.0
005,Jo'hori,Кукуруза,Corn,Жўҳори,2021-08,monthly,2021,3450.0
006,Kepak,Отруби,Bran,Кепак,2021-08,monthly,2021,2250.0
0008,Shrot,Шрот,Schroth,Шрот,2021-08,monthly,2021,2928.0
009,Shulxa,Шелуха,Husk,Шулха,2021-08,monthly,2021,3503.0
010,Kombikorm,Комбикорм,Compound feed,Комбикорм,2021-08,monthly,2021,2434.0
013,1-nav bug'doy unidan non,Хлеб пшеничный из муки 1-го сорта,Wheat bread from 1st grade flour,1-нав буғдой унидан нон,2021-08,monthly,2021,2834.0
017,Mol go'shti,Говядина,Beef,Мол гўшти,2021-08,monthly,2021,63483.0
0020,Qo'y go'shti,Баранина,Mutton,Қўй гўшти,2021-08,monthly,2021,70587.0
022,Tovuq go'shti,Мясо птицы,Poultry,Товуқ гўшти,2021-08,monthly,2021,23760.0
026,Turli baliqlar,Рыба всякая,Fish of all kinds,Турли балиқлар,2021-08,monthly,2021,16600.0
027,Yangi sog'ilgan sut (1 litr),Молоко свежее (1 литр),Fresh milk (1 liter),Янги соғилган сут (1 литр),2021-08,monthly,2021,4032.0
034,Tuxum (10 dona),Яйца (10 штук),Eggs (10 pieces ),Тухум (10 дона),2021-08,monthly,2021,8964.0
037,Sariyog',Масло сливочное,Butter,Сариёғ,2021-08,monthly,2021,40580.0
039,Limon,Лимоны,Lemons,Лимон,2021-08,monthly,2021,30003.0
0040,Olma,Яблоки,Apples,Олма,2021-08,monthly,2021,10299.0
041,Nok,Груши,Pears,Нок,2021-08,monthly,2021,21918.0
049,Uzum,Виноград,Grape,Узум,2021-08,monthly,2021,8488.0
0050,Tarvuz,Арбуз,Watermelon,Тарвуз,2021-08,monthly,2021,1594.0
0051,Qovun,Дыня,Melon,Қовун,2021-08,monthly,2021,3038.0
053,Mayiz,Кишмиш,Kishmish,Майиз,2021-08,monthly,2021,26982.0
055,Karam,Капуста,Cabbage,Карам,2021-08,monthly,2021,1720.0
057,Bodring,Огурцы,Cucumbers,Бодринг,2021-08,monthly,2021,2876.0
058,Pomidor,Помидоры,Tomatoes,Помидор,2021-08,monthly,2021,2985.0
059,Baqlajon,Баклажаны,Eggplant,Бақлажон,2021-08,monthly,2021,1934.0
0060,Bulg'or qalampiri,Перец болгарский,Bell pepper,Булғор қалампири,2021-08,monthly,2021,2541.0
061,Qovoq,Тыква,Pumpkin,Қовоқ,2021-08,monthly,2021,3542.0
063,Sabzi,Морковь,Carrot,Сабзи,2021-08,monthly,2021,5457.0
065,Sarimsoq,Чеснок,Garlic,Саримсоқ,2021-08,monthly,2021,13659.0
066,Piyoz,Лук репчатый,Onion,Пиёз,2021-08,monthly,2021,1362.0
069,Kartoshka,Картофель,Potatoes,Картошка,2021-08,monthly,2021,2857.0
0070,Loviya,Фасоль,Beans,Ловия,2021-08,monthly,2021,13106.0
071,No'xot,Горох,Peas,Нўхот,2021-08,monthly,2021,11558.0
0072,Mosh,Маш,Mash,Мош,2021-08,monthly,2021,12292.0
001,Guruch,Рис,Rice,Гуруч,2021-09,monthly,2021,8510.0
003,Arpa,Ячмень,Barley,Арпа,2021-09,monthly,2021,2910.0
0004,Bug'doy,Пшеница,Wheat,Буғдой,2021-09,monthly,2021,2857.0
005,Jo'hori,Кукуруза,Corn,Жўҳори,2021-09,monthly,2021,3279.0
006,Kepak,Отруби,Bran,Кепак,2021-09,monthly,2021,2284.0
0008,Shrot,Шрот,Schroth,Шрот,2021-09,monthly,2021,2759.0
009,Shulxa,Шелуха,Husk,Шулха,2021-09,monthly,2021,3550.0
010,Kombikorm,Комбикорм,Compound feed,Комбикорм,2021-09,monthly,2021,2434.0
013,1-nav bug'doy unidan non,Хлеб пшеничный из муки 1-го сорта,Wheat bread from 1st grade flour,1-нав буғдой унидан нон,2021-09,monthly,2021,2836.0
017,Mol go'shti,Говядина,Beef,Мол гўшти,2021-09,monthly,2021,62825.0
0020,Qo'y go'shti,Баранина,Mutton,Қўй гўшти,2021-09,monthly,2021,70231.0
022,Tovuq go'shti,Мясо птицы,Poultry,Товуқ гўшти,2021-09,monthly,2021,24167.0
026,Turli baliqlar,Рыба всякая,Fish of all kinds,Турли балиқлар,2021-09,monthly,2021,16600.0
027,Yangi sog'ilgan sut (1 litr),Молоко свежее (1 литр),Fresh milk (1 liter),Янги соғилган сут (1 литр),2021-09,monthly,2021,4032.0
034,Tuxum (10 dona),Яйца (10 штук),Eggs (10 pieces ),Тухум (10 дона),2021-09,monthly,2021,8917.0
037,Sariyog',Масло сливочное,Butter,Сариёғ,2021-09,monthly,2021,40637.0
039,Limon,Лимоны,Lemons,Лимон,2021-09,monthly,2021,29798.0
0040,Olma,Яблоки,Apples,Олма,2021-09,monthly,2021,9986.0
041,Nok,Груши,Pears,Нок,2021-09,monthly,2021,20656.0
049,Uzum,Виноград,Grape,Узум,2021-09,monthly,2021,7897.0
0050,Tarvuz,Арбуз,Watermelon,Тарвуз,2021-09,monthly,2021,1598.0
0051,Qovun,Дыня,Melon,Қовун,2021-09,monthly,2021,2868.0
053,Mayiz,Кишмиш,Kishmish,Майиз,2021-09,monthly,2021,27121.0
055,Karam,Капуста,Cabbage,Карам,2021-09,monthly,2021,1762.0
057,Bodring,Огурцы,Cucumbers,Бодринг,2021-09,monthly,2021,3130.0
058,Pomidor,Помидоры,Tomatoes,Помидор,2021-09,monthly,2021,3411.0
059,Baqlajon,Баклажаны,Eggplant,Бақлажон,2021-09,monthly,2021,2104.0
0060,Bulg'or qalampiri,Перец болгарский,Bell pepper,Булғор қалампири,2021-09,monthly,2021,2561.0
061,Qovoq,Тыква,Pumpkin,Қовоқ,2021-09,monthly,2021,2597.0
063,Sabzi,Морковь,Carrot,Сабзи,2021-09,monthly,2021,4916.0
065,Sarimsoq,Чеснок,Garlic,Саримсоқ,2021-09,monthly,2021,14074.0
066,Piyoz,Лук репчатый,Onion,Пиёз,2021-09,monthly,2021,1429.0
069,Kartoshka,Картофель,Potatoes,Картошка,2021-09,monthly,2021,2988.0
0070,Loviya,Фасоль,Beans,Ловия,2021-09,monthly,2021,12987.0
071,No'xot,Горох,Peas,Нўхот,2021-09,monthly,2021,11429.0
0072,Mosh,Маш,Mash,Мош,2021-09,monthly,2021,12663.0
001,Guruch,Рис,Rice,Гуруч,2021-10,monthly,2021,8624.0
003,Arpa,Ячмень,Barley,Арпа,2021-10,monthly,2021,3016.0
0004,Bug'doy,Пшеница,Wheat,Буғдой,2021-10,monthly,2021,2987.0
005,Jo'hori,Кукуруза,Corn,Жўҳори,2021-10,monthly,2021,3247.0
006,Kepak,Отруби,Bran,Кепак,2021-10,monthly,2021,2315.0
0008,Shrot,Шрот,Schroth,Шрот,2021-10,monthly,2021,2703.0
009,Shulxa,Шелуха,Husk,Шулха,2021-10,monthly,2021,3513.0
010,Kombikorm,Комбикорм,Compound feed,Комбикорм,2021-10,monthly,2021,2436.0
013,1-nav bug'doy unidan non,Хлеб пшеничный из муки 1-го сорта,Wheat bread from 1st grade flour,1-нав буғдой унидан нон,2021-10,monthly,2021,2837.0
017,Mol go'shti,Говядина,Beef,Мол гўшти,2021-10,monthly,2021,62618.0
0020,Qo'y go'shti,Баранина,Mutton,Қўй гўшти,2021-10,monthly,2021,70247.0
022,Tovuq go'shti,Мясо птицы,Poultry,Товуқ гўшти,2021-10,monthly,2021,24374.0
026,Turli baliqlar,Рыба всякая,Fish of all kinds,Турли балиқлар,2021-10,monthly,2021,17993.0
027,Yangi sog'ilgan sut (1 litr),Молоко свежее (1 литр),Fresh milk (1 liter),Янги соғилган сут (1 литр),2021-10,monthly,2021,4146.0
034,Tuxum (10 dona),Яйца (10 штук),Eggs (10 pieces ),Тухум (10 дона),2021-10,monthly,2021,9634.0
037,Sariyog',Масло сливочное,Butter,Сариёғ,2021-10,monthly,2021,40720.0
039,Limon,Лимоны,Lemons,Лимон,2021-10,monthly,2021,27368.0
0040,Olma,Яблоки,Apples,Олма,2021-10,monthly,2021,9482.0
041,Nok,Груши,Pears,Нок,2021-10,monthly,2021,20482.0
049,Uzum,Виноград,Grape,Узум,2021-10,monthly,2021,7861.0
0050,Tarvuz,Арбуз,Watermelon,Тарвуз,2021-10,monthly,2021,1882.0
0051,Qovun,Дыня,Melon,Қовун,2021-10,monthly,2021,2948.0
053,Mayiz,Кишмиш,Kishmish,Майиз,2021-10,monthly,2021,28046.0
055,Karam,Капуста,Cabbage,Карам,2021-10,monthly,2021,2212.0
057,Bodring,Огурцы,Cucumbers,Бодринг,2021-10,monthly,2021,4653.0
058,Pomidor,Помидоры,Tomatoes,Помидор,2021-10,monthly,2021,5495.0
059,Baqlajon,Баклажаны,Eggplant,Бақлажон,2021-10,monthly,2021,2679.0
0060,Bulg'or qalampiri,Перец болгарский,Bell pepper,Булғор қалампири,2021-10,monthly,2021,3281.0
061,Qovoq,Тыква,Pumpkin,Қовоқ,2021-10,monthly,2021,2692.0
063,Sabzi,Морковь,Carrot,Сабзи,2021-10,monthly,2021,3859.0
065,Sarimsoq,Чеснок,Garlic,Саримсоқ,2021-10,monthly,2021,16247.0
066,Piyoz,Лук репчатый,Onion,Пиёз,2021-10,monthly,2021,1662.0
069,Kartoshka,Картофель,Potatoes,Картошка,2021-10,monthly,2021,3782.0
0070,Loviya,Фасоль,Beans,Ловия,2021-10,monthly,2021,13070.0
071,No'xot,Горох,Peas,Нўхот,2021-10,monthly,2021,11775.0
0072,Mosh,Маш,Mash,Мош,2021-10,monthly,2021,12588.0
001,Guruch,Рис,Rice,Гуруч,2021-11,monthly,2021,8689.0
003,Arpa,Ячмень,Barley,Арпа,2021-11,monthly,2021,3240.0
0004,Bug'doy,Пшеница,Wheat,Буғдой,2021-11,monthly,2021,3075.0
005,Jo'hori,Кукуруза,Corn,Жўҳори,2021-11,monthly,2021,3302.0
006,Kepak,Отруби,Bran,Кепак,2021-11,monthly,2021,2457.0
0008,Shrot,Шрот,Schroth,Шрот,2021-11,monthly,2021,2703.0
009,Shulxa,Шелуха,Husk,Шулха,2021-11,monthly,2021,3400.0
010,Kombikorm,Комбикорм,Compound feed,Комбикорм,2021-11,monthly,2021,2460.0
013,1-nav bug'doy unidan non,Хлеб пшеничный из муки 1-го сорта,Wheat bread from 1st grade flour,1-нав буғдой унидан нон,2021-11,monthly,2021,2913.0
017,Mol go'shti,Говядина,Beef,Мол гўшти,2021-11,monthly,2021,62452.0
0020,Qo'y go'shti,Баранина,Mutton,Қўй гўшти,2021-11,monthly,2021,70357.0
022,Tovuq go'shti,Мясо птицы,Poultry,Товуқ гўшти,2021-11,monthly,2021,25609.0
026,Turli baliqlar,Рыба всякая,Fish of all kinds,Турли балиқлар,2021-11,monthly,2021,19711.0
027,Yangi sog'ilgan sut (1 litr),Молоко свежее (1 литр),Fresh milk (1 liter),Янги соғилган сут (1 литр),2021-11,monthly,2021,4436.0
034,Tuxum (10 dona),Яйца (10 штук),Eggs (10 pieces ),Тухум (10 дона),2021-11,monthly,2021,10471.0
037,Sariyog',Масло сливочное,Butter,Сариёғ,2021-11,monthly,2021,41014.0
039,Limon,Лимоны,Lemons,Лимон,2021-11,monthly,2021,24256.0
0040,Olma,Яблоки,Apples,Олма,2021-11,monthly,2021,9484.0
041,Nok,Груши,Pears,Нок,2021-11,monthly,2021,20177.0
049,Uzum,Виноград,Grape,Узум,2021-11,monthly,2021,8415.0
0050,Tarvuz,Арбуз,Watermelon,Тарвуз,2021-11,monthly,2021,2480.0
0051,Qovun,Дыня,Melon,Қовун,2021-11,monthly,2021,3185.0
053,Mayiz,Кишмиш,Kishmish,Майиз,2021-11,monthly,2021,30964.0
055,Karam,Капуста,Cabbage,Карам,2021-11,monthly,2021,2599.0
057,Bodring,Огурцы,Cucumbers,Бодринг,2021-11,monthly,2021,6903.0
058,Pomidor,Помидоры,Tomatoes,Помидор,2021-11,monthly,2021,8750.0
059,Baqlajon,Баклажаны,Eggplant,Бақлажон,2021-11,monthly,2021,4391.0
0060,Bulg'or qalampiri,Перец болгарский,Bell pepper,Булғор қалампири,2021-11,monthly,2021,5801.0
061,Qovoq,Тыква,Pumpkin,Қовоқ,2021-11,monthly,2021,3156.0
063,Sabzi,Морковь,Carrot,Сабзи,2021-11,monthly,2021,2296.0
065,Sarimsoq,Чеснок,Garlic,Саримсоқ,2021-11,monthly,2021,20210.0
066,Piyoz,Лук репчатый,Onion,Пиёз,2021-11,monthly,2021,1835.0
069,Kartoshka,Картофель,Potatoes,Картошка,2021-11,monthly,2021,4213.0
0070,Loviya,Фасоль,Beans,Ловия,2021-11,monthly,2021,13375.0
071,No'xot,Горох,Peas,Нўхот,2021-11,monthly,2021,12582.0
0072,Mosh,Маш,Mash,Мош,2021-11,monthly,2021,12489.0
001,Guruch,Рис,Rice,Гуруч,2021-12,monthly,2021,8551.0
003,Arpa,Ячмень,Barley,Арпа,2021-12,monthly,2021,3330.0
0004,Bug'doy,Пшеница,Wheat,Буғдой,2021-12,monthly,2021,3095.0
005,Jo'hori,Кукуруза,Corn,Жўҳори,2021-12,monthly,2021,3321.0
006,Kepak,Отруби,Bran,Кепак,2021-12,monthly,2021,2555.0
0008,Shrot,Шрот,Schroth,Шрот,2021-12,monthly,2021,2703.0
009,Shulxa,Шелуха,Husk,Шулха,2021-12,monthly,2021,3350.0
010,Kombikorm,Комбикорм,Compound feed,Комбикорм,2021-12,monthly,2021,2466.0
013,1-nav bug'doy unidan non,Хлеб пшеничный из муки 1-го сорта,Wheat bread from 1st grade flour,1-нав буғдой унидан нон,2021-12,monthly,2021,3026.0
017,Mol go'shti,Говядина,Beef,Мол гўшти,2021-12,monthly,2021,62351.0
0020,Qo'y go'shti,Баранина,Mutton,Қўй гўшти,2021-12,monthly,2021,70086.0
022,Tovuq go'shti,Мясо птицы,Poultry,Товуқ гўшти,2021-12,monthly,2021,24712.0
026,Turli baliqlar,Рыба всякая,Fish of all kinds,Турли балиқлар,2021-12,monthly,2021,20215.0
027,Yangi sog'ilgan sut (1 litr),Молоко свежее (1 литр),Fresh milk (1 liter),Янги соғилган сут (1 литр),2021-12,monthly,2021,4546.0
034,Tuxum (10 dona),Яйца (10 штук),Eggs (10 pieces ),Тухум (10 дона),2021-12,monthly,2021,10576.0
037,Sariyog',Масло сливочное,Butter,Сариёғ,2021-12,monthly,2021,41454.0
039,Limon,Лимоны,Lemons,Лимон,2021-12,monthly,2021,20079.0
0040,Olma,Яблоки,Apples,Олма,2021-12,monthly,2021,9630.0
041,Nok,Груши,Pears,Нок,2021-12,monthly,2021,20386.0
049,Uzum,Виноград,Grape,Узум,2021-12,monthly,2021,10744.0
0050,Tarvuz,Арбуз,Watermelon,Тарвуз,2021-12,monthly,2021,3029.0
0051,Qovun,Дыня,Melon,Қовун,2021-12,monthly,2021,3749.0
053,Mayiz,Кишмиш,Kishmish,Майиз,2021-12,monthly,2021,32098.0
055,Karam,Капуста,Cabbage,Карам,2021-12,monthly,2021,2996.0
057,Bodring,Огурцы,Cucumbers,Бодринг,2021-12,monthly,2021,12071.0
058,Pomidor,Помидоры,Tomatoes,Помидор,2021-12,monthly,2021,9978.0
059,Baqlajon,Баклажаны,Eggplant,Бақлажон,2021-12,monthly,2021,4857.0
0060,Bulg'or qalampiri,Перец болгарский,Bell pepper,Булғор қалампири,2021-12,monthly,2021,9387.0
061,Qovoq,Тыква,Pumpkin,Қовоқ,2021-12,monthly,2021,3767.0
063,Sabzi,Морковь,Carrot,Сабзи,2021-12,monthly,2021,2020.0
065,Sarimsoq,Чеснок,Garlic,Саримсоқ,2021-12,monthly,2021,22093.0
066,Piyoz,Лук репчатый,Onion,Пиёз,2021-12,monthly,2021,1873.0
069,Kartoshka,Картофель,Potatoes,Картошка,2021-12,monthly,2021,4236.0
0070,Loviya,Фасоль,Beans,Ловия,2021-12,monthly,2021,13233.0
071,No'xot,Горох,Peas,Нўхот,2021-12,monthly,2021,13871.0
0072,Mosh,Маш,Mash,Мош,2021-12,monthly,2021,12223.0
001,Guruch,Рис,Rice,Гуруч,2022-01,monthly,2022,8510.0
003,Arpa,Ячмень,Barley,Арпа,2022-01,monthly,2022,3586.0
0004,Bug'doy,Пшеница,Wheat,Буғдой,2022-01,monthly,2022,3265.0
005,Jo'hori,Кукуруза,Corn,Жўҳори,2022-01,monthly,2022,3378.0
006,Kepak,Отруби,Bran,Кепак,2022-01,monthly,2022,2660.0
0008,Shrot,Шрот,Schroth,Шрот,2022-01,monthly,2022,2480.0
009,Shulxa,Шелуха,Husk,Шулха,2022-01,monthly,2022,3278.0
010,Kombikorm,Комбикорм,Compound feed,Комбикорм,2022-01,monthly,2022,2244.0
011,Oliy navli bug'doy uni,Мука пшеничная высшего сорта,High-grade wheat flour,Олий навли буғдой уни,2022-01,monthly,2022,5306.0
0012,1-navli bug'doy uni,Мука пшеничная первого сорта,First grade wheat flour,1-навли буғдой уни,2022-01,monthly,2022,3778.0
013,1-nav bug'doy unidan non,Хлеб пшеничный из муки 1-го сорта,Wheat bread from 1st grade flour,1-нав буғдой унидан нон,2022-01,monthly,2022,3180.0
017,Mol go'shti,Говядина,Beef,Мол гўшти,2022-01,monthly,2022,61682.0
0020,Qo'y go'shti,Баранина,Mutton,Қўй гўшти,2022-01,monthly,2022,71789.0
022,Tovuq go'shti,Мясо птицы,Poultry,Товуқ гўшти,2022-01,monthly,2022,23688.0
026,Turli baliqlar,Рыба всякая,Fish of all kinds,Турли балиқлар,2022-01,monthly,2022,21438.0
027,Yangi sog'ilgan sut (1 litr),Молоко свежее (1 литр),Fresh milk (1 liter),Янги соғилган сут (1 литр),2022-01,monthly,2022,4705.0
034,Tuxum (10 dona),Яйца (10 штук),Eggs (10 pieces ),Тухум (10 дона),2022-01,monthly,2022,10392.0
035,Paxta yog'i (1 litr),Масло хлопковое (1 литр),Cottonseed oil (1 liter),Пахта ёғи (1 литр),2022-01,monthly,2022,16093.0
0036,Kungaboqar yog'i (1 litr),Масло подсолнечное (1 литр),Sunflower oil (1 liter),Кунгабоқар ёғи (1 литр),2022-01,monthly,2022,19416.0
037,Sariyog',Масло сливочное,Butter,Сариёғ,2022-01,monthly,2022,44725.0
039,Limon,Лимоны,Lemons,Лимон,2022-01,monthly,2022,21132.0
0040,Olma,Яблоки,Apples,Олма,2022-01,monthly,2022,10529.0
041,Nok,Груши,Pears,Нок,2022-01,monthly,2022,24509.0
049,Uzum,Виноград,Grape,Узум,2022-01,monthly,2022,14972.0
0051,Qovun,Дыня,Melon,Қовун,2022-01,monthly,2022,5500.0
053,Mayiz,Кишмиш,Kishmish,Майиз,2022-01,monthly,2022,31608.0
055,Karam,Капуста,Cabbage,Карам,2022-01,monthly,2022,3566.0
057,Bodring,Огурцы,Cucumbers,Бодринг,2022-01,monthly,2022,17004.0
058,Pomidor,Помидоры,Tomatoes,Помидор,2022-01,monthly,2022,13562.0
059,Baqlajon,Баклажаны,Eggplant,Бақлажон,2022-01,monthly,2022,22000.0
0060,Bulg'or qalampiri,Перец болгарский,Bell pepper,Булғор қалампири,2022-01,monthly,2022,17029.0
061,Qovoq,Тыква,Pumpkin,Қовоқ,2022-01,monthly,2022,3103.0
063,Sabzi,Морковь,Carrot,Сабзи,2022-01,monthly,2022,2050.0
065,Sarimsoq,Чеснок,Garlic,Саримсоқ,2022-01,monthly,2022,22235.0
066,Piyoz,Лук репчатый,Onion,Пиёз,2022-01,monthly,2022,2045.0
069,Kartoshka,Картофель,Potatoes,Картошка,2022-01,monthly,2022,4533.0
0070,Loviya,Фасоль,Beans,Ловия,2022-01,monthly,2022,13519.0
071,No'xot,Горох,Peas,Нўхот,2022-01,monthly,2022,14630.0
0072,Mosh,Маш,Mash,Мош,2022-01,monthly,2022,12565.0
073,Shakar,Сахар песок,Sugar,Шакар,2022-01,monthly,2022,9197.0
001,Guruch,Рис,Rice,Гуруч,2022-02,monthly,2022,8695.0
003,Arpa,Ячмень,Barley,Арпа,2022-02,monthly,2022,3585.0
0004,Bug'doy,Пшеница,Wheat,Буғдой,2022-02,monthly,2022,3357.0
005,Jo'hori,Кукуруза,Corn,Жўҳори,2022-02,monthly,2022,3396.0
006,Kepak,Отруби,Bran,Кепак,2022-02,monthly,2022,2700.0
0008,Shrot,Шрот,Schroth,Шрот,2022-02,monthly,2022,2480.0
009,Shulxa,Шелуха,Husk,Шулха,2022-02,monthly,2022,3272.0
010,Kombikorm,Комбикорм,Compound feed,Комбикорм,2022-02,monthly,2022,2244.0
011,Oliy navli bug'doy uni,Мука пшеничная высшего сорта,High-grade wheat flour,Олий навли буғдой уни,2022-02,monthly,2022,5459.0
0012,1-navli bug'doy uni,Мука пшеничная первого сорта,First grade wheat flour,1-навли буғдой уни,2022-02,monthly,2022,3807.0
013,1-nav bug'doy unidan non,Хлеб пшеничный из муки 1-го сорта,Wheat bread from 1st grade flour,1-нав буғдой унидан нон,2022-02,monthly,2022,3249.0
017,Mol go'shti,Говядина,Beef,Мол гўшти,2022-02,monthly,2022,60903.0
0020,Qo'y go'shti,Баранина,Mutton,Қўй гўшти,2022-02,monthly,2022,71753.0
022,Tovuq go'shti,Мясо птицы,Poultry,Товуқ гўшти,2022-02,monthly,2022,22944.0
026,Turli baliqlar,Рыба всякая,Fish of all kinds,Турли балиқлар,2022-02,monthly,2022,21438.0
027,Yangi sog'ilgan sut (1 litr),Молоко свежее (1 литр),Fresh milk (1 liter),Янги соғилган сут (1 литр),2022-02,monthly,2022,4740.0
034,Tuxum (10 dona),Яйца (10 штук),Eggs (10 pieces ),Тухум (10 дона),2022-02,monthly,2022,10104.0
035,Paxta yog'i (1 litr),Масло хлопковое (1 литр),Cottonseed oil (1 liter),Пахта ёғи (1 литр),2022-02,monthly,2022,15995.0
0036,Kungaboqar yog'i (1 litr),Масло подсолнечное (1 литр),Sunflower oil (1 liter),Кунгабоқар ёғи (1 литр),2022-02,monthly,2022,19320.0
037,Sariyog',Масло сливочное,Butter,Сариёғ,2022-02,monthly,2022,44926.0
039,Limon,Лимоны,Lemons,Лимон,2022-02,monthly,2022,21786.0
0040,Olma,Яблоки,Apples,Олма,2022-02,monthly,2022,10952.0
041,Nok,Груши,Pears,Нок,2022-02,monthly,2022,24373.0
049,Uzum,Виноград,Grape,Узум,2022-02,monthly,2022,16134.0
053,Mayiz,Кишмиш,Kishmish,Майиз,2022-02,monthly,2022,31342.0
055,Karam,Капуста,Cabbage,Карам,2022-02,monthly,2022,4083.0
057,Bodring,Огурцы,Cucumbers,Бодринг,2022-02,monthly,2022,16305.0
058,Pomidor,Помидоры,Tomatoes,Помидор,2022-02,monthly,2022,13951.0
0060,Bulg'or qalampiri,Перец болгарский,Bell pepper,Булғор қалампири,2022-02,monthly,2022,21998.0
061,Qovoq,Тыква,Pumpkin,Қовоқ,2022-02,monthly,2022,3423.0
063,Sabzi,Морковь,Carrot,Сабзи,2022-02,monthly,2022,1996.0
065,Sarimsoq,Чеснок,Garlic,Саримсоқ,2022-02,monthly,2022,23635.0
066,Piyoz,Лук репчатый,Onion,Пиёз,2022-02,monthly,2022,2078.0
069,Kartoshka,Картофель,Potatoes,Картошка,2022-02,monthly,2022,4469.0
0070,Loviya,Фасоль,Beans,Ловия,2022-02,monthly,2022,12813.0
071,No'xot,Горох,Peas,Нўхот,2022-02,monthly,2022,14471.0
0072,Mosh,Маш,Mash,Мош,2022-02,monthly,2022,12535.0
073,Shakar,Сахар песок,Sugar,Шакар,2022-02,monthly,2022,9135.0
001,Guruch,Рис,Rice,Гуруч,2022-03,monthly,2022,8763.0
003,Arpa,Ячмень,Barley,Арпа,2022-03,monthly,2022,3739.0
0004,Bug'doy,Пшеница,Wheat,Буғдой,2022-03,monthly,2022,3552.0
005,Jo'hori,Кукуруза,Corn,Жўҳори,2022-03,monthly,2022,3476.0
006,Kepak,Отруби,Bran,Кепак,2022-03,monthly,2022,2725.0
0008,Shrot,Шрот,Schroth,Шрот,2022-03,monthly,2022,2480.0
009,Shulxa,Шелуха,Husk,Шулха,2022-03,monthly,2022,3272.0
010,Kombikorm,Комбикорм,Compound feed,Комбикорм,2022-03,monthly,2022,2279.0
011,Oliy navli bug'doy uni,Мука пшеничная высшего сорта,High-grade wheat flour,Олий навли буғдой уни,2022-03,monthly,2022,5467.0
0012,1-navli bug'doy uni,Мука пшеничная первого сорта,First grade wheat flour,1-навли буғдой уни,2022-03,monthly,2022,3826.0
013,1-nav bug'doy unidan non,Хлеб пшеничный из муки 1-го сорта,Wheat bread from 1st grade flour,1-нав буғдой унидан нон,2022-03,monthly,2022,3249.0
017,Mol go'shti,Говядина,Beef,Мол гўшти,2022-03,monthly,2022,61192.0
0020,Qo'y go'shti,Баранина,Mutton,Қўй гўшти,2022-03,monthly,2022,72538.0
022,Tovuq go'shti,Мясо птицы,Poultry,Товуқ гўшти,2022-03,monthly,2022,23010.0
026,Turli baliqlar,Рыба всякая,Fish of all kinds,Турли балиқлар,2022-03,monthly,2022,21538.0
027,Yangi sog'ilgan sut (1 litr),Молоко свежее (1 литр),Fresh milk (1 liter),Янги соғилган сут (1 литр),2022-03,monthly,2022,4753.0
034,Tuxum (10 dona),Яйца (10 штук),Eggs (10 pieces ),Тухум (10 дона),2022-03,monthly,2022,9926.0
035,Paxta yog'i (1 litr),Масло хлопковое (1 литр),Cottonseed oil (1 liter),Пахта ёғи (1 литр),2022-03,monthly,2022,16071.0
0036,Kungaboqar yog'i (1 litr),Масло подсолнечное (1 литр),Sunflower oil (1 liter),Кунгабоқар ёғи (1 литр),2022-03,monthly,2022,19361.0
037,Sariyog',Масло сливочное,Butter,Сариёғ,2022-03,monthly,2022,44926.0
039,Limon,Лимоны,Lemons,Лимон,2022-03,monthly,2022,21041.0
0040,Olma,Яблоки,Apples,Олма,2022-03,monthly,2022,11121.0
041,Nok,Груши,Pears,Нок,2022-03,monthly,2022,24444.0
049,Uzum,Виноград,Grape,Узум,2022-03,monthly,2022,18807.0
053,Mayiz,Кишмиш,Kishmish,Майиз,2022-03,monthly,2022,31342.0
055,Karam,Капуста,Cabbage,Карам,2022-03,monthly,2022,4424.0
057,Bodring,Огурцы,Cucumbers,Бодринг,2022-03,monthly,2022,15693.0
058,Pomidor,Помидоры,Tomatoes,Помидор,2022-03,monthly,2022,17275.0
059,Baqlajon,Баклажаны,Eggplant,Бақлажон,2022-03,monthly,2022,22000.0
0060,Bulg'or qalampiri,Перец болгарский,Bell pepper,Булғор қалампири,2022-03,monthly,2022,24472.0
061,Qovoq,Тыква,Pumpkin,Қовоқ,2022-03,monthly,2022,3533.0
063,Sabzi,Морковь,Carrot,Сабзи,2022-03,monthly,2022,2177.0
065,Sarimsoq,Чеснок,Garlic,Саримсоқ,2022-03,monthly,2022,25160.0
066,Piyoz,Лук репчатый,Onion,Пиёз,2022-03,monthly,2022,2615.0
069,Kartoshka,Картофель,Potatoes,Картошка,2022-03,monthly,2022,4075.0
0070,Loviya,Фасоль,Beans,Ловия,2022-03,monthly,2022,12806.0
071,No'xot,Горох,Peas,Нўхот,2022-03,monthly,2022,14600.0
0072,Mosh,Маш,Mash,Мош,2022-03,monthly,2022,12707.0
073,Shakar,Сахар песок,Sugar,Шакар,2022-03,monthly,2022,9215.0
001,Guruch,Рис,Rice,Гуруч,2022-04,monthly,2022,8689.0
003,Arpa,Ячмень,Barley,Арпа,2022-04,monthly,2022,3764.0
0004,Bug'doy,Пшеница,Wheat,Буғдой,2022-04,monthly,2022,3652.0
005,Jo'hori,Кукуруза,Corn,Жўҳори,2022-04,monthly,2022,3591.0
006,Kepak,Отруби,Bran,Кепак,2022-04,monthly,2022,2760.0
0008,Shrot,Шрот,Schroth,Шрот,2022-04,monthly,2022,2480.0
009,Shulxa,Шелуха,Husk,Шулха,2022-04,monthly,2022,3272.0
010,Kombikorm,Комбикорм,Compound feed,Комбикорм,2022-04,monthly,2022,2283.0
011,Oliy navli bug'doy uni,Мука пшеничная высшего сорта,High-grade wheat flour,Олий навли буғдой уни,2022-04,monthly,2022,5576.0
0012,1-navli bug'doy uni,Мука пшеничная первого сорта,First grade wheat flour,1-навли буғдой уни,2022-04,monthly,2022,4087.0
013,1-nav bug'doy unidan non,Хлеб пшеничный из муки 1-го сорта,Wheat bread from 1st grade flour,1-нав буғдой унидан нон,2022-04,monthly,2022,3263.0
017,Mol go'shti,Говядина,Beef,Мол гўшти,2022-04,monthly,2022,60964.0
0020,Qo'y go'shti,Баранина,Mutton,Қўй гўшти,2022-04,monthly,2022,72613.0
022,Tovuq go'shti,Мясо птицы,Poultry,Товуқ гўшти,2022-04,monthly,2022,22707.0
026,Turli baliqlar,Рыба всякая,Fish of all kinds,Турли балиқлар,2022-04,monthly,2022,19842.0
027,Yangi sog'ilgan sut (1 litr),Молоко свежее (1 литр),Fresh milk (1 liter),Янги соғилган сут (1 литр),2022-04,monthly,2022,4713.0
034,Tuxum (10 dona),Яйца (10 штук),Eggs (10 pieces ),Тухум (10 дона),2022-04,monthly,2022,9712.0
035,Paxta yog'i (1 litr),Масло хлопковое (1 литр),Cottonseed oil (1 liter),Пахта ёғи (1 литр),2022-04,monthly,2022,16357.0
0036,Kungaboqar yog'i (1 litr),Масло подсолнечное (1 литр),Sunflower oil (1 liter),Кунгабоқар ёғи (1 литр),2022-04,monthly,2022,19852.0
037,Sariyog',Масло сливочное,Butter,Сариёғ,2022-04,monthly,2022,44634.0
039,Limon,Лимоны,Lemons,Лимон,2022-04,monthly,2022,20863.0
0040,Olma,Яблоки,Apples,Олма,2022-04,monthly,2022,10883.0
041,Nok,Груши,Pears,Нок,2022-04,monthly,2022,25924.0
049,Uzum,Виноград,Grape,Узум,2022-04,monthly,2022,18908.0
053,Mayiz,Кишмиш,Kishmish,Майиз,2022-04,monthly,2022,31478.0
055,Karam,Капуста,Cabbage,Карам,2022-04,monthly,2022,5041.0
057,Bodring,Огурцы,Cucumbers,Бодринг,2022-04,monthly,2022,11482.0
058,Pomidor,Помидоры,Tomatoes,Помидор,2022-04,monthly,2022,17049.0
059,Baqlajon,Баклажаны,Eggplant,Бақлажон,2022-04,monthly,2022,15750.0
0060,Bulg'or qalampiri,Перец болгарский,Bell pepper,Булғор қалампири,2022-04,monthly,2022,25629.0
061,Qovoq,Тыква,Pumpkin,Қовоқ,2022-04,monthly,2022,4556.0
063,Sabzi,Морковь,Carrot,Сабзи,2022-04,monthly,2022,2573.0
065,Sarimsoq,Чеснок,Garlic,Саримсоқ,2022-04,monthly,2022,24380.0
066,Piyoz,Лук репчатый,Onion,Пиёз,2022-04,monthly,2022,3056.0
069,Kartoshka,Картофель,Potatoes,Картошка,2022-04,monthly,2022,3560.0
0070,Loviya,Фасоль,Beans,Ловия,2022-04,monthly,2022,12849.0
071,No'xot,Горох,Peas,Нўхот,2022-04,monthly,2022,15019.0
0072,Mosh,Маш,Mash,Мош,2022-04,monthly,2022,12785.0
073,Shakar,Сахар песок,Sugar,Шакар,2022-04,monthly,2022,9459.0
001,Guruch,Рис,Rice,Гуруч,2022-05,monthly,2022,8528.0
003,Arpa,Ячмень,Barley,Арпа,2022-05,monthly,2022,3811.0
0004,Bug'doy,Пшеница,Wheat,Буғдой,2022-05,monthly,2022,3782.0
005,Jo'hori,Кукуруза,Corn,Жўҳори,2022-05,monthly,2022,3773.0
006,Kepak,Отруби,Bran,Кепак,2022-05,monthly,2022,2815.0
0008,Shrot,Шрот,Schroth,Шрот,2022-05,monthly,2022,2480.0
009,Shulxa,Шелуха,Husk,Шулха,2022-05,monthly,2022,3283.0
010,Kombikorm,Комбикорм,Compound feed,Комбикорм,2022-05,monthly,2022,2333.0
011,Oliy navli bug'doy uni,Мука пшеничная высшего сорта,High-grade wheat flour,Олий навли буғдой уни,2022-05,monthly,2022,5745.0
0012,1-navli bug'doy uni,Мука пшеничная первого сорта,First grade wheat flour,1-навли буғдой уни,2022-05,monthly,2022,4135.0
013,1-nav bug'doy unidan non,Хлеб пшеничный из муки 1-го сорта,Wheat bread from 1st grade flour,1-нав буғдой унидан нон,2022-05,monthly,2022,3271.0
017,Mol go'shti,Говядина,Beef,Мол гўшти,2022-05,monthly,2022,60639.0
0020,Qo'y go'shti,Баранина,Mutton,Қўй гўшти,2022-05,monthly,2022,72647.0
022,Tovuq go'shti,Мясо птицы,Poultry,Товуқ гўшти,2022-05,monthly,2022,22671.0
026,Turli baliqlar,Рыба всякая,Fish of all kinds,Турли балиқлар,2022-05,monthly,2022,21250.0
027,Yangi sog'ilgan sut (1 litr),Молоко свежее (1 литр),Fresh milk (1 liter),Янги соғилган сут (1 литр),2022-05,monthly,2022,4593.0
034,Tuxum (10 dona),Яйца (10 штук),Eggs (10 pieces ),Тухум (10 дона),2022-05,monthly,2022,9189.0
035,Paxta yog'i (1 litr),Масло хлопковое (1 литр),Cottonseed oil (1 liter),Пахта ёғи (1 литр),2022-05,monthly,2022,16166.0
0036,Kungaboqar yog'i (1 litr),Масло подсолнечное (1 литр),Sunflower oil (1 liter),Кунгабоқар ёғи (1 литр),2022-05,monthly,2022,20002.0
037,Sariyog',Масло сливочное,Butter,Сариёғ,2022-05,monthly,2022,44545.0
039,Limon,Лимоны,Lemons,Лимон,2022-05,monthly,2022,21021.0
0040,Olma,Яблоки,Apples,Олма,2022-05,monthly,2022,10607.0
041,Nok,Груши,Pears,Нок,2022-05,monthly,2022,26633.0
049,Uzum,Виноград,Grape,Узум,2022-05,monthly,2022,17333.0
053,Mayiz,Кишмиш,Kishmish,Майиз,2022-05,monthly,2022,31488.0
055,Karam,Капуста,Cabbage,Карам,2022-05,monthly,2022,3818.0
057,Bodring,Огурцы,Cucumbers,Бодринг,2022-05,monthly,2022,5006.0
058,Pomidor,Помидоры,Tomatoes,Помидор,2022-05,monthly,2022,12153.0
059,Baqlajon,Баклажаны,Eggplant,Бақлажон,2022-05,monthly,2022,11379.0
0060,Bulg'or qalampiri,Перец болгарский,Bell pepper,Булғор қалампири,2022-05,monthly,2022,16629.0
063,Sabzi,Морковь,Carrot,Сабзи,2022-05,monthly,2022,2729.0
065,Sarimsoq,Чеснок,Garlic,Саримсоқ,2022-05,monthly,2022,21994.0
066,Piyoz,Лук репчатый,Onion,Пиёз,2022-05,monthly,2022,3172.0
069,Kartoshka,Картофель,Potatoes,Картошка,2022-05,monthly,2022,3505.0
0070,Loviya,Фасоль,Beans,Ловия,2022-05,monthly,2022,12994.0
071,No'xot,Горох,Peas,Нўхот,2022-05,monthly,2022,15076.0
0072,Mosh,Маш,Mash,Мош,2022-05,monthly,2022,12633.0
073,Shakar,Сахар песок,Sugar,Шакар,2022-05,monthly,2022,9637.0
001,Guruch,Рис,Rice,Гуруч,2022-06,monthly,2022,8924.0
003,Arpa,Ячмень,Barley,Арпа,2022-06,monthly,2022,3754.0
0004,Bug'doy,Пшеница,Wheat,Буғдой,2022-06,monthly,2022,3831.0
005,Jo'hori,Кукуруза,Corn,Жўҳори,2022-06,monthly,2022,3874.0
006,Kepak,Отруби,Bran,Кепак,2022-06,monthly,2022,2859.0
0008,Shrot,Шрот,Schroth,Шрот,2022-06,monthly,2022,2480.0
009,Shulxa,Шелуха,Husk,Шулха,2022-06,monthly,2022,3357.0
010,Kombikorm,Комбикорм,Compound feed,Комбикорм,2022-06,monthly,2022,2361.0
011,Oliy navli bug'doy uni,Мука пшеничная высшего сорта,High-grade wheat flour,Олий навли буғдой уни,2022-06,monthly,2022,6595.0
0012,1-navli bug'doy uni,Мука пшеничная первого сорта,First grade wheat flour,1-навли буғдой уни,2022-06,monthly,2022,5366.0
013,1-nav bug'doy unidan non,Хлеб пшеничный из муки 1-го сорта,Wheat bread from 1st grade flour,1-нав буғдой унидан нон,2022-06,monthly,2022,3985.0
017,Mol go'shti,Говядина,Beef,Мол гўшти,2022-06,monthly,2022,60874.0
0020,Qo'y go'shti,Баранина,Mutton,Қўй гўшти,2022-06,monthly,2022,72873.0
022,Tovuq go'shti,Мясо птицы,Poultry,Товуқ гўшти,2022-06,monthly,2022,22715.0
026,Turli baliqlar,Рыба всякая,Fish of all kinds,Турли балиқлар,2022-06,monthly,2022,21800.0
027,Yangi sog'ilgan sut (1 litr),Молоко свежее (1 литр),Fresh milk (1 liter),Янги соғилган сут (1 литр),2022-06,monthly,2022,4620.0
034,Tuxum (10 dona),Яйца (10 штук),Eggs (10 pieces ),Тухум (10 дона),2022-06,monthly,2022,9769.0
035,Paxta yog'i (1 litr),Масло хлопковое (1 литр),Cottonseed oil (1 liter),Пахта ёғи (1 литр),2022-06,monthly,2022,16665.0
0036,Kungaboqar yog'i (1 litr),Масло подсолнечное (1 литр),Sunflower oil (1 liter),Кунгабоқар ёғи (1 литр),2022-06,monthly,2022,20448.0
037,Sariyog',Масло сливочное,Butter,Сариёғ,2022-06,monthly,2022,44466.0
039,Limon,Лимоны,Lemons,Лимон,2022-06,monthly,2022,24751.0
0040,Olma,Яблоки,Apples,Олма,2022-06,monthly,2022,10371.0
041,Nok,Груши,Pears,Нок,2022-06,monthly,2022,26227.0
049,Uzum,Виноград,Grape,Узум,2022-06,monthly,2022,12613.0
0050,Tarvuz,Арбуз,Watermelon,Тарвуз,2022-06,monthly,2022,4120.0
0051,Qovun,Дыня,Melon,Қовун,2022-06,monthly,2022,3114.0
053,Mayiz,Кишмиш,Kishmish,Майиз,2022-06,monthly,2022,31403.0
055,Karam,Капуста,Cabbage,Карам,2022-06,monthly,2022,3467.0
057,Bodring,Огурцы,Cucumbers,Бодринг,2022-06,monthly,2022,4015.0
058,Pomidor,Помидоры,Tomatoes,Помидор,2022-06,monthly,2022,7211.0
059,Baqlajon,Баклажаны,Eggplant,Бақлажон,2022-06,monthly,2022,6340.0
0060,Bulg'or qalampiri,Перец болгарский,Bell pepper,Булғор қалампири,2022-06,monthly,2022,8848.0
063,Sabzi,Морковь,Carrot,Сабзи,2022-06,monthly,2022,2786.0
065,Sarimsoq,Чеснок,Garlic,Саримсоқ,2022-06,monthly,2022,16467.0
066,Piyoz,Лук репчатый,Onion,Пиёз,2022-06,monthly,2022,3402.0
069,Kartoshka,Картофель,Potatoes,Картошка,2022-06,monthly,2022,4056.0
0070,Loviya,Фасоль,Beans,Ловия,2022-06,monthly,2022,13081.0
071,No'xot,Горох,Peas,Нўхот,2022-06,monthly,2022,15219.0
0072,Mosh,Маш,Mash,Мош,2022-06,monthly,2022,12715.0
073,Shakar,Сахар песок,Sugar,Шакар,2022-06,monthly,2022,11434.0
001,Guruch,Рис,Rice,Гуруч,2022-07,monthly,2022,8987.0
003,Arpa,Ячмень,Barley,Арпа,2022-07,monthly,2022,3680.0
0004,Bug'doy,Пшеница,Wheat,Буғдой,2022-07,monthly,2022,3738.0
005,Jo'hori,Кукуруза,Corn,Жўҳори,2022-07,monthly,2022,3919.0
006,Kepak,Отруби,Bran,Кепак,2022-07,monthly,2022,2853.0
0008,Shrot,Шрот,Schroth,Шрот,2022-07,monthly,2022,2480.0
009,Shulxa,Шелуха,Husk,Шулха,2022-07,monthly,2022,3442.0
010,Kombikorm,Комбикорм,Compound feed,Комбикорм,2022-07,monthly,2022,2619.0
011,Oliy navli bug'doy uni,Мука пшеничная высшего сорта,High-grade wheat flour,Олий навли буғдой уни,2022-07,monthly,2022,6656.0
0012,1-navli bug'doy uni,Мука пшеничная первого сорта,First grade wheat flour,1-навли буғдой уни,2022-07,monthly,2022,5395.0
013,1-nav bug'doy unidan non,Хлеб пшеничный из муки 1-го сорта,Wheat bread from 1st grade flour,1-нав буғдой унидан нон,2022-07,monthly,2022,4121.0
017,Mol go'shti,Говядина,Beef,Мол гўшти,2022-07,monthly,2022,61327.0
0020,Qo'y go'shti,Баранина,Mutton,Қўй гўшти,2022-07,monthly,2022,73070.0
022,Tovuq go'shti,Мясо птицы,Poultry,Товуқ гўшти,2022-07,monthly,2022,22663.0
026,Turli baliqlar,Рыба всякая,Fish of all kinds,Турли балиқлар,2022-07,monthly,2022,22000.0
027,Yangi sog'ilgan sut (1 litr),Молоко свежее (1 литр),Fresh milk (1 liter),Янги соғилган сут (1 литр),2022-07,monthly,2022,4621.0
034,Tuxum (10 dona),Яйца (10 штук),Eggs (10 pieces ),Тухум (10 дона),2022-07,monthly,2022,9551.0
035,Paxta yog'i (1 litr),Масло хлопковое (1 литр),Cottonseed oil (1 liter),Пахта ёғи (1 литр),2022-07,monthly,2022,16942.0
0036,Kungaboqar yog'i (1 litr),Масло подсолнечное (1 литр),Sunflower oil (1 liter),Кунгабоқар ёғи (1 литр),2022-07,monthly,2022,20556.0
037,Sariyog',Масло сливочное,Butter,Сариёғ,2022-07,monthly,2022,44566.0
039,Limon,Лимоны,Lemons,Лимон,2022-07,monthly,2022,28506.0
0040,Olma,Яблоки,Apples,Олма,2022-07,monthly,2022,9010.0
041,Nok,Груши,Pears,Нок,2022-07,monthly,2022,20832.0
049,Uzum,Виноград,Grape,Узум,2022-07,monthly,2022,7508.0
0050,Tarvuz,Арбуз,Watermelon,Тарвуз,2022-07,monthly,2022,1567.0
0051,Qovun,Дыня,Melon,Қовун,2022-07,monthly,2022,2302.0
053,Mayiz,Кишмиш,Kishmish,Майиз,2022-07,monthly,2022,31419.0
055,Karam,Капуста,Cabbage,Карам,2022-07,monthly,2022,3167.0
057,Bodring,Огурцы,Cucumbers,Бодринг,2022-07,monthly,2022,3484.0
058,Pomidor,Помидоры,Tomatoes,Помидор,2022-07,monthly,2022,3357.0
059,Baqlajon,Баклажаны,Eggplant,Бақлажон,2022-07,monthly,2022,2708.0
0060,Bulg'or qalampiri,Перец болгарский,Bell pepper,Булғор қалампири,2022-07,monthly,2022,5332.0
063,Sabzi,Морковь,Carrot,Сабзи,2022-07,monthly,2022,2569.0
065,Sarimsoq,Чеснок,Garlic,Саримсоқ,2022-07,monthly,2022,14838.0
066,Piyoz,Лук репчатый,Onion,Пиёз,2022-07,monthly,2022,3588.0
069,Kartoshka,Картофель,Potatoes,Картошка,2022-07,monthly,2022,3559.0
0070,Loviya,Фасоль,Beans,Ловия,2022-07,monthly,2022,13020.0
071,No'xot,Горох,Peas,Нўхот,2022-07,monthly,2022,15150.0
0072,Mosh,Маш,Mash,Мош,2022-07,monthly,2022,12680.0
073,Shakar,Сахар песок,Sugar,Шакар,2022-07,monthly,2022,12348.0
001,Guruch,Рис,Rice,Гуруч,2022-08,monthly,2022,9427.0
003,Arpa,Ячмень,Barley,Арпа,2022-08,monthly,2022,3716.0
0004,Bug'doy,Пшеница,Wheat,Буғдой,2022-08,monthly,2022,3785.0
005,Jo'hori,Кукуруза,Corn,Жўҳори,2022-08,monthly,2022,3908.0
006,Kepak,Отруби,Bran,Кепак,2022-08,monthly,2022,2898.0
0008,Shrot,Шрот,Schroth,Шрот,2022-08,monthly,2022,2480.0
009,Shulxa,Шелуха,Husk,Шулха,2022-08,monthly,2022,3454.0
010,Kombikorm,Комбикорм,Compound feed,Комбикорм,2022-08,monthly,2022,2706.0
011,Oliy navli bug'doy uni,Мука пшеничная высшего сорта,High-grade wheat flour,Олий навли буғдой уни,2022-08,monthly,2022,6776.0
0012,1-navli bug'doy uni,Мука пшеничная первого сорта,First grade wheat flour,1-навли буғдой уни,2022-08,monthly,2022,5739.0
013,1-nav bug'doy unidan non,Хлеб пшеничный из муки 1-го сорта,Wheat bread from 1st grade flour,1-нав буғдой унидан нон,2022-08,monthly,2022,4312.0
017,Mol go'shti,Говядина,Beef,Мол гўшти,2022-08,monthly,2022,61983.0
0020,Qo'y go'shti,Баранина,Mutton,Қўй гўшти,2022-08,monthly,2022,73936.0
022,Tovuq go'shti,Мясо птицы,Poultry,Товуқ гўшти,2022-08,monthly,2022,23112.0
026,Turli baliqlar,Рыба всякая,Fish of all kinds,Турли балиқлар,2022-08,monthly,2022,22133.0
027,Yangi sog'ilgan sut (1 litr),Молоко свежее (1 литр),Fresh milk (1 liter),Янги соғилган сут (1 литр),2022-08,monthly,2022,4756.0
034,Tuxum (10 dona),Яйца (10 штук),Eggs (10 pieces ),Тухум (10 дона),2022-08,monthly,2022,9424.0
035,Paxta yog'i (1 litr),Масло хлопковое (1 литр),Cottonseed oil (1 liter),Пахта ёғи (1 литр),2022-08,monthly,2022,17138.0
0036,Kungaboqar yog'i (1 litr),Масло подсолнечное (1 литр),Sunflower oil (1 liter),Кунгабоқар ёғи (1 литр),2022-08,monthly,2022,20652.0
037,Sariyog',Масло сливочное,Butter,Сариёғ,2022-08,monthly,2022,44590.0
039,Limon,Лимоны,Lemons,Лимон,2022-08,monthly,2022,29833.0
0040,Olma,Яблоки,Apples,Олма,2022-08,monthly,2022,8824.0
041,Nok,Груши,Pears,Нок,2022-08,monthly,2022,19774.0
049,Uzum,Виноград,Grape,Узум,2022-08,monthly,2022,7171.0
0050,Tarvuz,Арбуз,Watermelon,Тарвуз,2022-08,monthly,2022,1485.0
0051,Qovun,Дыня,Melon,Қовун,2022-08,monthly,2022,2104.0
053,Mayiz,Кишмиш,Kishmish,Майиз,2022-08,monthly,2022,31701.0
055,Karam,Капуста,Cabbage,Карам,2022-08,monthly,2022,3115.0
057,Bodring,Огурцы,Cucumbers,Бодринг,2022-08,monthly,2022,3541.0
058,Pomidor,Помидоры,Tomatoes,Помидор,2022-08,monthly,2022,3925.0
059,Baqlajon,Баклажаны,Eggplant,Бақлажон,2022-08,monthly,2022,2624.0
0060,Bulg'or qalampiri,Перец болгарский,Bell pepper,Булғор қалампири,2022-08,monthly,2022,5075.0
061,Qovoq,Тыква,Pumpkin,Қовоқ,2022-08,monthly,2022,3479.0
063,Sabzi,Морковь,Carrot,Сабзи,2022-08,monthly,2022,2509.0
065,Sarimsoq,Чеснок,Garlic,Саримсоқ,2022-08,monthly,2022,14636.0
066,Piyoz,Лук репчатый,Onion,Пиёз,2022-08,monthly,2022,3696.0
069,Kartoshka,Картофель,Potatoes,Картошка,2022-08,monthly,2022,3541.0
0070,Loviya,Фасоль,Beans,Ловия,2022-08,monthly,2022,13113.0
071,No'xot,Горох,Peas,Нўхот,2022-08,monthly,2022,15175.0
0072,Mosh,Маш,Mash,Мош,2022-08,monthly,2022,12729.0
073,Shakar,Сахар песок,Sugar,Шакар,2022-08,monthly,2022,12588.0
001,Guruch,Рис,Rice,Гуруч,2022-09,monthly,2022,9943.0
003,Arpa,Ячмень,Barley,Арпа,2022-09,monthly,2022,3732.0
0004,Bug'doy,Пшеница,Wheat,Буғдой,2022-09,monthly,2022,3789.0
005,Jo'hori,Кукуруза,Corn,Жўҳори,2022-09,monthly,2022,3796.0
006,Kepak,Отруби,Bran,Кепак,2022-09,monthly,2022,2931.0
0008,Shrot,Шрот,Schroth,Шрот,2022-09,monthly,2022,2480.0
009,Shulxa,Шелуха,Husk,Шулха,2022-09,monthly,2022,3489.0
010,Kombikorm,Комбикорм,Compound feed,Комбикорм,2022-09,monthly,2022,2706.0
011,Oliy navli bug'doy uni,Мука пшеничная высшего сорта,High-grade wheat flour,Олий навли буғдой уни,2022-09,monthly,2022,6800.0
0012,1-navli bug'doy uni,Мука пшеничная первого сорта,First grade wheat flour,1-навли буғдой уни,2022-09,monthly,2022,5728.0
013,1-nav bug'doy unidan non,Хлеб пшеничный из муки 1-го сорта,Wheat bread from 1st grade flour,1-нав буғдой унидан нон,2022-09,monthly,2022,4387.0
017,Mol go'shti,Говядина,Beef,Мол гўшти,2022-09,monthly,2022,63456.0
0020,Qo'y go'shti,Баранина,Mutton,Қўй гўшти,2022-09,monthly,2022,74971.0
022,Tovuq go'shti,Мясо птицы,Poultry,Товуқ гўшти,2022-09,monthly,2022,23593.0
026,Turli baliqlar,Рыба всякая,Fish of all kinds,Турли балиқлар,2022-09,monthly,2022,21264.0
027,Yangi sog'ilgan sut (1 litr),Молоко свежее (1 литр),Fresh milk (1 liter),Янги соғилган сут (1 литр),2022-09,monthly,2022,4838.0
034,Tuxum (10 dona),Яйца (10 штук),Eggs (10 pieces ),Тухум (10 дона),2022-09,monthly,2022,9884.0
035,Paxta yog'i (1 litr),Масло хлопковое (1 литр),Cottonseed oil (1 liter),Пахта ёғи (1 литр),2022-09,monthly,2022,17203.0
0036,Kungaboqar yog'i (1 litr),Масло подсолнечное (1 литр),Sunflower oil (1 liter),Кунгабоқар ёғи (1 литр),2022-09,monthly,2022,20650.0
037,Sariyog',Масло сливочное,Butter,Сариёғ,2022-09,monthly,2022,44495.0
039,Limon,Лимоны,Lemons,Лимон,2022-09,monthly,2022,27676.0
0040,Olma,Яблоки,Apples,Олма,2022-09,monthly,2022,8390.0
041,Nok,Груши,Pears,Нок,2022-09,monthly,2022,18226.0
049,Uzum,Виноград,Grape,Узум,2022-09,monthly,2022,6468.0
0050,Tarvuz,Арбуз,Watermelon,Тарвуз,2022-09,monthly,2022,1539.0
0051,Qovun,Дыня,Melon,Қовун,2022-09,monthly,2022,2043.0
053,Mayiz,Кишмиш,Kishmish,Майиз,2022-09,monthly,2022,32123.0
055,Karam,Капуста,Cabbage,Карам,2022-09,monthly,2022,2771.0
057,Bodring,Огурцы,Cucumbers,Бодринг,2022-09,monthly,2022,4685.0
058,Pomidor,Помидоры,Tomatoes,Помидор,2022-09,monthly,2022,5708.0
059,Baqlajon,Баклажаны,Eggplant,Бақлажон,2022-09,monthly,2022,2842.0
0060,Bulg'or qalampiri,Перец болгарский,Bell pepper,Булғор қалампири,2022-09,monthly,2022,5397.0
061,Qovoq,Тыква,Pumpkin,Қовоқ,2022-09,monthly,2022,3273.0
063,Sabzi,Морковь,Carrot,Сабзи,2022-09,monthly,2022,2557.0
065,Sarimsoq,Чеснок,Garlic,Саримсоқ,2022-09,monthly,2022,14202.0
066,Piyoz,Лук репчатый,Onion,Пиёз,2022-09,monthly,2022,2864.0
069,Kartoshka,Картофель,Potatoes,Картошка,2022-09,monthly,2022,3414.0
0070,Loviya,Фасоль,Beans,Ловия,2022-09,monthly,2022,13290.0
071,No'xot,Горох,Peas,Нўхот,2022-09,monthly,2022,15248.0
0072,Mosh,Маш,Mash,Мош,2022-09,monthly,2022,12826.0
073,Shakar,Сахар песок,Sugar,Шакар,2022-09,monthly,2022,12977.0
001,Guruch,Рис,Rice,Гуруч,2022-10,monthly,2022,11039.0
003,Arpa,Ячмень,Barley,Арпа,2022-10,monthly,2022,3809.0
0004,Bug'doy,Пшеница,Wheat,Буғдой,2022-10,monthly,2022,3853.0
005,Jo'hori,Кукуруза,Corn,Жўҳори,2022-10,monthly,2022,3708.0
006,Kepak,Отруби,Bran,Кепак,2022-10,monthly,2022,3012.0
0008,Shrot,Шрот,Schroth,Шрот,2022-10,monthly,2022,3640.0
009,Shulxa,Шелуха,Husk,Шулха,2022-10,monthly,2022,3903.0
010,Kombikorm,Комбикорм,Compound feed,Комбикорм,2022-10,monthly,2022,2774.0
011,Oliy navli bug'doy uni,Мука пшеничная высшего сорта,High-grade wheat flour,Олий навли буғдой уни,2022-10,monthly,2022,7486.0
0012,1-navli bug'doy uni,Мука пшеничная первого сорта,First grade wheat flour,1-навли буғдой уни,2022-10,monthly,2022,6247.0
013,1-nav bug'doy unidan non,Хлеб пшеничный из муки 1-го сорта,Wheat bread from 1st grade flour,1-нав буғдой унидан нон,2022-10,monthly,2022,4826.0
017,Mol go'shti,Говядина,Beef,Мол гўшти,2022-10,monthly,2022,67696.0
0020,Qo'y go'shti,Баранина,Mutton,Қўй гўшти,2022-10,monthly,2022,78687.0
022,Tovuq go'shti,Мясо птицы,Poultry,Товуқ гўшти,2022-10,monthly,2022,25756.0
026,Turli baliqlar,Рыба всякая,Fish of all kinds,Турли балиқлар,2022-10,monthly,2022,25600.0
027,Yangi sog'ilgan sut (1 litr),Молоко свежее (1 литр),Fresh milk (1 liter),Янги соғилган сут (1 литр),2022-10,monthly,2022,5139.0
034,Tuxum (10 dona),Яйца (10 штук),Eggs (10 pieces ),Тухум (10 дона),2022-10,monthly,2022,11665.0
035,Paxta yog'i (1 litr),Масло хлопковое (1 литр),Cottonseed oil (1 liter),Пахта ёғи (1 литр),2022-10,monthly,2022,18094.0
0036,Kungaboqar yog'i (1 litr),Масло подсолнечное (1 литр),Sunflower oil (1 liter),Кунгабоқар ёғи (1 литр),2022-10,monthly,2022,20698.0
037,Sariyog',Масло сливочное,Butter,Сариёғ,2022-10,monthly,2022,44556.0
039,Limon,Лимоны,Lemons,Лимон,2022-10,monthly,2022,22006.0
0040,Olma,Яблоки,Apples,Олма,2022-10,monthly,2022,8020.0
041,Nok,Груши,Pears,Нок,2022-10,monthly,2022,16828.0
049,Uzum,Виноград,Grape,Узум,2022-10,monthly,2022,7148.0
0050,Tarvuz,Арбуз,Watermelon,Тарвуз,2022-10,monthly,2022,1730.0
0051,Qovun,Дыня,Melon,Қовун,2022-10,monthly,2022,2204.0
053,Mayiz,Кишмиш,Kishmish,Майиз,2022-10,monthly,2022,32400.0
055,Karam,Капуста,Cabbage,Карам,2022-10,monthly,2022,2389.0
057,Bodring,Огурцы,Cucumbers,Бодринг,2022-10,monthly,2022,6743.0
058,Pomidor,Помидоры,Tomatoes,Помидор,2022-10,monthly,2022,7830.0
059,Baqlajon,Баклажаны,Eggplant,Бақлажон,2022-10,monthly,2022,3474.0
0060,Bulg'or qalampiri,Перец болгарский,Bell pepper,Булғор қалампири,2022-10,monthly,2022,6228.0
061,Qovoq,Тыква,Pumpkin,Қовоқ,2022-10,monthly,2022,2648.0
063,Sabzi,Морковь,Carrot,Сабзи,2022-10,monthly,2022,2680.0
065,Sarimsoq,Чеснок,Garlic,Саримсоқ,2022-10,monthly,2022,13463.0
066,Piyoz,Лук репчатый,Onion,Пиёз,2022-10,monthly,2022,2586.0
069,Kartoshka,Картофель,Potatoes,Картошка,2022-10,monthly,2022,3659.0
0070,Loviya,Фасоль,Beans,Ловия,2022-10,monthly,2022,13707.0
071,No'xot,Горох,Peas,Нўхот,2022-10,monthly,2022,16264.0
0072,Mosh,Маш,Mash,Мош,2022-10,monthly,2022,13274.0
073,Shakar,Сахар песок,Sugar,Шакар,2022-10,monthly,2022,13424.0
001,Guruch,Рис,Rice,Гуруч,2022-11,monthly,2022,11477.0
003,Arpa,Ячмень,Barley,Арпа,2022-11,monthly,2022,3919.0
0004,Bug'doy,Пшеница,Wheat,Буғдой,2022-11,monthly,2022,3953.0
005,Jo'hori,Кукуруза,Corn,Жўҳори,2022-11,monthly,2022,3769.0
006,Kepak,Отруби,Bran,Кепак,2022-11,monthly,2022,3074.0
0008,Shrot,Шрот,Schroth,Шрот,2022-11,monthly,2022,3725.0
009,Shulxa,Шелуха,Husk,Шулха,2022-11,monthly,2022,3957.0
010,Kombikorm,Комбикорм,Compound feed,Комбикорм,2022-11,monthly,2022,2837.0
011,Oliy navli bug'doy uni,Мука пшеничная высшего сорта,High-grade wheat flour,Олий навли буғдой уни,2022-11,monthly,2022,7892.0
0012,1-navli bug'doy uni,Мука пшеничная первого сорта,First grade wheat flour,1-навли буғдой уни,2022-11,monthly,2022,6545.0
013,1-nav bug'doy unidan non,Хлеб пшеничный из муки 1-го сорта,Wheat bread from 1st grade flour,1-нав буғдой унидан нон,2022-11,monthly,2022,5282.0
017,Mol go'shti,Говядина,Beef,Мол гўшти,2022-11,monthly,2022,69867.0
0020,Qo'y go'shti,Баранина,Mutton,Қўй гўшти,2022-11,monthly,2022,81172.0
022,Tovuq go'shti,Мясо птицы,Poultry,Товуқ гўшти,2022-11,monthly,2022,26934.0
026,Turli baliqlar,Рыба всякая,Fish of all kinds,Турли балиқлар,2022-11,monthly,2022,25483.0
027,Yangi sog'ilgan sut (1 litr),Молоко свежее (1 литр),Fresh milk (1 liter),Янги соғилган сут (1 литр),2022-11,monthly,2022,5312.0
034,Tuxum (10 dona),Яйца (10 штук),Eggs (10 pieces ),Тухум (10 дона),2022-11,monthly,2022,13318.0
035,Paxta yog'i (1 litr),Масло хлопковое (1 литр),Cottonseed oil (1 liter),Пахта ёғи (1 литр),2022-11,monthly,2022,18251.0
0036,Kungaboqar yog'i (1 litr),Масло подсолнечное (1 литр),Sunflower oil (1 liter),Кунгабоқар ёғи (1 литр),2022-11,monthly,2022,20845.0
037,Sariyog',Масло сливочное,Butter,Сариёғ,2022-11,monthly,2022,45596.0
039,Limon,Лимоны,Lemons,Лимон,2022-11,monthly,2022,17249.0
0040,Olma,Яблоки,Apples,Олма,2022-11,monthly,2022,8066.0
041,Nok,Груши,Pears,Нок,2022-11,monthly,2022,16617.0
049,Uzum,Виноград,Grape,Узум,2022-11,monthly,2022,8293.0
0050,Tarvuz,Арбуз,Watermelon,Тарвуз,2022-11,monthly,2022,2118.0
0051,Qovun,Дыня,Melon,Қовун,2022-11,monthly,2022,2777.0
053,Mayiz,Кишмиш,Kishmish,Майиз,2022-11,monthly,2022,32717.0
055,Karam,Капуста,Cabbage,Карам,2022-11,monthly,2022,2145.0
057,Bodring,Огурцы,Cucumbers,Бодринг,2022-11,monthly,2022,13048.0
058,Pomidor,Помидоры,Tomatoes,Помидор,2022-11,monthly,2022,10354.0
059,Baqlajon,Баклажаны,Eggplant,Бақлажон,2022-11,monthly,2022,4579.0
0060,Bulg'or qalampiri,Перец болгарский,Bell pepper,Булғор қалампири,2022-11,monthly,2022,8037.0
061,Qovoq,Тыква,Pumpkin,Қовоқ,2022-11,monthly,2022,2526.0
063,Sabzi,Морковь,Carrot,Сабзи,2022-11,monthly,2022,2848.0
065,Sarimsoq,Чеснок,Garlic,Саримсоқ,2022-11,monthly,2022,13010.0
066,Piyoz,Лук репчатый,Onion,Пиёз,2022-11,monthly,2022,3383.0
069,Kartoshka,Картофель,Potatoes,Картошка,2022-11,monthly,2022,3863.0
0070,Loviya,Фасоль,Beans,Ловия,2022-11,monthly,2022,14157.0
071,No'xot,Горох,Peas,Нўхот,2022-11,monthly,2022,17644.0
0072,Mosh,Маш,Mash,Мош,2022-11,monthly,2022,12924.0
073,Shakar,Сахар песок,Sugar,Шакар,2022-11,monthly,2022,13194.0
001,Guruch,Рис,Rice,Гуруч,2022-12,monthly,2022,11934.0
003,Arpa,Ячмень,Barley,Арпа,2022-12,monthly,2022,4012.0
0004,Bug'doy,Пшеница,Wheat,Буғдой,2022-12,monthly,2022,3988.0
005,Jo'hori,Кукуруза,Corn,Жўҳори,2022-12,monthly,2022,3792.0
006,Kepak,Отруби,Bran,Кепак,2022-12,monthly,2022,3090.0
0008,Shrot,Шрот,Schroth,Шрот,2022-12,monthly,2022,3540.0
009,Shulxa,Шелуха,Husk,Шулха,2022-12,monthly,2022,3709.0
010,Kombikorm,Комбикорм,Compound feed,Комбикорм,2022-12,monthly,2022,2853.0
011,Oliy navli bug'doy uni,Мука пшеничная высшего сорта,High-grade wheat flour,Олий навли буғдой уни,2022-12,monthly,2022,8016.0
0012,1-navli bug'doy uni,Мука пшеничная первого сорта,First grade wheat flour,1-навли буғдой уни,2022-12,monthly,2022,6539.0
013,1-nav bug'doy unidan non,Хлеб пшеничный из муки 1-го сорта,Wheat bread from 1st grade flour,1-нав буғдой унидан нон,2022-12,monthly,2022,5599.0
017,Mol go'shti,Говядина,Beef,Мол гўшти,2022-12,monthly,2022,70196.0
0020,Qo'y go'shti,Баранина,Mutton,Қўй гўшти,2022-12,monthly,2022,81925.0
022,Tovuq go'shti,Мясо птицы,Poultry,Товуқ гўшти,2022-12,monthly,2022,27075.0
026,Turli baliqlar,Рыба всякая,Fish of all kinds,Турли балиқлар,2022-12,monthly,2022,26416.0
027,Yangi sog'ilgan sut (1 litr),Молоко свежее (1 литр),Fresh milk (1 liter),Янги соғилган сут (1 литр),2022-12,monthly,2022,5387.0
034,Tuxum (10 dona),Яйца (10 штук),Eggs (10 pieces ),Тухум (10 дона),2022-12,monthly,2022,13793.0
035,Paxta yog'i (1 litr),Масло хлопковое (1 литр),Cottonseed oil (1 liter),Пахта ёғи (1 литр),2022-12,monthly,2022,17946.0
0036,Kungaboqar yog'i (1 litr),Масло подсолнечное (1 литр),Sunflower oil (1 liter),Кунгабоқар ёғи (1 литр),2022-12,monthly,2022,20564.0
037,Sariyog',Масло сливочное,Butter,Сариёғ,2022-12,monthly,2022,46591.0
039,Limon,Лимоны,Lemons,Лимон,2022-12,monthly,2022,13141.0
0040,Olma,Яблоки,Apples,Олма,2022-12,monthly,2022,8416.0
041,Nok,Груши,Pears,Нок,2022-12,monthly,2022,17673.0
049,Uzum,Виноград,Grape,Узум,2022-12,monthly,2022,12943.0
0050,Tarvuz,Арбуз,Watermelon,Тарвуз,2022-12,monthly,2022,1802.0
0051,Qovun,Дыня,Melon,Қовун,2022-12,monthly,2022,3121.0
053,Mayiz,Кишмиш,Kishmish,Майиз,2022-12,monthly,2022,32781.0
055,Karam,Капуста,Cabbage,Карам,2022-12,monthly,2022,2230.0
057,Bodring,Огурцы,Cucumbers,Бодринг,2022-12,monthly,2022,18591.0
058,Pomidor,Помидоры,Tomatoes,Помидор,2022-12,monthly,2022,13061.0
059,Baqlajon,Баклажаны,Eggplant,Бақлажон,2022-12,monthly,2022,7029.0
0060,Bulg'or qalampiri,Перец болгарский,Bell pepper,Булғор қалампири,2022-12,monthly,2022,10981.0
061,Qovoq,Тыква,Pumpkin,Қовоқ,2022-12,monthly,2022,2667.0
063,Sabzi,Морковь,Carrot,Сабзи,2022-12,monthly,2022,2757.0
065,Sarimsoq,Чеснок,Garlic,Саримсоқ,2022-12,monthly,2022,13488.0
066,Piyoz,Лук репчатый,Onion,Пиёз,2022-12,monthly,2022,4244.0
069,Kartoshka,Картофель,Potatoes,Картошка,2022-12,monthly,2022,4117.0
0070,Loviya,Фасоль,Beans,Ловия,2022-12,monthly,2022,14352.0
071,No'xot,Горох,Peas,Нўхот,2022-12,monthly,2022,18054.0
0072,Mosh,Маш,Mash,Мош,2022-12,monthly,2022,13254.0
073,Shakar,Сахар песок,Sugar,Шакар,2022-12,monthly,2022,12651.0
001,Guruch,Рис,Rice,Гуруч,2023-01,monthly,2023,12980.0
003,Arpa,Ячмень,Barley,Арпа,2023-01,monthly,2023,4085.0
0004,Bug'doy,Пшеница,Wheat,Буғдой,2023-01,monthly,2023,4141.0
005,Jo'hori,Кукуруза,Corn,Жўҳори,2023-01,monthly,2023,3792.0
006,Kepak,Отруби,Bran,Кепак,2023-01,monthly,2023,2915.0
0008,Shrot,Шрот,Schroth,Шрот,2023-01,monthly,2023,3933.0
009,Shulxa,Шелуха,Husk,Шулха,2023-01,monthly,2023,3844.0
011,Oliy navli bug'doy uni,Мука пшеничная высшего сорта,High-grade wheat flour,Олий навли буғдой уни,2023-01,monthly,2023,8643.0
0012,1-navli bug'doy uni,Мука пшеничная первого сорта,First grade wheat flour,1-навли буғдой уни,2023-01,monthly,2023,7184.0
013,1-nav bug'doy unidan non,Хлеб пшеничный из муки 1-го сорта,Wheat bread from 1st grade flour,1-нав буғдой унидан нон,2023-01,monthly,2023,5616.0
017,Mol go'shti,Говядина,Beef,Мол гўшти,2023-01,monthly,2023,72054.0
0020,Qo'y go'shti,Баранина,Mutton,Қўй гўшти,2023-01,monthly,2023,81390.0
022,Tovuq go'shti,Мясо птицы,Poultry,Товуқ гўшти,2023-01,monthly,2023,27864.0
026,Turli baliqlar,Рыба всякая,Fish of all kinds,Турли балиқлар,2023-01,monthly,2023,27491.0
027,Yangi sog'ilgan sut (1 litr),Молоко свежее (1 литр),Fresh milk (1 liter),Янги соғилган сут (1 литр),2023-01,monthly,2023,5469.0
034,Tuxum (10 dona),Яйца (10 штук),Eggs (10 pieces ),Тухум (10 дона),2023-01,monthly,2023,13901.0
035,Paxta yog'i (1 litr),Масло хлопковое (1 литр),Cottonseed oil (1 liter),Пахта ёғи (1 литр),2023-01,monthly,2023,17432.0
0036,Kungaboqar yog'i (1 litr),Масло подсолнечное (1 литр),Sunflower oil (1 liter),Кунгабоқар ёғи (1 литр),2023-01,monthly,2023,20567.0
037,Sariyog',Масло сливочное,Butter,Сариёғ,2023-01,monthly,2023,63985.0
039,Limon,Лимоны,Lemons,Лимон,2023-01,monthly,2023,11733.0
0040,Olma,Яблоки,Apples,Олма,2023-01,monthly,2023,9543.0
041,Nok,Груши,Pears,Нок,2023-01,monthly,2023,19642.0
049,Uzum,Виноград,Grape,Узум,2023-01,monthly,2023,18395.0
0050,Tarvuz,Арбуз,Watermelon,Тарвуз,2023-01,monthly,2023,2275.0
0051,Qovun,Дыня,Melon,Қовун,2023-01,monthly,2023,3081.0
053,Mayiz,Кишмиш,Kishmish,Майиз,2023-01,monthly,2023,35785.0
055,Karam,Капуста,Cabbage,Карам,2023-01,monthly,2023,2702.0
057,Bodring,Огурцы,Cucumbers,Бодринг,2023-01,monthly,2023,23112.0
058,Pomidor,Помидоры,Tomatoes,Помидор,2023-01,monthly,2023,18764.0
059,Baqlajon,Баклажаны,Eggplant,Бақлажон,2023-01,monthly,2023,8292.0
0060,Bulg'or qalampiri,Перец болгарский,Bell pepper,Булғор қалампири,2023-01,monthly,2023,18579.0
061,Qovoq,Тыква,Pumpkin,Қовоқ,2023-01,monthly,2023,2774.0
063,Sabzi,Морковь,Carrot,Сабзи,2023-01,monthly,2023,2926.0
065,Sarimsoq,Чеснок,Garlic,Саримсоқ,2023-01,monthly,2023,16314.0
066,Piyoz,Лук репчатый,Onion,Пиёз,2023-01,monthly,2023,5626.0
069,Kartoshka,Картофель,Potatoes,Картошка,2023-01,monthly,2023,4526.0
0070,Loviya,Фасоль,Beans,Ловия,2023-01,monthly,2023,14585.0
071,No'xot,Горох,Peas,Нўхот,2023-01,monthly,2023,17593.0
0072,Mosh,Маш,Mash,Мош,2023-01,monthly,2023,12923.0
073,Shakar,Сахар песок,Sugar,Шакар,2023-01,monthly,2023,12461.0
001,Guruch,Рис,Rice,Гуруч,2023-02,monthly,2023,14529.0
003,Arpa,Ячмень,Barley,Арпа,2023-02,monthly,2023,4120.0
0004,Bug'doy,Пшеница,Wheat,Буғдой,2023-02,monthly,2023,3970.0
005,Jo'hori,Кукуруза,Corn,Жўҳори,2023-02,monthly,2023,3807.0
006,Kepak,Отруби,Bran,Кепак,2023-02,monthly,2023,2916.0
0008,Shrot,Шрот,Schroth,Шрот,2023-02,monthly,2023,3933.0
009,Shulxa,Шелуха,Husk,Шулха,2023-02,monthly,2023,3858.0
011,Oliy navli bug'doy uni,Мука пшеничная высшего сорта,High-grade wheat flour,Олий навли буғдой уни,2023-02,monthly,2023,8654.0
0012,1-navli bug'doy uni,Мука пшеничная первого сорта,First grade wheat flour,1-навли буғдой уни,2023-02,monthly,2023,6817.0
013,1-nav bug'doy unidan non,Хлеб пшеничный из муки 1-го сорта,Wheat bread from 1st grade flour,1-нав буғдой унидан нон,2023-02,monthly,2023,5566.0
017,Mol go'shti,Говядина,Beef,Мол гўшти,2023-02,monthly,2023,72913.0
0020,Qo'y go'shti,Баранина,Mutton,Қўй гўшти,2023-02,monthly,2023,82935.0
022,Tovuq go'shti,Мясо птицы,Poultry,Товуқ гўшти,2023-02,monthly,2023,28432.0
026,Turli baliqlar,Рыба всякая,Fish of all kinds,Турли балиқлар,2023-02,monthly,2023,29525.0
027,Yangi sog'ilgan sut (1 litr),Молоко свежее (1 литр),Fresh milk (1 liter),Янги соғилган сут (1 литр),2023-02,monthly,2023,5862.0
034,Tuxum (10 dona),Яйца (10 штук),Eggs (10 pieces ),Тухум (10 дона),2023-02,monthly,2023,13436.0
035,Paxta yog'i (1 litr),Масло хлопковое (1 литр),Cottonseed oil (1 liter),Пахта ёғи (1 литр),2023-02,monthly,2023,17359.0
0036,Kungaboqar yog'i (1 litr),Масло подсолнечное (1 литр),Sunflower oil (1 liter),Кунгабоқар ёғи (1 литр),2023-02,monthly,2023,20506.0
037,Sariyog',Масло сливочное,Butter,Сариёғ,2023-02,monthly,2023,64677.0
039,Limon,Лимоны,Lemons,Лимон,2023-02,monthly,2023,13334.0
0040,Olma,Яблоки,Apples,Олма,2023-02,monthly,2023,9523.0
041,Nok,Груши,Pears,Нок,2023-02,monthly,2023,21341.0
049,Uzum,Виноград,Grape,Узум,2023-02,monthly,2023,20778.0
0050,Tarvuz,Арбуз,Watermelon,Тарвуз,2023-02,monthly,2023,2568.0
0051,Qovun,Дыня,Melon,Қовун,2023-02,monthly,2023,2833.0
053,Mayiz,Кишмиш,Kishmish,Майиз,2023-02,monthly,2023,36811.0
055,Karam,Капуста,Cabbage,Карам,2023-02,monthly,2023,2540.0
057,Bodring,Огурцы,Cucumbers,Бодринг,2023-02,monthly,2023,22415.0
058,Pomidor,Помидоры,Tomatoes,Помидор,2023-02,monthly,2023,18744.0
059,Baqlajon,Баклажаны,Eggplant,Бақлажон,2023-02,monthly,2023,14104.0
0060,Bulg'or qalampiri,Перец болгарский,Bell pepper,Булғор қалампири,2023-02,monthly,2023,28301.0
061,Qovoq,Тыква,Pumpkin,Қовоқ,2023-02,monthly,2023,3304.0
063,Sabzi,Морковь,Carrot,Сабзи,2023-02,monthly,2023,3404.0
065,Sarimsoq,Чеснок,Garlic,Саримсоқ,2023-02,monthly,2023,17538.0
066,Piyoz,Лук репчатый,Onion,Пиёз,2023-02,monthly,2023,7450.0
069,Kartoshka,Картофель,Potatoes,Картошка,2023-02,monthly,2023,4611.0
0070,Loviya,Фасоль,Beans,Ловия,2023-02,monthly,2023,14788.0
071,No'xot,Горох,Peas,Нўхот,2023-02,monthly,2023,17282.0
0072,Mosh,Маш,Mash,Мош,2023-02,monthly,2023,12890.0
073,Shakar,Сахар песок,Sugar,Шакар,2023-02,monthly,2023,12613.0
001,Guruch,Рис,Rice,Гуруч,2023-03,monthly,2023,15480.0
003,Arpa,Ячмень,Barley,Арпа,2023-03,monthly,2023,4016.0
0004,Bug'doy,Пшеница,Wheat,Буғдой,2023-03,monthly,2023,3934.0
005,Jo'hori,Кукуруза,Corn,Жўҳори,2023-03,monthly,2023,3861.0
006,Kepak,Отруби,Bran,Кепак,2023-03,monthly,2023,2948.0
0008,Shrot,Шрот,Schroth,Шрот,2023-03,monthly,2023,4147.0
009,Shulxa,Шелуха,Husk,Шулха,2023-03,monthly,2023,3925.0
011,Oliy navli bug'doy uni,Мука пшеничная высшего сорта,High-grade wheat flour,Олий навли буғдой уни,2023-03,monthly,2023,8566.0
0012,1-navli bug'doy uni,Мука пшеничная первого сорта,First grade wheat flour,1-навли буғдой уни,2023-03,monthly,2023,6480.0
013,1-nav bug'doy unidan non,Хлеб пшеничный из муки 1-го сорта,Wheat bread from 1st grade flour,1-нав буғдой унидан нон,2023-03,monthly,2023,5619.0
017,Mol go'shti,Говядина,Beef,Мол гўшти,2023-03,monthly,2023,72908.0
0020,Qo'y go'shti,Баранина,Mutton,Қўй гўшти,2023-03,monthly,2023,82942.0
022,Tovuq go'shti,Мясо птицы,Poultry,Товуқ гўшти,2023-03,monthly,2023,28656.0
026,Turli baliqlar,Рыба всякая,Fish of all kinds,Турли балиқлар,2023-03,monthly,2023,28976.0
027,Yangi sog'ilgan sut (1 litr),Молоко свежее (1 литр),Fresh milk (1 liter),Янги соғилган сут (1 литр),2023-03,monthly,2023,6101.0
034,Tuxum (10 dona),Яйца (10 штук),Eggs (10 pieces ),Тухум (10 дона),2023-03,monthly,2023,12794.0
035,Paxta yog'i (1 litr),Масло хлопковое (1 литр),Cottonseed oil (1 liter),Пахта ёғи (1 литр),2023-03,monthly,2023,17142.0
0036,Kungaboqar yog'i (1 litr),Масло подсолнечное (1 литр),Sunflower oil (1 liter),Кунгабоқар ёғи (1 литр),2023-03,monthly,2023,19857.0
037,Sariyog',Масло сливочное,Butter,Сариёғ,2023-03,monthly,2023,64794.0
039,Limon,Лимоны,Lemons,Лимон,2023-03,monthly,2023,13953.0
0040,Olma,Яблоки,Apples,Олма,2023-03,monthly,2023,8920.0
041,Nok,Груши,Pears,Нок,2023-03,monthly,2023,23953.0
049,Uzum,Виноград,Grape,Узум,2023-03,monthly,2023,23964.0
053,Mayiz,Кишмиш,Kishmish,Майиз,2023-03,monthly,2023,36891.0
055,Karam,Капуста,Cabbage,Карам,2023-03,monthly,2023,2592.0
057,Bodring,Огурцы,Cucumbers,Бодринг,2023-03,monthly,2023,18330.0
058,Pomidor,Помидоры,Tomatoes,Помидор,2023-03,monthly,2023,24413.0
059,Baqlajon,Баклажаны,Eggplant,Бақлажон,2023-03,monthly,2023,21167.0
0060,Bulg'or qalampiri,Перец болгарский,Bell pepper,Булғор қалампири,2023-03,monthly,2023,36595.0
061,Qovoq,Тыква,Pumpkin,Қовоқ,2023-03,monthly,2023,4673.0
063,Sabzi,Морковь,Carrot,Сабзи,2023-03,monthly,2023,2732.0
065,Sarimsoq,Чеснок,Garlic,Саримсоқ,2023-03,monthly,2023,16561.0
066,Piyoz,Лук репчатый,Onion,Пиёз,2023-03,monthly,2023,5714.0
069,Kartoshka,Картофель,Potatoes,Картошка,2023-03,monthly,2023,4280.0
0070,Loviya,Фасоль,Beans,Ловия,2023-03,monthly,2023,15718.0
071,No'xot,Горох,Peas,Нўхот,2023-03,monthly,2023,17327.0
0072,Mosh,Маш,Mash,Мош,2023-03,monthly,2023,13057.0
073,Shakar,Сахар песок,Sugar,Шакар,2023-03,monthly,2023,13394.0
001,Guruch,Рис,Rice,Гуруч,2023-04,monthly,2023,16070.0
003,Arpa,Ячмень,Barley,Арпа,2023-04,monthly,2023,3983.0
0004,Bug'doy,Пшеница,Wheat,Буғдой,2023-04,monthly,2023,3878.0
005,Jo'hori,Кукуруза,Corn,Жўҳори,2023-04,monthly,2023,5097.0
006,Kepak,Отруби,Bran,Кепак,2023-04,monthly,2023,2984.0
0008,Shrot,Шрот,Schroth,Шрот,2023-04,monthly,2023,4625.0
009,Shulxa,Шелуха,Husk,Шулха,2023-04,monthly,2023,4019.0
010,Kombikorm,Комбикорм,Compound feed,Комбикорм,2023-04,monthly,2023,3133.0
011,Oliy navli bug'doy uni,Мука пшеничная высшего сорта,High-grade wheat flour,Олий навли буғдой уни,2023-04,monthly,2023,7404.0
0012,1-navli bug'doy uni,Мука пшеничная первого сорта,First grade wheat flour,1-навли буғдой уни,2023-04,monthly,2023,5655.0
013,1-nav bug'doy unidan non,Хлеб пшеничный из муки 1-го сорта,Wheat bread from 1st grade flour,1-нав буғдой унидан нон,2023-04,monthly,2023,5656.0
017,Mol go'shti,Говядина,Beef,Мол гўшти,2023-04,monthly,2023,72736.0
0020,Qo'y go'shti,Баранина,Mutton,Қўй гўшти,2023-04,monthly,2023,83422.0
022,Tovuq go'shti,Мясо птицы,Poultry,Товуқ гўшти,2023-04,monthly,2023,28952.0
026,Turli baliqlar,Рыба всякая,Fish of all kinds,Турли балиқлар,2023-04,monthly,2023,29935.0
027,Yangi sog'ilgan sut (1 litr),Молоко свежее (1 литр),Fresh milk (1 liter),Янги соғилган сут (1 литр),2023-04,monthly,2023,6174.0
034,Tuxum (10 dona),Яйца (10 штук),Eggs (10 pieces ),Тухум (10 дона),2023-04,monthly,2023,12711.0
035,Paxta yog'i (1 litr),Масло хлопковое (1 литр),Cottonseed oil (1 liter),Пахта ёғи (1 литр),2023-04,monthly,2023,16130.0
0036,Kungaboqar yog'i (1 litr),Масло подсолнечное (1 литр),Sunflower oil (1 liter),Кунгабоқар ёғи (1 литр),2023-04,monthly,2023,18321.0
037,Sariyog',Масло сливочное,Butter,Сариёғ,2023-04,monthly,2023,65877.0
039,Limon,Лимоны,Lemons,Лимон,2023-04,monthly,2023,15537.0
0040,Olma,Яблоки,Apples,Олма,2023-04,monthly,2023,8700.0
041,Nok,Груши,Pears,Нок,2023-04,monthly,2023,27639.0
049,Uzum,Виноград,Grape,Узум,2023-04,monthly,2023,26402.0
053,Mayiz,Кишмиш,Kishmish,Майиз,2023-04,monthly,2023,37069.0
055,Karam,Капуста,Cabbage,Карам,2023-04,monthly,2023,4180.0
057,Bodring,Огурцы,Cucumbers,Бодринг,2023-04,monthly,2023,11467.0
058,Pomidor,Помидоры,Tomatoes,Помидор,2023-04,monthly,2023,29600.0
059,Baqlajon,Баклажаны,Eggplant,Бақлажон,2023-04,monthly,2023,26067.0
0060,Bulg'or qalampiri,Перец болгарский,Bell pepper,Булғор қалампири,2023-04,monthly,2023,40994.0
061,Qovoq,Тыква,Pumpkin,Қовоқ,2023-04,monthly,2023,6000.0
063,Sabzi,Морковь,Carrot,Сабзи,2023-04,monthly,2023,3125.0
065,Sarimsoq,Чеснок,Garlic,Саримсоқ,2023-04,monthly,2023,16783.0
066,Piyoz,Лук репчатый,Onion,Пиёз,2023-04,monthly,2023,5335.0
069,Kartoshka,Картофель,Potatoes,Картошка,2023-04,monthly,2023,4116.0
0070,Loviya,Фасоль,Beans,Ловия,2023-04,monthly,2023,17506.0
071,No'xot,Горох,Peas,Нўхот,2023-04,monthly,2023,18261.0
0072,Mosh,Маш,Mash,Мош,2023-04,monthly,2023,13232.0
073,Shakar,Сахар песок,Sugar,Шакар,2023-04,monthly,2023,14530.0
001,Guruch,Рис,Rice,Гуруч,2023-05,monthly,2023,16870.0
003,Arpa,Ячмень,Barley,Арпа,2023-05,monthly,2023,3980.0
0004,Bug'doy,Пшеница,Wheat,Буғдой,2023-05,monthly,2023,3860.0
005,Jo'hori,Кукуруза,Corn,Жўҳори,2023-05,monthly,2023,5141.0
006,Kepak,Отруби,Bran,Кепак,2023-05,monthly,2023,3032.0
0008,Shrot,Шрот,Schroth,Шрот,2023-05,monthly,2023,4700.0
009,Shulxa,Шелуха,Husk,Шулха,2023-05,monthly,2023,4029.0
010,Kombikorm,Комбикорм,Compound feed,Комбикорм,2023-05,monthly,2023,3133.0
011,Oliy navli bug'doy uni,Мука пшеничная высшего сорта,High-grade wheat flour,Олий навли буғдой уни,2023-05,monthly,2023,7258.0
0012,1-navli bug'doy uni,Мука пшеничная первого сорта,First grade wheat flour,1-навли буғдой уни,2023-05,monthly,2023,5463.0
013,1-nav bug'doy unidan non,Хлеб пшеничный из муки 1-го сорта,Wheat bread from 1st grade flour,1-нав буғдой унидан нон,2023-05,monthly,2023,5642.0
017,Mol go'shti,Говядина,Beef,Мол гўшти,2023-05,monthly,2023,73059.0
0020,Qo'y go'shti,Баранина,Mutton,Қўй гўшти,2023-05,monthly,2023,84642.0
022,Tovuq go'shti,Мясо птицы,Poultry,Товуқ гўшти,2023-05,monthly,2023,28908.0
026,Turli baliqlar,Рыба всякая,Fish of all kinds,Турли балиқлар,2023-05,monthly,2023,30518.0
027,Yangi sog'ilgan sut (1 litr),Молоко свежее (1 литр),Fresh milk (1 liter),Янги соғилган сут (1 литр),2023-05,monthly,2023,6088.0
034,Tuxum (10 dona),Яйца (10 штук),Eggs (10 pieces ),Тухум (10 дона),2023-05,monthly,2023,12637.0
035,Paxta yog'i (1 litr),Масло хлопковое (1 литр),Cottonseed oil (1 liter),Пахта ёғи (1 литр),2023-05,monthly,2023,15610.0
0036,Kungaboqar yog'i (1 litr),Масло подсолнечное (1 литр),Sunflower oil (1 liter),Кунгабоқар ёғи (1 литр),2023-05,monthly,2023,17177.0
037,Sariyog',Масло сливочное,Butter,Сариёғ,2023-05,monthly,2023,66037.0
039,Limon,Лимоны,Lemons,Лимон,2023-05,monthly,2023,23316.0
0040,Olma,Яблоки,Apples,Олма,2023-05,monthly,2023,10025.0
041,Nok,Груши,Pears,Нок,2023-05,monthly,2023,31299.0
0050,Tarvuz,Арбуз,Watermelon,Тарвуз,2023-05,monthly,2023,5812.0
0051,Qovun,Дыня,Melon,Қовун,2023-05,monthly,2023,7392.0
053,Mayiz,Кишмиш,Kishmish,Майиз,2023-05,monthly,2023,37161.0
055,Karam,Капуста,Cabbage,Карам,2023-05,monthly,2023,4882.0
057,Bodring,Огурцы,Cucumbers,Бодринг,2023-05,monthly,2023,4299.0
058,Pomidor,Помидоры,Tomatoes,Помидор,2023-05,monthly,2023,13666.0
059,Baqlajon,Баклажаны,Eggplant,Бақлажон,2023-05,monthly,2023,14334.0
0060,Bulg'or qalampiri,Перец болгарский,Bell pepper,Булғор қалампири,2023-05,monthly,2023,16440.0
063,Sabzi,Морковь,Carrot,Сабзи,2023-05,monthly,2023,3360.0
065,Sarimsoq,Чеснок,Garlic,Саримсоқ,2023-05,monthly,2023,17312.0
066,Piyoz,Лук репчатый,Onion,Пиёз,2023-05,monthly,2023,4215.0
069,Kartoshka,Картофель,Potatoes,Картошка,2023-05,monthly,2023,4220.0
0070,Loviya,Фасоль,Beans,Ловия,2023-05,monthly,2023,18083.0
071,No'xot,Горох,Peas,Нўхот,2023-05,monthly,2023,18292.0
0072,Mosh,Маш,Mash,Мош,2023-05,monthly,2023,13401.0
073,Shakar,Сахар песок,Sugar,Шакар,2023-05,monthly,2023,14679.0
001,Guruch,Рис,Rice,Гуруч,2023-06,monthly,2023,17370.0
003,Arpa,Ячмень,Barley,Арпа,2023-06,monthly,2023,3980.0
0004,Bug'doy,Пшеница,Wheat,Буғдой,2023-06,monthly,2023,3825.0
005,Jo'hori,Кукуруза,Corn,Жўҳори,2023-06,monthly,2023,4093.0
006,Kepak,Отруби,Bran,Кепак,2023-06,monthly,2023,3075.0
0008,Shrot,Шрот,Schroth,Шрот,2023-06,monthly,2023,4700.0
009,Shulxa,Шелуха,Husk,Шулха,2023-06,monthly,2023,4075.0
010,Kombikorm,Комбикорм,Compound feed,Комбикорм,2023-06,monthly,2023,3133.0
011,Oliy navli bug'doy uni,Мука пшеничная высшего сорта,High-grade wheat flour,Олий навли буғдой уни,2023-06,monthly,2023,7307.0
0012,1-navli bug'doy uni,Мука пшеничная первого сорта,First grade wheat flour,1-навли буғдой уни,2023-06,monthly,2023,5418.0
013,1-nav bug'doy unidan non,Хлеб пшеничный из муки 1-го сорта,Wheat bread from 1st grade flour,1-нав буғдой унидан нон,2023-06,monthly,2023,5632.0
017,Mol go'shti,Говядина,Beef,Мол гўшти,2023-06,monthly,2023,73625.0
0020,Qo'y go'shti,Баранина,Mutton,Қўй гўшти,2023-06,monthly,2023,84878.0
022,Tovuq go'shti,Мясо птицы,Poultry,Товуқ гўшти,2023-06,monthly,2023,28947.0
026,Turli baliqlar,Рыба всякая,Fish of all kinds,Турли балиқлар,2023-06,monthly,2023,30270.0
027,Yangi sog'ilgan sut (1 litr),Молоко свежее (1 литр),Fresh milk (1 liter),Янги соғилган сут (1 литр),2023-06,monthly,2023,6079.0
034,Tuxum (10 dona),Яйца (10 штук),Eggs (10 pieces ),Тухум (10 дона),2023-06,monthly,2023,11812.0
035,Paxta yog'i (1 litr),Масло хлопковое (1 литр),Cottonseed oil (1 liter),Пахта ёғи (1 литр),2023-06,monthly,2023,15439.0
0036,Kungaboqar yog'i (1 litr),Масло подсолнечное (1 литр),Sunflower oil (1 liter),Кунгабоқар ёғи (1 литр),2023-06,monthly,2023,16649.0
037,Sariyog',Масло сливочное,Butter,Сариёғ,2023-06,monthly,2023,66521.0
039,Limon,Лимоны,Lemons,Лимон,2023-06,monthly,2023,26918.0
0040,Olma,Яблоки,Apples,Олма,2023-06,monthly,2023,10214.0
041,Nok,Груши,Pears,Нок,2023-06,monthly,2023,32318.0
049,Uzum,Виноград,Grape,Узум,2023-06,monthly,2023,16536.0
0050,Tarvuz,Арбуз,Watermelon,Тарвуз,2023-06,monthly,2023,2144.0
0051,Qovun,Дыня,Melon,Қовун,2023-06,monthly,2023,4132.0
053,Mayiz,Кишмиш,Kishmish,Майиз,2023-06,monthly,2023,37394.0
055,Karam,Капуста,Cabbage,Карам,2023-06,monthly,2023,3072.0
057,Bodring,Огурцы,Cucumbers,Бодринг,2023-06,monthly,2023,2668.0
058,Pomidor,Помидоры,Tomatoes,Помидор,2023-06,monthly,2023,5136.0
059,Baqlajon,Баклажаны,Eggplant,Бақлажон,2023-06,monthly,2023,5964.0
0060,Bulg'or qalampiri,Перец болгарский,Bell pepper,Булғор қалампири,2023-06,monthly,2023,6109.0
063,Sabzi,Морковь,Carrot,Сабзи,2023-06,monthly,2023,3581.0
065,Sarimsoq,Чеснок,Garlic,Саримсоқ,2023-06,monthly,2023,13796.0
066,Piyoz,Лук репчатый,Onion,Пиёз,2023-06,monthly,2023,3323.0
069,Kartoshka,Картофель,Potatoes,Картошка,2023-06,monthly,2023,3419.0
0070,Loviya,Фасоль,Beans,Ловия,2023-06,monthly,2023,18275.0
071,No'xot,Горох,Peas,Нўхот,2023-06,monthly,2023,18194.0
0072,Mosh,Маш,Mash,Мош,2023-06,monthly,2023,13081.0
073,Shakar,Сахар песок,Sugar,Шакар,2023-06,monthly,2023,14550.0
001,Guruch,Рис,Rice,Гуруч,2023-07,monthly,2023,17867.0
003,Arpa,Ячмень,Barley,Арпа,2023-07,monthly,2023,3863.0
0004,Bug'doy,Пшеница,Wheat,Буғдой,2023-07,monthly,2023,3660.0
005,Jo'hori,Кукуруза,Corn,Жўҳори,2023-07,monthly,2023,3967.0
006,Kepak,Отруби,Bran,Кепак,2023-07,monthly,2023,3065.0
0008,Shrot,Шрот,Schroth,Шрот,2023-07,monthly,2023,4700.0
009,Shulxa,Шелуха,Husk,Шулха,2023-07,monthly,2023,4075.0
010,Kombikorm,Комбикорм,Compound feed,Комбикорм,2023-07,monthly,2023,3133.0
011,Oliy navli bug'doy uni,Мука пшеничная высшего сорта,High-grade wheat flour,Олий навли буғдой уни,2023-07,monthly,2023,7369.0
0012,1-navli bug'doy uni,Мука пшеничная первого сорта,First grade wheat flour,1-навли буғдой уни,2023-07,monthly,2023,5365.0
013,1-nav bug'doy unidan non,Хлеб пшеничный из муки 1-го сорта,Wheat bread from 1st grade flour,1-нав буғдой унидан нон,2023-07,monthly,2023,5643.0
017,Mol go'shti,Говядина,Beef,Мол гўшти,2023-07,monthly,2023,74125.0
0020,Qo'y go'shti,Баранина,Mutton,Қўй гўшти,2023-07,monthly,2023,85176.0
022,Tovuq go'shti,Мясо птицы,Poultry,Товуқ гўшти,2023-07,monthly,2023,29043.0
026,Turli baliqlar,Рыба всякая,Fish of all kinds,Турли балиқлар,2023-07,monthly,2023,29664.0
027,Yangi sog'ilgan sut (1 litr),Молоко свежее (1 литр),Fresh milk (1 liter),Янги соғилган сут (1 литр),2023-07,monthly,2023,6083.0
034,Tuxum (10 dona),Яйца (10 штук),Eggs (10 pieces ),Тухум (10 дона),2023-07,monthly,2023,11230.0
035,Paxta yog'i (1 litr),Масло хлопковое (1 литр),Cottonseed oil (1 liter),Пахта ёғи (1 литр),2023-07,monthly,2023,15156.0
0036,Kungaboqar yog'i (1 litr),Масло подсолнечное (1 литр),Sunflower oil (1 liter),Кунгабоқар ёғи (1 литр),2023-07,monthly,2023,16228.0
037,Sariyog',Масло сливочное,Butter,Сариёғ,2023-07,monthly,2023,66624.0
039,Limon,Лимоны,Lemons,Лимон,2023-07,monthly,2023,30112.0
0040,Olma,Яблоки,Apples,Олма,2023-07,monthly,2023,10048.0
041,Nok,Груши,Pears,Нок,2023-07,monthly,2023,28306.0
049,Uzum,Виноград,Grape,Узум,2023-07,monthly,2023,16144.0
0050,Tarvuz,Арбуз,Watermelon,Тарвуз,2023-07,monthly,2023,2071.0
0051,Qovun,Дыня,Melon,Қовун,2023-07,monthly,2023,3730.0
053,Mayiz,Кишмиш,Kishmish,Майиз,2023-07,monthly,2023,37507.0
055,Karam,Капуста,Cabbage,Карам,2023-07,monthly,2023,3790.0
057,Bodring,Огурцы,Cucumbers,Бодринг,2023-07,monthly,2023,4587.0
058,Pomidor,Помидоры,Tomatoes,Помидор,2023-07,monthly,2023,4112.0
059,Baqlajon,Баклажаны,Eggplant,Бақлажон,2023-07,monthly,2023,4973.0
0060,Bulg'or qalampiri,Перец болгарский,Bell pepper,Булғор қалампири,2023-07,monthly,2023,5157.0
063,Sabzi,Морковь,Carrot,Сабзи,2023-07,monthly,2023,4131.0
065,Sarimsoq,Чеснок,Garlic,Саримсоқ,2023-07,monthly,2023,13778.0
066,Piyoz,Лук репчатый,Onion,Пиёз,2023-07,monthly,2023,3274.0
069,Kartoshka,Картофель,Potatoes,Картошка,2023-07,monthly,2023,3375.0
0070,Loviya,Фасоль,Beans,Ловия,2023-07,monthly,2023,18253.0
071,No'xot,Горох,Peas,Нўхот,2023-07,monthly,2023,18194.0
0072,Mosh,Маш,Mash,Мош,2023-07,monthly,2023,13195.0
073,Shakar,Сахар песок,Sugar,Шакар,2023-07,monthly,2023,13950.0
001,Guruch,Рис,Rice,Гуруч,2023-08,monthly,2023,18255.0
003,Arpa,Ячмень,Barley,Арпа,2023-08,monthly,2023,3294.0
0004,Bug'doy,Пшеница,Wheat,Буғдой,2023-08,monthly,2023,3128.0
005,Jo'hori,Кукуруза,Corn,Жўҳори,2023-08,monthly,2023,3766.0
006,Kepak,Отруби,Bran,Кепак,2023-08,monthly,2023,3060.0
0008,Shrot,Шрот,Schroth,Шрот,2023-08,monthly,2023,4700.0
009,Shulxa,Шелуха,Husk,Шулха,2023-08,monthly,2023,4075.0
010,Kombikorm,Комбикорм,Compound feed,Комбикорм,2023-08,monthly,2023,3933.0
011,Oliy navli bug'doy uni,Мука пшеничная высшего сорта,High-grade wheat flour,Олий навли буғдой уни,2023-08,monthly,2023,7402.0
0012,1-navli bug'doy uni,Мука пшеничная первого сорта,First grade wheat flour,1-навли буғдой уни,2023-08,monthly,2023,5366.0
013,1-nav bug'doy unidan non,Хлеб пшеничный из муки 1-го сорта,Wheat bread from 1st grade flour,1-нав буғдой унидан нон,2023-08,monthly,2023,5673.0
017,Mol go'shti,Говядина,Beef,Мол гўшти,2023-08,monthly,2023,75331.0
0020,Qo'y go'shti,Баранина,Mutton,Қўй гўшти,2023-08,monthly,2023,85850.0
022,Tovuq go'shti,Мясо птицы,Poultry,Товуқ гўшти,2023-08,monthly,2023,29281.0
026,Turli baliqlar,Рыба всякая,Fish of all kinds,Турли балиқлар,2023-08,monthly,2023,28743.0
027,Yangi sog'ilgan sut (1 litr),Молоко свежее (1 литр),Fresh milk (1 liter),Янги соғилган сут (1 литр),2023-08,monthly,2023,6125.0
034,Tuxum (10 dona),Яйца (10 штук),Eggs (10 pieces ),Тухум (10 дона),2023-08,monthly,2023,11815.0
035,Paxta yog'i (1 litr),Масло хлопковое (1 литр),Cottonseed oil (1 liter),Пахта ёғи (1 литр),2023-08,monthly,2023,15253.0
0036,Kungaboqar yog'i (1 litr),Масло подсолнечное (1 литр),Sunflower oil (1 liter),Кунгабоқар ёғи (1 литр),2023-08,monthly,2023,16380.0
037,Sariyog',Масло сливочное,Butter,Сариёғ,2023-08,monthly,2023,67224.0
039,Limon,Лимоны,Lemons,Лимон,2023-08,monthly,2023,32700.0
0040,Olma,Яблоки,Apples,Олма,2023-08,monthly,2023,10476.0
041,Nok,Груши,Pears,Нок,2023-08,monthly,2023,26201.0
049,Uzum,Виноград,Grape,Узум,2023-08,monthly,2023,13793.0
0050,Tarvuz,Арбуз,Watermelon,Тарвуз,2023-08,monthly,2023,1764.0
0051,Qovun,Дыня,Melon,Қовун,2023-08,monthly,2023,2903.0
053,Mayiz,Кишмиш,Kishmish,Майиз,2023-08,monthly,2023,37370.0
055,Karam,Капуста,Cabbage,Карам,2023-08,monthly,2023,5677.0
057,Bodring,Огурцы,Cucumbers,Бодринг,2023-08,monthly,2023,5856.0
058,Pomidor,Помидоры,Tomatoes,Помидор,2023-08,monthly,2023,3296.0
059,Baqlajon,Баклажаны,Eggplant,Бақлажон,2023-08,monthly,2023,4014.0
0060,Bulg'or qalampiri,Перец болгарский,Bell pepper,Булғор қалампири,2023-08,monthly,2023,4562.0
061,Qovoq,Тыква,Pumpkin,Қовоқ,2023-08,monthly,2023,3595.0
063,Sabzi,Морковь,Carrot,Сабзи,2023-08,monthly,2023,5381.0
065,Sarimsoq,Чеснок,Garlic,Саримсоқ,2023-08,monthly,2023,13954.0
066,Piyoz,Лук репчатый,Onion,Пиёз,2023-08,monthly,2023,2834.0
069,Kartoshka,Картофель,Potatoes,Картошка,2023-08,monthly,2023,3651.0
0070,Loviya,Фасоль,Beans,Ловия,2023-08,monthly,2023,18129.0
071,No'xot,Горох,Peas,Нўхот,2023-08,monthly,2023,18294.0
0072,Mosh,Маш,Mash,Мош,2023-08,monthly,2023,13267.0
073,Shakar,Сахар песок,Sugar,Шакар,2023-08,monthly,2023,13839.0
001,Guruch,Рис,Rice,Гуруч,2023-09,monthly,2023,18443.0
003,Arpa,Ячмень,Barley,Арпа,2023-09,monthly,2023,3240.0
0004,Bug'doy,Пшеница,Wheat,Буғдой,2023-09,monthly,2023,3050.0
005,Jo'hori,Кукуруза,Corn,Жўҳори,2023-09,monthly,2023,3674.0
006,Kepak,Отруби,Bran,Кепак,2023-09,monthly,2023,3060.0
0008,Shrot,Шрот,Schroth,Шрот,2023-09,monthly,2023,4625.0
009,Shulxa,Шелуха,Husk,Шулха,2023-09,monthly,2023,4084.0
010,Kombikorm,Комбикорм,Compound feed,Комбикорм,2023-09,monthly,2023,4150.0
011,Oliy navli bug'doy uni,Мука пшеничная высшего сорта,High-grade wheat flour,Олий навли буғдой уни,2023-09,monthly,2023,7808.0
0012,1-navli bug'doy uni,Мука пшеничная первого сорта,First grade wheat flour,1-навли буғдой уни,2023-09,monthly,2023,5790.0
013,1-nav bug'doy unidan non,Хлеб пшеничный из муки 1-го сорта,Wheat bread from 1st grade flour,1-нав буғдой унидан нон,2023-09,monthly,2023,5724.0
017,Mol go'shti,Говядина,Beef,Мол гўшти,2023-09,monthly,2023,76260.0
0020,Qo'y go'shti,Баранина,Mutton,Қўй гўшти,2023-09,monthly,2023,85385.0
022,Tovuq go'shti,Мясо птицы,Poultry,Товуқ гўшти,2023-09,monthly,2023,28904.0
026,Turli baliqlar,Рыба всякая,Fish of all kinds,Турли балиқлар,2023-09,monthly,2023,27704.0
027,Yangi sog'ilgan sut (1 litr),Молоко свежее (1 литр),Fresh milk (1 liter),Янги соғилган сут (1 литр),2023-09,monthly,2023,6188.0
034,Tuxum (10 dona),Яйца (10 штук),Eggs (10 pieces ),Тухум (10 дона),2023-09,monthly,2023,12935.0
035,Paxta yog'i (1 litr),Масло хлопковое (1 литр),Cottonseed oil (1 liter),Пахта ёғи (1 литр),2023-09,monthly,2023,14727.0
0036,Kungaboqar yog'i (1 litr),Масло подсолнечное (1 литр),Sunflower oil (1 liter),Кунгабоқар ёғи (1 литр),2023-09,monthly,2023,16035.0
037,Sariyog',Масло сливочное,Butter,Сариёғ,2023-09,monthly,2023,67108.0
039,Limon,Лимоны,Lemons,Лимон,2023-09,monthly,2023,34412.0
0040,Olma,Яблоки,Apples,Олма,2023-09,monthly,2023,9743.0
041,Nok,Груши,Pears,Нок,2023-09,monthly,2023,26062.0
049,Uzum,Виноград,Grape,Узум,2023-09,monthly,2023,14999.0
0050,Tarvuz,Арбуз,Watermelon,Тарвуз,2023-09,monthly,2023,1763.0
0051,Qovun,Дыня,Melon,Қовун,2023-09,monthly,2023,2710.0
053,Mayiz,Кишмиш,Kishmish,Майиз,2023-09,monthly,2023,37061.0
055,Karam,Капуста,Cabbage,Карам,2023-09,monthly,2023,5459.0
057,Bodring,Огурцы,Cucumbers,Бодринг,2023-09,monthly,2023,5169.0
058,Pomidor,Помидоры,Tomatoes,Помидор,2023-09,monthly,2023,3016.0
059,Baqlajon,Баклажаны,Eggplant,Бақлажон,2023-09,monthly,2023,4214.0
0060,Bulg'or qalampiri,Перец болгарский,Bell pepper,Булғор қалампири,2023-09,monthly,2023,4775.0
061,Qovoq,Тыква,Pumpkin,Қовоқ,2023-09,monthly,2023,3133.0
063,Sabzi,Морковь,Carrot,Сабзи,2023-09,monthly,2023,5062.0
065,Sarimsoq,Чеснок,Garlic,Саримсоқ,2023-09,monthly,2023,14794.0
066,Piyoz,Лук репчатый,Onion,Пиёз,2023-09,monthly,2023,2391.0
069,Kartoshka,Картофель,Potatoes,Картошка,2023-09,monthly,2023,3648.0
0070,Loviya,Фасоль,Beans,Ловия,2023-09,monthly,2023,18056.0
071,No'xot,Горох,Peas,Нўхот,2023-09,monthly,2023,18481.0
0072,Mosh,Маш,Mash,Мош,2023-09,monthly,2023,13314.0
073,Shakar,Сахар песок,Sugar,Шакар,2023-09,monthly,2023,13650.0
001,Guruch,Рис,Rice,Гуруч,2023-10,monthly,2023,18181.0
003,Arpa,Ячмень,Barley,Арпа,2023-10,monthly,2023,3240.0
0004,Bug'doy,Пшеница,Wheat,Буғдой,2023-10,monthly,2023,3070.0
005,Jo'hori,Кукуруза,Corn,Жўҳори,2023-10,monthly,2023,3653.0
006,Kepak,Отруби,Bran,Кепак,2023-10,monthly,2023,3063.0
0008,Shrot,Шрот,Schroth,Шрот,2023-10,monthly,2023,4400.0
009,Shulxa,Шелуха,Husk,Шулха,2023-10,monthly,2023,4113.0
010,Kombikorm,Комбикорм,Compound feed,Комбикорм,2023-10,monthly,2023,4200.0
011,Oliy navli bug'doy uni,Мука пшеничная высшего сорта,High-grade wheat flour,Олий навли буғдой уни,2023-10,monthly,2023,8349.0
0012,1-navli bug'doy uni,Мука пшеничная первого сорта,First grade wheat flour,1-навли буғдой уни,2023-10,monthly,2023,6172.0
013,1-nav bug'doy unidan non,Хлеб пшеничный из муки 1-го сорта,Wheat bread from 1st grade flour,1-нав буғдой унидан нон,2023-10,monthly,2023,5856.0
017,Mol go'shti,Говядина,Beef,Мол гўшти,2023-10,monthly,2023,76702.0
0020,Qo'y go'shti,Баранина,Mutton,Қўй гўшти,2023-10,monthly,2023,85206.0
022,Tovuq go'shti,Мясо птицы,Poultry,Товуқ гўшти,2023-10,monthly,2023,28554.0
026,Turli baliqlar,Рыба всякая,Fish of all kinds,Турли балиқлар,2023-10,monthly,2023,27998.0
027,Yangi sog'ilgan sut (1 litr),Молоко свежее (1 литр),Fresh milk (1 liter),Янги соғилган сут (1 литр),2023-10,monthly,2023,6213.0
034,Tuxum (10 dona),Яйца (10 штук),Eggs (10 pieces ),Тухум (10 дона),2023-10,monthly,2023,13351.0
035,Paxta yog'i (1 litr),Масло хлопковое (1 литр),Cottonseed oil (1 liter),Пахта ёғи (1 литр),2023-10,monthly,2023,14175.0
0036,Kungaboqar yog'i (1 litr),Масло подсолнечное (1 литр),Sunflower oil (1 liter),Кунгабоқар ёғи (1 литр),2023-10,monthly,2023,15693.0
037,Sariyog',Масло сливочное,Butter,Сариёғ,2023-10,monthly,2023,67205.0
039,Limon,Лимоны,Lemons,Лимон,2023-10,monthly,2023,33543.0
0040,Olma,Яблоки,Apples,Олма,2023-10,monthly,2023,9244.0
041,Nok,Груши,Pears,Нок,2023-10,monthly,2023,25200.0
049,Uzum,Виноград,Grape,Узум,2023-10,monthly,2023,18983.0
0050,Tarvuz,Арбуз,Watermelon,Тарвуз,2023-10,monthly,2023,1954.0
0051,Qovun,Дыня,Melon,Қовун,2023-10,monthly,2023,2911.0
053,Mayiz,Кишмиш,Kishmish,Майиз,2023-10,monthly,2023,37417.0
055,Karam,Капуста,Cabbage,Карам,2023-10,monthly,2023,3561.0
057,Bodring,Огурцы,Cucumbers,Бодринг,2023-10,monthly,2023,6714.0
058,Pomidor,Помидоры,Tomatoes,Помидор,2023-10,monthly,2023,4560.0
059,Baqlajon,Баклажаны,Eggplant,Бақлажон,2023-10,monthly,2023,4038.0
0060,Bulg'or qalampiri,Перец болгарский,Bell pepper,Булғор қалампири,2023-10,monthly,2023,4819.0
061,Qovoq,Тыква,Pumpkin,Қовоқ,2023-10,monthly,2023,2985.0
063,Sabzi,Морковь,Carrot,Сабзи,2023-10,monthly,2023,3642.0
065,Sarimsoq,Чеснок,Garlic,Саримсоқ,2023-10,monthly,2023,15049.0
066,Piyoz,Лук репчатый,Onion,Пиёз,2023-10,monthly,2023,2296.0
069,Kartoshka,Картофель,Potatoes,Картошка,2023-10,monthly,2023,3523.0
0070,Loviya,Фасоль,Beans,Ловия,2023-10,monthly,2023,18123.0
071,No'xot,Горох,Peas,Нўхот,2023-10,monthly,2023,18684.0
0072,Mosh,Маш,Mash,Мош,2023-10,monthly,2023,13503.0
073,Shakar,Сахар песок,Sugar,Шакар,2023-10,monthly,2023,13573.0
001,Guruch,Рис,Rice,Гуруч,2023-11,monthly,2023,17542.0
003,Arpa,Ячмень,Barley,Арпа,2023-11,monthly,2023,3240.0
0004,Bug'doy,Пшеница,Wheat,Буғдой,2023-11,monthly,2023,3080.0
005,Jo'hori,Кукуруза,Corn,Жўҳори,2023-11,monthly,2023,3653.0
006,Kepak,Отруби,Bran,Кепак,2023-11,monthly,2023,3053.0
0008,Shrot,Шрот,Schroth,Шрот,2023-11,monthly,2023,4400.0
009,Shulxa,Шелуха,Husk,Шулха,2023-11,monthly,2023,4113.0
010,Kombikorm,Комбикорм,Compound feed,Комбикорм,2023-11,monthly,2023,4200.0
011,Oliy navli bug'doy uni,Мука пшеничная высшего сорта,High-grade wheat flour,Олий навли буғдой уни,2023-11,monthly,2023,8386.0
0012,1-navli bug'doy uni,Мука пшеничная первого сорта,First grade wheat flour,1-навли буғдой уни,2023-11,monthly,2023,6192.0
013,1-nav bug'doy unidan non,Хлеб пшеничный из муки 1-го сорта,Wheat bread from 1st grade flour,1-нав буғдой унидан нон,2023-11,monthly,2023,5891.0
017,Mol go'shti,Говядина,Beef,Мол гўшти,2023-11,monthly,2023,76929.0
0020,Qo'y go'shti,Баранина,Mutton,Қўй гўшти,2023-11,monthly,2023,85213.0
022,Tovuq go'shti,Мясо птицы,Poultry,Товуқ гўшти,2023-11,monthly,2023,28629.0
026,Turli baliqlar,Рыба всякая,Fish of all kinds,Турли балиқлар,2023-11,monthly,2023,28051.0
027,Yangi sog'ilgan sut (1 litr),Молоко свежее (1 литр),Fresh milk (1 liter),Янги соғилган сут (1 литр),2023-11,monthly,2023,6283.0
034,Tuxum (10 dona),Яйца (10 штук),Eggs (10 pieces ),Тухум (10 дона),2023-11,monthly,2023,13930.0
035,Paxta yog'i (1 litr),Масло хлопковое (1 литр),Cottonseed oil (1 liter),Пахта ёғи (1 литр),2023-11,monthly,2023,13806.0
0036,Kungaboqar yog'i (1 litr),Масло подсолнечное (1 литр),Sunflower oil (1 liter),Кунгабоқар ёғи (1 литр),2023-11,monthly,2023,15529.0
037,Sariyog',Масло сливочное,Butter,Сариёғ,2023-11,monthly,2023,66945.0
039,Limon,Лимоны,Lemons,Лимон,2023-11,monthly,2023,27885.0
0040,Olma,Яблоки,Apples,Олма,2023-11,monthly,2023,9565.0
041,Nok,Груши,Pears,Нок,2023-11,monthly,2023,25264.0
049,Uzum,Виноград,Grape,Узум,2023-11,monthly,2023,22861.0
0050,Tarvuz,Арбуз,Watermelon,Тарвуз,2023-11,monthly,2023,2443.0
0051,Qovun,Дыня,Melon,Қовун,2023-11,monthly,2023,3287.0
053,Mayiz,Кишмиш,Kishmish,Майиз,2023-11,monthly,2023,37256.0
055,Karam,Капуста,Cabbage,Карам,2023-11,monthly,2023,2173.0
057,Bodring,Огурцы,Cucumbers,Бодринг,2023-11,monthly,2023,17210.0
058,Pomidor,Помидоры,Tomatoes,Помидор,2023-11,monthly,2023,11852.0
059,Baqlajon,Баклажаны,Eggplant,Бақлажон,2023-11,monthly,2023,4133.0
0060,Bulg'or qalampiri,Перец болгарский,Bell pepper,Булғор қалампири,2023-11,monthly,2023,5338.0
061,Qovoq,Тыква,Pumpkin,Қовоқ,2023-11,monthly,2023,2882.0
063,Sabzi,Морковь,Carrot,Сабзи,2023-11,monthly,2023,2554.0
065,Sarimsoq,Чеснок,Garlic,Саримсоқ,2023-11,monthly,2023,15942.0
066,Piyoz,Лук репчатый,Onion,Пиёз,2023-11,monthly,2023,2194.0
069,Kartoshka,Картофель,Potatoes,Картошка,2023-11,monthly,2023,3323.0
0070,Loviya,Фасоль,Beans,Ловия,2023-11,monthly,2023,18401.0
071,No'xot,Горох,Peas,Нўхот,2023-11,monthly,2023,18810.0
0072,Mosh,Маш,Mash,Мош,2023-11,monthly,2023,13144.0
073,Shakar,Сахар песок,Sugar,Шакар,2023-11,monthly,2023,13549.0
001,Guruch,Рис,Rice,Гуруч,2023-12,monthly,2023,17386.0
003,Arpa,Ячмень,Barley,Арпа,2023-12,monthly,2023,3240.0
0004,Bug'doy,Пшеница,Wheat,Буғдой,2023-12,monthly,2023,3080.0
005,Jo'hori,Кукуруза,Corn,Жўҳори,2023-12,monthly,2023,3653.0
006,Kepak,Отруби,Bran,Кепак,2023-12,monthly,2023,3053.0
0008,Shrot,Шрот,Schroth,Шрот,2023-12,monthly,2023,4400.0
009,Shulxa,Шелуха,Husk,Шулха,2023-12,monthly,2023,4113.0
010,Kombikorm,Комбикорм,Compound feed,Комбикорм,2023-12,monthly,2023,4200.0
011,Oliy navli bug'doy uni,Мука пшеничная высшего сорта,High-grade wheat flour,Олий навли буғдой уни,2023-12,monthly,2023,8164.0
0012,1-navli bug'doy uni,Мука пшеничная первого сорта,First grade wheat flour,1-навли буғдой уни,2023-12,monthly,2023,6101.0
013,1-nav bug'doy unidan non,Хлеб пшеничный из муки 1-го сорта,Wheat bread from 1st grade flour,1-нав буғдой унидан нон,2023-12,monthly,2023,5909.0
017,Mol go'shti,Говядина,Beef,Мол гўшти,2023-12,monthly,2023,77228.0
0020,Qo'y go'shti,Баранина,Mutton,Қўй гўшти,2023-12,monthly,2023,85269.0
022,Tovuq go'shti,Мясо птицы,Poultry,Товуқ гўшти,2023-12,monthly,2023,29080.0
026,Turli baliqlar,Рыба всякая,Fish of all kinds,Турли балиқлар,2023-12,monthly,2023,28453.0
027,Yangi sog'ilgan sut (1 litr),Молоко свежее (1 литр),Fresh milk (1 liter),Янги соғилган сут (1 литр),2023-12,monthly,2023,6454.0
034,Tuxum (10 dona),Яйца (10 штук),Eggs (10 pieces ),Тухум (10 дона),2023-12,monthly,2023,13912.0
035,Paxta yog'i (1 litr),Масло хлопковое (1 литр),Cottonseed oil (1 liter),Пахта ёғи (1 литр),2023-12,monthly,2023,12934.0
0036,Kungaboqar yog'i (1 litr),Масло подсолнечное (1 литр),Sunflower oil (1 liter),Кунгабоқар ёғи (1 литр),2023-12,monthly,2023,15242.0
037,Sariyog',Масло сливочное,Butter,Сариёғ,2023-12,monthly,2023,66445.0
039,Limon,Лимоны,Lemons,Лимон,2023-12,monthly,2023,24449.0
0040,Olma,Яблоки,Apples,Олма,2023-12,monthly,2023,10015.0
041,Nok,Груши,Pears,Нок,2023-12,monthly,2023,25690.0
049,Uzum,Виноград,Grape,Узум,2023-12,monthly,2023,27165.0
0050,Tarvuz,Арбуз,Watermelon,Тарвуз,2023-12,monthly,2023,3211.0
0051,Qovun,Дыня,Melon,Қовун,2023-12,monthly,2023,3760.0
053,Mayiz,Кишмиш,Kishmish,Майиз,2023-12,monthly,2023,37882.0
055,Karam,Капуста,Cabbage,Карам,2023-12,monthly,2023,1735.0
057,Bodring,Огурцы,Cucumbers,Бодринг,2023-12,monthly,2023,26668.0
058,Pomidor,Помидоры,Tomatoes,Помидор,2023-12,monthly,2023,24248.0
059,Baqlajon,Баклажаны,Eggplant,Бақлажон,2023-12,monthly,2023,6791.0
0060,Bulg'or qalampiri,Перец болгарский,Bell pepper,Булғор қалампири,2023-12,monthly,2023,9669.0
061,Qovoq,Тыква,Pumpkin,Қовоқ,2023-12,monthly,2023,2983.0
063,Sabzi,Морковь,Carrot,Сабзи,2023-12,monthly,2023,2314.0
065,Sarimsoq,Чеснок,Garlic,Саримсоқ,2023-12,monthly,2023,17638.0
066,Piyoz,Лук репчатый,Onion,Пиёз,2023-12,monthly,2023,2076.0
069,Kartoshka,Картофель,Potatoes,Картошка,2023-12,monthly,2023,3232.0
0070,Loviya,Фасоль,Beans,Ловия,2023-12,monthly,2023,19231.0
071,No'xot,Горох,Peas,Нўхот,2023-12,monthly,2023,19487.0
0072,Mosh,Маш,Mash,Мош,2023-12,monthly,2023,13068.0
073,Shakar,Сахар песок,Sugar,Шакар,2023-12,monthly,2023,13530.0
001,Guruch,Рис,Rice,Гуруч,2024-01,monthly,2024,17377.0
003,Arpa,Ячмень,Barley,Арпа,2024-01,monthly,2024,3177.0
0004,Bug'doy,Пшеница,Wheat,Буғдой,2024-01,monthly,2024,3050.0
005,Jo'hori,Кукуруза,Corn,Жўҳори,2024-01,monthly,2024,2944.0
006,Kepak,Отруби,Bran,Кепак,2024-01,monthly,2024,2833.0
0008,Shrot,Шрот,Schroth,Шрот,2024-01,monthly,2024,4173.0
009,Shulxa,Шелуха,Husk,Шулха,2024-01,monthly,2024,4005.0
010,Kombikorm,Комбикорм,Compound feed,Комбикорм,2024-01,monthly,2024,3653.0
011,Oliy navli bug'doy uni,Мука пшеничная высшего сорта,High-grade wheat flour,Олий навли буғдой уни,2024-01,monthly,2024,8313.0
0012,1-navli bug'doy uni,Мука пшеничная первого сорта,First grade wheat flour,1-навли буғдой уни,2024-01,monthly,2024,5578.0
013,1-nav bug'doy unidan non,Хлеб пшеничный из муки 1-го сорта,Wheat bread from 1st grade flour,1-нав буғдой унидан нон,2024-01,monthly,2024,5886.0
017,Mol go'shti,Говядина,Beef,Мол гўшти,2024-01,monthly,2024,78035.0
0020,Qo'y go'shti,Баранина,Mutton,Қўй гўшти,2024-01,monthly,2024,85685.0
022,Tovuq go'shti,Мясо птицы,Poultry,Товуқ гўшти,2024-01,monthly,2024,29905.0
026,Turli baliqlar,Рыба всякая,Fish of all kinds,Турли балиқлар,2024-01,monthly,2024,31289.0
027,Yangi sog'ilgan sut (1 litr),Молоко свежее (1 литр),Fresh milk (1 liter),Янги соғилган сут (1 литр),2024-01,monthly,2024,6443.0
034,Tuxum (10 dona),Яйца (10 штук),Eggs (10 pieces ),Тухум (10 дона),2024-01,monthly,2024,14259.0
035,Paxta yog'i (1 litr),Масло хлопковое (1 литр),Cottonseed oil (1 liter),Пахта ёғи (1 литр),2024-01,monthly,2024,12084.0
0036,Kungaboqar yog'i (1 litr),Масло подсолнечное (1 литр),Sunflower oil (1 liter),Кунгабоқар ёғи (1 литр),2024-01,monthly,2024,14858.0
037,Sariyog',Масло сливочное,Butter,Сариёғ,2024-01,monthly,2024,66533.0
039,Limon,Лимоны,Lemons,Лимон,2024-01,monthly,2024,23212.0
0040,Olma,Яблоки,Apples,Олма,2024-01,monthly,2024,10655.0
041,Nok,Груши,Pears,Нок,2024-01,monthly,2024,25732.0
049,Uzum,Виноград,Grape,Узум,2024-01,monthly,2024,29516.0
0050,Tarvuz,Арбуз,Watermelon,Тарвуз,2024-01,monthly,2024,4039.0
0051,Qovun,Дыня,Melon,Қовун,2024-01,monthly,2024,4643.0
053,Mayiz,Кишмиш,Kishmish,Майиз,2024-01,monthly,2024,38882.0
055,Karam,Капуста,Cabbage,Карам,2024-01,monthly,2024,1855.0
057,Bodring,Огурцы,Cucumbers,Бодринг,2024-01,monthly,2024,28440.0
058,Pomidor,Помидоры,Tomatoes,Помидор,2024-01,monthly,2024,28782.0
059,Baqlajon,Баклажаны,Eggplant,Бақлажон,2024-01,monthly,2024,19886.0
0060,Bulg'or qalampiri,Перец болгарский,Bell pepper,Булғор қалампири,2024-01,monthly,2024,27180.0
061,Qovoq,Тыква,Pumpkin,Қовоқ,2024-01,monthly,2024,3021.0
063,Sabzi,Морковь,Carrot,Сабзи,2024-01,monthly,2024,2152.0
065,Sarimsoq,Чеснок,Garlic,Саримсоқ,2024-01,monthly,2024,26173.0
066,Piyoz,Лук репчатый,Onion,Пиёз,2024-01,monthly,2024,2042.0
069,Kartoshka,Картофель,Potatoes,Картошка,2024-01,monthly,2024,3327.0
0070,Loviya,Фасоль,Beans,Ловия,2024-01,monthly,2024,19573.0
071,No'xot,Горох,Peas,Нўхот,2024-01,monthly,2024,20193.0
0072,Mosh,Маш,Mash,Мош,2024-01,monthly,2024,13293.0
073,Shakar,Сахар песок,Sugar,Шакар,2024-01,monthly,2024,13522.0
001,Guruch,Рис,Rice,Гуруч,2024-02,monthly,2024,17363.0
003,Arpa,Ячмень,Barley,Арпа,2024-02,monthly,2024,3096.0
0004,Bug'doy,Пшеница,Wheat,Буғдой,2024-02,monthly,2024,3021.0
005,Jo'hori,Кукуруза,Corn,Жўҳори,2024-02,monthly,2024,2703.0
006,Kepak,Отруби,Bran,Кепак,2024-02,monthly,2024,2768.0
0008,Shrot,Шрот,Schroth,Шрот,2024-02,monthly,2024,4114.0
009,Shulxa,Шелуха,Husk,Шулха,2024-02,monthly,2024,3978.0
010,Kombikorm,Комбикорм,Compound feed,Комбикорм,2024-02,monthly,2024,3480.0
011,Oliy navli bug'doy uni,Мука пшеничная высшего сорта,High-grade wheat flour,Олий навли буғдой уни,2024-02,monthly,2024,8190.0
0012,1-navli bug'doy uni,Мука пшеничная первого сорта,First grade wheat flour,1-навли буғдой уни,2024-02,monthly,2024,5725.0
013,1-nav bug'doy unidan non,Хлеб пшеничный из муки 1-го сорта,Wheat bread from 1st grade flour,1-нав буғдой унидан нон,2024-02,monthly,2024,5779.0
017,Mol go'shti,Говядина,Beef,Мол гўшти,2024-02,monthly,2024,78685.0
0020,Qo'y go'shti,Баранина,Mutton,Қўй гўшти,2024-02,monthly,2024,85605.0
022,Tovuq go'shti,Мясо птицы,Poultry,Товуқ гўшти,2024-02,monthly,2024,29662.0
026,Turli baliqlar,Рыба всякая,Fish of all kinds,Турли балиқлар,2024-02,monthly,2024,31122.0
027,Yangi sog'ilgan sut (1 litr),Молоко свежее (1 литр),Fresh milk (1 liter),Янги соғилган сут (1 литр),2024-02,monthly,2024,6554.0
034,Tuxum (10 dona),Яйца (10 штук),Eggs (10 pieces ),Тухум (10 дона),2024-02,monthly,2024,13648.0
035,Paxta yog'i (1 litr),Масло хлопковое (1 литр),Cottonseed oil (1 liter),Пахта ёғи (1 литр),2024-02,monthly,2024,11576.0
0036,Kungaboqar yog'i (1 litr),Масло подсолнечное (1 литр),Sunflower oil (1 liter),Кунгабоқар ёғи (1 литр),2024-02,monthly,2024,14758.0
037,Sariyog',Масло сливочное,Butter,Сариёғ,2024-02,monthly,2024,66525.0
039,Limon,Лимоны,Lemons,Лимон,2024-02,monthly,2024,24477.0
0040,Olma,Яблоки,Apples,Олма,2024-02,monthly,2024,10884.0
041,Nok,Груши,Pears,Нок,2024-02,monthly,2024,24794.0
049,Uzum,Виноград,Grape,Узум,2024-02,monthly,2024,30874.0
0050,Tarvuz,Арбуз,Watermelon,Тарвуз,2024-02,monthly,2024,5463.0
0051,Qovun,Дыня,Melon,Қовун,2024-02,monthly,2024,5377.0
053,Mayiz,Кишмиш,Kishmish,Майиз,2024-02,monthly,2024,39929.0
055,Karam,Капуста,Cabbage,Карам,2024-02,monthly,2024,1925.0
057,Bodring,Огурцы,Cucumbers,Бодринг,2024-02,monthly,2024,26598.0
058,Pomidor,Помидоры,Tomatoes,Помидор,2024-02,monthly,2024,26477.0
059,Baqlajon,Баклажаны,Eggplant,Бақлажон,2024-02,monthly,2024,27475.0
0060,Bulg'or qalampiri,Перец болгарский,Bell pepper,Булғор қалампири,2024-02,monthly,2024,30623.0
061,Qovoq,Тыква,Pumpkin,Қовоқ,2024-02,monthly,2024,3295.0
063,Sabzi,Морковь,Carrot,Сабзи,2024-02,monthly,2024,2136.0
065,Sarimsoq,Чеснок,Garlic,Саримсоқ,2024-02,monthly,2024,29842.0
066,Piyoz,Лук репчатый,Onion,Пиёз,2024-02,monthly,2024,2081.0
069,Kartoshka,Картофель,Potatoes,Картошка,2024-02,monthly,2024,3267.0
0070,Loviya,Фасоль,Beans,Ловия,2024-02,monthly,2024,19746.0
071,No'xot,Горох,Peas,Нўхот,2024-02,monthly,2024,19620.0
0072,Mosh,Маш,Mash,Мош,2024-02,monthly,2024,13253.0
073,Shakar,Сахар песок,Sugar,Шакар,2024-02,monthly,2024,13660.0
001,Guruch,Рис,Rice,Гуруч,2024-03,monthly,2024,17397.0
003,Arpa,Ячмень,Barley,Арпа,2024-03,monthly,2024,3125.0
0004,Bug'doy,Пшеница,Wheat,Буғдой,2024-03,monthly,2024,3069.0
005,Jo'hori,Кукуруза,Corn,Жўҳори,2024-03,monthly,2024,2790.0
006,Kepak,Отруби,Bran,Кепак,2024-03,monthly,2024,2810.0
0008,Shrot,Шрот,Schroth,Шрот,2024-03,monthly,2024,4104.0
009,Shulxa,Шелуха,Husk,Шулха,2024-03,monthly,2024,3962.0
010,Kombikorm,Комбикорм,Compound feed,Комбикорм,2024-03,monthly,2024,3367.0
011,Oliy navli bug'doy uni,Мука пшеничная высшего сорта,High-grade wheat flour,Олий навли буғдой уни,2024-03,monthly,2024,8153.0
0012,1-navli bug'doy uni,Мука пшеничная первого сорта,First grade wheat flour,1-навли буғдой уни,2024-03,monthly,2024,5731.0
013,1-nav bug'doy unidan non,Хлеб пшеничный из муки 1-го сорта,Wheat bread from 1st grade flour,1-нав буғдой унидан нон,2024-03,monthly,2024,5682.0
017,Mol go'shti,Говядина,Beef,Мол гўшти,2024-03,monthly,2024,78085.0
0020,Qo'y go'shti,Баранина,Mutton,Қўй гўшти,2024-03,monthly,2024,85155.0
022,Tovuq go'shti,Мясо птицы,Poultry,Товуқ гўшти,2024-03,monthly,2024,28812.0
026,Turli baliqlar,Рыба всякая,Fish of all kinds,Турли балиқлар,2024-03,monthly,2024,30651.0
027,Yangi sog'ilgan sut (1 litr),Молоко свежее (1 литр),Fresh milk (1 liter),Янги соғилган сут (1 литр),2024-03,monthly,2024,6596.0
034,Tuxum (10 dona),Яйца (10 штук),Eggs (10 pieces ),Тухум (10 дона),2024-03,monthly,2024,12327.0
035,Paxta yog'i (1 litr),Масло хлопковое (1 литр),Cottonseed oil (1 liter),Пахта ёғи (1 литр),2024-03,monthly,2024,11252.0
0036,Kungaboqar yog'i (1 litr),Масло подсолнечное (1 литр),Sunflower oil (1 liter),Кунгабоқар ёғи (1 литр),2024-03,monthly,2024,14716.0
037,Sariyog',Масло сливочное,Butter,Сариёғ,2024-03,monthly,2024,66472.0
039,Limon,Лимоны,Lemons,Лимон,2024-03,monthly,2024,26034.0
0040,Olma,Яблоки,Apples,Олма,2024-03,monthly,2024,11163.0
041,Nok,Груши,Pears,Нок,2024-03,monthly,2024,23640.0
049,Uzum,Виноград,Grape,Узум,2024-03,monthly,2024,31734.0
053,Mayiz,Кишмиш,Kishmish,Майиз,2024-03,monthly,2024,41306.0
055,Karam,Капуста,Cabbage,Карам,2024-03,monthly,2024,2151.0
057,Bodring,Огурцы,Cucumbers,Бодринг,2024-03,monthly,2024,24969.0
058,Pomidor,Помидоры,Tomatoes,Помидор,2024-03,monthly,2024,25923.0
059,Baqlajon,Баклажаны,Eggplant,Бақлажон,2024-03,monthly,2024,27862.0
0060,Bulg'or qalampiri,Перец болгарский,Bell pepper,Булғор қалампири,2024-03,monthly,2024,32643.0
061,Qovoq,Тыква,Pumpkin,Қовоқ,2024-03,monthly,2024,3092.0
063,Sabzi,Морковь,Carrot,Сабзи,2024-03,monthly,2024,2075.0
065,Sarimsoq,Чеснок,Garlic,Саримсоқ,2024-03,monthly,2024,30957.0
066,Piyoz,Лук репчатый,Onion,Пиёз,2024-03,monthly,2024,2066.0
069,Kartoshka,Картофель,Potatoes,Картошка,2024-03,monthly,2024,3240.0
0070,Loviya,Фасоль,Beans,Ловия,2024-03,monthly,2024,19588.0
071,No'xot,Горох,Peas,Нўхот,2024-03,monthly,2024,18854.0
0072,Mosh,Маш,Mash,Мош,2024-03,monthly,2024,13098.0
073,Shakar,Сахар песок,Sugar,Шакар,2024-03,monthly,2024,13659.0
001,Guruch,Рис,Rice,Гуруч,2024-04,monthly,2024,17592.0
003,Arpa,Ячмень,Barley,Арпа,2024-04,monthly,2024,3143.0
0004,Bug'doy,Пшеница,Wheat,Буғдой,2024-04,monthly,2024,3059.0
005,Jo'hori,Кукуруза,Corn,Жўҳори,2024-04,monthly,2024,2767.0
006,Kepak,Отруби,Bran,Кепак,2024-04,monthly,2024,2797.0
0008,Shrot,Шрот,Schroth,Шрот,2024-04,monthly,2024,4137.0
009,Shulxa,Шелуха,Husk,Шулха,2024-04,monthly,2024,3966.0
010,Kombikorm,Комбикорм,Compound feed,Комбикорм,2024-04,monthly,2024,3533.0
011,Oliy navli bug'doy uni,Мука пшеничная высшего сорта,High-grade wheat flour,Олий навли буғдой уни,2024-04,monthly,2024,8097.0
0012,1-navli bug'doy uni,Мука пшеничная первого сорта,First grade wheat flour,1-навли буғдой уни,2024-04,monthly,2024,5695.0
013,1-nav bug'doy unidan non,Хлеб пшеничный из муки 1-го сорта,Wheat bread from 1st grade flour,1-нав буғдой унидан нон,2024-04,monthly,2024,5686.0
017,Mol go'shti,Говядина,Beef,Мол гўшти,2024-04,monthly,2024,76847.0
0020,Qo'y go'shti,Баранина,Mutton,Қўй гўшти,2024-04,monthly,2024,84664.0
022,Tovuq go'shti,Мясо птицы,Poultry,Товуқ гўшти,2024-04,monthly,2024,27905.0
026,Turli baliqlar,Рыба всякая,Fish of all kinds,Турли балиқлар,2024-04,monthly,2024,31030.0
027,Yangi sog'ilgan sut (1 litr),Молоко свежее (1 литр),Fresh milk (1 liter),Янги соғилган сут (1 литр),2024-04,monthly,2024,6578.0
034,Tuxum (10 dona),Яйца (10 штук),Eggs (10 pieces ),Тухум (10 дона),2024-04,monthly,2024,11479.0
035,Paxta yog'i (1 litr),Масло хлопковое (1 литр),Cottonseed oil (1 liter),Пахта ёғи (1 литр),2024-04,monthly,2024,10651.0
0036,Kungaboqar yog'i (1 litr),Масло подсолнечное (1 литр),Sunflower oil (1 liter),Кунгабоқар ёғи (1 литр),2024-04,monthly,2024,14671.0
037,Sariyog',Масло сливочное,Butter,Сариёғ,2024-04,monthly,2024,65973.0
039,Limon,Лимоны,Lemons,Лимон,2024-04,monthly,2024,24964.0
0040,Olma,Яблоки,Apples,Олма,2024-04,monthly,2024,12062.0
041,Nok,Груши,Pears,Нок,2024-04,monthly,2024,22329.0
049,Uzum,Виноград,Grape,Узум,2024-04,monthly,2024,34406.0
053,Mayiz,Кишмиш,Kishmish,Майиз,2024-04,monthly,2024,45794.0
055,Karam,Капуста,Cabbage,Карам,2024-04,monthly,2024,2403.0
057,Bodring,Огурцы,Cucumbers,Бодринг,2024-04,monthly,2024,17543.0
058,Pomidor,Помидоры,Tomatoes,Помидор,2024-04,monthly,2024,27014.0
059,Baqlajon,Баклажаны,Eggplant,Бақлажон,2024-04,monthly,2024,28131.0
0060,Bulg'or qalampiri,Перец болгарский,Bell pepper,Булғор қалампири,2024-04,monthly,2024,36842.0
061,Qovoq,Тыква,Pumpkin,Қовоқ,2024-04,monthly,2024,3025.0
063,Sabzi,Морковь,Carrot,Сабзи,2024-04,monthly,2024,2112.0
065,Sarimsoq,Чеснок,Garlic,Саримсоқ,2024-04,monthly,2024,31071.0
066,Piyoz,Лук репчатый,Onion,Пиёз,2024-04,monthly,2024,2162.0
069,Kartoshka,Картофель,Potatoes,Картошка,2024-04,monthly,2024,3282.0
0070,Loviya,Фасоль,Beans,Ловия,2024-04,monthly,2024,19793.0
071,No'xot,Горох,Peas,Нўхот,2024-04,monthly,2024,17737.0
0072,Mosh,Маш,Mash,Мош,2024-04,monthly,2024,13076.0
073,Shakar,Сахар песок,Sugar,Шакар,2024-04,monthly,2024,14032.0
001,Guruch,Рис,Rice,Гуруч,2024-05,monthly,2024,17722.0
003,Arpa,Ячмень,Barley,Арпа,2024-05,monthly,2024,3186.0
0004,Bug'doy,Пшеница,Wheat,Буғдой,2024-05,monthly,2024,3017.0
005,Jo'hori,Кукуруза,Corn,Жўҳори,2024-05,monthly,2024,2694.0
006,Kepak,Отруби,Bran,Кепак,2024-05,monthly,2024,2751.0
0008,Shrot,Шрот,Schroth,Шрот,2024-05,monthly,2024,4233.0
009,Shulxa,Шелуха,Husk,Шулха,2024-05,monthly,2024,3966.0
010,Kombikorm,Комбикорм,Compound feed,Комбикорм,2024-05,monthly,2024,4034.0
011,Oliy navli bug'doy uni,Мука пшеничная высшего сорта,High-grade wheat flour,Олий навли буғдой уни,2024-05,monthly,2024,8071.0
0012,1-navli bug'doy uni,Мука пшеничная первого сорта,First grade wheat flour,1-навли буғдой уни,2024-05,monthly,2024,5609.0
013,1-nav bug'doy unidan non,Хлеб пшеничный из муки 1-го сорта,Wheat bread from 1st grade flour,1-нав буғдой унидан нон,2024-05,monthly,2024,5594.0
017,Mol go'shti,Говядина,Beef,Мол гўшти,2024-05,monthly,2024,77230.0
0020,Qo'y go'shti,Баранина,Mutton,Қўй гўшти,2024-05,monthly,2024,85145.0
022,Tovuq go'shti,Мясо птицы,Poultry,Товуқ гўшти,2024-05,monthly,2024,27768.0
026,Turli baliqlar,Рыба всякая,Fish of all kinds,Турли балиқлар,2024-05,monthly,2024,29907.0
027,Yangi sog'ilgan sut (1 litr),Молоко свежее (1 литр),Fresh milk (1 liter),Янги соғилган сут (1 литр),2024-05,monthly,2024,6540.0
034,Tuxum (10 dona),Яйца (10 штук),Eggs (10 pieces ),Тухум (10 дона),2024-05,monthly,2024,9558.0
035,Paxta yog'i (1 litr),Масло хлопковое (1 литр),Cottonseed oil (1 liter),Пахта ёғи (1 литр),2024-05,monthly,2024,10684.0
0036,Kungaboqar yog'i (1 litr),Масло подсолнечное (1 литр),Sunflower oil (1 liter),Кунгабоқар ёғи (1 литр),2024-05,monthly,2024,14660.0
037,Sariyog',Масло сливочное,Butter,Сариёғ,2024-05,monthly,2024,65710.0
039,Limon,Лимоны,Lemons,Лимон,2024-05,monthly,2024,24044.0
0040,Olma,Яблоки,Apples,Олма,2024-05,monthly,2024,12466.0
041,Nok,Груши,Pears,Нок,2024-05,monthly,2024,21262.0
049,Uzum,Виноград,Grape,Узум,2024-05,monthly,2024,38750.0
0050,Tarvuz,Арбуз,Watermelon,Тарвуз,2024-05,monthly,2024,8000.0
0051,Qovun,Дыня,Melon,Қовун,2024-05,monthly,2024,9833.0
053,Mayiz,Кишмиш,Kishmish,Майиз,2024-05,monthly,2024,47976.0
055,Karam,Капуста,Cabbage,Карам,2024-05,monthly,2024,2325.0
057,Bodring,Огурцы,Cucumbers,Бодринг,2024-05,monthly,2024,7281.0
058,Pomidor,Помидоры,Tomatoes,Помидор,2024-05,monthly,2024,18240.0
059,Baqlajon,Баклажаны,Eggplant,Бақлажон,2024-05,monthly,2024,15917.0
0060,Bulg'or qalampiri,Перец болгарский,Bell pepper,Булғор қалампири,2024-05,monthly,2024,22516.0
061,Qovoq,Тыква,Pumpkin,Қовоқ,2024-05,monthly,2024,3400.0
063,Sabzi,Морковь,Carrot,Сабзи,2024-05,monthly,2024,2218.0
065,Sarimsoq,Чеснок,Garlic,Саримсоқ,2024-05,monthly,2024,27634.0
066,Piyoz,Лук репчатый,Onion,Пиёз,2024-05,monthly,2024,2060.0
069,Kartoshka,Картофель,Potatoes,Картошка,2024-05,monthly,2024,3716.0
0070,Loviya,Фасоль,Beans,Ловия,2024-05,monthly,2024,20399.0
071,No'xot,Горох,Peas,Нўхот,2024-05,monthly,2024,17251.0
0072,Mosh,Маш,Mash,Мош,2024-05,monthly,2024,13384.0
073,Shakar,Сахар песок,Sugar,Шакар,2024-05,monthly,2024,14133.0
001,Guruch,Рис,Rice,Гуруч,2024-06,monthly,2024,17827.0
003,Arpa,Ячмень,Barley,Арпа,2024-06,monthly,2024,3180.0
0004,Bug'doy,Пшеница,Wheat,Буғдой,2024-06,monthly,2024,2945.0
005,Jo'hori,Кукуруза,Corn,Жўҳори,2024-06,monthly,2024,2692.0
006,Kepak,Отруби,Bran,Кепак,2024-06,monthly,2024,2747.0
0008,Shrot,Шрот,Schroth,Шрот,2024-06,monthly,2024,4233.0
009,Shulxa,Шелуха,Husk,Шулха,2024-06,monthly,2024,3958.0
010,Kombikorm,Комбикорм,Compound feed,Комбикорм,2024-06,monthly,2024,4034.0
011,Oliy navli bug'doy uni,Мука пшеничная высшего сорта,High-grade wheat flour,Олий навли буғдой уни,2024-06,monthly,2024,8150.0
0012,1-navli bug'doy uni,Мука пшеничная первого сорта,First grade wheat flour,1-навли буғдой уни,2024-06,monthly,2024,5611.0
013,1-nav bug'doy unidan non,Хлеб пшеничный из муки 1-го сорта,Wheat bread from 1st grade flour,1-нав буғдой унидан нон,2024-06,monthly,2024,5594.0
017,Mol go'shti,Говядина,Beef,Мол гўшти,2024-06,monthly,2024,77651.0
0020,Qo'y go'shti,Баранина,Mutton,Қўй гўшти,2024-06,monthly,2024,85491.0
022,Tovuq go'shti,Мясо птицы,Poultry,Товуқ гўшти,2024-06,monthly,2024,27488.0
026,Turli baliqlar,Рыба всякая,Fish of all kinds,Турли балиқлар,2024-06,monthly,2024,30515.0
027,Yangi sog'ilgan sut (1 litr),Молоко свежее (1 литр),Fresh milk (1 liter),Янги соғилган сут (1 литр),2024-06,monthly,2024,6510.0
034,Tuxum (10 dona),Яйца (10 штук),Eggs (10 pieces ),Тухум (10 дона),2024-06,monthly,2024,9705.0
035,Paxta yog'i (1 litr),Масло хлопковое (1 литр),Cottonseed oil (1 liter),Пахта ёғи (1 литр),2024-06,monthly,2024,10874.0
0036,Kungaboqar yog'i (1 litr),Масло подсолнечное (1 литр),Sunflower oil (1 liter),Кунгабоқар ёғи (1 литр),2024-06,monthly,2024,14681.0
037,Sariyog',Масло сливочное,Butter,Сариёғ,2024-06,monthly,2024,65431.0
039,Limon,Лимоны,Lemons,Лимон,2024-06,monthly,2024,22580.0
0040,Olma,Яблоки,Apples,Олма,2024-06,monthly,2024,12848.0
041,Nok,Груши,Pears,Нок,2024-06,monthly,2024,20537.0
049,Uzum,Виноград,Grape,Узум,2024-06,monthly,2024,13479.0
0050,Tarvuz,Арбуз,Watermelon,Тарвуз,2024-06,monthly,2024,3938.0
0051,Qovun,Дыня,Melon,Қовун,2024-06,monthly,2024,7539.0
053,Mayiz,Кишмиш,Kishmish,Майиз,2024-06,monthly,2024,47882.0
055,Karam,Капуста,Cabbage,Карам,2024-06,monthly,2024,1880.0
057,Bodring,Огурцы,Cucumbers,Бодринг,2024-06,monthly,2024,4220.0
058,Pomidor,Помидоры,Tomatoes,Помидор,2024-06,monthly,2024,8429.0
059,Baqlajon,Баклажаны,Eggplant,Бақлажон,2024-06,monthly,2024,8443.0
0060,Bulg'or qalampiri,Перец болгарский,Bell pepper,Булғор қалампири,2024-06,monthly,2024,10441.0
061,Qovoq,Тыква,Pumpkin,Қовоқ,2024-06,monthly,2024,4000.0
063,Sabzi,Морковь,Carrot,Сабзи,2024-06,monthly,2024,2424.0
065,Sarimsoq,Чеснок,Garlic,Саримсоқ,2024-06,monthly,2024,21384.0
066,Piyoz,Лук репчатый,Onion,Пиёз,2024-06,monthly,2024,1709.0
069,Kartoshka,Картофель,Potatoes,Картошка,2024-06,monthly,2024,3867.0
0070,Loviya,Фасоль,Beans,Ловия,2024-06,monthly,2024,22384.0
071,No'xot,Горох,Peas,Нўхот,2024-06,monthly,2024,17157.0
0072,Mosh,Маш,Mash,Мош,2024-06,monthly,2024,13972.0
073,Shakar,Сахар песок,Sugar,Шакар,2024-06,monthly,2024,14099.0
001,Guruch,Рис,Rice,Гуруч,2024-07,monthly,2024,18107.0
003,Arpa,Ячмень,Barley,Арпа,2024-07,monthly,2024,2901.0
0004,Bug'doy,Пшеница,Wheat,Буғдой,2024-07,monthly,2024,2681.0
005,Jo'hori,Кукуруза,Corn,Жўҳори,2024-07,monthly,2024,2721.0
006,Kepak,Отруби,Bran,Кепак,2024-07,monthly,2024,2557.0
0008,Shrot,Шрот,Schroth,Шрот,2024-07,monthly,2024,4233.0
009,Shulxa,Шелуха,Husk,Шулха,2024-07,monthly,2024,3940.0
010,Kombikorm,Комбикорм,Compound feed,Комбикорм,2024-07,monthly,2024,3997.0
011,Oliy navli bug'doy uni,Мука пшеничная высшего сорта,High-grade wheat flour,Олий навли буғдой уни,2024-07,monthly,2024,8190.0
0012,1-navli bug'doy uni,Мука пшеничная первого сорта,First grade wheat flour,1-навли буғдой уни,2024-07,monthly,2024,5589.0
013,1-nav bug'doy unidan non,Хлеб пшеничный из муки 1-го сорта,Wheat bread from 1st grade flour,1-нав буғдой унидан нон,2024-07,monthly,2024,5595.0
017,Mol go'shti,Говядина,Beef,Мол гўшти,2024-07,monthly,2024,78416.0
0020,Qo'y go'shti,Баранина,Mutton,Қўй гўшти,2024-07,monthly,2024,85856.0
022,Tovuq go'shti,Мясо птицы,Poultry,Товуқ гўшти,2024-07,monthly,2024,27348.0
026,Turli baliqlar,Рыба всякая,Fish of all kinds,Турли балиқлар,2024-07,monthly,2024,30925.0
027,Yangi sog'ilgan sut (1 litr),Молоко свежее (1 литр),Fresh milk (1 liter),Янги соғилган сут (1 литр),2024-07,monthly,2024,6510.0
034,Tuxum (10 dona),Яйца (10 штук),Eggs (10 pieces ),Тухум (10 дона),2024-07,monthly,2024,9643.0
035,Paxta yog'i (1 litr),Масло хлопковое (1 литр),Cottonseed oil (1 liter),Пахта ёғи (1 литр),2024-07,monthly,2024,11123.0
0036,Kungaboqar yog'i (1 litr),Масло подсолнечное (1 литр),Sunflower oil (1 liter),Кунгабоқар ёғи (1 литр),2024-07,monthly,2024,14931.0
037,Sariyog',Масло сливочное,Butter,Сариёғ,2024-07,monthly,2024,65332.0
039,Limon,Лимоны,Lemons,Лимон,2024-07,monthly,2024,21104.0
0040,Olma,Яблоки,Apples,Олма,2024-07,monthly,2024,11325.0
041,Nok,Груши,Pears,Нок,2024-07,monthly,2024,19748.0
049,Uzum,Виноград,Grape,Узум,2024-07,monthly,2024,10728.0
0050,Tarvuz,Арбуз,Watermelon,Тарвуз,2024-07,monthly,2024,1581.0
0051,Qovun,Дыня,Melon,Қовун,2024-07,monthly,2024,3377.0
053,Mayiz,Кишмиш,Kishmish,Майиз,2024-07,monthly,2024,48215.0
055,Karam,Капуста,Cabbage,Карам,2024-07,monthly,2024,2113.0
057,Bodring,Огурцы,Cucumbers,Бодринг,2024-07,monthly,2024,2657.0
058,Pomidor,Помидоры,Tomatoes,Помидор,2024-07,monthly,2024,3806.0
059,Baqlajon,Баклажаны,Eggplant,Бақлажон,2024-07,monthly,2024,3800.0
0060,Bulg'or qalampiri,Перец болгарский,Bell pepper,Булғор қалампири,2024-07,monthly,2024,5828.0
063,Sabzi,Морковь,Carrot,Сабзи,2024-07,monthly,2024,2695.0
065,Sarimsoq,Чеснок,Garlic,Саримсоқ,2024-07,monthly,2024,21098.0
066,Piyoz,Лук репчатый,Onion,Пиёз,2024-07,monthly,2024,1703.0
069,Kartoshka,Картофель,Potatoes,Картошка,2024-07,monthly,2024,3795.0
0070,Loviya,Фасоль,Beans,Ловия,2024-07,monthly,2024,22991.0
071,No'xot,Горох,Peas,Нўхот,2024-07,monthly,2024,17031.0
0072,Mosh,Маш,Mash,Мош,2024-07,monthly,2024,14278.0
073,Shakar,Сахар песок,Sugar,Шакар,2024-07,monthly,2024,14087.0
001,Guruch,Рис,Rice,Гуруч,2024-08,monthly,2024,18312.0
003,Arpa,Ячмень,Barley,Арпа,2024-08,monthly,2024,2835.0
0004,Bug'doy,Пшеница,Wheat,Буғдой,2024-08,monthly,2024,2654.0
005,Jo'hori,Кукуруза,Corn,Жўҳори,2024-08,monthly,2024,2750.0
006,Kepak,Отруби,Bran,Кепак,2024-08,monthly,2024,2521.0
0008,Shrot,Шрот,Schroth,Шрот,2024-08,monthly,2024,4233.0
009,Shulxa,Шелуха,Husk,Шулха,2024-08,monthly,2024,3993.0
010,Kombikorm,Комбикорм,Compound feed,Комбикорм,2024-08,monthly,2024,3997.0
011,Oliy navli bug'doy uni,Мука пшеничная высшего сорта,High-grade wheat flour,Олий навли буғдой уни,2024-08,monthly,2024,8181.0
0012,1-navli bug'doy uni,Мука пшеничная первого сорта,First grade wheat flour,1-навли буғдой уни,2024-08,monthly,2024,5548.0
013,1-nav bug'doy unidan non,Хлеб пшеничный из муки 1-го сорта,Wheat bread from 1st grade flour,1-нав буғдой унидан нон,2024-08,monthly,2024,5611.0
017,Mol go'shti,Говядина,Beef,Мол гўшти,2024-08,monthly,2024,82610.0
0020,Qo'y go'shti,Баранина,Mutton,Қўй гўшти,2024-08,monthly,2024,88074.0
022,Tovuq go'shti,Мясо птицы,Poultry,Товуқ гўшти,2024-08,monthly,2024,27259.0
026,Turli baliqlar,Рыба всякая,Fish of all kinds,Турли балиқлар,2024-08,monthly,2024,31065.0
027,Yangi sog'ilgan sut (1 litr),Молоко свежее (1 литр),Fresh milk (1 liter),Янги соғилган сут (1 литр),2024-08,monthly,2024,6510.0
034,Tuxum (10 dona),Яйца (10 штук),Eggs (10 pieces ),Тухум (10 дона),2024-08,monthly,2024,9861.0
035,Paxta yog'i (1 litr),Масло хлопковое (1 литр),Cottonseed oil (1 liter),Пахта ёғи (1 литр),2024-08,monthly,2024,12028.0
0036,Kungaboqar yog'i (1 litr),Масло подсолнечное (1 литр),Sunflower oil (1 liter),Кунгабоқар ёғи (1 литр),2024-08,monthly,2024,15576.0
037,Sariyog',Масло сливочное,Butter,Сариёғ,2024-08,monthly,2024,65273.0
039,Limon,Лимоны,Lemons,Лимон,2024-08,monthly,2024,20475.0
0040,Olma,Яблоки,Apples,Олма,2024-08,monthly,2024,10316.0
041,Nok,Груши,Pears,Нок,2024-08,monthly,2024,18937.0
049,Uzum,Виноград,Grape,Узум,2024-08,monthly,2024,9891.0
0050,Tarvuz,Арбуз,Watermelon,Тарвуз,2024-08,monthly,2024,1095.0
0051,Qovun,Дыня,Melon,Қовун,2024-08,monthly,2024,1682.0
053,Mayiz,Кишмиш,Kishmish,Майиз,2024-08,monthly,2024,48715.0
055,Karam,Капуста,Cabbage,Карам,2024-08,monthly,2024,2265.0
057,Bodring,Огурцы,Cucumbers,Бодринг,2024-08,monthly,2024,3187.0
058,Pomidor,Помидоры,Tomatoes,Помидор,2024-08,monthly,2024,3336.0
059,Baqlajon,Баклажаны,Eggplant,Бақлажон,2024-08,monthly,2024,3317.0
0060,Bulg'or qalampiri,Перец болгарский,Bell pepper,Булғор қалампири,2024-08,monthly,2024,4844.0
061,Qovoq,Тыква,Pumpkin,Қовоқ,2024-08,monthly,2024,3427.0
063,Sabzi,Морковь,Carrot,Сабзи,2024-08,monthly,2024,2774.0
065,Sarimsoq,Чеснок,Garlic,Саримсоқ,2024-08,monthly,2024,22548.0
066,Piyoz,Лук репчатый,Onion,Пиёз,2024-08,monthly,2024,1834.0
069,Kartoshka,Картофель,Potatoes,Картошка,2024-08,monthly,2024,3886.0
0070,Loviya,Фасоль,Beans,Ловия,2024-08,monthly,2024,22663.0
071,No'xot,Горох,Peas,Нўхот,2024-08,monthly,2024,16749.0
0072,Mosh,Маш,Mash,Мош,2024-08,monthly,2024,14426.0
073,Shakar,Сахар песок,Sugar,Шакар,2024-08,monthly,2024,14124.0
001,Guruch,Рис,Rice,Гуруч,2024-09,monthly,2024,18646.0
003,Arpa,Ячмень,Barley,Арпа,2024-09,monthly,2024,2838.0
0004,Bug'doy,Пшеница,Wheat,Буғдой,2024-09,monthly,2024,2680.0
005,Jo'hori,Кукуруза,Corn,Жўҳори,2024-09,monthly,2024,2763.0
006,Kepak,Отруби,Bran,Кепак,2024-09,monthly,2024,2553.0
0008,Shrot,Шрот,Schroth,Шрот,2024-09,monthly,2024,4233.0
009,Shulxa,Шелуха,Husk,Шулха,2024-09,monthly,2024,4046.0
010,Kombikorm,Комбикорм,Compound feed,Комбикорм,2024-09,monthly,2024,4047.0
011,Oliy navli bug'doy uni,Мука пшеничная высшего сорта,High-grade wheat flour,Олий навли буғдой уни,2024-09,monthly,2024,8156.0
0012,1-navli bug'doy uni,Мука пшеничная первого сорта,First grade wheat flour,1-навли буғдой уни,2024-09,monthly,2024,5522.0
013,1-nav bug'doy unidan non,Хлеб пшеничный из муки 1-го сорта,Wheat bread from 1st grade flour,1-нав буғдой унидан нон,2024-09,monthly,2024,5581.0
017,Mol go'shti,Говядина,Beef,Мол гўшти,2024-09,monthly,2024,85797.0
0020,Qo'y go'shti,Баранина,Mutton,Қўй гўшти,2024-09,monthly,2024,90784.0
022,Tovuq go'shti,Мясо птицы,Poultry,Товуқ гўшти,2024-09,monthly,2024,27613.0
026,Turli baliqlar,Рыба всякая,Fish of all kinds,Турли балиқлар,2024-09,monthly,2024,29731.0
027,Yangi sog'ilgan sut (1 litr),Молоко свежее (1 литр),Fresh milk (1 liter),Янги соғилган сут (1 литр),2024-09,monthly,2024,6608.0
034,Tuxum (10 dona),Яйца (10 штук),Eggs (10 pieces ),Тухум (10 дона),2024-09,monthly,2024,9992.0
035,Paxta yog'i (1 litr),Масло хлопковое (1 литр),Cottonseed oil (1 liter),Пахта ёғи (1 литр),2024-09,monthly,2024,12613.0
0036,Kungaboqar yog'i (1 litr),Масло подсолнечное (1 литр),Sunflower oil (1 liter),Кунгабоқар ёғи (1 литр),2024-09,monthly,2024,15724.0
037,Sariyog',Масло сливочное,Butter,Сариёғ,2024-09,monthly,2024,65294.0
039,Limon,Лимоны,Lemons,Лимон,2024-09,monthly,2024,20619.0
0040,Olma,Яблоки,Apples,Олма,2024-09,monthly,2024,10056.0
041,Nok,Груши,Pears,Нок,2024-09,monthly,2024,18011.0
049,Uzum,Виноград,Grape,Узум,2024-09,monthly,2024,9656.0
0050,Tarvuz,Арбуз,Watermelon,Тарвуз,2024-09,monthly,2024,1155.0
0051,Qovun,Дыня,Melon,Қовун,2024-09,monthly,2024,1655.0
053,Mayiz,Кишмиш,Kishmish,Майиз,2024-09,monthly,2024,48715.0
055,Karam,Капуста,Cabbage,Карам,2024-09,monthly,2024,2189.0
057,Bodring,Огурцы,Cucumbers,Бодринг,2024-09,monthly,2024,6531.0
058,Pomidor,Помидоры,Tomatoes,Помидор,2024-09,monthly,2024,3914.0
059,Baqlajon,Баклажаны,Eggplant,Бақлажон,2024-09,monthly,2024,3880.0
0060,Bulg'or qalampiri,Перец болгарский,Bell pepper,Булғор қалампири,2024-09,monthly,2024,4822.0
061,Qovoq,Тыква,Pumpkin,Қовоқ,2024-09,monthly,2024,2996.0
063,Sabzi,Морковь,Carrot,Сабзи,2024-09,monthly,2024,3070.0
065,Sarimsoq,Чеснок,Garlic,Саримсоқ,2024-09,monthly,2024,25384.0
066,Piyoz,Лук репчатый,Onion,Пиёз,2024-09,monthly,2024,1909.0
069,Kartoshka,Картофель,Potatoes,Картошка,2024-09,monthly,2024,4039.0
0070,Loviya,Фасоль,Beans,Ловия,2024-09,monthly,2024,25328.0
071,No'xot,Горох,Peas,Нўхот,2024-09,monthly,2024,16920.0
0072,Mosh,Маш,Mash,Мош,2024-09,monthly,2024,15688.0
073,Shakar,Сахар песок,Sugar,Шакар,2024-09,monthly,2024,14100.0
001,Guruch,Рис,Rice,Гуруч,2024-10,monthly,2024,17771.0
003,Arpa,Ячмень,Barley,Арпа,2024-10,monthly,2024,2849.0
0004,Bug'doy,Пшеница,Wheat,Буғдой,2024-10,monthly,2024,2700.0
005,Jo'hori,Кукуруза,Corn,Жўҳори,2024-10,monthly,2024,2770.0
006,Kepak,Отруби,Bran,Кепак,2024-10,monthly,2024,2557.0
0008,Shrot,Шрот,Schroth,Шрот,2024-10,monthly,2024,4425.0
009,Shulxa,Шелуха,Husk,Шулха,2024-10,monthly,2024,3996.0
010,Kombikorm,Комбикорм,Compound feed,Комбикорм,2024-10,monthly,2024,4050.0
011,Oliy navli bug'doy uni,Мука пшеничная высшего сорта,High-grade wheat flour,Олий навли буғдой уни,2024-10,monthly,2024,8208.0
0012,1-navli bug'doy uni,Мука пшеничная первого сорта,First grade wheat flour,1-навли буғдой уни,2024-10,monthly,2024,5557.0
013,1-nav bug'doy unidan non,Хлеб пшеничный из муки 1-го сорта,Wheat bread from 1st grade flour,1-нав буғдой унидан нон,2024-10,monthly,2024,5595.0
017,Mol go'shti,Говядина,Beef,Мол гўшти,2024-10,monthly,2024,86993.0
0020,Qo'y go'shti,Баранина,Mutton,Қўй гўшти,2024-10,monthly,2024,92467.0
022,Tovuq go'shti,Мясо птицы,Poultry,Товуқ гўшти,2024-10,monthly,2024,28199.0
026,Turli baliqlar,Рыба всякая,Fish of all kinds,Турли балиқлар,2024-10,monthly,2024,30494.0
027,Yangi sog'ilgan sut (1 litr),Молоко свежее (1 литр),Fresh milk (1 liter),Янги соғилган сут (1 литр),2024-10,monthly,2024,6608.0
034,Tuxum (10 dona),Яйца (10 штук),Eggs (10 pieces ),Тухум (10 дона),2024-10,monthly,2024,10055.0
035,Paxta yog'i (1 litr),Масло хлопковое (1 литр),Cottonseed oil (1 liter),Пахта ёғи (1 литр),2024-10,monthly,2024,12963.0
0036,Kungaboqar yog'i (1 litr),Масло подсолнечное (1 литр),Sunflower oil (1 liter),Кунгабоқар ёғи (1 литр),2024-10,monthly,2024,16065.0
037,Sariyog',Масло сливочное,Butter,Сариёғ,2024-10,monthly,2024,65354.0
039,Limon,Лимоны,Lemons,Лимон,2024-10,monthly,2024,22193.0
0040,Olma,Яблоки,Apples,Олма,2024-10,monthly,2024,10054.0
041,Nok,Груши,Pears,Нок,2024-10,monthly,2024,18411.0
049,Uzum,Виноград,Grape,Узум,2024-10,monthly,2024,10174.0
0050,Tarvuz,Арбуз,Watermelon,Тарвуз,2024-10,monthly,2024,1650.0
0051,Qovun,Дыня,Melon,Қовун,2024-10,monthly,2024,1906.0
053,Mayiz,Кишмиш,Kishmish,Майиз,2024-10,monthly,2024,48903.0
055,Karam,Капуста,Cabbage,Карам,2024-10,monthly,2024,2259.0
057,Bodring,Огурцы,Cucumbers,Бодринг,2024-10,monthly,2024,8543.0
058,Pomidor,Помидоры,Tomatoes,Помидор,2024-10,monthly,2024,4772.0
059,Baqlajon,Баклажаны,Eggplant,Бақлажон,2024-10,monthly,2024,3683.0
0060,Bulg'or qalampiri,Перец болгарский,Bell pepper,Булғор қалампири,2024-10,monthly,2024,5394.0
061,Qovoq,Тыква,Pumpkin,Қовоқ,2024-10,monthly,2024,3012.0
063,Sabzi,Морковь,Carrot,Сабзи,2024-10,monthly,2024,3219.0
065,Sarimsoq,Чеснок,Garlic,Саримсоқ,2024-10,monthly,2024,27761.0
066,Piyoz,Лук репчатый,Onion,Пиёз,2024-10,monthly,2024,2051.0
069,Kartoshka,Картофель,Potatoes,Картошка,2024-10,monthly,2024,4138.0
0070,Loviya,Фасоль,Beans,Ловия,2024-10,monthly,2024,25689.0
071,No'xot,Горох,Peas,Нўхот,2024-10,monthly,2024,16846.0
0072,Mosh,Маш,Mash,Мош,2024-10,monthly,2024,15663.0
073,Shakar,Сахар песок,Sugar,Шакар,2024-10,monthly,2024,14014.0
001,Guruch,Рис,Rice,Гуруч,2024-11,monthly,2024,17383.0
003,Arpa,Ячмень,Barley,Арпа,2024-11,monthly,2024,2910.0
0004,Bug'doy,Пшеница,Wheat,Буғдой,2024-11,monthly,2024,2814.0
005,Jo'hori,Кукуруза,Corn,Жўҳори,2024-11,monthly,2024,2790.0
006,Kepak,Отруби,Bran,Кепак,2024-11,monthly,2024,2598.0
0008,Shrot,Шрот,Schroth,Шрот,2024-11,monthly,2024,4425.0
009,Shulxa,Шелуха,Husk,Шулха,2024-11,monthly,2024,3996.0
010,Kombikorm,Комбикорм,Compound feed,Комбикорм,2024-11,monthly,2024,4022.0
011,Oliy navli bug'doy uni,Мука пшеничная высшего сорта,High-grade wheat flour,Олий навли буғдой уни,2024-11,monthly,2024,8220.0
0012,1-navli bug'doy uni,Мука пшеничная первого сорта,First grade wheat flour,1-навли буғдой уни,2024-11,monthly,2024,5623.0
013,1-nav bug'doy unidan non,Хлеб пшеничный из муки 1-го сорта,Wheat bread from 1st grade flour,1-нав буғдой унидан нон,2024-11,monthly,2024,5690.0
017,Mol go'shti,Говядина,Beef,Мол гўшти,2024-11,monthly,2024,88126.0
0020,Qo'y go'shti,Баранина,Mutton,Қўй гўшти,2024-11,monthly,2024,93240.0
022,Tovuq go'shti,Мясо птицы,Poultry,Товуқ гўшти,2024-11,monthly,2024,29021.0
026,Turli baliqlar,Рыба всякая,Fish of all kinds,Турли балиқлар,2024-11,monthly,2024,31110.0
027,Yangi sog'ilgan sut (1 litr),Молоко свежее (1 литр),Fresh milk (1 liter),Янги соғилган сут (1 литр),2024-11,monthly,2024,6660.0
034,Tuxum (10 dona),Яйца (10 штук),Eggs (10 pieces ),Тухум (10 дона),2024-11,monthly,2024,10231.0
035,Paxta yog'i (1 litr),Масло хлопковое (1 литр),Cottonseed oil (1 liter),Пахта ёғи (1 литр),2024-11,monthly,2024,14495.0
0036,Kungaboqar yog'i (1 litr),Масло подсолнечное (1 литр),Sunflower oil (1 liter),Кунгабоқар ёғи (1 литр),2024-11,monthly,2024,17416.0
037,Sariyog',Масло сливочное,Butter,Сариёғ,2024-11,monthly,2024,65599.0
039,Limon,Лимоны,Lemons,Лимон,2024-11,monthly,2024,23042.0
0040,Olma,Яблоки,Apples,Олма,2024-11,monthly,2024,9221.0
041,Nok,Груши,Pears,Нок,2024-11,monthly,2024,17715.0
049,Uzum,Виноград,Grape,Узум,2024-11,monthly,2024,11657.0
0050,Tarvuz,Арбуз,Watermelon,Тарвуз,2024-11,monthly,2024,1956.0
0051,Qovun,Дыня,Melon,Қовун,2024-11,monthly,2024,2245.0
053,Mayiz,Кишмиш,Kishmish,Майиз,2024-11,monthly,2024,49252.0
055,Karam,Капуста,Cabbage,Карам,2024-11,monthly,2024,2248.0
057,Bodring,Огурцы,Cucumbers,Бодринг,2024-11,monthly,2024,13788.0
058,Pomidor,Помидоры,Tomatoes,Помидор,2024-11,monthly,2024,9669.0
059,Baqlajon,Баклажаны,Eggplant,Бақлажон,2024-11,monthly,2024,4497.0
0060,Bulg'or qalampiri,Перец болгарский,Bell pepper,Булғор қалампири,2024-11,monthly,2024,7385.0
061,Qovoq,Тыква,Pumpkin,Қовоқ,2024-11,monthly,2024,2703.0
063,Sabzi,Морковь,Carrot,Сабзи,2024-11,monthly,2024,3391.0
065,Sarimsoq,Чеснок,Garlic,Саримсоқ,2024-11,monthly,2024,29840.0
066,Piyoz,Лук репчатый,Onion,Пиёз,2024-11,monthly,2024,2111.0
069,Kartoshka,Картофель,Potatoes,Картошка,2024-11,monthly,2024,4530.0
0070,Loviya,Фасоль,Beans,Ловия,2024-11,monthly,2024,24270.0
071,No'xot,Горох,Peas,Нўхот,2024-11,monthly,2024,16878.0
0072,Mosh,Маш,Mash,Мош,2024-11,monthly,2024,15142.0
073,Shakar,Сахар песок,Sugar,Шакар,2024-11,monthly,2024,13589.0
001,Guruch,Рис,Rice,Гуруч,2024-12,monthly,2024,16070.0
003,Arpa,Ячмень,Barley,Арпа,2024-12,monthly,2024,3025.0
0004,Bug'doy,Пшеница,Wheat,Буғдой,2024-12,monthly,2024,2895.0
005,Jo'hori,Кукуруза,Corn,Жўҳори,2024-12,monthly,2024,2921.0
006,Kepak,Отруби,Bran,Кепак,2024-12,monthly,2024,2721.0
0008,Shrot,Шрот,Schroth,Шрот,2024-12,monthly,2024,4450.0
009,Shulxa,Шелуха,Husk,Шулха,2024-12,monthly,2024,4046.0
010,Kombikorm,Комбикорм,Compound feed,Комбикорм,2024-12,monthly,2024,4022.0
011,Oliy navli bug'doy uni,Мука пшеничная высшего сорта,High-grade wheat flour,Олий навли буғдой уни,2024-12,monthly,2024,8246.0
0012,1-navli bug'doy uni,Мука пшеничная первого сорта,First grade wheat flour,1-навли буғдой уни,2024-12,monthly,2024,5648.0
013,1-nav bug'doy unidan non,Хлеб пшеничный из муки 1-го сорта,Wheat bread from 1st grade flour,1-нав буғдой унидан нон,2024-12,monthly,2024,5778.0
017,Mol go'shti,Говядина,Beef,Мол гўшти,2024-12,monthly,2024,88826.0
0020,Qo'y go'shti,Баранина,Mutton,Қўй гўшти,2024-12,monthly,2024,93895.0
022,Tovuq go'shti,Мясо птицы,Poultry,Товуқ гўшти,2024-12,monthly,2024,29775.0
026,Turli baliqlar,Рыба всякая,Fish of all kinds,Турли балиқлар,2024-12,monthly,2024,31790.0
027,Yangi sog'ilgan sut (1 litr),Молоко свежее (1 литр),Fresh milk (1 liter),Янги соғилган сут (1 литр),2024-12,monthly,2024,6831.0
034,Tuxum (10 dona),Яйца (10 штук),Eggs (10 pieces ),Тухум (10 дона),2024-12,monthly,2024,12656.0
035,Paxta yog'i (1 litr),Масло хлопковое (1 литр),Cottonseed oil (1 liter),Пахта ёғи (1 литр),2024-12,monthly,2024,16072.0
0036,Kungaboqar yog'i (1 litr),Масло подсолнечное (1 литр),Sunflower oil (1 liter),Кунгабоқар ёғи (1 литр),2024-12,monthly,2024,18462.0
037,Sariyog',Масло сливочное,Butter,Сариёғ,2024-12,monthly,2024,65685.0
039,Limon,Лимоны,Lemons,Лимон,2024-12,monthly,2024,19935.0
0040,Olma,Яблоки,Apples,Олма,2024-12,monthly,2024,9832.0
041,Nok,Груши,Pears,Нок,2024-12,monthly,2024,18463.0
049,Uzum,Виноград,Grape,Узум,2024-12,monthly,2024,17665.0
0050,Tarvuz,Арбуз,Watermelon,Тарвуз,2024-12,monthly,2024,2622.0
0051,Qovun,Дыня,Melon,Қовун,2024-12,monthly,2024,2813.0
053,Mayiz,Кишмиш,Kishmish,Майиз,2024-12,monthly,2024,50079.0
055,Karam,Капуста,Cabbage,Карам,2024-12,monthly,2024,2302.0
057,Bodring,Огурцы,Cucumbers,Бодринг,2024-12,monthly,2024,22652.0
058,Pomidor,Помидоры,Tomatoes,Помидор,2024-12,monthly,2024,15260.0
059,Baqlajon,Баклажаны,Eggplant,Бақлажон,2024-12,monthly,2024,5749.0
0060,Bulg'or qalampiri,Перец болгарский,Bell pepper,Булғор қалампири,2024-12,monthly,2024,14235.0
061,Qovoq,Тыква,Pumpkin,Қовоқ,2024-12,monthly,2024,2519.0
063,Sabzi,Морковь,Carrot,Сабзи,2024-12,monthly,2024,3311.0
065,Sarimsoq,Чеснок,Garlic,Саримсоқ,2024-12,monthly,2024,30628.0
066,Piyoz,Лук репчатый,Onion,Пиёз,2024-12,monthly,2024,2278.0
069,Kartoshka,Картофель,Potatoes,Картошка,2024-12,monthly,2024,4953.0
0070,Loviya,Фасоль,Beans,Ловия,2024-12,monthly,2024,23183.0
071,No'xot,Горох,Peas,Нўхот,2024-12,monthly,2024,17623.0
0072,Mosh,Маш,Mash,Мош,2024-12,monthly,2024,15053.0
073,Shakar,Сахар песок,Sugar,Шакар,2024-12,monthly,2024,13474.0
001,Guruch,Рис,Rice,Гуруч,2025-01,monthly,2025,15419.0
003,Arpa,Ячмень,Barley,Арпа,2025-01,monthly,2025,3030.0
0004,Bug'doy,Пшеница,Wheat,Буғдой,2025-01,monthly,2025,2900.0
005,Jo'hori,Кукуруза,Corn,Жўҳори,2025-01,monthly,2025,2986.0
006,Kepak,Отруби,Bran,Кепак,2025-01,monthly,2025,2806.0
0008,Shrot,Шрот,Schroth,Шрот,2025-01,monthly,2025,4450.0
009,Shulxa,Шелуха,Husk,Шулха,2025-01,monthly,2025,4046.0
010,Kombikorm,Комбикорм,Compound feed,Комбикорм,2025-01,monthly,2025,4022.0
011,Oliy navli bug'doy uni,Мука пшеничная высшего сорта,High-grade wheat flour,Олий навли буғдой уни,2025-01,monthly,2025,8255.0
0012,1-navli bug'doy uni,Мука пшеничная первого сорта,First grade wheat flour,1-навли буғдой уни,2025-01,monthly,2025,5663.0
013,1-nav bug'doy unidan non,Хлеб пшеничный из муки 1-го сорта,Wheat bread from 1st grade flour,1-нав буғдой унидан нон,2025-01,monthly,2025,5778.0
017,Mol go'shti,Говядина,Beef,Мол гўшти,2025-01,monthly,2025,89883.0
0020,Qo'y go'shti,Баранина,Mutton,Қўй гўшти,2025-01,monthly,2025,94698.0
022,Tovuq go'shti,Мясо птицы,Poultry,Товуқ гўшти,2025-01,monthly,2025,30221.0
026,Turli baliqlar,Рыба всякая,Fish of all kinds,Турли балиқлар,2025-01,monthly,2025,33421.0
027,Yangi sog'ilgan sut (1 litr),Молоко свежее (1 литр),Fresh milk (1 liter),Янги соғилган сут (1 литр),2025-01,monthly,2025,6866.0
034,Tuxum (10 dona),Яйца (10 штук),Eggs (10 pieces ),Тухум (10 дона),2025-01,monthly,2025,11516.0
035,Paxta yog'i (1 litr),Масло хлопковое (1 литр),Cottonseed oil (1 liter),Пахта ёғи (1 литр),2025-01,monthly,2025,16863.0
0036,Kungaboqar yog'i (1 litr),Масло подсолнечное (1 литр),Sunflower oil (1 liter),Кунгабоқар ёғи (1 литр),2025-01,monthly,2025,19079.0
037,Sariyog',Масло сливочное,Butter,Сариёғ,2025-01,monthly,2025,65886.0
039,Limon,Лимоны,Lemons,Лимон,2025-01,monthly,2025,19570.0
0040,Olma,Яблоки,Apples,Олма,2025-01,monthly,2025,10405.0
041,Nok,Груши,Pears,Нок,2025-01,monthly,2025,19146.0
049,Uzum,Виноград,Grape,Узум,2025-01,monthly,2025,20657.0
0050,Tarvuz,Арбуз,Watermelon,Тарвуз,2025-01,monthly,2025,4290.0
0051,Qovun,Дыня,Melon,Қовун,2025-01,monthly,2025,3871.0
053,Mayiz,Кишмиш,Kishmish,Майиз,2025-01,monthly,2025,50523.0
055,Karam,Капуста,Cabbage,Карам,2025-01,monthly,2025,3057.0
057,Bodring,Огурцы,Cucumbers,Бодринг,2025-01,monthly,2025,24187.0
058,Pomidor,Помидоры,Tomatoes,Помидор,2025-01,monthly,2025,18495.0
059,Baqlajon,Баклажаны,Eggplant,Бақлажон,2025-01,monthly,2025,8761.0
0060,Bulg'or qalampiri,Перец болгарский,Bell pepper,Булғор қалампири,2025-01,monthly,2025,25202.0
061,Qovoq,Тыква,Pumpkin,Қовоқ,2025-01,monthly,2025,2684.0
063,Sabzi,Морковь,Carrot,Сабзи,2025-01,monthly,2025,3332.0
065,Sarimsoq,Чеснок,Garlic,Саримсоқ,2025-01,monthly,2025,31583.0
066,Piyoz,Лук репчатый,Onion,Пиёз,2025-01,monthly,2025,2653.0
069,Kartoshka,Картофель,Potatoes,Картошка,2025-01,monthly,2025,6616.0
0070,Loviya,Фасоль,Beans,Ловия,2025-01,monthly,2025,22730.0
071,No'xot,Горох,Peas,Нўхот,2025-01,monthly,2025,17903.0
0072,Mosh,Маш,Mash,Мош,2025-01,monthly,2025,15391.0
073,Shakar,Сахар песок,Sugar,Шакар,2025-01,monthly,2025,13313.0
001,Guruch,Рис,Rice,Гуруч,2025-02,monthly,2025,15310.0
003,Arpa,Ячмень,Barley,Арпа,2025-02,monthly,2025,3030.0
0004,Bug'doy,Пшеница,Wheat,Буғдой,2025-02,monthly,2025,2900.0
005,Jo'hori,Кукуруза,Corn,Жўҳори,2025-02,monthly,2025,3000.0
006,Kepak,Отруби,Bran,Кепак,2025-02,monthly,2025,2823.0
0008,Shrot,Шрот,Schroth,Шрот,2025-02,monthly,2025,4450.0
009,Shulxa,Шелуха,Husk,Шулха,2025-02,monthly,2025,4046.0
010,Kombikorm,Комбикорм,Compound feed,Комбикорм,2025-02,monthly,2025,4022.0
011,Oliy navli bug'doy uni,Мука пшеничная высшего сорта,High-grade wheat flour,Олий навли буғдой уни,2025-02,monthly,2025,8255.0
0012,1-navli bug'doy uni,Мука пшеничная первого сорта,First grade wheat flour,1-навли буғдой уни,2025-02,monthly,2025,5663.0
013,1-nav bug'doy unidan non,Хлеб пшеничный из муки 1-го сорта,Wheat bread from 1st grade flour,1-нав буғдой унидан нон,2025-02,monthly,2025,5778.0
017,Mol go'shti,Говядина,Beef,Мол гўшти,2025-02,monthly,2025,90563.0
0020,Qo'y go'shti,Баранина,Mutton,Қўй гўшти,2025-02,monthly,2025,96458.0
022,Tovuq go'shti,Мясо птицы,Poultry,Товуқ гўшти,2025-02,monthly,2025,30274.0
026,Turli baliqlar,Рыба всякая,Fish of all kinds,Турли балиқлар,2025-02,monthly,2025,34520.0
027,Yangi sog'ilgan sut (1 litr),Молоко свежее (1 литр),Fresh milk (1 liter),Янги соғилган сут (1 литр),2025-02,monthly,2025,6921.0
034,Tuxum (10 dona),Яйца (10 штук),Eggs (10 pieces ),Тухум (10 дона),2025-02,monthly,2025,10361.0
035,Paxta yog'i (1 litr),Масло хлопковое (1 литр),Cottonseed oil (1 liter),Пахта ёғи (1 литр),2025-02,monthly,2025,16581.0
0036,Kungaboqar yog'i (1 litr),Масло подсолнечное (1 литр),Sunflower oil (1 liter),Кунгабоқар ёғи (1 литр),2025-02,monthly,2025,19090.0
037,Sariyog',Масло сливочное,Butter,Сариёғ,2025-02,monthly,2025,65919.0
039,Limon,Лимоны,Lemons,Лимон,2025-02,monthly,2025,20231.0
0040,Olma,Яблоки,Apples,Олма,2025-02,monthly,2025,9981.0
041,Nok,Груши,Pears,Нок,2025-02,monthly,2025,18909.0
049,Uzum,Виноград,Grape,Узум,2025-02,monthly,2025,20083.0
0050,Tarvuz,Арбуз,Watermelon,Тарвуз,2025-02,monthly,2025,5833.0
0051,Qovun,Дыня,Melon,Қовун,2025-02,monthly,2025,5000.0
053,Mayiz,Кишмиш,Kishmish,Майиз,2025-02,monthly,2025,51213.0
055,Karam,Капуста,Cabbage,Карам,2025-02,monthly,2025,4208.0
057,Bodring,Огурцы,Cucumbers,Бодринг,2025-02,monthly,2025,23457.0
058,Pomidor,Помидоры,Tomatoes,Помидор,2025-02,monthly,2025,19814.0
059,Baqlajon,Баклажаны,Eggplant,Бақлажон,2025-02,monthly,2025,16271.0
0060,Bulg'or qalampiri,Перец болгарский,Bell pepper,Булғор қалампири,2025-02,monthly,2025,30893.0
061,Qovoq,Тыква,Pumpkin,Қовоқ,2025-02,monthly,2025,3411.0
063,Sabzi,Морковь,Carrot,Сабзи,2025-02,monthly,2025,3264.0
065,Sarimsoq,Чеснок,Garlic,Саримсоқ,2025-02,monthly,2025,32371.0
066,Piyoz,Лук репчатый,Onion,Пиёз,2025-02,monthly,2025,2570.0
069,Kartoshka,Картофель,Potatoes,Картошка,2025-02,monthly,2025,6609.0
0070,Loviya,Фасоль,Beans,Ловия,2025-02,monthly,2025,22434.0
071,No'xot,Горох,Peas,Нўхот,2025-02,monthly,2025,18023.0
0072,Mosh,Маш,Mash,Мош,2025-02,monthly,2025,15460.0
073,Shakar,Сахар песок,Sugar,Шакар,2025-02,monthly,2025,13105.0
001,Guruch,Рис,Rice,Гуруч,2025-03,monthly,2025,15402.0
003,Arpa,Ячмень,Barley,Арпа,2025-03,monthly,2025,3094.0
0004,Bug'doy,Пшеница,Wheat,Буғдой,2025-03,monthly,2025,2974.0
005,Jo'hori,Кукуруза,Corn,Жўҳори,2025-03,monthly,2025,3122.0
006,Kepak,Отруби,Bran,Кепак,2025-03,monthly,2025,2888.0
0008,Shrot,Шрот,Schroth,Шрот,2025-03,monthly,2025,4506.0
009,Shulxa,Шелуха,Husk,Шулха,2025-03,monthly,2025,4037.0
010,Kombikorm,Комбикорм,Compound feed,Комбикорм,2025-03,monthly,2025,4041.0
011,Oliy navli bug'doy uni,Мука пшеничная высшего сорта,High-grade wheat flour,Олий навли буғдой уни,2025-03,monthly,2025,8276.0
0012,1-navli bug'doy uni,Мука пшеничная первого сорта,First grade wheat flour,1-навли буғдой уни,2025-03,monthly,2025,5766.0
013,1-nav bug'doy unidan non,Хлеб пшеничный из муки 1-го сорта,Wheat bread from 1st grade flour,1-нав буғдой унидан нон,2025-03,monthly,2025,6073.0
017,Mol go'shti,Говядина,Beef,Мол гўшти,2025-03,monthly,2025,97532.0
0020,Qo'y go'shti,Баранина,Mutton,Қўй гўшти,2025-03,monthly,2025,105557.0
022,Tovuq go'shti,Мясо птицы,Poultry,Товуқ гўшти,2025-03,monthly,2025,29893.0
026,Turli baliqlar,Рыба всякая,Fish of all kinds,Турли балиқлар,2025-03,monthly,2025,34835.0
027,Yangi sog'ilgan sut (1 litr),Молоко свежее (1 литр),Fresh milk (1 liter),Янги соғилган сут (1 литр),2025-03,monthly,2025,6996.0
034,Tuxum (10 dona),Яйца (10 штук),Eggs (10 pieces ),Тухум (10 дона),2025-03,monthly,2025,11000.0
035,Paxta yog'i (1 litr),Масло хлопковое (1 литр),Cottonseed oil (1 liter),Пахта ёғи (1 литр),2025-03,monthly,2025,16668.0
0036,Kungaboqar yog'i (1 litr),Масло подсолнечное (1 литр),Sunflower oil (1 liter),Кунгабоқар ёғи (1 литр),2025-03,monthly,2025,19149.0
037,Sariyog',Масло сливочное,Butter,Сариёғ,2025-03,monthly,2025,65828.0
039,Limon,Лимоны,Lemons,Лимон,2025-03,monthly,2025,23635.0
0040,Olma,Яблоки,Apples,Олма,2025-03,monthly,2025,9760.0
041,Nok,Груши,Pears,Нок,2025-03,monthly,2025,18899.0
049,Uzum,Виноград,Grape,Узум,2025-03,monthly,2025,21180.0
053,Mayiz,Кишмиш,Kishmish,Майиз,2025-03,monthly,2025,53248.0
055,Karam,Капуста,Cabbage,Карам,2025-03,monthly,2025,4850.0
057,Bodring,Огурцы,Cucumbers,Бодринг,2025-03,monthly,2025,23802.0
058,Pomidor,Помидоры,Tomatoes,Помидор,2025-03,monthly,2025,29097.0
059,Baqlajon,Баклажаны,Eggplant,Бақлажон,2025-03,monthly,2025,23500.0
0060,Bulg'or qalampiri,Перец болгарский,Bell pepper,Булғор қалампири,2025-03,monthly,2025,34715.0
061,Qovoq,Тыква,Pumpkin,Қовоқ,2025-03,monthly,2025,4779.0
063,Sabzi,Морковь,Carrot,Сабзи,2025-03,monthly,2025,4806.0
065,Sarimsoq,Чеснок,Garlic,Саримсоқ,2025-03,monthly,2025,32907.0
066,Piyoz,Лук репчатый,Onion,Пиёз,2025-03,monthly,2025,2771.0
069,Kartoshka,Картофель,Potatoes,Картошка,2025-03,monthly,2025,5889.0
0070,Loviya,Фасоль,Beans,Ловия,2025-03,monthly,2025,22860.0
071,No'xot,Горох,Peas,Нўхот,2025-03,monthly,2025,18287.0
0072,Mosh,Маш,Mash,Мош,2025-03,monthly,2025,15940.0
073,Shakar,Сахар песок,Sugar,Шакар,2025-03,monthly,2025,13155.0
001,Guruch,Рис,Rice,Гуруч,2025-04,monthly,2025,15400.0
003,Arpa,Ячмень,Barley,Арпа,2025-04,monthly,2025,3135.0
0004,Bug'doy,Пшеница,Wheat,Буғдой,2025-04,monthly,2025,3047.0
005,Jo'hori,Кукуруза,Corn,Жўҳори,2025-04,monthly,2025,3425.0
006,Kepak,Отруби,Bran,Кепак,2025-04,monthly,2025,2980.0
0008,Shrot,Шрот,Schroth,Шрот,2025-04,monthly,2025,4525.0
009,Shulxa,Шелуха,Husk,Шулха,2025-04,monthly,2025,4029.0
010,Kombikorm,Комбикорм,Compound feed,Комбикорм,2025-04,monthly,2025,4043.0
011,Oliy navli bug'doy uni,Мука пшеничная высшего сорта,High-grade wheat flour,Олий навли буғдой уни,2025-04,monthly,2025,8264.0
0012,1-navli bug'doy uni,Мука пшеничная первого сорта,First grade wheat flour,1-навли буғдой уни,2025-04,monthly,2025,5783.0
013,1-nav bug'doy unidan non,Хлеб пшеничный из муки 1-го сорта,Wheat bread from 1st grade flour,1-нав буғдой унидан нон,2025-04,monthly,2025,5858.0
017,Mol go'shti,Говядина,Beef,Мол гўшти,2025-04,monthly,2025,99785.0
0020,Qo'y go'shti,Баранина,Mutton,Қўй гўшти,2025-04,monthly,2025,108378.0
022,Tovuq go'shti,Мясо птицы,Poultry,Товуқ гўшти,2025-04,monthly,2025,29557.0
026,Turli baliqlar,Рыба всякая,Fish of all kinds,Турли балиқлар,2025-04,monthly,2025,35025.0
027,Yangi sog'ilgan sut (1 litr),Молоко свежее (1 литр),Fresh milk (1 liter),Янги соғилган сут (1 литр),2025-04,monthly,2025,6956.0
034,Tuxum (10 dona),Яйца (10 штук),Eggs (10 pieces ),Тухум (10 дона),2025-04,monthly,2025,9995.0
035,Paxta yog'i (1 litr),Масло хлопковое (1 литр),Cottonseed oil (1 liter),Пахта ёғи (1 литр),2025-04,monthly,2025,16831.0
0036,Kungaboqar yog'i (1 litr),Масло подсолнечное (1 литр),Sunflower oil (1 liter),Кунгабоқар ёғи (1 литр),2025-04,monthly,2025,19257.0
037,Sariyog',Масло сливочное,Butter,Сариёғ,2025-04,monthly,2025,65806.0
039,Limon,Лимоны,Lemons,Лимон,2025-04,monthly,2025,27651.0
0040,Olma,Яблоки,Apples,Олма,2025-04,monthly,2025,9849.0
041,Nok,Груши,Pears,Нок,2025-04,monthly,2025,18903.0
049,Uzum,Виноград,Grape,Узум,2025-04,monthly,2025,25088.0
053,Mayiz,Кишмиш,Kishmish,Майиз,2025-04,monthly,2025,53687.0
055,Karam,Капуста,Cabbage,Карам,2025-04,monthly,2025,5885.0
057,Bodring,Огурцы,Cucumbers,Бодринг,2025-04,monthly,2025,12539.0
058,Pomidor,Помидоры,Tomatoes,Помидор,2025-04,monthly,2025,26537.0
059,Baqlajon,Баклажаны,Eggplant,Бақлажон,2025-04,monthly,2025,21533.0
0060,Bulg'or qalampiri,Перец болгарский,Bell pepper,Булғор қалампири,2025-04,monthly,2025,36165.0
061,Qovoq,Тыква,Pumpkin,Қовоқ,2025-04,monthly,2025,4913.0
063,Sabzi,Морковь,Carrot,Сабзи,2025-04,monthly,2025,5287.0
065,Sarimsoq,Чеснок,Garlic,Саримсоқ,2025-04,monthly,2025,33522.0
066,Piyoz,Лук репчатый,Onion,Пиёз,2025-04,monthly,2025,3488.0
069,Kartoshka,Картофель,Potatoes,Картошка,2025-04,monthly,2025,5919.0
0070,Loviya,Фасоль,Beans,Ловия,2025-04,monthly,2025,23151.0
071,No'xot,Горох,Peas,Нўхот,2025-04,monthly,2025,18501.0
0072,Mosh,Маш,Mash,Мош,2025-04,monthly,2025,16433.0
073,Shakar,Сахар песок,Sugar,Шакар,2025-04,monthly,2025,13223.0
001,Guruch,Рис,Rice,Гуруч,2025-05,monthly,2025,15094.0
003,Arpa,Ячмень,Barley,Арпа,2025-05,monthly,2025,3160.0
0004,Bug'doy,Пшеница,Wheat,Буғдой,2025-05,monthly,2025,3073.0
005,Jo'hori,Кукуруза,Corn,Жўҳори,2025-05,monthly,2025,3488.0
006,Kepak,Отруби,Bran,Кепак,2025-05,monthly,2025,3079.0
0008,Shrot,Шрот,Schroth,Шрот,2025-05,monthly,2025,4525.0
009,Shulxa,Шелуха,Husk,Шулха,2025-05,monthly,2025,4044.0
010,Kombikorm,Комбикорм,Compound feed,Комбикорм,2025-05,monthly,2025,4043.0
011,Oliy navli bug'doy uni,Мука пшеничная высшего сорта,High-grade wheat flour,Олий навли буғдой уни,2025-05,monthly,2025,8263.0
0012,1-navli bug'doy uni,Мука пшеничная первого сорта,First grade wheat flour,1-навли буғдой уни,2025-05,monthly,2025,5777.0
013,1-nav bug'doy unidan non,Хлеб пшеничный из муки 1-го сорта,Wheat bread from 1st grade flour,1-нав буғдой унидан нон,2025-05,monthly,2025,5790.0
017,Mol go'shti,Говядина,Beef,Мол гўшти,2025-05,monthly,2025,100265.0
0020,Qo'y go'shti,Баранина,Mutton,Қўй гўшти,2025-05,monthly,2025,108771.0
022,Tovuq go'shti,Мясо птицы,Poultry,Товуқ гўшти,2025-05,monthly,2025,30279.0
026,Turli baliqlar,Рыба всякая,Fish of all kinds,Турли балиқлар,2025-05,monthly,2025,35181.0
027,Yangi sog'ilgan sut (1 litr),Молоко свежее (1 литр),Fresh milk (1 liter),Янги соғилган сут (1 литр),2025-05,monthly,2025,6888.0
034,Tuxum (10 dona),Яйца (10 штук),Eggs (10 pieces ),Тухум (10 дона),2025-05,monthly,2025,9348.0
035,Paxta yog'i (1 litr),Масло хлопковое (1 литр),Cottonseed oil (1 liter),Пахта ёғи (1 литр),2025-05,monthly,2025,17070.0
0036,Kungaboqar yog'i (1 litr),Масло подсолнечное (1 литр),Sunflower oil (1 liter),Кунгабоқар ёғи (1 литр),2025-05,monthly,2025,19463.0
037,Sariyog',Масло сливочное,Butter,Сариёғ,2025-05,monthly,2025,65869.0
039,Limon,Лимоны,Lemons,Лимон,2025-05,monthly,2025,31768.0
0040,Olma,Яблоки,Apples,Олма,2025-05,monthly,2025,9962.0
041,Nok,Груши,Pears,Нок,2025-05,monthly,2025,18506.0
049,Uzum,Виноград,Grape,Узум,2025-05,monthly,2025,28533.0
0050,Tarvuz,Арбуз,Watermelon,Тарвуз,2025-05,monthly,2025,6156.0
0051,Qovun,Дыня,Melon,Қовун,2025-05,monthly,2025,8000.0
053,Mayiz,Кишмиш,Kishmish,Майиз,2025-05,monthly,2025,53687.0
055,Karam,Капуста,Cabbage,Карам,2025-05,monthly,2025,4656.0
057,Bodring,Огурцы,Cucumbers,Бодринг,2025-05,monthly,2025,4300.0
058,Pomidor,Помидоры,Tomatoes,Помидор,2025-05,monthly,2025,16876.0
059,Baqlajon,Баклажаны,Eggplant,Бақлажон,2025-05,monthly,2025,13067.0
0060,Bulg'or qalampiri,Перец болгарский,Bell pepper,Булғор қалампири,2025-05,monthly,2025,21840.0
061,Qovoq,Тыква,Pumpkin,Қовоқ,2025-05,monthly,2025,4933.0
063,Sabzi,Морковь,Carrot,Сабзи,2025-05,monthly,2025,5154.0
065,Sarimsoq,Чеснок,Garlic,Саримсоқ,2025-05,monthly,2025,29815.0
066,Piyoz,Лук репчатый,Onion,Пиёз,2025-05,monthly,2025,3926.0
069,Kartoshka,Картофель,Potatoes,Картошка,2025-05,monthly,2025,5886.0
0070,Loviya,Фасоль,Beans,Ловия,2025-05,monthly,2025,23825.0
071,No'xot,Горох,Peas,Нўхот,2025-05,monthly,2025,18912.0
0072,Mosh,Маш,Mash,Мош,2025-05,monthly,2025,17054.0
073,Shakar,Сахар песок,Sugar,Шакар,2025-05,monthly,2025,13357.0
001,Guruch,Рис,Rice,Гуруч,2025-06,monthly,2025,15061.0
003,Arpa,Ячмень,Barley,Арпа,2025-06,monthly,2025,3159.0
0004,Bug'doy,Пшеница,Wheat,Буғдой,2025-06,monthly,2025,2981.0
005,Jo'hori,Кукуруза,Corn,Жўҳори,2025-06,monthly,2025,3488.0
006,Kepak,Отруби,Bran,Кепак,2025-06,monthly,2025,3038.0
0008,Shrot,Шрот,Schroth,Шрот,2025-06,monthly,2025,4525.0
009,Shulxa,Шелуха,Husk,Шулха,2025-06,monthly,2025,4044.0
010,Kombikorm,Комбикорм,Compound feed,Комбикорм,2025-06,monthly,2025,4043.0
011,Oliy navli bug'doy uni,Мука пшеничная высшего сорта,High-grade wheat flour,Олий навли буғдой уни,2025-06,monthly,2025,8257.0
0012,1-navli bug'doy uni,Мука пшеничная первого сорта,First grade wheat flour,1-навли буғдой уни,2025-06,monthly,2025,5784.0
013,1-nav bug'doy unidan non,Хлеб пшеничный из муки 1-го сорта,Wheat bread from 1st grade flour,1-нав буғдой унидан нон,2025-06,monthly,2025,5791.0
017,Mol go'shti,Говядина,Beef,Мол гўшти,2025-06,monthly,2025,98909.0
0020,Qo'y go'shti,Баранина,Mutton,Қўй гўшти,2025-06,monthly,2025,107339.0
022,Tovuq go'shti,Мясо птицы,Poultry,Товуқ гўшти,2025-06,monthly,2025,30511.0
026,Turli baliqlar,Рыба всякая,Fish of all kinds,Турли балиқлар,2025-06,monthly,2025,35460.0
027,Yangi sog'ilgan sut (1 litr),Молоко свежее (1 литр),Fresh milk (1 liter),Янги соғилган сут (1 литр),2025-06,monthly,2025,6852.0
034,Tuxum (10 dona),Яйца (10 штук),Eggs (10 pieces ),Тухум (10 дона),2025-06,monthly,2025,9550.0
035,Paxta yog'i (1 litr),Масло хлопковое (1 литр),Cottonseed oil (1 liter),Пахта ёғи (1 литр),2025-06,monthly,2025,17277.0
0036,Kungaboqar yog'i (1 litr),Масло подсолнечное (1 литр),Sunflower oil (1 liter),Кунгабоқар ёғи (1 литр),2025-06,monthly,2025,19624.0
037,Sariyog',Масло сливочное,Butter,Сариёғ,2025-06,monthly,2025,65464.0
039,Limon,Лимоны,Lemons,Лимон,2025-06,monthly,2025,40659.0
0040,Olma,Яблоки,Apples,Олма,2025-06,monthly,2025,9445.0
041,Nok,Груши,Pears,Нок,2025-06,monthly,2025,18464.0
049,Uzum,Виноград,Grape,Узум,2025-06,monthly,2025,11375.0
0050,Tarvuz,Арбуз,Watermelon,Тарвуз,2025-06,monthly,2025,2572.0
0051,Qovun,Дыня,Melon,Қовун,2025-06,monthly,2025,4750.0
053,Mayiz,Кишмиш,Kishmish,Майиз,2025-06,monthly,2025,53410.0
055,Karam,Капуста,Cabbage,Карам,2025-06,monthly,2025,3733.0
057,Bodring,Огурцы,Cucumbers,Бодринг,2025-06,monthly,2025,2637.0
058,Pomidor,Помидоры,Tomatoes,Помидор,2025-06,monthly,2025,10087.0
059,Baqlajon,Баклажаны,Eggplant,Бақлажон,2025-06,monthly,2025,6963.0
0060,Bulg'or qalampiri,Перец болгарский,Bell pepper,Булғор қалампири,2025-06,monthly,2025,10288.0
063,Sabzi,Морковь,Carrot,Сабзи,2025-06,monthly,2025,5358.0
065,Sarimsoq,Чеснок,Garlic,Саримсоқ,2025-06,monthly,2025,26525.0
066,Piyoz,Лук репчатый,Onion,Пиёз,2025-06,monthly,2025,3329.0
069,Kartoshka,Картофель,Potatoes,Картошка,2025-06,monthly,2025,5156.0
0070,Loviya,Фасоль,Beans,Ловия,2025-06,monthly,2025,24800.0
071,No'xot,Горох,Peas,Нўхот,2025-06,monthly,2025,19050.0
0072,Mosh,Маш,Mash,Мош,2025-06,monthly,2025,16469.0
073,Shakar,Сахар песок,Sugar,Шакар,2025-06,monthly,2025,13382.0
001,Guruch,Рис,Rice,Гуруч,2025-07,monthly,2025,15096.0
003,Arpa,Ячмень,Barley,Арпа,2025-07,monthly,2025,3209.0
0004,Bug'doy,Пшеница,Wheat,Буғдой,2025-07,monthly,2025,2840.0
005,Jo'hori,Кукуруза,Corn,Жўҳори,2025-07,monthly,2025,3541.0
006,Kepak,Отруби,Bran,Кепак,2025-07,monthly,2025,2934.0
0008,Shrot,Шрот,Schroth,Шрот,2025-07,monthly,2025,4551.0
009,Shulxa,Шелуха,Husk,Шулха,2025-07,monthly,2025,4078.0
010,Kombikorm,Комбикорм,Compound feed,Комбикорм,2025-07,monthly,2025,4065.0
011,Oliy navli bug'doy uni,Мука пшеничная высшего сорта,High-grade wheat flour,Олий навли буғдой уни,2025-07,monthly,2025,8244.0
0012,1-navli bug'doy uni,Мука пшеничная первого сорта,First grade wheat flour,1-навли буғдой уни,2025-07,monthly,2025,5784.0
013,1-nav bug'doy unidan non,Хлеб пшеничный из муки 1-го сорта,Wheat bread from 1st grade flour,1-нав буғдой унидан нон,2025-07,monthly,2025,5788.0
017,Mol go'shti,Говядина,Beef,Мол гўшти,2025-07,monthly,2025,99778.0
0020,Qo'y go'shti,Баранина,Mutton,Қўй гўшти,2025-07,monthly,2025,108125.0
022,Tovuq go'shti,Мясо птицы,Poultry,Товуқ гўшти,2025-07,monthly,2025,30532.0
026,Turli baliqlar,Рыба всякая,Fish of all kinds,Турли балиқлар,2025-07,monthly,2025,35558.0
027,Yangi sog'ilgan sut (1 litr),Молоко свежее (1 литр),Fresh milk (1 liter),Янги соғилган сут (1 литр),2025-07,monthly,2025,6789.0
034,Tuxum (10 dona),Яйца (10 штук),Eggs (10 pieces ),Тухум (10 дона),2025-07,monthly,2025,9356.0
035,Paxta yog'i (1 litr),Масло хлопковое (1 литр),Cottonseed oil (1 liter),Пахта ёғи (1 литр),2025-07,monthly,2025,17433.0
0036,Kungaboqar yog'i (1 litr),Масло подсолнечное (1 литр),Sunflower oil (1 liter),Кунгабоқар ёғи (1 литр),2025-07,monthly,2025,19775.0
037,Sariyog',Масло сливочное,Butter,Сариёғ,2025-07,monthly,2025,64793.0
039,Limon,Лимоны,Lemons,Лимон,2025-07,monthly,2025,55892.0
0040,Olma,Яблоки,Apples,Олма,2025-07,monthly,2025,9162.0
041,Nok,Груши,Pears,Нок,2025-07,monthly,2025,18710.0
049,Uzum,Виноград,Grape,Узум,2025-07,monthly,2025,10059.0
0050,Tarvuz,Арбуз,Watermelon,Тарвуз,2025-07,monthly,2025,1846.0
0051,Qovun,Дыня,Melon,Қовун,2025-07,monthly,2025,3523.0
053,Mayiz,Кишмиш,Kishmish,Майиз,2025-07,monthly,2025,50567.0
055,Karam,Капуста,Cabbage,Карам,2025-07,monthly,2025,4130.0
057,Bodring,Огурцы,Cucumbers,Бодринг,2025-07,monthly,2025,6004.0
058,Pomidor,Помидоры,Tomatoes,Помидор,2025-07,monthly,2025,3519.0
059,Baqlajon,Баклажаны,Eggplant,Бақлажон,2025-07,monthly,2025,4097.0
0060,Bulg'or qalampiri,Перец болгарский,Bell pepper,Булғор қалампири,2025-07,monthly,2025,6036.0
063,Sabzi,Морковь,Carrot,Сабзи,2025-07,monthly,2025,4981.0
065,Sarimsoq,Чеснок,Garlic,Саримсоқ,2025-07,monthly,2025,24966.0
066,Piyoz,Лук репчатый,Onion,Пиёз,2025-07,monthly,2025,3072.0
069,Kartoshka,Картофель,Potatoes,Картошка,2025-07,monthly,2025,4808.0
0070,Loviya,Фасоль,Beans,Ловия,2025-07,monthly,2025,24777.0
071,No'xot,Горох,Peas,Нўхот,2025-07,monthly,2025,18641.0
0072,Mosh,Маш,Mash,Мош,2025-07,monthly,2025,16622.0
073,Shakar,Сахар песок,Sugar,Шакар,2025-07,monthly,2025,13428.0
001,Guruch,Рис,Rice,Гуруч,2025-08,monthly,2025,14922.0
003,Arpa,Ячмень,Barley,Арпа,2025-08,monthly,2025,3300.0
0004,Bug'doy,Пшеница,Wheat,Буғдой,2025-08,monthly,2025,2920.0
005,Jo'hori,Кукуруза,Corn,Жўҳори,2025-08,monthly,2025,3897.0
006,Kepak,Отруби,Bran,Кепак,2025-08,monthly,2025,3032.0
0008,Shrot,Шрот,Schroth,Шрот,2025-08,monthly,2025,4681.0
009,Shulxa,Шелуха,Husk,Шулха,2025-08,monthly,2025,4336.0
010,Kombikorm,Комбикорм,Compound feed,Комбикорм,2025-08,monthly,2025,4209.0
011,Oliy navli bug'doy uni,Мука пшеничная высшего сорта,High-grade wheat flour,Олий навли буғдой уни,2025-08,monthly,2025,8171.0
0012,1-navli bug'doy uni,Мука пшеничная первого сорта,First grade wheat flour,1-навли буғдой уни,2025-08,monthly,2025,5690.0
013,1-nav bug'doy unidan non,Хлеб пшеничный из муки 1-го сорта,Wheat bread from 1st grade flour,1-нав буғдой унидан нон,2025-08,monthly,2025,5788.0
017,Mol go'shti,Говядина,Beef,Мол гўшти,2025-08,monthly,2025,94424.0
0020,Qo'y go'shti,Баранина,Mutton,Қўй гўшти,2025-08,monthly,2025,107123.0
022,Tovuq go'shti,Мясо птицы,Poultry,Товуқ гўшти,2025-08,monthly,2025,30041.0
026,Turli baliqlar,Рыба всякая,Fish of all kinds,Турли балиқлар,2025-08,monthly,2025,35723.0
027,Yangi sog'ilgan sut (1 litr),Молоко свежее (1 литр),Fresh milk (1 liter),Янги соғилган сут (1 литр),2025-08,monthly,2025,6789.0
034,Tuxum (10 dona),Яйца (10 штук),Eggs (10 pieces ),Тухум (10 дона),2025-08,monthly,2025,9371.0
035,Paxta yog'i (1 litr),Масло хлопковое (1 литр),Cottonseed oil (1 liter),Пахта ёғи (1 литр),2025-08,monthly,2025,17418.0
0036,Kungaboqar yog'i (1 litr),Масло подсолнечное (1 литр),Sunflower oil (1 liter),Кунгабоқар ёғи (1 литр),2025-08,monthly,2025,19696.0
037,Sariyog',Масло сливочное,Butter,Сариёғ,2025-08,monthly,2025,64300.0
039,Limon,Лимоны,Lemons,Лимон,2025-08,monthly,2025,54719.0
0040,Olma,Яблоки,Apples,Олма,2025-08,monthly,2025,9000.0
041,Nok,Груши,Pears,Нок,2025-08,monthly,2025,18142.0
049,Uzum,Виноград,Grape,Узум,2025-08,monthly,2025,10101.0
0050,Tarvuz,Арбуз,Watermelon,Тарвуз,2025-08,monthly,2025,1972.0
0051,Qovun,Дыня,Melon,Қовун,2025-08,monthly,2025,3339.0
053,Mayiz,Кишмиш,Kishmish,Майиз,2025-08,monthly,2025,50667.0
055,Karam,Капуста,Cabbage,Карам,2025-08,monthly,2025,4949.0
057,Bodring,Огурцы,Cucumbers,Бодринг,2025-08,monthly,2025,6294.0
058,Pomidor,Помидоры,Tomatoes,Помидор,2025-08,monthly,2025,3183.0
059,Baqlajon,Баклажаны,Eggplant,Бақлажон,2025-08,monthly,2025,3738.0
0060,Bulg'or qalampiri,Перец болгарский,Bell pepper,Булғор қалампири,2025-08,monthly,2025,4832.0
061,Qovoq,Тыква,Pumpkin,Қовоқ,2025-08,monthly,2025,5125.0
063,Sabzi,Морковь,Carrot,Сабзи,2025-08,monthly,2025,4299.0
065,Sarimsoq,Чеснок,Garlic,Саримсоқ,2025-08,monthly,2025,25185.0
066,Piyoz,Лук репчатый,Onion,Пиёз,2025-08,monthly,2025,2689.0
069,Kartoshka,Картофель,Potatoes,Картошка,2025-08,monthly,2025,4739.0
0070,Loviya,Фасоль,Beans,Ловия,2025-08,monthly,2025,24569.0
071,No'xot,Горох,Peas,Нўхот,2025-08,monthly,2025,18503.0
0072,Mosh,Маш,Mash,Мош,2025-08,monthly,2025,16659.0
073,Shakar,Сахар песок,Sugar,Шакар,2025-08,monthly,2025,13370.0
001,Guruch,Рис,Rice,Гуруч,2025-09,monthly,2025,14708.0
003,Arpa,Ячмень,Barley,Арпа,2025-09,monthly,2025,3317.0
0004,Bug'doy,Пшеница,Wheat,Буғдой,2025-09,monthly,2025,2930.0
005,Jo'hori,Кукуруза,Corn,Жўҳори,2025-09,monthly,2025,3766.0
006,Kepak,Отруби,Bran,Кепак,2025-09,monthly,2025,3032.0
0008,Shrot,Шрот,Schroth,Шрот,2025-09,monthly,2025,4690.0
009,Shulxa,Шелуха,Husk,Шулха,2025-09,monthly,2025,4378.0
010,Kombikorm,Комбикорм,Compound feed,Комбикорм,2025-09,monthly,2025,4228.0
011,Oliy navli bug'doy uni,Мука пшеничная высшего сорта,High-grade wheat flour,Олий навли буғдой уни,2025-09,monthly,2025,8154.0
0012,1-navli bug'doy uni,Мука пшеничная первого сорта,First grade wheat flour,1-навли буғдой уни,2025-09,monthly,2025,5626.0
013,1-nav bug'doy unidan non,Хлеб пшеничный из муки 1-го сорта,Wheat bread from 1st grade flour,1-нав буғдой унидан нон,2025-09,monthly,2025,5788.0
017,Mol go'shti,Говядина,Beef,Мол гўшти,2025-09,monthly,2025,96869.0
0020,Qo'y go'shti,Баранина,Mutton,Қўй гўшти,2025-09,monthly,2025,106933.0
022,Tovuq go'shti,Мясо птицы,Poultry,Товуқ гўшти,2025-09,monthly,2025,29646.0
026,Turli baliqlar,Рыба всякая,Fish of all kinds,Турли балиқлар,2025-09,monthly,2025,35783.0
027,Yangi sog'ilgan sut (1 litr),Молоко свежее (1 литр),Fresh milk (1 liter),Янги соғилган сут (1 литр),2025-09,monthly,2025,6812.0
034,Tuxum (10 dona),Яйца (10 штук),Eggs (10 pieces ),Тухум (10 дона),2025-09,monthly,2025,10430.0
035,Paxta yog'i (1 litr),Масло хлопковое (1 литр),Cottonseed oil (1 liter),Пахта ёғи (1 литр),2025-09,monthly,2025,17604.0
0036,Kungaboqar yog'i (1 litr),Масло подсолнечное (1 литр),Sunflower oil (1 liter),Кунгабоқар ёғи (1 литр),2025-09,monthly,2025,19684.0
037,Sariyog',Масло сливочное,Butter,Сариёғ,2025-09,monthly,2025,64967.0
039,Limon,Лимоны,Lemons,Лимон,2025-09,monthly,2025,42266.0
0040,Olma,Яблоки,Apples,Олма,2025-09,monthly,2025,9602.0
041,Nok,Груши,Pears,Нок,2025-09,monthly,2025,18030.0
049,Uzum,Виноград,Grape,Узум,2025-09,monthly,2025,11269.0
0050,Tarvuz,Арбуз,Watermelon,Тарвуз,2025-09,monthly,2025,2298.0
0051,Qovun,Дыня,Melon,Қовун,2025-09,monthly,2025,3526.0
053,Mayiz,Кишмиш,Kishmish,Майиз,2025-09,monthly,2025,50667.0
055,Karam,Капуста,Cabbage,Карам,2025-09,monthly,2025,4985.0
057,Bodring,Огурцы,Cucumbers,Бодринг,2025-09,monthly,2025,5971.0
058,Pomidor,Помидоры,Tomatoes,Помидор,2025-09,monthly,2025,3592.0
059,Baqlajon,Баклажаны,Eggplant,Бақлажон,2025-09,monthly,2025,3678.0
0060,Bulg'or qalampiri,Перец болгарский,Bell pepper,Булғор қалампири,2025-09,monthly,2025,5224.0
061,Qovoq,Тыква,Pumpkin,Қовоқ,2025-09,monthly,2025,4239.0
063,Sabzi,Морковь,Carrot,Сабзи,2025-09,monthly,2025,4430.0
065,Sarimsoq,Чеснок,Garlic,Саримсоқ,2025-09,monthly,2025,24738.0
066,Piyoz,Лук репчатый,Onion,Пиёз,2025-09,monthly,2025,2508.0
069,Kartoshka,Картофель,Potatoes,Картошка,2025-09,monthly,2025,4759.0
0070,Loviya,Фасоль,Beans,Ловия,2025-09,monthly,2025,23775.0
071,No'xot,Горох,Peas,Нўхот,2025-09,monthly,2025,18387.0
0072,Mosh,Маш,Mash,Мош,2025-09,monthly,2025,17013.0
073,Shakar,Сахар песок,Sugar,Шакар,2025-09,monthly,2025,13440.0
001,Guruch,Рис,Rice,Гуруч,2025-10,monthly,2025,14109.0
003,Arpa,Ячмень,Barley,Арпа,2025-10,monthly,2025,3317.0
0004,Bug'doy,Пшеница,Wheat,Буғдой,2025-10,monthly,2025,2930.0
005,Jo'hori,Кукуруза,Corn,Жўҳори,2025-10,monthly,2025,3750.0
006,Kepak,Отруби,Bran,Кепак,2025-10,monthly,2025,3032.0
0008,Shrot,Шрот,Schroth,Шрот,2025-10,monthly,2025,4690.0
009,Shulxa,Шелуха,Husk,Шулха,2025-10,monthly,2025,4378.0
010,Kombikorm,Комбикорм,Compound feed,Комбикорм,2025-10,monthly,2025,4228.0
011,Oliy navli bug'doy uni,Мука пшеничная высшего сорта,High-grade wheat flour,Олий навли буғдой уни,2025-10,monthly,2025,8171.0
0012,1-navli bug'doy uni,Мука пшеничная первого сорта,First grade wheat flour,1-навли буғдой уни,2025-10,monthly,2025,5627.0
013,1-nav bug'doy unidan non,Хлеб пшеничный из муки 1-го сорта,Wheat bread from 1st grade flour,1-нав буғдой унидан нон,2025-10,monthly,2025,5788.0
017,Mol go'shti,Говядина,Beef,Мол гўшти,2025-10,monthly,2025,98948.0
0020,Qo'y go'shti,Баранина,Mutton,Қўй гўшти,2025-10,monthly,2025,108471.0
022,Tovuq go'shti,Мясо птицы,Poultry,Товуқ гўшти,2025-10,monthly,2025,29958.0
026,Turli baliqlar,Рыба всякая,Fish of all kinds,Турли балиқлар,2025-10,monthly,2025,35793.0
027,Yangi sog'ilgan sut (1 litr),Молоко свежее (1 литр),Fresh milk (1 liter),Янги соғилган сут (1 литр),2025-10,monthly,2025,6872.0
034,Tuxum (10 dona),Яйца (10 штук),Eggs (10 pieces ),Тухум (10 дона),2025-10,monthly,2025,11218.0
035,Paxta yog'i (1 litr),Масло хлопковое (1 литр),Cottonseed oil (1 liter),Пахта ёғи (1 литр),2025-10,monthly,2025,17770.0
0036,Kungaboqar yog'i (1 litr),Масло подсолнечное (1 литр),Sunflower oil (1 liter),Кунгабоқар ёғи (1 литр),2025-10,monthly,2025,19745.0
037,Sariyog',Масло сливочное,Butter,Сариёғ,2025-10,monthly,2025,65217.0
039,Limon,Лимоны,Lemons,Лимон,2025-10,monthly,2025,36596.0
0040,Olma,Яблоки,Apples,Олма,2025-10,monthly,2025,10474.0
041,Nok,Груши,Pears,Нок,2025-10,monthly,2025,18533.0
049,Uzum,Виноград,Grape,Узум,2025-10,monthly,2025,11913.0
0050,Tarvuz,Арбуз,Watermelon,Тарвуз,2025-10,monthly,2025,2502.0
0051,Qovun,Дыня,Melon,Қовун,2025-10,monthly,2025,3585.0
053,Mayiz,Кишмиш,Kishmish,Майиз,2025-10,monthly,2025,50250.0
055,Karam,Капуста,Cabbage,Карам,2025-10,monthly,2025,4656.0
057,Bodring,Огурцы,Cucumbers,Бодринг,2025-10,monthly,2025,7303.0
058,Pomidor,Помидоры,Tomatoes,Помидор,2025-10,monthly,2025,5563.0
059,Baqlajon,Баклажаны,Eggplant,Бақлажон,2025-10,monthly,2025,4033.0
0060,Bulg'or qalampiri,Перец болгарский,Bell pepper,Булғор қалампири,2025-10,monthly,2025,6168.0
061,Qovoq,Тыква,Pumpkin,Қовоқ,2025-10,monthly,2025,3592.0
063,Sabzi,Морковь,Carrot,Сабзи,2025-10,monthly,2025,4648.0
065,Sarimsoq,Чеснок,Garlic,Саримсоқ,2025-10,monthly,2025,25067.0
066,Piyoz,Лук репчатый,Onion,Пиёз,2025-10,monthly,2025,2174.0
069,Kartoshka,Картофель,Potatoes,Картошка,2025-10,monthly,2025,4900.0
0070,Loviya,Фасоль,Beans,Ловия,2025-10,monthly,2025,22892.0
071,No'xot,Горох,Peas,Нўхот,2025-10,monthly,2025,18133.0
0072,Mosh,Маш,Mash,Мош,2025-10,monthly,2025,17326.0
073,Shakar,Сахар песок,Sugar,Шакар,2025-10,monthly,2025,12818.0
001,Guruch,Рис,Rice,Гуруч,2025-11,monthly,2025,13819.0
003,Arpa,Ячмень,Barley,Арпа,2025-11,monthly,2025,3351.0
0004,Bug'doy,Пшеница,Wheat,Буғдой,2025-11,monthly,2025,2953.0
005,Jo'hori,Кукуруза,Corn,Жўҳори,2025-11,monthly,2025,3775.0
006,Kepak,Отруби,Bran,Кепак,2025-11,monthly,2025,3044.0
0008,Shrot,Шрот,Schroth,Шрот,2025-11,monthly,2025,4690.0
009,Shulxa,Шелуха,Husk,Шулха,2025-11,monthly,2025,4378.0
010,Kombikorm,Комбикорм,Compound feed,Комбикорм,2025-11,monthly,2025,4228.0
011,Oliy navli bug'doy uni,Мука пшеничная высшего сорта,High-grade wheat flour,Олий навли буғдой уни,2025-11,monthly,2025,8171.0
0012,1-navli bug'doy uni,Мука пшеничная первого сорта,First grade wheat flour,1-навли буғдой уни,2025-11,monthly,2025,5627.0
013,1-nav bug'doy unidan non,Хлеб пшеничный из муки 1-го сорта,Wheat bread from 1st grade flour,1-нав буғдой унидан нон,2025-11,monthly,2025,5788.0
017,Mol go'shti,Говядина,Beef,Мол гўшти,2025-11,monthly,2025,99432.0
0020,Qo'y go'shti,Баранина,Mutton,Қўй гўшти,2025-11,monthly,2025,108521.0
022,Tovuq go'shti,Мясо птицы,Poultry,Товуқ гўшти,2025-11,monthly,2025,29744.0
026,Turli baliqlar,Рыба всякая,Fish of all kinds,Турли балиқлар,2025-11,monthly,2025,35429.0
027,Yangi sog'ilgan sut (1 litr),Молоко свежее (1 литр),Fresh milk (1 liter),Янги соғилган сут (1 литр),2025-11,monthly,2025,6901.0
034,Tuxum (10 dona),Яйца (10 штук),Eggs (10 pieces ),Тухум (10 дона),2025-11,monthly,2025,11259.0
035,Paxta yog'i (1 litr),Масло хлопковое (1 литр),Cottonseed oil (1 liter),Пахта ёғи (1 литр),2025-11,monthly,2025,17779.0
0036,Kungaboqar yog'i (1 litr),Масло подсолнечное (1 литр),Sunflower oil (1 liter),Кунгабоқар ёғи (1 литр),2025-11,monthly,2025,19733.0
037,Sariyog',Масло сливочное,Butter,Сариёғ,2025-11,monthly,2025,65546.0
039,Limon,Лимоны,Lemons,Лимон,2025-11,monthly,2025,34713.0
0040,Olma,Яблоки,Apples,Олма,2025-11,monthly,2025,11051.0
041,Nok,Груши,Pears,Нок,2025-11,monthly,2025,19088.0
049,Uzum,Виноград,Grape,Узум,2025-11,monthly,2025,13049.0
0050,Tarvuz,Арбуз,Watermelon,Тарвуз,2025-11,monthly,2025,2957.0
0051,Qovun,Дыня,Melon,Қовун,2025-11,monthly,2025,3761.0
053,Mayiz,Кишмиш,Kishmish,Майиз,2025-11,monthly,2025,49833.0
055,Karam,Капуста,Cabbage,Карам,2025-11,monthly,2025,3827.0
057,Bodring,Огурцы,Cucumbers,Бодринг,2025-11,monthly,2025,14706.0
058,Pomidor,Помидоры,Tomatoes,Помидор,2025-11,monthly,2025,10179.0
059,Baqlajon,Баклажаны,Eggplant,Бақлажон,2025-11,monthly,2025,4845.0
0060,Bulg'or qalampiri,Перец болгарский,Bell pepper,Булғор қалампири,2025-11,monthly,2025,7236.0
061,Qovoq,Тыква,Pumpkin,Қовоқ,2025-11,monthly,2025,3530.0
063,Sabzi,Морковь,Carrot,Сабзи,2025-11,monthly,2025,3710.0
065,Sarimsoq,Чеснок,Garlic,Саримсоқ,2025-11,monthly,2025,25350.0
066,Piyoz,Лук репчатый,Onion,Пиёз,2025-11,monthly,2025,1998.0
069,Kartoshka,Картофель,Potatoes,Картошка,2025-11,monthly,2025,4686.0
0070,Loviya,Фасоль,Beans,Ловия,2025-11,monthly,2025,22445.0
071,No'xot,Горох,Peas,Нўхот,2025-11,monthly,2025,17868.0
0072,Mosh,Маш,Mash,Мош,2025-11,monthly,2025,17290.0
073,Shakar,Сахар песок,Sugar,Шакар,2025-11,monthly,2025,12415.0
001,Guruch,Рис,Rice,Гуруч,2025-12,monthly,2025,13557.0
003,Arpa,Ячмень,Barley,Арпа,2025-12,monthly,2025,3535.0
0004,Bug'doy,Пшеница,Wheat,Буғдой,2025-12,monthly,2025,3152.0
005,Jo'hori,Кукуруза,Corn,Жўҳори,2025-12,monthly,2025,3856.0
006,Kepak,Отруби,Bran,Кепак,2025-12,monthly,2025,3120.0
0008,Shrot,Шрот,Schroth,Шрот,2025-12,monthly,2025,4690.0
009,Shulxa,Шелуха,Husk,Шулха,2025-12,monthly,2025,4378.0
010,Kombikorm,Комбикорм,Compound feed,Комбикорм,2025-12,monthly,2025,4228.0
011,Oliy navli bug'doy uni,Мука пшеничная высшего сорта,High-grade wheat flour,Олий навли буғдой уни,2025-12,monthly,2025,8171.0
0012,1-navli bug'doy uni,Мука пшеничная первого сорта,First grade wheat flour,1-навли буғдой уни,2025-12,monthly,2025,5623.0
013,1-nav bug'doy unidan non,Хлеб пшеничный из муки 1-го сорта,Wheat bread from 1st grade flour,1-нав буғдой унидан нон,2025-12,monthly,2025,5788.0
017,Mol go'shti,Говядина,Beef,Мол гўшти,2025-12,monthly,2025,101092.0
0020,Qo'y go'shti,Баранина,Mutton,Қўй гўшти,2025-12,monthly,2025,111879.0
022,Tovuq go'shti,Мясо птицы,Poultry,Товуқ гўшти,2025-12,monthly,2025,29635.0
026,Turli baliqlar,Рыба всякая,Fish of all kinds,Турли балиқлар,2025-12,monthly,2025,34996.0
027,Yangi sog'ilgan sut (1 litr),Молоко свежее (1 литр),Fresh milk (1 liter),Янги соғилган сут (1 литр),2025-12,monthly,2025,6943.0
034,Tuxum (10 dona),Яйца (10 штук),Eggs (10 pieces ),Тухум (10 дона),2025-12,monthly,2025,11667.0
035,Paxta yog'i (1 litr),Масло хлопковое (1 литр),Cottonseed oil (1 liter),Пахта ёғи (1 литр),2025-12,monthly,2025,17919.0
0036,Kungaboqar yog'i (1 litr),Масло подсолнечное (1 литр),Sunflower oil (1 liter),Кунгабоқар ёғи (1 литр),2025-12,monthly,2025,19741.0
037,Sariyog',Масло сливочное,Butter,Сариёғ,2025-12,monthly,2025,66400.0
039,Limon,Лимоны,Lemons,Лимон,2025-12,monthly,2025,32304.0
0040,Olma,Яблоки,Apples,Олма,2025-12,monthly,2025,11600.0
041,Nok,Груши,Pears,Нок,2025-12,monthly,2025,19985.0
049,Uzum,Виноград,Grape,Узум,2025-12,monthly,2025,15239.0
0050,Tarvuz,Арбуз,Watermelon,Тарвуз,2025-12,monthly,2025,4465.0
0051,Qovun,Дыня,Melon,Қовун,2025-12,monthly,2025,4519.0
053,Mayiz,Кишмиш,Kishmish,Майиз,2025-12,monthly,2025,49833.0
055,Karam,Капуста,Cabbage,Карам,2025-12,monthly,2025,3729.0
057,Bodring,Огурцы,Cucumbers,Бодринг,2025-12,monthly,2025,25439.0
058,Pomidor,Помидоры,Tomatoes,Помидор,2025-12,monthly,2025,19470.0
059,Baqlajon,Баклажаны,Eggplant,Бақлажон,2025-12,monthly,2025,12282.0
0060,Bulg'or qalampiri,Перец болгарский,Bell pepper,Булғор қалампири,2025-12,monthly,2025,15091.0
061,Qovoq,Тыква,Pumpkin,Қовоқ,2025-12,monthly,2025,3853.0
063,Sabzi,Морковь,Carrot,Сабзи,2025-12,monthly,2025,2973.0
065,Sarimsoq,Чеснок,Garlic,Саримсоқ,2025-12,monthly,2025,25693.0
066,Piyoz,Лук репчатый,Onion,Пиёз,2025-12,monthly,2025,1956.0
069,Kartoshka,Картофель,Potatoes,Картошка,2025-12,monthly,2025,4668.0
0070,Loviya,Фасоль,Beans,Ловия,2025-12,monthly,2025,22300.0
071,No'xot,Горох,Peas,Нўхот,2025-12,monthly,2025,17949.0
0072,Mosh,Маш,Mash,Мош,2025-12,monthly,2025,17369.0
073,Shakar,Сахар песок,Sugar,Шакар,2025-12,monthly,2025,12352.0
001,Guruch,Рис,Rice,Гуруч,2026-01,monthly,2026,13490.0
003,Arpa,Ячмень,Barley,Арпа,2026-01,monthly,2026,3700.0
0004,Bug'doy,Пшеница,Wheat,Буғдой,2026-01,monthly,2026,3394.0
005,Jo'hori,Кукуруза,Corn,Жўҳори,2026-01,monthly,2026,3926.0
006,Kepak,Отруби,Bran,Кепак,2026-01,monthly,2026,3204.0
0008,Shrot,Шрот,Schroth,Шрот,2026-01,monthly,2026,4648.0
009,Shulxa,Шелуха,Husk,Шулха,2026-01,monthly,2026,4398.0
010,Kombikorm,Комбикорм,Compound feed,Комбикорм,2026-01,monthly,2026,4215.0
011,Oliy navli bug'doy uni,Мука пшеничная высшего сорта,High-grade wheat flour,Олий навли буғдой уни,2026-01,monthly,2026,8085.0
0012,1-navli bug'doy uni,Мука пшеничная первого сорта,First grade wheat flour,1-навли буғдой уни,2026-01,monthly,2026,5579.0
013,1-nav bug'doy unidan non,Хлеб пшеничный из муки 1-го сорта,Wheat bread from 1st grade flour,1-нав буғдой унидан нон,2026-01,monthly,2026,5851.0
017,Mol go'shti,Говядина,Beef,Мол гўшти,2026-01,monthly,2026,103765.0
0020,Qo'y go'shti,Баранина,Mutton,Қўй гўшти,2026-01,monthly,2026,116364.0
022,Tovuq go'shti,Мясо птицы,Poultry,Товуқ гўшти,2026-01,monthly,2026,30007.0
026,Turli baliqlar,Рыба всякая,Fish of all kinds,Турли балиқлар,2026-01,monthly,2026,36540.0
027,Yangi sog'ilgan sut (1 litr),Молоко свежее (1 литр),Fresh milk (1 liter),Янги соғилган сут (1 литр),2026-01,monthly,2026,7055.0
034,Tuxum (10 dona),Яйца (10 штук),Eggs (10 pieces ),Тухум (10 дона),2026-01,monthly,2026,11802.0
035,Paxta yog'i (1 litr),Масло хлопковое (1 литр),Cottonseed oil (1 liter),Пахта ёғи (1 литр),2026-01,monthly,2026,17968.0
0036,Kungaboqar yog'i (1 litr),Масло подсолнечное (1 литр),Sunflower oil (1 liter),Кунгабоқар ёғи (1 литр),2026-01,monthly,2026,19714.0
037,Sariyog',Масло сливочное,Butter,Сариёғ,2026-01,monthly,2026,55942.0
039,Limon,Лимоны,Lemons,Лимон,2026-01,monthly,2026,31367.0
0040,Olma,Яблоки,Apples,Олма,2026-01,monthly,2026,11545.0
041,Nok,Груши,Pears,Нок,2026-01,monthly,2026,20035.0
049,Uzum,Виноград,Grape,Узум,2026-01,monthly,2026,18757.0
053,Mayiz,Кишмиш,Kishmish,Майиз,2026-01,monthly,2026,51546.0
055,Karam,Капуста,Cabbage,Карам,2026-01,monthly,2026,3946.0
057,Bodring,Огурцы,Cucumbers,Бодринг,2026-01,monthly,2026,29367.0
058,Pomidor,Помидоры,Tomatoes,Помидор,2026-01,monthly,2026,19914.0
059,Baqlajon,Баклажаны,Eggplant,Бақлажон,2026-01,monthly,2026,28250.0
0060,Bulg'or qalampiri,Перец болгарский,Bell pepper,Булғор қалампири,2026-01,monthly,2026,22064.0
061,Qovoq,Тыква,Pumpkin,Қовоқ,2026-01,monthly,2026,3944.0
063,Sabzi,Морковь,Carrot,Сабзи,2026-01,monthly,2026,2966.0
065,Sarimsoq,Чеснок,Garlic,Саримсоқ,2026-01,monthly,2026,26683.0
066,Piyoz,Лук репчатый,Onion,Пиёз,2026-01,monthly,2026,1875.0
069,Kartoshka,Картофель,Potatoes,Картошка,2026-01,monthly,2026,4907.0
0070,Loviya,Фасоль,Beans,Ловия,2026-01,monthly,2026,22047.0
071,No'xot,Горох,Peas,Нўхот,2026-01,monthly,2026,18385.0
0072,Mosh,Маш,Mash,Мош,2026-01,monthly,2026,17418.0
073,Shakar,Сахар песок,Sugar,Шакар,2026-01,monthly,2026,12113.0
001,Guruch,Рис,Rice,Гуруч,2026-02,monthly,2026,13363.0
003,Arpa,Ячмень,Barley,Арпа,2026-02,monthly,2026,3833.0
0004,Bug'doy,Пшеница,Wheat,Буғдой,2026-02,monthly,2026,3559.0
005,Jo'hori,Кукуруза,Corn,Жўҳори,2026-02,monthly,2026,4014.0
006,Kepak,Отруби,Bran,Кепак,2026-02,monthly,2026,3271.0
0008,Shrot,Шрот,Schroth,Шрот,2026-02,monthly,2026,4887.0
009,Shulxa,Шелуха,Husk,Шулха,2026-02,monthly,2026,4400.0
010,Kombikorm,Комбикорм,Compound feed,Комбикорм,2026-02,monthly,2026,4195.0
011,Oliy navli bug'doy uni,Мука пшеничная высшего сорта,High-grade wheat flour,Олий навли буғдой уни,2026-02,monthly,2026,8159.0
0012,1-navli bug'doy uni,Мука пшеничная первого сорта,First grade wheat flour,1-навли буғдой уни,2026-02,monthly,2026,5550.0
013,1-nav bug'doy unidan non,Хлеб пшеничный из муки 1-го сорта,Wheat bread from 1st grade flour,1-нав буғдой унидан нон,2026-02,monthly,2026,5882.0
017,Mol go'shti,Говядина,Beef,Мол гўшти,2026-02,monthly,2026,106001.0
0020,Qo'y go'shti,Баранина,Mutton,Қўй гўшти,2026-02,monthly,2026,118742.0
022,Tovuq go'shti,Мясо птицы,Poultry,Товуқ гўшти,2026-02,monthly,2026,30994.0
026,Turli baliqlar,Рыба всякая,Fish of all kinds,Турли балиқлар,2026-02,monthly,2026,39222.0
027,Yangi sog'ilgan sut (1 litr),Молоко свежее (1 литр),Fresh milk (1 liter),Янги соғилган сут (1 литр),2026-02,monthly,2026,7167.0
034,Tuxum (10 dona),Яйца (10 штук),Eggs (10 pieces ),Тухум (10 дона),2026-02,monthly,2026,12070.0
035,Paxta yog'i (1 litr),Масло хлопковое (1 литр),Cottonseed oil (1 liter),Пахта ёғи (1 литр),2026-02,monthly,2026,18196.0
0036,Kungaboqar yog'i (1 litr),Масло подсолнечное (1 литр),Sunflower oil (1 liter),Кунгабоқар ёғи (1 литр),2026-02,monthly,2026,19854.0
037,Sariyog',Масло сливочное,Butter,Сариёғ,2026-02,monthly,2026,57135.0
039,Limon,Лимоны,Lemons,Лимон,2026-02,monthly,2026,33078.0
0040,Olma,Яблоки,Apples,Олма,2026-02,monthly,2026,11931.0
041,Nok,Груши,Pears,Нок,2026-02,monthly,2026,20100.0
049,Uzum,Виноград,Grape,Узум,2026-02,monthly,2026,22006.0
053,Mayiz,Кишмиш,Kishmish,Майиз,2026-02,monthly,2026,51767.0
055,Karam,Капуста,Cabbage,Карам,2026-02,monthly,2026,3782.0
057,Bodring,Огурцы,Cucumbers,Бодринг,2026-02,monthly,2026,28100.0
058,Pomidor,Помидоры,Tomatoes,Помидор,2026-02,monthly,2026,23060.0
059,Baqlajon,Баклажаны,Eggplant,Бақлажон,2026-02,monthly,2026,27875.0
0060,Bulg'or qalampiri,Перец болгарский,Bell pepper,Булғор қалампири,2026-02,monthly,2026,25460.0
061,Qovoq,Тыква,Pumpkin,Қовоқ,2026-02,monthly,2026,4936.0
063,Sabzi,Морковь,Carrot,Сабзи,2026-02,monthly,2026,3080.0
065,Sarimsoq,Чеснок,Garlic,Саримсоқ,2026-02,monthly,2026,26675.0
066,Piyoz,Лук репчатый,Onion,Пиёз,2026-02,monthly,2026,1944.0
069,Kartoshka,Картофель,Potatoes,Картошка,2026-02,monthly,2026,5123.0
0070,Loviya,Фасоль,Beans,Ловия,2026-02,monthly,2026,22022.0
071,No'xot,Горох,Peas,Нўхот,2026-02,monthly,2026,19871.0
0072,Mosh,Маш,Mash,Мош,2026-02,monthly,2026,17715.0
073,Shakar,Сахар песок,Sugar,Шакар,2026-02,monthly,2026,12256.0
001,Guruch,Рис,Rice,Гуруч,2026-03,monthly,2026,13285.0
003,Arpa,Ячмень,Barley,Арпа,2026-03,monthly,2026,3879.0
0004,Bug'doy,Пшеница,Wheat,Буғдой,2026-03,monthly,2026,3658.0
005,Jo'hori,Кукуруза,Corn,Жўҳори,2026-03,monthly,2026,4071.0
006,Kepak,Отруби,Bran,Кепак,2026-03,monthly,2026,3327.0
0008,Shrot,Шрот,Schroth,Шрот,2026-03,monthly,2026,4737.0
009,Shulxa,Шелуха,Husk,Шулха,2026-03,monthly,2026,4400.0
010,Kombikorm,Комбикорм,Compound feed,Комбикорм,2026-03,monthly,2026,4233.0
011,Oliy navli bug'doy uni,Мука пшеничная высшего сорта,High-grade wheat flour,Олий навли буғдой уни,2026-03,monthly,2026,8284.0
0012,1-navli bug'doy uni,Мука пшеничная первого сорта,First grade wheat flour,1-навли буғдой уни,2026-03,monthly,2026,5503.0
013,1-nav bug'doy unidan non,Хлеб пшеничный из муки 1-го сорта,Wheat bread from 1st grade flour,1-нав буғдой унидан нон,2026-03,monthly,2026,5925.0
017,Mol go'shti,Говядина,Beef,Мол гўшти,2026-03,monthly,2026,108086.0
0020,Qo'y go'shti,Баранина,Mutton,Қўй гўшти,2026-03,monthly,2026,120257.0
022,Tovuq go'shti,Мясо птицы,Poultry,Товуқ гўшти,2026-03,monthly,2026,31251.0
026,Turli baliqlar,Рыба всякая,Fish of all kinds,Турли балиқлар,2026-03,monthly,2026,41328.0
027,Yangi sog'ilgan sut (1 litr),Молоко свежее (1 литр),Fresh milk (1 liter),Янги соғилган сут (1 литр),2026-03,monthly,2026,7250.0
034,Tuxum (10 dona),Яйца (10 штук),Eggs (10 pieces ),Тухум (10 дона),2026-03,monthly,2026,12350.0
035,Paxta yog'i (1 litr),Масло хлопковое (1 литр),Cottonseed oil (1 liter),Пахта ёғи (1 литр),2026-03,monthly,2026,18376.0
0036,Kungaboqar yog'i (1 litr),Масло подсолнечное (1 литр),Sunflower oil (1 liter),Кунгабоқар ёғи (1 литр),2026-03,monthly,2026,19968.0
037,Sariyog',Масло сливочное,Butter,Сариёғ,2026-03,monthly,2026,57333.0
039,Limon,Лимоны,Lemons,Лимон,2026-03,monthly,2026,34921.0
0040,Olma,Яблоки,Apples,Олма,2026-03,monthly,2026,12401.0
041,Nok,Груши,Pears,Нок,2026-03,monthly,2026,20267.0
049,Uzum,Виноград,Grape,Узум,2026-03,monthly,2026,23898.0
053,Mayiz,Кишмиш,Kishmish,Майиз,2026-03,monthly,2026,51767.0
055,Karam,Капуста,Cabbage,Карам,2026-03,monthly,2026,3580.0
057,Bodring,Огурцы,Cucumbers,Бодринг,2026-03,monthly,2026,23290.0
058,Pomidor,Помидоры,Tomatoes,Помидор,2026-03,monthly,2026,25808.0
059,Baqlajon,Баклажаны,Eggplant,Бақлажон,2026-03,monthly,2026,30625.0
0060,Bulg'or qalampiri,Перец болгарский,Bell pepper,Булғор қалампири,2026-03,monthly,2026,40496.0
061,Qovoq,Тыква,Pumpkin,Қовоқ,2026-03,monthly,2026,6019.0
063,Sabzi,Морковь,Carrot,Сабзи,2026-03,monthly,2026,3068.0
065,Sarimsoq,Чеснок,Garlic,Саримсоқ,2026-03,monthly,2026,26425.0
066,Piyoz,Лук репчатый,Onion,Пиёз,2026-03,monthly,2026,1844.0
069,Kartoshka,Картофель,Potatoes,Картошка,2026-03,monthly,2026,5850.0
0070,Loviya,Фасоль,Beans,Ловия,2026-03,monthly,2026,22133.0
071,No'xot,Горох,Peas,Нўхот,2026-03,monthly,2026,20160.0
0072,Mosh,Маш,Mash,Мош,2026-03,monthly,2026,17754.0
073,Shakar,Сахар песок,Sugar,Шакар,2026-03,monthly,2026,12350.0
001,Guruch,Рис,Rice,Гуруч,2026-04,monthly,2026,13102.0
003,Arpa,Ячмень,Barley,Арпа,2026-04,monthly,2026,3881.0
0004,Bug'doy,Пшеница,Wheat,Буғдой,2026-04,monthly,2026,3721.0
005,Jo'hori,Кукуруза,Corn,Жўҳори,2026-04,monthly,2026,4091.0
006,Kepak,Отруби,Bran,Кепак,2026-04,monthly,2026,3355.0
0008,Shrot,Шрот,Schroth,Шрот,2026-04,monthly,2026,4597.0
009,Shulxa,Шелуха,Husk,Шулха,2026-04,monthly,2026,4400.0
010,Kombikorm,Комбикорм,Compound feed,Комбикорм,2026-04,monthly,2026,4059.0
011,Oliy navli bug'doy uni,Мука пшеничная высшего сорта,High-grade wheat flour,Олий навли буғдой уни,2026-04,monthly,2026,8441.0
0012,1-navli bug'doy uni,Мука пшеничная первого сорта,First grade wheat flour,1-навли буғдой уни,2026-04,monthly,2026,5693.0
013,1-nav bug'doy unidan non,Хлеб пшеничный из муки 1-го сорта,Wheat bread from 1st grade flour,1-нав буғдой унидан нон,2026-04,monthly,2026,5930.0
017,Mol go'shti,Говядина,Beef,Мол гўшти,2026-04,monthly,2026,118513.0
0020,Qo'y go'shti,Баранина,Mutton,Қўй гўшти,2026-04,monthly,2026,129702.0
022,Tovuq go'shti,Мясо птицы,Poultry,Товуқ гўшти,2026-04,monthly,2026,31015.0
026,Turli baliqlar,Рыба всякая,Fish of all kinds,Турли балиқлар,2026-04,monthly,2026,40298.0
027,Yangi sog'ilgan sut (1 litr),Молоко свежее (1 литр),Fresh milk (1 liter),Янги соғилган сут (1 литр),2026-04,monthly,2026,7288.0
034,Tuxum (10 dona),Яйца (10 штук),Eggs (10 pieces ),Тухум (10 дона),2026-04,monthly,2026,11610.0
035,Paxta yog'i (1 litr),Масло хлопковое (1 литр),Cottonseed oil (1 liter),Пахта ёғи (1 литр),2026-04,monthly,2026,19069.0
0036,Kungaboqar yog'i (1 litr),Масло подсолнечное (1 литр),Sunflower oil (1 liter),Кунгабоқар ёғи (1 литр),2026-04,monthly,2026,20450.0
037,Sariyog',Масло сливочное,Butter,Сариёғ,2026-04,monthly,2026,57427.0
039,Limon,Лимоны,Lemons,Лимон,2026-04,monthly,2026,38377.0
0040,Olma,Яблоки,Apples,Олма,2026-04,monthly,2026,12896.0
041,Nok,Груши,Pears,Нок,2026-04,monthly,2026,20053.0
049,Uzum,Виноград,Grape,Узум,2026-04,monthly,2026,28434.0
053,Mayiz,Кишмиш,Kishmish,Майиз,2026-04,monthly,2026,51833.0
055,Karam,Капуста,Cabbage,Карам,2026-04,monthly,2026,3911.0
057,Bodring,Огурцы,Cucumbers,Бодринг,2026-04,monthly,2026,11661.0
058,Pomidor,Помидоры,Tomatoes,Помидор,2026-04,monthly,2026,23826.0
059,Baqlajon,Баклажаны,Eggplant,Бақлажон,2026-04,monthly,2026,29333.0
0060,Bulg'or qalampiri,Перец болгарский,Bell pepper,Булғор қалампири,2026-04,monthly,2026,37493.0
061,Qovoq,Тыква,Pumpkin,Қовоқ,2026-04,monthly,2026,7958.0
063,Sabzi,Морковь,Carrot,Сабзи,2026-04,monthly,2026,3556.0
065,Sarimsoq,Чеснок,Garlic,Саримсоқ,2026-04,monthly,2026,26347.0
066,Piyoz,Лук репчатый,Onion,Пиёз,2026-04,monthly,2026,1950.0
069,Kartoshka,Картофель,Potatoes,Картошка,2026-04,monthly,2026,6092.0
0070,Loviya,Фасоль,Beans,Ловия,2026-04,monthly,2026,21770.0
071,No'xot,Горох,Peas,Нўхот,2026-04,monthly,2026,20371.0
0072,Mosh,Маш,Mash,Мош,2026-04,monthly,2026,17790.0
073,Shakar,Сахар песок,Sugar,Шакар,2026-04,monthly,2026,12604.0
001,Guruch,Рис,Rice,Гуруч,2026-05,monthly,2026,12808.0
003,Arpa,Ячмень,Barley,Арпа,2026-05,monthly,2026,3862.0
0004,Bug'doy,Пшеница,Wheat,Буғдой,2026-05,monthly,2026,3726.0
005,Jo'hori,Кукуруза,Corn,Жўҳори,2026-05,monthly,2026,4136.0
006,Kepak,Отруби,Bran,Кепак,2026-05,monthly,2026,3353.0
0008,Shrot,Шрот,Schroth,Шрот,2026-05,monthly,2026,4597.0
009,Shulxa,Шелуха,Husk,Шулха,2026-05,monthly,2026,4400.0
010,Kombikorm,Комбикорм,Compound feed,Комбикорм,2026-05,monthly,2026,3760.0
011,Oliy navli bug'doy uni,Мука пшеничная высшего сорта,High-grade wheat flour,Олий навли буғдой уни,2026-05,monthly,2026,8525.0
0012,1-navli bug'doy uni,Мука пшеничная первого сорта,First grade wheat flour,1-навли буғдой уни,2026-05,monthly,2026,5831.0
013,1-nav bug'doy unidan non,Хлеб пшеничный из муки 1-го сорта,Wheat bread from 1st grade flour,1-нав буғдой унидан нон,2026-05,monthly,2026,5921.0
017,Mol go'shti,Говядина,Beef,Мол гўшти,2026-05,monthly,2026,123721.0
0020,Qo'y go'shti,Баранина,Mutton,Қўй гўшти,2026-05,monthly,2026,134728.0
022,Tovuq go'shti,Мясо птицы,Poultry,Товуқ гўшти,2026-05,monthly,2026,30661.0
026,Turli baliqlar,Рыба всякая,Fish of all kinds,Турли балиқлар,2026-05,monthly,2026,39778.0
027,Yangi sog'ilgan sut (1 litr),Молоко свежее (1 литр),Fresh milk (1 liter),Янги соғилган сут (1 литр),2026-05,monthly,2026,7301.0
034,Tuxum (10 dona),Яйца (10 штук),Eggs (10 pieces ),Тухум (10 дона),2026-05,monthly,2026,11388.0
035,Paxta yog'i (1 litr),Масло хлопковое (1 литр),Cottonseed oil (1 liter),Пахта ёғи (1 литр),2026-05,monthly,2026,19668.0
0036,Kungaboqar yog'i (1 litr),Масло подсолнечное (1 литр),Sunflower oil (1 liter),Кунгабоқар ёғи (1 литр),2026-05,monthly,2026,20841.0
037,Sariyog',Масло сливочное,Butter,Сариёғ,2026-05,monthly,2026,57467.0
039,Limon,Лимоны,Lemons,Лимон,2026-05,monthly,2026,41306.0
0040,Olma,Яблоки,Apples,Олма,2026-05,monthly,2026,13168.0
041,Nok,Груши,Pears,Нок,2026-05,monthly,2026,19800.0
0050,Tarvuz,Арбуз,Watermelon,Тарвуз,2026-05,monthly,2026,12000.0
053,Mayiz,Кишмиш,Kishmish,Майиз,2026-05,monthly,2026,51933.0
055,Karam,Капуста,Cabbage,Карам,2026-05,monthly,2026,3578.0
057,Bodring,Огурцы,Cucumbers,Бодринг,2026-05,monthly,2026,7824.0
058,Pomidor,Помидоры,Tomatoes,Помидор,2026-05,monthly,2026,16358.0
059,Baqlajon,Баклажаны,Eggplant,Бақлажон,2026-05,monthly,2026,14361.0
0060,Bulg'or qalampiri,Перец болгарский,Bell pepper,Булғор қалампири,2026-05,monthly,2026,23733.0
061,Qovoq,Тыква,Pumpkin,Қовоқ,2026-05,monthly,2026,9333.0
063,Sabzi,Морковь,Carrot,Сабзи,2026-05,monthly,2026,3609.0
065,Sarimsoq,Чеснок,Garlic,Саримсоқ,2026-05,monthly,2026,24246.0
066,Piyoz,Лук репчатый,Onion,Пиёз,2026-05,monthly,2026,2027.0
069,Kartoshka,Картофель,Potatoes,Картошка,2026-05,monthly,2026,6295.0
0070,Loviya,Фасоль,Beans,Ловия,2026-05,monthly,2026,21247.0
071,No'xot,Горох,Peas,Нўхот,2026-05,monthly,2026,20419.0
0072,Mosh,Маш,Mash,Мош,2026-05,monthly,2026,17781.0
073,Shakar,Сахар песок,Sugar,Шакар,2026-05,monthly,2026,12711.0
001,Guruch,Рис,Rice,Гуруч,2026-06,monthly,2026,12459.0
003,Arpa,Ячмень,Barley,Арпа,2026-06,monthly,2026,3753.0
0004,Bug'doy,Пшеница,Wheat,Буғдой,2026-06,monthly,2026,3681.0
005,Jo'hori,Кукуруза,Corn,Жўҳори,2026-06,monthly,2026,4170.0
006,Kepak,Отруби,Bran,Кепак,2026-06,monthly,2026,3353.0
0008,Shrot,Шрот,Schroth,Шрот,2026-06,monthly,2026,4597.0
009,Shulxa,Шелуха,Husk,Шулха,2026-06,monthly,2026,4400.0
010,Kombikorm,Комбикорм,Compound feed,Комбикорм,2026-06,monthly,2026,3760.0
011,Oliy navli bug'doy uni,Мука пшеничная высшего сорта,High-grade wheat flour,Олий навли буғдой уни,2026-06,monthly,2026,8518.0
0012,1-navli bug'doy uni,Мука пшеничная первого сорта,First grade wheat flour,1-навли буғдой уни,2026-06,monthly,2026,5813.0
013,1-nav bug'doy unidan non,Хлеб пшеничный из муки 1-го сорта,Wheat bread from 1st grade flour,1-нав буғдой унидан нон,2026-06,monthly,2026,5868.0
017,Mol go'shti,Говядина,Beef,Мол гўшти,2026-06,monthly,2026,123901.0
0020,Qo'y go'shti,Баранина,Mutton,Қўй гўшти,2026-06,monthly,2026,135280.0
022,Tovuq go'shti,Мясо птицы,Poultry,Товуқ гўшти,2026-06,monthly,2026,30577.0
026,Turli baliqlar,Рыба всякая,Fish of all kinds,Турли балиқлар,2026-06,monthly,2026,40687.0
027,Yangi sog'ilgan sut (1 litr),Молоко свежее (1 литр),Fresh milk (1 liter),Янги соғилган сут (1 литр),2026-06,monthly,2026,7289.0
034,Tuxum (10 dona),Яйца (10 штук),Eggs (10 pieces ),Тухум (10 дона),2026-06,monthly,2026,11146.0
035,Paxta yog'i (1 litr),Масло хлопковое (1 литр),Cottonseed oil (1 liter),Пахта ёғи (1 литр),2026-06,monthly,2026,19579.0
0036,Kungaboqar yog'i (1 litr),Масло подсолнечное (1 литр),Sunflower oil (1 liter),Кунгабоқар ёғи (1 литр),2026-06,monthly,2026,20790.0
037,Sariyog',Масло сливочное,Butter,Сариёғ,2026-06,monthly,2026,57467.0
039,Limon,Лимоны,Lemons,Лимон,2026-06,monthly,2026,44315.0
0040,Olma,Яблоки,Apples,Олма,2026-06,monthly,2026,12749.0
041,Nok,Груши,Pears,Нок,2026-06,monthly,2026,18833.0
049,Uzum,Виноград,Grape,Узум,2026-06,monthly,2026,12389.0
0050,Tarvuz,Арбуз,Watermelon,Тарвуз,2026-06,monthly,2026,2876.0
0051,Qovun,Дыня,Melon,Қовун,2026-06,monthly,2026,6361.0
053,Mayiz,Кишмиш,Kishmish,Майиз,2026-06,monthly,2026,52058.0
055,Karam,Капуста,Cabbage,Карам,2026-06,monthly,2026,3066.0
057,Bodring,Огурцы,Cucumbers,Бодринг,2026-06,monthly,2026,5736.0
058,Pomidor,Помидоры,Tomatoes,Помидор,2026-06,monthly,2026,7097.0
059,Baqlajon,Баклажаны,Eggplant,Бақлажон,2026-06,monthly,2026,6496.0
0060,Bulg'or qalampiri,Перец болгарский,Bell pepper,Булғор қалампири,2026-06,monthly,2026,11279.0
063,Sabzi,Морковь,Carrot,Сабзи,2026-06,monthly,2026,3809.0
065,Sarimsoq,Чеснок,Garlic,Саримсоқ,2026-06,monthly,2026,19929.0
066,Piyoz,Лук репчатый,Onion,Пиёз,2026-06,monthly,2026,1871.0
069,Kartoshka,Картофель,Potatoes,Картошка,2026-06,monthly,2026,4844.0
0070,Loviya,Фасоль,Beans,Ловия,2026-06,monthly,2026,21172.0
071,No'xot,Горох,Peas,Нўхот,2026-06,monthly,2026,20202.0
0072,Mosh,Маш,Mash,Мош,2026-06,monthly,2026,17904.0
073,Shakar,Сахар песок,Sugar,Шакар,2026-06,monthly,2026,12654.0
001,Guruch,Рис,Rice,Гуруч,2026-07,monthly,2026,12745.0
003,Arpa,Ячмень,Barley,Арпа,2026-07,monthly,2026,3639.0
0004,Bug'doy,Пшеница,Wheat,Буғдой,2026-07,monthly,2026,3636.0
005,Jo'hori,Кукуруза,Corn,Жўҳори,2026-07,monthly,2026,4162.0
006,Kepak,Отруби,Bran,Кепак,2026-07,monthly,2026,3353.0
0008,Shrot,Шрот,Schroth,Шрот,2026-07,monthly,2026,4597.0
009,Shulxa,Шелуха,Husk,Шулха,2026-07,monthly,2026,4400.0
010,Kombikorm,Комбикорм,Compound feed,Комбикорм,2026-07,monthly,2026,3760.0
011,Oliy navli bug'doy uni,Мука пшеничная высшего сорта,High-grade wheat flour,Олий навли буғдой уни,2026-07,monthly,2026,8520.0
0012,1-navli bug'doy uni,Мука пшеничная первого сорта,First grade wheat flour,1-навли буғдой уни,2026-07,monthly,2026,5785.0
013,1-nav bug'doy unidan non,Хлеб пшеничный из муки 1-го сорта,Wheat bread from 1st grade flour,1-нав буғдой унидан нон,2026-07,monthly,2026,5828.0
017,Mol go'shti,Говядина,Beef,Мол гўшти,2026-07,monthly,2026,122577.0
0020,Qo'y go'shti,Баранина,Mutton,Қўй гўшти,2026-07,monthly,2026,134150.0
022,Tovuq go'shti,Мясо птицы,Poultry,Товуқ гўшти,2026-07,monthly,2026,30313.0
026,Turli baliqlar,Рыба всякая,Fish of all kinds,Турли балиқлар,2026-07,monthly,2026,40733.0
027,Yangi sog'ilgan sut (1 litr),Молоко свежее (1 литр),Fresh milk (1 liter),Янги соғилган сут (1 литр),2026-07,monthly,2026,7281.0
034,Tuxum (10 dona),Яйца (10 штук),Eggs (10 pieces ),Тухум (10 дона),2026-07,monthly,2026,10599.0
035,Paxta yog'i (1 litr),Масло хлопковое (1 литр),Cottonseed oil (1 liter),Пахта ёғи (1 литр),2026-07,monthly,2026,19476.0
0036,Kungaboqar yog'i (1 litr),Масло подсолнечное (1 литр),Sunflower oil (1 liter),Кунгабоқар ёғи (1 литр),2026-07,monthly,2026,20795.0
037,Sariyog',Масло сливочное,Butter,Сариёғ,2026-07,monthly,2026,57467.0
039,Limon,Лимоны,Lemons,Лимон,2026-07,monthly,2026,45717.0
0040,Olma,Яблоки,Apples,Олма,2026-07,monthly,2026,11463.0
041,Nok,Груши,Pears,Нок,2026-07,monthly,2026,17993.0
049,Uzum,Виноград,Grape,Узум,2026-07,monthly,2026,12728.0
0050,Tarvuz,Арбуз,Watermelon,Тарвуз,2026-07,monthly,2026,2116.0
0051,Qovun,Дыня,Melon,Қовун,2026-07,monthly,2026,4363.0
053,Mayiz,Кишмиш,Kishmish,Майиз,2026-07,monthly,2026,52267.0
055,Karam,Капуста,Cabbage,Карам,2026-07,monthly,2026,2903.0
057,Bodring,Огурцы,Cucumbers,Бодринг,2026-07,monthly,2026,4852.0
058,Pomidor,Помидоры,Tomatoes,Помидор,2026-07,monthly,2026,4487.0
059,Baqlajon,Баклажаны,Eggplant,Бақлажон,2026-07,monthly,2026,4838.0
0060,Bulg'or qalampiri,Перец болгарский,Bell pepper,Булғор қалампири,2026-07,monthly,2026,8733.0
061,Qovoq,Тыква,Pumpkin,Қовоқ,2026-07,monthly,2026,5833.0
063,Sabzi,Морковь,Carrot,Сабзи,2026-07,monthly,2026,3797.0
065,Sarimsoq,Чеснок,Garlic,Саримсоқ,2026-07,monthly,2026,17247.0
066,Piyoz,Лук репчатый,Onion,Пиёз,2026-07,monthly,2026,1847.0
069,Kartoshka,Картофель,Potatoes,Картошка,2026-07,monthly,2026,3951.0
0070,Loviya,Фасоль,Beans,Ловия,2026-07,monthly,2026,20467.0
071,No'xot,Горох,Peas,Нўхот,2026-07,monthly,2026,20009.0
0072,Mosh,Маш,Mash,Мош,2026-07,monthly,2026,18032.0
073,Shakar,Сахар песок,Sugar,Шакар,2026-07,monthly,2026,12579.0
001,Guruch,Рис,Rice,Гуруч,2026-08,monthly,2026,12793.0
003,Arpa,Ячмень,Barley,Арпа,2026-08,monthly,2026,3654.0
0004,Bug'doy,Пшеница,Wheat,Буғдой,2026-08,monthly,2026,3631.0
005,Jo'hori,Кукуруза,Corn,Жўҳори,2026-08,monthly,2026,4167.0
006,Kepak,Отруби,Bran,Кепак,2026-08,monthly,2026,3353.0
0008,Shrot,Шрот,Schroth,Шрот,2026-08,monthly,2026,4627.0
009,Shulxa,Шелуха,Husk,Шулха,2026-08,monthly,2026,4400.0
010,Kombikorm,Комбикорм,Compound feed,Комбикорм,2026-08,monthly,2026,3760.0
011,Oliy navli bug'doy uni,Мука пшеничная высшего сорта,High-grade wheat flour,Олий навли буғдой уни,2026-08,monthly,2026,8515.0
0012,1-navli bug'doy uni,Мука пшеничная первого сорта,First grade wheat flour,1-навли буғдой уни,2026-08,monthly,2026,5794.0
013,1-nav bug'doy unidan non,Хлеб пшеничный из муки 1-го сорта,Wheat bread from 1st grade flour,1-нав буғдой унидан нон,2026-08,monthly,2026,5901.0
017,Mol go'shti,Говядина,Beef,Мол гўшти,2026-08,monthly,2026,123459.0
0020,Qo'y go'shti,Баранина,Mutton,Қўй гўшти,2026-08,monthly,2026,134753.0
022,Tovuq go'shti,Мясо птицы,Poultry,Товуқ гўшти,2026-08,monthly,2026,30319.0
026,Turli baliqlar,Рыба всякая,Fish of all kinds,Турли балиқлар,2026-08,monthly,2026,40733.0
027,Yangi sog'ilgan sut (1 litr),Молоко свежее (1 литр),Fresh milk (1 liter),Янги соғилган сут (1 литр),2026-08,monthly,2026,7281.0
034,Tuxum (10 dona),Яйца (10 штук),Eggs (10 pieces ),Тухум (10 дона),2026-08,monthly,2026,10705.0
035,Paxta yog'i (1 litr),Масло хлопковое (1 литр),Cottonseed oil (1 liter),Пахта ёғи (1 литр),2026-08,monthly,2026,19468.0
0036,Kungaboqar yog'i (1 litr),Масло подсолнечное (1 литр),Sunflower oil (1 liter),Кунгабоқар ёғи (1 литр),2026-08,monthly,2026,20870.0
037,Sariyog',Масло сливочное,Butter,Сариёғ,2026-08,monthly,2026,57467.0
039,Limon,Лимоны,Lemons,Лимон,2026-08,monthly,2026,43852.0
0040,Olma,Яблоки,Apples,Олма,2026-08,monthly,2026,11323.0
041,Nok,Груши,Pears,Нок,2026-08,monthly,2026,18375.0
049,Uzum,Виноград,Grape,Узум,2026-08,monthly,2026,12588.0
0050,Tarvuz,Арбуз,Watermelon,Тарвуз,2026-08,monthly,2026,2387.0
0051,Qovun,Дыня,Melon,Қовун,2026-08,monthly,2026,3942.0
053,Mayiz,Кишмиш,Kishmish,Майиз,2026-08,monthly,2026,52267.0
055,Karam,Капуста,Cabbage,Карам,2026-08,monthly,2026,3224.0
057,Bodring,Огурцы,Cucumbers,Бодринг,2026-08,monthly,2026,4850.0
058,Pomidor,Помидоры,Tomatoes,Помидор,2026-08,monthly,2026,5383.0
059,Baqlajon,Баклажаны,Eggplant,Бақлажон,2026-08,monthly,2026,4604.0
0060,Bulg'or qalampiri,Перец болгарский,Bell pepper,Булғор қалампири,2026-08,monthly,2026,8483.0
061,Qovoq,Тыква,Pumpkin,Қовоқ,2026-08,monthly,2026,5380.0
063,Sabzi,Морковь,Carrot,Сабзи,2026-08,monthly,2026,4095.0
065,Sarimsoq,Чеснок,Garlic,Саримсоқ,2026-08,monthly,2026,16333.0
066,Piyoz,Лук репчатый,Onion,Пиёз,2026-08,monthly,2026,1986.0
069,Kartoshka,Картофель,Potatoes,Картошка,2026-08,monthly,2026,3894.0
0070,Loviya,Фасоль,Beans,Ловия,2026-08,monthly,2026,20400.0
071,No'xot,Горох,Peas,Нўхот,2026-08,monthly,2026,19875.0
0072,Mosh,Маш,Mash,Мош,2026-08,monthly,2026,18029.0
073,Shakar,Сахар песок,Sugar,Шакар,2026-08,monthly,2026,12570.0
