code,name_uz,name_ru,name_en,name_uz_cyrillic,period,year,value
001,Guruch,Рис,Rice,Гуруч,2013-M01,2013,3289.0
003,Arpa,Ячмень,Barley,Арпа,2013-M01,2013,996.0
0004,Bug'doy,Пшеница,Wheat,Буғдой,2013-M01,2013,849.0
005,Jo'hori,Кукуруза,Corn,Жўҳори,2013-M01,2013,982.0
006,Kepak,Отруби,Bran,Кепак,2013-M01,2013,673.0
0008,Shrot,Шрот,Schroth,Шрот,2013-M01,2013,0.0
009,Shulxa,Шелуха,Husk,Шулха,2013-M01,2013,0.0
010,Kombikorm,Комбикорм,Compound feed,Комбикорм,2013-M01,2013,767.0
011,Oliy navli bug'doy uni,Мука пшеничная высшего сорта,High-grade wheat flour,Олий навли буғдой уни,2013-M01,2013,1173.0
0012,1-navli bug'doy uni,Мука пшеничная первого сорта,First grade wheat flour,1-навли буғдой уни,2013-M01,2013,0.0
013,1-nav bug'doy unidan non,Хлеб пшеничный из муки 1-го сорта,Wheat bread from 1st grade flour,1-нав буғдой унидан нон,2013-M01,2013,0.0
017,Mol go'shti,Говядина,Beef,Мол гўшти,2013-M01,2013,16667.0
0020,Qo'y go'shti,Баранина,Mutton,Қўй гўшти,2013-M01,2013,18675.0
022,Tovuq go'shti,Мясо птицы,Poultry,Товуқ гўшти,2013-M01,2013,0.0
026,Turli baliqlar,Рыба всякая,Fish of all kinds,Турли балиқлар,2013-M01,2013,7449.0
027,Yangi sog'ilgan sut (1 litr),Молоко свежее (1 литр),Fresh milk (1 liter),Янги соғилган сут (1 литр),2013-M01,2013,1473.0
034,Tuxum (10 dona),Яйца (10 штук),Eggs (10 pieces ),Тухум (10 дона),2013-M01,2013,3689.0
035,Paxta yog'i (1 litr),Масло хлопковое (1 литр),Cottonseed oil (1 liter),Пахта ёғи (1 литр),2013-M01,2013,0.0
0036,Kungaboqar yog'i (1 litr),Масло подсолнечное (1 литр),Sunflower oil (1 liter),Кунгабоқар ёғи (1 литр),2013-M01,2013,0.0
037,Sariyog',Масло сливочное,Butter,Сариёғ,2013-M01,2013,14069.0
039,Limon,Лимоны,Lemons,Лимон,2013-M01,2013,7462.0
0040,Olma,Яблоки,Apples,Олма,2013-M01,2013,2639.0
041,Nok,Груши,Pears,Нок,2013-M01,2013,3670.0
049,Uzum,Виноград,Grape,Узум,2013-M01,2013,2623.0
0050,Tarvuz,Арбуз,Watermelon,Тарвуз,2013-M01,2013,977.0
0051,Qovun,Дыня,Melon,Қовун,2013-M01,2013,1088.0
053,Mayiz,Кишмиш,Kishmish,Майиз,2013-M01,2013,7601.0
055,Karam,Капуста,Cabbage,Карам,2013-M01,2013,636.0
057,Bodring,Огурцы,Cucumbers,Бодринг,2013-M01,2013,4304.0
058,Pomidor,Помидоры,Tomatoes,Помидор,2013-M01,2013,4093.0
059,Baqlajon,Баклажаны,Eggplant,Бақлажон,2013-M01,2013,0.0
0060,Bulg'or qalampiri,Перец болгарский,Bell pepper,Булғор қалампири,2013-M01,2013,0.0
061,Qovoq,Тыква,Pumpkin,Қовоқ,2013-M01,2013,976.0
063,Sabzi,Морковь,Carrot,Сабзи,2013-M01,2013,539.0
065,Sarimsoq,Чеснок,Garlic,Саримсоқ,2013-M01,2013,2193.0
066,Piyoz,Лук репчатый,Onion,Пиёз,2013-M01,2013,615.0
069,Kartoshka,Картофель,Potatoes,Картошка,2013-M01,2013,1461.0
0070,Loviya,Фасоль,Beans,Ловия,2013-M01,2013,0.0
071,No'xot,Горох,Peas,Нўхот,2013-M01,2013,0.0
0072,Mosh,Маш,Mash,Мош,2013-M01,2013,0.0
073,Shakar,Сахар песок,Sugar,Шакар,2013-M01,2013,0.0
002,Kruppa yormasi,Крупа манная,Semolina,Круппа ёрмаси,2013-M01,2013,996.0
001,Guruch,Рис,Rice,Гуруч,2013-M02,2013,3299.0
003,Arpa,Ячмень,Barley,Арпа,2013-M02,2013,966.0
0004,Bug'doy,Пшеница,Wheat,Буғдой,2013-M02,2013,855.0
005,Jo'hori,Кукуруза,Corn,Жўҳори,2013-M02,2013,934.0
006,Kepak,Отруби,Bran,Кепак,2013-M02,2013,682.0
0008,Shrot,Шрот,Schroth,Шрот,2013-M02,2013,0.0
009,Shulxa,Шелуха,Husk,Шулха,2013-M02,2013,0.0
010,Kombikorm,Комбикорм,Compound feed,Комбикорм,2013-M02,2013,758.0
011,Oliy navli bug'doy uni,Мука пшеничная высшего сорта,High-grade wheat flour,Олий навли буғдой уни,2013-M02,2013,1198.0
0012,1-navli bug'doy uni,Мука пшеничная первого сорта,First grade wheat flour,1-навли буғдой уни,2013-M02,2013,0.0
013,1-nav bug'doy unidan non,Хлеб пшеничный из муки 1-го сорта,Wheat bread from 1st grade flour,1-нав буғдой унидан нон,2013-M02,2013,0.0
017,Mol go'shti,Говядина,Beef,Мол гўшти,2013-M02,2013,16111.0
0020,Qo'y go'shti,Баранина,Mutton,Қўй гўшти,2013-M02,2013,18632.0
022,Tovuq go'shti,Мясо птицы,Poultry,Товуқ гўшти,2013-M02,2013,0.0
026,Turli baliqlar,Рыба всякая,Fish of all kinds,Турли балиқлар,2013-M02,2013,8808.0
027,Yangi sog'ilgan sut (1 litr),Молоко свежее (1 литр),Fresh milk (1 liter),Янги соғилган сут (1 литр),2013-M02,2013,1479.0
034,Tuxum (10 dona),Яйца (10 штук),Eggs (10 pieces ),Тухум (10 дона),2013-M02,2013,3432.0
035,Paxta yog'i (1 litr),Масло хлопковое (1 литр),Cottonseed oil (1 liter),Пахта ёғи (1 литр),2013-M02,2013,0.0
0036,Kungaboqar yog'i (1 litr),Масло подсолнечное (1 литр),Sunflower oil (1 liter),Кунгабоқар ёғи (1 литр),2013-M02,2013,0.0
037,Sariyog',Масло сливочное,Butter,Сариёғ,2013-M02,2013,14371.0
039,Limon,Лимоны,Lemons,Лимон,2013-M02,2013,6642.0
0040,Olma,Яблоки,Apples,Олма,2013-M02,2013,3199.0
041,Nok,Груши,Pears,Нок,2013-M02,2013,3920.0
049,Uzum,Виноград,Grape,Узум,2013-M02,2013,3401.0
0050,Tarvuz,Арбуз,Watermelon,Тарвуз,2013-M02,2013,0.0
0051,Qovun,Дыня,Melon,Қовун,2013-M02,2013,0.0
053,Mayiz,Кишмиш,Kishmish,Майиз,2013-M02,2013,8024.0
055,Karam,Капуста,Cabbage,Карам,2013-M02,2013,565.0
057,Bodring,Огурцы,Cucumbers,Бодринг,2013-M02,2013,7012.0
058,Pomidor,Помидоры,Tomatoes,Помидор,2013-M02,2013,6754.0
059,Baqlajon,Баклажаны,Eggplant,Бақлажон,2013-M02,2013,0.0
0060,Bulg'or qalampiri,Перец болгарский,Bell pepper,Булғор қалампири,2013-M02,2013,0.0
061,Qovoq,Тыква,Pumpkin,Қовоқ,2013-M02,2013,788.0
063,Sabzi,Морковь,Carrot,Сабзи,2013-M02,2013,483.0
065,Sarimsoq,Чеснок,Garlic,Саримсоқ,2013-M02,2013,2250.0
066,Piyoz,Лук репчатый,Onion,Пиёз,2013-M02,2013,559.0
069,Kartoshka,Картофель,Potatoes,Картошка,2013-M02,2013,1560.0
0070,Loviya,Фасоль,Beans,Ловия,2013-M02,2013,0.0
071,No'xot,Горох,Peas,Нўхот,2013-M02,2013,0.0
0072,Mosh,Маш,Mash,Мош,2013-M02,2013,0.0
073,Shakar,Сахар песок,Sugar,Шакар,2013-M02,2013,0.0
002,Kruppa yormasi,Крупа манная,Semolina,Круппа ёрмаси,2013-M02,2013,966.0
001,Guruch,Рис,Rice,Гуруч,2013-M03,2013,3292.0
003,Arpa,Ячмень,Barley,Арпа,2013-M03,2013,984.0
0004,Bug'doy,Пшеница,Wheat,Буғдой,2013-M03,2013,860.0
005,Jo'hori,Кукуруза,Corn,Жўҳори,2013-M03,2013,918.0
006,Kepak,Отруби,Bran,Кепак,2013-M03,2013,692.0
0008,Shrot,Шрот,Schroth,Шрот,2013-M03,2013,0.0
009,Shulxa,Шелуха,Husk,Шулха,2013-M03,2013,0.0
010,Kombikorm,Комбикорм,Compound feed,Комбикорм,2013-M03,2013,749.0
011,Oliy navli bug'doy uni,Мука пшеничная высшего сорта,High-grade wheat flour,Олий навли буғдой уни,2013-M03,2013,1207.0
0012,1-navli bug'doy uni,Мука пшеничная первого сорта,First grade wheat flour,1-навли буғдой уни,2013-M03,2013,0.0
013,1-nav bug'doy unidan non,Хлеб пшеничный из муки 1-го сорта,Wheat bread from 1st grade flour,1-нав буғдой унидан нон,2013-M03,2013,0.0
017,Mol go'shti,Говядина,Beef,Мол гўшти,2013-M03,2013,15768.0
0020,Qo'y go'shti,Баранина,Mutton,Қўй гўшти,2013-M03,2013,18373.0
022,Tovuq go'shti,Мясо птицы,Poultry,Товуқ гўшти,2013-M03,2013,0.0
026,Turli baliqlar,Рыба всякая,Fish of all kinds,Турли балиқлар,2013-M03,2013,9449.0
027,Yangi sog'ilgan sut (1 litr),Молоко свежее (1 литр),Fresh milk (1 liter),Янги соғилган сут (1 литр),2013-M03,2013,1495.0
034,Tuxum (10 dona),Яйца (10 штук),Eggs (10 pieces ),Тухум (10 дона),2013-M03,2013,3185.0
035,Paxta yog'i (1 litr),Масло хлопковое (1 литр),Cottonseed oil (1 liter),Пахта ёғи (1 литр),2013-M03,2013,0.0
0036,Kungaboqar yog'i (1 litr),Масло подсолнечное (1 литр),Sunflower oil (1 liter),Кунгабоқар ёғи (1 литр),2013-M03,2013,0.0
037,Sariyog',Масло сливочное,Butter,Сариёғ,2013-M03,2013,14636.0
039,Limon,Лимоны,Lemons,Лимон,2013-M03,2013,6889.0
0040,Olma,Яблоки,Apples,Олма,2013-M03,2013,3675.0
041,Nok,Груши,Pears,Нок,2013-M03,2013,4393.0
049,Uzum,Виноград,Grape,Узум,2013-M03,2013,4294.0
0050,Tarvuz,Арбуз,Watermelon,Тарвуз,2013-M03,2013,0.0
0051,Qovun,Дыня,Melon,Қовун,2013-M03,2013,0.0
053,Mayiz,Кишмиш,Kishmish,Майиз,2013-M03,2013,8366.0
055,Karam,Капуста,Cabbage,Карам,2013-M03,2013,1011.0
057,Bodring,Огурцы,Cucumbers,Бодринг,2013-M03,2013,7624.0
058,Pomidor,Помидоры,Tomatoes,Помидор,2013-M03,2013,7332.0
059,Baqlajon,Баклажаны,Eggplant,Бақлажон,2013-M03,2013,0.0
0060,Bulg'or qalampiri,Перец болгарский,Bell pepper,Булғор қалампири,2013-M03,2013,0.0
061,Qovoq,Тыква,Pumpkin,Қовоқ,2013-M03,2013,683.0
063,Sabzi,Морковь,Carrot,Сабзи,2013-M03,2013,432.0
065,Sarimsoq,Чеснок,Garlic,Саримсоқ,2013-M03,2013,2424.0
066,Piyoz,Лук репчатый,Onion,Пиёз,2013-M03,2013,458.0
069,Kartoshka,Картофель,Potatoes,Картошка,2013-M03,2013,1394.0
0070,Loviya,Фасоль,Beans,Ловия,2013-M03,2013,0.0
071,No'xot,Горох,Peas,Нўхот,2013-M03,2013,0.0
0072,Mosh,Маш,Mash,Мош,2013-M03,2013,0.0
073,Shakar,Сахар песок,Sugar,Шакар,2013-M03,2013,0.0
002,Kruppa yormasi,Крупа манная,Semolina,Круппа ёрмаси,2013-M03,2013,984.0
001,Guruch,Рис,Rice,Гуруч,2013-M04,2013,3245.0
003,Arpa,Ячмень,Barley,Арпа,2013-M04,2013,1023.0
0004,Bug'doy,Пшеница,Wheat,Буғдой,2013-M04,2013,856.0
005,Jo'hori,Кукуруза,Corn,Жўҳори,2013-M04,2013,921.0
006,Kepak,Отруби,Bran,Кепак,2013-M04,2013,688.0
0008,Shrot,Шрот,Schroth,Шрот,2013-M04,2013,0.0
009,Shulxa,Шелуха,Husk,Шулха,2013-M04,2013,0.0
010,Kombikorm,Комбикорм,Compound feed,Комбикорм,2013-M04,2013,730.0
011,Oliy navli bug'doy uni,Мука пшеничная высшего сорта,High-grade wheat flour,Олий навли буғдой уни,2013-M04,2013,1208.0
0012,1-navli bug'doy uni,Мука пшеничная первого сорта,First grade wheat flour,1-навли буғдой уни,2013-M04,2013,0.0
013,1-nav bug'doy unidan non,Хлеб пшеничный из муки 1-го сорта,Wheat bread from 1st grade flour,1-нав буғдой унидан нон,2013-M04,2013,0.0
017,Mol go'shti,Говядина,Beef,Мол гўшти,2013-M04,2013,15702.0
0020,Qo'y go'shti,Баранина,Mutton,Қўй гўшти,2013-M04,2013,18338.0
022,Tovuq go'shti,Мясо птицы,Poultry,Товуқ гўшти,2013-M04,2013,0.0
026,Turli baliqlar,Рыба всякая,Fish of all kinds,Турли балиқлар,2013-M04,2013,9629.0
027,Yangi sog'ilgan sut (1 litr),Молоко свежее (1 литр),Fresh milk (1 liter),Янги соғилган сут (1 литр),2013-M04,2013,1508.0
034,Tuxum (10 dona),Яйца (10 штук),Eggs (10 pieces ),Тухум (10 дона),2013-M04,2013,2989.0
035,Paxta yog'i (1 litr),Масло хлопковое (1 литр),Cottonseed oil (1 liter),Пахта ёғи (1 литр),2013-M04,2013,0.0
0036,Kungaboqar yog'i (1 litr),Масло подсолнечное (1 литр),Sunflower oil (1 liter),Кунгабоқар ёғи (1 литр),2013-M04,2013,0.0
037,Sariyog',Масло сливочное,Butter,Сариёғ,2013-M04,2013,14826.0
039,Limon,Лимоны,Lemons,Лимон,2013-M04,2013,7287.0
0040,Olma,Яблоки,Apples,Олма,2013-M04,2013,4758.0
041,Nok,Груши,Pears,Нок,2013-M04,2013,5308.0
049,Uzum,Виноград,Grape,Узум,2013-M04,2013,0.0
0050,Tarvuz,Арбуз,Watermelon,Тарвуз,2013-M04,2013,0.0
0051,Qovun,Дыня,Melon,Қовун,2013-M04,2013,0.0
053,Mayiz,Кишмиш,Kishmish,Майиз,2013-M04,2013,8471.0
055,Karam,Капуста,Cabbage,Карам,2013-M04,2013,963.0
057,Bodring,Огурцы,Cucumbers,Бодринг,2013-M04,2013,5060.0
058,Pomidor,Помидоры,Tomatoes,Помидор,2013-M04,2013,6664.0
059,Baqlajon,Баклажаны,Eggplant,Бақлажон,2013-M04,2013,0.0
0060,Bulg'or qalampiri,Перец болгарский,Bell pepper,Булғор қалампири,2013-M04,2013,13450.0
061,Qovoq,Тыква,Pumpkin,Қовоқ,2013-M04,2013,0.0
063,Sabzi,Морковь,Carrot,Сабзи,2013-M04,2013,404.0
065,Sarimsoq,Чеснок,Garlic,Саримсоқ,2013-M04,2013,2872.0
066,Piyoz,Лук репчатый,Onion,Пиёз,2013-M04,2013,380.0
069,Kartoshka,Картофель,Potatoes,Картошка,2013-M04,2013,1860.0
0070,Loviya,Фасоль,Beans,Ловия,2013-M04,2013,0.0
071,No'xot,Горох,Peas,Нўхот,2013-M04,2013,0.0
0072,Mosh,Маш,Mash,Мош,2013-M04,2013,0.0
073,Shakar,Сахар песок,Sugar,Шакар,2013-M04,2013,0.0
002,Kruppa yormasi,Крупа манная,Semolina,Круппа ёрмаси,2013-M04,2013,1023.0
001,Guruch,Рис,Rice,Гуруч,2013-M05,2013,3246.0
003,Arpa,Ячмень,Barley,Арпа,2013-M05,2013,1040.0
0004,Bug'doy,Пшеница,Wheat,Буғдой,2013-M05,2013,867.0
005,Jo'hori,Кукуруза,Corn,Жўҳори,2013-M05,2013,940.0
006,Kepak,Отруби,Bran,Кепак,2013-M05,2013,691.0
0008,Shrot,Шрот,Schroth,Шрот,2013-M05,2013,0.0
009,Shulxa,Шелуха,Husk,Шулха,2013-M05,2013,0.0
010,Kombikorm,Комбикорм,Compound feed,Комбикорм,2013-M05,2013,733.0
011,Oliy navli bug'doy uni,Мука пшеничная высшего сорта,High-grade wheat flour,Олий навли буғдой уни,2013-M05,2013,1209.0
0012,1-navli bug'doy uni,Мука пшеничная первого сорта,First grade wheat flour,1-навли буғдой уни,2013-M05,2013,0.0
013,1-nav bug'doy unidan non,Хлеб пшеничный из муки 1-го сорта,Wheat bread from 1st grade flour,1-нав буғдой унидан нон,2013-M05,2013,0.0
017,Mol go'shti,Говядина,Beef,Мол гўшти,2013-M05,2013,15975.0
0020,Qo'y go'shti,Баранина,Mutton,Қўй гўшти,2013-M05,2013,18461.0
022,Tovuq go'shti,Мясо птицы,Poultry,Товуқ гўшти,2013-M05,2013,0.0
026,Turli baliqlar,Рыба всякая,Fish of all kinds,Турли балиқлар,2013-M05,2013,9739.0
027,Yangi sog'ilgan sut (1 litr),Молоко свежее (1 литр),Fresh milk (1 liter),Янги соғилган сут (1 литр),2013-M05,2013,1510.0
034,Tuxum (10 dona),Яйца (10 штук),Eggs (10 pieces ),Тухум (10 дона),2013-M05,2013,2939.0
035,Paxta yog'i (1 litr),Масло хлопковое (1 литр),Cottonseed oil (1 liter),Пахта ёғи (1 литр),2013-M05,2013,0.0
0036,Kungaboqar yog'i (1 litr),Масло подсолнечное (1 литр),Sunflower oil (1 liter),Кунгабоқар ёғи (1 литр),2013-M05,2013,0.0
037,Sariyog',Масло сливочное,Butter,Сариёғ,2013-M05,2013,14903.0
039,Limon,Лимоны,Lemons,Лимон,2013-M05,2013,7486.0
0040,Olma,Яблоки,Apples,Олма,2013-M05,2013,6069.0
041,Nok,Груши,Pears,Нок,2013-M05,2013,6742.0
049,Uzum,Виноград,Grape,Узум,2013-M05,2013,0.0
0050,Tarvuz,Арбуз,Watermelon,Тарвуз,2013-M05,2013,0.0
0051,Qovun,Дыня,Melon,Қовун,2013-M05,2013,0.0
053,Mayiz,Кишмиш,Kishmish,Майиз,2013-M05,2013,9020.0
055,Karam,Капуста,Cabbage,Карам,2013-M05,2013,1058.0
057,Bodring,Огурцы,Cucumbers,Бодринг,2013-M05,2013,2401.0
058,Pomidor,Помидоры,Tomatoes,Помидор,2013-M05,2013,4616.0
059,Baqlajon,Баклажаны,Eggplant,Бақлажон,2013-M05,2013,11417.0
0060,Bulg'or qalampiri,Перец болгарский,Bell pepper,Булғор қалампири,2013-M05,2013,8140.0
061,Qovoq,Тыква,Pumpkin,Қовоқ,2013-M05,2013,0.0
063,Sabzi,Морковь,Carrot,Сабзи,2013-M05,2013,467.0
065,Sarimsoq,Чеснок,Garlic,Саримсоқ,2013-M05,2013,2854.0
066,Piyoz,Лук репчатый,Onion,Пиёз,2013-M05,2013,459.0
069,Kartoshka,Картофель,Potatoes,Картошка,2013-M05,2013,1564.0
0070,Loviya,Фасоль,Beans,Ловия,2013-M05,2013,0.0
071,No'xot,Горох,Peas,Нўхот,2013-M05,2013,0.0
0072,Mosh,Маш,Mash,Мош,2013-M05,2013,0.0
073,Shakar,Сахар песок,Sugar,Шакар,2013-M05,2013,0.0
002,Kruppa yormasi,Крупа манная,Semolina,Круппа ёрмаси,2013-M05,2013,1040.0
001,Guruch,Рис,Rice,Гуруч,2013-M06,2013,3315.0
003,Arpa,Ячмень,Barley,Арпа,2013-M06,2013,1087.0
0004,Bug'doy,Пшеница,Wheat,Буғдой,2013-M06,2013,877.0
005,Jo'hori,Кукуруза,Corn,Жўҳори,2013-M06,2013,940.0
006,Kepak,Отруби,Bran,Кепак,2013-M06,2013,700.0
0008,Shrot,Шрот,Schroth,Шрот,2013-M06,2013,0.0
009,Shulxa,Шелуха,Husk,Шулха,2013-M06,2013,0.0
010,Kombikorm,Комбикорм,Compound feed,Комбикорм,2013-M06,2013,739.0
011,Oliy navli bug'doy uni,Мука пшеничная высшего сорта,High-grade wheat flour,Олий навли буғдой уни,2013-M06,2013,1217.0
0012,1-navli bug'doy uni,Мука пшеничная первого сорта,First grade wheat flour,1-навли буғдой уни,2013-M06,2013,0.0
013,1-nav bug'doy unidan non,Хлеб пшеничный из муки 1-го сорта,Wheat bread from 1st grade flour,1-нав буғдой унидан нон,2013-M06,2013,0.0
017,Mol go'shti,Говядина,Beef,Мол гўшти,2013-M06,2013,16068.0
0020,Qo'y go'shti,Баранина,Mutton,Қўй гўшти,2013-M06,2013,18489.0
022,Tovuq go'shti,Мясо птицы,Poultry,Товуқ гўшти,2013-M06,2013,0.0
026,Turli baliqlar,Рыба всякая,Fish of all kinds,Турли балиқлар,2013-M06,2013,9742.0
027,Yangi sog'ilgan sut (1 litr),Молоко свежее (1 литр),Fresh milk (1 liter),Янги соғилган сут (1 литр),2013-M06,2013,1516.0
034,Tuxum (10 dona),Яйца (10 штук),Eggs (10 pieces ),Тухум (10 дона),2013-M06,2013,2977.0
035,Paxta yog'i (1 litr),Масло хлопковое (1 литр),Cottonseed oil (1 liter),Пахта ёғи (1 литр),2013-M06,2013,0.0
0036,Kungaboqar yog'i (1 litr),Масло подсолнечное (1 литр),Sunflower oil (1 liter),Кунгабоқар ёғи (1 литр),2013-M06,2013,0.0
037,Sariyog',Масло сливочное,Butter,Сариёғ,2013-M06,2013,14899.0
039,Limon,Лимоны,Lemons,Лимон,2013-M06,2013,8612.0
0040,Olma,Яблоки,Apples,Олма,2013-M06,2013,4842.0
041,Nok,Груши,Pears,Нок,2013-M06,2013,6850.0
049,Uzum,Виноград,Grape,Узум,2013-M06,2013,2316.0
0050,Tarvuz,Арбуз,Watermelon,Тарвуз,2013-M06,2013,1139.0
0051,Qovun,Дыня,Melon,Қовун,2013-M06,2013,3130.0
053,Mayiz,Кишмиш,Kishmish,Майиз,2013-M06,2013,9861.0
055,Karam,Капуста,Cabbage,Карам,2013-M06,2013,930.0
057,Bodring,Огурцы,Cucumbers,Бодринг,2013-M06,2013,968.0
058,Pomidor,Помидоры,Tomatoes,Помидор,2013-M06,2013,2804.0
059,Baqlajon,Баклажаны,Eggplant,Бақлажон,2013-M06,2013,3633.0
0060,Bulg'or qalampiri,Перец болгарский,Bell pepper,Булғор қалампири,2013-M06,2013,3110.0
061,Qovoq,Тыква,Pumpkin,Қовоқ,2013-M06,2013,0.0
063,Sabzi,Морковь,Carrot,Сабзи,2013-M06,2013,515.0
065,Sarimsoq,Чеснок,Garlic,Саримсоқ,2013-M06,2013,2427.0
066,Piyoz,Лук репчатый,Onion,Пиёз,2013-M06,2013,505.0
069,Kartoshka,Картофель,Potatoes,Картошка,2013-M06,2013,979.0
0070,Loviya,Фасоль,Beans,Ловия,2013-M06,2013,0.0
071,No'xot,Горох,Peas,Нўхот,2013-M06,2013,0.0
0072,Mosh,Маш,Mash,Мош,2013-M06,2013,0.0
073,Shakar,Сахар песок,Sugar,Шакар,2013-M06,2013,0.0
002,Kruppa yormasi,Крупа манная,Semolina,Круппа ёрмаси,2013-M06,2013,1087.0
001,Guruch,Рис,Rice,Гуруч,2013-M07,2013,3438.0
003,Arpa,Ячмень,Barley,Арпа,2013-M07,2013,1100.0
0004,Bug'doy,Пшеница,Wheat,Буғдой,2013-M07,2013,834.0
005,Jo'hori,Кукуруза,Corn,Жўҳори,2013-M07,2013,927.0
006,Kepak,Отруби,Bran,Кепак,2013-M07,2013,678.0
0008,Shrot,Шрот,Schroth,Шрот,2013-M07,2013,0.0
009,Shulxa,Шелуха,Husk,Шулха,2013-M07,2013,0.0
010,Kombikorm,Комбикорм,Compound feed,Комбикорм,2013-M07,2013,699.0
011,Oliy navli bug'doy uni,Мука пшеничная высшего сорта,High-grade wheat flour,Олий навли буғдой уни,2013-M07,2013,1211.0
0012,1-navli bug'doy uni,Мука пшеничная первого сорта,First grade wheat flour,1-навли буғдой уни,2013-M07,2013,0.0
013,1-nav bug'doy unidan non,Хлеб пшеничный из муки 1-го сорта,Wheat bread from 1st grade flour,1-нав буғдой унидан нон,2013-M07,2013,0.0
017,Mol go'shti,Говядина,Beef,Мол гўшти,2013-M07,2013,16358.0
0020,Qo'y go'shti,Баранина,Mutton,Қўй гўшти,2013-M07,2013,18698.0
022,Tovuq go'shti,Мясо птицы,Poultry,Товуқ гўшти,2013-M07,2013,0.0
026,Turli baliqlar,Рыба всякая,Fish of all kinds,Турли балиқлар,2013-M07,2013,9440.0
027,Yangi sog'ilgan sut (1 litr),Молоко свежее (1 литр),Fresh milk (1 liter),Янги соғилган сут (1 литр),2013-M07,2013,1463.0
034,Tuxum (10 dona),Яйца (10 штук),Eggs (10 pieces ),Тухум (10 дона),2013-M07,2013,3032.0
035,Paxta yog'i (1 litr),Масло хлопковое (1 литр),Cottonseed oil (1 liter),Пахта ёғи (1 литр),2013-M07,2013,0.0
0036,Kungaboqar yog'i (1 litr),Масло подсолнечное (1 литр),Sunflower oil (1 liter),Кунгабоқар ёғи (1 литр),2013-M07,2013,0.0
037,Sariyog',Масло сливочное,Butter,Сариёғ,2013-M07,2013,15077.0
039,Limon,Лимоны,Lemons,Лимон,2013-M07,2013,9990.0
0040,Olma,Яблоки,Apples,Олма,2013-M07,2013,2490.0
041,Nok,Груши,Pears,Нок,2013-M07,2013,3792.0
049,Uzum,Виноград,Grape,Узум,2013-M07,2013,1443.0
0050,Tarvuz,Арбуз,Watermelon,Тарвуз,2013-M07,2013,758.0
0051,Qovun,Дыня,Melon,Қовун,2013-M07,2013,1698.0
053,Mayiz,Кишмиш,Kishmish,Майиз,2013-M07,2013,10520.0
055,Karam,Капуста,Cabbage,Карам,2013-M07,2013,794.0
057,Bodring,Огурцы,Cucumbers,Бодринг,2013-M07,2013,810.0
058,Pomidor,Помидоры,Tomatoes,Помидор,2013-M07,2013,953.0
059,Baqlajon,Баклажаны,Eggplant,Бақлажон,2013-M07,2013,939.0
0060,Bulg'or qalampiri,Перец болгарский,Bell pepper,Булғор қалампири,2013-M07,2013,1655.0
061,Qovoq,Тыква,Pumpkin,Қовоқ,2013-M07,2013,0.0
063,Sabzi,Морковь,Carrot,Сабзи,2013-M07,2013,670.0
065,Sarimsoq,Чеснок,Garlic,Саримсоқ,2013-M07,2013,2115.0
066,Piyoz,Лук репчатый,Onion,Пиёз,2013-M07,2013,616.0
069,Kartoshka,Картофель,Potatoes,Картошка,2013-M07,2013,861.0
0070,Loviya,Фасоль,Beans,Ловия,2013-M07,2013,0.0
071,No'xot,Горох,Peas,Нўхот,2013-M07,2013,0.0
0072,Mosh,Маш,Mash,Мош,2013-M07,2013,0.0
073,Shakar,Сахар песок,Sugar,Шакар,2013-M07,2013,0.0
002,Kruppa yormasi,Крупа манная,Semolina,Круппа ёрмаси,2013-M07,2013,1100.0
001,Guruch,Рис,Rice,Гуруч,2013-M08,2013,3547.0
003,Arpa,Ячмень,Barley,Арпа,2013-M08,2013,1176.0
0004,Bug'doy,Пшеница,Wheat,Буғдой,2013-M08,2013,806.0
005,Jo'hori,Кукуруза,Corn,Жўҳори,2013-M08,2013,961.0
006,Kepak,Отруби,Bran,Кепак,2013-M08,2013,672.0
0008,Shrot,Шрот,Schroth,Шрот,2013-M08,2013,0.0
009,Shulxa,Шелуха,Husk,Шулха,2013-M08,2013,0.0
010,Kombikorm,Комбикорм,Compound feed,Комбикорм,2013-M08,2013,683.0
011,Oliy navli bug'doy uni,Мука пшеничная высшего сорта,High-grade wheat flour,Олий навли буғдой уни,2013-M08,2013,1230.0
0012,1-navli bug'doy uni,Мука пшеничная первого сорта,First grade wheat flour,1-навли буғдой уни,2013-M08,2013,0.0
013,1-nav bug'doy unidan non,Хлеб пшеничный из муки 1-го сорта,Wheat bread from 1st grade flour,1-нав буғдой унидан нон,2013-M08,2013,0.0
017,Mol go'shti,Говядина,Beef,Мол гўшти,2013-M08,2013,17230.0
0020,Qo'y go'shti,Баранина,Mutton,Қўй гўшти,2013-M08,2013,19537.0
022,Tovuq go'shti,Мясо птицы,Poultry,Товуқ гўшти,2013-M08,2013,0.0
026,Turli baliqlar,Рыба всякая,Fish of all kinds,Турли балиқлар,2013-M08,2013,9763.0
027,Yangi sog'ilgan sut (1 litr),Молоко свежее (1 литр),Fresh milk (1 liter),Янги соғилган сут (1 литр),2013-M08,2013,1483.0
034,Tuxum (10 dona),Яйца (10 штук),Eggs (10 pieces ),Тухум (10 дона),2013-M08,2013,3106.0
035,Paxta yog'i (1 litr),Масло хлопковое (1 литр),Cottonseed oil (1 liter),Пахта ёғи (1 литр),2013-M08,2013,0.0
0036,Kungaboqar yog'i (1 litr),Масло подсолнечное (1 литр),Sunflower oil (1 liter),Кунгабоқар ёғи (1 литр),2013-M08,2013,0.0
037,Sariyog',Масло сливочное,Butter,Сариёғ,2013-M08,2013,15307.0
039,Limon,Лимоны,Lemons,Лимон,2013-M08,2013,10257.0
0040,Olma,Яблоки,Apples,Олма,2013-M08,2013,2033.0
041,Nok,Груши,Pears,Нок,2013-M08,2013,2782.0
049,Uzum,Виноград,Grape,Узум,2013-M08,2013,1663.0
0050,Tarvuz,Арбуз,Watermelon,Тарвуз,2013-M08,2013,636.0
0051,Qovun,Дыня,Melon,Қовун,2013-M08,2013,1201.0
053,Mayiz,Кишмиш,Kishmish,Майиз,2013-M08,2013,10602.0
055,Karam,Капуста,Cabbage,Карам,2013-M08,2013,660.0
057,Bodring,Огурцы,Cucumbers,Бодринг,2013-M08,2013,987.0
058,Pomidor,Помидоры,Tomatoes,Помидор,2013-M08,2013,1128.0
059,Baqlajon,Баклажаны,Eggplant,Бақлажон,2013-M08,2013,579.0
0060,Bulg'or qalampiri,Перец болгарский,Bell pepper,Булғор қалампири,2013-M08,2013,1128.0
061,Qovoq,Тыква,Pumpkin,Қовоқ,2013-M08,2013,989.0
063,Sabzi,Морковь,Carrot,Сабзи,2013-M08,2013,894.0
065,Sarimsoq,Чеснок,Garlic,Саримсоқ,2013-M08,2013,2285.0
066,Piyoz,Лук репчатый,Onion,Пиёз,2013-M08,2013,667.0
069,Kartoshka,Картофель,Potatoes,Картошка,2013-M08,2013,975.0
0070,Loviya,Фасоль,Beans,Ловия,2013-M08,2013,0.0
071,No'xot,Горох,Peas,Нўхот,2013-M08,2013,0.0
0072,Mosh,Маш,Mash,Мош,2013-M08,2013,0.0
073,Shakar,Сахар песок,Sugar,Шакар,2013-M08,2013,0.0
002,Kruppa yormasi,Крупа манная,Semolina,Круппа ёрмаси,2013-M08,2013,1176.0
001,Guruch,Рис,Rice,Гуруч,2013-M09,2013,3503.0
003,Arpa,Ячмень,Barley,Арпа,2013-M09,2013,1065.0
0004,Bug'doy,Пшеница,Wheat,Буғдой,2013-M09,2013,828.0
005,Jo'hori,Кукуруза,Corn,Жўҳори,2013-M09,2013,1022.0
006,Kepak,Отруби,Bran,Кепак,2013-M09,2013,694.0
0008,Shrot,Шрот,Schroth,Шрот,2013-M09,2013,0.0
009,Shulxa,Шелуха,Husk,Шулха,2013-M09,2013,0.0
010,Kombikorm,Комбикорм,Compound feed,Комбикорм,2013-M09,2013,770.0
011,Oliy navli bug'doy uni,Мука пшеничная высшего сорта,High-grade wheat flour,Олий навли буғдой уни,2013-M09,2013,1222.0
0012,1-navli bug'doy uni,Мука пшеничная первого сорта,First grade wheat flour,1-навли буғдой уни,2013-M09,2013,0.0
013,1-nav bug'doy unidan non,Хлеб пшеничный из муки 1-го сорта,Wheat bread from 1st grade flour,1-нав буғдой унидан нон,2013-M09,2013,0.0
017,Mol go'shti,Говядина,Beef,Мол гўшти,2013-M09,2013,17895.0
0020,Qo'y go'shti,Баранина,Mutton,Қўй гўшти,2013-M09,2013,20121.0
022,Tovuq go'shti,Мясо птицы,Poultry,Товуқ гўшти,2013-M09,2013,0.0
026,Turli baliqlar,Рыба всякая,Fish of all kinds,Турли балиқлар,2013-M09,2013,10227.0
027,Yangi sog'ilgan sut (1 litr),Молоко свежее (1 литр),Fresh milk (1 liter),Янги соғилган сут (1 литр),2013-M09,2013,1542.0
034,Tuxum (10 dona),Яйца (10 штук),Eggs (10 pieces ),Тухум (10 дона),2013-M09,2013,3565.0
035,Paxta yog'i (1 litr),Масло хлопковое (1 литр),Cottonseed oil (1 liter),Пахта ёғи (1 литр),2013-M09,2013,0.0
0036,Kungaboqar yog'i (1 litr),Масло подсолнечное (1 литр),Sunflower oil (1 liter),Кунгабоқар ёғи (1 литр),2013-M09,2013,0.0
037,Sariyog',Масло сливочное,Butter,Сариёғ,2013-M09,2013,15335.0
039,Limon,Лимоны,Lemons,Лимон,2013-M09,2013,9715.0
0040,Olma,Яблоки,Apples,Олма,2013-M09,2013,2082.0
041,Nok,Груши,Pears,Нок,2013-M09,2013,2747.0
049,Uzum,Виноград,Grape,Узум,2013-M09,2013,1451.0
0050,Tarvuz,Арбуз,Watermelon,Тарвуз,2013-M09,2013,711.0
0051,Qovun,Дыня,Melon,Қовун,2013-M09,2013,1174.0
053,Mayiz,Кишмиш,Kishmish,Майиз,2013-M09,2013,11393.0
055,Karam,Капуста,Cabbage,Карам,2013-M09,2013,670.0
057,Bodring,Огурцы,Cucumbers,Бодринг,2013-M09,2013,1075.0
058,Pomidor,Помидоры,Tomatoes,Помидор,2013-M09,2013,1277.0
059,Baqlajon,Баклажаны,Eggplant,Бақлажон,2013-M09,2013,683.0
0060,Bulg'or qalampiri,Перец болгарский,Bell pepper,Булғор қалампири,2013-M09,2013,982.0
061,Qovoq,Тыква,Pumpkin,Қовоқ,2013-M09,2013,742.0
063,Sabzi,Морковь,Carrot,Сабзи,2013-M09,2013,808.0
065,Sarimsoq,Чеснок,Garlic,Саримсоқ,2013-M09,2013,2297.0
066,Piyoz,Лук репчатый,Onion,Пиёз,2013-M09,2013,560.0
069,Kartoshka,Картофель,Potatoes,Картошка,2013-M09,2013,978.0
0070,Loviya,Фасоль,Beans,Ловия,2013-M09,2013,0.0
071,No'xot,Горох,Peas,Нўхот,2013-M09,2013,0.0
0072,Mosh,Маш,Mash,Мош,2013-M09,2013,0.0
073,Shakar,Сахар песок,Sugar,Шакар,2013-M09,2013,0.0
002,Kruppa yormasi,Крупа манная,Semolina,Круппа ёрмаси,2013-M09,2013,1065.0
001,Guruch,Рис,Rice,Гуруч,2013-M10,2013,3577.0
003,Arpa,Ячмень,Barley,Арпа,2013-M10,2013,1113.0
0004,Bug'doy,Пшеница,Wheat,Буғдой,2013-M10,2013,825.0
005,Jo'hori,Кукуруза,Corn,Жўҳори,2013-M10,2013,1015.0
006,Kepak,Отруби,Bran,Кепак,2013-M10,2013,704.0
0008,Shrot,Шрот,Schroth,Шрот,2013-M10,2013,0.0
009,Shulxa,Шелуха,Husk,Шулха,2013-M10,2013,0.0
010,Kombikorm,Комбикорм,Compound feed,Комбикорм,2013-M10,2013,834.0
011,Oliy navli bug'doy uni,Мука пшеничная высшего сорта,High-grade wheat flour,Олий навли буғдой уни,2013-M10,2013,1248.0
0012,1-navli bug'doy uni,Мука пшеничная первого сорта,First grade wheat flour,1-навли буғдой уни,2013-M10,2013,0.0
013,1-nav bug'doy unidan non,Хлеб пшеничный из муки 1-го сорта,Wheat bread from 1st grade flour,1-нав буғдой унидан нон,2013-M10,2013,0.0
017,Mol go'shti,Говядина,Beef,Мол гўшти,2013-M10,2013,18124.0
0020,Qo'y go'shti,Баранина,Mutton,Қўй гўшти,2013-M10,2013,20156.0
022,Tovuq go'shti,Мясо птицы,Poultry,Товуқ гўшти,2013-M10,2013,0.0
026,Turli baliqlar,Рыба всякая,Fish of all kinds,Турли балиқлар,2013-M10,2013,10568.0
027,Yangi sog'ilgan sut (1 litr),Молоко свежее (1 литр),Fresh milk (1 liter),Янги соғилган сут (1 литр),2013-M10,2013,1539.0
034,Tuxum (10 dona),Яйца (10 штук),Eggs (10 pieces ),Тухум (10 дона),2013-M10,2013,3756.0
035,Paxta yog'i (1 litr),Масло хлопковое (1 литр),Cottonseed oil (1 liter),Пахта ёғи (1 литр),2013-M10,2013,0.0
0036,Kungaboqar yog'i (1 litr),Масло подсолнечное (1 литр),Sunflower oil (1 liter),Кунгабоқар ёғи (1 литр),2013-M10,2013,0.0
037,Sariyog',Масло сливочное,Butter,Сариёғ,2013-M10,2013,15781.0
039,Limon,Лимоны,Lemons,Лимон,2013-M10,2013,9638.0
0040,Olma,Яблоки,Apples,Олма,2013-M10,2013,2185.0
041,Nok,Груши,Pears,Нок,2013-M10,2013,2868.0
049,Uzum,Виноград,Grape,Узум,2013-M10,2013,1734.0
0050,Tarvuz,Арбуз,Watermelon,Тарвуз,2013-M10,2013,749.0
0051,Qovun,Дыня,Melon,Қовун,2013-M10,2013,1334.0
053,Mayiz,Кишмиш,Kishmish,Майиз,2013-M10,2013,11638.0
055,Karam,Капуста,Cabbage,Карам,2013-M10,2013,668.0
057,Bodring,Огурцы,Cucumbers,Бодринг,2013-M10,2013,1497.0
058,Pomidor,Помидоры,Tomatoes,Помидор,2013-M10,2013,1672.0
059,Baqlajon,Баклажаны,Eggplant,Бақлажон,2013-M10,2013,936.0
0060,Bulg'or qalampiri,Перец болгарский,Bell pepper,Булғор қалампири,2013-M10,2013,1034.0
061,Qovoq,Тыква,Pumpkin,Қовоқ,2013-M10,2013,680.0
063,Sabzi,Морковь,Carrot,Сабзи,2013-M10,2013,717.0
065,Sarimsoq,Чеснок,Garlic,Саримсоқ,2013-M10,2013,2417.0
066,Piyoz,Лук репчатый,Onion,Пиёз,2013-M10,2013,516.0
069,Kartoshka,Картофель,Potatoes,Картошка,2013-M10,2013,1010.0
0070,Loviya,Фасоль,Beans,Ловия,2013-M10,2013,0.0
071,No'xot,Горох,Peas,Нўхот,2013-M10,2013,0.0
0072,Mosh,Маш,Mash,Мош,2013-M10,2013,0.0
073,Shakar,Сахар песок,Sugar,Шакар,2013-M10,2013,0.0
002,Kruppa yormasi,Крупа манная,Semolina,Круппа ёрмаси,2013-M10,2013,1113.0
001,Guruch,Рис,Rice,Гуруч,2013-M11,2013,3619.0
003,Arpa,Ячмень,Barley,Арпа,2013-M11,2013,1197.0
0004,Bug'doy,Пшеница,Wheat,Буғдой,2013-M11,2013,855.0
005,Jo'hori,Кукуруза,Corn,Жўҳори,2013-M11,2013,1040.0
006,Kepak,Отруби,Bran,Кепак,2013-M11,2013,740.0
0008,Shrot,Шрот,Schroth,Шрот,2013-M11,2013,0.0
009,Shulxa,Шелуха,Husk,Шулха,2013-M11,2013,0.0
010,Kombikorm,Комбикорм,Compound feed,Комбикорм,2013-M11,2013,815.0
011,Oliy navli bug'doy uni,Мука пшеничная высшего сорта,High-grade wheat flour,Олий навли буғдой уни,2013-M11,2013,1295.0
0012,1-navli bug'doy uni,Мука пшеничная первого сорта,First grade wheat flour,1-навли буғдой уни,2013-M11,2013,0.0
013,1-nav bug'doy unidan non,Хлеб пшеничный из муки 1-го сорта,Wheat bread from 1st grade flour,1-нав буғдой унидан нон,2013-M11,2013,0.0
017,Mol go'shti,Говядина,Beef,Мол гўшти,2013-M11,2013,18371.0
0020,Qo'y go'shti,Баранина,Mutton,Қўй гўшти,2013-M11,2013,20572.0
022,Tovuq go'shti,Мясо птицы,Poultry,Товуқ гўшти,2013-M11,2013,0.0
026,Turli baliqlar,Рыба всякая,Fish of all kinds,Турли балиқлар,2013-M11,2013,10741.0
027,Yangi sog'ilgan sut (1 litr),Молоко свежее (1 литр),Fresh milk (1 liter),Янги соғилган сут (1 литр),2013-M11,2013,1552.0
034,Tuxum (10 dona),Яйца (10 штук),Eggs (10 pieces ),Тухум (10 дона),2013-M11,2013,3827.0
035,Paxta yog'i (1 litr),Масло хлопковое (1 литр),Cottonseed oil (1 liter),Пахта ёғи (1 литр),2013-M11,2013,0.0
0036,Kungaboqar yog'i (1 litr),Масло подсолнечное (1 литр),Sunflower oil (1 liter),Кунгабоқар ёғи (1 литр),2013-M11,2013,0.0
037,Sariyog',Масло сливочное,Butter,Сариёғ,2013-M11,2013,16052.0
039,Limon,Лимоны,Lemons,Лимон,2013-M11,2013,8024.0
0040,Olma,Яблоки,Apples,Олма,2013-M11,2013,2621.0
041,Nok,Груши,Pears,Нок,2013-M11,2013,3347.0
049,Uzum,Виноград,Grape,Узум,2013-M11,2013,2908.0
0050,Tarvuz,Арбуз,Watermelon,Тарвуз,2013-M11,2013,825.0
0051,Qovun,Дыня,Melon,Қовун,2013-M11,2013,1407.0
053,Mayiz,Кишмиш,Kishmish,Майиз,2013-M11,2013,12120.0
055,Karam,Капуста,Cabbage,Карам,2013-M11,2013,715.0
057,Bodring,Огурцы,Cucumbers,Бодринг,2013-M11,2013,2598.0
058,Pomidor,Помидоры,Tomatoes,Помидор,2013-M11,2013,2289.0
059,Baqlajon,Баклажаны,Eggplant,Бақлажон,2013-M11,2013,1608.0
0060,Bulg'or qalampiri,Перец болгарский,Bell pepper,Булғор қалампири,2013-M11,2013,1571.0
061,Qovoq,Тыква,Pumpkin,Қовоқ,2013-M11,2013,696.0
063,Sabzi,Морковь,Carrot,Сабзи,2013-M11,2013,630.0
065,Sarimsoq,Чеснок,Garlic,Саримсоқ,2013-M11,2013,2541.0
066,Piyoz,Лук репчатый,Onion,Пиёз,2013-M11,2013,539.0
069,Kartoshka,Картофель,Potatoes,Картошка,2013-M11,2013,1170.0
0070,Loviya,Фасоль,Beans,Ловия,2013-M11,2013,0.0
071,No'xot,Горох,Peas,Нўхот,2013-M11,2013,0.0
0072,Mosh,Маш,Mash,Мош,2013-M11,2013,0.0
073,Shakar,Сахар песок,Sugar,Шакар,2013-M11,2013,0.0
002,Kruppa yormasi,Крупа манная,Semolina,Круппа ёрмаси,2013-M11,2013,1197.0
001,Guruch,Рис,Rice,Гуруч,2013-M12,2013,3721.0
003,Arpa,Ячмень,Barley,Арпа,2013-M12,2013,1249.0
0004,Bug'doy,Пшеница,Wheat,Буғдой,2013-M12,2013,882.0
005,Jo'hori,Кукуруза,Corn,Жўҳори,2013-M12,2013,1044.0
006,Kepak,Отруби,Bran,Кепак,2013-M12,2013,767.0
0008,Shrot,Шрот,Schroth,Шрот,2013-M12,2013,0.0
009,Shulxa,Шелуха,Husk,Шулха,2013-M12,2013,0.0
010,Kombikorm,Комбикорм,Compound feed,Комбикорм,2013-M12,2013,785.0
011,Oliy navli bug'doy uni,Мука пшеничная высшего сорта,High-grade wheat flour,Олий навли буғдой уни,2013-M12,2013,1327.0
0012,1-navli bug'doy uni,Мука пшеничная первого сорта,First grade wheat flour,1-навли буғдой уни,2013-M12,2013,0.0
013,1-nav bug'doy unidan non,Хлеб пшеничный из муки 1-го сорта,Wheat bread from 1st grade flour,1-нав буғдой унидан нон,2013-M12,2013,0.0
017,Mol go'shti,Говядина,Beef,Мол гўшти,2013-M12,2013,18721.0
0020,Qo'y go'shti,Баранина,Mutton,Қўй гўшти,2013-M12,2013,21132.0
022,Tovuq go'shti,Мясо птицы,Poultry,Товуқ гўшти,2013-M12,2013,0.0
026,Turli baliqlar,Рыба всякая,Fish of all kinds,Турли балиқлар,2013-M12,2013,10641.0
027,Yangi sog'ilgan sut (1 litr),Молоко свежее (1 литр),Fresh milk (1 liter),Янги соғилган сут (1 литр),2013-M12,2013,1591.0
034,Tuxum (10 dona),Яйца (10 штук),Eggs (10 pieces ),Тухум (10 дона),2013-M12,2013,3782.0
035,Paxta yog'i (1 litr),Масло хлопковое (1 литр),Cottonseed oil (1 liter),Пахта ёғи (1 литр),2013-M12,2013,0.0
0036,Kungaboqar yog'i (1 litr),Масло подсолнечное (1 литр),Sunflower oil (1 liter),Кунгабоқар ёғи (1 литр),2013-M12,2013,0.0
037,Sariyog',Масло сливочное,Butter,Сариёғ,2013-M12,2013,16147.0
039,Limon,Лимоны,Lemons,Лимон,2013-M12,2013,6649.0
0040,Olma,Яблоки,Apples,Олма,2013-M12,2013,2945.0
041,Nok,Груши,Pears,Нок,2013-M12,2013,3963.0
049,Uzum,Виноград,Grape,Узум,2013-M12,2013,3972.0
0050,Tarvuz,Арбуз,Watermelon,Тарвуз,2013-M12,2013,946.0
0051,Qovun,Дыня,Melon,Қовун,2013-M12,2013,1514.0
053,Mayiz,Кишмиш,Kishmish,Майиз,2013-M12,2013,12789.0
055,Karam,Капуста,Cabbage,Карам,2013-M12,2013,746.0
057,Bodring,Огурцы,Cucumbers,Бодринг,2013-M12,2013,4054.0
058,Pomidor,Помидоры,Tomatoes,Помидор,2013-M12,2013,3144.0
059,Baqlajon,Баклажаны,Eggplant,Бақлажон,2013-M12,2013,2790.0
0060,Bulg'or qalampiri,Перец болгарский,Bell pepper,Булғор қалампири,2013-M12,2013,2401.0
061,Qovoq,Тыква,Pumpkin,Қовоқ,2013-M12,2013,702.0
063,Sabzi,Морковь,Carrot,Сабзи,2013-M12,2013,529.0
065,Sarimsoq,Чеснок,Garlic,Саримсоқ,2013-M12,2013,2929.0
066,Piyoz,Лук репчатый,Onion,Пиёз,2013-M12,2013,529.0
069,Kartoshka,Картофель,Potatoes,Картошка,2013-M12,2013,1382.0
0070,Loviya,Фасоль,Beans,Ловия,2013-M12,2013,0.0
071,No'xot,Горох,Peas,Нўхот,2013-M12,2013,0.0
0072,Mosh,Маш,Mash,Мош,2013-M12,2013,0.0
073,Shakar,Сахар песок,Sugar,Шакар,2013-M12,2013,0.0
002,Kruppa yormasi,Крупа манная,Semolina,Круппа ёрмаси,2013-M12,2013,1249.0
001,Guruch,Рис,Rice,Гуруч,2014-M01,2014,3846.0
003,Arpa,Ячмень,Barley,Арпа,2014-M01,2014,1309.0
0004,Bug'doy,Пшеница,Wheat,Буғдой,2014-M01,2014,920.0
005,Jo'hori,Кукуруза,Corn,Жўҳори,2014-M01,2014,1100.0
006,Kepak,Отруби,Bran,Кепак,2014-M01,2014,796.0
0008,Shrot,Шрот,Schroth,Шрот,2014-M01,2014,0.0
009,Shulxa,Шелуха,Husk,Шулха,2014-M01,2014,0.0
010,Kombikorm,Комбикорм,Compound feed,Комбикорм,2014-M01,2014,807.0
011,Oliy navli bug'doy uni,Мука пшеничная высшего сорта,High-grade wheat flour,Олий навли буғдой уни,2014-M01,2014,1356.0
0012,1-navli bug'doy uni,Мука пшеничная первого сорта,First grade wheat flour,1-навли буғдой уни,2014-M01,2014,0.0
013,1-nav bug'doy unidan non,Хлеб пшеничный из муки 1-го сорта,Wheat bread from 1st grade flour,1-нав буғдой унидан нон,2014-M01,2014,0.0
017,Mol go'shti,Говядина,Beef,Мол гўшти,2014-M01,2014,19106.0
0020,Qo'y go'shti,Баранина,Mutton,Қўй гўшти,2014-M01,2014,21551.0
022,Tovuq go'shti,Мясо птицы,Poultry,Товуқ гўшти,2014-M01,2014,0.0
026,Turli baliqlar,Рыба всякая,Fish of all kinds,Турли балиқлар,2014-M01,2014,11029.0
027,Yangi sog'ilgan sut (1 litr),Молоко свежее (1 литр),Fresh milk (1 liter),Янги соғилган сут (1 литр),2014-M01,2014,1663.0
034,Tuxum (10 dona),Яйца (10 штук),Eggs (10 pieces ),Тухум (10 дона),2014-M01,2014,3821.0
035,Paxta yog'i (1 litr),Масло хлопковое (1 литр),Cottonseed oil (1 liter),Пахта ёғи (1 литр),2014-M01,2014,0.0
0036,Kungaboqar yog'i (1 litr),Масло подсолнечное (1 литр),Sunflower oil (1 liter),Кунгабоқар ёғи (1 литр),2014-M01,2014,0.0
037,Sariyog',Масло сливочное,Butter,Сариёғ,2014-M01,2014,16571.0
039,Limon,Лимоны,Lemons,Лимон,2014-M01,2014,6549.0
0040,Olma,Яблоки,Apples,Олма,2014-M01,2014,3313.0
041,Nok,Груши,Pears,Нок,2014-M01,2014,4316.0
049,Uzum,Виноград,Grape,Узум,2014-M01,2014,5196.0
0050,Tarvuz,Арбуз,Watermelon,Тарвуз,2014-M01,2014,1080.0
0051,Qovun,Дыня,Melon,Қовун,2014-M01,2014,1680.0
053,Mayiz,Кишмиш,Kishmish,Майиз,2014-M01,2014,13503.0
055,Karam,Капуста,Cabbage,Карам,2014-M01,2014,803.0
057,Bodring,Огурцы,Cucumbers,Бодринг,2014-M01,2014,7164.0
058,Pomidor,Помидоры,Tomatoes,Помидор,2014-M01,2014,4694.0
059,Baqlajon,Баклажаны,Eggplant,Бақлажон,2014-M01,2014,0.0
0060,Bulg'or qalampiri,Перец болгарский,Bell pepper,Булғор қалампири,2014-M01,2014,0.0
061,Qovoq,Тыква,Pumpkin,Қовоқ,2014-M01,2014,785.0
063,Sabzi,Морковь,Carrot,Сабзи,2014-M01,2014,630.0
065,Sarimsoq,Чеснок,Garlic,Саримсоқ,2014-M01,2014,3622.0
066,Piyoz,Лук репчатый,Onion,Пиёз,2014-M01,2014,596.0
069,Kartoshka,Картофель,Potatoes,Картошка,2014-M01,2014,1539.0
0070,Loviya,Фасоль,Beans,Ловия,2014-M01,2014,0.0
071,No'xot,Горох,Peas,Нўхот,2014-M01,2014,0.0
0072,Mosh,Маш,Mash,Мош,2014-M01,2014,0.0
073,Shakar,Сахар песок,Sugar,Шакар,2014-M01,2014,0.0
002,Kruppa yormasi,Крупа манная,Semolina,Круппа ёрмаси,2014-M01,2014,1309.0
001,Guruch,Рис,Rice,Гуруч,2014-M02,2014,3986.0
003,Arpa,Ячмень,Barley,Арпа,2014-M02,2014,1332.0
0004,Bug'doy,Пшеница,Wheat,Буғдой,2014-M02,2014,961.0
005,Jo'hori,Кукуруза,Corn,Жўҳори,2014-M02,2014,1142.0
006,Kepak,Отруби,Bran,Кепак,2014-M02,2014,828.0
0008,Shrot,Шрот,Schroth,Шрот,2014-M02,2014,0.0
009,Shulxa,Шелуха,Husk,Шулха,2014-M02,2014,0.0
010,Kombikorm,Комбикорм,Compound feed,Комбикорм,2014-M02,2014,833.0
011,Oliy navli bug'doy uni,Мука пшеничная высшего сорта,High-grade wheat flour,Олий навли буғдой уни,2014-M02,2014,1380.0
0012,1-navli bug'doy uni,Мука пшеничная первого сорта,First grade wheat flour,1-навли буғдой уни,2014-M02,2014,0.0
013,1-nav bug'doy unidan non,Хлеб пшеничный из муки 1-го сорта,Wheat bread from 1st grade flour,1-нав буғдой унидан нон,2014-M02,2014,0.0
017,Mol go'shti,Говядина,Beef,Мол гўшти,2014-M02,2014,19260.0
0020,Qo'y go'shti,Баранина,Mutton,Қўй гўшти,2014-M02,2014,21607.0
022,Tovuq go'shti,Мясо птицы,Poultry,Товуқ гўшти,2014-M02,2014,0.0
026,Turli baliqlar,Рыба всякая,Fish of all kinds,Турли балиқлар,2014-M02,2014,11253.0
027,Yangi sog'ilgan sut (1 litr),Молоко свежее (1 литр),Fresh milk (1 liter),Янги соғилган сут (1 литр),2014-M02,2014,1701.0
034,Tuxum (10 dona),Яйца (10 штук),Eggs (10 pieces ),Тухум (10 дона),2014-M02,2014,3900.0
035,Paxta yog'i (1 litr),Масло хлопковое (1 литр),Cottonseed oil (1 liter),Пахта ёғи (1 литр),2014-M02,2014,0.0
0036,Kungaboqar yog'i (1 litr),Масло подсолнечное (1 литр),Sunflower oil (1 liter),Кунгабоқар ёғи (1 литр),2014-M02,2014,0.0
037,Sariyog',Масло сливочное,Butter,Сариёғ,2014-M02,2014,16911.0
039,Limon,Лимоны,Lemons,Лимон,2014-M02,2014,6900.0
0040,Olma,Яблоки,Apples,Олма,2014-M02,2014,3586.0
041,Nok,Груши,Pears,Нок,2014-M02,2014,4592.0
049,Uzum,Виноград,Grape,Узум,2014-M02,2014,6022.0
0050,Tarvuz,Арбуз,Watermelon,Тарвуз,2014-M02,2014,0.0
0051,Qovun,Дыня,Melon,Қовун,2014-M02,2014,0.0
053,Mayiz,Кишмиш,Kishmish,Майиз,2014-M02,2014,13876.0
055,Karam,Капуста,Cabbage,Карам,2014-M02,2014,856.0
057,Bodring,Огурцы,Cucumbers,Бодринг,2014-M02,2014,8582.0
058,Pomidor,Помидоры,Tomatoes,Помидор,2014-M02,2014,6061.0
059,Baqlajon,Баклажаны,Eggplant,Бақлажон,2014-M02,2014,0.0
0060,Bulg'or qalampiri,Перец болгарский,Bell pepper,Булғор қалампири,2014-M02,2014,0.0
061,Qovoq,Тыква,Pumpkin,Қовоқ,2014-M02,2014,1001.0
063,Sabzi,Морковь,Carrot,Сабзи,2014-M02,2014,685.0
065,Sarimsoq,Чеснок,Garlic,Саримсоқ,2014-M02,2014,4085.0
066,Piyoz,Лук репчатый,Onion,Пиёз,2014-M02,2014,654.0
069,Kartoshka,Картофель,Potatoes,Картошка,2014-M02,2014,1606.0
0070,Loviya,Фасоль,Beans,Ловия,2014-M02,2014,0.0
071,No'xot,Горох,Peas,Нўхот,2014-M02,2014,0.0
0072,Mosh,Маш,Mash,Мош,2014-M02,2014,0.0
073,Shakar,Сахар песок,Sugar,Шакар,2014-M02,2014,0.0
002,Kruppa yormasi,Крупа манная,Semolina,Круппа ёрмаси,2014-M02,2014,1332.0
001,Guruch,Рис,Rice,Гуруч,2014-M03,2014,4179.0
003,Arpa,Ячмень,Barley,Арпа,2014-M03,2014,1361.0
0004,Bug'doy,Пшеница,Wheat,Буғдой,2014-M03,2014,1015.0
005,Jo'hori,Кукуруза,Corn,Жўҳори,2014-M03,2014,1185.0
006,Kepak,Отруби,Bran,Кепак,2014-M03,2014,863.0
0008,Shrot,Шрот,Schroth,Шрот,2014-M03,2014,0.0
009,Shulxa,Шелуха,Husk,Шулха,2014-M03,2014,0.0
010,Kombikorm,Комбикорм,Compound feed,Комбикорм,2014-M03,2014,868.0
011,Oliy navli bug'doy uni,Мука пшеничная высшего сорта,High-grade wheat flour,Олий навли буғдой уни,2014-M03,2014,1392.0
0012,1-navli bug'doy uni,Мука пшеничная первого сорта,First grade wheat flour,1-навли буғдой уни,2014-M03,2014,0.0
013,1-nav bug'doy unidan non,Хлеб пшеничный из муки 1-го сорта,Wheat bread from 1st grade flour,1-нав буғдой унидан нон,2014-M03,2014,0.0
017,Mol go'shti,Говядина,Beef,Мол гўшти,2014-M03,2014,19549.0
0020,Qo'y go'shti,Баранина,Mutton,Қўй гўшти,2014-M03,2014,21839.0
022,Tovuq go'shti,Мясо птицы,Poultry,Товуқ гўшти,2014-M03,2014,0.0
026,Turli baliqlar,Рыба всякая,Fish of all kinds,Турли балиқлар,2014-M03,2014,11516.0
027,Yangi sog'ilgan sut (1 litr),Молоко свежее (1 литр),Fresh milk (1 liter),Янги соғилган сут (1 литр),2014-M03,2014,1756.0
034,Tuxum (10 dona),Яйца (10 штук),Eggs (10 pieces ),Тухум (10 дона),2014-M03,2014,3890.0
035,Paxta yog'i (1 litr),Масло хлопковое (1 литр),Cottonseed oil (1 liter),Пахта ёғи (1 литр),2014-M03,2014,0.0
0036,Kungaboqar yog'i (1 litr),Масло подсолнечное (1 литр),Sunflower oil (1 liter),Кунгабоқар ёғи (1 литр),2014-M03,2014,0.0
037,Sariyog',Масло сливочное,Butter,Сариёғ,2014-M03,2014,17169.0
039,Limon,Лимоны,Lemons,Лимон,2014-M03,2014,7261.0
0040,Olma,Яблоки,Apples,Олма,2014-M03,2014,3929.0
041,Nok,Груши,Pears,Нок,2014-M03,2014,4953.0
049,Uzum,Виноград,Grape,Узум,2014-M03,2014,6885.0
0050,Tarvuz,Арбуз,Watermelon,Тарвуз,2014-M03,2014,0.0
0051,Qovun,Дыня,Melon,Қовун,2014-M03,2014,0.0
053,Mayiz,Кишмиш,Kishmish,Майиз,2014-M03,2014,14153.0
055,Karam,Капуста,Cabbage,Карам,2014-M03,2014,903.0
057,Bodring,Огурцы,Cucumbers,Бодринг,2014-M03,2014,9194.0
058,Pomidor,Помидоры,Tomatoes,Помидор,2014-M03,2014,6711.0
059,Baqlajon,Баклажаны,Eggplant,Бақлажон,2014-M03,2014,0.0
0060,Bulg'or qalampiri,Перец болгарский,Bell pepper,Булғор қалампири,2014-M03,2014,0.0
061,Qovoq,Тыква,Pumpkin,Қовоқ,2014-M03,2014,1197.0
063,Sabzi,Морковь,Carrot,Сабзи,2014-M03,2014,741.0
065,Sarimsoq,Чеснок,Garlic,Саримсоқ,2014-M03,2014,4503.0
066,Piyoz,Лук репчатый,Onion,Пиёз,2014-M03,2014,701.0
069,Kartoshka,Картофель,Potatoes,Картошка,2014-M03,2014,1741.0
0070,Loviya,Фасоль,Beans,Ловия,2014-M03,2014,0.0
071,No'xot,Горох,Peas,Нўхот,2014-M03,2014,0.0
0072,Mosh,Маш,Mash,Мош,2014-M03,2014,0.0
073,Shakar,Сахар песок,Sugar,Шакар,2014-M03,2014,0.0
002,Kruppa yormasi,Крупа манная,Semolina,Круппа ёрмаси,2014-M03,2014,1361.0
001,Guruch,Рис,Rice,Гуруч,2014-M04,2014,4322.0
003,Arpa,Ячмень,Barley,Арпа,2014-M04,2014,1385.0
0004,Bug'doy,Пшеница,Wheat,Буғдой,2014-M04,2014,1086.0
005,Jo'hori,Кукуруза,Corn,Жўҳори,2014-M04,2014,1220.0
006,Kepak,Отруби,Bran,Кепак,2014-M04,2014,896.0
0008,Shrot,Шрот,Schroth,Шрот,2014-M04,2014,0.0
009,Shulxa,Шелуха,Husk,Шулха,2014-M04,2014,0.0
010,Kombikorm,Комбикорм,Compound feed,Комбикорм,2014-M04,2014,892.0
011,Oliy navli bug'doy uni,Мука пшеничная высшего сорта,High-grade wheat flour,Олий навли буғдой уни,2014-M04,2014,1411.0
0012,1-navli bug'doy uni,Мука пшеничная первого сорта,First grade wheat flour,1-навли буғдой уни,2014-M04,2014,0.0
013,1-nav bug'doy unidan non,Хлеб пшеничный из муки 1-го сорта,Wheat bread from 1st grade flour,1-нав буғдой унидан нон,2014-M04,2014,0.0
017,Mol go'shti,Говядина,Beef,Мол гўшти,2014-M04,2014,19652.0
0020,Qo'y go'shti,Баранина,Mutton,Қўй гўшти,2014-M04,2014,21919.0
022,Tovuq go'shti,Мясо птицы,Poultry,Товуқ гўшти,2014-M04,2014,0.0
026,Turli baliqlar,Рыба всякая,Fish of all kinds,Турли балиқлар,2014-M04,2014,11234.0
027,Yangi sog'ilgan sut (1 litr),Молоко свежее (1 литр),Fresh milk (1 liter),Янги соғилган сут (1 литр),2014-M04,2014,1794.0
034,Tuxum (10 dona),Яйца (10 штук),Eggs (10 pieces ),Тухум (10 дона),2014-M04,2014,3524.0
035,Paxta yog'i (1 litr),Масло хлопковое (1 литр),Cottonseed oil (1 liter),Пахта ёғи (1 литр),2014-M04,2014,0.0
0036,Kungaboqar yog'i (1 litr),Масло подсолнечное (1 литр),Sunflower oil (1 liter),Кунгабоқар ёғи (1 литр),2014-M04,2014,0.0
037,Sariyog',Масло сливочное,Butter,Сариёғ,2014-M04,2014,17260.0
039,Limon,Лимоны,Lemons,Лимон,2014-M04,2014,7404.0
0040,Olma,Яблоки,Apples,Олма,2014-M04,2014,4078.0
041,Nok,Груши,Pears,Нок,2014-M04,2014,5438.0
049,Uzum,Виноград,Grape,Узум,2014-M04,2014,6956.0
0050,Tarvuz,Арбуз,Watermelon,Тарвуз,2014-M04,2014,0.0
0051,Qovun,Дыня,Melon,Қовун,2014-M04,2014,0.0
053,Mayiz,Кишмиш,Kishmish,Майиз,2014-M04,2014,14435.0
055,Karam,Капуста,Cabbage,Карам,2014-M04,2014,1566.0
057,Bodring,Огурцы,Cucumbers,Бодринг,2014-M04,2014,6500.0
058,Pomidor,Помидоры,Tomatoes,Помидор,2014-M04,2014,6154.0
059,Baqlajon,Баклажаны,Eggplant,Бақлажон,2014-M04,2014,0.0
0060,Bulg'or qalampiri,Перец болгарский,Bell pepper,Булғор қалампири,2014-M04,2014,0.0
061,Qovoq,Тыква,Pumpkin,Қовоқ,2014-M04,2014,0.0
063,Sabzi,Морковь,Carrot,Сабзи,2014-M04,2014,926.0
065,Sarimsoq,Чеснок,Garlic,Саримсоқ,2014-M04,2014,4785.0
066,Piyoz,Лук репчатый,Onion,Пиёз,2014-M04,2014,912.0
069,Kartoshka,Картофель,Potatoes,Картошка,2014-M04,2014,1937.0
0070,Loviya,Фасоль,Beans,Ловия,2014-M04,2014,0.0
071,No'xot,Горох,Peas,Нўхот,2014-M04,2014,0.0
0072,Mosh,Маш,Mash,Мош,2014-M04,2014,0.0
073,Shakar,Сахар песок,Sugar,Шакар,2014-M04,2014,0.0
002,Kruppa yormasi,Крупа манная,Semolina,Круппа ёрмаси,2014-M04,2014,1385.0
001,Guruch,Рис,Rice,Гуруч,2014-M05,2014,4394.0
003,Arpa,Ячмень,Barley,Арпа,2014-M05,2014,1395.0
0004,Bug'doy,Пшеница,Wheat,Буғдой,2014-M05,2014,1124.0
005,Jo'hori,Кукуруза,Corn,Жўҳори,2014-M05,2014,1240.0
006,Kepak,Отруби,Bran,Кепак,2014-M05,2014,917.0
0008,Shrot,Шрот,Schroth,Шрот,2014-M05,2014,0.0
009,Shulxa,Шелуха,Husk,Шулха,2014-M05,2014,0.0
010,Kombikorm,Комбикорм,Compound feed,Комбикорм,2014-M05,2014,909.0
011,Oliy navli bug'doy uni,Мука пшеничная высшего сорта,High-grade wheat flour,Олий навли буғдой уни,2014-M05,2014,1427.0
0012,1-navli bug'doy uni,Мука пшеничная первого сорта,First grade wheat flour,1-навли буғдой уни,2014-M05,2014,0.0
013,1-nav bug'doy unidan non,Хлеб пшеничный из муки 1-го сорта,Wheat bread from 1st grade flour,1-нав буғдой унидан нон,2014-M05,2014,0.0
017,Mol go'shti,Говядина,Beef,Мол гўшти,2014-M05,2014,19679.0
0020,Qo'y go'shti,Баранина,Mutton,Қўй гўшти,2014-M05,2014,21933.0
022,Tovuq go'shti,Мясо птицы,Poultry,Товуқ гўшти,2014-M05,2014,0.0
026,Turli baliqlar,Рыба всякая,Fish of all kinds,Турли балиқлар,2014-M05,2014,11168.0
027,Yangi sog'ilgan sut (1 litr),Молоко свежее (1 литр),Fresh milk (1 liter),Янги соғилган сут (1 литр),2014-M05,2014,1834.0
034,Tuxum (10 dona),Яйца (10 штук),Eggs (10 pieces ),Тухум (10 дона),2014-M05,2014,3247.0
035,Paxta yog'i (1 litr),Масло хлопковое (1 литр),Cottonseed oil (1 liter),Пахта ёғи (1 литр),2014-M05,2014,0.0
0036,Kungaboqar yog'i (1 litr),Масло подсолнечное (1 литр),Sunflower oil (1 liter),Кунгабоқар ёғи (1 литр),2014-M05,2014,0.0
037,Sariyog',Масло сливочное,Butter,Сариёғ,2014-M05,2014,17155.0
039,Limon,Лимоны,Lemons,Лимон,2014-M05,2014,7488.0
0040,Olma,Яблоки,Apples,Олма,2014-M05,2014,4388.0
041,Nok,Груши,Pears,Нок,2014-M05,2014,6324.0
049,Uzum,Виноград,Grape,Узум,2014-M05,2014,0.0
0050,Tarvuz,Арбуз,Watermelon,Тарвуз,2014-M05,2014,0.0
0051,Qovun,Дыня,Melon,Қовун,2014-M05,2014,0.0
053,Mayiz,Кишмиш,Kishmish,Майиз,2014-M05,2014,14540.0
055,Karam,Капуста,Cabbage,Карам,2014-M05,2014,1240.0
057,Bodring,Огурцы,Cucumbers,Бодринг,2014-M05,2014,2109.0
058,Pomidor,Помидоры,Tomatoes,Помидор,2014-M05,2014,4882.0
059,Baqlajon,Баклажаны,Eggplant,Бақлажон,2014-M05,2014,0.0
0060,Bulg'or qalampiri,Перец болгарский,Bell pepper,Булғор қалампири,2014-M05,2014,5692.0
061,Qovoq,Тыква,Pumpkin,Қовоқ,2014-M05,2014,0.0
063,Sabzi,Морковь,Carrot,Сабзи,2014-M05,2014,1471.0
065,Sarimsoq,Чеснок,Garlic,Саримсоқ,2014-M05,2014,5074.0
066,Piyoz,Лук репчатый,Onion,Пиёз,2014-M05,2014,981.0
069,Kartoshka,Картофель,Potatoes,Картошка,2014-M05,2014,2337.0
0070,Loviya,Фасоль,Beans,Ловия,2014-M05,2014,0.0
071,No'xot,Горох,Peas,Нўхот,2014-M05,2014,0.0
0072,Mosh,Маш,Mash,Мош,2014-M05,2014,0.0
073,Shakar,Сахар песок,Sugar,Шакар,2014-M05,2014,0.0
002,Kruppa yormasi,Крупа манная,Semolina,Круппа ёрмаси,2014-M05,2014,1395.0
001,Guruch,Рис,Rice,Гуруч,2014-M06,2014,4422.0
003,Arpa,Ячмень,Barley,Арпа,2014-M06,2014,1397.0
0004,Bug'doy,Пшеница,Wheat,Буғдой,2014-M06,2014,1120.0
005,Jo'hori,Кукуруза,Corn,Жўҳори,2014-M06,2014,1243.0
006,Kepak,Отруби,Bran,Кепак,2014-M06,2014,898.0
0008,Shrot,Шрот,Schroth,Шрот,2014-M06,2014,0.0
009,Shulxa,Шелуха,Husk,Шулха,2014-M06,2014,0.0
010,Kombikorm,Комбикорм,Compound feed,Комбикорм,2014-M06,2014,892.0
011,Oliy navli bug'doy uni,Мука пшеничная высшего сорта,High-grade wheat flour,Олий навли буғдой уни,2014-M06,2014,1442.0
0012,1-navli bug'doy uni,Мука пшеничная первого сорта,First grade wheat flour,1-навли буғдой уни,2014-M06,2014,0.0
013,1-nav bug'doy unidan non,Хлеб пшеничный из муки 1-го сорта,Wheat bread from 1st grade flour,1-нав буғдой унидан нон,2014-M06,2014,0.0
017,Mol go'shti,Говядина,Beef,Мол гўшти,2014-M06,2014,19691.0
0020,Qo'y go'shti,Баранина,Mutton,Қўй гўшти,2014-M06,2014,21954.0
022,Tovuq go'shti,Мясо птицы,Poultry,Товуқ гўшти,2014-M06,2014,0.0
026,Turli baliqlar,Рыба всякая,Fish of all kinds,Турли балиқлар,2014-M06,2014,11199.0
027,Yangi sog'ilgan sut (1 litr),Молоко свежее (1 литр),Fresh milk (1 liter),Янги соғилган сут (1 литр),2014-M06,2014,1809.0
034,Tuxum (10 dona),Яйца (10 штук),Eggs (10 pieces ),Тухум (10 дона),2014-M06,2014,3014.0
035,Paxta yog'i (1 litr),Масло хлопковое (1 литр),Cottonseed oil (1 liter),Пахта ёғи (1 литр),2014-M06,2014,0.0
0036,Kungaboqar yog'i (1 litr),Масло подсолнечное (1 литр),Sunflower oil (1 liter),Кунгабоқар ёғи (1 литр),2014-M06,2014,0.0
037,Sariyog',Масло сливочное,Butter,Сариёғ,2014-M06,2014,17160.0
039,Limon,Лимоны,Lemons,Лимон,2014-M06,2014,7560.0
0040,Olma,Яблоки,Apples,Олма,2014-M06,2014,3989.0
041,Nok,Груши,Pears,Нок,2014-M06,2014,6471.0
049,Uzum,Виноград,Grape,Узум,2014-M06,2014,4550.0
0050,Tarvuz,Арбуз,Watermelon,Тарвуз,2014-M06,2014,1144.0
0051,Qovun,Дыня,Melon,Қовун,2014-M06,2014,2422.0
053,Mayiz,Кишмиш,Kishmish,Майиз,2014-M06,2014,14545.0
055,Karam,Капуста,Cabbage,Карам,2014-M06,2014,905.0
057,Bodring,Огурцы,Cucumbers,Бодринг,2014-M06,2014,879.0
058,Pomidor,Помидоры,Tomatoes,Помидор,2014-M06,2014,2567.0
059,Baqlajon,Баклажаны,Eggplant,Бақлажон,2014-M06,2014,3007.0
0060,Bulg'or qalampiri,Перец болгарский,Bell pepper,Булғор қалампири,2014-M06,2014,3860.0
061,Qovoq,Тыква,Pumpkin,Қовоқ,2014-M06,2014,0.0
063,Sabzi,Морковь,Carrot,Сабзи,2014-M06,2014,1681.0
065,Sarimsoq,Чеснок,Garlic,Саримсоқ,2014-M06,2014,3934.0
066,Piyoz,Лук репчатый,Onion,Пиёз,2014-M06,2014,860.0
069,Kartoshka,Картофель,Potatoes,Картошка,2014-M06,2014,1693.0
0070,Loviya,Фасоль,Beans,Ловия,2014-M06,2014,0.0
071,No'xot,Горох,Peas,Нўхот,2014-M06,2014,0.0
0072,Mosh,Маш,Mash,Мош,2014-M06,2014,0.0
073,Shakar,Сахар песок,Sugar,Шакар,2014-M06,2014,0.0
002,Kruppa yormasi,Крупа манная,Semolina,Круппа ёрмаси,2014-M06,2014,1397.0
001,Guruch,Рис,Rice,Гуруч,2014-M07,2014,4551.0
003,Arpa,Ячмень,Barley,Арпа,2014-M07,2014,1329.0
0004,Bug'doy,Пшеница,Wheat,Буғдой,2014-M07,2014,948.0
005,Jo'hori,Кукуруза,Corn,Жўҳори,2014-M07,2014,1109.0
006,Kepak,Отруби,Bran,Кепак,2014-M07,2014,823.0
0008,Shrot,Шрот,Schroth,Шрот,2014-M07,2014,0.0
009,Shulxa,Шелуха,Husk,Шулха,2014-M07,2014,0.0
010,Kombikorm,Комбикорм,Compound feed,Комбикорм,2014-M07,2014,850.0
011,Oliy navli bug'doy uni,Мука пшеничная высшего сорта,High-grade wheat flour,Олий навли буғдой уни,2014-M07,2014,1432.0
0012,1-navli bug'doy uni,Мука пшеничная первого сорта,First grade wheat flour,1-навли буғдой уни,2014-M07,2014,0.0
013,1-nav bug'doy unidan non,Хлеб пшеничный из муки 1-го сорта,Wheat bread from 1st grade flour,1-нав буғдой унидан нон,2014-M07,2014,0.0
017,Mol go'shti,Говядина,Beef,Мол гўшти,2014-M07,2014,20632.0
0020,Qo'y go'shti,Баранина,Mutton,Қўй гўшти,2014-M07,2014,22801.0
022,Tovuq go'shti,Мясо птицы,Poultry,Товуқ гўшти,2014-M07,2014,0.0
026,Turli baliqlar,Рыба всякая,Fish of all kinds,Турли балиқлар,2014-M07,2014,11104.0
027,Yangi sog'ilgan sut (1 litr),Молоко свежее (1 литр),Fresh milk (1 liter),Янги соғилган сут (1 литр),2014-M07,2014,1723.0
034,Tuxum (10 dona),Яйца (10 штук),Eggs (10 pieces ),Тухум (10 дона),2014-M07,2014,2992.0
035,Paxta yog'i (1 litr),Масло хлопковое (1 литр),Cottonseed oil (1 liter),Пахта ёғи (1 литр),2014-M07,2014,0.0
0036,Kungaboqar yog'i (1 litr),Масло подсолнечное (1 литр),Sunflower oil (1 liter),Кунгабоқар ёғи (1 литр),2014-M07,2014,0.0
037,Sariyog',Масло сливочное,Butter,Сариёғ,2014-M07,2014,17167.0
039,Limon,Лимоны,Lemons,Лимон,2014-M07,2014,7611.0
0040,Olma,Яблоки,Apples,Олма,2014-M07,2014,2833.0
041,Nok,Груши,Pears,Нок,2014-M07,2014,6342.0
049,Uzum,Виноград,Grape,Узум,2014-M07,2014,3659.0
0050,Tarvuz,Арбуз,Watermelon,Тарвуз,2014-M07,2014,876.0
0051,Qovun,Дыня,Melon,Қовун,2014-M07,2014,1749.0
053,Mayiz,Кишмиш,Kishmish,Майиз,2014-M07,2014,14397.0
055,Karam,Капуста,Cabbage,Карам,2014-M07,2014,703.0
057,Bodring,Огурцы,Cucumbers,Бодринг,2014-M07,2014,809.0
058,Pomidor,Помидоры,Tomatoes,Помидор,2014-M07,2014,1282.0
059,Baqlajon,Баклажаны,Eggplant,Бақлажон,2014-M07,2014,1185.0
0060,Bulg'or qalampiri,Перец болгарский,Bell pepper,Булғор қалампири,2014-M07,2014,1926.0
061,Qovoq,Тыква,Pumpkin,Қовоқ,2014-M07,2014,0.0
063,Sabzi,Морковь,Carrot,Сабзи,2014-M07,2014,1215.0
065,Sarimsoq,Чеснок,Garlic,Саримсоқ,2014-M07,2014,4033.0
066,Piyoz,Лук репчатый,Onion,Пиёз,2014-M07,2014,998.0
069,Kartoshka,Картофель,Potatoes,Картошка,2014-M07,2014,1162.0
0070,Loviya,Фасоль,Beans,Ловия,2014-M07,2014,0.0
071,No'xot,Горох,Peas,Нўхот,2014-M07,2014,0.0
0072,Mosh,Маш,Mash,Мош,2014-M07,2014,0.0
073,Shakar,Сахар песок,Sugar,Шакар,2014-M07,2014,0.0
002,Kruppa yormasi,Крупа манная,Semolina,Круппа ёрмаси,2014-M07,2014,1329.0
001,Guruch,Рис,Rice,Гуруч,2014-M08,2014,4808.0
003,Arpa,Ячмень,Barley,Арпа,2014-M08,2014,1251.0
0004,Bug'doy,Пшеница,Wheat,Буғдой,2014-M08,2014,816.0
005,Jo'hori,Кукуруза,Corn,Жўҳори,2014-M08,2014,1040.0
006,Kepak,Отруби,Bran,Кепак,2014-M08,2014,786.0
0008,Shrot,Шрот,Schroth,Шрот,2014-M08,2014,0.0
009,Shulxa,Шелуха,Husk,Шулха,2014-M08,2014,0.0
010,Kombikorm,Комбикорм,Compound feed,Комбикорм,2014-M08,2014,821.0
011,Oliy navli bug'doy uni,Мука пшеничная высшего сорта,High-grade wheat flour,Олий навли буғдой уни,2014-M08,2014,1413.0
0012,1-navli bug'doy uni,Мука пшеничная первого сорта,First grade wheat flour,1-навли буғдой уни,2014-M08,2014,0.0
013,1-nav bug'doy unidan non,Хлеб пшеничный из муки 1-го сорта,Wheat bread from 1st grade flour,1-нав буғдой унидан нон,2014-M08,2014,0.0
017,Mol go'shti,Говядина,Beef,Мол гўшти,2014-M08,2014,21815.0
0020,Qo'y go'shti,Баранина,Mutton,Қўй гўшти,2014-M08,2014,23662.0
022,Tovuq go'shti,Мясо птицы,Poultry,Товуқ гўшти,2014-M08,2014,0.0
026,Turli baliqlar,Рыба всякая,Fish of all kinds,Турли балиқлар,2014-M08,2014,11175.0
027,Yangi sog'ilgan sut (1 litr),Молоко свежее (1 литр),Fresh milk (1 liter),Янги соғилган сут (1 литр),2014-M08,2014,1733.0
034,Tuxum (10 dona),Яйца (10 штук),Eggs (10 pieces ),Тухум (10 дона),2014-M08,2014,3196.0
035,Paxta yog'i (1 litr),Масло хлопковое (1 литр),Cottonseed oil (1 liter),Пахта ёғи (1 литр),2014-M08,2014,0.0
0036,Kungaboqar yog'i (1 litr),Масло подсолнечное (1 литр),Sunflower oil (1 liter),Кунгабоқар ёғи (1 литр),2014-M08,2014,0.0
037,Sariyog',Масло сливочное,Butter,Сариёғ,2014-M08,2014,17212.0
039,Limon,Лимоны,Lemons,Лимон,2014-M08,2014,8453.0
0040,Olma,Яблоки,Apples,Олма,2014-M08,2014,2814.0
041,Nok,Груши,Pears,Нок,2014-M08,2014,6019.0
049,Uzum,Виноград,Grape,Узум,2014-M08,2014,3102.0
0050,Tarvuz,Арбуз,Watermelon,Тарвуз,2014-M08,2014,708.0
0051,Qovun,Дыня,Melon,Қовун,2014-M08,2014,1210.0
053,Mayiz,Кишмиш,Kishmish,Майиз,2014-M08,2014,14449.0
055,Karam,Капуста,Cabbage,Карам,2014-M08,2014,748.0
057,Bodring,Огурцы,Cucumbers,Бодринг,2014-M08,2014,1001.0
058,Pomidor,Помидоры,Tomatoes,Помидор,2014-M08,2014,946.0
059,Baqlajon,Баклажаны,Eggplant,Бақлажон,2014-M08,2014,827.0
0060,Bulg'or qalampiri,Перец болгарский,Bell pepper,Булғор қалампири,2014-M08,2014,1267.0
061,Qovoq,Тыква,Pumpkin,Қовоқ,2014-M08,2014,1303.0
063,Sabzi,Морковь,Carrot,Сабзи,2014-M08,2014,1145.0
065,Sarimsoq,Чеснок,Garlic,Саримсоқ,2014-M08,2014,4809.0
066,Piyoz,Лук репчатый,Onion,Пиёз,2014-M08,2014,1252.0
069,Kartoshka,Картофель,Potatoes,Картошка,2014-M08,2014,1011.0
0070,Loviya,Фасоль,Beans,Ловия,2014-M08,2014,0.0
071,No'xot,Горох,Peas,Нўхот,2014-M08,2014,0.0
0072,Mosh,Маш,Mash,Мош,2014-M08,2014,0.0
073,Shakar,Сахар песок,Sugar,Шакар,2014-M08,2014,0.0
002,Kruppa yormasi,Крупа манная,Semolina,Круппа ёрмаси,2014-M08,2014,1251.0
001,Guruch,Рис,Rice,Гуруч,2014-M09,2014,5001.0
003,Arpa,Ячмень,Barley,Арпа,2014-M09,2014,1276.0
0004,Bug'doy,Пшеница,Wheat,Буғдой,2014-M09,2014,830.0
005,Jo'hori,Кукуруза,Corn,Жўҳори,2014-M09,2014,1077.0
006,Kepak,Отруби,Bran,Кепак,2014-M09,2014,821.0
0008,Shrot,Шрот,Schroth,Шрот,2014-M09,2014,0.0
009,Shulxa,Шелуха,Husk,Шулха,2014-M09,2014,0.0
010,Kombikorm,Комбикорм,Compound feed,Комбикорм,2014-M09,2014,837.0
011,Oliy navli bug'doy uni,Мука пшеничная высшего сорта,High-grade wheat flour,Олий навли буғдой уни,2014-M09,2014,1430.0
0012,1-navli bug'doy uni,Мука пшеничная первого сорта,First grade wheat flour,1-навли буғдой уни,2014-M09,2014,0.0
013,1-nav bug'doy unidan non,Хлеб пшеничный из муки 1-го сорта,Wheat bread from 1st grade flour,1-нав буғдой унидан нон,2014-M09,2014,0.0
017,Mol go'shti,Говядина,Beef,Мол гўшти,2014-M09,2014,22790.0
0020,Qo'y go'shti,Баранина,Mutton,Қўй гўшти,2014-M09,2014,24519.0
022,Tovuq go'shti,Мясо птицы,Poultry,Товуқ гўшти,2014-M09,2014,0.0
026,Turli baliqlar,Рыба всякая,Fish of all kinds,Турли балиқлар,2014-M09,2014,11338.0
027,Yangi sog'ilgan sut (1 litr),Молоко свежее (1 литр),Fresh milk (1 liter),Янги соғилган сут (1 литр),2014-M09,2014,1778.0
034,Tuxum (10 dona),Яйца (10 штук),Eggs (10 pieces ),Тухум (10 дона),2014-M09,2014,3472.0
035,Paxta yog'i (1 litr),Масло хлопковое (1 литр),Cottonseed oil (1 liter),Пахта ёғи (1 литр),2014-M09,2014,0.0
0036,Kungaboqar yog'i (1 litr),Масло подсолнечное (1 литр),Sunflower oil (1 liter),Кунгабоқар ёғи (1 литр),2014-M09,2014,0.0
037,Sariyog',Масло сливочное,Butter,Сариёғ,2014-M09,2014,17375.0
039,Limon,Лимоны,Lemons,Лимон,2014-M09,2014,8773.0
0040,Olma,Яблоки,Apples,Олма,2014-M09,2014,2779.0
041,Nok,Груши,Pears,Нок,2014-M09,2014,5257.0
049,Uzum,Виноград,Grape,Узум,2014-M09,2014,3617.0
0050,Tarvuz,Арбуз,Watermelon,Тарвуз,2014-M09,2014,704.0
0051,Qovun,Дыня,Melon,Қовун,2014-M09,2014,1136.0
053,Mayiz,Кишмиш,Kishmish,Майиз,2014-M09,2014,14596.0
055,Karam,Капуста,Cabbage,Карам,2014-M09,2014,879.0
057,Bodring,Огурцы,Cucumbers,Бодринг,2014-M09,2014,1274.0
058,Pomidor,Помидоры,Tomatoes,Помидор,2014-M09,2014,1062.0
059,Baqlajon,Баклажаны,Eggplant,Бақлажон,2014-M09,2014,863.0
0060,Bulg'or qalampiri,Перец болгарский,Bell pepper,Булғор қалампири,2014-M09,2014,1258.0
061,Qovoq,Тыква,Pumpkin,Қовоқ,2014-M09,2014,1027.0
063,Sabzi,Морковь,Carrot,Сабзи,2014-M09,2014,941.0
065,Sarimsoq,Чеснок,Garlic,Саримсоқ,2014-M09,2014,6250.0
066,Piyoz,Лук репчатый,Onion,Пиёз,2014-M09,2014,1214.0
069,Kartoshka,Картофель,Potatoes,Картошка,2014-M09,2014,1023.0
0070,Loviya,Фасоль,Beans,Ловия,2014-M09,2014,0.0
071,No'xot,Горох,Peas,Нўхот,2014-M09,2014,0.0
0072,Mosh,Маш,Mash,Мош,2014-M09,2014,0.0
073,Shakar,Сахар песок,Sugar,Шакар,2014-M09,2014,0.0
002,Kruppa yormasi,Крупа манная,Semolina,Круппа ёрмаси,2014-M09,2014,1276.0
001,Guruch,Рис,Rice,Гуруч,2014-M10,2014,5057.0
003,Arpa,Ячмень,Barley,Арпа,2014-M10,2014,1341.0
0004,Bug'doy,Пшеница,Wheat,Буғдой,2014-M10,2014,868.0
005,Jo'hori,Кукуруза,Corn,Жўҳори,2014-M10,2014,1110.0
006,Kepak,Отруби,Bran,Кепак,2014-M10,2014,853.0
0008,Shrot,Шрот,Schroth,Шрот,2014-M10,2014,0.0
009,Shulxa,Шелуха,Husk,Шулха,2014-M10,2014,0.0
010,Kombikorm,Комбикорм,Compound feed,Комбикорм,2014-M10,2014,864.0
011,Oliy navli bug'doy uni,Мука пшеничная высшего сорта,High-grade wheat flour,Олий навли буғдой уни,2014-M10,2014,1463.0
0012,1-navli bug'doy uni,Мука пшеничная первого сорта,First grade wheat flour,1-навли буғдой уни,2014-M10,2014,0.0
013,1-nav bug'doy unidan non,Хлеб пшеничный из муки 1-го сорта,Wheat bread from 1st grade flour,1-нав буғдой унидан нон,2014-M10,2014,0.0
017,Mol go'shti,Говядина,Beef,Мол гўшти,2014-M10,2014,23355.0
0020,Qo'y go'shti,Баранина,Mutton,Қўй гўшти,2014-M10,2014,24768.0
022,Tovuq go'shti,Мясо птицы,Poultry,Товуқ гўшти,2014-M10,2014,0.0
026,Turli baliqlar,Рыба всякая,Fish of all kinds,Турли балиқлар,2014-M10,2014,11487.0
027,Yangi sog'ilgan sut (1 litr),Молоко свежее (1 литр),Fresh milk (1 liter),Янги соғилган сут (1 литр),2014-M10,2014,1820.0
034,Tuxum (10 dona),Яйца (10 штук),Eggs (10 pieces ),Тухум (10 дона),2014-M10,2014,3925.0
035,Paxta yog'i (1 litr),Масло хлопковое (1 литр),Cottonseed oil (1 liter),Пахта ёғи (1 литр),2014-M10,2014,0.0
0036,Kungaboqar yog'i (1 litr),Масло подсолнечное (1 литр),Sunflower oil (1 liter),Кунгабоқар ёғи (1 литр),2014-M10,2014,0.0
037,Sariyog',Масло сливочное,Butter,Сариёғ,2014-M10,2014,17508.0
039,Limon,Лимоны,Lemons,Лимон,2014-M10,2014,8661.0
0040,Olma,Яблоки,Apples,Олма,2014-M10,2014,2846.0
041,Nok,Груши,Pears,Нок,2014-M10,2014,5342.0
049,Uzum,Виноград,Grape,Узум,2014-M10,2014,3894.0
0050,Tarvuz,Арбуз,Watermelon,Тарвуз,2014-M10,2014,762.0
0051,Qovun,Дыня,Melon,Қовун,2014-M10,2014,1189.0
053,Mayiz,Кишмиш,Kishmish,Майиз,2014-M10,2014,14646.0
055,Karam,Капуста,Cabbage,Карам,2014-M10,2014,853.0
057,Bodring,Огурцы,Cucumbers,Бодринг,2014-M10,2014,1396.0
058,Pomidor,Помидоры,Tomatoes,Помидор,2014-M10,2014,1150.0
059,Baqlajon,Баклажаны,Eggplant,Бақлажон,2014-M10,2014,916.0
0060,Bulg'or qalampiri,Перец болгарский,Bell pepper,Булғор қалампири,2014-M10,2014,1438.0
061,Qovoq,Тыква,Pumpkin,Қовоқ,2014-M10,2014,930.0
063,Sabzi,Морковь,Carrot,Сабзи,2014-M10,2014,857.0
065,Sarimsoq,Чеснок,Garlic,Саримсоқ,2014-M10,2014,7250.0
066,Piyoz,Лук репчатый,Onion,Пиёз,2014-M10,2014,1598.0
069,Kartoshka,Картофель,Potatoes,Картошка,2014-M10,2014,1297.0
0070,Loviya,Фасоль,Beans,Ловия,2014-M10,2014,0.0
071,No'xot,Горох,Peas,Нўхот,2014-M10,2014,0.0
0072,Mosh,Маш,Mash,Мош,2014-M10,2014,0.0
073,Shakar,Сахар песок,Sugar,Шакар,2014-M10,2014,0.0
002,Kruppa yormasi,Крупа манная,Semolina,Круппа ёрмаси,2014-M10,2014,1341.0
001,Guruch,Рис,Rice,Гуруч,2014-M11,2014,4825.0
003,Arpa,Ячмень,Barley,Арпа,2014-M11,2014,1402.0
0004,Bug'doy,Пшеница,Wheat,Буғдой,2014-M11,2014,916.0
005,Jo'hori,Кукуруза,Corn,Жўҳори,2014-M11,2014,1142.0
006,Kepak,Отруби,Bran,Кепак,2014-M11,2014,888.0
0008,Shrot,Шрот,Schroth,Шрот,2014-M11,2014,0.0
009,Shulxa,Шелуха,Husk,Шулха,2014-M11,2014,0.0
010,Kombikorm,Комбикорм,Compound feed,Комбикорм,2014-M11,2014,888.0
011,Oliy navli bug'doy uni,Мука пшеничная высшего сорта,High-grade wheat flour,Олий навли буғдой уни,2014-M11,2014,1473.0
0012,1-navli bug'doy uni,Мука пшеничная первого сорта,First grade wheat flour,1-навли буғдой уни,2014-M11,2014,0.0
013,1-nav bug'doy unidan non,Хлеб пшеничный из муки 1-го сорта,Wheat bread from 1st grade flour,1-нав буғдой унидан нон,2014-M11,2014,0.0
017,Mol go'shti,Говядина,Beef,Мол гўшти,2014-M11,2014,23736.0
0020,Qo'y go'shti,Баранина,Mutton,Қўй гўшти,2014-M11,2014,24907.0
022,Tovuq go'shti,Мясо птицы,Poultry,Товуқ гўшти,2014-M11,2014,0.0
026,Turli baliqlar,Рыба всякая,Fish of all kinds,Турли балиқлар,2014-M11,2014,11600.0
027,Yangi sog'ilgan sut (1 litr),Молоко свежее (1 литр),Fresh milk (1 liter),Янги соғилган сут (1 литр),2014-M11,2014,1852.0
034,Tuxum (10 dona),Яйца (10 штук),Eggs (10 pieces ),Тухум (10 дона),2014-M11,2014,3957.0
035,Paxta yog'i (1 litr),Масло хлопковое (1 литр),Cottonseed oil (1 liter),Пахта ёғи (1 литр),2014-M11,2014,0.0
0036,Kungaboqar yog'i (1 litr),Масло подсолнечное (1 литр),Sunflower oil (1 liter),Кунгабоқар ёғи (1 литр),2014-M11,2014,0.0
037,Sariyog',Масло сливочное,Butter,Сариёғ,2014-M11,2014,17679.0
039,Limon,Лимоны,Lemons,Лимон,2014-M11,2014,7696.0
0040,Olma,Яблоки,Apples,Олма,2014-M11,2014,2996.0
041,Nok,Груши,Pears,Нок,2014-M11,2014,6046.0
049,Uzum,Виноград,Grape,Узум,2014-M11,2014,4490.0
0050,Tarvuz,Арбуз,Watermelon,Тарвуз,2014-M11,2014,829.0
0051,Qovun,Дыня,Melon,Қовун,2014-M11,2014,1228.0
053,Mayiz,Кишмиш,Kishmish,Майиз,2014-M11,2014,14702.0
055,Karam,Капуста,Cabbage,Карам,2014-M11,2014,786.0
057,Bodring,Огурцы,Cucumbers,Бодринг,2014-M11,2014,2015.0
058,Pomidor,Помидоры,Tomatoes,Помидор,2014-M11,2014,1714.0
059,Baqlajon,Баклажаны,Eggplant,Бақлажон,2014-M11,2014,1403.0
0060,Bulg'or qalampiri,Перец болгарский,Bell pepper,Булғор қалампири,2014-M11,2014,1681.0
061,Qovoq,Тыква,Pumpkin,Қовоқ,2014-M11,2014,870.0
063,Sabzi,Морковь,Carrot,Сабзи,2014-M11,2014,736.0
065,Sarimsoq,Чеснок,Garlic,Саримсоқ,2014-M11,2014,7769.0
066,Piyoz,Лук репчатый,Onion,Пиёз,2014-M11,2014,1900.0
069,Kartoshka,Картофель,Potatoes,Картошка,2014-M11,2014,1356.0
0070,Loviya,Фасоль,Beans,Ловия,2014-M11,2014,0.0
071,No'xot,Горох,Peas,Нўхот,2014-M11,2014,0.0
0072,Mosh,Маш,Mash,Мош,2014-M11,2014,0.0
073,Shakar,Сахар песок,Sugar,Шакар,2014-M11,2014,0.0
002,Kruppa yormasi,Крупа манная,Semolina,Круппа ёрмаси,2014-M11,2014,1402.0
001,Guruch,Рис,Rice,Гуруч,2014-M12,2014,4851.0
003,Arpa,Ячмень,Barley,Арпа,2014-M12,2014,1429.0
0004,Bug'doy,Пшеница,Wheat,Буғдой,2014-M12,2014,954.0
005,Jo'hori,Кукуруза,Corn,Жўҳори,2014-M12,2014,1171.0
006,Kepak,Отруби,Bran,Кепак,2014-M12,2014,918.0
0008,Shrot,Шрот,Schroth,Шрот,2014-M12,2014,0.0
009,Shulxa,Шелуха,Husk,Шулха,2014-M12,2014,0.0
010,Kombikorm,Комбикорм,Compound feed,Комбикорм,2014-M12,2014,911.0
011,Oliy navli bug'doy uni,Мука пшеничная высшего сорта,High-grade wheat flour,Олий навли буғдой уни,2014-M12,2014,1483.0
0012,1-navli bug'doy uni,Мука пшеничная первого сорта,First grade wheat flour,1-навли буғдой уни,2014-M12,2014,0.0
013,1-nav bug'doy unidan non,Хлеб пшеничный из муки 1-го сорта,Wheat bread from 1st grade flour,1-нав буғдой унидан нон,2014-M12,2014,0.0
017,Mol go'shti,Говядина,Beef,Мол гўшти,2014-M12,2014,24016.0
0020,Qo'y go'shti,Баранина,Mutton,Қўй гўшти,2014-M12,2014,24985.0
022,Tovuq go'shti,Мясо птицы,Poultry,Товуқ гўшти,2014-M12,2014,0.0
026,Turli baliqlar,Рыба всякая,Fish of all kinds,Турли балиқлар,2014-M12,2014,11689.0
027,Yangi sog'ilgan sut (1 litr),Молоко свежее (1 литр),Fresh milk (1 liter),Янги соғилган сут (1 литр),2014-M12,2014,1870.0
034,Tuxum (10 dona),Яйца (10 штук),Eggs (10 pieces ),Тухум (10 дона),2014-M12,2014,3949.0
035,Paxta yog'i (1 litr),Масло хлопковое (1 литр),Cottonseed oil (1 liter),Пахта ёғи (1 литр),2014-M12,2014,0.0
0036,Kungaboqar yog'i (1 litr),Масло подсолнечное (1 литр),Sunflower oil (1 liter),Кунгабоқар ёғи (1 литр),2014-M12,2014,0.0
037,Sariyog',Масло сливочное,Butter,Сариёғ,2014-M12,2014,17863.0
039,Limon,Лимоны,Lemons,Лимон,2014-M12,2014,6711.0
0040,Olma,Яблоки,Apples,Олма,2014-M12,2014,3298.0
041,Nok,Груши,Pears,Нок,2014-M12,2014,6479.0
049,Uzum,Виноград,Grape,Узум,2014-M12,2014,6138.0
0050,Tarvuz,Арбуз,Watermelon,Тарвуз,2014-M12,2014,933.0
0051,Qovun,Дыня,Melon,Қовун,2014-M12,2014,1336.0
053,Mayiz,Кишмиш,Kishmish,Майиз,2014-M12,2014,14732.0
055,Karam,Капуста,Cabbage,Карам,2014-M12,2014,811.0
057,Bodring,Огурцы,Cucumbers,Бодринг,2014-M12,2014,3469.0
058,Pomidor,Помидоры,Tomatoes,Помидор,2014-M12,2014,3055.0
059,Baqlajon,Баклажаны,Eggplant,Бақлажон,2014-M12,2014,2749.0
0060,Bulg'or qalampiri,Перец болгарский,Bell pepper,Булғор қалампири,2014-M12,2014,2612.0
061,Qovoq,Тыква,Pumpkin,Қовоқ,2014-M12,2014,912.0
063,Sabzi,Морковь,Carrot,Сабзи,2014-M12,2014,724.0
065,Sarimsoq,Чеснок,Garlic,Саримсоқ,2014-M12,2014,7892.0
066,Piyoz,Лук репчатый,Onion,Пиёз,2014-M12,2014,1957.0
069,Kartoshka,Картофель,Potatoes,Картошка,2014-M12,2014,1431.0
0070,Loviya,Фасоль,Beans,Ловия,2014-M12,2014,0.0
071,No'xot,Горох,Peas,Нўхот,2014-M12,2014,0.0
0072,Mosh,Маш,Mash,Мош,2014-M12,2014,0.0
073,Shakar,Сахар песок,Sugar,Шакар,2014-M12,2014,0.0
002,Kruppa yormasi,Крупа манная,Semolina,Круппа ёрмаси,2014-M12,2014,1429.0
001,Guruch,Рис,Rice,Гуруч,2015-M01,2015,5063.0
003,Arpa,Ячмень,Barley,Арпа,2015-M01,2015,1467.0
0004,Bug'doy,Пшеница,Wheat,Буғдой,2015-M01,2015,987.0
005,Jo'hori,Кукуруза,Corn,Жўҳори,2015-M01,2015,1218.0
006,Kepak,Отруби,Bran,Кепак,2015-M01,2015,951.0
0008,Shrot,Шрот,Schroth,Шрот,2015-M01,2015,0.0
009,Shulxa,Шелуха,Husk,Шулха,2015-M01,2015,0.0
010,Kombikorm,Комбикорм,Compound feed,Комбикорм,2015-M01,2015,953.0
011,Oliy navli bug'doy uni,Мука пшеничная высшего сорта,High-grade wheat flour,Олий навли буғдой уни,2015-M01,2015,1520.0
0012,1-navli bug'doy uni,Мука пшеничная первого сорта,First grade wheat flour,1-навли буғдой уни,2015-M01,2015,0.0
013,1-nav bug'doy unidan non,Хлеб пшеничный из муки 1-го сорта,Wheat bread from 1st grade flour,1-нав буғдой унидан нон,2015-M01,2015,0.0
017,Mol go'shti,Говядина,Beef,Мол гўшти,2015-M01,2015,24131.0
0020,Qo'y go'shti,Баранина,Mutton,Қўй гўшти,2015-M01,2015,25062.0
022,Tovuq go'shti,Мясо птицы,Poultry,Товуқ гўшти,2015-M01,2015,0.0
026,Turli baliqlar,Рыба всякая,Fish of all kinds,Турли балиқлар,2015-M01,2015,11773.0
027,Yangi sog'ilgan sut (1 litr),Молоко свежее (1 литр),Fresh milk (1 liter),Янги соғилган сут (1 литр),2015-M01,2015,1885.0
034,Tuxum (10 dona),Яйца (10 штук),Eggs (10 pieces ),Тухум (10 дона),2015-M01,2015,3966.0
035,Paxta yog'i (1 litr),Масло хлопковое (1 литр),Cottonseed oil (1 liter),Пахта ёғи (1 литр),2015-M01,2015,0.0
0036,Kungaboqar yog'i (1 litr),Масло подсолнечное (1 литр),Sunflower oil (1 liter),Кунгабоқар ёғи (1 литр),2015-M01,2015,0.0
037,Sariyog',Масло сливочное,Butter,Сариёғ,2015-M01,2015,17918.0
039,Limon,Лимоны,Lemons,Лимон,2015-M01,2015,5865.0
0040,Olma,Яблоки,Apples,Олма,2015-M01,2015,3607.0
041,Nok,Груши,Pears,Нок,2015-M01,2015,6842.0
049,Uzum,Виноград,Grape,Узум,2015-M01,2015,7792.0
0050,Tarvuz,Арбуз,Watermelon,Тарвуз,2015-M01,2015,1140.0
0051,Qovun,Дыня,Melon,Қовун,2015-M01,2015,1445.0
053,Mayiz,Кишмиш,Kishmish,Майиз,2015-M01,2015,12963.0
055,Karam,Капуста,Cabbage,Карам,2015-M01,2015,861.0
057,Bodring,Огурцы,Cucumbers,Бодринг,2015-M01,2015,5686.0
058,Pomidor,Помидоры,Tomatoes,Помидор,2015-M01,2015,5054.0
059,Baqlajon,Баклажаны,Eggplant,Бақлажон,2015-M01,2015,0.0
0060,Bulg'or qalampiri,Перец болгарский,Bell pepper,Булғор қалампири,2015-M01,2015,5471.0
061,Qovoq,Тыква,Pumpkin,Қовоқ,2015-M01,2015,965.0
063,Sabzi,Морковь,Carrot,Сабзи,2015-M01,2015,772.0
065,Sarimsoq,Чеснок,Garlic,Саримсоқ,2015-M01,2015,7985.0
066,Piyoz,Лук репчатый,Onion,Пиёз,2015-M01,2015,2035.0
069,Kartoshka,Картофель,Potatoes,Картошка,2015-M01,2015,1508.0
0070,Loviya,Фасоль,Beans,Ловия,2015-M01,2015,0.0
071,No'xot,Горох,Peas,Нўхот,2015-M01,2015,0.0
0072,Mosh,Маш,Mash,Мош,2015-M01,2015,0.0
073,Shakar,Сахар песок,Sugar,Шакар,2015-M01,2015,0.0
002,Kruppa yormasi,Крупа манная,Semolina,Круппа ёрмаси,2015-M01,2015,1467.0
001,Guruch,Рис,Rice,Гуруч,2015-M02,2015,5264.0
003,Arpa,Ячмень,Barley,Арпа,2015-M02,2015,1487.0
0004,Bug'doy,Пшеница,Wheat,Буғдой,2015-M02,2015,1016.0
005,Jo'hori,Кукуруза,Corn,Жўҳори,2015-M02,2015,1249.0
006,Kepak,Отруби,Bran,Кепак,2015-M02,2015,976.0
0008,Shrot,Шрот,Schroth,Шрот,2015-M02,2015,0.0
009,Shulxa,Шелуха,Husk,Шулха,2015-M02,2015,0.0
010,Kombikorm,Комбикорм,Compound feed,Комбикорм,2015-M02,2015,980.0
011,Oliy navli bug'doy uni,Мука пшеничная высшего сорта,High-grade wheat flour,Олий навли буғдой уни,2015-M02,2015,1555.0
0012,1-navli bug'doy uni,Мука пшеничная первого сорта,First grade wheat flour,1-навли буғдой уни,2015-M02,2015,0.0
013,1-nav bug'doy unidan non,Хлеб пшеничный из муки 1-го сорта,Wheat bread from 1st grade flour,1-нав буғдой унидан нон,2015-M02,2015,0.0
017,Mol go'shti,Говядина,Beef,Мол гўшти,2015-M02,2015,24283.0
0020,Qo'y go'shti,Баранина,Mutton,Қўй гўшти,2015-M02,2015,25122.0
022,Tovuq go'shti,Мясо птицы,Poultry,Товуқ гўшти,2015-M02,2015,0.0
026,Turli baliqlar,Рыба всякая,Fish of all kinds,Турли балиқлар,2015-M02,2015,11859.0
027,Yangi sog'ilgan sut (1 litr),Молоко свежее (1 литр),Fresh milk (1 liter),Янги соғилган сут (1 литр),2015-M02,2015,1901.0
034,Tuxum (10 dona),Яйца (10 штук),Eggs (10 pieces ),Тухум (10 дона),2015-M02,2015,3954.0
035,Paxta yog'i (1 litr),Масло хлопковое (1 литр),Cottonseed oil (1 liter),Пахта ёғи (1 литр),2015-M02,2015,0.0
0036,Kungaboqar yog'i (1 litr),Масло подсолнечное (1 литр),Sunflower oil (1 liter),Кунгабоқар ёғи (1 литр),2015-M02,2015,0.0
037,Sariyog',Масло сливочное,Butter,Сариёғ,2015-M02,2015,17960.0
039,Limon,Лимоны,Lemons,Лимон,2015-M02,2015,6019.0
0040,Olma,Яблоки,Apples,Олма,2015-M02,2015,3788.0
041,Nok,Груши,Pears,Нок,2015-M02,2015,7128.0
049,Uzum,Виноград,Grape,Узум,2015-M02,2015,9476.0
0050,Tarvuz,Арбуз,Watermelon,Тарвуз,2015-M02,2015,0.0
0051,Qovun,Дыня,Melon,Қовун,2015-M02,2015,1530.0
053,Mayiz,Кишмиш,Kishmish,Майиз,2015-M02,2015,13251.0
055,Karam,Капуста,Cabbage,Карам,2015-M02,2015,953.0
057,Bodring,Огурцы,Cucumbers,Бодринг,2015-M02,2015,7014.0
058,Pomidor,Помидоры,Tomatoes,Помидор,2015-M02,2015,6969.0
059,Baqlajon,Баклажаны,Eggplant,Бақлажон,2015-M02,2015,0.0
0060,Bulg'or qalampiri,Перец болгарский,Bell pepper,Булғор қалампири,2015-M02,2015,0.0
061,Qovoq,Тыква,Pumpkin,Қовоқ,2015-M02,2015,1011.0
063,Sabzi,Морковь,Carrot,Сабзи,2015-M02,2015,806.0
065,Sarimsoq,Чеснок,Garlic,Саримсоқ,2015-M02,2015,8114.0
066,Piyoz,Лук репчатый,Onion,Пиёз,2015-M02,2015,2108.0
069,Kartoshka,Картофель,Potatoes,Картошка,2015-M02,2015,1579.0
0070,Loviya,Фасоль,Beans,Ловия,2015-M02,2015,0.0
071,No'xot,Горох,Peas,Нўхот,2015-M02,2015,0.0
0072,Mosh,Маш,Mash,Мош,2015-M02,2015,0.0
073,Shakar,Сахар песок,Sugar,Шакар,2015-M02,2015,0.0
002,Kruppa yormasi,Крупа манная,Semolina,Круппа ёрмаси,2015-M02,2015,1487.0
001,Guruch,Рис,Rice,Гуруч,2015-M03,2015,5447.0
003,Arpa,Ячмень,Barley,Арпа,2015-M03,2015,1502.0
0004,Bug'doy,Пшеница,Wheat,Буғдой,2015-M03,2015,1052.0
005,Jo'hori,Кукуруза,Corn,Жўҳори,2015-M03,2015,1269.0
006,Kepak,Отруби,Bran,Кепак,2015-M03,2015,991.0
0008,Shrot,Шрот,Schroth,Шрот,2015-M03,2015,0.0
009,Shulxa,Шелуха,Husk,Шулха,2015-M03,2015,0.0
010,Kombikorm,Комбикорм,Compound feed,Комбикорм,2015-M03,2015,996.0
011,Oliy navli bug'doy uni,Мука пшеничная высшего сорта,High-grade wheat flour,Олий навли буғдой уни,2015-M03,2015,1567.0
0012,1-navli bug'doy uni,Мука пшеничная первого сорта,First grade wheat flour,1-навли буғдой уни,2015-M03,2015,0.0
013,1-nav bug'doy unidan non,Хлеб пшеничный из муки 1-го сорта,Wheat bread from 1st grade flour,1-нав буғдой унидан нон,2015-M03,2015,0.0
017,Mol go'shti,Говядина,Beef,Мол гўшти,2015-M03,2015,24394.0
0020,Qo'y go'shti,Баранина,Mutton,Қўй гўшти,2015-M03,2015,25158.0
022,Tovuq go'shti,Мясо птицы,Poultry,Товуқ гўшти,2015-M03,2015,0.0
026,Turli baliqlar,Рыба всякая,Fish of all kinds,Турли балиқлар,2015-M03,2015,11889.0
027,Yangi sog'ilgan sut (1 litr),Молоко свежее (1 литр),Fresh milk (1 liter),Янги соғилган сут (1 литр),2015-M03,2015,1912.0
034,Tuxum (10 dona),Яйца (10 штук),Eggs (10 pieces ),Тухум (10 дона),2015-M03,2015,3926.0
035,Paxta yog'i (1 litr),Масло хлопковое (1 литр),Cottonseed oil (1 liter),Пахта ёғи (1 литр),2015-M03,2015,0.0
0036,Kungaboqar yog'i (1 litr),Масло подсолнечное (1 литр),Sunflower oil (1 liter),Кунгабоқар ёғи (1 литр),2015-M03,2015,0.0
037,Sariyog',Масло сливочное,Butter,Сариёғ,2015-M03,2015,17973.0
039,Limon,Лимоны,Lemons,Лимон,2015-M03,2015,6249.0
0040,Olma,Яблоки,Apples,Олма,2015-M03,2015,4081.0
041,Nok,Груши,Pears,Нок,2015-M03,2015,7427.0
049,Uzum,Виноград,Grape,Узум,2015-M03,2015,10617.0
0050,Tarvuz,Арбуз,Watermelon,Тарвуз,2015-M03,2015,0.0
0051,Qovun,Дыня,Melon,Қовун,2015-M03,2015,2467.0
053,Mayiz,Кишмиш,Kishmish,Майиз,2015-M03,2015,13332.0
055,Karam,Капуста,Cabbage,Карам,2015-M03,2015,1239.0
057,Bodring,Огурцы,Cucumbers,Бодринг,2015-M03,2015,7553.0
058,Pomidor,Помидоры,Tomatoes,Помидор,2015-M03,2015,8816.0
059,Baqlajon,Баклажаны,Eggplant,Бақлажон,2015-M03,2015,0.0
0060,Bulg'or qalampiri,Перец болгарский,Bell pepper,Булғор қалампири,2015-M03,2015,0.0
061,Qovoq,Тыква,Pumpkin,Қовоқ,2015-M03,2015,1194.0
063,Sabzi,Морковь,Carrot,Сабзи,2015-M03,2015,800.0
065,Sarimsoq,Чеснок,Garlic,Саримсоқ,2015-M03,2015,8176.0
066,Piyoz,Лук репчатый,Onion,Пиёз,2015-M03,2015,2200.0
069,Kartoshka,Картофель,Potatoes,Картошка,2015-M03,2015,1724.0
0070,Loviya,Фасоль,Beans,Ловия,2015-M03,2015,0.0
071,No'xot,Горох,Peas,Нўхот,2015-M03,2015,0.0
0072,Mosh,Маш,Mash,Мош,2015-M03,2015,0.0
073,Shakar,Сахар песок,Sugar,Шакар,2015-M03,2015,0.0
002,Kruppa yormasi,Крупа манная,Semolina,Круппа ёрмаси,2015-M03,2015,1502.0
001,Guruch,Рис,Rice,Гуруч,2015-M04,2015,5497.0
003,Arpa,Ячмень,Barley,Арпа,2015-M04,2015,1505.0
0004,Bug'doy,Пшеница,Wheat,Буғдой,2015-M04,2015,1097.0
005,Jo'hori,Кукуруза,Corn,Жўҳори,2015-M04,2015,1286.0
006,Kepak,Отруби,Bran,Кепак,2015-M04,2015,994.0
0008,Shrot,Шрот,Schroth,Шрот,2015-M04,2015,0.0
009,Shulxa,Шелуха,Husk,Шулха,2015-M04,2015,0.0
010,Kombikorm,Комбикорм,Compound feed,Комбикорм,2015-M04,2015,1002.0
011,Oliy navli bug'doy uni,Мука пшеничная высшего сорта,High-grade wheat flour,Олий навли буғдой уни,2015-M04,2015,1575.0
0012,1-navli bug'doy uni,Мука пшеничная первого сорта,First grade wheat flour,1-навли буғдой уни,2015-M04,2015,0.0
013,1-nav bug'doy unidan non,Хлеб пшеничный из муки 1-го сорта,Wheat bread from 1st grade flour,1-нав буғдой унидан нон,2015-M04,2015,0.0
017,Mol go'shti,Говядина,Beef,Мол гўшти,2015-M04,2015,24348.0
0020,Qo'y go'shti,Баранина,Mutton,Қўй гўшти,2015-M04,2015,25229.0
022,Tovuq go'shti,Мясо птицы,Poultry,Товуқ гўшти,2015-M04,2015,0.0
026,Turli baliqlar,Рыба всякая,Fish of all kinds,Турли балиқлар,2015-M04,2015,12229.0
027,Yangi sog'ilgan sut (1 litr),Молоко свежее (1 литр),Fresh milk (1 liter),Янги соғилган сут (1 литр),2015-M04,2015,1927.0
034,Tuxum (10 dona),Яйца (10 штук),Eggs (10 pieces ),Тухум (10 дона),2015-M04,2015,3778.0
035,Paxta yog'i (1 litr),Масло хлопковое (1 литр),Cottonseed oil (1 liter),Пахта ёғи (1 литр),2015-M04,2015,0.0
0036,Kungaboqar yog'i (1 litr),Масло подсолнечное (1 литр),Sunflower oil (1 liter),Кунгабоқар ёғи (1 литр),2015-M04,2015,0.0
037,Sariyog',Масло сливочное,Butter,Сариёғ,2015-M04,2015,18020.0
039,Limon,Лимоны,Lemons,Лимон,2015-M04,2015,7494.0
0040,Olma,Яблоки,Apples,Олма,2015-M04,2015,4967.0
041,Nok,Груши,Pears,Нок,2015-M04,2015,7589.0
049,Uzum,Виноград,Grape,Узум,2015-M04,2015,0.0
0050,Tarvuz,Арбуз,Watermelon,Тарвуз,2015-M04,2015,0.0
0051,Qovun,Дыня,Melon,Қовун,2015-M04,2015,0.0
053,Mayiz,Кишмиш,Kishmish,Майиз,2015-M04,2015,13421.0
055,Karam,Капуста,Cabbage,Карам,2015-M04,2015,1287.0
057,Bodring,Огурцы,Cucumbers,Бодринг,2015-M04,2015,5762.0
058,Pomidor,Помидоры,Tomatoes,Помидор,2015-M04,2015,8756.0
059,Baqlajon,Баклажаны,Eggplant,Бақлажон,2015-M04,2015,0.0
0060,Bulg'or qalampiri,Перец болгарский,Bell pepper,Булғор қалампири,2015-M04,2015,0.0
061,Qovoq,Тыква,Pumpkin,Қовоқ,2015-M04,2015,0.0
063,Sabzi,Морковь,Carrot,Сабзи,2015-M04,2015,814.0
065,Sarimsoq,Чеснок,Garlic,Саримсоқ,2015-M04,2015,8260.0
066,Piyoz,Лук репчатый,Onion,Пиёз,2015-M04,2015,2035.0
069,Kartoshka,Картофель,Potatoes,Картошка,2015-M04,2015,1591.0
0070,Loviya,Фасоль,Beans,Ловия,2015-M04,2015,0.0
071,No'xot,Горох,Peas,Нўхот,2015-M04,2015,0.0
0072,Mosh,Маш,Mash,Мош,2015-M04,2015,0.0
073,Shakar,Сахар песок,Sugar,Шакар,2015-M04,2015,0.0
002,Kruppa yormasi,Крупа манная,Semolina,Круппа ёрмаси,2015-M04,2015,1505.0
001,Guruch,Рис,Rice,Гуруч,2015-M05,2015,6265.0
003,Arpa,Ячмень,Barley,Арпа,2015-M05,2015,1528.0
0004,Bug'doy,Пшеница,Wheat,Буғдой,2015-M05,2015,1220.0
005,Jo'hori,Кукуруза,Corn,Жўҳори,2015-M05,2015,1515.0
006,Kepak,Отруби,Bran,Кепак,2015-M05,2015,1005.0
0008,Shrot,Шрот,Schroth,Шрот,2015-M05,2015,0.0
009,Shulxa,Шелуха,Husk,Шулха,2015-M05,2015,0.0
010,Kombikorm,Комбикорм,Compound feed,Комбикорм,2015-M05,2015,1012.0
011,Oliy navli bug'doy uni,Мука пшеничная высшего сорта,High-grade wheat flour,Олий навли буғдой уни,2015-M05,2015,1579.0
0012,1-navli bug'doy uni,Мука пшеничная первого сорта,First grade wheat flour,1-навли буғдой уни,2015-M05,2015,0.0
013,1-nav bug'doy unidan non,Хлеб пшеничный из муки 1-го сорта,Wheat bread from 1st grade flour,1-нав буғдой унидан нон,2015-M05,2015,0.0
017,Mol go'shti,Говядина,Beef,Мол гўшти,2015-M05,2015,24372.0
0020,Qo'y go'shti,Баранина,Mutton,Қўй гўшти,2015-M05,2015,25251.0
022,Tovuq go'shti,Мясо птицы,Poultry,Товуқ гўшти,2015-M05,2015,0.0
026,Turli baliqlar,Рыба всякая,Fish of all kinds,Турли балиқлар,2015-M05,2015,12369.0
027,Yangi sog'ilgan sut (1 litr),Молоко свежее (1 литр),Fresh milk (1 liter),Янги соғилган сут (1 литр),2015-M05,2015,1931.0
034,Tuxum (10 dona),Яйца (10 штук),Eggs (10 pieces ),Тухум (10 дона),2015-M05,2015,3779.0
035,Paxta yog'i (1 litr),Масло хлопковое (1 литр),Cottonseed oil (1 liter),Пахта ёғи (1 литр),2015-M05,2015,0.0
0036,Kungaboqar yog'i (1 litr),Масло подсолнечное (1 литр),Sunflower oil (1 liter),Кунгабоқар ёғи (1 литр),2015-M05,2015,0.0
037,Sariyog',Масло сливочное,Butter,Сариёғ,2015-M05,2015,18054.0
039,Limon,Лимоны,Lemons,Лимон,2015-M05,2015,9065.0
0040,Olma,Яблоки,Apples,Олма,2015-M05,2015,4586.0
041,Nok,Груши,Pears,Нок,2015-M05,2015,7636.0
049,Uzum,Виноград,Grape,Узум,2015-M05,2015,0.0
0050,Tarvuz,Арбуз,Watermelon,Тарвуз,2015-M05,2015,0.0
0051,Qovun,Дыня,Melon,Қовун,2015-M05,2015,0.0
053,Mayiz,Кишмиш,Kishmish,Майиз,2015-M05,2015,13532.0
055,Karam,Капуста,Cabbage,Карам,2015-M05,2015,1073.0
057,Bodring,Огурцы,Cucumbers,Бодринг,2015-M05,2015,3532.0
058,Pomidor,Помидоры,Tomatoes,Помидор,2015-M05,2015,6108.0
059,Baqlajon,Баклажаны,Eggplant,Бақлажон,2015-M05,2015,0.0
0060,Bulg'or qalampiri,Перец болгарский,Bell pepper,Булғор қалампири,2015-M05,2015,7978.0
061,Qovoq,Тыква,Pumpkin,Қовоқ,2015-M05,2015,0.0
063,Sabzi,Морковь,Carrot,Сабзи,2015-M05,2015,830.0
065,Sarimsoq,Чеснок,Garlic,Саримсоқ,2015-M05,2015,8297.0
066,Piyoz,Лук репчатый,Onion,Пиёз,2015-M05,2015,1321.0
069,Kartoshka,Картофель,Potatoes,Картошка,2015-M05,2015,1551.0
0070,Loviya,Фасоль,Beans,Ловия,2015-M05,2015,0.0
071,No'xot,Горох,Peas,Нўхот,2015-M05,2015,0.0
0072,Mosh,Маш,Mash,Мош,2015-M05,2015,0.0
073,Shakar,Сахар песок,Sugar,Шакар,2015-M05,2015,0.0
002,Kruppa yormasi,Крупа манная,Semolina,Круппа ёрмаси,2015-M05,2015,1528.0
001,Guruch,Рис,Rice,Гуруч,2015-M06,2015,6730.0
003,Arpa,Ячмень,Barley,Арпа,2015-M06,2015,1501.0
0004,Bug'doy,Пшеница,Wheat,Буғдой,2015-M06,2015,1330.0
005,Jo'hori,Кукуруза,Corn,Жўҳори,2015-M06,2015,1592.0
006,Kepak,Отруби,Bran,Кепак,2015-M06,2015,1025.0
0008,Shrot,Шрот,Schroth,Шрот,2015-M06,2015,0.0
009,Shulxa,Шелуха,Husk,Шулха,2015-M06,2015,0.0
010,Kombikorm,Комбикорм,Compound feed,Комбикорм,2015-M06,2015,1048.0
011,Oliy navli bug'doy uni,Мука пшеничная высшего сорта,High-grade wheat flour,Олий навли буғдой уни,2015-M06,2015,1612.0
0012,1-navli bug'doy uni,Мука пшеничная первого сорта,First grade wheat flour,1-навли буғдой уни,2015-M06,2015,0.0
013,1-nav bug'doy unidan non,Хлеб пшеничный из муки 1-го сорта,Wheat bread from 1st grade flour,1-нав буғдой унидан нон,2015-M06,2015,0.0
017,Mol go'shti,Говядина,Beef,Мол гўшти,2015-M06,2015,24297.0
0020,Qo'y go'shti,Баранина,Mutton,Қўй гўшти,2015-M06,2015,25258.0
022,Tovuq go'shti,Мясо птицы,Poultry,Товуқ гўшти,2015-M06,2015,0.0
026,Turli baliqlar,Рыба всякая,Fish of all kinds,Турли балиқлар,2015-M06,2015,12408.0
027,Yangi sog'ilgan sut (1 litr),Молоко свежее (1 литр),Fresh milk (1 liter),Янги соғилган сут (1 литр),2015-M06,2015,1926.0
034,Tuxum (10 dona),Яйца (10 штук),Eggs (10 pieces ),Тухум (10 дона),2015-M06,2015,3788.0
035,Paxta yog'i (1 litr),Масло хлопковое (1 литр),Cottonseed oil (1 liter),Пахта ёғи (1 литр),2015-M06,2015,0.0
0036,Kungaboqar yog'i (1 litr),Масло подсолнечное (1 литр),Sunflower oil (1 liter),Кунгабоқар ёғи (1 литр),2015-M06,2015,0.0
037,Sariyog',Масло сливочное,Butter,Сариёғ,2015-M06,2015,18053.0
039,Limon,Лимоны,Lemons,Лимон,2015-M06,2015,10305.0
0040,Olma,Яблоки,Apples,Олма,2015-M06,2015,4925.0
041,Nok,Груши,Pears,Нок,2015-M06,2015,7702.0
049,Uzum,Виноград,Grape,Узум,2015-M06,2015,10678.0
0050,Tarvuz,Арбуз,Watermelon,Тарвуз,2015-M06,2015,1328.0
0051,Qovun,Дыня,Melon,Қовун,2015-M06,2015,2293.0
053,Mayiz,Кишмиш,Kishmish,Майиз,2015-M06,2015,13570.0
055,Karam,Капуста,Cabbage,Карам,2015-M06,2015,622.0
057,Bodring,Огурцы,Cucumbers,Бодринг,2015-M06,2015,1195.0
058,Pomidor,Помидоры,Tomatoes,Помидор,2015-M06,2015,2634.0
059,Baqlajon,Баклажаны,Eggplant,Бақлажон,2015-M06,2015,1764.0
0060,Bulg'or qalampiri,Перец болгарский,Bell pepper,Булғор қалампири,2015-M06,2015,2911.0
061,Qovoq,Тыква,Pumpkin,Қовоқ,2015-M06,2015,0.0
063,Sabzi,Морковь,Carrot,Сабзи,2015-M06,2015,759.0
065,Sarimsoq,Чеснок,Garlic,Саримсоқ,2015-M06,2015,7085.0
066,Piyoz,Лук репчатый,Onion,Пиёз,2015-M06,2015,953.0
069,Kartoshka,Картофель,Potatoes,Картошка,2015-M06,2015,1088.0
0070,Loviya,Фасоль,Beans,Ловия,2015-M06,2015,0.0
071,No'xot,Горох,Peas,Нўхот,2015-M06,2015,0.0
0072,Mosh,Маш,Mash,Мош,2015-M06,2015,0.0
073,Shakar,Сахар песок,Sugar,Шакар,2015-M06,2015,0.0
002,Kruppa yormasi,Крупа манная,Semolina,Круппа ёрмаси,2015-M06,2015,1501.0
001,Guruch,Рис,Rice,Гуруч,2015-M07,2015,6910.0
003,Arpa,Ячмень,Barley,Арпа,2015-M07,2015,1350.0
0004,Bug'doy,Пшеница,Wheat,Буғдой,2015-M07,2015,1369.0
005,Jo'hori,Кукуруза,Corn,Жўҳори,2015-M07,2015,1629.0
006,Kepak,Отруби,Bran,Кепак,2015-M07,2015,1047.0
0008,Shrot,Шрот,Schroth,Шрот,2015-M07,2015,0.0
009,Shulxa,Шелуха,Husk,Шулха,2015-M07,2015,0.0
010,Kombikorm,Комбикорм,Compound feed,Комбикорм,2015-M07,2015,1062.0
011,Oliy navli bug'doy uni,Мука пшеничная высшего сорта,High-grade wheat flour,Олий навли буғдой уни,2015-M07,2015,1640.0
0012,1-navli bug'doy uni,Мука пшеничная первого сорта,First grade wheat flour,1-навли буғдой уни,2015-M07,2015,0.0
013,1-nav bug'doy unidan non,Хлеб пшеничный из муки 1-го сорта,Wheat bread from 1st grade flour,1-нав буғдой унидан нон,2015-M07,2015,0.0
017,Mol go'shti,Говядина,Beef,Мол гўшти,2015-M07,2015,24299.0
0020,Qo'y go'shti,Баранина,Mutton,Қўй гўшти,2015-M07,2015,25227.0
022,Tovuq go'shti,Мясо птицы,Poultry,Товуқ гўшти,2015-M07,2015,0.0
026,Turli baliqlar,Рыба всякая,Fish of all kinds,Турли балиқлар,2015-M07,2015,12433.0
027,Yangi sog'ilgan sut (1 litr),Молоко свежее (1 литр),Fresh milk (1 liter),Янги соғилган сут (1 литр),2015-M07,2015,1901.0
034,Tuxum (10 dona),Яйца (10 штук),Eggs (10 pieces ),Тухум (10 дона),2015-M07,2015,3647.0
035,Paxta yog'i (1 litr),Масло хлопковое (1 литр),Cottonseed oil (1 liter),Пахта ёғи (1 литр),2015-M07,2015,0.0
0036,Kungaboqar yog'i (1 litr),Масло подсолнечное (1 литр),Sunflower oil (1 liter),Кунгабоқар ёғи (1 литр),2015-M07,2015,0.0
037,Sariyog',Масло сливочное,Butter,Сариёғ,2015-M07,2015,18022.0
039,Limon,Лимоны,Lemons,Лимон,2015-M07,2015,11024.0
0040,Olma,Яблоки,Apples,Олма,2015-M07,2015,3838.0
041,Nok,Груши,Pears,Нок,2015-M07,2015,6178.0
049,Uzum,Виноград,Grape,Узум,2015-M07,2015,6688.0
0050,Tarvuz,Арбуз,Watermelon,Тарвуз,2015-M07,2015,705.0
0051,Qovun,Дыня,Melon,Қовун,2015-M07,2015,1471.0
053,Mayiz,Кишмиш,Kishmish,Майиз,2015-M07,2015,13553.0
055,Karam,Капуста,Cabbage,Карам,2015-M07,2015,504.0
057,Bodring,Огурцы,Cucumbers,Бодринг,2015-M07,2015,835.0
058,Pomidor,Помидоры,Tomatoes,Помидор,2015-M07,2015,789.0
059,Baqlajon,Баклажаны,Eggplant,Бақлажон,2015-M07,2015,860.0
0060,Bulg'or qalampiri,Перец болгарский,Bell pepper,Булғор қалампири,2015-M07,2015,1386.0
061,Qovoq,Тыква,Pumpkin,Қовоқ,2015-M07,2015,0.0
063,Sabzi,Морковь,Carrot,Сабзи,2015-M07,2015,792.0
065,Sarimsoq,Чеснок,Garlic,Саримсоқ,2015-M07,2015,6217.0
066,Piyoz,Лук репчатый,Onion,Пиёз,2015-M07,2015,957.0
069,Kartoshka,Картофель,Potatoes,Картошка,2015-M07,2015,884.0
0070,Loviya,Фасоль,Beans,Ловия,2015-M07,2015,0.0
071,No'xot,Горох,Peas,Нўхот,2015-M07,2015,0.0
0072,Mosh,Маш,Mash,Мош,2015-M07,2015,0.0
073,Shakar,Сахар песок,Sugar,Шакар,2015-M07,2015,0.0
002,Kruppa yormasi,Крупа манная,Semolina,Круппа ёрмаси,2015-M07,2015,1350.0
001,Guruch,Рис,Rice,Гуруч,2015-M08,2015,7072.0
003,Arpa,Ячмень,Barley,Арпа,2015-M08,2015,1349.0
0004,Bug'doy,Пшеница,Wheat,Буғдой,2015-M08,2015,1411.0
005,Jo'hori,Кукуруза,Corn,Жўҳори,2015-M08,2015,1632.0
006,Kepak,Отруби,Bran,Кепак,2015-M08,2015,1074.0
0008,Shrot,Шрот,Schroth,Шрот,2015-M08,2015,0.0
009,Shulxa,Шелуха,Husk,Шулха,2015-M08,2015,0.0
010,Kombikorm,Комбикорм,Compound feed,Комбикорм,2015-M08,2015,1075.0
011,Oliy navli bug'doy uni,Мука пшеничная высшего сорта,High-grade wheat flour,Олий навли буғдой уни,2015-M08,2015,1647.0
0012,1-navli bug'doy uni,Мука пшеничная первого сорта,First grade wheat flour,1-навли буғдой уни,2015-M08,2015,0.0
013,1-nav bug'doy unidan non,Хлеб пшеничный из муки 1-го сорта,Wheat bread from 1st grade flour,1-нав буғдой унидан нон,2015-M08,2015,0.0
017,Mol go'shti,Говядина,Beef,Мол гўшти,2015-M08,2015,23836.0
0020,Qo'y go'shti,Баранина,Mutton,Қўй гўшти,2015-M08,2015,24679.0
022,Tovuq go'shti,Мясо птицы,Poultry,Товуқ гўшти,2015-M08,2015,0.0
026,Turli baliqlar,Рыба всякая,Fish of all kinds,Турли балиқлар,2015-M08,2015,12595.0
027,Yangi sog'ilgan sut (1 litr),Молоко свежее (1 литр),Fresh milk (1 liter),Янги соғилган сут (1 литр),2015-M08,2015,1912.0
034,Tuxum (10 dona),Яйца (10 штук),Eggs (10 pieces ),Тухум (10 дона),2015-M08,2015,3363.0
035,Paxta yog'i (1 litr),Масло хлопковое (1 литр),Cottonseed oil (1 liter),Пахта ёғи (1 литр),2015-M08,2015,0.0
0036,Kungaboqar yog'i (1 litr),Масло подсолнечное (1 литр),Sunflower oil (1 liter),Кунгабоқар ёғи (1 литр),2015-M08,2015,0.0
037,Sariyog',Масло сливочное,Butter,Сариёғ,2015-M08,2015,18161.0
039,Limon,Лимоны,Lemons,Лимон,2015-M08,2015,11615.0
0040,Olma,Яблоки,Apples,Олма,2015-M08,2015,3314.0
041,Nok,Груши,Pears,Нок,2015-M08,2015,5356.0
049,Uzum,Виноград,Grape,Узум,2015-M08,2015,3055.0
0050,Tarvuz,Арбуз,Watermelon,Тарвуз,2015-M08,2015,588.0
0051,Qovun,Дыня,Melon,Қовун,2015-M08,2015,895.0
053,Mayiz,Кишмиш,Kishmish,Майиз,2015-M08,2015,13686.0
055,Karam,Капуста,Cabbage,Карам,2015-M08,2015,717.0
057,Bodring,Огурцы,Cucumbers,Бодринг,2015-M08,2015,964.0
058,Pomidor,Помидоры,Tomatoes,Помидор,2015-M08,2015,919.0
059,Baqlajon,Баклажаны,Eggplant,Бақлажон,2015-M08,2015,811.0
0060,Bulg'or qalampiri,Перец болгарский,Bell pepper,Булғор қалампири,2015-M08,2015,1117.0
061,Qovoq,Тыква,Pumpkin,Қовоқ,2015-M08,2015,1004.0
063,Sabzi,Морковь,Carrot,Сабзи,2015-M08,2015,947.0
065,Sarimsoq,Чеснок,Garlic,Саримсоқ,2015-M08,2015,9175.0
066,Piyoz,Лук репчатый,Onion,Пиёз,2015-M08,2015,988.0
069,Kartoshka,Картофель,Potatoes,Картошка,2015-M08,2015,891.0
0070,Loviya,Фасоль,Beans,Ловия,2015-M08,2015,0.0
071,No'xot,Горох,Peas,Нўхот,2015-M08,2015,0.0
0072,Mosh,Маш,Mash,Мош,2015-M08,2015,0.0
073,Shakar,Сахар песок,Sugar,Шакар,2015-M08,2015,0.0
002,Kruppa yormasi,Крупа манная,Semolina,Круппа ёрмаси,2015-M08,2015,1349.0
001,Guruch,Рис,Rice,Гуруч,2015-M09,2015,6381.0
003,Arpa,Ячмень,Barley,Арпа,2015-M09,2015,1357.0
0004,Bug'doy,Пшеница,Wheat,Буғдой,2015-M09,2015,1365.0
005,Jo'hori,Кукуруза,Corn,Жўҳори,2015-M09,2015,1623.0
006,Kepak,Отруби,Bran,Кепак,2015-M09,2015,941.0
0008,Shrot,Шрот,Schroth,Шрот,2015-M09,2015,0.0
009,Shulxa,Шелуха,Husk,Шулха,2015-M09,2015,0.0
010,Kombikorm,Комбикорм,Compound feed,Комбикорм,2015-M09,2015,1083.0
011,Oliy navli bug'doy uni,Мука пшеничная высшего сорта,High-grade wheat flour,Олий навли буғдой уни,2015-M09,2015,1849.0
0012,1-navli bug'doy uni,Мука пшеничная первого сорта,First grade wheat flour,1-навли буғдой уни,2015-M09,2015,0.0
013,1-nav bug'doy unidan non,Хлеб пшеничный из муки 1-го сорта,Wheat bread from 1st grade flour,1-нав буғдой унидан нон,2015-M09,2015,0.0
017,Mol go'shti,Говядина,Beef,Мол гўшти,2015-M09,2015,23825.0
0020,Qo'y go'shti,Баранина,Mutton,Қўй гўшти,2015-M09,2015,24673.0
022,Tovuq go'shti,Мясо птицы,Poultry,Товуқ гўшти,2015-M09,2015,0.0
026,Turli baliqlar,Рыба всякая,Fish of all kinds,Турли балиқлар,2015-M09,2015,12595.0
027,Yangi sog'ilgan sut (1 litr),Молоко свежее (1 литр),Fresh milk (1 liter),Янги соғилган сут (1 литр),2015-M09,2015,1914.0
034,Tuxum (10 dona),Яйца (10 штук),Eggs (10 pieces ),Тухум (10 дона),2015-M09,2015,4066.0
035,Paxta yog'i (1 litr),Масло хлопковое (1 литр),Cottonseed oil (1 liter),Пахта ёғи (1 литр),2015-M09,2015,0.0
0036,Kungaboqar yog'i (1 litr),Масло подсолнечное (1 литр),Sunflower oil (1 liter),Кунгабоқар ёғи (1 литр),2015-M09,2015,0.0
037,Sariyog',Масло сливочное,Butter,Сариёғ,2015-M09,2015,18164.0
039,Limon,Лимоны,Lemons,Лимон,2015-M09,2015,11590.0
0040,Olma,Яблоки,Apples,Олма,2015-M09,2015,3332.0
041,Nok,Груши,Pears,Нок,2015-M09,2015,5349.0
049,Uzum,Виноград,Grape,Узум,2015-M09,2015,2724.0
0050,Tarvuz,Арбуз,Watermelon,Тарвуз,2015-M09,2015,711.0
0051,Qovun,Дыня,Melon,Қовун,2015-M09,2015,997.0
053,Mayiz,Кишмиш,Kishmish,Майиз,2015-M09,2015,13693.0
055,Karam,Капуста,Cabbage,Карам,2015-M09,2015,760.0
057,Bodring,Огурцы,Cucumbers,Бодринг,2015-M09,2015,970.0
058,Pomidor,Помидоры,Tomatoes,Помидор,2015-M09,2015,1406.0
059,Baqlajon,Баклажаны,Eggplant,Бақлажон,2015-M09,2015,828.0
0060,Bulg'or qalampiri,Перец болгарский,Bell pepper,Булғор қалампири,2015-M09,2015,1199.0
061,Qovoq,Тыква,Pumpkin,Қовоқ,2015-M09,2015,1005.0
063,Sabzi,Морковь,Carrot,Сабзи,2015-M09,2015,1517.0
065,Sarimsoq,Чеснок,Garlic,Саримсоқ,2015-M09,2015,9175.0
066,Piyoz,Лук репчатый,Onion,Пиёз,2015-M09,2015,988.0
069,Kartoshka,Картофель,Potatoes,Картошка,2015-M09,2015,1029.0
0070,Loviya,Фасоль,Beans,Ловия,2015-M09,2015,0.0
071,No'xot,Горох,Peas,Нўхот,2015-M09,2015,0.0
0072,Mosh,Маш,Mash,Мош,2015-M09,2015,0.0
073,Shakar,Сахар песок,Sugar,Шакар,2015-M09,2015,0.0
002,Kruppa yormasi,Крупа манная,Semolina,Круппа ёрмаси,2015-M09,2015,1357.0
001,Guruch,Рис,Rice,Гуруч,2015-M10,2015,5992.0
003,Arpa,Ячмень,Barley,Арпа,2015-M10,2015,1357.0
0004,Bug'doy,Пшеница,Wheat,Буғдой,2015-M10,2015,1325.0
005,Jo'hori,Кукуруза,Corn,Жўҳори,2015-M10,2015,1629.0
006,Kepak,Отруби,Bran,Кепак,2015-M10,2015,929.0
0008,Shrot,Шрот,Schroth,Шрот,2015-M10,2015,0.0
009,Shulxa,Шелуха,Husk,Шулха,2015-M10,2015,0.0
010,Kombikorm,Комбикорм,Compound feed,Комбикорм,2015-M10,2015,1065.0
011,Oliy navli bug'doy uni,Мука пшеничная высшего сорта,High-grade wheat flour,Олий навли буғдой уни,2015-M10,2015,1909.0
0012,1-navli bug'doy uni,Мука пшеничная первого сорта,First grade wheat flour,1-навли буғдой уни,2015-M10,2015,0.0
013,1-nav bug'doy unidan non,Хлеб пшеничный из муки 1-го сорта,Wheat bread from 1st grade flour,1-нав буғдой унидан нон,2015-M10,2015,0.0
017,Mol go'shti,Говядина,Beef,Мол гўшти,2015-M10,2015,23936.0
0020,Qo'y go'shti,Баранина,Mutton,Қўй гўшти,2015-M10,2015,24893.0
022,Tovuq go'shti,Мясо птицы,Poultry,Товуқ гўшти,2015-M10,2015,0.0
026,Turli baliqlar,Рыба всякая,Fish of all kinds,Турли балиқлар,2015-M10,2015,12652.0
027,Yangi sog'ilgan sut (1 litr),Молоко свежее (1 литр),Fresh milk (1 liter),Янги соғилган сут (1 литр),2015-M10,2015,1935.0
034,Tuxum (10 dona),Яйца (10 штук),Eggs (10 pieces ),Тухум (10 дона),2015-M10,2015,3807.0
035,Paxta yog'i (1 litr),Масло хлопковое (1 литр),Cottonseed oil (1 liter),Пахта ёғи (1 литр),2015-M10,2015,0.0
0036,Kungaboqar yog'i (1 litr),Масло подсолнечное (1 литр),Sunflower oil (1 liter),Кунгабоқар ёғи (1 литр),2015-M10,2015,0.0
037,Sariyog',Масло сливочное,Butter,Сариёғ,2015-M10,2015,18601.0
039,Limon,Лимоны,Lemons,Лимон,2015-M10,2015,11705.0
0040,Olma,Яблоки,Apples,Олма,2015-M10,2015,2937.0
041,Nok,Груши,Pears,Нок,2015-M10,2015,5260.0
049,Uzum,Виноград,Grape,Узум,2015-M10,2015,2921.0
0050,Tarvuz,Арбуз,Watermelon,Тарвуз,2015-M10,2015,811.0
0051,Qovun,Дыня,Melon,Қовун,2015-M10,2015,1026.0
053,Mayiz,Кишмиш,Kishmish,Майиз,2015-M10,2015,13830.0
055,Karam,Капуста,Cabbage,Карам,2015-M10,2015,740.0
057,Bodring,Огурцы,Cucumbers,Бодринг,2015-M10,2015,1670.0
058,Pomidor,Помидоры,Tomatoes,Помидор,2015-M10,2015,1863.0
059,Baqlajon,Баклажаны,Eggplant,Бақлажон,2015-M10,2015,849.0
0060,Bulg'or qalampiri,Перец болгарский,Bell pepper,Булғор қалампири,2015-M10,2015,1257.0
061,Qovoq,Тыква,Pumpkin,Қовоқ,2015-M10,2015,914.0
063,Sabzi,Морковь,Carrot,Сабзи,2015-M10,2015,1139.0
065,Sarimsoq,Чеснок,Garlic,Саримсоқ,2015-M10,2015,10347.0
066,Piyoz,Лук репчатый,Onion,Пиёз,2015-M10,2015,854.0
069,Kartoshka,Картофель,Potatoes,Картошка,2015-M10,2015,1318.0
0070,Loviya,Фасоль,Beans,Ловия,2015-M10,2015,0.0
071,No'xot,Горох,Peas,Нўхот,2015-M10,2015,0.0
0072,Mosh,Маш,Mash,Мош,2015-M10,2015,0.0
073,Shakar,Сахар песок,Sugar,Шакар,2015-M10,2015,0.0
002,Kruppa yormasi,Крупа манная,Semolina,Круппа ёрмаси,2015-M10,2015,1357.0
001,Guruch,Рис,Rice,Гуруч,2015-M11,2015,5539.0
003,Arpa,Ячмень,Barley,Арпа,2015-M11,2015,1382.0
0004,Bug'doy,Пшеница,Wheat,Буғдой,2015-M11,2015,1334.0
005,Jo'hori,Кукуруза,Corn,Жўҳори,2015-M11,2015,1595.0
006,Kepak,Отруби,Bran,Кепак,2015-M11,2015,921.0
0008,Shrot,Шрот,Schroth,Шрот,2015-M11,2015,0.0
009,Shulxa,Шелуха,Husk,Шулха,2015-M11,2015,0.0
010,Kombikorm,Комбикорм,Compound feed,Комбикорм,2015-M11,2015,1062.0
011,Oliy navli bug'doy uni,Мука пшеничная высшего сорта,High-grade wheat flour,Олий навли буғдой уни,2015-M11,2015,2003.0
0012,1-navli bug'doy uni,Мука пшеничная первого сорта,First grade wheat flour,1-навли буғдой уни,2015-M11,2015,0.0
013,1-nav bug'doy unidan non,Хлеб пшеничный из муки 1-го сорта,Wheat bread from 1st grade flour,1-нав буғдой унидан нон,2015-M11,2015,0.0
017,Mol go'shti,Говядина,Beef,Мол гўшти,2015-M11,2015,23904.0
0020,Qo'y go'shti,Баранина,Mutton,Қўй гўшти,2015-M11,2015,24838.0
022,Tovuq go'shti,Мясо птицы,Poultry,Товуқ гўшти,2015-M11,2015,0.0
026,Turli baliqlar,Рыба всякая,Fish of all kinds,Турли балиқлар,2015-M11,2015,12357.0
027,Yangi sog'ilgan sut (1 litr),Молоко свежее (1 литр),Fresh milk (1 liter),Янги соғилган сут (1 литр),2015-M11,2015,1953.0
034,Tuxum (10 dona),Яйца (10 штук),Eggs (10 pieces ),Тухум (10 дона),2015-M11,2015,4159.0
035,Paxta yog'i (1 litr),Масло хлопковое (1 литр),Cottonseed oil (1 liter),Пахта ёғи (1 литр),2015-M11,2015,0.0
0036,Kungaboqar yog'i (1 litr),Масло подсолнечное (1 литр),Sunflower oil (1 liter),Кунгабоқар ёғи (1 литр),2015-M11,2015,0.0
037,Sariyog',Масло сливочное,Butter,Сариёғ,2015-M11,2015,19135.0
039,Limon,Лимоны,Lemons,Лимон,2015-M11,2015,8336.0
0040,Olma,Яблоки,Apples,Олма,2015-M11,2015,2944.0
041,Nok,Груши,Pears,Нок,2015-M11,2015,5526.0
049,Uzum,Виноград,Grape,Узум,2015-M11,2015,3902.0
0050,Tarvuz,Арбуз,Watermelon,Тарвуз,2015-M11,2015,903.0
0051,Qovun,Дыня,Melon,Қовун,2015-M11,2015,1249.0
053,Mayiz,Кишмиш,Kishmish,Майиз,2015-M11,2015,14610.0
055,Karam,Капуста,Cabbage,Карам,2015-M11,2015,793.0
057,Bodring,Огурцы,Cucumbers,Бодринг,2015-M11,2015,3422.0
058,Pomidor,Помидоры,Tomatoes,Помидор,2015-M11,2015,3554.0
059,Baqlajon,Баклажаны,Eggplant,Бақлажон,2015-M11,2015,1328.0
0060,Bulg'or qalampiri,Перец болгарский,Bell pepper,Булғор қалампири,2015-M11,2015,1382.0
061,Qovoq,Тыква,Pumpkin,Қовоқ,2015-M11,2015,828.0
063,Sabzi,Морковь,Carrot,Сабзи,2015-M11,2015,1025.0
065,Sarimsoq,Чеснок,Garlic,Саримсоқ,2015-M11,2015,11341.0
066,Piyoz,Лук репчатый,Onion,Пиёз,2015-M11,2015,871.0
069,Kartoshka,Картофель,Potatoes,Картошка,2015-M11,2015,1365.0
0070,Loviya,Фасоль,Beans,Ловия,2015-M11,2015,0.0
071,No'xot,Горох,Peas,Нўхот,2015-M11,2015,0.0
0072,Mosh,Маш,Mash,Мош,2015-M11,2015,0.0
073,Shakar,Сахар песок,Sugar,Шакар,2015-M11,2015,0.0
002,Kruppa yormasi,Крупа манная,Semolina,Круппа ёрмаси,2015-M11,2015,1382.0
001,Guruch,Рис,Rice,Гуруч,2015-M12,2015,4943.0
003,Arpa,Ячмень,Barley,Арпа,2015-M12,2015,1431.0
0004,Bug'doy,Пшеница,Wheat,Буғдой,2015-M12,2015,1371.0
005,Jo'hori,Кукуруза,Corn,Жўҳори,2015-M12,2015,1363.0
006,Kepak,Отруби,Bran,Кепак,2015-M12,2015,913.0
0008,Shrot,Шрот,Schroth,Шрот,2015-M12,2015,0.0
009,Shulxa,Шелуха,Husk,Шулха,2015-M12,2015,0.0
010,Kombikorm,Комбикорм,Compound feed,Комбикорм,2015-M12,2015,1123.0
011,Oliy navli bug'doy uni,Мука пшеничная высшего сорта,High-grade wheat flour,Олий навли буғдой уни,2015-M12,2015,2098.0
0012,1-navli bug'doy uni,Мука пшеничная первого сорта,First grade wheat flour,1-навли буғдой уни,2015-M12,2015,0.0
013,1-nav bug'doy unidan non,Хлеб пшеничный из муки 1-го сорта,Wheat bread from 1st grade flour,1-нав буғдой унидан нон,2015-M12,2015,0.0
017,Mol go'shti,Говядина,Beef,Мол гўшти,2015-M12,2015,23715.0
0020,Qo'y go'shti,Баранина,Mutton,Қўй гўшти,2015-M12,2015,24600.0
022,Tovuq go'shti,Мясо птицы,Poultry,Товуқ гўшти,2015-M12,2015,0.0
026,Turli baliqlar,Рыба всякая,Fish of all kinds,Турли балиқлар,2015-M12,2015,10927.0
027,Yangi sog'ilgan sut (1 litr),Молоко свежее (1 литр),Fresh milk (1 liter),Янги соғилган сут (1 литр),2015-M12,2015,1969.0
034,Tuxum (10 dona),Яйца (10 штук),Eggs (10 pieces ),Тухум (10 дона),2015-M12,2015,4470.0
035,Paxta yog'i (1 litr),Масло хлопковое (1 литр),Cottonseed oil (1 liter),Пахта ёғи (1 литр),2015-M12,2015,0.0
0036,Kungaboqar yog'i (1 litr),Масло подсолнечное (1 литр),Sunflower oil (1 liter),Кунгабоқар ёғи (1 литр),2015-M12,2015,0.0
037,Sariyog',Масло сливочное,Butter,Сариёғ,2015-M12,2015,19392.0
039,Limon,Лимоны,Lemons,Лимон,2015-M12,2015,6241.0
0040,Olma,Яблоки,Apples,Олма,2015-M12,2015,3485.0
041,Nok,Груши,Pears,Нок,2015-M12,2015,6581.0
049,Uzum,Виноград,Grape,Узум,2015-M12,2015,6332.0
0050,Tarvuz,Арбуз,Watermelon,Тарвуз,2015-M12,2015,1101.0
0051,Qovun,Дыня,Melon,Қовун,2015-M12,2015,1491.0
053,Mayiz,Кишмиш,Kishmish,Майиз,2015-M12,2015,15233.0
055,Karam,Капуста,Cabbage,Карам,2015-M12,2015,826.0
057,Bodring,Огурцы,Cucumbers,Бодринг,2015-M12,2015,5621.0
058,Pomidor,Помидоры,Tomatoes,Помидор,2015-M12,2015,4288.0
059,Baqlajon,Баклажаны,Eggplant,Бақлажон,2015-M12,2015,3702.0
0060,Bulg'or qalampiri,Перец болгарский,Bell pepper,Булғор қалампири,2015-M12,2015,2741.0
061,Qovoq,Тыква,Pumpkin,Қовоқ,2015-M12,2015,819.0
063,Sabzi,Морковь,Carrot,Сабзи,2015-M12,2015,813.0
065,Sarimsoq,Чеснок,Garlic,Саримсоқ,2015-M12,2015,13111.0
066,Piyoz,Лук репчатый,Onion,Пиёз,2015-M12,2015,823.0
069,Kartoshka,Картофель,Potatoes,Картошка,2015-M12,2015,1173.0
0070,Loviya,Фасоль,Beans,Ловия,2015-M12,2015,0.0
071,No'xot,Горох,Peas,Нўхот,2015-M12,2015,0.0
0072,Mosh,Маш,Mash,Мош,2015-M12,2015,0.0
073,Shakar,Сахар песок,Sugar,Шакар,2015-M12,2015,0.0
002,Kruppa yormasi,Крупа манная,Semolina,Круппа ёрмаси,2015-M12,2015,1431.0
001,Guruch,Рис,Rice,Гуруч,2016-M01,2016,4507.0
003,Arpa,Ячмень,Barley,Арпа,2016-M01,2016,1455.0
0004,Bug'doy,Пшеница,Wheat,Буғдой,2016-M01,2016,1429.0
005,Jo'hori,Кукуруза,Corn,Жўҳори,2016-M01,2016,1325.0
006,Kepak,Отруби,Bran,Кепак,2016-M01,2016,918.0
0008,Shrot,Шрот,Schroth,Шрот,2016-M01,2016,0.0
009,Shulxa,Шелуха,Husk,Шулха,2016-M01,2016,0.0
010,Kombikorm,Комбикорм,Compound feed,Комбикорм,2016-M01,2016,1183.0
011,Oliy navli bug'doy uni,Мука пшеничная высшего сорта,High-grade wheat flour,Олий навли буғдой уни,2016-M01,2016,2130.0
0012,1-navli bug'doy uni,Мука пшеничная первого сорта,First grade wheat flour,1-навли буғдой уни,2016-M01,2016,0.0
013,1-nav bug'doy unidan non,Хлеб пшеничный из муки 1-го сорта,Wheat bread from 1st grade flour,1-нав буғдой унидан нон,2016-M01,2016,0.0
017,Mol go'shti,Говядина,Beef,Мол гўшти,2016-M01,2016,23622.0
0020,Qo'y go'shti,Баранина,Mutton,Қўй гўшти,2016-M01,2016,24514.0
022,Tovuq go'shti,Мясо птицы,Poultry,Товуқ гўшти,2016-M01,2016,0.0
026,Turli baliqlar,Рыба всякая,Fish of all kinds,Турли балиқлар,2016-M01,2016,10891.0
027,Yangi sog'ilgan sut (1 litr),Молоко свежее (1 литр),Fresh milk (1 liter),Янги соғилган сут (1 литр),2016-M01,2016,1990.0
034,Tuxum (10 dona),Яйца (10 штук),Eggs (10 pieces ),Тухум (10 дона),2016-M01,2016,4512.0
035,Paxta yog'i (1 litr),Масло хлопковое (1 литр),Cottonseed oil (1 liter),Пахта ёғи (1 литр),2016-M01,2016,0.0
0036,Kungaboqar yog'i (1 litr),Масло подсолнечное (1 литр),Sunflower oil (1 liter),Кунгабоқар ёғи (1 литр),2016-M01,2016,0.0
037,Sariyog',Масло сливочное,Butter,Сариёғ,2016-M01,2016,19501.0
039,Limon,Лимоны,Lemons,Лимон,2016-M01,2016,7314.0
0040,Olma,Яблоки,Apples,Олма,2016-M01,2016,4001.0
041,Nok,Груши,Pears,Нок,2016-M01,2016,8011.0
049,Uzum,Виноград,Grape,Узум,2016-M01,2016,9519.0
0050,Tarvuz,Арбуз,Watermelon,Тарвуз,2016-M01,2016,1255.0
0051,Qovun,Дыня,Melon,Қовун,2016-M01,2016,1683.0
053,Mayiz,Кишмиш,Kishmish,Майиз,2016-M01,2016,15699.0
055,Karam,Капуста,Cabbage,Карам,2016-M01,2016,856.0
057,Bodring,Огурцы,Cucumbers,Бодринг,2016-M01,2016,6583.0
058,Pomidor,Помидоры,Tomatoes,Помидор,2016-M01,2016,5546.0
059,Baqlajon,Баклажаны,Eggplant,Бақлажон,2016-M01,2016,0.0
0060,Bulg'or qalampiri,Перец болгарский,Bell pepper,Булғор қалампири,2016-M01,2016,4960.0
061,Qovoq,Тыква,Pumpkin,Қовоқ,2016-M01,2016,905.0
063,Sabzi,Морковь,Carrot,Сабзи,2016-M01,2016,723.0
065,Sarimsoq,Чеснок,Garlic,Саримсоқ,2016-M01,2016,15263.0
066,Piyoz,Лук репчатый,Onion,Пиёз,2016-M01,2016,783.0
069,Kartoshka,Картофель,Potatoes,Картошка,2016-M01,2016,1167.0
0070,Loviya,Фасоль,Beans,Ловия,2016-M01,2016,0.0
071,No'xot,Горох,Peas,Нўхот,2016-M01,2016,0.0
0072,Mosh,Маш,Mash,Мош,2016-M01,2016,0.0
073,Shakar,Сахар песок,Sugar,Шакар,2016-M01,2016,0.0
002,Kruppa yormasi,Крупа манная,Semolina,Круппа ёрмаси,2016-M01,2016,1455.0
001,Guruch,Рис,Rice,Гуруч,2016-M02,2016,4596.0
003,Arpa,Ячмень,Barley,Арпа,2016-M02,2016,1467.0
0004,Bug'doy,Пшеница,Wheat,Буғдой,2016-M02,2016,1380.0
005,Jo'hori,Кукуруза,Corn,Жўҳори,2016-M02,2016,1392.0
006,Kepak,Отруби,Bran,Кепак,2016-M02,2016,923.0
0008,Shrot,Шрот,Schroth,Шрот,2016-M02,2016,0.0
009,Shulxa,Шелуха,Husk,Шулха,2016-M02,2016,0.0
010,Kombikorm,Комбикорм,Compound feed,Комбикорм,2016-M02,2016,1199.0
011,Oliy navli bug'doy uni,Мука пшеничная высшего сорта,High-grade wheat flour,Олий навли буғдой уни,2016-M02,2016,2146.0
0012,1-navli bug'doy uni,Мука пшеничная первого сорта,First grade wheat flour,1-навли буғдой уни,2016-M02,2016,0.0
013,1-nav bug'doy unidan non,Хлеб пшеничный из муки 1-го сорта,Wheat bread from 1st grade flour,1-нав буғдой унидан нон,2016-M02,2016,0.0
017,Mol go'shti,Говядина,Beef,Мол гўшти,2016-M02,2016,23622.0
0020,Qo'y go'shti,Баранина,Mutton,Қўй гўшти,2016-M02,2016,24524.0
022,Tovuq go'shti,Мясо птицы,Poultry,Товуқ гўшти,2016-M02,2016,0.0
026,Turli baliqlar,Рыба всякая,Fish of all kinds,Турли балиқлар,2016-M02,2016,10071.0
027,Yangi sog'ilgan sut (1 litr),Молоко свежее (1 литр),Fresh milk (1 liter),Янги соғилган сут (1 литр),2016-M02,2016,2015.0
034,Tuxum (10 dona),Яйца (10 штук),Eggs (10 pieces ),Тухум (10 дона),2016-M02,2016,4418.0
035,Paxta yog'i (1 litr),Масло хлопковое (1 литр),Cottonseed oil (1 liter),Пахта ёғи (1 литр),2016-M02,2016,0.0
0036,Kungaboqar yog'i (1 litr),Масло подсолнечное (1 литр),Sunflower oil (1 liter),Кунгабоқар ёғи (1 литр),2016-M02,2016,0.0
037,Sariyog',Масло сливочное,Butter,Сариёғ,2016-M02,2016,19812.0
039,Limon,Лимоны,Lemons,Лимон,2016-M02,2016,8590.0
0040,Olma,Яблоки,Apples,Олма,2016-M02,2016,4152.0
041,Nok,Груши,Pears,Нок,2016-M02,2016,8939.0
049,Uzum,Виноград,Grape,Узум,2016-M02,2016,9530.0
0050,Tarvuz,Арбуз,Watermelon,Тарвуз,2016-M02,2016,0.0
0051,Qovun,Дыня,Melon,Қовун,2016-M02,2016,0.0
053,Mayiz,Кишмиш,Kishmish,Майиз,2016-M02,2016,16366.0
055,Karam,Капуста,Cabbage,Карам,2016-M02,2016,859.0
057,Bodring,Огурцы,Cucumbers,Бодринг,2016-M02,2016,7964.0
058,Pomidor,Помидоры,Tomatoes,Помидор,2016-M02,2016,7805.0
059,Baqlajon,Баклажаны,Eggplant,Бақлажон,2016-M02,2016,0.0
0060,Bulg'or qalampiri,Перец болгарский,Bell pepper,Булғор қалампири,2016-M02,2016,0.0
061,Qovoq,Тыква,Pumpkin,Қовоқ,2016-M02,2016,986.0
063,Sabzi,Морковь,Carrot,Сабзи,2016-M02,2016,646.0
065,Sarimsoq,Чеснок,Garlic,Саримсоқ,2016-M02,2016,16403.0
066,Piyoz,Лук репчатый,Onion,Пиёз,2016-M02,2016,742.0
069,Kartoshka,Картофель,Potatoes,Картошка,2016-M02,2016,1149.0
0070,Loviya,Фасоль,Beans,Ловия,2016-M02,2016,0.0
071,No'xot,Горох,Peas,Нўхот,2016-M02,2016,0.0
0072,Mosh,Маш,Mash,Мош,2016-M02,2016,0.0
073,Shakar,Сахар песок,Sugar,Шакар,2016-M02,2016,0.0
002,Kruppa yormasi,Крупа манная,Semolina,Круппа ёрмаси,2016-M02,2016,1467.0
001,Guruch,Рис,Rice,Гуруч,2016-M03,2016,4610.0
003,Arpa,Ячмень,Barley,Арпа,2016-M03,2016,1492.0
0004,Bug'doy,Пшеница,Wheat,Буғдой,2016-M03,2016,1384.0
005,Jo'hori,Кукуруза,Corn,Жўҳори,2016-M03,2016,1427.0
006,Kepak,Отруби,Bran,Кепак,2016-M03,2016,929.0
0008,Shrot,Шрот,Schroth,Шрот,2016-M03,2016,0.0
009,Shulxa,Шелуха,Husk,Шулха,2016-M03,2016,0.0
010,Kombikorm,Комбикорм,Compound feed,Комбикорм,2016-M03,2016,1206.0
011,Oliy navli bug'doy uni,Мука пшеничная высшего сорта,High-grade wheat flour,Олий навли буғдой уни,2016-M03,2016,2165.0
0012,1-navli bug'doy uni,Мука пшеничная первого сорта,First grade wheat flour,1-навли буғдой уни,2016-M03,2016,0.0
013,1-nav bug'doy unidan non,Хлеб пшеничный из муки 1-го сорта,Wheat bread from 1st grade flour,1-нав буғдой унидан нон,2016-M03,2016,0.0
017,Mol go'shti,Говядина,Beef,Мол гўшти,2016-M03,2016,23635.0
0020,Qo'y go'shti,Баранина,Mutton,Қўй гўшти,2016-M03,2016,24547.0
022,Tovuq go'shti,Мясо птицы,Poultry,Товуқ гўшти,2016-M03,2016,0.0
026,Turli baliqlar,Рыба всякая,Fish of all kinds,Турли балиқлар,2016-M03,2016,10021.0
027,Yangi sog'ilgan sut (1 litr),Молоко свежее (1 литр),Fresh milk (1 liter),Янги соғилган сут (1 литр),2016-M03,2016,2030.0
034,Tuxum (10 dona),Яйца (10 штук),Eggs (10 pieces ),Тухум (10 дона),2016-M03,2016,4349.0
035,Paxta yog'i (1 litr),Масло хлопковое (1 литр),Cottonseed oil (1 liter),Пахта ёғи (1 литр),2016-M03,2016,0.0
0036,Kungaboqar yog'i (1 litr),Масло подсолнечное (1 литр),Sunflower oil (1 liter),Кунгабоқар ёғи (1 литр),2016-M03,2016,0.0
037,Sariyog',Масло сливочное,Butter,Сариёғ,2016-M03,2016,19981.0
039,Limon,Лимоны,Lemons,Лимон,2016-M03,2016,9080.0
0040,Olma,Яблоки,Apples,Олма,2016-M03,2016,4626.0
041,Nok,Груши,Pears,Нок,2016-M03,2016,9552.0
049,Uzum,Виноград,Grape,Узум,2016-M03,2016,0.0
0050,Tarvuz,Арбуз,Watermelon,Тарвуз,2016-M03,2016,0.0
0051,Qovun,Дыня,Melon,Қовун,2016-M03,2016,0.0
053,Mayiz,Кишмиш,Kishmish,Майиз,2016-M03,2016,16782.0
055,Karam,Капуста,Cabbage,Карам,2016-M03,2016,804.0
057,Bodring,Огурцы,Cucumbers,Бодринг,2016-M03,2016,8204.0
058,Pomidor,Помидоры,Tomatoes,Помидор,2016-M03,2016,9245.0
059,Baqlajon,Баклажаны,Eggplant,Бақлажон,2016-M03,2016,0.0
0060,Bulg'or qalampiri,Перец болгарский,Bell pepper,Булғор қалампири,2016-M03,2016,0.0
061,Qovoq,Тыква,Pumpkin,Қовоқ,2016-M03,2016,1151.0
063,Sabzi,Морковь,Carrot,Сабзи,2016-M03,2016,614.0
065,Sarimsoq,Чеснок,Garlic,Саримсоқ,2016-M03,2016,16452.0
066,Piyoz,Лук репчатый,Onion,Пиёз,2016-M03,2016,720.0
069,Kartoshka,Картофель,Potatoes,Картошка,2016-M03,2016,1158.0
0070,Loviya,Фасоль,Beans,Ловия,2016-M03,2016,0.0
071,No'xot,Горох,Peas,Нўхот,2016-M03,2016,0.0
0072,Mosh,Маш,Mash,Мош,2016-M03,2016,0.0
073,Shakar,Сахар песок,Sugar,Шакар,2016-M03,2016,0.0
002,Kruppa yormasi,Крупа манная,Semolina,Круппа ёрмаси,2016-M03,2016,1492.0
001,Guruch,Рис,Rice,Гуруч,2016-M04,2016,4552.0
003,Arpa,Ячмень,Barley,Арпа,2016-M04,2016,1521.0
0004,Bug'doy,Пшеница,Wheat,Буғдой,2016-M04,2016,1411.0
005,Jo'hori,Кукуруза,Corn,Жўҳори,2016-M04,2016,1465.0
006,Kepak,Отруби,Bran,Кепак,2016-M04,2016,963.0
0008,Shrot,Шрот,Schroth,Шрот,2016-M04,2016,0.0
009,Shulxa,Шелуха,Husk,Шулха,2016-M04,2016,0.0
010,Kombikorm,Комбикорм,Compound feed,Комбикорм,2016-M04,2016,1234.0
011,Oliy navli bug'doy uni,Мука пшеничная высшего сорта,High-grade wheat flour,Олий навли буғдой уни,2016-M04,2016,2181.0
0012,1-navli bug'doy uni,Мука пшеничная первого сорта,First grade wheat flour,1-навли буғдой уни,2016-M04,2016,0.0
013,1-nav bug'doy unidan non,Хлеб пшеничный из муки 1-го сорта,Wheat bread from 1st grade flour,1-нав буғдой унидан нон,2016-M04,2016,0.0
017,Mol go'shti,Говядина,Beef,Мол гўшти,2016-M04,2016,23679.0
0020,Qo'y go'shti,Баранина,Mutton,Қўй гўшти,2016-M04,2016,24577.0
022,Tovuq go'shti,Мясо птицы,Poultry,Товуқ гўшти,2016-M04,2016,0.0
026,Turli baliqlar,Рыба всякая,Fish of all kinds,Турли балиқлар,2016-M04,2016,10101.0
027,Yangi sog'ilgan sut (1 litr),Молоко свежее (1 литр),Fresh milk (1 liter),Янги соғилган сут (1 литр),2016-M04,2016,2051.0
034,Tuxum (10 dona),Яйца (10 штук),Eggs (10 pieces ),Тухум (10 дона),2016-M04,2016,4278.0
035,Paxta yog'i (1 litr),Масло хлопковое (1 литр),Cottonseed oil (1 liter),Пахта ёғи (1 литр),2016-M04,2016,0.0
0036,Kungaboqar yog'i (1 litr),Масло подсолнечное (1 литр),Sunflower oil (1 liter),Кунгабоқар ёғи (1 литр),2016-M04,2016,0.0
037,Sariyog',Масло сливочное,Butter,Сариёғ,2016-M04,2016,20025.0
039,Limon,Лимоны,Lemons,Лимон,2016-M04,2016,9198.0
0040,Olma,Яблоки,Apples,Олма,2016-M04,2016,5132.0
041,Nok,Груши,Pears,Нок,2016-M04,2016,9761.0
049,Uzum,Виноград,Grape,Узум,2016-M04,2016,0.0
0050,Tarvuz,Арбуз,Watermelon,Тарвуз,2016-M04,2016,0.0
0051,Qovun,Дыня,Melon,Қовун,2016-M04,2016,0.0
053,Mayiz,Кишмиш,Kishmish,Майиз,2016-M04,2016,17037.0
055,Karam,Капуста,Cabbage,Карам,2016-M04,2016,887.0
057,Bodring,Огурцы,Cucumbers,Бодринг,2016-M04,2016,4562.0
058,Pomidor,Помидоры,Tomatoes,Помидор,2016-M04,2016,9452.0
059,Baqlajon,Баклажаны,Eggplant,Бақлажон,2016-M04,2016,0.0
0060,Bulg'or qalampiri,Перец болгарский,Bell pepper,Булғор қалампири,2016-M04,2016,0.0
061,Qovoq,Тыква,Pumpkin,Қовоқ,2016-M04,2016,0.0
063,Sabzi,Морковь,Carrot,Сабзи,2016-M04,2016,885.0
065,Sarimsoq,Чеснок,Garlic,Саримсоқ,2016-M04,2016,16744.0
066,Piyoz,Лук репчатый,Onion,Пиёз,2016-M04,2016,979.0
069,Kartoshka,Картофель,Potatoes,Картошка,2016-M04,2016,1424.0
0070,Loviya,Фасоль,Beans,Ловия,2016-M04,2016,0.0
071,No'xot,Горох,Peas,Нўхот,2016-M04,2016,0.0
0072,Mosh,Маш,Mash,Мош,2016-M04,2016,0.0
073,Shakar,Сахар песок,Sugar,Шакар,2016-M04,2016,0.0
002,Kruppa yormasi,Крупа манная,Semolina,Круппа ёрмаси,2016-M04,2016,1521.0
001,Guruch,Рис,Rice,Гуруч,2016-M05,2016,4553.0
003,Arpa,Ячмень,Barley,Арпа,2016-M05,2016,1566.0
0004,Bug'doy,Пшеница,Wheat,Буғдой,2016-M05,2016,1444.0
005,Jo'hori,Кукуруза,Corn,Жўҳори,2016-M05,2016,1488.0
006,Kepak,Отруби,Bran,Кепак,2016-M05,2016,979.0
0008,Shrot,Шрот,Schroth,Шрот,2016-M05,2016,0.0
009,Shulxa,Шелуха,Husk,Шулха,2016-M05,2016,0.0
010,Kombikorm,Комбикорм,Compound feed,Комбикорм,2016-M05,2016,1249.0
011,Oliy navli bug'doy uni,Мука пшеничная высшего сорта,High-grade wheat flour,Олий навли буғдой уни,2016-M05,2016,2189.0
0012,1-navli bug'doy uni,Мука пшеничная первого сорта,First grade wheat flour,1-навли буғдой уни,2016-M05,2016,0.0
013,1-nav bug'doy unidan non,Хлеб пшеничный из муки 1-го сорта,Wheat bread from 1st grade flour,1-нав буғдой унидан нон,2016-M05,2016,0.0
017,Mol go'shti,Говядина,Beef,Мол гўшти,2016-M05,2016,23681.0
0020,Qo'y go'shti,Баранина,Mutton,Қўй гўшти,2016-M05,2016,24580.0
022,Tovuq go'shti,Мясо птицы,Poultry,Товуқ гўшти,2016-M05,2016,0.0
026,Turli baliqlar,Рыба всякая,Fish of all kinds,Турли балиқлар,2016-M05,2016,10163.0
027,Yangi sog'ilgan sut (1 litr),Молоко свежее (1 литр),Fresh milk (1 liter),Янги соғилган сут (1 литр),2016-M05,2016,2051.0
034,Tuxum (10 dona),Яйца (10 штук),Eggs (10 pieces ),Тухум (10 дона),2016-M05,2016,4272.0
035,Paxta yog'i (1 litr),Масло хлопковое (1 литр),Cottonseed oil (1 liter),Пахта ёғи (1 литр),2016-M05,2016,0.0
0036,Kungaboqar yog'i (1 litr),Масло подсолнечное (1 литр),Sunflower oil (1 liter),Кунгабоқар ёғи (1 литр),2016-M05,2016,0.0
037,Sariyog',Масло сливочное,Butter,Сариёғ,2016-M05,2016,20042.0
039,Limon,Лимоны,Lemons,Лимон,2016-M05,2016,10317.0
0040,Olma,Яблоки,Apples,Олма,2016-M05,2016,4963.0
041,Nok,Груши,Pears,Нок,2016-M05,2016,10154.0
049,Uzum,Виноград,Grape,Узум,2016-M05,2016,0.0
0050,Tarvuz,Арбуз,Watermelon,Тарвуз,2016-M05,2016,0.0
0051,Qovun,Дыня,Melon,Қовун,2016-M05,2016,0.0
053,Mayiz,Кишмиш,Kishmish,Майиз,2016-M05,2016,17096.0
055,Karam,Капуста,Cabbage,Карам,2016-M05,2016,783.0
057,Bodring,Огурцы,Cucumbers,Бодринг,2016-M05,2016,2185.0
058,Pomidor,Помидоры,Tomatoes,Помидор,2016-M05,2016,5695.0
059,Baqlajon,Баклажаны,Eggplant,Бақлажон,2016-M05,2016,4070.0
0060,Bulg'or qalampiri,Перец болгарский,Bell pepper,Булғор қалампири,2016-M05,2016,5074.0
061,Qovoq,Тыква,Pumpkin,Қовоқ,2016-M05,2016,0.0
063,Sabzi,Морковь,Carrot,Сабзи,2016-M05,2016,915.0
065,Sarimsoq,Чеснок,Garlic,Саримсоқ,2016-M05,2016,8729.0
066,Piyoz,Лук репчатый,Onion,Пиёз,2016-M05,2016,935.0
069,Kartoshka,Картофель,Potatoes,Картошка,2016-M05,2016,1246.0
0070,Loviya,Фасоль,Beans,Ловия,2016-M05,2016,0.0
071,No'xot,Горох,Peas,Нўхот,2016-M05,2016,0.0
0072,Mosh,Маш,Mash,Мош,2016-M05,2016,0.0
073,Shakar,Сахар песок,Sugar,Шакар,2016-M05,2016,0.0
002,Kruppa yormasi,Крупа манная,Semolina,Круппа ёрмаси,2016-M05,2016,1566.0
001,Guruch,Рис,Rice,Гуруч,2016-M06,2016,4622.0
003,Arpa,Ячмень,Barley,Арпа,2016-M06,2016,1593.0
0004,Bug'doy,Пшеница,Wheat,Буғдой,2016-M06,2016,1388.0
005,Jo'hori,Кукуруза,Corn,Жўҳори,2016-M06,2016,1465.0
006,Kepak,Отруби,Bran,Кепак,2016-M06,2016,950.0
0008,Shrot,Шрот,Schroth,Шрот,2016-M06,2016,0.0
009,Shulxa,Шелуха,Husk,Шулха,2016-M06,2016,0.0
010,Kombikorm,Комбикорм,Compound feed,Комбикорм,2016-M06,2016,1235.0
011,Oliy navli bug'doy uni,Мука пшеничная высшего сорта,High-grade wheat flour,Олий навли буғдой уни,2016-M06,2016,2194.0
0012,1-navli bug'doy uni,Мука пшеничная первого сорта,First grade wheat flour,1-навли буғдой уни,2016-M06,2016,0.0
013,1-nav bug'doy unidan non,Хлеб пшеничный из муки 1-го сорта,Wheat bread from 1st grade flour,1-нав буғдой унидан нон,2016-M06,2016,0.0
017,Mol go'shti,Говядина,Beef,Мол гўшти,2016-M06,2016,23677.0
0020,Qo'y go'shti,Баранина,Mutton,Қўй гўшти,2016-M06,2016,24626.0
022,Tovuq go'shti,Мясо птицы,Poultry,Товуқ гўшти,2016-M06,2016,0.0
026,Turli baliqlar,Рыба всякая,Fish of all kinds,Турли балиқлар,2016-M06,2016,10198.0
027,Yangi sog'ilgan sut (1 litr),Молоко свежее (1 литр),Fresh milk (1 liter),Янги соғилган сут (1 литр),2016-M06,2016,2040.0
034,Tuxum (10 dona),Яйца (10 штук),Eggs (10 pieces ),Тухум (10 дона),2016-M06,2016,4283.0
035,Paxta yog'i (1 litr),Масло хлопковое (1 литр),Cottonseed oil (1 liter),Пахта ёғи (1 литр),2016-M06,2016,0.0
0036,Kungaboqar yog'i (1 litr),Масло подсолнечное (1 литр),Sunflower oil (1 liter),Кунгабоқар ёғи (1 литр),2016-M06,2016,0.0
037,Sariyog',Масло сливочное,Butter,Сариёғ,2016-M06,2016,20052.0
039,Limon,Лимоны,Lemons,Лимон,2016-M06,2016,10511.0
0040,Olma,Яблоки,Apples,Олма,2016-M06,2016,3575.0
041,Nok,Груши,Pears,Нок,2016-M06,2016,9073.0
049,Uzum,Виноград,Grape,Узум,2016-M06,2016,5061.0
0050,Tarvuz,Арбуз,Watermelon,Тарвуз,2016-M06,2016,1174.0
0051,Qovun,Дыня,Melon,Қовун,2016-M06,2016,2087.0
053,Mayiz,Кишмиш,Kishmish,Майиз,2016-M06,2016,17065.0
055,Karam,Капуста,Cabbage,Карам,2016-M06,2016,659.0
057,Bodring,Огурцы,Cucumbers,Бодринг,2016-M06,2016,1670.0
058,Pomidor,Помидоры,Tomatoes,Помидор,2016-M06,2016,2585.0
059,Baqlajon,Баклажаны,Eggplant,Бақлажон,2016-M06,2016,1933.0
0060,Bulg'or qalampiri,Перец болгарский,Bell pepper,Булғор қалампири,2016-M06,2016,2641.0
061,Qovoq,Тыква,Pumpkin,Қовоқ,2016-M06,2016,0.0
063,Sabzi,Морковь,Carrot,Сабзи,2016-M06,2016,1121.0
065,Sarimsoq,Чеснок,Garlic,Саримсоқ,2016-M06,2016,5531.0
066,Piyoz,Лук репчатый,Onion,Пиёз,2016-M06,2016,886.0
069,Kartoshka,Картофель,Potatoes,Картошка,2016-M06,2016,1210.0
0070,Loviya,Фасоль,Beans,Ловия,2016-M06,2016,0.0
071,No'xot,Горох,Peas,Нўхот,2016-M06,2016,0.0
0072,Mosh,Маш,Mash,Мош,2016-M06,2016,0.0
073,Shakar,Сахар песок,Sugar,Шакар,2016-M06,2016,0.0
002,Kruppa yormasi,Крупа манная,Semolina,Круппа ёрмаси,2016-M06,2016,1593.0
001,Guruch,Рис,Rice,Гуруч,2016-M07,2016,4663.0
003,Arpa,Ячмень,Barley,Арпа,2016-M07,2016,1596.0
0004,Bug'doy,Пшеница,Wheat,Буғдой,2016-M07,2016,1344.0
005,Jo'hori,Кукуруза,Corn,Жўҳори,2016-M07,2016,1423.0
006,Kepak,Отруби,Bran,Кепак,2016-M07,2016,888.0
0008,Shrot,Шрот,Schroth,Шрот,2016-M07,2016,0.0
009,Shulxa,Шелуха,Husk,Шулха,2016-M07,2016,0.0
010,Kombikorm,Комбикорм,Compound feed,Комбикорм,2016-M07,2016,1186.0
011,Oliy navli bug'doy uni,Мука пшеничная высшего сорта,High-grade wheat flour,Олий навли буғдой уни,2016-M07,2016,2184.0
0012,1-navli bug'doy uni,Мука пшеничная первого сорта,First grade wheat flour,1-навли буғдой уни,2016-M07,2016,0.0
013,1-nav bug'doy unidan non,Хлеб пшеничный из муки 1-го сорта,Wheat bread from 1st grade flour,1-нав буғдой унидан нон,2016-M07,2016,0.0
017,Mol go'shti,Говядина,Beef,Мол гўшти,2016-M07,2016,23654.0
0020,Qo'y go'shti,Баранина,Mutton,Қўй гўшти,2016-M07,2016,24712.0
022,Tovuq go'shti,Мясо птицы,Poultry,Товуқ гўшти,2016-M07,2016,0.0
026,Turli baliqlar,Рыба всякая,Fish of all kinds,Турли балиқлар,2016-M07,2016,10414.0
027,Yangi sog'ilgan sut (1 litr),Молоко свежее (1 литр),Fresh milk (1 liter),Янги соғилган сут (1 литр),2016-M07,2016,1962.0
034,Tuxum (10 dona),Яйца (10 штук),Eggs (10 pieces ),Тухум (10 дона),2016-M07,2016,4101.0
035,Paxta yog'i (1 litr),Масло хлопковое (1 литр),Cottonseed oil (1 liter),Пахта ёғи (1 литр),2016-M07,2016,0.0
0036,Kungaboqar yog'i (1 litr),Масло подсолнечное (1 литр),Sunflower oil (1 liter),Кунгабоқар ёғи (1 литр),2016-M07,2016,0.0
037,Sariyog',Масло сливочное,Butter,Сариёғ,2016-M07,2016,19439.0
039,Limon,Лимоны,Lemons,Лимон,2016-M07,2016,12641.0
0040,Olma,Яблоки,Apples,Олма,2016-M07,2016,2862.0
041,Nok,Груши,Pears,Нок,2016-M07,2016,7171.0
049,Uzum,Виноград,Grape,Узум,2016-M07,2016,3543.0
0050,Tarvuz,Арбуз,Watermelon,Тарвуз,2016-M07,2016,829.0
0051,Qovun,Дыня,Melon,Қовун,2016-M07,2016,1533.0
053,Mayiz,Кишмиш,Kishmish,Майиз,2016-M07,2016,16045.0
055,Karam,Капуста,Cabbage,Карам,2016-M07,2016,699.0
057,Bodring,Огурцы,Cucumbers,Бодринг,2016-M07,2016,1548.0
058,Pomidor,Помидоры,Tomatoes,Помидор,2016-M07,2016,2064.0
059,Baqlajon,Баклажаны,Eggplant,Бақлажон,2016-M07,2016,1064.0
0060,Bulg'or qalampiri,Перец болгарский,Bell pepper,Булғор қалампири,2016-M07,2016,1890.0
061,Qovoq,Тыква,Pumpkin,Қовоқ,2016-M07,2016,1565.0
063,Sabzi,Морковь,Carrot,Сабзи,2016-M07,2016,922.0
065,Sarimsoq,Чеснок,Garlic,Саримсоқ,2016-M07,2016,6759.0
066,Piyoz,Лук репчатый,Onion,Пиёз,2016-M07,2016,962.0
069,Kartoshka,Картофель,Potatoes,Картошка,2016-M07,2016,1172.0
0070,Loviya,Фасоль,Beans,Ловия,2016-M07,2016,0.0
071,No'xot,Горох,Peas,Нўхот,2016-M07,2016,0.0
0072,Mosh,Маш,Mash,Мош,2016-M07,2016,0.0
073,Shakar,Сахар песок,Sugar,Шакар,2016-M07,2016,0.0
002,Kruppa yormasi,Крупа манная,Semolina,Круппа ёрмаси,2016-M07,2016,1596.0
001,Guruch,Рис,Rice,Гуруч,2016-M08,2016,4700.0
003,Arpa,Ячмень,Barley,Арпа,2016-M08,2016,1480.0
0004,Bug'doy,Пшеница,Wheat,Буғдой,2016-M08,2016,1301.0
005,Jo'hori,Кукуруза,Corn,Жўҳори,2016-M08,2016,1455.0
006,Kepak,Отруби,Bran,Кепак,2016-M08,2016,887.0
0008,Shrot,Шрот,Schroth,Шрот,2016-M08,2016,0.0
009,Shulxa,Шелуха,Husk,Шулха,2016-M08,2016,0.0
010,Kombikorm,Комбикорм,Compound feed,Комбикорм,2016-M08,2016,1178.0
011,Oliy navli bug'doy uni,Мука пшеничная высшего сорта,High-grade wheat flour,Олий навли буғдой уни,2016-M08,2016,2194.0
0012,1-navli bug'doy uni,Мука пшеничная первого сорта,First grade wheat flour,1-навли буғдой уни,2016-M08,2016,0.0
013,1-nav bug'doy unidan non,Хлеб пшеничный из муки 1-го сорта,Wheat bread from 1st grade flour,1-нав буғдой унидан нон,2016-M08,2016,0.0
017,Mol go'shti,Говядина,Beef,Мол гўшти,2016-M08,2016,23567.0
0020,Qo'y go'shti,Баранина,Mutton,Қўй гўшти,2016-M08,2016,24489.0
022,Tovuq go'shti,Мясо птицы,Poultry,Товуқ гўшти,2016-M08,2016,0.0
026,Turli baliqlar,Рыба всякая,Fish of all kinds,Турли балиқлар,2016-M08,2016,10701.0
027,Yangi sog'ilgan sut (1 litr),Молоко свежее (1 литр),Fresh milk (1 liter),Янги соғилган сут (1 литр),2016-M08,2016,1940.0
034,Tuxum (10 dona),Яйца (10 штук),Eggs (10 pieces ),Тухум (10 дона),2016-M08,2016,4047.0
035,Paxta yog'i (1 litr),Масло хлопковое (1 литр),Cottonseed oil (1 liter),Пахта ёғи (1 литр),2016-M08,2016,0.0
0036,Kungaboqar yog'i (1 litr),Масло подсолнечное (1 литр),Sunflower oil (1 liter),Кунгабоқар ёғи (1 литр),2016-M08,2016,0.0
037,Sariyog',Масло сливочное,Butter,Сариёғ,2016-M08,2016,19361.0
039,Limon,Лимоны,Lemons,Лимон,2016-M08,2016,15444.0
0040,Olma,Яблоки,Apples,Олма,2016-M08,2016,2683.0
041,Nok,Груши,Pears,Нок,2016-M08,2016,5825.0
049,Uzum,Виноград,Grape,Узум,2016-M08,2016,3040.0
0050,Tarvuz,Арбуз,Watermelon,Тарвуз,2016-M08,2016,799.0
0051,Qovun,Дыня,Melon,Қовун,2016-M08,2016,1281.0
053,Mayiz,Кишмиш,Kishmish,Майиз,2016-M08,2016,15647.0
055,Karam,Капуста,Cabbage,Карам,2016-M08,2016,1067.0
057,Bodring,Огурцы,Cucumbers,Бодринг,2016-M08,2016,1407.0
058,Pomidor,Помидоры,Tomatoes,Помидор,2016-M08,2016,1931.0
059,Baqlajon,Баклажаны,Eggplant,Бақлажон,2016-M08,2016,866.0
0060,Bulg'or qalampiri,Перец болгарский,Bell pepper,Булғор қалампири,2016-M08,2016,1407.0
061,Qovoq,Тыква,Pumpkin,Қовоқ,2016-M08,2016,1353.0
063,Sabzi,Морковь,Carrot,Сабзи,2016-M08,2016,1011.0
065,Sarimsoq,Чеснок,Garlic,Саримсоқ,2016-M08,2016,7640.0
066,Piyoz,Лук репчатый,Onion,Пиёз,2016-M08,2016,952.0
069,Kartoshka,Картофель,Potatoes,Картошка,2016-M08,2016,1211.0
0070,Loviya,Фасоль,Beans,Ловия,2016-M08,2016,0.0
071,No'xot,Горох,Peas,Нўхот,2016-M08,2016,0.0
0072,Mosh,Маш,Mash,Мош,2016-M08,2016,0.0
073,Shakar,Сахар песок,Sugar,Шакар,2016-M08,2016,0.0
002,Kruppa yormasi,Крупа манная,Semolina,Круппа ёрмаси,2016-M08,2016,1480.0
001,Guruch,Рис,Rice,Гуруч,2016-M09,2016,4650.0
003,Arpa,Ячмень,Barley,Арпа,2016-M09,2016,1437.0
0004,Bug'doy,Пшеница,Wheat,Буғдой,2016-M09,2016,1287.0
005,Jo'hori,Кукуруза,Corn,Жўҳори,2016-M09,2016,1481.0
006,Kepak,Отруби,Bran,Кепак,2016-M09,2016,908.0
0008,Shrot,Шрот,Schroth,Шрот,2016-M09,2016,0.0
009,Shulxa,Шелуха,Husk,Шулха,2016-M09,2016,0.0
010,Kombikorm,Комбикорм,Compound feed,Комбикорм,2016-M09,2016,1179.0
011,Oliy navli bug'doy uni,Мука пшеничная высшего сорта,High-grade wheat flour,Олий навли буғдой уни,2016-M09,2016,2225.0
0012,1-navli bug'doy uni,Мука пшеничная первого сорта,First grade wheat flour,1-навли буғдой уни,2016-M09,2016,0.0
013,1-nav bug'doy unidan non,Хлеб пшеничный из муки 1-го сорта,Wheat bread from 1st grade flour,1-нав буғдой унидан нон,2016-M09,2016,0.0
017,Mol go'shti,Говядина,Beef,Мол гўшти,2016-M09,2016,23591.0
0020,Qo'y go'shti,Баранина,Mutton,Қўй гўшти,2016-M09,2016,24492.0
022,Tovuq go'shti,Мясо птицы,Poultry,Товуқ гўшти,2016-M09,2016,0.0
026,Turli baliqlar,Рыба всякая,Fish of all kinds,Турли балиқлар,2016-M09,2016,11169.0
027,Yangi sog'ilgan sut (1 litr),Молоко свежее (1 литр),Fresh milk (1 liter),Янги соғилган сут (1 литр),2016-M09,2016,1969.0
034,Tuxum (10 dona),Яйца (10 штук),Eggs (10 pieces ),Тухум (10 дона),2016-M09,2016,4064.0
035,Paxta yog'i (1 litr),Масло хлопковое (1 литр),Cottonseed oil (1 liter),Пахта ёғи (1 литр),2016-M09,2016,0.0
0036,Kungaboqar yog'i (1 litr),Масло подсолнечное (1 литр),Sunflower oil (1 liter),Кунгабоқар ёғи (1 литр),2016-M09,2016,0.0
037,Sariyog',Масло сливочное,Butter,Сариёғ,2016-M09,2016,19486.0
039,Limon,Лимоны,Lemons,Лимон,2016-M09,2016,14038.0
0040,Olma,Яблоки,Apples,Олма,2016-M09,2016,2581.0
041,Nok,Груши,Pears,Нок,2016-M09,2016,5678.0
049,Uzum,Виноград,Grape,Узум,2016-M09,2016,2912.0
0050,Tarvuz,Арбуз,Watermelon,Тарвуз,2016-M09,2016,853.0
0051,Qovun,Дыня,Melon,Қовун,2016-M09,2016,1140.0
053,Mayiz,Кишмиш,Kishmish,Майиз,2016-M09,2016,15470.0
055,Karam,Капуста,Cabbage,Карам,2016-M09,2016,1327.0
057,Bodring,Огурцы,Cucumbers,Бодринг,2016-M09,2016,1421.0
058,Pomidor,Помидоры,Tomatoes,Помидор,2016-M09,2016,1921.0
059,Baqlajon,Баклажаны,Eggplant,Бақлажон,2016-M09,2016,992.0
0060,Bulg'or qalampiri,Перец болгарский,Bell pepper,Булғор қалампири,2016-M09,2016,1352.0
061,Qovoq,Тыква,Pumpkin,Қовоқ,2016-M09,2016,1050.0
063,Sabzi,Морковь,Carrot,Сабзи,2016-M09,2016,1405.0
065,Sarimsoq,Чеснок,Garlic,Саримсоқ,2016-M09,2016,8145.0
066,Piyoz,Лук репчатый,Onion,Пиёз,2016-M09,2016,919.0
069,Kartoshka,Картофель,Potatoes,Картошка,2016-M09,2016,1643.0
0070,Loviya,Фасоль,Beans,Ловия,2016-M09,2016,0.0
071,No'xot,Горох,Peas,Нўхот,2016-M09,2016,0.0
0072,Mosh,Маш,Mash,Мош,2016-M09,2016,0.0
073,Shakar,Сахар песок,Sugar,Шакар,2016-M09,2016,0.0
002,Kruppa yormasi,Крупа манная,Semolina,Круппа ёрмаси,2016-M09,2016,1437.0
001,Guruch,Рис,Rice,Гуруч,2016-M10,2016,4533.0
003,Arpa,Ячмень,Barley,Арпа,2016-M10,2016,1444.0
0004,Bug'doy,Пшеница,Wheat,Буғдой,2016-M10,2016,1295.0
005,Jo'hori,Кукуруза,Corn,Жўҳори,2016-M10,2016,1512.0
006,Kepak,Отруби,Bran,Кепак,2016-M10,2016,941.0
0008,Shrot,Шрот,Schroth,Шрот,2016-M10,2016,0.0
009,Shulxa,Шелуха,Husk,Шулха,2016-M10,2016,0.0
010,Kombikorm,Комбикорм,Compound feed,Комбикорм,2016-M10,2016,1205.0
011,Oliy navli bug'doy uni,Мука пшеничная высшего сорта,High-grade wheat flour,Олий навли буғдой уни,2016-M10,2016,2254.0
0012,1-navli bug'doy uni,Мука пшеничная первого сорта,First grade wheat flour,1-навли буғдой уни,2016-M10,2016,0.0
013,1-nav bug'doy unidan non,Хлеб пшеничный из муки 1-го сорта,Wheat bread from 1st grade flour,1-нав буғдой унидан нон,2016-M10,2016,0.0
017,Mol go'shti,Говядина,Beef,Мол гўшти,2016-M10,2016,23808.0
0020,Qo'y go'shti,Баранина,Mutton,Қўй гўшти,2016-M10,2016,24571.0
022,Tovuq go'shti,Мясо птицы,Poultry,Товуқ гўшти,2016-M10,2016,0.0
026,Turli baliqlar,Рыба всякая,Fish of all kinds,Турли балиқлар,2016-M10,2016,11476.0
027,Yangi sog'ilgan sut (1 litr),Молоко свежее (1 литр),Fresh milk (1 liter),Янги соғилган сут (1 литр),2016-M10,2016,1988.0
034,Tuxum (10 dona),Яйца (10 штук),Eggs (10 pieces ),Тухум (10 дона),2016-M10,2016,4150.0
035,Paxta yog'i (1 litr),Масло хлопковое (1 литр),Cottonseed oil (1 liter),Пахта ёғи (1 литр),2016-M10,2016,0.0
0036,Kungaboqar yog'i (1 litr),Масло подсолнечное (1 литр),Sunflower oil (1 liter),Кунгабоқар ёғи (1 литр),2016-M10,2016,0.0
037,Sariyog',Масло сливочное,Butter,Сариёғ,2016-M10,2016,20625.0
039,Limon,Лимоны,Lemons,Лимон,2016-M10,2016,10374.0
0040,Olma,Яблоки,Apples,Олма,2016-M10,2016,2633.0
041,Nok,Груши,Pears,Нок,2016-M10,2016,5637.0
049,Uzum,Виноград,Grape,Узум,2016-M10,2016,3143.0
0050,Tarvuz,Арбуз,Watermelon,Тарвуз,2016-M10,2016,1025.0
0051,Qovun,Дыня,Melon,Қовун,2016-M10,2016,1233.0
053,Mayiz,Кишмиш,Kishmish,Майиз,2016-M10,2016,15536.0
055,Karam,Капуста,Cabbage,Карам,2016-M10,2016,1253.0
057,Bodring,Огурцы,Cucumbers,Бодринг,2016-M10,2016,1954.0
058,Pomidor,Помидоры,Tomatoes,Помидор,2016-M10,2016,2614.0
059,Baqlajon,Баклажаны,Eggplant,Бақлажон,2016-M10,2016,1286.0
0060,Bulg'or qalampiri,Перец болгарский,Bell pepper,Булғор қалампири,2016-M10,2016,1696.0
061,Qovoq,Тыква,Pumpkin,Қовоқ,2016-M10,2016,854.0
063,Sabzi,Морковь,Carrot,Сабзи,2016-M10,2016,1339.0
065,Sarimsoq,Чеснок,Garlic,Саримсоқ,2016-M10,2016,8708.0
066,Piyoz,Лук репчатый,Onion,Пиёз,2016-M10,2016,982.0
069,Kartoshka,Картофель,Potatoes,Картошка,2016-M10,2016,1885.0
0070,Loviya,Фасоль,Beans,Ловия,2016-M10,2016,0.0
071,No'xot,Горох,Peas,Нўхот,2016-M10,2016,0.0
0072,Mosh,Маш,Mash,Мош,2016-M10,2016,0.0
073,Shakar,Сахар песок,Sugar,Шакар,2016-M10,2016,0.0
002,Kruppa yormasi,Крупа манная,Semolina,Круппа ёрмаси,2016-M10,2016,1444.0
001,Guruch,Рис,Rice,Гуруч,2016-M11,2016,4477.0
003,Arpa,Ячмень,Barley,Арпа,2016-M11,2016,1479.0
0004,Bug'doy,Пшеница,Wheat,Буғдой,2016-M11,2016,1329.0
005,Jo'hori,Кукуруза,Corn,Жўҳори,2016-M11,2016,1547.0
006,Kepak,Отруби,Bran,Кепак,2016-M11,2016,970.0
0008,Shrot,Шрот,Schroth,Шрот,2016-M11,2016,0.0
009,Shulxa,Шелуха,Husk,Шулха,2016-M11,2016,0.0
010,Kombikorm,Комбикорм,Compound feed,Комбикорм,2016-M11,2016,1232.0
011,Oliy navli bug'doy uni,Мука пшеничная высшего сорта,High-grade wheat flour,Олий навли буғдой уни,2016-M11,2016,2294.0
0012,1-navli bug'doy uni,Мука пшеничная первого сорта,First grade wheat flour,1-навли буғдой уни,2016-M11,2016,0.0
013,1-nav bug'doy unidan non,Хлеб пшеничный из муки 1-го сорта,Wheat bread from 1st grade flour,1-нав буғдой унидан нон,2016-M11,2016,0.0
017,Mol go'shti,Говядина,Beef,Мол гўшти,2016-M11,2016,23826.0
0020,Qo'y go'shti,Баранина,Mutton,Қўй гўшти,2016-M11,2016,24586.0
022,Tovuq go'shti,Мясо птицы,Poultry,Товуқ гўшти,2016-M11,2016,0.0
026,Turli baliqlar,Рыба всякая,Fish of all kinds,Турли балиқлар,2016-M11,2016,11542.0
027,Yangi sog'ilgan sut (1 litr),Молоко свежее (1 литр),Fresh milk (1 liter),Янги соғилган сут (1 литр),2016-M11,2016,2015.0
034,Tuxum (10 dona),Яйца (10 штук),Eggs (10 pieces ),Тухум (10 дона),2016-M11,2016,4219.0
035,Paxta yog'i (1 litr),Масло хлопковое (1 литр),Cottonseed oil (1 liter),Пахта ёғи (1 литр),2016-M11,2016,0.0
0036,Kungaboqar yog'i (1 litr),Масло подсолнечное (1 литр),Sunflower oil (1 liter),Кунгабоқар ёғи (1 литр),2016-M11,2016,0.0
037,Sariyog',Масло сливочное,Butter,Сариёғ,2016-M11,2016,20704.0
039,Limon,Лимоны,Lemons,Лимон,2016-M11,2016,9174.0
0040,Olma,Яблоки,Apples,Олма,2016-M11,2016,2838.0
041,Nok,Груши,Pears,Нок,2016-M11,2016,5843.0
049,Uzum,Виноград,Grape,Узум,2016-M11,2016,3453.0
0050,Tarvuz,Арбуз,Watermelon,Тарвуз,2016-M11,2016,1174.0
0051,Qovun,Дыня,Melon,Қовун,2016-M11,2016,1532.0
053,Mayiz,Кишмиш,Kishmish,Майиз,2016-M11,2016,15607.0
055,Karam,Капуста,Cabbage,Карам,2016-M11,2016,985.0
057,Bodring,Огурцы,Cucumbers,Бодринг,2016-M11,2016,4086.0
058,Pomidor,Помидоры,Tomatoes,Помидор,2016-M11,2016,3643.0
059,Baqlajon,Баклажаны,Eggplant,Бақлажон,2016-M11,2016,2277.0
0060,Bulg'or qalampiri,Перец болгарский,Bell pepper,Булғор қалампири,2016-M11,2016,2095.0
061,Qovoq,Тыква,Pumpkin,Қовоқ,2016-M11,2016,851.0
063,Sabzi,Морковь,Carrot,Сабзи,2016-M11,2016,1039.0
065,Sarimsoq,Чеснок,Garlic,Саримсоқ,2016-M11,2016,8952.0
066,Piyoz,Лук репчатый,Onion,Пиёз,2016-M11,2016,1225.0
069,Kartoshka,Картофель,Potatoes,Картошка,2016-M11,2016,2046.0
0070,Loviya,Фасоль,Beans,Ловия,2016-M11,2016,0.0
071,No'xot,Горох,Peas,Нўхот,2016-M11,2016,0.0
0072,Mosh,Маш,Mash,Мош,2016-M11,2016,0.0
073,Shakar,Сахар песок,Sugar,Шакар,2016-M11,2016,0.0
002,Kruppa yormasi,Крупа манная,Semolina,Круппа ёрмаси,2016-M11,2016,1479.0
001,Guruch,Рис,Rice,Гуруч,2016-M12,2016,4424.0
003,Arpa,Ячмень,Barley,Арпа,2016-M12,2016,1507.0
0004,Bug'doy,Пшеница,Wheat,Буғдой,2016-M12,2016,1366.0
005,Jo'hori,Кукуруза,Corn,Жўҳори,2016-M12,2016,1568.0
006,Kepak,Отруби,Bran,Кепак,2016-M12,2016,995.0
0008,Shrot,Шрот,Schroth,Шрот,2016-M12,2016,0.0
009,Shulxa,Шелуха,Husk,Шулха,2016-M12,2016,0.0
010,Kombikorm,Комбикорм,Compound feed,Комбикорм,2016-M12,2016,1258.0
011,Oliy navli bug'doy uni,Мука пшеничная высшего сорта,High-grade wheat flour,Олий навли буғдой уни,2016-M12,2016,2328.0
0012,1-navli bug'doy uni,Мука пшеничная первого сорта,First grade wheat flour,1-навли буғдой уни,2016-M12,2016,0.0
013,1-nav bug'doy unidan non,Хлеб пшеничный из муки 1-го сорта,Wheat bread from 1st grade flour,1-нав буғдой унидан нон,2016-M12,2016,0.0
017,Mol go'shti,Говядина,Beef,Мол гўшти,2016-M12,2016,23826.0
0020,Qo'y go'shti,Баранина,Mutton,Қўй гўшти,2016-M12,2016,24581.0
022,Tovuq go'shti,Мясо птицы,Poultry,Товуқ гўшти,2016-M12,2016,0.0
026,Turli baliqlar,Рыба всякая,Fish of all kinds,Турли балиқлар,2016-M12,2016,11629.0
027,Yangi sog'ilgan sut (1 litr),Молоко свежее (1 литр),Fresh milk (1 liter),Янги соғилган сут (1 литр),2016-M12,2016,2038.0
034,Tuxum (10 dona),Яйца (10 штук),Eggs (10 pieces ),Тухум (10 дона),2016-M12,2016,4785.0
035,Paxta yog'i (1 litr),Масло хлопковое (1 литр),Cottonseed oil (1 liter),Пахта ёғи (1 литр),2016-M12,2016,0.0
0036,Kungaboqar yog'i (1 litr),Масло подсолнечное (1 литр),Sunflower oil (1 liter),Кунгабоқар ёғи (1 литр),2016-M12,2016,0.0
037,Sariyog',Масло сливочное,Butter,Сариёғ,2016-M12,2016,20761.0
039,Limon,Лимоны,Lemons,Лимон,2016-M12,2016,8870.0
0040,Olma,Яблоки,Apples,Олма,2016-M12,2016,3044.0
041,Nok,Груши,Pears,Нок,2016-M12,2016,6129.0
049,Uzum,Виноград,Grape,Узум,2016-M12,2016,4056.0
0050,Tarvuz,Арбуз,Watermelon,Тарвуз,2016-M12,2016,1708.0
0051,Qovun,Дыня,Melon,Қовун,2016-M12,2016,1652.0
053,Mayiz,Кишмиш,Kishmish,Майиз,2016-M12,2016,15638.0
055,Karam,Капуста,Cabbage,Карам,2016-M12,2016,1211.0
057,Bodring,Огурцы,Cucumbers,Бодринг,2016-M12,2016,9405.0
058,Pomidor,Помидоры,Tomatoes,Помидор,2016-M12,2016,6690.0
059,Baqlajon,Баклажаны,Eggplant,Бақлажон,2016-M12,2016,4267.0
0060,Bulg'or qalampiri,Перец болгарский,Bell pepper,Булғор қалампири,2016-M12,2016,4248.0
061,Qovoq,Тыква,Pumpkin,Қовоқ,2016-M12,2016,1020.0
063,Sabzi,Морковь,Carrot,Сабзи,2016-M12,2016,825.0
065,Sarimsoq,Чеснок,Garlic,Саримсоқ,2016-M12,2016,13335.0
066,Piyoz,Лук репчатый,Onion,Пиёз,2016-M12,2016,1342.0
069,Kartoshka,Картофель,Potatoes,Картошка,2016-M12,2016,2141.0
0070,Loviya,Фасоль,Beans,Ловия,2016-M12,2016,0.0
071,No'xot,Горох,Peas,Нўхот,2016-M12,2016,0.0
0072,Mosh,Маш,Mash,Мош,2016-M12,2016,0.0
073,Shakar,Сахар песок,Sugar,Шакар,2016-M12,2016,0.0
002,Kruppa yormasi,Крупа манная,Semolina,Круппа ёрмаси,2016-M12,2016,1507.0
001,Guruch,Рис,Rice,Гуруч,2017-M01,2017,4415.0
003,Arpa,Ячмень,Barley,Арпа,2017-M01,2017,1540.0
0004,Bug'doy,Пшеница,Wheat,Буғдой,2017-M01,2017,1400.0
005,Jo'hori,Кукуруза,Corn,Жўҳори,2017-M01,2017,1596.0
006,Kepak,Отруби,Bran,Кепак,2017-M01,2017,1024.0
0008,Shrot,Шрот,Schroth,Шрот,2017-M01,2017,0.0
009,Shulxa,Шелуха,Husk,Шулха,2017-M01,2017,0.0
010,Kombikorm,Комбикорм,Compound feed,Комбикорм,2017-M01,2017,1291.0
011,Oliy navli bug'doy uni,Мука пшеничная высшего сорта,High-grade wheat flour,Олий навли буғдой уни,2017-M01,2017,2375.0
0012,1-navli bug'doy uni,Мука пшеничная первого сорта,First grade wheat flour,1-навли буғдой уни,2017-M01,2017,0.0
013,1-nav bug'doy unidan non,Хлеб пшеничный из муки 1-го сорта,Wheat bread from 1st grade flour,1-нав буғдой унидан нон,2017-M01,2017,0.0
017,Mol go'shti,Говядина,Beef,Мол гўшти,2017-M01,2017,23826.0
0020,Qo'y go'shti,Баранина,Mutton,Қўй гўшти,2017-M01,2017,24574.0
022,Tovuq go'shti,Мясо птицы,Poultry,Товуқ гўшти,2017-M01,2017,0.0
026,Turli baliqlar,Рыба всякая,Fish of all kinds,Турли балиқлар,2017-M01,2017,11693.0
027,Yangi sog'ilgan sut (1 litr),Молоко свежее (1 литр),Fresh milk (1 liter),Янги соғилган сут (1 литр),2017-M01,2017,2071.0
034,Tuxum (10 dona),Яйца (10 штук),Eggs (10 pieces ),Тухум (10 дона),2017-M01,2017,5080.0
035,Paxta yog'i (1 litr),Масло хлопковое (1 литр),Cottonseed oil (1 liter),Пахта ёғи (1 литр),2017-M01,2017,0.0
0036,Kungaboqar yog'i (1 litr),Масло подсолнечное (1 литр),Sunflower oil (1 liter),Кунгабоқар ёғи (1 литр),2017-M01,2017,0.0
037,Sariyog',Масло сливочное,Butter,Сариёғ,2017-M01,2017,20816.0
039,Limon,Лимоны,Lemons,Лимон,2017-M01,2017,8830.0
0040,Olma,Яблоки,Apples,Олма,2017-M01,2017,3247.0
041,Nok,Груши,Pears,Нок,2017-M01,2017,6363.0
049,Uzum,Виноград,Grape,Узум,2017-M01,2017,6919.0
0050,Tarvuz,Арбуз,Watermelon,Тарвуз,2017-M01,2017,0.0
0051,Qovun,Дыня,Melon,Қовун,2017-M01,2017,1740.0
053,Mayiz,Кишмиш,Kishmish,Майиз,2017-M01,2017,15761.0
055,Karam,Капуста,Cabbage,Карам,2017-M01,2017,1594.0
057,Bodring,Огурцы,Cucumbers,Бодринг,2017-M01,2017,9419.0
058,Pomidor,Помидоры,Tomatoes,Помидор,2017-M01,2017,9089.0
059,Baqlajon,Баклажаны,Eggplant,Бақлажон,2017-M01,2017,0.0
0060,Bulg'or qalampiri,Перец болгарский,Bell pepper,Булғор қалампири,2017-M01,2017,0.0
061,Qovoq,Тыква,Pumpkin,Қовоқ,2017-M01,2017,1397.0
063,Sabzi,Морковь,Carrot,Сабзи,2017-M01,2017,770.0
065,Sarimsoq,Чеснок,Garlic,Саримсоқ,2017-M01,2017,15707.0
066,Piyoz,Лук репчатый,Onion,Пиёз,2017-M01,2017,1354.0
069,Kartoshka,Картофель,Potatoes,Картошка,2017-M01,2017,2221.0
0070,Loviya,Фасоль,Beans,Ловия,2017-M01,2017,0.0
071,No'xot,Горох,Peas,Нўхот,2017-M01,2017,0.0
0072,Mosh,Маш,Mash,Мош,2017-M01,2017,0.0
073,Shakar,Сахар песок,Sugar,Шакар,2017-M01,2017,0.0
002,Kruppa yormasi,Крупа манная,Semolina,Круппа ёрмаси,2017-M01,2017,1540.0
001,Guruch,Рис,Rice,Гуруч,2017-M02,2017,4443.0
003,Arpa,Ячмень,Barley,Арпа,2017-M02,2017,1555.0
0004,Bug'doy,Пшеница,Wheat,Буғдой,2017-M02,2017,1417.0
005,Jo'hori,Кукуруза,Corn,Жўҳори,2017-M02,2017,1612.0
006,Kepak,Отруби,Bran,Кепак,2017-M02,2017,1044.0
0008,Shrot,Шрот,Schroth,Шрот,2017-M02,2017,0.0
009,Shulxa,Шелуха,Husk,Шулха,2017-M02,2017,0.0
010,Kombikorm,Комбикорм,Compound feed,Комбикорм,2017-M02,2017,1309.0
011,Oliy navli bug'doy uni,Мука пшеничная высшего сорта,High-grade wheat flour,Олий навли буғдой уни,2017-M02,2017,2394.0
0012,1-navli bug'doy uni,Мука пшеничная первого сорта,First grade wheat flour,1-навли буғдой уни,2017-M02,2017,0.0
013,1-nav bug'doy unidan non,Хлеб пшеничный из муки 1-го сорта,Wheat bread from 1st grade flour,1-нав буғдой унидан нон,2017-M02,2017,0.0
017,Mol go'shti,Говядина,Beef,Мол гўшти,2017-M02,2017,23826.0
0020,Qo'y go'shti,Баранина,Mutton,Қўй гўшти,2017-M02,2017,24575.0
022,Tovuq go'shti,Мясо птицы,Poultry,Товуқ гўшти,2017-M02,2017,0.0
026,Turli baliqlar,Рыба всякая,Fish of all kinds,Турли балиқлар,2017-M02,2017,11761.0
027,Yangi sog'ilgan sut (1 litr),Молоко свежее (1 литр),Fresh milk (1 liter),Янги соғилган сут (1 литр),2017-M02,2017,2087.0
034,Tuxum (10 dona),Яйца (10 штук),Eggs (10 pieces ),Тухум (10 дона),2017-M02,2017,5037.0
035,Paxta yog'i (1 litr),Масло хлопковое (1 литр),Cottonseed oil (1 liter),Пахта ёғи (1 литр),2017-M02,2017,0.0
0036,Kungaboqar yog'i (1 litr),Масло подсолнечное (1 литр),Sunflower oil (1 liter),Кунгабоқар ёғи (1 литр),2017-M02,2017,0.0
037,Sariyog',Масло сливочное,Butter,Сариёғ,2017-M02,2017,20859.0
039,Limon,Лимоны,Lemons,Лимон,2017-M02,2017,8955.0
0040,Olma,Яблоки,Apples,Олма,2017-M02,2017,3387.0
041,Nok,Груши,Pears,Нок,2017-M02,2017,6684.0
049,Uzum,Виноград,Grape,Узум,2017-M02,2017,9252.0
0050,Tarvuz,Арбуз,Watermelon,Тарвуз,2017-M02,2017,0.0
0051,Qovun,Дыня,Melon,Қовун,2017-M02,2017,0.0
053,Mayiz,Кишмиш,Kishmish,Майиз,2017-M02,2017,15835.0
055,Karam,Капуста,Cabbage,Карам,2017-M02,2017,1908.0
057,Bodring,Огурцы,Cucumbers,Бодринг,2017-M02,2017,11286.0
058,Pomidor,Помидоры,Tomatoes,Помидор,2017-M02,2017,10453.0
059,Baqlajon,Баклажаны,Eggplant,Бақлажон,2017-M02,2017,0.0
0060,Bulg'or qalampiri,Перец болгарский,Bell pepper,Булғор қалампири,2017-M02,2017,0.0
061,Qovoq,Тыква,Pumpkin,Қовоқ,2017-M02,2017,1463.0
063,Sabzi,Морковь,Carrot,Сабзи,2017-M02,2017,770.0
065,Sarimsoq,Чеснок,Garlic,Саримсоқ,2017-M02,2017,15946.0
066,Piyoz,Лук репчатый,Onion,Пиёз,2017-M02,2017,1558.0
069,Kartoshka,Картофель,Potatoes,Картошка,2017-M02,2017,2258.0
0070,Loviya,Фасоль,Beans,Ловия,2017-M02,2017,0.0
071,No'xot,Горох,Peas,Нўхот,2017-M02,2017,0.0
0072,Mosh,Маш,Mash,Мош,2017-M02,2017,0.0
073,Shakar,Сахар песок,Sugar,Шакар,2017-M02,2017,0.0
002,Kruppa yormasi,Крупа манная,Semolina,Круппа ёрмаси,2017-M02,2017,1555.0
001,Guruch,Рис,Rice,Гуруч,2017-M03,2017,4453.0
003,Arpa,Ячмень,Barley,Арпа,2017-M03,2017,1583.0
0004,Bug'doy,Пшеница,Wheat,Буғдой,2017-M03,2017,1445.0
005,Jo'hori,Кукуруза,Corn,Жўҳори,2017-M03,2017,1641.0
006,Kepak,Отруби,Bran,Кепак,2017-M03,2017,1070.0
0008,Shrot,Шрот,Schroth,Шрот,2017-M03,2017,0.0
009,Shulxa,Шелуха,Husk,Шулха,2017-M03,2017,0.0
010,Kombikorm,Комбикорм,Compound feed,Комбикорм,2017-M03,2017,1339.0
011,Oliy navli bug'doy uni,Мука пшеничная высшего сорта,High-grade wheat flour,Олий навли буғдой уни,2017-M03,2017,2419.0
0012,1-navli bug'doy uni,Мука пшеничная первого сорта,First grade wheat flour,1-навли буғдой уни,2017-M03,2017,0.0
013,1-nav bug'doy unidan non,Хлеб пшеничный из муки 1-го сорта,Wheat bread from 1st grade flour,1-нав буғдой унидан нон,2017-M03,2017,0.0
017,Mol go'shti,Говядина,Beef,Мол гўшти,2017-M03,2017,23825.0
0020,Qo'y go'shti,Баранина,Mutton,Қўй гўшти,2017-M03,2017,24575.0
022,Tovuq go'shti,Мясо птицы,Poultry,Товуқ гўшти,2017-M03,2017,0.0
026,Turli baliqlar,Рыба всякая,Fish of all kinds,Турли балиқлар,2017-M03,2017,11808.0
027,Yangi sog'ilgan sut (1 litr),Молоко свежее (1 литр),Fresh milk (1 liter),Янги соғилган сут (1 литр),2017-M03,2017,2089.0
034,Tuxum (10 dona),Яйца (10 штук),Eggs (10 pieces ),Тухум (10 дона),2017-M03,2017,4995.0
035,Paxta yog'i (1 litr),Масло хлопковое (1 литр),Cottonseed oil (1 liter),Пахта ёғи (1 литр),2017-M03,2017,0.0
0036,Kungaboqar yog'i (1 litr),Масло подсолнечное (1 литр),Sunflower oil (1 liter),Кунгабоқар ёғи (1 литр),2017-M03,2017,0.0
037,Sariyog',Масло сливочное,Butter,Сариёғ,2017-M03,2017,20925.0
039,Limon,Лимоны,Lemons,Лимон,2017-M03,2017,9084.0
0040,Olma,Яблоки,Apples,Олма,2017-M03,2017,3528.0
041,Nok,Груши,Pears,Нок,2017-M03,2017,7245.0
049,Uzum,Виноград,Grape,Узум,2017-M03,2017,10518.0
0050,Tarvuz,Арбуз,Watermelon,Тарвуз,2017-M03,2017,0.0
0051,Qovun,Дыня,Melon,Қовун,2017-M03,2017,1933.0
053,Mayiz,Кишмиш,Kishmish,Майиз,2017-M03,2017,15897.0
055,Karam,Капуста,Cabbage,Карам,2017-M03,2017,1756.0
057,Bodring,Огурцы,Cucumbers,Бодринг,2017-M03,2017,10942.0
058,Pomidor,Помидоры,Tomatoes,Помидор,2017-M03,2017,10841.0
059,Baqlajon,Баклажаны,Eggplant,Бақлажон,2017-M03,2017,0.0
0060,Bulg'or qalampiri,Перец болгарский,Bell pepper,Булғор қалампири,2017-M03,2017,0.0
061,Qovoq,Тыква,Pumpkin,Қовоқ,2017-M03,2017,0.0
063,Sabzi,Морковь,Carrot,Сабзи,2017-M03,2017,770.0
065,Sarimsoq,Чеснок,Garlic,Саримсоқ,2017-M03,2017,16237.0
066,Piyoz,Лук репчатый,Onion,Пиёз,2017-M03,2017,1638.0
069,Kartoshka,Картофель,Potatoes,Картошка,2017-M03,2017,2677.0
0070,Loviya,Фасоль,Beans,Ловия,2017-M03,2017,0.0
071,No'xot,Горох,Peas,Нўхот,2017-M03,2017,0.0
0072,Mosh,Маш,Mash,Мош,2017-M03,2017,0.0
073,Shakar,Сахар песок,Sugar,Шакар,2017-M03,2017,0.0
002,Kruppa yormasi,Крупа манная,Semolina,Круппа ёрмаси,2017-M03,2017,1583.0
001,Guruch,Рис,Rice,Гуруч,2017-M04,2017,4483.0
003,Arpa,Ячмень,Barley,Арпа,2017-M04,2017,1609.0
0004,Bug'doy,Пшеница,Wheat,Буғдой,2017-M04,2017,1470.0
005,Jo'hori,Кукуруза,Corn,Жўҳори,2017-M04,2017,1672.0
006,Kepak,Отруби,Bran,Кепак,2017-M04,2017,1090.0
0008,Shrot,Шрот,Schroth,Шрот,2017-M04,2017,0.0
009,Shulxa,Шелуха,Husk,Шулха,2017-M04,2017,0.0
010,Kombikorm,Комбикорм,Compound feed,Комбикорм,2017-M04,2017,1369.0
011,Oliy navli bug'doy uni,Мука пшеничная высшего сорта,High-grade wheat flour,Олий навли буғдой уни,2017-M04,2017,2449.0
0012,1-navli bug'doy uni,Мука пшеничная первого сорта,First grade wheat flour,1-навли буғдой уни,2017-M04,2017,0.0
013,1-nav bug'doy unidan non,Хлеб пшеничный из муки 1-го сорта,Wheat bread from 1st grade flour,1-нав буғдой унидан нон,2017-M04,2017,0.0
017,Mol go'shti,Говядина,Beef,Мол гўшти,2017-M04,2017,23821.0
0020,Qo'y go'shti,Баранина,Mutton,Қўй гўшти,2017-M04,2017,24575.0
022,Tovuq go'shti,Мясо птицы,Poultry,Товуқ гўшти,2017-M04,2017,0.0
026,Turli baliqlar,Рыба всякая,Fish of all kinds,Турли балиқлар,2017-M04,2017,11849.0
027,Yangi sog'ilgan sut (1 litr),Молоко свежее (1 литр),Fresh milk (1 liter),Янги соғилган сут (1 литр),2017-M04,2017,2089.0
034,Tuxum (10 dona),Яйца (10 штук),Eggs (10 pieces ),Тухум (10 дона),2017-M04,2017,4941.0
035,Paxta yog'i (1 litr),Масло хлопковое (1 литр),Cottonseed oil (1 liter),Пахта ёғи (1 литр),2017-M04,2017,0.0
0036,Kungaboqar yog'i (1 litr),Масло подсолнечное (1 литр),Sunflower oil (1 liter),Кунгабоқар ёғи (1 литр),2017-M04,2017,0.0
037,Sariyog',Масло сливочное,Butter,Сариёғ,2017-M04,2017,20999.0
039,Limon,Лимоны,Lemons,Лимон,2017-M04,2017,9073.0
0040,Olma,Яблоки,Apples,Олма,2017-M04,2017,3833.0
041,Nok,Груши,Pears,Нок,2017-M04,2017,11217.0
049,Uzum,Виноград,Grape,Узум,2017-M04,2017,0.0
0050,Tarvuz,Арбуз,Watermelon,Тарвуз,2017-M04,2017,0.0
0051,Qovun,Дыня,Melon,Қовун,2017-M04,2017,0.0
053,Mayiz,Кишмиш,Kishmish,Майиз,2017-M04,2017,15956.0
055,Karam,Капуста,Cabbage,Карам,2017-M04,2017,1018.0
057,Bodring,Огурцы,Cucumbers,Бодринг,2017-M04,2017,6916.0
058,Pomidor,Помидоры,Tomatoes,Помидор,2017-M04,2017,10443.0
059,Baqlajon,Баклажаны,Eggplant,Бақлажон,2017-M04,2017,0.0
0060,Bulg'or qalampiri,Перец болгарский,Bell pepper,Булғор қалампири,2017-M04,2017,0.0
061,Qovoq,Тыква,Pumpkin,Қовоқ,2017-M04,2017,0.0
063,Sabzi,Морковь,Carrot,Сабзи,2017-M04,2017,1159.0
065,Sarimsoq,Чеснок,Garlic,Саримсоқ,2017-M04,2017,16567.0
066,Piyoz,Лук репчатый,Onion,Пиёз,2017-M04,2017,2055.0
069,Kartoshka,Картофель,Potatoes,Картошка,2017-M04,2017,3236.0
0070,Loviya,Фасоль,Beans,Ловия,2017-M04,2017,0.0
071,No'xot,Горох,Peas,Нўхот,2017-M04,2017,0.0
0072,Mosh,Маш,Mash,Мош,2017-M04,2017,0.0
073,Shakar,Сахар песок,Sugar,Шакар,2017-M04,2017,0.0
002,Kruppa yormasi,Крупа манная,Semolina,Круппа ёрмаси,2017-M04,2017,1609.0
001,Guruch,Рис,Rice,Гуруч,2017-M05,2017,4546.0
003,Arpa,Ячмень,Barley,Арпа,2017-M05,2017,1803.0
0004,Bug'doy,Пшеница,Wheat,Буғдой,2017-M05,2017,1663.0
005,Jo'hori,Кукуруза,Corn,Жўҳори,2017-M05,2017,1834.0
006,Kepak,Отруби,Bran,Кепак,2017-M05,2017,1276.0
0008,Shrot,Шрот,Schroth,Шрот,2017-M05,2017,0.0
009,Shulxa,Шелуха,Husk,Шулха,2017-M05,2017,0.0
010,Kombikorm,Комбикорм,Compound feed,Комбикорм,2017-M05,2017,1434.0
011,Oliy navli bug'doy uni,Мука пшеничная высшего сорта,High-grade wheat flour,Олий навли буғдой уни,2017-M05,2017,2461.0
0012,1-navli bug'doy uni,Мука пшеничная первого сорта,First grade wheat flour,1-навли буғдой уни,2017-M05,2017,0.0
013,1-nav bug'doy unidan non,Хлеб пшеничный из муки 1-го сорта,Wheat bread from 1st grade flour,1-нав буғдой унидан нон,2017-M05,2017,0.0
017,Mol go'shti,Говядина,Beef,Мол гўшти,2017-M05,2017,24459.0
0020,Qo'y go'shti,Баранина,Mutton,Қўй гўшти,2017-M05,2017,25256.0
022,Tovuq go'shti,Мясо птицы,Poultry,Товуқ гўшти,2017-M05,2017,0.0
026,Turli baliqlar,Рыба всякая,Fish of all kinds,Турли балиқлар,2017-M05,2017,12733.0
027,Yangi sog'ilgan sut (1 litr),Молоко свежее (1 литр),Fresh milk (1 liter),Янги соғилган сут (1 литр),2017-M05,2017,2108.0
034,Tuxum (10 dona),Яйца (10 штук),Eggs (10 pieces ),Тухум (10 дона),2017-M05,2017,4940.0
035,Paxta yog'i (1 litr),Масло хлопковое (1 литр),Cottonseed oil (1 liter),Пахта ёғи (1 литр),2017-M05,2017,0.0
0036,Kungaboqar yog'i (1 litr),Масло подсолнечное (1 литр),Sunflower oil (1 liter),Кунгабоқар ёғи (1 литр),2017-M05,2017,0.0
037,Sariyog',Масло сливочное,Butter,Сариёғ,2017-M05,2017,21119.0
039,Limon,Лимоны,Lemons,Лимон,2017-M05,2017,9620.0
0040,Olma,Яблоки,Apples,Олма,2017-M05,2017,4132.0
041,Nok,Груши,Pears,Нок,2017-M05,2017,14180.0
049,Uzum,Виноград,Grape,Узум,2017-M05,2017,0.0
0050,Tarvuz,Арбуз,Watermelon,Тарвуз,2017-M05,2017,0.0
0051,Qovun,Дыня,Melon,Қовун,2017-M05,2017,0.0
053,Mayiz,Кишмиш,Kishmish,Майиз,2017-M05,2017,16103.0
055,Karam,Капуста,Cabbage,Карам,2017-M05,2017,1848.0
057,Bodring,Огурцы,Cucumbers,Бодринг,2017-M05,2017,2882.0
058,Pomidor,Помидоры,Tomatoes,Помидор,2017-M05,2017,7475.0
059,Baqlajon,Баклажаны,Eggplant,Бақлажон,2017-M05,2017,5731.0
0060,Bulg'or qalampiri,Перец болгарский,Bell pepper,Булғор қалампири,2017-M05,2017,6588.0
061,Qovoq,Тыква,Pumpkin,Қовоқ,2017-M05,2017,0.0
063,Sabzi,Морковь,Carrot,Сабзи,2017-M05,2017,1763.0
065,Sarimsoq,Чеснок,Garlic,Саримсоқ,2017-M05,2017,10236.0
066,Piyoz,Лук репчатый,Onion,Пиёз,2017-M05,2017,2334.0
069,Kartoshka,Картофель,Potatoes,Картошка,2017-M05,2017,4117.0
0070,Loviya,Фасоль,Beans,Ловия,2017-M05,2017,0.0
071,No'xot,Горох,Peas,Нўхот,2017-M05,2017,0.0
0072,Mosh,Маш,Mash,Мош,2017-M05,2017,0.0
073,Shakar,Сахар песок,Sugar,Шакар,2017-M05,2017,0.0
002,Kruppa yormasi,Крупа манная,Semolina,Круппа ёрмаси,2017-M05,2017,1803.0
001,Guruch,Рис,Rice,Гуруч,2017-M06,2017,4627.0
003,Arpa,Ячмень,Barley,Арпа,2017-M06,2017,1935.0
0004,Bug'doy,Пшеница,Wheat,Буғдой,2017-M06,2017,1704.0
005,Jo'hori,Кукуруза,Corn,Жўҳори,2017-M06,2017,1949.0
006,Kepak,Отруби,Bran,Кепак,2017-M06,2017,1409.0
0008,Shrot,Шрот,Schroth,Шрот,2017-M06,2017,0.0
009,Shulxa,Шелуха,Husk,Шулха,2017-M06,2017,0.0
010,Kombikorm,Комбикорм,Compound feed,Комбикорм,2017-M06,2017,1477.0
011,Oliy navli bug'doy uni,Мука пшеничная высшего сорта,High-grade wheat flour,Олий навли буғдой уни,2017-M06,2017,2467.0
0012,1-navli bug'doy uni,Мука пшеничная первого сорта,First grade wheat flour,1-навли буғдой уни,2017-M06,2017,0.0
013,1-nav bug'doy unidan non,Хлеб пшеничный из муки 1-го сорта,Wheat bread from 1st grade flour,1-нав буғдой унидан нон,2017-M06,2017,0.0
017,Mol go'shti,Говядина,Beef,Мол гўшти,2017-M06,2017,25174.0
0020,Qo'y go'shti,Баранина,Mutton,Қўй гўшти,2017-M06,2017,26782.0
022,Tovuq go'shti,Мясо птицы,Poultry,Товуқ гўшти,2017-M06,2017,0.0
026,Turli baliqlar,Рыба всякая,Fish of all kinds,Турли балиқлар,2017-M06,2017,13000.0
027,Yangi sog'ilgan sut (1 litr),Молоко свежее (1 литр),Fresh milk (1 liter),Янги соғилган сут (1 литр),2017-M06,2017,2115.0
034,Tuxum (10 dona),Яйца (10 штук),Eggs (10 pieces ),Тухум (10 дона),2017-M06,2017,4968.0
035,Paxta yog'i (1 litr),Масло хлопковое (1 литр),Cottonseed oil (1 liter),Пахта ёғи (1 литр),2017-M06,2017,0.0
0036,Kungaboqar yog'i (1 litr),Масло подсолнечное (1 литр),Sunflower oil (1 liter),Кунгабоқар ёғи (1 литр),2017-M06,2017,0.0
037,Sariyog',Масло сливочное,Butter,Сариёғ,2017-M06,2017,21158.0
039,Limon,Лимоны,Lemons,Лимон,2017-M06,2017,9621.0
0040,Olma,Яблоки,Apples,Олма,2017-M06,2017,4554.0
041,Nok,Груши,Pears,Нок,2017-M06,2017,14944.0
049,Uzum,Виноград,Grape,Узум,2017-M06,2017,9573.0
0050,Tarvuz,Арбуз,Watermelon,Тарвуз,2017-M06,2017,1078.0
0051,Qovun,Дыня,Melon,Қовун,2017-M06,2017,2387.0
053,Mayiz,Кишмиш,Kishmish,Майиз,2017-M06,2017,16144.0
055,Karam,Капуста,Cabbage,Карам,2017-M06,2017,1933.0
057,Bodring,Огурцы,Cucumbers,Бодринг,2017-M06,2017,1266.0
058,Pomidor,Помидоры,Tomatoes,Помидор,2017-M06,2017,3681.0
059,Baqlajon,Баклажаны,Eggplant,Бақлажон,2017-M06,2017,3104.0
0060,Bulg'or qalampiri,Перец болгарский,Bell pepper,Булғор қалампири,2017-M06,2017,3796.0
061,Qovoq,Тыква,Pumpkin,Қовоқ,2017-M06,2017,0.0
063,Sabzi,Морковь,Carrot,Сабзи,2017-M06,2017,1899.0
065,Sarimsoq,Чеснок,Garlic,Саримсоқ,2017-M06,2017,7909.0
066,Piyoz,Лук репчатый,Onion,Пиёз,2017-M06,2017,2409.0
069,Kartoshka,Картофель,Potatoes,Картошка,2017-M06,2017,3358.0
0070,Loviya,Фасоль,Beans,Ловия,2017-M06,2017,0.0
071,No'xot,Горох,Peas,Нўхот,2017-M06,2017,0.0
0072,Mosh,Маш,Mash,Мош,2017-M06,2017,0.0
073,Shakar,Сахар песок,Sugar,Шакар,2017-M06,2017,0.0
002,Kruppa yormasi,Крупа манная,Semolina,Круппа ёрмаси,2017-M06,2017,1935.0
001,Guruch,Рис,Rice,Гуруч,2017-M07,2017,4672.0
003,Arpa,Ячмень,Barley,Арпа,2017-M07,2017,1905.0
0004,Bug'doy,Пшеница,Wheat,Буғдой,2017-M07,2017,1614.0
005,Jo'hori,Кукуруза,Corn,Жўҳори,2017-M07,2017,1936.0
006,Kepak,Отруби,Bran,Кепак,2017-M07,2017,1381.0
0008,Shrot,Шрот,Schroth,Шрот,2017-M07,2017,0.0
009,Shulxa,Шелуха,Husk,Шулха,2017-M07,2017,0.0
010,Kombikorm,Комбикорм,Compound feed,Комбикорм,2017-M07,2017,1467.0
011,Oliy navli bug'doy uni,Мука пшеничная высшего сорта,High-grade wheat flour,Олий навли буғдой уни,2017-M07,2017,2453.0
0012,1-navli bug'doy uni,Мука пшеничная первого сорта,First grade wheat flour,1-навли буғдой уни,2017-M07,2017,0.0
013,1-nav bug'doy unidan non,Хлеб пшеничный из муки 1-го сорта,Wheat bread from 1st grade flour,1-нав буғдой унидан нон,2017-M07,2017,0.0
017,Mol go'shti,Говядина,Beef,Мол гўшти,2017-M07,2017,27076.0
0020,Qo'y go'shti,Баранина,Mutton,Қўй гўшти,2017-M07,2017,28102.0
022,Tovuq go'shti,Мясо птицы,Poultry,Товуқ гўшти,2017-M07,2017,0.0
026,Turli baliqlar,Рыба всякая,Fish of all kinds,Турли балиқлар,2017-M07,2017,13150.0
027,Yangi sog'ilgan sut (1 litr),Молоко свежее (1 литр),Fresh milk (1 liter),Янги соғилган сут (1 литр),2017-M07,2017,2085.0
034,Tuxum (10 dona),Яйца (10 штук),Eggs (10 pieces ),Тухум (10 дона),2017-M07,2017,4966.0
035,Paxta yog'i (1 litr),Масло хлопковое (1 литр),Cottonseed oil (1 liter),Пахта ёғи (1 литр),2017-M07,2017,0.0
0036,Kungaboqar yog'i (1 litr),Масло подсолнечное (1 литр),Sunflower oil (1 liter),Кунгабоқар ёғи (1 литр),2017-M07,2017,0.0
037,Sariyog',Масло сливочное,Butter,Сариёғ,2017-M07,2017,23069.0
039,Limon,Лимоны,Lemons,Лимон,2017-M07,2017,14144.0
0040,Olma,Яблоки,Apples,Олма,2017-M07,2017,4355.0
041,Nok,Груши,Pears,Нок,2017-M07,2017,10277.0
049,Uzum,Виноград,Grape,Узум,2017-M07,2017,5318.0
0050,Tarvuz,Арбуз,Watermelon,Тарвуз,2017-M07,2017,827.0
0051,Qovun,Дыня,Melon,Қовун,2017-M07,2017,1561.0
053,Mayiz,Кишмиш,Kishmish,Майиз,2017-M07,2017,16193.0
055,Karam,Капуста,Cabbage,Карам,2017-M07,2017,2122.0
057,Bodring,Огурцы,Cucumbers,Бодринг,2017-M07,2017,1700.0
058,Pomidor,Помидоры,Tomatoes,Помидор,2017-M07,2017,2263.0
059,Baqlajon,Баклажаны,Eggplant,Бақлажон,2017-M07,2017,1781.0
0060,Bulg'or qalampiri,Перец болгарский,Bell pepper,Булғор қалампири,2017-M07,2017,2538.0
061,Qovoq,Тыква,Pumpkin,Қовоқ,2017-M07,2017,1767.0
063,Sabzi,Морковь,Carrot,Сабзи,2017-M07,2017,2136.0
065,Sarimsoq,Чеснок,Garlic,Саримсоқ,2017-M07,2017,7848.0
066,Piyoz,Лук репчатый,Onion,Пиёз,2017-M07,2017,2939.0
069,Kartoshka,Картофель,Potatoes,Картошка,2017-M07,2017,3324.0
0070,Loviya,Фасоль,Beans,Ловия,2017-M07,2017,0.0
071,No'xot,Горох,Peas,Нўхот,2017-M07,2017,0.0
0072,Mosh,Маш,Mash,Мош,2017-M07,2017,0.0
073,Shakar,Сахар песок,Sugar,Шакар,2017-M07,2017,0.0
002,Kruppa yormasi,Крупа манная,Semolina,Круппа ёрмаси,2017-M07,2017,1905.0
001,Guruch,Рис,Rice,Гуруч,2017-M08,2017,4719.0
003,Arpa,Ячмень,Barley,Арпа,2017-M08,2017,1865.0
0004,Bug'doy,Пшеница,Wheat,Буғдой,2017-M08,2017,1565.0
005,Jo'hori,Кукуруза,Corn,Жўҳори,2017-M08,2017,1904.0
006,Kepak,Отруби,Bran,Кепак,2017-M08,2017,1321.0
0008,Shrot,Шрот,Schroth,Шрот,2017-M08,2017,0.0
009,Shulxa,Шелуха,Husk,Шулха,2017-M08,2017,0.0
010,Kombikorm,Комбикорм,Compound feed,Комбикорм,2017-M08,2017,1422.0
011,Oliy navli bug'doy uni,Мука пшеничная высшего сорта,High-grade wheat flour,Олий навли буғдой уни,2017-M08,2017,2443.0
0012,1-navli bug'doy uni,Мука пшеничная первого сорта,First grade wheat flour,1-навли буғдой уни,2017-M08,2017,0.0
013,1-nav bug'doy unidan non,Хлеб пшеничный из муки 1-го сорта,Wheat bread from 1st grade flour,1-нав буғдой унидан нон,2017-M08,2017,0.0
017,Mol go'shti,Говядина,Beef,Мол гўшти,2017-M08,2017,29157.0
0020,Qo'y go'shti,Баранина,Mutton,Қўй гўшти,2017-M08,2017,29544.0
022,Tovuq go'shti,Мясо птицы,Poultry,Товуқ гўшти,2017-M08,2017,0.0
026,Turli baliqlar,Рыба всякая,Fish of all kinds,Турли балиқлар,2017-M08,2017,15733.0
027,Yangi sog'ilgan sut (1 litr),Молоко свежее (1 литр),Fresh milk (1 liter),Янги соғилган сут (1 литр),2017-M08,2017,2055.0
034,Tuxum (10 dona),Яйца (10 штук),Eggs (10 pieces ),Тухум (10 дона),2017-M08,2017,5038.0
035,Paxta yog'i (1 litr),Масло хлопковое (1 литр),Cottonseed oil (1 liter),Пахта ёғи (1 литр),2017-M08,2017,0.0
0036,Kungaboqar yog'i (1 litr),Масло подсолнечное (1 литр),Sunflower oil (1 liter),Кунгабоқар ёғи (1 литр),2017-M08,2017,0.0
037,Sariyog',Масло сливочное,Butter,Сариёғ,2017-M08,2017,25383.0
039,Limon,Лимоны,Lemons,Лимон,2017-M08,2017,16171.0
0040,Olma,Яблоки,Apples,Олма,2017-M08,2017,4315.0
041,Nok,Груши,Pears,Нок,2017-M08,2017,8282.0
049,Uzum,Виноград,Grape,Узум,2017-M08,2017,3807.0
0050,Tarvuz,Арбуз,Watermelon,Тарвуз,2017-M08,2017,772.0
0051,Qovun,Дыня,Melon,Қовун,2017-M08,2017,1232.0
053,Mayiz,Кишмиш,Kishmish,Майиз,2017-M08,2017,18308.0
055,Karam,Капуста,Cabbage,Карам,2017-M08,2017,1768.0
057,Bodring,Огурцы,Cucumbers,Бодринг,2017-M08,2017,2169.0
058,Pomidor,Помидоры,Tomatoes,Помидор,2017-M08,2017,1925.0
059,Baqlajon,Баклажаны,Eggplant,Бақлажон,2017-M08,2017,1348.0
0060,Bulg'or qalampiri,Перец болгарский,Bell pepper,Булғор қалампири,2017-M08,2017,2127.0
061,Qovoq,Тыква,Pumpkin,Қовоқ,2017-M08,2017,1335.0
063,Sabzi,Морковь,Carrot,Сабзи,2017-M08,2017,2188.0
065,Sarimsoq,Чеснок,Garlic,Саримсоқ,2017-M08,2017,7674.0
066,Piyoz,Лук репчатый,Onion,Пиёз,2017-M08,2017,2952.0
069,Kartoshka,Картофель,Potatoes,Картошка,2017-M08,2017,3258.0
0070,Loviya,Фасоль,Beans,Ловия,2017-M08,2017,0.0
071,No'xot,Горох,Peas,Нўхот,2017-M08,2017,0.0
0072,Mosh,Маш,Mash,Мош,2017-M08,2017,0.0
073,Shakar,Сахар песок,Sugar,Шакар,2017-M08,2017,0.0
002,Kruppa yormasi,Крупа манная,Semolina,Круппа ёрмаси,2017-M08,2017,1865.0
001,Guruch,Рис,Rice,Гуруч,2017-M09,2017,4802.0
003,Arpa,Ячмень,Barley,Арпа,2017-M09,2017,1818.0
0004,Bug'doy,Пшеница,Wheat,Буғдой,2017-M09,2017,1586.0
005,Jo'hori,Кукуруза,Corn,Жўҳори,2017-M09,2017,1904.0
006,Kepak,Отруби,Bran,Кепак,2017-M09,2017,1495.0
0008,Shrot,Шрот,Schroth,Шрот,2017-M09,2017,0.0
009,Shulxa,Шелуха,Husk,Шулха,2017-M09,2017,0.0
010,Kombikorm,Комбикорм,Compound feed,Комбикорм,2017-M09,2017,1435.0
011,Oliy navli bug'doy uni,Мука пшеничная высшего сорта,High-grade wheat flour,Олий навли буғдой уни,2017-M09,2017,2450.0
0012,1-navli bug'doy uni,Мука пшеничная первого сорта,First grade wheat flour,1-навли буғдой уни,2017-M09,2017,0.0
013,1-nav bug'doy unidan non,Хлеб пшеничный из муки 1-го сорта,Wheat bread from 1st grade flour,1-нав буғдой унидан нон,2017-M09,2017,0.0
017,Mol go'shti,Говядина,Beef,Мол гўшти,2017-M09,2017,30201.0
0020,Qo'y go'shti,Баранина,Mutton,Қўй гўшти,2017-M09,2017,30069.0
022,Tovuq go'shti,Мясо птицы,Poultry,Товуқ гўшти,2017-M09,2017,0.0
026,Turli baliqlar,Рыба всякая,Fish of all kinds,Турли балиқлар,2017-M09,2017,12119.0
027,Yangi sog'ilgan sut (1 litr),Молоко свежее (1 литр),Fresh milk (1 liter),Янги соғилган сут (1 литр),2017-M09,2017,2066.0
034,Tuxum (10 dona),Яйца (10 штук),Eggs (10 pieces ),Тухум (10 дона),2017-M09,2017,5069.0
035,Paxta yog'i (1 litr),Масло хлопковое (1 литр),Cottonseed oil (1 liter),Пахта ёғи (1 литр),2017-M09,2017,0.0
0036,Kungaboqar yog'i (1 litr),Масло подсолнечное (1 литр),Sunflower oil (1 liter),Кунгабоқар ёғи (1 литр),2017-M09,2017,0.0
037,Sariyog',Масло сливочное,Butter,Сариёғ,2017-M09,2017,26684.0
039,Limon,Лимоны,Lemons,Лимон,2017-M09,2017,15408.0
0040,Olma,Яблоки,Apples,Олма,2017-M09,2017,4381.0
041,Nok,Груши,Pears,Нок,2017-M09,2017,6852.0
049,Uzum,Виноград,Grape,Узум,2017-M09,2017,3471.0
0050,Tarvuz,Арбуз,Watermelon,Тарвуз,2017-M09,2017,804.0
0051,Qovun,Дыня,Melon,Қовун,2017-M09,2017,1069.0
053,Mayiz,Кишмиш,Kishmish,Майиз,2017-M09,2017,19020.0
055,Karam,Капуста,Cabbage,Карам,2017-M09,2017,1482.0
057,Bodring,Огурцы,Cucumbers,Бодринг,2017-M09,2017,2038.0
058,Pomidor,Помидоры,Tomatoes,Помидор,2017-M09,2017,1495.0
059,Baqlajon,Баклажаны,Eggplant,Бақлажон,2017-M09,2017,1110.0
0060,Bulg'or qalampiri,Перец болгарский,Bell pepper,Булғор қалампири,2017-M09,2017,2143.0
061,Qovoq,Тыква,Pumpkin,Қовоқ,2017-M09,2017,1071.0
063,Sabzi,Морковь,Carrot,Сабзи,2017-M09,2017,2026.0
065,Sarimsoq,Чеснок,Garlic,Саримсоқ,2017-M09,2017,7125.0
066,Piyoz,Лук репчатый,Onion,Пиёз,2017-M09,2017,2443.0
069,Kartoshka,Картофель,Potatoes,Картошка,2017-M09,2017,3023.0
0070,Loviya,Фасоль,Beans,Ловия,2017-M09,2017,0.0
071,No'xot,Горох,Peas,Нўхот,2017-M09,2017,0.0
0072,Mosh,Маш,Mash,Мош,2017-M09,2017,0.0
073,Shakar,Сахар песок,Sugar,Шакар,2017-M09,2017,0.0
002,Kruppa yormasi,Крупа манная,Semolina,Круппа ёрмаси,2017-M09,2017,1818.0
001,Guruch,Рис,Rice,Гуруч,2017-M10,2017,4905.0
003,Arpa,Ячмень,Barley,Арпа,2017-M10,2017,1823.0
0004,Bug'doy,Пшеница,Wheat,Буғдой,2017-M10,2017,1606.0
005,Jo'hori,Кукуруза,Corn,Жўҳори,2017-M10,2017,1952.0
006,Kepak,Отруби,Bran,Кепак,2017-M10,2017,1565.0
0008,Shrot,Шрот,Schroth,Шрот,2017-M10,2017,0.0
009,Shulxa,Шелуха,Husk,Шулха,2017-M10,2017,0.0
010,Kombikorm,Комбикорм,Compound feed,Комбикорм,2017-M10,2017,1465.0
011,Oliy navli bug'doy uni,Мука пшеничная высшего сорта,High-grade wheat flour,Олий навли буғдой уни,2017-M10,2017,2463.0
0012,1-navli bug'doy uni,Мука пшеничная первого сорта,First grade wheat flour,1-навли буғдой уни,2017-M10,2017,0.0
013,1-nav bug'doy unidan non,Хлеб пшеничный из муки 1-го сорта,Wheat bread from 1st grade flour,1-нав буғдой унидан нон,2017-M10,2017,0.0
017,Mol go'shti,Говядина,Beef,Мол гўшти,2017-M10,2017,30225.0
0020,Qo'y go'shti,Баранина,Mutton,Қўй гўшти,2017-M10,2017,30079.0
022,Tovuq go'shti,Мясо птицы,Poultry,Товуқ гўшти,2017-M10,2017,0.0
026,Turli baliqlar,Рыба всякая,Fish of all kinds,Турли балиқлар,2017-M10,2017,12100.0
027,Yangi sog'ilgan sut (1 litr),Молоко свежее (1 литр),Fresh milk (1 liter),Янги соғилган сут (1 литр),2017-M10,2017,2088.0
034,Tuxum (10 dona),Яйца (10 штук),Eggs (10 pieces ),Тухум (10 дона),2017-M10,2017,5276.0
035,Paxta yog'i (1 litr),Масло хлопковое (1 литр),Cottonseed oil (1 liter),Пахта ёғи (1 литр),2017-M10,2017,0.0
0036,Kungaboqar yog'i (1 litr),Масло подсолнечное (1 литр),Sunflower oil (1 liter),Кунгабоқар ёғи (1 литр),2017-M10,2017,0.0
037,Sariyog',Масло сливочное,Butter,Сариёғ,2017-M10,2017,28280.0
039,Limon,Лимоны,Lemons,Лимон,2017-M10,2017,12170.0
0040,Olma,Яблоки,Apples,Олма,2017-M10,2017,4723.0
041,Nok,Груши,Pears,Нок,2017-M10,2017,5514.0
049,Uzum,Виноград,Grape,Узум,2017-M10,2017,4332.0
0050,Tarvuz,Арбуз,Watermelon,Тарвуз,2017-M10,2017,891.0
0051,Qovun,Дыня,Melon,Қовун,2017-M10,2017,1214.0
053,Mayiz,Кишмиш,Kishmish,Майиз,2017-M10,2017,19932.0
055,Karam,Капуста,Cabbage,Карам,2017-M10,2017,907.0
057,Bodring,Огурцы,Cucumbers,Бодринг,2017-M10,2017,2286.0
058,Pomidor,Помидоры,Tomatoes,Помидор,2017-M10,2017,1785.0
059,Baqlajon,Баклажаны,Eggplant,Бақлажон,2017-M10,2017,1298.0
0060,Bulg'or qalampiri,Перец болгарский,Bell pepper,Булғор қалампири,2017-M10,2017,2447.0
061,Qovoq,Тыква,Pumpkin,Қовоқ,2017-M10,2017,981.0
063,Sabzi,Морковь,Carrot,Сабзи,2017-M10,2017,1601.0
065,Sarimsoq,Чеснок,Garlic,Саримсоқ,2017-M10,2017,6271.0
066,Piyoz,Лук репчатый,Onion,Пиёз,2017-M10,2017,2047.0
069,Kartoshka,Картофель,Potatoes,Картошка,2017-M10,2017,2575.0
0070,Loviya,Фасоль,Beans,Ловия,2017-M10,2017,0.0
071,No'xot,Горох,Peas,Нўхот,2017-M10,2017,0.0
0072,Mosh,Маш,Mash,Мош,2017-M10,2017,0.0
073,Shakar,Сахар песок,Sugar,Шакар,2017-M10,2017,0.0
002,Kruppa yormasi,Крупа манная,Semolina,Круппа ёрмаси,2017-M10,2017,1823.0
001,Guruch,Рис,Rice,Гуруч,2017-M11,2017,4751.0
003,Arpa,Ячмень,Barley,Арпа,2017-M11,2017,1824.0
0004,Bug'doy,Пшеница,Wheat,Буғдой,2017-M11,2017,1624.0
005,Jo'hori,Кукуруза,Corn,Жўҳори,2017-M11,2017,2003.0
006,Kepak,Отруби,Bran,Кепак,2017-M11,2017,1224.0
0008,Shrot,Шрот,Schroth,Шрот,2017-M11,2017,0.0
009,Shulxa,Шелуха,Husk,Шулха,2017-M11,2017,0.0
010,Kombikorm,Комбикорм,Compound feed,Комбикорм,2017-M11,2017,1520.0
011,Oliy navli bug'doy uni,Мука пшеничная высшего сорта,High-grade wheat flour,Олий навли буғдой уни,2017-M11,2017,2474.0
0012,1-navli bug'doy uni,Мука пшеничная первого сорта,First grade wheat flour,1-навли буғдой уни,2017-M11,2017,0.0
013,1-nav bug'doy unidan non,Хлеб пшеничный из муки 1-го сорта,Wheat bread from 1st grade flour,1-нав буғдой унидан нон,2017-M11,2017,0.0
017,Mol go'shti,Говядина,Beef,Мол гўшти,2017-M11,2017,30425.0
0020,Qo'y go'shti,Баранина,Mutton,Қўй гўшти,2017-M11,2017,30941.0
022,Tovuq go'shti,Мясо птицы,Poultry,Товуқ гўшти,2017-M11,2017,0.0
026,Turli baliqlar,Рыба всякая,Fish of all kinds,Турли балиқлар,2017-M11,2017,12211.0
027,Yangi sog'ilgan sut (1 litr),Молоко свежее (1 литр),Fresh milk (1 liter),Янги соғилган сут (1 литр),2017-M11,2017,2102.0
034,Tuxum (10 dona),Яйца (10 штук),Eggs (10 pieces ),Тухум (10 дона),2017-M11,2017,5674.0
035,Paxta yog'i (1 litr),Масло хлопковое (1 литр),Cottonseed oil (1 liter),Пахта ёғи (1 литр),2017-M11,2017,0.0
0036,Kungaboqar yog'i (1 litr),Масло подсолнечное (1 литр),Sunflower oil (1 liter),Кунгабоқар ёғи (1 литр),2017-M11,2017,0.0
037,Sariyog',Масло сливочное,Butter,Сариёғ,2017-M11,2017,29276.0
039,Limon,Лимоны,Lemons,Лимон,2017-M11,2017,10885.0
0040,Olma,Яблоки,Apples,Олма,2017-M11,2017,5165.0
041,Nok,Груши,Pears,Нок,2017-M11,2017,5759.0
049,Uzum,Виноград,Grape,Узум,2017-M11,2017,6522.0
0050,Tarvuz,Арбуз,Watermelon,Тарвуз,2017-M11,2017,966.0
0051,Qovun,Дыня,Melon,Қовун,2017-M11,2017,1366.0
053,Mayiz,Кишмиш,Kishmish,Майиз,2017-M11,2017,20258.0
055,Karam,Капуста,Cabbage,Карам,2017-M11,2017,789.0
057,Bodring,Огурцы,Cucumbers,Бодринг,2017-M11,2017,6186.0
058,Pomidor,Помидоры,Tomatoes,Помидор,2017-M11,2017,3196.0
059,Baqlajon,Баклажаны,Eggplant,Бақлажон,2017-M11,2017,1821.0
0060,Bulg'or qalampiri,Перец болгарский,Bell pepper,Булғор қалампири,2017-M11,2017,3411.0
061,Qovoq,Тыква,Pumpkin,Қовоқ,2017-M11,2017,1011.0
063,Sabzi,Морковь,Carrot,Сабзи,2017-M11,2017,1217.0
065,Sarimsoq,Чеснок,Garlic,Саримсоқ,2017-M11,2017,5927.0
066,Piyoz,Лук репчатый,Onion,Пиёз,2017-M11,2017,1790.0
069,Kartoshka,Картофель,Potatoes,Картошка,2017-M11,2017,2679.0
0070,Loviya,Фасоль,Beans,Ловия,2017-M11,2017,0.0
071,No'xot,Горох,Peas,Нўхот,2017-M11,2017,0.0
0072,Mosh,Маш,Mash,Мош,2017-M11,2017,0.0
073,Shakar,Сахар песок,Sugar,Шакар,2017-M11,2017,0.0
002,Kruppa yormasi,Крупа манная,Semolina,Круппа ёрмаси,2017-M11,2017,1824.0
001,Guruch,Рис,Rice,Гуруч,2017-M12,2017,6552.0
003,Arpa,Ячмень,Barley,Арпа,2017-M12,2017,1899.0
0004,Bug'doy,Пшеница,Wheat,Буғдой,2017-M12,2017,1719.0
005,Jo'hori,Кукуруза,Corn,Жўҳори,2017-M12,2017,2097.0
006,Kepak,Отруби,Bran,Кепак,2017-M12,2017,1378.0
0008,Shrot,Шрот,Schroth,Шрот,2017-M12,2017,0.0
009,Shulxa,Шелуха,Husk,Шулха,2017-M12,2017,0.0
010,Kombikorm,Комбикорм,Compound feed,Комбикорм,2017-M12,2017,1544.0
011,Oliy navli bug'doy uni,Мука пшеничная высшего сорта,High-grade wheat flour,Олий навли буғдой уни,2017-M12,2017,2477.0
0012,1-navli bug'doy uni,Мука пшеничная первого сорта,First grade wheat flour,1-навли буғдой уни,2017-M12,2017,0.0
013,1-nav bug'doy unidan non,Хлеб пшеничный из муки 1-го сорта,Wheat bread from 1st grade flour,1-нав буғдой унидан нон,2017-M12,2017,0.0
017,Mol go'shti,Говядина,Beef,Мол гўшти,2017-M12,2017,30592.0
0020,Qo'y go'shti,Баранина,Mutton,Қўй гўшти,2017-M12,2017,31547.0
022,Tovuq go'shti,Мясо птицы,Poultry,Товуқ гўшти,2017-M12,2017,0.0
026,Turli baliqlar,Рыба всякая,Fish of all kinds,Турли балиқлар,2017-M12,2017,14918.0
027,Yangi sog'ilgan sut (1 litr),Молоко свежее (1 литр),Fresh milk (1 liter),Янги соғилган сут (1 литр),2017-M12,2017,2196.0
034,Tuxum (10 dona),Яйца (10 штук),Eggs (10 pieces ),Тухум (10 дона),2017-M12,2017,6300.0
035,Paxta yog'i (1 litr),Масло хлопковое (1 литр),Cottonseed oil (1 liter),Пахта ёғи (1 литр),2017-M12,2017,0.0
0036,Kungaboqar yog'i (1 litr),Масло подсолнечное (1 литр),Sunflower oil (1 liter),Кунгабоқар ёғи (1 литр),2017-M12,2017,0.0
037,Sariyog',Масло сливочное,Butter,Сариёғ,2017-M12,2017,30173.0
039,Limon,Лимоны,Lemons,Лимон,2017-M12,2017,10472.0
0040,Olma,Яблоки,Apples,Олма,2017-M12,2017,7123.0
041,Nok,Груши,Pears,Нок,2017-M12,2017,7711.0
049,Uzum,Виноград,Grape,Узум,2017-M12,2017,10687.0
0050,Tarvuz,Арбуз,Watermelon,Тарвуз,2017-M12,2017,1262.0
0051,Qovun,Дыня,Melon,Қовун,2017-M12,2017,1739.0
053,Mayiz,Кишмиш,Kishmish,Майиз,2017-M12,2017,21240.0
055,Karam,Капуста,Cabbage,Карам,2017-M12,2017,783.0
057,Bodring,Огурцы,Cucumbers,Бодринг,2017-M12,2017,9753.0
058,Pomidor,Помидоры,Tomatoes,Помидор,2017-M12,2017,6554.0
059,Baqlajon,Баклажаны,Eggplant,Бақлажон,2017-M12,2017,4528.0
0060,Bulg'or qalampiri,Перец болгарский,Bell pepper,Булғор қалампири,2017-M12,2017,6225.0
061,Qovoq,Тыква,Pumpkin,Қовоқ,2017-M12,2017,1024.0
063,Sabzi,Морковь,Carrot,Сабзи,2017-M12,2017,1137.0
065,Sarimsoq,Чеснок,Garlic,Саримсоқ,2017-M12,2017,5956.0
066,Piyoz,Лук репчатый,Onion,Пиёз,2017-M12,2017,1781.0
069,Kartoshka,Картофель,Potatoes,Картошка,2017-M12,2017,3188.0
0070,Loviya,Фасоль,Beans,Ловия,2017-M12,2017,0.0
071,No'xot,Горох,Peas,Нўхот,2017-M12,2017,0.0
0072,Mosh,Маш,Mash,Мош,2017-M12,2017,0.0
073,Shakar,Сахар песок,Sugar,Шакар,2017-M12,2017,0.0
002,Kruppa yormasi,Крупа манная,Semolina,Круппа ёрмаси,2017-M12,2017,1899.0
001,Guruch,Рис,Rice,Гуруч,2018-M01,2018,8192.0
003,Arpa,Ячмень,Barley,Арпа,2018-M01,2018,1985.0
0004,Bug'doy,Пшеница,Wheat,Буғдой,2018-M01,2018,1755.0
005,Jo'hori,Кукуруза,Corn,Жўҳори,2018-M01,2018,2269.0
006,Kepak,Отруби,Bran,Кепак,2018-M01,2018,1467.0
0008,Shrot,Шрот,Schroth,Шрот,2018-M01,2018,0.0
009,Shulxa,Шелуха,Husk,Шулха,2018-M01,2018,0.0
010,Kombikorm,Комбикорм,Compound feed,Комбикорм,2018-M01,2018,1587.0
011,Oliy navli bug'doy uni,Мука пшеничная высшего сорта,High-grade wheat flour,Олий навли буғдой уни,2018-M01,2018,2638.0
0012,1-navli bug'doy uni,Мука пшеничная первого сорта,First grade wheat flour,1-навли буғдой уни,2018-M01,2018,0.0
013,1-nav bug'doy unidan non,Хлеб пшеничный из муки 1-го сорта,Wheat bread from 1st grade flour,1-нав буғдой унидан нон,2018-M01,2018,0.0
017,Mol go'shti,Говядина,Beef,Мол гўшти,2018-M01,2018,33542.0
0020,Qo'y go'shti,Баранина,Mutton,Қўй гўшти,2018-M01,2018,34011.0
022,Tovuq go'shti,Мясо птицы,Poultry,Товуқ гўшти,2018-M01,2018,0.0
026,Turli baliqlar,Рыба всякая,Fish of all kinds,Турли балиқлар,2018-M01,2018,13009.0
027,Yangi sog'ilgan sut (1 litr),Молоко свежее (1 литр),Fresh milk (1 liter),Янги соғилган сут (1 литр),2018-M01,2018,2263.0
034,Tuxum (10 dona),Яйца (10 штук),Eggs (10 pieces ),Тухум (10 дона),2018-M01,2018,6500.0
035,Paxta yog'i (1 litr),Масло хлопковое (1 литр),Cottonseed oil (1 liter),Пахта ёғи (1 литр),2018-M01,2018,0.0
0036,Kungaboqar yog'i (1 litr),Масло подсолнечное (1 литр),Sunflower oil (1 liter),Кунгабоқар ёғи (1 литр),2018-M01,2018,0.0
037,Sariyog',Масло сливочное,Butter,Сариёғ,2018-M01,2018,30684.0
039,Limon,Лимоны,Lemons,Лимон,2018-M01,2018,10728.0
0040,Olma,Яблоки,Apples,Олма,2018-M01,2018,7046.0
041,Nok,Груши,Pears,Нок,2018-M01,2018,12746.0
049,Uzum,Виноград,Grape,Узум,2018-M01,2018,16290.0
0050,Tarvuz,Арбуз,Watermelon,Тарвуз,2018-M01,2018,1787.0
0051,Qovun,Дыня,Melon,Қовун,2018-M01,2018,2458.0
053,Mayiz,Кишмиш,Kishmish,Майиз,2018-M01,2018,22458.0
055,Karam,Капуста,Cabbage,Карам,2018-M01,2018,946.0
057,Bodring,Огурцы,Cucumbers,Бодринг,2018-M01,2018,11949.0
058,Pomidor,Помидоры,Tomatoes,Помидор,2018-M01,2018,10028.0
059,Baqlajon,Баклажаны,Eggplant,Бақлажон,2018-M01,2018,0.0
0060,Bulg'or qalampiri,Перец болгарский,Bell pepper,Булғор қалампири,2018-M01,2018,0.0
061,Qovoq,Тыква,Pumpkin,Қовоқ,2018-M01,2018,1651.0
063,Sabzi,Морковь,Carrot,Сабзи,2018-M01,2018,1250.0
065,Sarimsoq,Чеснок,Garlic,Саримсоқ,2018-M01,2018,6689.0
066,Piyoz,Лук репчатый,Onion,Пиёз,2018-M01,2018,2035.0
069,Kartoshka,Картофель,Potatoes,Картошка,2018-M01,2018,3356.0
0070,Loviya,Фасоль,Beans,Ловия,2018-M01,2018,0.0
071,No'xot,Горох,Peas,Нўхот,2018-M01,2018,0.0
0072,Mosh,Маш,Mash,Мош,2018-M01,2018,0.0
073,Shakar,Сахар песок,Sugar,Шакар,2018-M01,2018,0.0
002,Kruppa yormasi,Крупа манная,Semolina,Круппа ёрмаси,2018-M01,2018,1985.0
001,Guruch,Рис,Rice,Гуруч,2018-M02,2018,8574.0
003,Arpa,Ячмень,Barley,Арпа,2018-M02,2018,2056.0
0004,Bug'doy,Пшеница,Wheat,Буғдой,2018-M02,2018,1775.0
005,Jo'hori,Кукуруза,Corn,Жўҳори,2018-M02,2018,2409.0
006,Kepak,Отруби,Bran,Кепак,2018-M02,2018,1487.0
0008,Shrot,Шрот,Schroth,Шрот,2018-M02,2018,0.0
009,Shulxa,Шелуха,Husk,Шулха,2018-M02,2018,0.0
010,Kombikorm,Комбикорм,Compound feed,Комбикорм,2018-M02,2018,1607.0
011,Oliy navli bug'doy uni,Мука пшеничная высшего сорта,High-grade wheat flour,Олий навли буғдой уни,2018-M02,2018,2906.0
0012,1-navli bug'doy uni,Мука пшеничная первого сорта,First grade wheat flour,1-навли буғдой уни,2018-M02,2018,0.0
013,1-nav bug'doy unidan non,Хлеб пшеничный из муки 1-го сорта,Wheat bread from 1st grade flour,1-нав буғдой унидан нон,2018-M02,2018,0.0
017,Mol go'shti,Говядина,Beef,Мол гўшти,2018-M02,2018,34254.0
0020,Qo'y go'shti,Баранина,Mutton,Қўй гўшти,2018-M02,2018,35134.0
022,Tovuq go'shti,Мясо птицы,Poultry,Товуқ гўшти,2018-M02,2018,0.0
026,Turli baliqlar,Рыба всякая,Fish of all kinds,Турли балиқлар,2018-M02,2018,13321.0
027,Yangi sog'ilgan sut (1 litr),Молоко свежее (1 литр),Fresh milk (1 liter),Янги соғилган сут (1 литр),2018-M02,2018,2318.0
034,Tuxum (10 dona),Яйца (10 штук),Eggs (10 pieces ),Тухум (10 дона),2018-M02,2018,6085.0
035,Paxta yog'i (1 litr),Масло хлопковое (1 литр),Cottonseed oil (1 liter),Пахта ёғи (1 литр),2018-M02,2018,0.0
0036,Kungaboqar yog'i (1 litr),Масло подсолнечное (1 литр),Sunflower oil (1 liter),Кунгабоқар ёғи (1 литр),2018-M02,2018,0.0
037,Sariyog',Масло сливочное,Butter,Сариёғ,2018-M02,2018,30702.0
039,Limon,Лимоны,Lemons,Лимон,2018-M02,2018,12250.0
0040,Olma,Яблоки,Apples,Олма,2018-M02,2018,7568.0
041,Nok,Груши,Pears,Нок,2018-M02,2018,15412.0
049,Uzum,Виноград,Grape,Узум,2018-M02,2018,20042.0
0050,Tarvuz,Арбуз,Watermelon,Тарвуз,2018-M02,2018,2450.0
0051,Qovun,Дыня,Melon,Қовун,2018-M02,2018,3551.0
053,Mayiz,Кишмиш,Kishmish,Майиз,2018-M02,2018,23899.0
055,Karam,Капуста,Cabbage,Карам,2018-M02,2018,958.0
057,Bodring,Огурцы,Cucumbers,Бодринг,2018-M02,2018,12951.0
058,Pomidor,Помидоры,Tomatoes,Помидор,2018-M02,2018,12032.0
059,Baqlajon,Баклажаны,Eggplant,Бақлажон,2018-M02,2018,0.0
0060,Bulg'or qalampiri,Перец болгарский,Bell pepper,Булғор қалампири,2018-M02,2018,0.0
061,Qovoq,Тыква,Pumpkin,Қовоқ,2018-M02,2018,1769.0
063,Sabzi,Морковь,Carrot,Сабзи,2018-M02,2018,1284.0
065,Sarimsoq,Чеснок,Garlic,Саримсоқ,2018-M02,2018,6700.0
066,Piyoz,Лук репчатый,Onion,Пиёз,2018-M02,2018,2168.0
069,Kartoshka,Картофель,Potatoes,Картошка,2018-M02,2018,3558.0
0070,Loviya,Фасоль,Beans,Ловия,2018-M02,2018,0.0
071,No'xot,Горох,Peas,Нўхот,2018-M02,2018,0.0
0072,Mosh,Маш,Mash,Мош,2018-M02,2018,0.0
073,Shakar,Сахар песок,Sugar,Шакар,2018-M02,2018,0.0
002,Kruppa yormasi,Крупа манная,Semolina,Круппа ёрмаси,2018-M02,2018,2056.0
001,Guruch,Рис,Rice,Гуруч,2018-M03,2018,8159.0
003,Arpa,Ячмень,Barley,Арпа,2018-M03,2018,2093.0
0004,Bug'doy,Пшеница,Wheat,Буғдой,2018-M03,2018,1793.0
005,Jo'hori,Кукуруза,Corn,Жўҳори,2018-M03,2018,2531.0
006,Kepak,Отруби,Bran,Кепак,2018-M03,2018,1488.0
0008,Shrot,Шрот,Schroth,Шрот,2018-M03,2018,0.0
009,Shulxa,Шелуха,Husk,Шулха,2018-M03,2018,0.0
010,Kombikorm,Комбикорм,Compound feed,Комбикорм,2018-M03,2018,1607.0
011,Oliy navli bug'doy uni,Мука пшеничная высшего сорта,High-grade wheat flour,Олий навли буғдой уни,2018-M03,2018,2962.0
0012,1-navli bug'doy uni,Мука пшеничная первого сорта,First grade wheat flour,1-навли буғдой уни,2018-M03,2018,0.0
013,1-nav bug'doy unidan non,Хлеб пшеничный из муки 1-го сорта,Wheat bread from 1st grade flour,1-нав буғдой унидан нон,2018-M03,2018,0.0
017,Mol go'shti,Говядина,Beef,Мол гўшти,2018-M03,2018,34359.0
0020,Qo'y go'shti,Баранина,Mutton,Қўй гўшти,2018-M03,2018,35212.0
022,Tovuq go'shti,Мясо птицы,Poultry,Товуқ гўшти,2018-M03,2018,0.0
026,Turli baliqlar,Рыба всякая,Fish of all kinds,Турли балиқлар,2018-M03,2018,14193.0
027,Yangi sog'ilgan sut (1 litr),Молоко свежее (1 литр),Fresh milk (1 liter),Янги соғилган сут (1 литр),2018-M03,2018,2366.0
034,Tuxum (10 dona),Яйца (10 штук),Eggs (10 pieces ),Тухум (10 дона),2018-M03,2018,5767.0
035,Paxta yog'i (1 litr),Масло хлопковое (1 литр),Cottonseed oil (1 liter),Пахта ёғи (1 литр),2018-M03,2018,0.0
0036,Kungaboqar yog'i (1 litr),Масло подсолнечное (1 литр),Sunflower oil (1 liter),Кунгабоқар ёғи (1 литр),2018-M03,2018,0.0
037,Sariyog',Масло сливочное,Butter,Сариёғ,2018-M03,2018,32711.0
039,Limon,Лимоны,Lemons,Лимон,2018-M03,2018,13525.0
0040,Olma,Яблоки,Apples,Олма,2018-M03,2018,8104.0
041,Nok,Груши,Pears,Нок,2018-M03,2018,15877.0
049,Uzum,Виноград,Grape,Узум,2018-M03,2018,27750.0
0050,Tarvuz,Арбуз,Watermelon,Тарвуз,2018-M03,2018,0.0
0051,Qovun,Дыня,Melon,Қовун,2018-M03,2018,0.0
053,Mayiz,Кишмиш,Kishmish,Майиз,2018-M03,2018,25057.0
055,Karam,Капуста,Cabbage,Карам,2018-M03,2018,1045.0
057,Bodring,Огурцы,Cucumbers,Бодринг,2018-M03,2018,14807.0
058,Pomidor,Помидоры,Tomatoes,Помидор,2018-M03,2018,14878.0
059,Baqlajon,Баклажаны,Eggplant,Бақлажон,2018-M03,2018,0.0
0060,Bulg'or qalampiri,Перец болгарский,Bell pepper,Булғор қалампири,2018-M03,2018,0.0
061,Qovoq,Тыква,Pumpkin,Қовоқ,2018-M03,2018,1912.0
063,Sabzi,Морковь,Carrot,Сабзи,2018-M03,2018,1243.0
065,Sarimsoq,Чеснок,Garlic,Саримсоқ,2018-M03,2018,6360.0
066,Piyoz,Лук репчатый,Onion,Пиёз,2018-M03,2018,1960.0
069,Kartoshka,Картофель,Potatoes,Картошка,2018-M03,2018,3484.0
0070,Loviya,Фасоль,Beans,Ловия,2018-M03,2018,0.0
071,No'xot,Горох,Peas,Нўхот,2018-M03,2018,0.0
0072,Mosh,Маш,Mash,Мош,2018-M03,2018,0.0
073,Shakar,Сахар песок,Sugar,Шакар,2018-M03,2018,0.0
002,Kruppa yormasi,Крупа манная,Semolina,Круппа ёрмаси,2018-M03,2018,2093.0
001,Guruch,Рис,Rice,Гуруч,2018-M04,2018,8330.0
003,Arpa,Ячмень,Barley,Арпа,2018-M04,2018,2093.0
0004,Bug'doy,Пшеница,Wheat,Буғдой,2018-M04,2018,1818.0
005,Jo'hori,Кукуруза,Corn,Жўҳори,2018-M04,2018,2631.0
006,Kepak,Отруби,Bran,Кепак,2018-M04,2018,1488.0
0008,Shrot,Шрот,Schroth,Шрот,2018-M04,2018,0.0
009,Shulxa,Шелуха,Husk,Шулха,2018-M04,2018,0.0
010,Kombikorm,Комбикорм,Compound feed,Комбикорм,2018-M04,2018,1607.0
011,Oliy navli bug'doy uni,Мука пшеничная высшего сорта,High-grade wheat flour,Олий навли буғдой уни,2018-M04,2018,2967.0
0012,1-navli bug'doy uni,Мука пшеничная первого сорта,First grade wheat flour,1-навли буғдой уни,2018-M04,2018,0.0
013,1-nav bug'doy unidan non,Хлеб пшеничный из муки 1-го сорта,Wheat bread from 1st grade flour,1-нав буғдой унидан нон,2018-M04,2018,0.0
017,Mol go'shti,Говядина,Beef,Мол гўшти,2018-M04,2018,34406.0
0020,Qo'y go'shti,Баранина,Mutton,Қўй гўшти,2018-M04,2018,35212.0
022,Tovuq go'shti,Мясо птицы,Poultry,Товуқ гўшти,2018-M04,2018,0.0
026,Turli baliqlar,Рыба всякая,Fish of all kinds,Турли балиқлар,2018-M04,2018,14413.0
027,Yangi sog'ilgan sut (1 litr),Молоко свежее (1 литр),Fresh milk (1 liter),Янги соғилган сут (1 литр),2018-M04,2018,2589.0
034,Tuxum (10 dona),Яйца (10 штук),Eggs (10 pieces ),Тухум (10 дона),2018-M04,2018,5427.0
035,Paxta yog'i (1 litr),Масло хлопковое (1 литр),Cottonseed oil (1 liter),Пахта ёғи (1 литр),2018-M04,2018,0.0
0036,Kungaboqar yog'i (1 litr),Масло подсолнечное (1 литр),Sunflower oil (1 liter),Кунгабоқар ёғи (1 литр),2018-M04,2018,0.0
037,Sariyog',Масло сливочное,Butter,Сариёғ,2018-M04,2018,33089.0
039,Limon,Лимоны,Lemons,Лимон,2018-M04,2018,19502.0
0040,Olma,Яблоки,Apples,Олма,2018-M04,2018,8949.0
041,Nok,Груши,Pears,Нок,2018-M04,2018,16211.0
049,Uzum,Виноград,Grape,Узум,2018-M04,2018,30833.0
0050,Tarvuz,Арбуз,Watermelon,Тарвуз,2018-M04,2018,0.0
0051,Qovun,Дыня,Melon,Қовун,2018-M04,2018,0.0
053,Mayiz,Кишмиш,Kishmish,Майиз,2018-M04,2018,25321.0
055,Karam,Капуста,Cabbage,Карам,2018-M04,2018,1611.0
057,Bodring,Огурцы,Cucumbers,Бодринг,2018-M04,2018,11377.0
058,Pomidor,Помидоры,Tomatoes,Помидор,2018-M04,2018,14596.0
059,Baqlajon,Баклажаны,Eggplant,Бақлажон,2018-M04,2018,0.0
0060,Bulg'or qalampiri,Перец болгарский,Bell pepper,Булғор қалампири,2018-M04,2018,23816.0
061,Qovoq,Тыква,Pumpkin,Қовоқ,2018-M04,2018,2400.0
063,Sabzi,Морковь,Carrot,Сабзи,2018-M04,2018,1342.0
065,Sarimsoq,Чеснок,Garlic,Саримсоқ,2018-M04,2018,5834.0
066,Piyoz,Лук репчатый,Onion,Пиёз,2018-M04,2018,1575.0
069,Kartoshka,Картофель,Potatoes,Картошка,2018-M04,2018,3396.0
0070,Loviya,Фасоль,Beans,Ловия,2018-M04,2018,0.0
071,No'xot,Горох,Peas,Нўхот,2018-M04,2018,0.0
0072,Mosh,Маш,Mash,Мош,2018-M04,2018,0.0
073,Shakar,Сахар песок,Sugar,Шакар,2018-M04,2018,0.0
002,Kruppa yormasi,Крупа манная,Semolina,Круппа ёрмаси,2018-M04,2018,2093.0
001,Guruch,Рис,Rice,Гуруч,2018-M05,2018,8450.0
003,Arpa,Ячмень,Barley,Арпа,2018-M05,2018,2093.0
0004,Bug'doy,Пшеница,Wheat,Буғдой,2018-M05,2018,1923.0
005,Jo'hori,Кукуруза,Corn,Жўҳори,2018-M05,2018,2631.0
006,Kepak,Отруби,Bran,Кепак,2018-M05,2018,1488.0
0008,Shrot,Шрот,Schroth,Шрот,2018-M05,2018,0.0
009,Shulxa,Шелуха,Husk,Шулха,2018-M05,2018,0.0
010,Kombikorm,Комбикорм,Compound feed,Комбикорм,2018-M05,2018,1607.0
011,Oliy navli bug'doy uni,Мука пшеничная высшего сорта,High-grade wheat flour,Олий навли буғдой уни,2018-M05,2018,2967.0
0012,1-navli bug'doy uni,Мука пшеничная первого сорта,First grade wheat flour,1-навли буғдой уни,2018-M05,2018,0.0
013,1-nav bug'doy unidan non,Хлеб пшеничный из муки 1-го сорта,Wheat bread from 1st grade flour,1-нав буғдой унидан нон,2018-M05,2018,0.0
017,Mol go'shti,Говядина,Beef,Мол гўшти,2018-M05,2018,34418.0
0020,Qo'y go'shti,Баранина,Mutton,Қўй гўшти,2018-M05,2018,35212.0
022,Tovuq go'shti,Мясо птицы,Poultry,Товуқ гўшти,2018-M05,2018,0.0
026,Turli baliqlar,Рыба всякая,Fish of all kinds,Турли балиқлар,2018-M05,2018,15685.0
027,Yangi sog'ilgan sut (1 litr),Молоко свежее (1 литр),Fresh milk (1 liter),Янги соғилган сут (1 литр),2018-M05,2018,2695.0
034,Tuxum (10 dona),Яйца (10 штук),Eggs (10 pieces ),Тухум (10 дона),2018-M05,2018,5415.0
035,Paxta yog'i (1 litr),Масло хлопковое (1 литр),Cottonseed oil (1 liter),Пахта ёғи (1 литр),2018-M05,2018,0.0
0036,Kungaboqar yog'i (1 litr),Масло подсолнечное (1 литр),Sunflower oil (1 liter),Кунгабоқар ёғи (1 литр),2018-M05,2018,0.0
037,Sariyog',Масло сливочное,Butter,Сариёғ,2018-M05,2018,33089.0
039,Limon,Лимоны,Lemons,Лимон,2018-M05,2018,24114.0
0040,Olma,Яблоки,Apples,Олма,2018-M05,2018,10747.0
041,Nok,Груши,Pears,Нок,2018-M05,2018,16289.0
049,Uzum,Виноград,Grape,Узум,2018-M05,2018,0.0
0050,Tarvuz,Арбуз,Watermelon,Тарвуз,2018-M05,2018,0.0
0051,Qovun,Дыня,Melon,Қовун,2018-M05,2018,0.0
053,Mayiz,Кишмиш,Kishmish,Майиз,2018-M05,2018,25321.0
055,Karam,Капуста,Cabbage,Карам,2018-M05,2018,1343.0
057,Bodring,Огурцы,Cucumbers,Бодринг,2018-M05,2018,5474.0
058,Pomidor,Помидоры,Tomatoes,Помидор,2018-M05,2018,9237.0
059,Baqlajon,Баклажаны,Eggplant,Бақлажон,2018-M05,2018,0.0
0060,Bulg'or qalampiri,Перец болгарский,Bell pepper,Булғор қалампири,2018-M05,2018,15260.0
061,Qovoq,Тыква,Pumpkin,Қовоқ,2018-M05,2018,3625.0
063,Sabzi,Морковь,Carrot,Сабзи,2018-M05,2018,1414.0
065,Sarimsoq,Чеснок,Garlic,Саримсоқ,2018-M05,2018,5663.0
066,Piyoz,Лук репчатый,Onion,Пиёз,2018-M05,2018,1313.0
069,Kartoshka,Картофель,Potatoes,Картошка,2018-M05,2018,2879.0
0070,Loviya,Фасоль,Beans,Ловия,2018-M05,2018,0.0
071,No'xot,Горох,Peas,Нўхот,2018-M05,2018,0.0
0072,Mosh,Маш,Mash,Мош,2018-M05,2018,0.0
073,Shakar,Сахар песок,Sugar,Шакар,2018-M05,2018,0.0
002,Kruppa yormasi,Крупа манная,Semolina,Круппа ёрмаси,2018-M05,2018,2093.0
001,Guruch,Рис,Rice,Гуруч,2018-M06,2018,8477.0
003,Arpa,Ячмень,Barley,Арпа,2018-M06,2018,2093.0
0004,Bug'doy,Пшеница,Wheat,Буғдой,2018-M06,2018,1977.0
005,Jo'hori,Кукуруза,Corn,Жўҳори,2018-M06,2018,2796.0
006,Kepak,Отруби,Bran,Кепак,2018-M06,2018,1498.0
0008,Shrot,Шрот,Schroth,Шрот,2018-M06,2018,0.0
009,Shulxa,Шелуха,Husk,Шулха,2018-M06,2018,0.0
010,Kombikorm,Комбикорм,Compound feed,Комбикорм,2018-M06,2018,1614.0
011,Oliy navli bug'doy uni,Мука пшеничная высшего сорта,High-grade wheat flour,Олий навли буғдой уни,2018-M06,2018,2967.0
0012,1-navli bug'doy uni,Мука пшеничная первого сорта,First grade wheat flour,1-навли буғдой уни,2018-M06,2018,0.0
013,1-nav bug'doy unidan non,Хлеб пшеничный из муки 1-го сорта,Wheat bread from 1st grade flour,1-нав буғдой унидан нон,2018-M06,2018,0.0
017,Mol go'shti,Говядина,Beef,Мол гўшти,2018-M06,2018,34517.0
0020,Qo'y go'shti,Баранина,Mutton,Қўй гўшти,2018-M06,2018,36049.0
022,Tovuq go'shti,Мясо птицы,Poultry,Товуқ гўшти,2018-M06,2018,0.0
026,Turli baliqlar,Рыба всякая,Fish of all kinds,Турли балиқлар,2018-M06,2018,0.0
027,Yangi sog'ilgan sut (1 litr),Молоко свежее (1 литр),Fresh milk (1 liter),Янги соғилган сут (1 литр),2018-M06,2018,2695.0
034,Tuxum (10 dona),Яйца (10 штук),Eggs (10 pieces ),Тухум (10 дона),2018-M06,2018,5064.0
035,Paxta yog'i (1 litr),Масло хлопковое (1 литр),Cottonseed oil (1 liter),Пахта ёғи (1 литр),2018-M06,2018,0.0
0036,Kungaboqar yog'i (1 litr),Масло подсолнечное (1 литр),Sunflower oil (1 liter),Кунгабоқар ёғи (1 литр),2018-M06,2018,0.0
037,Sariyog',Масло сливочное,Butter,Сариёғ,2018-M06,2018,33089.0
039,Limon,Лимоны,Lemons,Лимон,2018-M06,2018,25500.0
0040,Olma,Яблоки,Apples,Олма,2018-M06,2018,7675.0
041,Nok,Груши,Pears,Нок,2018-M06,2018,15978.0
049,Uzum,Виноград,Grape,Узум,2018-M06,2018,8974.0
0050,Tarvuz,Арбуз,Watermelon,Тарвуз,2018-M06,2018,1666.0
0051,Qovun,Дыня,Melon,Қовун,2018-M06,2018,3581.0
053,Mayiz,Кишмиш,Kishmish,Майиз,2018-M06,2018,22049.0
055,Karam,Капуста,Cabbage,Карам,2018-M06,2018,1124.0
057,Bodring,Огурцы,Cucumbers,Бодринг,2018-M06,2018,2237.0
058,Pomidor,Помидоры,Tomatoes,Помидор,2018-M06,2018,2732.0
059,Baqlajon,Баклажаны,Eggplant,Бақлажон,2018-M06,2018,3071.0
0060,Bulg'or qalampiri,Перец болгарский,Bell pepper,Булғор қалампири,2018-M06,2018,4918.0
061,Qovoq,Тыква,Pumpkin,Қовоқ,2018-M06,2018,0.0
063,Sabzi,Морковь,Carrot,Сабзи,2018-M06,2018,1414.0
065,Sarimsoq,Чеснок,Garlic,Саримсоқ,2018-M06,2018,4991.0
066,Piyoz,Лук репчатый,Onion,Пиёз,2018-M06,2018,1221.0
069,Kartoshka,Картофель,Potatoes,Картошка,2018-M06,2018,1696.0
0070,Loviya,Фасоль,Beans,Ловия,2018-M06,2018,0.0
071,No'xot,Горох,Peas,Нўхот,2018-M06,2018,0.0
0072,Mosh,Маш,Mash,Мош,2018-M06,2018,0.0
073,Shakar,Сахар песок,Sugar,Шакар,2018-M06,2018,0.0
002,Kruppa yormasi,Крупа манная,Semolina,Круппа ёрмаси,2018-M06,2018,2093.0
001,Guruch,Рис,Rice,Гуруч,2018-M07,2018,8913.0
003,Arpa,Ячмень,Barley,Арпа,2018-M07,2018,2093.0
0004,Bug'doy,Пшеница,Wheat,Буғдой,2018-M07,2018,1866.0
005,Jo'hori,Кукуруза,Corn,Жўҳори,2018-M07,2018,2781.0
006,Kepak,Отруби,Bran,Кепак,2018-M07,2018,1498.0
0008,Shrot,Шрот,Schroth,Шрот,2018-M07,2018,0.0
009,Shulxa,Шелуха,Husk,Шулха,2018-M07,2018,0.0
010,Kombikorm,Комбикорм,Compound feed,Комбикорм,2018-M07,2018,1614.0
011,Oliy navli bug'doy uni,Мука пшеничная высшего сорта,High-grade wheat flour,Олий навли буғдой уни,2018-M07,2018,2967.0
0012,1-navli bug'doy uni,Мука пшеничная первого сорта,First grade wheat flour,1-навли буғдой уни,2018-M07,2018,0.0
013,1-nav bug'doy unidan non,Хлеб пшеничный из муки 1-го сорта,Wheat bread from 1st grade flour,1-нав буғдой унидан нон,2018-M07,2018,0.0
017,Mol go'shti,Говядина,Beef,Мол гўшти,2018-M07,2018,35482.0
0020,Qo'y go'shti,Баранина,Mutton,Қўй гўшти,2018-M07,2018,36855.0
022,Tovuq go'shti,Мясо птицы,Poultry,Товуқ гўшти,2018-M07,2018,0.0
026,Turli baliqlar,Рыба всякая,Fish of all kinds,Турли балиқлар,2018-M07,2018,0.0
027,Yangi sog'ilgan sut (1 litr),Молоко свежее (1 литр),Fresh milk (1 liter),Янги соғилган сут (1 литр),2018-M07,2018,2695.0
034,Tuxum (10 dona),Яйца (10 штук),Eggs (10 pieces ),Тухум (10 дона),2018-M07,2018,4894.0
035,Paxta yog'i (1 litr),Масло хлопковое (1 литр),Cottonseed oil (1 liter),Пахта ёғи (1 литр),2018-M07,2018,0.0
0036,Kungaboqar yog'i (1 litr),Масло подсолнечное (1 литр),Sunflower oil (1 liter),Кунгабоқар ёғи (1 литр),2018-M07,2018,0.0
037,Sariyog',Масло сливочное,Butter,Сариёғ,2018-M07,2018,33089.0
039,Limon,Лимоны,Lemons,Лимон,2018-M07,2018,28889.0
0040,Olma,Яблоки,Apples,Олма,2018-M07,2018,6325.0
041,Nok,Груши,Pears,Нок,2018-M07,2018,11132.0
049,Uzum,Виноград,Grape,Узум,2018-M07,2018,5553.0
0050,Tarvuz,Арбуз,Watermelon,Тарвуз,2018-M07,2018,1205.0
0051,Qovun,Дыня,Melon,Қовун,2018-M07,2018,2726.0
053,Mayiz,Кишмиш,Kishmish,Майиз,2018-M07,2018,20637.0
055,Karam,Капуста,Cabbage,Карам,2018-M07,2018,1013.0
057,Bodring,Огурцы,Cucumbers,Бодринг,2018-M07,2018,1979.0
058,Pomidor,Помидоры,Tomatoes,Помидор,2018-M07,2018,1435.0
059,Baqlajon,Баклажаны,Eggplant,Бақлажон,2018-M07,2018,1379.0
0060,Bulg'or qalampiri,Перец болгарский,Bell pepper,Булғор қалампири,2018-M07,2018,2826.0
061,Qovoq,Тыква,Pumpkin,Қовоқ,2018-M07,2018,2158.0
063,Sabzi,Морковь,Carrot,Сабзи,2018-M07,2018,1461.0
065,Sarimsoq,Чеснок,Garlic,Саримсоқ,2018-M07,2018,4154.0
066,Piyoz,Лук репчатый,Onion,Пиёз,2018-M07,2018,1221.0
069,Kartoshka,Картофель,Potatoes,Картошка,2018-M07,2018,1416.0
0070,Loviya,Фасоль,Beans,Ловия,2018-M07,2018,0.0
071,No'xot,Горох,Peas,Нўхот,2018-M07,2018,0.0
0072,Mosh,Маш,Mash,Мош,2018-M07,2018,0.0
073,Shakar,Сахар песок,Sugar,Шакар,2018-M07,2018,0.0
002,Kruppa yormasi,Крупа манная,Semolina,Круппа ёрмаси,2018-M07,2018,2093.0
001,Guruch,Рис,Rice,Гуруч,2018-M08,2018,9132.0
003,Arpa,Ячмень,Barley,Арпа,2018-M08,2018,1992.0
0004,Bug'doy,Пшеница,Wheat,Буғдой,2018-M08,2018,1787.0
005,Jo'hori,Кукуруза,Corn,Жўҳори,2018-M08,2018,2728.0
006,Kepak,Отруби,Bran,Кепак,2018-M08,2018,1498.0
0008,Shrot,Шрот,Schroth,Шрот,2018-M08,2018,0.0
009,Shulxa,Шелуха,Husk,Шулха,2018-M08,2018,0.0
010,Kombikorm,Комбикорм,Compound feed,Комбикорм,2018-M08,2018,1614.0
011,Oliy navli bug'doy uni,Мука пшеничная высшего сорта,High-grade wheat flour,Олий навли буғдой уни,2018-M08,2018,2967.0
0012,1-navli bug'doy uni,Мука пшеничная первого сорта,First grade wheat flour,1-навли буғдой уни,2018-M08,2018,0.0
013,1-nav bug'doy unidan non,Хлеб пшеничный из муки 1-го сорта,Wheat bread from 1st grade flour,1-нав буғдой унидан нон,2018-M08,2018,0.0
017,Mol go'shti,Говядина,Beef,Мол гўшти,2018-M08,2018,36000.0
0020,Qo'y go'shti,Баранина,Mutton,Қўй гўшти,2018-M08,2018,37239.0
022,Tovuq go'shti,Мясо птицы,Poultry,Товуқ гўшти,2018-M08,2018,0.0
026,Turli baliqlar,Рыба всякая,Fish of all kinds,Турли балиқлар,2018-M08,2018,0.0
027,Yangi sog'ilgan sut (1 litr),Молоко свежее (1 литр),Fresh milk (1 liter),Янги соғилган сут (1 литр),2018-M08,2018,2695.0
034,Tuxum (10 dona),Яйца (10 штук),Eggs (10 pieces ),Тухум (10 дона),2018-M08,2018,4845.0
035,Paxta yog'i (1 litr),Масло хлопковое (1 литр),Cottonseed oil (1 liter),Пахта ёғи (1 литр),2018-M08,2018,0.0
0036,Kungaboqar yog'i (1 litr),Масло подсолнечное (1 литр),Sunflower oil (1 liter),Кунгабоқар ёғи (1 литр),2018-M08,2018,0.0
037,Sariyog',Масло сливочное,Butter,Сариёғ,2018-M08,2018,34530.0
039,Limon,Лимоны,Lemons,Лимон,2018-M08,2018,32333.0
0040,Olma,Яблоки,Apples,Олма,2018-M08,2018,6121.0
041,Nok,Груши,Pears,Нок,2018-M08,2018,8916.0
049,Uzum,Виноград,Grape,Узум,2018-M08,2018,4658.0
0050,Tarvuz,Арбуз,Watermelon,Тарвуз,2018-M08,2018,1163.0
0051,Qovun,Дыня,Melon,Қовун,2018-M08,2018,2032.0
053,Mayiz,Кишмиш,Kishmish,Майиз,2018-M08,2018,20637.0
055,Karam,Капуста,Cabbage,Карам,2018-M08,2018,903.0
057,Bodring,Огурцы,Cucumbers,Бодринг,2018-M08,2018,1956.0
058,Pomidor,Помидоры,Tomatoes,Помидор,2018-M08,2018,2453.0
059,Baqlajon,Баклажаны,Eggplant,Бақлажон,2018-M08,2018,1316.0
0060,Bulg'or qalampiri,Перец болгарский,Bell pepper,Булғор қалампири,2018-M08,2018,2142.0
061,Qovoq,Тыква,Pumpkin,Қовоқ,2018-M08,2018,1643.0
063,Sabzi,Морковь,Carrot,Сабзи,2018-M08,2018,1586.0
065,Sarimsoq,Чеснок,Garlic,Саримсоқ,2018-M08,2018,3963.0
066,Piyoz,Лук репчатый,Onion,Пиёз,2018-M08,2018,1221.0
069,Kartoshka,Картофель,Potatoes,Картошка,2018-M08,2018,1416.0
0070,Loviya,Фасоль,Beans,Ловия,2018-M08,2018,0.0
071,No'xot,Горох,Peas,Нўхот,2018-M08,2018,0.0
0072,Mosh,Маш,Mash,Мош,2018-M08,2018,0.0
073,Shakar,Сахар песок,Sugar,Шакар,2018-M08,2018,0.0
002,Kruppa yormasi,Крупа манная,Semolina,Круппа ёрмаси,2018-M08,2018,1992.0
001,Guruch,Рис,Rice,Гуруч,2018-M09,2018,9132.0
003,Arpa,Ячмень,Barley,Арпа,2018-M09,2018,1992.0
0004,Bug'doy,Пшеница,Wheat,Буғдой,2018-M09,2018,1779.0
005,Jo'hori,Кукуруза,Corn,Жўҳори,2018-M09,2018,2475.0
006,Kepak,Отруби,Bran,Кепак,2018-M09,2018,1498.0
0008,Shrot,Шрот,Schroth,Шрот,2018-M09,2018,0.0
009,Shulxa,Шелуха,Husk,Шулха,2018-M09,2018,0.0
010,Kombikorm,Комбикорм,Compound feed,Комбикорм,2018-M09,2018,1614.0
011,Oliy navli bug'doy uni,Мука пшеничная высшего сорта,High-grade wheat flour,Олий навли буғдой уни,2018-M09,2018,2971.0
0012,1-navli bug'doy uni,Мука пшеничная первого сорта,First grade wheat flour,1-навли буғдой уни,2018-M09,2018,0.0
013,1-nav bug'doy unidan non,Хлеб пшеничный из муки 1-го сорта,Wheat bread from 1st grade flour,1-нав буғдой унидан нон,2018-M09,2018,0.0
017,Mol go'shti,Говядина,Beef,Мол гўшти,2018-M09,2018,36525.0
0020,Qo'y go'shti,Баранина,Mutton,Қўй гўшти,2018-M09,2018,37619.0
022,Tovuq go'shti,Мясо птицы,Poultry,Товуқ гўшти,2018-M09,2018,0.0
026,Turli baliqlar,Рыба всякая,Fish of all kinds,Турли балиқлар,2018-M09,2018,18500.0
027,Yangi sog'ilgan sut (1 litr),Молоко свежее (1 литр),Fresh milk (1 liter),Янги соғилган сут (1 литр),2018-M09,2018,2695.0
034,Tuxum (10 dona),Яйца (10 штук),Eggs (10 pieces ),Тухум (10 дона),2018-M09,2018,4845.0
035,Paxta yog'i (1 litr),Масло хлопковое (1 литр),Cottonseed oil (1 liter),Пахта ёғи (1 литр),2018-M09,2018,0.0
0036,Kungaboqar yog'i (1 litr),Масло подсолнечное (1 литр),Sunflower oil (1 liter),Кунгабоқар ёғи (1 литр),2018-M09,2018,0.0
037,Sariyog',Масло сливочное,Butter,Сариёғ,2018-M09,2018,34826.0
039,Limon,Лимоны,Lemons,Лимон,2018-M09,2018,29333.0
0040,Olma,Яблоки,Apples,Олма,2018-M09,2018,4753.0
041,Nok,Груши,Pears,Нок,2018-M09,2018,8368.0
049,Uzum,Виноград,Grape,Узум,2018-M09,2018,3712.0
0050,Tarvuz,Арбуз,Watermelon,Тарвуз,2018-M09,2018,1098.0
0051,Qovun,Дыня,Melon,Қовун,2018-M09,2018,1546.0
053,Mayiz,Кишмиш,Kishmish,Майиз,2018-M09,2018,20637.0
055,Karam,Капуста,Cabbage,Карам,2018-M09,2018,1045.0
057,Bodring,Огурцы,Cucumbers,Бодринг,2018-M09,2018,2004.0
058,Pomidor,Помидоры,Tomatoes,Помидор,2018-M09,2018,3504.0
059,Baqlajon,Баклажаны,Eggplant,Бақлажон,2018-M09,2018,1246.0
0060,Bulg'or qalampiri,Перец болгарский,Bell pepper,Булғор қалампири,2018-M09,2018,1933.0
061,Qovoq,Тыква,Pumpkin,Қовоқ,2018-M09,2018,1339.0
063,Sabzi,Морковь,Carrot,Сабзи,2018-M09,2018,1711.0
065,Sarimsoq,Чеснок,Garlic,Саримсоқ,2018-M09,2018,3963.0
066,Piyoz,Лук репчатый,Onion,Пиёз,2018-M09,2018,1221.0
069,Kartoshka,Картофель,Potatoes,Картошка,2018-M09,2018,1516.0
0070,Loviya,Фасоль,Beans,Ловия,2018-M09,2018,0.0
071,No'xot,Горох,Peas,Нўхот,2018-M09,2018,0.0
0072,Mosh,Маш,Mash,Мош,2018-M09,2018,0.0
073,Shakar,Сахар песок,Sugar,Шакар,2018-M09,2018,0.0
002,Kruppa yormasi,Крупа манная,Semolina,Круппа ёрмаси,2018-M09,2018,1992.0
001,Guruch,Рис,Rice,Гуруч,2018-M10,2018,9132.0
003,Arpa,Ячмень,Barley,Арпа,2018-M10,2018,2003.0
0004,Bug'doy,Пшеница,Wheat,Буғдой,2018-M10,2018,1847.0
005,Jo'hori,Кукуруза,Corn,Жўҳори,2018-M10,2018,2274.0
006,Kepak,Отруби,Bran,Кепак,2018-M10,2018,1571.0
0008,Shrot,Шрот,Schroth,Шрот,2018-M10,2018,0.0
009,Shulxa,Шелуха,Husk,Шулха,2018-M10,2018,0.0
010,Kombikorm,Комбикорм,Compound feed,Комбикорм,2018-M10,2018,1656.0
011,Oliy navli bug'doy uni,Мука пшеничная высшего сорта,High-grade wheat flour,Олий навли буғдой уни,2018-M10,2018,2979.0
0012,1-navli bug'doy uni,Мука пшеничная первого сорта,First grade wheat flour,1-навли буғдой уни,2018-M10,2018,0.0
013,1-nav bug'doy unidan non,Хлеб пшеничный из муки 1-го сорта,Wheat bread from 1st grade flour,1-нав буғдой унидан нон,2018-M10,2018,0.0
017,Mol go'shti,Говядина,Beef,Мол гўшти,2018-M10,2018,37296.0
0020,Qo'y go'shti,Баранина,Mutton,Қўй гўшти,2018-M10,2018,38254.0
022,Tovuq go'shti,Мясо птицы,Poultry,Товуқ гўшти,2018-M10,2018,0.0
026,Turli baliqlar,Рыба всякая,Fish of all kinds,Турли балиқлар,2018-M10,2018,15450.0
027,Yangi sog'ilgan sut (1 litr),Молоко свежее (1 литр),Fresh milk (1 liter),Янги соғилган сут (1 литр),2018-M10,2018,2782.0
034,Tuxum (10 dona),Яйца (10 штук),Eggs (10 pieces ),Тухум (10 дона),2018-M10,2018,5672.0
035,Paxta yog'i (1 litr),Масло хлопковое (1 литр),Cottonseed oil (1 liter),Пахта ёғи (1 литр),2018-M10,2018,0.0
0036,Kungaboqar yog'i (1 litr),Масло подсолнечное (1 литр),Sunflower oil (1 liter),Кунгабоқар ёғи (1 литр),2018-M10,2018,0.0
037,Sariyog',Масло сливочное,Butter,Сариёғ,2018-M10,2018,34826.0
039,Limon,Лимоны,Lemons,Лимон,2018-M10,2018,18000.0
0040,Olma,Яблоки,Apples,Олма,2018-M10,2018,4216.0
041,Nok,Груши,Pears,Нок,2018-M10,2018,8337.0
049,Uzum,Виноград,Grape,Узум,2018-M10,2018,3274.0
0050,Tarvuz,Арбуз,Watermelon,Тарвуз,2018-M10,2018,1128.0
0051,Qovun,Дыня,Melon,Қовун,2018-M10,2018,1523.0
053,Mayiz,Кишмиш,Kishmish,Майиз,2018-M10,2018,20832.0
055,Karam,Капуста,Cabbage,Карам,2018-M10,2018,1995.0
057,Bodring,Огурцы,Cucumbers,Бодринг,2018-M10,2018,2849.0
058,Pomidor,Помидоры,Tomatoes,Помидор,2018-M10,2018,3861.0
059,Baqlajon,Баклажаны,Eggplant,Бақлажон,2018-M10,2018,1430.0
0060,Bulg'or qalampiri,Перец болгарский,Bell pepper,Булғор қалампири,2018-M10,2018,2325.0
061,Qovoq,Тыква,Pumpkin,Қовоқ,2018-M10,2018,1242.0
063,Sabzi,Морковь,Carrot,Сабзи,2018-M10,2018,1904.0
065,Sarimsoq,Чеснок,Garlic,Саримсоқ,2018-M10,2018,3718.0
066,Piyoz,Лук репчатый,Onion,Пиёз,2018-M10,2018,1170.0
069,Kartoshka,Картофель,Potatoes,Картошка,2018-M10,2018,1876.0
0070,Loviya,Фасоль,Beans,Ловия,2018-M10,2018,0.0
071,No'xot,Горох,Peas,Нўхот,2018-M10,2018,0.0
0072,Mosh,Маш,Mash,Мош,2018-M10,2018,0.0
073,Shakar,Сахар песок,Sugar,Шакар,2018-M10,2018,0.0
002,Kruppa yormasi,Крупа манная,Semolina,Круппа ёрмаси,2018-M10,2018,2003.0
001,Guruch,Рис,Rice,Гуруч,2018-M11,2018,9132.0
003,Arpa,Ячмень,Barley,Арпа,2018-M11,2018,2008.0
0004,Bug'doy,Пшеница,Wheat,Буғдой,2018-M11,2018,2030.0
005,Jo'hori,Кукуруза,Corn,Жўҳори,2018-M11,2018,2284.0
006,Kepak,Отруби,Bran,Кепак,2018-M11,2018,1571.0
0008,Shrot,Шрот,Schroth,Шрот,2018-M11,2018,0.0
009,Shulxa,Шелуха,Husk,Шулха,2018-M11,2018,0.0
010,Kombikorm,Комбикорм,Compound feed,Комбикорм,2018-M11,2018,1973.0
011,Oliy navli bug'doy uni,Мука пшеничная высшего сорта,High-grade wheat flour,Олий навли буғдой уни,2018-M11,2018,3135.0
0012,1-navli bug'doy uni,Мука пшеничная первого сорта,First grade wheat flour,1-навли буғдой уни,2018-M11,2018,0.0
013,1-nav bug'doy unidan non,Хлеб пшеничный из муки 1-го сорта,Wheat bread from 1st grade flour,1-нав буғдой унидан нон,2018-M11,2018,0.0
017,Mol go'shti,Говядина,Beef,Мол гўшти,2018-M11,2018,37584.0
0020,Qo'y go'shti,Баранина,Mutton,Қўй гўшти,2018-M11,2018,38500.0
022,Tovuq go'shti,Мясо птицы,Poultry,Товуқ гўшти,2018-M11,2018,0.0
026,Turli baliqlar,Рыба всякая,Fish of all kinds,Турли балиқлар,2018-M11,2018,15250.0
027,Yangi sog'ilgan sut (1 litr),Молоко свежее (1 литр),Fresh milk (1 liter),Янги соғилган сут (1 литр),2018-M11,2018,2832.0
034,Tuxum (10 dona),Яйца (10 штук),Eggs (10 pieces ),Тухум (10 дона),2018-M11,2018,5745.0
035,Paxta yog'i (1 litr),Масло хлопковое (1 литр),Cottonseed oil (1 liter),Пахта ёғи (1 литр),2018-M11,2018,0.0
0036,Kungaboqar yog'i (1 litr),Масло подсолнечное (1 литр),Sunflower oil (1 liter),Кунгабоқар ёғи (1 литр),2018-M11,2018,0.0
037,Sariyog',Масло сливочное,Butter,Сариёғ,2018-M11,2018,34826.0
039,Limon,Лимоны,Lemons,Лимон,2018-M11,2018,13400.0
0040,Olma,Яблоки,Apples,Олма,2018-M11,2018,4216.0
041,Nok,Груши,Pears,Нок,2018-M11,2018,8267.0
049,Uzum,Виноград,Grape,Узум,2018-M11,2018,3151.0
0050,Tarvuz,Арбуз,Watermelon,Тарвуз,2018-M11,2018,1309.0
0051,Qovun,Дыня,Melon,Қовун,2018-M11,2018,1842.0
053,Mayiz,Кишмиш,Kishmish,Майиз,2018-M11,2018,20832.0
055,Karam,Капуста,Cabbage,Карам,2018-M11,2018,2734.0
057,Bodring,Огурцы,Cucumbers,Бодринг,2018-M11,2018,6395.0
058,Pomidor,Помидоры,Tomatoes,Помидор,2018-M11,2018,6298.0
059,Baqlajon,Баклажаны,Eggplant,Бақлажон,2018-M11,2018,4661.0
0060,Bulg'or qalampiri,Перец болгарский,Bell pepper,Булғор қалампири,2018-M11,2018,3477.0
061,Qovoq,Тыква,Pumpkin,Қовоқ,2018-M11,2018,1210.0
063,Sabzi,Морковь,Carrot,Сабзи,2018-M11,2018,1680.0
065,Sarimsoq,Чеснок,Garlic,Саримсоқ,2018-M11,2018,3658.0
066,Piyoz,Лук репчатый,Onion,Пиёз,2018-M11,2018,966.0
069,Kartoshka,Картофель,Potatoes,Картошка,2018-M11,2018,2073.0
0070,Loviya,Фасоль,Beans,Ловия,2018-M11,2018,0.0
071,No'xot,Горох,Peas,Нўхот,2018-M11,2018,0.0
0072,Mosh,Маш,Mash,Мош,2018-M11,2018,0.0
073,Shakar,Сахар песок,Sugar,Шакар,2018-M11,2018,0.0
002,Kruppa yormasi,Крупа манная,Semolina,Круппа ёрмаси,2018-M11,2018,2008.0
001,Guruch,Рис,Rice,Гуруч,2018-M12,2018,9132.0
003,Arpa,Ячмень,Barley,Арпа,2018-M12,2018,2013.0
0004,Bug'doy,Пшеница,Wheat,Буғдой,2018-M12,2018,2083.0
005,Jo'hori,Кукуруза,Corn,Жўҳори,2018-M12,2018,2289.0
006,Kepak,Отруби,Bran,Кепак,2018-M12,2018,1571.0
0008,Shrot,Шрот,Schroth,Шрот,2018-M12,2018,0.0
009,Shulxa,Шелуха,Husk,Шулха,2018-M12,2018,0.0
010,Kombikorm,Комбикорм,Compound feed,Комбикорм,2018-M12,2018,2211.0
011,Oliy navli bug'doy uni,Мука пшеничная высшего сорта,High-grade wheat flour,Олий навли буғдой уни,2018-M12,2018,3189.0
0012,1-navli bug'doy uni,Мука пшеничная первого сорта,First grade wheat flour,1-навли буғдой уни,2018-M12,2018,0.0
013,1-nav bug'doy unidan non,Хлеб пшеничный из муки 1-го сорта,Wheat bread from 1st grade flour,1-нав буғдой унидан нон,2018-M12,2018,0.0
017,Mol go'shti,Говядина,Beef,Мол гўшти,2018-M12,2018,37712.0
0020,Qo'y go'shti,Баранина,Mutton,Қўй гўшти,2018-M12,2018,38647.0
022,Tovuq go'shti,Мясо птицы,Poultry,Товуқ гўшти,2018-M12,2018,0.0
026,Turli baliqlar,Рыба всякая,Fish of all kinds,Турли балиқлар,2018-M12,2018,15351.0
027,Yangi sog'ilgan sut (1 litr),Молоко свежее (1 литр),Fresh milk (1 liter),Янги соғилган сут (1 литр),2018-M12,2018,2832.0
034,Tuxum (10 dona),Яйца (10 штук),Eggs (10 pieces ),Тухум (10 дона),2018-M12,2018,5389.0
035,Paxta yog'i (1 litr),Масло хлопковое (1 литр),Cottonseed oil (1 liter),Пахта ёғи (1 литр),2018-M12,2018,0.0
0036,Kungaboqar yog'i (1 litr),Масло подсолнечное (1 литр),Sunflower oil (1 liter),Кунгабоқар ёғи (1 литр),2018-M12,2018,0.0
037,Sariyog',Масло сливочное,Butter,Сариёғ,2018-M12,2018,34826.0
039,Limon,Лимоны,Lemons,Лимон,2018-M12,2018,9744.0
0040,Olma,Яблоки,Apples,Олма,2018-M12,2018,4216.0
041,Nok,Груши,Pears,Нок,2018-M12,2018,8433.0
049,Uzum,Виноград,Grape,Узум,2018-M12,2018,4295.0
0050,Tarvuz,Арбуз,Watermelon,Тарвуз,2018-M12,2018,1783.0
0051,Qovun,Дыня,Melon,Қовун,2018-M12,2018,2198.0
053,Mayiz,Кишмиш,Kishmish,Майиз,2018-M12,2018,20832.0
055,Karam,Капуста,Cabbage,Карам,2018-M12,2018,2412.0
057,Bodring,Огурцы,Cucumbers,Бодринг,2018-M12,2018,13338.0
058,Pomidor,Помидоры,Tomatoes,Помидор,2018-M12,2018,7940.0
059,Baqlajon,Баклажаны,Eggplant,Бақлажон,2018-M12,2018,13347.0
0060,Bulg'or qalampiri,Перец болгарский,Bell pepper,Булғор қалампири,2018-M12,2018,5365.0
061,Qovoq,Тыква,Pumpkin,Қовоқ,2018-M12,2018,1317.0
063,Sabzi,Морковь,Carrot,Сабзи,2018-M12,2018,1347.0
065,Sarimsoq,Чеснок,Garlic,Саримсоқ,2018-M12,2018,3658.0
066,Piyoz,Лук репчатый,Onion,Пиёз,2018-M12,2018,858.0
069,Kartoshka,Картофель,Potatoes,Картошка,2018-M12,2018,2021.0
0070,Loviya,Фасоль,Beans,Ловия,2018-M12,2018,0.0
071,No'xot,Горох,Peas,Нўхот,2018-M12,2018,0.0
0072,Mosh,Маш,Mash,Мош,2018-M12,2018,0.0
073,Shakar,Сахар песок,Sugar,Шакар,2018-M12,2018,0.0
002,Kruppa yormasi,Крупа манная,Semolina,Круппа ёрмаси,2018-M12,2018,2013.0
001,Guruch,Рис,Rice,Гуруч,2019-M01,2019,8907.0
003,Arpa,Ячмень,Barley,Арпа,2019-M01,2019,2013.0
0004,Bug'doy,Пшеница,Wheat,Буғдой,2019-M01,2019,2076.0
005,Jo'hori,Кукуруза,Corn,Жўҳори,2019-M01,2019,2289.0
006,Kepak,Отруби,Bran,Кепак,2019-M01,2019,1571.0
0008,Shrot,Шрот,Schroth,Шрот,2019-M01,2019,2808.0
009,Shulxa,Шелуха,Husk,Шулха,2019-M01,2019,2208.0
010,Kombikorm,Комбикорм,Compound feed,Комбикорм,2019-M01,2019,2117.0
011,Oliy navli bug'doy uni,Мука пшеничная высшего сорта,High-grade wheat flour,Олий навли буғдой уни,2019-M01,2019,0.0
0012,1-navli bug'doy uni,Мука пшеничная первого сорта,First grade wheat flour,1-навли буғдой уни,2019-M01,2019,0.0
013,1-nav bug'doy unidan non,Хлеб пшеничный из муки 1-го сорта,Wheat bread from 1st grade flour,1-нав буғдой унидан нон,2019-M01,2019,0.0
017,Mol go'shti,Говядина,Beef,Мол гўшти,2019-M01,2019,37468.0
0020,Qo'y go'shti,Баранина,Mutton,Қўй гўшти,2019-M01,2019,38684.0
022,Tovuq go'shti,Мясо птицы,Poultry,Товуқ гўшти,2019-M01,2019,19090.0
026,Turli baliqlar,Рыба всякая,Fish of all kinds,Турли балиқлар,2019-M01,2019,15617.0
027,Yangi sog'ilgan sut (1 litr),Молоко свежее (1 литр),Fresh milk (1 liter),Янги соғилган сут (1 литр),2019-M01,2019,3141.0
034,Tuxum (10 dona),Яйца (10 штук),Eggs (10 pieces ),Тухум (10 дона),2019-M01,2019,5559.0
035,Paxta yog'i (1 litr),Масло хлопковое (1 литр),Cottonseed oil (1 liter),Пахта ёғи (1 литр),2019-M01,2019,0.0
0036,Kungaboqar yog'i (1 litr),Масло подсолнечное (1 литр),Sunflower oil (1 liter),Кунгабоқар ёғи (1 литр),2019-M01,2019,0.0
037,Sariyog',Масло сливочное,Butter,Сариёғ,2019-M01,2019,36064.0
039,Limon,Лимоны,Lemons,Лимон,2019-M01,2019,8376.0
0040,Olma,Яблоки,Apples,Олма,2019-M01,2019,4003.0
041,Nok,Груши,Pears,Нок,2019-M01,2019,9355.0
049,Uzum,Виноград,Grape,Узум,2019-M01,2019,6723.0
0050,Tarvuz,Арбуз,Watermelon,Тарвуз,2019-M01,2019,2885.0
0051,Qovun,Дыня,Melon,Қовун,2019-M01,2019,2760.0
053,Mayiz,Кишмиш,Kishmish,Майиз,2019-M01,2019,21618.0
055,Karam,Капуста,Cabbage,Карам,2019-M01,2019,2430.0
057,Bodring,Огурцы,Cucumbers,Бодринг,2019-M01,2019,16716.0
058,Pomidor,Помидоры,Tomatoes,Помидор,2019-M01,2019,7511.0
059,Baqlajon,Баклажаны,Eggplant,Бақлажон,2019-M01,2019,0.0
0060,Bulg'or qalampiri,Перец болгарский,Bell pepper,Булғор қалампири,2019-M01,2019,0.0
061,Qovoq,Тыква,Pumpkin,Қовоқ,2019-M01,2019,1684.0
063,Sabzi,Морковь,Carrot,Сабзи,2019-M01,2019,1391.0
065,Sarimsoq,Чеснок,Garlic,Саримсоқ,2019-M01,2019,3968.0
066,Piyoz,Лук репчатый,Onion,Пиёз,2019-M01,2019,969.0
069,Kartoshka,Картофель,Potatoes,Картошка,2019-M01,2019,2116.0
0070,Loviya,Фасоль,Beans,Ловия,2019-M01,2019,6334.0
071,No'xot,Горох,Peas,Нўхот,2019-M01,2019,9554.0
0072,Mosh,Маш,Mash,Мош,2019-M01,2019,6171.0
073,Shakar,Сахар песок,Sugar,Шакар,2019-M01,2019,0.0
002,Kruppa yormasi,Крупа манная,Semolina,Круппа ёрмаси,2019-M01,2019,2013.0
001,Guruch,Рис,Rice,Гуруч,2019-M02,2019,9235.0
003,Arpa,Ячмень,Barley,Арпа,2019-M02,2019,2013.0
0004,Bug'doy,Пшеница,Wheat,Буғдой,2019-M02,2019,2076.0
005,Jo'hori,Кукуруза,Corn,Жўҳори,2019-M02,2019,2404.0
006,Kepak,Отруби,Bran,Кепак,2019-M02,2019,1571.0
0008,Shrot,Шрот,Schroth,Шрот,2019-M02,2019,2774.0
009,Shulxa,Шелуха,Husk,Шулха,2019-M02,2019,2208.0
010,Kombikorm,Комбикорм,Compound feed,Комбикорм,2019-M02,2019,2117.0
011,Oliy navli bug'doy uni,Мука пшеничная высшего сорта,High-grade wheat flour,Олий навли буғдой уни,2019-M02,2019,0.0
0012,1-navli bug'doy uni,Мука пшеничная первого сорта,First grade wheat flour,1-навли буғдой уни,2019-M02,2019,0.0
013,1-nav bug'doy unidan non,Хлеб пшеничный из муки 1-го сорта,Wheat bread from 1st grade flour,1-нав буғдой унидан нон,2019-M02,2019,0.0
017,Mol go'shti,Говядина,Beef,Мол гўшти,2019-M02,2019,37449.0
0020,Qo'y go'shti,Баранина,Mutton,Қўй гўшти,2019-M02,2019,38835.0
022,Tovuq go'shti,Мясо птицы,Poultry,Товуқ гўшти,2019-M02,2019,18787.0
026,Turli baliqlar,Рыба всякая,Fish of all kinds,Турли балиқлар,2019-M02,2019,15472.0
027,Yangi sog'ilgan sut (1 litr),Молоко свежее (1 литр),Fresh milk (1 liter),Янги соғилган сут (1 литр),2019-M02,2019,3161.0
034,Tuxum (10 dona),Яйца (10 штук),Eggs (10 pieces ),Тухум (10 дона),2019-M02,2019,5448.0
035,Paxta yog'i (1 litr),Масло хлопковое (1 литр),Cottonseed oil (1 liter),Пахта ёғи (1 литр),2019-M02,2019,0.0
0036,Kungaboqar yog'i (1 litr),Масло подсолнечное (1 литр),Sunflower oil (1 liter),Кунгабоқар ёғи (1 литр),2019-M02,2019,0.0
037,Sariyog',Масло сливочное,Butter,Сариёғ,2019-M02,2019,35466.0
039,Limon,Лимоны,Lemons,Лимон,2019-M02,2019,9193.0
0040,Olma,Яблоки,Apples,Олма,2019-M02,2019,4971.0
041,Nok,Груши,Pears,Нок,2019-M02,2019,10393.0
049,Uzum,Виноград,Grape,Узум,2019-M02,2019,9575.0
0050,Tarvuz,Арбуз,Watermelon,Тарвуз,2019-M02,2019,2942.0
0051,Qovun,Дыня,Melon,Қовун,2019-M02,2019,2978.0
053,Mayiz,Кишмиш,Kishmish,Майиз,2019-M02,2019,21839.0
055,Karam,Капуста,Cabbage,Карам,2019-M02,2019,2302.0
057,Bodring,Огурцы,Cucumbers,Бодринг,2019-M02,2019,15325.0
058,Pomidor,Помидоры,Tomatoes,Помидор,2019-M02,2019,9507.0
059,Baqlajon,Баклажаны,Eggplant,Бақлажон,2019-M02,2019,0.0
0060,Bulg'or qalampiri,Перец болгарский,Bell pepper,Булғор қалампири,2019-M02,2019,0.0
061,Qovoq,Тыква,Pumpkin,Қовоқ,2019-M02,2019,1844.0
063,Sabzi,Морковь,Carrot,Сабзи,2019-M02,2019,1408.0
065,Sarimsoq,Чеснок,Garlic,Саримсоқ,2019-M02,2019,4178.0
066,Piyoz,Лук репчатый,Onion,Пиёз,2019-M02,2019,971.0
069,Kartoshka,Картофель,Potatoes,Картошка,2019-M02,2019,2060.0
0070,Loviya,Фасоль,Beans,Ловия,2019-M02,2019,6708.0
071,No'xot,Горох,Peas,Нўхот,2019-M02,2019,9554.0
0072,Mosh,Маш,Mash,Мош,2019-M02,2019,6662.0
073,Shakar,Сахар песок,Sugar,Шакар,2019-M02,2019,0.0
002,Kruppa yormasi,Крупа манная,Semolina,Круппа ёрмаси,2019-M02,2019,2013.0
001,Guruch,Рис,Rice,Гуруч,2019-M03,2019,9160.0
003,Arpa,Ячмень,Barley,Арпа,2019-M03,2019,2013.0
0004,Bug'doy,Пшеница,Wheat,Буғдой,2019-M03,2019,2175.0
005,Jo'hori,Кукуруза,Corn,Жўҳори,2019-M03,2019,2439.0
006,Kepak,Отруби,Bran,Кепак,2019-M03,2019,1582.0
0008,Shrot,Шрот,Schroth,Шрот,2019-M03,2019,2586.0
009,Shulxa,Шелуха,Husk,Шулха,2019-M03,2019,1900.0
010,Kombikorm,Комбикорм,Compound feed,Комбикорм,2019-M03,2019,2117.0
011,Oliy navli bug'doy uni,Мука пшеничная высшего сорта,High-grade wheat flour,Олий навли буғдой уни,2019-M03,2019,0.0
0012,1-navli bug'doy uni,Мука пшеничная первого сорта,First grade wheat flour,1-навли буғдой уни,2019-M03,2019,0.0
013,1-nav bug'doy unidan non,Хлеб пшеничный из муки 1-го сорта,Wheat bread from 1st grade flour,1-нав буғдой унидан нон,2019-M03,2019,0.0
017,Mol go'shti,Говядина,Beef,Мол гўшти,2019-M03,2019,37411.0
0020,Qo'y go'shti,Баранина,Mutton,Қўй гўшти,2019-M03,2019,38911.0
022,Tovuq go'shti,Мясо птицы,Poultry,Товуқ гўшти,2019-M03,2019,18579.0
026,Turli baliqlar,Рыба всякая,Fish of all kinds,Турли балиқлар,2019-M03,2019,15472.0
027,Yangi sog'ilgan sut (1 litr),Молоко свежее (1 литр),Fresh milk (1 liter),Янги соғилган сут (1 литр),2019-M03,2019,3172.0
034,Tuxum (10 dona),Яйца (10 штук),Eggs (10 pieces ),Тухум (10 дона),2019-M03,2019,5286.0
035,Paxta yog'i (1 litr),Масло хлопковое (1 литр),Cottonseed oil (1 liter),Пахта ёғи (1 литр),2019-M03,2019,0.0
0036,Kungaboqar yog'i (1 litr),Масло подсолнечное (1 литр),Sunflower oil (1 liter),Кунгабоқар ёғи (1 литр),2019-M03,2019,0.0
037,Sariyog',Масло сливочное,Butter,Сариёғ,2019-M03,2019,35961.0
039,Limon,Лимоны,Lemons,Лимон,2019-M03,2019,10330.0
0040,Olma,Яблоки,Apples,Олма,2019-M03,2019,4971.0
041,Nok,Груши,Pears,Нок,2019-M03,2019,11673.0
049,Uzum,Виноград,Grape,Узум,2019-M03,2019,11200.0
0050,Tarvuz,Арбуз,Watermelon,Тарвуз,2019-M03,2019,2971.0
0051,Qovun,Дыня,Melon,Қовун,2019-M03,2019,2980.0
053,Mayiz,Кишмиш,Kishmish,Майиз,2019-M03,2019,21839.0
055,Karam,Капуста,Cabbage,Карам,2019-M03,2019,2630.0
057,Bodring,Огурцы,Cucumbers,Бодринг,2019-M03,2019,14291.0
058,Pomidor,Помидоры,Tomatoes,Помидор,2019-M03,2019,11325.0
059,Baqlajon,Баклажаны,Eggplant,Бақлажон,2019-M03,2019,0.0
0060,Bulg'or qalampiri,Перец болгарский,Bell pepper,Булғор қалампири,2019-M03,2019,0.0
061,Qovoq,Тыква,Pumpkin,Қовоқ,2019-M03,2019,2013.0
063,Sabzi,Морковь,Carrot,Сабзи,2019-M03,2019,1606.0
065,Sarimsoq,Чеснок,Garlic,Саримсоқ,2019-M03,2019,4221.0
066,Piyoz,Лук репчатый,Onion,Пиёз,2019-M03,2019,972.0
069,Kartoshka,Картофель,Potatoes,Картошка,2019-M03,2019,1984.0
0070,Loviya,Фасоль,Beans,Ловия,2019-M03,2019,6708.0
071,No'xot,Горох,Peas,Нўхот,2019-M03,2019,9554.0
0072,Mosh,Маш,Mash,Мош,2019-M03,2019,6983.0
073,Shakar,Сахар песок,Sugar,Шакар,2019-M03,2019,0.0
002,Kruppa yormasi,Крупа манная,Semolina,Круппа ёрмаси,2019-M03,2019,2013.0
001,Guruch,Рис,Rice,Гуруч,2019-M04,2019,9142.0
003,Arpa,Ячмень,Barley,Арпа,2019-M04,2019,2013.0
0004,Bug'doy,Пшеница,Wheat,Буғдой,2019-M04,2019,2292.0
005,Jo'hori,Кукуруза,Corn,Жўҳори,2019-M04,2019,2569.0
006,Kepak,Отруби,Bran,Кепак,2019-M04,2019,1606.0
0008,Shrot,Шрот,Schroth,Шрот,2019-M04,2019,2551.0
009,Shulxa,Шелуха,Husk,Шулха,2019-M04,2019,1785.0
010,Kombikorm,Комбикорм,Compound feed,Комбикорм,2019-M04,2019,2117.0
011,Oliy navli bug'doy uni,Мука пшеничная высшего сорта,High-grade wheat flour,Олий навли буғдой уни,2019-M04,2019,0.0
0012,1-navli bug'doy uni,Мука пшеничная первого сорта,First grade wheat flour,1-навли буғдой уни,2019-M04,2019,0.0
013,1-nav bug'doy unidan non,Хлеб пшеничный из муки 1-го сорта,Wheat bread from 1st grade flour,1-нав буғдой унидан нон,2019-M04,2019,0.0
017,Mol go'shti,Говядина,Beef,Мол гўшти,2019-M04,2019,37411.0
0020,Qo'y go'shti,Баранина,Mutton,Қўй гўшти,2019-M04,2019,38911.0
022,Tovuq go'shti,Мясо птицы,Poultry,Товуқ гўшти,2019-M04,2019,18139.0
026,Turli baliqlar,Рыба всякая,Fish of all kinds,Турли балиқлар,2019-M04,2019,15472.0
027,Yangi sog'ilgan sut (1 litr),Молоко свежее (1 литр),Fresh milk (1 liter),Янги соғилган сут (1 литр),2019-M04,2019,3172.0
034,Tuxum (10 dona),Яйца (10 штук),Eggs (10 pieces ),Тухум (10 дона),2019-M04,2019,5280.0
035,Paxta yog'i (1 litr),Масло хлопковое (1 литр),Cottonseed oil (1 liter),Пахта ёғи (1 литр),2019-M04,2019,0.0
0036,Kungaboqar yog'i (1 litr),Масло подсолнечное (1 литр),Sunflower oil (1 liter),Кунгабоқар ёғи (1 литр),2019-M04,2019,0.0
037,Sariyog',Масло сливочное,Butter,Сариёғ,2019-M04,2019,35961.0
039,Limon,Лимоны,Lemons,Лимон,2019-M04,2019,10377.0
0040,Olma,Яблоки,Apples,Олма,2019-M04,2019,4971.0
041,Nok,Груши,Pears,Нок,2019-M04,2019,13979.0
049,Uzum,Виноград,Grape,Узум,2019-M04,2019,18667.0
0050,Tarvuz,Арбуз,Watermelon,Тарвуз,2019-M04,2019,2971.0
0051,Qovun,Дыня,Melon,Қовун,2019-M04,2019,2981.0
053,Mayiz,Кишмиш,Kishmish,Майиз,2019-M04,2019,21958.0
055,Karam,Капуста,Cabbage,Карам,2019-M04,2019,3360.0
057,Bodring,Огурцы,Cucumbers,Бодринг,2019-M04,2019,6792.0
058,Pomidor,Помидоры,Tomatoes,Помидор,2019-M04,2019,14269.0
059,Baqlajon,Баклажаны,Eggplant,Бақлажон,2019-M04,2019,15625.0
0060,Bulg'or qalampiri,Перец болгарский,Bell pepper,Булғор қалампири,2019-M04,2019,22875.0
061,Qovoq,Тыква,Pumpkin,Қовоқ,2019-M04,2019,3178.0
063,Sabzi,Морковь,Carrot,Сабзи,2019-M04,2019,1924.0
065,Sarimsoq,Чеснок,Garlic,Саримсоқ,2019-M04,2019,4581.0
066,Piyoz,Лук репчатый,Onion,Пиёз,2019-M04,2019,1357.0
069,Kartoshka,Картофель,Potatoes,Картошка,2019-M04,2019,2044.0
0070,Loviya,Фасоль,Beans,Ловия,2019-M04,2019,6858.0
071,No'xot,Горох,Peas,Нўхот,2019-M04,2019,9554.0
0072,Mosh,Маш,Mash,Мош,2019-M04,2019,7151.0
073,Shakar,Сахар песок,Sugar,Шакар,2019-M04,2019,0.0
002,Kruppa yormasi,Крупа манная,Semolina,Круппа ёрмаси,2019-M04,2019,2013.0
001,Guruch,Рис,Rice,Гуруч,2019-M05,2019,9131.0
003,Arpa,Ячмень,Barley,Арпа,2019-M05,2019,2056.0
0004,Bug'doy,Пшеница,Wheat,Буғдой,2019-M05,2019,2330.0
005,Jo'hori,Кукуруза,Corn,Жўҳори,2019-M05,2019,2761.0
006,Kepak,Отруби,Bran,Кепак,2019-M05,2019,1608.0
0008,Shrot,Шрот,Schroth,Шрот,2019-M05,2019,2553.0
009,Shulxa,Шелуха,Husk,Шулха,2019-M05,2019,1828.0
010,Kombikorm,Комбикорм,Compound feed,Комбикорм,2019-M05,2019,2117.0
011,Oliy navli bug'doy uni,Мука пшеничная высшего сорта,High-grade wheat flour,Олий навли буғдой уни,2019-M05,2019,0.0
0012,1-navli bug'doy uni,Мука пшеничная первого сорта,First grade wheat flour,1-навли буғдой уни,2019-M05,2019,0.0
013,1-nav bug'doy unidan non,Хлеб пшеничный из муки 1-го сорта,Wheat bread from 1st grade flour,1-нав буғдой унидан нон,2019-M05,2019,0.0
017,Mol go'shti,Говядина,Beef,Мол гўшти,2019-M05,2019,37411.0
0020,Qo'y go'shti,Баранина,Mutton,Қўй гўшти,2019-M05,2019,38911.0
022,Tovuq go'shti,Мясо птицы,Poultry,Товуқ гўшти,2019-M05,2019,18061.0
026,Turli baliqlar,Рыба всякая,Fish of all kinds,Турли балиқлар,2019-M05,2019,0.0
027,Yangi sog'ilgan sut (1 litr),Молоко свежее (1 литр),Fresh milk (1 liter),Янги соғилган сут (1 литр),2019-M05,2019,3172.0
034,Tuxum (10 dona),Яйца (10 штук),Eggs (10 pieces ),Тухум (10 дона),2019-M05,2019,5288.0
035,Paxta yog'i (1 litr),Масло хлопковое (1 литр),Cottonseed oil (1 liter),Пахта ёғи (1 литр),2019-M05,2019,0.0
0036,Kungaboqar yog'i (1 litr),Масло подсолнечное (1 литр),Sunflower oil (1 liter),Кунгабоқар ёғи (1 литр),2019-M05,2019,0.0
037,Sariyog',Масло сливочное,Butter,Сариёғ,2019-M05,2019,36092.0
039,Limon,Лимоны,Lemons,Лимон,2019-M05,2019,13134.0
0040,Olma,Яблоки,Apples,Олма,2019-M05,2019,5647.0
041,Nok,Груши,Pears,Нок,2019-M05,2019,15327.0
049,Uzum,Виноград,Grape,Узум,2019-M05,2019,0.0
0050,Tarvuz,Арбуз,Watermelon,Тарвуз,2019-M05,2019,0.0
0051,Qovun,Дыня,Melon,Қовун,2019-M05,2019,0.0
053,Mayiz,Кишмиш,Kishmish,Майиз,2019-M05,2019,21958.0
055,Karam,Капуста,Cabbage,Карам,2019-M05,2019,3099.0
057,Bodring,Огурцы,Cucumbers,Бодринг,2019-M05,2019,2745.0
058,Pomidor,Помидоры,Tomatoes,Помидор,2019-M05,2019,10004.0
059,Baqlajon,Баклажаны,Eggplant,Бақлажон,2019-M05,2019,13618.0
0060,Bulg'or qalampiri,Перец болгарский,Bell pepper,Булғор қалампири,2019-M05,2019,15757.0
061,Qovoq,Тыква,Pumpkin,Қовоқ,2019-M05,2019,0.0
063,Sabzi,Морковь,Carrot,Сабзи,2019-M05,2019,2378.0
065,Sarimsoq,Чеснок,Garlic,Саримсоқ,2019-M05,2019,7209.0
066,Piyoz,Лук репчатый,Onion,Пиёз,2019-M05,2019,2574.0
069,Kartoshka,Картофель,Potatoes,Картошка,2019-M05,2019,2426.0
0070,Loviya,Фасоль,Beans,Ловия,2019-M05,2019,7482.0
071,No'xot,Горох,Peas,Нўхот,2019-M05,2019,9224.0
0072,Mosh,Маш,Mash,Мош,2019-M05,2019,7677.0
073,Shakar,Сахар песок,Sugar,Шакар,2019-M05,2019,0.0
002,Kruppa yormasi,Крупа манная,Semolina,Круппа ёрмаси,2019-M05,2019,2056.0
001,Guruch,Рис,Rice,Гуруч,2019-M06,2019,9068.0
003,Arpa,Ячмень,Barley,Арпа,2019-M06,2019,2056.0
0004,Bug'doy,Пшеница,Wheat,Буғдой,2019-M06,2019,2337.0
005,Jo'hori,Кукуруза,Corn,Жўҳори,2019-M06,2019,2769.0
006,Kepak,Отруби,Bran,Кепак,2019-M06,2019,1608.0
0008,Shrot,Шрот,Schroth,Шрот,2019-M06,2019,2553.0
009,Shulxa,Шелуха,Husk,Шулха,2019-M06,2019,1925.0
010,Kombikorm,Комбикорм,Compound feed,Комбикорм,2019-M06,2019,2117.0
011,Oliy navli bug'doy uni,Мука пшеничная высшего сорта,High-grade wheat flour,Олий навли буғдой уни,2019-M06,2019,0.0
0012,1-navli bug'doy uni,Мука пшеничная первого сорта,First grade wheat flour,1-навли буғдой уни,2019-M06,2019,0.0
013,1-nav bug'doy unidan non,Хлеб пшеничный из муки 1-го сорта,Wheat bread from 1st grade flour,1-нав буғдой унидан нон,2019-M06,2019,0.0
017,Mol go'shti,Говядина,Beef,Мол гўшти,2019-M06,2019,37625.0
0020,Qo'y go'shti,Баранина,Mutton,Қўй гўшти,2019-M06,2019,39160.0
022,Tovuq go'shti,Мясо птицы,Poultry,Товуқ гўшти,2019-M06,2019,17903.0
026,Turli baliqlar,Рыба всякая,Fish of all kinds,Турли балиқлар,2019-M06,2019,0.0
027,Yangi sog'ilgan sut (1 litr),Молоко свежее (1 литр),Fresh milk (1 liter),Янги соғилган сут (1 литр),2019-M06,2019,3172.0
034,Tuxum (10 dona),Яйца (10 штук),Eggs (10 pieces ),Тухум (10 дона),2019-M06,2019,5230.0
035,Paxta yog'i (1 litr),Масло хлопковое (1 литр),Cottonseed oil (1 liter),Пахта ёғи (1 литр),2019-M06,2019,0.0
0036,Kungaboqar yog'i (1 litr),Масло подсолнечное (1 литр),Sunflower oil (1 liter),Кунгабоқар ёғи (1 литр),2019-M06,2019,0.0
037,Sariyog',Масло сливочное,Butter,Сариёғ,2019-M06,2019,36354.0
039,Limon,Лимоны,Lemons,Лимон,2019-M06,2019,13134.0
0040,Olma,Яблоки,Apples,Олма,2019-M06,2019,5816.0
041,Nok,Груши,Pears,Нок,2019-M06,2019,15300.0
049,Uzum,Виноград,Grape,Узум,2019-M06,2019,5655.0
0050,Tarvuz,Арбуз,Watermelon,Тарвуз,2019-M06,2019,1653.0
0051,Qovun,Дыня,Melon,Қовун,2019-M06,2019,2984.0
053,Mayiz,Кишмиш,Kishmish,Майиз,2019-M06,2019,21958.0
055,Karam,Капуста,Cabbage,Карам,2019-M06,2019,2639.0
057,Bodring,Огурцы,Cucumbers,Бодринг,2019-M06,2019,1636.0
058,Pomidor,Помидоры,Tomatoes,Помидор,2019-M06,2019,3697.0
059,Baqlajon,Баклажаны,Eggplant,Бақлажон,2019-M06,2019,5333.0
0060,Bulg'or qalampiri,Перец болгарский,Bell pepper,Булғор қалампири,2019-M06,2019,5082.0
061,Qovoq,Тыква,Pumpkin,Қовоқ,2019-M06,2019,0.0
063,Sabzi,Морковь,Carrot,Сабзи,2019-M06,2019,2195.0
065,Sarimsoq,Чеснок,Garlic,Саримсоқ,2019-M06,2019,7190.0
066,Piyoz,Лук репчатый,Onion,Пиёз,2019-M06,2019,2714.0
069,Kartoshka,Картофель,Potatoes,Картошка,2019-M06,2019,1882.0
0070,Loviya,Фасоль,Beans,Ловия,2019-M06,2019,7805.0
071,No'xot,Горох,Peas,Нўхот,2019-M06,2019,9013.0
0072,Mosh,Маш,Mash,Мош,2019-M06,2019,7959.0
073,Shakar,Сахар песок,Sugar,Шакар,2019-M06,2019,0.0
002,Kruppa yormasi,Крупа манная,Semolina,Круппа ёрмаси,2019-M06,2019,2056.0
001,Guruch,Рис,Rice,Гуруч,2019-M07,2019,9133.0
003,Arpa,Ячмень,Barley,Арпа,2019-M07,2019,2075.0
0004,Bug'doy,Пшеница,Wheat,Буғдой,2019-M07,2019,2204.0
005,Jo'hori,Кукуруза,Corn,Жўҳори,2019-M07,2019,2784.0
006,Kepak,Отруби,Bran,Кепак,2019-M07,2019,1610.0
0008,Shrot,Шрот,Schroth,Шрот,2019-M07,2019,2553.0
009,Shulxa,Шелуха,Husk,Шулха,2019-M07,2019,1940.0
010,Kombikorm,Комбикорм,Compound feed,Комбикорм,2019-M07,2019,2117.0
011,Oliy navli bug'doy uni,Мука пшеничная высшего сорта,High-grade wheat flour,Олий навли буғдой уни,2019-M07,2019,0.0
0012,1-navli bug'doy uni,Мука пшеничная первого сорта,First grade wheat flour,1-навли буғдой уни,2019-M07,2019,0.0
013,1-nav bug'doy unidan non,Хлеб пшеничный из муки 1-го сорта,Wheat bread from 1st grade flour,1-нав буғдой унидан нон,2019-M07,2019,0.0
017,Mol go'shti,Говядина,Beef,Мол гўшти,2019-M07,2019,38430.0
0020,Qo'y go'shti,Баранина,Mutton,Қўй гўшти,2019-M07,2019,39832.0
022,Tovuq go'shti,Мясо птицы,Poultry,Товуқ гўшти,2019-M07,2019,17920.0
026,Turli baliqlar,Рыба всякая,Fish of all kinds,Турли балиқлар,2019-M07,2019,0.0
027,Yangi sog'ilgan sut (1 litr),Молоко свежее (1 литр),Fresh milk (1 liter),Янги соғилган сут (1 литр),2019-M07,2019,0.0
034,Tuxum (10 dona),Яйца (10 штук),Eggs (10 pieces ),Тухум (10 дона),2019-M07,2019,5213.0
035,Paxta yog'i (1 litr),Масло хлопковое (1 литр),Cottonseed oil (1 liter),Пахта ёғи (1 литр),2019-M07,2019,0.0
0036,Kungaboqar yog'i (1 litr),Масло подсолнечное (1 литр),Sunflower oil (1 liter),Кунгабоқар ёғи (1 литр),2019-M07,2019,0.0
037,Sariyog',Масло сливочное,Butter,Сариёғ,2019-M07,2019,36354.0
039,Limon,Лимоны,Lemons,Лимон,2019-M07,2019,13246.0
0040,Olma,Яблоки,Apples,Олма,2019-M07,2019,5791.0
041,Nok,Груши,Pears,Нок,2019-M07,2019,13571.0
049,Uzum,Виноград,Grape,Узум,2019-M07,2019,4811.0
0050,Tarvuz,Арбуз,Watermelon,Тарвуз,2019-M07,2019,1043.0
0051,Qovun,Дыня,Melon,Қовун,2019-M07,2019,3054.0
053,Mayiz,Кишмиш,Kishmish,Майиз,2019-M07,2019,21958.0
055,Karam,Капуста,Cabbage,Карам,2019-M07,2019,1880.0
057,Bodring,Огурцы,Cucumbers,Бодринг,2019-M07,2019,2424.0
058,Pomidor,Помидоры,Tomatoes,Помидор,2019-M07,2019,2422.0
059,Baqlajon,Баклажаны,Eggplant,Бақлажон,2019-M07,2019,2690.0
0060,Bulg'or qalampiri,Перец болгарский,Bell pepper,Булғор қалампири,2019-M07,2019,2758.0
061,Qovoq,Тыква,Pumpkin,Қовоқ,2019-M07,2019,2979.0
063,Sabzi,Морковь,Carrot,Сабзи,2019-M07,2019,1871.0
065,Sarimsoq,Чеснок,Garlic,Саримсоқ,2019-M07,2019,7190.0
066,Piyoz,Лук репчатый,Onion,Пиёз,2019-M07,2019,2677.0
069,Kartoshka,Картофель,Potatoes,Картошка,2019-M07,2019,1872.0
0070,Loviya,Фасоль,Beans,Ловия,2019-M07,2019,7805.0
071,No'xot,Горох,Peas,Нўхот,2019-M07,2019,9024.0
0072,Mosh,Маш,Mash,Мош,2019-M07,2019,8275.0
073,Shakar,Сахар песок,Sugar,Шакар,2019-M07,2019,0.0
002,Kruppa yormasi,Крупа манная,Semolina,Круппа ёрмаси,2019-M07,2019,2075.0
001,Guruch,Рис,Rice,Гуруч,2019-M08,2019,9539.0
003,Arpa,Ячмень,Barley,Арпа,2019-M08,2019,2075.0
0004,Bug'doy,Пшеница,Wheat,Буғдой,2019-M08,2019,1996.0
005,Jo'hori,Кукуруза,Corn,Жўҳори,2019-M08,2019,2792.0
006,Kepak,Отруби,Bran,Кепак,2019-M08,2019,1612.0
0008,Shrot,Шрот,Schroth,Шрот,2019-M08,2019,2824.0
009,Shulxa,Шелуха,Husk,Шулха,2019-M08,2019,1984.0
010,Kombikorm,Комбикорм,Compound feed,Комбикорм,2019-M08,2019,2062.0
011,Oliy navli bug'doy uni,Мука пшеничная высшего сорта,High-grade wheat flour,Олий навли буғдой уни,2019-M08,2019,0.0
0012,1-navli bug'doy uni,Мука пшеничная первого сорта,First grade wheat flour,1-навли буғдой уни,2019-M08,2019,0.0
013,1-nav bug'doy unidan non,Хлеб пшеничный из муки 1-го сорта,Wheat bread from 1st grade flour,1-нав буғдой унидан нон,2019-M08,2019,0.0
017,Mol go'shti,Говядина,Beef,Мол гўшти,2019-M08,2019,41296.0
0020,Qo'y go'shti,Баранина,Mutton,Қўй гўшти,2019-M08,2019,41639.0
022,Tovuq go'shti,Мясо птицы,Poultry,Товуқ гўшти,2019-M08,2019,18082.0
026,Turli baliqlar,Рыба всякая,Fish of all kinds,Турли балиқлар,2019-M08,2019,0.0
027,Yangi sog'ilgan sut (1 litr),Молоко свежее (1 литр),Fresh milk (1 liter),Янги соғилган сут (1 литр),2019-M08,2019,3288.0
034,Tuxum (10 dona),Яйца (10 штук),Eggs (10 pieces ),Тухум (10 дона),2019-M08,2019,5293.0
035,Paxta yog'i (1 litr),Масло хлопковое (1 литр),Cottonseed oil (1 liter),Пахта ёғи (1 литр),2019-M08,2019,0.0
0036,Kungaboqar yog'i (1 litr),Масло подсолнечное (1 литр),Sunflower oil (1 liter),Кунгабоқар ёғи (1 литр),2019-M08,2019,0.0
037,Sariyog',Масло сливочное,Butter,Сариёғ,2019-M08,2019,36523.0
039,Limon,Лимоны,Lemons,Лимон,2019-M08,2019,23478.0
0040,Olma,Яблоки,Apples,Олма,2019-M08,2019,5833.0
041,Nok,Груши,Pears,Нок,2019-M08,2019,10591.0
049,Uzum,Виноград,Grape,Узум,2019-M08,2019,4159.0
0050,Tarvuz,Арбуз,Watermelon,Тарвуз,2019-M08,2019,1001.0
0051,Qovun,Дыня,Melon,Қовун,2019-M08,2019,2027.0
053,Mayiz,Кишмиш,Kishmish,Майиз,2019-M08,2019,21642.0
055,Karam,Капуста,Cabbage,Карам,2019-M08,2019,1839.0
057,Bodring,Огурцы,Cucumbers,Бодринг,2019-M08,2019,2656.0
058,Pomidor,Помидоры,Tomatoes,Помидор,2019-M08,2019,2249.0
059,Baqlajon,Баклажаны,Eggplant,Бақлажон,2019-M08,2019,1955.0
0060,Bulg'or qalampiri,Перец болгарский,Bell pepper,Булғор қалампири,2019-M08,2019,2750.0
061,Qovoq,Тыква,Pumpkin,Қовоқ,2019-M08,2019,2012.0
063,Sabzi,Морковь,Carrot,Сабзи,2019-M08,2019,2151.0
065,Sarimsoq,Чеснок,Garlic,Саримсоқ,2019-M08,2019,7943.0
066,Piyoz,Лук репчатый,Onion,Пиёз,2019-M08,2019,2425.0
069,Kartoshka,Картофель,Potatoes,Картошка,2019-M08,2019,2105.0
0070,Loviya,Фасоль,Beans,Ловия,2019-M08,2019,8142.0
071,No'xot,Горох,Peas,Нўхот,2019-M08,2019,9029.0
0072,Mosh,Маш,Mash,Мош,2019-M08,2019,8511.0
073,Shakar,Сахар песок,Sugar,Шакар,2019-M08,2019,0.0
002,Kruppa yormasi,Крупа манная,Semolina,Круппа ёрмаси,2019-M08,2019,2075.0
001,Guruch,Рис,Rice,Гуруч,2019-M09,2019,9761.0
003,Arpa,Ячмень,Barley,Арпа,2019-M09,2019,2075.0
0004,Bug'doy,Пшеница,Wheat,Буғдой,2019-M09,2019,1996.0
005,Jo'hori,Кукуруза,Corn,Жўҳори,2019-M09,2019,2655.0
006,Kepak,Отруби,Bran,Кепак,2019-M09,2019,1603.0
0008,Shrot,Шрот,Schroth,Шрот,2019-M09,2019,2847.0
009,Shulxa,Шелуха,Husk,Шулха,2019-M09,2019,2003.0
010,Kombikorm,Комбикорм,Compound feed,Комбикорм,2019-M09,2019,1886.0
011,Oliy navli bug'doy uni,Мука пшеничная высшего сорта,High-grade wheat flour,Олий навли буғдой уни,2019-M09,2019,0.0
0012,1-navli bug'doy uni,Мука пшеничная первого сорта,First grade wheat flour,1-навли буғдой уни,2019-M09,2019,0.0
013,1-nav bug'doy unidan non,Хлеб пшеничный из муки 1-го сорта,Wheat bread from 1st grade flour,1-нав буғдой унидан нон,2019-M09,2019,0.0
017,Mol go'shti,Говядина,Beef,Мол гўшти,2019-M09,2019,42506.0
0020,Qo'y go'shti,Баранина,Mutton,Қўй гўшти,2019-M09,2019,43847.0
022,Tovuq go'shti,Мясо птицы,Poultry,Товуқ гўшти,2019-M09,2019,19296.0
026,Turli baliqlar,Рыба всякая,Fish of all kinds,Турли балиқлар,2019-M09,2019,17247.0
027,Yangi sog'ilgan sut (1 litr),Молоко свежее (1 литр),Fresh milk (1 liter),Янги соғилган сут (1 литр),2019-M09,2019,3738.0
034,Tuxum (10 dona),Яйца (10 штук),Eggs (10 pieces ),Тухум (10 дона),2019-M09,2019,6520.0
035,Paxta yog'i (1 litr),Масло хлопковое (1 литр),Cottonseed oil (1 liter),Пахта ёғи (1 литр),2019-M09,2019,0.0
0036,Kungaboqar yog'i (1 litr),Масло подсолнечное (1 литр),Sunflower oil (1 liter),Кунгабоқар ёғи (1 литр),2019-M09,2019,0.0
037,Sariyog',Масло сливочное,Butter,Сариёғ,2019-M09,2019,36859.0
039,Limon,Лимоны,Lemons,Лимон,2019-M09,2019,26017.0
0040,Olma,Яблоки,Apples,Олма,2019-M09,2019,6055.0
041,Nok,Груши,Pears,Нок,2019-M09,2019,8105.0
049,Uzum,Виноград,Grape,Узум,2019-M09,2019,3792.0
0050,Tarvuz,Арбуз,Watermelon,Тарвуз,2019-M09,2019,1027.0
0051,Qovun,Дыня,Melon,Қовун,2019-M09,2019,1759.0
053,Mayiz,Кишмиш,Kishmish,Майиз,2019-M09,2019,21484.0
055,Karam,Капуста,Cabbage,Карам,2019-M09,2019,2220.0
057,Bodring,Огурцы,Cucumbers,Бодринг,2019-M09,2019,2912.0
058,Pomidor,Помидоры,Tomatoes,Помидор,2019-M09,2019,3262.0
059,Baqlajon,Баклажаны,Eggplant,Бақлажон,2019-M09,2019,1998.0
0060,Bulg'or qalampiri,Перец болгарский,Bell pepper,Булғор қалампири,2019-M09,2019,2807.0
061,Qovoq,Тыква,Pumpkin,Қовоқ,2019-M09,2019,1671.0
063,Sabzi,Морковь,Carrot,Сабзи,2019-M09,2019,2363.0
065,Sarimsoq,Чеснок,Garlic,Саримсоқ,2019-M09,2019,8510.0
066,Piyoz,Лук репчатый,Onion,Пиёз,2019-M09,2019,2019.0
069,Kartoshka,Картофель,Potatoes,Картошка,2019-M09,2019,2264.0
0070,Loviya,Фасоль,Beans,Ловия,2019-M09,2019,8991.0
071,No'xot,Горох,Peas,Нўхот,2019-M09,2019,8332.0
0072,Mosh,Маш,Mash,Мош,2019-M09,2019,9221.0
073,Shakar,Сахар песок,Sugar,Шакар,2019-M09,2019,0.0
002,Kruppa yormasi,Крупа манная,Semolina,Круппа ёрмаси,2019-M09,2019,2075.0
001,Guruch,Рис,Rice,Гуруч,2019-M10,2019,9829.0
003,Arpa,Ячмень,Barley,Арпа,2019-M10,2019,2075.0
0004,Bug'doy,Пшеница,Wheat,Буғдой,2019-M10,2019,1996.0
005,Jo'hori,Кукуруза,Corn,Жўҳори,2019-M10,2019,2387.0
006,Kepak,Отруби,Bran,Кепак,2019-M10,2019,1598.0
0008,Shrot,Шрот,Schroth,Шрот,2019-M10,2019,2848.0
009,Shulxa,Шелуха,Husk,Шулха,2019-M10,2019,2015.0
010,Kombikorm,Комбикорм,Compound feed,Комбикорм,2019-M10,2019,1901.0
011,Oliy navli bug'doy uni,Мука пшеничная высшего сорта,High-grade wheat flour,Олий навли буғдой уни,2019-M10,2019,0.0
0012,1-navli bug'doy uni,Мука пшеничная первого сорта,First grade wheat flour,1-навли буғдой уни,2019-M10,2019,0.0
013,1-nav bug'doy unidan non,Хлеб пшеничный из муки 1-го сорта,Wheat bread from 1st grade flour,1-нав буғдой унидан нон,2019-M10,2019,0.0
017,Mol go'shti,Говядина,Beef,Мол гўшти,2019-M10,2019,44212.0
0020,Qo'y go'shti,Баранина,Mutton,Қўй гўшти,2019-M10,2019,44926.0
022,Tovuq go'shti,Мясо птицы,Poultry,Товуқ гўшти,2019-M10,2019,20784.0
026,Turli baliqlar,Рыба всякая,Fish of all kinds,Турли балиқлар,2019-M10,2019,16136.0
027,Yangi sog'ilgan sut (1 litr),Молоко свежее (1 литр),Fresh milk (1 liter),Янги соғилган сут (1 литр),2019-M10,2019,3738.0
034,Tuxum (10 dona),Яйца (10 штук),Eggs (10 pieces ),Тухум (10 дона),2019-M10,2019,7086.0
035,Paxta yog'i (1 litr),Масло хлопковое (1 литр),Cottonseed oil (1 liter),Пахта ёғи (1 литр),2019-M10,2019,0.0
0036,Kungaboqar yog'i (1 litr),Масло подсолнечное (1 литр),Sunflower oil (1 liter),Кунгабоқар ёғи (1 литр),2019-M10,2019,0.0
037,Sariyog',Масло сливочное,Butter,Сариёғ,2019-M10,2019,36859.0
039,Limon,Лимоны,Lemons,Лимон,2019-M10,2019,17400.0
0040,Olma,Яблоки,Apples,Олма,2019-M10,2019,6620.0
041,Nok,Груши,Pears,Нок,2019-M10,2019,7671.0
049,Uzum,Виноград,Grape,Узум,2019-M10,2019,5314.0
0050,Tarvuz,Арбуз,Watermelon,Тарвуз,2019-M10,2019,1363.0
0051,Qovun,Дыня,Melon,Қовун,2019-M10,2019,1759.0
053,Mayiz,Кишмиш,Kishmish,Майиз,2019-M10,2019,21484.0
055,Karam,Капуста,Cabbage,Карам,2019-M10,2019,2540.0
057,Bodring,Огурцы,Cucumbers,Бодринг,2019-M10,2019,3390.0
058,Pomidor,Помидоры,Tomatoes,Помидор,2019-M10,2019,5024.0
059,Baqlajon,Баклажаны,Eggplant,Бақлажон,2019-M10,2019,2084.0
0060,Bulg'or qalampiri,Перец болгарский,Bell pepper,Булғор қалампири,2019-M10,2019,2866.0
061,Qovoq,Тыква,Pumpkin,Қовоқ,2019-M10,2019,1671.0
063,Sabzi,Морковь,Carrot,Сабзи,2019-M10,2019,2241.0
065,Sarimsoq,Чеснок,Garlic,Саримсоқ,2019-M10,2019,9964.0
066,Piyoz,Лук репчатый,Onion,Пиёз,2019-M10,2019,1747.0
069,Kartoshka,Картофель,Potatoes,Картошка,2019-M10,2019,2256.0
0070,Loviya,Фасоль,Beans,Ловия,2019-M10,2019,9079.0
071,No'xot,Горох,Peas,Нўхот,2019-M10,2019,8328.0
0072,Mosh,Маш,Mash,Мош,2019-M10,2019,9589.0
073,Shakar,Сахар песок,Sugar,Шакар,2019-M10,2019,0.0
002,Kruppa yormasi,Крупа манная,Semolina,Круппа ёрмаси,2019-M10,2019,2075.0
001,Guruch,Рис,Rice,Гуруч,2019-M11,2019,9499.0
003,Arpa,Ячмень,Barley,Арпа,2019-M11,2019,2224.0
0004,Bug'doy,Пшеница,Wheat,Буғдой,2019-M11,2019,2059.0
005,Jo'hori,Кукуруза,Corn,Жўҳори,2019-M11,2019,2374.0
006,Kepak,Отруби,Bran,Кепак,2019-M11,2019,1612.0
0008,Shrot,Шрот,Schroth,Шрот,2019-M11,2019,2848.0
009,Shulxa,Шелуха,Husk,Шулха,2019-M11,2019,2016.0
010,Kombikorm,Комбикорм,Compound feed,Комбикорм,2019-M11,2019,1901.0
011,Oliy navli bug'doy uni,Мука пшеничная высшего сорта,High-grade wheat flour,Олий навли буғдой уни,2019-M11,2019,0.0
0012,1-navli bug'doy uni,Мука пшеничная первого сорта,First grade wheat flour,1-навли буғдой уни,2019-M11,2019,0.0
013,1-nav bug'doy unidan non,Хлеб пшеничный из муки 1-го сорта,Wheat bread from 1st grade flour,1-нав буғдой унидан нон,2019-M11,2019,0.0
017,Mol go'shti,Говядина,Beef,Мол гўшти,2019-M11,2019,45209.0
0020,Qo'y go'shti,Баранина,Mutton,Қўй гўшти,2019-M11,2019,45111.0
022,Tovuq go'shti,Мясо птицы,Poultry,Товуқ гўшти,2019-M11,2019,21321.0
026,Turli baliqlar,Рыба всякая,Fish of all kinds,Турли балиқлар,2019-M11,2019,14645.0
027,Yangi sog'ilgan sut (1 litr),Молоко свежее (1 литр),Fresh milk (1 liter),Янги соғилган сут (1 литр),2019-M11,2019,3805.0
034,Tuxum (10 dona),Яйца (10 штук),Eggs (10 pieces ),Тухум (10 дона),2019-M11,2019,7073.0
035,Paxta yog'i (1 litr),Масло хлопковое (1 литр),Cottonseed oil (1 liter),Пахта ёғи (1 литр),2019-M11,2019,0.0
0036,Kungaboqar yog'i (1 litr),Масло подсолнечное (1 литр),Sunflower oil (1 liter),Кунгабоқар ёғи (1 литр),2019-M11,2019,0.0
037,Sariyog',Масло сливочное,Butter,Сариёғ,2019-M11,2019,38679.0
039,Limon,Лимоны,Lemons,Лимон,2019-M11,2019,10202.0
0040,Olma,Яблоки,Apples,Олма,2019-M11,2019,8945.0
041,Nok,Груши,Pears,Нок,2019-M11,2019,8183.0
049,Uzum,Виноград,Grape,Узум,2019-M11,2019,7274.0
0050,Tarvuz,Арбуз,Watermelon,Тарвуз,2019-M11,2019,1627.0
0051,Qovun,Дыня,Melon,Қовун,2019-M11,2019,1989.0
053,Mayiz,Кишмиш,Kishmish,Майиз,2019-M11,2019,21484.0
055,Karam,Капуста,Cabbage,Карам,2019-M11,2019,2023.0
057,Bodring,Огурцы,Cucumbers,Бодринг,2019-M11,2019,6575.0
058,Pomidor,Помидоры,Tomatoes,Помидор,2019-M11,2019,5961.0
059,Baqlajon,Баклажаны,Eggplant,Бақлажон,2019-M11,2019,2551.0
0060,Bulg'or qalampiri,Перец болгарский,Bell pepper,Булғор қалампири,2019-M11,2019,3248.0
061,Qovoq,Тыква,Pumpkin,Қовоқ,2019-M11,2019,1749.0
063,Sabzi,Морковь,Carrot,Сабзи,2019-M11,2019,1559.0
065,Sarimsoq,Чеснок,Garlic,Саримсоқ,2019-M11,2019,12196.0
066,Piyoz,Лук репчатый,Onion,Пиёз,2019-M11,2019,1563.0
069,Kartoshka,Картофель,Potatoes,Картошка,2019-M11,2019,2183.0
0070,Loviya,Фасоль,Beans,Ловия,2019-M11,2019,9542.0
071,No'xot,Горох,Peas,Нўхот,2019-M11,2019,9321.0
0072,Mosh,Маш,Mash,Мош,2019-M11,2019,9463.0
073,Shakar,Сахар песок,Sugar,Шакар,2019-M11,2019,0.0
002,Kruppa yormasi,Крупа манная,Semolina,Круппа ёрмаси,2019-M11,2019,2224.0
001,Guruch,Рис,Rice,Гуруч,2019-M12,2019,9325.0
003,Arpa,Ячмень,Barley,Арпа,2019-M12,2019,2267.0
0004,Bug'doy,Пшеница,Wheat,Буғдой,2019-M12,2019,2138.0
005,Jo'hori,Кукуруза,Corn,Жўҳори,2019-M12,2019,2378.0
006,Kepak,Отруби,Bran,Кепак,2019-M12,2019,1642.0
0008,Shrot,Шрот,Schroth,Шрот,2019-M12,2019,2860.0
009,Shulxa,Шелуха,Husk,Шулха,2019-M12,2019,2024.0
010,Kombikorm,Комбикорм,Compound feed,Комбикорм,2019-M12,2019,1902.0
011,Oliy navli bug'doy uni,Мука пшеничная высшего сорта,High-grade wheat flour,Олий навли буғдой уни,2019-M12,2019,0.0
0012,1-navli bug'doy uni,Мука пшеничная первого сорта,First grade wheat flour,1-навли буғдой уни,2019-M12,2019,0.0
013,1-nav bug'doy unidan non,Хлеб пшеничный из муки 1-го сорта,Wheat bread from 1st grade flour,1-нав буғдой унидан нон,2019-M12,2019,0.0
017,Mol go'shti,Говядина,Beef,Мол гўшти,2019-M12,2019,45821.0
0020,Qo'y go'shti,Баранина,Mutton,Қўй гўшти,2019-M12,2019,45605.0
022,Tovuq go'shti,Мясо птицы,Poultry,Товуқ гўшти,2019-M12,2019,21532.0
026,Turli baliqlar,Рыба всякая,Fish of all kinds,Турли балиқлар,2019-M12,2019,14775.0
027,Yangi sog'ilgan sut (1 litr),Молоко свежее (1 литр),Fresh milk (1 liter),Янги соғилган сут (1 литр),2019-M12,2019,3820.0
034,Tuxum (10 dona),Яйца (10 штук),Eggs (10 pieces ),Тухум (10 дона),2019-M12,2019,7911.0
035,Paxta yog'i (1 litr),Масло хлопковое (1 литр),Cottonseed oil (1 liter),Пахта ёғи (1 литр),2019-M12,2019,0.0
0036,Kungaboqar yog'i (1 litr),Масло подсолнечное (1 литр),Sunflower oil (1 liter),Кунгабоқар ёғи (1 литр),2019-M12,2019,0.0
037,Sariyog',Масло сливочное,Butter,Сариёғ,2019-M12,2019,39856.0
039,Limon,Лимоны,Lemons,Лимон,2019-M12,2019,6800.0
0040,Olma,Яблоки,Apples,Олма,2019-M12,2019,9610.0
041,Nok,Груши,Pears,Нок,2019-M12,2019,10701.0
049,Uzum,Виноград,Grape,Узум,2019-M12,2019,9088.0
0050,Tarvuz,Арбуз,Watermelon,Тарвуз,2019-M12,2019,2199.0
0051,Qovun,Дыня,Melon,Қовун,2019-M12,2019,2615.0
053,Mayiz,Кишмиш,Kishmish,Майиз,2019-M12,2019,21732.0
055,Karam,Капуста,Cabbage,Карам,2019-M12,2019,1809.0
057,Bodring,Огурцы,Cucumbers,Бодринг,2019-M12,2019,11352.0
058,Pomidor,Помидоры,Tomatoes,Помидор,2019-M12,2019,8361.0
059,Baqlajon,Баклажаны,Eggplant,Бақлажон,2019-M12,2019,5598.0
0060,Bulg'or qalampiri,Перец болгарский,Bell pepper,Булғор қалампири,2019-M12,2019,4268.0
061,Qovoq,Тыква,Pumpkin,Қовоқ,2019-M12,2019,2151.0
063,Sabzi,Морковь,Carrot,Сабзи,2019-M12,2019,1321.0
065,Sarimsoq,Чеснок,Garlic,Саримсоқ,2019-M12,2019,15846.0
066,Piyoz,Лук репчатый,Onion,Пиёз,2019-M12,2019,1697.0
069,Kartoshka,Картофель,Potatoes,Картошка,2019-M12,2019,2389.0
0070,Loviya,Фасоль,Beans,Ловия,2019-M12,2019,9511.0
071,No'xot,Горох,Peas,Нўхот,2019-M12,2019,9340.0
0072,Mosh,Маш,Mash,Мош,2019-M12,2019,9442.0
073,Shakar,Сахар песок,Sugar,Шакар,2019-M12,2019,0.0
002,Kruppa yormasi,Крупа манная,Semolina,Круппа ёрмаси,2019-M12,2019,2267.0
001,Guruch,Рис,Rice,Гуруч,2020-M01,2020,9267.0
003,Arpa,Ячмень,Barley,Арпа,2020-M01,2020,2311.0
0004,Bug'doy,Пшеница,Wheat,Буғдой,2020-M01,2020,2191.0
005,Jo'hori,Кукуруза,Corn,Жўҳори,2020-M01,2020,2467.0
006,Kepak,Отруби,Bran,Кепак,2020-M01,2020,1644.0
0008,Shrot,Шрот,Schroth,Шрот,2020-M01,2020,2870.0
009,Shulxa,Шелуха,Husk,Шулха,2020-M01,2020,2031.0
010,Kombikorm,Комбикорм,Compound feed,Комбикорм,2020-M01,2020,1903.0
011,Oliy navli bug'doy uni,Мука пшеничная высшего сорта,High-grade wheat flour,Олий навли буғдой уни,2020-M01,2020,0.0
0012,1-navli bug'doy uni,Мука пшеничная первого сорта,First grade wheat flour,1-навли буғдой уни,2020-M01,2020,0.0
013,1-nav bug'doy unidan non,Хлеб пшеничный из муки 1-го сорта,Wheat bread from 1st grade flour,1-нав буғдой унидан нон,2020-M01,2020,0.0
017,Mol go'shti,Говядина,Beef,Мол гўшти,2020-M01,2020,45995.0
0020,Qo'y go'shti,Баранина,Mutton,Қўй гўшти,2020-M01,2020,46624.0
022,Tovuq go'shti,Мясо птицы,Poultry,Товуқ гўшти,2020-M01,2020,21572.0
026,Turli baliqlar,Рыба всякая,Fish of all kinds,Турли балиқлар,2020-M01,2020,15312.0
027,Yangi sog'ilgan sut (1 litr),Молоко свежее (1 литр),Fresh milk (1 liter),Янги соғилган сут (1 литр),2020-M01,2020,3850.0
034,Tuxum (10 dona),Яйца (10 штук),Eggs (10 pieces ),Тухум (10 дона),2020-M01,2020,7911.0
035,Paxta yog'i (1 litr),Масло хлопковое (1 литр),Cottonseed oil (1 liter),Пахта ёғи (1 литр),2020-M01,2020,0.0
0036,Kungaboqar yog'i (1 litr),Масло подсолнечное (1 литр),Sunflower oil (1 liter),Кунгабоқар ёғи (1 литр),2020-M01,2020,0.0
037,Sariyog',Масло сливочное,Butter,Сариёғ,2020-M01,2020,41032.0
039,Limon,Лимоны,Lemons,Лимон,2020-M01,2020,7406.0
0040,Olma,Яблоки,Apples,Олма,2020-M01,2020,9982.0
041,Nok,Груши,Pears,Нок,2020-M01,2020,12086.0
049,Uzum,Виноград,Grape,Узум,2020-M01,2020,11188.0
0050,Tarvuz,Арбуз,Watermelon,Тарвуз,2020-M01,2020,3045.0
0051,Qovun,Дыня,Melon,Қовун,2020-M01,2020,3053.0
053,Mayiz,Кишмиш,Kishmish,Майиз,2020-M01,2020,22255.0
055,Karam,Капуста,Cabbage,Карам,2020-M01,2020,1930.0
057,Bodring,Огурцы,Cucumbers,Бодринг,2020-M01,2020,15497.0
058,Pomidor,Помидоры,Tomatoes,Помидор,2020-M01,2020,9874.0
059,Baqlajon,Баклажаны,Eggplant,Бақлажон,2020-M01,2020,10171.0
0060,Bulg'or qalampiri,Перец болгарский,Bell pepper,Булғор қалампири,2020-M01,2020,11522.0
061,Qovoq,Тыква,Pumpkin,Қовоқ,2020-M01,2020,2435.0
063,Sabzi,Морковь,Carrot,Сабзи,2020-M01,2020,1193.0
065,Sarimsoq,Чеснок,Garlic,Саримсоқ,2020-M01,2020,19345.0
066,Piyoz,Лук репчатый,Onion,Пиёз,2020-M01,2020,1859.0
069,Kartoshka,Картофель,Potatoes,Картошка,2020-M01,2020,2683.0
0070,Loviya,Фасоль,Beans,Ловия,2020-M01,2020,9549.0
071,No'xot,Горох,Peas,Нўхот,2020-M01,2020,8974.0
0072,Mosh,Маш,Mash,Мош,2020-M01,2020,9366.0
073,Shakar,Сахар песок,Sugar,Шакар,2020-M01,2020,0.0
002,Kruppa yormasi,Крупа манная,Semolina,Круппа ёрмаси,2020-M01,2020,2311.0
001,Guruch,Рис,Rice,Гуруч,2020-M02,2020,9130.0
003,Arpa,Ячмень,Barley,Арпа,2020-M02,2020,2316.0
0004,Bug'doy,Пшеница,Wheat,Буғдой,2020-M02,2020,2199.0
005,Jo'hori,Кукуруза,Corn,Жўҳори,2020-M02,2020,2514.0
006,Kepak,Отруби,Bran,Кепак,2020-M02,2020,1646.0
0008,Shrot,Шрот,Schroth,Шрот,2020-M02,2020,2870.0
009,Shulxa,Шелуха,Husk,Шулха,2020-M02,2020,2033.0
010,Kombikorm,Комбикорм,Compound feed,Комбикорм,2020-M02,2020,1903.0
011,Oliy navli bug'doy uni,Мука пшеничная высшего сорта,High-grade wheat flour,Олий навли буғдой уни,2020-M02,2020,0.0
0012,1-navli bug'doy uni,Мука пшеничная первого сорта,First grade wheat flour,1-навли буғдой уни,2020-M02,2020,0.0
013,1-nav bug'doy unidan non,Хлеб пшеничный из муки 1-го сорта,Wheat bread from 1st grade flour,1-нав буғдой унидан нон,2020-M02,2020,0.0
017,Mol go'shti,Говядина,Beef,Мол гўшти,2020-M02,2020,46657.0
0020,Qo'y go'shti,Баранина,Mutton,Қўй гўшти,2020-M02,2020,47555.0
022,Tovuq go'shti,Мясо птицы,Poultry,Товуқ гўшти,2020-M02,2020,21045.0
026,Turli baliqlar,Рыба всякая,Fish of all kinds,Турли балиқлар,2020-M02,2020,15729.0
027,Yangi sog'ilgan sut (1 litr),Молоко свежее (1 литр),Fresh milk (1 liter),Янги соғилган сут (1 литр),2020-M02,2020,3979.0
034,Tuxum (10 dona),Яйца (10 штук),Eggs (10 pieces ),Тухум (10 дона),2020-M02,2020,7929.0
035,Paxta yog'i (1 litr),Масло хлопковое (1 литр),Cottonseed oil (1 liter),Пахта ёғи (1 литр),2020-M02,2020,0.0
0036,Kungaboqar yog'i (1 litr),Масло подсолнечное (1 литр),Sunflower oil (1 liter),Кунгабоқар ёғи (1 литр),2020-M02,2020,0.0
037,Sariyog',Масло сливочное,Butter,Сариёғ,2020-M02,2020,41032.0
039,Limon,Лимоны,Lemons,Лимон,2020-M02,2020,10030.0
0040,Olma,Яблоки,Apples,Олма,2020-M02,2020,10274.0
041,Nok,Груши,Pears,Нок,2020-M02,2020,13661.0
049,Uzum,Виноград,Grape,Узум,2020-M02,2020,15144.0
0050,Tarvuz,Арбуз,Watermelon,Тарвуз,2020-M02,2020,0.0
0051,Qovun,Дыня,Melon,Қовун,2020-M02,2020,3790.0
053,Mayiz,Кишмиш,Kishmish,Майиз,2020-M02,2020,22284.0
055,Karam,Капуста,Cabbage,Карам,2020-M02,2020,1657.0
057,Bodring,Огурцы,Cucumbers,Бодринг,2020-M02,2020,15497.0
058,Pomidor,Помидоры,Tomatoes,Помидор,2020-M02,2020,11161.0
059,Baqlajon,Баклажаны,Eggplant,Бақлажон,2020-M02,2020,0.0
0060,Bulg'or qalampiri,Перец болгарский,Bell pepper,Булғор қалампири,2020-M02,2020,18267.0
061,Qovoq,Тыква,Pumpkin,Қовоқ,2020-M02,2020,2584.0
063,Sabzi,Морковь,Carrot,Сабзи,2020-M02,2020,1201.0
065,Sarimsoq,Чеснок,Garlic,Саримсоқ,2020-M02,2020,22122.0
066,Piyoz,Лук репчатый,Onion,Пиёз,2020-M02,2020,2082.0
069,Kartoshka,Картофель,Potatoes,Картошка,2020-M02,2020,2800.0
0070,Loviya,Фасоль,Beans,Ловия,2020-M02,2020,10675.0
071,No'xot,Горох,Peas,Нўхот,2020-M02,2020,8974.0
0072,Mosh,Маш,Mash,Мош,2020-M02,2020,9313.0
073,Shakar,Сахар песок,Sugar,Шакар,2020-M02,2020,0.0
002,Kruppa yormasi,Крупа манная,Semolina,Круппа ёрмаси,2020-M02,2020,2316.0
001,Guruch,Рис,Rice,Гуруч,2020-M03,2020,9121.0
003,Arpa,Ячмень,Barley,Арпа,2020-M03,2020,2320.0
0004,Bug'doy,Пшеница,Wheat,Буғдой,2020-M03,2020,2329.0
005,Jo'hori,Кукуруза,Corn,Жўҳори,2020-M03,2020,2652.0
006,Kepak,Отруби,Bran,Кепак,2020-M03,2020,1647.0
0008,Shrot,Шрот,Schroth,Шрот,2020-M03,2020,2877.0
009,Shulxa,Шелуха,Husk,Шулха,2020-M03,2020,2042.0
010,Kombikorm,Комбикорм,Compound feed,Комбикорм,2020-M03,2020,1906.0
011,Oliy navli bug'doy uni,Мука пшеничная высшего сорта,High-grade wheat flour,Олий навли буғдой уни,2020-M03,2020,0.0
0012,1-navli bug'doy uni,Мука пшеничная первого сорта,First grade wheat flour,1-навли буғдой уни,2020-M03,2020,0.0
013,1-nav bug'doy unidan non,Хлеб пшеничный из муки 1-го сорта,Wheat bread from 1st grade flour,1-нав буғдой унидан нон,2020-M03,2020,0.0
017,Mol go'shti,Говядина,Beef,Мол гўшти,2020-M03,2020,47817.0
0020,Qo'y go'shti,Баранина,Mutton,Қўй гўшти,2020-M03,2020,48328.0
022,Tovuq go'shti,Мясо птицы,Poultry,Товуқ гўшти,2020-M03,2020,20927.0
026,Turli baliqlar,Рыба всякая,Fish of all kinds,Турли балиқлар,2020-M03,2020,16041.0
027,Yangi sog'ilgan sut (1 litr),Молоко свежее (1 литр),Fresh milk (1 liter),Янги соғилган сут (1 литр),2020-M03,2020,4015.0
034,Tuxum (10 dona),Яйца (10 штук),Eggs (10 pieces ),Тухум (10 дона),2020-M03,2020,7574.0
035,Paxta yog'i (1 litr),Масло хлопковое (1 литр),Cottonseed oil (1 liter),Пахта ёғи (1 литр),2020-M03,2020,0.0
0036,Kungaboqar yog'i (1 litr),Масло подсолнечное (1 литр),Sunflower oil (1 liter),Кунгабоқар ёғи (1 литр),2020-M03,2020,0.0
037,Sariyog',Масло сливочное,Butter,Сариёғ,2020-M03,2020,41032.0
039,Limon,Лимоны,Lemons,Лимон,2020-M03,2020,11060.0
0040,Olma,Яблоки,Apples,Олма,2020-M03,2020,10324.0
041,Nok,Груши,Pears,Нок,2020-M03,2020,14954.0
049,Uzum,Виноград,Grape,Узум,2020-M03,2020,16796.0
0050,Tarvuz,Арбуз,Watermelon,Тарвуз,2020-M03,2020,0.0
0051,Qovun,Дыня,Melon,Қовун,2020-M03,2020,4469.0
053,Mayiz,Кишмиш,Kishmish,Майиз,2020-M03,2020,22332.0
055,Karam,Капуста,Cabbage,Карам,2020-M03,2020,1533.0
057,Bodring,Огурцы,Cucumbers,Бодринг,2020-M03,2020,14275.0
058,Pomidor,Помидоры,Tomatoes,Помидор,2020-M03,2020,13437.0
059,Baqlajon,Баклажаны,Eggplant,Бақлажон,2020-M03,2020,0.0
0060,Bulg'or qalampiri,Перец болгарский,Bell pepper,Булғор қалампири,2020-M03,2020,32393.0
061,Qovoq,Тыква,Pumpkin,Қовоқ,2020-M03,2020,2859.0
063,Sabzi,Морковь,Carrot,Сабзи,2020-M03,2020,1183.0
065,Sarimsoq,Чеснок,Garlic,Саримсоқ,2020-M03,2020,29415.0
066,Piyoz,Лук репчатый,Onion,Пиёз,2020-M03,2020,2083.0
069,Kartoshka,Картофель,Potatoes,Картошка,2020-M03,2020,3397.0
0070,Loviya,Фасоль,Beans,Ловия,2020-M03,2020,10871.0
071,No'xot,Горох,Peas,Нўхот,2020-M03,2020,8974.0
0072,Mosh,Маш,Mash,Мош,2020-M03,2020,9313.0
073,Shakar,Сахар песок,Sugar,Шакар,2020-M03,2020,0.0
002,Kruppa yormasi,Крупа манная,Semolina,Круппа ёрмаси,2020-M03,2020,2320.0
001,Guruch,Рис,Rice,Гуруч,2020-M04,2020,9891.0
003,Arpa,Ячмень,Barley,Арпа,2020-M04,2020,2364.0
0004,Bug'doy,Пшеница,Wheat,Буғдой,2020-M04,2020,2837.0
005,Jo'hori,Кукуруза,Corn,Жўҳори,2020-M04,2020,2909.0
006,Kepak,Отруби,Bran,Кепак,2020-M04,2020,1664.0
0008,Shrot,Шрот,Schroth,Шрот,2020-M04,2020,2904.0
009,Shulxa,Шелуха,Husk,Шулха,2020-M04,2020,2067.0
010,Kombikorm,Комбикорм,Compound feed,Комбикорм,2020-M04,2020,1906.0
011,Oliy navli bug'doy uni,Мука пшеничная высшего сорта,High-grade wheat flour,Олий навли буғдой уни,2020-M04,2020,0.0
0012,1-navli bug'doy uni,Мука пшеничная первого сорта,First grade wheat flour,1-навли буғдой уни,2020-M04,2020,0.0
013,1-nav bug'doy unidan non,Хлеб пшеничный из муки 1-го сорта,Wheat bread from 1st grade flour,1-нав буғдой унидан нон,2020-M04,2020,0.0
017,Mol go'shti,Говядина,Beef,Мол гўшти,2020-M04,2020,48767.0
0020,Qo'y go'shti,Баранина,Mutton,Қўй гўшти,2020-M04,2020,49032.0
022,Tovuq go'shti,Мясо птицы,Poultry,Товуқ гўшти,2020-M04,2020,21134.0
026,Turli baliqlar,Рыба всякая,Fish of all kinds,Турли балиқлар,2020-M04,2020,17721.0
027,Yangi sog'ilgan sut (1 litr),Молоко свежее (1 литр),Fresh milk (1 liter),Янги соғилган сут (1 литр),2020-M04,2020,4039.0
034,Tuxum (10 dona),Яйца (10 штук),Eggs (10 pieces ),Тухум (10 дона),2020-M04,2020,7699.0
035,Paxta yog'i (1 litr),Масло хлопковое (1 литр),Cottonseed oil (1 liter),Пахта ёғи (1 литр),2020-M04,2020,0.0
0036,Kungaboqar yog'i (1 litr),Масло подсолнечное (1 литр),Sunflower oil (1 liter),Кунгабоқар ёғи (1 литр),2020-M04,2020,0.0
037,Sariyog',Масло сливочное,Butter,Сариёғ,2020-M04,2020,41032.0
039,Limon,Лимоны,Lemons,Лимон,2020-M04,2020,20958.0
0040,Olma,Яблоки,Apples,Олма,2020-M04,2020,10660.0
041,Nok,Груши,Pears,Нок,2020-M04,2020,15570.0
049,Uzum,Виноград,Grape,Узум,2020-M04,2020,17700.0
0050,Tarvuz,Арбуз,Watermelon,Тарвуз,2020-M04,2020,0.0
0051,Qovun,Дыня,Melon,Қовун,2020-M04,2020,0.0
053,Mayiz,Кишмиш,Kishmish,Майиз,2020-M04,2020,22554.0
055,Karam,Капуста,Cabbage,Карам,2020-M04,2020,1721.0
057,Bodring,Огурцы,Cucumbers,Бодринг,2020-M04,2020,6639.0
058,Pomidor,Помидоры,Tomatoes,Помидор,2020-M04,2020,12366.0
059,Baqlajon,Баклажаны,Eggplant,Бақлажон,2020-M04,2020,0.0
0060,Bulg'or qalampiri,Перец болгарский,Bell pepper,Булғор қалампири,2020-M04,2020,36087.0
061,Qovoq,Тыква,Pumpkin,Қовоқ,2020-M04,2020,0.0
063,Sabzi,Морковь,Carrot,Сабзи,2020-M04,2020,1601.0
065,Sarimsoq,Чеснок,Garlic,Саримсоқ,2020-M04,2020,33803.0
066,Piyoz,Лук репчатый,Onion,Пиёз,2020-M04,2020,2735.0
069,Kartoshka,Картофель,Potatoes,Картошка,2020-M04,2020,4091.0
0070,Loviya,Фасоль,Beans,Ловия,2020-M04,2020,12913.0
071,No'xot,Горох,Peas,Нўхот,2020-M04,2020,9457.0
0072,Mosh,Маш,Mash,Мош,2020-M04,2020,9943.0
073,Shakar,Сахар песок,Sugar,Шакар,2020-M04,2020,0.0
002,Kruppa yormasi,Крупа манная,Semolina,Круппа ёрмаси,2020-M04,2020,2364.0
001,Guruch,Рис,Rice,Гуруч,2020-M05,2020,9989.0
003,Arpa,Ячмень,Barley,Арпа,2020-M05,2020,3349.0
0004,Bug'doy,Пшеница,Wheat,Буғдой,2020-M05,2020,3468.0
005,Jo'hori,Кукуруза,Corn,Жўҳори,2020-M05,2020,3382.0
006,Kepak,Отруби,Bran,Кепак,2020-M05,2020,1709.0
0008,Shrot,Шрот,Schroth,Шрот,2020-M05,2020,2910.0
009,Shulxa,Шелуха,Husk,Шулха,2020-M05,2020,2075.0
010,Kombikorm,Комбикорм,Compound feed,Комбикорм,2020-M05,2020,1908.0
011,Oliy navli bug'doy uni,Мука пшеничная высшего сорта,High-grade wheat flour,Олий навли буғдой уни,2020-M05,2020,0.0
0012,1-navli bug'doy uni,Мука пшеничная первого сорта,First grade wheat flour,1-навли буғдой уни,2020-M05,2020,0.0
013,1-nav bug'doy unidan non,Хлеб пшеничный из муки 1-го сорта,Wheat bread from 1st grade flour,1-нав буғдой унидан нон,2020-M05,2020,0.0
017,Mol go'shti,Говядина,Beef,Мол гўшти,2020-M05,2020,48916.0
0020,Qo'y go'shti,Баранина,Mutton,Қўй гўшти,2020-M05,2020,49289.0
022,Tovuq go'shti,Мясо птицы,Poultry,Товуқ гўшти,2020-M05,2020,21216.0
026,Turli baliqlar,Рыба всякая,Fish of all kinds,Турли балиқлар,2020-M05,2020,18700.0
027,Yangi sog'ilgan sut (1 litr),Молоко свежее (1 литр),Fresh milk (1 liter),Янги соғилган сут (1 литр),2020-M05,2020,4168.0
034,Tuxum (10 dona),Яйца (10 штук),Eggs (10 pieces ),Тухум (10 дона),2020-M05,2020,8363.0
035,Paxta yog'i (1 litr),Масло хлопковое (1 литр),Cottonseed oil (1 liter),Пахта ёғи (1 литр),2020-M05,2020,0.0
0036,Kungaboqar yog'i (1 litr),Масло подсолнечное (1 литр),Sunflower oil (1 liter),Кунгабоқар ёғи (1 литр),2020-M05,2020,0.0
037,Sariyog',Масло сливочное,Butter,Сариёғ,2020-M05,2020,41032.0
039,Limon,Лимоны,Lemons,Лимон,2020-M05,2020,28972.0
0040,Olma,Яблоки,Apples,Олма,2020-M05,2020,10805.0
041,Nok,Груши,Pears,Нок,2020-M05,2020,16013.0
049,Uzum,Виноград,Grape,Узум,2020-M05,2020,0.0
0050,Tarvuz,Арбуз,Watermelon,Тарвуз,2020-M05,2020,7017.0
0051,Qovun,Дыня,Melon,Қовун,2020-M05,2020,5533.0
053,Mayiz,Кишмиш,Kishmish,Майиз,2020-M05,2020,23489.0
055,Karam,Капуста,Cabbage,Карам,2020-M05,2020,1539.0
057,Bodring,Огурцы,Cucumbers,Бодринг,2020-M05,2020,3078.0
058,Pomidor,Помидоры,Tomatoes,Помидор,2020-M05,2020,8225.0
059,Baqlajon,Баклажаны,Eggplant,Бақлажон,2020-M05,2020,14521.0
0060,Bulg'or qalampiri,Перец болгарский,Bell pepper,Булғор қалампири,2020-M05,2020,16421.0
061,Qovoq,Тыква,Pumpkin,Қовоқ,2020-M05,2020,0.0
063,Sabzi,Морковь,Carrot,Сабзи,2020-M05,2020,1594.0
065,Sarimsoq,Чеснок,Garlic,Саримсоқ,2020-M05,2020,28816.0
066,Piyoz,Лук репчатый,Onion,Пиёз,2020-M05,2020,2217.0
069,Kartoshka,Картофель,Potatoes,Картошка,2020-M05,2020,4004.0
0070,Loviya,Фасоль,Beans,Ловия,2020-M05,2020,15774.0
071,No'xot,Горох,Peas,Нўхот,2020-M05,2020,9618.0
0072,Mosh,Маш,Mash,Мош,2020-M05,2020,12424.0
073,Shakar,Сахар песок,Sugar,Шакар,2020-M05,2020,0.0
002,Kruppa yormasi,Крупа манная,Semolina,Круппа ёрмаси,2020-M05,2020,3349.0
001,Guruch,Рис,Rice,Гуруч,2020-M06,2020,9989.0
003,Arpa,Ячмень,Barley,Арпа,2020-M06,2020,3280.0
0004,Bug'doy,Пшеница,Wheat,Буғдой,2020-M06,2020,3175.0
005,Jo'hori,Кукуруза,Corn,Жўҳори,2020-M06,2020,3412.0
006,Kepak,Отруби,Bran,Кепак,2020-M06,2020,1747.0
0008,Shrot,Шрот,Schroth,Шрот,2020-M06,2020,2918.0
009,Shulxa,Шелуха,Husk,Шулха,2020-M06,2020,2077.0
010,Kombikorm,Комбикорм,Compound feed,Комбикорм,2020-M06,2020,1910.0
011,Oliy navli bug'doy uni,Мука пшеничная высшего сорта,High-grade wheat flour,Олий навли буғдой уни,2020-M06,2020,0.0
0012,1-navli bug'doy uni,Мука пшеничная первого сорта,First grade wheat flour,1-навли буғдой уни,2020-M06,2020,0.0
013,1-nav bug'doy unidan non,Хлеб пшеничный из муки 1-го сорта,Wheat bread from 1st grade flour,1-нав буғдой унидан нон,2020-M06,2020,0.0
017,Mol go'shti,Говядина,Beef,Мол гўшти,2020-M06,2020,49021.0
0020,Qo'y go'shti,Баранина,Mutton,Қўй гўшти,2020-M06,2020,49537.0
022,Tovuq go'shti,Мясо птицы,Poultry,Товуқ гўшти,2020-M06,2020,21216.0
026,Turli baliqlar,Рыба всякая,Fish of all kinds,Турли балиқлар,2020-M06,2020,18700.0
027,Yangi sog'ilgan sut (1 litr),Молоко свежее (1 литр),Fresh milk (1 liter),Янги соғилган сут (1 литр),2020-M06,2020,4163.0
034,Tuxum (10 dona),Яйца (10 штук),Eggs (10 pieces ),Тухум (10 дона),2020-M06,2020,8333.0
035,Paxta yog'i (1 litr),Масло хлопковое (1 литр),Cottonseed oil (1 liter),Пахта ёғи (1 литр),2020-M06,2020,0.0
0036,Kungaboqar yog'i (1 litr),Масло подсолнечное (1 литр),Sunflower oil (1 liter),Кунгабоқар ёғи (1 литр),2020-M06,2020,0.0
037,Sariyog',Масло сливочное,Butter,Сариёғ,2020-M06,2020,41069.0
039,Limon,Лимоны,Lemons,Лимон,2020-M06,2020,31537.0
0040,Olma,Яблоки,Apples,Олма,2020-M06,2020,7838.0
041,Nok,Груши,Pears,Нок,2020-M06,2020,15538.0
049,Uzum,Виноград,Grape,Узум,2020-M06,2020,9040.0
0050,Tarvuz,Арбуз,Watermelon,Тарвуз,2020-M06,2020,2454.0
0051,Qovun,Дыня,Melon,Қовун,2020-M06,2020,4206.0
053,Mayiz,Кишмиш,Kishmish,Майиз,2020-M06,2020,25753.0
055,Karam,Капуста,Cabbage,Карам,2020-M06,2020,1204.0
057,Bodring,Огурцы,Cucumbers,Бодринг,2020-M06,2020,2337.0
058,Pomidor,Помидоры,Tomatoes,Помидор,2020-M06,2020,2945.0
059,Baqlajon,Баклажаны,Eggplant,Бақлажон,2020-M06,2020,4175.0
0060,Bulg'or qalampiri,Перец болгарский,Bell pepper,Булғор қалампири,2020-M06,2020,4973.0
061,Qovoq,Тыква,Pumpkin,Қовоқ,2020-M06,2020,4940.0
063,Sabzi,Морковь,Carrot,Сабзи,2020-M06,2020,1560.0
065,Sarimsoq,Чеснок,Garlic,Саримсоқ,2020-M06,2020,13492.0
066,Piyoz,Лук репчатый,Onion,Пиёз,2020-M06,2020,1809.0
069,Kartoshka,Картофель,Potatoes,Картошка,2020-M06,2020,3770.0
0070,Loviya,Фасоль,Beans,Ловия,2020-M06,2020,17239.0
071,No'xot,Горох,Peas,Нўхот,2020-M06,2020,9618.0
0072,Mosh,Маш,Mash,Мош,2020-M06,2020,12679.0
073,Shakar,Сахар песок,Sugar,Шакар,2020-M06,2020,0.0
002,Kruppa yormasi,Крупа манная,Semolina,Круппа ёрмаси,2020-M06,2020,3280.0
001,Guruch,Рис,Rice,Гуруч,2020-M07,2020,10110.0
003,Arpa,Ячмень,Barley,Арпа,2020-M07,2020,2890.0
0004,Bug'doy,Пшеница,Wheat,Буғдой,2020-M07,2020,2911.0
005,Jo'hori,Кукуруза,Corn,Жўҳори,2020-M07,2020,3323.0
006,Kepak,Отруби,Bran,Кепак,2020-M07,2020,1774.0
0008,Shrot,Шрот,Schroth,Шрот,2020-M07,2020,2952.0
009,Shulxa,Шелуха,Husk,Шулха,2020-M07,2020,2085.0
010,Kombikorm,Комбикорм,Compound feed,Комбикорм,2020-M07,2020,1910.0
011,Oliy navli bug'doy uni,Мука пшеничная высшего сорта,High-grade wheat flour,Олий навли буғдой уни,2020-M07,2020,0.0
0012,1-navli bug'doy uni,Мука пшеничная первого сорта,First grade wheat flour,1-навли буғдой уни,2020-M07,2020,0.0
013,1-nav bug'doy unidan non,Хлеб пшеничный из муки 1-го сорта,Wheat bread from 1st grade flour,1-нав буғдой унидан нон,2020-M07,2020,0.0
017,Mol go'shti,Говядина,Beef,Мол гўшти,2020-M07,2020,49442.0
0020,Qo'y go'shti,Баранина,Mutton,Қўй гўшти,2020-M07,2020,50526.0
022,Tovuq go'shti,Мясо птицы,Poultry,Товуқ гўшти,2020-M07,2020,21334.0
026,Turli baliqlar,Рыба всякая,Fish of all kinds,Турли балиқлар,2020-M07,2020,0.0
027,Yangi sog'ilgan sut (1 litr),Молоко свежее (1 литр),Fresh milk (1 liter),Янги соғилган сут (1 литр),2020-M07,2020,4155.0
034,Tuxum (10 dona),Яйца (10 штук),Eggs (10 pieces ),Тухум (10 дона),2020-M07,2020,8382.0
035,Paxta yog'i (1 litr),Масло хлопковое (1 литр),Cottonseed oil (1 liter),Пахта ёғи (1 литр),2020-M07,2020,0.0
0036,Kungaboqar yog'i (1 litr),Масло подсолнечное (1 литр),Sunflower oil (1 liter),Кунгабоқар ёғи (1 литр),2020-M07,2020,0.0
037,Sariyog',Масло сливочное,Butter,Сариёғ,2020-M07,2020,41218.0
039,Limon,Лимоны,Lemons,Лимон,2020-M07,2020,35106.0
0040,Olma,Яблоки,Apples,Олма,2020-M07,2020,7074.0
041,Nok,Груши,Pears,Нок,2020-M07,2020,14317.0
049,Uzum,Виноград,Grape,Узум,2020-M07,2020,5642.0
0050,Tarvuz,Арбуз,Watermelon,Тарвуз,2020-M07,2020,1351.0
0051,Qovun,Дыня,Melon,Қовун,2020-M07,2020,3486.0
053,Mayiz,Кишмиш,Kishmish,Майиз,2020-M07,2020,26995.0
055,Karam,Капуста,Cabbage,Карам,2020-M07,2020,1395.0
057,Bodring,Огурцы,Cucumbers,Бодринг,2020-M07,2020,2412.0
058,Pomidor,Помидоры,Tomatoes,Помидор,2020-M07,2020,2287.0
059,Baqlajon,Баклажаны,Eggplant,Бақлажон,2020-M07,2020,1878.0
0060,Bulg'or qalampiri,Перец болгарский,Bell pepper,Булғор қалампири,2020-M07,2020,4245.0
061,Qovoq,Тыква,Pumpkin,Қовоқ,2020-M07,2020,3086.0
063,Sabzi,Морковь,Carrot,Сабзи,2020-M07,2020,1650.0
065,Sarimsoq,Чеснок,Garlic,Саримсоқ,2020-M07,2020,18655.0
066,Piyoz,Лук репчатый,Onion,Пиёз,2020-M07,2020,1576.0
069,Kartoshka,Картофель,Potatoes,Картошка,2020-M07,2020,3459.0
0070,Loviya,Фасоль,Beans,Ловия,2020-M07,2020,18911.0
071,No'xot,Горох,Peas,Нўхот,2020-M07,2020,9618.0
0072,Mosh,Маш,Mash,Мош,2020-M07,2020,11724.0
073,Shakar,Сахар песок,Sugar,Шакар,2020-M07,2020,0.0
002,Kruppa yormasi,Крупа манная,Semolina,Круппа ёрмаси,2020-M07,2020,2890.0
001,Guruch,Рис,Rice,Гуруч,2020-M08,2020,10224.0
003,Arpa,Ячмень,Barley,Арпа,2020-M08,2020,2829.0
0004,Bug'doy,Пшеница,Wheat,Буғдой,2020-M08,2020,3107.0
005,Jo'hori,Кукуруза,Corn,Жўҳори,2020-M08,2020,3522.0
006,Kepak,Отруби,Bran,Кепак,2020-M08,2020,1822.0
0008,Shrot,Шрот,Schroth,Шрот,2020-M08,2020,2973.0
009,Shulxa,Шелуха,Husk,Шулха,2020-M08,2020,2109.0
010,Kombikorm,Комбикорм,Compound feed,Комбикорм,2020-M08,2020,1913.0
011,Oliy navli bug'doy uni,Мука пшеничная высшего сорта,High-grade wheat flour,Олий навли буғдой уни,2020-M08,2020,0.0
0012,1-navli bug'doy uni,Мука пшеничная первого сорта,First grade wheat flour,1-навли буғдой уни,2020-M08,2020,0.0
013,1-nav bug'doy unidan non,Хлеб пшеничный из муки 1-го сорта,Wheat bread from 1st grade flour,1-нав буғдой унидан нон,2020-M08,2020,0.0
017,Mol go'shti,Говядина,Beef,Мол гўшти,2020-M08,2020,49697.0
0020,Qo'y go'shti,Баранина,Mutton,Қўй гўшти,2020-M08,2020,50857.0
022,Tovuq go'shti,Мясо птицы,Poultry,Товуқ гўшти,2020-M08,2020,21409.0
026,Turli baliqlar,Рыба всякая,Fish of all kinds,Турли балиқлар,2020-M08,2020,0.0
027,Yangi sog'ilgan sut (1 litr),Молоко свежее (1 литр),Fresh milk (1 liter),Янги соғилган сут (1 литр),2020-M08,2020,4155.0
034,Tuxum (10 dona),Яйца (10 штук),Eggs (10 pieces ),Тухум (10 дона),2020-M08,2020,8429.0
035,Paxta yog'i (1 litr),Масло хлопковое (1 литр),Cottonseed oil (1 liter),Пахта ёғи (1 литр),2020-M08,2020,0.0
0036,Kungaboqar yog'i (1 litr),Масло подсолнечное (1 литр),Sunflower oil (1 liter),Кунгабоқар ёғи (1 литр),2020-M08,2020,0.0
037,Sariyog',Масло сливочное,Butter,Сариёғ,2020-M08,2020,41218.0
039,Limon,Лимоны,Lemons,Лимон,2020-M08,2020,36433.0
0040,Olma,Яблоки,Apples,Олма,2020-M08,2020,7063.0
041,Nok,Груши,Pears,Нок,2020-M08,2020,12822.0
049,Uzum,Виноград,Grape,Узум,2020-M08,2020,4936.0
0050,Tarvuz,Арбуз,Watermelon,Тарвуз,2020-M08,2020,1086.0
0051,Qovun,Дыня,Melon,Қовун,2020-M08,2020,1980.0
053,Mayiz,Кишмиш,Kishmish,Майиз,2020-M08,2020,27116.0
055,Karam,Капуста,Cabbage,Карам,2020-M08,2020,1812.0
057,Bodring,Огурцы,Cucumbers,Бодринг,2020-M08,2020,2500.0
058,Pomidor,Помидоры,Tomatoes,Помидор,2020-M08,2020,2221.0
059,Baqlajon,Баклажаны,Eggplant,Бақлажон,2020-M08,2020,1711.0
0060,Bulg'or qalampiri,Перец болгарский,Bell pepper,Булғор қалампири,2020-M08,2020,3948.0
061,Qovoq,Тыква,Pumpkin,Қовоқ,2020-M08,2020,1995.0
063,Sabzi,Морковь,Carrot,Сабзи,2020-M08,2020,1782.0
065,Sarimsoq,Чеснок,Garlic,Саримсоқ,2020-M08,2020,25634.0
066,Piyoz,Лук репчатый,Onion,Пиёз,2020-M08,2020,1789.0
069,Kartoshka,Картофель,Potatoes,Картошка,2020-M08,2020,3581.0
0070,Loviya,Фасоль,Beans,Ловия,2020-M08,2020,18505.0
071,No'xot,Горох,Peas,Нўхот,2020-M08,2020,9634.0
0072,Mosh,Маш,Mash,Мош,2020-M08,2020,11666.0
073,Shakar,Сахар песок,Sugar,Шакар,2020-M08,2020,0.0
002,Kruppa yormasi,Крупа манная,Semolina,Круппа ёрмаси,2020-M08,2020,2829.0
001,Guruch,Рис,Rice,Гуруч,2020-M09,2020,10326.0
003,Arpa,Ячмень,Barley,Арпа,2020-M09,2020,2829.0
0004,Bug'doy,Пшеница,Wheat,Буғдой,2020-M09,2020,3146.0
005,Jo'hori,Кукуруза,Corn,Жўҳори,2020-M09,2020,3460.0
006,Kepak,Отруби,Bran,Кепак,2020-M09,2020,1886.0
0008,Shrot,Шрот,Schroth,Шрот,2020-M09,2020,3088.0
009,Shulxa,Шелуха,Husk,Шулха,2020-M09,2020,2199.0
010,Kombikorm,Комбикорм,Compound feed,Комбикорм,2020-M09,2020,1947.0
011,Oliy navli bug'doy uni,Мука пшеничная высшего сорта,High-grade wheat flour,Олий навли буғдой уни,2020-M09,2020,0.0
0012,1-navli bug'doy uni,Мука пшеничная первого сорта,First grade wheat flour,1-навли буғдой уни,2020-M09,2020,0.0
013,1-nav bug'doy unidan non,Хлеб пшеничный из муки 1-го сорта,Wheat bread from 1st grade flour,1-нав буғдой унидан нон,2020-M09,2020,0.0
017,Mol go'shti,Говядина,Beef,Мол гўшти,2020-M09,2020,51617.0
0020,Qo'y go'shti,Баранина,Mutton,Қўй гўшти,2020-M09,2020,54121.0
022,Tovuq go'shti,Мясо птицы,Poultry,Товуқ гўшти,2020-M09,2020,21291.0
026,Turli baliqlar,Рыба всякая,Fish of all kinds,Турли балиқлар,2020-M09,2020,17912.0
027,Yangi sog'ilgan sut (1 litr),Молоко свежее (1 литр),Fresh milk (1 liter),Янги соғилган сут (1 литр),2020-M09,2020,4155.0
034,Tuxum (10 dona),Яйца (10 штук),Eggs (10 pieces ),Тухум (10 дона),2020-M09,2020,8802.0
035,Paxta yog'i (1 litr),Масло хлопковое (1 литр),Cottonseed oil (1 liter),Пахта ёғи (1 литр),2020-M09,2020,0.0
0036,Kungaboqar yog'i (1 litr),Масло подсолнечное (1 литр),Sunflower oil (1 liter),Кунгабоқар ёғи (1 литр),2020-M09,2020,0.0
037,Sariyog',Масло сливочное,Butter,Сариёғ,2020-M09,2020,41676.0
039,Limon,Лимоны,Lemons,Лимон,2020-M09,2020,27193.0
0040,Olma,Яблоки,Apples,Олма,2020-M09,2020,6837.0
041,Nok,Груши,Pears,Нок,2020-M09,2020,11499.0
049,Uzum,Виноград,Grape,Узум,2020-M09,2020,4852.0
0050,Tarvuz,Арбуз,Watermelon,Тарвуз,2020-M09,2020,1113.0
0051,Qovun,Дыня,Melon,Қовун,2020-M09,2020,1911.0
053,Mayiz,Кишмиш,Kishmish,Майиз,2020-M09,2020,27323.0
055,Karam,Капуста,Cabbage,Карам,2020-M09,2020,1957.0
057,Bodring,Огурцы,Cucumbers,Бодринг,2020-M09,2020,2393.0
058,Pomidor,Помидоры,Tomatoes,Помидор,2020-M09,2020,2155.0
059,Baqlajon,Баклажаны,Eggplant,Бақлажон,2020-M09,2020,1779.0
0060,Bulg'or qalampiri,Перец болгарский,Bell pepper,Булғор қалампири,2020-M09,2020,3526.0
061,Qovoq,Тыква,Pumpkin,Қовоқ,2020-M09,2020,1808.0
063,Sabzi,Морковь,Carrot,Сабзи,2020-M09,2020,1836.0
065,Sarimsoq,Чеснок,Garlic,Саримсоқ,2020-M09,2020,24622.0
066,Piyoz,Лук репчатый,Onion,Пиёз,2020-M09,2020,1851.0
069,Kartoshka,Картофель,Potatoes,Картошка,2020-M09,2020,3581.0
0070,Loviya,Фасоль,Beans,Ловия,2020-M09,2020,13185.0
071,No'xot,Горох,Peas,Нўхот,2020-M09,2020,10087.0
0072,Mosh,Маш,Mash,Мош,2020-M09,2020,11642.0
073,Shakar,Сахар песок,Sugar,Шакар,2020-M09,2020,0.0
002,Kruppa yormasi,Крупа манная,Semolina,Круппа ёрмаси,2020-M09,2020,2829.0
001,Guruch,Рис,Rice,Гуруч,2020-M10,2020,10307.0
003,Arpa,Ячмень,Barley,Арпа,2020-M10,2020,2829.0
0004,Bug'doy,Пшеница,Wheat,Буғдой,2020-M10,2020,3200.0
005,Jo'hori,Кукуруза,Corn,Жўҳори,2020-M10,2020,3432.0
006,Kepak,Отруби,Bran,Кепак,2020-M10,2020,1901.0
0008,Shrot,Шрот,Schroth,Шрот,2020-M10,2020,3363.0
009,Shulxa,Шелуха,Husk,Шулха,2020-M10,2020,2349.0
010,Kombikorm,Комбикорм,Compound feed,Комбикорм,2020-M10,2020,1962.0
011,Oliy navli bug'doy uni,Мука пшеничная высшего сорта,High-grade wheat flour,Олий навли буғдой уни,2020-M10,2020,0.0
0012,1-navli bug'doy uni,Мука пшеничная первого сорта,First grade wheat flour,1-навли буғдой уни,2020-M10,2020,0.0
013,1-nav bug'doy unidan non,Хлеб пшеничный из муки 1-го сорта,Wheat bread from 1st grade flour,1-нав буғдой унидан нон,2020-M10,2020,0.0
017,Mol go'shti,Говядина,Beef,Мол гўшти,2020-M10,2020,55264.0
0020,Qo'y go'shti,Баранина,Mutton,Қўй гўшти,2020-M10,2020,59354.0
022,Tovuq go'shti,Мясо птицы,Poultry,Товуқ гўшти,2020-M10,2020,21292.0
026,Turli baliqlar,Рыба всякая,Fish of all kinds,Турли балиқлар,2020-M10,2020,16047.0
027,Yangi sog'ilgan sut (1 litr),Молоко свежее (1 литр),Fresh milk (1 liter),Янги соғилган сут (1 литр),2020-M10,2020,4155.0
034,Tuxum (10 dona),Яйца (10 штук),Eggs (10 pieces ),Тухум (10 дона),2020-M10,2020,10127.0
035,Paxta yog'i (1 litr),Масло хлопковое (1 литр),Cottonseed oil (1 liter),Пахта ёғи (1 литр),2020-M10,2020,0.0
0036,Kungaboqar yog'i (1 litr),Масло подсолнечное (1 литр),Sunflower oil (1 liter),Кунгабоқар ёғи (1 литр),2020-M10,2020,0.0
037,Sariyog',Масло сливочное,Butter,Сариёғ,2020-M10,2020,44201.0
039,Limon,Лимоны,Lemons,Лимон,2020-M10,2020,14410.0
0040,Olma,Яблоки,Apples,Олма,2020-M10,2020,6837.0
041,Nok,Груши,Pears,Нок,2020-M10,2020,11297.0
049,Uzum,Виноград,Grape,Узум,2020-M10,2020,6236.0
0050,Tarvuz,Арбуз,Watermelon,Тарвуз,2020-M10,2020,1459.0
0051,Qovun,Дыня,Melon,Қовун,2020-M10,2020,1983.0
053,Mayiz,Кишмиш,Kishmish,Майиз,2020-M10,2020,28096.0
055,Karam,Капуста,Cabbage,Карам,2020-M10,2020,1824.0
057,Bodring,Огурцы,Cucumbers,Бодринг,2020-M10,2020,4941.0
058,Pomidor,Помидоры,Tomatoes,Помидор,2020-M10,2020,3702.0
059,Baqlajon,Баклажаны,Eggplant,Бақлажон,2020-M10,2020,2388.0
0060,Bulg'or qalampiri,Перец болгарский,Bell pepper,Булғор қалампири,2020-M10,2020,3928.0
061,Qovoq,Тыква,Pumpkin,Қовоқ,2020-M10,2020,1581.0
063,Sabzi,Морковь,Carrot,Сабзи,2020-M10,2020,1842.0
065,Sarimsoq,Чеснок,Garlic,Саримсоқ,2020-M10,2020,22772.0
066,Piyoz,Лук репчатый,Onion,Пиёз,2020-M10,2020,1743.0
069,Kartoshka,Картофель,Potatoes,Картошка,2020-M10,2020,3596.0
0070,Loviya,Фасоль,Beans,Ловия,2020-M10,2020,11316.0
071,No'xot,Горох,Peas,Нўхот,2020-M10,2020,10484.0
0072,Mosh,Маш,Mash,Мош,2020-M10,2020,11642.0
073,Shakar,Сахар песок,Sugar,Шакар,2020-M10,2020,0.0
002,Kruppa yormasi,Крупа манная,Semolina,Круппа ёрмаси,2020-M10,2020,2829.0
001,Guruch,Рис,Rice,Гуруч,2020-M11,2020,10186.0
003,Arpa,Ячмень,Barley,Арпа,2020-M11,2020,2829.0
0004,Bug'doy,Пшеница,Wheat,Буғдой,2020-M11,2020,3266.0
005,Jo'hori,Кукуруза,Corn,Жўҳори,2020-M11,2020,3401.0
006,Kepak,Отруби,Bran,Кепак,2020-M11,2020,1952.0
0008,Shrot,Шрот,Schroth,Шрот,2020-M11,2020,3458.0
009,Shulxa,Шелуха,Husk,Шулха,2020-M11,2020,2460.0
010,Kombikorm,Комбикорм,Compound feed,Комбикорм,2020-M11,2020,1976.0
011,Oliy navli bug'doy uni,Мука пшеничная высшего сорта,High-grade wheat flour,Олий навли буғдой уни,2020-M11,2020,0.0
0012,1-navli bug'doy uni,Мука пшеничная первого сорта,First grade wheat flour,1-навли буғдой уни,2020-M11,2020,0.0
013,1-nav bug'doy unidan non,Хлеб пшеничный из муки 1-го сорта,Wheat bread from 1st grade flour,1-нав буғдой унидан нон,2020-M11,2020,0.0
017,Mol go'shti,Говядина,Beef,Мол гўшти,2020-M11,2020,55579.0
0020,Qo'y go'shti,Баранина,Mutton,Қўй гўшти,2020-M11,2020,60268.0
022,Tovuq go'shti,Мясо птицы,Poultry,Товуқ гўшти,2020-M11,2020,20889.0
026,Turli baliqlar,Рыба всякая,Fish of all kinds,Турли балиқлар,2020-M11,2020,14968.0
027,Yangi sog'ilgan sut (1 litr),Молоко свежее (1 литр),Fresh milk (1 liter),Янги соғилган сут (1 литр),2020-M11,2020,4155.0
034,Tuxum (10 dona),Яйца (10 штук),Eggs (10 pieces ),Тухум (10 дона),2020-M11,2020,9884.0
035,Paxta yog'i (1 litr),Масло хлопковое (1 литр),Cottonseed oil (1 liter),Пахта ёғи (1 литр),2020-M11,2020,0.0
0036,Kungaboqar yog'i (1 litr),Масло подсолнечное (1 литр),Sunflower oil (1 liter),Кунгабоқар ёғи (1 литр),2020-M11,2020,0.0
037,Sariyog',Масло сливочное,Butter,Сариёғ,2020-M11,2020,46279.0
039,Limon,Лимоны,Lemons,Лимон,2020-M11,2020,13064.0
0040,Olma,Яблоки,Apples,Олма,2020-M11,2020,6837.0
041,Nok,Груши,Pears,Нок,2020-M11,2020,11658.0
049,Uzum,Виноград,Grape,Узум,2020-M11,2020,8509.0
0050,Tarvuz,Арбуз,Watermelon,Тарвуз,2020-M11,2020,2004.0
0051,Qovun,Дыня,Melon,Қовун,2020-M11,2020,2336.0
053,Mayiz,Кишмиш,Kishmish,Майиз,2020-M11,2020,28568.0
055,Karam,Капуста,Cabbage,Карам,2020-M11,2020,1940.0
057,Bodring,Огурцы,Cucumbers,Бодринг,2020-M11,2020,9695.0
058,Pomidor,Помидоры,Tomatoes,Помидор,2020-M11,2020,5325.0
059,Baqlajon,Баклажаны,Eggplant,Бақлажон,2020-M11,2020,3091.0
0060,Bulg'or qalampiri,Перец болгарский,Bell pepper,Булғор қалампири,2020-M11,2020,6776.0
061,Qovoq,Тыква,Pumpkin,Қовоқ,2020-M11,2020,1878.0
063,Sabzi,Морковь,Carrot,Сабзи,2020-M11,2020,1745.0
065,Sarimsoq,Чеснок,Garlic,Саримсоқ,2020-M11,2020,21726.0
066,Piyoz,Лук репчатый,Onion,Пиёз,2020-M11,2020,1703.0
069,Kartoshka,Картофель,Potatoes,Картошка,2020-M11,2020,3585.0
0070,Loviya,Фасоль,Beans,Ловия,2020-M11,2020,11309.0
071,No'xot,Горох,Peas,Нўхот,2020-M11,2020,10518.0
0072,Mosh,Маш,Mash,Мош,2020-M11,2020,11461.0
073,Shakar,Сахар песок,Sugar,Шакар,2020-M11,2020,0.0
002,Kruppa yormasi,Крупа манная,Semolina,Круппа ёрмаси,2020-M11,2020,2829.0
001,Guruch,Рис,Rice,Гуруч,2020-M12,2020,10072.0
003,Arpa,Ячмень,Barley,Арпа,2020-M12,2020,2830.0
0004,Bug'doy,Пшеница,Wheat,Буғдой,2020-M12,2020,3283.0
005,Jo'hori,Кукуруза,Corn,Жўҳори,2020-M12,2020,3313.0
006,Kepak,Отруби,Bran,Кепак,2020-M12,2020,2001.0
0008,Shrot,Шрот,Schroth,Шрот,2020-M12,2020,3401.0
009,Shulxa,Шелуха,Husk,Шулха,2020-M12,2020,2456.0
010,Kombikorm,Комбикорм,Compound feed,Комбикорм,2020-M12,2020,1984.0
011,Oliy navli bug'doy uni,Мука пшеничная высшего сорта,High-grade wheat flour,Олий навли буғдой уни,2020-M12,2020,0.0
0012,1-navli bug'doy uni,Мука пшеничная первого сорта,First grade wheat flour,1-навли буғдой уни,2020-M12,2020,0.0
013,1-nav bug'doy unidan non,Хлеб пшеничный из муки 1-го сорта,Wheat bread from 1st grade flour,1-нав буғдой унидан нон,2020-M12,2020,0.0
017,Mol go'shti,Говядина,Beef,Мол гўшти,2020-M12,2020,55606.0
0020,Qo'y go'shti,Баранина,Mutton,Қўй гўшти,2020-M12,2020,60704.0
022,Tovuq go'shti,Мясо птицы,Poultry,Товуқ гўшти,2020-M12,2020,20344.0
026,Turli baliqlar,Рыба всякая,Fish of all kinds,Турли балиқлар,2020-M12,2020,14966.0
027,Yangi sog'ilgan sut (1 litr),Молоко свежее (1 литр),Fresh milk (1 liter),Янги соғилган сут (1 литр),2020-M12,2020,4197.0
034,Tuxum (10 dona),Яйца (10 штук),Eggs (10 pieces ),Тухум (10 дона),2020-M12,2020,10167.0
035,Paxta yog'i (1 litr),Масло хлопковое (1 литр),Cottonseed oil (1 liter),Пахта ёғи (1 литр),2020-M12,2020,0.0
0036,Kungaboqar yog'i (1 litr),Масло подсолнечное (1 литр),Sunflower oil (1 liter),Кунгабоқар ёғи (1 литр),2020-M12,2020,0.0
037,Sariyog',Масло сливочное,Butter,Сариёғ,2020-M12,2020,46279.0
039,Limon,Лимоны,Lemons,Лимон,2020-M12,2020,11812.0
0040,Olma,Яблоки,Apples,Олма,2020-M12,2020,6964.0
041,Nok,Груши,Pears,Нок,2020-M12,2020,13150.0
049,Uzum,Виноград,Grape,Узум,2020-M12,2020,14679.0
0050,Tarvuz,Арбуз,Watermelon,Тарвуз,2020-M12,2020,2605.0
0051,Qovun,Дыня,Melon,Қовун,2020-M12,2020,2733.0
053,Mayiz,Кишмиш,Kishmish,Майиз,2020-M12,2020,28745.0
055,Karam,Капуста,Cabbage,Карам,2020-M12,2020,1881.0
057,Bodring,Огурцы,Cucumbers,Бодринг,2020-M12,2020,15320.0
058,Pomidor,Помидоры,Tomatoes,Помидор,2020-M12,2020,6554.0
059,Baqlajon,Баклажаны,Eggplant,Бақлажон,2020-M12,2020,4663.0
0060,Bulg'or qalampiri,Перец болгарский,Bell pepper,Булғор қалампири,2020-M12,2020,10616.0
061,Qovoq,Тыква,Pumpkin,Қовоқ,2020-M12,2020,2240.0
063,Sabzi,Морковь,Carrot,Сабзи,2020-M12,2020,1757.0
065,Sarimsoq,Чеснок,Garlic,Саримсоқ,2020-M12,2020,22186.0
066,Piyoz,Лук репчатый,Onion,Пиёз,2020-M12,2020,1670.0
069,Kartoshka,Картофель,Potatoes,Картошка,2020-M12,2020,3609.0
0070,Loviya,Фасоль,Beans,Ловия,2020-M12,2020,11354.0
071,No'xot,Горох,Peas,Нўхот,2020-M12,2020,10787.0
0072,Mosh,Маш,Mash,Мош,2020-M12,2020,11195.0
073,Shakar,Сахар песок,Sugar,Шакар,2020-M12,2020,0.0
002,Kruppa yormasi,Крупа манная,Semolina,Круппа ёрмаси,2020-M12,2020,2830.0
001,Guruch,Рис,Rice,Гуруч,2021-M01,2021,10053.0
003,Arpa,Ячмень,Barley,Арпа,2021-M01,2021,2835.0
0004,Bug'doy,Пшеница,Wheat,Буғдой,2021-M01,2021,3288.0
005,Jo'hori,Кукуруза,Corn,Жўҳори,2021-M01,2021,3257.0
006,Kepak,Отруби,Bran,Кепак,2021-M01,2021,2061.0
0008,Shrot,Шрот,Schroth,Шрот,2021-M01,2021,3317.0
009,Shulxa,Шелуха,Husk,Шулха,2021-M01,2021,2423.0
010,Kombikorm,Комбикорм,Compound feed,Комбикорм,2021-M01,2021,2017.0
011,Oliy navli bug'doy uni,Мука пшеничная высшего сорта,High-grade wheat flour,Олий навли буғдой уни,2021-M01,2021,0.0
0012,1-navli bug'doy uni,Мука пшеничная первого сорта,First grade wheat flour,1-навли буғдой уни,2021-M01,2021,0.0
013,1-nav bug'doy unidan non,Хлеб пшеничный из муки 1-го сорта,Wheat bread from 1st grade flour,1-нав буғдой унидан нон,2021-M01,2021,2995.0
017,Mol go'shti,Говядина,Beef,Мол гўшти,2021-M01,2021,57367.0
0020,Qo'y go'shti,Баранина,Mutton,Қўй гўшти,2021-M01,2021,60995.0
022,Tovuq go'shti,Мясо птицы,Poultry,Товуқ гўшти,2021-M01,2021,20741.0
026,Turli baliqlar,Рыба всякая,Fish of all kinds,Турли балиқлар,2021-M01,2021,15058.0
027,Yangi sog'ilgan sut (1 litr),Молоко свежее (1 литр),Fresh milk (1 liter),Янги соғилган сут (1 литр),2021-M01,2021,4329.0
034,Tuxum (10 dona),Яйца (10 штук),Eggs (10 pieces ),Тухум (10 дона),2021-M01,2021,10106.0
035,Paxta yog'i (1 litr),Масло хлопковое (1 литр),Cottonseed oil (1 liter),Пахта ёғи (1 литр),2021-M01,2021,0.0
0036,Kungaboqar yog'i (1 litr),Масло подсолнечное (1 литр),Sunflower oil (1 liter),Кунгабоқар ёғи (1 литр),2021-M01,2021,0.0
037,Sariyog',Масло сливочное,Butter,Сариёғ,2021-M01,2021,44858.0
039,Limon,Лимоны,Lemons,Лимон,2021-M01,2021,14705.0
0040,Olma,Яблоки,Apples,Олма,2021-M01,2021,7275.0
041,Nok,Груши,Pears,Нок,2021-M01,2021,14504.0
049,Uzum,Виноград,Grape,Узум,2021-M01,2021,16606.0
0050,Tarvuz,Арбуз,Watermelon,Тарвуз,2021-M01,2021,2826.0
0051,Qovun,Дыня,Melon,Қовун,2021-M01,2021,2909.0
053,Mayiz,Кишмиш,Kishmish,Майиз,2021-M01,2021,29037.0
055,Karam,Капуста,Cabbage,Карам,2021-M01,2021,1972.0
057,Bodring,Огурцы,Cucumbers,Бодринг,2021-M01,2021,17196.0
058,Pomidor,Помидоры,Tomatoes,Помидор,2021-M01,2021,9318.0
059,Baqlajon,Баклажаны,Eggplant,Бақлажон,2021-M01,2021,0.0
0060,Bulg'or qalampiri,Перец болгарский,Bell pepper,Булғор қалампири,2021-M01,2021,19033.0
061,Qovoq,Тыква,Pumpkin,Қовоқ,2021-M01,2021,2388.0
063,Sabzi,Морковь,Carrot,Сабзи,2021-M01,2021,1763.0
065,Sarimsoq,Чеснок,Garlic,Саримсоқ,2021-M01,2021,22953.0
066,Piyoz,Лук репчатый,Onion,Пиёз,2021-M01,2021,1675.0
069,Kartoshka,Картофель,Potatoes,Картошка,2021-M01,2021,3664.0
0070,Loviya,Фасоль,Beans,Ловия,2021-M01,2021,11439.0
071,No'xot,Горох,Peas,Нўхот,2021-M01,2021,11144.0
0072,Mosh,Маш,Mash,Мош,2021-M01,2021,11107.0
073,Shakar,Сахар песок,Sugar,Шакар,2021-M01,2021,0.0
002,Kruppa yormasi,Крупа манная,Semolina,Круппа ёрмаси,2021-M01,2021,2835.0
001,Guruch,Рис,Rice,Гуруч,2021-M02,2021,10125.0
003,Arpa,Ячмень,Barley,Арпа,2021-M02,2021,2844.0
0004,Bug'doy,Пшеница,Wheat,Буғдой,2021-M02,2021,3282.0
005,Jo'hori,Кукуруза,Corn,Жўҳори,2021-M02,2021,3290.0
006,Kepak,Отруби,Bran,Кепак,2021-M02,2021,2138.0
0008,Shrot,Шрот,Schroth,Шрот,2021-M02,2021,3304.0
009,Shulxa,Шелуха,Husk,Шулха,2021-M02,2021,2310.0
010,Kombikorm,Комбикорм,Compound feed,Комбикорм,2021-M02,2021,2093.0
011,Oliy navli bug'doy uni,Мука пшеничная высшего сорта,High-grade wheat flour,Олий навли буғдой уни,2021-M02,2021,0.0
0012,1-navli bug'doy uni,Мука пшеничная первого сорта,First grade wheat flour,1-навли буғдой уни,2021-M02,2021,0.0
013,1-nav bug'doy unidan non,Хлеб пшеничный из муки 1-го сорта,Wheat bread from 1st grade flour,1-нав буғдой унидан нон,2021-M02,2021,3012.0
017,Mol go'shti,Говядина,Beef,Мол гўшти,2021-M02,2021,56948.0
0020,Qo'y go'shti,Баранина,Mutton,Қўй гўшти,2021-M02,2021,61067.0
022,Tovuq go'shti,Мясо птицы,Poultry,Товуқ гўшти,2021-M02,2021,21503.0
026,Turli baliqlar,Рыба всякая,Fish of all kinds,Турли балиқлар,2021-M02,2021,15374.0
027,Yangi sog'ilgan sut (1 litr),Молоко свежее (1 литр),Fresh milk (1 liter),Янги соғилган сут (1 литр),2021-M02,2021,4331.0
034,Tuxum (10 dona),Яйца (10 штук),Eggs (10 pieces ),Тухум (10 дона),2021-M02,2021,9962.0
035,Paxta yog'i (1 litr),Масло хлопковое (1 литр),Cottonseed oil (1 liter),Пахта ёғи (1 литр),2021-M02,2021,0.0
0036,Kungaboqar yog'i (1 litr),Масло подсолнечное (1 литр),Sunflower oil (1 liter),Кунгабоқар ёғи (1 литр),2021-M02,2021,0.0
037,Sariyog',Масло сливочное,Butter,Сариёғ,2021-M02,2021,44858.0
039,Limon,Лимоны,Lemons,Лимон,2021-M02,2021,17608.0
0040,Olma,Яблоки,Apples,Олма,2021-M02,2021,7456.0
041,Nok,Груши,Pears,Нок,2021-M02,2021,15038.0
049,Uzum,Виноград,Grape,Узум,2021-M02,2021,22383.0
0050,Tarvuz,Арбуз,Watermelon,Тарвуз,2021-M02,2021,0.0
0051,Qovun,Дыня,Melon,Қовун,2021-M02,2021,3131.0
053,Mayiz,Кишмиш,Kishmish,Майиз,2021-M02,2021,29508.0
055,Karam,Капуста,Cabbage,Карам,2021-M02,2021,2113.0
057,Bodring,Огурцы,Cucumbers,Бодринг,2021-M02,2021,16179.0
058,Pomidor,Помидоры,Tomatoes,Помидор,2021-M02,2021,10930.0
059,Baqlajon,Баклажаны,Eggplant,Бақлажон,2021-M02,2021,0.0
0060,Bulg'or qalampiri,Перец болгарский,Bell pepper,Булғор қалампири,2021-M02,2021,31283.0
061,Qovoq,Тыква,Pumpkin,Қовоқ,2021-M02,2021,2707.0
063,Sabzi,Морковь,Carrot,Сабзи,2021-M02,2021,1725.0
065,Sarimsoq,Чеснок,Garlic,Саримсоқ,2021-M02,2021,22995.0
066,Piyoz,Лук репчатый,Onion,Пиёз,2021-M02,2021,1665.0
069,Kartoshka,Картофель,Potatoes,Картошка,2021-M02,2021,3699.0
0070,Loviya,Фасоль,Beans,Ловия,2021-M02,2021,11645.0
071,No'xot,Горох,Peas,Нўхот,2021-M02,2021,12358.0
0072,Mosh,Маш,Mash,Мош,2021-M02,2021,11334.0
073,Shakar,Сахар песок,Sugar,Шакар,2021-M02,2021,0.0
002,Kruppa yormasi,Крупа манная,Semolina,Круппа ёрмаси,2021-M02,2021,2844.0
001,Guruch,Рис,Rice,Гуруч,2021-M03,2021,10202.0
003,Arpa,Ячмень,Barley,Арпа,2021-M03,2021,2865.0
0004,Bug'doy,Пшеница,Wheat,Буғдой,2021-M03,2021,3266.0
005,Jo'hori,Кукуруза,Corn,Жўҳори,2021-M03,2021,3368.0
006,Kepak,Отруби,Bran,Кепак,2021-M03,2021,2201.0
0008,Shrot,Шрот,Schroth,Шрот,2021-M03,2021,3317.0
009,Shulxa,Шелуха,Husk,Шулха,2021-M03,2021,2311.0
010,Kombikorm,Комбикорм,Compound feed,Комбикорм,2021-M03,2021,2132.0
011,Oliy navli bug'doy uni,Мука пшеничная высшего сорта,High-grade wheat flour,Олий навли буғдой уни,2021-M03,2021,0.0
0012,1-navli bug'doy uni,Мука пшеничная первого сорта,First grade wheat flour,1-навли буғдой уни,2021-M03,2021,0.0
013,1-nav bug'doy unidan non,Хлеб пшеничный из муки 1-го сорта,Wheat bread from 1st grade flour,1-нав буғдой унидан нон,2021-M03,2021,3015.0
017,Mol go'shti,Говядина,Beef,Мол гўшти,2021-M03,2021,57630.0
0020,Qo'y go'shti,Баранина,Mutton,Қўй гўшти,2021-M03,2021,61484.0
022,Tovuq go'shti,Мясо птицы,Poultry,Товуқ гўшти,2021-M03,2021,21645.0
026,Turli baliqlar,Рыба всякая,Fish of all kinds,Турли балиқлар,2021-M03,2021,15962.0
027,Yangi sog'ilgan sut (1 litr),Молоко свежее (1 литр),Fresh milk (1 liter),Янги соғилган сут (1 литр),2021-M03,2021,4322.0
034,Tuxum (10 dona),Яйца (10 штук),Eggs (10 pieces ),Тухум (10 дона),2021-M03,2021,9911.0
035,Paxta yog'i (1 litr),Масло хлопковое (1 литр),Cottonseed oil (1 liter),Пахта ёғи (1 литр),2021-M03,2021,0.0
0036,Kungaboqar yog'i (1 litr),Масло подсолнечное (1 литр),Sunflower oil (1 liter),Кунгабоқар ёғи (1 литр),2021-M03,2021,0.0
037,Sariyog',Масло сливочное,Butter,Сариёғ,2021-M03,2021,44877.0
039,Limon,Лимоны,Lemons,Лимон,2021-M03,2021,18274.0
0040,Olma,Яблоки,Apples,Олма,2021-M03,2021,7922.0
041,Nok,Груши,Pears,Нок,2021-M03,2021,15485.0
049,Uzum,Виноград,Grape,Узум,2021-M03,2021,25113.0
0050,Tarvuz,Арбуз,Watermelon,Тарвуз,2021-M03,2021,0.0
0051,Qovun,Дыня,Melon,Қовун,2021-M03,2021,3801.0
053,Mayiz,Кишмиш,Kishmish,Майиз,2021-M03,2021,29927.0
055,Karam,Капуста,Cabbage,Карам,2021-M03,2021,2143.0
057,Bodring,Огурцы,Cucumbers,Бодринг,2021-M03,2021,16634.0
058,Pomidor,Помидоры,Tomatoes,Помидор,2021-M03,2021,15276.0
059,Baqlajon,Баклажаны,Eggplant,Бақлажон,2021-M03,2021,23680.0
0060,Bulg'or qalampiri,Перец болгарский,Bell pepper,Булғор қалампири,2021-M03,2021,40025.0
061,Qovoq,Тыква,Pumpkin,Қовоқ,2021-M03,2021,3262.0
063,Sabzi,Морковь,Carrot,Сабзи,2021-M03,2021,1785.0
065,Sarimsoq,Чеснок,Garlic,Саримсоқ,2021-M03,2021,23124.0
066,Piyoz,Лук репчатый,Onion,Пиёз,2021-M03,2021,1682.0
069,Kartoshka,Картофель,Potatoes,Картошка,2021-M03,2021,3828.0
0070,Loviya,Фасоль,Beans,Ловия,2021-M03,2021,11926.0
071,No'xot,Горох,Peas,Нўхот,2021-M03,2021,14458.0
0072,Mosh,Маш,Mash,Мош,2021-M03,2021,11423.0
073,Shakar,Сахар песок,Sugar,Шакар,2021-M03,2021,0.0
002,Kruppa yormasi,Крупа манная,Semolina,Круппа ёрмаси,2021-M03,2021,2865.0
001,Guruch,Рис,Rice,Гуруч,2021-M04,2021,10392.0
003,Arpa,Ячмень,Barley,Арпа,2021-M04,2021,2915.0
0004,Bug'doy,Пшеница,Wheat,Буғдой,2021-M04,2021,3308.0
005,Jo'hori,Кукуруза,Corn,Жўҳори,2021-M04,2021,3470.0
006,Kepak,Отруби,Bran,Кепак,2021-M04,2021,2425.0
0008,Shrot,Шрот,Schroth,Шрот,2021-M04,2021,3522.0
009,Shulxa,Шелуха,Husk,Шулха,2021-M04,2021,2472.0
010,Kombikorm,Комбикорм,Compound feed,Комбикорм,2021-M04,2021,2297.0
011,Oliy navli bug'doy uni,Мука пшеничная высшего сорта,High-grade wheat flour,Олий навли буғдой уни,2021-M04,2021,0.0
0012,1-navli bug'doy uni,Мука пшеничная первого сорта,First grade wheat flour,1-навли буғдой уни,2021-M04,2021,0.0
013,1-nav bug'doy unidan non,Хлеб пшеничный из муки 1-го сорта,Wheat bread from 1st grade flour,1-нав буғдой унидан нон,2021-M04,2021,3018.0
017,Mol go'shti,Говядина,Beef,Мол гўшти,2021-M04,2021,59012.0
0020,Qo'y go'shti,Баранина,Mutton,Қўй гўшти,2021-M04,2021,62537.0
022,Tovuq go'shti,Мясо птицы,Poultry,Товуқ гўшти,2021-M04,2021,21846.0
026,Turli baliqlar,Рыба всякая,Fish of all kinds,Турли балиқлар,2021-M04,2021,22545.0
027,Yangi sog'ilgan sut (1 litr),Молоко свежее (1 литр),Fresh milk (1 liter),Янги соғилган сут (1 литр),2021-M04,2021,4611.0
034,Tuxum (10 dona),Яйца (10 штук),Eggs (10 pieces ),Тухум (10 дона),2021-M04,2021,9953.0
035,Paxta yog'i (1 litr),Масло хлопковое (1 литр),Cottonseed oil (1 liter),Пахта ёғи (1 литр),2021-M04,2021,0.0
0036,Kungaboqar yog'i (1 litr),Масло подсолнечное (1 литр),Sunflower oil (1 liter),Кунгабоқар ёғи (1 литр),2021-M04,2021,0.0
037,Sariyog',Масло сливочное,Butter,Сариёғ,2021-M04,2021,44934.0
039,Limon,Лимоны,Lemons,Лимон,2021-M04,2021,20168.0
0040,Olma,Яблоки,Apples,Олма,2021-M04,2021,10345.0
041,Nok,Груши,Pears,Нок,2021-M04,2021,20903.0
049,Uzum,Виноград,Grape,Узум,2021-M04,2021,24838.0
0050,Tarvuz,Арбуз,Watermelon,Тарвуз,2021-M04,2021,26250.0
0051,Qovun,Дыня,Melon,Қовун,2021-M04,2021,0.0
053,Mayiz,Кишмиш,Kishmish,Майиз,2021-M04,2021,31053.0
055,Karam,Капуста,Cabbage,Карам,2021-M04,2021,2293.0
057,Bodring,Огурцы,Cucumbers,Бодринг,2021-M04,2021,11095.0
058,Pomidor,Помидоры,Tomatoes,Помидор,2021-M04,2021,15328.0
059,Baqlajon,Баклажаны,Eggplant,Бақлажон,2021-M04,2021,22637.0
0060,Bulg'or qalampiri,Перец болгарский,Bell pepper,Булғор қалампири,2021-M04,2021,36289.0
061,Qovoq,Тыква,Pumpkin,Қовоқ,2021-M04,2021,4793.0
063,Sabzi,Морковь,Carrot,Сабзи,2021-M04,2021,2301.0
065,Sarimsoq,Чеснок,Garlic,Саримсоқ,2021-M04,2021,24345.0
066,Piyoz,Лук репчатый,Onion,Пиёз,2021-M04,2021,1814.0
069,Kartoshka,Картофель,Potatoes,Картошка,2021-M04,2021,4024.0
0070,Loviya,Фасоль,Beans,Ловия,2021-M04,2021,11932.0
071,No'xot,Горох,Peas,Нўхот,2021-M04,2021,15739.0
0072,Mosh,Маш,Mash,Мош,2021-M04,2021,11416.0
073,Shakar,Сахар песок,Sugar,Шакар,2021-M04,2021,0.0
002,Kruppa yormasi,Крупа манная,Semolina,Круппа ёрмаси,2021-M04,2021,2915.0
001,Guruch,Рис,Rice,Гуруч,2021-M05,2021,10503.0
003,Arpa,Ячмень,Barley,Арпа,2021-M05,2021,2957.0
0004,Bug'doy,Пшеница,Wheat,Буғдой,2021-M05,2021,3364.0
005,Jo'hori,Кукуруза,Corn,Жўҳори,2021-M05,2021,3552.0
006,Kepak,Отруби,Bran,Кепак,2021-M05,2021,2658.0
0008,Shrot,Шрот,Schroth,Шрот,2021-M05,2021,3679.0
009,Shulxa,Шелуха,Husk,Шулха,2021-M05,2021,2908.0
010,Kombikorm,Комбикорм,Compound feed,Комбикорм,2021-M05,2021,2462.0
011,Oliy navli bug'doy uni,Мука пшеничная высшего сорта,High-grade wheat flour,Олий навли буғдой уни,2021-M05,2021,0.0
0012,1-navli bug'doy uni,Мука пшеничная первого сорта,First grade wheat flour,1-навли буғдой уни,2021-M05,2021,0.0
013,1-nav bug'doy unidan non,Хлеб пшеничный из муки 1-го сорта,Wheat bread from 1st grade flour,1-нав буғдой унидан нон,2021-M05,2021,3018.0
017,Mol go'shti,Говядина,Beef,Мол гўшти,2021-M05,2021,59522.0
0020,Qo'y go'shti,Баранина,Mutton,Қўй гўшти,2021-M05,2021,63549.0
022,Tovuq go'shti,Мясо птицы,Poultry,Товуқ гўшти,2021-M05,2021,22139.0
026,Turli baliqlar,Рыба всякая,Fish of all kinds,Турли балиқлар,2021-M05,2021,23477.0
027,Yangi sog'ilgan sut (1 litr),Молоко свежее (1 литр),Fresh milk (1 liter),Янги соғилган сут (1 литр),2021-M05,2021,4745.0
034,Tuxum (10 dona),Яйца (10 штук),Eggs (10 pieces ),Тухум (10 дона),2021-M05,2021,10088.0
035,Paxta yog'i (1 litr),Масло хлопковое (1 литр),Cottonseed oil (1 liter),Пахта ёғи (1 литр),2021-M05,2021,0.0
0036,Kungaboqar yog'i (1 litr),Масло подсолнечное (1 литр),Sunflower oil (1 liter),Кунгабоқар ёғи (1 литр),2021-M05,2021,0.0
037,Sariyog',Масло сливочное,Butter,Сариёғ,2021-M05,2021,45153.0
039,Limon,Лимоны,Lemons,Лимон,2021-M05,2021,21092.0
0040,Olma,Яблоки,Apples,Олма,2021-M05,2021,13570.0
041,Nok,Груши,Pears,Нок,2021-M05,2021,24316.0
049,Uzum,Виноград,Grape,Узум,2021-M05,2021,0.0
0050,Tarvuz,Арбуз,Watermelon,Тарвуз,2021-M05,2021,18407.0
0051,Qovun,Дыня,Melon,Қовун,2021-M05,2021,15753.0
053,Mayiz,Кишмиш,Kishmish,Майиз,2021-M05,2021,31758.0
055,Karam,Капуста,Cabbage,Карам,2021-M05,2021,1947.0
057,Bodring,Огурцы,Cucumbers,Бодринг,2021-M05,2021,3112.0
058,Pomidor,Помидоры,Tomatoes,Помидор,2021-M05,2021,9982.0
059,Baqlajon,Баклажаны,Eggplant,Бақлажон,2021-M05,2021,11242.0
0060,Bulg'or qalampiri,Перец болгарский,Bell pepper,Булғор қалампири,2021-M05,2021,19399.0
061,Qovoq,Тыква,Pumpkin,Қовоқ,2021-M05,2021,0.0
063,Sabzi,Морковь,Carrot,Сабзи,2021-M05,2021,3057.0
065,Sarimsoq,Чеснок,Garlic,Саримсоқ,2021-M05,2021,19362.0
066,Piyoz,Лук репчатый,Onion,Пиёз,2021-M05,2021,1797.0
069,Kartoshka,Картофель,Potatoes,Картошка,2021-M05,2021,4229.0
0070,Loviya,Фасоль,Beans,Ловия,2021-M05,2021,12059.0
071,No'xot,Горох,Peas,Нўхот,2021-M05,2021,16293.0
0072,Mosh,Маш,Mash,Мош,2021-M05,2021,11656.0
073,Shakar,Сахар песок,Sugar,Шакар,2021-M05,2021,0.0
002,Kruppa yormasi,Крупа манная,Semolina,Круппа ёрмаси,2021-M05,2021,2957.0
001,Guruch,Рис,Rice,Гуруч,2021-M06,2021,10529.0
003,Arpa,Ячмень,Barley,Арпа,2021-M06,2021,2929.0
0004,Bug'doy,Пшеница,Wheat,Буғдой,2021-M06,2021,3245.0
005,Jo'hori,Кукуруза,Corn,Жўҳори,2021-M06,2021,3555.0
006,Kepak,Отруби,Bran,Кепак,2021-M06,2021,2626.0
0008,Shrot,Шрот,Schroth,Шрот,2021-M06,2021,3651.0
009,Shulxa,Шелуха,Husk,Шулха,2021-M06,2021,2926.0
010,Kombikorm,Комбикорм,Compound feed,Комбикорм,2021-M06,2021,2521.0
011,Oliy navli bug'doy uni,Мука пшеничная высшего сорта,High-grade wheat flour,Олий навли буғдой уни,2021-M06,2021,0.0
0012,1-navli bug'doy uni,Мука пшеничная первого сорта,First grade wheat flour,1-навли буғдой уни,2021-M06,2021,0.0
013,1-nav bug'doy unidan non,Хлеб пшеничный из муки 1-го сорта,Wheat bread from 1st grade flour,1-нав буғдой унидан нон,2021-M06,2021,3018.0
017,Mol go'shti,Говядина,Beef,Мол гўшти,2021-M06,2021,60161.0
0020,Qo'y go'shti,Баранина,Mutton,Қўй гўшти,2021-M06,2021,64779.0
022,Tovuq go'shti,Мясо птицы,Poultry,Товуқ гўшти,2021-M06,2021,22520.0
026,Turli baliqlar,Рыба всякая,Fish of all kinds,Турли балиқлар,2021-M06,2021,22375.0
027,Yangi sog'ilgan sut (1 litr),Молоко свежее (1 литр),Fresh milk (1 liter),Янги соғилган сут (1 литр),2021-M06,2021,4749.0
034,Tuxum (10 dona),Яйца (10 штук),Eggs (10 pieces ),Тухум (10 дона),2021-M06,2021,9747.0
035,Paxta yog'i (1 litr),Масло хлопковое (1 литр),Cottonseed oil (1 liter),Пахта ёғи (1 литр),2021-M06,2021,0.0
0036,Kungaboqar yog'i (1 litr),Масло подсолнечное (1 литр),Sunflower oil (1 liter),Кунгабоқар ёғи (1 литр),2021-M06,2021,0.0
037,Sariyog',Масло сливочное,Butter,Сариёғ,2021-M06,2021,45174.0
039,Limon,Лимоны,Lemons,Лимон,2021-M06,2021,22631.0
0040,Olma,Яблоки,Apples,Олма,2021-M06,2021,13046.0
041,Nok,Груши,Pears,Нок,2021-M06,2021,24169.0
049,Uzum,Виноград,Grape,Узум,2021-M06,2021,11521.0
0050,Tarvuz,Арбуз,Watermelon,Тарвуз,2021-M06,2021,2833.0
0051,Qovun,Дыня,Melon,Қовун,2021-M06,2021,5734.0
053,Mayiz,Кишмиш,Kishmish,Майиз,2021-M06,2021,31518.0
055,Karam,Капуста,Cabbage,Карам,2021-M06,2021,1520.0
057,Bodring,Огурцы,Cucumbers,Бодринг,2021-M06,2021,1674.0
058,Pomidor,Помидоры,Tomatoes,Помидор,2021-M06,2021,4670.0
059,Baqlajon,Баклажаны,Eggplant,Бақлажон,2021-M06,2021,3164.0
0060,Bulg'or qalampiri,Перец болгарский,Bell pepper,Булғор қалампири,2021-M06,2021,5021.0
061,Qovoq,Тыква,Pumpkin,Қовоқ,2021-M06,2021,4754.0
063,Sabzi,Морковь,Carrot,Сабзи,2021-M06,2021,7534.0
065,Sarimsoq,Чеснок,Garlic,Саримсоқ,2021-M06,2021,10917.0
066,Piyoz,Лук репчатый,Onion,Пиёз,2021-M06,2021,1648.0
069,Kartoshka,Картофель,Potatoes,Картошка,2021-M06,2021,3451.0
0070,Loviya,Фасоль,Beans,Ловия,2021-M06,2021,12059.0
071,No'xot,Горох,Peas,Нўхот,2021-M06,2021,16480.0
0072,Mosh,Маш,Mash,Мош,2021-M06,2021,11719.0
073,Shakar,Сахар песок,Sugar,Шакар,2021-M06,2021,0.0
002,Kruppa yormasi,Крупа манная,Semolina,Круппа ёрмаси,2021-M06,2021,2929.0
001,Guruch,Рис,Rice,Гуруч,2021-M07,2021,10579.0
003,Arpa,Ячмень,Barley,Арпа,2021-M07,2021,2894.0
0004,Bug'doy,Пшеница,Wheat,Буғдой,2021-M07,2021,2953.0
005,Jo'hori,Кукуруза,Corn,Жўҳори,2021-M07,2021,3554.0
006,Kepak,Отруби,Bran,Кепак,2021-M07,2021,2562.0
0008,Shrot,Шрот,Schroth,Шрот,2021-M07,2021,3900.0
009,Shulxa,Шелуха,Husk,Шулха,2021-M07,2021,2941.0
010,Kombikorm,Комбикорм,Compound feed,Комбикорм,2021-M07,2021,2593.0
011,Oliy navli bug'doy uni,Мука пшеничная высшего сорта,High-grade wheat flour,Олий навли буғдой уни,2021-M07,2021,0.0
0012,1-navli bug'doy uni,Мука пшеничная первого сорта,First grade wheat flour,1-навли буғдой уни,2021-M07,2021,0.0
013,1-nav bug'doy unidan non,Хлеб пшеничный из муки 1-го сорта,Wheat bread from 1st grade flour,1-нав буғдой унидан нон,2021-M07,2021,3018.0
017,Mol go'shti,Говядина,Beef,Мол гўшти,2021-M07,2021,61094.0
0020,Qo'y go'shti,Баранина,Mutton,Қўй гўшти,2021-M07,2021,65733.0
022,Tovuq go'shti,Мясо птицы,Poultry,Товуқ гўшти,2021-M07,2021,22729.0
026,Turli baliqlar,Рыба всякая,Fish of all kinds,Турли балиқлар,2021-M07,2021,0.0
027,Yangi sog'ilgan sut (1 litr),Молоко свежее (1 литр),Fresh milk (1 liter),Янги соғилган сут (1 литр),2021-M07,2021,4680.0
034,Tuxum (10 dona),Яйца (10 штук),Eggs (10 pieces ),Тухум (10 дона),2021-M07,2021,9460.0
035,Paxta yog'i (1 litr),Масло хлопковое (1 литр),Cottonseed oil (1 liter),Пахта ёғи (1 литр),2021-M07,2021,0.0
0036,Kungaboqar yog'i (1 litr),Масло подсолнечное (1 литр),Sunflower oil (1 liter),Кунгабоқар ёғи (1 литр),2021-M07,2021,0.0
037,Sariyog',Масло сливочное,Butter,Сариёғ,2021-M07,2021,45039.0
039,Limon,Лимоны,Lemons,Лимон,2021-M07,2021,29923.0
0040,Olma,Яблоки,Apples,Олма,2021-M07,2021,10676.0
041,Nok,Груши,Pears,Нок,2021-M07,2021,21123.0
049,Uzum,Виноград,Grape,Узум,2021-M07,2021,8028.0
0050,Tarvuz,Арбуз,Watermelon,Тарвуз,2021-M07,2021,1354.0
0051,Qovun,Дыня,Melon,Қовун,2021-M07,2021,3228.0
053,Mayiz,Кишмиш,Kishmish,Майиз,2021-M07,2021,31551.0
055,Karam,Капуста,Cabbage,Карам,2021-M07,2021,1584.0
057,Bodring,Огурцы,Cucumbers,Бодринг,2021-M07,2021,3599.0
058,Pomidor,Помидоры,Tomatoes,Помидор,2021-M07,2021,2363.0
059,Baqlajon,Баклажаны,Eggplant,Бақлажон,2021-M07,2021,2322.0
0060,Bulg'or qalampiri,Перец болгарский,Bell pepper,Булғор қалампири,2021-M07,2021,3553.0
061,Qovoq,Тыква,Pumpkin,Қовоқ,2021-M07,2021,3501.0
063,Sabzi,Морковь,Carrot,Сабзи,2021-M07,2021,8035.0
065,Sarimsoq,Чеснок,Garlic,Саримсоқ,2021-M07,2021,11133.0
066,Piyoz,Лук репчатый,Onion,Пиёз,2021-M07,2021,1644.0
069,Kartoshka,Картофель,Potatoes,Картошка,2021-M07,2021,2941.0
0070,Loviya,Фасоль,Beans,Ловия,2021-M07,2021,12029.0
071,No'xot,Горох,Peas,Нўхот,2021-M07,2021,16113.0
0072,Mosh,Маш,Mash,Мош,2021-M07,2021,11853.0
073,Shakar,Сахар песок,Sugar,Шакар,2021-M07,2021,0.0
002,Kruppa yormasi,Крупа манная,Semolina,Круппа ёрмаси,2021-M07,2021,2894.0
001,Guruch,Рис,Rice,Гуруч,2021-M08,2021,10612.0
003,Arpa,Ячмень,Barley,Арпа,2021-M08,2021,2898.0
0004,Bug'doy,Пшеница,Wheat,Буғдой,2021-M08,2021,2967.0
005,Jo'hori,Кукуруза,Corn,Жўҳори,2021-M08,2021,3556.0
006,Kepak,Отруби,Bran,Кепак,2021-M08,2021,2548.0
0008,Shrot,Шрот,Schroth,Шрот,2021-M08,2021,3951.0
009,Shulxa,Шелуха,Husk,Шулха,2021-M08,2021,2941.0
010,Kombikorm,Комбикорм,Compound feed,Комбикорм,2021-M08,2021,2617.0
011,Oliy navli bug'doy uni,Мука пшеничная высшего сорта,High-grade wheat flour,Олий навли буғдой уни,2021-M08,2021,0.0
0012,1-navli bug'doy uni,Мука пшеничная первого сорта,First grade wheat flour,1-навли буғдой уни,2021-M08,2021,0.0
013,1-nav bug'doy unidan non,Хлеб пшеничный из муки 1-го сорта,Wheat bread from 1st grade flour,1-нав буғдой унидан нон,2021-M08,2021,3018.0
017,Mol go'shti,Говядина,Beef,Мол гўшти,2021-M08,2021,62511.0
0020,Qo'y go'shti,Баранина,Mutton,Қўй гўшти,2021-M08,2021,67460.0
022,Tovuq go'shti,Мясо птицы,Poultry,Товуқ гўшти,2021-M08,2021,22942.0
026,Turli baliqlar,Рыба всякая,Fish of all kinds,Турли балиқлар,2021-M08,2021,0.0
027,Yangi sog'ilgan sut (1 litr),Молоко свежее (1 литр),Fresh milk (1 liter),Янги соғилган сут (1 литр),2021-M08,2021,4671.0
034,Tuxum (10 dona),Яйца (10 штук),Eggs (10 pieces ),Тухум (10 дона),2021-M08,2021,9405.0
035,Paxta yog'i (1 litr),Масло хлопковое (1 литр),Cottonseed oil (1 liter),Пахта ёғи (1 литр),2021-M08,2021,0.0
0036,Kungaboqar yog'i (1 litr),Масло подсолнечное (1 литр),Sunflower oil (1 liter),Кунгабоқар ёғи (1 литр),2021-M08,2021,0.0
037,Sariyog',Масло сливочное,Butter,Сариёғ,2021-M08,2021,45039.0
039,Limon,Лимоны,Lemons,Лимон,2021-M08,2021,34543.0
0040,Olma,Яблоки,Apples,Олма,2021-M08,2021,9763.0
041,Nok,Груши,Pears,Нок,2021-M08,2021,16695.0
049,Uzum,Виноград,Grape,Узум,2021-M08,2021,7141.0
0050,Tarvuz,Арбуз,Watermelon,Тарвуз,2021-M08,2021,1553.0
0051,Qovun,Дыня,Melon,Қовун,2021-M08,2021,2367.0
053,Mayiz,Кишмиш,Kishmish,Майиз,2021-M08,2021,31551.0
055,Karam,Капуста,Cabbage,Карам,2021-M08,2021,1713.0
057,Bodring,Огурцы,Cucumbers,Бодринг,2021-M08,2021,4548.0
058,Pomidor,Помидоры,Tomatoes,Помидор,2021-M08,2021,3079.0
059,Baqlajon,Баклажаны,Eggplant,Бақлажон,2021-M08,2021,2289.0
0060,Bulg'or qalampiri,Перец болгарский,Bell pepper,Булғор қалампири,2021-M08,2021,3357.0
061,Qovoq,Тыква,Pumpkin,Қовоқ,2021-M08,2021,2962.0
063,Sabzi,Морковь,Carrot,Сабзи,2021-M08,2021,7494.0
065,Sarimsoq,Чеснок,Garlic,Саримсоқ,2021-M08,2021,12747.0
066,Piyoz,Лук репчатый,Onion,Пиёз,2021-M08,2021,1718.0
069,Kartoshka,Картофель,Potatoes,Картошка,2021-M08,2021,3047.0
0070,Loviya,Фасоль,Beans,Ловия,2021-M08,2021,12117.0
071,No'xot,Горох,Peas,Нўхот,2021-M08,2021,16265.0
0072,Mosh,Маш,Mash,Мош,2021-M08,2021,13906.0
073,Shakar,Сахар песок,Sugar,Шакар,2021-M08,2021,0.0
002,Kruppa yormasi,Крупа манная,Semolina,Круппа ёрмаси,2021-M08,2021,2898.0
001,Guruch,Рис,Rice,Гуруч,2021-M09,2021,10626.0
003,Arpa,Ячмень,Barley,Арпа,2021-M09,2021,2938.0
0004,Bug'doy,Пшеница,Wheat,Буғдой,2021-M09,2021,3041.0
005,Jo'hori,Кукуруза,Corn,Жўҳори,2021-M09,2021,3513.0
006,Kepak,Отруби,Bran,Кепак,2021-M09,2021,2558.0
0008,Shrot,Шрот,Schroth,Шрот,2021-M09,2021,3958.0
009,Shulxa,Шелуха,Husk,Шулха,2021-M09,2021,2959.0
010,Kombikorm,Комбикорм,Compound feed,Комбикорм,2021-M09,2021,2625.0
011,Oliy navli bug'doy uni,Мука пшеничная высшего сорта,High-grade wheat flour,Олий навли буғдой уни,2021-M09,2021,0.0
0012,1-navli bug'doy uni,Мука пшеничная первого сорта,First grade wheat flour,1-навли буғдой уни,2021-M09,2021,0.0
013,1-nav bug'doy unidan non,Хлеб пшеничный из муки 1-го сорта,Wheat bread from 1st grade flour,1-нав буғдой унидан нон,2021-M09,2021,3017.0
017,Mol go'shti,Говядина,Beef,Мол гўшти,2021-M09,2021,64285.0
0020,Qo'y go'shti,Баранина,Mutton,Қўй гўшти,2021-M09,2021,69300.0
022,Tovuq go'shti,Мясо птицы,Poultry,Товуқ гўшти,2021-M09,2021,23180.0
026,Turli baliqlar,Рыба всякая,Fish of all kinds,Турли балиқлар,2021-M09,2021,18591.0
027,Yangi sog'ilgan sut (1 litr),Молоко свежее (1 литр),Fresh milk (1 liter),Янги соғилган сут (1 литр),2021-M09,2021,4675.0
034,Tuxum (10 dona),Яйца (10 штук),Eggs (10 pieces ),Тухум (10 дона),2021-M09,2021,9448.0
035,Paxta yog'i (1 litr),Масло хлопковое (1 литр),Cottonseed oil (1 liter),Пахта ёғи (1 литр),2021-M09,2021,0.0
0036,Kungaboqar yog'i (1 litr),Масло подсолнечное (1 литр),Sunflower oil (1 liter),Кунгабоқар ёғи (1 литр),2021-M09,2021,0.0
037,Sariyog',Масло сливочное,Butter,Сариёғ,2021-M09,2021,45039.0
039,Limon,Лимоны,Lemons,Лимон,2021-M09,2021,31059.0
0040,Olma,Яблоки,Apples,Олма,2021-M09,2021,9331.0
041,Nok,Груши,Pears,Нок,2021-M09,2021,15568.0
049,Uzum,Виноград,Grape,Узум,2021-M09,2021,6096.0
0050,Tarvuz,Арбуз,Watermelon,Тарвуз,2021-M09,2021,2004.0
0051,Qovun,Дыня,Melon,Қовун,2021-M09,2021,2529.0
053,Mayiz,Кишмиш,Kishmish,Майиз,2021-M09,2021,31719.0
055,Karam,Капуста,Cabbage,Карам,2021-M09,2021,2179.0
057,Bodring,Огурцы,Cucumbers,Бодринг,2021-M09,2021,4148.0
058,Pomidor,Помидоры,Tomatoes,Помидор,2021-M09,2021,3627.0
059,Baqlajon,Баклажаны,Eggplant,Бақлажон,2021-M09,2021,2405.0
0060,Bulg'or qalampiri,Перец болгарский,Bell pepper,Булғор қалампири,2021-M09,2021,3247.0
061,Qovoq,Тыква,Pumpkin,Қовоқ,2021-M09,2021,2569.0
063,Sabzi,Морковь,Carrot,Сабзи,2021-M09,2021,6335.0
065,Sarimsoq,Чеснок,Garlic,Саримсоқ,2021-M09,2021,14021.0
066,Piyoz,Лук репчатый,Onion,Пиёз,2021-M09,2021,1815.0
069,Kartoshka,Картофель,Potatoes,Картошка,2021-M09,2021,3288.0
0070,Loviya,Фасоль,Beans,Ловия,2021-M09,2021,11802.0
071,No'xot,Горох,Peas,Нўхот,2021-M09,2021,16072.0
0072,Mosh,Маш,Mash,Мош,2021-M09,2021,13698.0
073,Shakar,Сахар песок,Sugar,Шакар,2021-M09,2021,0.0
002,Kruppa yormasi,Крупа манная,Semolina,Круппа ёрмаси,2021-M09,2021,2938.0
001,Guruch,Рис,Rice,Гуруч,2021-M10,2021,10693.0
003,Arpa,Ячмень,Barley,Арпа,2021-M10,2021,3004.0
0004,Bug'doy,Пшеница,Wheat,Буғдой,2021-M10,2021,3098.0
005,Jo'hori,Кукуруза,Corn,Жўҳори,2021-M10,2021,3505.0
006,Kepak,Отруби,Bran,Кепак,2021-M10,2021,2576.0
0008,Shrot,Шрот,Schroth,Шрот,2021-M10,2021,3954.0
009,Shulxa,Шелуха,Husk,Шулха,2021-M10,2021,2975.0
010,Kombikorm,Комбикорм,Compound feed,Комбикорм,2021-M10,2021,2663.0
011,Oliy navli bug'doy uni,Мука пшеничная высшего сорта,High-grade wheat flour,Олий навли буғдой уни,2021-M10,2021,0.0
0012,1-navli bug'doy uni,Мука пшеничная первого сорта,First grade wheat flour,1-навли буғдой уни,2021-M10,2021,0.0
013,1-nav bug'doy unidan non,Хлеб пшеничный из муки 1-го сорта,Wheat bread from 1st grade flour,1-нав буғдой унидан нон,2021-M10,2021,3037.0
017,Mol go'shti,Говядина,Beef,Мол гўшти,2021-M10,2021,65028.0
0020,Qo'y go'shti,Баранина,Mutton,Қўй гўшти,2021-M10,2021,70566.0
022,Tovuq go'shti,Мясо птицы,Poultry,Товуқ гўшти,2021-M10,2021,23237.0
026,Turli baliqlar,Рыба всякая,Fish of all kinds,Турли балиқлар,2021-M10,2021,18968.0
027,Yangi sog'ilgan sut (1 litr),Молоко свежее (1 литр),Fresh milk (1 liter),Янги соғилган сут (1 литр),2021-M10,2021,4692.0
034,Tuxum (10 dona),Яйца (10 штук),Eggs (10 pieces ),Тухум (10 дона),2021-M10,2021,9751.0
035,Paxta yog'i (1 litr),Масло хлопковое (1 литр),Cottonseed oil (1 liter),Пахта ёғи (1 литр),2021-M10,2021,0.0
0036,Kungaboqar yog'i (1 litr),Масло подсолнечное (1 литр),Sunflower oil (1 liter),Кунгабоқар ёғи (1 литр),2021-M10,2021,0.0
037,Sariyog',Масло сливочное,Butter,Сариёғ,2021-M10,2021,45118.0
039,Limon,Лимоны,Lemons,Лимон,2021-M10,2021,23161.0
0040,Olma,Яблоки,Apples,Олма,2021-M10,2021,8923.0
041,Nok,Груши,Pears,Нок,2021-M10,2021,15548.0
049,Uzum,Виноград,Grape,Узум,2021-M10,2021,6003.0
0050,Tarvuz,Арбуз,Watermelon,Тарвуз,2021-M10,2021,2336.0
0051,Qovun,Дыня,Melon,Қовун,2021-M10,2021,2684.0
053,Mayiz,Кишмиш,Kishmish,Майиз,2021-M10,2021,31839.0
055,Karam,Капуста,Cabbage,Карам,2021-M10,2021,2391.0
057,Bodring,Огурцы,Cucumbers,Бодринг,2021-M10,2021,5047.0
058,Pomidor,Помидоры,Tomatoes,Помидор,2021-M10,2021,4952.0
059,Baqlajon,Баклажаны,Eggplant,Бақлажон,2021-M10,2021,3090.0
0060,Bulg'or qalampiri,Перец болгарский,Bell pepper,Булғор қалампири,2021-M10,2021,3857.0
061,Qovoq,Тыква,Pumpkin,Қовоқ,2021-M10,2021,2561.0
063,Sabzi,Морковь,Carrot,Сабзи,2021-M10,2021,3923.0
065,Sarimsoq,Чеснок,Garlic,Саримсоқ,2021-M10,2021,16173.0
066,Piyoz,Лук репчатый,Onion,Пиёз,2021-M10,2021,1989.0
069,Kartoshka,Картофель,Potatoes,Картошка,2021-M10,2021,3779.0
0070,Loviya,Фасоль,Beans,Ловия,2021-M10,2021,11837.0
071,No'xot,Горох,Peas,Нўхот,2021-M10,2021,16095.0
0072,Mosh,Маш,Mash,Мош,2021-M10,2021,13532.0
073,Shakar,Сахар песок,Sugar,Шакар,2021-M10,2021,0.0
002,Kruppa yormasi,Крупа манная,Semolina,Круппа ёрмаси,2021-M10,2021,3004.0
001,Guruch,Рис,Rice,Гуруч,2021-M11,2021,10681.0
003,Arpa,Ячмень,Barley,Арпа,2021-M11,2021,3044.0
0004,Bug'doy,Пшеница,Wheat,Буғдой,2021-M11,2021,3202.0
005,Jo'hori,Кукуруза,Corn,Жўҳори,2021-M11,2021,3496.0
006,Kepak,Отруби,Bran,Кепак,2021-M11,2021,2604.0
0008,Shrot,Шрот,Schroth,Шрот,2021-M11,2021,3949.0
009,Shulxa,Шелуха,Husk,Шулха,2021-M11,2021,2998.0
010,Kombikorm,Комбикорм,Compound feed,Комбикорм,2021-M11,2021,2767.0
011,Oliy navli bug'doy uni,Мука пшеничная высшего сорта,High-grade wheat flour,Олий навли буғдой уни,2021-M11,2021,0.0
0012,1-navli bug'doy uni,Мука пшеничная первого сорта,First grade wheat flour,1-навли буғдой уни,2021-M11,2021,0.0
013,1-nav bug'doy unidan non,Хлеб пшеничный из муки 1-го сорта,Wheat bread from 1st grade flour,1-нав буғдой унидан нон,2021-M11,2021,3067.0
017,Mol go'shti,Говядина,Beef,Мол гўшти,2021-M11,2021,65713.0
0020,Qo'y go'shti,Баранина,Mutton,Қўй гўшти,2021-M11,2021,71265.0
022,Tovuq go'shti,Мясо птицы,Poultry,Товуқ гўшти,2021-M11,2021,23538.0
026,Turli baliqlar,Рыба всякая,Fish of all kinds,Турли балиқлар,2021-M11,2021,19680.0
027,Yangi sog'ilgan sut (1 litr),Молоко свежее (1 литр),Fresh milk (1 liter),Янги соғилган сут (1 литр),2021-M11,2021,4805.0
034,Tuxum (10 dona),Яйца (10 штук),Eggs (10 pieces ),Тухум (10 дона),2021-M11,2021,10429.0
035,Paxta yog'i (1 litr),Масло хлопковое (1 литр),Cottonseed oil (1 liter),Пахта ёғи (1 литр),2021-M11,2021,0.0
0036,Kungaboqar yog'i (1 litr),Масло подсолнечное (1 литр),Sunflower oil (1 liter),Кунгабоқар ёғи (1 литр),2021-M11,2021,0.0
037,Sariyog',Масло сливочное,Butter,Сариёғ,2021-M11,2021,45361.0
039,Limon,Лимоны,Lemons,Лимон,2021-M11,2021,20628.0
0040,Olma,Яблоки,Apples,Олма,2021-M11,2021,9011.0
041,Nok,Груши,Pears,Нок,2021-M11,2021,16242.0
049,Uzum,Виноград,Grape,Узум,2021-M11,2021,6317.0
0050,Tarvuz,Арбуз,Watermelon,Тарвуз,2021-M11,2021,2696.0
0051,Qovun,Дыня,Melon,Қовун,2021-M11,2021,2957.0
053,Mayiz,Кишмиш,Kishmish,Майиз,2021-M11,2021,31943.0
055,Karam,Капуста,Cabbage,Карам,2021-M11,2021,3188.0
057,Bodring,Огурцы,Cucumbers,Бодринг,2021-M11,2021,6745.0
058,Pomidor,Помидоры,Tomatoes,Помидор,2021-M11,2021,7870.0
059,Baqlajon,Баклажаны,Eggplant,Бақлажон,2021-M11,2021,5690.0
0060,Bulg'or qalampiri,Перец болгарский,Bell pepper,Булғор қалампири,2021-M11,2021,6374.0
061,Qovoq,Тыква,Pumpkin,Қовоқ,2021-M11,2021,2633.0
063,Sabzi,Морковь,Carrot,Сабзи,2021-M11,2021,2220.0
065,Sarimsoq,Чеснок,Garlic,Саримсоқ,2021-M11,2021,18686.0
066,Piyoz,Лук репчатый,Onion,Пиёз,2021-M11,2021,2093.0
069,Kartoshka,Картофель,Potatoes,Картошка,2021-M11,2021,4584.0
0070,Loviya,Фасоль,Beans,Ловия,2021-M11,2021,11890.0
071,No'xot,Горох,Peas,Нўхот,2021-M11,2021,16147.0
0072,Mosh,Маш,Mash,Мош,2021-M11,2021,12727.0
073,Shakar,Сахар песок,Sugar,Шакар,2021-M11,2021,0.0
002,Kruppa yormasi,Крупа манная,Semolina,Круппа ёрмаси,2021-M11,2021,3044.0
001,Guruch,Рис,Rice,Гуруч,2021-M12,2021,10656.0
003,Arpa,Ячмень,Barley,Арпа,2021-M12,2021,3160.0
0004,Bug'doy,Пшеница,Wheat,Буғдой,2021-M12,2021,3360.0
005,Jo'hori,Кукуруза,Corn,Жўҳори,2021-M12,2021,3546.0
006,Kepak,Отруби,Bran,Кепак,2021-M12,2021,2682.0
0008,Shrot,Шрот,Schroth,Шрот,2021-M12,2021,3949.0
009,Shulxa,Шелуха,Husk,Шулха,2021-M12,2021,3033.0
010,Kombikorm,Комбикорм,Compound feed,Комбикорм,2021-M12,2021,2836.0
011,Oliy navli bug'doy uni,Мука пшеничная высшего сорта,High-grade wheat flour,Олий навли буғдой уни,2021-M12,2021,0.0
0012,1-navli bug'doy uni,Мука пшеничная первого сорта,First grade wheat flour,1-навли буғдой уни,2021-M12,2021,0.0
013,1-nav bug'doy unidan non,Хлеб пшеничный из муки 1-го сорта,Wheat bread from 1st grade flour,1-нав буғдой унидан нон,2021-M12,2021,3110.0
017,Mol go'shti,Говядина,Beef,Мол гўшти,2021-M12,2021,66533.0
0020,Qo'y go'shti,Баранина,Mutton,Қўй гўшти,2021-M12,2021,71991.0
022,Tovuq go'shti,Мясо птицы,Poultry,Товуқ гўшти,2021-M12,2021,23821.0
026,Turli baliqlar,Рыба всякая,Fish of all kinds,Турли балиқлар,2021-M12,2021,20475.0
027,Yangi sog'ilgan sut (1 litr),Молоко свежее (1 литр),Fresh milk (1 liter),Янги соғилган сут (1 литр),2021-M12,2021,4844.0
034,Tuxum (10 dona),Яйца (10 штук),Eggs (10 pieces ),Тухум (10 дона),2021-M12,2021,10402.0
035,Paxta yog'i (1 litr),Масло хлопковое (1 литр),Cottonseed oil (1 liter),Пахта ёғи (1 литр),2021-M12,2021,0.0
0036,Kungaboqar yog'i (1 litr),Масло подсолнечное (1 литр),Sunflower oil (1 liter),Кунгабоқар ёғи (1 литр),2021-M12,2021,0.0
037,Sariyog',Масло сливочное,Butter,Сариёғ,2021-M12,2021,45500.0
039,Limon,Лимоны,Lemons,Лимон,2021-M12,2021,18989.0
0040,Olma,Яблоки,Apples,Олма,2021-M12,2021,9614.0
041,Nok,Груши,Pears,Нок,2021-M12,2021,18049.0
049,Uzum,Виноград,Grape,Узум,2021-M12,2021,8508.0
0050,Tarvuz,Арбуз,Watermelon,Тарвуз,2021-M12,2021,3314.0
0051,Qovun,Дыня,Melon,Қовун,2021-M12,2021,3342.0
053,Mayiz,Кишмиш,Kishmish,Майиз,2021-M12,2021,32370.0
055,Karam,Капуста,Cabbage,Карам,2021-M12,2021,3479.0
057,Bodring,Огурцы,Cucumbers,Бодринг,2021-M12,2021,12496.0
058,Pomidor,Помидоры,Tomatoes,Помидор,2021-M12,2021,11812.0
059,Baqlajon,Баклажаны,Eggplant,Бақлажон,2021-M12,2021,22333.0
0060,Bulg'or qalampiri,Перец болгарский,Bell pepper,Булғор қалампири,2021-M12,2021,12940.0
061,Qovoq,Тыква,Pumpkin,Қовоқ,2021-M12,2021,3093.0
063,Sabzi,Морковь,Carrot,Сабзи,2021-M12,2021,2026.0
065,Sarimsoq,Чеснок,Garlic,Саримсоқ,2021-M12,2021,22668.0
066,Piyoz,Лук репчатый,Onion,Пиёз,2021-M12,2021,2073.0
069,Kartoshka,Картофель,Potatoes,Картошка,2021-M12,2021,4917.0
0070,Loviya,Фасоль,Beans,Ловия,2021-M12,2021,11934.0
071,No'xot,Горох,Peas,Нўхот,2021-M12,2021,16550.0
0072,Mosh,Маш,Mash,Мош,2021-M12,2021,12267.0
073,Shakar,Сахар песок,Sugar,Шакар,2021-M12,2021,0.0
002,Kruppa yormasi,Крупа манная,Semolina,Круппа ёрмаси,2021-M12,2021,3160.0
001,Guruch,Рис,Rice,Гуруч,2022-M01,2022,10561.0
003,Arpa,Ячмень,Barley,Арпа,2022-M01,2022,3428.0
0004,Bug'doy,Пшеница,Wheat,Буғдой,2022-M01,2022,3505.0
005,Jo'hori,Кукуруза,Corn,Жўҳори,2022-M01,2022,3568.0
006,Kepak,Отруби,Bran,Кепак,2022-M01,2022,2668.0
0008,Shrot,Шрот,Schroth,Шрот,2022-M01,2022,3832.0
009,Shulxa,Шелуха,Husk,Шулха,2022-M01,2022,3071.0
010,Kombikorm,Комбикорм,Compound feed,Комбикорм,2022-M01,2022,2855.0
011,Oliy navli bug'doy uni,Мука пшеничная высшего сорта,High-grade wheat flour,Олий навли буғдой уни,2022-M01,2022,6309.0
0012,1-navli bug'doy uni,Мука пшеничная первого сорта,First grade wheat flour,1-навли буғдой уни,2022-M01,2022,4302.0
013,1-nav bug'doy unidan non,Хлеб пшеничный из муки 1-го сорта,Wheat bread from 1st grade flour,1-нав буғдой унидан нон,2022-M01,2022,3211.0
017,Mol go'shti,Говядина,Beef,Мол гўшти,2022-M01,2022,68279.0
0020,Qo'y go'shti,Баранина,Mutton,Қўй гўшти,2022-M01,2022,73089.0
022,Tovuq go'shti,Мясо птицы,Poultry,Товуқ гўшти,2022-M01,2022,24752.0
026,Turli baliqlar,Рыба всякая,Fish of all kinds,Турли балиқлар,2022-M01,2022,21399.0
027,Yangi sog'ilgan sut (1 litr),Молоко свежее (1 литр),Fresh milk (1 liter),Янги соғилган сут (1 литр),2022-M01,2022,5015.0
034,Tuxum (10 dona),Яйца (10 штук),Eggs (10 pieces ),Тухум (10 дона),2022-M01,2022,10313.0
035,Paxta yog'i (1 litr),Масло хлопковое (1 литр),Cottonseed oil (1 liter),Пахта ёғи (1 литр),2022-M01,2022,16686.0
0036,Kungaboqar yog'i (1 litr),Масло подсолнечное (1 литр),Sunflower oil (1 liter),Кунгабоқар ёғи (1 литр),2022-M01,2022,18570.0
037,Sariyog',Масло сливочное,Butter,Сариёғ,2022-M01,2022,45567.0
039,Limon,Лимоны,Lemons,Лимон,2022-M01,2022,18578.0
0040,Olma,Яблоки,Apples,Олма,2022-M01,2022,9873.0
041,Nok,Груши,Pears,Нок,2022-M01,2022,18743.0
049,Uzum,Виноград,Grape,Узум,2022-M01,2022,10819.0
0050,Tarvuz,Арбуз,Watermelon,Тарвуз,2022-M01,2022,3575.0
0051,Qovun,Дыня,Melon,Қовун,2022-M01,2022,3587.0
053,Mayiz,Кишмиш,Kishmish,Майиз,2022-M01,2022,35498.0
055,Karam,Капуста,Cabbage,Карам,2022-M01,2022,3819.0
057,Bodring,Огурцы,Cucumbers,Бодринг,2022-M01,2022,16129.0
058,Pomidor,Помидоры,Tomatoes,Помидор,2022-M01,2022,15046.0
059,Baqlajon,Баклажаны,Eggplant,Бақлажон,2022-M01,2022,0.0
0060,Bulg'or qalampiri,Перец болгарский,Bell pepper,Булғор қалампири,2022-M01,2022,17787.0
061,Qovoq,Тыква,Pumpkin,Қовоқ,2022-M01,2022,3352.0
063,Sabzi,Морковь,Carrot,Сабзи,2022-M01,2022,2176.0
065,Sarimsoq,Чеснок,Garlic,Саримсоқ,2022-M01,2022,24892.0
066,Piyoz,Лук репчатый,Onion,Пиёз,2022-M01,2022,2162.0
069,Kartoshka,Картофель,Potatoes,Картошка,2022-M01,2022,4818.0
0070,Loviya,Фасоль,Beans,Ловия,2022-M01,2022,11922.0
071,No'xot,Горох,Peas,Нўхот,2022-M01,2022,17070.0
0072,Mosh,Маш,Mash,Мош,2022-M01,2022,12293.0
073,Shakar,Сахар песок,Sugar,Шакар,2022-M01,2022,9156.0
002,Kruppa yormasi,Крупа манная,Semolina,Круппа ёрмаси,2022-M01,2022,3428.0
001,Guruch,Рис,Rice,Гуруч,2022-M02,2022,10669.0
003,Arpa,Ячмень,Barley,Арпа,2022-M02,2022,3456.0
0004,Bug'doy,Пшеница,Wheat,Буғдой,2022-M02,2022,3582.0
005,Jo'hori,Кукуруза,Corn,Жўҳори,2022-M02,2022,3588.0
006,Kepak,Отруби,Bran,Кепак,2022-M02,2022,2803.0
0008,Shrot,Шрот,Schroth,Шрот,2022-M02,2022,3883.0
009,Shulxa,Шелуха,Husk,Шулха,2022-M02,2022,3176.0
010,Kombikorm,Комбикорм,Compound feed,Комбикорм,2022-M02,2022,2893.0
011,Oliy navli bug'doy uni,Мука пшеничная высшего сорта,High-grade wheat flour,Олий навли буғдой уни,2022-M02,2022,6417.0
0012,1-navli bug'doy uni,Мука пшеничная первого сорта,First grade wheat flour,1-навли буғдой уни,2022-M02,2022,4357.0
013,1-nav bug'doy unidan non,Хлеб пшеничный из муки 1-го сорта,Wheat bread from 1st grade flour,1-нав буғдой унидан нон,2022-M02,2022,3211.0
017,Mol go'shti,Говядина,Beef,Мол гўшти,2022-M02,2022,68191.0
0020,Qo'y go'shti,Баранина,Mutton,Қўй гўшти,2022-M02,2022,73048.0
022,Tovuq go'shti,Мясо птицы,Poultry,Товуқ гўшти,2022-M02,2022,24778.0
026,Turli baliqlar,Рыба всякая,Fish of all kinds,Турли балиқлар,2022-M02,2022,21734.0
027,Yangi sog'ilgan sut (1 litr),Молоко свежее (1 литр),Fresh milk (1 liter),Янги соғилган сут (1 литр),2022-M02,2022,5213.0
034,Tuxum (10 dona),Яйца (10 штук),Eggs (10 pieces ),Тухум (10 дона),2022-M02,2022,9919.0
035,Paxta yog'i (1 litr),Масло хлопковое (1 литр),Cottonseed oil (1 liter),Пахта ёғи (1 литр),2022-M02,2022,16626.0
0036,Kungaboqar yog'i (1 litr),Масло подсолнечное (1 литр),Sunflower oil (1 liter),Кунгабоқар ёғи (1 литр),2022-M02,2022,18287.0
037,Sariyog',Масло сливочное,Butter,Сариёғ,2022-M02,2022,46408.0
039,Limon,Лимоны,Lemons,Лимон,2022-M02,2022,18438.0
0040,Olma,Яблоки,Apples,Олма,2022-M02,2022,10152.0
041,Nok,Груши,Pears,Нок,2022-M02,2022,19416.0
049,Uzum,Виноград,Grape,Узум,2022-M02,2022,12115.0
0050,Tarvuz,Арбуз,Watermelon,Тарвуз,2022-M02,2022,0.0
0051,Qovun,Дыня,Melon,Қовун,2022-M02,2022,3732.0
053,Mayiz,Кишмиш,Kishmish,Майиз,2022-M02,2022,35517.0
055,Karam,Капуста,Cabbage,Карам,2022-M02,2022,4089.0
057,Bodring,Огурцы,Cucumbers,Бодринг,2022-M02,2022,16248.0
058,Pomidor,Помидоры,Tomatoes,Помидор,2022-M02,2022,15508.0
059,Baqlajon,Баклажаны,Eggplant,Бақлажон,2022-M02,2022,0.0
0060,Bulg'or qalampiri,Перец болгарский,Bell pepper,Булғор қалампири,2022-M02,2022,24098.0
061,Qovoq,Тыква,Pumpkin,Қовоқ,2022-M02,2022,3664.0
063,Sabzi,Морковь,Carrot,Сабзи,2022-M02,2022,2403.0
065,Sarimsoq,Чеснок,Garlic,Саримсоқ,2022-M02,2022,25565.0
066,Piyoz,Лук репчатый,Onion,Пиёз,2022-M02,2022,2239.0
069,Kartoshka,Картофель,Potatoes,Картошка,2022-M02,2022,4850.0
0070,Loviya,Фасоль,Beans,Ловия,2022-M02,2022,11893.0
071,No'xot,Горох,Peas,Нўхот,2022-M02,2022,17170.0
0072,Mosh,Маш,Mash,Мош,2022-M02,2022,12269.0
073,Shakar,Сахар песок,Sugar,Шакар,2022-M02,2022,9116.0
002,Kruppa yormasi,Крупа манная,Semolina,Круппа ёрмаси,2022-M02,2022,3456.0
001,Guruch,Рис,Rice,Гуруч,2022-M03,2022,10742.0
003,Arpa,Ячмень,Barley,Арпа,2022-M03,2022,3550.0
0004,Bug'doy,Пшеница,Wheat,Буғдой,2022-M03,2022,3640.0
005,Jo'hori,Кукуруза,Corn,Жўҳори,2022-M03,2022,3646.0
006,Kepak,Отруби,Bran,Кепак,2022-M03,2022,2853.0
0008,Shrot,Шрот,Schroth,Шрот,2022-M03,2022,3993.0
009,Shulxa,Шелуха,Husk,Шулха,2022-M03,2022,3257.0
010,Kombikorm,Комбикорм,Compound feed,Комбикорм,2022-M03,2022,2946.0
011,Oliy navli bug'doy uni,Мука пшеничная высшего сорта,High-grade wheat flour,Олий навли буғдой уни,2022-M03,2022,6490.0
0012,1-navli bug'doy uni,Мука пшеничная первого сорта,First grade wheat flour,1-навли буғдой уни,2022-M03,2022,4394.0
013,1-nav bug'doy unidan non,Хлеб пшеничный из муки 1-го сорта,Wheat bread from 1st grade flour,1-нав буғдой унидан нон,2022-M03,2022,3233.0
017,Mol go'shti,Говядина,Beef,Мол гўшти,2022-M03,2022,67951.0
0020,Qo'y go'shti,Баранина,Mutton,Қўй гўшти,2022-M03,2022,73184.0
022,Tovuq go'shti,Мясо птицы,Poultry,Товуқ гўшти,2022-M03,2022,24977.0
026,Turli baliqlar,Рыба всякая,Fish of all kinds,Турли балиқлар,2022-M03,2022,22144.0
027,Yangi sog'ilgan sut (1 litr),Молоко свежее (1 литр),Fresh milk (1 liter),Янги соғилган сут (1 литр),2022-M03,2022,5268.0
034,Tuxum (10 dona),Яйца (10 штук),Eggs (10 pieces ),Тухум (10 дона),2022-M03,2022,9765.0
035,Paxta yog'i (1 litr),Масло хлопковое (1 литр),Cottonseed oil (1 liter),Пахта ёғи (1 литр),2022-M03,2022,16868.0
0036,Kungaboqar yog'i (1 litr),Масло подсолнечное (1 литр),Sunflower oil (1 liter),Кунгабоқар ёғи (1 литр),2022-M03,2022,18516.0
037,Sariyog',Масло сливочное,Butter,Сариёғ,2022-M03,2022,47050.0
039,Limon,Лимоны,Lemons,Лимон,2022-M03,2022,18833.0
0040,Olma,Яблоки,Apples,Олма,2022-M03,2022,10319.0
041,Nok,Груши,Pears,Нок,2022-M03,2022,20013.0
049,Uzum,Виноград,Grape,Узум,2022-M03,2022,19439.0
0050,Tarvuz,Арбуз,Watermelon,Тарвуз,2022-M03,2022,0.0
0051,Qovun,Дыня,Melon,Қовун,2022-M03,2022,4543.0
053,Mayiz,Кишмиш,Kishmish,Майиз,2022-M03,2022,35406.0
055,Karam,Капуста,Cabbage,Карам,2022-M03,2022,4314.0
057,Bodring,Огурцы,Cucumbers,Бодринг,2022-M03,2022,16996.0
058,Pomidor,Помидоры,Tomatoes,Помидор,2022-M03,2022,16946.0
059,Baqlajon,Баклажаны,Eggplant,Бақлажон,2022-M03,2022,29750.0
0060,Bulg'or qalampiri,Перец болгарский,Bell pepper,Булғор қалампири,2022-M03,2022,35549.0
061,Qovoq,Тыква,Pumpkin,Қовоқ,2022-M03,2022,4284.0
063,Sabzi,Морковь,Carrot,Сабзи,2022-M03,2022,2551.0
065,Sarimsoq,Чеснок,Garlic,Саримсоқ,2022-M03,2022,26736.0
066,Piyoz,Лук репчатый,Onion,Пиёз,2022-M03,2022,2540.0
069,Kartoshka,Картофель,Potatoes,Картошка,2022-M03,2022,4611.0
0070,Loviya,Фасоль,Beans,Ловия,2022-M03,2022,11937.0
071,No'xot,Горох,Peas,Нўхот,2022-M03,2022,17397.0
0072,Mosh,Маш,Mash,Мош,2022-M03,2022,12321.0
073,Shakar,Сахар песок,Sugar,Шакар,2022-M03,2022,10131.0
002,Kruppa yormasi,Крупа манная,Semolina,Круппа ёрмаси,2022-M03,2022,3550.0
001,Guruch,Рис,Rice,Гуруч,2022-M04,2022,10874.0
003,Arpa,Ячмень,Barley,Арпа,2022-M04,2022,3819.0
0004,Bug'doy,Пшеница,Wheat,Буғдой,2022-M04,2022,3929.0
005,Jo'hori,Кукуруза,Corn,Жўҳори,2022-M04,2022,3892.0
006,Kepak,Отруби,Bran,Кепак,2022-M04,2022,2957.0
0008,Shrot,Шрот,Schroth,Шрот,2022-M04,2022,4000.0
009,Shulxa,Шелуха,Husk,Шулха,2022-M04,2022,3334.0
010,Kombikorm,Комбикорм,Compound feed,Комбикорм,2022-M04,2022,3067.0
011,Oliy navli bug'doy uni,Мука пшеничная высшего сорта,High-grade wheat flour,Олий навли буғдой уни,2022-M04,2022,6733.0
0012,1-navli bug'doy uni,Мука пшеничная первого сорта,First grade wheat flour,1-навли буғдой уни,2022-M04,2022,4628.0
013,1-nav bug'doy unidan non,Хлеб пшеничный из муки 1-го сорта,Wheat bread from 1st grade flour,1-нав буғдой унидан нон,2022-M04,2022,3329.0
017,Mol go'shti,Говядина,Beef,Мол гўшти,2022-M04,2022,67376.0
0020,Qo'y go'shti,Баранина,Mutton,Қўй гўшти,2022-M04,2022,73066.0
022,Tovuq go'shti,Мясо птицы,Poultry,Товуқ гўшти,2022-M04,2022,25627.0
026,Turli baliqlar,Рыба всякая,Fish of all kinds,Турли балиқлар,2022-M04,2022,23169.0
027,Yangi sog'ilgan sut (1 litr),Молоко свежее (1 литр),Fresh milk (1 liter),Янги соғилган сут (1 литр),2022-M04,2022,5292.0
034,Tuxum (10 dona),Яйца (10 штук),Eggs (10 pieces ),Тухум (10 дона),2022-M04,2022,9767.0
035,Paxta yog'i (1 litr),Масло хлопковое (1 литр),Cottonseed oil (1 liter),Пахта ёғи (1 литр),2022-M04,2022,17388.0
0036,Kungaboqar yog'i (1 litr),Масло подсолнечное (1 литр),Sunflower oil (1 liter),Кунгабоқар ёғи (1 литр),2022-M04,2022,19538.0
037,Sariyog',Масло сливочное,Butter,Сариёғ,2022-M04,2022,46962.0
039,Limon,Лимоны,Lemons,Лимон,2022-M04,2022,19596.0
0040,Olma,Яблоки,Apples,Олма,2022-M04,2022,10589.0
041,Nok,Груши,Pears,Нок,2022-M04,2022,20223.0
049,Uzum,Виноград,Grape,Узум,2022-M04,2022,22861.0
0050,Tarvuz,Арбуз,Watermelon,Тарвуз,2022-M04,2022,0.0
0051,Qovun,Дыня,Melon,Қовун,2022-M04,2022,6000.0
053,Mayiz,Кишмиш,Kishmish,Майиз,2022-M04,2022,35223.0
055,Karam,Капуста,Cabbage,Карам,2022-M04,2022,4966.0
057,Bodring,Огурцы,Cucumbers,Бодринг,2022-M04,2022,13039.0
058,Pomidor,Помидоры,Tomatoes,Помидор,2022-M04,2022,18121.0
059,Baqlajon,Баклажаны,Eggplant,Бақлажон,2022-M04,2022,36958.0
0060,Bulg'or qalampiri,Перец болгарский,Bell pepper,Булғор қалампири,2022-M04,2022,43077.0
061,Qovoq,Тыква,Pumpkin,Қовоқ,2022-M04,2022,4988.0
063,Sabzi,Морковь,Carrot,Сабзи,2022-M04,2022,3158.0
065,Sarimsoq,Чеснок,Garlic,Саримсоқ,2022-M04,2022,27878.0
066,Piyoz,Лук репчатый,Onion,Пиёз,2022-M04,2022,3545.0
069,Kartoshka,Картофель,Potatoes,Картошка,2022-M04,2022,4207.0
0070,Loviya,Фасоль,Beans,Ловия,2022-M04,2022,11781.0
071,No'xot,Горох,Peas,Нўхот,2022-M04,2022,17623.0
0072,Mosh,Маш,Mash,Мош,2022-M04,2022,12286.0
073,Shakar,Сахар песок,Sugar,Шакар,2022-M04,2022,10972.0
002,Kruppa yormasi,Крупа манная,Semolina,Круппа ёрмаси,2022-M04,2022,3819.0
001,Guruch,Рис,Rice,Гуруч,2022-M05,2022,10934.0
003,Arpa,Ячмень,Barley,Арпа,2022-M05,2022,3908.0
0004,Bug'doy,Пшеница,Wheat,Буғдой,2022-M05,2022,4089.0
005,Jo'hori,Кукуруза,Corn,Жўҳори,2022-M05,2022,4072.0
006,Kepak,Отруби,Bran,Кепак,2022-M05,2022,2990.0
0008,Shrot,Шрот,Schroth,Шрот,2022-M05,2022,4025.0
009,Shulxa,Шелуха,Husk,Шулха,2022-M05,2022,3369.0
010,Kombikorm,Комбикорм,Compound feed,Комбикорм,2022-M05,2022,3116.0
011,Oliy navli bug'doy uni,Мука пшеничная высшего сорта,High-grade wheat flour,Олий навли буғдой уни,2022-M05,2022,6846.0
0012,1-navli bug'doy uni,Мука пшеничная первого сорта,First grade wheat flour,1-навли буғдой уни,2022-M05,2022,5010.0
013,1-nav bug'doy unidan non,Хлеб пшеничный из муки 1-го сорта,Wheat bread from 1st grade flour,1-нав буғдой унидан нон,2022-M05,2022,3478.0
017,Mol go'shti,Говядина,Beef,Мол гўшти,2022-M05,2022,66916.0
0020,Qo'y go'shti,Баранина,Mutton,Қўй гўшти,2022-M05,2022,73733.0
022,Tovuq go'shti,Мясо птицы,Poultry,Товуқ гўшти,2022-M05,2022,25870.0
026,Turli baliqlar,Рыба всякая,Fish of all kinds,Турли балиқлар,2022-M05,2022,21223.0
027,Yangi sog'ilgan sut (1 litr),Молоко свежее (1 литр),Fresh milk (1 liter),Янги соғилган сут (1 литр),2022-M05,2022,5370.0
034,Tuxum (10 dona),Яйца (10 штук),Eggs (10 pieces ),Тухум (10 дона),2022-M05,2022,9654.0
035,Paxta yog'i (1 litr),Масло хлопковое (1 литр),Cottonseed oil (1 liter),Пахта ёғи (1 литр),2022-M05,2022,17307.0
0036,Kungaboqar yog'i (1 litr),Масло подсолнечное (1 литр),Sunflower oil (1 liter),Кунгабоқар ёғи (1 литр),2022-M05,2022,19710.0
037,Sariyog',Масло сливочное,Butter,Сариёғ,2022-M05,2022,46315.0
039,Limon,Лимоны,Lemons,Лимон,2022-M05,2022,21174.0
0040,Olma,Яблоки,Apples,Олма,2022-M05,2022,11417.0
041,Nok,Груши,Pears,Нок,2022-M05,2022,21063.0
049,Uzum,Виноград,Grape,Узум,2022-M05,2022,0.0
0050,Tarvuz,Арбуз,Watermelon,Тарвуз,2022-M05,2022,7750.0
0051,Qovun,Дыня,Melon,Қовун,2022-M05,2022,12817.0
053,Mayiz,Кишмиш,Kishmish,Майиз,2022-M05,2022,34533.0
055,Karam,Капуста,Cabbage,Карам,2022-M05,2022,4443.0
057,Bodring,Огурцы,Cucumbers,Бодринг,2022-M05,2022,4421.0
058,Pomidor,Помидоры,Tomatoes,Помидор,2022-M05,2022,13542.0
059,Baqlajon,Баклажаны,Eggplant,Бақлажон,2022-M05,2022,18070.0
0060,Bulg'or qalampiri,Перец болгарский,Bell pepper,Булғор қалампири,2022-M05,2022,22922.0
061,Qovoq,Тыква,Pumpkin,Қовоқ,2022-M05,2022,5061.0
063,Sabzi,Морковь,Carrot,Сабзи,2022-M05,2022,3346.0
065,Sarimsoq,Чеснок,Garlic,Саримсоқ,2022-M05,2022,21703.0
066,Piyoz,Лук репчатый,Onion,Пиёз,2022-M05,2022,3580.0
069,Kartoshka,Картофель,Potatoes,Картошка,2022-M05,2022,4316.0
0070,Loviya,Фасоль,Beans,Ловия,2022-M05,2022,11688.0
071,No'xot,Горох,Peas,Нўхот,2022-M05,2022,17449.0
0072,Mosh,Маш,Mash,Мош,2022-M05,2022,12264.0
073,Shakar,Сахар песок,Sugar,Шакар,2022-M05,2022,11531.0
002,Kruppa yormasi,Крупа манная,Semolina,Круппа ёрмаси,2022-M05,2022,3908.0
001,Guruch,Рис,Rice,Гуруч,2022-M06,2022,11293.0
003,Arpa,Ячмень,Barley,Арпа,2022-M06,2022,4134.0
0004,Bug'doy,Пшеница,Wheat,Буғдой,2022-M06,2022,4338.0
005,Jo'hori,Кукуруза,Corn,Жўҳори,2022-M06,2022,4419.0
006,Kepak,Отруби,Bran,Кепак,2022-M06,2022,3134.0
0008,Shrot,Шрот,Schroth,Шрот,2022-M06,2022,4220.0
009,Shulxa,Шелуха,Husk,Шулха,2022-M06,2022,3380.0
010,Kombikorm,Комбикорм,Compound feed,Комбикорм,2022-M06,2022,3274.0
011,Oliy navli bug'doy uni,Мука пшеничная высшего сорта,High-grade wheat flour,Олий навли буғдой уни,2022-M06,2022,7573.0
0012,1-navli bug'doy uni,Мука пшеничная первого сорта,First grade wheat flour,1-навли буғдой уни,2022-M06,2022,6106.0
013,1-nav bug'doy unidan non,Хлеб пшеничный из муки 1-го сорта,Wheat bread from 1st grade flour,1-нав буғдой унидан нон,2022-M06,2022,4981.0
017,Mol go'shti,Говядина,Beef,Мол гўшти,2022-M06,2022,66591.0
0020,Qo'y go'shti,Баранина,Mutton,Қўй гўшти,2022-M06,2022,73751.0
022,Tovuq go'shti,Мясо птицы,Poultry,Товуқ гўшти,2022-M06,2022,25551.0
026,Turli baliqlar,Рыба всякая,Fish of all kinds,Турли балиқлар,2022-M06,2022,21432.0
027,Yangi sog'ilgan sut (1 litr),Молоко свежее (1 литр),Fresh milk (1 liter),Янги соғилган сут (1 литр),2022-M06,2022,5312.0
034,Tuxum (10 dona),Яйца (10 штук),Eggs (10 pieces ),Тухум (10 дона),2022-M06,2022,10266.0
035,Paxta yog'i (1 litr),Масло хлопковое (1 литр),Cottonseed oil (1 liter),Пахта ёғи (1 литр),2022-M06,2022,18337.0
0036,Kungaboqar yog'i (1 litr),Масло подсолнечное (1 литр),Sunflower oil (1 liter),Кунгабоқар ёғи (1 литр),2022-M06,2022,20230.0
037,Sariyog',Масло сливочное,Butter,Сариёғ,2022-M06,2022,45577.0
039,Limon,Лимоны,Lemons,Лимон,2022-M06,2022,25938.0
0040,Olma,Яблоки,Apples,Олма,2022-M06,2022,10638.0
041,Nok,Груши,Pears,Нок,2022-M06,2022,21830.0
049,Uzum,Виноград,Grape,Узум,2022-M06,2022,13225.0
0050,Tarvuz,Арбуз,Watermelon,Тарвуз,2022-M06,2022,3303.0
0051,Qovun,Дыня,Melon,Қовун,2022-M06,2022,6382.0
053,Mayiz,Кишмиш,Kishmish,Майиз,2022-M06,2022,34648.0
055,Karam,Капуста,Cabbage,Карам,2022-M06,2022,3991.0
057,Bodring,Огурцы,Cucumbers,Бодринг,2022-M06,2022,4037.0
058,Pomidor,Помидоры,Tomatoes,Помидор,2022-M06,2022,7055.0
059,Baqlajon,Баклажаны,Eggplant,Бақлажон,2022-M06,2022,7820.0
0060,Bulg'or qalampiri,Перец болгарский,Bell pepper,Булғор қалампири,2022-M06,2022,10778.0
061,Qovoq,Тыква,Pumpkin,Қовоқ,2022-M06,2022,5060.0
063,Sabzi,Морковь,Carrot,Сабзи,2022-M06,2022,3310.0
065,Sarimsoq,Чеснок,Garlic,Саримсоқ,2022-M06,2022,14167.0
066,Piyoz,Лук репчатый,Onion,Пиёз,2022-M06,2022,3907.0
069,Kartoshka,Картофель,Potatoes,Картошка,2022-M06,2022,4212.0
0070,Loviya,Фасоль,Beans,Ловия,2022-M06,2022,11919.0
071,No'xot,Горох,Peas,Нўхот,2022-M06,2022,17805.0
0072,Mosh,Маш,Mash,Мош,2022-M06,2022,12341.0
073,Shakar,Сахар песок,Sugar,Шакар,2022-M06,2022,13598.0
002,Kruppa yormasi,Крупа манная,Semolina,Круппа ёрмаси,2022-M06,2022,4134.0
001,Guruch,Рис,Rice,Гуруч,2022-M07,2022,11129.0
003,Arpa,Ячмень,Barley,Арпа,2022-M07,2022,4148.0
0004,Bug'doy,Пшеница,Wheat,Буғдой,2022-M07,2022,4347.0
005,Jo'hori,Кукуруза,Corn,Жўҳори,2022-M07,2022,4721.0
006,Kepak,Отруби,Bran,Кепак,2022-M07,2022,3169.0
0008,Shrot,Шрот,Schroth,Шрот,2022-M07,2022,4225.0
009,Shulxa,Шелуха,Husk,Шулха,2022-M07,2022,3412.0
010,Kombikorm,Комбикорм,Compound feed,Комбикорм,2022-M07,2022,3379.0
011,Oliy navli bug'doy uni,Мука пшеничная высшего сорта,High-grade wheat flour,Олий навли буғдой уни,2022-M07,2022,7665.0
0012,1-navli bug'doy uni,Мука пшеничная первого сорта,First grade wheat flour,1-навли буғдой уни,2022-M07,2022,6082.0
013,1-nav bug'doy unidan non,Хлеб пшеничный из муки 1-го сорта,Wheat bread from 1st grade flour,1-нав буғдой унидан нон,2022-M07,2022,5225.0
017,Mol go'shti,Говядина,Beef,Мол гўшти,2022-M07,2022,68506.0
0020,Qo'y go'shti,Баранина,Mutton,Қўй гўшти,2022-M07,2022,74453.0
022,Tovuq go'shti,Мясо птицы,Poultry,Товуқ гўшти,2022-M07,2022,24888.0
026,Turli baliqlar,Рыба всякая,Fish of all kinds,Турли балиқлар,2022-M07,2022,25000.0
027,Yangi sog'ilgan sut (1 litr),Молоко свежее (1 литр),Fresh milk (1 liter),Янги соғилган сут (1 литр),2022-M07,2022,5293.0
034,Tuxum (10 dona),Яйца (10 штук),Eggs (10 pieces ),Тухум (10 дона),2022-M07,2022,9983.0
035,Paxta yog'i (1 litr),Масло хлопковое (1 литр),Cottonseed oil (1 liter),Пахта ёғи (1 литр),2022-M07,2022,18553.0
0036,Kungaboqar yog'i (1 litr),Масло подсолнечное (1 литр),Sunflower oil (1 liter),Кунгабоқар ёғи (1 литр),2022-M07,2022,20395.0
037,Sariyog',Масло сливочное,Butter,Сариёғ,2022-M07,2022,45924.0
039,Limon,Лимоны,Lemons,Лимон,2022-M07,2022,29701.0
0040,Olma,Яблоки,Apples,Олма,2022-M07,2022,8787.0
041,Nok,Груши,Pears,Нок,2022-M07,2022,18403.0
049,Uzum,Виноград,Grape,Узум,2022-M07,2022,10304.0
0050,Tarvuz,Арбуз,Watermelon,Тарвуз,2022-M07,2022,1628.0
0051,Qovun,Дыня,Melon,Қовун,2022-M07,2022,3568.0
053,Mayiz,Кишмиш,Kishmish,Майиз,2022-M07,2022,35153.0
055,Karam,Капуста,Cabbage,Карам,2022-M07,2022,3321.0
057,Bodring,Огурцы,Cucumbers,Бодринг,2022-M07,2022,4072.0
058,Pomidor,Помидоры,Tomatoes,Помидор,2022-M07,2022,3407.0
059,Baqlajon,Баклажаны,Eggplant,Бақлажон,2022-M07,2022,4280.0
0060,Bulg'or qalampiri,Перец болгарский,Bell pepper,Булғор қалампири,2022-M07,2022,7065.0
061,Qovoq,Тыква,Pumpkin,Қовоқ,2022-M07,2022,4228.0
063,Sabzi,Морковь,Carrot,Сабзи,2022-M07,2022,2884.0
065,Sarimsoq,Чеснок,Garlic,Саримсоқ,2022-M07,2022,14603.0
066,Piyoz,Лук репчатый,Onion,Пиёз,2022-M07,2022,4228.0
069,Kartoshka,Картофель,Potatoes,Картошка,2022-M07,2022,3539.0
0070,Loviya,Фасоль,Beans,Ловия,2022-M07,2022,11941.0
071,No'xot,Горох,Peas,Нўхот,2022-M07,2022,18034.0
0072,Mosh,Маш,Mash,Мош,2022-M07,2022,12468.0
073,Shakar,Сахар песок,Sugar,Шакар,2022-M07,2022,14526.0
002,Kruppa yormasi,Крупа манная,Semolina,Круппа ёрмаси,2022-M07,2022,4148.0
001,Guruch,Рис,Rice,Гуруч,2022-M08,2022,11405.0
003,Arpa,Ячмень,Barley,Арпа,2022-M08,2022,4283.0
0004,Bug'doy,Пшеница,Wheat,Буғдой,2022-M08,2022,4390.0
005,Jo'hori,Кукуруза,Corn,Жўҳори,2022-M08,2022,4642.0
006,Kepak,Отруби,Bran,Кепак,2022-M08,2022,3146.0
0008,Shrot,Шрот,Schroth,Шрот,2022-M08,2022,4225.0
009,Shulxa,Шелуха,Husk,Шулха,2022-M08,2022,3335.0
010,Kombikorm,Комбикорм,Compound feed,Комбикорм,2022-M08,2022,3446.0
011,Oliy navli bug'doy uni,Мука пшеничная высшего сорта,High-grade wheat flour,Олий навли буғдой уни,2022-M08,2022,7697.0
0012,1-navli bug'doy uni,Мука пшеничная первого сорта,First grade wheat flour,1-навли буғдой уни,2022-M08,2022,6085.0
013,1-nav bug'doy unidan non,Хлеб пшеничный из муки 1-го сорта,Wheat bread from 1st grade flour,1-нав буғдой унидан нон,2022-M08,2022,5251.0
017,Mol go'shti,Говядина,Beef,Мол гўшти,2022-M08,2022,68330.0
0020,Qo'y go'shti,Баранина,Mutton,Қўй гўшти,2022-M08,2022,74274.0
022,Tovuq go'shti,Мясо птицы,Poultry,Товуқ гўшти,2022-M08,2022,24406.0
026,Turli baliqlar,Рыба всякая,Fish of all kinds,Турли балиқлар,2022-M08,2022,22708.0
027,Yangi sog'ilgan sut (1 litr),Молоко свежее (1 литр),Fresh milk (1 liter),Янги соғилган сут (1 литр),2022-M08,2022,5305.0
034,Tuxum (10 dona),Яйца (10 штук),Eggs (10 pieces ),Тухум (10 дона),2022-M08,2022,9575.0
035,Paxta yog'i (1 litr),Масло хлопковое (1 литр),Cottonseed oil (1 liter),Пахта ёғи (1 литр),2022-M08,2022,18697.0
0036,Kungaboqar yog'i (1 litr),Масло подсолнечное (1 литр),Sunflower oil (1 liter),Кунгабоқар ёғи (1 литр),2022-M08,2022,20533.0
037,Sariyog',Масло сливочное,Butter,Сариёғ,2022-M08,2022,47112.0
039,Limon,Лимоны,Lemons,Лимон,2022-M08,2022,32585.0
0040,Olma,Яблоки,Apples,Олма,2022-M08,2022,8434.0
041,Nok,Груши,Pears,Нок,2022-M08,2022,16201.0
049,Uzum,Виноград,Grape,Узум,2022-M08,2022,8322.0
0050,Tarvuz,Арбуз,Watermelon,Тарвуз,2022-M08,2022,1886.0
0051,Qovun,Дыня,Melon,Қовун,2022-M08,2022,3446.0
053,Mayiz,Кишмиш,Kishmish,Майиз,2022-M08,2022,34809.0
055,Karam,Капуста,Cabbage,Карам,2022-M08,2022,2768.0
057,Bodring,Огурцы,Cucumbers,Бодринг,2022-M08,2022,4330.0
058,Pomidor,Помидоры,Tomatoes,Помидор,2022-M08,2022,4567.0
059,Baqlajon,Баклажаны,Eggplant,Бақлажон,2022-M08,2022,3547.0
0060,Bulg'or qalampiri,Перец болгарский,Bell pepper,Булғор қалампири,2022-M08,2022,6399.0
061,Qovoq,Тыква,Pumpkin,Қовоқ,2022-M08,2022,3594.0
063,Sabzi,Морковь,Carrot,Сабзи,2022-M08,2022,2594.0
065,Sarimsoq,Чеснок,Garlic,Саримсоқ,2022-M08,2022,14533.0
066,Piyoz,Лук репчатый,Onion,Пиёз,2022-M08,2022,3780.0
069,Kartoshka,Картофель,Potatoes,Картошка,2022-M08,2022,3489.0
0070,Loviya,Фасоль,Beans,Ловия,2022-M08,2022,11850.0
071,No'xot,Горох,Peas,Нўхот,2022-M08,2022,17997.0
0072,Mosh,Маш,Mash,Мош,2022-M08,2022,12506.0
073,Shakar,Сахар песок,Sugar,Шакар,2022-M08,2022,13937.0
002,Kruppa yormasi,Крупа манная,Semolina,Круппа ёрмаси,2022-M08,2022,4283.0
001,Guruch,Рис,Rice,Гуруч,2022-M09,2022,11155.0
003,Arpa,Ячмень,Barley,Арпа,2022-M09,2022,4238.0
0004,Bug'doy,Пшеница,Wheat,Буғдой,2022-M09,2022,4375.0
005,Jo'hori,Кукуруза,Corn,Жўҳори,2022-M09,2022,4600.0
006,Kepak,Отруби,Bran,Кепак,2022-M09,2022,3126.0
0008,Shrot,Шрот,Schroth,Шрот,2022-M09,2022,4225.0
009,Shulxa,Шелуха,Husk,Шулха,2022-M09,2022,3295.0
010,Kombikorm,Комбикорм,Compound feed,Комбикорм,2022-M09,2022,3498.0
011,Oliy navli bug'doy uni,Мука пшеничная высшего сорта,High-grade wheat flour,Олий навли буғдой уни,2022-M09,2022,7727.0
0012,1-navli bug'doy uni,Мука пшеничная первого сорта,First grade wheat flour,1-навли буғдой уни,2022-M09,2022,6081.0
013,1-nav bug'doy unidan non,Хлеб пшеничный из муки 1-го сорта,Wheat bread from 1st grade flour,1-нав буғдой унидан нон,2022-M09,2022,5265.0
017,Mol go'shti,Говядина,Beef,Мол гўшти,2022-M09,2022,68210.0
0020,Qo'y go'shti,Баранина,Mutton,Қўй гўшти,2022-M09,2022,74772.0
022,Tovuq go'shti,Мясо птицы,Poultry,Товуқ гўшти,2022-M09,2022,24502.0
026,Turli baliqlar,Рыба всякая,Fish of all kinds,Турли балиқлар,2022-M09,2022,25025.0
027,Yangi sog'ilgan sut (1 litr),Молоко свежее (1 литр),Fresh milk (1 liter),Янги соғилган сут (1 литр),2022-M09,2022,5431.0
034,Tuxum (10 dona),Яйца (10 штук),Eggs (10 pieces ),Тухум (10 дона),2022-M09,2022,9641.0
035,Paxta yog'i (1 litr),Масло хлопковое (1 литр),Cottonseed oil (1 liter),Пахта ёғи (1 литр),2022-M09,2022,18830.0
0036,Kungaboqar yog'i (1 litr),Масло подсолнечное (1 литр),Sunflower oil (1 liter),Кунгабоқар ёғи (1 литр),2022-M09,2022,20453.0
037,Sariyog',Масло сливочное,Butter,Сариёғ,2022-M09,2022,48158.0
039,Limon,Лимоны,Lemons,Лимон,2022-M09,2022,29275.0
0040,Olma,Яблоки,Apples,Олма,2022-M09,2022,7426.0
041,Nok,Груши,Pears,Нок,2022-M09,2022,14030.0
049,Uzum,Виноград,Grape,Узум,2022-M09,2022,6530.0
0050,Tarvuz,Арбуз,Watermelon,Тарвуз,2022-M09,2022,1872.0
0051,Qovun,Дыня,Melon,Қовун,2022-M09,2022,3163.0
053,Mayiz,Кишмиш,Kishmish,Майиз,2022-M09,2022,35211.0
055,Karam,Капуста,Cabbage,Карам,2022-M09,2022,2858.0
057,Bodring,Огурцы,Cucumbers,Бодринг,2022-M09,2022,4448.0
058,Pomidor,Помидоры,Tomatoes,Помидор,2022-M09,2022,5740.0
059,Baqlajon,Баклажаны,Eggplant,Бақлажон,2022-M09,2022,3525.0
0060,Bulg'or qalampiri,Перец болгарский,Bell pepper,Булғор қалампири,2022-M09,2022,6456.0
061,Qovoq,Тыква,Pumpkin,Қовоқ,2022-M09,2022,3292.0
063,Sabzi,Морковь,Carrot,Сабзи,2022-M09,2022,2731.0
065,Sarimsoq,Чеснок,Garlic,Саримсоқ,2022-M09,2022,14438.0
066,Piyoz,Лук репчатый,Onion,Пиёз,2022-M09,2022,3195.0
069,Kartoshka,Картофель,Potatoes,Картошка,2022-M09,2022,3679.0
0070,Loviya,Фасоль,Beans,Ловия,2022-M09,2022,11759.0
071,No'xot,Горох,Peas,Нўхот,2022-M09,2022,18074.0
0072,Mosh,Маш,Mash,Мош,2022-M09,2022,12575.0
073,Shakar,Сахар песок,Sugar,Шакар,2022-M09,2022,13857.0
002,Kruppa yormasi,Крупа манная,Semolina,Круппа ёрмаси,2022-M09,2022,4238.0
001,Guruch,Рис,Rice,Гуруч,2022-M10,2022,11412.0
003,Arpa,Ячмень,Barley,Арпа,2022-M10,2022,4248.0
0004,Bug'doy,Пшеница,Wheat,Буғдой,2022-M10,2022,4373.0
005,Jo'hori,Кукуруза,Corn,Жўҳори,2022-M10,2022,4526.0
006,Kepak,Отруби,Bran,Кепак,2022-M10,2022,3158.0
0008,Shrot,Шрот,Schroth,Шрот,2022-M10,2022,4250.0
009,Shulxa,Шелуха,Husk,Шулха,2022-M10,2022,3365.0
010,Kombikorm,Комбикорм,Compound feed,Комбикорм,2022-M10,2022,3519.0
011,Oliy navli bug'doy uni,Мука пшеничная высшего сорта,High-grade wheat flour,Олий навли буғдой уни,2022-M10,2022,8189.0
0012,1-navli bug'doy uni,Мука пшеничная первого сорта,First grade wheat flour,1-навли буғдой уни,2022-M10,2022,6536.0
013,1-nav bug'doy unidan non,Хлеб пшеничный из муки 1-го сорта,Wheat bread from 1st grade flour,1-нав буғдой унидан нон,2022-M10,2022,5409.0
017,Mol go'shti,Говядина,Beef,Мол гўшти,2022-M10,2022,69638.0
0020,Qo'y go'shti,Баранина,Mutton,Қўй гўшти,2022-M10,2022,76142.0
022,Tovuq go'shti,Мясо птицы,Poultry,Товуқ гўшти,2022-M10,2022,26454.0
026,Turli baliqlar,Рыба всякая,Fish of all kinds,Турли балиқлар,2022-M10,2022,24452.0
027,Yangi sog'ilgan sut (1 litr),Молоко свежее (1 литр),Fresh milk (1 liter),Янги соғилган сут (1 литр),2022-M10,2022,5533.0
034,Tuxum (10 dona),Яйца (10 штук),Eggs (10 pieces ),Тухум (10 дона),2022-M10,2022,10514.0
035,Paxta yog'i (1 litr),Масло хлопковое (1 литр),Cottonseed oil (1 liter),Пахта ёғи (1 литр),2022-M10,2022,18750.0
0036,Kungaboqar yog'i (1 litr),Масло подсолнечное (1 литр),Sunflower oil (1 liter),Кунгабоқар ёғи (1 литр),2022-M10,2022,20304.0
037,Sariyog',Масло сливочное,Butter,Сариёғ,2022-M10,2022,48777.0
039,Limon,Лимоны,Lemons,Лимон,2022-M10,2022,23929.0
0040,Olma,Яблоки,Apples,Олма,2022-M10,2022,7255.0
041,Nok,Груши,Pears,Нок,2022-M10,2022,13738.0
049,Uzum,Виноград,Grape,Узум,2022-M10,2022,6435.0
0050,Tarvuz,Арбуз,Watermelon,Тарвуз,2022-M10,2022,1868.0
0051,Qovun,Дыня,Melon,Қовун,2022-M10,2022,3198.0
053,Mayiz,Кишмиш,Kishmish,Майиз,2022-M10,2022,35431.0
055,Karam,Капуста,Cabbage,Карам,2022-M10,2022,2800.0
057,Bodring,Огурцы,Cucumbers,Бодринг,2022-M10,2022,6011.0
058,Pomidor,Помидоры,Tomatoes,Помидор,2022-M10,2022,6704.0
059,Baqlajon,Баклажаны,Eggplant,Бақлажон,2022-M10,2022,3835.0
0060,Bulg'or qalampiri,Перец болгарский,Bell pepper,Булғор қалампири,2022-M10,2022,7193.0
061,Qovoq,Тыква,Pumpkin,Қовоқ,2022-M10,2022,3261.0
063,Sabzi,Морковь,Carrot,Сабзи,2022-M10,2022,2864.0
065,Sarimsoq,Чеснок,Garlic,Саримсоқ,2022-M10,2022,14479.0
066,Piyoz,Лук репчатый,Onion,Пиёз,2022-M10,2022,3045.0
069,Kartoshka,Картофель,Potatoes,Картошка,2022-M10,2022,3859.0
0070,Loviya,Фасоль,Beans,Ловия,2022-M10,2022,11856.0
071,No'xot,Горох,Peas,Нўхот,2022-M10,2022,18049.0
0072,Mosh,Маш,Mash,Мош,2022-M10,2022,12601.0
073,Shakar,Сахар песок,Sugar,Шакар,2022-M10,2022,13705.0
002,Kruppa yormasi,Крупа манная,Semolina,Круппа ёрмаси,2022-M10,2022,4248.0
001,Guruch,Рис,Rice,Гуруч,2022-M11,2022,11744.0
003,Arpa,Ячмень,Barley,Арпа,2022-M11,2022,4287.0
0004,Bug'doy,Пшеница,Wheat,Буғдой,2022-M11,2022,4414.0
005,Jo'hori,Кукуруза,Corn,Жўҳори,2022-M11,2022,4447.0
006,Kepak,Отруби,Bran,Кепак,2022-M11,2022,3166.0
0008,Shrot,Шрот,Schroth,Шрот,2022-M11,2022,4405.0
009,Shulxa,Шелуха,Husk,Шулха,2022-M11,2022,3356.0
010,Kombikorm,Комбикорм,Compound feed,Комбикорм,2022-M11,2022,3510.0
011,Oliy navli bug'doy uni,Мука пшеничная высшего сорта,High-grade wheat flour,Олий навли буғдой уни,2022-M11,2022,8302.0
0012,1-navli bug'doy uni,Мука пшеничная первого сорта,First grade wheat flour,1-навли буғдой уни,2022-M11,2022,6598.0
013,1-nav bug'doy unidan non,Хлеб пшеничный из муки 1-го сорта,Wheat bread from 1st grade flour,1-нав буғдой унидан нон,2022-M11,2022,5413.0
017,Mol go'shti,Говядина,Beef,Мол гўшти,2022-M11,2022,70072.0
0020,Qo'y go'shti,Баранина,Mutton,Қўй гўшти,2022-M11,2022,76591.0
022,Tovuq go'shti,Мясо птицы,Poultry,Товуқ гўшти,2022-M11,2022,26514.0
026,Turli baliqlar,Рыба всякая,Fish of all kinds,Турли балиқлар,2022-M11,2022,24014.0
027,Yangi sog'ilgan sut (1 litr),Молоко свежее (1 литр),Fresh milk (1 liter),Янги соғилган сут (1 литр),2022-M11,2022,5735.0
034,Tuxum (10 dona),Яйца (10 штук),Eggs (10 pieces ),Тухум (10 дона),2022-M11,2022,11750.0
035,Paxta yog'i (1 litr),Масло хлопковое (1 литр),Cottonseed oil (1 liter),Пахта ёғи (1 литр),2022-M11,2022,18483.0
0036,Kungaboqar yog'i (1 litr),Масло подсолнечное (1 литр),Sunflower oil (1 liter),Кунгабоқар ёғи (1 литр),2022-M11,2022,19956.0
037,Sariyog',Масло сливочное,Butter,Сариёғ,2022-M11,2022,50973.0
039,Limon,Лимоны,Lemons,Лимон,2022-M11,2022,14780.0
0040,Olma,Яблоки,Apples,Олма,2022-M11,2022,7391.0
041,Nok,Груши,Pears,Нок,2022-M11,2022,13808.0
049,Uzum,Виноград,Grape,Узум,2022-M11,2022,7231.0
0050,Tarvuz,Арбуз,Watermelon,Тарвуз,2022-M11,2022,2370.0
0051,Qovun,Дыня,Melon,Қовун,2022-M11,2022,3476.0
053,Mayiz,Кишмиш,Kishmish,Майиз,2022-M11,2022,35224.0
055,Karam,Капуста,Cabbage,Карам,2022-M11,2022,2652.0
057,Bodring,Огурцы,Cucumbers,Бодринг,2022-M11,2022,12450.0
058,Pomidor,Помидоры,Tomatoes,Помидор,2022-M11,2022,10477.0
059,Baqlajon,Баклажаны,Eggplant,Бақлажон,2022-M11,2022,5735.0
0060,Bulg'or qalampiri,Перец болгарский,Bell pepper,Булғор қалампири,2022-M11,2022,9502.0
061,Qovoq,Тыква,Pumpkin,Қовоқ,2022-M11,2022,3263.0
063,Sabzi,Морковь,Carrot,Сабзи,2022-M11,2022,3069.0
065,Sarimsoq,Чеснок,Garlic,Саримсоқ,2022-M11,2022,13706.0
066,Piyoz,Лук репчатый,Onion,Пиёз,2022-M11,2022,3508.0
069,Kartoshka,Картофель,Potatoes,Картошка,2022-M11,2022,3890.0
0070,Loviya,Фасоль,Beans,Ловия,2022-M11,2022,11876.0
071,No'xot,Горох,Peas,Нўхот,2022-M11,2022,18138.0
0072,Mosh,Маш,Mash,Мош,2022-M11,2022,12639.0
073,Shakar,Сахар песок,Sugar,Шакар,2022-M11,2022,13320.0
002,Kruppa yormasi,Крупа манная,Semolina,Круппа ёрмаси,2022-M11,2022,4287.0
001,Guruch,Рис,Rice,Гуруч,2022-M12,2022,12182.0
003,Arpa,Ячмень,Barley,Арпа,2022-M12,2022,4236.0
0004,Bug'doy,Пшеница,Wheat,Буғдой,2022-M12,2022,4449.0
005,Jo'hori,Кукуруза,Corn,Жўҳори,2022-M12,2022,4451.0
006,Kepak,Отруби,Bran,Кепак,2022-M12,2022,3164.0
0008,Shrot,Шрот,Schroth,Шрот,2022-M12,2022,4425.0
009,Shulxa,Шелуха,Husk,Шулха,2022-M12,2022,3327.0
010,Kombikorm,Комбикорм,Compound feed,Комбикорм,2022-M12,2022,3541.0
011,Oliy navli bug'doy uni,Мука пшеничная высшего сорта,High-grade wheat flour,Олий навли буғдой уни,2022-M12,2022,8295.0
0012,1-navli bug'doy uni,Мука пшеничная первого сорта,First grade wheat flour,1-навли буғдой уни,2022-M12,2022,6599.0
013,1-nav bug'doy unidan non,Хлеб пшеничный из муки 1-го сорта,Wheat bread from 1st grade flour,1-нав буғдой унидан нон,2022-M12,2022,5423.0
017,Mol go'shti,Говядина,Beef,Мол гўшти,2022-M12,2022,69888.0
0020,Qo'y go'shti,Баранина,Mutton,Қўй гўшти,2022-M12,2022,76516.0
022,Tovuq go'shti,Мясо птицы,Poultry,Товуқ гўшти,2022-M12,2022,26548.0
026,Turli baliqlar,Рыба всякая,Fish of all kinds,Турли балиқлар,2022-M12,2022,23395.0
027,Yangi sog'ilgan sut (1 litr),Молоко свежее (1 литр),Fresh milk (1 liter),Янги соғилган сут (1 литр),2022-M12,2022,5845.0
034,Tuxum (10 dona),Яйца (10 штук),Eggs (10 pieces ),Тухум (10 дона),2022-M12,2022,12359.0
035,Paxta yog'i (1 litr),Масло хлопковое (1 литр),Cottonseed oil (1 liter),Пахта ёғи (1 литр),2022-M12,2022,18024.0
0036,Kungaboqar yog'i (1 litr),Масло подсолнечное (1 литр),Sunflower oil (1 liter),Кунгабоқар ёғи (1 литр),2022-M12,2022,19412.0
037,Sariyog',Масло сливочное,Butter,Сариёғ,2022-M12,2022,51959.0
039,Limon,Лимоны,Lemons,Лимон,2022-M12,2022,9761.0
0040,Olma,Яблоки,Apples,Олма,2022-M12,2022,7218.0
041,Nok,Груши,Pears,Нок,2022-M12,2022,14282.0
049,Uzum,Виноград,Grape,Узум,2022-M12,2022,8670.0
0050,Tarvuz,Арбуз,Watermelon,Тарвуз,2022-M12,2022,2966.0
0051,Qovun,Дыня,Melon,Қовун,2022-M12,2022,3960.0
053,Mayiz,Кишмиш,Kishmish,Майиз,2022-M12,2022,35771.0
055,Karam,Капуста,Cabbage,Карам,2022-M12,2022,2669.0
057,Bodring,Огурцы,Cucumbers,Бодринг,2022-M12,2022,17626.0
058,Pomidor,Помидоры,Tomatoes,Помидор,2022-M12,2022,12572.0
059,Baqlajon,Баклажаны,Eggplant,Бақлажон,2022-M12,2022,12060.0
0060,Bulg'or qalampiri,Перец болгарский,Bell pepper,Булғор қалампири,2022-M12,2022,12372.0
061,Qovoq,Тыква,Pumpkin,Қовоқ,2022-M12,2022,3309.0
063,Sabzi,Морковь,Carrot,Сабзи,2022-M12,2022,2858.0
065,Sarimsoq,Чеснок,Garlic,Саримсоқ,2022-M12,2022,13376.0
066,Piyoz,Лук репчатый,Onion,Пиёз,2022-M12,2022,4126.0
069,Kartoshka,Картофель,Potatoes,Картошка,2022-M12,2022,4023.0
0070,Loviya,Фасоль,Beans,Ловия,2022-M12,2022,11999.0
071,No'xot,Горох,Peas,Нўхот,2022-M12,2022,18007.0
0072,Mosh,Маш,Mash,Мош,2022-M12,2022,12467.0
073,Shakar,Сахар песок,Sugar,Шакар,2022-M12,2022,12703.0
002,Kruppa yormasi,Крупа манная,Semolina,Круппа ёрмаси,2022-M12,2022,4236.0
001,Guruch,Рис,Rice,Гуруч,2023-M01,2023,13915.0
003,Arpa,Ячмень,Barley,Арпа,2023-M01,2023,4275.0
0004,Bug'doy,Пшеница,Wheat,Буғдой,2023-M01,2023,4376.0
005,Jo'hori,Кукуруза,Corn,Жўҳори,2023-M01,2023,4417.0
006,Kepak,Отруби,Bran,Кепак,2023-M01,2023,3154.0
0008,Shrot,Шрот,Schroth,Шрот,2023-M01,2023,4558.0
009,Shulxa,Шелуха,Husk,Шулха,2023-M01,2023,3686.0
010,Kombikorm,Комбикорм,Compound feed,Комбикорм,2023-M01,2023,3572.0
011,Oliy navli bug'doy uni,Мука пшеничная высшего сорта,High-grade wheat flour,Олий навли буғдой уни,2023-M01,2023,8388.0
0012,1-navli bug'doy uni,Мука пшеничная первого сорта,First grade wheat flour,1-навли буғдой уни,2023-M01,2023,6672.0
013,1-nav bug'doy unidan non,Хлеб пшеничный из муки 1-го сорта,Wheat bread from 1st grade flour,1-нав буғдой унидан нон,2023-M01,2023,5641.0
017,Mol go'shti,Говядина,Beef,Мол гўшти,2023-M01,2023,71503.0
0020,Qo'y go'shti,Баранина,Mutton,Қўй гўшти,2023-M01,2023,79237.0
022,Tovuq go'shti,Мясо птицы,Poultry,Товуқ гўшти,2023-M01,2023,27403.0
026,Turli baliqlar,Рыба всякая,Fish of all kinds,Турли балиқлар,2023-M01,2023,24357.0
027,Yangi sog'ilgan sut (1 litr),Молоко свежее (1 литр),Fresh milk (1 liter),Янги соғилган сут (1 литр),2023-M01,2023,6180.0
034,Tuxum (10 dona),Яйца (10 штук),Eggs (10 pieces ),Тухум (10 дона),2023-M01,2023,12943.0
035,Paxta yog'i (1 litr),Масло хлопковое (1 литр),Cottonseed oil (1 liter),Пахта ёғи (1 литр),2023-M01,2023,17778.0
0036,Kungaboqar yog'i (1 litr),Масло подсолнечное (1 литр),Sunflower oil (1 liter),Кунгабоқар ёғи (1 литр),2023-M01,2023,19508.0
037,Sariyog',Масло сливочное,Butter,Сариёғ,2023-M01,2023,56248.0
039,Limon,Лимоны,Lemons,Лимон,2023-M01,2023,9973.0
0040,Olma,Яблоки,Apples,Олма,2023-M01,2023,8523.0
041,Nok,Груши,Pears,Нок,2023-M01,2023,16015.0
049,Uzum,Виноград,Grape,Узум,2023-M01,2023,12970.0
0050,Tarvuz,Арбуз,Watermelon,Тарвуз,2023-M01,2023,3676.0
0051,Qovun,Дыня,Melon,Қовун,2023-M01,2023,4467.0
053,Mayiz,Кишмиш,Kishmish,Майиз,2023-M01,2023,37529.0
055,Karam,Капуста,Cabbage,Карам,2023-M01,2023,2973.0
057,Bodring,Огурцы,Cucumbers,Бодринг,2023-M01,2023,23908.0
058,Pomidor,Помидоры,Tomatoes,Помидор,2023-M01,2023,17249.0
059,Baqlajon,Баклажаны,Eggplant,Бақлажон,2023-M01,2023,18744.0
0060,Bulg'or qalampiri,Перец болгарский,Bell pepper,Булғор қалампири,2023-M01,2023,20418.0
061,Qovoq,Тыква,Pumpkin,Қовоқ,2023-M01,2023,3520.0
063,Sabzi,Морковь,Carrot,Сабзи,2023-M01,2023,2803.0
065,Sarimsoq,Чеснок,Garlic,Саримсоқ,2023-M01,2023,15058.0
066,Piyoz,Лук репчатый,Onion,Пиёз,2023-M01,2023,5449.0
069,Kartoshka,Картофель,Potatoes,Картошка,2023-M01,2023,4417.0
0070,Loviya,Фасоль,Beans,Ловия,2023-M01,2023,12380.0
071,No'xot,Горох,Peas,Нўхот,2023-M01,2023,18739.0
0072,Mosh,Маш,Mash,Мош,2023-M01,2023,12544.0
073,Shakar,Сахар песок,Sugar,Шакар,2023-M01,2023,12413.0
002,Kruppa yormasi,Крупа манная,Semolina,Круппа ёрмаси,2023-M01,2023,4275.0
001,Guruch,Рис,Rice,Гуруч,2023-M02,2023,15088.0
003,Arpa,Ячмень,Barley,Арпа,2023-M02,2023,4362.0
0004,Bug'doy,Пшеница,Wheat,Буғдой,2023-M02,2023,4385.0
005,Jo'hori,Кукуруза,Corn,Жўҳори,2023-M02,2023,4427.0
006,Kepak,Отруби,Bran,Кепак,2023-M02,2023,3151.0
0008,Shrot,Шрот,Schroth,Шрот,2023-M02,2023,4775.0
009,Shulxa,Шелуха,Husk,Шулха,2023-M02,2023,3544.0
010,Kombikorm,Комбикорм,Compound feed,Комбикорм,2023-M02,2023,3520.0
011,Oliy navli bug'doy uni,Мука пшеничная высшего сорта,High-grade wheat flour,Олий навли буғдой уни,2023-M02,2023,8285.0
0012,1-navli bug'doy uni,Мука пшеничная первого сорта,First grade wheat flour,1-навли буғдой уни,2023-M02,2023,6580.0
013,1-nav bug'doy unidan non,Хлеб пшеничный из муки 1-го сорта,Wheat bread from 1st grade flour,1-нав буғдой унидан нон,2023-M02,2023,5642.0
017,Mol go'shti,Говядина,Beef,Мол гўшти,2023-M02,2023,71850.0
0020,Qo'y go'shti,Баранина,Mutton,Қўй гўшти,2023-M02,2023,80294.0
022,Tovuq go'shti,Мясо птицы,Poultry,Товуқ гўшти,2023-M02,2023,27254.0
026,Turli baliqlar,Рыба всякая,Fish of all kinds,Турли балиқлар,2023-M02,2023,24634.0
027,Yangi sog'ilgan sut (1 litr),Молоко свежее (1 литр),Fresh milk (1 liter),Янги соғилган сут (1 литр),2023-M02,2023,6304.0
034,Tuxum (10 dona),Яйца (10 штук),Eggs (10 pieces ),Тухум (10 дона),2023-M02,2023,12867.0
035,Paxta yog'i (1 litr),Масло хлопковое (1 литр),Cottonseed oil (1 liter),Пахта ёғи (1 литр),2023-M02,2023,17615.0
0036,Kungaboqar yog'i (1 litr),Масло подсолнечное (1 литр),Sunflower oil (1 liter),Кунгабоқар ёғи (1 литр),2023-M02,2023,19437.0
037,Sariyog',Масло сливочное,Butter,Сариёғ,2023-M02,2023,56749.0
039,Limon,Лимоны,Lemons,Лимон,2023-M02,2023,9561.0
0040,Olma,Яблоки,Apples,Олма,2023-M02,2023,8532.0
041,Nok,Груши,Pears,Нок,2023-M02,2023,16880.0
049,Uzum,Виноград,Grape,Узум,2023-M02,2023,16179.0
0050,Tarvuz,Арбуз,Watermelon,Тарвуз,2023-M02,2023,4199.0
0051,Qovun,Дыня,Melon,Қовун,2023-M02,2023,5199.0
053,Mayiz,Кишмиш,Kishmish,Майиз,2023-M02,2023,37739.0
055,Karam,Капуста,Cabbage,Карам,2023-M02,2023,3684.0
057,Bodring,Огурцы,Cucumbers,Бодринг,2023-M02,2023,25148.0
058,Pomidor,Помидоры,Tomatoes,Помидор,2023-M02,2023,20384.0
059,Baqlajon,Баклажаны,Eggplant,Бақлажон,2023-M02,2023,29620.0
0060,Bulg'or qalampiri,Перец болгарский,Bell pepper,Булғор қалампири,2023-M02,2023,29610.0
061,Qovoq,Тыква,Pumpkin,Қовоқ,2023-M02,2023,4010.0
063,Sabzi,Морковь,Carrot,Сабзи,2023-M02,2023,2963.0
065,Sarimsoq,Чеснок,Garlic,Саримсоқ,2023-M02,2023,16113.0
066,Piyoz,Лук репчатый,Onion,Пиёз,2023-M02,2023,7411.0
069,Kartoshka,Картофель,Potatoes,Картошка,2023-M02,2023,4784.0
0070,Loviya,Фасоль,Beans,Ловия,2023-M02,2023,12868.0
071,No'xot,Горох,Peas,Нўхот,2023-M02,2023,18882.0
0072,Mosh,Маш,Mash,Мош,2023-M02,2023,12823.0
073,Shakar,Сахар песок,Sugar,Шакар,2023-M02,2023,12531.0
002,Kruppa yormasi,Крупа манная,Semolina,Круппа ёрмаси,2023-M02,2023,4362.0
001,Guruch,Рис,Rice,Гуруч,2023-M03,2023,15630.0
003,Arpa,Ячмень,Barley,Арпа,2023-M03,2023,4372.0
0004,Bug'doy,Пшеница,Wheat,Буғдой,2023-M03,2023,4421.0
005,Jo'hori,Кукуруза,Corn,Жўҳори,2023-M03,2023,4466.0
006,Kepak,Отруби,Bran,Кепак,2023-M03,2023,3157.0
0008,Shrot,Шрот,Schroth,Шрот,2023-M03,2023,4752.0
009,Shulxa,Шелуха,Husk,Шулха,2023-M03,2023,3564.0
010,Kombikorm,Комбикорм,Compound feed,Комбикорм,2023-M03,2023,3531.0
011,Oliy navli bug'doy uni,Мука пшеничная высшего сорта,High-grade wheat flour,Олий навли буғдой уни,2023-M03,2023,8253.0
0012,1-navli bug'doy uni,Мука пшеничная первого сорта,First grade wheat flour,1-навли буғдой уни,2023-M03,2023,6527.0
013,1-nav bug'doy unidan non,Хлеб пшеничный из муки 1-го сорта,Wheat bread from 1st grade flour,1-нав буғдой унидан нон,2023-M03,2023,5644.0
017,Mol go'shti,Говядина,Beef,Мол гўшти,2023-M03,2023,71958.0
0020,Qo'y go'shti,Баранина,Mutton,Қўй гўшти,2023-M03,2023,80731.0
022,Tovuq go'shti,Мясо птицы,Poultry,Товуқ гўшти,2023-M03,2023,27579.0
026,Turli baliqlar,Рыба всякая,Fish of all kinds,Турли балиқлар,2023-M03,2023,24989.0
027,Yangi sog'ilgan sut (1 litr),Молоко свежее (1 литр),Fresh milk (1 liter),Янги соғилган сут (1 литр),2023-M03,2023,6393.0
034,Tuxum (10 dona),Яйца (10 штук),Eggs (10 pieces ),Тухум (10 дона),2023-M03,2023,12702.0
035,Paxta yog'i (1 litr),Масло хлопковое (1 литр),Cottonseed oil (1 liter),Пахта ёғи (1 литр),2023-M03,2023,17484.0
0036,Kungaboqar yog'i (1 litr),Масло подсолнечное (1 литр),Sunflower oil (1 liter),Кунгабоқар ёғи (1 литр),2023-M03,2023,19238.0
037,Sariyog',Масло сливочное,Butter,Сариёғ,2023-M03,2023,57282.0
039,Limon,Лимоны,Lemons,Лимон,2023-M03,2023,10157.0
0040,Olma,Яблоки,Apples,Олма,2023-M03,2023,8579.0
041,Nok,Груши,Pears,Нок,2023-M03,2023,17625.0
049,Uzum,Виноград,Grape,Узум,2023-M03,2023,18038.0
0050,Tarvuz,Арбуз,Watermelon,Тарвуз,2023-M03,2023,0.0
0051,Qovun,Дыня,Melon,Қовун,2023-M03,2023,5961.0
053,Mayiz,Кишмиш,Kishmish,Майиз,2023-M03,2023,37962.0
055,Karam,Капуста,Cabbage,Карам,2023-M03,2023,3896.0
057,Bodring,Огурцы,Cucumbers,Бодринг,2023-M03,2023,23637.0
058,Pomidor,Помидоры,Tomatoes,Помидор,2023-M03,2023,24915.0
059,Baqlajon,Баклажаны,Eggplant,Бақлажон,2023-M03,2023,36847.0
0060,Bulg'or qalampiri,Перец болгарский,Bell pepper,Булғор қалампири,2023-M03,2023,34713.0
061,Qovoq,Тыква,Pumpkin,Қовоқ,2023-M03,2023,4286.0
063,Sabzi,Морковь,Carrot,Сабзи,2023-M03,2023,2916.0
065,Sarimsoq,Чеснок,Garlic,Саримсоқ,2023-M03,2023,16763.0
066,Piyoz,Лук репчатый,Onion,Пиёз,2023-M03,2023,6797.0
069,Kartoshka,Картофель,Potatoes,Картошка,2023-M03,2023,4739.0
0070,Loviya,Фасоль,Beans,Ловия,2023-M03,2023,13632.0
071,No'xot,Горох,Peas,Нўхот,2023-M03,2023,19077.0
0072,Mosh,Маш,Mash,Мош,2023-M03,2023,13070.0
073,Shakar,Сахар песок,Sugar,Шакар,2023-M03,2023,13090.0
002,Kruppa yormasi,Крупа манная,Semolina,Круппа ёрмаси,2023-M03,2023,4372.0
001,Guruch,Рис,Rice,Гуруч,2023-M04,2023,16066.0
003,Arpa,Ячмень,Barley,Арпа,2023-M04,2023,4351.0
0004,Bug'doy,Пшеница,Wheat,Буғдой,2023-M04,2023,4389.0
005,Jo'hori,Кукуруза,Corn,Жўҳори,2023-M04,2023,4497.0
006,Kepak,Отруби,Bran,Кепак,2023-M04,2023,3168.0
0008,Shrot,Шрот,Schroth,Шрот,2023-M04,2023,4650.0
009,Shulxa,Шелуха,Husk,Шулха,2023-M04,2023,3632.0
010,Kombikorm,Комбикорм,Compound feed,Комбикорм,2023-M04,2023,3560.0
011,Oliy navli bug'doy uni,Мука пшеничная высшего сорта,High-grade wheat flour,Олий навли буғдой уни,2023-M04,2023,8078.0
0012,1-navli bug'doy uni,Мука пшеничная первого сорта,First grade wheat flour,1-навли буғдой уни,2023-M04,2023,6312.0
013,1-nav bug'doy unidan non,Хлеб пшеничный из муки 1-го сорта,Wheat bread from 1st grade flour,1-нав буғдой унидан нон,2023-M04,2023,5676.0
017,Mol go'shti,Говядина,Beef,Мол гўшти,2023-M04,2023,72188.0
0020,Qo'y go'shti,Баранина,Mutton,Қўй гўшти,2023-M04,2023,81426.0
022,Tovuq go'shti,Мясо птицы,Poultry,Товуқ гўшти,2023-M04,2023,27938.0
026,Turli baliqlar,Рыба всякая,Fish of all kinds,Турли балиқлар,2023-M04,2023,25740.0
027,Yangi sog'ilgan sut (1 litr),Молоко свежее (1 литр),Fresh milk (1 liter),Янги соғилган сут (1 литр),2023-M04,2023,6454.0
034,Tuxum (10 dona),Яйца (10 штук),Eggs (10 pieces ),Тухум (10 дона),2023-M04,2023,12582.0
035,Paxta yog'i (1 litr),Масло хлопковое (1 литр),Cottonseed oil (1 liter),Пахта ёғи (1 литр),2023-M04,2023,16983.0
0036,Kungaboqar yog'i (1 litr),Масло подсолнечное (1 литр),Sunflower oil (1 liter),Кунгабоқар ёғи (1 литр),2023-M04,2023,18484.0
037,Sariyog',Масло сливочное,Butter,Сариёғ,2023-M04,2023,57388.0
039,Limon,Лимоны,Lemons,Лимон,2023-M04,2023,11617.0
0040,Olma,Яблоки,Apples,Олма,2023-M04,2023,8908.0
041,Nok,Груши,Pears,Нок,2023-M04,2023,19153.0
049,Uzum,Виноград,Grape,Узум,2023-M04,2023,21665.0
0050,Tarvuz,Арбуз,Watermelon,Тарвуз,2023-M04,2023,27444.0
0051,Qovun,Дыня,Melon,Қовун,2023-M04,2023,10617.0
053,Mayiz,Кишмиш,Kishmish,Майиз,2023-M04,2023,37954.0
055,Karam,Капуста,Cabbage,Карам,2023-M04,2023,4329.0
057,Bodring,Огурцы,Cucumbers,Бодринг,2023-M04,2023,13466.0
058,Pomidor,Помидоры,Tomatoes,Помидор,2023-M04,2023,30862.0
059,Baqlajon,Баклажаны,Eggplant,Бақлажон,2023-M04,2023,36892.0
0060,Bulg'or qalampiri,Перец болгарский,Bell pepper,Булғор қалампири,2023-M04,2023,44261.0
061,Qovoq,Тыква,Pumpkin,Қовоқ,2023-M04,2023,4589.0
063,Sabzi,Морковь,Carrot,Сабзи,2023-M04,2023,3069.0
065,Sarimsoq,Чеснок,Garlic,Саримсоқ,2023-M04,2023,17674.0
066,Piyoz,Лук репчатый,Onion,Пиёз,2023-M04,2023,6202.0
069,Kartoshka,Картофель,Potatoes,Картошка,2023-M04,2023,4542.0
0070,Loviya,Фасоль,Beans,Ловия,2023-M04,2023,14335.0
071,No'xot,Горох,Peas,Нўхот,2023-M04,2023,19359.0
0072,Mosh,Маш,Mash,Мош,2023-M04,2023,13171.0
073,Shakar,Сахар песок,Sugar,Шакар,2023-M04,2023,14173.0
002,Kruppa yormasi,Крупа манная,Semolina,Круппа ёрмаси,2023-M04,2023,4351.0
001,Guruch,Рис,Rice,Гуруч,2023-M05,2023,16425.0
003,Arpa,Ячмень,Barley,Арпа,2023-M05,2023,4331.0
0004,Bug'doy,Пшеница,Wheat,Буғдой,2023-M05,2023,4351.0
005,Jo'hori,Кукуруза,Corn,Жўҳори,2023-M05,2023,4446.0
006,Kepak,Отруби,Bran,Кепак,2023-M05,2023,3222.0
0008,Shrot,Шрот,Schroth,Шрот,2023-M05,2023,4683.0
009,Shulxa,Шелуха,Husk,Шулха,2023-M05,2023,3616.0
010,Kombikorm,Комбикорм,Compound feed,Комбикорм,2023-M05,2023,3618.0
011,Oliy navli bug'doy uni,Мука пшеничная высшего сорта,High-grade wheat flour,Олий навли буғдой уни,2023-M05,2023,7966.0
0012,1-navli bug'doy uni,Мука пшеничная первого сорта,First grade wheat flour,1-навли буғдой уни,2023-M05,2023,6200.0
013,1-nav bug'doy unidan non,Хлеб пшеничный из муки 1-го сорта,Wheat bread from 1st grade flour,1-нав буғдой унидан нон,2023-M05,2023,5678.0
017,Mol go'shti,Говядина,Beef,Мол гўшти,2023-M05,2023,73052.0
0020,Qo'y go'shti,Баранина,Mutton,Қўй гўшти,2023-M05,2023,82133.0
022,Tovuq go'shti,Мясо птицы,Poultry,Товуқ гўшти,2023-M05,2023,27869.0
026,Turli baliqlar,Рыба всякая,Fish of all kinds,Турли балиқлар,2023-M05,2023,26252.0
027,Yangi sog'ilgan sut (1 litr),Молоко свежее (1 литр),Fresh milk (1 liter),Янги соғилган сут (1 литр),2023-M05,2023,6473.0
034,Tuxum (10 dona),Яйца (10 штук),Eggs (10 pieces ),Тухум (10 дона),2023-M05,2023,12440.0
035,Paxta yog'i (1 litr),Масло хлопковое (1 литр),Cottonseed oil (1 liter),Пахта ёғи (1 литр),2023-M05,2023,16668.0
0036,Kungaboqar yog'i (1 litr),Масло подсолнечное (1 литр),Sunflower oil (1 liter),Кунгабоқар ёғи (1 литр),2023-M05,2023,17952.0
037,Sariyog',Масло сливочное,Butter,Сариёғ,2023-M05,2023,57242.0
039,Limon,Лимоны,Lemons,Лимон,2023-M05,2023,16222.0
0040,Olma,Яблоки,Apples,Олма,2023-M05,2023,10170.0
041,Nok,Груши,Pears,Нок,2023-M05,2023,22464.0
049,Uzum,Виноград,Grape,Узум,2023-M05,2023,25106.0
0050,Tarvuz,Арбуз,Watermelon,Тарвуз,2023-M05,2023,14983.0
0051,Qovun,Дыня,Melon,Қовун,2023-M05,2023,10985.0
053,Mayiz,Кишмиш,Kishmish,Майиз,2023-M05,2023,38117.0
055,Karam,Капуста,Cabbage,Карам,2023-M05,2023,4536.0
057,Bodring,Огурцы,Cucumbers,Бодринг,2023-M05,2023,3997.0
058,Pomidor,Помидоры,Tomatoes,Помидор,2023-M05,2023,15134.0
059,Baqlajon,Баклажаны,Eggplant,Бақлажон,2023-M05,2023,20170.0
0060,Bulg'or qalampiri,Перец болгарский,Bell pepper,Булғор қалампири,2023-M05,2023,23752.0
061,Qovoq,Тыква,Pumpkin,Қовоқ,2023-M05,2023,5982.0
063,Sabzi,Морковь,Carrot,Сабзи,2023-M05,2023,3331.0
065,Sarimsoq,Чеснок,Garlic,Саримсоқ,2023-M05,2023,17272.0
066,Piyoz,Лук репчатый,Onion,Пиёз,2023-M05,2023,4800.0
069,Kartoshka,Картофель,Potatoes,Картошка,2023-M05,2023,4488.0
0070,Loviya,Фасоль,Beans,Ловия,2023-M05,2023,14152.0
071,No'xot,Горох,Peas,Нўхот,2023-M05,2023,19324.0
0072,Mosh,Маш,Mash,Мош,2023-M05,2023,13094.0
073,Shakar,Сахар песок,Sugar,Шакар,2023-M05,2023,14786.0
002,Kruppa yormasi,Крупа манная,Semolina,Круппа ёрмаси,2023-M05,2023,4331.0
001,Guruch,Рис,Rice,Гуруч,2023-M06,2023,17076.0
003,Arpa,Ячмень,Barley,Арпа,2023-M06,2023,4292.0
0004,Bug'doy,Пшеница,Wheat,Буғдой,2023-M06,2023,4306.0
005,Jo'hori,Кукуруза,Corn,Жўҳори,2023-M06,2023,4475.0
006,Kepak,Отруби,Bran,Кепак,2023-M06,2023,3270.0
0008,Shrot,Шрот,Schroth,Шрот,2023-M06,2023,4683.0
009,Shulxa,Шелуха,Husk,Шулха,2023-M06,2023,3631.0
010,Kombikorm,Комбикорм,Compound feed,Комбикорм,2023-M06,2023,3632.0
011,Oliy navli bug'doy uni,Мука пшеничная высшего сорта,High-grade wheat flour,Олий навли буғдой уни,2023-M06,2023,8036.0
0012,1-navli bug'doy uni,Мука пшеничная первого сорта,First grade wheat flour,1-навли буғдой уни,2023-M06,2023,6115.0
013,1-nav bug'doy unidan non,Хлеб пшеничный из муки 1-го сорта,Wheat bread from 1st grade flour,1-нав буғдой унидан нон,2023-M06,2023,5684.0
017,Mol go'shti,Говядина,Beef,Мол гўшти,2023-M06,2023,74369.0
0020,Qo'y go'shti,Баранина,Mutton,Қўй гўшти,2023-M06,2023,82879.0
022,Tovuq go'shti,Мясо птицы,Poultry,Товуқ гўшти,2023-M06,2023,27909.0
026,Turli baliqlar,Рыба всякая,Fish of all kinds,Турли балиқлар,2023-M06,2023,25884.0
027,Yangi sog'ilgan sut (1 litr),Молоко свежее (1 литр),Fresh milk (1 liter),Янги соғилган сут (1 литр),2023-M06,2023,6448.0
034,Tuxum (10 dona),Яйца (10 штук),Eggs (10 pieces ),Тухум (10 дона),2023-M06,2023,11951.0
035,Paxta yog'i (1 litr),Масло хлопковое (1 литр),Cottonseed oil (1 liter),Пахта ёғи (1 литр),2023-M06,2023,16351.0
0036,Kungaboqar yog'i (1 litr),Масло подсолнечное (1 литр),Sunflower oil (1 liter),Кунгабоқар ёғи (1 литр),2023-M06,2023,17624.0
037,Sariyog',Масло сливочное,Butter,Сариёғ,2023-M06,2023,57131.0
039,Limon,Лимоны,Lemons,Лимон,2023-M06,2023,22552.0
0040,Olma,Яблоки,Apples,Олма,2023-M06,2023,10308.0
041,Nok,Груши,Pears,Нок,2023-M06,2023,24349.0
049,Uzum,Виноград,Grape,Узум,2023-M06,2023,20264.0
0050,Tarvuz,Арбуз,Watermelon,Тарвуз,2023-M06,2023,2268.0
0051,Qovun,Дыня,Melon,Қовун,2023-M06,2023,5885.0
053,Mayiz,Кишмиш,Kishmish,Майиз,2023-M06,2023,38092.0
055,Karam,Капуста,Cabbage,Карам,2023-M06,2023,3389.0
057,Bodring,Огурцы,Cucumbers,Бодринг,2023-M06,2023,2250.0
058,Pomidor,Помидоры,Tomatoes,Помидор,2023-M06,2023,4784.0
059,Baqlajon,Баклажаны,Eggplant,Бақлажон,2023-M06,2023,9065.0
0060,Bulg'or qalampiri,Перец болгарский,Bell pepper,Булғор қалампири,2023-M06,2023,10273.0
061,Qovoq,Тыква,Pumpkin,Қовоқ,2023-M06,2023,7580.0
063,Sabzi,Морковь,Carrot,Сабзи,2023-M06,2023,3205.0
065,Sarimsoq,Чеснок,Garlic,Саримсоқ,2023-M06,2023,16191.0
066,Piyoz,Лук репчатый,Onion,Пиёз,2023-M06,2023,3518.0
069,Kartoshka,Картофель,Potatoes,Картошка,2023-M06,2023,3776.0
0070,Loviya,Фасоль,Beans,Ловия,2023-M06,2023,14383.0
071,No'xot,Горох,Peas,Нўхот,2023-M06,2023,19071.0
0072,Mosh,Маш,Mash,Мош,2023-M06,2023,13004.0
073,Shakar,Сахар песок,Sugar,Шакар,2023-M06,2023,14475.0
002,Kruppa yormasi,Крупа манная,Semolina,Круппа ёрмаси,2023-M06,2023,4292.0
001,Guruch,Рис,Rice,Гуруч,2023-M07,2023,17352.0
003,Arpa,Ячмень,Barley,Арпа,2023-M07,2023,4227.0
0004,Bug'doy,Пшеница,Wheat,Буғдой,2023-M07,2023,3994.0
005,Jo'hori,Кукуруза,Corn,Жўҳори,2023-M07,2023,4403.0
006,Kepak,Отруби,Bran,Кепак,2023-M07,2023,3335.0
0008,Shrot,Шрот,Schroth,Шрот,2023-M07,2023,4683.0
009,Shulxa,Шелуха,Husk,Шулха,2023-M07,2023,3631.0
010,Kombikorm,Комбикорм,Compound feed,Комбикорм,2023-M07,2023,3642.0
011,Oliy navli bug'doy uni,Мука пшеничная высшего сорта,High-grade wheat flour,Олий навли буғдой уни,2023-M07,2023,8062.0
0012,1-navli bug'doy uni,Мука пшеничная первого сорта,First grade wheat flour,1-навли буғдой уни,2023-M07,2023,6036.0
013,1-nav bug'doy unidan non,Хлеб пшеничный из муки 1-го сорта,Wheat bread from 1st grade flour,1-нав буғдой унидан нон,2023-M07,2023,5705.0
017,Mol go'shti,Говядина,Beef,Мол гўшти,2023-M07,2023,75225.0
0020,Qo'y go'shti,Баранина,Mutton,Қўй гўшти,2023-M07,2023,83404.0
022,Tovuq go'shti,Мясо птицы,Poultry,Товуқ гўшти,2023-M07,2023,28041.0
026,Turli baliqlar,Рыба всякая,Fish of all kinds,Турли балиқлар,2023-M07,2023,26006.0
027,Yangi sog'ilgan sut (1 litr),Молоко свежее (1 литр),Fresh milk (1 liter),Янги соғилган сут (1 литр),2023-M07,2023,6599.0
034,Tuxum (10 dona),Яйца (10 штук),Eggs (10 pieces ),Тухум (10 дона),2023-M07,2023,11160.0
035,Paxta yog'i (1 litr),Масло хлопковое (1 литр),Cottonseed oil (1 liter),Пахта ёғи (1 литр),2023-M07,2023,16062.0
0036,Kungaboqar yog'i (1 litr),Масло подсолнечное (1 литр),Sunflower oil (1 liter),Кунгабоқар ёғи (1 литр),2023-M07,2023,17149.0
037,Sariyog',Масло сливочное,Butter,Сариёғ,2023-M07,2023,57155.0
039,Limon,Лимоны,Lemons,Лимон,2023-M07,2023,27382.0
0040,Olma,Яблоки,Apples,Олма,2023-M07,2023,9857.0
041,Nok,Груши,Pears,Нок,2023-M07,2023,24058.0
049,Uzum,Виноград,Grape,Узум,2023-M07,2023,12351.0
0050,Tarvuz,Арбуз,Watermelon,Тарвуз,2023-M07,2023,2122.0
0051,Qovun,Дыня,Melon,Қовун,2023-M07,2023,4810.0
053,Mayiz,Кишмиш,Kishmish,Майиз,2023-M07,2023,37919.0
055,Karam,Капуста,Cabbage,Карам,2023-M07,2023,3225.0
057,Bodring,Огурцы,Cucumbers,Бодринг,2023-M07,2023,4793.0
058,Pomidor,Помидоры,Tomatoes,Помидор,2023-M07,2023,3180.0
059,Baqlajon,Баклажаны,Eggplant,Бақлажон,2023-M07,2023,5744.0
0060,Bulg'or qalampiri,Перец болгарский,Bell pepper,Булғор қалампири,2023-M07,2023,6533.0
061,Qovoq,Тыква,Pumpkin,Қовоқ,2023-M07,2023,5682.0
063,Sabzi,Морковь,Carrot,Сабзи,2023-M07,2023,3223.0
065,Sarimsoq,Чеснок,Garlic,Саримсоқ,2023-M07,2023,16339.0
066,Piyoz,Лук репчатый,Onion,Пиёз,2023-M07,2023,3464.0
069,Kartoshka,Картофель,Potatoes,Картошка,2023-M07,2023,3656.0
0070,Loviya,Фасоль,Beans,Ловия,2023-M07,2023,14604.0
071,No'xot,Горох,Peas,Нўхот,2023-M07,2023,19111.0
0072,Mosh,Маш,Mash,Мош,2023-M07,2023,12860.0
073,Shakar,Сахар песок,Sugar,Шакар,2023-M07,2023,13750.0
002,Kruppa yormasi,Крупа манная,Semolina,Круппа ёрмаси,2023-M07,2023,4227.0
001,Guruch,Рис,Rice,Гуруч,2023-M08,2023,17851.0
003,Arpa,Ячмень,Barley,Арпа,2023-M08,2023,4296.0
0004,Bug'doy,Пшеница,Wheat,Буғдой,2023-M08,2023,3789.0
005,Jo'hori,Кукуруза,Corn,Жўҳори,2023-M08,2023,4338.0
006,Kepak,Отруби,Bran,Кепак,2023-M08,2023,3353.0
0008,Shrot,Шрот,Schroth,Шрот,2023-M08,2023,4683.0
009,Shulxa,Шелуха,Husk,Шулха,2023-M08,2023,3653.0
010,Kombikorm,Комбикорм,Compound feed,Комбикорм,2023-M08,2023,3674.0
011,Oliy navli bug'doy uni,Мука пшеничная высшего сорта,High-grade wheat flour,Олий навли буғдой уни,2023-M08,2023,7984.0
0012,1-navli bug'doy uni,Мука пшеничная первого сорта,First grade wheat flour,1-навли буғдой уни,2023-M08,2023,5981.0
013,1-nav bug'doy unidan non,Хлеб пшеничный из муки 1-го сорта,Wheat bread from 1st grade flour,1-нав буғдой унидан нон,2023-M08,2023,5722.0
017,Mol go'shti,Говядина,Beef,Мол гўшти,2023-M08,2023,76984.0
0020,Qo'y go'shti,Баранина,Mutton,Қўй гўшти,2023-M08,2023,84510.0
022,Tovuq go'shti,Мясо птицы,Poultry,Товуқ гўшти,2023-M08,2023,28368.0
026,Turli baliqlar,Рыба всякая,Fish of all kinds,Турли балиқлар,2023-M08,2023,26106.0
027,Yangi sog'ilgan sut (1 litr),Молоко свежее (1 литр),Fresh milk (1 liter),Янги соғилган сут (1 литр),2023-M08,2023,6756.0
034,Tuxum (10 dona),Яйца (10 штук),Eggs (10 pieces ),Тухум (10 дона),2023-M08,2023,11282.0
035,Paxta yog'i (1 litr),Масло хлопковое (1 литр),Cottonseed oil (1 liter),Пахта ёғи (1 литр),2023-M08,2023,15812.0
0036,Kungaboqar yog'i (1 litr),Масло подсолнечное (1 литр),Sunflower oil (1 liter),Кунгабоқар ёғи (1 литр),2023-M08,2023,16949.0
037,Sariyog',Масло сливочное,Butter,Сариёғ,2023-M08,2023,57301.0
039,Limon,Лимоны,Lemons,Лимон,2023-M08,2023,30678.0
0040,Olma,Яблоки,Apples,Олма,2023-M08,2023,9438.0
041,Nok,Груши,Pears,Нок,2023-M08,2023,21903.0
049,Uzum,Виноград,Grape,Узум,2023-M08,2023,10977.0
0050,Tarvuz,Арбуз,Watermelon,Тарвуз,2023-M08,2023,2072.0
0051,Qovun,Дыня,Melon,Қовун,2023-M08,2023,3809.0
053,Mayiz,Кишмиш,Kishmish,Майиз,2023-M08,2023,37793.0
055,Karam,Капуста,Cabbage,Карам,2023-M08,2023,4708.0
057,Bodring,Огурцы,Cucumbers,Бодринг,2023-M08,2023,6790.0
058,Pomidor,Помидоры,Tomatoes,Помидор,2023-M08,2023,3116.0
059,Baqlajon,Баклажаны,Eggplant,Бақлажон,2023-M08,2023,4372.0
0060,Bulg'or qalampiri,Перец болгарский,Bell pepper,Булғор қалампири,2023-M08,2023,5611.0
061,Qovoq,Тыква,Pumpkin,Қовоқ,2023-M08,2023,4486.0
063,Sabzi,Морковь,Carrot,Сабзи,2023-M08,2023,3797.0
065,Sarimsoq,Чеснок,Garlic,Саримсоқ,2023-M08,2023,16130.0
066,Piyoz,Лук репчатый,Onion,Пиёз,2023-M08,2023,3097.0
069,Kartoshka,Картофель,Potatoes,Картошка,2023-M08,2023,3762.0
0070,Loviya,Фасоль,Beans,Ловия,2023-M08,2023,14560.0
071,No'xot,Горох,Peas,Нўхот,2023-M08,2023,19062.0
0072,Mosh,Маш,Mash,Мош,2023-M08,2023,12809.0
073,Shakar,Сахар песок,Sugar,Шакар,2023-M08,2023,13600.0
002,Kruppa yormasi,Крупа манная,Semolina,Круппа ёрмаси,2023-M08,2023,4296.0
001,Guruch,Рис,Rice,Гуруч,2023-M09,2023,18279.0
003,Arpa,Ячмень,Barley,Арпа,2023-M09,2023,4227.0
0004,Bug'doy,Пшеница,Wheat,Буғдой,2023-M09,2023,3636.0
005,Jo'hori,Кукуруза,Corn,Жўҳори,2023-M09,2023,4219.0
006,Kepak,Отруби,Bran,Кепак,2023-M09,2023,3360.0
0008,Shrot,Шрот,Schroth,Шрот,2023-M09,2023,4685.0
009,Shulxa,Шелуха,Husk,Шулха,2023-M09,2023,3653.0
010,Kombikorm,Комбикорм,Compound feed,Комбикорм,2023-M09,2023,3700.0
011,Oliy navli bug'doy uni,Мука пшеничная высшего сорта,High-grade wheat flour,Олий навли буғдой уни,2023-M09,2023,8404.0
0012,1-navli bug'doy uni,Мука пшеничная первого сорта,First grade wheat flour,1-навли буғдой уни,2023-M09,2023,6473.0
013,1-nav bug'doy unidan non,Хлеб пшеничный из муки 1-го сорта,Wheat bread from 1st grade flour,1-нав буғдой унидан нон,2023-M09,2023,5955.0
017,Mol go'shti,Говядина,Beef,Мол гўшти,2023-M09,2023,78648.0
0020,Qo'y go'shti,Баранина,Mutton,Қўй гўшти,2023-M09,2023,86098.0
022,Tovuq go'shti,Мясо птицы,Poultry,Товуқ гўшти,2023-M09,2023,29057.0
026,Turli baliqlar,Рыба всякая,Fish of all kinds,Турли балиқлар,2023-M09,2023,26726.0
027,Yangi sog'ilgan sut (1 litr),Молоко свежее (1 литр),Fresh milk (1 liter),Янги соғилган сут (1 литр),2023-M09,2023,6770.0
034,Tuxum (10 dona),Яйца (10 штук),Eggs (10 pieces ),Тухум (10 дона),2023-M09,2023,13191.0
035,Paxta yog'i (1 litr),Масло хлопковое (1 литр),Cottonseed oil (1 liter),Пахта ёғи (1 литр),2023-M09,2023,15684.0
0036,Kungaboqar yog'i (1 litr),Масло подсолнечное (1 литр),Sunflower oil (1 liter),Кунгабоқар ёғи (1 литр),2023-M09,2023,16900.0
037,Sariyog',Масло сливочное,Butter,Сариёғ,2023-M09,2023,58039.0
039,Limon,Лимоны,Lemons,Лимон,2023-M09,2023,33908.0
0040,Olma,Яблоки,Apples,Олма,2023-M09,2023,8775.0
041,Nok,Груши,Pears,Нок,2023-M09,2023,20755.0
049,Uzum,Виноград,Grape,Узум,2023-M09,2023,13183.0
0050,Tarvuz,Арбуз,Watermelon,Тарвуз,2023-M09,2023,2298.0
0051,Qovun,Дыня,Melon,Қовун,2023-M09,2023,3652.0
053,Mayiz,Кишмиш,Kishmish,Майиз,2023-M09,2023,38227.0
055,Karam,Капуста,Cabbage,Карам,2023-M09,2023,5087.0
057,Bodring,Огурцы,Cucumbers,Бодринг,2023-M09,2023,5558.0
058,Pomidor,Помидоры,Tomatoes,Помидор,2023-M09,2023,3483.0
059,Baqlajon,Баклажаны,Eggplant,Бақлажон,2023-M09,2023,4288.0
0060,Bulg'or qalampiri,Перец болгарский,Bell pepper,Булғор қалампири,2023-M09,2023,5419.0
061,Qovoq,Тыква,Pumpkin,Қовоқ,2023-M09,2023,4066.0
063,Sabzi,Морковь,Carrot,Сабзи,2023-M09,2023,4147.0
065,Sarimsoq,Чеснок,Garlic,Саримсоқ,2023-M09,2023,16751.0
066,Piyoz,Лук репчатый,Onion,Пиёз,2023-M09,2023,2975.0
069,Kartoshka,Картофель,Potatoes,Картошка,2023-M09,2023,3984.0
0070,Loviya,Фасоль,Beans,Ловия,2023-M09,2023,14766.0
071,No'xot,Горох,Peas,Нўхот,2023-M09,2023,19055.0
0072,Mosh,Маш,Mash,Мош,2023-M09,2023,12879.0
073,Shakar,Сахар песок,Sugar,Шакар,2023-M09,2023,13578.0
002,Kruppa yormasi,Крупа манная,Semolina,Круппа ёрмаси,2023-M09,2023,4227.0
001,Guruch,Рис,Rice,Гуруч,2023-M10,2023,18550.0
003,Arpa,Ячмень,Barley,Арпа,2023-M10,2023,4200.0
0004,Bug'doy,Пшеница,Wheat,Буғдой,2023-M10,2023,3649.0
005,Jo'hori,Кукуруза,Corn,Жўҳори,2023-M10,2023,4118.0
006,Kepak,Отруби,Bran,Кепак,2023-M10,2023,3348.0
0008,Shrot,Шрот,Schroth,Шрот,2023-M10,2023,4689.0
009,Shulxa,Шелуха,Husk,Шулха,2023-M10,2023,3654.0
010,Kombikorm,Комбикорм,Compound feed,Комбикорм,2023-M10,2023,3702.0
011,Oliy navli bug'doy uni,Мука пшеничная высшего сорта,High-grade wheat flour,Олий навли буғдой уни,2023-M10,2023,8865.0
0012,1-navli bug'doy uni,Мука пшеничная первого сорта,First grade wheat flour,1-навли буғдой уни,2023-M10,2023,6844.0
013,1-nav bug'doy unidan non,Хлеб пшеничный из муки 1-го сорта,Wheat bread from 1st grade flour,1-нав буғдой унидан нон,2023-M10,2023,6218.0
017,Mol go'shti,Говядина,Beef,Мол гўшти,2023-M10,2023,79060.0
0020,Qo'y go'shti,Баранина,Mutton,Қўй гўшти,2023-M10,2023,87174.0
022,Tovuq go'shti,Мясо птицы,Poultry,Товуқ гўшти,2023-M10,2023,29731.0
026,Turli baliqlar,Рыба всякая,Fish of all kinds,Турли балиқлар,2023-M10,2023,27252.0
027,Yangi sog'ilgan sut (1 litr),Молоко свежее (1 литр),Fresh milk (1 liter),Янги соғилган сут (1 литр),2023-M10,2023,6764.0
034,Tuxum (10 dona),Яйца (10 штук),Eggs (10 pieces ),Тухум (10 дона),2023-M10,2023,14144.0
035,Paxta yog'i (1 litr),Масло хлопковое (1 литр),Cottonseed oil (1 liter),Пахта ёғи (1 литр),2023-M10,2023,15611.0
0036,Kungaboqar yog'i (1 litr),Масло подсолнечное (1 литр),Sunflower oil (1 liter),Кунгабоқар ёғи (1 литр),2023-M10,2023,16816.0
037,Sariyog',Масло сливочное,Butter,Сариёғ,2023-M10,2023,58933.0
039,Limon,Лимоны,Lemons,Лимон,2023-M10,2023,34559.0
0040,Olma,Яблоки,Apples,Олма,2023-M10,2023,8893.0
041,Nok,Груши,Pears,Нок,2023-M10,2023,20370.0
049,Uzum,Виноград,Grape,Узум,2023-M10,2023,19262.0
0050,Tarvuz,Арбуз,Watermelon,Тарвуз,2023-M10,2023,2769.0
0051,Qovun,Дыня,Melon,Қовун,2023-M10,2023,4071.0
053,Mayiz,Кишмиш,Kishmish,Майиз,2023-M10,2023,39060.0
055,Karam,Капуста,Cabbage,Карам,2023-M10,2023,4438.0
057,Bodring,Огурцы,Cucumbers,Бодринг,2023-M10,2023,7688.0
058,Pomidor,Помидоры,Tomatoes,Помидор,2023-M10,2023,6656.0
059,Baqlajon,Баклажаны,Eggplant,Бақлажон,2023-M10,2023,4716.0
0060,Bulg'or qalampiri,Перец болгарский,Bell pepper,Булғор қалампири,2023-M10,2023,5638.0
061,Qovoq,Тыква,Pumpkin,Қовоқ,2023-M10,2023,3981.0
063,Sabzi,Морковь,Carrot,Сабзи,2023-M10,2023,3625.0
065,Sarimsoq,Чеснок,Garlic,Саримсоқ,2023-M10,2023,18517.0
066,Piyoz,Лук репчатый,Onion,Пиёз,2023-M10,2023,2947.0
069,Kartoshka,Картофель,Potatoes,Картошка,2023-M10,2023,4003.0
0070,Loviya,Фасоль,Beans,Ловия,2023-M10,2023,14986.0
071,No'xot,Горох,Peas,Нўхот,2023-M10,2023,19036.0
0072,Mosh,Маш,Mash,Мош,2023-M10,2023,13167.0
073,Shakar,Сахар песок,Sugar,Шакар,2023-M10,2023,13691.0
002,Kruppa yormasi,Крупа манная,Semolina,Круппа ёрмаси,2023-M10,2023,4200.0
001,Guruch,Рис,Rice,Гуруч,2023-M11,2023,18518.0
003,Arpa,Ячмень,Barley,Арпа,2023-M11,2023,4130.0
0004,Bug'doy,Пшеница,Wheat,Буғдой,2023-M11,2023,3584.0
005,Jo'hori,Кукуруза,Corn,Жўҳори,2023-M11,2023,4020.0
006,Kepak,Отруби,Bran,Кепак,2023-M11,2023,3253.0
0008,Shrot,Шрот,Schroth,Шрот,2023-M11,2023,4434.0
009,Shulxa,Шелуха,Husk,Шулха,2023-M11,2023,3661.0
010,Kombikorm,Комбикорм,Compound feed,Комбикорм,2023-M11,2023,3701.0
011,Oliy navli bug'doy uni,Мука пшеничная высшего сорта,High-grade wheat flour,Олий навли буғдой уни,2023-M11,2023,8845.0
0012,1-navli bug'doy uni,Мука пшеничная первого сорта,First grade wheat flour,1-навли буғдой уни,2023-M11,2023,6732.0
013,1-nav bug'doy unidan non,Хлеб пшеничный из муки 1-го сорта,Wheat bread from 1st grade flour,1-нав буғдой унидан нон,2023-M11,2023,6248.0
017,Mol go'shti,Говядина,Beef,Мол гўшти,2023-M11,2023,78948.0
0020,Qo'y go'shti,Баранина,Mutton,Қўй гўшти,2023-M11,2023,86922.0
022,Tovuq go'shti,Мясо птицы,Poultry,Товуқ гўшти,2023-M11,2023,29954.0
026,Turli baliqlar,Рыба всякая,Fish of all kinds,Турли балиқлар,2023-M11,2023,27933.0
027,Yangi sog'ilgan sut (1 litr),Молоко свежее (1 литр),Fresh milk (1 liter),Янги соғилган сут (1 литр),2023-M11,2023,6906.0
034,Tuxum (10 dona),Яйца (10 штук),Eggs (10 pieces ),Тухум (10 дона),2023-M11,2023,14206.0
035,Paxta yog'i (1 litr),Масло хлопковое (1 литр),Cottonseed oil (1 liter),Пахта ёғи (1 литр),2023-M11,2023,15377.0
0036,Kungaboqar yog'i (1 litr),Масло подсолнечное (1 литр),Sunflower oil (1 liter),Кунгабоқар ёғи (1 литр),2023-M11,2023,16629.0
037,Sariyog',Масло сливочное,Butter,Сариёғ,2023-M11,2023,59270.0
039,Limon,Лимоны,Lemons,Лимон,2023-M11,2023,31501.0
0040,Olma,Яблоки,Apples,Олма,2023-M11,2023,9297.0
041,Nok,Груши,Pears,Нок,2023-M11,2023,21037.0
049,Uzum,Виноград,Grape,Узум,2023-M11,2023,28084.0
0050,Tarvuz,Арбуз,Watermelon,Тарвуз,2023-M11,2023,3864.0
0051,Qovun,Дыня,Melon,Қовун,2023-M11,2023,4962.0
053,Mayiz,Кишмиш,Kishmish,Майиз,2023-M11,2023,39235.0
055,Karam,Капуста,Cabbage,Карам,2023-M11,2023,3662.0
057,Bodring,Огурцы,Cucumbers,Бодринг,2023-M11,2023,16599.0
058,Pomidor,Помидоры,Tomatoes,Помидор,2023-M11,2023,13319.0
059,Baqlajon,Баклажаны,Eggplant,Бақлажон,2023-M11,2023,5391.0
0060,Bulg'or qalampiri,Перец болгарский,Bell pepper,Булғор қалампири,2023-M11,2023,7197.0
061,Qovoq,Тыква,Pumpkin,Қовоқ,2023-M11,2023,3826.0
063,Sabzi,Морковь,Carrot,Сабзи,2023-M11,2023,2645.0
065,Sarimsoq,Чеснок,Garlic,Саримсоқ,2023-M11,2023,20821.0
066,Piyoz,Лук репчатый,Onion,Пиёз,2023-M11,2023,2700.0
069,Kartoshka,Картофель,Potatoes,Картошка,2023-M11,2023,3797.0
0070,Loviya,Фасоль,Beans,Ловия,2023-M11,2023,14911.0
071,No'xot,Горох,Peas,Нўхот,2023-M11,2023,18939.0
0072,Mosh,Маш,Mash,Мош,2023-M11,2023,13008.0
073,Shakar,Сахар песок,Sugar,Шакар,2023-M11,2023,13864.0
002,Kruppa yormasi,Крупа манная,Semolina,Круппа ёрмаси,2023-M11,2023,4130.0
001,Guruch,Рис,Rice,Гуруч,2023-M12,2023,18651.0
003,Arpa,Ячмень,Barley,Арпа,2023-M12,2023,4059.0
0004,Bug'doy,Пшеница,Wheat,Буғдой,2023-M12,2023,3513.0
005,Jo'hori,Кукуруза,Corn,Жўҳори,2023-M12,2023,3925.0
006,Kepak,Отруби,Bran,Кепак,2023-M12,2023,3156.0
0008,Shrot,Шрот,Schroth,Шрот,2023-M12,2023,4218.0
009,Shulxa,Шелуха,Husk,Шулха,2023-M12,2023,3616.0
010,Kombikorm,Комбикорм,Compound feed,Комбикорм,2023-M12,2023,3667.0
011,Oliy navli bug'doy uni,Мука пшеничная высшего сорта,High-grade wheat flour,Олий навли буғдой уни,2023-M12,2023,8812.0
0012,1-navli bug'doy uni,Мука пшеничная первого сорта,First grade wheat flour,1-навли буғдой уни,2023-M12,2023,6701.0
013,1-nav bug'doy unidan non,Хлеб пшеничный из муки 1-го сорта,Wheat bread from 1st grade flour,1-нав буғдой унидан нон,2023-M12,2023,6279.0
017,Mol go'shti,Говядина,Beef,Мол гўшти,2023-M12,2023,79245.0
0020,Qo'y go'shti,Баранина,Mutton,Қўй гўшти,2023-M12,2023,87471.0
022,Tovuq go'shti,Мясо птицы,Poultry,Товуқ гўшти,2023-M12,2023,30104.0
026,Turli baliqlar,Рыба всякая,Fish of all kinds,Турли балиқлар,2023-M12,2023,28922.0
027,Yangi sog'ilgan sut (1 litr),Молоко свежее (1 литр),Fresh milk (1 liter),Янги соғилган сут (1 литр),2023-M12,2023,6949.0
034,Tuxum (10 dona),Яйца (10 штук),Eggs (10 pieces ),Тухум (10 дона),2023-M12,2023,14075.0
035,Paxta yog'i (1 litr),Масло хлопковое (1 литр),Cottonseed oil (1 liter),Пахта ёғи (1 литр),2023-M12,2023,15092.0
0036,Kungaboqar yog'i (1 litr),Масло подсолнечное (1 литр),Sunflower oil (1 liter),Кунгабоқар ёғи (1 литр),2023-M12,2023,16393.0
037,Sariyog',Масло сливочное,Butter,Сариёғ,2023-M12,2023,59219.0
039,Limon,Лимоны,Lemons,Лимон,2023-M12,2023,26657.0
0040,Olma,Яблоки,Apples,Олма,2023-M12,2023,10002.0
041,Nok,Груши,Pears,Нок,2023-M12,2023,22299.0
049,Uzum,Виноград,Grape,Узум,2023-M12,2023,34463.0
0050,Tarvuz,Арбуз,Watermelon,Тарвуз,2023-M12,2023,6210.0
0051,Qovun,Дыня,Melon,Қовун,2023-M12,2023,7378.0
053,Mayiz,Кишмиш,Kishmish,Майиз,2023-M12,2023,39575.0
055,Karam,Капуста,Cabbage,Карам,2023-M12,2023,3150.0
057,Bodring,Огурцы,Cucumbers,Бодринг,2023-M12,2023,25565.0
058,Pomidor,Помидоры,Tomatoes,Помидор,2023-M12,2023,22994.0
059,Baqlajon,Баклажаны,Eggplant,Бақлажон,2023-M12,2023,10597.0
0060,Bulg'or qalampiri,Перец болгарский,Bell pepper,Булғор қалампири,2023-M12,2023,12437.0
061,Qovoq,Тыква,Pumpkin,Қовоқ,2023-M12,2023,3762.0
063,Sabzi,Морковь,Carrot,Сабзи,2023-M12,2023,2297.0
065,Sarimsoq,Чеснок,Garlic,Саримсоқ,2023-M12,2023,23585.0
066,Piyoz,Лук репчатый,Onion,Пиёз,2023-M12,2023,2559.0
069,Kartoshka,Картофель,Potatoes,Картошка,2023-M12,2023,3744.0
0070,Loviya,Фасоль,Beans,Ловия,2023-M12,2023,15004.0
071,No'xot,Горох,Peas,Нўхот,2023-M12,2023,18868.0
0072,Mosh,Маш,Mash,Мош,2023-M12,2023,12893.0
073,Shakar,Сахар песок,Sugar,Шакар,2023-M12,2023,13791.0
002,Kruppa yormasi,Крупа манная,Semolina,Круппа ёрмаси,2023-M12,2023,4059.0
001,Guruch,Рис,Rice,Гуруч,2024-M01,2024,18631.0
003,Arpa,Ячмень,Barley,Арпа,2024-M01,2024,4040.0
0004,Bug'doy,Пшеница,Wheat,Буғдой,2024-M01,2024,3495.0
005,Jo'hori,Кукуруза,Corn,Жўҳори,2024-M01,2024,3906.0
006,Kepak,Отруби,Bran,Кепак,2024-M01,2024,3123.0
0008,Shrot,Шрот,Schroth,Шрот,2024-M01,2024,4177.0
009,Shulxa,Шелуха,Husk,Шулха,2024-M01,2024,3570.0
010,Kombikorm,Комбикорм,Compound feed,Комбикорм,2024-M01,2024,3632.0
011,Oliy navli bug'doy uni,Мука пшеничная высшего сорта,High-grade wheat flour,Олий навли буғдой уни,2024-M01,2024,8347.0
0012,1-navli bug'doy uni,Мука пшеничная первого сорта,First grade wheat flour,1-навли буғдой уни,2024-M01,2024,6046.0
013,1-nav bug'doy unidan non,Хлеб пшеничный из муки 1-го сорта,Wheat bread from 1st grade flour,1-нав буғдой унидан нон,2024-M01,2024,6194.0
017,Mol go'shti,Говядина,Beef,Мол гўшти,2024-M01,2024,79380.0
0020,Qo'y go'shti,Баранина,Mutton,Қўй гўшти,2024-M01,2024,87667.0
022,Tovuq go'shti,Мясо птицы,Poultry,Товуқ гўшти,2024-M01,2024,30294.0
026,Turli baliqlar,Рыба всякая,Fish of all kinds,Турли балиқлар,2024-M01,2024,28136.0
027,Yangi sog'ilgan sut (1 litr),Молоко свежее (1 литр),Fresh milk (1 liter),Янги соғилган сут (1 литр),2024-M01,2024,6661.0
034,Tuxum (10 dona),Яйца (10 штук),Eggs (10 pieces ),Тухум (10 дона),2024-M01,2024,14391.0
035,Paxta yog'i (1 litr),Масло хлопковое (1 литр),Cottonseed oil (1 liter),Пахта ёғи (1 литр),2024-M01,2024,14256.0
0036,Kungaboqar yog'i (1 litr),Масло подсолнечное (1 литр),Sunflower oil (1 liter),Кунгабоқар ёғи (1 литр),2024-M01,2024,15988.0
037,Sariyog',Масло сливочное,Butter,Сариёғ,2024-M01,2024,60874.0
039,Limon,Лимоны,Lemons,Лимон,2024-M01,2024,25716.0
0040,Olma,Яблоки,Apples,Олма,2024-M01,2024,10724.0
041,Nok,Груши,Pears,Нок,2024-M01,2024,23412.0
049,Uzum,Виноград,Grape,Узум,2024-M01,2024,35975.0
0050,Tarvuz,Арбуз,Watermelon,Тарвуз,2024-M01,2024,10724.0
0051,Qovun,Дыня,Melon,Қовун,2024-M01,2024,10854.0
053,Mayiz,Кишмиш,Kishmish,Майиз,2024-M01,2024,39895.0
055,Karam,Капуста,Cabbage,Карам,2024-M01,2024,3161.0
057,Bodring,Огурцы,Cucumbers,Бодринг,2024-M01,2024,30083.0
058,Pomidor,Помидоры,Tomatoes,Помидор,2024-M01,2024,29615.0
059,Baqlajon,Баклажаны,Eggplant,Бақлажон,2024-M01,2024,31487.0
0060,Bulg'or qalampiri,Перец болгарский,Bell pepper,Булғор қалампири,2024-M01,2024,26930.0
061,Qovoq,Тыква,Pumpkin,Қовоқ,2024-M01,2024,3773.0
063,Sabzi,Морковь,Carrot,Сабзи,2024-M01,2024,2282.0
065,Sarimsoq,Чеснок,Garlic,Саримсоқ,2024-M01,2024,29725.0
066,Piyoz,Лук репчатый,Onion,Пиёз,2024-M01,2024,2537.0
069,Kartoshka,Картофель,Potatoes,Картошка,2024-M01,2024,3757.0
0070,Loviya,Фасоль,Beans,Ловия,2024-M01,2024,15258.0
071,No'xot,Горох,Peas,Нўхот,2024-M01,2024,18918.0
0072,Mosh,Маш,Mash,Мош,2024-M01,2024,12986.0
073,Shakar,Сахар песок,Sugar,Шакар,2024-M01,2024,13739.0
002,Kruppa yormasi,Крупа манная,Semolina,Круппа ёрмаси,2024-M01,2024,4040.0
001,Guruch,Рис,Rice,Гуруч,2024-M02,2024,18358.0
003,Arpa,Ячмень,Barley,Арпа,2024-M02,2024,4026.0
0004,Bug'doy,Пшеница,Wheat,Буғдой,2024-M02,2024,3497.0
005,Jo'hori,Кукуруза,Corn,Жўҳори,2024-M02,2024,3855.0
006,Kepak,Отруби,Bran,Кепак,2024-M02,2024,3099.0
0008,Shrot,Шрот,Schroth,Шрот,2024-M02,2024,4196.0
009,Shulxa,Шелуха,Husk,Шулха,2024-M02,2024,3498.0
010,Kombikorm,Комбикорм,Compound feed,Комбикорм,2024-M02,2024,3571.0
011,Oliy navli bug'doy uni,Мука пшеничная высшего сорта,High-grade wheat flour,Олий навли буғдой уни,2024-M02,2024,8320.0
0012,1-navli bug'doy uni,Мука пшеничная первого сорта,First grade wheat flour,1-навли буғдой уни,2024-M02,2024,5996.0
013,1-nav bug'doy unidan non,Хлеб пшеничный из муки 1-го сорта,Wheat bread from 1st grade flour,1-нав буғдой унидан нон,2024-M02,2024,6148.0
017,Mol go'shti,Говядина,Beef,Мол гўшти,2024-M02,2024,77809.0
0020,Qo'y go'shti,Баранина,Mutton,Қўй гўшти,2024-M02,2024,85187.0
022,Tovuq go'shti,Мясо птицы,Poultry,Товуқ гўшти,2024-M02,2024,29768.0
026,Turli baliqlar,Рыба всякая,Fish of all kinds,Турли балиқлар,2024-M02,2024,28150.0
027,Yangi sog'ilgan sut (1 litr),Молоко свежее (1 литр),Fresh milk (1 liter),Янги соғилган сут (1 литр),2024-M02,2024,6678.0
034,Tuxum (10 dona),Яйца (10 штук),Eggs (10 pieces ),Тухум (10 дона),2024-M02,2024,13485.0
035,Paxta yog'i (1 litr),Масло хлопковое (1 литр),Cottonseed oil (1 liter),Пахта ёғи (1 литр),2024-M02,2024,13526.0
0036,Kungaboqar yog'i (1 litr),Масло подсолнечное (1 литр),Sunflower oil (1 liter),Кунгабоқар ёғи (1 литр),2024-M02,2024,15375.0
037,Sariyog',Масло сливочное,Butter,Сариёғ,2024-M02,2024,61324.0
039,Limon,Лимоны,Lemons,Лимон,2024-M02,2024,25752.0
0040,Olma,Яблоки,Apples,Олма,2024-M02,2024,11147.0
041,Nok,Груши,Pears,Нок,2024-M02,2024,23372.0
049,Uzum,Виноград,Grape,Узум,2024-M02,2024,37314.0
0050,Tarvuz,Арбуз,Watermelon,Тарвуз,2024-M02,2024,13550.0
0051,Qovun,Дыня,Melon,Қовун,2024-M02,2024,13867.0
053,Mayiz,Кишмиш,Kishmish,Майиз,2024-M02,2024,39966.0
055,Karam,Капуста,Cabbage,Карам,2024-M02,2024,3074.0
057,Bodring,Огурцы,Cucumbers,Бодринг,2024-M02,2024,29405.0
058,Pomidor,Помидоры,Tomatoes,Помидор,2024-M02,2024,28927.0
059,Baqlajon,Баклажаны,Eggplant,Бақлажон,2024-M02,2024,34533.0
0060,Bulg'or qalampiri,Перец болгарский,Bell pepper,Булғор қалампири,2024-M02,2024,34555.0
061,Qovoq,Тыква,Pumpkin,Қовоқ,2024-M02,2024,3787.0
063,Sabzi,Морковь,Carrot,Сабзи,2024-M02,2024,2245.0
065,Sarimsoq,Чеснок,Garlic,Саримсоқ,2024-M02,2024,32550.0
066,Piyoz,Лук репчатый,Onion,Пиёз,2024-M02,2024,2492.0
069,Kartoshka,Картофель,Potatoes,Картошка,2024-M02,2024,3700.0
0070,Loviya,Фасоль,Beans,Ловия,2024-M02,2024,15575.0
071,No'xot,Горох,Peas,Нўхот,2024-M02,2024,18918.0
0072,Mosh,Маш,Mash,Мош,2024-M02,2024,13264.0
073,Shakar,Сахар песок,Sugar,Шакар,2024-M02,2024,13713.0
002,Kruppa yormasi,Крупа манная,Semolina,Круппа ёрмаси,2024-M02,2024,4026.0
001,Guruch,Рис,Rice,Гуруч,2024-M03,2024,18440.0
003,Arpa,Ячмень,Barley,Арпа,2024-M03,2024,4012.0
0004,Bug'doy,Пшеница,Wheat,Буғдой,2024-M03,2024,3477.0
005,Jo'hori,Кукуруза,Corn,Жўҳори,2024-M03,2024,3820.0
006,Kepak,Отруби,Bran,Кепак,2024-M03,2024,3086.0
0008,Shrot,Шрот,Schroth,Шрот,2024-M03,2024,4190.0
009,Shulxa,Шелуха,Husk,Шулха,2024-M03,2024,3474.0
010,Kombikorm,Комбикорм,Compound feed,Комбикорм,2024-M03,2024,3558.0
011,Oliy navli bug'doy uni,Мука пшеничная высшего сорта,High-grade wheat flour,Олий навли буғдой уни,2024-M03,2024,8295.0
0012,1-navli bug'doy uni,Мука пшеничная первого сорта,First grade wheat flour,1-навли буғдой уни,2024-M03,2024,5974.0
013,1-nav bug'doy unidan non,Хлеб пшеничный из муки 1-го сорта,Wheat bread from 1st grade flour,1-нав буғдой унидан нон,2024-M03,2024,6126.0
017,Mol go'shti,Говядина,Beef,Мол гўшти,2024-M03,2024,77160.0
0020,Qo'y go'shti,Баранина,Mutton,Қўй гўшти,2024-M03,2024,83740.0
022,Tovuq go'shti,Мясо птицы,Poultry,Товуқ гўшти,2024-M03,2024,29577.0
026,Turli baliqlar,Рыба всякая,Fish of all kinds,Турли балиқлар,2024-M03,2024,28534.0
027,Yangi sog'ilgan sut (1 litr),Молоко свежее (1 литр),Fresh milk (1 liter),Янги соғилган сут (1 литр),2024-M03,2024,6690.0
034,Tuxum (10 dona),Яйца (10 штук),Eggs (10 pieces ),Тухум (10 дона),2024-M03,2024,12889.0
035,Paxta yog'i (1 litr),Масло хлопковое (1 литр),Cottonseed oil (1 liter),Пахта ёғи (1 литр),2024-M03,2024,13216.0
0036,Kungaboqar yog'i (1 litr),Масло подсолнечное (1 литр),Sunflower oil (1 liter),Кунгабоқар ёғи (1 литр),2024-M03,2024,15151.0
037,Sariyog',Масло сливочное,Butter,Сариёғ,2024-M03,2024,61628.0
039,Limon,Лимоны,Lemons,Лимон,2024-M03,2024,26204.0
0040,Olma,Яблоки,Apples,Олма,2024-M03,2024,11302.0
041,Nok,Груши,Pears,Нок,2024-M03,2024,23553.0
049,Uzum,Виноград,Grape,Узум,2024-M03,2024,40868.0
0050,Tarvuz,Арбуз,Watermelon,Тарвуз,2024-M03,2024,0.0
0051,Qovun,Дыня,Melon,Қовун,2024-M03,2024,10828.0
053,Mayiz,Кишмиш,Kishmish,Майиз,2024-M03,2024,40181.0
055,Karam,Капуста,Cabbage,Карам,2024-M03,2024,3231.0
057,Bodring,Огурцы,Cucumbers,Бодринг,2024-M03,2024,27925.0
058,Pomidor,Помидоры,Tomatoes,Помидор,2024-M03,2024,28310.0
059,Baqlajon,Баклажаны,Eggplant,Бақлажон,2024-M03,2024,33397.0
0060,Bulg'or qalampiri,Перец болгарский,Bell pepper,Булғор қалампири,2024-M03,2024,42777.0
061,Qovoq,Тыква,Pumpkin,Қовоқ,2024-M03,2024,4146.0
063,Sabzi,Морковь,Carrot,Сабзи,2024-M03,2024,2339.0
065,Sarimsoq,Чеснок,Garlic,Саримсоқ,2024-M03,2024,32953.0
066,Piyoz,Лук репчатый,Onion,Пиёз,2024-M03,2024,2416.0
069,Kartoshka,Картофель,Potatoes,Картошка,2024-M03,2024,3754.0
0070,Loviya,Фасоль,Beans,Ловия,2024-M03,2024,16215.0
071,No'xot,Горох,Peas,Нўхот,2024-M03,2024,18889.0
0072,Mosh,Маш,Mash,Мош,2024-M03,2024,13597.0
073,Shakar,Сахар песок,Sugar,Шакар,2024-M03,2024,13884.0
002,Kruppa yormasi,Крупа манная,Semolina,Круппа ёрмаси,2024-M03,2024,4012.0
001,Guruch,Рис,Rice,Гуруч,2024-M04,2024,18611.0
003,Arpa,Ячмень,Barley,Арпа,2024-M04,2024,4016.0
0004,Bug'doy,Пшеница,Wheat,Буғдой,2024-M04,2024,3462.0
005,Jo'hori,Кукуруза,Corn,Жўҳори,2024-M04,2024,3830.0
006,Kepak,Отруби,Bran,Кепак,2024-M04,2024,3087.0
0008,Shrot,Шрот,Schroth,Шрот,2024-M04,2024,4208.0
009,Shulxa,Шелуха,Husk,Шулха,2024-M04,2024,3472.0
010,Kombikorm,Комбикорм,Compound feed,Комбикорм,2024-M04,2024,3559.0
011,Oliy navli bug'doy uni,Мука пшеничная высшего сорта,High-grade wheat flour,Олий навли буғдой уни,2024-M04,2024,8329.0
0012,1-navli bug'doy uni,Мука пшеничная первого сорта,First grade wheat flour,1-навли буғдой уни,2024-M04,2024,6067.0
013,1-nav bug'doy unidan non,Хлеб пшеничный из муки 1-го сорта,Wheat bread from 1st grade flour,1-нав буғдой унидан нон,2024-M04,2024,6150.0
017,Mol go'shti,Говядина,Beef,Мол гўшти,2024-M04,2024,77072.0
0020,Qo'y go'shti,Баранина,Mutton,Қўй гўшти,2024-M04,2024,83330.0
022,Tovuq go'shti,Мясо птицы,Poultry,Товуқ гўшти,2024-M04,2024,29508.0
026,Turli baliqlar,Рыба всякая,Fish of all kinds,Турли балиқлар,2024-M04,2024,29634.0
027,Yangi sog'ilgan sut (1 litr),Молоко свежее (1 литр),Fresh milk (1 liter),Янги соғилган сут (1 литр),2024-M04,2024,6709.0
034,Tuxum (10 dona),Яйца (10 штук),Eggs (10 pieces ),Тухум (10 дона),2024-M04,2024,12173.0
035,Paxta yog'i (1 litr),Масло хлопковое (1 литр),Cottonseed oil (1 liter),Пахта ёғи (1 литр),2024-M04,2024,13126.0
0036,Kungaboqar yog'i (1 litr),Масло подсолнечное (1 литр),Sunflower oil (1 liter),Кунгабоқар ёғи (1 литр),2024-M04,2024,15137.0
037,Sariyog',Масло сливочное,Butter,Сариёғ,2024-M04,2024,61810.0
039,Limon,Лимоны,Lemons,Лимон,2024-M04,2024,27178.0
0040,Olma,Яблоки,Apples,Олма,2024-M04,2024,11822.0
041,Nok,Груши,Pears,Нок,2024-M04,2024,24244.0
049,Uzum,Виноград,Grape,Узум,2024-M04,2024,46732.0
0050,Tarvuz,Арбуз,Watermelon,Тарвуз,2024-M04,2024,0.0
0051,Qovun,Дыня,Melon,Қовун,2024-M04,2024,0.0
053,Mayiz,Кишмиш,Kishmish,Майиз,2024-M04,2024,40374.0
055,Karam,Капуста,Cabbage,Карам,2024-M04,2024,3500.0
057,Bodring,Огурцы,Cucumbers,Бодринг,2024-M04,2024,19114.0
058,Pomidor,Помидоры,Tomatoes,Помидор,2024-M04,2024,28447.0
059,Baqlajon,Баклажаны,Eggplant,Бақлажон,2024-M04,2024,36905.0
0060,Bulg'or qalampiri,Перец болгарский,Bell pepper,Булғор қалампири,2024-M04,2024,51273.0
061,Qovoq,Тыква,Pumpkin,Қовоқ,2024-M04,2024,5465.0
063,Sabzi,Морковь,Carrot,Сабзи,2024-M04,2024,2416.0
065,Sarimsoq,Чеснок,Garlic,Саримсоқ,2024-M04,2024,33598.0
066,Piyoz,Лук репчатый,Onion,Пиёз,2024-M04,2024,2459.0
069,Kartoshka,Картофель,Potatoes,Картошка,2024-M04,2024,3822.0
0070,Loviya,Фасоль,Beans,Ловия,2024-M04,2024,17259.0
071,No'xot,Горох,Peas,Нўхот,2024-M04,2024,18908.0
0072,Mosh,Маш,Mash,Мош,2024-M04,2024,13985.0
073,Shakar,Сахар песок,Sugar,Шакар,2024-M04,2024,14307.0
002,Kruppa yormasi,Крупа манная,Semolina,Круппа ёрмаси,2024-M04,2024,4016.0
001,Guruch,Рис,Rice,Гуруч,2024-M05,2024,18677.0
003,Arpa,Ячмень,Barley,Арпа,2024-M05,2024,4014.0
0004,Bug'doy,Пшеница,Wheat,Буғдой,2024-M05,2024,3462.0
005,Jo'hori,Кукуруза,Corn,Жўҳори,2024-M05,2024,3854.0
006,Kepak,Отруби,Bran,Кепак,2024-M05,2024,3115.0
0008,Shrot,Шрот,Schroth,Шрот,2024-M05,2024,4288.0
009,Shulxa,Шелуха,Husk,Шулха,2024-M05,2024,3511.0
010,Kombikorm,Комбикорм,Compound feed,Комбикорм,2024-M05,2024,3544.0
011,Oliy navli bug'doy uni,Мука пшеничная высшего сорта,High-grade wheat flour,Олий навли буғдой уни,2024-M05,2024,8345.0
0012,1-navli bug'doy uni,Мука пшеничная первого сорта,First grade wheat flour,1-навли буғдой уни,2024-M05,2024,6060.0
013,1-nav bug'doy unidan non,Хлеб пшеничный из муки 1-го сорта,Wheat bread from 1st grade flour,1-нав буғдой унидан нон,2024-M05,2024,6180.0
017,Mol go'shti,Говядина,Beef,Мол гўшти,2024-M05,2024,77099.0
0020,Qo'y go'shti,Баранина,Mutton,Қўй гўшти,2024-M05,2024,83368.0
022,Tovuq go'shti,Мясо птицы,Poultry,Товуқ гўшти,2024-M05,2024,29599.0
026,Turli baliqlar,Рыба всякая,Fish of all kinds,Турли балиқлар,2024-M05,2024,31207.0
027,Yangi sog'ilgan sut (1 litr),Молоко свежее (1 литр),Fresh milk (1 liter),Янги соғилган сут (1 литр),2024-M05,2024,6709.0
034,Tuxum (10 dona),Яйца (10 штук),Eggs (10 pieces ),Тухум (10 дона),2024-M05,2024,11012.0
035,Paxta yog'i (1 litr),Масло хлопковое (1 литр),Cottonseed oil (1 liter),Пахта ёғи (1 литр),2024-M05,2024,13280.0
0036,Kungaboqar yog'i (1 litr),Масло подсолнечное (1 литр),Sunflower oil (1 liter),Кунгабоқар ёғи (1 литр),2024-M05,2024,15171.0
037,Sariyog',Масло сливочное,Butter,Сариёғ,2024-M05,2024,62099.0
039,Limon,Лимоны,Lemons,Лимон,2024-M05,2024,28336.0
0040,Olma,Яблоки,Apples,Олма,2024-M05,2024,12776.0
041,Nok,Груши,Pears,Нок,2024-M05,2024,24492.0
049,Uzum,Виноград,Grape,Узум,2024-M05,2024,46648.0
0050,Tarvuz,Арбуз,Watermelon,Тарвуз,2024-M05,2024,9847.0
0051,Qovun,Дыня,Melon,Қовун,2024-M05,2024,14640.0
053,Mayiz,Кишмиш,Kishmish,Майиз,2024-M05,2024,40898.0
055,Karam,Капуста,Cabbage,Карам,2024-M05,2024,3272.0
057,Bodring,Огурцы,Cucumbers,Бодринг,2024-M05,2024,7257.0
058,Pomidor,Помидоры,Tomatoes,Помидор,2024-M05,2024,19408.0
059,Baqlajon,Баклажаны,Eggplant,Бақлажон,2024-M05,2024,22095.0
0060,Bulg'or qalampiri,Перец болгарский,Bell pepper,Булғор қалампири,2024-M05,2024,30407.0
061,Qovoq,Тыква,Pumpkin,Қовоқ,2024-M05,2024,7643.0
063,Sabzi,Морковь,Carrot,Сабзи,2024-M05,2024,2402.0
065,Sarimsoq,Чеснок,Garlic,Саримсоқ,2024-M05,2024,29228.0
066,Piyoz,Лук репчатый,Onion,Пиёз,2024-M05,2024,2312.0
069,Kartoshka,Картофель,Potatoes,Картошка,2024-M05,2024,4286.0
0070,Loviya,Фасоль,Beans,Ловия,2024-M05,2024,17954.0
071,No'xot,Горох,Peas,Нўхот,2024-M05,2024,18883.0
0072,Mosh,Маш,Mash,Мош,2024-M05,2024,14380.0
073,Shakar,Сахар песок,Sugar,Шакар,2024-M05,2024,14679.0
002,Kruppa yormasi,Крупа манная,Semolina,Круппа ёрмаси,2024-M05,2024,4014.0
001,Guruch,Рис,Rice,Гуруч,2024-M06,2024,18765.0
003,Arpa,Ячмень,Barley,Арпа,2024-M06,2024,3988.0
0004,Bug'doy,Пшеница,Wheat,Буғдой,2024-M06,2024,3411.0
005,Jo'hori,Кукуруза,Corn,Жўҳори,2024-M06,2024,3867.0
006,Kepak,Отруби,Bran,Кепак,2024-M06,2024,3132.0
0008,Shrot,Шрот,Schroth,Шрот,2024-M06,2024,4326.0
009,Shulxa,Шелуха,Husk,Шулха,2024-M06,2024,3510.0
010,Kombikorm,Комбикорм,Compound feed,Комбикорм,2024-M06,2024,3545.0
011,Oliy navli bug'doy uni,Мука пшеничная высшего сорта,High-grade wheat flour,Олий навли буғдой уни,2024-M06,2024,8340.0
0012,1-navli bug'doy uni,Мука пшеничная первого сорта,First grade wheat flour,1-навли буғдой уни,2024-M06,2024,6034.0
013,1-nav bug'doy unidan non,Хлеб пшеничный из муки 1-го сорта,Wheat bread from 1st grade flour,1-нав буғдой унидан нон,2024-M06,2024,6202.0
017,Mol go'shti,Говядина,Beef,Мол гўшти,2024-M06,2024,77246.0
0020,Qo'y go'shti,Баранина,Mutton,Қўй гўшти,2024-M06,2024,83430.0
022,Tovuq go'shti,Мясо птицы,Poultry,Товуқ гўшти,2024-M06,2024,29695.0
026,Turli baliqlar,Рыба всякая,Fish of all kinds,Турли балиқлар,2024-M06,2024,33278.0
027,Yangi sog'ilgan sut (1 litr),Молоко свежее (1 литр),Fresh milk (1 liter),Янги соғилган сут (1 литр),2024-M06,2024,6911.0
034,Tuxum (10 dona),Яйца (10 штук),Eggs (10 pieces ),Тухум (10 дона),2024-M06,2024,10593.0
035,Paxta yog'i (1 litr),Масло хлопковое (1 литр),Cottonseed oil (1 liter),Пахта ёғи (1 литр),2024-M06,2024,13380.0
0036,Kungaboqar yog'i (1 litr),Масло подсолнечное (1 литр),Sunflower oil (1 liter),Кунгабоқар ёғи (1 литр),2024-M06,2024,15204.0
037,Sariyog',Масло сливочное,Butter,Сариёғ,2024-M06,2024,62494.0
039,Limon,Лимоны,Lemons,Лимон,2024-M06,2024,27963.0
0040,Olma,Яблоки,Apples,Олма,2024-M06,2024,13521.0
041,Nok,Груши,Pears,Нок,2024-M06,2024,23627.0
049,Uzum,Виноград,Grape,Узум,2024-M06,2024,17986.0
0050,Tarvuz,Арбуз,Watermelon,Тарвуз,2024-M06,2024,4669.0
0051,Qovun,Дыня,Melon,Қовун,2024-M06,2024,8142.0
053,Mayiz,Кишмиш,Kishmish,Майиз,2024-M06,2024,41921.0
055,Karam,Капуста,Cabbage,Карам,2024-M06,2024,1923.0
057,Bodring,Огурцы,Cucumbers,Бодринг,2024-M06,2024,4567.0
058,Pomidor,Помидоры,Tomatoes,Помидор,2024-M06,2024,8954.0
059,Baqlajon,Баклажаны,Eggplant,Бақлажон,2024-M06,2024,9841.0
0060,Bulg'or qalampiri,Перец болгарский,Bell pepper,Булғор қалампири,2024-M06,2024,13018.0
061,Qovoq,Тыква,Pumpkin,Қовоқ,2024-M06,2024,7125.0
063,Sabzi,Морковь,Carrot,Сабзи,2024-M06,2024,2362.0
065,Sarimsoq,Чеснок,Garlic,Саримсоқ,2024-M06,2024,18463.0
066,Piyoz,Лук репчатый,Onion,Пиёз,2024-M06,2024,2098.0
069,Kartoshka,Картофель,Potatoes,Картошка,2024-M06,2024,4137.0
0070,Loviya,Фасоль,Beans,Ловия,2024-M06,2024,19068.0
071,No'xot,Горох,Peas,Нўхот,2024-M06,2024,18751.0
0072,Mosh,Маш,Mash,Мош,2024-M06,2024,14799.0
073,Shakar,Сахар песок,Sugar,Шакар,2024-M06,2024,14521.0
002,Kruppa yormasi,Крупа манная,Semolina,Круппа ёрмаси,2024-M06,2024,3988.0
001,Guruch,Рис,Rice,Гуруч,2024-M07,2024,18842.0
003,Arpa,Ячмень,Barley,Арпа,2024-M07,2024,3933.0
0004,Bug'doy,Пшеница,Wheat,Буғдой,2024-M07,2024,3302.0
005,Jo'hori,Кукуруза,Corn,Жўҳори,2024-M07,2024,3902.0
006,Kepak,Отруби,Bran,Кепак,2024-M07,2024,3127.0
0008,Shrot,Шрот,Schroth,Шрот,2024-M07,2024,4394.0
009,Shulxa,Шелуха,Husk,Шулха,2024-M07,2024,3578.0
010,Kombikorm,Комбикорм,Compound feed,Комбикорм,2024-M07,2024,3566.0
011,Oliy navli bug'doy uni,Мука пшеничная высшего сорта,High-grade wheat flour,Олий навли буғдой уни,2024-M07,2024,8342.0
0012,1-navli bug'doy uni,Мука пшеничная первого сорта,First grade wheat flour,1-навли буғдой уни,2024-M07,2024,6022.0
013,1-nav bug'doy unidan non,Хлеб пшеничный из муки 1-го сорта,Wheat bread from 1st grade flour,1-нав буғдой унидан нон,2024-M07,2024,6187.0
017,Mol go'shti,Говядина,Beef,Мол гўшти,2024-M07,2024,77337.0
0020,Qo'y go'shti,Баранина,Mutton,Қўй гўшти,2024-M07,2024,83555.0
022,Tovuq go'shti,Мясо птицы,Poultry,Товуқ гўшти,2024-M07,2024,29566.0
026,Turli baliqlar,Рыба всякая,Fish of all kinds,Турли балиқлар,2024-M07,2024,33470.0
027,Yangi sog'ilgan sut (1 litr),Молоко свежее (1 литр),Fresh milk (1 liter),Янги соғилган сут (1 литр),2024-M07,2024,6933.0
034,Tuxum (10 dona),Яйца (10 штук),Eggs (10 pieces ),Тухум (10 дона),2024-M07,2024,10053.0
035,Paxta yog'i (1 litr),Масло хлопковое (1 литр),Cottonseed oil (1 liter),Пахта ёғи (1 литр),2024-M07,2024,13665.0
0036,Kungaboqar yog'i (1 litr),Масло подсолнечное (1 литр),Sunflower oil (1 liter),Кунгабоқар ёғи (1 литр),2024-M07,2024,15384.0
037,Sariyog',Масло сливочное,Butter,Сариёғ,2024-M07,2024,62542.0
039,Limon,Лимоны,Lemons,Лимон,2024-M07,2024,27714.0
0040,Olma,Яблоки,Apples,Олма,2024-M07,2024,11341.0
041,Nok,Груши,Pears,Нок,2024-M07,2024,22069.0
049,Uzum,Виноград,Grape,Узум,2024-M07,2024,10825.0
0050,Tarvuz,Арбуз,Watermelon,Тарвуз,2024-M07,2024,1348.0
0051,Qovun,Дыня,Melon,Қовун,2024-M07,2024,3386.0
053,Mayiz,Кишмиш,Kishmish,Майиз,2024-M07,2024,42563.0
055,Karam,Капуста,Cabbage,Карам,2024-M07,2024,1827.0
057,Bodring,Огурцы,Cucumbers,Бодринг,2024-M07,2024,4274.0
058,Pomidor,Помидоры,Tomatoes,Помидор,2024-M07,2024,3819.0
059,Baqlajon,Баклажаны,Eggplant,Бақлажон,2024-M07,2024,4679.0
0060,Bulg'or qalampiri,Перец болгарский,Bell pepper,Булғор қалампири,2024-M07,2024,7048.0
061,Qovoq,Тыква,Pumpkin,Қовоқ,2024-M07,2024,5259.0
063,Sabzi,Морковь,Carrot,Сабзи,2024-M07,2024,2429.0
065,Sarimsoq,Чеснок,Garlic,Саримсоқ,2024-M07,2024,19455.0
066,Piyoz,Лук репчатый,Onion,Пиёз,2024-M07,2024,2015.0
069,Kartoshka,Картофель,Potatoes,Картошка,2024-M07,2024,3846.0
0070,Loviya,Фасоль,Beans,Ловия,2024-M07,2024,19951.0
071,No'xot,Горох,Peas,Нўхот,2024-M07,2024,18717.0
0072,Mosh,Маш,Mash,Мош,2024-M07,2024,15161.0
073,Shakar,Сахар песок,Sugar,Шакар,2024-M07,2024,14511.0
002,Kruppa yormasi,Крупа манная,Semolina,Круппа ёрмаси,2024-M07,2024,0.0
001,Guruch,Рис,Rice,Гуруч,2024-M08,2024,18937.0
003,Arpa,Ячмень,Barley,Арпа,2024-M08,2024,3932.0
0004,Bug'doy,Пшеница,Wheat,Буғдой,2024-M08,2024,3259.0
005,Jo'hori,Кукуруза,Corn,Жўҳори,2024-M08,2024,3867.0
006,Kepak,Отруби,Bran,Кепак,2024-M08,2024,3124.0
0008,Shrot,Шрот,Schroth,Шрот,2024-M08,2024,4467.0
009,Shulxa,Шелуха,Husk,Шулха,2024-M08,2024,3597.0
010,Kombikorm,Комбикорм,Compound feed,Комбикорм,2024-M08,2024,3583.0
011,Oliy navli bug'doy uni,Мука пшеничная высшего сорта,High-grade wheat flour,Олий навли буғдой уни,2024-M08,2024,8334.0
0012,1-navli bug'doy uni,Мука пшеничная первого сорта,First grade wheat flour,1-навли буғдой уни,2024-M08,2024,5990.0
013,1-nav bug'doy unidan non,Хлеб пшеничный из муки 1-го сорта,Wheat bread from 1st grade flour,1-нав буғдой унидан нон,2024-M08,2024,6193.0
017,Mol go'shti,Говядина,Beef,Мол гўшти,2024-M08,2024,78551.0
0020,Qo'y go'shti,Баранина,Mutton,Қўй гўшти,2024-M08,2024,85128.0
022,Tovuq go'shti,Мясо птицы,Poultry,Товуқ гўшти,2024-M08,2024,29564.0
026,Turli baliqlar,Рыба всякая,Fish of all kinds,Турли балиқлар,2024-M08,2024,33319.0
027,Yangi sog'ilgan sut (1 litr),Молоко свежее (1 литр),Fresh milk (1 liter),Янги соғилган сут (1 литр),2024-M08,2024,6879.0
034,Tuxum (10 dona),Яйца (10 штук),Eggs (10 pieces ),Тухум (10 дона),2024-M08,2024,9803.0
035,Paxta yog'i (1 litr),Масло хлопковое (1 литр),Cottonseed oil (1 liter),Пахта ёғи (1 литр),2024-M08,2024,14338.0
0036,Kungaboqar yog'i (1 litr),Масло подсолнечное (1 литр),Sunflower oil (1 liter),Кунгабоқар ёғи (1 литр),2024-M08,2024,15807.0
037,Sariyog',Масло сливочное,Butter,Сариёғ,2024-M08,2024,62719.0
039,Limon,Лимоны,Lemons,Лимон,2024-M08,2024,27597.0
0040,Olma,Яблоки,Apples,Олма,2024-M08,2024,10517.0
041,Nok,Груши,Pears,Нок,2024-M08,2024,20787.0
049,Uzum,Виноград,Grape,Узум,2024-M08,2024,11130.0
0050,Tarvuz,Арбуз,Watermelon,Тарвуз,2024-M08,2024,1055.0
0051,Qovun,Дыня,Melon,Қовун,2024-M08,2024,2420.0
053,Mayiz,Кишмиш,Kishmish,Майиз,2024-M08,2024,42834.0
055,Karam,Капуста,Cabbage,Карам,2024-M08,2024,1807.0
057,Bodring,Огурцы,Cucumbers,Бодринг,2024-M08,2024,5125.0
058,Pomidor,Помидоры,Tomatoes,Помидор,2024-M08,2024,4464.0
059,Baqlajon,Баклажаны,Eggplant,Бақлажон,2024-M08,2024,4323.0
0060,Bulg'or qalampiri,Перец болгарский,Bell pepper,Булғор қалампири,2024-M08,2024,5894.0
061,Qovoq,Тыква,Pumpkin,Қовоқ,2024-M08,2024,4050.0
063,Sabzi,Морковь,Carrot,Сабзи,2024-M08,2024,2539.0
065,Sarimsoq,Чеснок,Garlic,Саримсоқ,2024-M08,2024,21490.0
066,Piyoz,Лук репчатый,Onion,Пиёз,2024-M08,2024,2117.0
069,Kartoshka,Картофель,Potatoes,Картошка,2024-M08,2024,3937.0
0070,Loviya,Фасоль,Beans,Ловия,2024-M08,2024,21439.0
071,No'xot,Горох,Peas,Нўхот,2024-M08,2024,18726.0
0072,Mosh,Маш,Mash,Мош,2024-M08,2024,15860.0
073,Shakar,Сахар песок,Sugar,Шакар,2024-M08,2024,14452.0
002,Kruppa yormasi,Крупа манная,Semolina,Круппа ёрмаси,2024-M08,2024,0.0
001,Guruch,Рис,Rice,Гуруч,2024-M09,2024,19084.0
003,Arpa,Ячмень,Barley,Арпа,2024-M09,2024,3936.0
0004,Bug'doy,Пшеница,Wheat,Буғдой,2024-M09,2024,3277.0
005,Jo'hori,Кукуруза,Corn,Жўҳори,2024-M09,2024,3895.0
006,Kepak,Отруби,Bran,Кепак,2024-M09,2024,3121.0
0008,Shrot,Шрот,Schroth,Шрот,2024-M09,2024,4545.0
009,Shulxa,Шелуха,Husk,Шулха,2024-M09,2024,3733.0
010,Kombikorm,Комбикорм,Compound feed,Комбикорм,2024-M09,2024,3611.0
011,Oliy navli bug'doy uni,Мука пшеничная высшего сорта,High-grade wheat flour,Олий навли буғдой уни,2024-M09,2024,8308.0
0012,1-navli bug'doy uni,Мука пшеничная первого сорта,First grade wheat flour,1-навли буғдой уни,2024-M09,2024,5943.0
013,1-nav bug'doy unidan non,Хлеб пшеничный из муки 1-го сорта,Wheat bread from 1st grade flour,1-нав буғдой унидан нон,2024-M09,2024,6245.0
017,Mol go'shti,Говядина,Beef,Мол гўшти,2024-M09,2024,82234.0
0020,Qo'y go'shti,Баранина,Mutton,Қўй гўшти,2024-M09,2024,87976.0
022,Tovuq go'shti,Мясо птицы,Poultry,Товуқ гўшти,2024-M09,2024,29767.0
026,Turli baliqlar,Рыба всякая,Fish of all kinds,Турли балиқлар,2024-M09,2024,33023.0
027,Yangi sog'ilgan sut (1 litr),Молоко свежее (1 литр),Fresh milk (1 liter),Янги соғилган сут (1 литр),2024-M09,2024,6910.0
034,Tuxum (10 dona),Яйца (10 штук),Eggs (10 pieces ),Тухум (10 дона),2024-M09,2024,9884.0
035,Paxta yog'i (1 litr),Масло хлопковое (1 литр),Cottonseed oil (1 liter),Пахта ёғи (1 литр),2024-M09,2024,14865.0
0036,Kungaboqar yog'i (1 litr),Масло подсолнечное (1 литр),Sunflower oil (1 liter),Кунгабоқар ёғи (1 литр),2024-M09,2024,16160.0
037,Sariyog',Масло сливочное,Butter,Сариёғ,2024-M09,2024,64960.0
039,Limon,Лимоны,Lemons,Лимон,2024-M09,2024,27226.0
0040,Olma,Яблоки,Apples,Олма,2024-M09,2024,9866.0
041,Nok,Груши,Pears,Нок,2024-M09,2024,19997.0
049,Uzum,Виноград,Grape,Узум,2024-M09,2024,10567.0
0050,Tarvuz,Арбуз,Watermelon,Тарвуз,2024-M09,2024,1747.0
0051,Qovun,Дыня,Melon,Қовун,2024-M09,2024,2907.0
053,Mayiz,Кишмиш,Kishmish,Майиз,2024-M09,2024,43489.0
055,Karam,Капуста,Cabbage,Карам,2024-M09,2024,2000.0
057,Bodring,Огурцы,Cucumbers,Бодринг,2024-M09,2024,6509.0
058,Pomidor,Помидоры,Tomatoes,Помидор,2024-M09,2024,4900.0
059,Baqlajon,Баклажаны,Eggplant,Бақлажон,2024-M09,2024,5215.0
0060,Bulg'or qalampiri,Перец болгарский,Bell pepper,Булғор қалампири,2024-M09,2024,6031.0
061,Qovoq,Тыква,Pumpkin,Қовоқ,2024-M09,2024,3412.0
063,Sabzi,Морковь,Carrot,Сабзи,2024-M09,2024,2790.0
065,Sarimsoq,Чеснок,Garlic,Саримсоқ,2024-M09,2024,26126.0
066,Piyoz,Лук репчатый,Onion,Пиёз,2024-M09,2024,2257.0
069,Kartoshka,Картофель,Potatoes,Картошка,2024-M09,2024,4280.0
0070,Loviya,Фасоль,Beans,Ловия,2024-M09,2024,24044.0
071,No'xot,Горох,Peas,Нўхот,2024-M09,2024,18841.0
0072,Mosh,Маш,Mash,Мош,2024-M09,2024,17976.0
073,Shakar,Сахар песок,Sugar,Шакар,2024-M09,2024,14385.0
002,Kruppa yormasi,Крупа манная,Semolina,Круппа ёрмаси,2024-M09,2024,0.0
001,Guruch,Рис,Rice,Гуруч,2024-M10,2024,19078.0
003,Arpa,Ячмень,Barley,Арпа,2024-M10,2024,3940.0
0004,Bug'doy,Пшеница,Wheat,Буғдой,2024-M10,2024,3284.0
005,Jo'hori,Кукуруза,Corn,Жўҳори,2024-M10,2024,3897.0
006,Kepak,Отруби,Bran,Кепак,2024-M10,2024,3130.0
0008,Shrot,Шрот,Schroth,Шрот,2024-M10,2024,4754.0
009,Shulxa,Шелуха,Husk,Шулха,2024-M10,2024,3750.0
010,Kombikorm,Комбикорм,Compound feed,Комбикорм,2024-M10,2024,3658.0
011,Oliy navli bug'doy uni,Мука пшеничная высшего сорта,High-grade wheat flour,Олий навли буғдой уни,2024-M10,2024,8328.0
0012,1-navli bug'doy uni,Мука пшеничная первого сорта,First grade wheat flour,1-навли буғдой уни,2024-M10,2024,5984.0
013,1-nav bug'doy unidan non,Хлеб пшеничный из муки 1-го сорта,Wheat bread from 1st grade flour,1-нав буғдой унидан нон,2024-M10,2024,6262.0
017,Mol go'shti,Говядина,Beef,Мол гўшти,2024-M10,2024,84190.0
0020,Qo'y go'shti,Баранина,Mutton,Қўй гўшти,2024-M10,2024,89934.0
022,Tovuq go'shti,Мясо птицы,Poultry,Товуқ гўшти,2024-M10,2024,30036.0
026,Turli baliqlar,Рыба всякая,Fish of all kinds,Турли балиқлар,2024-M10,2024,31644.0
027,Yangi sog'ilgan sut (1 litr),Молоко свежее (1 литр),Fresh milk (1 liter),Янги соғилган сут (1 литр),2024-M10,2024,6999.0
034,Tuxum (10 dona),Яйца (10 штук),Eggs (10 pieces ),Тухум (10 дона),2024-M10,2024,9914.0
035,Paxta yog'i (1 litr),Масло хлопковое (1 литр),Cottonseed oil (1 liter),Пахта ёғи (1 литр),2024-M10,2024,15456.0
0036,Kungaboqar yog'i (1 litr),Масло подсолнечное (1 литр),Sunflower oil (1 liter),Кунгабоқар ёғи (1 литр),2024-M10,2024,16619.0
037,Sariyog',Масло сливочное,Butter,Сариёғ,2024-M10,2024,66586.0
039,Limon,Лимоны,Lemons,Лимон,2024-M10,2024,25894.0
0040,Olma,Яблоки,Apples,Олма,2024-M10,2024,9425.0
041,Nok,Груши,Pears,Нок,2024-M10,2024,19257.0
049,Uzum,Виноград,Grape,Узум,2024-M10,2024,10917.0
0050,Tarvuz,Арбуз,Watermelon,Тарвуз,2024-M10,2024,2433.0
0051,Qovun,Дыня,Melon,Қовун,2024-M10,2024,3550.0
053,Mayiz,Кишмиш,Kishmish,Майиз,2024-M10,2024,44299.0
055,Karam,Капуста,Cabbage,Карам,2024-M10,2024,2334.0
057,Bodring,Огурцы,Cucumbers,Бодринг,2024-M10,2024,9745.0
058,Pomidor,Помидоры,Tomatoes,Помидор,2024-M10,2024,7657.0
059,Baqlajon,Баклажаны,Eggplant,Бақлажон,2024-M10,2024,6566.0
0060,Bulg'or qalampiri,Перец болгарский,Bell pepper,Булғор қалампири,2024-M10,2024,7173.0
061,Qovoq,Тыква,Pumpkin,Қовоқ,2024-M10,2024,3318.0
063,Sabzi,Морковь,Carrot,Сабзи,2024-M10,2024,2989.0
065,Sarimsoq,Чеснок,Garlic,Саримсоқ,2024-M10,2024,29870.0
066,Piyoz,Лук репчатый,Onion,Пиёз,2024-M10,2024,2330.0
069,Kartoshka,Картофель,Potatoes,Картошка,2024-M10,2024,4423.0
0070,Loviya,Фасоль,Beans,Ловия,2024-M10,2024,22442.0
071,No'xot,Горох,Peas,Нўхот,2024-M10,2024,18790.0
0072,Mosh,Маш,Mash,Мош,2024-M10,2024,17735.0
073,Shakar,Сахар песок,Sugar,Шакар,2024-M10,2024,14214.0
002,Kruppa yormasi,Крупа манная,Semolina,Круппа ёрмаси,2024-M10,2024,0.0
001,Guruch,Рис,Rice,Гуруч,2024-M11,2024,18781.0
003,Arpa,Ячмень,Barley,Арпа,2024-M11,2024,3926.0
0004,Bug'doy,Пшеница,Wheat,Буғдой,2024-M11,2024,3264.0
005,Jo'hori,Кукуруза,Corn,Жўҳори,2024-M11,2024,3882.0
006,Kepak,Отруби,Bran,Кепак,2024-M11,2024,3121.0
0008,Shrot,Шрот,Schroth,Шрот,2024-M11,2024,4717.0
009,Shulxa,Шелуха,Husk,Шулха,2024-M11,2024,3687.0
010,Kombikorm,Комбикорм,Compound feed,Комбикорм,2024-M11,2024,3631.0
011,Oliy navli bug'doy uni,Мука пшеничная высшего сорта,High-grade wheat flour,Олий навли буғдой уни,2024-M11,2024,8278.0
0012,1-navli bug'doy uni,Мука пшеничная первого сорта,First grade wheat flour,1-навли буғдой уни,2024-M11,2024,6133.0
013,1-nav bug'doy unidan non,Хлеб пшеничный из муки 1-го сорта,Wheat bread from 1st grade flour,1-нав буғдой унидан нон,2024-M11,2024,6260.0
017,Mol go'shti,Говядина,Beef,Мол гўшти,2024-M11,2024,84420.0
0020,Qo'y go'shti,Баранина,Mutton,Қўй гўшти,2024-M11,2024,90397.0
022,Tovuq go'shti,Мясо птицы,Poultry,Товуқ гўшти,2024-M11,2024,30035.0
026,Turli baliqlar,Рыба всякая,Fish of all kinds,Турли балиқлар,2024-M11,2024,29636.0
027,Yangi sog'ilgan sut (1 litr),Молоко свежее (1 литр),Fresh milk (1 liter),Янги соғилган сут (1 литр),2024-M11,2024,7087.0
034,Tuxum (10 dona),Яйца (10 штук),Eggs (10 pieces ),Тухум (10 дона),2024-M11,2024,10106.0
035,Paxta yog'i (1 litr),Масло хлопковое (1 литр),Cottonseed oil (1 liter),Пахта ёғи (1 литр),2024-M11,2024,16161.0
0036,Kungaboqar yog'i (1 litr),Масло подсолнечное (1 литр),Sunflower oil (1 liter),Кунгабоқар ёғи (1 литр),2024-M11,2024,17343.0
037,Sariyog',Масло сливочное,Butter,Сариёғ,2024-M11,2024,66748.0
039,Limon,Лимоны,Lemons,Лимон,2024-M11,2024,21280.0
0040,Olma,Яблоки,Apples,Олма,2024-M11,2024,9346.0
041,Nok,Груши,Pears,Нок,2024-M11,2024,19162.0
049,Uzum,Виноград,Grape,Узум,2024-M11,2024,12234.0
0050,Tarvuz,Арбуз,Watermelon,Тарвуз,2024-M11,2024,3061.0
0051,Qovun,Дыня,Melon,Қовун,2024-M11,2024,4025.0
053,Mayiz,Кишмиш,Kishmish,Майиз,2024-M11,2024,45062.0
055,Karam,Капуста,Cabbage,Карам,2024-M11,2024,2622.0
057,Bodring,Огурцы,Cucumbers,Бодринг,2024-M11,2024,15868.0
058,Pomidor,Помидоры,Tomatoes,Помидор,2024-M11,2024,15032.0
059,Baqlajon,Баклажаны,Eggplant,Бақлажон,2024-M11,2024,8915.0
0060,Bulg'or qalampiri,Перец болгарский,Bell pepper,Булғор қалампири,2024-M11,2024,11854.0
061,Qovoq,Тыква,Pumpkin,Қовоқ,2024-M11,2024,3174.0
063,Sabzi,Морковь,Carrot,Сабзи,2024-M11,2024,2903.0
065,Sarimsoq,Чеснок,Garlic,Саримсоқ,2024-M11,2024,32077.0
066,Piyoz,Лук репчатый,Onion,Пиёз,2024-M11,2024,2610.0
069,Kartoshka,Картофель,Potatoes,Картошка,2024-M11,2024,5101.0
0070,Loviya,Фасоль,Beans,Ловия,2024-M11,2024,20676.0
071,No'xot,Горох,Peas,Нўхот,2024-M11,2024,18697.0
0072,Mosh,Маш,Mash,Мош,2024-M11,2024,16748.0
073,Shakar,Сахар песок,Sugar,Шакар,2024-M11,2024,13887.0
002,Kruppa yormasi,Крупа манная,Semolina,Круппа ёрмаси,2024-M11,2024,0.0
001,Guruch,Рис,Rice,Гуруч,2024-M12,2024,18429.0
003,Arpa,Ячмень,Barley,Арпа,2024-M12,2024,3886.0
0004,Bug'doy,Пшеница,Wheat,Буғдой,2024-M12,2024,3256.0
005,Jo'hori,Кукуруза,Corn,Жўҳори,2024-M12,2024,3857.0
006,Kepak,Отруби,Bran,Кепак,2024-M12,2024,3080.0
0008,Shrot,Шрот,Schroth,Шрот,2024-M12,2024,4705.0
009,Shulxa,Шелуха,Husk,Шулха,2024-M12,2024,3679.0
010,Kombikorm,Комбикорм,Compound feed,Комбикорм,2024-M12,2024,3630.0
011,Oliy navli bug'doy uni,Мука пшеничная высшего сорта,High-grade wheat flour,Олий навли буғдой уни,2024-M12,2024,8278.0
0012,1-navli bug'doy uni,Мука пшеничная первого сорта,First grade wheat flour,1-навли буғдой уни,2024-M12,2024,6118.0
013,1-nav bug'doy unidan non,Хлеб пшеничный из муки 1-го сорта,Wheat bread from 1st grade flour,1-нав буғдой унидан нон,2024-M12,2024,6259.0
017,Mol go'shti,Говядина,Beef,Мол гўшти,2024-M12,2024,85230.0
0020,Qo'y go'shti,Баранина,Mutton,Қўй гўшти,2024-M12,2024,91364.0
022,Tovuq go'shti,Мясо птицы,Poultry,Товуқ гўшти,2024-M12,2024,30405.0
026,Turli baliqlar,Рыба всякая,Fish of all kinds,Турли балиқлар,2024-M12,2024,29606.0
027,Yangi sog'ilgan sut (1 litr),Молоко свежее (1 литр),Fresh milk (1 liter),Янги соғилган сут (1 литр),2024-M12,2024,7245.0
034,Tuxum (10 dona),Яйца (10 штук),Eggs (10 pieces ),Тухум (10 дона),2024-M12,2024,11979.0
035,Paxta yog'i (1 litr),Масло хлопковое (1 литр),Cottonseed oil (1 liter),Пахта ёғи (1 литр),2024-M12,2024,16679.0
0036,Kungaboqar yog'i (1 litr),Масло подсолнечное (1 литр),Sunflower oil (1 liter),Кунгабоқар ёғи (1 литр),2024-M12,2024,17971.0
037,Sariyog',Масло сливочное,Butter,Сариёғ,2024-M12,2024,67088.0
039,Limon,Лимоны,Lemons,Лимон,2024-M12,2024,17090.0
0040,Olma,Яблоки,Apples,Олма,2024-M12,2024,9339.0
041,Nok,Груши,Pears,Нок,2024-M12,2024,19364.0
049,Uzum,Виноград,Grape,Узум,2024-M12,2024,18580.0
0050,Tarvuz,Арбуз,Watermelon,Тарвуз,2024-M12,2024,3611.0
0051,Qovun,Дыня,Melon,Қовун,2024-M12,2024,4593.0
053,Mayiz,Кишмиш,Kishmish,Майиз,2024-M12,2024,45329.0
055,Karam,Капуста,Cabbage,Карам,2024-M12,2024,2842.0
057,Bodring,Огурцы,Cucumbers,Бодринг,2024-M12,2024,23279.0
058,Pomidor,Помидоры,Tomatoes,Помидор,2024-M12,2024,19540.0
059,Baqlajon,Баклажаны,Eggplant,Бақлажон,2024-M12,2024,25047.0
0060,Bulg'or qalampiri,Перец болгарский,Bell pepper,Булғор қалампири,2024-M12,2024,26587.0
061,Qovoq,Тыква,Pumpkin,Қовоқ,2024-M12,2024,3166.0
063,Sabzi,Морковь,Carrot,Сабзи,2024-M12,2024,2820.0
065,Sarimsoq,Чеснок,Garlic,Саримсоқ,2024-M12,2024,34100.0
066,Piyoz,Лук репчатый,Onion,Пиёз,2024-M12,2024,2713.0
069,Kartoshka,Картофель,Potatoes,Картошка,2024-M12,2024,5513.0
0070,Loviya,Фасоль,Beans,Ловия,2024-M12,2024,20049.0
071,No'xot,Горох,Peas,Нўхот,2024-M12,2024,18611.0
0072,Mosh,Маш,Mash,Мош,2024-M12,2024,16644.0
073,Shakar,Сахар песок,Sugar,Шакар,2024-M12,2024,13777.0
002,Kruppa yormasi,Крупа манная,Semolina,Круппа ёрмаси,2024-M12,2024,0.0
001,Guruch,Рис,Rice,Гуруч,2025-M01,2025,18398.0
003,Arpa,Ячмень,Barley,Арпа,2025-M01,2025,3859.0
0004,Bug'doy,Пшеница,Wheat,Буғдой,2025-M01,2025,3264.0
005,Jo'hori,Кукуруза,Corn,Жўҳори,2025-M01,2025,3868.0
006,Kepak,Отруби,Bran,Кепак,2025-M01,2025,3071.0
0008,Shrot,Шрот,Schroth,Шрот,2025-M01,2025,4701.0
009,Shulxa,Шелуха,Husk,Шулха,2025-M01,2025,3679.0
010,Kombikorm,Комбикорм,Compound feed,Комбикорм,2025-M01,2025,3627.0
011,Oliy navli bug'doy uni,Мука пшеничная высшего сорта,High-grade wheat flour,Олий навли буғдой уни,2025-M01,2025,8303.0
0012,1-navli bug'doy uni,Мука пшеничная первого сорта,First grade wheat flour,1-навли буғдой уни,2025-M01,2025,6106.0
013,1-nav bug'doy unidan non,Хлеб пшеничный из муки 1-го сорта,Wheat bread from 1st grade flour,1-нав буғдой унидан нон,2025-M01,2025,6259.0
017,Mol go'shti,Говядина,Beef,Мол гўшти,2025-M01,2025,87029.0
0020,Qo'y go'shti,Баранина,Mutton,Қўй гўшти,2025-M01,2025,93142.0
022,Tovuq go'shti,Мясо птицы,Poultry,Товуқ гўшти,2025-M01,2025,30504.0
026,Turli baliqlar,Рыба всякая,Fish of all kinds,Турли балиқлар,2025-M01,2025,29696.0
027,Yangi sog'ilgan sut (1 litr),Молоко свежее (1 литр),Fresh milk (1 liter),Янги соғилган сут (1 литр),2025-M01,2025,7370.0
034,Tuxum (10 dona),Яйца (10 штук),Eggs (10 pieces ),Тухум (10 дона),2025-M01,2025,10689.0
035,Paxta yog'i (1 litr),Масло хлопковое (1 литр),Cottonseed oil (1 liter),Пахта ёғи (1 литр),2025-M01,2025,16858.0
0036,Kungaboqar yog'i (1 litr),Масло подсолнечное (1 литр),Sunflower oil (1 liter),Кунгабоқар ёғи (1 литр),2025-M01,2025,18451.0
037,Sariyog',Масло сливочное,Butter,Сариёғ,2025-M01,2025,67533.0
039,Limon,Лимоны,Lemons,Лимон,2025-M01,2025,16957.0
0040,Olma,Яблоки,Apples,Олма,2025-M01,2025,9544.0
041,Nok,Груши,Pears,Нок,2025-M01,2025,19236.0
049,Uzum,Виноград,Grape,Узум,2025-M01,2025,31010.0
0050,Tarvuz,Арбуз,Watermelon,Тарвуз,2025-M01,2025,4677.0
0051,Qovun,Дыня,Melon,Қовун,2025-M01,2025,5824.0
053,Mayiz,Кишмиш,Kishmish,Майиз,2025-M01,2025,46375.0
055,Karam,Капуста,Cabbage,Карам,2025-M01,2025,3538.0
057,Bodring,Огурцы,Cucumbers,Бодринг,2025-M01,2025,24554.0
058,Pomidor,Помидоры,Tomatoes,Помидор,2025-M01,2025,22876.0
059,Baqlajon,Баклажаны,Eggplant,Бақлажон,2025-M01,2025,32760.0
0060,Bulg'or qalampiri,Перец болгарский,Bell pepper,Булғор қалампири,2025-M01,2025,36898.0
061,Qovoq,Тыква,Pumpkin,Қовоқ,2025-M01,2025,3410.0
063,Sabzi,Морковь,Carrot,Сабзи,2025-M01,2025,2942.0
065,Sarimsoq,Чеснок,Garlic,Саримсоқ,2025-M01,2025,35361.0
066,Piyoz,Лук репчатый,Onion,Пиёз,2025-M01,2025,2794.0
069,Kartoshka,Картофель,Potatoes,Картошка,2025-M01,2025,6882.0
0070,Loviya,Фасоль,Beans,Ловия,2025-M01,2025,19716.0
071,No'xot,Горох,Peas,Нўхот,2025-M01,2025,18618.0
0072,Mosh,Маш,Mash,Мош,2025-M01,2025,16918.0
073,Shakar,Сахар песок,Sugar,Шакар,2025-M01,2025,13714.0
002,Kruppa yormasi,Крупа манная,Semolina,Круппа ёрмаси,2025-M01,2025,0.0
001,Guruch,Рис,Rice,Гуруч,2025-M02,2025,18350.0
003,Arpa,Ячмень,Barley,Арпа,2025-M02,2025,3882.0
0004,Bug'doy,Пшеница,Wheat,Буғдой,2025-M02,2025,3330.0
005,Jo'hori,Кукуруза,Corn,Жўҳори,2025-M02,2025,3964.0
006,Kepak,Отруби,Bran,Кепак,2025-M02,2025,3067.0
0008,Shrot,Шрот,Schroth,Шрот,2025-M02,2025,4693.0
009,Shulxa,Шелуха,Husk,Шулха,2025-M02,2025,3658.0
010,Kombikorm,Комбикорм,Compound feed,Комбикорм,2025-M02,2025,3633.0
011,Oliy navli bug'doy uni,Мука пшеничная высшего сорта,High-grade wheat flour,Олий навли буғдой уни,2025-M02,2025,8309.0
0012,1-navli bug'doy uni,Мука пшеничная первого сорта,First grade wheat flour,1-навли буғдой уни,2025-M02,2025,6087.0
013,1-nav bug'doy unidan non,Хлеб пшеничный из муки 1-го сорта,Wheat bread from 1st grade flour,1-нав буғдой унидан нон,2025-M02,2025,6259.0
017,Mol go'shti,Говядина,Beef,Мол гўшти,2025-M02,2025,92416.0
0020,Qo'y go'shti,Баранина,Mutton,Қўй гўшти,2025-M02,2025,99047.0
022,Tovuq go'shti,Мясо птицы,Poultry,Товуқ гўшти,2025-M02,2025,30678.0
026,Turli baliqlar,Рыба всякая,Fish of all kinds,Турли балиқлар,2025-M02,2025,30325.0
027,Yangi sog'ilgan sut (1 litr),Молоко свежее (1 литр),Fresh milk (1 liter),Янги соғилган сут (1 литр),2025-M02,2025,7396.0
034,Tuxum (10 dona),Яйца (10 штук),Eggs (10 pieces ),Тухум (10 дона),2025-M02,2025,9828.0
035,Paxta yog'i (1 litr),Масло хлопковое (1 литр),Cottonseed oil (1 liter),Пахта ёғи (1 литр),2025-M02,2025,16980.0
0036,Kungaboqar yog'i (1 litr),Масло подсолнечное (1 литр),Sunflower oil (1 liter),Кунгабоқар ёғи (1 литр),2025-M02,2025,18696.0
037,Sariyog',Масло сливочное,Butter,Сариёғ,2025-M02,2025,67769.0
039,Limon,Лимоны,Lemons,Лимон,2025-M02,2025,20686.0
0040,Olma,Яблоки,Apples,Олма,2025-M02,2025,9479.0
041,Nok,Груши,Pears,Нок,2025-M02,2025,19324.0
049,Uzum,Виноград,Grape,Узум,2025-M02,2025,40195.0
0050,Tarvuz,Арбуз,Watermelon,Тарвуз,2025-M02,2025,8168.0
0051,Qovun,Дыня,Melon,Қовун,2025-M02,2025,7508.0
053,Mayiz,Кишмиш,Kishmish,Майиз,2025-M02,2025,47044.0
055,Karam,Капуста,Cabbage,Карам,2025-M02,2025,5140.0
057,Bodring,Огурцы,Cucumbers,Бодринг,2025-M02,2025,26127.0
058,Pomidor,Помидоры,Tomatoes,Помидор,2025-M02,2025,25735.0
059,Baqlajon,Баклажаны,Eggplant,Бақлажон,2025-M02,2025,32910.0
0060,Bulg'or qalampiri,Перец болгарский,Bell pepper,Булғор қалампири,2025-M02,2025,39800.0
061,Qovoq,Тыква,Pumpkin,Қовоқ,2025-M02,2025,5028.0
063,Sabzi,Морковь,Carrot,Сабзи,2025-M02,2025,2960.0
065,Sarimsoq,Чеснок,Garlic,Саримсоқ,2025-M02,2025,38230.0
066,Piyoz,Лук репчатый,Onion,Пиёз,2025-M02,2025,2761.0
069,Kartoshka,Картофель,Potatoes,Картошка,2025-M02,2025,7290.0
0070,Loviya,Фасоль,Beans,Ловия,2025-M02,2025,19721.0
071,No'xot,Горох,Peas,Нўхот,2025-M02,2025,18695.0
0072,Mosh,Маш,Mash,Мош,2025-M02,2025,17119.0
073,Shakar,Сахар песок,Sugar,Шакар,2025-M02,2025,13711.0
002,Kruppa yormasi,Крупа манная,Semolina,Круппа ёрмаси,2025-M02,2025,0.0
001,Guruch,Рис,Rice,Гуруч,2025-M03,2025,18372.0
003,Arpa,Ячмень,Barley,Арпа,2025-M03,2025,3936.0
0004,Bug'doy,Пшеница,Wheat,Буғдой,2025-M03,2025,3383.0
005,Jo'hori,Кукуруза,Corn,Жўҳори,2025-M03,2025,4079.0
006,Kepak,Отруби,Bran,Кепак,2025-M03,2025,3094.0
0008,Shrot,Шрот,Schroth,Шрот,2025-M03,2025,4791.0
009,Shulxa,Шелуха,Husk,Шулха,2025-M03,2025,3780.0
010,Kombikorm,Комбикорм,Compound feed,Комбикорм,2025-M03,2025,3665.0
011,Oliy navli bug'doy uni,Мука пшеничная высшего сорта,High-grade wheat flour,Олий навли буғдой уни,2025-M03,2025,8310.0
0012,1-navli bug'doy uni,Мука пшеничная первого сорта,First grade wheat flour,1-навли буғдой уни,2025-M03,2025,6081.0
013,1-nav bug'doy unidan non,Хлеб пшеничный из муки 1-го сорта,Wheat bread from 1st grade flour,1-нав буғдой унидан нон,2025-M03,2025,6260.0
017,Mol go'shti,Говядина,Beef,Мол гўшти,2025-M03,2025,100374.0
0020,Qo'y go'shti,Баранина,Mutton,Қўй гўшти,2025-M03,2025,107048.0
022,Tovuq go'shti,Мясо птицы,Poultry,Товуқ гўшти,2025-M03,2025,30798.0
026,Turli baliqlar,Рыба всякая,Fish of all kinds,Турли балиқлар,2025-M03,2025,31470.0
027,Yangi sog'ilgan sut (1 litr),Молоко свежее (1 литр),Fresh milk (1 liter),Янги соғилган сут (1 литр),2025-M03,2025,7524.0
034,Tuxum (10 dona),Яйца (10 штук),Eggs (10 pieces ),Тухум (10 дона),2025-M03,2025,10398.0
035,Paxta yog'i (1 litr),Масло хлопковое (1 литр),Cottonseed oil (1 liter),Пахта ёғи (1 литр),2025-M03,2025,17254.0
0036,Kungaboqar yog'i (1 litr),Масло подсолнечное (1 литр),Sunflower oil (1 liter),Кунгабоқар ёғи (1 литр),2025-M03,2025,18981.0
037,Sariyog',Масло сливочное,Butter,Сариёғ,2025-M03,2025,68191.0
039,Limon,Лимоны,Lemons,Лимон,2025-M03,2025,22501.0
0040,Olma,Яблоки,Apples,Олма,2025-M03,2025,9570.0
041,Nok,Груши,Pears,Нок,2025-M03,2025,19722.0
049,Uzum,Виноград,Grape,Узум,2025-M03,2025,54366.0
0050,Tarvuz,Арбуз,Watermelon,Тарвуз,2025-M03,2025,0.0
0051,Qovun,Дыня,Melon,Қовун,2025-M03,2025,10183.0
053,Mayiz,Кишмиш,Kishmish,Майиз,2025-M03,2025,47279.0
055,Karam,Капуста,Cabbage,Карам,2025-M03,2025,6185.0
057,Bodring,Огурцы,Cucumbers,Бодринг,2025-M03,2025,28425.0
058,Pomidor,Помидоры,Tomatoes,Помидор,2025-M03,2025,33783.0
059,Baqlajon,Баклажаны,Eggplant,Бақлажон,2025-M03,2025,35704.0
0060,Bulg'or qalampiri,Перец болгарский,Bell pepper,Булғор қалампири,2025-M03,2025,41281.0
061,Qovoq,Тыква,Pumpkin,Қовоқ,2025-M03,2025,6394.0
063,Sabzi,Морковь,Carrot,Сабзи,2025-M03,2025,5283.0
065,Sarimsoq,Чеснок,Garlic,Саримсоқ,2025-M03,2025,39072.0
066,Piyoz,Лук репчатый,Onion,Пиёз,2025-M03,2025,2986.0
069,Kartoshka,Картофель,Potatoes,Картошка,2025-M03,2025,6626.0
0070,Loviya,Фасоль,Beans,Ловия,2025-M03,2025,20542.0
071,No'xot,Горох,Peas,Нўхот,2025-M03,2025,18921.0
0072,Mosh,Маш,Mash,Мош,2025-M03,2025,17401.0
073,Shakar,Сахар песок,Sugar,Шакар,2025-M03,2025,13729.0
002,Kruppa yormasi,Крупа манная,Semolina,Круппа ёрмаси,2025-M03,2025,0.0
001,Guruch,Рис,Rice,Гуруч,2025-M04,2025,18345.0
003,Arpa,Ячмень,Barley,Арпа,2025-M04,2025,4015.0
0004,Bug'doy,Пшеница,Wheat,Буғдой,2025-M04,2025,3460.0
005,Jo'hori,Кукуруза,Corn,Жўҳори,2025-M04,2025,4427.0
006,Kepak,Отруби,Bran,Кепак,2025-M04,2025,3174.0
0008,Shrot,Шрот,Schroth,Шрот,2025-M04,2025,4939.0
009,Shulxa,Шелуха,Husk,Шулха,2025-M04,2025,3965.0
010,Kombikorm,Комбикорм,Compound feed,Комбикорм,2025-M04,2025,3729.0
011,Oliy navli bug'doy uni,Мука пшеничная высшего сорта,High-grade wheat flour,Олий навли буғдой уни,2025-M04,2025,8329.0
0012,1-navli bug'doy uni,Мука пшеничная первого сорта,First grade wheat flour,1-навли буғдой уни,2025-M04,2025,6061.0
013,1-nav bug'doy unidan non,Хлеб пшеничный из муки 1-го сорта,Wheat bread from 1st grade flour,1-нав буғдой унидан нон,2025-M04,2025,6276.0
017,Mol go'shti,Говядина,Beef,Мол гўшти,2025-M04,2025,108224.0
0020,Qo'y go'shti,Баранина,Mutton,Қўй гўшти,2025-M04,2025,114666.0
022,Tovuq go'shti,Мясо птицы,Poultry,Товуқ гўшти,2025-M04,2025,30984.0
026,Turli baliqlar,Рыба всякая,Fish of all kinds,Турли балиқлар,2025-M04,2025,32212.0
027,Yangi sog'ilgan sut (1 litr),Молоко свежее (1 литр),Fresh milk (1 liter),Янги соғилган сут (1 литр),2025-M04,2025,7567.0
034,Tuxum (10 dona),Яйца (10 штук),Eggs (10 pieces ),Тухум (10 дона),2025-M04,2025,10087.0
035,Paxta yog'i (1 litr),Масло хлопковое (1 литр),Cottonseed oil (1 liter),Пахта ёғи (1 литр),2025-M04,2025,17966.0
0036,Kungaboqar yog'i (1 litr),Масло подсолнечное (1 литр),Sunflower oil (1 liter),Кунгабоқар ёғи (1 литр),2025-M04,2025,19604.0
037,Sariyog',Масло сливочное,Butter,Сариёғ,2025-M04,2025,68629.0
039,Limon,Лимоны,Lemons,Лимон,2025-M04,2025,29928.0
0040,Olma,Яблоки,Apples,Олма,2025-M04,2025,9726.0
041,Nok,Груши,Pears,Нок,2025-M04,2025,19873.0
049,Uzum,Виноград,Grape,Узум,2025-M04,2025,51973.0
0050,Tarvuz,Арбуз,Watermelon,Тарвуз,2025-M04,2025,0.0
0051,Qovun,Дыня,Melon,Қовун,2025-M04,2025,16125.0
053,Mayiz,Кишмиш,Kishmish,Майиз,2025-M04,2025,47657.0
055,Karam,Капуста,Cabbage,Карам,2025-M04,2025,6496.0
057,Bodring,Огурцы,Cucumbers,Бодринг,2025-M04,2025,13725.0
058,Pomidor,Помидоры,Tomatoes,Помидор,2025-M04,2025,29758.0
059,Baqlajon,Баклажаны,Eggplant,Бақлажон,2025-M04,2025,33769.0
0060,Bulg'or qalampiri,Перец болгарский,Bell pepper,Булғор қалампири,2025-M04,2025,41876.0
061,Qovoq,Тыква,Pumpkin,Қовоқ,2025-M04,2025,7768.0
063,Sabzi,Морковь,Carrot,Сабзи,2025-M04,2025,5831.0
065,Sarimsoq,Чеснок,Garlic,Саримсоқ,2025-M04,2025,38964.0
066,Piyoz,Лук репчатый,Onion,Пиёз,2025-M04,2025,3909.0
069,Kartoshka,Картофель,Potatoes,Картошка,2025-M04,2025,6632.0
0070,Loviya,Фасоль,Beans,Ловия,2025-M04,2025,20631.0
071,No'xot,Горох,Peas,Нўхот,2025-M04,2025,19049.0
0072,Mosh,Маш,Mash,Мош,2025-M04,2025,17435.0
073,Shakar,Сахар песок,Sugar,Шакар,2025-M04,2025,13840.0
002,Kruppa yormasi,Крупа манная,Semolina,Круппа ёрмаси,2025-M04,2025,0.0
001,Guruch,Рис,Rice,Гуруч,2025-M05,2025,18252.0
003,Arpa,Ячмень,Barley,Арпа,2025-M05,2025,4074.0
0004,Bug'doy,Пшеница,Wheat,Буғдой,2025-M05,2025,3486.0
005,Jo'hori,Кукуруза,Corn,Жўҳори,2025-M05,2025,4506.0
006,Kepak,Отруби,Bran,Кепак,2025-M05,2025,3210.0
0008,Shrot,Шрот,Schroth,Шрот,2025-M05,2025,5038.0
009,Shulxa,Шелуха,Husk,Шулха,2025-M05,2025,4067.0
010,Kombikorm,Комбикорм,Compound feed,Комбикорм,2025-M05,2025,3762.0
011,Oliy navli bug'doy uni,Мука пшеничная высшего сорта,High-grade wheat flour,Олий навли буғдой уни,2025-M05,2025,8338.0
0012,1-navli bug'doy uni,Мука пшеничная первого сорта,First grade wheat flour,1-навли буғдой уни,2025-M05,2025,6040.0
013,1-nav bug'doy unidan non,Хлеб пшеничный из муки 1-го сорта,Wheat bread from 1st grade flour,1-нав буғдой унидан нон,2025-M05,2025,6279.0
017,Mol go'shti,Говядина,Beef,Мол гўшти,2025-M05,2025,110821.0
0020,Qo'y go'shti,Баранина,Mutton,Қўй гўшти,2025-M05,2025,117187.0
022,Tovuq go'shti,Мясо птицы,Poultry,Товуқ гўшти,2025-M05,2025,31086.0
026,Turli baliqlar,Рыба всякая,Fish of all kinds,Турли балиқлар,2025-M05,2025,32967.0
027,Yangi sog'ilgan sut (1 litr),Молоко свежее (1 литр),Fresh milk (1 liter),Янги соғилган сут (1 литр),2025-M05,2025,7541.0
034,Tuxum (10 dona),Яйца (10 штук),Eggs (10 pieces ),Тухум (10 дона),2025-M05,2025,9752.0
035,Paxta yog'i (1 litr),Масло хлопковое (1 литр),Cottonseed oil (1 liter),Пахта ёғи (1 литр),2025-M05,2025,18408.0
0036,Kungaboqar yog'i (1 litr),Масло подсолнечное (1 литр),Sunflower oil (1 liter),Кунгабоқар ёғи (1 литр),2025-M05,2025,20086.0
037,Sariyog',Масло сливочное,Butter,Сариёғ,2025-M05,2025,68568.0
039,Limon,Лимоны,Lemons,Лимон,2025-M05,2025,35232.0
0040,Olma,Яблоки,Apples,Олма,2025-M05,2025,10002.0
041,Nok,Груши,Pears,Нок,2025-M05,2025,20287.0
049,Uzum,Виноград,Grape,Узум,2025-M05,2025,0.0
0050,Tarvuz,Арбуз,Watermelon,Тарвуз,2025-M05,2025,9356.0
0051,Qovun,Дыня,Melon,Қовун,2025-M05,2025,9983.0
053,Mayiz,Кишмиш,Kishmish,Майиз,2025-M05,2025,47989.0
055,Karam,Капуста,Cabbage,Карам,2025-M05,2025,4875.0
057,Bodring,Огурцы,Cucumbers,Бодринг,2025-M05,2025,3882.0
058,Pomidor,Помидоры,Tomatoes,Помидор,2025-M05,2025,17702.0
059,Baqlajon,Баклажаны,Eggplant,Бақлажон,2025-M05,2025,20756.0
0060,Bulg'or qalampiri,Перец болгарский,Bell pepper,Булғор қалампири,2025-M05,2025,28766.0
061,Qovoq,Тыква,Pumpkin,Қовоқ,2025-M05,2025,13241.0
063,Sabzi,Морковь,Carrot,Сабзи,2025-M05,2025,6036.0
065,Sarimsoq,Чеснок,Garlic,Саримсоқ,2025-M05,2025,30431.0
066,Piyoz,Лук репчатый,Onion,Пиёз,2025-M05,2025,4278.0
069,Kartoshka,Картофель,Potatoes,Картошка,2025-M05,2025,6258.0
0070,Loviya,Фасоль,Beans,Ловия,2025-M05,2025,20802.0
071,No'xot,Горох,Peas,Нўхот,2025-M05,2025,19094.0
0072,Mosh,Маш,Mash,Мош,2025-M05,2025,17592.0
073,Shakar,Сахар песок,Sugar,Шакар,2025-M05,2025,13979.0
002,Kruppa yormasi,Крупа манная,Semolina,Круппа ёрмаси,2025-M05,2025,0.0
001,Guruch,Рис,Rice,Гуруч,2025-M06,2025,18016.0
003,Arpa,Ячмень,Barley,Арпа,2025-M06,2025,4121.0
0004,Bug'doy,Пшеница,Wheat,Буғдой,2025-M06,2025,3449.0
005,Jo'hori,Кукуруза,Corn,Жўҳори,2025-M06,2025,4594.0
006,Kepak,Отруби,Bran,Кепак,2025-M06,2025,3229.0
0008,Shrot,Шрот,Schroth,Шрот,2025-M06,2025,5132.0
009,Shulxa,Шелуха,Husk,Шулха,2025-M06,2025,4128.0
010,Kombikorm,Комбикорм,Compound feed,Комбикорм,2025-M06,2025,3768.0
011,Oliy navli bug'doy uni,Мука пшеничная высшего сорта,High-grade wheat flour,Олий навли буғдой уни,2025-M06,2025,8335.0
0012,1-navli bug'doy uni,Мука пшеничная первого сорта,First grade wheat flour,1-навли буғдой уни,2025-M06,2025,6030.0
013,1-nav bug'doy unidan non,Хлеб пшеничный из муки 1-го сорта,Wheat bread from 1st grade flour,1-нав буғдой унидан нон,2025-M06,2025,6280.0
017,Mol go'shti,Говядина,Beef,Мол гўшти,2025-M06,2025,111016.0
0020,Qo'y go'shti,Баранина,Mutton,Қўй гўшти,2025-M06,2025,117759.0
022,Tovuq go'shti,Мясо птицы,Poultry,Товуқ гўшти,2025-M06,2025,31260.0
026,Turli baliqlar,Рыба всякая,Fish of all kinds,Турли балиқлар,2025-M06,2025,32923.0
027,Yangi sog'ilgan sut (1 litr),Молоко свежее (1 литр),Fresh milk (1 liter),Янги соғилган сут (1 литр),2025-M06,2025,7549.0
034,Tuxum (10 dona),Яйца (10 штук),Eggs (10 pieces ),Тухум (10 дона),2025-M06,2025,9924.0
035,Paxta yog'i (1 litr),Масло хлопковое (1 литр),Cottonseed oil (1 liter),Пахта ёғи (1 литр),2025-M06,2025,18439.0
0036,Kungaboqar yog'i (1 litr),Масло подсолнечное (1 литр),Sunflower oil (1 liter),Кунгабоқар ёғи (1 литр),2025-M06,2025,20057.0
037,Sariyog',Масло сливочное,Butter,Сариёғ,2025-M06,2025,68532.0
039,Limon,Лимоны,Lemons,Лимон,2025-M06,2025,42501.0
0040,Olma,Яблоки,Apples,Олма,2025-M06,2025,10589.0
041,Nok,Груши,Pears,Нок,2025-M06,2025,20665.0
049,Uzum,Виноград,Grape,Узум,2025-M06,2025,16927.0
0050,Tarvuz,Арбуз,Watermelon,Тарвуз,2025-M06,2025,2620.0
0051,Qovun,Дыня,Melon,Қовун,2025-M06,2025,5145.0
053,Mayiz,Кишмиш,Kishmish,Майиз,2025-M06,2025,48185.0
055,Karam,Капуста,Cabbage,Карам,2025-M06,2025,3263.0
057,Bodring,Огурцы,Cucumbers,Бодринг,2025-M06,2025,2967.0
058,Pomidor,Помидоры,Tomatoes,Помидор,2025-M06,2025,9386.0
059,Baqlajon,Баклажаны,Eggplant,Бақлажон,2025-M06,2025,10140.0
0060,Bulg'or qalampiri,Перец болгарский,Bell pepper,Булғор қалампири,2025-M06,2025,13449.0
061,Qovoq,Тыква,Pumpkin,Қовоқ,2025-M06,2025,8396.0
063,Sabzi,Морковь,Carrot,Сабзи,2025-M06,2025,6944.0
065,Sarimsoq,Чеснок,Garlic,Саримсоқ,2025-M06,2025,20290.0
066,Piyoz,Лук репчатый,Onion,Пиёз,2025-M06,2025,3993.0
069,Kartoshka,Картофель,Potatoes,Картошка,2025-M06,2025,5392.0
0070,Loviya,Фасоль,Beans,Ловия,2025-M06,2025,20974.0
071,No'xot,Горох,Peas,Нўхот,2025-M06,2025,19090.0
0072,Mosh,Маш,Mash,Мош,2025-M06,2025,17677.0
073,Shakar,Сахар песок,Sugar,Шакар,2025-M06,2025,14115.0
002,Kruppa yormasi,Крупа манная,Semolina,Круппа ёрмаси,2025-M06,2025,0.0
001,Guruch,Рис,Rice,Гуруч,2025-M07,2025,17704.0
003,Arpa,Ячмень,Barley,Арпа,2025-M07,2025,4094.0
0004,Bug'doy,Пшеница,Wheat,Буғдой,2025-M07,2025,3439.0
005,Jo'hori,Кукуруза,Corn,Жўҳори,2025-M07,2025,4820.0
006,Kepak,Отруби,Bran,Кепак,2025-M07,2025,3247.0
0008,Shrot,Шрот,Schroth,Шрот,2025-M07,2025,5201.0
009,Shulxa,Шелуха,Husk,Шулха,2025-M07,2025,4157.0
010,Kombikorm,Комбикорм,Compound feed,Комбикорм,2025-M07,2025,3770.0
011,Oliy navli bug'doy uni,Мука пшеничная высшего сорта,High-grade wheat flour,Олий навли буғдой уни,2025-M07,2025,8319.0
0012,1-navli bug'doy uni,Мука пшеничная первого сорта,First grade wheat flour,1-навли буғдой уни,2025-M07,2025,6022.0
013,1-nav bug'doy unidan non,Хлеб пшеничный из муки 1-го сорта,Wheat bread from 1st grade flour,1-нав буғдой унидан нон,2025-M07,2025,6301.0
017,Mol go'shti,Говядина,Beef,Мол гўшти,2025-M07,2025,111626.0
0020,Qo'y go'shti,Баранина,Mutton,Қўй гўшти,2025-M07,2025,118072.0
022,Tovuq go'shti,Мясо птицы,Poultry,Товуқ гўшти,2025-M07,2025,31567.0
026,Turli baliqlar,Рыба всякая,Fish of all kinds,Турли балиқлар,2025-M07,2025,33110.0
027,Yangi sog'ilgan sut (1 litr),Молоко свежее (1 литр),Fresh milk (1 liter),Янги соғилган сут (1 литр),2025-M07,2025,7535.0
034,Tuxum (10 dona),Яйца (10 штук),Eggs (10 pieces ),Тухум (10 дона),2025-M07,2025,9807.0
035,Paxta yog'i (1 litr),Масло хлопковое (1 литр),Cottonseed oil (1 liter),Пахта ёғи (1 литр),2025-M07,2025,18709.0
0036,Kungaboqar yog'i (1 litr),Масло подсолнечное (1 литр),Sunflower oil (1 liter),Кунгабоқар ёғи (1 литр),2025-M07,2025,20144.0
037,Sariyog',Масло сливочное,Butter,Сариёғ,2025-M07,2025,69151.0
039,Limon,Лимоны,Lemons,Лимон,2025-M07,2025,60934.0
0040,Olma,Яблоки,Apples,Олма,2025-M07,2025,9846.0
041,Nok,Груши,Pears,Нок,2025-M07,2025,20567.0
049,Uzum,Виноград,Grape,Узум,2025-M07,2025,11381.0
0050,Tarvuz,Арбуз,Watermelon,Тарвуз,2025-M07,2025,1908.0
0051,Qovun,Дыня,Melon,Қовун,2025-M07,2025,4316.0
053,Mayiz,Кишмиш,Kishmish,Майиз,2025-M07,2025,48511.0
055,Karam,Капуста,Cabbage,Карам,2025-M07,2025,4546.0
057,Bodring,Огурцы,Cucumbers,Бодринг,2025-M07,2025,10212.0
058,Pomidor,Помидоры,Tomatoes,Помидор,2025-M07,2025,3831.0
059,Baqlajon,Баклажаны,Eggplant,Бақлажон,2025-M07,2025,5233.0
0060,Bulg'or qalampiri,Перец болгарский,Bell pepper,Булғор қалампири,2025-M07,2025,8201.0
061,Qovoq,Тыква,Pumpkin,Қовоқ,2025-M07,2025,6825.0
063,Sabzi,Морковь,Carrot,Сабзи,2025-M07,2025,6496.0
065,Sarimsoq,Чеснок,Garlic,Саримсоқ,2025-M07,2025,22601.0
066,Piyoz,Лук репчатый,Onion,Пиёз,2025-M07,2025,3662.0
069,Kartoshka,Картофель,Potatoes,Картошка,2025-M07,2025,5358.0
0070,Loviya,Фасоль,Beans,Ловия,2025-M07,2025,20976.0
071,No'xot,Горох,Peas,Нўхот,2025-M07,2025,19114.0
0072,Mosh,Маш,Mash,Мош,2025-M07,2025,17921.0
073,Shakar,Сахар песок,Sugar,Шакар,2025-M07,2025,14241.0
002,Kruppa yormasi,Крупа манная,Semolina,Круппа ёрмаси,2025-M07,2025,0.0
001,Guruch,Рис,Rice,Гуруч,2025-M08,2025,17624.0
003,Arpa,Ячмень,Barley,Арпа,2025-M08,2025,4103.0
0004,Bug'doy,Пшеница,Wheat,Буғдой,2025-M08,2025,3481.0
005,Jo'hori,Кукуруза,Corn,Жўҳори,2025-M08,2025,4871.0
006,Kepak,Отруби,Bran,Кепак,2025-M08,2025,3262.0
0008,Shrot,Шрот,Schroth,Шрот,2025-M08,2025,5273.0
009,Shulxa,Шелуха,Husk,Шулха,2025-M08,2025,4193.0
010,Kombikorm,Комбикорм,Compound feed,Комбикорм,2025-M08,2025,3804.0
011,Oliy navli bug'doy uni,Мука пшеничная высшего сорта,High-grade wheat flour,Олий навли буғдой уни,2025-M08,2025,8315.0
0012,1-navli bug'doy uni,Мука пшеничная первого сорта,First grade wheat flour,1-навли буғдой уни,2025-M08,2025,6039.0
013,1-nav bug'doy unidan non,Хлеб пшеничный из муки 1-го сорта,Wheat bread from 1st grade flour,1-нав буғдой унидан нон,2025-M08,2025,6314.0
017,Mol go'shti,Говядина,Beef,Мол гўшти,2025-M08,2025,109988.0
0020,Qo'y go'shti,Баранина,Mutton,Қўй гўшти,2025-M08,2025,118859.0
022,Tovuq go'shti,Мясо птицы,Poultry,Товуқ гўшти,2025-M08,2025,32127.0
026,Turli baliqlar,Рыба всякая,Fish of all kinds,Турли балиқлар,2025-M08,2025,33223.0
027,Yangi sog'ilgan sut (1 litr),Молоко свежее (1 литр),Fresh milk (1 liter),Янги соғилган сут (1 литр),2025-M08,2025,7551.0
034,Tuxum (10 dona),Яйца (10 штук),Eggs (10 pieces ),Тухум (10 дона),2025-M08,2025,10201.0
035,Paxta yog'i (1 litr),Масло хлопковое (1 литр),Cottonseed oil (1 liter),Пахта ёғи (1 литр),2025-M08,2025,19232.0
0036,Kungaboqar yog'i (1 litr),Масло подсолнечное (1 литр),Sunflower oil (1 liter),Кунгабоқар ёғи (1 литр),2025-M08,2025,20242.0
037,Sariyog',Масло сливочное,Butter,Сариёғ,2025-M08,2025,69866.0
039,Limon,Лимоны,Lemons,Лимон,2025-M08,2025,58816.0
0040,Olma,Яблоки,Apples,Олма,2025-M08,2025,9848.0
041,Nok,Груши,Pears,Нок,2025-M08,2025,20423.0
049,Uzum,Виноград,Grape,Узум,2025-M08,2025,11167.0
0050,Tarvuz,Арбуз,Watermelon,Тарвуз,2025-M08,2025,3407.0
0051,Qovun,Дыня,Melon,Қовун,2025-M08,2025,4786.0
053,Mayiz,Кишмиш,Kishmish,Майиз,2025-M08,2025,48374.0
055,Karam,Капуста,Cabbage,Карам,2025-M08,2025,6457.0
057,Bodring,Огурцы,Cucumbers,Бодринг,2025-M08,2025,8977.0
058,Pomidor,Помидоры,Tomatoes,Помидор,2025-M08,2025,3982.0
059,Baqlajon,Баклажаны,Eggplant,Бақлажон,2025-M08,2025,4557.0
0060,Bulg'or qalampiri,Перец болгарский,Bell pepper,Булғор қалампири,2025-M08,2025,7687.0
061,Qovoq,Тыква,Pumpkin,Қовоқ,2025-M08,2025,5242.0
063,Sabzi,Морковь,Carrot,Сабзи,2025-M08,2025,6344.0
065,Sarimsoq,Чеснок,Garlic,Саримсоқ,2025-M08,2025,24196.0
066,Piyoz,Лук репчатый,Onion,Пиёз,2025-M08,2025,3472.0
069,Kartoshka,Картофель,Potatoes,Картошка,2025-M08,2025,5732.0
0070,Loviya,Фасоль,Beans,Ловия,2025-M08,2025,20860.0
071,No'xot,Горох,Peas,Нўхот,2025-M08,2025,19177.0
0072,Mosh,Маш,Mash,Мош,2025-M08,2025,18209.0
073,Shakar,Сахар песок,Sugar,Шакар,2025-M08,2025,14160.0
002,Kruppa yormasi,Крупа манная,Semolina,Круппа ёрмаси,2025-M08,2025,0.0
001,Guruch,Рис,Rice,Гуруч,2025-M09,2025,17511.0
003,Arpa,Ячмень,Barley,Арпа,2025-M09,2025,4101.0
0004,Bug'doy,Пшеница,Wheat,Буғдой,2025-M09,2025,3488.0
005,Jo'hori,Кукуруза,Corn,Жўҳори,2025-M09,2025,4652.0
006,Kepak,Отруби,Bran,Кепак,2025-M09,2025,3245.0
0008,Shrot,Шрот,Schroth,Шрот,2025-M09,2025,5309.0
009,Shulxa,Шелуха,Husk,Шулха,2025-M09,2025,4299.0
010,Kombikorm,Комбикорм,Compound feed,Комбикорм,2025-M09,2025,3808.0
011,Oliy navli bug'doy uni,Мука пшеничная высшего сорта,High-grade wheat flour,Олий навли буғдой уни,2025-M09,2025,8307.0
0012,1-navli bug'doy uni,Мука пшеничная первого сорта,First grade wheat flour,1-навли буғдой уни,2025-M09,2025,5988.0
013,1-nav bug'doy unidan non,Хлеб пшеничный из муки 1-го сорта,Wheat bread from 1st grade flour,1-нав буғдой унидан нон,2025-M09,2025,6300.0
017,Mol go'shti,Говядина,Beef,Мол гўшти,2025-M09,2025,107867.0
0020,Qo'y go'shti,Баранина,Mutton,Қўй гўшти,2025-M09,2025,116993.0
022,Tovuq go'shti,Мясо птицы,Poultry,Товуқ гўшти,2025-M09,2025,32261.0
026,Turli baliqlar,Рыба всякая,Fish of all kinds,Турли балиқлар,2025-M09,2025,34192.0
027,Yangi sog'ilgan sut (1 litr),Молоко свежее (1 литр),Fresh milk (1 liter),Янги соғилган сут (1 литр),2025-M09,2025,7504.0
034,Tuxum (10 dona),Яйца (10 штук),Eggs (10 pieces ),Тухум (10 дона),2025-M09,2025,10763.0
035,Paxta yog'i (1 litr),Масло хлопковое (1 литр),Cottonseed oil (1 liter),Пахта ёғи (1 литр),2025-M09,2025,19298.0
0036,Kungaboqar yog'i (1 litr),Масло подсолнечное (1 литр),Sunflower oil (1 liter),Кунгабоқар ёғи (1 литр),2025-M09,2025,20158.0
037,Sariyog',Масло сливочное,Butter,Сариёғ,2025-M09,2025,69943.0
039,Limon,Лимоны,Lemons,Лимон,2025-M09,2025,37215.0
0040,Olma,Яблоки,Apples,Олма,2025-M09,2025,10115.0
041,Nok,Груши,Pears,Нок,2025-M09,2025,19758.0
049,Uzum,Виноград,Grape,Узум,2025-M09,2025,11045.0
0050,Tarvuz,Арбуз,Watermelon,Тарвуз,2025-M09,2025,3015.0
0051,Qovun,Дыня,Melon,Қовун,2025-M09,2025,4809.0
053,Mayiz,Кишмиш,Kishmish,Майиз,2025-M09,2025,48297.0
055,Karam,Капуста,Cabbage,Карам,2025-M09,2025,5468.0
057,Bodring,Огурцы,Cucumbers,Бодринг,2025-M09,2025,5643.0
058,Pomidor,Помидоры,Tomatoes,Помидор,2025-M09,2025,5791.0
059,Baqlajon,Баклажаны,Eggplant,Бақлажон,2025-M09,2025,4673.0
0060,Bulg'or qalampiri,Перец болгарский,Bell pepper,Булғор қалампири,2025-M09,2025,7631.0
061,Qovoq,Тыква,Pumpkin,Қовоқ,2025-M09,2025,4693.0
063,Sabzi,Морковь,Carrot,Сабзи,2025-M09,2025,6371.0
065,Sarimsoq,Чеснок,Garlic,Саримсоқ,2025-M09,2025,24082.0
066,Piyoz,Лук репчатый,Onion,Пиёз,2025-M09,2025,2929.0
069,Kartoshka,Картофель,Potatoes,Картошка,2025-M09,2025,5312.0
0070,Loviya,Фасоль,Beans,Ловия,2025-M09,2025,20892.0
071,No'xot,Горох,Peas,Нўхот,2025-M09,2025,19157.0
0072,Mosh,Маш,Mash,Мош,2025-M09,2025,18414.0
073,Shakar,Сахар песок,Sugar,Шакар,2025-M09,2025,13933.0
002,Kruppa yormasi,Крупа манная,Semolina,Круппа ёрмаси,2025-M09,2025,0.0
001,Guruch,Рис,Rice,Гуруч,2025-M10,2025,17251.0
003,Arpa,Ячмень,Barley,Арпа,2025-M10,2025,4099.0
0004,Bug'doy,Пшеница,Wheat,Буғдой,2025-M10,2025,3513.0
005,Jo'hori,Кукуруза,Corn,Жўҳори,2025-M10,2025,4569.0
006,Kepak,Отруби,Bran,Кепак,2025-M10,2025,3170.0
0008,Shrot,Шрот,Schroth,Шрот,2025-M10,2025,5229.0
009,Shulxa,Шелуха,Husk,Шулха,2025-M10,2025,4272.0
010,Kombikorm,Комбикорм,Compound feed,Комбикорм,2025-M10,2025,3803.0
011,Oliy navli bug'doy uni,Мука пшеничная высшего сорта,High-grade wheat flour,Олий навли буғдой уни,2025-M10,2025,8298.0
0012,1-navli bug'doy uni,Мука пшеничная первого сорта,First grade wheat flour,1-навли буғдой уни,2025-M10,2025,5935.0
013,1-nav bug'doy unidan non,Хлеб пшеничный из муки 1-го сорта,Wheat bread from 1st grade flour,1-нав буғдой унидан нон,2025-M10,2025,6299.0
017,Mol go'shti,Говядина,Beef,Мол гўшти,2025-M10,2025,108303.0
0020,Qo'y go'shti,Баранина,Mutton,Қўй гўшти,2025-M10,2025,117005.0
022,Tovuq go'shti,Мясо птицы,Poultry,Товуқ гўшти,2025-M10,2025,32332.0
026,Turli baliqlar,Рыба всякая,Fish of all kinds,Турли балиқлар,2025-M10,2025,32625.0
027,Yangi sog'ilgan sut (1 litr),Молоко свежее (1 литр),Fresh milk (1 liter),Янги соғилган сут (1 литр),2025-M10,2025,7561.0
034,Tuxum (10 dona),Яйца (10 штук),Eggs (10 pieces ),Тухум (10 дона),2025-M10,2025,11269.0
035,Paxta yog'i (1 litr),Масло хлопковое (1 литр),Cottonseed oil (1 liter),Пахта ёғи (1 литр),2025-M10,2025,19074.0
0036,Kungaboqar yog'i (1 litr),Масло подсолнечное (1 литр),Sunflower oil (1 liter),Кунгабоқар ёғи (1 литр),2025-M10,2025,20087.0
037,Sariyog',Масло сливочное,Butter,Сариёғ,2025-M10,2025,70080.0
039,Limon,Лимоны,Lemons,Лимон,2025-M10,2025,28999.0
0040,Olma,Яблоки,Apples,Олма,2025-M10,2025,10285.0
041,Nok,Груши,Pears,Нок,2025-M10,2025,19310.0
049,Uzum,Виноград,Grape,Узум,2025-M10,2025,12462.0
0050,Tarvuz,Арбуз,Watermelon,Тарвуз,2025-M10,2025,3981.0
0051,Qovun,Дыня,Melon,Қовун,2025-M10,2025,5182.0
053,Mayiz,Кишмиш,Kishmish,Майиз,2025-M10,2025,48381.0
055,Karam,Капуста,Cabbage,Карам,2025-M10,2025,4937.0
057,Bodring,Огурцы,Cucumbers,Бодринг,2025-M10,2025,11131.0
058,Pomidor,Помидоры,Tomatoes,Помидор,2025-M10,2025,9760.0
059,Baqlajon,Баклажаны,Eggplant,Бақлажон,2025-M10,2025,5419.0
0060,Bulg'or qalampiri,Перец болгарский,Bell pepper,Булғор қалампири,2025-M10,2025,9280.0
061,Qovoq,Тыква,Pumpkin,Қовоқ,2025-M10,2025,4492.0
063,Sabzi,Морковь,Carrot,Сабзи,2025-M10,2025,4696.0
065,Sarimsoq,Чеснок,Garlic,Саримсоқ,2025-M10,2025,24104.0
066,Piyoz,Лук репчатый,Onion,Пиёз,2025-M10,2025,2616.0
069,Kartoshka,Картофель,Potatoes,Картошка,2025-M10,2025,4956.0
0070,Loviya,Фасоль,Beans,Ловия,2025-M10,2025,20031.0
071,No'xot,Горох,Peas,Нўхот,2025-M10,2025,18950.0
0072,Mosh,Маш,Mash,Мош,2025-M10,2025,18306.0
073,Shakar,Сахар песок,Sugar,Шакар,2025-M10,2025,13645.0
002,Kruppa yormasi,Крупа манная,Semolina,Круппа ёрмаси,2025-M10,2025,0.0
001,Guruch,Рис,Rice,Гуруч,2025-M11,2025,16879.0
003,Arpa,Ячмень,Barley,Арпа,2025-M11,2025,4102.0
0004,Bug'doy,Пшеница,Wheat,Буғдой,2025-M11,2025,3604.0
005,Jo'hori,Кукуруза,Corn,Жўҳори,2025-M11,2025,4549.0
006,Kepak,Отруби,Bran,Кепак,2025-M11,2025,3168.0
0008,Shrot,Шрот,Schroth,Шрот,2025-M11,2025,5127.0
009,Shulxa,Шелуха,Husk,Шулха,2025-M11,2025,4161.0
010,Kombikorm,Комбикорм,Compound feed,Комбикорм,2025-M11,2025,3813.0
011,Oliy navli bug'doy uni,Мука пшеничная высшего сорта,High-grade wheat flour,Олий навли буғдой уни,2025-M11,2025,8258.0
0012,1-navli bug'doy uni,Мука пшеничная первого сорта,First grade wheat flour,1-навли буғдой уни,2025-M11,2025,5920.0
013,1-nav bug'doy unidan non,Хлеб пшеничный из муки 1-го сорта,Wheat bread from 1st grade flour,1-нав буғдой унидан нон,2025-M11,2025,6261.0
017,Mol go'shti,Говядина,Beef,Мол гўшти,2025-M11,2025,107220.0
0020,Qo'y go'shti,Баранина,Mutton,Қўй гўшти,2025-M11,2025,114825.0
022,Tovuq go'shti,Мясо птицы,Poultry,Товуқ гўшти,2025-M11,2025,32153.0
026,Turli baliqlar,Рыба всякая,Fish of all kinds,Турли балиқлар,2025-M11,2025,32293.0
027,Yangi sog'ilgan sut (1 litr),Молоко свежее (1 литр),Fresh milk (1 liter),Янги соғилган сут (1 литр),2025-M11,2025,7555.0
034,Tuxum (10 dona),Яйца (10 штук),Eggs (10 pieces ),Тухум (10 дона),2025-M11,2025,11230.0
035,Paxta yog'i (1 litr),Масло хлопковое (1 литр),Cottonseed oil (1 liter),Пахта ёғи (1 литр),2025-M11,2025,19000.0
0036,Kungaboqar yog'i (1 litr),Масло подсолнечное (1 литр),Sunflower oil (1 liter),Кунгабоқар ёғи (1 литр),2025-M11,2025,20157.0
037,Sariyog',Масло сливочное,Butter,Сариёғ,2025-M11,2025,70066.0
039,Limon,Лимоны,Lemons,Лимон,2025-M11,2025,28842.0
0040,Olma,Яблоки,Apples,Олма,2025-M11,2025,10470.0
041,Nok,Груши,Pears,Нок,2025-M11,2025,19319.0
049,Uzum,Виноград,Grape,Узум,2025-M11,2025,15277.0
0050,Tarvuz,Арбуз,Watermelon,Тарвуз,2025-M11,2025,4799.0
0051,Qovun,Дыня,Melon,Қовун,2025-M11,2025,5657.0
053,Mayiz,Кишмиш,Kishmish,Майиз,2025-M11,2025,48611.0
055,Karam,Капуста,Cabbage,Карам,2025-M11,2025,4732.0
057,Bodring,Огурцы,Cucumbers,Бодринг,2025-M11,2025,21541.0
058,Pomidor,Помидоры,Tomatoes,Помидор,2025-M11,2025,14892.0
059,Baqlajon,Баклажаны,Eggplant,Бақлажон,2025-M11,2025,7655.0
0060,Bulg'or qalampiri,Перец болгарский,Bell pepper,Булғор қалампири,2025-M11,2025,14239.0
061,Qovoq,Тыква,Pumpkin,Қовоқ,2025-M11,2025,4481.0
063,Sabzi,Морковь,Carrot,Сабзи,2025-M11,2025,3249.0
065,Sarimsoq,Чеснок,Garlic,Саримсоқ,2025-M11,2025,24327.0
066,Piyoz,Лук репчатый,Onion,Пиёз,2025-M11,2025,2512.0
069,Kartoshka,Картофель,Potatoes,Картошка,2025-M11,2025,4806.0
0070,Loviya,Фасоль,Beans,Ловия,2025-M11,2025,19821.0
071,No'xot,Горох,Peas,Нўхот,2025-M11,2025,18858.0
0072,Mosh,Маш,Mash,Мош,2025-M11,2025,18204.0
073,Shakar,Сахар песок,Sugar,Шакар,2025-M11,2025,13141.0
002,Kruppa yormasi,Крупа манная,Semolina,Круппа ёрмаси,2025-M11,2025,0.0
001,Guruch,Рис,Rice,Гуруч,2025-M12,2025,16543.0
003,Arpa,Ячмень,Barley,Арпа,2025-M12,2025,4100.0
0004,Bug'doy,Пшеница,Wheat,Буғдой,2025-M12,2025,3654.0
005,Jo'hori,Кукуруза,Corn,Жўҳори,2025-M12,2025,4554.0
006,Kepak,Отруби,Bran,Кепак,2025-M12,2025,3187.0
0008,Shrot,Шрот,Schroth,Шрот,2025-M12,2025,5120.0
009,Shulxa,Шелуха,Husk,Шулха,2025-M12,2025,4036.0
010,Kombikorm,Комбикорм,Compound feed,Комбикорм,2025-M12,2025,3801.0
011,Oliy navli bug'doy uni,Мука пшеничная высшего сорта,High-grade wheat flour,Олий навли буғдой уни,2025-M12,2025,8255.0
0012,1-navli bug'doy uni,Мука пшеничная первого сорта,First grade wheat flour,1-навли буғдой уни,2025-M12,2025,5894.0
013,1-nav bug'doy unidan non,Хлеб пшеничный из муки 1-го сорта,Wheat bread from 1st grade flour,1-нав буғдой унидан нон,2025-M12,2025,6263.0
017,Mol go'shti,Говядина,Beef,Мол гўшти,2025-M12,2025,106213.0
0020,Qo'y go'shti,Баранина,Mutton,Қўй гўшти,2025-M12,2025,114168.0
022,Tovuq go'shti,Мясо птицы,Poultry,Товуқ гўшти,2025-M12,2025,32191.0
026,Turli baliqlar,Рыба всякая,Fish of all kinds,Турли балиқлар,2025-M12,2025,32438.0
027,Yangi sog'ilgan sut (1 litr),Молоко свежее (1 литр),Fresh milk (1 liter),Янги соғилган сут (1 литр),2025-M12,2025,7621.0
034,Tuxum (10 dona),Яйца (10 штук),Eggs (10 pieces ),Тухум (10 дона),2025-M12,2025,11238.0
035,Paxta yog'i (1 litr),Масло хлопковое (1 литр),Cottonseed oil (1 liter),Пахта ёғи (1 литр),2025-M12,2025,19002.0
0036,Kungaboqar yog'i (1 litr),Масло подсолнечное (1 литр),Sunflower oil (1 liter),Кунгабоқар ёғи (1 литр),2025-M12,2025,20147.0
037,Sariyog',Масло сливочное,Butter,Сариёғ,2025-M12,2025,70267.0
039,Limon,Лимоны,Lemons,Лимон,2025-M12,2025,31048.0
0040,Olma,Яблоки,Apples,Олма,2025-M12,2025,10657.0
041,Nok,Груши,Pears,Нок,2025-M12,2025,19359.0
049,Uzum,Виноград,Grape,Узум,2025-M12,2025,18250.0
0050,Tarvuz,Арбуз,Watermelon,Тарвуз,2025-M12,2025,5650.0
0051,Qovun,Дыня,Melon,Қовун,2025-M12,2025,6586.0
053,Mayiz,Кишмиш,Kishmish,Майиз,2025-M12,2025,48835.0
055,Karam,Капуста,Cabbage,Карам,2025-M12,2025,5055.0
057,Bodring,Огурцы,Cucumbers,Бодринг,2025-M12,2025,33523.0
058,Pomidor,Помидоры,Tomatoes,Помидор,2025-M12,2025,23139.0
059,Baqlajon,Баклажаны,Eggplant,Бақлажон,2025-M12,2025,26315.0
0060,Bulg'or qalampiri,Перец болгарский,Bell pepper,Булғор қалампири,2025-M12,2025,25913.0
061,Qovoq,Тыква,Pumpkin,Қовоқ,2025-M12,2025,4687.0
063,Sabzi,Морковь,Carrot,Сабзи,2025-M12,2025,2821.0
065,Sarimsoq,Чеснок,Garlic,Саримсоқ,2025-M12,2025,25606.0
066,Piyoz,Лук репчатый,Onion,Пиёз,2025-M12,2025,2360.0
069,Kartoshka,Картофель,Potatoes,Картошка,2025-M12,2025,4859.0
0070,Loviya,Фасоль,Beans,Ловия,2025-M12,2025,19779.0
071,No'xot,Горох,Peas,Нўхот,2025-M12,2025,18828.0
0072,Mosh,Маш,Mash,Мош,2025-M12,2025,18245.0
073,Shakar,Сахар песок,Sugar,Шакар,2025-M12,2025,12774.0
002,Kruppa yormasi,Крупа манная,Semolina,Круппа ёрмаси,2025-M12,2025,0.0
001,Guruch,Рис,Rice,Гуруч,2026-M01,2026,16306.0
003,Arpa,Ячмень,Barley,Арпа,2026-M01,2026,4189.0
0004,Bug'doy,Пшеница,Wheat,Буғдой,2026-M01,2026,3751.0
005,Jo'hori,Кукуруза,Corn,Жўҳори,2026-M01,2026,4514.0
006,Kepak,Отруби,Bran,Кепак,2026-M01,2026,3239.0
0008,Shrot,Шрот,Schroth,Шрот,2026-M01,2026,5057.0
009,Shulxa,Шелуха,Husk,Шулха,2026-M01,2026,4044.0
010,Kombikorm,Комбикорм,Compound feed,Комбикорм,2026-M01,2026,3815.0
011,Oliy navli bug'doy uni,Мука пшеничная высшего сорта,High-grade wheat flour,Олий навли буғдой уни,2026-M01,2026,8293.0
0012,1-navli bug'doy uni,Мука пшеничная первого сорта,First grade wheat flour,1-навли буғдой уни,2026-M01,2026,5931.0
013,1-nav bug'doy unidan non,Хлеб пшеничный из муки 1-го сорта,Wheat bread from 1st grade flour,1-нав буғдой унидан нон,2026-M01,2026,6271.0
017,Mol go'shti,Говядина,Beef,Мол гўшти,2026-M01,2026,107099.0
0020,Qo'y go'shti,Баранина,Mutton,Қўй гўшти,2026-M01,2026,117013.0
022,Tovuq go'shti,Мясо птицы,Poultry,Товуқ гўшти,2026-M01,2026,32560.0
026,Turli baliqlar,Рыба всякая,Fish of all kinds,Турли балиқлар,2026-M01,2026,34287.0
027,Yangi sog'ilgan sut (1 litr),Молоко свежее (1 литр),Fresh milk (1 liter),Янги соғилган сут (1 литр),2026-M01,2026,7913.0
034,Tuxum (10 dona),Яйца (10 штук),Eggs (10 pieces ),Тухум (10 дона),2026-M01,2026,11460.0
035,Paxta yog'i (1 litr),Масло хлопковое (1 литр),Cottonseed oil (1 liter),Пахта ёғи (1 литр),2026-M01,2026,19305.0
0036,Kungaboqar yog'i (1 litr),Масло подсолнечное (1 литр),Sunflower oil (1 liter),Кунгабоқар ёғи (1 литр),2026-M01,2026,20296.0
037,Sariyog',Масло сливочное,Butter,Сариёғ,2026-M01,2026,72222.0
039,Limon,Лимоны,Lemons,Лимон,2026-M01,2026,34039.0
0040,Olma,Яблоки,Apples,Олма,2026-M01,2026,11561.0
041,Nok,Груши,Pears,Нок,2026-M01,2026,20303.0
049,Uzum,Виноград,Grape,Узум,2026-M01,2026,22028.0
0050,Tarvuz,Арбуз,Watermelon,Тарвуз,2026-M01,2026,6963.0
0051,Qovun,Дыня,Melon,Қовун,2026-M01,2026,8031.0
053,Mayiz,Кишмиш,Kishmish,Майиз,2026-M01,2026,50837.0
055,Karam,Капуста,Cabbage,Карам,2026-M01,2026,5538.0
057,Bodring,Огурцы,Cucumbers,Бодринг,2026-M01,2026,37407.0
058,Pomidor,Помидоры,Tomatoes,Помидор,2026-M01,2026,26279.0
059,Baqlajon,Баклажаны,Eggplant,Бақлажон,2026-M01,2026,31516.0
0060,Bulg'or qalampiri,Перец болгарский,Bell pepper,Булғор қалампири,2026-M01,2026,36180.0
061,Qovoq,Тыква,Pumpkin,Қовоқ,2026-M01,2026,5368.0
063,Sabzi,Морковь,Carrot,Сабзи,2026-M01,2026,2870.0
065,Sarimsoq,Чеснок,Garlic,Саримсоқ,2026-M01,2026,26906.0
066,Piyoz,Лук репчатый,Onion,Пиёз,2026-M01,2026,2397.0
069,Kartoshka,Картофель,Potatoes,Картошка,2026-M01,2026,5198.0
0070,Loviya,Фасоль,Beans,Ловия,2026-M01,2026,19716.0
071,No'xot,Горох,Peas,Нўхот,2026-M01,2026,18659.0
0072,Mosh,Маш,Mash,Мош,2026-M01,2026,18259.0
073,Shakar,Сахар песок,Sugar,Шакар,2026-M01,2026,12671.0
002,Kruppa yormasi,Крупа манная,Semolina,Круппа ёрмаси,2026-M01,2026,0.0
001,Guruch,Рис,Rice,Гуруч,2026-M02,2026,16155.0
003,Arpa,Ячмень,Barley,Арпа,2026-M02,2026,4200.0
0004,Bug'doy,Пшеница,Wheat,Буғдой,2026-M02,2026,3768.0
005,Jo'hori,Кукуруза,Corn,Жўҳори,2026-M02,2026,4553.0
006,Kepak,Отруби,Bran,Кепак,2026-M02,2026,3309.0
0008,Shrot,Шрот,Schroth,Шрот,2026-M02,2026,5072.0
009,Shulxa,Шелуха,Husk,Шулха,2026-M02,2026,4088.0
010,Kombikorm,Комбикорм,Compound feed,Комбикорм,2026-M02,2026,3865.0
011,Oliy navli bug'doy uni,Мука пшеничная высшего сорта,High-grade wheat flour,Олий навли буғдой уни,2026-M02,2026,8346.0
0012,1-navli bug'doy uni,Мука пшеничная первого сорта,First grade wheat flour,1-навли буғдой уни,2026-M02,2026,5974.0
013,1-nav bug'doy unidan non,Хлеб пшеничный из муки 1-го сорта,Wheat bread from 1st grade flour,1-нав буғдой унидан нон,2026-M02,2026,6263.0
017,Mol go'shti,Говядина,Beef,Мол гўшти,2026-M02,2026,107725.0
0020,Qo'y go'shti,Баранина,Mutton,Қўй гўшти,2026-M02,2026,117420.0
022,Tovuq go'shti,Мясо птицы,Poultry,Товуқ гўшти,2026-M02,2026,32886.0
026,Turli baliqlar,Рыба всякая,Fish of all kinds,Турли балиқлар,2026-M02,2026,34288.0
027,Yangi sog'ilgan sut (1 litr),Молоко свежее (1 литр),Fresh milk (1 liter),Янги соғилган сут (1 литр),2026-M02,2026,8061.0
034,Tuxum (10 dona),Яйца (10 штук),Eggs (10 pieces ),Тухум (10 дона),2026-M02,2026,11610.0
035,Paxta yog'i (1 litr),Масло хлопковое (1 литр),Cottonseed oil (1 liter),Пахта ёғи (1 литр),2026-M02,2026,19304.0
0036,Kungaboqar yog'i (1 litr),Масло подсолнечное (1 литр),Sunflower oil (1 liter),Кунгабоқар ёғи (1 литр),2026-M02,2026,20354.0
037,Sariyog',Масло сливочное,Butter,Сариёғ,2026-M02,2026,72169.0
039,Limon,Лимоны,Lemons,Лимон,2026-M02,2026,35388.0
0040,Olma,Яблоки,Apples,Олма,2026-M02,2026,12497.0
041,Nok,Груши,Pears,Нок,2026-M02,2026,21352.0
049,Uzum,Виноград,Grape,Узум,2026-M02,2026,25540.0
0050,Tarvuz,Арбуз,Watermelon,Тарвуз,2026-M02,2026,0.0
0051,Qovun,Дыня,Melon,Қовун,2026-M02,2026,9894.0
053,Mayiz,Кишмиш,Kishmish,Майиз,2026-M02,2026,52301.0
055,Karam,Капуста,Cabbage,Карам,2026-M02,2026,5596.0
057,Bodring,Огурцы,Cucumbers,Бодринг,2026-M02,2026,32463.0
058,Pomidor,Помидоры,Tomatoes,Помидор,2026-M02,2026,27972.0
059,Baqlajon,Баклажаны,Eggplant,Бақлажон,2026-M02,2026,28129.0
0060,Bulg'or qalampiri,Перец болгарский,Bell pepper,Булғор қалампири,2026-M02,2026,38586.0
061,Qovoq,Тыква,Pumpkin,Қовоқ,2026-M02,2026,5807.0
063,Sabzi,Морковь,Carrot,Сабзи,2026-M02,2026,2930.0
065,Sarimsoq,Чеснок,Garlic,Саримсоқ,2026-M02,2026,27251.0
066,Piyoz,Лук репчатый,Onion,Пиёз,2026-M02,2026,2395.0
069,Kartoshka,Картофель,Potatoes,Картошка,2026-M02,2026,5546.0
0070,Loviya,Фасоль,Beans,Ловия,2026-M02,2026,19659.0
071,No'xot,Горох,Peas,Нўхот,2026-M02,2026,18536.0
0072,Mosh,Маш,Mash,Мош,2026-M02,2026,18264.0
073,Shakar,Сахар песок,Sugar,Шакар,2026-M02,2026,12849.0
002,Kruppa yormasi,Крупа манная,Semolina,Круппа ёрмаси,2026-M02,2026,0.0
001,Guruch,Рис,Rice,Гуруч,2026-M03,2026,15955.0
003,Arpa,Ячмень,Barley,Арпа,2026-M03,2026,4208.0
0004,Bug'doy,Пшеница,Wheat,Буғдой,2026-M03,2026,3788.0
005,Jo'hori,Кукуруза,Corn,Жўҳори,2026-M03,2026,4575.0
006,Kepak,Отруби,Bran,Кепак,2026-M03,2026,3353.0
0008,Shrot,Шрот,Schroth,Шрот,2026-M03,2026,5127.0
009,Shulxa,Шелуха,Husk,Шулха,2026-M03,2026,4102.0
010,Kombikorm,Комбикорм,Compound feed,Комбикорм,2026-M03,2026,3893.0
011,Oliy navli bug'doy uni,Мука пшеничная высшего сорта,High-grade wheat flour,Олий навли буғдой уни,2026-M03,2026,8500.0
0012,1-navli bug'doy uni,Мука пшеничная первого сорта,First grade wheat flour,1-навли буғдой уни,2026-M03,2026,5955.0
013,1-nav bug'doy unidan non,Хлеб пшеничный из муки 1-го сорта,Wheat bread from 1st grade flour,1-нав буғдой унидан нон,2026-M03,2026,6317.0
017,Mol go'shti,Говядина,Beef,Мол гўшти,2026-M03,2026,108476.0
0020,Qo'y go'shti,Баранина,Mutton,Қўй гўшти,2026-M03,2026,118169.0
022,Tovuq go'shti,Мясо птицы,Poultry,Товуқ гўшти,2026-M03,2026,32998.0
026,Turli baliqlar,Рыба всякая,Fish of all kinds,Турли балиқлар,2026-M03,2026,34469.0
027,Yangi sog'ilgan sut (1 litr),Молоко свежее (1 литр),Fresh milk (1 liter),Янги соғилган сут (1 литр),2026-M03,2026,8036.0
034,Tuxum (10 dona),Яйца (10 штук),Eggs (10 pieces ),Тухум (10 дона),2026-M03,2026,11589.0
035,Paxta yog'i (1 litr),Масло хлопковое (1 литр),Cottonseed oil (1 liter),Пахта ёғи (1 литр),2026-M03,2026,19324.0
0036,Kungaboqar yog'i (1 litr),Масло подсолнечное (1 литр),Sunflower oil (1 liter),Кунгабоқар ёғи (1 литр),2026-M03,2026,20368.0
037,Sariyog',Масло сливочное,Butter,Сариёғ,2026-M03,2026,72068.0
039,Limon,Лимоны,Lemons,Лимон,2026-M03,2026,36547.0
0040,Olma,Яблоки,Apples,Олма,2026-M03,2026,12994.0
041,Nok,Груши,Pears,Нок,2026-M03,2026,21611.0
049,Uzum,Виноград,Grape,Узум,2026-M03,2026,29864.0
0050,Tarvuz,Арбуз,Watermelon,Тарвуз,2026-M03,2026,0.0
0051,Qovun,Дыня,Melon,Қовун,2026-M03,2026,12517.0
053,Mayiz,Кишмиш,Kishmish,Майиз,2026-M03,2026,52333.0
055,Karam,Капуста,Cabbage,Карам,2026-M03,2026,5495.0
057,Bodring,Огурцы,Cucumbers,Бодринг,2026-M03,2026,26339.0
058,Pomidor,Помидоры,Tomatoes,Помидор,2026-M03,2026,29697.0
059,Baqlajon,Баклажаны,Eggplant,Бақлажон,2026-M03,2026,30387.0
0060,Bulg'or qalampiri,Перец болгарский,Bell pepper,Булғор қалампири,2026-M03,2026,42573.0
061,Qovoq,Тыква,Pumpkin,Қовоқ,2026-M03,2026,6067.0
063,Sabzi,Морковь,Carrot,Сабзи,2026-M03,2026,2871.0
065,Sarimsoq,Чеснок,Garlic,Саримсоқ,2026-M03,2026,27560.0
066,Piyoz,Лук репчатый,Onion,Пиёз,2026-M03,2026,2254.0
069,Kartoshka,Картофель,Potatoes,Картошка,2026-M03,2026,5819.0
0070,Loviya,Фасоль,Beans,Ловия,2026-M03,2026,19603.0
071,No'xot,Горох,Peas,Нўхот,2026-M03,2026,18571.0
0072,Mosh,Маш,Mash,Мош,2026-M03,2026,18246.0
073,Shakar,Сахар песок,Sugar,Шакар,2026-M03,2026,12926.0
002,Kruppa yormasi,Крупа манная,Semolina,Круппа ёрмаси,2026-M03,2026,0.0
001,Guruch,Рис,Rice,Гуруч,2026-M04,2026,15590.0
003,Arpa,Ячмень,Barley,Арпа,2026-M04,2026,4236.0
0004,Bug'doy,Пшеница,Wheat,Буғдой,2026-M04,2026,3849.0
005,Jo'hori,Кукуруза,Corn,Жўҳори,2026-M04,2026,4647.0
006,Kepak,Отруби,Bran,Кепак,2026-M04,2026,3402.0
0008,Shrot,Шрот,Schroth,Шрот,2026-M04,2026,5162.0
009,Shulxa,Шелуха,Husk,Шулха,2026-M04,2026,4110.0
010,Kombikorm,Комбикорм,Compound feed,Комбикорм,2026-M04,2026,3926.0
011,Oliy navli bug'doy uni,Мука пшеничная высшего сорта,High-grade wheat flour,Олий навли буғдой уни,2026-M04,2026,8671.0
0012,1-navli bug'doy uni,Мука пшеничная первого сорта,First grade wheat flour,1-навли буғдой уни,2026-M04,2026,5999.0
013,1-nav bug'doy unidan non,Хлеб пшеничный из муки 1-го сорта,Wheat bread from 1st grade flour,1-нав буғдой унидан нон,2026-M04,2026,6316.0
017,Mol go'shti,Говядина,Beef,Мол гўшти,2026-M04,2026,115212.0
0020,Qo'y go'shti,Баранина,Mutton,Қўй гўшти,2026-M04,2026,129741.0
022,Tovuq go'shti,Мясо птицы,Poultry,Товуқ гўшти,2026-M04,2026,33189.0
026,Turli baliqlar,Рыба всякая,Fish of all kinds,Турли балиқлар,2026-M04,2026,34892.0
027,Yangi sog'ilgan sut (1 litr),Молоко свежее (1 литр),Fresh milk (1 liter),Янги соғилган сут (1 литр),2026-M04,2026,8030.0
034,Tuxum (10 dona),Яйца (10 штук),Eggs (10 pieces ),Тухум (10 дона),2026-M04,2026,11235.0
035,Paxta yog'i (1 litr),Масло хлопковое (1 литр),Cottonseed oil (1 liter),Пахта ёғи (1 литр),2026-M04,2026,19345.0
0036,Kungaboqar yog'i (1 litr),Масло подсолнечное (1 литр),Sunflower oil (1 liter),Кунгабоқар ёғи (1 литр),2026-M04,2026,20506.0
037,Sariyog',Масло сливочное,Butter,Сариёғ,2026-M04,2026,72352.0
039,Limon,Лимоны,Lemons,Лимон,2026-M04,2026,39827.0
0040,Olma,Яблоки,Apples,Олма,2026-M04,2026,14469.0
041,Nok,Груши,Pears,Нок,2026-M04,2026,21396.0
049,Uzum,Виноград,Grape,Узум,2026-M04,2026,26070.0
0050,Tarvuz,Арбуз,Watermelon,Тарвуз,2026-M04,2026,0.0
0051,Qovun,Дыня,Melon,Қовун,2026-M04,2026,13500.0
053,Mayiz,Кишмиш,Kishmish,Майиз,2026-M04,2026,52643.0
055,Karam,Капуста,Cabbage,Карам,2026-M04,2026,5383.0
057,Bodring,Огурцы,Cucumbers,Бодринг,2026-M04,2026,12856.0
058,Pomidor,Помидоры,Tomatoes,Помидор,2026-M04,2026,26691.0
059,Baqlajon,Баклажаны,Eggplant,Бақлажон,2026-M04,2026,32167.0
0060,Bulg'or qalampiri,Перец болгарский,Bell pepper,Булғор қалампири,2026-M04,2026,42493.0
061,Qovoq,Тыква,Pumpkin,Қовоқ,2026-M04,2026,7029.0
063,Sabzi,Морковь,Carrot,Сабзи,2026-M04,2026,2879.0
065,Sarimsoq,Чеснок,Garlic,Саримсоқ,2026-M04,2026,27183.0
066,Piyoz,Лук репчатый,Onion,Пиёз,2026-M04,2026,2155.0
069,Kartoshka,Картофель,Potatoes,Картошка,2026-M04,2026,6005.0
0070,Loviya,Фасоль,Beans,Ловия,2026-M04,2026,19182.0
071,No'xot,Горох,Peas,Нўхот,2026-M04,2026,18576.0
0072,Mosh,Маш,Mash,Мош,2026-M04,2026,18220.0
073,Shakar,Сахар песок,Sugar,Шакар,2026-M04,2026,13050.0
002,Kruppa yormasi,Крупа манная,Semolina,Круппа ёрмаси,2026-M04,2026,0.0
001,Guruch,Рис,Rice,Гуруч,2026-M05,2026,15416.0
003,Arpa,Ячмень,Barley,Арпа,2026-M05,2026,4233.0
0004,Bug'doy,Пшеница,Wheat,Буғдой,2026-M05,2026,3909.0
005,Jo'hori,Кукуруза,Corn,Жўҳори,2026-M05,2026,4734.0
006,Kepak,Отруби,Bran,Кепак,2026-M05,2026,3439.0
0008,Shrot,Шрот,Schroth,Шрот,2026-M05,2026,5170.0
009,Shulxa,Шелуха,Husk,Шулха,2026-M05,2026,4122.0
010,Kombikorm,Комбикорм,Compound feed,Комбикорм,2026-M05,2026,3952.0
011,Oliy navli bug'doy uni,Мука пшеничная высшего сорта,High-grade wheat flour,Олий навли буғдой уни,2026-M05,2026,8938.0
0012,1-navli bug'doy uni,Мука пшеничная первого сорта,First grade wheat flour,1-навли буғдой уни,2026-M05,2026,6290.0
013,1-nav bug'doy unidan non,Хлеб пшеничный из муки 1-го сорта,Wheat bread from 1st grade flour,1-нав буғдой унидан нон,2026-M05,2026,6330.0
017,Mol go'shti,Говядина,Beef,Мол гўшти,2026-M05,2026,122160.0
0020,Qo'y go'shti,Баранина,Mutton,Қўй гўшти,2026-M05,2026,140454.0
022,Tovuq go'shti,Мясо птицы,Poultry,Товуқ гўшти,2026-M05,2026,33371.0
026,Turli baliqlar,Рыба всякая,Fish of all kinds,Турли балиқлар,2026-M05,2026,37596.0
027,Yangi sog'ilgan sut (1 litr),Молоко свежее (1 литр),Fresh milk (1 liter),Янги соғилган сут (1 литр),2026-M05,2026,8090.0
034,Tuxum (10 dona),Яйца (10 штук),Eggs (10 pieces ),Тухум (10 дона),2026-M05,2026,11053.0
035,Paxta yog'i (1 litr),Масло хлопковое (1 литр),Cottonseed oil (1 liter),Пахта ёғи (1 литр),2026-M05,2026,19557.0
0036,Kungaboqar yog'i (1 litr),Масло подсолнечное (1 литр),Sunflower oil (1 liter),Кунгабоқар ёғи (1 литр),2026-M05,2026,20713.0
037,Sariyog',Масло сливочное,Butter,Сариёғ,2026-M05,2026,72526.0
039,Limon,Лимоны,Lemons,Лимон,2026-M05,2026,43474.0
0040,Olma,Яблоки,Apples,Олма,2026-M05,2026,15647.0
041,Nok,Груши,Pears,Нок,2026-M05,2026,21078.0
049,Uzum,Виноград,Grape,Узум,2026-M05,2026,21750.0
0050,Tarvuz,Арбуз,Watermelon,Тарвуз,2026-M05,2026,12440.0
0051,Qovun,Дыня,Melon,Қовун,2026-M05,2026,15797.0
053,Mayiz,Кишмиш,Kishmish,Майиз,2026-M05,2026,53380.0
055,Karam,Капуста,Cabbage,Карам,2026-M05,2026,4584.0
057,Bodring,Огурцы,Cucumbers,Бодринг,2026-M05,2026,7134.0
058,Pomidor,Помидоры,Tomatoes,Помидор,2026-M05,2026,16820.0
059,Baqlajon,Баклажаны,Eggplant,Бақлажон,2026-M05,2026,20859.0
0060,Bulg'or qalampiri,Перец болгарский,Bell pepper,Булғор қалампири,2026-M05,2026,24486.0
061,Qovoq,Тыква,Pumpkin,Қовоқ,2026-M05,2026,8625.0
063,Sabzi,Морковь,Carrot,Сабзи,2026-M05,2026,2891.0
065,Sarimsoq,Чеснок,Garlic,Саримсоқ,2026-M05,2026,24291.0
066,Piyoz,Лук репчатый,Onion,Пиёз,2026-M05,2026,2116.0
069,Kartoshka,Картофель,Potatoes,Картошка,2026-M05,2026,6129.0
0070,Loviya,Фасоль,Beans,Ловия,2026-M05,2026,18627.0
071,No'xot,Горох,Peas,Нўхот,2026-M05,2026,18548.0
0072,Mosh,Маш,Mash,Мош,2026-M05,2026,18431.0
073,Shakar,Сахар песок,Sugar,Шакар,2026-M05,2026,13178.0
002,Kruppa yormasi,Крупа манная,Semolina,Круппа ёрмаси,2026-M05,2026,0.0
001,Guruch,Рис,Rice,Гуруч,2026-M06,2026,15553.0
003,Arpa,Ячмень,Barley,Арпа,2026-M06,2026,4174.0
0004,Bug'doy,Пшеница,Wheat,Буғдой,2026-M06,2026,3817.0
005,Jo'hori,Кукуруза,Corn,Жўҳори,2026-M06,2026,4792.0
006,Kepak,Отруби,Bran,Кепак,2026-M06,2026,3434.0
0008,Shrot,Шрот,Schroth,Шрот,2026-M06,2026,5195.0
009,Shulxa,Шелуха,Husk,Шулха,2026-M06,2026,4200.0
010,Kombikorm,Комбикорм,Compound feed,Комбикорм,2026-M06,2026,3971.0
011,Oliy navli bug'doy uni,Мука пшеничная высшего сорта,High-grade wheat flour,Олий навли буғдой уни,2026-M06,2026,8933.0
0012,1-navli bug'doy uni,Мука пшеничная первого сорта,First grade wheat flour,1-навли буғдой уни,2026-M06,2026,6296.0
013,1-nav bug'doy unidan non,Хлеб пшеничный из муки 1-го сорта,Wheat bread from 1st grade flour,1-нав буғдой унидан нон,2026-M06,2026,6344.0
017,Mol go'shti,Говядина,Beef,Мол гўшти,2026-M06,2026,124151.0
0020,Qo'y go'shti,Баранина,Mutton,Қўй гўшти,2026-M06,2026,141406.0
022,Tovuq go'shti,Мясо птицы,Poultry,Товуқ гўшти,2026-M06,2026,33299.0
026,Turli baliqlar,Рыба всякая,Fish of all kinds,Турли балиқлар,2026-M06,2026,37978.0
027,Yangi sog'ilgan sut (1 litr),Молоко свежее (1 литр),Fresh milk (1 liter),Янги соғилган сут (1 литр),2026-M06,2026,8103.0
034,Tuxum (10 dona),Яйца (10 штук),Eggs (10 pieces ),Тухум (10 дона),2026-M06,2026,11139.0
035,Paxta yog'i (1 litr),Масло хлопковое (1 литр),Cottonseed oil (1 liter),Пахта ёғи (1 литр),2026-M06,2026,19751.0
0036,Kungaboqar yog'i (1 litr),Масло подсолнечное (1 литр),Sunflower oil (1 liter),Кунгабоқар ёғи (1 литр),2026-M06,2026,20769.0
037,Sariyog',Масло сливочное,Butter,Сариёғ,2026-M06,2026,72591.0
039,Limon,Лимоны,Lemons,Лимон,2026-M06,2026,45513.0
0040,Olma,Яблоки,Apples,Олма,2026-M06,2026,14547.0
041,Nok,Груши,Pears,Нок,2026-M06,2026,20343.0
049,Uzum,Виноград,Grape,Узум,2026-M06,2026,17771.0
0050,Tarvuz,Арбуз,Watermelon,Тарвуз,2026-M06,2026,3247.0
0051,Qovun,Дыня,Melon,Қовун,2026-M06,2026,7381.0
053,Mayiz,Кишмиш,Kishmish,Майиз,2026-M06,2026,54109.0
055,Karam,Капуста,Cabbage,Карам,2026-M06,2026,3754.0
057,Bodring,Огурцы,Cucumbers,Бодринг,2026-M06,2026,5208.0
058,Pomidor,Помидоры,Tomatoes,Помидор,2026-M06,2026,6737.0
059,Baqlajon,Баклажаны,Eggplant,Бақлажон,2026-M06,2026,9373.0
0060,Bulg'or qalampiri,Перец болгарский,Bell pepper,Булғор қалампири,2026-M06,2026,10236.0
061,Qovoq,Тыква,Pumpkin,Қовоқ,2026-M06,2026,7064.0
063,Sabzi,Морковь,Carrot,Сабзи,2026-M06,2026,3662.0
065,Sarimsoq,Чеснок,Garlic,Саримсоқ,2026-M06,2026,17693.0
066,Piyoz,Лук репчатый,Onion,Пиёз,2026-M06,2026,2307.0
069,Kartoshka,Картофель,Potatoes,Картошка,2026-M06,2026,5082.0
0070,Loviya,Фасоль,Beans,Ловия,2026-M06,2026,18078.0
071,No'xot,Горох,Peas,Нўхот,2026-M06,2026,18399.0
0072,Mosh,Маш,Mash,Мош,2026-M06,2026,19255.0
073,Shakar,Сахар песок,Sugar,Шакар,2026-M06,2026,13264.0
002,Kruppa yormasi,Крупа манная,Semolina,Круппа ёрмаси,2026-M06,2026,0.0
001,Guruch,Рис,Rice,Гуруч,2026-M07,2026,15940.0
003,Arpa,Ячмень,Barley,Арпа,2026-M07,2026,4147.0
0004,Bug'doy,Пшеница,Wheat,Буғдой,2026-M07,2026,3818.0
005,Jo'hori,Кукуруза,Corn,Жўҳори,2026-M07,2026,4850.0
006,Kepak,Отруби,Bran,Кепак,2026-M07,2026,3449.0
0008,Shrot,Шрот,Schroth,Шрот,2026-M07,2026,5335.0
009,Shulxa,Шелуха,Husk,Шулха,2026-M07,2026,4384.0
010,Kombikorm,Комбикорм,Compound feed,Комбикорм,2026-M07,2026,3984.0
011,Oliy navli bug'doy uni,Мука пшеничная высшего сорта,High-grade wheat flour,Олий навли буғдой уни,2026-M07,2026,8953.0
0012,1-navli bug'doy uni,Мука пшеничная первого сорта,First grade wheat flour,1-навли буғдой уни,2026-M07,2026,6293.0
013,1-nav bug'doy unidan non,Хлеб пшеничный из муки 1-го сорта,Wheat bread from 1st grade flour,1-нав буғдой унидан нон,2026-M07,2026,6376.0
017,Mol go'shti,Говядина,Beef,Мол гўшти,2026-M07,2026,123455.0
0020,Qo'y go'shti,Баранина,Mutton,Қўй гўшти,2026-M07,2026,140235.0
022,Tovuq go'shti,Мясо птицы,Poultry,Товуқ гўшти,2026-M07,2026,33173.0
026,Turli baliqlar,Рыба всякая,Fish of all kinds,Турли балиқлар,2026-M07,2026,37954.0
027,Yangi sog'ilgan sut (1 litr),Молоко свежее (1 литр),Fresh milk (1 liter),Янги соғилган сут (1 литр),2026-M07,2026,8110.0
034,Tuxum (10 dona),Яйца (10 штук),Eggs (10 pieces ),Тухум (10 дона),2026-M07,2026,10966.0
035,Paxta yog'i (1 litr),Масло хлопковое (1 литр),Cottonseed oil (1 liter),Пахта ёғи (1 литр),2026-M07,2026,19806.0
0036,Kungaboqar yog'i (1 litr),Масло подсолнечное (1 литр),Sunflower oil (1 liter),Кунгабоқар ёғи (1 литр),2026-M07,2026,20706.0
037,Sariyog',Масло сливочное,Butter,Сариёғ,2026-M07,2026,72766.0
039,Limon,Лимоны,Lemons,Лимон,2026-M07,2026,47241.0
0040,Olma,Яблоки,Apples,Олма,2026-M07,2026,12758.0
041,Nok,Груши,Pears,Нок,2026-M07,2026,19292.0
049,Uzum,Виноград,Grape,Узум,2026-M07,2026,13716.0
0050,Tarvuz,Арбуз,Watermelon,Тарвуз,2026-M07,2026,2427.0
0051,Qovun,Дыня,Melon,Қовун,2026-M07,2026,5015.0
053,Mayiz,Кишмиш,Kishmish,Майиз,2026-M07,2026,54497.0
055,Karam,Капуста,Cabbage,Карам,2026-M07,2026,3741.0
057,Bodring,Огурцы,Cucumbers,Бодринг,2026-M07,2026,6443.0
058,Pomidor,Помидоры,Tomatoes,Помидор,2026-M07,2026,4252.0
059,Baqlajon,Баклажаны,Eggplant,Бақлажон,2026-M07,2026,5950.0
0060,Bulg'or qalampiri,Перец болгарский,Bell pepper,Булғор қалампири,2026-M07,2026,8023.0
061,Qovoq,Тыква,Pumpkin,Қовоқ,2026-M07,2026,6024.0
063,Sabzi,Морковь,Carrot,Сабзи,2026-M07,2026,4759.0
065,Sarimsoq,Чеснок,Garlic,Саримсоқ,2026-M07,2026,16648.0
066,Piyoz,Лук репчатый,Onion,Пиёз,2026-M07,2026,2442.0
069,Kartoshka,Картофель,Potatoes,Картошка,2026-M07,2026,4494.0
0070,Loviya,Фасоль,Beans,Ловия,2026-M07,2026,17712.0
071,No'xot,Горох,Peas,Нўхот,2026-M07,2026,18298.0
0072,Mosh,Маш,Mash,Мош,2026-M07,2026,19977.0
073,Shakar,Сахар песок,Sugar,Шакар,2026-M07,2026,13245.0
002,Kruppa yormasi,Крупа манная,Semolina,Круппа ёрмаси,2026-M07,2026,0.0
001,Guruch,Рис,Rice,Гуруч,2026-M08,2026,15850.0
003,Arpa,Ячмень,Barley,Арпа,2026-M08,2026,4160.0
0004,Bug'doy,Пшеница,Wheat,Буғдой,2026-M08,2026,3874.0
005,Jo'hori,Кукуруза,Corn,Жўҳори,2026-M08,2026,4854.0
006,Kepak,Отруби,Bran,Кепак,2026-M08,2026,3501.0
0008,Shrot,Шрот,Schroth,Шрот,2026-M08,2026,5342.0
009,Shulxa,Шелуха,Husk,Шулха,2026-M08,2026,4413.0
010,Kombikorm,Комбикорм,Compound feed,Комбикорм,2026-M08,2026,4004.0
011,Oliy navli bug'doy uni,Мука пшеничная высшего сорта,High-grade wheat flour,Олий навли буғдой уни,2026-M08,2026,8972.0
0012,1-navli bug'doy uni,Мука пшеничная первого сорта,First grade wheat flour,1-навли буғдой уни,2026-M08,2026,6276.0
013,1-nav bug'doy unidan non,Хлеб пшеничный из муки 1-го сорта,Wheat bread from 1st grade flour,1-нав буғдой унидан нон,2026-M08,2026,6368.0
017,Mol go'shti,Говядина,Beef,Мол гўшти,2026-M08,2026,121459.0
0020,Qo'y go'shti,Баранина,Mutton,Қўй гўшти,2026-M08,2026,140080.0
022,Tovuq go'shti,Мясо птицы,Poultry,Товуқ гўшти,2026-M08,2026,32852.0
026,Turli baliqlar,Рыба всякая,Fish of all kinds,Турли балиқлар,2026-M08,2026,38006.0
027,Yangi sog'ilgan sut (1 litr),Молоко свежее (1 литр),Fresh milk (1 liter),Янги соғилган сут (1 литр),2026-M08,2026,8102.0
034,Tuxum (10 dona),Яйца (10 штук),Eggs (10 pieces ),Тухум (10 дона),2026-M08,2026,11005.0
035,Paxta yog'i (1 litr),Масло хлопковое (1 литр),Cottonseed oil (1 liter),Пахта ёғи (1 литр),2026-M08,2026,19808.0
0036,Kungaboqar yog'i (1 litr),Масло подсолнечное (1 литр),Sunflower oil (1 liter),Кунгабоқар ёғи (1 литр),2026-M08,2026,20651.0
037,Sariyog',Масло сливочное,Butter,Сариёғ,2026-M08,2026,73042.0
039,Limon,Лимоны,Lemons,Лимон,2026-M08,2026,47937.0
0040,Olma,Яблоки,Apples,Олма,2026-M08,2026,12629.0
041,Nok,Груши,Pears,Нок,2026-M08,2026,18833.0
049,Uzum,Виноград,Grape,Узум,2026-M08,2026,13011.0
0050,Tarvuz,Арбуз,Watermelon,Тарвуз,2026-M08,2026,3129.0
0051,Qovun,Дыня,Melon,Қовун,2026-M08,2026,4933.0
053,Mayiz,Кишмиш,Kishmish,Майиз,2026-M08,2026,54470.0
055,Karam,Капуста,Cabbage,Карам,2026-M08,2026,3816.0
057,Bodring,Огурцы,Cucumbers,Бодринг,2026-M08,2026,6781.0
058,Pomidor,Помидоры,Tomatoes,Помидор,2026-M08,2026,7516.0
059,Baqlajon,Баклажаны,Eggplant,Бақлажон,2026-M08,2026,5501.0
0060,Bulg'or qalampiri,Перец болгарский,Bell pepper,Булғор қалампири,2026-M08,2026,8055.0
061,Qovoq,Тыква,Pumpkin,Қовоқ,2026-M08,2026,4589.0
063,Sabzi,Морковь,Carrot,Сабзи,2026-M08,2026,4895.0
065,Sarimsoq,Чеснок,Garlic,Саримсоқ,2026-M08,2026,15752.0
066,Piyoz,Лук репчатый,Onion,Пиёз,2026-M08,2026,2555.0
069,Kartoshka,Картофель,Potatoes,Картошка,2026-M08,2026,4397.0
0070,Loviya,Фасоль,Beans,Ловия,2026-M08,2026,17581.0
071,No'xot,Горох,Peas,Нўхот,2026-M08,2026,18143.0
0072,Mosh,Маш,Mash,Мош,2026-M08,2026,19979.0
073,Shakar,Сахар песок,Sugar,Шакар,2026-M08,2026,13090.0
002,Kruppa yormasi,Крупа манная,Semolina,Круппа ёрмаси,2026-M08,2026,0.0
